DATE,TEAM,POINTS,HOME_AWAY,WIN_PROB,PRED_SPREAD,WON,ACTUAL_SPREAD,VEGAS_SPREAD
2020-11-26,Illinois Fighting Illini,97.0,home,0.9895494463,31.2429276043,True,59.0,43.0
2020-11-26,Chicago State Cougars,38.0,away,0.0104505537,-31.2429276043,False,-59.0,-43.0
2020-11-26,West Virginia Mountaineers,78.0,home,0.7976415923000001,9.1898289716,True,12.0,10.5
2020-11-26,VCU Rams,66.0,away,0.2023584077,-9.1898289716,False,-12.0,-3.0
2020-11-26,Utah Valley Wolverines,100.0,home,0.7714691684999999,9.2353122267,True,25.0,0.0
2020-11-26,Adams State Grizzlies,75.0,away,0.2285308315,-9.2353122267,False,-25.0,0.0
2020-11-26,North Carolina A&T Aggies,72.0,home,0.3396340597,-4.7947101673,False,-12.0,-13.5
2020-11-26,Ohio Bobcats,84.0,away,0.6603659402999998,4.7947101673,True,12.0,13.5
2020-11-26,Gonzaga Bulldogs,102.0,home,0.4924336248,-0.2036135306,True,12.0,4.0
2020-11-26,Kansas Jayhawks,90.0,away,0.5075663752,0.2036135306,False,-12.0,-4.0
2020-11-26,Memphis Tigers,69.0,home,0.5061623533,0.1824103661,False,-6.0,4.5
2020-11-26,Western Kentucky Hilltoppers,75.0,away,0.4938376467000001,-0.1824103661,True,6.0,-4.5
2020-11-26,Omaha Mavericks,60.0,home,0.3882358377,-3.1719168349,True,1.0,-2.0
2020-11-26,Middle Tennessee Blue Raiders,59.0,away,0.6117641623,3.1719168349,False,-1.0,2.0
2020-11-26,North Carolina Central Eagles,85.0,home,0.364430615,-3.5770355079,True,7.0,-2.0
2020-11-26,Southern Jaguars,78.0,away,0.635569385,3.5770355079,False,-7.0,2.0
2020-11-26,Saint Mary's Gaels,66.0,home,0.3929682125,-2.7734862297,True,2.0,-1.5
2020-11-26,Northern Iowa Panthers,64.0,away,0.6070317875,2.7734862297,False,-2.0,1.5
2020-11-26,Saint Joseph's Hawks,91.0,home,0.2023071492,-9.4043567239,False,-5.0,-7.5
2020-11-26,Auburn Tigers,96.0,away,0.7976928508000001,9.4043567239,True,5.0,7.5
2020-11-26,Xavier Musketeers,51.0,home,0.7586056324,7.5172003717,True,1.0,10.0
2020-11-26,Bradley Braves,50.0,away,0.2413943676,-7.5172003717,False,-1.0,-10.0
2020-11-27,LSU Tigers,94.0,home,0.9491892537,20.4262908999,True,13.0,29.5
2020-11-27,SIU Edwardsville Cougars,81.0,away,0.0508107463,-20.4262908999,False,-13.0,-29.5
2020-11-26,Nebraska Cornhuskers,66.0,home,0.7328167322,7.1840600649,False,-3.0,5.0
2020-11-26,Nevada Wolf Pack,69.0,away,0.2671832678,-7.1840600649,True,3.0,-5.0
2020-11-26,Howard Bison,78.0,home,0.241811772,-8.054450416,False,-17.0,-15.0
2020-11-26,Belmont Bruins,95.0,away,0.758188228,8.054450416,True,17.0,15.0
2020-11-26,Oakland Golden Grizzlies,53.0,home,0.2009041077999999,-9.1270696789,False,-27.0,-10.5
2020-11-26,Toledo Rockets,80.0,away,0.7990958922,9.1270696789,True,27.0,10.5
2020-11-26,St. John's Red Storm,82.0,home,0.8106333247999999,10.2384262874,True,17.0,10.5
2020-11-26,La Salle Explorers,65.0,away,0.1893666752,-10.2384262874,False,-17.0,-8.5
2020-11-26,East Tennessee State Buccaneers,66.0,home,0.3843482819,-3.1778054908,False,-1.0,-9.0
2020-11-26,Austin Peay Governors,67.0,away,0.6156517181,3.1778054908,True,1.0,9.0
2020-11-26,San Francisco Dons,79.0,home,0.5659982914,1.6498242313,True,11.0,7.5
2020-11-26,Towson Tigers,68.0,away,0.4340017086,-1.6498242313,False,-11.0,-7.5
2020-11-26,California Golden Bears,86.0,home,0.9603327268,22.2064194429,True,25.0,-2.0
2020-11-26,Northwest University Eagles,61.0,away,0.0396672732,-22.2064194429,False,-25.0,0.0
2020-11-26,Mississippi State Bulldogs,73.0,home,0.7156679801,5.5075134369,False,-11.0,-4.5
2020-11-26,Liberty Flames,84.0,away,0.2843320199,-5.5075134369,True,11.0,-4.5
2020-11-27,Rhode Island Rams,64.0,home,0.4687417227,-0.8363961542,False,-5.0,1.0
2020-11-27,Boston College Eagles,69.0,away,0.5312582773,0.8363961542,True,5.0,-1.0
2020-11-27,BYU Cougars,86.0,home,0.9506817037,19.8585625717,True,25.0,22.0
2020-11-27,New Orleans Privateers,61.0,away,0.0493182963,-19.8585625717,False,-25.0,-22.0
2020-11-27,George Mason Patriots,66.0,home,0.9449910599,20.0629592367,True,1.0,-3.0
2020-11-27,Queens University Royals,65.0,away,0.0550089400999999,-20.0629592367,False,-1.0,0.0
2020-11-27,Arizona State Sun Devils,74.0,home,0.2748678308,-6.6014341687,False,-9.0,-6.0
2020-11-27,Villanova Wildcats,83.0,away,0.7251321692,6.6014341687,True,9.0,6.0
2020-11-27,North Texas Mean Green,116.0,home,0.9819094823,29.7601776222,True,54.0,38.0
2020-11-27,Mississippi Valley State Delta Devils,62.0,away,0.0180905177,-29.7601776222,False,-54.0,-38.0
2020-11-27,Clemson Tigers,81.0,home,0.5291726147,0.7335791434,True,11.0,-2.5
2020-11-27,Purdue Boilermakers,70.0,away,0.4708273853,-0.7335791434,False,-11.0,2.5
2020-11-27,South Dakota State Jackrabbits,83.0,home,0.4704714861,-0.8011691068,True,24.0,1.5
2020-11-27,Utah State Aggies,59.0,away,0.5295285139,0.8011691068,False,-24.0,-3.0
2020-11-30,Campbell Fighting Camels,85.0,home,0.9471758435,19.9957087111,True,34.0,0.0
2020-11-30,St. Andrews Knights,51.0,away,0.0528241565,-19.9957087111,False,-34.0,0.0
2020-11-30,Western Carolina Catamounts,96.0,home,0.9781326066,28.9067309279,True,38.0,0.0
2020-11-30,Piedmont Lions,58.0,away,0.0218673934,-28.9067309279,False,-38.0,0.0
2020-11-30,Providence Friars,58.0,home,0.4751241389,-0.6937131312,False,-21.0,-2.0
2020-11-30,Indiana Hoosiers,79.0,away,0.5248758611,0.6937131312,True,21.0,2.0
2020-12-01,Mercer Bears,86.0,home,0.4131028042,-2.3695905392,True,17.0,-3.0
2020-12-01,Georgia State Panthers,69.0,away,0.5868971958,2.3695905392,False,-17.0,3.0
2020-12-01,Stetson Hatters,61.0,home,0.9020887950999998,15.001382595,False,-3.0,0.0
2020-12-01,Emmanuel (MA) Lions,64.0,away,0.0979112049,-15.001382595,True,3.0,0.0
2020-12-01,UNLV Rebels,51.0,home,0.1855617289,-10.3726688967,False,-27.0,-13.5
2020-12-01,North Carolina Tar Heels,78.0,away,0.8144382711,10.3726688967,True,27.0,4.0
2020-12-01,Xavier Musketeers,99.0,home,0.8084811392,10.0691607215,True,3.0,16.5
2020-12-01,Eastern Kentucky Colonels,96.0,away,0.1915188608,-10.0691607215,False,-3.0,-16.5
2020-11-30,App State Mountaineers,76.0,home,0.5903666544,2.5967167105,False,-2.0,-3.5
2020-11-30,Bowling Green Falcons,78.0,away,0.4096333456,-2.5967167105,True,2.0,3.5
2020-12-01,Tennessee Tech Golden Eagles,54.0,home,0.3194477037,-5.0793034874,False,-8.0,-7.0
2020-12-01,Chattanooga Mocs,62.0,away,0.6805522963,5.0793034874,True,8.0,7.0
2020-12-01,California Golden Bears,60.0,home,0.7890432630999998,9.2962998834,True,11.0,8.5
2020-12-01,Nicholls Colonels,49.0,away,0.2109567368999999,-9.2962998834,False,-11.0,-8.5
2020-11-30,Duquesne Dukes,66.0,home,0.8358645094,10.8118969352,False,-10.0,5.5
2020-11-30,Little Rock Trojans,76.0,away,0.1641354906,-10.8118969352,True,10.0,-5.5
2020-11-30,Davidson Wildcats,76.0,home,0.3813491545,-3.2283828999,False,-2.0,-7.5
2020-11-30,Texas Longhorns,78.0,away,0.6186508455,3.2283828999,True,2.0,7.5
2020-11-30,Seattle U Redhawks,65.0,home,0.3814882399,-3.1571326654,False,-11.0,2.0
2020-11-30,Cal State Northridge Matadors,76.0,away,0.6185117601,3.1571326654,True,11.0,-2.0
2020-11-30,Jacksonville State Gamecocks,85.0,home,0.9153465558,16.4314407615,True,19.0,0.0
2020-11-30,Mobile Rams,66.0,away,0.0846534442,-16.4314407615,False,-19.0,0.0
2020-12-01,Hofstra Pride,73.0,home,0.7120966053,6.4355526029,True,15.0,13.0
2020-12-01,Fairleigh Dickinson Knights,58.0,away,0.2879033947,-6.4355526029,False,-15.0,-13.0
2020-12-01,Minnesota Golden Gophers,67.0,home,0.7929123371,9.99550409,True,3.0,14.0
2020-12-01,Loyola Marymount Lions,64.0,away,0.2070876629,-9.99550409,False,-3.0,-14.0
2020-11-30,Boston College Eagles,93.0,home,0.4093765882,-2.6683010263,False,-4.0,2.5
2020-11-30,St. John's Red Storm,97.0,away,0.5906234118,2.6683010263,True,4.0,-2.5
2020-12-01,LSU Tigers,96.0,home,0.9437533916,18.6712751852,True,53.0,27.5
2020-12-01,SE Louisiana Lions,43.0,away,0.0562466083999999,-18.6712751852,False,-53.0,-27.5
2020-12-01,SMU Mustangs,91.0,home,0.94157226,17.4822149213,True,37.0,22.0
2020-12-01,Texas A&M-Corpus Christi Islanders,54.0,away,0.0584277399999999,-17.4822149213,False,-37.0,-22.0
2020-12-01,UCF Knights,63.0,home,0.6528247974,4.2012545417,True,8.0,1.0
2020-12-01,Auburn Tigers,55.0,away,0.3471752026,-4.2012545417,False,-8.0,-1.0
2020-12-01,Seton Hall Pirates,86.0,home,0.9156299786999998,16.7387749925,True,22.0,20.0
2020-12-01,Iona Gaels,64.0,away,0.0843700213,-16.7387749925,False,-22.0,-20.0
2020-12-01,Mississippi State Bulldogs,68.0,home,0.8830445765,13.1368098867,True,17.0,7.0
2020-12-01,Texas State Bobcats,51.0,away,0.1169554235,-13.1368098867,False,-17.0,-7.0
2020-12-01,Nevada Wolf Pack,70.0,home,0.808488337,9.1402365879,True,12.0,6.0
2020-12-01,Pacific Tigers,58.0,away,0.191511663,-9.1402365879,False,-12.0,-6.0
2020-12-01,Wyoming Cowboys,74.0,home,0.3086023356,-5.3495642849,False,-2.0,10.0
2020-12-01,Texas Southern Tigers,76.0,away,0.6913976643999998,5.3495642849,True,2.0,-10.0
2020-12-01,Kansas State Wildcats,62.0,home,0.7247214472,6.7923991405,True,4.0,9.5
2020-12-01,Kansas City Roos,58.0,away,0.2752785528,-6.7923991405,False,-4.0,-9.5
2020-12-01,Alabama Crimson Tide,64.0,home,0.516614871,0.4699491416,False,-18.0,2.5
2020-12-01,Stanford Cardinal,82.0,away,0.483385129,-0.4699491416,True,18.0,-4.0
2020-11-29,Iowa State Cyclones,80.0,home,0.9622296505,22.6639929643,True,17.0,33.0
2020-11-29,Arkansas-Pine Bluff Golden Lions,63.0,away,0.0377703495,-22.6639929643,False,-17.0,-33.0
2020-11-29,Creighton Bluejays,69.0,home,0.9787959396,23.9095903829,True,11.0,23.0
2020-11-29,North Dakota State Bison,58.0,away,0.0212040604,-23.9095903829,False,-11.0,-23.0
2020-11-29,Samford Bulldogs,76.0,home,0.7348180038999998,6.838120058,False,-2.0,7.5
2020-11-29,Alabama A&M Bulldogs,78.0,away,0.2651819961,-6.838120058,True,2.0,-7.5
2020-11-29,Morehead State Eagles,69.0,home,0.7524256057999998,7.3613094626,True,8.0,-3.0
2020-11-29,Arkansas State Red Wolves,61.0,away,0.2475743942,-7.3613094626,False,-8.0,3.0
2020-11-29,Sam Houston Bearkats,55.0,home,0.1261888679,-13.1934789575,False,-31.0,-14.0
2020-11-29,Boise State Broncos,86.0,away,0.8738111321,13.1934789575,True,31.0,14.0
2020-11-29,Air Force Falcons,45.0,home,0.3410446479,-4.1211658433,False,-18.0,2.5
2020-11-29,Seattle U Redhawks,63.0,away,0.6589553521,4.1211658433,True,18.0,-2.5
2020-11-29,Georgia Bulldogs,85.0,home,0.9619303087,21.1619909134,True,10.0,21.0
2020-11-29,Florida A&M Rattlers,75.0,away,0.0380696913,-21.1619909134,False,-10.0,-21.0
2020-11-29,Maryland Terrapins,79.0,home,0.9022776954,13.551285699,True,18.0,20.0
2020-11-29,Mount St. Mary's Mountaineers,61.0,away,0.0977223046,-13.551285699,False,-18.0,-20.0
2020-11-29,Texas A&M Aggies,82.0,home,0.8664920582,12.6983340227,True,29.0,20.5
2020-11-29,New Orleans Privateers,53.0,away,0.1335079418,-12.6983340227,False,-29.0,-20.5
2020-11-29,Rutgers Scarlet Knights,70.0,home,0.7767527017,8.5484855209,True,14.0,14.5
2020-11-29,Hofstra Pride,56.0,away,0.2232472983,-8.5484855209,False,-14.0,-14.5
2020-11-29,Arizona State Sun Devils,100.0,home,0.966920808,24.9823594755,True,23.0,35.0
2020-11-29,Houston Christian Huskies,77.0,away,0.033079192,-24.9823594755,False,-23.0,-35.0
2020-11-29,Tulsa Golden Hurricane,58.0,home,0.3857161694,-3.0793184978,False,-11.0,-3.5
2020-11-29,South Carolina Gamecocks,69.0,away,0.6142838306,3.0793184978,True,11.0,2.5
2020-11-29,Portland Pilots,74.0,home,0.901723412,15.6306927662,True,5.0,0.0
2020-11-29,Northwest University Eagles,69.0,away,0.098276588,-15.6306927662,False,-5.0,0.0
2020-11-29,Baylor Bears,86.0,home,0.8071147461,9.8551020407,True,34.0,21.0
2020-11-29,Washington Huskies,52.0,away,0.1928852539,-9.8551020407,False,-34.0,-11.5
2020-11-29,Tulane Green Wave,68.0,home,0.6616682047000001,4.4404622155,True,2.0,1.0
2020-11-29,Lipscomb Bisons,66.0,away,0.3383317953,-4.4404622155,False,-2.0,-1.0
2020-11-29,TCU Horned Frogs,56.0,home,0.6695258894,3.9842442209,True,4.0,3.5
2020-11-29,Liberty Flames,52.0,away,0.3304741106,-3.9842442209,False,-4.0,-5.0
2020-11-29,Louisiana Tech Bulldogs,91.0,home,0.8477736428,12.6167418704,True,14.0,16.0
2020-11-29,Northwestern State Demons,77.0,away,0.1522263572,-12.6167418704,False,-14.0,-16.0
2020-11-29,Kentucky Wildcats,64.0,home,0.5137254148,0.3617138517,False,-12.0,7.0
2020-11-29,Richmond Spiders,76.0,away,0.4862745852,-0.3617138517,True,12.0,-7.0
2020-11-29,Michigan Wolverines,81.0,home,0.9684018187,23.2871787485,True,10.0,31.5
2020-11-29,Oakland Golden Grizzlies,71.0,away,0.0315981813,-23.2871787485,False,-10.0,-31.5
2020-11-29,Incarnate Word Cardinals,84.0,home,0.8457260652,11.8924068521,True,13.0,0.0
2020-11-29,Our Lady Of The Lake Saints,71.0,away,0.1542739348,-11.8924068521,False,-13.0,0.0
2020-11-29,Murray State Racers,173.0,home,0.9843435904,28.9601478242,True,78.0,0.0
2020-11-29,Greenville Panthers,95.0,away,0.0156564096,-28.9601478242,False,-78.0,0.0
2020-11-29,South Alabama Jaguars,73.0,home,0.7495289295,7.1569231306,False,-4.0,3.0
2020-11-29,Jacksonville State Gamecocks,77.0,away,0.2504710705,-7.1569231306,True,4.0,-3.0
2020-11-29,Louisville Cardinals,86.0,home,0.9159224986,14.8950367482,True,22.0,26.5
2020-11-29,Prairie View A&M Panthers,64.0,away,0.0840775014,-14.8950367482,False,-22.0,-26.5
2020-11-30,Phoenix Firestorm,77.0,home,0.0290501211,-23.40232047,False,-6.0,0.0
2020-11-30,New Mexico State Aggies,83.0,away,0.9709498789,23.40232047,True,6.0,0.0
2020-11-29,Houston Cougars,64.0,home,0.4186384672,-2.1239666854,True,11.0,-3.0
2020-11-29,Texas Tech Red Raiders,53.0,away,0.5813615328,2.1239666854,False,-11.0,3.0
2020-11-30,James Madison Dukes,67.0,home,0.8960961874,14.5487693234,True,8.0,3.5
2020-11-30,Radford Highlanders,59.0,away,0.1039038125999999,-14.5487693234,False,-8.0,-3.5
2020-11-29,Rhode Island Rams,84.0,home,0.6124541812,3.0483613539,True,13.0,2.0
2020-11-29,San Francisco Dons,71.0,away,0.3875458187999999,-3.0483613539,False,-13.0,-2.0
2020-11-30,UC Santa Barbara Gauchos,92.0,home,0.9519958548000002,19.9965691267,True,37.0,0.0
2020-11-30,University of Saint Katherine Saint Katherine,55.0,away,0.0480041452,-19.9965691267,False,-37.0,0.0
2020-11-29,Miami Hurricanes,77.0,home,0.9104764257,14.8472988098,True,18.0,25.0
2020-11-29,North Florida Ospreys,59.0,away,0.0895235743,-14.8472988098,False,-18.0,-25.0
2020-11-29,Ohio State Buckeyes,74.0,home,0.9221271427,16.9857728128,True,10.0,27.0
2020-11-29,UMass Lowell River Hawks,64.0,away,0.0778728573,-16.9857728128,False,-10.0,-27.0
2020-11-30,Virginia Tech Hokies,76.0,home,0.6854267945,5.029670121,True,18.0,7.5
2020-11-30,South Florida Bulls,58.0,away,0.3145732055,-5.029670121,False,-18.0,-7.5
2020-12-01,Purdue Boilermakers,93.0,home,0.9483688208,20.2497301964,True,43.0,21.5
2020-12-01,Oakland Golden Grizzlies,50.0,away,0.0516311792,-20.2497301964,False,-43.0,-21.5
2020-12-01,BYU Cougars,53.0,home,0.6937972458,5.3885559011,False,-26.0,4.0
2020-12-01,USC Trojans,79.0,away,0.3062027542,-5.3885559011,True,26.0,-4.0
2020-12-01,Wisconsin Badgers,82.0,home,0.9779269501,28.6958149607,True,40.0,25.5
2020-12-01,Green Bay Phoenix,42.0,away,0.0220730499,-28.6958149607,False,-40.0,-25.5
2020-12-01,VMI Keydets,84.0,home,0.5549752614,1.4932181363,True,13.0,5.0
2020-12-01,Longwood Lancers,71.0,away,0.4450247386,-1.4932181363,False,-13.0,-5.0
2020-12-02,South Alabama Jaguars,86.0,home,0.9673736588,23.1077630505,True,39.0,0.0
2020-12-02,Emmanuel (MA) Lions,47.0,away,0.0326263412,-23.1077630505,False,-39.0,0.0
2020-12-01,Morgan State Bears,102.0,home,0.9564236762,22.5187430443,True,8.0,0.0
2020-12-01,Lincoln (PA) Lions,94.0,away,0.0435763238,-22.5187430443,False,-8.0,0.0
2020-12-01,Louisville Cardinals,75.0,home,0.5611287848,1.5441513849,True,21.0,4.5
2020-12-01,Western Kentucky Hilltoppers,54.0,away,0.4388712152,-1.5441513849,False,-21.0,-4.5
2020-12-02,Florida International Panthers,96.0,home,0.61930367,3.8001391154,True,20.0,4.0
2020-12-02,Central Michigan Chippewas,76.0,away,0.38069633,-3.8001391154,False,-20.0,-4.0
2020-12-01,Washington Huskies,42.0,home,0.7554373238,6.8095011678,False,-15.0,10.0
2020-12-01,UC Riverside Highlanders,57.0,away,0.2445626762,-6.8095011678,True,15.0,-10.0
2020-12-01,Hartford Hawks,53.0,home,0.037324488,-19.3649702675,False,-34.0,-26.0
2020-12-01,Villanova Wildcats,87.0,away,0.962675512,19.3649702675,True,34.0,26.0
2020-12-02,UIC Flames,66.0,home,0.5278495117,0.7660510802,True,16.0,-1.0
2020-12-02,Valparaiso Beacons,50.0,away,0.4721504883,-0.7660510802,False,-16.0,1.0
2020-12-02,Dayton Flyers,66.0,home,0.7537051021,7.3544169061,True,3.0,14.5
2020-12-02,Eastern Illinois Panthers,63.0,away,0.2462948979,-7.3544169061,False,-3.0,-14.5
2020-12-01,Stanford Cardinal,63.0,home,0.2982760117,-5.8794598874,False,-4.0,-4.0
2020-12-01,North Carolina Tar Heels,67.0,away,0.7017239883,5.8794598874,True,4.0,4.0
2020-12-01,Georgetown Hoyas,71.0,home,0.7958602403,9.539717116,False,-7.0,11.0
2020-12-01,Navy Midshipmen,78.0,away,0.2041397596999999,-9.539717116,True,7.0,-11.0
2020-12-01,Creighton Bluejays,94.0,home,0.9304721672,17.2343916401,True,27.0,21.5
2020-12-01,Omaha Mavericks,67.0,away,0.0695278328,-17.2343916401,False,-27.0,-21.5
2020-12-01,New Hampshire Wildcats,85.0,home,0.7878312212,9.6378399375,False,-8.0,2.5
2020-12-01,Bryant Bulldogs,93.0,away,0.2121687788,-9.6378399375,True,8.0,-2.5
2020-12-01,Saint Peter's Peacocks,82.0,home,0.4426477621,-1.4295634534,True,14.0,9.0
2020-12-01,Stony Brook Seawolves,68.0,away,0.5573522379,1.4295634534,False,-14.0,-9.0
2020-12-01,Virginia Cavaliers,76.0,home,0.9648281334,20.5284538076,True,25.0,23.0
2020-12-01,Saint Francis Red Flash,51.0,away,0.0351718666,-20.5284538076,False,-25.0,-23.0
2020-12-01,East Carolina Pirates,91.0,home,0.9800253794,27.3580126319,True,29.0,0.0
2020-12-01,NC Wesleyan Battling Bishops,62.0,away,0.0199746206,-27.3580126319,False,-29.0,0.0
2020-12-01,Indiana Hoosiers,44.0,home,0.4648791975,-0.9152456315,False,-22.0,2.5
2020-12-01,Texas Longhorns,66.0,away,0.5351208025,0.9152456315,True,22.0,-2.5
2020-12-02,Charleston Southern Buccaneers,63.0,home,0.4551951578000001,-1.2973290889,False,-7.0,3.0
2020-12-02,North Carolina A&T Aggies,70.0,away,0.5448048422,1.2973290889,True,7.0,-3.0
2020-12-02,Providence Friars,63.0,home,0.4814071845999999,-0.4543345794,True,1.0,1.5
2020-12-02,Davidson Wildcats,62.0,away,0.5185928154,0.4543345794,False,-1.0,-1.5
2020-12-02,Duke Blue Devils,69.0,home,0.5794795762,2.2593378829,False,-6.0,3.5
2020-12-02,Michigan State Spartans,75.0,away,0.4205204238,-2.2593378829,True,6.0,-3.5
2020-12-02,Stephen F. Austin Lumberjacks,102.0,home,0.9733074197,26.5608005228,True,45.0,0.0
2020-12-02,LeTourneau Yellow Jackets,57.0,away,0.0266925803,-26.5608005228,False,-45.0,0.0
2020-12-02,Samford Bulldogs,98.0,home,0.9335088248,19.7160621294,True,25.0,0.0
2020-12-02,Covenant Fighting Scots,73.0,away,0.0664911752,-19.7160621294,False,-25.0,0.0
2020-12-02,Marquette Golden Eagles,62.0,home,0.708829846,6.1294769075,False,-8.0,2.5
2020-12-02,Oklahoma State Cowboys,70.0,away,0.291170154,-6.1294769075,True,8.0,-2.5
2020-12-02,UNC Greensboro Spartans,67.0,home,0.6231521628,3.4308928272,False,-8.0,-1.0
2020-12-02,Winthrop Eagles,75.0,away,0.3768478372,-3.4308928272,True,8.0,-6.0
2020-12-02,George Washington Revolutionaries,78.0,home,0.8307821137000001,10.6723709614,False,-4.0,12.5
2020-12-02,Hampton Pirates,82.0,away,0.1692178863,-10.6723709614,True,4.0,-12.5
2020-12-02,Nebraska Cornhuskers,76.0,home,0.9368060626,18.4299559157,True,7.0,13.5
2020-12-02,South Dakota Coyotes,69.0,away,0.0631939374,-18.4299559157,False,-7.0,-13.5
2020-12-02,Grand Canyon Lopes,88.0,home,0.9841032867,30.1240991368,True,39.0,33.0
2020-12-02,Mississippi Valley State Delta Devils,49.0,away,0.0158967133,-30.1240991368,False,-39.0,-33.0
2020-12-02,Bradley Braves,105.0,home,0.9869841888,28.961344278,True,73.0,0.0
2020-12-02,Judson University Eagles,32.0,away,0.0130158112,-28.961344278,False,-73.0,0.0
2020-12-02,Kentucky Wildcats,62.0,home,0.3188641458,-5.4639049103,False,-3.0,-4.0
2020-12-02,Kansas Jayhawks,65.0,away,0.6811358542000001,5.4639049103,True,3.0,4.0
2020-12-02,Alabama Crimson Tide,86.0,home,0.6668548791,5.1385203172,True,12.0,11.5
2020-12-02,UNLV Rebels,74.0,away,0.3331451209,-5.1385203172,False,-12.0,-11.5
2020-12-02,Toledo Rockets,70.0,home,0.7883730929000001,8.4511497635,True,9.0,8.0
2020-12-02,Cleveland State Vikings,61.0,away,0.2116269070999999,-8.4511497635,False,-9.0,-8.0
2020-12-02,New Mexico State Aggies,92.0,home,0.9841333379,28.1598259564,True,38.0,0.0
2020-12-02,Benedictine (AZ) Redhawks,54.0,away,0.0158666621,-28.1598259564,False,-38.0,0.0
2020-12-02,Abilene Christian Wildcats,81.0,home,0.9751020037,26.259386883,True,30.0,0.0
2020-12-02,Howard Payne Yellow Jackets,51.0,away,0.0248979963,-26.259386883,False,-30.0,0.0
2020-12-02,Saint Mary's Gaels,73.0,home,0.7707039848000001,8.1356875641,True,23.0,14.0
2020-12-02,Nicholls Colonels,50.0,away,0.2292960152,-8.1356875641,False,-23.0,-14.0
2020-11-28,Duke Blue Devils,81.0,home,0.9701882812,25.2272198707,True,10.0,39.5
2020-11-28,Coppin State Eagles,71.0,away,0.0298117188,-25.2272198707,False,-10.0,-39.5
2020-11-29,Michigan State Spartans,80.0,home,0.7706008955,8.1700216624,True,10.0,9.5
2020-11-29,Notre Dame Fighting Irish,70.0,away,0.2293991045,-8.1700216624,False,-10.0,-9.5
2020-11-28,UMass Lowell River Hawks,72.0,home,0.5951530487,2.687892319,False,-10.0,-2.0
2020-11-28,Illinois State Redbirds,82.0,away,0.4048469513,-2.687892319,True,10.0,2.0
2020-11-28,Bowling Green Falcons,101.0,home,0.9382166262,19.773220492,True,23.0,26.0
2020-11-28,South Carolina State Bulldogs,78.0,away,0.0617833738,-19.773220492,False,-23.0,-26.0
2020-11-28,Queens University Royals,61.0,home,0.0423834847,-23.3187775253,False,-12.0,0.0
2020-11-28,Belmont Bruins,73.0,away,0.9576165153,23.3187775253,True,12.0,0.0
2020-11-28,Troy Trojans,50.0,home,0.5621068839,1.7914721934,False,-23.0,2.5
2020-11-28,UNC Wilmington Seahawks,73.0,away,0.4378931161,-1.7914721934,True,23.0,-2.5
2020-11-28,Jacksonville Dolphins,66.0,home,0.5687295069,1.9957955067,True,15.0,2.0
2020-11-28,Southern Miss Golden Eagles,51.0,away,0.4312704931,-1.9957955067,False,-15.0,-2.0
2020-11-28,Pittsburgh Panthers,83.0,home,0.8149593331,9.6333168735,True,9.0,10.0
2020-11-28,Drexel Dragons,74.0,away,0.1850406669,-9.6333168735,False,-9.0,-10.0
2020-11-28,Wofford Terriers,111.0,home,0.9525664101,19.6831001644,True,74.0,0.0
2020-11-28,Carver College Cougars,37.0,away,0.0474335898999999,-19.6831001644,False,-74.0,0.0
2020-11-28,Southern Utah Thunderbirds,95.0,home,0.9576292605,22.3444138828,True,48.0,0.0
2020-11-28,University of Saint Katherine Saint Katherine,47.0,away,0.0423707395,-22.3444138828,False,-48.0,0.0
2020-11-28,Portland Pilots,83.0,home,0.8671572104999999,13.983758785,True,10.0,0.0
2020-11-28,Jessup University Warriors,73.0,away,0.1328427895,-13.983758785,False,-10.0,0.0
2020-11-28,Charleston Cougars,99.0,home,0.9714059991,24.3411958924,True,40.0,0.0
2020-11-28,Limestone Saints,59.0,away,0.0285940009,-24.3411958924,False,-40.0,0.0
2020-11-28,Nebraska Cornhuskers,79.0,home,0.923333469,15.9167998809,True,22.0,9.0
2020-11-28,North Dakota State Bison,57.0,away,0.076666531,-15.9167998809,False,-22.0,-9.0
2020-11-28,Rice Owls,103.0,home,0.8749319953,14.0985211856,True,39.0,0.0
2020-11-28,Our Lady Of The Lake Saints,64.0,away,0.1250680047,-14.0985211856,False,-39.0,0.0
2020-11-28,Omaha Mavericks,58.0,home,0.4005759668,-2.7921866941,False,-12.0,-7.5
2020-11-28,Abilene Christian Wildcats,70.0,away,0.5994240332,2.7921866941,True,12.0,7.5
2020-11-28,Penn State Nittany Lions,86.0,home,0.9429997286,19.840340151,True,21.0,20.0
2020-11-28,VMI Keydets,65.0,away,0.0570002714,-19.840340151,False,-21.0,-20.0
2020-11-28,Florida Atlantic Owls,83.0,home,0.8306978378,10.8029334466,True,42.0,0.0
2020-11-28,Mobile Rams,41.0,away,0.1693021622,-10.8029334466,False,-42.0,0.0
2020-11-28,Denver Pioneers,82.0,home,0.8371639901000001,11.8556876716,True,16.0,0.0
2020-11-28,Regis (CO) REGIS UNIVERSITY,66.0,away,0.1628360099,-11.8556876716,False,-16.0,0.0
2020-11-28,Saint Louis Billikens,85.0,home,0.4507318822,-1.303402944,True,4.0,2.5
2020-11-28,LSU Tigers,81.0,away,0.5492681178,1.303402944,False,-4.0,-2.5
2020-11-28,Furman Paladins,91.0,home,0.9125644377,15.0516378542,True,28.0,18.5
2020-11-28,South Carolina Upstate Spartans,63.0,away,0.0874355623,-15.0516378542,False,-28.0,-18.5
2020-11-28,Saint Francis Red Flash,65.0,home,0.4779248141,-0.6104115961,False,-15.0,2.5
2020-11-28,UMBC Retrievers,80.0,away,0.5220751859,0.6104115961,True,15.0,-2.5
2020-11-28,Navy Midshipmen,73.0,home,0.5477429842,1.140620068,True,6.0,2.0
2020-11-28,Mount St. Mary's Mountaineers,67.0,away,0.4522570158,-1.140620068,False,-6.0,-2.0
2020-11-28,Texas A&M-Corpus Christi Islanders,63.0,home,0.4629072418,-0.9887603052,False,-12.0,-7.0
2020-11-28,Texas State Bobcats,75.0,away,0.5370927582,0.9887603052,True,12.0,7.0
2020-11-28,Howard Bison,70.0,home,0.2096787262,-8.3787137502,False,-14.0,-16.0
2020-11-28,George Mason Patriots,84.0,away,0.7903212738,8.3787137502,True,14.0,16.0
2020-11-28,Georgia Southern Eagles,91.0,home,0.8569391679999999,12.7514957157,True,12.0,0.0
2020-11-28,Coastal Georgia Mariner,79.0,away,0.143060832,-12.7514957157,False,-12.0,0.0
2020-11-28,Wyoming Cowboys,97.0,home,0.8802235703,15.9819120854,True,36.0,32.0
2020-11-28,Mississippi Valley State Delta Devils,61.0,away,0.1197764296999999,-15.9819120854,False,-36.0,-32.0
2020-11-28,UAB Blazers,84.0,home,0.8836738059,14.4731087308,True,25.0,18.5
2020-11-28,SE Louisiana Lions,59.0,away,0.1163261941,-14.4731087308,False,-25.0,-18.5
2020-11-28,Cal State Northridge Matadors,61.0,home,0.7707888762,8.6002804163,False,-5.0,-3.5
2020-11-28,Air Force Falcons,66.0,away,0.2292111238,-8.6002804163,True,5.0,3.5
2020-11-28,Army Black Knights,78.0,home,0.1772013383,-10.4805689155,True,4.0,-11.0
2020-11-28,Buffalo Bulls,74.0,away,0.8227986617,10.4805689155,False,-4.0,11.0
2020-11-28,UT Rio Grande Valley Vaqueros,81.0,home,0.5742574487,2.3695850185,True,17.0,-6.0
2020-11-28,UTSA Roadrunners,64.0,away,0.4257425513,-2.3695850185,False,-17.0,6.0
2020-11-28,Coastal Carolina Chanticleers,117.0,home,0.9219229337,19.4848245605,True,49.0,0.0
2020-11-28,NC Wesleyan Battling Bishops,68.0,away,0.0780770663,-19.4848245605,False,-49.0,0.0
2020-11-28,Lamar Cardinals,73.0,home,0.4691261097,-0.846233939,False,-3.0,-9.0
2020-11-28,Lipscomb Bisons,76.0,away,0.5308738903,0.846233939,True,3.0,9.0
2020-11-28,Liberty Flames,78.0,home,0.2940092108,-5.6422590927,True,16.0,-7.5
2020-11-28,South Carolina Gamecocks,62.0,away,0.7059907891999999,5.6422590927,False,-16.0,7.5
2020-11-28,UT Arlington Mavericks,80.0,home,0.6029834927,3.2818828336,True,9.0,8.0
2020-11-28,Northwestern State Demons,71.0,away,0.3970165073,-3.2818828336,False,-9.0,-8.0
2020-11-28,Kennesaw State Owls,106.0,home,0.7439772825,7.7519272039,True,62.0,0.0
2020-11-28,Toccoa Falls Eagles,44.0,away,0.2560227175,-7.7519272039,False,-62.0,0.0
2020-11-28,South Florida Bulls,68.0,home,0.5001905245,0.005338807,False,-16.0,-2.0
2020-11-28,Rhode Island Rams,84.0,away,0.4998094755,-0.005338807,True,16.0,2.0
2020-11-28,UNC Asheville Bulldogs,81.0,home,0.4673961351,-1.0095014921,False,-2.0,-2.0
2020-11-28,Western Carolina Catamounts,83.0,away,0.5326038649,1.0095014921,True,2.0,2.0
2020-11-28,Elon Phoenix,76.0,home,0.7136960448,5.7597814482,True,1.0,7.5
2020-11-28,High Point Panthers,75.0,away,0.2863039552,-5.7597814482,False,-1.0,-7.5
2020-11-28,Kansas City Roos,66.0,home,0.7177579691,6.4984390327,False,-5.0,6.5
2020-11-28,Southeast Missouri State Redhawks,71.0,away,0.2822420309,-6.4984390327,True,5.0,-6.5
2020-11-28,UC Davis Aggies,70.0,home,0.6803416498,5.249026532,True,9.0,9.0
2020-11-28,Idaho State Bengals,61.0,away,0.3196583502,-5.249026532,False,-9.0,-9.0
2020-11-28,Minnesota Golden Gophers,88.0,home,0.789870088,9.5716247055,True,15.0,15.0
2020-11-28,Loyola Marymount Lions,73.0,away,0.210129912,-9.5716247055,False,-15.0,-15.0
2020-11-28,Arkansas Razorbacks,69.0,home,0.7080947542,6.006999122,True,15.0,8.0
2020-11-28,North Texas Mean Green,54.0,away,0.2919052458,-6.006999122,False,-15.0,-8.0
2020-11-29,Norfolk State Spartans,57.0,home,0.8337523097,10.1172553845,True,3.0,2.5
2020-11-29,Radford Highlanders,54.0,away,0.1662476903,-10.1172553845,False,-3.0,-2.5
2020-11-29,Baylor Bears,112.0,home,0.9642957002,22.1943047774,True,30.0,21.0
2020-11-29,Louisiana Ragin' Cajuns,82.0,away,0.0357042998,-22.1943047774,False,-30.0,-21.0
2020-11-29,SIU Edwardsville Cougars,80.0,home,0.7773951815,9.0085876336,True,35.0,0.0
2020-11-29,Health Sciences & Pharmacy Eutectics,45.0,away,0.2226048184999999,-9.0085876336,False,-35.0,0.0
2020-11-29,Old Dominion Monarchs,86.0,home,0.8901289592,13.6572448129,True,8.0,13.0
2020-11-29,William & Mary Tribe,78.0,away,0.1098710408,-13.6572448129,False,-8.0,-13.0
2020-11-29,UIC Flames,74.0,home,0.4792588015,-0.574794517,True,2.0,2.0
2020-11-29,Central Michigan Chippewas,72.0,away,0.5207411985,0.574794517,False,-2.0,-2.0
2020-11-29,Grand Canyon Lopes,94.0,home,0.9722789639,24.8033334099,True,31.0,0.0
2020-11-29,Benedictine (AZ) Redhawks,63.0,away,0.0277210361,-24.8033334099,False,-31.0,0.0
2020-11-29,Santa Clara Broncos,73.0,home,0.7731977844,8.9739971121,True,16.0,3.5
2020-11-29,Nicholls Colonels,57.0,away,0.2268022156,-8.9739971121,False,-16.0,-3.5
2020-11-29,TCU Horned Frogs,70.0,home,0.627465645,3.0873652328,True,5.0,3.5
2020-11-29,Tulsa Golden Hurricane,65.0,away,0.3725343549999999,-3.0873652328,False,-5.0,-3.5
2020-11-29,Oral Roberts Golden Eagles,93.0,home,0.9286833301,19.1008427408,True,30.0,0.0
2020-11-29,Rogers State Hillcats,63.0,away,0.0713166699,-19.1008427408,False,-30.0,0.0
2020-11-29,Oklahoma State Cowboys,85.0,home,0.8037603618,9.8035058117,True,20.0,19.5
2020-11-29,Texas Southern Tigers,65.0,away,0.1962396382,-9.8035058117,False,-20.0,-19.5
2020-11-29,USC Trojans,76.0,home,0.8103793978,9.5504511212,True,14.0,11.5
2020-11-29,Montana Grizzlies,62.0,away,0.1896206022,-9.5504511212,False,-14.0,-11.5
2020-11-29,Villanova Wildcats,73.0,home,0.7725297248000002,7.6849547701,False,-8.0,9.5
2020-11-29,Virginia Tech Hokies,81.0,away,0.2274702752,-7.6849547701,True,8.0,-9.5
2020-11-29,BYU Cougars,82.0,home,0.9686465667,22.8073751441,True,22.0,19.5
2020-11-29,Utah Valley Wolverines,60.0,away,0.0313534333,-22.8073751441,False,-22.0,-19.5
2020-11-29,UC Irvine Anteaters,135.0,home,0.9464852271,21.0722009352,True,80.0,0.0
2020-11-29,Bethesda University Flames,55.0,away,0.0535147729,-21.0722009352,False,-80.0,0.0
2020-11-29,Washington State Cougars,71.0,home,0.5871984325,2.4637973676,True,3.0,5.5
2020-11-29,Eastern Washington Eagles,68.0,away,0.4128015675,-2.4637973676,False,-3.0,-5.5
2020-12-02,South Carolina Upstate Spartans,78.0,home,0.1775119256,-11.5047200358,False,-17.0,-7.5
2020-12-02,Eastern Kentucky Colonels,95.0,away,0.8224880744,11.5047200358,True,17.0,7.5
2020-12-03,Oregon Ducks,75.0,home,0.6140378228,3.010540761,False,-8.0,3.5
2020-12-03,Missouri Tigers,83.0,away,0.3859621772,-3.010540761,True,8.0,-3.5
2020-12-02,Pacific Tigers,74.0,home,0.5479497079,1.2611024976,True,4.0,5.0
2020-12-02,Montana State Bobcats,70.0,away,0.4520502921,-1.2611024976,False,-4.0,-5.0
2020-12-02,BYU Cougars,74.0,home,0.5733682402,2.183758486,True,6.0,1.5
2020-12-02,St. John's Red Storm,68.0,away,0.4266317598,-2.183758486,False,-6.0,-1.5
2020-12-02,Stanford Cardinal,63.0,home,0.3448668117,-4.1177395586,False,-16.0,2.0
2020-12-02,Indiana Hoosiers,79.0,away,0.6551331883,4.1177395586,True,16.0,-2.0
2020-12-03,Michigan Wolverines,84.0,home,0.8983064665,14.3780192801,True,19.0,15.5
2020-12-03,Ball State Cardinals,65.0,away,0.1016935335,-14.3780192801,False,-19.0,-15.5
2020-12-02,Duquesne Dukes,81.0,home,0.5795690868,2.141951713,True,13.0,1.0
2020-12-02,UNC Greensboro Spartans,68.0,away,0.4204309131999999,-2.141951713,False,-13.0,-1.0
2020-12-02,Illinois State Redbirds,177.0,home,0.953431789,21.9420170215,True,69.0,0.0
2020-12-02,Greenville Panthers,108.0,away,0.046568211,-21.9420170215,False,-69.0,0.0
2020-12-03,Gonzaga Bulldogs,87.0,home,0.5848242711,2.3567935258,True,5.0,8.5
2020-12-03,West Virginia Mountaineers,82.0,away,0.4151757289,-2.3567935258,False,-5.0,-8.5
2020-12-02,Kent State Golden Flashes,90.0,home,0.936246936,18.8173611699,True,49.0,0.0
2020-12-02,Point Park Pioneers,41.0,away,0.063753064,-18.8173611699,False,-49.0,0.0
2020-12-03,Central Michigan Chippewas,73.0,home,0.9419168981,20.942779124,False,-19.0,0.0
2020-12-03,Flagler Saints,92.0,away,0.0580831019,-20.942779124,True,19.0,0.0
2020-12-02,North Carolina Tar Heels,67.0,home,0.5109831066,0.3028170567,False,-2.0,-1.0
2020-12-02,Texas Longhorns,69.0,away,0.4890168934,-0.3028170567,True,2.0,1.0
2020-12-02,South Florida Bulls,76.0,home,0.8296711325,9.9100148237,True,19.0,11.5
2020-12-02,Florida Gulf Coast Eagles,57.0,away,0.1703288674999999,-9.9100148237,False,-19.0,-11.5
2020-12-02,Cincinnati Bearcats,67.0,home,0.8476201436,10.8941671998,True,12.0,14.5
2020-12-02,Lipscomb Bisons,55.0,away,0.1523798564,-10.8941671998,False,-12.0,-14.5
2020-12-02,Florida Gators,76.0,home,0.9330448898,16.5564795338,True,7.0,23.0
2020-12-02,Army Black Knights,69.0,away,0.0669551102,-16.5564795338,False,-7.0,-23.0
2020-12-03,Florida State Seminoles,86.0,home,0.9027864009,14.4660464281,True,28.0,25.5
2020-12-03,North Florida Ospreys,58.0,away,0.0972135991,-14.4660464281,False,-28.0,-25.5
2020-12-02,Clemson Tigers,75.0,home,0.9832109886,30.3901425362,True,37.0,34.5
2020-12-02,South Carolina State Bulldogs,38.0,away,0.0167890114,-30.3901425362,False,-37.0,-34.5
2020-12-02,Ohio State Buckeyes,77.0,home,0.9362751904,17.2063678659,True,33.0,24.5
2020-12-02,Morehead State Eagles,44.0,away,0.0637248096,-17.2063678659,False,-33.0,-24.5
2020-12-03,Georgia Bulldogs,84.0,home,0.9865528871,31.4182391702,True,22.0,0.0
2020-12-03,North Georgia Saints,62.0,away,0.0134471129,-31.4182391702,False,-22.0,0.0
2020-12-02,Penn State Nittany Lions,72.0,home,0.7642680702,7.9121340583,True,3.0,4.5
2020-12-02,VCU Rams,69.0,away,0.2357319298,-7.9121340583,False,-3.0,-4.5
2020-12-03,Iowa State Cyclones,68.0,home,0.7575415071,7.3338129129,False,-3.0,1.5
2020-12-03,South Dakota State Jackrabbits,71.0,away,0.2424584929,-7.3338129129,True,3.0,-1.5
2020-12-03,Alabama Crimson Tide,88.0,home,0.4265606139,-2.0936083352,True,17.0,3.0
2020-12-03,Providence Friars,71.0,away,0.5734393861,2.0936083352,False,-17.0,-3.0
2020-12-03,Jacksonville Dolphins,78.0,home,0.8792102573,13.6053687173,True,13.0,10.0
2020-12-03,Presbyterian Blue Hose,65.0,away,0.1207897427,-13.6053687173,False,-13.0,-10.0
2020-12-03,Furman Paladins,89.0,home,0.9838555244,29.9026953635,True,40.0,0.0
2020-12-03,Southern Wesleyan Warriors,49.0,away,0.0161444756,-29.9026953635,False,-40.0,0.0
2020-12-03,Fairfield Stags,61.0,home,0.6344163346,3.4246632609,False,-5.0,3.0
2020-12-03,Hartford Hawks,66.0,away,0.3655836653999999,-3.4246632609,True,5.0,-3.0
2020-12-03,Wichita State Shockers,85.0,home,0.7449516596,7.3103698302,True,5.0,10.0
2020-12-03,Oral Roberts Golden Eagles,80.0,away,0.2550483404,-7.3103698302,False,-5.0,-10.0
2020-12-03,McNeese Cowboys,140.0,home,0.9273372313,18.5812806365,True,103.0,0.0
2020-12-03,Dallas Christian Crusaders,37.0,away,0.0726627687,-18.5812806365,False,-103.0,0.0
2020-12-03,Northern Illinois Huskies,53.0,home,0.7409999042,6.676526028,False,-20.0,9.0
2020-12-03,SIU Edwardsville Cougars,73.0,away,0.2590000958,-6.676526028,True,20.0,-9.0
2020-12-03,UT Martin Skyhawks,93.0,home,0.4979362169,-0.0536019625,True,6.0,-3.5
2020-12-03,Evansville Purple Aces,87.0,away,0.5020637831,0.0536019625,False,-6.0,3.5
2020-12-03,Texas A&M Aggies,73.0,home,0.9675696669,25.2467608299,True,7.0,25.5
2020-12-03,Tarleton State Texans,66.0,away,0.0324303331,-25.2467608299,False,-7.0,-25.5
2020-12-03,Rhode Island Rams,76.0,home,0.3943909704,-3.0348363143,True,13.0,-2.0
2020-12-03,Seton Hall Pirates,63.0,away,0.6056090296,3.0348363143,False,-13.0,2.0
2020-12-03,Xavier Musketeers,79.0,home,0.9375195578,18.727779538,True,31.0,23.0
2020-12-03,Tennessee Tech Golden Eagles,48.0,away,0.0624804422,-18.727779538,False,-31.0,-13.0
2020-12-03,UAB Blazers,73.0,home,0.9451184549,19.2134171853,True,25.0,25.0
2020-12-03,Kennesaw State Owls,48.0,away,0.0548815451,-19.2134171853,False,-25.0,-25.0
2020-12-03,Utah Valley Wolverines,79.0,home,0.8969857168,15.9362634172,True,8.0,0.0
2020-12-03,Westminster (UT) Griffins,71.0,away,0.1030142832,-15.9362634172,False,-8.0,0.0
2020-12-03,Quinnipiac Bobcats,48.0,home,0.3027775122,-5.3538736739,False,-18.0,-7.0
2020-12-03,Drexel Dragons,66.0,away,0.6972224878,5.3538736739,True,18.0,7.0
2020-12-03,Southern Miss Golden Eagles,80.0,home,0.9511710313,20.1951450427,True,27.0,0.0
2020-12-03,William Carey Crusaders,53.0,away,0.0488289687,-20.1951450427,False,-27.0,0.0
2020-12-03,Southeast Missouri State Redhawks,79.0,home,0.5789740367,1.9703979705,False,-8.0,-4.0
2020-12-03,Southern Illinois Salukis,87.0,away,0.4210259633,-1.9703979705,True,8.0,4.0
2020-12-03,Norfolk State Spartans,66.0,home,0.4736521327,-0.6809395153,False,-14.0,-7.0
2020-12-03,Old Dominion Monarchs,80.0,away,0.5263478673,0.6809395153,True,14.0,7.0
2020-12-03,Middle Tennessee Blue Raiders,78.0,home,0.3755231186,-4.7805856083,True,17.0,-8.0
2020-12-03,Murray State Racers,61.0,away,0.6244768814,4.7805856083,False,-17.0,8.0
2020-12-03,SMU Mustangs,102.0,home,0.9512011213,21.6886968177,True,27.0,32.0
2020-12-03,Houston Christian Huskies,75.0,away,0.0487988787,-21.6886968177,False,-27.0,-32.0
2020-12-03,UT Rio Grande Valley Vaqueros,62.0,home,0.6813190405,5.042959707,True,3.0,9.5
2020-12-03,Texas A&M-Corpus Christi Islanders,59.0,away,0.3186809595,-5.042959707,False,-3.0,-9.5
2020-12-03,Memphis Tigers,83.0,home,0.9533696037,19.8882057655,True,29.0,20.5
2020-12-03,Arkansas State Red Wolves,54.0,away,0.0466303963,-19.8882057655,False,-29.0,-20.5
2020-12-03,New Orleans Privateers,63.0,home,0.6394278751,4.4752538983,False,-3.0,-6.5
2020-12-03,Louisiana Ragin' Cajuns,66.0,away,0.3605721248999999,-4.4752538983,True,3.0,6.5
2020-12-03,Utah Tech Trailblazers,74.0,home,0.2465061837,-6.9170917134,True,1.0,-3.0
2020-12-03,North Dakota Fighting Hawks,73.0,away,0.7534938163,6.9170917134,False,-1.0,3.0
2020-12-03,Nevada Wolf Pack,60.0,home,0.619587384,3.2899718165,False,-25.0,3.0
2020-12-03,San Francisco Dons,85.0,away,0.380412616,-3.2899718165,True,25.0,-3.0
2020-12-03,Northwestern Wildcats,92.0,home,0.9326093508,17.6204444915,True,43.0,28.5
2020-12-03,Arkansas-Pine Bluff Golden Lions,49.0,away,0.0673906492,-17.6204444915,False,-43.0,-28.5
2020-12-03,California Baptist Lancers,80.0,home,0.6988441324,5.7285864647,False,-1.0,9.5
2020-12-03,SE Louisiana Lions,81.0,away,0.3011558676,-5.7285864647,True,1.0,-9.5
2020-12-03,UC Irvine Anteaters,104.0,home,0.9756090447,27.243551035,True,50.0,0.0
2020-12-03,La Sierra Golden Eagles,54.0,away,0.0243909553,-27.243551035,False,-50.0,0.0
2020-12-03,Baylor Bears,82.0,home,0.6236344961,3.4636857112,True,13.0,5.0
2020-12-03,Illinois Fighting Illini,69.0,away,0.3763655039,-3.4636857112,False,-13.0,-5.0
2020-12-03,UNLV Rebels,73.0,home,0.2285694423999999,-7.2337181016,False,-4.0,-7.0
2020-12-03,Davidson Wildcats,77.0,away,0.7714305576,7.2337181016,True,4.0,7.0
2020-12-03,Washington State Cougars,59.0,home,0.3561628042,-3.871783847,True,4.0,-2.5
2020-12-03,Oregon State Beavers,55.0,away,0.6438371958000001,3.871783847,False,-4.0,2.5
2020-12-03,Arkansas Razorbacks,72.0,home,0.9045710815,16.4487607347,True,12.0,14.0
2020-12-03,UT Arlington Mavericks,60.0,away,0.0954289185,-16.4487607347,False,-12.0,-14.0
2020-12-03,Wyoming Cowboys,94.0,home,0.6722515867,4.3002892551,True,11.0,17.0
2020-12-03,Incarnate Word Cardinals,83.0,away,0.3277484133,-4.3002892551,False,-11.0,-17.0
2020-12-03,Santa Clara Broncos,53.0,home,0.7655911004000001,7.6784753994,True,6.0,0.0
2020-12-03,Cal State Bakersfield Roadrunners,47.0,away,0.2344088996,-7.6784753994,False,-6.0,0.0
2020-12-03,San Diego State Aztecs,83.0,home,0.9942698428,34.8129855613,True,42.0,0.0
2020-12-03,University of Saint Katherine Saint Katherine,41.0,away,0.0057301572,-34.8129855613,False,-42.0,0.0
2020-11-27,UCLA Bruins,107.0,home,0.5590695202,1.5004738343,True,9.0,6.5
2020-11-27,Pepperdine Waves,98.0,away,0.4409304798,-1.5004738343,False,-9.0,-6.5
2020-11-27,San Francisco Dons,61.0,home,0.1122451501,-12.0543908577,True,1.0,-15.0
2020-11-27,Virginia Cavaliers,60.0,away,0.8877548499,12.0543908577,False,-1.0,15.0
2020-11-27,Middle Tennessee Blue Raiders,43.0,home,0.5998245612,2.6465341297,False,-14.0,-1.0
2020-11-27,East Tennessee State Buccaneers,57.0,away,0.4001754388,-2.6465341297,True,14.0,1.0
2020-11-27,Iowa Hawkeyes,103.0,home,0.9717605198,24.1349684662,True,27.0,26.5
2020-11-27,Southern Jaguars,76.0,away,0.0282394802,-24.1349684662,False,-27.0,-26.5
2020-11-28,Wisconsin Badgers,92.0,home,0.974412833,23.9386501862,True,34.0,37.0
2020-11-28,Arkansas-Pine Bluff Golden Lions,58.0,away,0.025587167,-23.9386501862,False,-34.0,-37.0
2020-11-27,Florida Atlantic Owls,50.0,home,0.4391170111,-1.5656921973,False,-10.0,2.5
2020-11-27,Jacksonville State Gamecocks,60.0,away,0.5608829889,1.5656921973,True,10.0,-2.5
2020-11-27,Xavier Musketeers,76.0,home,0.8285820888,10.0729387298,True,3.0,9.0
2020-11-27,Toledo Rockets,73.0,away,0.1714179112,-10.0729387298,False,-3.0,-9.0
2020-11-27,Texas Tech Red Raiders,84.0,home,0.9821967958,28.9425195626,True,32.0,29.5
2020-11-27,Sam Houston Bearkats,52.0,away,0.0178032042,-28.9425195626,False,-32.0,-29.5
2020-11-27,Oregon State Beavers,114.0,home,0.9617412832,22.4378296953,True,72.0,0.0
2020-11-27,Northwest University Eagles,42.0,away,0.0382587168,-22.4378296953,False,-72.0,0.0
2020-11-27,Central Connecticut Blue Devils,57.0,home,0.4717688204,-0.7361757099,False,-22.0,7.5
2020-11-27,Army Black Knights,79.0,away,0.5282311796,0.7361757099,True,22.0,-7.5
2020-11-27,Illinois Fighting Illini,77.0,home,0.8442390309,11.4230472973,True,2.0,16.0
2020-11-27,Ohio Bobcats,75.0,away,0.1557609691,-11.4230472973,False,-2.0,-16.0
2020-11-27,Gonzaga Bulldogs,90.0,home,0.8687534137,13.710872173,True,23.0,17.5
2020-11-27,Auburn Tigers,67.0,away,0.1312465863,-13.710872173,False,-23.0,-17.5
2020-11-27,Prairie View A&M Panthers,64.0,home,0.6398936091,3.7210722534,True,3.0,2.5
2020-11-27,Evansville Purple Aces,61.0,away,0.3601063909000001,-3.7210722534,False,-3.0,-2.5
2020-11-27,Tulane Green Wave,66.0,home,0.6950451071,5.6674535075,True,9.0,10.0
2020-11-27,Lamar Cardinals,57.0,away,0.3049548929,-5.6674535075,False,-9.0,-10.0
2020-11-27,James Madison Dukes,73.0,home,0.6913649104000001,5.6011636551,False,-10.0,4.5
2020-11-27,Norfolk State Spartans,83.0,away,0.3086350896,-5.6011636551,True,10.0,-4.5
2020-11-27,Florida International Panthers,82.0,home,0.9058597089,18.0745954547,True,7.0,0.0
2020-11-27,Flagler Saints,75.0,away,0.0941402911,-18.0745954547,False,-7.0,0.0
2020-11-27,Charleston Southern Buccaneers,50.0,home,0.214066562,-9.6488098648,False,-10.0,-6.0
2020-11-27,Eastern Kentucky Colonels,60.0,away,0.785933438,9.6488098648,True,10.0,6.0
2020-11-27,West Virginia Mountaineers,70.0,home,0.5837136603,2.4125884889,True,6.0,5.0
2020-11-27,Western Kentucky Hilltoppers,64.0,away,0.4162863397,-2.4125884889,False,-6.0,-5.0
2020-11-27,Troy Trojans,66.0,home,0.2396844763,-8.2090792085,True,2.0,-8.5
2020-11-27,Western Carolina Catamounts,64.0,away,0.7603155237,8.2090792085,False,-2.0,8.5
2020-11-28,Rutgers Scarlet Knights,96.0,home,0.8606592594,12.0858404011,True,21.0,26.0
2020-11-28,Fairleigh Dickinson Knights,75.0,away,0.1393407406,-12.0858404011,False,-21.0,-26.0
2020-11-27,Kansas Jayhawks,94.0,home,0.9518044792,21.2942291042,True,22.0,20.5
2020-11-27,Saint Joseph's Hawks,72.0,away,0.0481955208,-21.2942291042,False,-22.0,-20.5
2020-11-27,Belmont Bruins,77.0,home,0.4774892945,-0.5860015473,True,10.0,3.0
2020-11-27,George Mason Patriots,67.0,away,0.5225107055,0.5860015473,False,-10.0,-3.0
2020-11-27,Bradley Braves,74.0,home,0.8923435713,13.2247954847,True,14.0,15.5
2020-11-27,Oakland Golden Grizzlies,60.0,away,0.1076564287,-13.2247954847,False,-14.0,-15.5
2020-11-27,Maryland Terrapins,82.0,home,0.8670998689,11.8525337661,True,30.0,16.5
2020-11-27,Navy Midshipmen,52.0,away,0.1329001311,-11.8525337661,False,-30.0,-16.5
2020-11-27,UNC Asheville Bulldogs,68.0,home,0.7768682792,8.7241820729,False,-8.0,5.5
2020-11-27,UNC Wilmington Seahawks,76.0,away,0.2231317208,-8.7241820729,True,8.0,-5.5
2020-11-27,Charlotte 49ers,57.0,home,0.4694541735,-0.7952519287,False,-9.0,0.0
2020-11-27,East Carolina Pirates,66.0,away,0.5305458265,0.7952519287,True,9.0,0.0
2020-11-27,Incarnate Word Cardinals,53.0,home,0.3903417354,-3.0214431239,False,-15.0,-4.5
2020-11-27,Rice Owls,68.0,away,0.6096582646,3.0214431239,True,15.0,4.5
2020-11-27,Abilene Christian Wildcats,80.0,home,0.4646090392,-0.9730911737,True,8.0,-2.0
2020-11-27,Austin Peay Governors,72.0,away,0.5353909608,0.9730911737,False,-8.0,2.0
2020-11-27,Drake Bulldogs,69.0,home,0.8904195448,13.6191618869,True,16.0,9.5
2020-11-27,South Dakota Coyotes,53.0,away,0.1095804551999999,-13.6191618869,False,-16.0,-9.5
2020-11-27,Chicago State Cougars,44.0,home,0.1266974374,-13.7810925299,False,-30.0,-11.5
2020-11-27,North Carolina A&T Aggies,74.0,away,0.8733025625999999,13.7810925299,True,30.0,11.5
2020-11-27,Seattle U Redhawks,77.0,home,0.8454726748,12.5351739849,True,24.0,0.0
2020-11-27,Jessup University Warriors,53.0,away,0.1545273252,-12.5351739849,False,-24.0,0.0
2020-11-27,Houston Cougars,68.0,home,0.8560439701999999,11.7127226637,True,10.0,12.5
2020-11-27,Boise State Broncos,58.0,away,0.1439560298,-11.7127226637,False,-10.0,-12.5
2020-11-27,Syracuse Orange,85.0,home,0.9845074219,27.0303916703,True,1.0,22.5
2020-11-27,Bryant Bulldogs,84.0,away,0.0154925780999999,-27.0303916703,False,-1.0,-22.5
2020-11-27,La Salle Explorers,51.0,home,0.7626855192,7.9160367096,False,-11.0,-2.0
2020-11-27,Saint Peter's Peacocks,62.0,away,0.2373144808,-7.9160367096,True,11.0,2.0
2020-11-27,Louisville Cardinals,71.0,home,0.5238567069,0.603125293,True,1.0,6.0
2020-11-27,Seton Hall Pirates,70.0,away,0.4761432931,-0.603125293,False,-1.0,-6.0
2020-11-27,Northern Iowa Panthers,71.0,home,0.6161266271,3.1288126112,False,-11.0,3.0
2020-11-27,Utah State Aggies,82.0,away,0.3838733728999999,-3.1288126112,True,11.0,-3.0
2020-11-27,Georgia State Panthers,105.0,home,0.9683095952,25.6824298001,True,45.0,0.0
2020-11-27,Toccoa Falls Eagles,60.0,away,0.0316904048,-25.6824298001,False,-45.0,0.0
2020-11-27,UTSA Roadrunners,97.0,home,0.8683193741,14.0120044875,True,26.0,0.0
2020-11-27,Texas Permian Basin Falcons,71.0,away,0.1316806259,-14.0120044875,False,-26.0,0.0
2020-11-27,Marshall Thundering Herd,70.0,home,0.9414263011,19.2978004424,True,14.0,14.0
2020-11-27,Arkansas State Red Wolves,56.0,away,0.0585736989,-19.2978004424,False,-14.0,-14.0
2020-11-27,Santa Clara Broncos,66.0,home,0.8124547895,9.9710308709,True,3.0,7.5
2020-11-27,UC Davis Aggies,63.0,away,0.1875452105,-9.9710308709,False,-3.0,-7.5
2020-11-27,Queens University Royals,85.0,home,0.1889586648,-10.7635113699,True,14.0,0.0
2020-11-27,Howard Bison,71.0,away,0.8110413352000001,10.7635113699,False,-14.0,0.0
2020-11-27,Kansas City Roos,138.0,home,0.8877841471,13.331354031,True,41.0,0.0
2020-11-27,Greenville Panthers,97.0,away,0.1122158529,-13.331354031,False,-41.0,0.0
2020-11-27,Towson Tigers,65.0,home,0.4078528772,-2.3744853901,False,-9.0,-8.0
2020-11-27,Buffalo Bulls,74.0,away,0.5921471228,2.3744853901,True,9.0,8.0
2020-11-27,App State Mountaineers,105.0,home,0.9264356804,18.5513711514,True,82.0,0.0
2020-11-27,Carver College Cougars,23.0,away,0.0735643196,-18.5513711514,False,-82.0,0.0
2020-11-27,Saint Mary's Gaels,72.0,home,0.4913566431999999,-0.2173456661,True,13.0,-1.5
2020-11-27,South Dakota State Jackrabbits,59.0,away,0.5086433568,0.2173456661,False,-13.0,1.5
2020-11-27,Arizona Wildcats,74.0,home,0.922557669,16.5150101067,True,19.0,27.0
2020-11-27,Grambling Tigers,55.0,away,0.077442331,-16.5150101067,False,-19.0,-27.0
2020-11-27,Richmond Spiders,82.0,home,0.9039274868,14.7054793592,True,18.0,21.0
2020-11-27,Morehead State Eagles,64.0,away,0.0960725132,-14.7054793592,False,-18.0,-21.0
2020-11-28,San Diego State Aztecs,77.0,home,0.8650150968,11.546917521,True,19.0,12.5
2020-11-28,UC Irvine Anteaters,58.0,away,0.1349849032,-11.546917521,False,-19.0,-12.5
2020-11-27,NC State Wolfpack,86.0,home,0.9360388412,19.1697415549,True,35.0,20.0
2020-11-27,North Florida Ospreys,51.0,away,0.0639611588,-19.1697415549,False,-35.0,-20.0
2020-11-28,Vanderbilt Commodores,77.0,home,0.8547800758000001,11.9039396147,True,6.0,6.0
2020-11-28,Valparaiso Beacons,71.0,away,0.1452199242,-11.9039396147,False,-6.0,-6.0
2020-11-28,Idaho State Bengals,51.0,home,0.3222557381,-5.000783586,False,-19.0,-9.0
2020-11-28,Nicholls Colonels,70.0,away,0.6777442619,5.000783586,True,19.0,7.0
2020-11-28,Cal Poly Mustangs,100.0,home,0.837961613,11.6448251961,True,54.0,0.0
2020-11-28,Bethesda University Flames,46.0,away,0.162038387,-11.6448251961,False,-54.0,0.0
2020-11-28,South Alabama Jaguars,95.0,home,0.9281500509,17.3115033009,True,20.0,0.0
2020-11-28,Mobile Rams,75.0,away,0.0718499491,-17.3115033009,False,-20.0,0.0
2020-11-28,Little Rock Trojans,70.0,home,0.2248516455,-8.1082000783,False,-7.0,-5.0
2020-11-28,UNC Greensboro Spartans,77.0,away,0.7751483545,8.1082000783,True,7.0,5.0
2020-11-28,Louisiana Tech Bulldogs,76.0,home,0.8167685243,10.1409481141,True,5.0,6.0
2020-11-28,UT Arlington Mavericks,71.0,away,0.1832314757,-10.1409481141,False,-5.0,8.0
2020-11-28,Wake Forest Demon Deacons,71.0,home,0.9196123169,16.6082217051,True,11.0,17.0
2020-11-28,Longwood Lancers,60.0,away,0.0803876831,-16.6082217051,False,-11.0,-17.0
2020-11-28,Marquette Golden Eagles,75.0,home,0.7885507716,9.4758715951,True,25.0,14.5
2020-11-28,Eastern Illinois Panthers,50.0,away,0.2114492284,-9.4758715951,False,-25.0,-14.5
2020-11-28,UConn Huskies,69.0,home,0.9298098761,17.47557562,True,12.0,23.5
2020-11-28,Hartford Hawks,57.0,away,0.0701901239,-17.47557562,False,-12.0,-23.5
2020-11-28,Georgia Tech Yellow Jackets,73.0,home,0.7601663236999999,7.7062319145,False,-10.0,12.0
2020-11-28,Mercer Bears,83.0,away,0.2398336763,-7.7062319145,True,10.0,-12.0
2020-11-28,Kansas State Wildcats,58.0,home,0.365059201,-3.5278733465,False,-18.0,-5.0
2020-11-28,Colorado Buffaloes,76.0,away,0.634940799,3.5278733465,True,18.0,5.0
2020-11-28,Memphis Tigers,59.0,home,0.7355938177,7.257087866,False,-11.0,5.5
2020-11-28,VCU Rams,70.0,away,0.2644061823,-7.257087866,True,11.0,-5.5
2020-12-08,Middle Tennessee Blue Raiders,70.0,home,0.5872214744,2.4287277427,False,-10.0,1.5
2020-12-08,Chattanooga Mocs,80.0,away,0.4127785256,-2.4287277427,True,10.0,-1.5
2020-12-07,East Carolina Pirates,88.0,home,0.8157174363,9.3767158181,True,10.0,7.5
2020-12-07,UNC Wilmington Seahawks,78.0,away,0.1842825636999999,-9.3767158181,False,-10.0,-7.5
2020-12-08,Western Michigan Broncos,62.0,home,0.9757043936999998,25.5082527807,True,20.0,0.0
2020-12-08,Adrian Bulldogs,42.0,away,0.0242956063,-25.5082527807,False,-20.0,0.0
2020-12-07,UMBC Retrievers,92.0,home,0.5296637381,0.844066381,True,11.0,-0.0
2020-12-07,George Washington Revolutionaries,81.0,away,0.4703362619,-0.844066381,False,-11.0,0.0
2020-12-08,Norfolk State Spartans,76.0,home,0.7290153998,7.1157328354,True,12.0,6.0
2020-12-08,Hampton Pirates,64.0,away,0.2709846002,-7.1157328354,False,-12.0,-6.0
2020-12-08,Cal State Bakersfield Roadrunners,94.0,home,0.9792410646,26.5415850192,True,51.0,0.0
2020-12-08,Bethesda University Flames,43.0,away,0.0207589354,-26.5415850192,False,-51.0,0.0
2020-12-08,Southeast Missouri State Redhawks,82.0,home,0.4153787798,-2.1869542252,True,5.0,-5.0
2020-12-08,Lipscomb Bisons,77.0,away,0.5846212202,2.1869542252,False,-5.0,5.0
2020-12-07,Hartford Hawks,67.0,home,0.5353432779,0.9215800818,True,13.0,3.5
2020-12-07,Fairfield Stags,54.0,away,0.4646567220999999,-0.9215800818,False,-13.0,-3.5
2020-12-07,Charlotte 49ers,78.0,home,0.912180835,15.9167200134,True,38.0,20.5
2020-12-07,South Carolina State Bulldogs,40.0,away,0.087819165,-15.9167200134,False,-38.0,-20.5
2020-12-08,The Citadel Bulldogs,96.0,home,0.965134998,24.3510497196,True,39.0,0.0
2020-12-08,Columbia International Rams,57.0,away,0.034865002,-24.3510497196,False,-39.0,0.0
2020-12-07,Coastal Carolina Chanticleers,78.0,home,0.7710821082,7.5313247953,True,7.0,10.0
2020-12-07,North Carolina Central Eagles,71.0,away,0.2289178918,-7.5313247953,False,-7.0,-10.0
2020-12-08,Eastern Kentucky Colonels,71.0,home,0.8151966288,10.4727095688,True,3.0,10.0
2020-12-08,Morehead State Eagles,68.0,away,0.1848033712,-10.4727095688,False,-3.0,-10.0
2020-12-08,North Florida Ospreys,77.0,home,0.6014794204,2.6449453127,False,-2.0,-3.5
2020-12-08,Florida Atlantic Owls,79.0,away,0.3985205796,-2.6449453127,True,2.0,3.5
2020-12-08,Oregon Ducks,69.0,home,0.8981530455,14.6853055466,True,17.0,14.0
2020-12-08,Eastern Washington Eagles,52.0,away,0.1018469544999999,-14.6853055466,False,-17.0,-14.0
2020-12-08,Arizona Wildcats,96.0,home,0.8366965004,11.1120227384,True,43.0,22.5
2020-12-08,Northern Arizona Lumberjacks,53.0,away,0.1633034995999999,-11.1120227384,False,-43.0,-22.5
2020-12-07,Richmond Spiders,77.0,home,0.8613188531999999,11.6970334,True,5.0,12.5
2020-12-07,Wofford Terriers,72.0,away,0.1386811468,-11.6970334,False,-5.0,-12.5
2020-12-08,Bradley Braves,95.0,home,0.9917366789,34.4432513884,True,33.0,0.0
2020-12-08,Lewis Flyers,62.0,away,0.0082633211,-34.4432513884,False,-33.0,0.0
2020-12-08,UC Santa Barbara Gauchos,69.0,home,0.4132019179,-2.1999757163,True,11.0,2.5
2020-12-08,Loyola Marymount Lions,58.0,away,0.5867980821,2.1999757163,False,-11.0,-2.5
2020-12-08,Nevada Wolf Pack,86.0,home,0.9856885389,30.3263551026,True,22.0,0.0
2020-12-08,Jessup University Warriors,64.0,away,0.0143114611,-30.3263551026,False,-22.0,0.0
2020-12-04,California Golden Bears,62.0,home,0.4203013856,-2.3031476364,False,-8.0,-6.5
2020-12-04,Arizona State Sun Devils,70.0,away,0.5796986144,2.3031476364,True,8.0,6.5
2020-12-04,Iowa Hawkeyes,99.0,home,0.9836706721,28.0138989148,True,41.0,31.5
2020-12-04,Western Illinois Leathernecks,58.0,away,0.0163293279,-28.0138989148,False,-41.0,-31.5
2020-12-03,Utah Utes,76.0,home,0.7444834743,6.8307837229,True,14.0,7.5
2020-12-03,Washington Huskies,62.0,away,0.2555165257,-6.8307837229,False,-14.0,-7.5
2020-12-03,NC State Wolfpack,90.0,home,0.8881534505,13.4908922961,True,31.0,17.0
2020-12-03,UMass Lowell River Hawks,59.0,away,0.1118465495,-13.4908922961,False,-31.0,-17.0
2020-12-03,Coastal Carolina Chanticleers,113.0,home,0.9623465545,23.1209205039,True,57.0,0.0
2020-12-03,Columbia International Rams,56.0,away,0.0376534455,-23.1209205039,False,-57.0,0.0
2020-12-04,USC Trojans,58.0,home,0.4047462249,-2.4689801282,False,-3.0,-1.5
2020-12-04,UConn Huskies,61.0,away,0.5952537751,2.4689801282,True,3.0,1.5
2020-12-03,Rice Owls,94.0,home,0.9608969524,24.2390531486,True,20.0,0.0
2020-12-03,LeTourneau Yellow Jackets,74.0,away,0.0391030476,-24.2390531486,False,-20.0,0.0
2020-12-03,Drexel Dragons,70.0,home,0.7418946467,6.4429026896,True,12.0,7.0
2020-12-03,Quinnipiac Bobcats,58.0,away,0.2581053533,-6.4429026896,False,-12.0,-7.0
2020-12-04,Florida Atlantic Owls,128.0,home,0.9400394507,18.4221975609,True,64.0,0.0
2020-12-04,Florida National Conquistadors,64.0,away,0.0599605493,-18.4221975609,False,-64.0,0.0
2020-12-04,Western Carolina Catamounts,91.0,home,0.9833426752,30.8981303927,True,7.0,0.0
2020-12-04,Newberry Wolves,84.0,away,0.0166573248,-30.8981303927,False,-7.0,0.0
2020-12-04,Bowling Green Falcons,88.0,home,0.9777955346,28.1444547517,True,21.0,0.0
2020-12-04,Purdue Northwest Pride,67.0,away,0.0222044654,-28.1444547517,False,-21.0,0.0
2020-12-04,Wright State Raiders,64.0,home,0.3903628519,-3.2872835419,False,-16.0,-1.5
2020-12-04,Marshall Thundering Herd,80.0,away,0.6096371481,3.2872835419,True,16.0,1.5
2020-12-04,The Citadel Bulldogs,78.0,home,0.5290890928,0.8440409916,True,8.0,-1.5
2020-12-04,North Carolina A&T Aggies,70.0,away,0.4709109072,-0.8440409916,False,-8.0,1.5
2020-12-03,Eastern Illinois Panthers,78.0,home,0.9619159241,20.7150346944,True,22.0,26.0
2020-12-03,Chicago State Cougars,56.0,away,0.0380840759,-20.7150346944,False,-22.0,-26.0
2020-12-04,Liberty Flames,78.0,home,0.8072893873,9.0015646408,True,16.0,11.0
2020-12-04,Saint Francis Red Flash,62.0,away,0.1927106127,-9.0015646408,False,-16.0,-11.0
2020-12-04,Kansas Jayhawks,89.0,home,0.9968113107,42.7903066203,True,35.0,0.0
2020-12-04,Washburn Ichabods,54.0,away,0.0031886893,-42.7903066203,False,-35.0,0.0
2020-12-04,Virginia Tech Hokies,64.0,home,0.9552711937,21.1750927643,True,7.0,21.0
2020-12-04,VMI Keydets,57.0,away,0.0447288063,-21.1750927643,False,-7.0,-21.0
2020-12-03,Northern Kentucky Norse,74.0,home,0.6643864684999999,4.3987964354,True,9.0,13.0
2020-12-03,Tennessee Tech Golden Eagles,65.0,away,0.3356135315,-4.3987964354,False,-9.0,-13.0
2020-12-03,Little Rock Trojans,75.0,home,0.3309036685,-5.0836301147,False,-5.0,1.5
2020-12-03,Winthrop Eagles,80.0,away,0.6690963315,5.0836301147,True,5.0,-1.5
2020-12-04,Louisiana Tech Bulldogs,78.0,home,0.9382340111,16.9199614037,True,16.0,13.0
2020-12-04,UL Monroe Warhawks,62.0,away,0.0617659889,-16.9199614037,False,-16.0,-13.0
2020-12-04,UC Santa Barbara Gauchos,123.0,home,0.9669623554,22.9580832533,True,71.0,0.0
2020-12-04,Bethesda University Flames,52.0,away,0.0330376446,-22.9580832533,False,-71.0,0.0
2020-12-04,Grambling Tigers,68.0,home,0.9378226833,20.5681077142,True,9.0,0.0
2020-12-04,East Texas Baptist Tigers,59.0,away,0.0621773167,-20.5681077142,False,-9.0,0.0
2020-12-04,Drake Bulldogs,87.0,home,0.7607254537,7.7497056829,True,21.0,9.0
2020-12-04,Omaha Mavericks,66.0,away,0.2392745463,-7.7497056829,False,-21.0,-9.0
2020-12-04,Oklahoma Sooners,105.0,home,0.9436148545,19.4229834191,True,39.0,15.0
2020-12-04,UTSA Roadrunners,66.0,away,0.0563851455,-19.4229834191,False,-39.0,-15.0
2020-12-04,TCU Horned Frogs,74.0,home,0.9141704957,15.7417580997,True,6.0,18.5
2020-12-04,Northwestern State Demons,68.0,away,0.0858295043,-15.7417580997,False,-6.0,-18.5
2020-12-04,Southern Utah Thunderbirds,64.0,home,0.6871056724,5.1733026329,True,1.0,-2.0
2020-12-04,Montana Grizzlies,63.0,away,0.3128943276,-5.1733026329,False,-1.0,2.0
2020-12-04,Syracuse Orange,75.0,home,0.9321419507,18.0745747902,True,30.0,17.5
2020-12-04,Niagara Purple Eagles,45.0,away,0.0678580493,-18.0745747902,False,-30.0,-17.5
2020-12-04,UCLA Bruins,78.0,home,0.9184710744,15.0982500759,True,26.0,20.0
2020-12-04,Seattle U Redhawks,52.0,away,0.0815289256,-15.0982500759,False,-26.0,-20.0
2020-12-04,Sacramento State Hornets,77.0,home,0.7586109569,7.2036307282,True,22.0,9.0
2020-12-04,Idaho Vandals,55.0,away,0.2413890431,-7.2036307282,False,-22.0,-9.0
2020-12-04,Saint Mary's Gaels,82.0,home,0.8217573612,9.6660718359,True,12.0,16.5
2020-12-04,Texas Southern Tigers,70.0,away,0.1782426388,-9.6660718359,False,-12.0,-16.5
2020-12-04,Pepperdine Waves,94.0,home,0.9915705077,33.9567663658,True,49.0,0.0
2020-12-04,University of Saint Katherine Saint Katherine,45.0,away,0.0084294923,-33.9567663658,False,-49.0,0.0
2020-12-04,Boston College Eagles,70.0,home,0.3084477489,-5.6202350822,False,-20.0,-5.5
2020-12-04,Florida Gators,90.0,away,0.6915522510999998,5.6202350822,True,20.0,5.5
2020-12-04,Stony Brook Seawolves,72.0,home,0.602928671,2.9817993689,True,3.0,4.0
2020-12-04,Fairfield Stags,69.0,away,0.397071329,-2.9817993689,False,-3.0,-4.0
2020-12-05,Northern Iowa Panthers,98.0,home,0.9902203523,34.123357139,True,45.0,0.0
2020-12-05,St. Ambrose Fighting Bees,53.0,away,0.0097796477,-34.123357139,False,-45.0,0.0
2020-12-05,Boise State Broncos,86.0,home,0.98803252,31.7980429404,True,37.0,0.0
2020-12-05,College of Idaho Yotes,49.0,away,0.01196748,-31.7980429404,False,-37.0,0.0
2020-12-05,Oregon Ducks,83.0,home,0.507199098,0.1856690533,True,13.0,1.0
2020-12-05,Seton Hall Pirates,70.0,away,0.492800902,-0.1856690533,False,-13.0,-1.0
2020-12-04,Hartford Hawks,80.0,home,0.7053780644,6.0064876365,True,15.0,8.5
2020-12-04,Central Connecticut Blue Devils,65.0,away,0.2946219356,-6.0064876365,False,-15.0,-8.5
2020-12-04,Michigan State Spartans,83.0,home,0.9232606136,17.4377014575,True,7.0,27.5
2020-12-04,Detroit Mercy Titans,76.0,away,0.0767393864,-17.4377014575,False,-7.0,-27.5
2020-12-04,Creighton Bluejays,93.0,home,0.9858432542,26.5468660941,True,35.0,37.0
2020-12-04,Kennesaw State Owls,58.0,away,0.0141567458,-26.5468660941,False,-35.0,-37.0
2020-12-04,Tulsa Golden Hurricane,79.0,home,0.7775785853000001,8.5163935848,True,15.0,5.5
2020-12-04,UT Arlington Mavericks,64.0,away,0.2224214147,-8.5163935848,False,-15.0,-5.5
2020-12-05,Georgia Bulldogs,98.0,home,0.8391654033,12.184786711,True,33.0,14.5
2020-12-05,Jacksonville Dolphins,65.0,away,0.1608345967,-12.184786711,False,-33.0,-14.5
2020-12-05,UT Rio Grande Valley Vaqueros,91.0,home,0.9461631899,20.793633994,True,23.0,0.0
2020-12-05,Our Lady Of The Lake Saints,68.0,away,0.0538368101,-20.793633994,False,-23.0,0.0
2020-12-05,UC Davis Aggies,95.0,home,0.9672194568,25.3599066886,True,33.0,0.0
2020-12-05,Jessup University Warriors,62.0,away,0.0327805432,-25.3599066886,False,-33.0,0.0
2020-12-04,Virginia Cavaliers,71.0,home,0.9660360531,19.3930810606,True,7.0,21.0
2020-12-04,Kent State Golden Flashes,64.0,away,0.0339639469,-19.3930810606,False,-7.0,-21.0
2020-12-04,California Baptist Lancers,83.0,home,0.6809264112,5.2860610127,True,17.0,8.5
2020-12-04,SE Louisiana Lions,66.0,away,0.3190735888,-5.2860610127,False,-17.0,-8.5
2020-12-05,UTSA Roadrunners,91.0,home,0.9439579521,20.9875373788,True,29.0,0.0
2020-12-05,Sul Ross State Lobos,62.0,away,0.0560420479,-20.9875373788,False,-29.0,0.0
2020-12-05,Texas Tech Red Raiders,80.0,home,0.9715901223,22.6788699696,True,34.0,28.0
2020-12-05,Troy Trojans,46.0,away,0.0284098777,-22.6788699696,False,-34.0,-28.0
2020-12-05,Marquette Golden Eagles,67.0,home,0.3905806761,-2.8717424414,True,2.0,-4.5
2020-12-05,Wisconsin Badgers,65.0,away,0.6094193239,2.8717424414,False,-2.0,4.5
2020-12-05,Purdue Boilermakers,68.0,home,0.9234185958,15.8470118839,True,7.0,15.0
2020-12-05,Valparaiso Beacons,61.0,away,0.0765814042,-15.8470118839,False,-7.0,-15.0
2020-12-04,Charlotte 49ers,65.0,home,0.3360685489,-4.5929711819,False,-11.0,-3.5
2020-12-04,Georgia State Panthers,76.0,away,0.6639314511,4.5929711819,True,11.0,3.5
2020-12-05,Austin Peay Governors,102.0,home,0.9785648885,27.2964196359,True,64.0,0.0
2020-12-05,Carver College Cougars,38.0,away,0.0214351115,-27.2964196359,False,-64.0,0.0
2020-12-05,Florida International Panthers,74.0,home,0.672207291,4.9088479795,True,4.0,4.5
2020-12-05,Jacksonville State Gamecocks,70.0,away,0.327792709,-4.9088479795,False,-4.0,-4.5
2020-12-05,Duke Blue Devils,76.0,home,0.9927839768,34.0712559164,True,22.0,31.5
2020-12-05,Bellarmine Knights,54.0,away,0.0072160232,-34.0712559164,False,-22.0,-31.5
2020-12-05,Minnesota Golden Gophers,76.0,home,0.9528993011,21.9776103431,True,9.0,21.5
2020-12-05,North Dakota Fighting Hawks,67.0,away,0.0471006988999999,-21.9776103431,False,-9.0,-21.5
2020-12-05,Cal Poly Mustangs,60.0,home,0.2738869995,-6.9583243855,False,-28.0,-13.5
2020-12-05,San Francisco Dons,88.0,away,0.7261130005000002,6.9583243855,True,28.0,13.5
2020-12-05,Loyola Marymount Lions,85.0,home,0.7849210353000001,8.8130417155,True,24.0,7.0
2020-12-05,Long Beach State Beach,61.0,away,0.2150789647,-8.8130417155,False,-24.0,-7.0
2020-12-05,Arkansas State Red Wolves,115.0,home,0.9020210818,15.8600951132,True,66.0,0.0
2020-12-05,Crowley's Ridge Pioneers,49.0,away,0.0979789182,-15.8600951132,False,-66.0,0.0
2020-12-05,Memphis Tigers,85.0,home,0.8975314261,15.0203622794,True,17.0,23.5
2020-12-05,Central Arkansas Bears,68.0,away,0.1024685739,-15.0203622794,False,-17.0,-23.5
2020-12-05,Bradley Braves,84.0,home,0.6510127575,4.0553362216,False,-4.0,1.0
2020-12-05,South Dakota State Jackrabbits,88.0,away,0.3489872425,-4.0553362216,True,4.0,-1.0
2020-12-05,Miami Hurricanes,82.0,home,0.9496129522,19.54758993,True,22.0,21.5
2020-12-05,Stetson Hatters,60.0,away,0.0503870478,-19.54758993,False,-22.0,-21.5
2020-12-05,Eastern Michigan Eagles,74.0,home,0.4724797307,-0.7022095292,False,-17.0,-2.5
2020-12-05,Toledo Rockets,91.0,away,0.5275202693,0.7022095292,True,17.0,2.5
2020-12-05,Sam Houston Bearkats,117.0,home,0.8936573864999999,15.2460781354,True,75.0,0.0
2020-12-05,Dallas Christian Crusaders,42.0,away,0.1063426135,-15.2460781354,False,-75.0,0.0
2020-12-05,Mississippi State Bulldogs,69.0,home,0.6655439347,4.1811825245,True,6.0,4.0
2020-12-05,North Texas Mean Green,63.0,away,0.3344560653,-4.1811825245,False,-6.0,-4.0
2020-12-05,Stephen F. Austin Lumberjacks,86.0,home,0.791020868,11.0681472969,True,10.0,13.5
2020-12-05,McNeese Cowboys,76.0,away,0.208979132,-11.0681472969,False,-10.0,-13.5
2020-12-05,Auburn Tigers,90.0,home,0.65492322,4.0060749661,True,9.0,11.0
2020-12-05,South Alabama Jaguars,81.0,away,0.3450767800000001,-4.0060749661,False,-9.0,-11.0
2020-12-04,Maryland Terrapins,90.0,home,0.9245564316,15.0048093169,True,33.0,13.5
2020-12-04,Saint Peter's Peacocks,57.0,away,0.0754435684,-15.0048093169,False,-33.0,-13.5
2020-11-26,Wisconsin Badgers,77.0,home,0.9133830141,14.5805073241,True,10.0,21.5
2020-11-26,Eastern Illinois Panthers,67.0,away,0.0866169859,-14.5805073241,False,-10.0,-21.5
2020-11-25,Houston Cougars,89.0,home,0.9534138225,19.7534680525,True,44.0,22.5
2020-11-25,Lamar Cardinals,45.0,away,0.0465861775,-19.7534680525,False,-44.0,-22.5
2020-11-25,South Florida Bulls,94.0,home,0.9514459722,18.5414176476,True,10.0,0.0
2020-11-25,Florida College Falcons,84.0,away,0.0485540278,-18.5414176476,False,-10.0,0.0
2020-11-26,Rutgers Scarlet Knights,86.0,home,0.9569440052,19.37440609,True,23.0,26.5
2020-11-26,Sacred Heart Pioneers,63.0,away,0.0430559948,-19.37440609,False,-23.0,-26.5
2020-11-25,James Madison Dukes,89.0,home,0.9024452847,14.9068675648,True,34.0,0.0
2020-11-25,Limestone Saints,55.0,away,0.0975547153,-14.9068675648,False,-34.0,0.0
2020-11-25,Michigan Wolverines,96.0,home,0.910372999,15.3355493759,True,14.0,13.5
2020-11-25,Bowling Green Falcons,82.0,away,0.089627001,-15.3355493759,False,-14.0,-13.5
2020-11-26,Texas Tech Red Raiders,101.0,home,0.9739646478,24.580896183,True,43.0,26.0
2020-11-26,Northwestern State Demons,58.0,away,0.0260353522,-24.580896183,False,-43.0,-26.0
2020-11-25,Nebraska Cornhuskers,102.0,home,0.891238026,14.3952466204,True,47.0,14.0
2020-11-25,McNeese Cowboys,55.0,away,0.108761974,-14.3952466204,False,-47.0,-14.0
2020-11-25,Illinois Fighting Illini,122.0,home,0.9409129148999998,17.683110891,True,62.0,28.5
2020-11-25,North Carolina A&T Aggies,60.0,away,0.0590870851,-17.683110891,False,-62.0,-28.5
2020-11-26,Texas Longhorns,91.0,home,0.9646865801,21.2459315261,True,36.0,21.0
2020-11-26,UT Rio Grande Valley Vaqueros,55.0,away,0.0353134199,-21.2459315261,False,-36.0,-21.0
2020-11-26,San Diego State Aztecs,73.0,home,0.6806028927,4.6004583999,True,15.0,-3.5
2020-11-26,UCLA Bruins,58.0,away,0.3193971073,-4.6004583999,False,-15.0,3.5
2020-11-25,Virginia Tech Hokies,77.0,home,0.9749412449,21.8961321504,True,15.0,19.5
2020-11-25,Radford Highlanders,62.0,away,0.0250587551,-21.8961321504,False,-15.0,-19.5
2020-11-25,New Hampshire Wildcats,93.0,home,0.8731950141999999,12.6558840683,True,39.0,0.0
2020-11-25,Keene St Owls,54.0,away,0.1268049858,-12.6558840683,False,-39.0,0.0
2020-11-25,Michigan State Spartans,83.0,home,0.9462675158,18.4237413792,True,16.0,21.5
2020-11-25,Eastern Michigan Eagles,67.0,away,0.0537324842,-18.4237413792,False,-16.0,-21.5
2020-11-25,North Carolina Tar Heels,79.0,home,0.8737585395,12.3320917081,True,19.0,17.5
2020-11-25,Charleston Cougars,60.0,away,0.1262414605,-12.3320917081,False,-19.0,-17.5
2020-11-25,Ohio State Buckeyes,94.0,home,0.957350507,19.3325594741,True,27.0,19.0
2020-11-25,Illinois State Redbirds,67.0,away,0.042649493,-19.3325594741,False,-27.0,-19.0
2020-11-25,East Tennessee State Buccaneers,47.0,home,0.4629973855,-0.9771501606,False,-23.0,-6.5
2020-11-25,Abilene Christian Wildcats,70.0,away,0.5370026145,0.9771501606,True,23.0,6.5
2020-11-25,Navy Midshipmen,78.0,home,0.4124483194,-2.0837712008,True,7.0,2.0
2020-11-25,George Washington Revolutionaries,71.0,away,0.5875516806,2.0837712008,False,-7.0,-2.0
2020-11-25,Morgan State Bears,55.0,home,0.6794570399,4.7805814962,False,-7.0,-1.0
2020-11-25,Mount St. Mary's Mountaineers,62.0,away,0.3205429601,-4.7805814962,True,7.0,1.0
2020-11-25,Xavier Musketeers,101.0,home,0.9465035543,18.2472063604,True,52.0,15.0
2020-11-25,Oakland Golden Grizzlies,49.0,away,0.0534964457,-18.2472063604,False,-52.0,-15.0
2020-11-25,Georgia Southern Eagles,97.0,home,0.7583477009,7.4153957969,True,32.0,0.0
2020-11-25,Florida National Conquistadors,65.0,away,0.2416522991,-7.4153957969,False,-32.0,0.0
2020-11-25,Chattanooga Mocs,99.0,home,0.9124618306,15.033060216,True,36.0,0.0
2020-11-25,Lander Senators,63.0,away,0.0875381694,-15.033060216,False,-36.0,0.0
2020-11-25,South Carolina Upstate Spartans,72.0,home,0.7205049736,6.1844194528,False,-10.0,0.0
2020-11-25,Southern Wesleyan Warriors,82.0,away,0.2794950264,-6.1844194528,True,10.0,0.0
2020-11-25,Kansas State Wildcats,70.0,home,0.6699745008,4.4221844395,False,-10.0,4.5
2020-11-25,Drake Bulldogs,80.0,away,0.3300254992,-4.4221844395,True,10.0,-4.5
2020-11-25,Little Rock Trojans,71.0,home,0.6023413652,2.7841229898,True,5.0,14.0
2020-11-25,Prairie View A&M Panthers,66.0,away,0.3976586348,-2.7841229898,False,-5.0,-14.0
2020-11-25,Virginia Cavaliers,89.0,home,0.8885552488999999,11.704879937,True,35.0,18.5
2020-11-25,Towson Tigers,54.0,away,0.1114447511,-11.704879937,False,-35.0,-18.5
2020-11-25,Miami (OH) RedHawks,81.0,home,0.8657029969,11.0226986747,True,14.0,6.5
2020-11-25,North Dakota Fighting Hawks,67.0,away,0.1342970031,-11.0226986747,False,-14.0,-6.5
2020-11-25,Providence Friars,97.0,home,0.9230097954,15.2214170681,True,41.0,18.5
2020-11-25,Fairfield Stags,56.0,away,0.0769902046,-15.2214170681,False,-41.0,-18.5
2020-11-25,Mercer Bears,79.0,home,0.9182290162,15.8089234154,True,31.0,0.0
2020-11-25,North Georgia Saints,48.0,away,0.0817709838,-15.8089234154,False,-31.0,0.0
2020-11-25,Kansas City Roos,105.0,home,0.8612199393000001,11.5639096032,True,70.0,0.0
2020-11-25,Culver-Stockton Wildcats,35.0,away,0.1387800607,-11.5639096032,False,-70.0,0.0
2020-11-25,The Citadel Bulldogs,89.0,home,0.8422685166000001,11.3843990014,True,25.0,0.0
2020-11-25,Piedmont Lions,64.0,away,0.1577314834,-11.3843990014,False,-25.0,0.0
2020-11-25,South Carolina State Bulldogs,61.0,home,0.1948744679,-9.070239326,False,-20.0,-16.5
2020-11-25,App State Mountaineers,81.0,away,0.8051255321,9.070239326,True,20.0,16.5
2020-11-25,UAB Blazers,99.0,home,0.8920271426,13.86519398,True,49.0,19.0
2020-11-25,Alcorn State Braves,50.0,away,0.1079728574,-13.86519398,False,-49.0,-19.0
2020-11-25,Memphis Tigers,73.0,home,0.6521858739000002,4.0364605337,True,17.0,5.5
2020-11-25,Saint Mary's Gaels,56.0,away,0.3478141261,-4.0364605337,False,-17.0,-5.5
2020-11-25,Austin Peay Governors,72.0,home,0.6096337237,2.9413278737,True,6.0,6.5
2020-11-25,Omaha Mavericks,66.0,away,0.3903662763,-2.9413278737,False,-6.0,-6.5
2020-11-25,North Dakota State Bison,48.0,home,0.2095537473,-8.7136830128,False,-14.0,-3.5
2020-11-25,Nevada Wolf Pack,62.0,away,0.7904462527,8.7136830128,True,14.0,3.5
2020-11-25,Maryland Terrapins,85.0,home,0.8193001276000001,9.4371182457,True,18.0,9.5
2020-11-25,Old Dominion Monarchs,67.0,away,0.1806998724,-9.4371182457,False,-18.0,-9.5
2020-11-25,UMass Lowell River Hawks,76.0,home,0.3208114462,-4.7966571579,True,8.0,-16.0
2020-11-25,San Francisco Dons,68.0,away,0.6791885538,4.7966571579,False,-8.0,16.0
2020-11-25,Toledo Rockets,59.0,home,0.35607915,-3.7590740811,False,-2.0,-2.5
2020-11-25,Bradley Braves,61.0,away,0.64392085,3.7590740811,True,2.0,2.5
2020-11-25,Furman Paladins,95.0,home,0.9455962748,18.502609212,True,33.0,0.0
2020-11-25,Tusculum Pioneers,62.0,away,0.0544037252,-18.502609212,False,-33.0,0.0
2020-11-25,Iowa Hawkeyes,97.0,home,0.986783683,28.5907047204,True,30.0,28.0
2020-11-25,North Carolina Central Eagles,67.0,away,0.013216317,-28.5907047204,False,-30.0,-28.0
2020-11-25,UNC Wilmington Seahawks,76.0,home,0.2146270992,-8.6660048237,False,-22.0,-4.0
2020-11-25,Western Carolina Catamounts,98.0,away,0.7853729008000001,8.6660048237,True,22.0,4.0
2020-11-25,Georgetown Hoyas,70.0,home,0.8015284663,9.1104865341,True,8.0,12.5
2020-11-25,UMBC Retrievers,62.0,away,0.1984715337,-9.1104865341,False,-8.0,-12.5
2020-11-25,Kennesaw State Owls,87.0,home,0.5737112534,1.9050100854,True,47.0,0.0
2020-11-25,Carver College Cougars,40.0,away,0.4262887466,-1.9050100854,False,-47.0,0.0
2020-11-25,Wake Forest Demon Deacons,111.0,home,0.9608201099,22.2330670396,True,60.0,23.5
2020-11-25,Delaware State Hornets,51.0,away,0.0391798901,-22.2330670396,False,-60.0,-23.5
2020-11-25,Northern Iowa Panthers,87.0,home,0.4397347716,-1.5203453263,False,-6.0,-3.0
2020-11-25,Western Kentucky Hilltoppers,93.0,away,0.5602652284,1.5203453263,True,6.0,3.0
2020-11-25,Louisville Cardinals,79.0,home,0.9562745455,19.4953171523,True,35.0,21.0
2020-11-25,Evansville Purple Aces,44.0,away,0.0437254545,-19.4953171523,False,-35.0,-21.0
2020-11-25,Ohio Bobcats,84.0,home,0.9426499732,18.0703858828,True,23.0,20.5
2020-11-25,Chicago State Cougars,61.0,away,0.0573500268,-18.0703858828,False,-23.0,-20.5
2020-11-25,Butler Bulldogs,66.0,home,0.8872020033,12.7576087298,True,4.0,18.5
2020-11-25,Western Michigan Broncos,62.0,away,0.1127979966999999,-12.7576087298,False,-4.0,-18.5
2020-11-25,Fresno State Bulldogs,87.0,home,0.91483153,14.7675877986,True,40.0,0.0
2020-11-25,Jessup University Warriors,47.0,away,0.08516847,-14.7675877986,False,-40.0,0.0
2020-11-25,Northern Kentucky Norse,74.0,home,0.5211186452,0.5437845357,True,1.0,-0.0
2020-11-25,Ball State Cardinals,73.0,away,0.4788813548,-0.5437845357,False,-1.0,0.0
2020-11-25,Quinnipiac Bobcats,84.0,home,0.4256884008,-1.922540557,True,18.0,-2.5
2020-11-25,Fairleigh Dickinson Knights,66.0,away,0.5743115992,1.922540557,False,-18.0,2.5
2020-11-25,Eastern Kentucky Colonels,80.0,home,0.6877151882,5.4556824671,True,13.0,-1.5
2020-11-25,North Florida Ospreys,67.0,away,0.3122848118,-5.4556824671,False,-13.0,1.5
2020-11-25,Pacific Tigers,66.0,home,0.6072191242,2.5622925229,True,6.0,6.0
2020-11-25,UC Riverside Highlanders,60.0,away,0.3927808758,-2.5622925229,False,-6.0,-6.0
2020-11-25,Kentucky Wildcats,81.0,home,0.9212119678,15.7501092864,True,36.0,25.0
2020-11-25,Morehead State Eagles,45.0,away,0.0787880322,-15.7501092864,False,-36.0,-25.0
2020-11-25,Purdue Boilermakers,77.0,home,0.7314037461000001,5.6815717569,True,13.0,9.5
2020-11-25,Liberty Flames,64.0,away,0.2685962539,-5.6815717569,False,-13.0,-9.5
2020-11-25,UT Arlington Mavericks,68.0,home,0.3351127857,-4.3799095533,False,-7.0,-10.5
2020-11-25,Oklahoma State Cowboys,75.0,away,0.6648872143,4.3799095533,True,7.0,10.5
2020-11-25,Army Black Knights,93.0,home,0.7263785396,6.3394807045,True,61.0,0.0
2020-11-25,Merchant Marine Academy Mariners,32.0,away,0.2736214604,-6.3394807045,False,-61.0,0.0
2020-11-25,Wofford Terriers,88.0,home,0.9101483300999998,14.5582206724,True,39.0,0.0
2020-11-25,Toccoa Falls Eagles,49.0,away,0.0898516699,-14.5582206724,False,-39.0,0.0
2020-11-25,North Alabama Lions,98.0,home,0.885920678,13.4056116729,True,24.0,0.0
2020-11-25,Oakwood Ambassadors,74.0,away,0.114079322,-13.4056116729,False,-24.0,0.0
2020-11-26,West Virginia Mountaineers,79.0,home,0.7615176336,7.5855377227,True,8.0,10.5
2020-11-26,South Dakota State Jackrabbits,71.0,away,0.2384823664,-7.5855377227,False,-8.0,-10.5
2020-11-26,Florida International Panthers,85.0,home,0.8907185884,14.1729992905,True,4.0,0.0
2020-11-26,Flagler Saints,81.0,away,0.1092814116,-14.1729992905,False,-4.0,0.0
2020-11-25,Pepperdine Waves,86.0,home,0.742977376,6.9438568005,True,14.0,3.5
2020-11-25,UC Irvine Anteaters,72.0,away,0.257022624,-6.9438568005,False,-14.0,-3.5
2020-11-26,Oregon State Beavers,71.0,home,0.6194221857,2.9608759291,True,8.0,2.0
2020-11-26,California Golden Bears,63.0,away,0.3805778143,-2.9608759291,False,-8.0,-2.0
2020-11-26,Saint Louis Billikens,89.0,home,0.9477552728,18.8393303905,True,37.0,24.0
2020-11-26,SIU Edwardsville Cougars,52.0,away,0.0522447271999999,-18.8393303905,False,-37.0,-24.0
2020-11-26,Rhode Island Rams,88.0,home,0.2814938401,-6.3801499209,False,-6.0,-6.5
2020-11-26,Arizona State Sun Devils,94.0,away,0.7185061599,6.3801499209,True,6.0,6.5
2020-11-26,Jacksonville Dolphins,99.0,home,0.8362747068,10.4025022715,True,42.0,0.0
2020-11-26,Coastal Georgia Mariner,57.0,away,0.1637252932,-10.4025022715,False,-42.0,0.0
2020-11-26,Cal State Northridge Matadors,97.0,home,0.8956145263999999,14.2608693325,True,18.0,0.0
2020-11-26,Westmont Warriors,79.0,away,0.1043854736,-14.2608693325,False,-18.0,0.0
2020-11-26,Minnesota Golden Gophers,99.0,home,0.9725207187,22.8449234365,True,30.0,19.0
2020-11-26,Green Bay Phoenix,69.0,away,0.0274792813,-22.8449234365,False,-30.0,-19.0
2020-11-26,Elon Phoenix,82.0,home,0.8916416698999999,13.4288287464,True,30.0,0.0
2020-11-26,NC Wesleyan Battling Bishops,52.0,away,0.1083583301,-13.4288287464,False,-30.0,0.0
2020-11-26,Texas State Bobcats,98.0,home,0.8376472257,10.6389626688,True,39.0,0.0
2020-11-26,Mary Hardin-Baylor Crusaders,59.0,away,0.1623527743,-10.6389626688,False,-39.0,0.0
2020-11-26,VMI Keydets,90.0,home,0.7471458809000001,6.9889198049,True,27.0,0.0
2020-11-26,St. Andrews Knights,63.0,away,0.2528541191,-6.9889198049,False,-27.0,0.0
2020-11-26,Santa Clara Broncos,62.0,home,0.9222260418,16.2341099131,True,13.0,11.5
2020-11-26,Idaho State Bengals,49.0,away,0.0777739582,-16.2341099131,False,-13.0,-11.5
2020-11-26,Florida Gulf Coast Eagles,65.0,home,0.8695315733,12.071960113,True,9.0,5.5
2020-11-26,Florida A&M Rattlers,56.0,away,0.1304684267,-12.071960113,False,-9.0,-5.5
2020-11-26,South Alabama Jaguars,68.0,home,0.8602496089999999,11.5363279944,True,2.0,4.5
2020-11-26,Florida Atlantic Owls,66.0,away,0.139750391,-11.5363279944,False,-2.0,-4.5
2020-11-26,Davidson Wildcats,82.0,home,0.9438386159,17.1707788495,True,9.0,18.5
2020-11-26,High Point Panthers,73.0,away,0.0561613841,-17.1707788495,False,-9.0,-18.5
2020-11-26,Pittsburgh Panthers,70.0,home,0.9180190448,15.3286219092,False,-10.0,16.0
2020-11-26,Saint Francis Red Flash,80.0,away,0.0819809551999999,-15.3286219092,True,10.0,-16.0
2020-11-26,Purdue Fort Wayne Mastodons,67.0,home,0.7912065619,9.0016654894,True,4.0,9.0
2020-11-26,SE Louisiana Lions,63.0,away,0.2087934381,-9.0016654894,False,-4.0,-9.0
2020-11-26,UTEP Miners,100.0,home,0.942151284,18.0191679931,True,19.0,0.0
2020-11-26,Texas Permian Basin Falcons,81.0,away,0.0578487159999999,-18.0191679931,False,-19.0,0.0
2020-11-26,Missouri Tigers,91.0,home,0.8908535997,13.2662298343,True,27.0,14.5
2020-11-26,Oral Roberts Golden Eagles,64.0,away,0.1091464003,-13.2662298343,False,-27.0,-14.5
2020-11-26,Northern Illinois Huskies,61.0,home,0.7399531032,6.621528144,False,-4.0,1.0
2020-11-26,UIC Flames,65.0,away,0.2600468968,-6.621528144,True,4.0,-1.0
2020-11-26,St. John's Red Storm,76.0,home,0.9570558238,21.0837627461,True,1.0,10.5
2020-11-26,Saint Peter's Peacocks,75.0,away,0.0429441761999999,-21.0837627461,False,-1.0,-10.5
2020-11-26,Arkansas Razorbacks,142.0,home,0.990407691,33.4721484033,True,80.0,37.0
2020-11-26,Mississippi Valley State Delta Devils,62.0,away,0.009592309,-33.4721484033,False,-80.0,-37.0
2020-11-26,UConn Huskies,102.0,home,0.9648375361,21.7414482822,True,27.0,27.0
2020-11-26,Central Connecticut Blue Devils,75.0,away,0.0351624639,-21.7414482822,False,-27.0,-27.0
2020-11-26,Tarleton State Texans,103.0,home,0.5148376833,0.3866850435,True,55.0,0.0
2020-11-26,Dallas Christian Crusaders,48.0,away,0.4851623167,-0.3866850435,False,-55.0,0.0
2020-11-26,Loyola Marymount Lions,85.0,home,0.7254848748,6.3549852525,True,2.0,4.5
2020-11-26,Southern Utah Thunderbirds,83.0,away,0.2745151252,-6.3549852525,False,-2.0,-4.5
2020-11-26,BYU Cougars,108.0,home,0.9817353908000002,25.816073652,True,49.0,0.0
2020-11-26,Westminster (UT) Griffins,59.0,away,0.0182646092,-25.816073652,False,-49.0,0.0
2020-11-26,NC State Wolfpack,95.0,home,0.9670546436,22.0396312831,True,34.0,18.5
2020-11-26,Charleston Southern Buccaneers,61.0,away,0.0329453564,-22.0396312831,False,-34.0,-18.5
2020-11-26,SMU Mustangs,97.0,home,0.9607758535,21.0039902833,True,30.0,17.0
2020-11-26,Sam Houston Bearkats,67.0,away,0.0392241465,-21.0039902833,False,-30.0,-17.0
2020-11-26,Indiana Hoosiers,89.0,home,0.957134666,20.0592588055,True,30.0,25.5
2020-11-26,Tennessee Tech Golden Eagles,59.0,away,0.042865334,-20.0592588055,False,-30.0,-25.5
2020-11-26,Alabama Crimson Tide,81.0,home,0.9258299837,17.359734238,True,24.0,20.5
2020-11-26,Jacksonville State Gamecocks,57.0,away,0.0741700163,-17.359734238,False,-24.0,-20.5
2020-11-26,Clemson Tigers,53.0,home,0.5546685436,1.3552258854,True,11.0,4.5
2020-11-26,Mississippi State Bulldogs,42.0,away,0.4453314564,-1.3552258854,False,-11.0,-4.5
2020-11-26,TCU Horned Frogs,69.0,home,0.952923867,20.5319165026,True,24.0,29.5
2020-11-26,Houston Christian Huskies,45.0,away,0.047076133,-20.5319165026,False,-24.0,-29.5
2020-11-26,Texas A&M-Corpus Christi Islanders,64.0,home,0.7788856524,8.0945553027,True,11.0,0.0
2020-11-26,Texas A&M-International Dustdevils,53.0,away,0.2211143476,-8.0945553027,False,-11.0,0.0
2020-11-26,Grand Canyon Lopes,69.0,home,0.9175281092,15.9699312759,True,16.0,13.5
2020-11-26,Grambling Tigers,53.0,away,0.0824718908,-15.9699312759,False,-16.0,-13.5
2020-11-26,Utah State Aggies,69.0,home,0.6389858276,3.6751390475,False,-16.0,3.0
2020-11-26,VCU Rams,85.0,away,0.3610141724,-3.6751390475,True,16.0,-3.0
2020-11-26,USC Trojans,95.0,home,0.905149903,14.854333326,True,8.0,18.5
2020-11-26,California Baptist Lancers,87.0,away,0.094850097,-14.854333326,False,-8.0,-18.5
2020-11-26,Colorado Buffaloes,84.0,home,0.9457914701,18.4922138241,True,23.0,16.5
2020-11-26,South Dakota Coyotes,61.0,away,0.0542085299,-18.4922138241,False,-23.0,-16.5
2020-11-26,Weber State Wildcats,88.0,home,0.895826636,13.7638885233,True,28.0,0.0
2020-11-26,Adams State Grizzlies,60.0,away,0.104173364,-13.7638885233,False,-28.0,0.0
2020-11-26,Georgia Tech Yellow Jackets,120.0,home,0.6981521709,5.7657105416,False,-3.0,8.0
2020-11-26,Georgia State Panthers,123.0,away,0.3018478291,-5.7657105416,True,3.0,-8.0
2020-11-26,UNLV Rebels,78.0,home,0.8578094485,11.2401883334,False,-13.0,12.0
2020-11-26,Montana State Bobcats,91.0,away,0.1421905515,-11.2401883334,True,13.0,-12.0
2020-11-26,Marquette Golden Eagles,99.0,home,0.9614979318,20.737467237,True,42.0,31.0
2020-11-26,Arkansas-Pine Bluff Golden Lions,57.0,away,0.0385020682,-20.737467237,False,-42.0,-31.0
2020-11-26,Nicholls Colonels,101.0,home,0.5522818222,1.3802282339,True,8.0,-3.0
2020-11-26,UC Davis Aggies,93.0,away,0.4477181778,-1.3802282339,False,-8.0,3.0
2020-11-26,Sacramento State Hornets,101.0,home,0.8182238376,9.2841597981,True,44.0,0.0
2020-11-26,Bethesda University Flames,57.0,away,0.1817761624,-9.2841597981,False,-44.0,0.0
2020-11-26,Portland Pilots,72.0,home,0.5917623199,2.4702116519,False,-12.0,3.0
2020-11-26,Seattle U Redhawks,84.0,away,0.4082376801,-2.4702116519,True,12.0,-3.0
2020-11-26,Boston College Eagles,67.0,home,0.1653751757,-10.3414449442,False,-9.0,-15.0
2020-11-26,Villanova Wildcats,76.0,away,0.8346248243,10.3414449442,True,9.0,15.0
2020-11-26,Washington State Cougars,56.0,home,0.7061997046,6.079889414,True,4.0,11.0
2020-11-26,Texas Southern Tigers,52.0,away,0.2938002954,-6.079889414,False,-4.0,-11.0
2020-12-06,Wichita State Shockers,62.0,home,0.3815677185,-3.3018864792,False,-10.0,-4.5
2020-12-06,Missouri Tigers,72.0,away,0.6184322815,3.3018864792,True,10.0,4.5
2020-12-06,Ohio Bobcats,101.0,home,0.8241465724,10.1350406239,True,55.0,11.0
2020-12-06,Cleveland State Vikings,46.0,away,0.1758534276,-10.1350406239,False,-55.0,-11.0
2020-12-06,St. John's Red Storm,89.0,home,0.8890048815,15.9512009573,True,23.0,18.0
2020-12-06,Stony Brook Seawolves,66.0,away,0.1109951185,-15.9512009573,False,-23.0,-18.0
2020-12-06,Texas Longhorns,64.0,home,0.4830221886,-0.4017991344,False,-4.0,-1.5
2020-12-06,Villanova Wildcats,68.0,away,0.5169778114,0.4017991344,True,4.0,1.5
2020-12-06,Valparaiso Beacons,85.0,home,0.9581263601,22.0561739598,True,40.0,0.0
2020-12-06,Judson University Eagles,45.0,away,0.0418736399,-22.0561739598,False,-40.0,0.0
2020-12-06,Florida Gators,86.0,home,0.9692015448,22.5915215879,True,46.0,25.0
2020-12-06,Stetson Hatters,40.0,away,0.0307984552,-22.5915215879,False,-46.0,-25.0
2020-12-06,Quinnipiac Bobcats,64.0,home,0.4270773353000001,-1.8605476289,True,6.0,1.0
2020-12-06,New Hampshire Wildcats,58.0,away,0.5729226647,1.8605476289,False,-6.0,-1.0
2020-12-06,Cincinnati Bearcats,69.0,home,0.4408360117999999,-1.5369546157,False,-8.0,3.0
2020-12-06,Xavier Musketeers,77.0,away,0.5591639882,1.5369546157,True,8.0,-3.0
2020-12-06,Northwestern State Demons,83.0,home,0.7707446057,8.6475529998,False,-9.0,4.0
2020-12-06,UL Monroe Warhawks,92.0,away,0.2292553943,-8.6475529998,True,9.0,-4.0
2020-12-06,Western Illinois Leathernecks,73.0,home,0.3802721649,-3.6796138728,False,-6.0,-6.0
2020-12-06,Central Michigan Chippewas,79.0,away,0.6197278351,3.6796138728,True,6.0,6.0
2020-12-06,Denver Pioneers,63.0,home,0.3795111181,-2.9959361925,False,-20.0,-6.0
2020-12-06,UC Riverside Highlanders,83.0,away,0.6204888819,2.9959361925,True,20.0,6.0
2020-12-06,Drake Bulldogs,97.0,home,0.9879020027,30.8517758781,True,44.0,0.0
2020-12-06,St. Ambrose Fighting Bees,53.0,away,0.0120979973,-30.8517758781,False,-44.0,0.0
2020-12-06,Western Kentucky Hilltoppers,96.0,home,0.9911266328,35.402496724,True,27.0,42.5
2020-12-06,Mississippi Valley State Delta Devils,69.0,away,0.0088733672,-35.402496724,False,-27.0,-42.5
2020-12-06,Little Rock Trojans,86.0,home,0.6541948622,4.7233128854,True,3.0,10.5
2020-12-06,Central Arkansas Bears,83.0,away,0.3458051378,-4.7233128854,False,-3.0,-10.5
2020-12-06,Michigan State Spartans,79.0,home,0.9358894051,18.6552472783,True,18.0,23.0
2020-12-06,Western Michigan Broncos,61.0,away,0.0641105949,-18.6552472783,False,-18.0,-23.0
2020-12-06,UAB Blazers,77.0,home,0.8859064364,13.3043238417,True,22.0,14.0
2020-12-06,Troy Trojans,55.0,away,0.1140935636,-13.3043238417,False,-22.0,-14.0
2020-12-06,Texas Tech Red Raiders,81.0,home,0.9759166973,24.3416787785,True,41.0,32.0
2020-12-06,Grambling Tigers,40.0,away,0.0240833027,-24.3416787785,False,-41.0,-32.0
2020-12-06,Western Carolina Catamounts,76.0,home,0.8465434608,11.6995106105,True,1.0,11.5
2020-12-06,Tennessee Tech Golden Eagles,75.0,away,0.1534565392,-11.6995106105,False,-1.0,-11.5
2020-12-06,Drexel Dragons,69.0,home,0.7726590562999999,8.6141825839,True,15.0,14.5
2020-12-06,Coppin State Eagles,54.0,away,0.2273409436999999,-8.6141825839,False,-15.0,-14.5
2020-12-06,Mercer Bears,96.0,home,0.9829306478999998,29.2211482421,True,11.0,0.0
2020-12-06,Southern Wesleyan Warriors,85.0,away,0.0170693521,-29.2211482421,False,-11.0,0.0
2020-12-06,North Alabama Lions,107.0,home,0.9706751189,24.8485190555,True,67.0,0.0
2020-12-06,Carver College Cougars,40.0,away,0.0293248811,-24.8485190555,False,-67.0,0.0
2020-12-06,Army Black Knights,63.0,home,0.370056231,-3.3818759661,True,4.0,1.5
2020-12-06,La Salle Explorers,59.0,away,0.629943769,3.3818759661,False,-4.0,-1.5
2020-12-06,Long Beach State Beach,80.0,home,0.6390186613,3.8951731738,True,5.0,2.0
2020-12-06,Seattle U Redhawks,75.0,away,0.3609813387,-3.8951731738,False,-5.0,-2.0
2020-12-06,Howard Bison,63.0,home,0.86319351,12.2618411434,False,-21.0,-5.5
2020-12-06,Bellarmine Knights,84.0,away,0.13680649,-12.2618411434,True,21.0,5.5
2020-12-06,Stephen F. Austin Lumberjacks,97.0,home,0.9810376368,29.2710854685,True,18.0,0.0
2020-12-06,LSU Alexandria Bull Terriers,79.0,away,0.0189623632,-29.2710854685,False,-18.0,0.0
2020-12-06,Georgetown Hoyas,71.0,home,0.2792044925,-6.6934636307,False,-9.0,-11.0
2020-12-06,West Virginia Mountaineers,80.0,away,0.7207955075,6.6934636307,True,9.0,11.0
2020-12-06,Longwood Lancers,64.0,home,0.9338994954,19.0978992335,False,-3.0,0.0
2020-12-06,Greensboro College Pride,67.0,away,0.0661005046,-19.0978992335,True,3.0,0.0
2020-12-06,Marist Red Foxes,64.0,home,0.611559173,2.8283254053,True,4.0,6.0
2020-12-06,Binghamton Bearcats,60.0,away,0.388440827,-2.8283254053,False,-4.0,-6.0
2020-12-06,App State Mountaineers,81.0,home,0.9790591127,27.3188587539,True,24.0,0.0
2020-12-06,NC Wesleyan Battling Bishops,57.0,away,0.0209408873,-27.3188587539,False,-24.0,0.0
2020-12-06,Oregon State Beavers,73.0,home,0.9340077673,17.1186240964,False,-3.0,9.0
2020-12-06,Wyoming Cowboys,76.0,away,0.0659922327,-17.1186240964,True,3.0,-9.0
2020-12-06,Texas A&M Aggies,81.0,home,0.8819616004,13.6364592503,True,13.0,14.5
2020-12-06,UT Rio Grande Valley Vaqueros,68.0,away,0.1180383996,-13.6364592503,False,-13.0,-14.5
2020-12-07,Notre Dame Fighting Irish,78.0,home,0.8109235411,9.941731245,True,8.0,13.0
2020-12-07,Detroit Mercy Titans,70.0,away,0.1890764588999999,-9.941731245,False,-8.0,-13.0
2020-12-06,Southern Illinois Salukis,102.0,home,0.9488214021,20.1167133234,True,41.0,0.0
2020-12-06,Quincy Hawks,61.0,away,0.0511785979,-20.1167133234,False,-41.0,0.0
2020-12-06,TCU Horned Frogs,78.0,home,0.394399727,-2.8669313795,False,-4.0,-4.5
2020-12-06,Oklahoma Sooners,82.0,away,0.605600273,2.8669313795,True,4.0,4.5
2020-12-06,Michigan Wolverines,80.0,home,0.8395097441,11.8507792948,True,22.0,12.5
2020-12-06,UCF Knights,58.0,away,0.1604902559,-11.8507792948,False,-22.0,-12.5
2020-12-06,Georgia Tech Yellow Jackets,79.0,home,0.4977354616999999,-0.0655738143,True,17.0,-7.0
2020-12-06,Kentucky Wildcats,62.0,away,0.5022645383,0.0655738143,False,-17.0,7.0
2020-12-06,LSU Tigers,86.0,home,0.8218554397,9.6350306068,True,31.0,9.5
2020-12-06,Louisiana Tech Bulldogs,55.0,away,0.1781445602999999,-9.6350306068,False,-31.0,-9.5
2020-12-06,Sam Houston Bearkats,117.0,home,0.9207062885,18.4053867111,True,63.0,0.0
2020-12-06,Howard Payne Yellow Jackets,54.0,away,0.0792937115,-18.4053867111,False,-63.0,0.0
2020-12-06,Bowling Green Falcons,86.0,home,0.4749600608,-0.7456016316,True,8.0,2.5
2020-12-06,Buffalo Bulls,78.0,away,0.5250399392,0.7456016316,False,-8.0,-2.5
2020-12-07,Penn State Nittany Lions,92.0,home,0.4960323416,-0.1046158591,False,-6.0,2.5
2020-12-07,Seton Hall Pirates,98.0,away,0.5039676584,0.1046158591,True,6.0,-2.5
2020-12-07,UCLA Bruins,76.0,home,0.7326745665,6.2914402614,True,20.0,9.5
2020-12-07,California Golden Bears,56.0,away,0.2673254335,-6.2914402614,False,-20.0,-9.5
2020-12-06,San Diego State Aztecs,65.0,home,0.6877207311,4.8615326447,True,5.0,9.0
2020-12-06,Pepperdine Waves,60.0,away,0.3122792689,-4.8615326447,False,-5.0,-9.0
2020-12-06,North Carolina A&T Aggies,46.0,home,0.2405453913,-7.9711532366,False,-32.0,-18.5
2020-12-06,Stanford Cardinal,78.0,away,0.7594546087,7.9711532366,True,32.0,18.5
2020-12-05,Mercer Bears,88.0,home,0.9842646913,29.9381455699,True,26.0,0.0
2020-12-05,Columbia International Rams,62.0,away,0.0157353087,-29.9381455699,False,-26.0,0.0
2020-12-05,George Washington Revolutionaries,85.0,home,0.7970825750999999,9.5398666646,True,16.0,10.5
2020-12-05,Coppin State Eagles,69.0,away,0.2029174249,-9.5398666646,False,-16.0,-10.5
2020-12-05,Delaware Blue Hens,79.0,home,0.9610070705,22.7564307672,True,3.0,0.0
2020-12-05,Salem University SALEM UNIVERSITY,76.0,away,0.0389929295,-22.7564307672,False,-3.0,0.0
2020-12-05,UNC Asheville Bulldogs,77.0,home,0.909435326,16.8687920103,True,21.0,15.5
2020-12-05,South Carolina State Bulldogs,56.0,away,0.0905646739999999,-16.8687920103,False,-21.0,-15.5
2020-12-05,The Citadel Bulldogs,100.0,home,0.9592237833,23.0864792053,True,42.0,0.0
2020-12-05,Toccoa Falls Eagles,58.0,away,0.0407762167,-23.0864792053,False,-42.0,0.0
2020-12-05,East Carolina Pirates,63.0,home,0.9170880013,15.2244489325,True,13.0,10.5
2020-12-05,Radford Highlanders,50.0,away,0.0829119987,-15.2244489325,False,-13.0,-10.5
2020-12-05,Chattanooga Mocs,79.0,home,0.8053671546,8.3849700594,True,7.0,0.0
2020-12-05,Northern Kentucky Norse,72.0,away,0.1946328454,-8.3849700594,False,-7.0,0.0
2020-12-05,VCU Rams,60.0,home,0.8222561426,9.6976003259,True,18.0,14.0
2020-12-05,Mount St. Mary's Mountaineers,42.0,away,0.1777438573999999,-9.6976003259,False,-18.0,-14.0
2020-12-05,Binghamton Bearcats,65.0,home,0.5609567414,1.5747008129,False,-3.0,-4.5
2020-12-05,Marist Red Foxes,68.0,away,0.4390432586,-1.5747008129,True,3.0,4.5
2020-12-05,Liberty Flames,86.0,home,0.9864650622,28.8808624961,True,22.0,0.0
2020-12-05,Bluefield University Ramblin' Rams,64.0,away,0.0135349378,-28.8808624961,False,-22.0,0.0
2020-12-05,Kansas Jayhawks,65.0,home,0.9705695404,21.8817990007,True,4.0,24.5
2020-12-05,North Dakota State Bison,61.0,away,0.0294304596,-21.8817990007,False,-4.0,-24.5
2020-12-05,Sacramento State Hornets,73.0,home,0.7802384508,7.8975212266,True,16.0,12.5
2020-12-05,Idaho Vandals,57.0,away,0.2197615492,-7.8975212266,False,-16.0,-12.5
2020-12-05,Bryant Bulldogs,138.0,home,0.9317729307,20.5959181235,True,55.0,0.0
2020-12-05,Rhode Island College Anchormen,83.0,away,0.0682270693,-20.5959181235,False,-55.0,0.0
2020-12-05,High Point Panthers,85.0,home,0.5969306801,2.693420624,True,11.0,5.0
2020-12-05,North Florida Ospreys,74.0,away,0.4030693199,-2.693420624,False,-11.0,-5.0
2020-12-05,Arizona Wildcats,70.0,home,0.8411382459,11.7890195034,True,3.0,12.5
2020-12-05,Eastern Washington Eagles,67.0,away,0.1588617541,-11.7890195034,False,-3.0,-12.5
2020-12-05,Charleston Cougars,57.0,home,0.5424900924,1.1151090092,False,-24.0,-7.5
2020-12-05,Furman Paladins,81.0,away,0.4575099076,-1.1151090092,True,24.0,7.5
2020-12-05,Houston Cougars,77.0,home,0.7937918526,8.9909742596,True,10.0,8.0
2020-12-05,South Carolina Gamecocks,67.0,away,0.2062081474,-8.9909742596,False,-10.0,-8.0
2020-12-05,Ball State Cardinals,68.0,home,0.7429625165,7.1514183034,True,2.0,5.5
2020-12-05,UIC Flames,66.0,away,0.2570374835,-7.1514183034,False,-2.0,-5.5
2020-12-05,Southern Utah Thunderbirds,75.0,home,0.6705188594,4.4771146011,True,1.0,-3.0
2020-12-05,Montana Grizzlies,74.0,away,0.3294811406,-4.4771146011,False,-1.0,3.0
2020-12-05,Dayton Flyers,64.0,home,0.5274335162,0.7387654162,False,-2.0,1.5
2020-12-05,SMU Mustangs,66.0,away,0.4725664838,-0.7387654162,True,2.0,-1.5
2020-12-05,SIU Edwardsville Cougars,63.0,home,0.3806626252,-3.4184436876,False,-2.0,-4.0
2020-12-05,Omaha Mavericks,65.0,away,0.6193373748,3.4184436876,True,2.0,4.0
2020-12-05,Hofstra Pride,74.0,home,0.7674181704,7.792716796,False,-8.0,8.5
2020-12-05,Iona Gaels,82.0,away,0.2325818296,-7.792716796,True,8.0,-8.5
2020-12-05,Texas State Bobcats,72.0,home,0.8036472508999999,9.1158529813,True,8.0,16.5
2020-12-05,Incarnate Word Cardinals,64.0,away,0.1963527491,-9.1158529813,False,-8.0,-16.5
2020-12-05,Providence Friars,79.0,home,0.8696021823,12.2262917716,True,12.0,20.5
2020-12-05,Fairleigh Dickinson Knights,67.0,away,0.1303978177,-12.2262917716,False,-12.0,-20.5
2020-12-05,Belmont Bruins,83.0,home,0.8270998650999999,10.7240044032,False,-13.0,18.0
2020-12-05,Samford Bulldogs,96.0,away,0.1729001349,-10.7240044032,True,13.0,-18.0
2020-12-05,Utah Tech Trailblazers,86.0,home,0.8801446444,14.4798319248,True,38.0,0.0
2020-12-05,University of Saint Katherine Saint Katherine,48.0,away,0.1198553556,-14.4798319248,False,-38.0,0.0
2020-12-05,Arkansas Razorbacks,86.0,home,0.9002444106,13.9068971414,True,36.0,17.0
2020-12-05,Lipscomb Bisons,50.0,away,0.0997555894,-13.9068971414,False,-36.0,-17.0
2020-12-05,Murray State Racers,76.0,home,0.8497567124,16.6730330927,True,11.0,11.5
2020-12-05,Illinois State Redbirds,65.0,away,0.1502432876,-16.6730330927,False,-11.0,-11.5
2020-12-05,Robert Morris Colonials,75.0,home,0.9723289094,25.052549429,True,18.0,0.0
2020-12-05,Point Park Pioneers,57.0,away,0.0276710906,-25.052549429,False,-18.0,0.0
2020-12-06,Saint Louis Billikens,107.0,home,0.9468444956,20.3476479185,True,53.0,33.0
2020-12-06,Arkansas-Pine Bluff Golden Lions,54.0,away,0.0531555044,-20.3476479185,False,-53.0,-33.0
2020-12-06,Oklahoma State Cowboys,84.0,home,0.9408667942,19.6352598905,True,13.0,22.5
2020-12-06,Oakland Golden Grizzlies,71.0,away,0.0591332058,-19.6352598905,False,-13.0,-22.5
2020-12-05,Louisiana Ragin' Cajuns,84.0,home,0.9497593762999998,22.6940285764,True,11.0,0.0
2020-12-05,LSU Shreveport Pilots,73.0,away,0.0502406237,-22.6940285764,False,-11.0,0.0
2020-12-05,Wright State Raiders,71.0,home,0.7200962881000001,6.3536410475,True,24.0,4.5
2020-12-05,Miami (OH) RedHawks,47.0,away,0.2799037119,-6.3536410475,False,-24.0,-4.5
2020-12-05,Air Force Falcons,59.0,home,0.4536561553,-1.1766854858,True,15.0,5.0
2020-12-05,Lamar Cardinals,44.0,away,0.5463438447,1.1766854858,False,-15.0,-5.0
2020-12-05,Green Bay Phoenix,91.0,home,0.17534129,-11.4495113789,False,-2.0,-5.5
2020-12-05,Eastern Illinois Panthers,93.0,away,0.82465871,11.4495113789,True,2.0,5.5
2020-12-05,Northwestern Wildcats,111.0,home,0.9794787977,24.5140397361,True,45.0,32.0
2020-12-05,Chicago State Cougars,66.0,away,0.0205212023,-24.5140397361,False,-45.0,-32.0
2020-12-06,Pittsburgh Panthers,89.0,home,0.9007968797,13.907960834,True,30.0,14.5
2020-12-06,Northern Illinois Huskies,59.0,away,0.0992031203,-13.907960834,False,-30.0,-14.5
2020-12-06,Florida Gulf Coast Eagles,91.0,home,0.9605725452,22.3231300263,True,17.0,0.0
2020-12-06,Florida National Conquistadors,74.0,away,0.0394274548,-22.3231300263,False,-17.0,0.0
2020-12-06,Syracuse Orange,87.0,home,0.9547141017,22.2160356951,True,35.0,24.0
2020-12-06,Rider Broncs,52.0,away,0.0452858983,-22.2160356951,False,-35.0,-24.0
2020-12-05,South Carolina Upstate Spartans,69.0,home,0.4781316605,-0.6018725079,False,-3.0,-3.5
2020-12-05,Georgia Southern Eagles,72.0,away,0.5218683395,0.6018725079,True,3.0,3.5
2020-12-06,UTEP Miners,84.0,home,0.9852686407,31.5064147612,True,19.0,0.0
2020-12-06,Sul Ross State Lobos,65.0,away,0.0147313593,-31.5064147612,False,-19.0,0.0
2020-12-06,Houston Christian Huskies,64.0,home,0.3993919589,-3.0977861938,False,-22.0,-8.0
2020-12-06,Rice Owls,86.0,away,0.6006080411,3.0977861938,True,22.0,8.0
2020-12-05,Loyola Chicago Ramblers,76.0,home,0.9937357453,34.9125123799,True,28.0,0.0
2020-12-05,Lewis Flyers,48.0,away,0.0062642547,-34.9125123799,False,-28.0,0.0
2020-12-06,Abilene Christian Wildcats,69.0,home,0.9247489142,18.805676054,True,21.0,14.5
2020-12-06,Tarleton State Texans,48.0,away,0.0752510858,-18.805676054,False,-21.0,-14.5
2020-12-06,Kansas State Wildcats,58.0,home,0.6372858524,3.4301820471,False,-10.0,3.0
2020-12-06,UNLV Rebels,68.0,away,0.3627141476,-3.4301820471,True,10.0,-3.0
2020-12-06,Portland Pilots,86.0,home,0.5421986001,1.1656331533,True,13.0,-3.0
2020-12-06,Portland State Vikings,73.0,away,0.4578013999,-1.1656331533,False,-13.0,3.0
2020-12-06,Utah State Aggies,64.0,home,0.3405263152,-4.4069089837,False,-3.0,-1.5
2020-12-06,BYU Cougars,67.0,away,0.6594736847999999,4.4069089837,True,3.0,1.5
2020-12-10,Campbell Fighting Camels,122.0,home,0.9626393103,21.8661070823,True,30.0,0.0
2020-12-10,Florida National Conquistadors,92.0,away,0.0373606897,-21.8661070823,False,-30.0,0.0
2020-12-10,Ohio Bobcats,92.0,home,0.9898018391,33.4730554574,True,20.0,0.0
2020-12-10,Purdue Northwest Pride,72.0,away,0.0101981609,-33.4730554574,False,-20.0,0.0
2020-12-11,Texas A&M-Corpus Christi Islanders,64.0,home,0.5055473329,0.1477583563,False,-4.0,-2.0
2020-12-11,UT Rio Grande Valley Vaqueros,68.0,away,0.4944526670999999,-0.1477583563,True,4.0,2.0
2020-12-11,California Baptist Lancers,93.0,home,0.9596942568,22.4238703648,True,46.0,0.0
2020-12-11,University of Saint Katherine Saint Katherine,47.0,away,0.0403057432,-22.4238703648,False,-46.0,0.0
2020-12-11,Minnesota Golden Gophers,90.0,home,0.8692341444,14.0756379881,True,29.0,17.0
2020-12-11,Kansas City Roos,61.0,away,0.1307658556,-14.0756379881,False,-29.0,-17.0
2020-12-11,San Francisco Dons,107.0,home,0.8027686839,10.2992562789,True,45.0,16.0
2020-12-11,Long Beach State Beach,62.0,away,0.1972313161,-10.2992562789,False,-45.0,-16.0
2020-12-10,Jacksonville Dolphins,77.0,home,0.6135043988,3.3265900688,True,7.0,7.0
2020-12-10,New Orleans Privateers,70.0,away,0.3864956012,-3.3265900688,False,-7.0,-7.0
2020-12-10,Western Illinois Leathernecks,80.0,home,0.9030460563,16.0691948176,True,25.0,0.0
2020-12-10,Mount St. Joseph Lions,55.0,away,0.0969539437,-16.0691948176,False,-25.0,0.0
2020-12-10,Buffalo Bulls,81.0,home,0.9894698353,34.4251057318,True,17.0,0.0
2020-12-10,Mercyhurst Lakers,64.0,away,0.0105301647,-34.4251057318,False,-17.0,0.0
2020-12-11,Oregon State Beavers,86.0,home,0.8992512552,14.7899193391,False,-1.0,15.5
2020-12-11,Portland Pilots,87.0,away,0.1007487448,-14.7899193391,True,1.0,-15.5
2020-12-11,North Alabama Lions,57.0,home,0.7456059627,6.8771335397,False,-5.0,3.5
2020-12-11,Troy Trojans,62.0,away,0.2543940373,-6.8771335397,True,5.0,-3.5
2020-12-11,Ole Miss Rebels,80.0,home,0.8978392413,15.3799079156,True,35.0,22.5
2020-12-11,Jackson State Tigers,45.0,away,0.1021607587,-15.3799079156,False,-35.0,-22.5
2020-12-10,East Carolina Pirates,73.0,home,0.8327981102000002,11.0970544464,True,6.0,14.5
2020-12-10,North Florida Ospreys,67.0,away,0.1672018898,-11.0970544464,False,-6.0,-14.5
2020-12-10,Morehead State Eagles,81.0,home,0.9589002305,21.0294732949,True,26.0,0.0
2020-12-10,Transylvania Pioneers,55.0,away,0.0410997695,-21.0294732949,False,-26.0,0.0
2020-12-10,South Dakota Coyotes,71.0,home,0.4547650347,-1.2293977975,False,-4.0,3.0
2020-12-10,North Dakota Fighting Hawks,75.0,away,0.5452349653,1.2293977975,True,4.0,-3.0
2020-12-11,Sam Houston Bearkats,107.0,home,0.9350939288,20.3444874895,True,42.0,0.0
2020-12-11,LeTourneau Yellow Jackets,65.0,away,0.0649060712,-20.3444874895,False,-42.0,0.0
2020-12-11,Western Kentucky Hilltoppers,86.0,home,0.9037535176,13.8547140149,True,2.0,19.5
2020-12-11,Gardner-Webb Runnin' Bulldogs,84.0,away,0.0962464823999999,-13.8547140149,False,-2.0,-19.5
2020-12-11,Coppin State Eagles,86.0,home,0.1784824383,-11.1543563439,True,6.0,-21.5
2020-12-11,UNC Greensboro Spartans,80.0,away,0.8215175617,11.1543563439,False,-6.0,21.5
2020-12-11,Northern Arizona Lumberjacks,50.0,home,0.5667021021,1.6946668046,False,-24.0,-25.5
2020-12-11,UC Riverside Highlanders,74.0,away,0.4332978979,-1.6946668046,True,24.0,25.5
2020-12-11,Arizona State Sun Devils,68.0,home,0.5665398494,1.8505071865,False,-12.0,2.0
2020-12-11,San Diego State Aztecs,80.0,away,0.4334601506,-1.8505071865,True,12.0,-2.0
2020-12-11,South Dakota State Jackrabbits,77.0,home,0.8378678494999999,10.2727202001,True,2.0,9.5
2020-12-11,North Dakota State Bison,75.0,away,0.1621321505,-10.2727202001,False,-2.0,-8.0
2020-12-11,Miami (OH) RedHawks,79.0,home,0.9630914072,22.3577175328,True,15.0,0.0
2020-12-11,Mount St. Joseph Lions,64.0,away,0.0369085928,-22.3577175328,False,-15.0,0.0
2020-12-11,North Dakota Fighting Hawks,62.0,home,0.1037337877,-13.6934217875,False,-12.0,-9.5
2020-12-11,South Dakota State Jackrabbits,74.0,away,0.8962662123,13.6934217875,True,12.0,9.5
2020-12-11,Eastern Washington Eagles,80.0,home,0.9787795625,27.8393105382,True,24.0,0.0
2020-12-11,College of Idaho Yotes,56.0,away,0.0212204375,-27.8393105382,False,-24.0,0.0
2020-12-11,West Virginia Mountaineers,62.0,home,0.8090488478000001,9.4126846887,True,12.0,13.0
2020-12-11,North Texas Mean Green,50.0,away,0.1909511522,-9.4126846887,False,-12.0,-13.0
2020-12-12,Iowa Hawkeyes,105.0,home,0.8009910768,9.6442234115,True,28.0,13.0
2020-12-12,Iowa State Cyclones,77.0,away,0.1990089232,-9.6442234115,False,-28.0,-13.0
2020-12-12,Canisius Golden Griffins,81.0,home,0.7087492923,5.7018945338,True,9.0,3.5
2020-12-12,Marist Red Foxes,72.0,away,0.2912507077,-5.7018945338,False,-9.0,-3.5
2020-12-11,Seton Hall Pirates,77.0,home,0.6709974021,5.1796408825,True,9.0,4.0
2020-12-11,St. John's Red Storm,68.0,away,0.3290025978999999,-5.1796408825,False,-9.0,-4.0
2020-12-12,Southern Illinois Salukis,70.0,home,0.1782540347,-10.7347202179,True,4.0,-7.0
2020-12-12,Murray State Racers,66.0,away,0.8217459653,10.7347202179,False,-4.0,7.0
2020-12-11,Texas Southern Tigers,103.0,home,0.9759880137,26.3013451,True,43.0,0.0
2020-12-11,LeTourneau Yellow Jackets,60.0,away,0.0240119863,-26.3013451,False,-43.0,0.0
2020-12-12,Georgetown Hoyas,63.0,home,0.1503155066,-11.0559636563,False,-13.0,-11.5
2020-12-12,Villanova Wildcats,76.0,away,0.8496844934,11.0559636563,True,13.0,11.5
2020-12-12,UT Arlington Mavericks,91.0,home,0.9688873099,24.6113450248,True,25.0,0.0
2020-12-12,Hardin-Simmons Cowboys,66.0,away,0.0311126901,-24.6113450248,False,-25.0,0.0
2020-12-12,Kansas Jayhawks,95.0,home,0.9318748835,17.9762402929,True,45.0,25.0
2020-12-12,Omaha Mavericks,50.0,away,0.0681251165,-17.9762402929,False,-45.0,-25.0
2020-12-12,Creighton Bluejays,98.0,home,0.8484729381,12.0962292692,True,24.0,14.0
2020-12-12,Nebraska Cornhuskers,74.0,away,0.1515270619,-12.0962292692,False,-24.0,-14.0
2020-12-12,Delaware Blue Hens,68.0,home,0.3576634057,-3.9415957353,True,3.0,-1.0
2020-12-12,George Washington Revolutionaries,65.0,away,0.6423365943,3.9415957353,False,-3.0,1.0
2020-12-11,Massachusetts Minutemen,94.0,home,0.8635539684,11.7228089547,True,15.0,6.5
2020-12-11,Northeastern Huskies,79.0,away,0.1364460316,-11.7228089547,False,-15.0,-6.5
2020-12-11,Charlotte 49ers,57.0,home,0.5341660139,0.8059933798,False,-4.0,3.0
2020-12-11,App State Mountaineers,61.0,away,0.4658339861,-0.8059933798,True,4.0,-3.0
2020-12-12,Davidson Wildcats,77.0,home,0.946941277,17.8757875163,True,32.0,13.5
2020-12-12,Georgia Southern Eagles,45.0,away,0.053058723,-17.8757875163,False,-32.0,-13.5
2020-12-11,Manhattan Jaspers,64.0,home,0.6835824028,4.6730508756,False,-18.0,1.0
2020-12-11,Rider Broncs,82.0,away,0.3164175972,-4.6730508756,True,18.0,-1.0
2020-12-12,Fairfield Stags,42.0,home,0.5289686632,0.7526747854,False,-28.0,-4.0
2020-12-12,Iona Gaels,70.0,away,0.4710313368,-0.7526747854,True,28.0,4.0
2020-12-12,Charleston Cougars,90.0,home,0.9508030802,20.0610708121,True,27.0,20.5
2020-12-12,South Carolina State Bulldogs,63.0,away,0.0491969198,-20.0610708121,False,-27.0,-20.5
2020-12-12,Arkansas State Red Wolves,81.0,home,0.9309296992,18.566212443,True,12.0,0.0
2020-12-12,Central Baptist College Mustangs,69.0,away,0.0690703008,-18.566212443,False,-12.0,0.0
2020-12-12,Kansas State Wildcats,76.0,home,0.7418979341,6.6317957548,True,1.0,11.0
2020-12-12,Milwaukee Panthers,75.0,away,0.2581020659,-6.6317957548,False,-1.0,-11.0
2020-12-12,Northern Colorado Bears,83.0,home,0.9614746672,22.1852766141,True,25.0,0.0
2020-12-12,Regis (CO) REGIS UNIVERSITY,58.0,away,0.0385253328,-22.1852766141,False,-25.0,0.0
2020-12-12,Grand Canyon Lopes,87.0,home,0.6971912105,5.1805638487,True,10.0,-1.0
2020-12-12,Nevada Wolf Pack,77.0,away,0.3028087895,-5.1805638487,False,-10.0,1.0
2020-12-12,Saint Mary's Gaels,96.0,home,0.9050364866,14.8331729473,True,35.0,18.5
2020-12-12,San José State Spartans,61.0,away,0.0949635134,-14.8331729473,False,-35.0,-18.5
2020-12-12,UCLA Bruins,69.0,home,0.6839325185,4.9155928511,True,9.0,4.5
2020-12-12,Marquette Golden Eagles,60.0,away,0.3160674815,-4.9155928511,False,-9.0,-4.5
2020-12-12,Saint Peter's Peacocks,70.0,home,0.4386037454,-1.6632641347,True,16.0,8.5
2020-12-12,Niagara Purple Eagles,54.0,away,0.5613962546,1.6632641347,False,-16.0,-8.5
2020-12-12,North Dakota State Bison,74.0,home,0.6365168793,3.5317717102,True,7.0,5.0
2020-12-12,South Dakota Coyotes,67.0,away,0.3634831207,-3.5317717102,False,-7.0,-3.5
2020-12-12,Hawai'i Rainbow Warriors,83.0,home,0.9716309449,24.8449343474,True,33.0,0.0
2020-12-12,Hawai'i Pacific Sea Warriors,50.0,away,0.0283690551,-24.8449343474,False,-33.0,0.0
2020-12-12,Houston Christian Huskies,93.0,home,0.9170445605,17.4685914725,True,33.0,0.0
2020-12-12,Champion Christian Tigers,60.0,away,0.0829554395,-17.4685914725,False,-33.0,0.0
2020-12-15,Creighton Bluejays,84.0,home,0.7825087751999998,8.9730625263,False,-5.0,8.5
2020-12-15,Marquette Golden Eagles,89.0,away,0.2174912248,-8.9730625263,True,5.0,-8.5
2020-12-15,McNeese Cowboys,110.0,home,0.9685616617,26.6825121878,True,46.0,0.0
2020-12-15,Arlington Baptist Patriots,64.0,away,0.0314383383,-26.6825121878,False,-46.0,0.0
2020-12-15,Ole Miss Rebels,68.0,home,0.9018004682,15.9991903854,True,14.0,23.5
2020-12-15,Central Arkansas Bears,54.0,away,0.0981995318,-15.9991903854,False,-14.0,-23.5
2020-12-15,San Diego Toreros,72.0,home,0.550152894,1.3910231647,False,-7.0,-3.5
2020-12-15,Nevada Wolf Pack,79.0,away,0.449847106,-1.3910231647,True,7.0,3.5
2020-12-14,Youngstown State Penguins,80.0,home,0.0,0.0,True,14.0,0.0
2020-12-14,WVU Tech Golden Bears,66.0,away,0.0,0.0,False,-14.0,0.0
2020-12-14,LSU Tigers,88.0,home,0.9633724552,22.9875770611,True,22.0,28.5
2020-12-14,Sam Houston Bearkats,66.0,away,0.0366275448,-22.9875770611,False,-22.0,-28.5
2020-12-14,Radford Highlanders,67.0,home,0.4963395747,-0.0910589121,True,1.0,4.5
2020-12-14,Longwood Lancers,66.0,away,0.5036604253,0.0910589121,False,-1.0,-4.5
2020-12-15,Colorado State Rams,91.0,home,0.7960946126,8.7318100492,True,39.0,15.5
2020-12-15,Northern Arizona Lumberjacks,52.0,away,0.2039053874,-8.7318100492,False,-39.0,-15.5
2020-12-14,Central Michigan Chippewas,91.0,home,0.9736371471000002,26.6519157732,True,52.0,0.0
2020-12-14,St. Francis (IL) Fighting Saints,39.0,away,0.0263628529,-26.6519157732,False,-52.0,0.0
2020-12-15,Austin Peay Governors,82.0,home,0.9879154197,30.7525626004,True,14.0,0.0
2020-12-15,McKendree Bearcats,68.0,away,0.0120845803,-30.7525626004,False,-14.0,0.0
2020-12-14,Presbyterian Blue Hose,85.0,home,0.8752122941,14.2033718146,True,39.0,0.0
2020-12-14,Carver College Cougars,46.0,away,0.1247877059,-14.2033718146,False,-39.0,0.0
2020-12-15,UT Rio Grande Valley Vaqueros,89.0,home,0.9687930126,25.3711734761,True,38.0,0.0
2020-12-15,Texas A&M-International Dustdevils,51.0,away,0.0312069874,-25.3711734761,False,-38.0,0.0
2020-12-15,Colorado Buffaloes,81.0,home,0.9216411574,15.6160482656,True,36.0,13.5
2020-12-15,Northern Colorado Bears,45.0,away,0.0783588426,-15.6160482656,False,-36.0,-13.5
2020-12-15,George Washington Revolutionaries,84.0,home,0.8811483215,13.6871587565,False,-1.0,5.5
2020-12-15,William & Mary Tribe,85.0,away,0.1188516785,-13.6871587565,True,1.0,-5.5
2020-12-14,Morehead State Eagles,75.0,home,0.314600446,-5.3000617947,True,13.0,-5.5
2020-12-14,Eastern Kentucky Colonels,62.0,away,0.685399554,5.3000617947,False,-13.0,5.5
2020-12-14,Maryland Terrapins,60.0,home,0.5561436713,1.5058802772,False,-14.0,2.5
2020-12-14,Rutgers Scarlet Knights,74.0,away,0.4438563287,-1.5058802772,True,14.0,-2.5
2020-12-09,Fairleigh Dickinson Knights,79.0,home,0.8106308678,9.989296723,True,8.0,7.5
2020-12-09,Central Connecticut Blue Devils,71.0,away,0.1893691322,-9.989296723,False,-8.0,-7.5
2020-12-10,Texas Tech Red Raiders,51.0,home,0.9244580351,16.5862058339,True,7.0,15.0
2020-12-10,Abilene Christian Wildcats,44.0,away,0.0755419649,-16.5862058339,False,-7.0,-15.0
2020-12-09,Clemson Tigers,67.0,home,0.6504169250000001,3.9082695936,True,16.0,2.0
2020-12-09,Maryland Terrapins,51.0,away,0.349583075,-3.9082695936,False,-16.0,-2.0
2020-12-09,Campbell Fighting Camels,79.0,home,0.5870375725,2.288729494,True,9.0,5.0
2020-12-09,New Orleans Privateers,70.0,away,0.4129624274999999,-2.288729494,False,-9.0,-5.0
2020-12-09,Cincinnati Bearcats,78.0,home,0.6105537998,3.0050323973,True,5.0,3.5
2020-12-09,Furman Paladins,73.0,away,0.3894462001999999,-3.0050323973,False,-5.0,-3.5
2020-12-09,Loyola Chicago Ramblers,88.0,home,0.9851593592,25.4597978233,True,37.0,35.5
2020-12-09,Chicago State Cougars,51.0,away,0.0148406408,-25.4597978233,False,-37.0,-35.5
2020-12-10,Arizona Wildcats,85.0,home,0.8133782196,9.7226222071,True,25.0,16.0
2020-12-10,Cal State Bakersfield Roadrunners,60.0,away,0.1866217804,-9.7226222071,False,-25.0,-16.0
2020-12-09,St. Francis Brooklyn Terriers,93.0,home,0.6267419794,4.2349820684,True,2.0,-5.5
2020-12-09,Bryant Bulldogs,91.0,away,0.3732580206,-4.2349820684,False,-2.0,5.5
2020-12-10,VCU Rams,95.0,home,0.8098999738,10.4456975916,True,36.0,23.5
2020-12-10,North Carolina A&T Aggies,59.0,away,0.1901000262,-10.4456975916,False,-36.0,-23.5
2020-12-10,Youngstown State Penguins,72.0,home,0.9664408206,23.8320302911,True,20.0,0.0
2020-12-10,Point Park Pioneers,52.0,away,0.0335591794,-23.8320302911,False,-20.0,0.0
2020-12-09,Radford Highlanders,98.0,home,0.9041245161,15.2102251265,True,48.0,0.0
2020-12-09,Mars Hill Mountain Lions,50.0,away,0.0958754839,-15.2102251265,False,-48.0,0.0
2020-12-09,Richmond Spiders,78.0,home,0.7513675673,7.9909348911,True,10.0,10.0
2020-12-09,Northern Iowa Panthers,68.0,away,0.2486324327,-7.9909348911,False,-10.0,-10.0
2020-12-09,Wisconsin Badgers,73.0,home,0.8277683401,10.2274375052,True,11.0,10.0
2020-12-09,Rhode Island Rams,62.0,away,0.1722316598999999,-10.2274375052,False,-11.0,-10.0
2020-12-09,Miami (OH) RedHawks,67.0,home,0.7690088695,8.2985537537,True,10.0,13.0
2020-12-09,Western Illinois Leathernecks,57.0,away,0.2309911305,-8.2985537537,False,-10.0,-13.0
2020-12-09,Michigan Wolverines,91.0,home,0.8500626998,11.2205989333,True,20.0,14.0
2020-12-09,Toledo Rockets,71.0,away,0.1499373002,-11.2205989333,False,-20.0,-14.0
2020-12-09,Morehead State Eagles,77.0,home,0.9570506972,20.9936561172,True,22.0,0.0
2020-12-09,Transylvania Pioneers,55.0,away,0.0429493028,-20.9936561172,False,-22.0,0.0
2020-12-10,Texas Longhorns,74.0,home,0.9424667394,18.3921804128,True,21.0,17.5
2020-12-10,Texas State Bobcats,53.0,away,0.0575332606,-18.3921804128,False,-21.0,-17.5
2020-12-09,TCU Horned Frogs,70.0,home,0.552841047,1.2200790375,False,-9.0,1.0
2020-12-09,Providence Friars,79.0,away,0.4471589529999999,-1.2200790375,True,9.0,-1.0
2020-12-10,Jacksonville Dolphins,78.0,home,0.9600572786,23.8915013578,True,9.0,7.0
2020-12-10,Florida National Conquistadors,69.0,away,0.0399427214,-23.8915013578,False,-9.0,0.0
2020-12-10,Eastern Michigan Eagles,95.0,home,0.9748438597,25.9773768718,True,60.0,0.0
2020-12-10,Adrian Bulldogs,35.0,away,0.0251561403,-25.9773768718,False,-60.0,0.0
2020-12-10,Charleston Cougars,72.0,home,0.4374883578,-1.7102358344,False,-12.0,-6.5
2020-12-10,Marshall Thundering Herd,84.0,away,0.5625116422,1.7102358344,True,12.0,6.5
2020-12-10,Valparaiso Beacons,80.0,home,0.7370396948,6.4121304771,True,22.0,11.0
2020-12-10,SIU Edwardsville Cougars,58.0,away,0.2629603052,-6.4121304771,False,-22.0,-11.0
2020-12-10,Evansville Purple Aces,68.0,home,0.2118240212,-8.1728492325,True,3.0,-3.0
2020-12-10,Eastern Illinois Panthers,65.0,away,0.7881759787999999,8.1728492325,False,-3.0,3.0
2020-12-10,Arkansas State Red Wolves,74.0,home,0.6656815445999998,4.7201649178,False,-1.0,12.5
2020-12-10,Arkansas-Pine Bluff Golden Lions,75.0,away,0.3343184554,-4.7201649178,True,1.0,-12.5
2020-12-10,The Citadel Bulldogs,102.0,home,0.9645229258,23.5172299716,True,51.0,0.0
2020-12-10,Carver College Cougars,51.0,away,0.0354770742,-23.5172299716,False,-51.0,0.0
2020-12-10,UNC Wilmington Seahawks,116.0,home,0.9553698571,22.2671752875,True,50.0,0.0
2020-12-10,St. Andrews Knights,66.0,away,0.0446301429,-22.2671752875,False,-50.0,0.0
2020-12-10,UL Monroe Warhawks,60.0,home,0.3576863655,-3.9311917755,False,-3.0,3.0
2020-12-10,Lamar Cardinals,63.0,away,0.6423136345,3.9311917755,True,3.0,-3.0
2020-12-10,Hofstra Pride,72.0,home,0.7589813513999999,7.8941787357,True,5.0,8.0
2020-12-10,Stony Brook Seawolves,67.0,away,0.2410186486,-7.8941787357,False,-5.0,-8.0
2020-12-10,Louisiana Tech Bulldogs,78.0,home,0.8611461713,13.0001952517,True,9.0,18.5
2020-12-10,SE Louisiana Lions,69.0,away,0.1388538287,-13.0001952517,False,-9.0,-18.5
2020-12-10,Nebraska Cornhuskers,64.0,home,0.5640829744,1.7684584446,False,-11.0,-3.0
2020-12-10,Georgia Tech Yellow Jackets,75.0,away,0.4359170256,-1.7684584446,True,11.0,3.0
2020-12-10,Tarleton State Texans,84.0,home,0.8576984155000001,13.6587618428,True,41.0,0.0
2020-12-10,Arlington Baptist Patriots,43.0,away,0.1423015845,-13.6587618428,False,-41.0,0.0
2020-12-10,San José State Spartans,87.0,home,0.941418587,20.5762719373,True,8.0,0.0
2020-12-10,Fresno Pacific Sunbirds,79.0,away,0.058581413,-20.5762719373,False,-8.0,0.0
2020-12-10,Florida State Seminoles,69.0,home,0.4958065457,-0.1108359247,True,2.0,3.5
2020-12-10,Indiana Hoosiers,67.0,away,0.5041934543,0.1108359247,False,-2.0,-3.5
2020-12-10,Bellarmine Knights,68.0,home,0.10348799,-14.1836158076,False,-9.0,-5.5
2020-12-10,Chattanooga Mocs,77.0,away,0.89651201,14.1836158076,True,9.0,5.5
2020-12-10,UAB Blazers,89.0,home,0.9913455728,34.4651666586,True,25.0,0.0
2020-12-10,Tuskegee Golden Tigers,64.0,away,0.0086544272,-34.4651666586,False,-25.0,0.0
2020-12-10,Baylor Bears,83.0,home,0.9370158028,18.4520741272,True,31.0,23.5
2020-12-10,Stephen F. Austin Lumberjacks,52.0,away,0.0629841972,-18.4520741272,False,-31.0,-23.5
2020-12-10,Utah Valley Wolverines,71.0,home,0.2214813275,-8.4848396415,False,-10.0,-4.5
2020-12-10,Southern Utah Thunderbirds,81.0,away,0.7785186725,8.4848396415,True,10.0,4.5
2020-12-10,Tulane Green Wave,58.0,home,0.710436282,4.8963477327,True,20.0,6.5
2020-12-10,Southern Miss Golden Eagles,38.0,away,0.289563718,-4.8963477327,False,-20.0,-6.5
2020-12-10,Arkansas Razorbacks,79.0,home,0.9318720995,17.9199536424,True,35.0,0.0
2020-12-10,Southern Jaguars,44.0,away,0.0681279005,-17.9199536424,False,-35.0,0.0
2020-12-10,Drake Bulldogs,90.0,home,0.9888009268,31.35771135,True,24.0,0.0
2020-12-10,McKendree Bearcats,66.0,away,0.0111990732,-31.35771135,False,-24.0,0.0
2020-12-10,Lipscomb Bisons,80.0,home,0.7167911108,5.7723048698,True,6.0,7.5
2020-12-10,Southeast Missouri State Redhawks,74.0,away,0.2832088892,-5.7723048698,False,-6.0,-7.5
2020-12-10,Xavier Musketeers,99.0,home,0.5389264464,1.0714405474,True,22.0,-3.0
2020-12-10,Oklahoma Sooners,77.0,away,0.4610735536,-1.0714405474,False,-22.0,3.0
2020-12-10,BYU Cougars,70.0,home,0.7741624046,8.3654704775,False,-4.0,3.5
2020-12-10,Boise State Broncos,74.0,away,0.2258375953999999,-8.3654704775,True,4.0,-3.5
2020-12-10,Washington State Cougars,61.0,home,0.847980978,11.1444510089,True,3.0,18.5
2020-12-10,Idaho Vandals,58.0,away,0.152019022,-11.1444510089,False,-3.0,-18.5
2020-12-10,Missouri Tigers,69.0,home,0.7838067588,7.9763396219,True,9.0,10.0
2020-12-10,Liberty Flames,60.0,away,0.2161932411999999,-7.9763396219,False,-9.0,-10.0
2020-12-10,Northern Colorado Bears,87.0,home,0.9591178876,22.5094607445,True,25.0,0.0
2020-12-10,Colorado Christian Cougars,62.0,away,0.0408821124,-22.5094607445,False,-25.0,0.0
2020-12-10,Northwestern Wildcats,70.0,home,0.5789476073,2.2914471232,False,-1.0,3.0
2020-12-10,Pittsburgh Panthers,71.0,away,0.4210523927,-2.2914471232,True,1.0,-3.0
2020-12-10,Wyoming Cowboys,83.0,home,0.5906240896,2.3551129682,True,22.0,13.0
2020-12-10,Denver Pioneers,61.0,away,0.4093759104,-2.3551129682,False,-22.0,-13.0
2020-12-10,Washington Huskies,73.0,home,0.8244027526,9.9763591791,True,32.0,11.5
2020-12-10,Seattle U Redhawks,41.0,away,0.1755972474,-9.9763591791,False,-32.0,-11.5
2020-12-10,Cal Poly Mustangs,69.0,home,0.1944578551,-9.8591796053,False,-7.0,-8.5
2020-12-10,Santa Clara Broncos,76.0,away,0.8055421449,9.8591796053,True,7.0,8.5
2020-12-10,UCLA Bruins,83.0,home,0.8310620049,10.2671752606,True,27.0,20.0
2020-12-10,San Diego Toreros,56.0,away,0.1689379950999999,-10.2671752606,False,-27.0,-20.0
2020-12-10,Pepperdine Waves,74.0,home,0.6987124077,5.33471268,True,12.0,4.0
2020-12-10,California Golden Bears,62.0,away,0.3012875923,-5.33471268,False,-12.0,-4.0
2020-12-10,Oregon Ducks,87.0,home,0.982570158,24.2478063206,True,21.0,28.5
2020-12-10,Florida A&M Rattlers,66.0,away,0.017429842,-24.2478063206,False,-21.0,-28.5
2020-12-13,UNC Asheville Bulldogs,90.0,home,0.6863225287,5.3478150087,True,6.0,0.0
2020-12-13,High Point Panthers,84.0,away,0.3136774713,-5.3478150087,False,-6.0,0.0
2020-12-13,Iowa Hawkeyes,106.0,home,0.9758108497,24.5528080814,True,53.0,31.0
2020-12-13,Northern Illinois Huskies,53.0,away,0.0241891503,-24.5528080814,False,-53.0,-31.0
2020-12-13,Indiana Hoosiers,87.0,home,0.9106204595,14.6229667387,True,35.0,25.5
2020-12-13,North Alabama Lions,52.0,away,0.0893795405,-14.6229667387,False,-35.0,-25.5
2020-12-13,Northeastern Huskies,78.0,home,0.2208955195,-8.7826217745,True,3.0,-4.5
2020-12-13,Massachusetts Minutemen,75.0,away,0.7791044805,8.7826217745,False,-3.0,4.5
2020-12-13,VMI Keydets,79.0,home,0.5734372256,2.1700578529,True,15.0,6.5
2020-12-13,Hampton Pirates,64.0,away,0.4265627744,-2.1700578529,False,-15.0,-6.5
2020-12-13,UIC Flames,66.0,home,0.1469896955,-10.8323699879,False,-11.0,-10.0
2020-12-13,Loyola Chicago Ramblers,77.0,away,0.8530103045,10.8323699879,True,11.0,10.0
2020-12-13,South Carolina State Bulldogs,58.0,home,0.2190626484999999,-8.5872683822,False,-2.0,-11.5
2020-12-13,Jacksonville Dolphins,60.0,away,0.7809373515,8.5872683822,True,2.0,11.5
2020-12-13,West Virginia Mountaineers,87.0,home,0.6305830982,3.6460758217,True,16.0,7.5
2020-12-13,Richmond Spiders,71.0,away,0.3694169018,-3.6460758217,False,-16.0,-7.5
2020-12-13,Grand Canyon Lopes,70.0,home,0.3714844508999999,-3.630246377,False,-1.0,-8.0
2020-12-13,Arizona State Sun Devils,71.0,away,0.6285155491,3.630246377,True,1.0,8.0
2020-12-13,Ohio State Buckeyes,67.0,home,0.9530680757,20.3553446266,True,6.0,23.5
2020-12-13,Cleveland State Vikings,61.0,away,0.0469319243,-20.3553446266,False,-6.0,-23.5
2020-12-13,Michigan State Spartans,109.0,home,0.9786515978,26.9672073272,True,18.0,24.5
2020-12-13,Oakland Golden Grizzlies,91.0,away,0.0213484022,-26.9672073272,False,-18.0,-24.5
2020-12-13,Western Kentucky Hilltoppers,68.0,home,0.666310696,4.7078693255,True,3.0,5.5
2020-12-13,Rhode Island Rams,65.0,away,0.333689304,-4.7078693255,False,-3.0,-5.5
2020-12-13,Drake Bulldogs,81.0,home,0.9044792961,12.7696139566,True,28.0,11.0
2020-12-13,Air Force Falcons,53.0,away,0.0955207039,-12.7696139566,False,-28.0,-11.0
2020-12-13,UNC Greensboro Spartans,64.0,home,0.8101255042999999,9.8731656208,True,17.0,13.0
2020-12-13,Norfolk State Spartans,47.0,away,0.1898744956999999,-9.8731656208,False,-17.0,-13.0
2020-12-13,Bowling Green Falcons,67.0,home,0.5756319229,2.1752692885,False,-18.0,1.5
2020-12-13,Wright State Raiders,85.0,away,0.4243680771,-2.1752692885,True,18.0,-1.5
2020-12-13,Western Michigan Broncos,63.0,home,0.6137343394,2.9260219523,False,-8.0,3.0
2020-12-13,Milwaukee Panthers,71.0,away,0.3862656606,-2.9260219523,True,8.0,-3.0
2020-12-13,Kent State Golden Flashes,92.0,home,0.6180903666,3.1640672067,True,19.0,5.5
2020-12-13,Northern Kentucky Norse,73.0,away,0.3819096334,-3.1640672067,False,-19.0,-5.5
2020-12-13,Michigan Wolverines,62.0,home,0.6918911006,5.379477402,True,4.0,7.0
2020-12-13,Penn State Nittany Lions,58.0,away,0.3081088994,-5.379477402,False,-4.0,-7.0
2020-12-13,Binghamton Bearcats,65.0,home,0.523447635,0.5937411849,False,-14.0,-6.0
2020-12-13,Youngstown State Penguins,79.0,away,0.476552365,-0.5937411849,True,14.0,6.0
2020-12-13,Vanderbilt Commodores,84.0,home,0.9827455881,31.7035941121,True,43.0,33.5
2020-12-13,Mississippi Valley State Delta Devils,41.0,away,0.0172544119,-31.7035941121,False,-43.0,-33.5
2020-12-13,Rice Owls,61.0,home,0.5613798853,1.6294754273,False,-11.0,0.0
2020-12-13,New Mexico Lobos,72.0,away,0.4386201147,-1.6294754273,True,11.0,0.0
2020-12-13,South Carolina Upstate Spartans,77.0,home,0.1128607929,-14.8274873804,False,-30.0,-13.0
2020-12-13,Winthrop Eagles,107.0,away,0.8871392071000002,14.8274873804,True,30.0,13.0
2020-12-13,Troy Trojans,61.0,home,0.9621933789,21.9622801846,True,17.0,0.0
2020-12-13,Central Baptist College Mustangs,44.0,away,0.0378066211,-21.9622801846,False,-17.0,0.0
2020-12-14,Georgetown Hoyas,97.0,home,0.4000427191,-3.0064822926,True,3.0,-0.0
2020-12-14,St. John's Red Storm,94.0,away,0.5999572809,3.0064822926,False,-3.0,0.0
2020-12-13,Montana State Bobcats,114.0,home,0.9753940215,26.4300175305,True,40.0,0.0
2020-12-13,Yellowstone Christian College Centurions,74.0,away,0.0246059785,-26.4300175305,False,-40.0,0.0
2020-12-13,California Golden Bears,72.0,home,0.5471585309,1.2381227318,True,2.0,-3.5
2020-12-13,San Francisco Dons,70.0,away,0.4528414691,-1.2381227318,False,-2.0,3.5
2020-12-13,Cal State Fullerton Titans,94.0,home,0.9663969197,23.9909145298,True,24.0,0.0
2020-12-13,San Diego Christian Hawks,70.0,away,0.0336030803,-23.9909145298,False,-24.0,0.0
2020-12-13,Marshall Thundering Herd,81.0,home,0.6628606688,4.8194482659,True,14.0,3.5
2020-12-13,Ohio Bobcats,67.0,away,0.3371393312,-4.8194482659,False,-14.0,-3.5
2020-12-13,Georgia Southern Eagles,75.0,home,0.2347188023,-7.8614901453,False,-2.0,-5.0
2020-12-13,Mercer Bears,77.0,away,0.7652811977,7.8614901453,True,2.0,5.0
2020-12-14,Seattle U Redhawks,89.0,home,0.9684133723,23.8542771868,True,49.0,0.0
2020-12-14,Northwest University Eagles,40.0,away,0.0315866277,-23.8542771868,False,-49.0,0.0
2020-12-13,Washington State Cougars,69.0,home,0.7573329347,7.9302037197,True,9.0,9.0
2020-12-13,Portland State Vikings,60.0,away,0.2426670653,-7.9302037197,False,-9.0,-9.0
2020-12-13,Cal Poly Mustangs,73.0,home,0.6315308763,3.9297226141,True,2.0,2.0
2020-12-13,San José State Spartans,71.0,away,0.3684691236999999,-3.9297226141,False,-2.0,-2.0
2020-12-13,Boise State Broncos,70.0,home,0.813406386,9.7678769731,True,11.0,17.5
2020-12-13,Weber State Wildcats,59.0,away,0.186593614,-9.7678769731,False,-11.0,-17.5
2020-12-13,Tennessee Tech Golden Eagles,67.0,home,0.4956613659,-0.108366715,False,-6.0,-3.5
2020-12-13,Jacksonville State Gamecocks,73.0,away,0.5043386341,0.108366715,True,6.0,3.5
2020-12-13,Coppin State Eagles,49.0,home,0.3377798994,-4.926962869,False,-17.0,-9.5
2020-12-13,UMBC Retrievers,66.0,away,0.6622201006,4.926962869,True,17.0,9.5
2020-12-08,Tennessee Volunteers,56.0,home,0.7260048958,6.4666293816,True,9.0,6.0
2020-12-08,Colorado Buffaloes,47.0,away,0.2739951042,-6.4666293816,False,-9.0,-6.0
2020-12-08,Iona Gaels,72.0,home,0.5921754172,2.7221890812,False,-11.0,9.0
2020-12-08,Morgan State Bears,83.0,away,0.4078245828,-2.7221890812,True,11.0,-9.0
2020-12-09,Jacksonville Dolphins,78.0,home,0.5479905958,1.3400692438,False,-2.0,2.5
2020-12-09,Campbell Fighting Camels,80.0,away,0.4520094042,-1.3400692438,True,2.0,5.0
2020-12-08,Indiana State Sycamores,80.0,home,0.9755913009,25.5504803148,True,14.0,0.0
2020-12-08,Truman State Bulldogs,66.0,away,0.0244086991,-25.5504803148,False,-14.0,0.0
2020-12-08,Seton Hall Pirates,78.0,home,0.939782939,18.0605171798,True,33.0,21.0
2020-12-08,Wagner Seahawks,45.0,away,0.060217061,-18.0605171798,False,-33.0,-21.0
2020-12-08,South Florida Bulls,73.0,home,0.9164457708,14.4243433265,True,11.0,14.0
2020-12-08,Stetson Hatters,62.0,away,0.0835542291999999,-14.4243433265,False,-11.0,-14.0
2020-12-08,Kansas Jayhawks,73.0,home,0.5464195438,1.2701866975,True,1.0,3.5
2020-12-08,Creighton Bluejays,72.0,away,0.4535804562,-1.2701866975,False,-1.0,-3.5
2020-12-09,Louisiana Ragin' Cajuns,90.0,home,0.9477271581,21.8134253689,True,15.0,0.0
2020-12-09,LSU Alexandria Bull Terriers,75.0,away,0.0522728419,-21.8134253689,False,-15.0,0.0
2020-12-08,Florida National Conquistadors,57.0,home,0.0544403187,-21.201174515,False,-17.0,0.0
2020-12-08,New Orleans Privateers,74.0,away,0.9455596813,21.201174515,True,17.0,0.0
2020-12-09,St. John's Red Storm,82.0,home,0.9186941674,17.8884256996,True,3.0,18.5
2020-12-09,Rider Broncs,79.0,away,0.0813058326,-17.8884256996,False,-3.0,-18.5
2020-12-08,VMI Keydets,100.0,home,0.9414705345,20.7670337918,True,35.0,0.0
2020-12-08,Greensboro College Pride,65.0,away,0.0585294655,-20.7670337918,False,-35.0,0.0
2020-12-09,Charleston Southern Buccaneers,94.0,home,0.9403305395,20.044463332,True,35.0,0.0
2020-12-09,Carver College Cougars,59.0,away,0.0596694605,-20.044463332,False,-35.0,0.0
2020-12-08,UMBC Retrievers,76.0,home,0.7385455907,6.7057138033,True,15.0,1.0
2020-12-08,Delaware Blue Hens,61.0,away,0.2614544093,-6.7057138033,False,-15.0,-1.0
2020-12-08,Miami Hurricanes,58.0,home,0.6058345475,2.9892916616,True,4.0,-3.0
2020-12-08,Purdue Boilermakers,54.0,away,0.3941654525,-2.9892916616,False,-4.0,3.0
2020-12-09,Dayton Flyers,66.0,home,0.871793189,12.2999665407,True,6.0,11.5
2020-12-09,Northern Kentucky Norse,60.0,away,0.128206811,-12.2999665407,False,-6.0,-11.5
2020-12-09,Northern Illinois Huskies,70.0,home,0.4393460991,-1.5508506096,False,-9.0,-7.0
2020-12-09,Ball State Cardinals,79.0,away,0.5606539009,1.5508506096,True,9.0,7.0
2020-12-09,Detroit Mercy Titans,66.0,home,0.733548844,6.543804847,False,-14.0,-2.0
2020-12-09,Kent State Golden Flashes,80.0,away,0.266451156,-6.543804847,True,14.0,2.0
2020-12-08,La Salle Explorers,80.0,home,0.9796977864,27.0194555854,True,18.0,0.0
2020-12-08,Lincoln (PA) Lions,62.0,away,0.0203022136,-27.0194555854,False,-18.0,0.0
2020-12-08,Utah Utes,75.0,home,0.9381795223,17.8383388009,True,16.0,21.5
2020-12-08,Idaho State Bengals,59.0,away,0.0618204777,-17.8383388009,False,-16.0,-21.5
2020-12-08,Longwood Lancers,77.0,home,0.4044533337,-2.6577396657,True,17.0,-2.0
2020-12-08,North Carolina A&T Aggies,60.0,away,0.5955466663,2.6577396657,False,-17.0,2.0
2020-12-09,Fairleigh Dickinson Knights,87.0,home,0.8095397558,10.5377424517,False,-7.0,7.5
2020-12-09,Central Connecticut Blue Devils,94.0,away,0.1904602442,-10.5377424517,True,7.0,-7.5
2020-12-09,Mount St. Mary's Mountaineers,75.0,home,0.5722104011,1.7729100511,True,18.0,2.5
2020-12-09,Saint Francis Red Flash,57.0,away,0.4277895989,-1.7729100511,False,-18.0,-2.5
2020-12-09,Notre Dame Fighting Irish,85.0,home,0.4757572834999999,-0.5706959366,False,-5.0,-6.0
2020-12-09,Ohio State Buckeyes,90.0,away,0.5242427165,0.5706959366,True,5.0,6.0
2020-12-09,Iowa Hawkeyes,93.0,home,0.7327250663,6.908197638,True,13.0,3.5
2020-12-09,North Carolina Tar Heels,80.0,away,0.2672749337,-6.908197638,False,-13.0,-3.5
2020-12-09,Kansas State Wildcats,68.0,home,0.984953932,27.286950986,False,-13.0,0.0
2020-12-09,Fort Hays State Tigers,81.0,away,0.015046068,-27.286950986,True,13.0,0.0
2020-12-09,Oklahoma State Cowboys,83.0,home,0.8209145526,10.9622038427,True,5.0,15.5
2020-12-09,Oral Roberts Golden Eagles,78.0,away,0.1790854474,-10.9622038427,False,-5.0,-15.5
2020-12-09,Georgia Bulldogs,63.0,home,0.7798248230999999,8.7037787529,True,13.0,11.0
2020-12-09,Montana Grizzlies,50.0,away,0.2201751769,-8.7037787529,False,-13.0,-11.0
2020-12-09,Minnesota Golden Gophers,85.0,home,0.7095338412,6.4802589139,True,5.0,7.0
2020-12-09,Boston College Eagles,80.0,away,0.2904661588,-6.4802589139,False,-5.0,-7.0
2020-12-09,South Alabama Jaguars,80.0,home,0.979614943,26.3805417456,True,13.0,0.0
2020-12-09,William Carey Crusaders,67.0,away,0.0203850569999999,-26.3805417456,False,-13.0,0.0
2020-12-09,Utah State Aggies,90.0,home,0.9896986838,31.9891277944,True,26.0,0.0
2020-12-09,College of Idaho Yotes,64.0,away,0.0103013162,-31.9891277944,False,-26.0,0.0
2020-12-09,Belmont Bruins,79.0,home,0.8197623894999999,10.3472895567,True,15.0,14.5
2020-12-09,Tennessee State Tigers,64.0,away,0.1802376105,-10.3472895567,False,-15.0,-14.5
2020-12-09,Georgetown Hoyas,80.0,home,0.8491676297,12.9116883648,True,32.0,20.0
2020-12-09,Coppin State Eagles,48.0,away,0.1508323703,-12.9116883648,False,-32.0,-20.0
2020-12-09,Memphis Tigers,94.0,home,0.9904832461,36.6597577786,True,37.0,45.0
2020-12-09,Mississippi Valley State Delta Devils,57.0,away,0.0095167539,-36.6597577786,False,-37.0,-45.0
2020-12-09,Mississippi State Bulldogs,82.0,home,0.8885300793,12.7919188147,True,23.0,18.0
2020-12-09,Jackson State Tigers,59.0,away,0.1114699207,-12.7919188147,False,-23.0,-18.0
2020-12-09,St. Francis Brooklyn Terriers,82.0,home,0.6789770152999999,5.9995350229,False,-19.0,-5.5
2020-12-09,Bryant Bulldogs,101.0,away,0.3210229847,-5.9995350229,True,19.0,5.5
2020-12-09,Weber State Wildcats,85.0,home,0.9767270157,26.619603631,True,12.0,0.0
2020-12-09,Westminster (UT) Griffins,73.0,away,0.0232729843,-26.619603631,False,-12.0,0.0
2020-12-09,Saint Louis Billikens,88.0,home,0.8809592618,14.9071765976,True,23.0,22.0
2020-12-09,Central Arkansas Bears,65.0,away,0.1190407382,-14.9071765976,False,-23.0,-22.0
2020-12-09,Murray State Racers,87.0,home,0.6936043131000001,6.4180207379,True,30.0,3.5
2020-12-09,Austin Peay Governors,57.0,away,0.3063956869,-6.4180207379,False,-30.0,-3.5
2020-12-09,Marquette Golden Eagles,82.0,home,0.9616290217,22.8128922614,True,14.0,20.5
2020-12-09,Green Bay Phoenix,68.0,away,0.0383709783,-22.8128922614,False,-14.0,-20.5
2020-12-09,Virginia Tech Hokies,55.0,home,0.6540416388,4.1301879352,False,-20.0,5.5
2020-12-09,Penn State Nittany Lions,75.0,away,0.3459583612,-4.1301879352,True,20.0,-5.5
2020-12-09,Rutgers Scarlet Knights,79.0,home,0.4123741723,-2.5224463695,True,10.0,5.0
2020-12-09,Syracuse Orange,69.0,away,0.5876258277,2.5224463695,False,-10.0,-5.0
2020-12-09,Saint Mary's Gaels,73.0,home,0.7248193746,6.0624307802,True,12.0,12.5
2020-12-09,UTEP Miners,61.0,away,0.2751806254,-6.0624307802,False,-12.0,-12.5
2020-12-09,Portland State Vikings,88.0,home,0.9433148314,22.5737145704,True,40.0,0.0
2020-12-09,Northwest University Eagles,48.0,away,0.0566851686,-22.5737145704,False,-40.0,0.0
2020-12-09,Duke Blue Devils,68.0,home,0.6358666724,3.8194249521,False,-15.0,3.0
2020-12-09,Illinois Fighting Illini,83.0,away,0.3641333276,-3.8194249521,True,15.0,-3.0
2020-12-09,USC Trojans,91.0,home,0.7471884534000001,7.1993871605,True,35.0,10.5
2020-12-09,UC Irvine Anteaters,56.0,away,0.2528115466,-7.1993871605,False,-35.0,-10.5
2020-12-13,Missouri Tigers,81.0,home,0.4152495543,-2.2802691141,True,3.0,-3.5
2020-12-13,Illinois Fighting Illini,78.0,away,0.5847504457,2.2802691141,False,-3.0,3.5
2020-12-12,North Carolina Tar Heels,73.0,home,0.9669772457,22.5509971018,True,6.0,24.5
2020-12-12,North Carolina Central Eagles,67.0,away,0.0330227543,-22.5509971018,False,-6.0,-24.5
2020-12-12,South Florida Bulls,58.0,home,0.576458847,1.8662537605,True,2.0,3.0
2020-12-12,Wofford Terriers,56.0,away,0.423541153,-1.8662537605,False,-2.0,-3.0
2020-12-12,IU Indianapolis Jaguars,69.0,home,0.490924354,-0.2596499847,True,3.0,2.0
2020-12-12,Tennessee State Tigers,66.0,away,0.509075646,0.2596499847,False,-3.0,-2.0
2020-12-12,Idaho State Bengals,87.0,home,0.9472969236,19.3769537477,True,39.0,0.0
2020-12-12,Bethesda University Flames,48.0,away,0.0527030764,-19.3769537477,False,-39.0,0.0
2020-12-12,Bryant Bulldogs,81.0,home,0.4581910098,-1.3323595049,True,9.0,6.5
2020-12-12,Stony Brook Seawolves,72.0,away,0.5418089902,1.3323595049,False,-9.0,-6.5
2020-12-12,Texas Tech Red Raiders,77.0,home,0.9737727833999998,23.0813387879,True,20.0,27.5
2020-12-12,Texas A&M-Corpus Christi Islanders,57.0,away,0.0262272166,-23.0813387879,False,-20.0,-27.5
2020-12-12,Western Michigan Broncos,57.0,home,0.5121624982,0.3229332347,False,-10.0,-1.0
2020-12-12,Detroit Mercy Titans,67.0,away,0.4878375017999999,-0.3229332347,True,10.0,1.0
2020-12-12,Florida Atlantic Owls,112.0,home,0.9607912642,22.7840197253,True,63.0,0.0
2020-12-12,Florida Memorial FLORIDA MEMORIAL,49.0,away,0.0392087358,-22.7840197253,False,-63.0,0.0
2020-12-12,Miami Hurricanes,62.0,home,0.9114667113,16.4557368446,False,-4.0,18.5
2020-12-12,Florida Gulf Coast Eagles,66.0,away,0.0885332887,-16.4557368446,True,4.0,-18.5
2020-12-12,Kennesaw State Owls,72.0,home,0.8974666057,14.9092312262,True,10.0,0.0
2020-12-12,Dalton State Roadrunners,62.0,away,0.1025333943,-14.9092312262,False,-10.0,0.0
2020-12-12,Tennessee Volunteers,65.0,home,0.7993470022,8.751412019,True,9.0,7.0
2020-12-12,Cincinnati Bearcats,56.0,away,0.2006529978,-8.751412019,False,-9.0,-7.0
2020-12-12,Furman Paladins,86.0,home,0.9915215036,34.0092640033,True,25.0,0.0
2020-12-12,Flagler Saints,61.0,away,0.0084784964,-34.0092640033,False,-25.0,0.0
2020-12-12,Florida State Seminoles,83.0,home,0.4149101095,-2.3536638101,True,12.0,1.5
2020-12-12,Florida Gators,71.0,away,0.5850898905,2.3536638101,False,-12.0,-1.5
2020-12-12,Liberty Flames,73.0,home,0.987297796,28.0505177203,True,47.0,0.0
2020-12-12,Columbia International Rams,26.0,away,0.012702204,-28.0505177203,False,-47.0,0.0
2020-12-12,Boston College Eagles,63.0,home,0.306408112,-5.5713977768,False,-38.0,-3.5
2020-12-12,Syracuse Orange,101.0,away,0.6935918879999999,5.5713977768,True,38.0,3.5
2020-12-12,Kentucky Wildcats,63.0,home,0.5900629574,2.4718832241,False,-1.0,7.5
2020-12-12,Notre Dame Fighting Irish,64.0,away,0.4099370426,-2.4718832241,True,1.0,-7.5
2020-12-12,Chattanooga Mocs,81.0,home,0.9846007254,30.013571983,True,18.0,0.0
2020-12-12,North Georgia Saints,63.0,away,0.0153992746,-30.013571983,False,-18.0,0.0
2020-12-12,Akron Zips,97.0,home,0.9871762037,31.2617514857,True,48.0,0.0
2020-12-12,Cedarville Yellow Jackets,49.0,away,0.0128237963,-31.2617514857,False,-48.0,0.0
2020-12-12,Toledo Rockets,64.0,home,0.7407970511,6.8871525678,True,7.0,11.0
2020-12-12,Kansas City Roos,57.0,away,0.2592029489,-6.8871525678,False,-7.0,-11.0
2020-12-12,Abilene Christian Wildcats,83.0,home,0.9850078977,29.7411345002,True,37.0,0.0
2020-12-12,McMurry War Hawks,46.0,away,0.0149921023,-29.7411345002,False,-37.0,0.0
2020-12-12,Tulane Green Wave,67.0,home,0.8542569868,11.9372670662,True,11.0,18.5
2020-12-12,Arkansas-Pine Bluff Golden Lions,56.0,away,0.1457430132,-11.9372670662,False,-11.0,-18.5
2020-12-12,Drexel Dragons,48.0,home,0.5862061948,2.1135728232,False,-10.0,3.0
2020-12-12,La Salle Explorers,58.0,away,0.4137938052,-2.1135728232,True,10.0,-3.0
2020-12-12,UNC Asheville Bulldogs,80.0,home,0.683087592,5.238790781,True,13.0,4.5
2020-12-12,High Point Panthers,67.0,away,0.316912408,-5.238790781,False,-13.0,-4.5
2020-12-12,TCU Horned Frogs,73.0,home,0.5452402471,1.0993644694,True,18.0,-1.0
2020-12-12,Texas A&M Aggies,55.0,away,0.4547597529,-1.0993644694,False,-18.0,1.0
2020-12-12,Southern Miss Golden Eagles,75.0,home,0.4492843217,-1.2118413775,False,-1.0,-4.5
2020-12-12,South Alabama Jaguars,76.0,away,0.5507156783,1.2118413775,True,1.0,4.5
2020-12-12,Dayton Flyers,85.0,home,0.4159036275,-1.9602919145,True,3.0,2.5
2020-12-12,Mississippi State Bulldogs,82.0,away,0.5840963725,1.9602919145,False,-3.0,-2.5
2020-12-12,Denver Pioneers,70.0,home,0.6430332974000001,3.8423619257,False,-3.0,3.0
2020-12-12,Utah Tech Trailblazers,73.0,away,0.3569667026000001,-3.8423619257,True,3.0,-3.0
2020-12-12,North Carolina A&T Aggies,98.0,home,0.3399039981,-4.8343165359,False,-6.0,-7.5
2020-12-12,Western Carolina Catamounts,104.0,away,0.6600960019,4.8343165359,True,6.0,7.5
2020-12-12,Cal State Bakersfield Roadrunners,76.0,home,0.8752506381,12.0775267656,True,10.0,12.5
2020-12-12,Idaho Vandals,66.0,away,0.1247493619,-12.0775267656,False,-10.0,-12.5
2020-12-12,Montana Grizzlies,102.0,home,0.9808294669,27.3190209304,True,60.0,0.0
2020-12-12,Yellowstone Christian College Centurions,42.0,away,0.0191705331,-27.3190209304,False,-60.0,0.0
2020-12-12,Oral Roberts Golden Eagles,111.0,home,0.9750176651,26.8987059299,True,53.0,0.0
2020-12-12,Southwestern Christian Eagles,58.0,away,0.0249823349,-26.8987059299,False,-53.0,0.0
2020-12-12,Colorado State Rams,89.0,home,0.9881601799,31.3753745122,True,12.0,0.0
2020-12-12,CSU Pueblo Thunderwolves,77.0,away,0.0118398201,-31.3753745122,False,-12.0,0.0
2020-12-12,Wichita State Shockers,64.0,home,0.4354661916,-1.7739634646,False,-3.0,-3.0
2020-12-12,Oklahoma State Cowboys,67.0,away,0.5645338084,1.7739634646,True,3.0,3.0
2020-12-12,Eastern Kentucky Colonels,81.0,home,0.9865212624,33.3565202354,True,21.0,0.0
2020-12-12,Transylvania Pioneers,60.0,away,0.0134787376,-33.3565202354,False,-21.0,0.0
2020-12-12,East Tennessee State Buccaneers,61.0,home,0.3113667984,-5.4260788861,False,-4.0,-3.5
2020-12-12,UAB Blazers,65.0,away,0.6886332016,5.4260788861,True,4.0,3.5
2020-12-12,Pittsburgh Panthers,67.0,home,0.8551087701,12.3962919677,True,17.0,13.0
2020-12-12,Gardner-Webb Runnin' Bulldogs,50.0,away,0.1448912299,-12.3962919677,False,-17.0,-13.0
2020-12-12,Utah Valley Wolverines,88.0,home,0.5099103804,0.269630363,False,-5.0,-7.5
2020-12-12,Wyoming Cowboys,93.0,away,0.4900896196,-0.269630363,True,5.0,7.5
2020-12-12,South Carolina Upstate Spartans,77.0,home,0.1318051131,-13.5712639179,False,-18.0,-9.5
2020-12-12,Winthrop Eagles,95.0,away,0.8681948869,13.5712639179,True,18.0,9.5
2020-12-12,Central Michigan Chippewas,84.0,home,0.5628581602,1.7785859154,True,5.0,-4.5
2020-12-12,Valparaiso Beacons,79.0,away,0.4371418398,-1.7785859154,False,-5.0,4.5
2020-12-12,Coastal Carolina Chanticleers,103.0,home,0.9753880643,26.4383224112,True,58.0,0.0
2020-12-12,Greensboro College Pride,45.0,away,0.0246119356999999,-26.4383224112,False,-58.0,0.0
2020-12-12,Texas State Bobcats,58.0,home,0.968904127,24.4213478268,False,-3.0,0.0
2020-12-12,Our Lady Of The Lake Saints,61.0,away,0.031095873,-24.4213478268,True,3.0,0.0
2020-12-12,Loyola Marymount Lions,81.0,home,0.7132194223,5.7861236532,True,5.0,2.0
2020-12-12,UC Santa Barbara Gauchos,76.0,away,0.2867805777,-5.7861236532,False,-5.0,-2.0
2020-12-12,VCU Rams,77.0,home,0.6621265388,4.6090729503,True,23.0,7.0
2020-12-12,Old Dominion Monarchs,54.0,away,0.3378734612,-4.6090729503,False,-23.0,-7.0
2020-12-12,Northwestern State Demons,77.0,home,0.9544102058,23.2789891858,True,33.0,0.0
2020-12-12,Champion Christian Tigers,44.0,away,0.0455897942,-23.2789891858,False,-33.0,0.0
2020-12-12,Eastern Illinois Panthers,92.0,home,0.8750748267,12.7793728886,True,4.0,11.5
2020-12-12,Western Illinois Leathernecks,88.0,away,0.1249251733,-12.7793728886,False,-4.0,-11.5
2020-12-12,Arizona Wildcats,69.0,home,0.7738062618000001,8.5171812503,True,8.0,16.5
2020-12-12,UTEP Miners,61.0,away,0.2261937382,-8.5171812503,False,-8.0,-16.5
2020-12-12,Oklahoma Sooners,85.0,home,0.9816028478,26.5676947701,True,31.0,26.5
2020-12-12,Florida A&M Rattlers,54.0,away,0.0183971522,-26.5676947701,False,-31.0,-26.5
2020-12-12,Manhattan Jaspers,87.0,home,0.617090228,3.1451939063,True,10.0,-3.5
2020-12-12,Rider Broncs,77.0,away,0.382909772,-3.1451939063,False,-10.0,3.5
2020-12-12,North Florida Ospreys,80.0,home,0.5108420972,0.3071458703,True,3.0,-7.5
2020-12-12,Florida International Panthers,77.0,away,0.4891579027999999,-0.3071458703,False,-3.0,7.5
2020-12-12,California Baptist Lancers,110.0,home,0.967106674,23.9806812734,True,39.0,0.0
2020-12-12,Fresno Pacific Sunbirds,71.0,away,0.032893326,-23.9806812734,False,-39.0,0.0
2020-12-12,Auburn Tigers,74.0,home,0.267630805,-7.1701033259,True,3.0,-6.0
2020-12-12,Memphis Tigers,71.0,away,0.732369195,7.1701033259,False,-3.0,6.0
2020-12-12,BYU Cougars,82.0,home,0.6269432736,3.5590611338,True,18.0,1.5
2020-12-12,Utah Utes,64.0,away,0.3730567264,-3.5590611338,False,-18.0,-1.5
2020-12-12,UL Monroe Warhawks,66.0,home,0.1993250837999999,-9.4694696973,True,11.0,-5.0
2020-12-12,Stephen F. Austin Lumberjacks,55.0,away,0.8006749162,9.4694696973,False,-11.0,5.0
2020-12-12,Middle Tennessee Blue Raiders,76.0,home,0.9870546222,30.3914640466,True,19.0,0.0
2020-12-12,Covenant Fighting Scots,57.0,away,0.0129453778,-30.3914640466,False,-19.0,0.0
2020-12-12,Ole Miss Rebels,78.0,home,0.9185967353,15.7108135194,True,20.0,18.5
2020-12-12,UNC Wilmington Seahawks,58.0,away,0.0814032646999999,-15.7108135194,False,-20.0,-18.5
2020-12-13,Fairfield Stags,67.0,home,0.4615414094,-0.9877367108,True,15.0,-7.0
2020-12-13,Iona Gaels,52.0,away,0.5384585906,0.9877367108,False,-15.0,7.0
2020-12-13,Canisius Golden Griffins,52.0,home,0.7082957980000001,5.7041896909,False,-4.0,5.0
2020-12-13,Marist Red Foxes,56.0,away,0.291704202,-5.7041896909,True,4.0,-5.0
2020-12-12,North Dakota State Bison,53.0,home,0.5999348093,2.5416319992,True,1.0,5.0
2020-12-12,North Dakota Fighting Hawks,52.0,away,0.4000651907,-2.5416319992,False,-1.0,-5.0
2020-12-13,Ball State Cardinals,82.0,home,0.6798059057,5.5933153349,True,16.0,4.0
2020-12-13,Illinois State Redbirds,66.0,away,0.3201940943,-5.5933153349,False,-16.0,-4.0
2020-12-13,Louisiana Ragin' Cajuns,61.0,home,0.2272209814,-8.7303315311,True,5.0,-4.5
2020-12-13,Louisiana Tech Bulldogs,56.0,away,0.7727790186,8.7303315311,False,-5.0,4.5
2020-12-13,Georgia Bulldogs,79.0,home,0.8626997024,13.7600469072,True,4.0,18.0
2020-12-13,Samford Bulldogs,75.0,away,0.1373002976,-13.7600469072,False,-4.0,-18.0
2020-12-13,Saint Peter's Peacocks,53.0,home,0.4738660366,-0.7023629512,True,4.0,8.5
2020-12-13,Niagara Purple Eagles,49.0,away,0.5261339634,0.7023629512,False,-4.0,-8.5
2020-12-13,Purdue Boilermakers,80.0,home,0.8861482788,13.2922214147,True,12.0,15.5
2020-12-13,Indiana State Sycamores,68.0,away,0.1138517212,-13.2922214147,False,-12.0,-15.5
2020-12-13,McNeese Cowboys,96.0,home,0.9576331579,24.2622938102,True,43.0,0.0
2020-12-13,Carver College Cougars,53.0,away,0.0423668420999999,-24.2622938102,False,-43.0,0.0
2020-12-13,Lipscomb Bisons,71.0,home,0.3668495244,-3.5594358105,False,-10.0,-5.5
2020-12-13,Belmont Bruins,81.0,away,0.6331504756,3.5594358105,True,10.0,5.5
2020-12-13,Alabama Crimson Tide,56.0,home,0.3752807178,-3.5092110236,False,-8.0,1.5
2020-12-13,Clemson Tigers,64.0,away,0.6247192822,3.5092110236,True,8.0,-1.5
2020-12-13,South Dakota State Jackrabbits,78.0,home,0.9022436479,15.0485642381,False,-13.0,11.0
2020-12-13,South Dakota Coyotes,91.0,away,0.0977563521,-15.0485642381,True,13.0,-11.0
2020-12-13,Washington Huskies,71.0,home,0.3310980564999999,-4.6270841482,False,-3.0,-8.5
2020-12-13,Oregon Ducks,74.0,away,0.6689019435,4.6270841482,True,3.0,8.5
2020-12-13,Arkansas Razorbacks,100.0,home,0.9167675214,18.1641766187,True,25.0,24.0
2020-12-13,Central Arkansas Bears,75.0,away,0.0832324786,-18.1641766187,False,-25.0,-24.0
2020-12-13,Pepperdine Waves,84.0,home,0.8429506431999999,11.6939355532,False,-5.0,15.0
2020-12-13,Cal State Northridge Matadors,89.0,away,0.1570493568,-11.6939355532,True,5.0,-15.0
2020-12-18,Texas Tech Red Raiders,57.0,home,0.6787413629,4.825409077,False,-1.0,3.0
2020-12-18,Kansas Jayhawks,58.0,away,0.3212586371,-4.825409077,True,1.0,-3.0
2020-12-18,UT Arlington Mavericks,109.0,home,0.0,0.0,True,61.0,0.0
2020-12-18,Dallas Christian Crusaders,48.0,away,0.0,0.0,False,-61.0,0.0
2020-12-18,North Alabama Lions,99.0,home,0.9839237691,29.5694862832,True,48.0,0.0
2020-12-18,Crowley's Ridge Pioneers,51.0,away,0.0160762309,-29.5694862832,False,-48.0,0.0
2020-12-18,North Texas Mean Green,85.0,home,0.9388108386,17.919308759,True,30.0,23.5
2020-12-18,Houston Christian Huskies,55.0,away,0.0611891614,-17.919308759,False,-30.0,-23.5
2020-12-18,Eastern Kentucky Colonels,118.0,home,0.9903871437,35.6388536478,True,64.0,0.0
2020-12-18,Campbellsville-Harrodsburg Pioneers,54.0,away,0.0096128563,-35.6388536478,False,-64.0,0.0
2020-12-17,Valparaiso Beacons,89.0,home,0.9800303452,27.803124838,True,18.0,0.0
2020-12-17,Purdue Northwest Pride,71.0,away,0.0199696548,-27.803124838,False,-18.0,0.0
2020-12-17,Drexel Dragons,81.0,home,0.7782688415,8.5265050282,True,4.0,1.5
2020-12-17,Saint Joseph's Hawks,77.0,away,0.2217311585,-8.5265050282,False,-4.0,-1.5
2020-12-18,Nebraska Cornhuskers,110.0,home,0.993860438,37.7303438128,True,46.0,0.0
2020-12-18,Doane Tigers,64.0,away,0.006139562,-37.7303438128,False,-46.0,0.0
2020-12-17,New Mexico Lobos,90.0,home,0.9853619076,29.2433859222,True,32.0,0.0
2020-12-17,LeTourneau Yellow Jackets,58.0,away,0.0146380924,-29.2433859222,False,-32.0,0.0
2020-12-18,Wyoming Cowboys,82.0,home,0.5022042641,0.0575597391,True,4.0,12.0
2020-12-18,Omaha Mavericks,78.0,away,0.4977957359,-0.0575597391,False,-4.0,-12.0
2020-12-18,Bradley Braves,83.0,home,0.8953193399,14.4537010038,True,23.0,18.0
2020-12-18,Jackson State Tigers,60.0,away,0.1046806601,-14.4537010038,False,-23.0,-18.0
2020-12-18,East Tennessee State Buccaneers,96.0,home,0.9837834602,28.335346701,True,42.0,0.0
2020-12-18,Columbia International Rams,54.0,away,0.0162165398,-28.335346701,False,-42.0,0.0
2020-12-18,Loyola Marymount Lions,51.0,home,0.6748728427,5.0964856169,True,3.0,4.5
2020-12-18,UC Irvine Anteaters,48.0,away,0.3251271573,-5.0964856169,False,-3.0,-4.5
2020-12-17,Coastal Carolina Chanticleers,99.0,home,0.9033534965,16.8666301404,True,26.0,22.0
2020-12-17,Delaware State Hornets,73.0,away,0.0966465034999999,-16.8666301404,False,-26.0,-22.0
2020-12-18,Seattle U Redhawks,78.0,home,0.9785006405,26.201838137,True,24.0,0.0
2020-12-18,College of Idaho Yotes,54.0,away,0.0214993594999999,-26.201838137,False,-24.0,0.0
2020-12-17,Southern Illinois Salukis,85.0,home,0.6974440977,5.2529845459,True,21.0,7.5
2020-12-17,North Dakota Fighting Hawks,64.0,away,0.3025559023,-5.2529845459,False,-21.0,-7.5
2020-12-17,Bryant Bulldogs,81.0,home,0.6333690257,3.7913334061,True,6.0,6.5
2020-12-17,Wagner Seahawks,75.0,away,0.3666309743,-3.7913334061,False,-6.0,-6.5
2020-12-17,App State Mountaineers,87.0,home,0.9873394428,29.7970857139,True,40.0,0.0
2020-12-17,Greensboro College Pride,47.0,away,0.0126605572,-29.7970857139,False,-40.0,0.0
2020-12-17,Sacred Heart Pioneers,87.0,home,0.4326385879,-1.9191408633,True,15.0,-6.0
2020-12-17,Long Island University Sharks,72.0,away,0.5673614121,1.9191408633,False,-15.0,6.0
2020-12-18,St. John's Red Storm,76.0,home,0.3963230242,-3.1159987366,False,-18.0,-7.0
2020-12-18,Creighton Bluejays,94.0,away,0.6036769758,3.1159987366,True,18.0,7.0
2020-12-18,Idaho State Bengals,89.0,home,0.9671205469,22.6169996079,True,35.0,0.0
2020-12-18,Nelson Lions,54.0,away,0.0328794531,-22.6169996079,False,-35.0,0.0
2020-12-18,Oregon Ducks,74.0,home,0.7992075846,9.4270052297,True,10.0,7.5
2020-12-18,San Francisco Dons,64.0,away,0.2007924154,-9.4270052297,False,-10.0,-7.5
2020-12-18,Saint Louis Billikens,80.0,home,0.4385116837,-1.6192709178,True,11.0,5.0
2020-12-18,NC State Wolfpack,69.0,away,0.5614883163,1.6192709178,False,-11.0,-5.0
2020-12-18,Southern Utah Thunderbirds,85.0,home,0.9005129422,14.781179836,True,7.0,8.0
2020-12-18,Utah Tech Trailblazers,78.0,away,0.0994870578,-14.781179836,False,-7.0,-8.0
2020-12-18,Marquette Golden Eagles,63.0,home,0.5176674976,0.4632367925,False,-7.0,3.0
2020-12-18,Seton Hall Pirates,70.0,away,0.4823325024,-0.4632367925,True,7.0,-3.0
2020-12-16,La Salle Explorers,66.0,home,0.4737835618,-0.7284588825,False,-19.0,-4.5
2020-12-16,Massachusetts Minutemen,85.0,away,0.5262164382,0.7284588825,True,19.0,4.5
2020-12-16,Vanderbilt Commodores,67.0,home,0.35659266,-3.993775764,False,-11.0,-7.0
2020-12-16,Richmond Spiders,78.0,away,0.64340734,3.993775764,True,11.0,7.0
2020-12-16,Elon Phoenix,66.0,home,0.5943145658,2.4309997874,True,10.0,4.0
2020-12-16,Campbell Fighting Camels,56.0,away,0.4056854342,-2.4309997874,False,-10.0,-4.0
2020-12-16,Colorado Buffaloes,91.0,home,0.9467436744,18.5254042507,True,42.0,22.0
2020-12-16,Omaha Mavericks,49.0,away,0.0532563256,-18.5254042507,False,-42.0,-22.0
2020-12-16,Cal Poly Mustangs,61.0,home,0.3259867264,-5.1716339005,False,-9.0,-7.0
2020-12-16,San Diego Toreros,70.0,away,0.6740132736,5.1716339005,True,9.0,7.0
2020-12-17,Liberty Flames,91.0,home,0.9927665712,31.5695293423,True,53.0,0.0
2020-12-17,Carver College Cougars,38.0,away,0.0072334288,-31.5695293423,False,-53.0,0.0
2020-12-17,Cincinnati Bearcats,71.0,home,0.6738128506,4.9057759508,False,-3.0,8.5
2020-12-17,South Florida Bulls,74.0,away,0.3261871494,-4.9057759508,True,3.0,-8.5
2020-12-16,Hampton Pirates,58.0,home,0.6759408673,4.7674359027,False,-17.0,-3.5
2020-12-16,William & Mary Tribe,75.0,away,0.3240591327,-4.7674359027,True,17.0,3.5
2020-12-17,Villanova Wildcats,85.0,home,0.8847317636,12.143958804,True,19.0,12.5
2020-12-17,Butler Bulldogs,66.0,away,0.1152682364,-12.143958804,False,-19.0,-12.5
2020-12-16,Central Connecticut Blue Devils,78.0,home,0.4324862659,-1.9991550516,True,19.0,-3.5
2020-12-16,St. Francis Brooklyn Terriers,59.0,away,0.5675137341,1.9991550516,False,-19.0,3.5
2020-12-17,Texas Longhorns,79.0,home,0.9672473691,24.0189875011,True,16.0,29.0
2020-12-17,Sam Houston Bearkats,63.0,away,0.0327526309,-24.0189875011,False,-16.0,-29.0
2020-12-16,Marshall Thundering Herd,87.0,home,0.7396918403000001,6.7794964829,False,-9.0,7.5
2020-12-16,Toledo Rockets,96.0,away,0.2603081597,-6.7794964829,True,9.0,-7.5
2020-12-16,Georgia State Panthers,88.0,home,0.7224908534,6.8411213688,True,7.0,4.0
2020-12-16,Mercer Bears,81.0,away,0.2775091466,-6.8411213688,False,-7.0,-4.0
2020-12-17,Purdue Boilermakers,67.0,home,0.4870706452,-0.3193377491,True,7.0,7.0
2020-12-17,Ohio State Buckeyes,60.0,away,0.5129293548,0.3193377491,False,-7.0,-7.0
2020-12-17,Florida Gulf Coast Eagles,69.0,home,0.5469213531,1.3240783721,False,-16.0,-1.5
2020-12-17,Florida International Panthers,85.0,away,0.4530786469,-1.3240783721,True,16.0,1.5
2020-12-17,South Alabama Jaguars,103.0,home,0.9856245991,28.7592362491,True,22.0,0.0
2020-12-17,Flagler Saints,81.0,away,0.0143754009,-28.7592362491,False,-22.0,0.0
2020-12-16,Bryant Bulldogs,74.0,home,0.6150567556,3.4413318315,True,12.0,10.5
2020-12-16,Wagner Seahawks,62.0,away,0.3849432444,-3.4413318315,False,-12.0,-10.5
2020-12-16,Miami Hurricanes,55.0,home,0.6383960744,3.9520457864,False,-15.0,-4.5
2020-12-16,Pittsburgh Panthers,70.0,away,0.3616039256,-3.9520457864,True,15.0,4.5
2020-12-16,Sacred Heart Pioneers,55.0,home,0.4983418016,-0.0458759599,False,-20.0,-3.0
2020-12-16,Long Island University Sharks,75.0,away,0.5016581984,0.0458759599,True,20.0,3.0
2020-12-16,Oregon State Beavers,73.0,home,0.8840985919,13.791821285,True,12.0,8.5
2020-12-16,UTSA Roadrunners,61.0,away,0.1159014081,-13.791821285,False,-12.0,-8.5
2020-12-17,Troy Trojans,79.0,home,0.5095132177,0.2529873351,True,8.0,-2.5
2020-12-17,Samford Bulldogs,71.0,away,0.4904867823,-0.2529873351,False,-8.0,2.5
2020-12-17,Belmont Bruins,64.0,home,0.9246943508,16.4765274214,True,11.0,24.0
2020-12-17,Kennesaw State Owls,53.0,away,0.0753056492,-16.4765274214,False,-11.0,-24.0
2020-12-17,Pepperdine Waves,91.0,home,0.9958949249,39.1017672323,True,23.0,0.0
2020-12-17,Concordia-Irvine Eagles,68.0,away,0.0041050751,-39.1017672323,False,-23.0,0.0
2020-12-17,UL Monroe Warhawks,61.0,home,0.4692308045,-0.8014679194,False,-17.0,7.0
2020-12-17,Grambling Tigers,78.0,away,0.5307691955,0.8014679194,True,17.0,-7.0
2020-12-17,UAB Blazers,88.0,home,0.8900065879,14.6284319849,True,42.0,14.5
2020-12-17,Southern Jaguars,46.0,away,0.1099934121,-14.6284319849,False,-42.0,-14.5
2020-12-17,Chattanooga Mocs,69.0,home,0.6639134115,4.6031833452,True,3.0,6.5
2020-12-17,UNC Asheville Bulldogs,66.0,away,0.3360865884999999,-4.6031833452,False,-3.0,-6.5
2020-12-17,Middle Tennessee Blue Raiders,51.0,home,0.2526078598,-7.059655491,False,-19.0,-13.0
2020-12-17,Ole Miss Rebels,70.0,away,0.7473921402000001,7.059655491,True,19.0,13.0
2020-12-17,Jacksonville State Gamecocks,74.0,home,0.6784496486,4.6351296202,True,24.0,7.0
2020-12-17,Tennessee Tech Golden Eagles,50.0,away,0.3215503513999999,-4.6351296202,False,-24.0,-7.0
2020-12-17,Mississippi State Bulldogs,81.0,home,0.8840451373,14.1943040576,True,16.0,16.5
2020-12-17,Central Arkansas Bears,65.0,away,0.1159548626999999,-14.1943040576,False,-16.0,-16.5
2020-12-17,SMU Mustangs,70.0,home,0.8240032804,10.4871641448,True,15.0,11.5
2020-12-17,East Carolina Pirates,55.0,away,0.1759967196,-10.4871641448,False,-15.0,-11.5
2020-12-17,Missouri State Bears,73.0,home,0.0,0.0,True,9.0,0.0
2020-12-17,William Jewell Cardinals,64.0,away,0.0,0.0,False,-9.0,0.0
2020-12-17,Denver Pioneers,75.0,home,0.3760598306,-3.270907955,False,-8.0,-6.5
2020-12-17,Northern Colorado Bears,83.0,away,0.6239401694,3.270907955,True,8.0,6.5
2020-12-17,Abilene Christian Wildcats,95.0,home,0.9902731452,32.5720481976,True,22.0,0.0
2020-12-17,Hardin-Simmons Cowboys,73.0,away,0.0097268548,-32.5720481976,False,-22.0,0.0
2020-12-17,Tulane Green Wave,74.0,home,0.2758933331,-6.9611108532,False,-6.0,-10.0
2020-12-17,Memphis Tigers,80.0,away,0.7241066669,6.9611108532,True,6.0,10.0
2020-12-17,Oklahoma Sooners,79.0,home,0.0,0.0,True,14.0,16.5
2020-12-17,Oral Roberts Golden Eagles,65.0,away,0.0,0.0,False,-14.0,-16.5
2020-12-17,Arizona State Sun Devils,63.0,home,0.8294765636,11.5206528145,False,-13.0,13.0
2020-12-17,UTEP Miners,76.0,away,0.1705234364,-11.5206528145,True,13.0,-13.0
2020-12-17,Oklahoma State Cowboys,76.0,home,0.5335556088,0.8798473701,False,-1.0,5.0
2020-12-17,TCU Horned Frogs,77.0,away,0.4664443911999999,-0.8798473701,True,1.0,-5.0
2020-12-17,Notre Dame Fighting Irish,65.0,home,0.4475192306,-1.3936658271,False,-10.0,-2.5
2020-12-17,Duke Blue Devils,75.0,away,0.5524807694,1.3936658271,True,10.0,2.5
2020-12-17,Washington Huskies,58.0,home,0.7055477698,5.6290398645,False,-8.0,6.5
2020-12-17,Montana Grizzlies,66.0,away,0.2944522302,-5.6290398645,True,8.0,-6.5
2020-12-16,Syracuse Orange,62.0,home,0.9742695368,25.0980084776,True,6.0,17.5
2020-12-16,Northeastern Huskies,56.0,away,0.0257304632,-25.0980084776,False,-6.0,-17.5
2020-12-20,Texas Longhorns,77.0,home,0.8107862924,10.0096347098,True,3.0,6.5
2020-12-20,Oklahoma State Cowboys,74.0,away,0.1892137076,-10.0096347098,False,-3.0,-6.5
2020-12-20,Manhattan Jaspers,67.0,home,0.5136120834,0.3535108148,False,-5.0,3.5
2020-12-20,Marist Red Foxes,72.0,away,0.4863879166,-0.3535108148,True,5.0,-3.5
2020-12-20,UConn Huskies,74.0,home,0.4318196637,-1.766755182,False,-2.0,-4.0
2020-12-20,Creighton Bluejays,76.0,away,0.5681803363,1.766755182,True,2.0,4.0
2020-12-20,Hartford Hawks,65.0,home,0.693593061,5.0418236158,True,15.0,9.0
2020-12-20,Maine Black Bears,50.0,away,0.306406939,-5.0418236158,False,-15.0,-9.0
2020-12-20,Old Dominion Monarchs,66.0,home,0.0,0.0,True,4.0,6.0
2020-12-20,Northeastern Huskies,62.0,away,0.0,0.0,False,-4.0,-6.0
2020-12-20,Iowa State Cyclones,60.0,home,0.9232569156,17.3601810055,True,15.0,20.0
2020-12-20,Jackson State Tigers,45.0,away,0.0767430844,-17.3601810055,False,-15.0,-20.0
2020-12-20,Central Michigan Chippewas,127.0,home,0.0,0.0,True,61.0,0.0
2020-12-20,Olivet Comets,66.0,away,0.0,0.0,False,-61.0,0.0
2020-12-20,UAlbany Great Danes,60.0,home,0.4930428912,-0.1772588871,False,-5.0,-4.0
2020-12-20,UMBC Retrievers,65.0,away,0.5069571088,0.1772588871,True,5.0,4.0
2020-12-20,Detroit Mercy Titans,72.0,home,0.4740787926,-0.7231067,False,-13.0,-6.0
2020-12-20,Wright State Raiders,85.0,away,0.5259212074,0.7231067,True,13.0,6.0
2020-12-20,Houston Cougars,88.0,home,0.9715645797,24.3781110623,True,33.0,34.0
2020-12-20,Alcorn State Braves,55.0,away,0.0284354203,-24.3781110623,False,-33.0,-34.0
2020-12-20,Northern Kentucky Norse,60.0,home,0.5843542173,2.0420747405,False,-10.0,3.5
2020-12-20,Youngstown State Penguins,70.0,away,0.4156457827000001,-2.0420747405,True,10.0,-3.5
2020-12-20,Marshall Thundering Herd,85.0,home,0.8656737069,12.4271355754,True,14.0,15.5
2020-12-20,Robert Morris Colonials,71.0,away,0.1343262931,-12.4271355754,False,-14.0,-15.5
2020-12-20,Xavier Musketeers,91.0,home,0.6755949062,4.6954847022,True,3.0,2.5
2020-12-20,Marquette Golden Eagles,88.0,away,0.3244050938,-4.6954847022,False,-3.0,-2.5
2020-12-20,Arkansas Razorbacks,87.0,home,0.9063089147,16.1040459172,True,11.0,20.0
2020-12-20,Oral Roberts Golden Eagles,76.0,away,0.0936910853,-16.1040459172,False,-11.0,-20.0
2020-12-20,Rutgers Scarlet Knights,91.0,home,0.4656763728,-0.9792345491,True,3.0,1.0
2020-12-20,Illinois Fighting Illini,88.0,away,0.5343236272,0.9792345491,False,-3.0,-1.0
2020-12-20,North Alabama Lions,82.0,home,0.9874681481,32.2701896417,True,26.0,0.0
2020-12-20,Freed-Hardeman Lions,56.0,away,0.0125318519,-32.2701896417,False,-26.0,0.0
2020-12-20,Drake Bulldogs,111.0,home,0.9847579388,26.5914793559,True,44.0,31.0
2020-12-20,Chicago State Cougars,67.0,away,0.0152420612,-26.5914793559,False,-44.0,-31.0
2020-12-20,Binghamton Bearcats,70.0,home,0.4243555456,-2.0050844197,False,-10.0,-4.5
2020-12-20,Stony Brook Seawolves,80.0,away,0.5756444544,2.0050844197,True,10.0,4.5
2020-12-20,Green Bay Phoenix,62.0,home,0.260497574,-7.031234784,False,-12.0,-0.0
2020-12-20,Milwaukee Panthers,74.0,away,0.739502426,7.031234784,True,12.0,0.0
2020-12-21,Northwestern Wildcats,79.0,home,0.3459733198,-4.6593852004,True,14.0,-7.5
2020-12-21,Michigan State Spartans,65.0,away,0.6540266801999999,4.6593852004,False,-14.0,7.5
2020-12-20,Arkansas State Red Wolves,90.0,home,0.9732395069,23.8303813829,True,40.0,0.0
2020-12-20,Champion Christian Tigers,50.0,away,0.0267604931,-23.8303813829,False,-40.0,0.0
2020-12-20,James Madison Dukes,98.0,home,0.0,0.0,True,43.0,0.0
2020-12-20,Alice Lloyd College Eagles,55.0,away,0.0,0.0,False,-43.0,0.0
2020-12-20,Seton Hall Pirates,77.0,home,0.6695384112,4.5434684798,False,-3.0,3.5
2020-12-20,Providence Friars,80.0,away,0.3304615888,-4.5434684798,True,3.0,-3.5
2020-12-21,Carver College Cougars,43.0,home,0.028106761,-24.7341507361,False,-76.0,0.0
2020-12-21,Georgia Southern Eagles,119.0,away,0.971893239,24.7341507361,True,76.0,0.0
2020-12-20,Portland State Vikings,74.0,home,0.3650438491,-4.0116060677,True,2.0,-4.0
2020-12-20,Weber State Wildcats,72.0,away,0.6349561509,4.0116060677,False,-2.0,4.0
2020-12-20,UTSA Roadrunners,102.0,home,0.9751581884,26.7842811831,True,32.0,0.0
2020-12-20,Our Lady Of The Lake Saints,70.0,away,0.0248418116,-26.7842811831,False,-32.0,0.0
2020-12-20,Purdue Fort Wayne Mastodons,80.0,home,0.6405516368,3.8312739069,False,-9.0,2.0
2020-12-20,Cleveland State Vikings,89.0,away,0.3594483632,-3.8312739069,True,9.0,-2.0
2020-12-21,Minnesota Golden Gophers,90.0,home,0.5618799429,1.7277416862,True,8.0,-2.5
2020-12-21,Saint Louis Billikens,82.0,away,0.4381200571,-1.7277416862,False,-8.0,2.5
2020-12-21,Westmont Warriors,64.0,home,0.0315501224,-22.5776197231,False,-28.0,0.0
2020-12-21,Pacific Tigers,92.0,away,0.9684498776,22.5776197231,True,28.0,0.0
2020-12-20,UT Martin Skyhawks,63.0,home,0.56322584,1.7444159087,False,-18.0,4.5
2020-12-20,Western Illinois Leathernecks,81.0,away,0.43677416,-1.7444159087,True,18.0,-4.5
2020-12-20,Nevada Wolf Pack,66.0,home,0.9017441225,13.6303720275,False,-2.0,11.5
2020-12-20,Air Force Falcons,68.0,away,0.0982558775,-13.6303720275,True,2.0,-11.5
2020-12-20,UTEP Miners,79.0,home,0.9930819804,35.24048231,True,20.0,0.0
2020-12-20,Benedictine (AZ) Redhawks,59.0,away,0.0069180196,-35.24048231,False,-20.0,0.0
2020-12-20,South Dakota Coyotes,84.0,home,0.959120768,22.7841802968,True,40.0,0.0
2020-12-20,Mount Marty College Lancers,44.0,away,0.040879232,-22.7841802968,False,-40.0,0.0
2020-12-21,San Francisco Dons,68.0,home,0.5201207628,0.5160869506,True,3.0,5.5
2020-12-21,Grand Canyon Lopes,65.0,away,0.4798792372,-0.5160869506,False,-3.0,-5.5
2020-12-20,UIC Flames,90.0,home,0.7161535325,6.2334889309,True,17.0,5.5
2020-12-20,Oakland Golden Grizzlies,73.0,away,0.2838464675,-6.2334889309,False,-17.0,-5.5
2020-12-20,St. John's Red Storm,94.0,home,0.7226129145,6.9838910632,True,11.0,4.5
2020-12-20,Georgetown Hoyas,83.0,away,0.2773870855,-6.9838910632,False,-11.0,-4.5
2020-12-20,Georgia Tech Yellow Jackets,97.0,home,0.9689693853,23.9125576986,True,28.0,31.0
2020-12-20,Delaware State Hornets,69.0,away,0.0310306147,-23.9125576986,False,-28.0,-31.0
2020-12-21,Colorado Buffaloes,92.0,home,0.7857108662000001,8.5875798157,True,23.0,9.5
2020-12-21,Washington Huskies,69.0,away,0.2142891338,-8.5875798157,False,-23.0,-9.5
2020-12-15,Wofford Terriers,88.0,home,0.6845752424,5.0345935492,True,11.0,6.0
2020-12-15,Coastal Carolina Chanticleers,77.0,away,0.3154247576,-5.0345935492,False,-11.0,-6.0
2020-12-15,UT Martin Skyhawks,95.0,home,0.0,0.0,True,35.0,0.0
2020-12-15,Bethel (TN) Wildcats,60.0,away,0.0,0.0,False,-35.0,0.0
2020-12-16,New Mexico Lobos,104.0,home,0.0,0.0,True,39.0,0.0
2020-12-16,Our Lady Of The Lake Saints,65.0,away,0.0,0.0,False,-39.0,0.0
2020-12-15,Virginia Tech Hokies,66.0,home,0.5179936278,0.4316742613,True,6.0,2.0
2020-12-15,Clemson Tigers,60.0,away,0.4820063722,-0.4316742613,False,-6.0,-2.0
2020-12-15,Georgia Southern Eagles,92.0,home,0.9487473085,20.6296554023,True,65.0,0.0
2020-12-15,Carver College Cougars,27.0,away,0.0512526915,-20.6296554023,False,-65.0,0.0
2020-12-16,Illinois Fighting Illini,92.0,home,0.7355009829,7.4085329846,True,27.0,8.5
2020-12-16,Minnesota Golden Gophers,65.0,away,0.2644990171,-7.4085329846,False,-27.0,-8.5
2020-12-15,Stony Brook Seawolves,83.0,home,0.9755401688,25.5931551341,True,44.0,0.0
2020-12-15,Point Park Pioneers,39.0,away,0.0244598312,-25.5931551341,False,-44.0,0.0
2020-12-15,Miami (OH) RedHawks,62.0,home,0.3264210931,-4.6558312379,False,-28.0,-4.0
2020-12-15,Buffalo Bulls,90.0,away,0.6735789069,4.6558312379,True,28.0,4.0
2020-12-16,Monmouth Hawks,88.0,home,0.4374532039,-1.7266140478,False,-8.0,1.0
2020-12-16,Hofstra Pride,96.0,away,0.5625467961,1.7266140478,True,8.0,-1.0
2020-12-16,East Tennessee State Buccaneers,65.0,home,0.5823741501,2.2714947881,True,5.0,5.5
2020-12-16,Gardner-Webb Runnin' Bulldogs,60.0,away,0.4176258499,-2.2714947881,False,-5.0,-5.5
2020-12-15,Northwestern Wildcats,100.0,home,0.0,0.0,True,52.0,0.0
2020-12-15,Quincy Hawks,48.0,away,0.0,0.0,False,-52.0,0.0
2020-12-15,Cal State Northridge Matadors,71.0,home,0.2896347915,-6.3542612672,False,-11.0,-16.5
2020-12-15,Stanford Cardinal,82.0,away,0.7103652085000001,6.3542612672,True,11.0,16.5
2020-12-15,Illinois State Redbirds,91.0,home,0.9266417866,19.0972375469,True,29.0,23.5
2020-12-15,Chicago State Cougars,62.0,away,0.0733582134,-19.0972375469,False,-29.0,-23.5
2020-12-16,Wisconsin Badgers,77.0,home,0.7309362743,5.9664713299,True,14.0,9.0
2020-12-16,Loyola Chicago Ramblers,63.0,away,0.2690637257,-5.9664713299,False,-14.0,-9.0
2020-12-15,Rice Owls,90.0,home,0.7540149558,8.1176152833,True,11.0,14.0
2020-12-15,Houston Christian Huskies,79.0,away,0.2459850442,-8.1176152833,False,-11.0,-14.0
2020-12-15,Radford Highlanders,62.0,home,0.4870355038999999,-0.3146475054,True,9.0,4.5
2020-12-15,Longwood Lancers,53.0,away,0.5129644961,0.3146475054,False,-9.0,-4.5
2020-12-16,Florida State Seminoles,74.0,home,0.6632216329,4.2890286287,True,13.0,8.0
2020-12-16,Georgia Tech Yellow Jackets,61.0,away,0.3367783670999999,-4.2890286287,False,-13.0,-8.0
2020-12-16,Tennessee Volunteers,79.0,home,0.8950783298,13.3571418613,True,41.0,19.5
2020-12-16,App State Mountaineers,38.0,away,0.1049216702,-13.3571418613,False,-41.0,-19.5
2020-12-15,Central Connecticut Blue Devils,86.0,home,0.4581583339,-1.1989975034,False,-5.0,0.0
2020-12-15,St. Francis Brooklyn Terriers,91.0,away,0.5418416661,1.1989975034,True,5.0,0.0
2020-12-15,Akron Zips,74.0,home,0.4312158129,-1.6539688969,False,-7.0,-5.5
2020-12-15,St. Bonaventure Bonnies,81.0,away,0.5687841871,1.6539688969,True,7.0,5.5
2020-12-16,Davidson Wildcats,52.0,home,0.8791803729000001,10.9527158047,False,-11.0,11.0
2020-12-16,Charlotte 49ers,63.0,away,0.1208196271,-10.9527158047,True,11.0,-11.0
2020-12-16,Louisiana Ragin' Cajuns,73.0,home,0.5370658238,1.0839838078,True,10.0,10.5
2020-12-16,New Orleans Privateers,63.0,away,0.4629341762,-1.0839838078,False,-10.0,-10.5
2020-12-16,Liberty Flames,82.0,home,0.9630619854,20.4870655983,True,30.0,26.5
2020-12-16,South Carolina State Bulldogs,52.0,away,0.0369380146,-20.4870655983,False,-30.0,-26.5
2020-12-16,VCU Rams,93.0,home,0.6871494441999999,5.5402118892,True,25.0,14.5
2020-12-16,Western Carolina Catamounts,68.0,away,0.3128505558,-5.5402118892,False,-25.0,-14.5
2020-12-16,Stetson Hatters,78.0,home,0.3686534508999999,-3.4367168965,True,9.0,-4.0
2020-12-16,Florida Atlantic Owls,69.0,away,0.6313465491,3.4367168965,False,-9.0,4.0
2020-12-16,Texas A&M Aggies,69.0,home,0.8946648297,14.6807285412,True,17.0,21.0
2020-12-16,SE Louisiana Lions,52.0,away,0.1053351703,-14.6807285412,False,-17.0,-21.0
2020-12-16,VMI Keydets,106.0,home,0.9625460946,23.7204462237,True,34.0,0.0
2020-12-16,Campbellsville-Harrodsburg Pioneers,72.0,away,0.0374539054,-23.7204462237,False,-34.0,0.0
2020-12-16,Utah Utes,75.0,home,0.9585448763,21.4590741268,True,8.0,18.0
2020-12-16,Utah Valley Wolverines,67.0,away,0.0414551237,-21.4590741268,False,-8.0,-18.0
2020-12-16,North Texas Mean Green,81.0,home,0.9434181606,18.6111677816,True,25.0,23.0
2020-12-16,Arkansas-Pine Bluff Golden Lions,56.0,away,0.0565818394,-18.6111677816,False,-25.0,-23.0
2020-12-16,Auburn Tigers,80.0,home,0.7210037595,6.759316795,True,17.0,14.5
2020-12-16,Texas Southern Tigers,63.0,away,0.2789962405,-6.759316795,False,-17.0,-14.5
2020-12-16,UNC Greensboro Spartans,65.0,home,0.9531830328999998,21.5516567709,True,8.0,17.5
2020-12-16,South Carolina Upstate Spartans,57.0,away,0.0468169671,-21.5516567709,False,-8.0,-17.5
2020-12-16,Portland Pilots,88.0,home,0.9570923622,22.5551915425,True,14.0,0.0
2020-12-16,College of Idaho Yotes,74.0,away,0.0429076377999999,-22.5551915425,False,-14.0,0.0
2020-12-16,Lipscomb Bisons,61.0,home,0.9737918457,24.561829467,True,16.0,0.0
2020-12-16,Trevecca Nazarene Trojans,45.0,away,0.0262081542999999,-24.561829467,False,-16.0,0.0
2020-12-16,McNeese Cowboys,114.0,home,0.9724929322,27.2078352871,True,64.0,0.0
2020-12-16,Arlington Baptist Patriots,50.0,away,0.0275070677999999,-27.2078352871,False,-64.0,0.0
2020-12-16,Tulsa Golden Hurricane,65.0,home,0.6306387096,3.4378954303,False,-4.0,1.0
2020-12-16,Wichita State Shockers,69.0,away,0.3693612904,-3.4378954303,True,4.0,-1.0
2020-12-16,Louisiana Tech Bulldogs,85.0,home,0.8133885730999999,10.1502714589,True,27.0,15.0
2020-12-16,Jackson State Tigers,58.0,away,0.1866114269,-10.1502714589,False,-27.0,-15.0
2020-12-16,Murray State Racers,90.0,home,0.9940428455,39.2447670588,True,41.0,0.0
2020-12-16,Transylvania Pioneers,49.0,away,0.0059571545,-39.2447670588,False,-41.0,0.0
2020-12-16,Evansville Purple Aces,66.0,home,0.5191889169,0.473806382,True,3.0,5.0
2020-12-16,Southeast Missouri State Redhawks,63.0,away,0.4808110831,-0.473806382,False,-3.0,-5.0
2020-12-16,Lamar Cardinals,63.0,home,0.5509766901,1.372064213,False,-3.0,4.0
2020-12-16,Southern Miss Golden Eagles,66.0,away,0.4490233099,-1.372064213,True,3.0,-4.0
2020-12-16,Oral Roberts Golden Eagles,96.0,home,0.982004365,29.5243604092,True,31.0,0.0
2020-12-16,Bacone,65.0,away,0.017995635,-29.5243604092,False,-31.0,0.0
2020-12-16,Texas State Bobcats,51.0,home,0.7289606977000002,6.4163134539,True,5.0,11.5
2020-12-16,Texas A&M-Corpus Christi Islanders,46.0,away,0.2710393023,-6.4163134539,False,-5.0,-11.5
2020-12-16,Santa Clara Broncos,88.0,home,0.0,0.0,True,23.0,0.0
2020-12-16,Fresno Pacific Sunbirds,65.0,away,0.0,0.0,False,-23.0,0.0
2020-12-16,Austin Peay Governors,70.0,home,0.8998872191000001,14.3286494633,False,-6.0,13.0
2020-12-16,Florida A&M Rattlers,76.0,away,0.1001127809,-14.3286494633,True,6.0,-13.0
2020-12-16,Saint Louis Billikens,78.0,home,0.8690968253,12.6983711831,True,19.0,14.5
2020-12-16,Indiana State Sycamores,59.0,away,0.1309031747,-12.6983711831,False,-19.0,-14.5
2020-12-16,Alabama Crimson Tide,83.0,home,0.6626783515,4.9068633779,True,3.0,6.0
2020-12-16,Furman Paladins,80.0,away,0.3373216485,-4.9068633779,False,-3.0,-6.0
2020-12-16,Iowa State Cyclones,65.0,home,0.8238940172,9.1258950449,False,-9.0,7.5
2020-12-16,Kansas State Wildcats,74.0,away,0.1761059828,-9.1258950449,True,9.0,-7.5
2020-12-16,Saint Mary's Gaels,80.0,home,0.8022047931,8.8092395309,True,5.0,9.0
2020-12-16,Eastern Washington Eagles,75.0,away,0.1977952069,-8.8092395309,False,-5.0,-9.0
2020-12-21,Tennessee Volunteers,102.0,home,0.9747160281,25.2405375538,True,36.0,22.5
2020-12-21,Saint Joseph's Hawks,66.0,away,0.0252839719,-25.2405375538,False,-36.0,-22.5
2020-12-21,Texas A&M Aggies,70.0,home,0.6904080342000001,4.8164889115,True,18.0,6.5
2020-12-21,Wofford Terriers,52.0,away,0.3095919658,-4.8164889115,False,-18.0,-6.5
2020-12-21,Kansas State Wildcats,70.0,home,0.7785395756,8.0929372774,True,24.0,12.5
2020-12-21,Jacksonville Dolphins,46.0,away,0.2214604244,-8.0929372774,False,-24.0,-12.5
2020-12-21,Rice Owls,73.0,home,0.0,0.0,True,11.0,8.0
2020-12-21,New Orleans Privateers,62.0,away,0.0,0.0,False,-11.0,-8.0
2020-12-21,Campbell Fighting Camels,59.0,home,0.6039440533,2.8031126488,False,-19.0,-2.0
2020-12-21,UNC Wilmington Seahawks,78.0,away,0.3960559467,-2.8031126488,True,19.0,2.0
2020-12-21,Lipscomb Bisons,97.0,home,0.9823572704,27.0088297312,True,37.0,0.0
2020-12-21,Crowley's Ridge Pioneers,60.0,away,0.0176427296,-27.0088297312,False,-37.0,0.0
2020-12-21,Clemson Tigers,66.0,home,0.9472002595,17.4906016335,True,15.0,24.0
2020-12-21,Morehead State Eagles,51.0,away,0.0527997405,-17.4906016335,False,-15.0,-24.0
2020-12-21,Southern Utah Thunderbirds,96.0,home,0.9930516413,35.7973016998,True,39.0,0.0
2020-12-21,Bethesda University Flames,57.0,away,0.0069483587,-35.7973016998,False,-39.0,0.0
2020-12-21,Florida Atlantic Owls,107.0,home,0.9860888679,30.3499024471,True,35.0,0.0
2020-12-21,Florida College Falcons,72.0,away,0.0139111321,-30.3499024471,False,-35.0,0.0
2020-12-21,George Mason Patriots,68.0,home,0.8225220082999999,9.7413643088,True,2.0,8.0
2020-12-21,VMI Keydets,66.0,away,0.1774779917,-9.7413643088,False,-2.0,-8.0
2020-12-22,Delaware Blue Hens,59.0,home,0.5180195239,0.4894030892,False,-6.0,6.5
2020-12-22,Morgan State Bears,65.0,away,0.4819804761,-0.4894030892,True,6.0,-6.5
2020-12-21,Texas State Bobcats,70.0,home,0.5793060278,1.9798466604,True,5.0,9.0
2020-12-21,Northern Arizona Lumberjacks,65.0,away,0.4206939722,-1.9798466604,False,-5.0,-9.0
2020-12-21,UMass Lowell River Hawks,73.0,home,0.3243616723,-4.6171323611,True,8.0,-10.0
2020-12-21,Vermont Catamounts,65.0,away,0.6756383277000001,4.6171323611,False,-8.0,10.0
2020-12-21,Massachusetts Minutemen,88.0,home,0.8237068451,12.355783344,False,-5.0,9.0
2020-12-21,Bryant Bulldogs,93.0,away,0.1762931549,-12.355783344,True,5.0,-9.0
2020-12-22,Gonzaga Bulldogs,95.0,home,0.9817274576,30.5902995326,True,38.0,42.5
2020-12-22,Northwestern State Demons,57.0,away,0.0182725424,-30.5902995326,False,-38.0,-42.5
2020-12-22,Florida International Panthers,111.0,home,0.9863226495,31.9602242761,True,77.0,0.0
2020-12-22,Carver College Cougars,34.0,away,0.0136773504999999,-31.9602242761,False,-77.0,0.0
2020-12-21,Furman Paladins,118.0,home,0.9738325358,25.2340276459,True,66.0,32.5
2020-12-21,South Carolina State Bulldogs,52.0,away,0.0261674642,-25.2340276459,False,-66.0,-32.5
2020-12-22,Florida State Seminoles,72.0,home,0.8838524759999999,13.089609518,True,13.0,21.0
2020-12-22,Gardner-Webb Runnin' Bulldogs,59.0,away,0.116147524,-13.089609518,False,-13.0,-21.0
2020-12-22,Baylor Bears,99.0,home,0.9926576791,33.4611355057,True,57.0,43.0
2020-12-22,Arkansas-Pine Bluff Golden Lions,42.0,away,0.0073423209,-33.4611355057,False,-57.0,-43.0
2020-12-22,Virginia Tech Hokies,84.0,home,0.9588903895,19.4452077201,True,26.0,24.0
2020-12-22,Longwood Lancers,58.0,away,0.0411096104999999,-19.4452077201,False,-26.0,-24.0
2020-12-22,UT Rio Grande Valley Vaqueros,66.0,home,0.6397191831,4.2677438712,False,-3.0,5.0
2020-12-22,Sam Houston Bearkats,69.0,away,0.3602808169,-4.2677438712,True,3.0,-5.0
2020-12-22,Memphis Tigers,49.0,home,0.7973739262000001,8.945241206,False,-7.0,9.5
2020-12-22,Tulsa Golden Hurricane,56.0,away,0.2026260737999999,-8.945241206,True,7.0,-9.5
2020-12-22,Butler Bulldogs,73.0,home,0.8764850944,12.4108891577,False,-3.0,9.0
2020-12-22,Southern Illinois Salukis,76.0,away,0.1235149056,-12.4108891577,True,3.0,-9.0
2020-12-22,Evansville Purple Aces,63.0,home,0.1780653036,-9.5409167305,False,-9.0,-9.5
2020-12-22,Belmont Bruins,72.0,away,0.8219346964,9.5409167305,True,9.0,9.5
2020-12-22,Mississippi State Bulldogs,87.0,home,0.9930698857,33.791214341,True,39.0,37.0
2020-12-22,Mississippi Valley State Delta Devils,48.0,away,0.0069301143,-33.791214341,False,-39.0,-37.0
2020-12-22,Wagner Seahawks,74.0,home,0.6017391457,2.4632900025,True,28.0,7.0
2020-12-22,Sacred Heart Pioneers,46.0,away,0.3982608542999999,-2.4632900025,False,-28.0,-7.0
2020-12-22,North Florida Ospreys,98.0,home,0.9748854071,25.2845549631,True,27.0,0.0
2020-12-22,Edward Waters Tigers,71.0,away,0.0251145929,-25.2845549631,False,-27.0,0.0
2020-12-22,Washington State Cougars,90.0,home,0.7878112065,8.1179413166,True,28.0,12.5
2020-12-22,Prairie View A&M Panthers,62.0,away,0.2121887935,-8.1179413166,False,-28.0,-12.5
2020-12-22,Samford Bulldogs,133.0,home,0.9832887631,30.7269386961,True,49.0,0.0
2020-12-22,Belhaven Blazers,84.0,away,0.0167112369,-30.7269386961,False,-49.0,0.0
2020-12-22,Charleston Southern Buccaneers,55.0,home,0.6117278016,3.2117330153,False,-12.0,4.0
2020-12-22,Hampton Pirates,67.0,away,0.3882721984,-3.2117330153,True,12.0,-4.0
2020-12-22,Austin Peay Governors,74.0,home,0.3103029929,-5.5739853251,True,4.0,-3.5
2020-12-22,Murray State Racers,70.0,away,0.6896970070999999,5.5739853251,False,-4.0,3.5
2020-12-22,Missouri State Bears,85.0,home,0.5764382162,1.9338229491,True,8.0,-2.0
2020-12-22,Little Rock Trojans,77.0,away,0.4235617838,-1.9338229491,False,-8.0,2.0
2020-12-22,Georgia State Panthers,72.0,home,0.7714342987,7.9798269789,True,17.0,10.5
2020-12-22,Charleston Cougars,55.0,away,0.2285657013,-7.9798269789,False,-17.0,-10.5
2020-12-22,Utah State Aggies,107.0,home,0.9093149856,16.3034321103,True,45.0,19.0
2020-12-22,San José State Spartans,62.0,away,0.0906850144,-16.3034321103,False,-45.0,-19.0
2020-12-22,Stanford Cardinal,63.0,home,0.8162933849000001,9.3476769994,True,13.0,14.5
2020-12-22,Cal State Bakersfield Roadrunners,50.0,away,0.1837066151,-9.3476769994,False,-13.0,-14.5
2020-12-22,Boise State Broncos,77.0,home,0.8223753166000001,10.0720228799,True,24.0,9.5
2020-12-22,New Mexico Lobos,53.0,away,0.1776246834,-10.0720228799,False,-24.0,-9.5
2020-12-22,BYU Cougars,87.0,home,0.9169844435,16.8294625998,True,16.0,17.5
2020-12-22,Texas Southern Tigers,71.0,away,0.0830155565,-16.8294625998,False,-16.0,-17.5
2020-12-18,App State Mountaineers,77.0,home,0.9889153495,30.6265359887,True,36.0,0.0
2020-12-18,Columbia International Rams,41.0,away,0.0110846505,-30.6265359887,False,-36.0,0.0
2020-12-18,Howard Bison,81.0,home,0.5585522398,1.6857276081,True,5.0,1.0
2020-12-18,Hampton Pirates,76.0,away,0.4414477601999999,-1.6857276081,False,-5.0,-1.0
2020-12-18,San Diego State Aztecs,62.0,home,0.635432102,3.5284003273,False,-10.0,6.5
2020-12-18,BYU Cougars,72.0,away,0.364567898,-3.5284003273,True,10.0,-6.5
2020-12-18,Western Michigan Broncos,76.0,home,0.5991300686,2.6272318766,True,15.0,1.0
2020-12-18,Central Michigan Chippewas,61.0,away,0.4008699314,-2.6272318766,False,-15.0,-1.0
2020-12-18,Southern Illinois Salukis,62.0,home,0.7251410227000001,6.1717728711,True,12.0,7.5
2020-12-18,North Dakota Fighting Hawks,50.0,away,0.2748589773,-6.1717728711,False,-12.0,-7.5
2020-12-18,Gardner-Webb Runnin' Bulldogs,88.0,home,0.712770838,6.3483424868,True,11.0,5.0
2020-12-18,VMI Keydets,77.0,away,0.287229162,-6.3483424868,False,-11.0,-5.0
2020-12-18,South Dakota Coyotes,57.0,home,0.1453854596,-11.5733570897,False,-18.0,-6.5
2020-12-18,Drake Bulldogs,75.0,away,0.8546145404,11.5733570897,True,18.0,6.5
2020-12-18,Morehead State Eagles,65.0,home,0.7091072454999999,5.5242961757,False,-4.0,5.0
2020-12-18,SIU Edwardsville Cougars,69.0,away,0.2908927545,-5.5242961757,True,4.0,-5.0
2020-12-18,Montana Grizzlies,78.0,home,0.9911508137,32.4960963764,True,27.0,0.0
2020-12-18,Dickinson State (ND) Blue Hawks,51.0,away,0.0088491863,-32.4960963764,False,-27.0,0.0
2020-12-19,West Virginia Mountaineers,70.0,home,0.7792639888,8.2825224091,True,5.0,15.0
2020-12-19,Iowa State Cyclones,65.0,away,0.2207360112,-8.2825224091,False,-5.0,-15.0
2020-12-18,Monmouth Hawks,78.0,home,0.69263691,5.7312597829,True,2.0,-1.5
2020-12-18,Saint Peter's Peacocks,76.0,away,0.30736309,-5.7312597829,False,-2.0,1.5
2020-12-18,North Carolina A&T Aggies,91.0,home,0.973733889,26.746649924,True,46.0,0.0
2020-12-18,Greensboro College Pride,45.0,away,0.026266111,-26.746649924,False,-46.0,0.0
2020-12-18,Norfolk State Spartans,72.0,home,0.6511717114999999,4.0946285633,False,-8.0,1.0
2020-12-18,UNC Wilmington Seahawks,80.0,away,0.3488282885,-4.0946285633,True,8.0,-1.0
2020-12-18,Georgia State Panthers,122.0,home,0.9950994368,39.0694074559,True,65.0,0.0
2020-12-18,Carver College Cougars,57.0,away,0.0049005632,-39.0694074559,False,-65.0,0.0
2020-12-18,Coastal Carolina Chanticleers,86.0,home,0.9880193122,31.9600404009,True,23.0,0.0
2020-12-18,Alice Lloyd College Eagles,63.0,away,0.0119806878,-31.9600404009,False,-23.0,0.0
2020-12-19,Wichita State Shockers,73.0,home,0.9919071792,32.7229650428,True,16.0,0.0
2020-12-19,Emporia St Hornets,57.0,away,0.0080928208,-32.7229650428,False,-16.0,0.0
2020-12-18,Presbyterian Blue Hose,62.0,home,0.670479249,4.9735109115,True,6.0,9.5
2020-12-18,South Carolina State Bulldogs,56.0,away,0.329520751,-4.9735109115,False,-6.0,-9.5
2020-12-18,Robert Morris Colonials,65.0,home,0.4912644444,-0.233994425,False,-20.0,0.0
2020-12-18,Bowling Green Falcons,85.0,away,0.5087355556,0.233994425,True,20.0,0.0
2020-12-19,Tennessee Volunteers,103.0,home,0.9738879489,22.4006479972,True,54.0,30.5
2020-12-19,Tennessee Tech Golden Eagles,49.0,away,0.0261120511,-22.4006479972,False,-54.0,-30.5
2020-12-18,Niagara Purple Eagles,68.0,home,0.6506748064,3.9446327538,True,17.0,4.5
2020-12-18,Fairfield Stags,51.0,away,0.3493251936,-3.9446327538,False,-17.0,-4.5
2020-12-19,Charleston Cougars,70.0,home,0.6012390493,2.7404917126,False,-6.0,3.0
2020-12-19,Western Carolina Catamounts,76.0,away,0.3987609507,-2.7404917126,True,6.0,-3.0
2020-12-19,Georgia Tech Yellow Jackets,74.0,home,0.9500941241,18.8869876331,True,10.0,22.5
2020-12-19,Florida A&M Rattlers,64.0,away,0.0499058758999999,-18.8869876331,False,-10.0,-22.5
2020-12-19,Southeast Missouri State Redhawks,67.0,home,0.6864977518,5.2953101137,False,-2.0,5.5
2020-12-19,UT Martin Skyhawks,69.0,away,0.3135022482,-5.2953101137,True,2.0,-5.5
2020-12-19,Rhode Island Rams,58.0,home,0.5206085307,0.5242225971,False,-9.0,2.0
2020-12-19,Davidson Wildcats,67.0,away,0.4793914693,-0.5242225971,True,9.0,-2.0
2020-12-19,Tennessee State Tigers,63.0,home,0.2699393741,-7.0692621172,False,-25.0,-8.0
2020-12-19,Belmont Bruins,88.0,away,0.7300606259,7.0692621172,True,25.0,8.0
2020-12-19,Florida Gulf Coast Eagles,112.0,home,0.9842566860999998,27.7828730088,True,73.0,0.0
2020-12-19,Webber International Warriors,39.0,away,0.0157433139,-27.7828730088,False,-73.0,0.0
2020-12-19,Rider Broncs,56.0,home,0.5040566897,0.1005438351,False,-14.0,-1.5
2020-12-19,Iona Gaels,70.0,away,0.4959433103,-0.1005438351,True,14.0,1.5
2020-12-19,Little Rock Trojans,78.0,home,0.9861157158,29.9254341317,True,28.0,0.0
2020-12-19,Champion Christian Tigers,50.0,away,0.0138842842,-29.9254341317,False,-28.0,0.0
2020-12-19,Tulsa Golden Hurricane,82.0,home,0.848867239,11.7457354677,True,27.0,16.5
2020-12-19,Northwestern State Demons,55.0,away,0.151132761,-11.7457354677,False,-27.0,-16.5
2020-12-19,Northern Illinois Huskies,64.0,home,0.8919207527,13.0828503899,True,10.0,17.5
2020-12-19,Chicago State Cougars,54.0,away,0.1080792473,-13.0828503899,False,-10.0,-17.5
2020-12-18,Loyola Chicago Ramblers,73.0,home,0.497661497,-0.0611842348,False,-2.0,-1.0
2020-12-18,Richmond Spiders,75.0,away,0.502338503,0.0611842348,True,2.0,1.0
2020-12-19,Washington State Cougars,82.0,home,0.6327994032,3.811184542,True,28.0,4.5
2020-12-19,Montana State Bobcats,54.0,away,0.3672005968,-3.811184542,False,-28.0,-4.5
2020-12-19,Idaho State Bengals,113.0,home,0.0,0.0,True,67.0,0.0
2020-12-19,Nelson Lions,46.0,away,0.0,0.0,False,-67.0,0.0
2020-12-19,Utah Utes,79.0,home,0.9566814398,20.0021542468,True,38.0,23.5
2020-12-19,Idaho Vandals,41.0,away,0.0433185602,-20.0021542468,False,-38.0,-23.5
2020-12-19,Southern Utah Thunderbirds,98.0,home,0.0,0.0,True,34.0,0.0
2020-12-19,Bethesda University Flames,64.0,away,0.0,0.0,False,-34.0,0.0
2020-12-19,Utah State Aggies,63.0,home,0.0,0.0,True,13.0,0.0
2020-12-19,Northern Colorado Bears,50.0,away,0.0,0.0,False,-13.0,0.0
2020-12-19,Nevada Wolf Pack,74.0,home,0.8999510221,13.4805329512,True,17.0,11.5
2020-12-19,Air Force Falcons,57.0,away,0.1000489779,-13.4805329512,False,-17.0,-11.5
2020-12-19,Portland State Vikings,66.0,home,0.4339738072,-1.8246434962,False,-28.0,-0.0
2020-12-19,Weber State Wildcats,94.0,away,0.5660261928,1.8246434962,True,28.0,0.0
2020-12-26,Minnesota Golden Gophers,102.0,home,0.2373973638999999,-8.8367381892,True,7.0,-7.0
2020-12-26,Iowa Hawkeyes,95.0,away,0.7626026361,8.8367381892,False,-7.0,7.0
2020-12-25,Purdue Boilermakers,73.0,home,0.6443865869,3.6305267435,True,3.0,6.0
2020-12-25,Maryland Terrapins,70.0,away,0.3556134131,-3.6305267435,False,-3.0,-6.0
2020-12-25,Nebraska Cornhuskers,69.0,home,0.3231874479,-5.0728181925,False,-11.0,-7.5
2020-12-25,Michigan Wolverines,80.0,away,0.6768125521,5.0728181925,True,11.0,7.5
2020-12-25,Michigan State Spartans,76.0,home,0.4964084544,-0.0955511757,False,-9.0,2.5
2020-12-25,Wisconsin Badgers,85.0,away,0.5035915456,0.0955511757,True,9.0,-2.5
2020-12-26,Detroit Mercy Titans,75.0,home,0.8292552781000001,11.0942566917,False,-2.0,3.5
2020-12-26,Oakland Golden Grizzlies,77.0,away,0.1707447219,-11.0942566917,True,2.0,-3.5
2020-12-26,Wright State Raiders,67.0,home,0.9355084891,18.4521743259,True,14.0,15.0
2020-12-26,Green Bay Phoenix,53.0,away,0.0644915109,-18.4521743259,False,-14.0,-15.0
2020-12-26,Towson Tigers,78.0,home,0.7981047282999999,9.710757806,True,5.0,11.0
2020-12-26,Coppin State Eagles,73.0,away,0.2018952717,-9.710757806,False,-5.0,-11.0
2020-12-26,UCF Knights,54.0,home,0.2320001994,-7.620986957,False,-9.0,-7.5
2020-12-26,Houston Cougars,63.0,away,0.7679998006,7.620986957,True,9.0,7.5
2020-12-27,Purdue Fort Wayne Mastodons,88.0,home,0.5845265767,2.162098475,False,-14.0,-0.0
2020-12-27,Robert Morris Colonials,102.0,away,0.4154734233,-2.162098475,True,14.0,0.0
2020-12-26,LSU Tigers,86.0,home,0.9173175976,16.6200348241,True,6.0,22.0
2020-12-26,Nicholls Colonels,80.0,away,0.0826824024,-16.6200348241,False,-6.0,-22.0
2020-12-26,Louisville Cardinals,62.0,home,0.6347686906,3.5088198161,True,3.0,3.5
2020-12-26,Kentucky Wildcats,59.0,away,0.3652313094,-3.5088198161,False,-3.0,-3.5
2020-12-26,Gonzaga Bulldogs,98.0,home,0.4769514962,-0.5908253402,True,23.0,8.0
2020-12-26,Virginia Cavaliers,75.0,away,0.5230485038,0.5908253402,False,-23.0,-8.0
2020-12-26,Cleveland State Vikings,87.0,home,0.5235988748,0.5773492963,True,18.0,-2.0
2020-12-26,Youngstown State Penguins,69.0,away,0.4764011252,-0.5773492963,False,-18.0,2.0
2020-12-26,George Mason Patriots,65.0,home,0.7105549061,5.5640628972,False,-3.0,10.0
2020-12-26,Norfolk State Spartans,68.0,away,0.2894450939,-5.5640628972,True,3.0,-10.0
2020-12-26,Illinois Fighting Illini,69.0,home,0.6795856329,5.1107249946,True,9.0,6.5
2020-12-26,Indiana Hoosiers,60.0,away,0.3204143671,-5.1107249946,False,-9.0,-6.5
2020-12-26,Northwestern Wildcats,71.0,home,0.4562478744,-1.1259544823,True,1.0,-2.5
2020-12-26,Ohio State Buckeyes,70.0,away,0.5437521256,1.1259544823,False,-1.0,2.5
2020-12-23,Notre Dame Fighting Irish,81.0,home,0.9746281808,22.6368386958,True,11.0,17.5
2020-12-23,Bellarmine Knights,70.0,away,0.0253718192,-22.6368386958,False,-11.0,-17.5
2020-12-23,Creighton Bluejays,66.0,home,0.7476342497,7.3157902313,True,5.0,7.0
2020-12-23,Xavier Musketeers,61.0,away,0.2523657503,-7.3157902313,False,-5.0,-7.0
2020-12-23,Ohio State Buckeyes,80.0,home,0.6497773653,4.0452631296,True,12.0,3.5
2020-12-23,Rutgers Scarlet Knights,68.0,away,0.3502226347,-4.0452631296,False,-12.0,-3.5
2020-12-23,Penn State Nittany Lions,81.0,home,0.4113289874,-2.4511564033,False,-17.0,-4.5
2020-12-23,Illinois Fighting Illini,98.0,away,0.5886710126,2.4511564033,True,17.0,4.5
2020-12-23,George Mason Patriots,70.0,home,0.6468335245,3.6211014075,True,5.0,5.0
2020-12-23,Towson Tigers,65.0,away,0.3531664754999999,-3.6211014075,False,-5.0,-5.0
2020-12-23,Pepperdine Waves,51.0,home,0.7651332286,7.5637965789,False,-28.0,6.0
2020-12-23,Cal State Bakersfield Roadrunners,79.0,away,0.2348667714,-7.5637965789,True,28.0,-6.0
2020-12-23,Seton Hall Pirates,78.0,home,0.8197207464,10.1639800415,True,11.0,9.5
2020-12-23,Georgetown Hoyas,67.0,away,0.1802792536,-10.1639800415,False,-11.0,-9.5
2020-12-24,Tulsa Golden Hurricane,102.0,home,0.9957799126,37.1917394797,True,57.0,0.0
2020-12-24,Southwestern Christian Eagles,45.0,away,0.0042200874,-37.1917394797,False,-57.0,0.0
2020-12-24,Marquette Golden Eagles,68.0,home,0.2660671992,-6.133212512,False,-17.0,-5.5
2020-12-24,Villanova Wildcats,85.0,away,0.7339328008,6.133212512,True,17.0,5.5
2020-12-23,Northern Colorado Bears,56.0,home,0.581651105,2.0195333047,False,-15.0,9.0
2020-12-23,Idaho State Bengals,71.0,away,0.418348895,-2.0195333047,True,15.0,-9.0
2020-12-24,BYU Cougars,87.0,home,0.9058371081,15.3308324582,True,8.0,12.5
2020-12-24,Weber State Wildcats,79.0,away,0.0941628919,-15.3308324582,False,-8.0,-12.5
2020-12-23,St. Francis Brooklyn Terriers,64.0,home,0.0,0.0,False,-6.0,-6.5
2020-12-23,Saint Peter's Peacocks,70.0,away,0.0,0.0,True,6.0,6.5
2020-12-23,Rider Broncs,66.0,home,0.4561281655,-1.116718478,False,-15.0,1.0
2020-12-23,NJIT Highlanders,81.0,away,0.5438718345,1.116718478,True,15.0,-1.0
2020-12-23,Tennessee Volunteers,80.0,home,0.9908884925,30.8040776804,True,20.0,34.5
2020-12-23,South Carolina Upstate Spartans,60.0,away,0.0091115075,-30.8040776804,False,-20.0,-34.5
2020-12-23,Butler Bulldogs,70.0,home,0.4670609082,-0.820618242,True,6.0,-2.0
2020-12-23,Providence Friars,64.0,away,0.5329390918,0.820618242,False,-6.0,2.0
2020-12-24,UC San Diego Tritons,75.0,home,0.9420294861,20.3368009749,True,36.0,0.0
2020-12-24,University of Saint Katherine Saint Katherine,39.0,away,0.0579705139,-20.3368009749,False,-36.0,0.0
2020-12-23,UNC Wilmington Seahawks,87.0,home,0.9005182725,16.2816748902,True,24.0,20.5
2020-12-23,Delaware State Hornets,63.0,away,0.0994817275,-16.2816748902,False,-24.0,-20.5
2020-12-23,Grambling Tigers,70.0,home,0.5954323308,2.6672083517,False,-7.0,3.0
2020-12-23,SE Louisiana Lions,77.0,away,0.4045676692,-2.6672083517,True,7.0,-3.0
2020-12-23,Washington State Cougars,62.0,home,0.8419147779,11.3153542123,True,10.0,19.0
2020-12-23,Northwestern State Demons,52.0,away,0.1580852221,-11.3153542123,False,-10.0,-39.0
2020-12-24,Iona Gaels,85.0,home,0.7925019816999999,9.6243405386,True,20.0,13.0
2020-12-24,Coppin State Eagles,65.0,away,0.2074980183,-9.6243405386,False,-20.0,-13.0
2020-12-24,Saint Louis Billikens,62.0,home,0.8551565318000001,11.5068689337,True,16.0,23.0
2020-12-24,Kansas City Roos,46.0,away,0.1448434682,-11.5068689337,False,-16.0,-23.0
2020-12-24,Indiana Hoosiers,67.0,home,0.7227675947000001,6.3798269748,False,-7.0,9.0
2020-12-24,Northwestern Wildcats,74.0,away,0.2772324053,-6.3798269748,True,7.0,-9.0
2020-12-24,Utah State Aggies,85.0,home,0.9296081099,18.4230564385,True,33.0,22.0
2020-12-24,San José State Spartans,52.0,away,0.0703918901,-18.4230564385,False,-33.0,-22.0
2020-12-24,DePaul Blue Demons,91.0,home,0.9224611947,17.5018046192,True,19.0,17.0
2020-12-24,Western Illinois Leathernecks,72.0,away,0.0775388053,-17.5018046192,False,-19.0,-17.0
2020-12-24,Boise State Broncos,89.0,home,0.8546067058999999,11.3985485237,True,37.0,11.5
2020-12-24,New Mexico Lobos,52.0,away,0.1453932941,-11.3985485237,False,-37.0,-11.5
2020-12-27,Cleveland State Vikings,81.0,home,0.5649960319,1.5743660884,True,7.0,1.5
2020-12-27,Youngstown State Penguins,74.0,away,0.4350039681,-1.5743660884,False,-7.0,-1.5
2020-12-27,Jacksonville State Gamecocks,104.0,home,0.9872549696,29.4983740457,True,59.0,0.0
2020-12-27,Carver College Cougars,45.0,away,0.0127450304,-29.4983740457,False,-59.0,0.0
2020-12-27,Monmouth Hawks,84.0,home,0.5239736666,0.7106663494,True,18.0,4.5
2020-12-27,Canisius Golden Griffins,66.0,away,0.4760263333999999,-0.7106663494,False,-18.0,-4.5
2020-12-27,Vanderbilt Commodores,87.0,home,0.9048066213,15.5575559549,True,28.0,23.5
2020-12-27,Alcorn State Braves,59.0,away,0.0951933787,-15.5575559549,False,-28.0,-23.5
2020-12-27,Southern Illinois Salukis,63.0,home,0.7744309192,7.3283751717,True,6.0,8.5
2020-12-27,Evansville Purple Aces,57.0,away,0.2255690808,-7.3283751717,False,-6.0,-8.5
2020-12-27,Northern Iowa Panthers,59.0,home,0.8082697997,9.8303413891,False,-20.0,6.0
2020-12-27,Missouri State Bears,79.0,away,0.1917302003,-9.8303413891,True,20.0,-6.0
2020-12-28,UC Irvine Anteaters,75.0,home,0.5863056741,2.2781153432,True,19.0,-1.5
2020-12-28,UC Santa Barbara Gauchos,56.0,away,0.4136943259,-2.2781153432,False,-19.0,1.5
2020-12-27,Eastern Michigan Eagles,94.0,home,0.9913857829,34.5021741463,True,29.0,0.0
2020-12-27,Olivet Comets,65.0,away,0.0086142171,-34.5021741463,False,-29.0,0.0
2020-12-27,New Hampshire Wildcats,77.0,home,0.611908328,2.9841060534,True,8.0,2.5
2020-12-27,Hartford Hawks,69.0,away,0.388091672,-2.9841060534,False,-8.0,-2.5
2020-12-27,Indiana State Sycamores,63.0,home,0.2585680004,-7.1813196729,False,-18.0,-3.0
2020-12-27,Drake Bulldogs,81.0,away,0.7414319996,7.1813196729,True,18.0,3.0
2020-12-27,UMBC Retrievers,74.0,home,0.8403435736,10.979919583,True,7.0,14.5
2020-12-27,Binghamton Bearcats,67.0,away,0.1596564264,-10.979919583,False,-7.0,-14.5
2020-12-27,Loyola Chicago Ramblers,90.0,home,0.8953022995,15.2175054576,True,30.0,15.0
2020-12-27,Illinois State Redbirds,60.0,away,0.1046977005,-15.2175054576,False,-30.0,-15.0
2020-12-27,Purdue Fort Wayne Mastodons,87.0,home,0.5508300528,1.3412460136,True,5.0,-0.0
2020-12-27,Robert Morris Colonials,82.0,away,0.4491699472,-1.3412460136,False,-5.0,0.0
2020-12-27,Detroit Mercy Titans,80.0,home,0.7978386802,9.5428840426,False,-3.0,3.0
2020-12-27,Oakland Golden Grizzlies,83.0,away,0.2021613198,-9.5428840426,True,3.0,-3.0
2020-12-27,Wright State Raiders,90.0,home,0.9324944253000002,17.8664164726,True,13.0,15.5
2020-12-27,Green Bay Phoenix,77.0,away,0.0675055747,-17.8664164726,False,-13.0,-15.5
2020-12-27,Vermont Catamounts,92.0,home,0.7754062322,8.166755362,True,14.0,10.0
2020-12-27,NJIT Highlanders,78.0,away,0.2245937677999999,-8.166755362,False,-14.0,-10.0
2020-12-27,Providence Friars,95.0,home,0.7261638302,6.658600923,True,5.0,6.5
2020-12-27,DePaul Blue Demons,90.0,away,0.2738361698,-6.658600923,False,-5.0,-6.5
2020-12-27,Stony Brook Seawolves,73.0,home,0.5771740259,1.9910829771,True,15.0,1.5
2020-12-27,UMass Lowell River Hawks,58.0,away,0.4228259741,-1.9910829771,False,-15.0,-1.5
2020-12-29,UC Irvine Anteaters,73.0,home,0.6222195391,3.2863080211,True,4.0,-1.5
2020-12-29,UC Santa Barbara Gauchos,69.0,away,0.3777804609,-3.2863080211,False,-4.0,1.5
2020-12-28,Vermont Catamounts,80.0,home,0.7856873486000001,8.9840903228,False,-1.0,10.5
2020-12-28,NJIT Highlanders,81.0,away,0.2143126514,-8.9840903228,True,1.0,-10.5
2020-12-29,Troy Trojans,88.0,home,0.9789283595,26.239806035,True,53.0,0.0
2020-12-29,Carver College Cougars,35.0,away,0.0210716405,-26.239806035,False,-53.0,0.0
2020-12-29,Wisconsin Badgers,64.0,home,0.8135339018,8.9349292584,False,-6.0,9.5
2020-12-29,Maryland Terrapins,70.0,away,0.1864660982,-8.9349292584,True,6.0,-9.5
2020-12-28,Indiana State Sycamores,66.0,home,0.2078758315,-8.9458496591,False,-7.0,-5.0
2020-12-28,Drake Bulldogs,73.0,away,0.7921241685,8.9458496591,True,7.0,5.0
2020-12-28,Monmouth Hawks,97.0,home,0.5720846644,2.1308318957,True,28.0,6.0
2020-12-28,Canisius Golden Griffins,69.0,away,0.4279153356,-2.1308318957,False,-28.0,-6.0
2020-12-29,Gonzaga Bulldogs,88.0,home,0.9838830828,28.2245561112,True,30.0,39.0
2020-12-29,Northern Arizona Lumberjacks,58.0,away,0.0161169172,-28.2245561112,False,-30.0,-39.0
2020-12-29,Minnesota Golden Gophers,81.0,home,0.4458134334,-1.6204195287,True,25.0,-3.5
2020-12-29,Michigan State Spartans,56.0,away,0.5541865666,1.6204195287,False,-25.0,3.5
2020-12-28,Stony Brook Seawolves,71.0,home,0.6248456226,3.2406736528,True,7.0,3.0
2020-12-28,UMass Lowell River Hawks,64.0,away,0.3751543774,-3.2406736528,False,-7.0,-3.0
2020-12-29,Loyola Chicago Ramblers,86.0,home,0.9136749632,16.3306418284,True,31.0,17.0
2020-12-29,Illinois State Redbirds,55.0,away,0.0863250368,-16.3306418284,False,-31.0,-17.0
2020-12-28,UMBC Retrievers,69.0,home,0.8320730075,10.4068070289,False,-6.0,13.0
2020-12-28,Binghamton Bearcats,75.0,away,0.1679269925,-10.4068070289,True,6.0,-13.0
2020-12-28,Southern Miss Golden Eagles,74.0,home,0.9863889517,29.0205468319,True,20.0,0.0
2020-12-28,Loyola New Orleans Wolfpack,54.0,away,0.0136110483,-29.0205468319,False,-20.0,0.0
2020-12-29,Arizona Wildcats,88.0,home,0.4323897706,-1.8060909749,True,14.0,2.0
2020-12-29,Colorado Buffaloes,74.0,away,0.5676102294,1.8060909749,False,-14.0,-2.0
2020-12-29,Colorado State Rams,75.0,home,0.7521412787,7.3181340079,True,22.0,10.0
2020-12-29,Fresno State Bulldogs,53.0,away,0.2478587213,-7.3181340079,False,-22.0,-10.0
2020-12-28,Southern Illinois Salukis,72.0,home,0.7625837751,6.9066990036,False,-12.0,7.5
2020-12-28,Evansville Purple Aces,84.0,away,0.2374162249,-6.9066990036,True,12.0,-7.5
2020-12-28,Cal State Northridge Matadors,66.0,home,0.3798728044,-3.2151036942,True,3.0,-7.5
2020-12-28,New Mexico State Aggies,63.0,away,0.6201271956,3.2151036942,False,-3.0,7.5
2020-12-28,New Hampshire Wildcats,53.0,home,0.6179727169,3.1848629887,True,2.0,2.0
2020-12-28,Hartford Hawks,51.0,away,0.3820272831,-3.1848629887,False,-2.0,-2.0
2020-12-29,Northern Iowa Panthers,85.0,home,0.7405913468,7.0337184213,True,10.0,3.5
2020-12-29,Missouri State Bears,75.0,away,0.2594086532,-7.0337184213,False,-10.0,-3.5
2020-12-19,Gonzaga Bulldogs,99.0,home,0.3663083997,-4.1745767477,True,11.0,4.5
2020-12-19,Iowa Hawkeyes,88.0,away,0.6336916003,4.1745767477,False,-11.0,-4.5
2020-12-19,Indiana Hoosiers,68.0,home,0.6923346140999999,5.3049486929,True,8.0,7.5
2020-12-19,Butler Bulldogs,60.0,away,0.3076653859,-5.3049486929,False,-8.0,-7.5
2020-12-19,Kansas State Wildcats,69.0,home,0.1101615017,-12.7772328243,False,-31.0,-17.0
2020-12-19,Baylor Bears,100.0,away,0.8898384983,12.7772328243,True,31.0,17.0
2020-12-19,Tulane Green Wave,77.0,home,0.7757541074,8.7771817487,True,12.0,10.5
2020-12-19,Grambling Tigers,65.0,away,0.2242458926,-8.7771817487,False,-12.0,-10.5
2020-12-19,Akron Zips,93.0,home,0.9936682339,35.2205055876,True,10.0,0.0
2020-12-19,Malone Pioneers,83.0,away,0.0063317661,-35.2205055876,False,-10.0,0.0
2020-12-19,Longwood Lancers,89.0,home,0.4459344507,-1.3440315682,False,-2.0,3.5
2020-12-19,The Citadel Bulldogs,91.0,away,0.5540655493,1.3440315682,True,2.0,-3.5
2020-12-19,Alabama Crimson Tide,71.0,home,0.6050079285,3.3090499251,False,-2.0,4.5
2020-12-19,Western Kentucky Hilltoppers,73.0,away,0.3949920715,-3.3090499251,True,2.0,-4.5
2020-12-20,Florida State Seminoles,74.0,home,0.801611385,9.0999023305,False,-12.0,15.0
2020-12-20,UCF Knights,86.0,away,0.198388615,-9.0999023305,True,12.0,-15.0
2020-12-19,Auburn Tigers,77.0,home,0.8592119368,11.3412043653,True,36.0,17.5
2020-12-19,Troy Trojans,41.0,away,0.1407880632,-11.3412043653,False,-36.0,-17.5
2020-12-20,Villanova Wildcats,88.0,home,0.9867928309,28.2159048507,True,20.0,22.0
2020-12-20,Saint Joseph's Hawks,68.0,away,0.0132071691,-28.2159048507,False,-20.0,-22.0
2020-12-19,Morgan State Bears,67.0,home,0.9842462682,32.4362818364,False,-6.0,0.0
2020-12-19,WVU Tech Golden Bears,73.0,away,0.0157537318,-32.4362818364,True,6.0,0.0
2020-12-19,East Carolina Pirates,73.0,home,0.6585494682,4.3520062399,True,9.0,11.0
2020-12-19,James Madison Dukes,64.0,away,0.3414505317999999,-4.3520062399,False,-9.0,-11.0
2020-12-19,Fairleigh Dickinson Knights,68.0,home,0.4952782322,-0.1194215478,False,-17.0,-6.5
2020-12-19,Drexel Dragons,85.0,away,0.5047217678,0.1194215478,True,17.0,6.5
2020-12-19,Indiana State Sycamores,67.0,home,0.5111848108,0.2959269313,True,10.0,3.0
2020-12-19,Ball State Cardinals,57.0,away,0.4888151892,-0.2959269313,False,-10.0,-3.0
2020-12-19,St. Bonaventure Bonnies,77.0,home,0.695100307,5.7813261746,True,8.0,11.0
2020-12-19,Hofstra Pride,69.0,away,0.304899693,-5.7813261746,False,-8.0,-11.0
2020-12-19,Kansas City Roos,98.0,home,0.985946859,29.8435934946,True,56.0,0.0
2020-12-19,Kansas Christian Falcons,42.0,away,0.014053141,-29.8435934946,False,-56.0,0.0
2020-12-19,Manhattan Jaspers,39.0,home,0.5840120201,2.2575837186,False,-22.0,2.5
2020-12-19,Marist Red Foxes,61.0,away,0.4159879799,-2.2575837186,True,22.0,-2.5
2020-12-19,Wisconsin Badgers,85.0,home,0.729947537,6.0864929446,True,37.0,9.0
2020-12-19,Louisville Cardinals,48.0,away,0.270052463,-6.0864929446,False,-37.0,-9.0
2020-12-19,Kentucky Wildcats,63.0,home,0.305724357,-5.4741658695,False,-12.0,-3.0
2020-12-19,North Carolina Tar Heels,75.0,away,0.694275643,5.4741658695,True,12.0,3.0
2020-12-19,Elon Phoenix,64.0,home,0.3199764895,-4.8959353033,False,-7.0,-7.5
2020-12-19,UNC Greensboro Spartans,71.0,away,0.6800235105,4.8959353033,True,7.0,7.5
2020-12-19,Northern Kentucky Norse,79.0,home,0.5410255854,1.0289730399,True,15.0,2.0
2020-12-19,Youngstown State Penguins,64.0,away,0.4589744145999999,-1.0289730399,False,-15.0,-2.0
2020-12-19,Dayton Flyers,65.0,home,0.4812312087999999,-0.4225242358,True,3.0,-2.5
2020-12-19,Ole Miss Rebels,62.0,away,0.5187687912,0.4225242358,False,-3.0,2.5
2020-12-19,Central Arkansas Bears,92.0,home,0.0,0.0,True,64.0,0.0
2020-12-19,Champion Christian Tigers,28.0,away,0.0,0.0,False,-64.0,0.0
2020-12-19,William & Mary Tribe,49.0,home,0.4245604799,-1.9462610958,False,-22.0,6.0
2020-12-19,High Point Panthers,71.0,away,0.5754395201,1.9462610958,True,22.0,-6.0
2020-12-19,Miami Hurricanes,73.0,home,0.9003418485,15.1162853115,True,9.0,15.5
2020-12-19,Jacksonville Dolphins,64.0,away,0.0996581514999999,-15.1162853115,False,-9.0,-15.5
2020-12-19,Green Bay Phoenix,65.0,home,0.2649841521,-6.9648521339,False,-3.0,-1.0
2020-12-19,Milwaukee Panthers,68.0,away,0.7350158479,6.9648521339,True,3.0,1.0
2020-12-19,Toledo Rockets,71.0,home,0.799678732,9.1449791679,True,14.0,6.0
2020-12-19,Valparaiso Beacons,57.0,away,0.200321268,-9.1449791679,False,-14.0,-6.0
2020-12-19,Louisiana Tech Bulldogs,86.0,home,0.8388786088000001,11.3357193541,True,29.0,13.0
2020-12-19,Lamar Cardinals,57.0,away,0.1611213912,-11.3357193541,False,-29.0,-13.0
2020-12-19,Charlotte 49ers,76.0,home,0.7394965779,6.8174363227,True,4.0,12.5
2020-12-19,North Carolina A&T Aggies,72.0,away,0.2605034221,-6.8174363227,False,-4.0,-12.5
2020-12-19,Detroit Mercy Titans,70.0,home,0.5454955113,1.2780398488,False,-23.0,-5.0
2020-12-19,Wright State Raiders,93.0,away,0.4545044886999999,-1.2780398488,True,23.0,5.0
2020-12-19,Binghamton Bearcats,59.0,home,0.4802711704,-0.5113019118,False,-14.0,-5.0
2020-12-19,Stony Brook Seawolves,73.0,away,0.5197288296,0.5113019118,True,14.0,5.0
2020-12-19,Alabama A&M Bulldogs,93.0,home,0.2789701085,-6.3020379782,True,3.0,-8.5
2020-12-19,South Alabama Jaguars,90.0,away,0.7210298915,6.3020379782,False,-3.0,8.5
2020-12-19,Texas A&M-Corpus Christi Islanders,99.0,home,0.9622483479,22.1445654709,True,27.0,0.0
2020-12-19,Our Lady Of The Lake Saints,72.0,away,0.0377516521,-22.1445654709,False,-27.0,0.0
2020-12-19,Southern Miss Golden Eagles,60.0,home,0.7947187034,8.0905020602,True,13.0,2.5
2020-12-19,UL Monroe Warhawks,47.0,away,0.2052812966,-8.0905020602,False,-13.0,-2.5
2020-12-19,Purdue Boilermakers,88.0,home,0.580450018,2.0221070631,True,10.0,4.5
2020-12-19,Notre Dame Fighting Irish,78.0,away,0.419549982,-2.0221070631,False,-10.0,-4.5
2020-12-19,UAB Blazers,66.0,home,0.782799021,8.8290550366,False,-3.0,11.0
2020-12-19,Chattanooga Mocs,69.0,away,0.217200979,-8.8290550366,True,3.0,-11.0
2020-12-19,Hartford Hawks,63.0,home,0.7092577927000001,5.5713161064,True,3.0,11.0
2020-12-19,Maine Black Bears,60.0,away,0.2907422073,-5.5713161064,False,-3.0,-11.0
2020-12-19,Sam Houston Bearkats,82.0,home,0.4813058459,-0.5658016185,True,13.0,1.0
2020-12-19,Rice Owls,69.0,away,0.5186941541,0.5658016185,False,-13.0,-1.0
2020-12-19,Denver Pioneers,68.0,home,0.3672048311,-3.5696878338,False,-2.0,-7.0
2020-12-19,Texas State Bobcats,70.0,away,0.6327951689,3.5696878338,True,2.0,7.0
2020-12-19,East Tennessee State Buccaneers,62.0,home,0.9870403128,30.0645650191,True,9.0,0.0
2020-12-19,Lee (TN) Flames,53.0,away,0.0129596872,-30.0645650191,False,-9.0,0.0
2020-12-19,UAlbany Great Danes,64.0,home,0.5309552664,0.809697289,False,-1.0,-3.0
2020-12-19,UMBC Retrievers,65.0,away,0.4690447336,-0.809697289,True,1.0,3.0
2020-12-19,Niagara Purple Eagles,81.0,home,0.6866983995,4.8711278703,True,20.0,5.0
2020-12-19,Fairfield Stags,61.0,away,0.3133016005,-4.8711278703,False,-20.0,-5.0
2020-12-19,North Florida Ospreys,66.0,home,0.9771317578,26.2393086659,False,-7.0,0.0
2020-12-19,Flagler Saints,73.0,away,0.0228682421999999,-26.2393086659,True,7.0,0.0
2020-12-19,NC State Wolfpack,69.0,home,0.9355303844,18.1468962478,True,19.0,20.5
2020-12-19,Campbell Fighting Camels,50.0,away,0.0644696156,-18.1468962478,False,-19.0,-20.5
2020-12-19,Ohio State Buckeyes,77.0,home,0.5586013642,1.4250830487,True,7.0,-2.0
2020-12-19,UCLA Bruins,70.0,away,0.4413986357999999,-1.4250830487,False,-7.0,2.0
2020-12-19,California Golden Bears,87.0,home,0.7424401404999998,6.7900774195,True,31.0,9.0
2020-12-19,Cal State Northridge Matadors,56.0,away,0.2575598595,-6.7900774195,False,-31.0,-9.0
2020-12-19,Temple Owls,72.0,home,0.7650409859,7.7283155619,True,12.0,9.5
2020-12-19,NJIT Highlanders,60.0,away,0.2349590141,-7.7283155619,False,-12.0,-9.5
2020-12-19,Kennesaw State Owls,63.0,home,0.3052232548,-5.6504433884,False,-2.0,-8.0
2020-12-19,Samford Bulldogs,65.0,away,0.6947767452,5.6504433884,True,2.0,8.0
2020-12-19,Syracuse Orange,107.0,home,0.8726656684000001,14.0387236667,True,11.0,10.5
2020-12-19,Buffalo Bulls,96.0,away,0.1273343316,-14.0387236667,False,-11.0,-10.5
2020-12-19,La Salle Explorers,71.0,home,0.7156234458,5.6261411913,True,10.0,3.5
2020-12-19,Delaware Blue Hens,61.0,away,0.2843765542,-5.6261411913,False,-10.0,-3.5
2020-12-19,Winthrop Eagles,87.0,home,0.5547915234,1.5663751253,True,16.0,-2.0
2020-12-19,Furman Paladins,71.0,away,0.4452084766,-1.5663751253,False,-16.0,2.0
2020-12-19,Kansas City Roos,95.0,home,0.9859475758,29.8421233778,True,59.0,0.0
2020-12-19,Kansas Christian Falcons,36.0,away,0.0140524242,-29.8421233778,False,-59.0,0.0
2020-12-19,Stetson Hatters,95.0,home,0.9604627991,21.6742148879,True,44.0,0.0
2020-12-19,Carver College Cougars,51.0,away,0.0395372009,-21.6742148879,False,-44.0,0.0
2020-12-20,UC Irvine Anteaters,85.0,home,0.0,0.0,True,32.0,0.0
2020-12-20,San Diego Toreros,53.0,away,0.0,0.0,False,-32.0,0.0
2020-12-19,Virginia Tech Hokies,97.0,home,0.9429607219,19.4336716202,True,40.0,27.0
2020-12-19,Coppin State Eagles,57.0,away,0.0570392781,-19.4336716202,False,-40.0,-27.0
2020-12-19,Oklahoma Sooners,84.0,home,0.9772000742,25.8604651094,True,19.0,34.0
2020-12-19,Houston Christian Huskies,65.0,away,0.0227999258,-25.8604651094,False,-19.0,-34.0
2020-12-19,Monmouth Hawks,76.0,home,0.6608379417000001,4.8636828344,False,-2.0,0.0
2020-12-19,Saint Peter's Peacocks,78.0,away,0.3391620583,-4.8636828344,True,2.0,0.0
2020-12-19,Pepperdine Waves,63.0,home,0.7792812099000002,8.1225444284,False,-12.0,3.0
2020-12-19,UC Santa Barbara Gauchos,75.0,away,0.2207187901,-8.1225444284,True,12.0,-3.0
2020-12-19,Northern Arizona Lumberjacks,64.0,home,0.3966389817,-2.8449867024,False,-16.0,-10.0
2020-12-19,Eastern Washington Eagles,80.0,away,0.6033610183,2.8449867024,True,16.0,10.0
2020-12-20,Cal State Bakersfield Roadrunners,87.0,home,0.9893743261,30.5864612054,True,41.0,0.0
2020-12-20,University of Saint Katherine Saint Katherine,46.0,away,0.0106256739,-30.5864612054,False,-41.0,0.0
2020-12-20,Purdue Fort Wayne Mastodons,61.0,home,0.6750150994,4.9528383058,False,-2.0,2.0
2020-12-20,Cleveland State Vikings,63.0,away,0.3249849006,-4.9528383058,True,2.0,-2.0
2020-12-20,Fresno State Bulldogs,78.0,home,0.9906628387,31.5998168571,True,13.0,0.0
2020-12-20,Fresno Pacific Sunbirds,65.0,away,0.0093371613,-31.5998168571,False,-13.0,0.0
2020-12-20,Rider Broncs,64.0,home,0.4458103849,-1.3476476617,False,-8.0,-2.5
2020-12-20,Iona Gaels,72.0,away,0.5541896151,1.3476476617,True,8.0,2.5
2020-12-20,UIC Flames,74.0,home,0.7274250336999999,6.5634772614,True,2.0,5.5
2020-12-20,Oakland Golden Grizzlies,72.0,away,0.2725749663,-6.5634772614,False,-2.0,-5.5
2020-12-20,Tennessee State Tigers,90.0,home,0.9701198609,25.5648033509,True,22.0,0.0
2020-12-20,Crowley's Ridge Pioneers,68.0,away,0.0298801391,-25.5648033509,False,-22.0,0.0
2020-12-20,Florida International Panthers,99.0,home,0.7513993055,7.7657307906,False,-4.0,5.0
2020-12-20,Georgia Southern Eagles,103.0,away,0.2486006945,-7.7657307906,True,4.0,-5.0
2020-12-20,Louisiana Ragin' Cajuns,75.0,home,0.4212631763999999,-2.4403610407,True,10.0,10.0
2020-12-20,McNeese Cowboys,65.0,away,0.5787368236,2.4403610407,False,-10.0,-10.0
2020-12-20,Loyola Marymount Lions,76.0,home,0.8726352027000001,12.7111869923,True,24.0,15.0
2020-12-20,Cal Poly Mustangs,52.0,away,0.1273647973,-12.7111869923,False,-24.0,-15.0
2020-12-19,Oregon Ducks,80.0,home,0.9754122547,23.9355114181,True,39.0,24.0
2020-12-19,Portland Pilots,41.0,away,0.0245877453,-23.9355114181,False,-39.0,-24.0
2020-12-20,Missouri State Bears,94.0,home,0.7431686421000001,7.1947859011,True,27.0,10.5
2020-12-20,Northwestern State Demons,67.0,away,0.2568313579,-7.1947859011,False,-27.0,-10.5
2020-12-20,Stanford Cardinal,78.0,home,0.5859763385,2.3119408442,True,3.0,2.0
2020-12-20,Arizona Wildcats,75.0,away,0.4140236615,-2.3119408442,False,-3.0,-2.0
2020-12-20,Vanderbilt Commodores,59.0,home,0.9167425574,14.6403920657,True,9.0,12.5
2020-12-20,Radford Highlanders,50.0,away,0.0832574425999999,-14.6403920657,False,-9.0,-12.5
2020-12-20,Hawai'i Rainbow Warriors,89.0,home,0.0,0.0,True,23.0,0.0
2020-12-20,Hawai'i Hilo Vulcans,66.0,away,0.0,0.0,False,-23.0,0.0
2020-12-20,Saint Mary's Gaels,53.0,home,0.7022438675000001,5.1164094355,True,20.0,5.5
2020-12-20,Colorado State Rams,33.0,away,0.2977561325,-5.1164094355,False,-20.0,-5.5
2020-12-20,Utah Tech Trailblazers,90.0,home,0.9522400169,21.8022524153,True,21.0,0.0
2020-12-20,Bethesda University Flames,69.0,away,0.0477599831,-21.8022524153,False,-21.0,0.0
2020-12-20,Bradley Braves,69.0,home,0.8996986777000001,13.0582545647,True,1.0,12.0
2020-12-20,Miami (OH) RedHawks,68.0,away,0.1003013223,-13.0582545647,False,-1.0,-12.0
2020-12-20,Georgia Bulldogs,83.0,home,0.555919791,1.5949460342,True,15.0,-2.5
2020-12-20,Cincinnati Bearcats,68.0,away,0.4440802089999999,-1.5949460342,False,-15.0,2.5
2020-12-23,Missouri Tigers,54.0,home,0.6886361527,5.0929907883,True,1.0,10.5
2020-12-23,Bradley Braves,53.0,away,0.3113638473,-5.0929907883,False,-1.0,-10.5
2020-12-22,Loyola Chicago Ramblers,92.0,home,0.9977400248,41.2057152703,True,37.0,0.0
2020-12-22,St. Francis (IL) Fighting Saints,55.0,away,0.0022599752,-41.2057152703,False,-37.0,0.0
2020-12-22,Virginia Cavaliers,76.0,home,0.9826176373,21.9442384788,True,36.0,23.5
2020-12-22,William & Mary Tribe,40.0,away,0.0173823627,-21.9442384788,False,-36.0,-23.5
2020-12-22,Indiana State Sycamores,72.0,home,0.7965057339,8.3581900528,True,6.0,12.0
2020-12-22,Southeast Missouri State Redhawks,66.0,away,0.2034942661,-8.3581900528,False,-6.0,-12.0
2020-12-23,Gonzaga Bulldogs,95.0,home,0.9852072916,30.9055426076,True,17.0,39.0
2020-12-23,Northwestern State Demons,78.0,away,0.0147927084,-30.9055426076,False,-17.0,-39.0
2020-12-22,Kennesaw State Owls,71.0,home,0.1548451718,-11.0964545543,False,-10.0,-14.5
2020-12-22,Mercer Bears,81.0,away,0.8451548282,11.0964545543,True,10.0,14.5
2020-12-22,North Texas Mean Green,110.0,home,0.0,0.0,True,32.0,0.0
2020-12-22,LSU Alexandria Bull Terriers,78.0,away,0.0,0.0,False,-32.0,0.0
2020-12-22,Richmond Spiders,71.0,home,0.8425709863,11.9755044353,False,-5.0,12.0
2020-12-22,Hofstra Pride,76.0,away,0.1574290137,-11.9755044353,True,5.0,-12.0
2020-12-23,Kansas Jayhawks,79.0,home,0.646276055,4.0260689199,True,14.0,2.0
2020-12-23,West Virginia Mountaineers,65.0,away,0.353723945,-4.0260689199,False,-14.0,-2.0
2020-12-23,Wisconsin Badgers,67.0,home,0.8723297708,13.0398897935,True,14.0,16.0
2020-12-23,Nebraska Cornhuskers,53.0,away,0.1276702292,-13.0398897935,False,-14.0,-16.0
2020-12-22,Boston College Eagles,78.0,home,0.9055262055,14.5109644116,True,16.0,23.5
2020-12-22,Maine Black Bears,62.0,away,0.0944737945,-14.5109644116,False,-16.0,-23.5
2020-12-23,Oklahoma Sooners,67.0,home,0.4393725754,-1.5651885003,False,-2.0,-2.5
2020-12-23,Texas Tech Red Raiders,69.0,away,0.5606274246,1.5651885003,True,2.0,2.5
2020-12-22,Liberty Flames,108.0,home,0.9189026152,14.9657255495,True,43.0,25.5
2020-12-22,Alcorn State Braves,65.0,away,0.0810973848,-14.9657255495,False,-43.0,-25.5
2020-12-23,NC State Wolfpack,79.0,home,0.6623571181999999,4.3457260404,True,3.0,-2.0
2020-12-23,North Carolina Tar Heels,76.0,away,0.3376428818,-4.3457260404,False,-3.0,2.0
2020-12-22,Denver Pioneers,65.0,home,0.4368059769,-1.6387596567,False,-3.0,3.5
2020-12-22,Northern Arizona Lumberjacks,68.0,away,0.5631940231,1.6387596567,True,3.0,-3.5
2020-12-23,Houston Cougars,76.0,home,0.8957969014,14.1978757809,True,26.0,16.5
2020-12-23,Temple Owls,50.0,away,0.1042030986,-14.1978757809,False,-26.0,-16.5
2020-12-23,Iowa Hawkeyes,70.0,home,0.8231222196,10.5493447457,True,15.0,7.0
2020-12-23,Purdue Boilermakers,55.0,away,0.1768777804,-10.5493447457,False,-15.0,-7.0
2020-12-22,Toledo Rockets,78.0,home,0.8904713689,12.3565941239,True,23.0,12.5
2020-12-22,Northern Illinois Huskies,55.0,away,0.1095286311,-12.3565941239,False,-23.0,-12.5
2020-12-22,Western Michigan Broncos,68.0,home,0.4942450482,-0.1427743619,False,-8.0,-4.5
2020-12-22,Ball State Cardinals,76.0,away,0.5057549518,0.1427743619,True,8.0,4.5
2020-12-22,George Washington Revolutionaries,65.0,home,0.5774558418,1.9546735745,False,-1.0,-2.5
2020-12-22,Charlotte 49ers,66.0,away,0.4225441582000001,-1.9546735745,True,1.0,2.5
2020-12-22,Akron Zips,90.0,home,0.4936269863,-0.1707540492,True,20.0,-1.5
2020-12-22,Ohio Bobcats,70.0,away,0.5063730137,0.1707540492,False,-20.0,1.5
2020-12-22,UMass Lowell River Hawks,53.0,home,0.3560586001,-3.8429311067,False,-9.0,-9.0
2020-12-22,Vermont Catamounts,62.0,away,0.6439413999,3.8429311067,True,9.0,9.0
2020-12-22,UAlbany Great Danes,65.0,home,0.6120457619,2.7599533783,False,-5.0,2.5
2020-12-22,Niagara Purple Eagles,70.0,away,0.3879542381,-2.7599533783,True,5.0,-2.5
2020-12-22,Portland Pilots,62.0,home,0.3901541834,-3.1731989868,True,3.0,-3.5
2020-12-22,Montana State Bobcats,59.0,away,0.6098458166,3.1731989868,False,-3.0,3.5
2020-12-22,Tennessee State Tigers,63.0,home,0.2652355481,-6.9549167664,False,-3.0,-4.5
2020-12-22,Chattanooga Mocs,66.0,away,0.7347644519,6.9549167664,True,3.0,4.5
2020-12-22,VCU Rams,82.0,home,0.7673717397,8.2680937702,True,1.0,20.0
2020-12-22,James Madison Dukes,81.0,away,0.2326282603,-8.2680937702,False,-1.0,-20.0
2020-12-22,Santa Clara Broncos,57.0,home,0.0,0.0,False,-13.0,0.0
2020-12-22,Colorado State Rams,70.0,away,0.0,0.0,True,13.0,0.0
2020-12-22,Texas A&M-Corpus Christi Islanders,59.0,home,0.0,0.0,True,24.0,0.0
2020-12-22,Paul Quinn Tigers,35.0,away,0.0,0.0,False,-24.0,0.0
2020-12-22,Fairfield Stags,65.0,home,0.4680700101,-0.8426766571,False,-4.0,2.0
2020-12-22,Fairleigh Dickinson Knights,69.0,away,0.5319299899,0.8426766571,True,4.0,-2.0
2020-12-22,The Citadel Bulldogs,94.0,home,0.8746090128,13.1662543882,True,12.0,6.0
2020-12-22,Presbyterian Blue Hose,82.0,away,0.1253909872,-13.1662543882,False,-12.0,-6.0
2020-12-22,Auburn Tigers,67.0,home,0.7055711028,5.70190807,True,14.0,14.0
2020-12-22,App State Mountaineers,53.0,away,0.2944288972,-5.70190807,False,-14.0,-14.0
2020-12-22,Ole Miss Rebels,90.0,home,0.9700056218,22.4240082556,True,47.0,27.0
2020-12-22,UT Martin Skyhawks,43.0,away,0.0299943782,-22.4240082556,False,-47.0,-27.0
2020-12-22,Marshall Thundering Herd,88.0,home,0.828909072,11.3077259546,True,21.0,13.0
2020-12-22,UNC Asheville Bulldogs,67.0,away,0.171090928,-11.3077259546,False,-21.0,-13.0
2020-12-22,East Carolina Pirates,68.0,home,0.783846692,7.348979334,True,10.0,5.0
2020-12-22,Tulane Green Wave,58.0,away,0.216153308,-7.348979334,False,-10.0,-5.0
2020-12-22,North Carolina A&T Aggies,65.0,home,0.2056022053,-9.6061498473,False,-21.0,-13.0
2020-12-22,UNC Greensboro Spartans,86.0,away,0.7943977947,9.6061498473,True,21.0,13.0
2020-12-22,Wagner Seahawks,85.0,home,0.6677901405,4.263330883,False,-1.0,7.0
2020-12-22,Sacred Heart Pioneers,86.0,away,0.3322098595,-4.263330883,True,1.0,-7.0
2020-12-22,Arkansas Razorbacks,85.0,home,0.8783755379,13.2580808594,True,13.0,12.0
2020-12-22,Abilene Christian Wildcats,72.0,away,0.1216244620999999,-13.2580808594,False,-13.0,-12.0
2020-12-22,UCF Knights,75.0,home,0.5486886804,1.3296667467,True,5.0,-2.5
2020-12-22,Cincinnati Bearcats,70.0,away,0.4513113196,-1.3296667467,False,-5.0,2.5
2020-12-22,California Golden Bears,70.0,home,0.8394952218,9.8902237685,True,5.0,12.0
2020-12-22,Seattle U Redhawks,65.0,away,0.1605047782,-9.8902237685,False,-5.0,-12.0
2020-12-22,Northern Colorado Bears,69.0,home,0.6065096938,2.6372971307,True,5.0,10.0
2020-12-22,Idaho State Bengals,64.0,away,0.3934903062,-2.6372971307,False,-5.0,-10.0
2020-12-23,Davidson Wildcats,85.0,home,0.7796885641,7.4744086774,True,20.0,6.5
2020-12-23,Vanderbilt Commodores,65.0,away,0.2203114359,-7.4744086774,False,-20.0,-6.5
2020-12-23,Arizona Wildcats,70.0,home,0.8258521139,9.7195440267,True,6.0,14.5
2020-12-23,Montana Grizzlies,64.0,away,0.1741478861,-9.7195440267,False,-6.0,-14.5
2020-12-23,Eastern Kentucky Colonels,86.0,home,0.7900228814000001,9.6883284885,True,19.0,6.5
2020-12-23,High Point Panthers,67.0,away,0.2099771186,-9.6883284885,False,-19.0,-6.5
2020-12-23,South Florida Bulls,77.0,home,0.6934517218,5.1190795733,False,-5.0,1.0
2020-12-23,Wichita State Shockers,82.0,away,0.3065482782,-5.1190795733,True,5.0,-1.0
2020-12-23,Florida Gulf Coast Eagles,73.0,home,0.6442227991,3.8931721723,True,13.0,-2.0
2020-12-23,Georgia Southern Eagles,60.0,away,0.3557772009,-3.8931721723,False,-13.0,2.0
2020-12-22,Charleston Southern Buccaneers,68.0,home,0.5607812551,1.6980260978,False,-2.0,4.0
2020-12-22,Hampton Pirates,70.0,away,0.4392187449,-1.6980260978,True,2.0,-4.0
2020-12-23,Pittsburgh Panthers,54.0,home,0.5819039305,2.1629261128,False,-10.0,-6.0
2020-12-23,Louisville Cardinals,64.0,away,0.4180960695,-2.1629261128,True,10.0,6.0
2020-12-23,Maryland Terrapins,84.0,home,0.8549892029,11.1022217327,True,13.0,16.0
2020-12-23,La Salle Explorers,71.0,away,0.1450107971,-11.1022217327,False,-13.0,-16.0
2020-12-23,UT Arlington Mavericks,117.0,home,0.9880257901,32.0847795465,True,64.0,0.0
2020-12-23,Howard Payne Yellow Jackets,53.0,away,0.0119742099,-32.0847795465,False,-64.0,0.0
2020-12-23,Western Kentucky Hilltoppers,88.0,home,0.9482759213,19.3248589934,True,20.0,20.0
2020-12-23,Tennessee Tech Golden Eagles,68.0,away,0.0517240786999999,-19.3248589934,False,-20.0,-20.0
2020-12-23,Old Dominion Monarchs,77.0,home,0.992307802,34.433584679,True,20.0,0.0
2020-12-23,Virginia Wesleyan Blue Marlins,57.0,away,0.007692198,-34.433584679,False,-20.0,0.0
2020-12-23,UL Monroe Warhawks,57.0,home,0.1304554246,-12.2407294016,False,-11.0,-11.0
2020-12-23,Louisiana Tech Bulldogs,68.0,away,0.8695445754,12.2407294016,True,11.0,11.0
2020-12-23,Drake Bulldogs,88.0,home,0.9324241565,16.8797332949,True,33.0,15.0
2020-12-23,North Dakota Fighting Hawks,55.0,away,0.0675758435,-16.8797332949,False,-33.0,-15.0
2020-12-23,Alabama Crimson Tide,85.0,home,0.8537881999,12.1768741179,True,16.0,14.5
2020-12-23,East Tennessee State Buccaneers,69.0,away,0.1462118001,-12.1768741179,False,-16.0,-14.5
2020-12-23,UC San Diego Tritons,77.0,home,0.9366161748,19.0915481824,True,26.0,0.0
2020-12-23,University of Saint Katherine Saint Katherine,51.0,away,0.0633838252,-19.0915481824,False,-26.0,0.0
2020-12-23,Georgia Bulldogs,76.0,home,0.8957053675000001,14.9759314089,True,18.0,9.5
2020-12-23,Northeastern Huskies,58.0,away,0.1042946325,-14.9759314089,False,-18.0,-9.5
2020-12-23,UTSA Roadrunners,88.0,home,0.5870058986,2.5583268977,True,22.0,7.0
2020-12-23,Lamar Cardinals,66.0,away,0.4129941014,-2.5583268977,False,-22.0,-7.0
2020-12-23,Oregon State Beavers,67.0,home,0.9071642265,14.9582623654,True,5.0,12.5
2020-12-23,Portland State Vikings,62.0,away,0.0928357735,-14.9582623654,False,-5.0,-12.5
2020-12-23,TCU Horned Frogs,89.0,home,0.9188965294,14.3035209145,True,7.0,12.0
2020-12-23,North Dakota State Bison,82.0,away,0.0811034706,-14.3035209145,False,-7.0,-12.0
2020-12-23,Grand Canyon Lopes,64.0,home,0.2305563645,-7.5595429842,False,-10.0,-10.5
2020-12-23,Colorado Buffaloes,74.0,away,0.7694436355,7.5595429842,True,10.0,10.5
2020-12-23,Saint Mary's Gaels,49.0,home,0.3336395746,-3.9224271233,False,-25.0,-3.0
2020-12-23,San Diego State Aztecs,74.0,away,0.6663604254,3.9224271233,True,25.0,3.0
2021-01-01,Idaho Vandals,65.0,home,0.4965294284999999,-0.085429526,False,-13.0,-3.0
2021-01-01,Northern Arizona Lumberjacks,78.0,away,0.5034705715,0.085429526,True,13.0,3.0
2020-12-31,Wake Forest Demon Deacons,70.0,home,0.9974706519,42.8371551207,True,8.0,0.0
2020-12-31,Catawba Chiefs,62.0,away,0.0025293481,-42.8371551207,False,-8.0,0.0
2020-12-31,Presbyterian Blue Hose,65.0,home,0.3643439937,-3.3697731346,True,2.0,-5.0
2020-12-31,Radford Highlanders,63.0,away,0.6356560063,3.3697731346,False,-2.0,5.0
2020-12-31,Hampton Pirates,69.0,home,0.4197161418,-2.3094080559,False,-11.0,-4.0
2020-12-31,Gardner-Webb Runnin' Bulldogs,80.0,away,0.5802838582,2.3094080559,True,11.0,4.0
2021-01-01,USC Trojans,62.0,home,0.4733901524,-0.7024923495,False,-10.0,4.0
2021-01-01,Colorado Buffaloes,72.0,away,0.5266098476,0.7024923495,True,10.0,-4.0
2021-01-01,New Mexico Lobos,54.0,home,0.4443021481,-1.5205231583,False,-14.0,-5.0
2021-01-01,Nevada Wolf Pack,68.0,away,0.5556978519,1.5205231583,True,14.0,5.0
2020-12-31,Incarnate Word Cardinals,92.0,home,0.9628080115,22.3322472411,True,21.0,0.0
2020-12-31,McMurry War Hawks,71.0,away,0.0371919885,-22.3322472411,False,-21.0,0.0
2020-12-31,Wisconsin Badgers,71.0,home,0.7636345891,7.9500709101,True,12.0,8.5
2020-12-31,Minnesota Golden Gophers,59.0,away,0.2363654109,-7.9500709101,False,-12.0,-8.5
2021-01-01,Maryland Terrapins,73.0,home,0.4751843816999999,-0.6277052882,False,-11.0,-2.5
2021-01-01,Michigan Wolverines,84.0,away,0.5248156183,0.6277052882,True,11.0,2.5
2021-01-01,UCLA Bruins,72.0,home,0.6667873563,4.4140423887,True,2.0,7.0
2021-01-01,Utah Utes,70.0,away,0.3332126436999999,-4.4140423887,False,-2.0,-7.0
2021-01-01,San José State Spartans,54.0,home,0.0792014098,-17.9557282448,False,-52.0,-22.5
2021-01-01,Boise State Broncos,106.0,away,0.9207985902,17.9557282448,True,52.0,22.5
2021-01-01,Washington Huskies,53.0,home,0.4068459912999999,-2.5177862026,False,-27.0,-9.0
2021-01-01,Arizona Wildcats,80.0,away,0.5931540087,2.5177862026,True,27.0,9.0
2020-12-31,San Francisco Dons,70.0,home,0.8034388018,9.6704848986,True,8.0,12.5
2020-12-31,San Diego Toreros,62.0,away,0.1965611982,-9.6704848986,False,-8.0,-12.5
2021-01-01,Oregon Ducks,82.0,home,0.8432373046000001,10.4632368858,True,13.0,13.5
2021-01-01,California Golden Bears,69.0,away,0.1567626954,-10.4632368858,False,-13.0,-13.5
2020-12-31,Longwood Lancers,65.0,home,0.3001625461,-5.4543319825,True,10.0,-5.0
2020-12-31,UNC Asheville Bulldogs,55.0,away,0.6998374539,5.4543319825,False,-10.0,5.0
2020-12-31,Air Force Falcons,48.0,home,0.1552185952,-10.0473332532,False,-35.0,-12.0
2020-12-31,Utah State Aggies,83.0,away,0.8447814048,10.0473332532,True,35.0,12.0
2020-12-31,High Point Panthers,51.0,home,0.8383078664,10.5451565597,False,-9.0,5.0
2020-12-31,South Carolina Upstate Spartans,60.0,away,0.1616921336,-10.5451565597,True,9.0,-5.0
2020-12-31,Winthrop Eagles,94.0,home,0.8307047566999999,11.4954848617,True,18.0,15.0
2020-12-31,Campbell Fighting Camels,76.0,away,0.1692952433,-11.4954848617,False,-18.0,-15.0
2020-12-30,Gonzaga Bulldogs,112.0,home,0.9904262673,34.2055728119,True,45.0,36.5
2020-12-30,Utah Tech Trailblazers,67.0,away,0.0095737327,-34.2055728119,False,-45.0,-36.5
2020-12-30,Mercer Bears,65.0,home,0.5566998772,1.4707047466,False,-13.0,2.5
2020-12-30,Wofford Terriers,78.0,away,0.4433001228,-1.4707047466,True,13.0,-2.5
2020-12-30,Abilene Christian Wildcats,82.0,home,0.9945203902,37.2421658972,True,38.0,0.0
2020-12-30,Dallas Christian Crusaders,44.0,away,0.0054796098,-37.2421658972,False,-38.0,0.0
2020-12-30,Tulsa Golden Hurricane,65.0,home,0.2329076912,-7.2777471113,True,1.0,-8.0
2020-12-30,Houston Cougars,64.0,away,0.7670923088000001,7.2777471113,False,-1.0,8.0
2020-12-30,USC Trojans,86.0,home,0.0,0.0,True,23.0,11.0
2020-12-30,Santa Clara Broncos,63.0,away,0.0,0.0,False,-23.0,-11.0
2020-12-30,Lamar Cardinals,74.0,home,0.5665646573,1.881072522,True,10.0,4.5
2020-12-30,SE Louisiana Lions,64.0,away,0.4334353427,-1.881072522,False,-10.0,-4.5
2020-12-30,Kansas State Wildcats,60.0,home,0.7567285082,7.3494829665,True,2.0,10.0
2020-12-30,Omaha Mavericks,58.0,away,0.2432714918,-7.3494829665,False,-2.0,-10.0
2020-12-30,Sam Houston Bearkats,101.0,home,0.9843613391,31.4440290524,True,42.0,0.0
2020-12-30,Mary Hardin-Baylor Crusaders,59.0,away,0.0156386609,-31.4440290524,False,-42.0,0.0
2020-12-30,LSU Tigers,77.0,home,0.7995043391,8.6774386489,True,23.0,7.5
2020-12-30,Texas A&M Aggies,54.0,away,0.2004956609,-8.6774386489,False,-23.0,-7.5
2020-12-30,Eastern Michigan Eagles,60.0,home,0.6463117022999999,4.3659225142,False,-27.0,5.0
2020-12-30,Central Michigan Chippewas,87.0,away,0.3536882977,-4.3659225142,True,27.0,-5.0
2020-12-30,Texas Tech Red Raiders,79.0,home,0.9901438292,28.8672876779,True,28.0,36.0
2020-12-30,Incarnate Word Cardinals,51.0,away,0.0098561708,-28.8672876779,False,-28.0,-36.0
2020-12-30,Rutgers Scarlet Knights,81.0,home,0.6181150615,3.1377643907,True,5.0,3.0
2020-12-30,Purdue Boilermakers,76.0,away,0.3818849385,-3.1377643907,False,-5.0,-3.0
2020-12-29,Virginia Tech Hokies,80.0,home,0.7518652976,7.0703294441,True,2.0,8.0
2020-12-29,Miami Hurricanes,78.0,away,0.2481347023999999,-7.0703294441,False,-2.0,-8.0
2020-12-30,Clemson Tigers,77.0,home,0.6782181132000001,4.7404898287,True,10.0,1.5
2020-12-30,Florida State Seminoles,67.0,away,0.3217818868,-4.7404898287,False,-10.0,-1.5
2020-12-29,Baylor Bears,93.0,home,0.9782156978,27.1516292711,True,37.0,35.0
2020-12-29,Central Arkansas Bears,56.0,away,0.0217843022,-27.1516292711,False,-37.0,-35.0
2020-12-29,West Virginia Mountaineers,73.0,home,0.9620449944,20.3579193411,True,22.0,18.0
2020-12-29,Northeastern Huskies,51.0,away,0.0379550056,-20.3579193411,False,-22.0,-18.0
2020-12-30,McNeese Cowboys,94.0,home,0.9894438085,34.1868741647,True,58.0,0.0
2020-12-30,Champion Christian Tigers,36.0,away,0.0105561915,-34.1868741647,False,-58.0,0.0
2020-12-30,Memphis Tigers,58.0,home,0.7589608075,8.1036818889,True,1.0,7.5
2020-12-30,South Florida Bulls,57.0,away,0.2410391925,-8.1036818889,False,-1.0,-7.5
2020-12-30,Lipscomb Bisons,93.0,home,0.986095891,29.1613751738,True,21.0,0.0
2020-12-30,Freed-Hardeman Lions,72.0,away,0.013904109,-29.1613751738,False,-21.0,0.0
2020-12-30,Iowa Hawkeyes,87.0,home,0.8389411756,11.2880451584,True,15.0,11.0
2020-12-30,Northwestern Wildcats,72.0,away,0.1610588244,-11.2880451584,False,-15.0,-11.0
2020-12-30,Alabama Crimson Tide,82.0,home,0.4325288539,-1.9010198358,True,18.0,1.0
2020-12-30,Ole Miss Rebels,64.0,away,0.5674711461,1.9010198358,False,-18.0,-1.0
2021-01-01,Robert Morris Colonials,67.0,home,0.5230142652,0.6015492828,True,3.0,2.0
2021-01-01,Milwaukee Panthers,64.0,away,0.4769857348,-0.6015492828,False,-3.0,-2.0
2021-01-01,Fairfield Stags,62.0,home,0.5515914274,1.3042970734,False,-8.0,-1.0
2021-01-01,Rider Broncs,70.0,away,0.4484085726,-1.3042970734,True,8.0,1.0
2021-01-01,Incarnate Word Cardinals,81.0,home,0.9614932526,22.5251687613,True,27.0,0.0
2021-01-01,McMurry War Hawks,54.0,away,0.0385067474,-22.5251687613,False,-27.0,0.0
2021-01-01,Montana State Bobcats,96.0,home,0.9882995613,32.379985153,True,29.0,0.0
2021-01-01,Montana-Western Bulldogs,67.0,away,0.0117004387,-32.379985153,False,-29.0,0.0
2021-01-01,Canisius Golden Griffins,70.0,home,0.5943508481,2.6014223157,True,12.0,-6.0
2021-01-01,Saint Peter's Peacocks,58.0,away,0.4056491519,-2.6014223157,False,-12.0,6.0
2021-01-01,Coastal Carolina Chanticleers,81.0,home,0.3122216314,-5.446066089,True,12.0,-2.5
2021-01-01,Georgia State Panthers,69.0,away,0.6877783686,5.446066089,False,-12.0,2.5
2021-01-01,Northern Kentucky Norse,75.0,home,0.5604598556,1.5760783912,True,7.0,6.5
2021-01-01,Purdue Fort Wayne Mastodons,68.0,away,0.4395401444,-1.5760783912,False,-7.0,-6.5
2021-01-02,Akron Zips,66.0,home,0.6989903847,5.6305784495,True,4.0,3.0
2021-01-02,Kent State Golden Flashes,62.0,away,0.3010096153,-5.6305784495,False,-4.0,-3.0
2021-01-01,Lipscomb Bisons,77.0,home,0.2182687488,-7.2670810533,True,7.0,-7.0
2021-01-01,Liberty Flames,70.0,away,0.7817312512,7.2670810533,False,-7.0,7.0
2021-01-01,Kennesaw State Owls,57.0,home,0.369062439,-3.4605302165,False,-5.0,-1.0
2021-01-01,Jacksonville Dolphins,62.0,away,0.630937561,3.4605302165,True,5.0,1.0
2021-01-01,App State Mountaineers,56.0,home,0.7978112013,8.6009754886,False,-13.0,8.0
2021-01-01,Troy Trojans,69.0,away,0.2021887987,-8.6009754886,True,13.0,-8.0
2021-01-02,Oakland Golden Grizzlies,51.0,home,0.1701373174999999,-11.2290172115,False,-39.0,-10.5
2021-01-02,Wright State Raiders,90.0,away,0.8298626825,11.2290172115,True,39.0,10.5
2021-01-01,Georgia Southern Eagles,59.0,home,0.4721422874,-0.6988357567,False,-29.0,4.0
2021-01-01,South Alabama Jaguars,88.0,away,0.5278577126,0.6988357567,True,29.0,-4.0
2021-01-01,Youngstown State Penguins,84.0,home,0.8087208385,8.8401027966,True,7.0,7.0
2021-01-01,Green Bay Phoenix,77.0,away,0.1912791614999999,-8.8401027966,False,-7.0,-7.0
2021-01-01,Rice Owls,95.0,home,0.6300153533,3.8307002907,True,9.0,-2.0
2021-01-01,UTSA Roadrunners,86.0,away,0.3699846467,-3.8307002907,False,-9.0,2.0
2021-01-01,Little Rock Trojans,102.0,home,0.5796567296,2.1422777174,True,9.0,2.0
2021-01-01,UT Arlington Mavericks,93.0,away,0.4203432704,-2.1422777174,False,-9.0,-2.0
2021-01-02,Bellarmine Knights,90.0,home,0.9446629475,19.2283666678,True,50.0,0.0
2021-01-02,Transylvania Pioneers,40.0,away,0.0553370525,-19.2283666678,False,-50.0,0.0
2021-01-02,IU Indianapolis Jaguars,62.0,home,0.4815937863,-0.5191217917,False,-3.0,-3.0
2021-01-02,Cleveland State Vikings,65.0,away,0.5184062137,0.5191217917,True,3.0,3.0
2021-01-02,Louisiana Ragin' Cajuns,83.0,home,0.4915144364,-0.2344648372,True,6.0,2.5
2021-01-02,Texas State Bobcats,77.0,away,0.5084855636,0.2344648372,False,-6.0,-2.5
2021-01-01,Marist Red Foxes,63.0,home,0.5661088882,1.5573222341,True,2.0,-2.5
2021-01-01,Niagara Purple Eagles,61.0,away,0.4338911118,-1.5573222341,False,-2.0,2.5
2021-01-02,Louisiana Tech Bulldogs,75.0,home,0.4746421603,-0.7350087866,True,7.0,-1.5
2021-01-02,Marshall Thundering Herd,68.0,away,0.5253578397,0.7350087866,False,-7.0,1.5
2021-01-02,Southern Miss Golden Eagles,74.0,home,0.3789296648,-3.1668946417,True,8.0,-5.5
2021-01-02,UTEP Miners,66.0,away,0.6210703352,3.1668946417,False,-8.0,5.5
2021-01-02,Long Beach State Beach,90.0,home,0.2944633193,-5.9241081026,True,1.0,-5.0
2021-01-02,Cal State Bakersfield Roadrunners,89.0,away,0.7055366807,5.9241081026,False,-1.0,5.0
2021-01-02,Florida International Panthers,82.0,home,0.5593682455,1.6454313719,True,15.0,-1.0
2021-01-02,Old Dominion Monarchs,67.0,away,0.4406317545,-1.6454313719,False,-15.0,1.0
2021-01-02,UL Monroe Warhawks,84.0,home,0.4726096048999999,-0.6747239353,True,12.0,2.5
2021-01-02,Arkansas State Red Wolves,72.0,away,0.5273903951,0.6747239353,False,-12.0,-2.5
2021-01-01,Charlotte 49ers,63.0,home,0.3142058332,-4.7425943151,False,-4.0,-7.0
2021-01-01,Western Kentucky Hilltoppers,67.0,away,0.6857941668,4.7425943151,True,4.0,7.0
2021-01-02,UC Santa Barbara Gauchos,81.0,home,0.8065303576000001,9.2326403125,True,18.0,16.5
2021-01-02,Cal State Fullerton Titans,63.0,away,0.1934696424,-9.2326403125,False,-18.0,-16.5
2021-01-04,Gardner-Webb Runnin' Bulldogs,61.0,home,0.6429964198,3.8540387633,False,-9.0,5.0
2021-01-04,Campbell Fighting Camels,70.0,away,0.3570035802,-3.8540387633,True,9.0,-5.0
2021-01-04,Oregon State Beavers,71.0,home,0.4437530728,-1.4662854842,False,-10.0,-5.5
2021-01-04,Stanford Cardinal,81.0,away,0.5562469272,1.4662854842,True,10.0,5.5
2021-01-04,Montana Grizzlies,56.0,home,0.8034282867,8.6896016948,True,2.0,5.0
2021-01-04,Northern Colorado Bears,54.0,away,0.1965717133,-8.6896016948,False,-2.0,-5.0
2021-01-04,Holy Cross Crusaders,76.0,home,0.1914714164,-9.1634651721,False,-7.0,-9.5
2021-01-04,Boston University Terriers,83.0,away,0.8085285836,9.1634651721,True,7.0,9.5
2021-01-05,Radford Highlanders,79.0,home,0.5466374096,1.2176655199,True,13.0,5.5
2021-01-05,Hampton Pirates,66.0,away,0.4533625904,-1.2176655199,False,-13.0,-5.5
2021-01-04,Youngstown State Penguins,109.0,home,0.0,0.0,True,53.0,0.0
2021-01-04,Carlow Celtics,56.0,away,0.0,0.0,False,-53.0,0.0
2021-01-05,San José State Spartans,80.0,home,0.0,0.0,True,16.0,0.0
2021-01-05,Benedictine (AZ) Redhawks,64.0,away,0.0,0.0,False,-16.0,0.0
2021-01-05,Drake Bulldogs,86.0,home,0.9114036114,14.7744356293,True,31.0,10.0
2021-01-05,Southern Illinois Salukis,55.0,away,0.0885963886,-14.7744356293,False,-31.0,-10.0
2021-01-05,Alabama State Hornets,44.0,home,0.2373446623,-8.3246249183,False,-16.0,-5.5
2021-01-05,Jackson State Tigers,60.0,away,0.7626553377,8.3246249183,True,16.0,5.5
2021-01-05,Fresno State Bulldogs,81.0,home,0.7402432314,6.9654726649,True,20.0,3.5
2021-01-05,Wyoming Cowboys,61.0,away,0.2597567686,-6.9654726649,False,-20.0,-3.5
2021-01-04,South Carolina Upstate Spartans,71.0,home,0.451457562,-1.2398674669,True,2.0,1.5
2021-01-04,Longwood Lancers,69.0,away,0.548542438,1.2398674669,False,-2.0,-1.5
2021-01-04,Charleston Southern Buccaneers,69.0,home,0.1356519519,-13.3644449678,False,-16.0,-14.5
2021-01-04,Winthrop Eagles,85.0,away,0.8643480481,13.3644449678,True,16.0,14.5
2021-01-05,Indiana Hoosiers,63.0,home,0.6861149725,4.7933357831,True,8.0,5.0
2021-01-05,Maryland Terrapins,55.0,away,0.3138850275,-4.7933357831,False,-8.0,-5.0
2021-01-04,Siena Saints,76.0,home,0.6022099893,2.9393519395,True,14.0,2.5
2021-01-04,Monmouth Hawks,62.0,away,0.3977900107,-2.9393519395,False,-14.0,-2.5
2021-01-05,Coppin State Eagles,86.0,home,0.8031100142,10.9097845769,True,8.0,9.5
2021-01-05,Delaware State Hornets,78.0,away,0.1968899858,-10.9097845769,False,-8.0,-9.5
2021-01-05,Oklahoma State Cowboys,84.0,home,0.3959895819,-2.8264132664,False,-3.0,-1.5
2021-01-05,West Virginia Mountaineers,87.0,away,0.6040104181,2.8264132664,True,3.0,1.5
2021-01-05,San Diego State Aztecs,78.0,home,0.0,0.0,True,13.0,9.0
2021-01-05,Colorado State Rams,65.0,away,0.0,0.0,False,-13.0,-9.0
2021-01-05,South Dakota State Jackrabbits,93.0,home,0.997006911,42.1282468315,True,43.0,0.0
2021-01-05,Mount Marty College Lancers,50.0,away,0.002993089,-42.1282468315,False,-43.0,0.0
2020-12-30,Chattanooga Mocs,73.0,home,0.4008431405,-2.6562399811,False,-4.0,-7.5
2020-12-30,Furman Paladins,77.0,away,0.5991568595,2.6562399811,True,4.0,7.5
2020-12-30,Fordham Rams,47.0,home,0.411681876,-2.320538809,False,-24.0,3.5
2020-12-30,George Washington Revolutionaries,71.0,away,0.588318124,2.320538809,True,24.0,-3.5
2020-12-30,Colorado State Rams,81.0,home,0.7862281561000001,8.4988220457,True,22.0,9.5
2020-12-30,Fresno State Bulldogs,59.0,away,0.2137718439,-8.4988220457,False,-22.0,-9.5
2020-12-30,Temple Owls,71.0,home,0.3554076286999999,-4.1532395485,False,-8.0,-7.5
2020-12-30,SMU Mustangs,79.0,away,0.6445923713,4.1532395485,True,8.0,7.5
2020-12-30,Presbyterian Blue Hose,65.0,home,0.4057801409,-2.3415437565,False,-6.0,-3.0
2020-12-30,Radford Highlanders,71.0,away,0.5942198591,2.3415437565,True,6.0,3.0
2020-12-30,Providence Friars,71.0,home,0.7231565071,6.0221033466,True,16.0,6.0
2020-12-30,Butler Bulldogs,55.0,away,0.2768434929,-6.0221033466,False,-16.0,-6.0
2020-12-30,Winthrop Eagles,84.0,home,0.8483947773,12.3037573888,True,1.0,16.5
2020-12-30,Campbell Fighting Camels,83.0,away,0.1516052227,-12.3037573888,False,-1.0,-16.5
2020-12-30,Rhode Island Rams,63.0,home,0.6405675015,4.0935032076,True,6.0,-0.0
2020-12-30,St. Bonaventure Bonnies,57.0,away,0.3594324985,-4.0935032076,False,-6.0,0.0
2020-12-31,Wichita State Shockers,81.0,home,0.995293661,36.8637439864,True,38.0,0.0
2020-12-31,Newman University Jets,43.0,away,0.004706339,-36.8637439864,False,-38.0,0.0
2020-12-30,Delaware State Hornets,59.0,home,0.0,0.0,False,-6.0,-7.0
2020-12-30,Manhattan Jaspers,65.0,away,0.0,0.0,True,6.0,7.0
2020-12-30,Baylor Bears,105.0,home,0.9932588525,34.7430406332,True,29.0,42.5
2020-12-30,Alcorn State Braves,76.0,away,0.0067411475,-34.7430406332,False,-29.0,-42.5
2020-12-30,Ohio Bobcats,75.0,home,0.702290096,5.8768986303,False,-8.0,5.0
2020-12-30,Bowling Green Falcons,83.0,away,0.297709904,-5.8768986303,True,8.0,-5.0
2020-12-30,Longwood Lancers,73.0,home,0.3314679943,-4.5407922517,False,-7.0,-4.0
2020-12-30,UNC Asheville Bulldogs,80.0,away,0.6685320056999999,4.5407922517,True,7.0,4.0
2020-12-30,Hampton Pirates,80.0,home,0.3901000703,-3.1829674036,True,11.0,-4.5
2020-12-30,Gardner-Webb Runnin' Bulldogs,69.0,away,0.6098999297,3.1829674036,False,-11.0,4.5
2020-12-31,Missouri Tigers,53.0,home,0.3343413785,-4.3672983947,False,-20.0,-4.0
2020-12-31,Tennessee Volunteers,73.0,away,0.6656586215,4.3672983947,True,20.0,4.0
2020-12-30,Notre Dame Fighting Irish,57.0,home,0.2688036771,-5.4972553858,False,-9.0,-7.0
2020-12-30,Virginia Cavaliers,66.0,away,0.7311963229,5.4972553858,True,9.0,7.0
2020-12-30,Ohio State Buckeyes,90.0,home,0.8522281343,11.8360172933,True,36.0,13.0
2020-12-30,Nebraska Cornhuskers,54.0,away,0.1477718657,-11.8360172933,False,-36.0,-13.0
2020-12-30,Massachusetts Minutemen,92.0,home,0.6674138869,4.8398288703,False,-1.0,5.5
2020-12-30,George Mason Patriots,93.0,away,0.3325861130999999,-4.8398288703,True,1.0,-5.5
2020-12-30,High Point Panthers,63.0,home,0.8226210604,10.3974198471,True,11.0,5.5
2020-12-30,South Carolina Upstate Spartans,52.0,away,0.1773789396,-10.3974198471,False,-11.0,-5.5
2020-12-30,Saint Joseph's Hawks,64.0,home,0.1718056596,-11.9692963116,False,-16.0,-11.0
2020-12-30,VCU Rams,80.0,away,0.8281943404,11.9692963116,True,16.0,11.0
2020-12-31,Davidson Wildcats,74.0,home,0.565751704,1.6573513978,False,-6.0,-0.0
2020-12-31,Richmond Spiders,80.0,away,0.434248296,-1.6573513978,True,6.0,0.0
2020-12-31,Georgia Tech Yellow Jackets,72.0,home,0.3412433559,-4.3238727279,True,5.0,-3.5
2020-12-31,North Carolina Tar Heels,67.0,away,0.6587566441,4.3238727279,False,-5.0,3.5
2020-12-31,Xavier Musketeers,68.0,home,0.6145172451,3.0226787929,False,-17.0,2.5
2020-12-31,Seton Hall Pirates,85.0,away,0.3854827549,-3.0226787929,True,17.0,-2.5
2020-12-31,Eastern Kentucky Colonels,69.0,home,0.6412597981,4.3122055568,True,8.0,3.5
2020-12-31,Eastern Illinois Panthers,61.0,away,0.3587402019,-4.3122055568,False,-8.0,-3.5
2020-12-31,Auburn Tigers,85.0,home,0.3062513949,-5.4782364839,False,-12.0,-3.5
2020-12-31,Arkansas Razorbacks,97.0,away,0.6937486051,5.4782364839,True,12.0,3.5
2020-12-31,McNeese Cowboys,91.0,home,0.9917084319,35.6480044106,True,15.0,0.0
2020-12-31,Champion Christian Tigers,76.0,away,0.0082915681,-35.6480044106,False,-15.0,0.0
2020-12-31,Belmont Bruins,68.0,home,0.4720808027,-0.790392335,True,13.0,2.0
2020-12-31,Murray State Racers,55.0,away,0.5279191973,0.790392335,False,-13.0,-2.0
2020-12-31,Tennessee State Tigers,59.0,home,0.3187188686,-5.1178035372,False,-9.0,-6.5
2020-12-31,Austin Peay Governors,68.0,away,0.6812811314,5.1178035372,True,9.0,6.5
2020-12-31,Jacksonville State Gamecocks,80.0,home,0.8574053794999998,11.2836004614,True,10.0,11.0
2020-12-31,UT Martin Skyhawks,70.0,away,0.1425946205,-11.2836004614,False,-10.0,-11.0
2020-12-31,TCU Horned Frogs,66.0,home,0.9119795927,15.1457813007,True,5.0,19.0
2020-12-31,Prairie View A&M Panthers,61.0,away,0.0880204072999999,-15.1457813007,False,-5.0,-19.0
2020-12-31,Vanderbilt Commodores,72.0,home,0.2772030437,-6.5650967704,False,-19.0,-7.5
2020-12-31,Florida Gators,91.0,away,0.7227969563,6.5650967704,True,19.0,7.5
2020-12-31,NC State Wolfpack,79.0,home,0.8577208517,12.8561822727,True,3.0,8.5
2020-12-31,Boston College Eagles,76.0,away,0.1422791483,-12.8561822727,False,-3.0,-8.5
2020-12-31,East Tennessee State Buccaneers,86.0,home,0.4342254794,-1.7625598419,True,8.0,3.5
2020-12-31,Western Carolina Catamounts,78.0,away,0.5657745206,1.7625598419,False,-8.0,-3.5
2020-12-31,Dayton Flyers,65.0,home,0.8198889967,9.4396593953,False,-2.0,12.0
2020-12-31,La Salle Explorers,67.0,away,0.1801110033,-9.4396593953,True,2.0,-12.0
2020-12-31,Georgia Bulldogs,73.0,home,0.4657528072,-0.8930191696,False,-10.0,3.0
2020-12-31,Mississippi State Bulldogs,83.0,away,0.5342471928,0.8930191696,True,10.0,-3.0
2020-12-31,UConn Huskies,82.0,home,0.7297484155,6.5849248648,True,21.0,8.5
2020-12-31,DePaul Blue Demons,61.0,away,0.2702515845,-6.5849248648,False,-21.0,-8.5
2020-12-31,Samford Bulldogs,84.0,home,0.6660924193,5.0917215144,True,13.0,3.0
2020-12-31,VMI Keydets,71.0,away,0.3339075807,-5.0917215144,False,-13.0,-3.0
2020-12-31,Indiana Hoosiers,87.0,home,0.6916701851,5.1526415503,True,2.0,6.0
2020-12-31,Penn State Nittany Lions,85.0,away,0.3083298149,-5.1526415503,False,-2.0,-6.0
2020-12-31,Tennessee Tech Golden Eagles,72.0,home,0.5051755328,0.1373451408,True,9.0,1.0
2020-12-31,Southeast Missouri State Redhawks,63.0,away,0.4948244672,-0.1373451408,False,-9.0,-1.0
2020-12-31,Seattle U Redhawks,84.0,home,0.74692497,7.0739223747,True,16.0,4.5
2020-12-31,Portland Pilots,68.0,away,0.25307503,-7.0739223747,False,-16.0,-4.5
2020-12-31,Saint Mary's Gaels,63.0,home,0.8477814793999999,9.643430849,True,18.0,14.5
2020-12-31,Sacramento State Hornets,45.0,away,0.1522185206,-9.643430849,False,-18.0,-14.5
2021-01-04,Michigan Wolverines,85.0,home,0.7140404562,6.0296956546,True,19.0,9.0
2021-01-04,Northwestern Wildcats,66.0,away,0.2859595438,-6.0296956546,False,-19.0,-9.0
2021-01-03,UMass Lowell River Hawks,74.0,home,0.4764001979,-0.6278825013,True,14.0,-2.0
2021-01-03,NJIT Highlanders,60.0,away,0.5235998021,0.6278825013,False,-14.0,2.0
2021-01-03,Hartford Hawks,77.0,home,0.7107843622,5.6234562892,True,3.0,7.5
2021-01-03,Binghamton Bearcats,74.0,away,0.2892156378,-5.6234562892,False,-3.0,-7.5
2021-01-03,Delaware Blue Hens,59.0,home,0.3625327212999999,-3.3707168432,False,-7.0,-3.0
2021-01-03,Charleston Cougars,66.0,away,0.6374672787,3.3707168432,True,7.0,3.0
2021-01-03,George Washington Revolutionaries,75.0,home,0.2523619644,-7.058420933,True,2.0,-8.0
2021-01-03,Duquesne Dukes,73.0,away,0.7476380356,7.058420933,False,-2.0,8.0
2021-01-03,Maine Black Bears,58.0,home,0.3840726888,-2.9257127497,False,-4.0,-5.5
2021-01-03,New Hampshire Wildcats,62.0,away,0.6159273112,2.9257127497,True,4.0,5.5
2021-01-03,Colgate Raiders,73.0,home,0.8059175422,9.5270704695,False,-2.0,8.0
2021-01-03,Army Black Knights,75.0,away,0.1940824578,-9.5270704695,True,2.0,-8.0
2021-01-03,Minnesota Golden Gophers,77.0,home,0.4418384835,-1.5892405972,True,17.0,1.0
2021-01-03,Ohio State Buckeyes,60.0,away,0.5581615165,1.5892405972,False,-17.0,-1.0
2021-01-03,North Dakota Fighting Hawks,53.0,home,0.2686082916,-6.1366761604,False,-24.0,2.0
2021-01-03,Kansas City Roos,77.0,away,0.7313917084,6.1366761604,True,24.0,-2.0
2021-01-03,Lafayette Leopards,82.0,home,0.7988229165,9.5859387701,True,12.0,4.0
2021-01-03,Lehigh Mountain Hawks,70.0,away,0.2011770835,-9.5859387701,False,-12.0,-4.0
2021-01-04,SMU Mustangs,60.0,home,0.3948215296,-2.8350435776,False,-14.0,-1.5
2021-01-04,Houston Cougars,74.0,away,0.6051784704,2.8350435776,True,14.0,1.5
2021-01-03,Missouri State Bears,70.0,home,0.7293150861,6.6841409331,True,4.0,3.5
2021-01-03,Indiana State Sycamores,66.0,away,0.2706849139,-6.6841409331,False,-4.0,-3.5
2021-01-03,Sacramento State Hornets,85.0,home,0.9891865577,29.8951055107,True,31.0,0.0
2021-01-03,Fresno Pacific Sunbirds,54.0,away,0.0108134423,-29.8951055107,False,-31.0,0.0
2021-01-03,Siena Saints,78.0,home,0.6313413992,3.842144006,True,1.0,2.5
2021-01-03,Monmouth Hawks,77.0,away,0.3686586008,-3.842144006,False,-1.0,-2.5
2021-01-03,Rhode Island Rams,85.0,home,0.9230729543,18.1804684686,True,8.0,12.0
2021-01-03,Saint Joseph's Hawks,77.0,away,0.0769270457,-18.1804684686,False,-8.0,-12.0
2021-01-03,Evansville Purple Aces,70.0,home,0.1792942376,-9.6086086454,True,6.0,-5.5
2021-01-03,Northern Iowa Panthers,64.0,away,0.8207057624,9.6086086454,False,-6.0,5.5
2021-01-03,Western Illinois Leathernecks,67.0,home,0.3910336351,-2.8479425192,False,-11.0,-7.5
2021-01-03,North Dakota State Bison,78.0,away,0.6089663649,2.8479425192,True,11.0,7.5
2021-01-03,Northeastern Huskies,66.0,home,0.5562288647,1.381555033,True,8.0,6.5
2021-01-03,Elon Phoenix,58.0,away,0.4437711353,-1.381555033,False,-8.0,-6.5
2021-01-03,South Carolina State Bulldogs,66.0,home,0.1685784256999999,-11.4448984088,False,-7.0,-11.0
2021-01-03,North Carolina A&T Aggies,73.0,away,0.8314215743,11.4448984088,True,7.0,11.0
2021-01-03,Hofstra Pride,82.0,home,0.9050113552,14.2973911142,True,9.0,10.0
2021-01-03,William & Mary Tribe,73.0,away,0.0949886448,-14.2973911142,False,-9.0,-10.0
2021-01-03,South Dakota Coyotes,79.0,home,0.8075527479,9.5559526064,True,22.0,12.5
2021-01-03,Denver Pioneers,57.0,away,0.1924472521,-9.5559526064,False,-22.0,-12.5
2021-01-03,Vermont Catamounts,74.0,home,0.7421531769,6.5712698842,True,8.0,11.5
2021-01-03,UAlbany Great Danes,66.0,away,0.2578468231,-6.5712698842,False,-8.0,-11.5
2021-01-03,Georgia Tech Yellow Jackets,70.0,home,0.6467491071000001,3.8359502281,True,16.0,9.5
2021-01-03,Wake Forest Demon Deacons,54.0,away,0.3532508929,-3.8359502281,False,-16.0,-9.5
2021-01-03,James Madison Dukes,73.0,home,0.0,0.0,False,-7.0,5.5
2021-01-03,Morgan State Bears,80.0,away,0.0,0.0,True,7.0,-5.5
2021-01-03,Omaha Mavericks,75.0,home,0.4103263993999999,-2.5640492129,False,-11.0,-3.5
2021-01-03,Oral Roberts Golden Eagles,86.0,away,0.5896736006,2.5640492129,True,11.0,3.5
2021-01-03,Drake Bulldogs,73.0,home,0.9045622031,14.4505413761,True,18.0,10.0
2021-01-03,Southern Illinois Salukis,55.0,away,0.0954377969,-14.4505413761,False,-18.0,-10.0
2021-01-03,Bucknell Bison,60.0,home,0.5877812109,2.3662149105,False,-3.0,2.5
2021-01-03,Navy Midshipmen,63.0,away,0.4122187891,-2.3662149105,True,3.0,-2.5
2021-01-06,Texas Longhorns,78.0,home,0.8440093225000002,11.1703903748,True,6.0,12.5
2021-01-06,Iowa State Cyclones,72.0,away,0.1559906775,-11.1703903748,False,-6.0,-12.5
2021-01-05,Charleston Southern Buccaneers,76.0,home,0.1160053294,-14.6565153999,False,-2.0,-16.0
2021-01-05,Winthrop Eagles,78.0,away,0.8839946706,14.6565153999,True,2.0,16.0
2021-01-05,Fordham Rams,55.0,home,0.1395258623,-10.8103181404,True,1.0,-12.0
2021-01-05,Dayton Flyers,54.0,away,0.8604741377,10.8103181404,False,-1.0,12.0
2021-01-05,Kent State Golden Flashes,82.0,home,0.3792271125999999,-3.2550593014,False,-2.0,2.5
2021-01-05,Toledo Rockets,84.0,away,0.6207728874,3.2550593014,True,2.0,-2.5
2021-01-05,South Carolina Upstate Spartans,65.0,home,0.4521355355,-1.2019457629,True,6.0,1.0
2021-01-05,Longwood Lancers,59.0,away,0.5478644645,1.2019457629,False,-6.0,-1.0
2021-01-06,Kentucky Wildcats,77.0,home,0.7304637585,6.4932028593,True,3.0,11.5
2021-01-06,Vanderbilt Commodores,74.0,away,0.2695362415,-6.4932028593,False,-3.0,-11.5
2021-01-06,Clemson Tigers,74.0,home,0.555150436,1.4856608161,True,4.0,4.0
2021-01-06,NC State Wolfpack,70.0,away,0.4448495639999999,-1.4856608161,False,-4.0,-4.0
2021-01-06,Mississippi State Bulldogs,78.0,home,0.5540547031,1.3660653098,True,15.0,-1.5
2021-01-06,Missouri Tigers,63.0,away,0.4459452969,-1.3660653098,False,-15.0,1.5
2021-01-05,Boston University Terriers,66.0,home,0.8861407015,14.4616987922,False,-2.0,14.5
2021-01-05,Holy Cross Crusaders,68.0,away,0.1138592985,-14.4616987922,True,2.0,-14.5
2021-01-05,Bowling Green Falcons,90.0,home,0.7403570722,7.4044491354,True,21.0,9.0
2021-01-05,Central Michigan Chippewas,69.0,away,0.2596429278,-7.4044491354,False,-21.0,-9.0
2021-01-05,Gardner-Webb Runnin' Bulldogs,85.0,home,0.579675125,2.0626781715,True,15.0,4.5
2021-01-05,Campbell Fighting Camels,70.0,away,0.420324875,-2.0626781715,False,-15.0,-4.5
2021-01-06,TCU Horned Frogs,64.0,home,0.377665841,-3.2349959845,False,-29.0,-6.5
2021-01-06,Kansas Jayhawks,93.0,away,0.622334159,3.2349959845,True,29.0,6.5
2021-01-05,James Madison Dukes,79.0,home,0.0,0.0,True,9.0,-2.0
2021-01-05,Florida Atlantic Owls,70.0,away,0.0,0.0,False,-9.0,2.0
2021-01-06,Michigan State Spartans,68.0,home,0.6215117197,3.415506388,True,23.0,3.0
2021-01-06,Rutgers Scarlet Knights,45.0,away,0.3784882803,-3.415506388,False,-23.0,-3.0
2021-01-06,Texas Tech Red Raiders,82.0,home,0.9470464374,17.3474152953,True,11.0,16.0
2021-01-06,Kansas State Wildcats,71.0,away,0.0529535625999999,-17.3474152953,False,-11.0,-16.0
2021-01-06,Duquesne Dukes,48.0,home,0.5259892828,0.6213422752,False,-13.0,-2.0
2021-01-06,Davidson Wildcats,61.0,away,0.4740107172,-0.6213422752,True,13.0,2.0
2021-01-05,Radford Highlanders,76.0,home,0.5911991108,2.3699723597,True,11.0,5.5
2021-01-05,Hampton Pirates,65.0,away,0.4088008891999999,-2.3699723597,False,-11.0,-5.5
2021-01-06,Alabama Crimson Tide,86.0,home,0.4359381096,-1.8997147214,True,15.0,2.0
2021-01-06,Florida Gators,71.0,away,0.5640618904,1.8997147214,False,-15.0,-2.0
2021-01-06,Coppin State Eagles,81.0,home,0.7850434506,10.0643090149,True,4.0,8.5
2021-01-06,Delaware State Hornets,77.0,away,0.2149565494,-10.0643090149,False,-4.0,-8.5
2021-01-05,Ohio Bobcats,76.0,home,0.9284505758,15.6680588071,True,3.0,14.5
2021-01-05,Northern Illinois Huskies,73.0,away,0.0715494242,-15.6680588071,False,-3.0,-14.5
2021-01-06,Miami Hurricanes,65.0,home,0.3771526726,-3.4107187507,False,-2.0,-3.5
2021-01-06,North Carolina Tar Heels,67.0,away,0.6228473274,3.4107187507,True,2.0,3.5
2021-01-06,Marquette Golden Eagles,54.0,home,0.5231274807,0.5802714986,False,-11.0,-1.5
2021-01-06,UConn Huskies,65.0,away,0.4768725193,-0.5802714986,True,11.0,1.5
2021-01-07,Virginia Cavaliers,70.0,home,0.8894357291,11.9734277207,True,9.0,14.0
2021-01-07,Wake Forest Demon Deacons,61.0,away,0.1105642709,-11.9734277207,False,-9.0,-14.0
2021-01-07,Northwestern State Demons,67.0,home,0.7258269147,6.6052705594,False,-8.0,7.5
2021-01-07,Incarnate Word Cardinals,75.0,away,0.2741730853,-6.6052705594,True,8.0,-7.5
2021-01-07,Houston Cougars,70.0,home,0.9224632568,15.4572175782,True,7.0,11.5
2021-01-07,Wichita State Shockers,63.0,away,0.0775367432,-15.4572175782,False,-7.0,-11.5
2021-01-07,Chattanooga Mocs,73.0,home,0.7194106179,6.6694455756,True,5.0,5.0
2021-01-07,Samford Bulldogs,68.0,away,0.2805893821,-6.6694455756,False,-5.0,-5.0
2021-01-07,George Mason Patriots,61.0,home,0.3230074621,-4.9318719183,False,-5.0,-5.5
2021-01-07,VCU Rams,66.0,away,0.6769925379,4.9318719183,True,5.0,5.5
2021-01-07,LSU Tigers,94.0,home,0.8524819751,12.2683013559,True,2.0,8.5
2021-01-07,Georgia Bulldogs,92.0,away,0.1475180249,-12.2683013559,False,-2.0,-8.5
2021-01-07,Houston Christian Huskies,63.0,home,0.1578409277,-11.5310238891,False,-3.0,-15.0
2021-01-07,Abilene Christian Wildcats,66.0,away,0.8421590723,11.5310238891,True,3.0,15.0
2021-01-07,Wofford Terriers,75.0,home,0.5423110571,1.1038553166,False,-9.0,1.5
2021-01-07,UNC Greensboro Spartans,84.0,away,0.4576889429,-1.1038553166,True,9.0,-1.5
2021-01-07,Creighton Bluejays,89.0,home,0.7303201596,6.7943402516,True,36.0,5.5
2021-01-07,Seton Hall Pirates,53.0,away,0.2696798404,-6.7943402516,False,-36.0,-5.5
2021-01-07,Baylor Bears,76.0,home,0.8558684999,11.9098795178,True,15.0,11.0
2021-01-07,Oklahoma Sooners,61.0,away,0.1441315001,-11.9098795178,False,-15.0,-11.0
2021-01-06,Louisville Cardinals,73.0,home,0.5538265955,1.3050314456,True,2.0,4.0
2021-01-06,Virginia Tech Hokies,71.0,away,0.4461734045,-1.3050314456,False,-2.0,-4.0
2021-01-07,Michigan Wolverines,82.0,home,0.7232547396,6.6796882162,True,25.0,8.0
2021-01-07,Minnesota Golden Gophers,57.0,away,0.2767452604,-6.6796882162,False,-25.0,-8.0
2021-01-06,Syracuse Orange,60.0,home,0.7939507033,9.5814678093,False,-3.0,11.0
2021-01-06,Pittsburgh Panthers,63.0,away,0.2060492967,-9.5814678093,True,3.0,-11.0
2021-01-06,South Florida Bulls,51.0,home,0.5181532846,0.4566204775,False,-10.0,-1.0
2021-01-06,Tulsa Golden Hurricane,61.0,away,0.4818467154,-0.4566204775,True,10.0,1.0
2021-01-06,St. Bonaventure Bonnies,83.0,home,0.8982704516,15.5017461382,True,26.0,13.0
2021-01-06,Saint Joseph's Hawks,57.0,away,0.1017295484,-15.5017461382,False,-26.0,-13.0
2021-01-07,Xavier Musketeers,69.0,home,0.7166762048000002,6.5164989955,True,8.0,6.5
2021-01-07,St. John's Red Storm,61.0,away,0.2833237952,-6.5164989955,False,-8.0,-6.5
2021-01-06,Richmond Spiders,80.0,home,0.7121589429,6.165308126,True,7.0,4.5
2021-01-06,Rhode Island Rams,73.0,away,0.2878410571,-6.165308126,False,-7.0,-4.5
2021-01-07,SE Louisiana Lions,52.0,home,0.438576811,-1.7703692457,False,-18.0,-4.0
2021-01-07,Sam Houston Bearkats,70.0,away,0.561423189,1.7703692457,True,18.0,4.0
2021-01-07,Butler Bulldogs,63.0,home,0.65570156,4.205379598,True,8.0,5.0
2021-01-07,Georgetown Hoyas,55.0,away,0.34429844,-4.205379598,False,-8.0,-5.0
2021-01-07,Tennessee Volunteers,79.0,home,0.7556926947,7.4892891344,True,5.0,8.5
2021-01-07,Arkansas Razorbacks,74.0,away,0.2443073052999999,-7.4892891344,False,-5.0,-8.5
2021-01-07,Central Arkansas Bears,83.0,home,0.7604418831,8.3983245181,True,4.0,8.0
2021-01-07,New Orleans Privateers,79.0,away,0.2395581169,-8.3983245181,False,-4.0,-8.0
2021-01-07,South Carolina Gamecocks,78.0,home,0.6524219796,4.2435205075,True,24.0,3.0
2021-01-07,Texas A&M Aggies,54.0,away,0.3475780204,-4.2435205075,False,-24.0,-3.0
2021-01-07,Nicholls Colonels,76.0,home,0.79515882,9.7163492273,True,7.0,7.5
2021-01-07,Lamar Cardinals,69.0,away,0.20484118,-9.7163492273,False,-7.0,-7.5
2021-01-07,Ole Miss Rebels,72.0,home,0.7735191482,8.2158961416,True,11.0,7.5
2021-01-07,Auburn Tigers,61.0,away,0.2264808518,-8.2158961416,False,-11.0,-7.5
2021-01-07,New Mexico Lobos,45.0,home,0.2214081024,-8.0450539558,False,-32.0,-12.5
2021-01-07,Utah State Aggies,77.0,away,0.7785918976,8.0450539558,True,32.0,12.5
2021-01-07,Duke Blue Devils,83.0,home,0.8328825675,11.1640757868,True,1.0,11.5
2021-01-07,Boston College Eagles,82.0,away,0.1671174324999999,-11.1640757868,False,-1.0,-11.5
2021-01-07,Boise State Broncos,78.0,home,0.9744862327,21.7832484953,True,19.0,19.0
2021-01-07,Air Force Falcons,59.0,away,0.0255137673,-21.7832484953,False,-19.0,-19.0
2021-01-12,Prairie View A&M Panthers,73.0,home,0.4638788734,-0.993414439,True,6.0,1.5
2021-01-12,Texas Southern Tigers,67.0,away,0.5361211266,0.993414439,False,-6.0,-1.5
2021-01-12,Northern Iowa Panthers,73.0,home,0.4830677503,-0.4462725716,False,-2.0,-1.5
2021-01-12,Bradley Braves,75.0,away,0.5169322497,0.4462725716,True,2.0,1.5
2021-01-11,Utah Utes,58.0,home,0.3344963223,-4.3607800614,False,-7.0,-2.5
2021-01-11,Colorado Buffaloes,65.0,away,0.6655036777,4.3607800614,True,7.0,2.5
2021-01-12,Indiana State Sycamores,48.0,home,0.1645378868999999,-10.2697052039,False,-10.0,-7.5
2021-01-12,Loyola Chicago Ramblers,58.0,away,0.8354621130999998,10.2697052039,True,10.0,7.5
2021-01-11,DePaul Blue Demons,53.0,home,0.3095448453,-5.2822236219,False,-7.0,-4.5
2021-01-11,UConn Huskies,60.0,away,0.6904551547,5.2822236219,True,7.0,4.5
2021-01-12,Wyoming Cowboys,60.0,home,0.0942261441,-15.1331869844,False,-23.0,-7.5
2021-01-12,Boise State Broncos,83.0,away,0.9057738559,15.1331869844,True,23.0,7.5
2021-01-11,SMU Mustangs,79.0,home,0.847195943,11.7343403936,True,11.0,12.5
2021-01-11,Temple Owls,68.0,away,0.152804057,-11.7343403936,False,-11.0,-12.5
2021-01-07,Colorado Buffaloes,79.0,home,0.6385749395,3.7048921014,True,7.0,3.5
2021-01-07,Oregon Ducks,72.0,away,0.3614250605,-3.7048921014,False,-7.0,-3.5
2021-01-07,St. Francis Brooklyn Terriers,70.0,home,0.4802638660999999,-0.4937882977,True,15.0,2.5
2021-01-07,Mount St. Mary's Mountaineers,55.0,away,0.5197361339,0.4937882977,False,-15.0,-2.5
2021-01-08,UT Rio Grande Valley Vaqueros,96.0,home,0.0,0.0,True,29.0,0.0
2021-01-08,St. Mary's (TX) Rattlers,67.0,away,0.0,0.0,False,-29.0,0.0
2021-01-08,Northwestern Wildcats,56.0,home,0.3584992104,-3.6325447315,False,-25.0,-6.0
2021-01-08,Illinois Fighting Illini,81.0,away,0.6415007896,3.6325447315,True,25.0,6.0
2021-01-08,Belmont Bruins,77.0,home,0.8955580971,14.1766874846,True,11.0,14.5
2021-01-08,Southeast Missouri State Redhawks,66.0,away,0.1044419029,-14.1766874846,False,-11.0,-14.5
2021-01-08,Long Island University Sharks,78.0,home,0.6230389361,3.579074814,True,3.0,2.5
2021-01-08,Saint Francis Red Flash,75.0,away,0.3769610638999999,-3.579074814,False,-3.0,-2.5
2021-01-07,Bryant Bulldogs,93.0,home,0.7690793222,9.355933759,True,25.0,12.0
2021-01-07,Central Connecticut Blue Devils,68.0,away,0.2309206778,-9.355933759,False,-25.0,-12.0
2021-01-08,Maryland Terrapins,67.0,home,0.272250387,-6.4224803261,False,-22.0,-5.5
2021-01-08,Iowa Hawkeyes,89.0,away,0.727749613,6.4224803261,True,22.0,5.5
2021-01-08,SMU Mustangs,69.0,home,0.7915873177999999,9.2498877066,False,-7.0,5.5
2021-01-08,Cincinnati Bearcats,76.0,away,0.2084126822,-9.2498877066,True,7.0,-5.5
2021-01-08,Stanford Cardinal,91.0,home,0.7736644826999999,8.3792050871,True,16.0,10.0
2021-01-08,Washington Huskies,75.0,away,0.2263355173,-8.3792050871,False,-16.0,-10.0
2021-01-07,Hofstra Pride,78.0,home,0.7922875448,8.735882445,False,-3.0,5.0
2021-01-07,Northeastern Huskies,81.0,away,0.2077124552,-8.735882445,True,3.0,-5.0
2021-01-08,Wisconsin Badgers,80.0,home,0.7078528806,5.3463391925,True,7.0,9.5
2021-01-08,Indiana Hoosiers,73.0,away,0.2921471194,-5.3463391925,False,-7.0,-9.5
2021-01-08,Eastern Kentucky Colonels,69.0,home,0.7421569369,7.5693985425,True,3.0,3.0
2021-01-08,Jacksonville State Gamecocks,66.0,away,0.2578430631,-7.5693985425,False,-3.0,-3.0
2021-01-08,Merrimack Warriors,97.0,home,0.7400697070999999,6.6570203697,True,7.0,4.5
2021-01-08,Sacred Heart Pioneers,90.0,away,0.2599302929,-6.6570203697,False,-7.0,-4.5
2021-01-08,Northern Colorado Bears,67.0,home,0.5648399428,1.731067796,False,-12.0,4.0
2021-01-08,Montana State Bobcats,79.0,away,0.4351600572,-1.731067796,True,12.0,-4.0
2021-01-08,Eastern Illinois Panthers,74.0,home,0.4181872529,-2.2654179661,True,6.0,-4.0
2021-01-08,Murray State Racers,68.0,away,0.5818127471,2.2654179661,False,-6.0,4.0
2021-01-08,Northern Arizona Lumberjacks,69.0,home,0.4604299498,-0.9309986436,False,-4.0,2.5
2021-01-08,Idaho State Bengals,73.0,away,0.5395700502,0.9309986436,True,4.0,-2.5
2021-01-08,Colorado State Rams,74.0,home,0.7632548043,7.7887435351,True,3.0,10.5
2021-01-08,UNLV Rebels,71.0,away,0.2367451957,-7.7887435351,False,-3.0,-10.5
2021-01-08,Morehead State Eagles,57.0,home,0.724562927,6.1221512333,True,3.0,4.5
2021-01-08,Tennessee Tech Golden Eagles,54.0,away,0.275437073,-6.1221512333,False,-3.0,-4.5
2021-01-08,Arizona Wildcats,73.0,home,0.6275703887,3.4431947731,False,-14.0,4.0
2021-01-08,USC Trojans,87.0,away,0.3724296113000001,-3.4431947731,True,14.0,-4.0
2021-01-08,Southern Utah Thunderbirds,85.0,home,0.9222372137,17.1498711361,True,5.0,13.5
2021-01-08,Idaho Vandals,80.0,away,0.0777627863,-17.1498711361,False,-5.0,-13.5
2021-01-08,California Golden Bears,60.0,home,0.6973625921,5.1650024891,False,-11.0,-3.0
2021-01-08,Washington State Cougars,71.0,away,0.3026374079,-5.1650024891,True,11.0,3.0
2021-01-08,Gonzaga Bulldogs,86.0,home,0.8298584321999999,11.4488185086,True,17.0,0.0
2021-01-08,BYU Cougars,69.0,away,0.1701415678,-11.4488185086,False,-17.0,0.0
2021-01-08,Tennessee State Tigers,74.0,home,0.7172319555,6.3474275362,True,12.0,6.0
2021-01-08,UT Martin Skyhawks,62.0,away,0.2827680445,-6.3474275362,False,-12.0,-6.0
2021-01-08,San Francisco Dons,88.0,home,0.9392266142,19.2496619734,True,24.0,17.5
2021-01-08,Portland Pilots,64.0,away,0.0607733858,-19.2496619734,False,-24.0,-17.5
2021-01-08,San Diego State Aztecs,65.0,home,0.878506857,12.7006490429,True,5.0,13.5
2021-01-08,Nevada Wolf Pack,60.0,away,0.121493143,-12.7006490429,False,-5.0,-13.5
2021-01-08,Arizona State Sun Devils,75.0,home,0.4945162627,-0.1502028406,False,-6.0,-5.0
2021-01-08,UCLA Bruins,81.0,away,0.5054837373,0.1502028406,True,6.0,5.0
2021-01-10,Iowa Hawkeyes,86.0,home,0.8597973938999999,13.0336775932,True,15.0,10.5
2021-01-10,Minnesota Golden Gophers,71.0,away,0.1402026061,-13.0336775932,False,-15.0,-10.5
2021-01-10,Binghamton Bearcats,44.0,home,0.1783428234,-9.3617357595,False,-40.0,-12.0
2021-01-10,Vermont Catamounts,84.0,away,0.8216571766,9.3617357595,True,40.0,12.0
2021-01-10,James Madison Dukes,100.0,home,0.9946615893,38.1384017969,True,24.0,0.0
2021-01-10,Chowan Hawks,76.0,away,0.0053384107,-38.1384017969,False,-24.0,0.0
2021-01-10,Charleston Cougars,73.0,home,0.5534929447,1.2667319863,True,5.0,-2.0
2021-01-10,Drexel Dragons,68.0,away,0.4465070553,-1.2667319863,False,-5.0,2.0
2021-01-10,Monmouth Hawks,72.0,home,0.689831699,5.5479202485,True,10.0,8.0
2021-01-10,Marist Red Foxes,62.0,away,0.310168301,-5.5479202485,False,-10.0,-8.0
2021-01-10,Evansville Purple Aces,68.0,home,0.5497385096,1.2792425113,False,-5.0,5.5
2021-01-10,Illinois State Redbirds,73.0,away,0.4502614904,-1.2792425113,True,5.0,-5.5
2021-01-10,Virginia Tech Hokies,77.0,home,0.743712521,6.5850335258,True,14.0,6.5
2021-01-10,Notre Dame Fighting Irish,63.0,away,0.256287479,-6.5850335258,False,-14.0,-6.5
2021-01-10,Florida A&M Rattlers,70.0,home,0.0,0.0,True,2.0,16.5
2021-01-10,South Carolina State Bulldogs,68.0,away,0.0,0.0,False,-2.0,-16.5
2021-01-10,Hampton Pirates,77.0,home,0.3887130211,-3.2063701424,False,-8.0,-3.0
2021-01-10,UNC Asheville Bulldogs,85.0,away,0.6112869789,3.2063701424,True,8.0,3.0
2021-01-10,Norfolk State Spartans,89.0,home,0.6306482109,3.4470131211,True,4.0,3.0
2021-01-10,Morgan State Bears,85.0,away,0.3693517891,-3.4470131211,False,-4.0,-3.0
2021-01-10,UMass Lowell River Hawks,58.0,home,0.6129442902,2.9470158475,False,-17.0,3.0
2021-01-10,Hartford Hawks,75.0,away,0.3870557098,-2.9470158475,True,17.0,-3.0
2021-01-10,New Hampshire Wildcats,66.0,home,0.3814728747,-3.1885805494,False,-2.0,-2.5
2021-01-10,UMBC Retrievers,68.0,away,0.6185271253,3.1885805494,True,2.0,2.5
2021-01-10,Valparaiso Beacons,68.0,home,0.3575240461,-3.9146215787,False,-10.0,-3.5
2021-01-10,Missouri State Bears,78.0,away,0.6424759539,3.9146215787,True,10.0,3.5
2021-01-10,Winthrop Eagles,91.0,home,0.8224999346,11.1707040085,True,8.0,12.0
2021-01-10,Gardner-Webb Runnin' Bulldogs,83.0,away,0.1775000653999999,-11.1707040085,False,-8.0,-12.0
2021-01-10,Xavier Musketeers,74.0,home,0.6693450568,4.4969296822,True,1.0,4.0
2021-01-10,Providence Friars,73.0,away,0.3306549432,-4.4969296822,False,-1.0,-4.0
2021-01-10,Army Black Knights,61.0,home,0.8298313459,10.7424485898,False,-9.0,10.5
2021-01-10,Holy Cross Crusaders,70.0,away,0.1701686541,-10.7424485898,True,9.0,-10.5
2021-01-11,Illinois Fighting Illini,63.0,home,0.8480045008,11.3711784976,False,-3.0,10.5
2021-01-11,Maryland Terrapins,66.0,away,0.1519954992,-11.3711784976,True,3.0,-10.5
2021-01-10,NJIT Highlanders,41.0,home,0.8215985734,9.3412833848,False,-4.0,9.5
2021-01-10,Maine Black Bears,45.0,away,0.1784014265999999,-9.3412833848,True,4.0,-9.5
2021-01-10,Navy Midshipmen,73.0,home,0.8429238065999999,10.4011688291,True,15.0,7.0
2021-01-10,Lehigh Mountain Hawks,58.0,away,0.1570761934,-10.4011688291,False,-15.0,-7.0
2021-01-10,Fairfield Stags,68.0,home,0.2052428666,-8.2017996707,False,-7.0,-9.0
2021-01-10,Siena Saints,75.0,away,0.7947571334,8.2017996707,True,7.0,9.0
2021-01-10,Charleston Southern Buccaneers,48.0,home,0.4510086455,-1.1967138342,False,-20.0,-4.5
2021-01-10,Radford Highlanders,68.0,away,0.5489913545,1.1967138342,True,20.0,4.5
2021-01-10,Lafayette Leopards,87.0,home,0.6733449083,5.0958197787,True,11.0,6.5
2021-01-10,Bucknell Bison,76.0,away,0.3266550917,-5.0958197787,False,-11.0,-6.5
2021-01-10,Indiana State Sycamores,76.0,home,0.1402821779,-11.3342530811,True,5.0,-8.0
2021-01-10,Loyola Chicago Ramblers,71.0,away,0.8597178221,11.3342530811,False,-5.0,8.0
2021-01-10,Longwood Lancers,78.0,home,0.3407284898,-4.1217267195,True,9.0,-1.5
2021-01-10,Campbell Fighting Camels,69.0,away,0.6592715102,4.1217267195,False,-9.0,1.5
2021-01-10,Northern Iowa Panthers,78.0,home,0.4610506966,-1.0288415341,True,6.0,2.5
2021-01-10,Bradley Braves,72.0,away,0.5389493034,1.0288415341,False,-6.0,-2.5
2021-01-10,Wichita State Shockers,82.0,home,0.5243684182,0.6516280002,True,6.0,2.0
2021-01-10,Cincinnati Bearcats,76.0,away,0.4756315817999999,-0.6516280002,False,-6.0,-2.0
2021-01-10,Nebraska Cornhuskers,76.0,home,0.2712747943,-6.6704297147,False,-8.0,-6.0
2021-01-10,Indiana Hoosiers,84.0,away,0.7287252057000001,6.6704297147,True,8.0,6.0
2021-01-10,Boston University Terriers,45.0,home,0.4249173777,-2.0176083085,False,-44.0,-3.0
2021-01-10,Colgate Raiders,89.0,away,0.5750826223,2.0176083085,True,44.0,3.0
2021-01-11,Fresno State Bulldogs,80.0,home,0.8839357547,15.0916579353,True,15.0,14.0
2021-01-11,San José State Spartans,65.0,away,0.1160642453,-15.0916579353,False,-15.0,-14.0
2021-01-11,Loyola Marymount Lions,68.0,home,0.5296919167,0.7892751299,True,8.0,1.5
2021-01-11,San Francisco Dons,60.0,away,0.4703080833,-0.7892751299,False,-8.0,-1.5
2021-01-08,St. Francis Brooklyn Terriers,67.0,home,0.5370736328,0.9332234289,True,12.0,2.0
2021-01-08,Mount St. Mary's Mountaineers,55.0,away,0.4629263672,-0.9332234289,False,-12.0,-2.0
2021-01-08,Long Island University Sharks,71.0,home,0.6204897406,3.5944337972,True,13.0,2.5
2021-01-08,Saint Francis Red Flash,58.0,away,0.3795102594,-3.5944337972,False,-13.0,-2.5
2021-01-09,Purdue Fort Wayne Mastodons,96.0,home,0.6464986837,3.6693466436,True,7.0,-0.0
2021-01-09,UIC Flames,89.0,away,0.3535013163,-3.6693466436,False,-7.0,0.0
2021-01-08,Liberty Flames,69.0,home,0.9586862452,18.1956813597,True,6.0,19.5
2021-01-08,Kennesaw State Owls,63.0,away,0.0413137548,-18.1956813597,False,-6.0,-19.5
2021-01-09,Jacksonville Dolphins,66.0,home,0.6603916838,4.3999046382,True,1.0,2.0
2021-01-09,North Florida Ospreys,65.0,away,0.3396083162,-4.3999046382,False,-1.0,-2.0
2021-01-09,Cleveland State Vikings,58.0,home,0.6234174857,3.2754885528,True,14.0,2.0
2021-01-09,Northern Kentucky Norse,44.0,away,0.3765825143,-3.2754885528,False,-14.0,-2.0
2021-01-09,North Alabama Lions,77.0,home,0.8085038878,9.6899848924,False,-9.0,3.0
2021-01-09,Stetson Hatters,86.0,away,0.1914961122,-9.6899848924,True,9.0,-3.0
2021-01-08,Green Bay Phoenix,84.0,home,0.564909169,1.7734921129,True,3.0,-1.5
2021-01-08,Oakland Golden Grizzlies,81.0,away,0.4350908309999999,-1.7734921129,False,-3.0,1.5
2021-01-09,Michigan State Spartans,54.0,home,0.6443025091,3.8914191429,False,-1.0,6.0
2021-01-09,Purdue Boilermakers,55.0,away,0.3556974909,-3.8914191429,True,1.0,-6.0
2021-01-08,Quinnipiac Bobcats,84.0,home,0.5198218897,0.5216200072,True,5.0,3.0
2021-01-08,Manhattan Jaspers,79.0,away,0.4801781103,-0.5216200072,False,-5.0,-3.0
2021-01-08,Milwaukee Panthers,94.0,home,0.7685326868,8.1805686235,True,24.0,5.5
2021-01-08,IU Indianapolis Jaguars,70.0,away,0.2314673132,-8.1805686235,False,-24.0,-5.5
2021-01-09,Bellarmine Knights,72.0,home,0.4093153236,-2.1190863363,False,-5.0,2.5
2021-01-09,Lipscomb Bisons,77.0,away,0.5906846764,2.1190863363,True,5.0,-2.5
2021-01-08,Merrimack Warriors,62.0,home,0.754073966,7.9345753559,False,-6.0,4.5
2021-01-08,Sacred Heart Pioneers,68.0,away,0.245926034,-7.9345753559,True,6.0,-4.5
2021-01-09,Louisiana Ragin' Cajuns,66.0,home,0.3346941815,-4.7474457008,True,2.0,-2.0
2021-01-09,Little Rock Trojans,64.0,away,0.6653058185,4.7474457008,False,-2.0,2.0
2021-01-09,Wright State Raiders,72.0,home,0.837801755,10.6147646066,False,-2.0,11.0
2021-01-09,Youngstown State Penguins,74.0,away,0.162198245,-10.6147646066,True,2.0,-11.0
2021-01-08,Coastal Carolina Chanticleers,78.0,home,0.6601303466,4.2935576698,True,13.0,4.5
2021-01-08,South Alabama Jaguars,65.0,away,0.3398696534,-4.2935576698,False,-13.0,-4.5
2021-01-08,Niagara Purple Eagles,70.0,home,0.7676585738,7.2001560481,False,-6.0,6.5
2021-01-08,Rider Broncs,76.0,away,0.2323414262,-7.2001560481,True,6.0,-6.5
2021-01-08,App State Mountaineers,66.0,home,0.7690781,7.3055550755,True,3.0,2.5
2021-01-08,Georgia Southern Eagles,63.0,away,0.2309219,-7.3055550755,False,-3.0,-2.5
2021-01-08,Bryant Bulldogs,76.0,home,0.8044058998,10.9497451111,True,12.0,13.5
2021-01-08,Central Connecticut Blue Devils,64.0,away,0.1955941002,-10.9497451111,False,-12.0,-13.5
2021-01-08,Toledo Rockets,95.0,home,0.6551332074,4.054065521,True,17.0,4.5
2021-01-08,Ohio Bobcats,78.0,away,0.3448667926,-4.054065521,False,-17.0,-4.5
2021-01-09,Middle Tennessee Blue Raiders,55.0,home,0.586979501,2.5146320355,False,-13.0,-4.0
2021-01-09,Florida International Panthers,68.0,away,0.413020499,-2.5146320355,True,13.0,4.0
2021-01-09,Stephen F. Austin Lumberjacks,87.0,home,0.993401162,36.9832166008,True,16.0,0.0
2021-01-09,Midwestern State Mustangs,71.0,away,0.006598838,-36.9832166008,False,-16.0,0.0
2021-01-09,UL Monroe Warhawks,64.0,home,0.2672633229,-6.8156286922,False,-13.0,-6.0
2021-01-09,UT Arlington Mavericks,77.0,away,0.7327366771,6.8156286922,True,13.0,6.0
2021-01-09,UC Riverside Highlanders,83.0,home,0.712250352,5.6973698906,False,-5.0,5.5
2021-01-09,Hawai'i Rainbow Warriors,88.0,away,0.287749648,-5.6973698906,True,5.0,-5.5
2021-01-09,UTSA Roadrunners,70.0,home,0.1515994283,-11.5462439738,False,-7.0,-5.5
2021-01-09,North Texas Mean Green,77.0,away,0.8484005717,11.5462439738,True,7.0,5.5
2021-01-09,UAB Blazers,72.0,home,0.9005661126999999,14.3604959273,True,12.0,13.0
2021-01-09,Southern Miss Golden Eagles,60.0,away,0.0994338872999999,-14.3604959273,False,-12.0,-13.0
2021-01-09,Old Dominion Monarchs,71.0,home,0.6925957385,5.2469300977,True,4.0,7.5
2021-01-09,Florida Atlantic Owls,67.0,away,0.3074042615,-5.2469300977,False,-4.0,-7.5
2021-01-09,Kansas City Roos,64.0,home,0.8012421218,8.7915223669,False,-2.0,-1.5
2021-01-09,South Dakota Coyotes,66.0,away,0.1987578782,-8.7915223669,True,2.0,1.5
2021-01-09,New Mexico Lobos,46.0,home,0.1687271827,-10.2684452437,False,-36.0,-15.0
2021-01-09,Utah State Aggies,82.0,away,0.8312728173,10.2684452437,True,36.0,15.0
2021-01-09,Tarleton State Texans,72.0,home,0.1131818052,-13.52909009,False,-3.0,-9.5
2021-01-09,Grand Canyon Lopes,75.0,away,0.8868181948,13.52909009,True,3.0,9.5
2021-01-09,Oral Roberts Golden Eagles,71.0,home,0.8798455241,13.4519940914,False,-1.0,9.5
2021-01-09,North Dakota Fighting Hawks,72.0,away,0.1201544759,-13.4519940914,True,1.0,-9.5
2021-01-09,Western Kentucky Hilltoppers,66.0,home,0.7041244899,5.8410221653,True,2.0,7.5
2021-01-09,Louisiana Tech Bulldogs,64.0,away,0.2958755101,-5.8410221653,False,-2.0,-7.5
2021-01-09,Utah Valley Wolverines,77.0,home,0.3360186353,-4.5888424322,True,27.0,3.5
2021-01-09,California Baptist Lancers,50.0,away,0.6639813647,4.5888424322,False,-27.0,-3.5
2021-01-09,South Dakota State Jackrabbits,83.0,home,0.9294186154,17.6949322347,True,6.0,17.5
2021-01-09,Western Illinois Leathernecks,77.0,away,0.0705813846,-17.6949322347,False,-6.0,-17.5
2021-01-09,Davidson Wildcats,78.0,home,0.7653954843000002,6.72846278,False,-11.0,7.0
2021-01-09,Dayton Flyers,89.0,away,0.2346045157,-6.72846278,True,11.0,-7.0
2021-01-09,Fresno State Bulldogs,79.0,home,0.8705513214,13.5862915061,True,15.0,14.0
2021-01-09,San José State Spartans,64.0,away,0.1294486786,-13.5862915061,False,-15.0,-14.0
2021-01-09,Boise State Broncos,80.0,home,0.973911197,22.0429449259,True,11.0,18.0
2021-01-09,Air Force Falcons,69.0,away,0.026088803,-22.0429449259,False,-11.0,-18.0
2021-01-09,Cal State Fullerton Titans,80.0,home,0.5814502004,2.4111608128,False,-2.0,1.0
2021-01-09,Long Beach State Beach,82.0,away,0.4185497996,-2.4111608128,True,2.0,-1.0
2021-01-09,North Dakota State Bison,71.0,home,0.6949319955,5.2720138252,True,2.0,8.0
2021-01-09,Omaha Mavericks,69.0,away,0.3050680045,-5.2720138252,False,-2.0,-8.0
2021-01-09,UTEP Miners,101.0,home,0.7659195613,8.1365285848,True,12.0,8.5
2021-01-09,Rice Owls,89.0,away,0.2340804387,-8.1365285848,False,-12.0,-8.5
2021-01-09,Cal State Bakersfield Roadrunners,62.0,home,0.8763027714,12.067948149,True,13.0,13.0
2021-01-09,Cal Poly Mustangs,49.0,away,0.1236972286,-12.067948149,False,-13.0,-13.0
2021-01-13,Marquette Golden Eagles,79.0,home,0.5491057085,1.2410197802,True,10.0,4.5
2021-01-13,Providence Friars,69.0,away,0.4508942915,-1.2410197802,False,-10.0,-4.5
2021-01-13,North Carolina Tar Heels,81.0,home,0.5764783828,2.1497874637,True,6.0,4.5
2021-01-13,Syracuse Orange,75.0,away,0.4235216172,-2.1497874637,False,-6.0,-4.5
2021-01-12,Central Michigan Chippewas,85.0,home,0.3719900789,-3.6596567594,False,-9.0,-8.5
2021-01-12,Kent State Golden Flashes,94.0,away,0.6280099211,3.6596567594,True,9.0,8.5
2021-01-13,Davidson Wildcats,80.0,home,0.946324156,18.835510617,True,14.0,14.5
2021-01-13,Saint Joseph's Hawks,66.0,away,0.053675844,-18.835510617,False,-14.0,-14.5
2021-01-12,Northern Illinois Huskies,67.0,home,0.1746577611,-9.561252791,True,2.0,-8.5
2021-01-12,Akron Zips,65.0,away,0.8253422389,9.561252791,False,-2.0,8.5
2021-01-13,St. John's Red Storm,69.0,home,0.6922716194,5.5758983078,True,12.0,1.5
2021-01-13,Butler Bulldogs,57.0,away,0.3077283806,-5.5758983078,False,-12.0,-1.5
2021-01-13,Michigan Wolverines,77.0,home,0.5700374355,1.7262110251,True,23.0,2.5
2021-01-13,Wisconsin Badgers,54.0,away,0.4299625645,-1.7262110251,False,-23.0,-2.5
2021-01-13,Ohio Bobcats,78.0,home,0.8277123146999998,9.5098851728,True,17.0,9.5
2021-01-13,Miami (OH) RedHawks,61.0,away,0.1722876853,-9.5098851728,False,-17.0,-9.5
2021-01-13,Oklahoma Sooners,82.0,home,0.7734678439,7.8886396023,True,36.0,6.5
2021-01-13,TCU Horned Frogs,46.0,away,0.2265321561,-7.8886396023,False,-36.0,-6.5
2021-01-12,Western Michigan Broncos,69.0,home,0.2619437353,-7.0240278075,False,-16.0,-8.5
2021-01-12,Buffalo Bulls,85.0,away,0.7380562647,7.0240278075,True,16.0,8.5
2021-01-13,Oklahoma State Cowboys,75.0,home,0.3428001437,-4.3912919075,True,5.0,-3.5
2021-01-13,Kansas Jayhawks,70.0,away,0.6571998563,4.3912919075,False,-5.0,3.5
2021-01-13,Florida Gators,72.0,home,0.6439962745,4.0302150374,True,9.0,2.5
2021-01-13,Ole Miss Rebels,63.0,away,0.3560037255,-4.0302150374,False,-9.0,-2.5
2021-01-13,Grambling Tigers,79.0,home,0.6963136125,5.7614438025,True,5.0,7.5
2021-01-13,Alcorn State Braves,74.0,away,0.3036863875,-5.7614438025,False,-5.0,-7.5
2021-01-13,Bowling Green Falcons,64.0,home,0.7628950208999999,7.9214591393,False,-24.0,7.5
2021-01-13,Ball State Cardinals,88.0,away,0.2371049791,-7.9214591393,True,24.0,-7.5
2021-01-13,Kentucky Wildcats,65.0,home,0.5216654289,0.6161953908,False,-20.0,3.5
2021-01-13,Alabama Crimson Tide,85.0,away,0.4783345711,-0.6161953908,True,20.0,-3.5
2021-01-13,Boston College Eagles,84.0,home,0.4846363805,-0.4215974547,True,22.0,-2.5
2021-01-13,Miami Hurricanes,62.0,away,0.5153636195,0.4215974547,False,-22.0,2.5
2021-01-13,Virginia Tech Hokies,74.0,home,0.6138469614,3.2887146868,True,7.0,-2.5
2021-01-13,Duke Blue Devils,67.0,away,0.3861530386,-3.2887146868,False,-7.0,2.5
2021-01-13,Toledo Rockets,96.0,home,0.8426737642,11.1252408472,True,33.0,9.5
2021-01-13,Eastern Michigan Eagles,63.0,away,0.1573262358,-11.1252408472,False,-33.0,-9.5
2021-01-12,Mississippi Valley State Delta Devils,51.0,home,0.2603290396,-7.3012237175,False,-13.0,-9.5
2021-01-12,Alabama State Hornets,64.0,away,0.7396709604,7.3012237175,True,13.0,9.5
2021-01-12,UNLV Rebels,95.0,home,0.9960280698,38.6013797201,True,61.0,0.0
2021-01-12,University of Saint Katherine Saint Katherine,34.0,away,0.0039719302,-38.6013797201,False,-61.0,0.0
2021-01-13,USC Trojans,67.0,home,0.0,0.0,True,5.0,14.5
2021-01-13,UC Riverside Highlanders,62.0,away,0.0,0.0,False,-5.0,-14.5
2021-01-03,Gonzaga Bulldogs,85.0,home,0.9089890061,17.0638658719,True,23.0,19.0
2021-01-03,San Francisco Dons,62.0,away,0.0910109939,-17.0638658719,False,-23.0,-19.0
2021-01-02,Rutgers Scarlet Knights,75.0,home,0.3162829554,-5.2962679581,False,-2.0,-2.5
2021-01-02,Iowa Hawkeyes,77.0,away,0.6837170446,5.2962679581,True,2.0,2.5
2021-01-02,Oklahoma Sooners,75.0,home,0.5808238641,2.1273560848,True,4.0,1.5
2021-01-02,West Virginia Mountaineers,71.0,away,0.4191761359,-2.1273560848,False,-4.0,-1.5
2021-01-02,Tennessee Volunteers,63.0,home,0.8488386622,11.8014868366,False,-8.0,10.0
2021-01-02,Alabama Crimson Tide,71.0,away,0.1511613378,-11.8014868366,True,8.0,-10.0
2021-01-02,Providence Friars,65.0,home,0.4152850123,-2.2379258819,False,-2.0,-4.0
2021-01-02,Creighton Bluejays,67.0,away,0.5847149877,2.2379258819,True,2.0,4.0
2021-01-02,Illinois Fighting Illini,66.0,home,0.7559002665999999,7.4195004215,True,8.0,7.5
2021-01-02,Purdue Boilermakers,58.0,away,0.2440997334,-7.4195004215,False,-8.0,-7.5
2021-01-02,Arkansas Razorbacks,68.0,home,0.7184769705,6.3629415268,False,-13.0,6.5
2021-01-02,Missouri Tigers,81.0,away,0.2815230295,-6.3629415268,True,13.0,-6.5
2021-01-02,Boston College Eagles,64.0,home,0.4380698246,-1.5842333007,False,-12.0,-6.5
2021-01-02,Louisville Cardinals,76.0,away,0.5619301754,1.5842333007,True,12.0,6.5
2021-01-02,George Washington Revolutionaries,63.0,home,0.301714846,-5.6780774507,False,-12.0,-7.0
2021-01-02,Duquesne Dukes,75.0,away,0.698285154,5.6780774507,True,12.0,7.0
2021-01-03,Nebraska Cornhuskers,77.0,home,0.3016014214,-6.1294685374,False,-7.0,-8.0
2021-01-03,Michigan State Spartans,84.0,away,0.6983985786,6.1294685374,True,7.0,8.0
2021-01-02,Tulane Green Wave,60.0,home,0.4535033454,-1.1725318064,True,4.0,-1.0
2021-01-02,East Carolina Pirates,56.0,away,0.5464966546,1.1725318064,False,-4.0,1.0
2021-01-02,Northeastern Huskies,75.0,home,0.4652294765,-0.8419953832,True,23.0,4.5
2021-01-02,Elon Phoenix,52.0,away,0.5347705235,0.8419953832,False,-23.0,-4.5
2021-01-03,Oregon Ducks,73.0,home,0.7429954468,7.1094433073,True,17.0,6.0
2021-01-03,Stanford Cardinal,56.0,away,0.2570045532,-7.1094433073,False,-17.0,-6.0
2021-01-02,Kansas Jayhawks,59.0,home,0.6426910692,3.7703620743,False,-25.0,4.5
2021-01-02,Texas Longhorns,84.0,away,0.3573089308,-3.7703620743,True,25.0,-4.5
2021-01-02,Texas Tech Red Raiders,77.0,home,0.8835422262,13.2071302781,False,-5.0,8.5
2021-01-02,Oklahoma State Cowboys,82.0,away,0.1164577738,-13.2071302781,True,5.0,-8.5
2021-01-02,Iowa State Cyclones,65.0,home,0.1497555282,-11.2770563948,False,-11.0,-16.0
2021-01-02,Baylor Bears,76.0,away,0.8502444718,11.2770563948,True,11.0,16.0
2021-01-02,South Carolina Gamecocks,78.0,home,0.9504278963,20.2381443798,True,7.0,17.5
2021-01-02,Florida A&M Rattlers,71.0,away,0.0495721037,-20.2381443798,False,-7.0,-17.5
2021-01-02,VMI Keydets,84.0,home,0.3410038764,-4.3144051751,True,5.0,-4.0
2021-01-02,Chattanooga Mocs,79.0,away,0.6589961236,4.3144051751,False,-5.0,4.0
2021-01-02,Canisius Golden Griffins,63.0,home,0.6186887171,3.2505977693,True,3.0,-4.0
2021-01-02,Saint Peter's Peacocks,60.0,away,0.3813112829,-3.2505977693,False,-3.0,4.0
2021-01-02,South Carolina State Bulldogs,86.0,home,0.1731972361,-11.1310440099,False,-11.0,-9.5
2021-01-02,North Carolina A&T Aggies,97.0,away,0.8268027638999998,11.1310440099,True,11.0,9.5
2021-01-02,Marist Red Foxes,72.0,home,0.5604490565,1.4475830433,False,-14.0,-1.0
2021-01-02,Niagara Purple Eagles,86.0,away,0.4395509435,-1.4475830433,True,14.0,1.0
2021-01-02,Furman Paladins,83.0,home,0.7629027741000001,8.0618633142,True,3.0,10.5
2021-01-02,Mercer Bears,80.0,away,0.2370972259,-8.0618633142,False,-3.0,-10.5
2021-01-02,Kansas State Wildcats,60.0,home,0.3350612713,-4.230439833,False,-7.0,-4.0
2021-01-02,TCU Horned Frogs,67.0,away,0.6649387287,4.230439833,True,7.0,4.0
2021-01-02,Miami Hurricanes,65.0,home,0.4107902352,-2.3724260352,False,-1.0,-4.0
2021-01-02,Clemson Tigers,66.0,away,0.5892097648,2.3724260352,True,1.0,4.0
2021-01-02,Navy Midshipmen,78.0,home,0.5331222811,0.8382843414,True,9.0,3.5
2021-01-02,Bucknell Bison,69.0,away,0.4668777189,-0.8382843414,False,-9.0,-3.5
2021-01-02,Florida Gators,83.0,home,0.5902135181,2.5290994071,True,4.0,1.5
2021-01-02,LSU Tigers,79.0,away,0.4097864819,-2.5290994071,False,-4.0,-1.5
2021-01-02,Lehigh Mountain Hawks,90.0,home,0.295876843,-5.6391809526,True,1.0,2.0
2021-01-02,Lafayette Leopards,89.0,away,0.704123157,5.6391809526,False,-1.0,-2.0
2021-01-02,Hofstra Pride,61.0,home,0.9156166593,15.089049562,True,5.0,10.0
2021-01-02,William & Mary Tribe,56.0,away,0.0843833407,-15.089049562,False,-5.0,-10.0
2021-01-02,Georgia Southern Eagles,62.0,home,0.3769645979,-3.1514660613,True,13.0,2.5
2021-01-02,South Alabama Jaguars,49.0,away,0.6230354021,3.1514660613,False,-13.0,-2.5
2021-01-02,Cincinnati Bearcats,66.0,home,0.59183306,2.4314944556,False,-4.0,6.0
2021-01-02,Tulsa Golden Hurricane,70.0,away,0.40816694,-2.4314944556,True,4.0,-6.0
2021-01-02,Idaho Vandals,78.0,home,0.4314783184,-1.7116285128,False,-5.0,-3.5
2021-01-02,Northern Arizona Lumberjacks,83.0,away,0.5685216816,1.7116285128,True,5.0,3.5
2021-01-02,Delaware Blue Hens,70.0,home,0.3581528992,-3.4639482202,True,3.0,1.0
2021-01-02,Charleston Cougars,67.0,away,0.6418471008000001,3.4639482202,False,-3.0,-1.0
2021-01-02,Hartford Hawks,76.0,home,0.6570399324999999,4.0425805641,True,20.0,7.0
2021-01-02,Binghamton Bearcats,56.0,away,0.3429600675,-4.0425805641,False,-20.0,-7.0
2021-01-02,Western Michigan Broncos,59.0,home,0.2912119893,-5.4105234829,False,-11.0,-8.0
2021-01-02,Toledo Rockets,70.0,away,0.7087880107,5.4105234829,True,11.0,8.0
2021-01-02,Rice Owls,84.0,home,0.6171204311,3.4284882251,True,15.0,-2.0
2021-01-02,UTSA Roadrunners,69.0,away,0.3828795689,-3.4284882251,False,-15.0,2.0
2021-01-02,Colgate Raiders,101.0,home,0.7112977385000001,5.8240388724,True,44.0,5.5
2021-01-02,Army Black Knights,57.0,away,0.2887022615,-5.8240388724,False,-44.0,-5.5
2021-01-02,Florida International Panthers,66.0,home,0.5941403156,2.583068265,False,-5.0,-1.0
2021-01-02,Old Dominion Monarchs,71.0,away,0.4058596844,-2.583068265,True,5.0,1.0
2021-01-02,Ball State Cardinals,68.0,home,0.4540237672,-1.2180034372,False,-10.0,-1.0
2021-01-02,Ohio Bobcats,78.0,away,0.5459762328,1.2180034372,True,10.0,1.0
2021-01-02,Maine Black Bears,59.0,home,0.3672479139,-3.5240951523,True,3.0,-7.0
2021-01-02,New Hampshire Wildcats,56.0,away,0.6327520861,3.5240951523,False,-3.0,7.0
2021-01-02,Coastal Carolina Chanticleers,62.0,home,0.3493617842,-4.3456925834,False,-8.0,-2.5
2021-01-02,Georgia State Panthers,70.0,away,0.6506382158000001,4.3456925834,True,8.0,2.5
2021-01-02,Texas A&M Aggies,68.0,home,0.6297747847,3.3098226561,True,2.0,1.5
2021-01-02,Auburn Tigers,66.0,away,0.3702252152999999,-3.3098226561,False,-2.0,-1.5
2021-01-02,Kennesaw State Owls,66.0,home,0.3556925096,-3.8391787545,False,-6.0,-3.5
2021-01-02,Jacksonville Dolphins,72.0,away,0.6443074903999999,3.8391787545,True,6.0,3.5
2021-01-02,USC Trojans,64.0,home,0.6208404405,3.2361954707,True,18.0,5.0
2021-01-02,Utah Utes,46.0,away,0.3791595595,-3.2361954707,False,-18.0,-5.0
2021-01-02,Evansville Purple Aces,65.0,home,0.1593425276,-10.5044991517,True,4.0,-6.0
2021-01-02,Northern Iowa Panthers,61.0,away,0.8406574723999999,10.5044991517,False,-4.0,6.0
2021-01-02,Seton Hall Pirates,68.0,home,0.8167453719,9.6051668848,True,8.0,9.0
2021-01-02,Butler Bulldogs,60.0,away,0.1832546281,-9.6051668848,False,-8.0,-9.0
2021-01-02,Dayton Flyers,74.0,home,0.7441392655999999,6.5087946955,True,9.0,5.5
2021-01-02,George Mason Patriots,65.0,away,0.2558607344,-6.5087946955,False,-9.0,-5.5
2021-01-02,Western Illinois Leathernecks,50.0,home,0.4685652862,-0.821522849,False,-18.0,-6.5
2021-01-02,North Dakota State Bison,68.0,away,0.5314347138,0.821522849,True,18.0,6.5
2021-01-02,App State Mountaineers,90.0,home,0.7259948059999999,5.7711528828,True,31.0,6.0
2021-01-02,Troy Trojans,59.0,away,0.274005194,-5.7711528828,False,-31.0,-6.0
2021-01-02,Abilene Christian Wildcats,83.0,home,0.8528550592999999,12.1446725739,True,18.0,12.5
2021-01-02,Lamar Cardinals,65.0,away,0.1471449407,-12.1446725739,False,-18.0,-12.5
2021-01-02,Weber State Wildcats,70.0,home,0.8636613323,12.5252064196,True,8.0,6.0
2021-01-02,Utah Valley Wolverines,62.0,away,0.1363386677,-12.5252064196,False,-8.0,-6.0
2021-01-02,Youngstown State Penguins,69.0,home,0.8073969654000002,8.8694136348,False,-10.0,7.0
2021-01-02,Green Bay Phoenix,79.0,away,0.1926030346,-8.8694136348,True,10.0,-7.0
2021-01-02,UMass Lowell River Hawks,67.0,home,0.5156126794,0.4076648303,False,-6.0,-1.5
2021-01-02,NJIT Highlanders,73.0,away,0.4843873206,-0.4076648303,True,6.0,1.5
2021-01-02,South Dakota Coyotes,93.0,home,0.7204923995999999,6.3076157709,True,39.0,9.5
2021-01-02,Denver Pioneers,54.0,away,0.2795076004,-6.3076157709,False,-39.0,-9.5
2021-01-02,North Dakota Fighting Hawks,52.0,home,0.2560483538,-6.6591865596,True,7.0,3.0
2021-01-02,Kansas City Roos,45.0,away,0.7439516462,6.6591865596,False,-7.0,-3.0
2021-01-02,IU Indianapolis Jaguars,49.0,home,0.4696524215,-0.8479865493,False,-10.0,-3.0
2021-01-02,Cleveland State Vikings,59.0,away,0.5303475785,0.8479865493,True,10.0,3.0
2021-01-02,Charlotte 49ers,75.0,home,0.3071709236,-4.9597092438,True,4.0,-6.0
2021-01-02,Western Kentucky Hilltoppers,71.0,away,0.6928290764,4.9597092438,False,-4.0,6.0
2021-01-02,Omaha Mavericks,83.0,home,0.4465271436999999,-1.5459754492,False,-12.0,-1.5
2021-01-02,Oral Roberts Golden Eagles,95.0,away,0.5534728563,1.5459754492,True,12.0,1.5
2021-01-02,Oakland Golden Grizzlies,81.0,home,0.1233594352,-14.0413115726,True,10.0,-10.5
2021-01-02,Wright State Raiders,71.0,away,0.8766405648,14.0413115726,False,-10.0,10.5
2021-01-02,Fairfield Stags,72.0,home,0.5031517846,0.0794335062,True,16.0,-2.0
2021-01-02,Rider Broncs,56.0,away,0.4968482154,-0.0794335062,False,-16.0,2.0
2021-01-02,Richmond Spiders,66.0,home,0.7705915929,8.3642096365,False,-3.0,4.5
2021-01-02,St. Bonaventure Bonnies,69.0,away,0.2294084071,-8.3642096365,True,3.0,-4.5
2021-01-02,Murray State Racers,56.0,home,0.8843193301,13.0626283862,False,-5.0,13.0
2021-01-02,Morehead State Eagles,61.0,away,0.1156806699,-13.0626283862,True,5.0,-13.0
2021-01-02,Lipscomb Bisons,50.0,home,0.2438785467,-6.5224426298,False,-16.0,-5.5
2021-01-02,Liberty Flames,66.0,away,0.7561214533,6.5224426298,True,16.0,5.5
2021-01-02,McNeese Cowboys,67.0,home,0.6307850463,4.0223069172,False,-14.0,-2.0
2021-01-02,Central Arkansas Bears,81.0,away,0.3692149537,-4.0223069172,True,14.0,2.0
2021-01-02,Austin Peay Governors,75.0,home,0.4661749179999999,-0.9930872928,False,-5.0,4.5
2021-01-02,Eastern Kentucky Colonels,80.0,away,0.533825082,0.9930872928,True,5.0,-4.5
2021-01-02,Southern Miss Golden Eagles,62.0,home,0.4055352151,-2.4387901637,False,-15.0,-5.5
2021-01-02,UTEP Miners,77.0,away,0.5944647849,2.4387901637,True,15.0,5.5
2021-01-02,Bellarmine Knights,90.0,home,0.9619413021,21.2982938497,True,52.0,0.0
2021-01-02,Mount St. Joseph Lions,38.0,away,0.0380586979,-21.2982938497,False,-52.0,0.0
2021-01-02,Eastern Illinois Panthers,87.0,home,0.8611732126,12.2414238972,True,6.0,7.0
2021-01-02,Tennessee Tech Golden Eagles,81.0,away,0.1388267874,-12.2414238972,False,-6.0,-7.0
2021-01-02,UT Martin Skyhawks,69.0,home,0.1098646901,-13.8993054733,False,-21.0,-16.0
2021-01-02,Belmont Bruins,90.0,away,0.8901353099000001,13.8993054733,True,21.0,16.0
2021-01-02,Alabama State Hornets,49.0,home,0.2705884202,-6.497066307,False,-17.0,-5.0
2021-01-02,Grambling Tigers,66.0,away,0.7294115798,6.497066307,True,17.0,5.0
2021-01-02,Louisiana Ragin' Cajuns,59.0,home,0.5148093723,0.4144112422,False,-12.0,2.5
2021-01-02,Texas State Bobcats,71.0,away,0.4851906277,-0.4144112422,True,12.0,-2.5
2021-01-02,Missouri State Bears,84.0,home,0.7243887305999999,6.4233968174,True,10.0,3.5
2021-01-02,Indiana State Sycamores,74.0,away,0.2756112694,-6.4233968174,False,-10.0,-3.5
2021-01-02,Little Rock Trojans,75.0,home,0.5852109534,2.3945046497,True,13.0,2.5
2021-01-02,UT Arlington Mavericks,62.0,away,0.4147890466,-2.3945046497,False,-13.0,-2.5
2021-01-02,Oregon State Beavers,73.0,home,0.5968245051,2.3635110158,True,9.0,2.5
2021-01-02,California Golden Bears,64.0,away,0.4031754949,-2.3635110158,False,-9.0,-2.5
2021-01-02,UL Monroe Warhawks,62.0,home,0.5143725465,0.3638179067,True,7.0,2.5
2021-01-02,Arkansas State Red Wolves,55.0,away,0.4856274535,-0.3638179067,False,-7.0,-2.5
2021-01-02,Mississippi State Bulldogs,73.0,home,0.6457764769,3.7163679346,False,-5.0,-2.0
2021-01-02,Kentucky Wildcats,78.0,away,0.3542235231,-3.7163679346,True,5.0,2.0
2021-01-02,Stephen F. Austin Lumberjacks,78.0,home,0.7879942463,9.306569777,True,11.0,10.5
2021-01-02,New Orleans Privateers,67.0,away,0.2120057537,-9.306569777,False,-11.0,-10.5
2021-01-02,Air Force Falcons,53.0,home,0.0985197690999999,-13.00715017,False,-19.0,-14.0
2021-01-02,Utah State Aggies,72.0,away,0.9014802309,13.00715017,True,19.0,14.0
2021-01-02,UNC Greensboro Spartans,61.0,home,0.8173559041,10.0779574073,False,-10.0,7.5
2021-01-02,East Tennessee State Buccaneers,71.0,away,0.1826440959,-10.0779574073,True,10.0,-7.5
2021-01-02,Northern Kentucky Norse,70.0,home,0.5778231252,2.0358986111,True,2.0,6.5
2021-01-02,Purdue Fort Wayne Mastodons,68.0,away,0.4221768748,-2.0358986111,False,-2.0,-6.5
2021-01-02,Southeast Missouri State Redhawks,83.0,home,0.5990875776,2.7393473435,True,4.0,2.0
2021-01-02,Tennessee State Tigers,79.0,away,0.4009124224,-2.7393473435,False,-4.0,-2.0
2021-01-02,Nicholls Colonels,81.0,home,0.7158003808,6.8664469018,False,-3.0,4.5
2021-01-02,Sam Houston Bearkats,84.0,away,0.2841996192,-6.8664469018,True,3.0,-4.5
2021-01-02,La Salle Explorers,89.0,home,0.7626144155,6.9343003939,True,37.0,5.5
2021-01-02,Fordham Rams,52.0,away,0.2373855845,-6.9343003939,False,-37.0,-5.5
2021-01-02,Northern Illinois Huskies,42.0,home,0.2284150204,-7.8293411301,False,-26.0,-8.0
2021-01-02,Bowling Green Falcons,68.0,away,0.7715849796,7.8293411301,True,26.0,8.0
2021-01-02,San José State Spartans,86.0,home,0.048870545,-22.0175687847,False,-1.0,-23.5
2021-01-02,Boise State Broncos,87.0,away,0.951129455,22.0175687847,True,1.0,23.5
2021-01-02,Vermont Catamounts,62.0,home,0.775047468,7.8034623609,False,-1.0,13.0
2021-01-02,UAlbany Great Danes,63.0,away,0.224952532,-7.8034623609,True,1.0,-13.0
2021-01-03,Louisiana Tech Bulldogs,73.0,home,0.4947531751999999,-0.149197229,False,-7.0,-2.0
2021-01-03,Marshall Thundering Herd,80.0,away,0.5052468248,0.149197229,True,7.0,2.0
2021-01-03,South Florida Bulls,68.0,home,0.570820653,1.8528758672,True,7.0,-1.0
2021-01-03,UCF Knights,61.0,away,0.429179347,-1.8528758672,False,-7.0,1.0
2021-01-03,Long Beach State Beach,76.0,home,0.2991212439,-5.823588713,False,-13.0,-5.5
2021-01-03,Cal State Bakersfield Roadrunners,89.0,away,0.7008787561000002,5.823588713,True,13.0,5.5
2021-01-02,Arkansas-Pine Bluff Golden Lions,92.0,home,0.8664844128,13.7189762904,True,40.0,11.5
2021-01-02,Mississippi Valley State Delta Devils,52.0,away,0.1335155872,-13.7189762904,False,-40.0,-11.5
2021-01-02,Ole Miss Rebels,79.0,home,0.8443820465,11.0234571894,False,-4.0,8.5
2021-01-02,Wichita State Shockers,83.0,away,0.1556179535,-11.0234571894,True,4.0,-8.5
2021-01-03,Montana Grizzlies,62.0,home,0.8308131297,9.8717070877,False,-2.0,6.0
2021-01-03,Northern Colorado Bears,64.0,away,0.1691868703,-9.8717070877,True,2.0,-6.0
2021-01-03,Georgetown Hoyas,60.0,home,0.4141303891,-2.3362654026,False,-4.0,-4.5
2021-01-03,Marquette Golden Eagles,64.0,away,0.5858696109,2.3362654026,True,4.0,4.5
2021-01-03,Wofford Terriers,94.0,home,0.7939097265000001,9.3139989625,True,10.0,10.5
2021-01-03,Samford Bulldogs,84.0,away,0.2060902735,-9.3139989625,False,-10.0,-10.5
2021-01-03,Fresno State Bulldogs,74.0,home,0.7769732182,8.2779997865,False,-4.0,2.0
2021-01-03,Wyoming Cowboys,78.0,away,0.2230267817999999,-8.2779997865,True,4.0,-2.0
2021-01-03,UCLA Bruins,65.0,home,0.4940540747,-0.1466041619,True,3.0,1.5
2021-01-03,Colorado Buffaloes,62.0,away,0.5059459253,0.1466041619,False,-3.0,-1.5
2021-01-03,Houston Christian Huskies,99.0,home,0.4711687642,-0.8196787386,True,6.0,-4.5
2021-01-03,Northwestern State Demons,93.0,away,0.5288312358,0.8196787386,False,-6.0,4.5
2021-01-03,Loyola Chicago Ramblers,57.0,home,0.7192840812,5.5656135678,True,8.0,7.5
2021-01-03,North Texas Mean Green,49.0,away,0.2807159188,-5.5656135678,False,-8.0,-7.5
2021-01-03,UC Santa Barbara Gauchos,65.0,home,0.8265827129000001,10.2009351266,True,4.0,15.5
2021-01-03,Cal State Fullerton Titans,61.0,away,0.1734172871,-10.2009351266,False,-4.0,-15.5
2021-01-03,Washington State Cougars,82.0,home,0.2496517933,-7.2964425879,False,-4.0,-8.5
2021-01-03,Arizona Wildcats,86.0,away,0.7503482067,7.2964425879,True,4.0,8.5
2021-01-03,New Mexico Lobos,74.0,home,0.4083544788,-2.5130028689,False,-10.0,-6.0
2021-01-03,Nevada Wolf Pack,84.0,away,0.5916455212,2.5130028689,True,10.0,6.0
2021-01-02,North Carolina Tar Heels,66.0,home,0.7992948253000001,9.1422713208,True,1.0,10.5
2021-01-02,Notre Dame Fighting Irish,65.0,away,0.2007051747,-9.1422713208,False,-1.0,-10.5
2021-01-02,San Diego State Aztecs,67.0,home,0.8353594715,10.3707889508,False,-3.0,8.5
2021-01-02,Colorado State Rams,70.0,away,0.1646405285,-10.3707889508,True,3.0,-8.5
2021-01-15,Gonzaga Bulldogs,95.0,home,0.9490331491,20.8558528006,True,25.0,26.5
2021-01-15,Pepperdine Waves,70.0,away,0.0509668509,-20.8558528006,False,-25.0,-26.5
2021-01-14,Utah Utes,79.0,home,0.5327720073,0.9274970324,True,14.0,-1.5
2021-01-14,Stanford Cardinal,65.0,away,0.4672279927,-0.9274970324,False,-14.0,1.5
2021-01-15,Sacred Heart Pioneers,65.0,home,0.6307408479,3.6276459393,True,17.0,2.5
2021-01-15,Central Connecticut Blue Devils,48.0,away,0.3692591521,-3.6276459393,False,-17.0,-2.5
2021-01-14,Pacific Tigers,79.0,home,0.2994440974,-5.5564769783,True,21.0,-3.5
2021-01-14,Santa Clara Broncos,58.0,away,0.7005559026,5.5564769783,False,-21.0,3.5
2021-01-15,Mount St. Mary's Mountaineers,77.0,home,0.5488014797,1.1012421127,True,20.0,3.5
2021-01-15,Merrimack Warriors,57.0,away,0.4511985203,-1.1012421127,False,-20.0,-3.5
2021-01-15,Saint Francis Red Flash,89.0,home,0.3808816708999999,-3.6789930504,True,7.0,-6.5
2021-01-15,Bryant Bulldogs,82.0,away,0.6191183291,3.6789930504,False,-7.0,6.5
2021-01-15,Campbell Fighting Camels,48.0,home,0.8607760219,11.4058461421,True,2.0,7.5
2021-01-15,Presbyterian Blue Hose,46.0,away,0.1392239781,-11.4058461421,False,-2.0,-7.5
2021-01-15,Eastern Michigan Eagles,67.0,home,0.991157098,34.8595946809,True,11.0,0.0
2021-01-15,Calvin University Knights,56.0,away,0.008842902,-34.8595946809,False,-11.0,0.0
2021-01-15,Samford Bulldogs,63.0,home,0.3171532304,-5.5734416022,False,-24.0,-6.5
2021-01-15,UNC Greensboro Spartans,87.0,away,0.6828467696,5.5734416022,True,24.0,6.5
2021-01-15,Indiana Hoosiers,69.0,home,0.6521926657999999,3.8236187523,False,-12.0,3.5
2021-01-15,Purdue Boilermakers,81.0,away,0.3478073342,-3.8236187523,True,12.0,-3.5
2021-01-15,Montana Grizzlies,67.0,home,0.8629700725,10.6269341908,True,11.0,12.5
2021-01-15,Northern Arizona Lumberjacks,56.0,away,0.1370299275,-10.6269341908,False,-11.0,-12.5
2021-01-14,UNC Asheville Bulldogs,92.0,home,0.8408709668000001,11.0054593885,True,38.0,10.5
2021-01-14,Charleston Southern Buccaneers,54.0,away,0.1591290332,-11.0054593885,False,-38.0,-10.5
2021-01-14,Temple Owls,62.0,home,0.5456417841,1.1788408254,True,7.0,-2.5
2021-01-14,UCF Knights,55.0,away,0.4543582159,-1.1788408254,False,-7.0,2.5
2021-01-15,Wagner Seahawks,66.0,home,0.4938808087,-0.1618536096,False,-11.0,1.5
2021-01-15,Long Island University Sharks,77.0,away,0.5061191913,0.1618536096,True,11.0,-1.5
2021-01-14,South Carolina Upstate Spartans,68.0,home,0.4507910388,-1.3309470752,False,-1.0,3.5
2021-01-14,Hampton Pirates,69.0,away,0.5492089612,1.3309470752,True,1.0,-3.5
2021-01-14,UCLA Bruins,91.0,home,0.8876214746,13.3545276476,True,30.0,8.5
2021-01-14,Washington State Cougars,61.0,away,0.1123785254,-13.3545276476,False,-30.0,-8.5
2021-01-15,Tennessee Tech Golden Eagles,67.0,home,0.1389475138,-12.3964180687,False,-21.0,-12.5
2021-01-15,Belmont Bruins,88.0,away,0.8610524862,12.3964180687,True,21.0,12.5
2021-01-15,Florida International Panthers,79.0,home,0.6485049631000002,4.2616730443,False,-2.0,4.5
2021-01-15,Florida Atlantic Owls,81.0,away,0.3514950369,-4.2616730443,True,2.0,-4.5
2021-01-14,Colorado Buffaloes,89.0,home,0.914467076,14.559028624,True,29.0,14.5
2021-01-14,California Golden Bears,60.0,away,0.085532924,-14.559028624,False,-29.0,-14.5
2021-01-15,Winthrop Eagles,72.0,home,0.9247627934,17.8258358517,True,11.0,16.5
2021-01-15,Longwood Lancers,61.0,away,0.0752372066,-17.8258358517,False,-11.0,-16.5
2021-01-15,Portland Pilots,63.0,home,0.1066872202,-14.9900514734,False,-16.0,-11.5
2021-01-15,San Francisco Dons,79.0,away,0.8933127798,14.9900514734,True,16.0,11.5
2021-01-15,Montana State Bobcats,71.0,home,0.7902111697,9.3743990582,True,7.0,6.5
2021-01-15,Portland State Vikings,64.0,away,0.2097888303,-9.3743990582,False,-7.0,-6.5
2021-01-15,Utah State Aggies,57.0,home,0.4972244411,-0.0691622343,True,12.0,1.5
2021-01-15,San Diego State Aztecs,45.0,away,0.5027755589,0.0691622343,False,-12.0,-1.5
2021-01-15,Oregon State Beavers,64.0,home,0.3495909802,-3.9637668562,False,-34.0,-8.5
2021-01-15,Arizona Wildcats,98.0,away,0.6504090198,3.9637668562,True,34.0,8.5
2021-01-15,Eastern Washington Eagles,75.0,home,0.6003046651,2.8699408802,True,12.0,5.5
2021-01-15,Southern Utah Thunderbirds,63.0,away,0.3996953349,-2.8699408802,False,-12.0,-5.5
2021-01-15,Saint Mary's Gaels,52.0,home,0.4199678824,-1.9943481793,False,-10.0,1.0
2021-01-15,BYU Cougars,62.0,away,0.5800321176,1.9943481793,True,10.0,-1.0
2021-01-15,San José State Spartans,57.0,home,0.0724446625,-18.6236145982,False,-33.0,-18.5
2021-01-15,Colorado State Rams,90.0,away,0.9275553375,18.6236145982,True,33.0,18.5
2021-01-15,USC Trojans,95.0,home,0.8976077574,14.4778897043,True,27.0,13.5
2021-01-15,Washington Huskies,68.0,away,0.1023922426,-14.4778897043,False,-27.0,-13.5
2021-01-15,Eastern Illinois Panthers,61.0,home,0.7558523966,7.0572714938,False,-26.0,6.5
2021-01-15,Morehead State Eagles,87.0,away,0.2441476034,-7.0572714938,True,26.0,-6.5
2021-01-15,Jacksonville State Gamecocks,65.0,home,0.8108168845999999,9.1569518822,True,1.0,6.5
2021-01-15,Tennessee State Tigers,64.0,away,0.1891831154,-9.1569518822,False,-1.0,-6.5
2021-01-15,Idaho Vandals,54.0,home,0.3591583891,-3.7702261986,False,-20.0,-7.5
2021-01-15,Northern Colorado Bears,74.0,away,0.6408416109000001,3.7702261986,True,20.0,7.5
2021-01-14,George Mason Patriots,75.0,home,0.5658542402,1.6667523203,True,33.0,4.5
2021-01-14,La Salle Explorers,42.0,away,0.4341457598,-1.6667523203,False,-33.0,-4.5
2021-01-14,Wake Forest Demon Deacons,65.0,home,0.3685444897,-3.3313492755,False,-12.0,-7.5
2021-01-14,Louisville Cardinals,77.0,away,0.6314555103,3.3313492755,True,12.0,7.5
2021-01-14,Stephen F. Austin Lumberjacks,95.0,home,0.6521034841,5.0293783742,True,26.0,9.5
2021-01-14,Central Arkansas Bears,69.0,away,0.3478965159,-5.0293783742,False,-26.0,-9.5
2021-01-13,The Citadel Bulldogs,88.0,home,0.2563576365,-7.4266416331,False,-6.0,-13.5
2021-01-13,Furman Paladins,94.0,away,0.7436423635,7.4266416331,True,6.0,13.5
2021-01-13,Fordham Rams,54.0,home,0.1288359749,-11.4565456033,False,-14.0,-12.5
2021-01-13,St. Bonaventure Bonnies,68.0,away,0.8711640251,11.4565456033,True,14.0,12.5
2021-01-13,George Washington Revolutionaries,77.0,home,0.2936718292,-5.9847524773,False,-7.0,-11.5
2021-01-13,VCU Rams,84.0,away,0.7063281708,5.9847524773,True,7.0,11.5
2021-01-14,Massachusetts Minutemen,80.0,home,0.3988103413,-2.9759674422,True,2.0,-2.5
2021-01-14,Rhode Island Rams,78.0,away,0.6011896587,2.9759674422,False,-2.0,2.5
2021-01-13,Norfolk State Spartans,80.0,home,0.9919524498,33.9369836988,True,22.0,0.0
2021-01-13,NC Wesleyan Battling Bishops,58.0,away,0.0080475502,-33.9369836988,False,-22.0,0.0
2021-01-14,Sam Houston Bearkats,96.0,home,0.7832689991000001,9.1902772187,True,25.0,7.5
2021-01-14,Lamar Cardinals,71.0,away,0.2167310008999999,-9.1902772187,False,-25.0,-7.5
2021-01-14,Texas Longhorns,77.0,home,0.4935803397,-0.1653548538,False,-2.0,2.5
2021-01-14,Texas Tech Red Raiders,79.0,away,0.5064196603,0.1653548538,True,2.0,-2.5
2021-01-14,Ohio State Buckeyes,81.0,home,0.7765267772,7.6565476994,True,10.0,8.5
2021-01-14,Northwestern Wildcats,71.0,away,0.2234732228,-7.6565476994,False,-10.0,-8.5
2021-01-13,Florida State Seminoles,105.0,home,0.4744760221,-0.6919327835,True,32.0,4.5
2021-01-13,NC State Wolfpack,73.0,away,0.5255239779,0.6919327835,False,-32.0,-4.5
2021-01-14,Wichita State Shockers,72.0,home,0.438981322,-1.5656644843,True,19.0,3.5
2021-01-14,Tulsa Golden Hurricane,53.0,away,0.561018678,1.5656644843,False,-19.0,-3.5
2021-01-14,LSU Tigers,92.0,home,0.6111305753,3.1147079425,True,16.0,1.5
2021-01-14,Arkansas Razorbacks,76.0,away,0.3888694247,-3.1147079425,False,-16.0,-1.5
2021-01-14,Northwestern State Demons,66.0,home,0.2991223067,-6.0186052435,False,-10.0,-6.5
2021-01-14,Nicholls Colonels,76.0,away,0.7008776933,6.0186052435,True,10.0,6.5
2021-01-14,Chattanooga Mocs,83.0,home,0.5599196688,1.6258917719,True,3.0,-1.5
2021-01-14,Mercer Bears,80.0,away,0.4400803312,-1.6258917719,False,-3.0,1.5
2021-01-13,Virginia Cavaliers,80.0,home,0.8846281247000001,11.0404325381,True,12.0,9.5
2021-01-13,Notre Dame Fighting Irish,68.0,away,0.1153718752999999,-11.0404325381,False,-12.0,-9.5
2021-01-14,Georgia Bulldogs,77.0,home,0.5860742568,2.5117690515,False,-18.0,-2.5
2021-01-14,Auburn Tigers,95.0,away,0.4139257431999999,-2.5117690515,True,18.0,2.5
2021-01-14,Dayton Flyers,72.0,home,0.540027012,0.9738486577,True,9.0,5.5
2021-01-14,Duquesne Dukes,63.0,away,0.459972988,-0.9738486577,False,-9.0,-5.5
2021-01-14,VMI Keydets,78.0,home,0.2638131022,-6.3048159905,False,-2.0,-6.5
2021-01-14,Wofford Terriers,80.0,away,0.7361868978,6.3048159905,True,2.0,6.5
2021-01-14,SE Louisiana Lions,76.0,home,0.5911630314,2.4018056163,True,13.0,2.5
2021-01-14,Texas A&M-Corpus Christi Islanders,63.0,away,0.4088369686,-2.4018056163,False,-13.0,-2.5
2021-01-14,Wyoming Cowboys,70.0,home,0.0744397414,-16.6216142101,False,-20.0,-8.5
2021-01-14,Boise State Broncos,90.0,away,0.9255602586,16.6216142101,True,20.0,8.5
2021-01-14,Utah Tech Trailblazers,63.0,home,0.4177785673,-2.2454966956,False,-9.0,-2.5
2021-01-14,New Mexico Lobos,72.0,away,0.5822214327,2.2454966956,True,9.0,2.5
2021-01-14,Mississippi State Bulldogs,55.0,home,0.7949930422,7.9556367218,False,-1.0,7.5
2021-01-14,Texas A&M Aggies,56.0,away,0.2050069578,-7.9556367218,True,1.0,-7.5
2021-01-14,Incarnate Word Cardinals,83.0,home,0.2764403533,-6.4252596461,True,22.0,-1.5
2021-01-14,McNeese Cowboys,61.0,away,0.7235596467,6.4252596461,False,-22.0,1.5
2021-01-19,Louisville Cardinals,65.0,home,0.612187485,2.9165368504,False,-13.0,3.5
2021-01-19,Florida State Seminoles,78.0,away,0.387812515,-2.9165368504,True,13.0,-3.5
2021-01-18,Idaho State Bengals,65.0,home,0.5900135073,2.0910149034,False,-5.0,1.5
2021-01-18,Sacramento State Hornets,70.0,away,0.4099864927,-2.0910149034,True,5.0,-1.5
2021-01-18,Towson Tigers,72.0,home,0.487830797,-0.31661381,True,3.0,-2.5
2021-01-18,UNC Wilmington Seahawks,69.0,away,0.512169203,0.31661381,False,-3.0,2.5
2021-01-19,Baylor Bears,77.0,home,0.8639920173,12.1028925796,True,8.0,8.5
2021-01-19,Kansas Jayhawks,69.0,away,0.1360079827,-12.1028925796,False,-8.0,-8.5
2021-01-19,UNLV Rebels,53.0,home,0.9139334867,14.8669314234,True,7.0,11.5
2021-01-19,New Mexico Lobos,46.0,away,0.0860665133,-14.8669314234,False,-7.0,-11.5
2021-01-19,Prairie View A&M Panthers,59.0,home,0.6462580519,4.2820992894,True,9.0,4.5
2021-01-19,Grambling Tigers,50.0,away,0.3537419481,-4.2820992894,False,-9.0,-4.5
2021-01-18,Southern Jaguars,102.0,home,0.976573519,25.9342059988,True,41.0,22.5
2021-01-18,Mississippi Valley State Delta Devils,61.0,away,0.023426481,-25.9342059988,False,-41.0,-22.5
2021-01-19,UNC Greensboro Spartans,87.0,home,0.8293399518,11.382556827,True,14.0,13.5
2021-01-19,The Citadel Bulldogs,73.0,away,0.1706600482,-11.382556827,False,-14.0,-13.5
2021-01-19,Air Force Falcons,58.0,home,0.5076908496,0.1853783404,False,-19.0,-3.5
2021-01-19,Wyoming Cowboys,77.0,away,0.4923091504,-0.1853783404,True,19.0,3.5
2021-01-18,UConn Huskies,70.0,home,0.782745385,8.5315515762,False,-4.0,6.5
2021-01-18,St. John's Red Storm,74.0,away,0.217254615,-8.5315515762,True,4.0,-6.5
2021-01-18,La Salle Explorers,90.0,home,0.6981535616,5.8864575648,True,7.0,1.5
2021-01-18,Saint Joseph's Hawks,83.0,away,0.3018464384,-5.8864575648,False,-7.0,-1.5
2021-01-18,Samford Bulldogs,82.0,home,0.4087114118999999,-2.6829396006,True,4.0,-2.5
2021-01-18,Western Carolina Catamounts,78.0,away,0.5912885881,2.6829396006,False,-4.0,2.5
2021-01-19,East Tennessee State Buccaneers,92.0,home,0.7273627658000001,7.0066780472,True,11.0,7.5
2021-01-19,VMI Keydets,81.0,away,0.2726372342,-7.0066780472,False,-11.0,-7.5
2021-01-18,Alcorn State Braves,82.0,home,0.7463641109,6.9665764421,True,34.0,3.5
2021-01-18,Arkansas-Pine Bluff Golden Lions,48.0,away,0.2536358891,-6.9665764421,False,-34.0,-3.5
2021-01-17,Houston Cougars,75.0,home,0.9393357364,16.3829290411,True,17.0,13.5
2021-01-17,UCF Knights,58.0,away,0.0606642636,-16.3829290411,False,-17.0,-13.5
2021-01-17,Wake Forest Demon Deacons,60.0,home,0.2711049485,-6.2745714064,False,-4.0,-6.5
2021-01-17,Virginia Tech Hokies,64.0,away,0.7288950515,6.2745714064,True,4.0,6.5
2021-01-17,Purdue Boilermakers,80.0,home,0.65665515,4.0476969915,True,8.0,3.5
2021-01-17,Penn State Nittany Lions,72.0,away,0.34334485,-4.0476969915,False,-8.0,-3.5
2021-01-17,Navy Midshipmen,71.0,home,0.7434776822000001,6.6958115751,True,12.0,6.5
2021-01-17,American University Eagles,59.0,away,0.2565223178,-6.6958115751,False,-12.0,-6.5
2021-01-17,Drexel Dragons,64.0,home,0.9036204024,13.2440778803,False,-5.0,9.5
2021-01-17,William & Mary Tribe,69.0,away,0.0963795976,-13.2440778803,True,5.0,-9.5
2021-01-17,Charleston Cougars,66.0,home,0.6392478626,3.4331932464,False,-2.0,-1.5
2021-01-17,Northeastern Huskies,68.0,away,0.3607521374,-3.4331932464,True,2.0,1.5
2021-01-17,Illinois State Redbirds,68.0,home,0.4466320091,-1.5184395082,False,-6.0,-4.5
2021-01-17,Indiana State Sycamores,74.0,away,0.5533679909,1.5184395082,True,6.0,4.5
2021-01-17,Delaware Blue Hens,67.0,home,0.3318288763,-4.4677538782,False,-1.0,-3.5
2021-01-17,Hofstra Pride,68.0,away,0.6681711237000001,4.4677538782,True,1.0,3.5
2021-01-17,Colgate Raiders,96.0,home,0.9630544715,21.8633407748,True,9.0,18.5
2021-01-17,Holy Cross Crusaders,87.0,away,0.0369455285,-21.8633407748,False,-9.0,-18.5
2021-01-17,Stony Brook Seawolves,64.0,home,0.5738644129,1.9111250959,False,-3.0,1.5
2021-01-17,New Hampshire Wildcats,67.0,away,0.4261355871,-1.9111250959,True,3.0,-1.5
2021-01-17,Boston University Terriers,65.0,home,0.4346762728999999,-1.7190300275,False,-11.0,-3.5
2021-01-17,Army Black Knights,76.0,away,0.5653237271,1.7190300275,True,11.0,3.5
2021-01-17,UMBC Retrievers,57.0,home,0.6823910273,4.9236991243,True,8.0,5.5
2021-01-17,Hartford Hawks,49.0,away,0.3176089727,-4.9236991243,False,-8.0,-5.5
2021-01-17,Morgan State Bears,79.0,home,0.7814121776999999,9.5973448003,False,-10.0,8.5
2021-01-17,Coppin State Eagles,89.0,away,0.2185878223,-9.5973448003,True,10.0,-8.5
2021-01-17,Vermont Catamounts,88.0,home,0.937607933,15.9490330501,True,28.0,17.5
2021-01-17,Maine Black Bears,60.0,away,0.062392067,-15.9490330501,False,-28.0,-17.5
2021-01-17,Marshall Thundering Herd,67.0,home,0.6183017083,3.4073119445,False,-2.0,2.5
2021-01-17,Western Kentucky Hilltoppers,69.0,away,0.3816982917,-3.4073119445,True,2.0,-2.5
2021-01-17,Binghamton Bearcats,67.0,home,0.30455124,-5.2512038146,False,-10.0,-6.5
2021-01-17,UMass Lowell River Hawks,77.0,away,0.69544876,5.2512038146,True,10.0,6.5
2021-01-17,Tulsa Golden Hurricane,58.0,home,0.5392223749,1.0506910176,True,1.0,-2.5
2021-01-17,Memphis Tigers,57.0,away,0.4607776251,-1.0506910176,False,-1.0,2.5
2021-01-17,Bradley Braves,86.0,home,0.9176948072,13.4660336713,True,31.0,9.5
2021-01-17,Evansville Purple Aces,55.0,away,0.0823051928,-13.4660336713,False,-31.0,-9.5
2021-01-17,Idaho State Bengals,57.0,home,0.5949228334,2.211462422,True,1.0,1.5
2021-01-17,Sacramento State Hornets,56.0,away,0.4050771666,-2.211462422,False,-1.0,-1.5
2021-01-17,Fordham Rams,46.0,home,0.1813614503,-9.7738072413,False,-19.0,-9.5
2021-01-17,Massachusetts Minutemen,65.0,away,0.8186385497,9.7738072413,True,19.0,9.5
2021-01-17,George Washington Revolutionaries,54.0,home,0.3325105755999999,-4.4695274547,False,-13.0,-7.5
2021-01-17,Dayton Flyers,67.0,away,0.6674894244,4.4695274547,True,13.0,7.5
2021-01-17,San Diego Toreros,63.0,home,0.3939905994,-2.9504959777,False,-6.0,-3.5
2021-01-17,Santa Clara Broncos,69.0,away,0.6060094006,2.9504959777,True,6.0,3.5
2021-01-17,Nevada Wolf Pack,79.0,home,0.7581900806,7.2679743729,True,14.0,6.5
2021-01-17,Fresno State Bulldogs,65.0,away,0.2418099194,-7.2679743729,False,-14.0,-6.5
2021-01-17,Lehigh Mountain Hawks,61.0,home,0.3477866253,-4.2266138229,False,-16.0,-1.5
2021-01-17,Bucknell Bison,77.0,away,0.6522133747,4.2266138229,True,16.0,1.5
2021-01-17,Delaware State Hornets,79.0,home,0.1634929138,-11.6544173379,False,-4.0,-9.5
2021-01-17,Norfolk State Spartans,83.0,away,0.8365070862,11.6544173379,True,4.0,9.5
2021-01-17,Loyola Chicago Ramblers,88.0,home,0.8266536271,9.6859824199,True,42.0,10.5
2021-01-17,Northern Iowa Panthers,46.0,away,0.1733463729,-9.6859824199,False,-42.0,-10.5
2021-01-17,Missouri State Bears,94.0,home,0.9965424676,39.952498454,True,45.0,0.0
2021-01-17,Missouri S&T Miners,49.0,away,0.0034575323999999,-39.952498454,False,-45.0,0.0
2021-01-18,Cal State Fullerton Titans,85.0,home,0.0,0.0,True,8.0,2.5
2021-01-18,Cal State Northridge Matadors,77.0,away,0.0,0.0,False,-8.0,-2.5
2021-01-18,Weber State Wildcats,94.0,home,0.8963486186,15.0934339046,True,15.0,12.5
2021-01-18,Tarleton State Texans,79.0,away,0.1036513814,-15.0934339046,False,-15.0,-12.5
2021-01-17,Northwestern Wildcats,73.0,home,0.1727440285,-10.6831423327,False,-23.0,-9.5
2021-01-17,Iowa Hawkeyes,96.0,away,0.8272559715,10.6831423327,True,23.0,9.5
2021-01-17,Loyola Maryland Greyhounds,70.0,home,0.4669055083,-0.885191956,False,-2.0,1.5
2021-01-17,Lafayette Leopards,72.0,away,0.5330944917,0.885191956,True,2.0,-1.5
2021-01-17,UAlbany Great Danes,83.0,home,0.5854545404,2.2511510044,True,12.0,2.5
2021-01-17,NJIT Highlanders,71.0,away,0.4145454596,-2.2511510044,False,-12.0,-2.5
2021-01-15,Delaware Blue Hens,74.0,home,0.2667423482,-6.431614799,True,18.0,-5.5
2021-01-15,Hofstra Pride,56.0,away,0.7332576518,6.431614799,False,-18.0,5.5
2021-01-15,Winthrop Eagles,70.0,home,0.9185003291,17.0404191121,True,20.0,16.5
2021-01-15,Longwood Lancers,50.0,away,0.0814996709,-17.0404191121,False,-20.0,-16.5
2021-01-16,St. Bonaventure Bonnies,62.0,home,0.622120501,3.1570359498,True,14.0,8.5
2021-01-16,Duquesne Dukes,48.0,away,0.377879499,-3.1570359498,False,-14.0,-8.5
2021-01-16,Wagner Seahawks,76.0,home,0.4269913979,-1.9703896901,True,2.0,-2.5
2021-01-16,Long Island University Sharks,74.0,away,0.5730086021,1.9703896901,False,-2.0,2.5
2021-01-15,Denver Pioneers,84.0,home,0.1380457757,-12.8077002707,False,-4.0,-11.5
2021-01-15,Oral Roberts Golden Eagles,88.0,away,0.8619542243000001,12.8077002707,True,4.0,11.5
2021-01-15,Western Kentucky Hilltoppers,81.0,home,0.5236155544,0.6637465519,True,8.0,3.5
2021-01-15,Marshall Thundering Herd,73.0,away,0.4763844456,-0.6637465519,False,-8.0,-3.5
2021-01-15,Monmouth Hawks,92.0,home,0.8025748805,9.9243900426,True,12.0,8.5
2021-01-15,Quinnipiac Bobcats,80.0,away,0.1974251195,-9.9243900426,False,-12.0,-8.5
2021-01-15,South Carolina Upstate Spartans,74.0,home,0.4599045304,-1.0829640274,False,-10.0,4.5
2021-01-15,Hampton Pirates,84.0,away,0.5400954696,1.0829640274,True,10.0,-4.5
2021-01-15,Marist Red Foxes,73.0,home,0.7435349389,6.5206829041,True,10.0,4.5
2021-01-15,Fairfield Stags,63.0,away,0.2564650611,-6.5206829041,False,-10.0,-4.5
2021-01-15,Maryland Terrapins,100.0,home,0.0,0.0,True,42.0,0.0
2021-01-15,Wingate Bulldogs,58.0,away,0.0,0.0,False,-42.0,0.0
2021-01-15,Manhattan Jaspers,58.0,home,0.4173172298,-2.0143425244,True,9.0,-2.5
2021-01-15,Niagara Purple Eagles,49.0,away,0.5826827702,2.0143425244,False,-9.0,2.5
2021-01-15,Georgia Southern Eagles,67.0,home,0.6314946301,3.3651594738,True,3.0,7.5
2021-01-15,Troy Trojans,64.0,away,0.3685053699,-3.3651594738,False,-3.0,-7.5
2021-01-15,Northern Kentucky Norse,69.0,home,0.6934182498,5.5642642941,False,-5.0,7.5
2021-01-15,IU Indianapolis Jaguars,74.0,away,0.3065817502,-5.5642642941,True,5.0,-7.5
2021-01-15,Saint Francis Red Flash,63.0,home,0.4241629621,-2.3553482713,False,-9.0,-6.5
2021-01-15,Bryant Bulldogs,72.0,away,0.5758370379,2.3553482713,True,9.0,6.5
2021-01-16,Rutgers Scarlet Knights,54.0,home,0.4123358679,-2.1981747511,False,-6.0,-2.5
2021-01-16,Wisconsin Badgers,60.0,away,0.5876641321,2.1981747511,True,6.0,2.5
2021-01-15,Mount St. Mary's Mountaineers,63.0,home,0.63569645,3.3480499014,True,11.0,3.5
2021-01-15,Merrimack Warriors,52.0,away,0.36430355,-3.3480499014,False,-11.0,-3.5
2021-01-15,Kennesaw State Owls,43.0,home,0.2648408658,-6.8359869094,False,-23.0,-4.5
2021-01-15,North Alabama Lions,66.0,away,0.7351591342,6.8359869094,True,23.0,4.5
2021-01-15,Charlotte 49ers,37.0,home,0.2891764719,-5.5164677345,False,-24.0,2.5
2021-01-15,UAB Blazers,61.0,away,0.7108235281,5.5164677345,True,24.0,-2.5
2021-01-15,UNC Asheville Bulldogs,83.0,home,0.8893218688000001,13.9346834784,True,8.0,13.5
2021-01-15,Charleston Southern Buccaneers,75.0,away,0.1106781312,-13.9346834784,False,-8.0,-13.5
2021-01-15,Rice Owls,69.0,home,0.5283320264,0.7290903142,True,10.0,-2.5
2021-01-15,Old Dominion Monarchs,59.0,away,0.4716679736,-0.7290903142,False,-10.0,2.5
2021-01-16,UT Rio Grande Valley Vaqueros,82.0,home,0.8140223524,10.4934629461,True,33.0,6.5
2021-01-16,Utah Tech Trailblazers,49.0,away,0.1859776476,-10.4934629461,False,-33.0,-6.5
2021-01-16,Arkansas State Red Wolves,74.0,home,0.6498546687,3.893167552,True,2.0,1.5
2021-01-16,UL Monroe Warhawks,72.0,away,0.3501453313,-3.893167552,False,-2.0,-1.5
2021-01-16,Rider Broncs,69.0,home,0.265780973,-5.6009149382,False,-9.0,-5.5
2021-01-16,Siena Saints,78.0,away,0.7342190270000001,5.6009149382,True,9.0,5.5
2021-01-16,Lipscomb Bisons,84.0,home,0.7137457184,5.7749830554,True,12.0,7.5
2021-01-16,North Florida Ospreys,72.0,away,0.2862542816,-5.7749830554,False,-12.0,-7.5
2021-01-16,Milwaukee Panthers,72.0,home,0.6730563973,4.6765839877,False,-9.0,3.5
2021-01-16,Purdue Fort Wayne Mastodons,81.0,away,0.3269436026999999,-4.6765839877,True,9.0,-3.5
2021-01-16,Campbell Fighting Camels,73.0,home,0.8437182787,10.3932821979,True,22.0,7.5
2021-01-16,Presbyterian Blue Hose,51.0,away,0.1562817213,-10.3932821979,False,-22.0,-7.5
2021-01-16,Florida Gulf Coast Eagles,60.0,home,0.8161812467,9.0662145858,False,-14.0,2.5
2021-01-16,Bellarmine Knights,74.0,away,0.1838187533,-9.0662145858,True,14.0,-2.5
2021-01-16,Stetson Hatters,65.0,home,0.1302287855,-11.151054832,True,6.0,-7.5
2021-01-16,Liberty Flames,59.0,away,0.8697712145,11.151054832,False,-6.0,7.5
2021-01-16,Detroit Mercy Titans,86.0,home,0.8026578018000001,9.1335969458,True,25.0,5.5
2021-01-16,Green Bay Phoenix,61.0,away,0.1973421981999999,-9.1335969458,False,-25.0,-5.5
2021-01-16,Southern Miss Golden Eagles,84.0,home,0.4956196941,-0.1093440326,True,30.0,2.5
2021-01-16,Middle Tennessee Blue Raiders,54.0,away,0.5043803059,0.1093440326,False,-30.0,-2.5
2021-01-16,Louisiana Tech Bulldogs,77.0,home,0.8910327135,14.5208082827,True,11.0,7.5
2021-01-16,UTSA Roadrunners,66.0,away,0.1089672865,-14.5208082827,False,-11.0,-7.5
2021-01-16,Oakland Golden Grizzlies,82.0,home,0.3952514947999999,-2.6694557866,True,17.0,3.5
2021-01-16,Youngstown State Penguins,65.0,away,0.6047485052,2.6694557866,False,-17.0,-3.5
2021-01-16,North Texas Mean Green,63.0,home,0.7677000595999999,7.4711871238,True,30.0,7.5
2021-01-16,UTEP Miners,33.0,away,0.2322999404,-7.4711871238,False,-30.0,-7.5
2021-01-16,Little Rock Trojans,59.0,home,0.7129752483,5.5908594145,False,-4.0,3.5
2021-01-16,Texas State Bobcats,63.0,away,0.2870247517,-5.5908594145,True,4.0,-3.5
2021-01-16,UIC Flames,67.0,home,0.5199910184,0.5278842413,True,14.0,3.5
2021-01-16,Robert Morris Colonials,53.0,away,0.4800089816,-0.5278842413,False,-14.0,-3.5
2021-01-16,Wright State Raiders,64.0,home,0.8290415938,10.4923931964,False,-2.0,9.5
2021-01-16,Cleveland State Vikings,66.0,away,0.1709584062,-10.4923931964,True,2.0,-9.5
2021-01-16,South Alabama Jaguars,73.0,home,0.5145597213,0.3474900385,True,9.0,1.5
2021-01-16,App State Mountaineers,64.0,away,0.4854402787,-0.3474900385,False,-9.0,-1.5
2021-01-16,Cal Poly Mustangs,51.0,home,0.2562152289,-6.6698389084,False,-35.0,-8.5
2021-01-16,UC Riverside Highlanders,86.0,away,0.7437847711,6.6698389084,True,35.0,8.5
2021-01-16,Buffalo Bulls,69.0,home,0.6309084518,3.861226555,False,-7.0,4.5
2021-01-16,Bowling Green Falcons,76.0,away,0.3690915481999999,-3.861226555,True,7.0,-4.5
2021-01-16,UT Arlington Mavericks,91.0,home,0.7743334031000001,8.8933301707,True,5.0,2.5
2021-01-16,Louisiana Ragin' Cajuns,86.0,away,0.2256665969,-8.8933301707,False,-5.0,-2.5
2021-01-16,North Dakota Fighting Hawks,45.0,home,0.3143903619,-4.7567691306,False,-17.0,-5.5
2021-01-16,North Dakota State Bison,62.0,away,0.6856096381000001,4.7567691306,True,17.0,5.5
2021-01-16,Grand Canyon Lopes,121.0,home,0.9975868286,39.825260491,True,59.0,0.0
2021-01-16,Bethesda University Flames,62.0,away,0.0024131714,-39.825260491,False,-59.0,0.0
2021-01-16,UC Santa Barbara Gauchos,69.0,home,0.9365971492,16.9078645507,True,17.0,10.5
2021-01-16,UC San Diego Tritons,52.0,away,0.0634028508,-16.9078645507,False,-17.0,-10.5
2021-01-16,Nevada Wolf Pack,73.0,home,0.7176166224,5.9875810366,True,16.0,5.5
2021-01-16,Fresno State Bulldogs,57.0,away,0.2823833776,-5.9875810366,False,-16.0,-5.5
2021-01-16,Hawai'i Rainbow Warriors,55.0,home,0.3700440289,-3.3658066096,False,-5.0,2.5
2021-01-16,Cal State Bakersfield Roadrunners,60.0,away,0.6299559711,3.3658066096,True,5.0,-2.5
2021-01-16,California Baptist Lancers,83.0,home,0.8136783393,9.9351527296,True,9.0,5.5
2021-01-16,Tarleton State Texans,74.0,away,0.1863216607,-9.9351527296,False,-9.0,-5.5
2021-01-16,Seattle U Redhawks,92.0,home,0.7582204522000001,7.3526349468,False,-1.0,1.5
2021-01-16,Utah Valley Wolverines,93.0,away,0.2417795478,-7.3526349468,True,1.0,-1.5
2021-01-20,Florida Gators,75.0,home,0.3420025262,-4.2350047382,True,26.0,-8.5
2021-01-20,Tennessee Volunteers,49.0,away,0.6579974738,4.2350047382,False,-26.0,8.5
2021-01-20,Michigan Wolverines,87.0,home,0.8022638141,8.7908022108,True,24.0,10.5
2021-01-20,Maryland Terrapins,63.0,away,0.1977361859,-8.7908022108,False,-24.0,-10.5
2021-01-20,DePaul Blue Demons,53.0,home,0.6210038804,3.445138721,False,-14.0,2.5
2021-01-20,Butler Bulldogs,67.0,away,0.3789961196,-3.445138721,True,14.0,-2.5
2021-01-19,Ohio State Buckeyes,65.0,home,0.6922117502999999,4.9980124447,False,-2.0,5.5
2021-01-19,Purdue Boilermakers,67.0,away,0.3077882497,-4.9980124447,True,2.0,-5.5
2021-01-20,Villanova Wildcats,76.0,home,0.8077467038,8.7297201827,True,2.0,9.5
2021-01-20,Seton Hall Pirates,74.0,away,0.1922532962,-8.7297201827,False,-2.0,-9.5
2021-01-20,Syracuse Orange,83.0,home,0.8092151742999999,10.47523239,True,26.0,4.5
2021-01-20,Miami Hurricanes,57.0,away,0.1907848257,-10.47523239,False,-26.0,-4.5
2021-01-19,Kent State Golden Flashes,84.0,home,0.5740555093,2.2633839916,True,3.0,3.5
2021-01-19,Buffalo Bulls,81.0,away,0.4259444907,-2.2633839916,False,-3.0,-3.5
2021-01-20,LSU Tigers,75.0,home,0.6477724331,4.3746217758,False,-30.0,-1.5
2021-01-20,Alabama Crimson Tide,105.0,away,0.3522275669,-4.3746217758,True,30.0,1.5
2021-01-20,Missouri Tigers,81.0,home,0.7268286691,7.016038507,True,11.0,5.5
2021-01-20,South Carolina Gamecocks,70.0,away,0.2731713309,-7.016038507,False,-11.0,-5.5
2021-01-20,Presbyterian Blue Hose,58.0,home,0.0639217555,-18.8291754053,False,-14.0,-16.5
2021-01-20,Winthrop Eagles,72.0,away,0.9360782445,18.8291754053,True,14.0,16.5
2021-01-20,Gardner-Webb Runnin' Bulldogs,75.0,home,0.5664928048,1.8836877976,False,-4.0,-1.5
2021-01-20,UNC Asheville Bulldogs,79.0,away,0.4335071952,-1.8836877976,True,4.0,1.5
2021-01-20,Miami (OH) RedHawks,81.0,home,0.3191499368,-4.6974473505,True,10.0,-3.5
2021-01-20,Ball State Cardinals,71.0,away,0.6808500631999999,4.6974473505,False,-10.0,3.5
2021-01-20,Campbell Fighting Camels,91.0,home,0.6725369854000001,4.6440859828,False,-6.0,-2.5
2021-01-20,Radford Highlanders,97.0,away,0.3274630146,-4.6440859828,True,6.0,2.5
2021-01-20,Illinois Fighting Illini,79.0,home,0.8211473038,10.3466866513,True,14.0,9.5
2021-01-20,Penn State Nittany Lions,65.0,away,0.1788526962,-10.3466866513,False,-14.0,-9.5
2021-01-20,Oregon State Beavers,58.0,home,0.2727854322,-6.654495331,True,2.0,-10.5
2021-01-20,USC Trojans,56.0,away,0.7272145678000002,6.654495331,False,-2.0,10.5
2021-01-19,Towson Tigers,78.0,home,0.497412233,-0.0683227672,True,4.0,-3.5
2021-01-19,UNC Wilmington Seahawks,74.0,away,0.502587767,0.0683227672,False,-4.0,3.5
2021-01-19,Oklahoma Sooners,76.0,home,0.9351482089999998,17.4688636993,True,26.0,13.5
2021-01-19,Kansas State Wildcats,50.0,away,0.064851791,-17.4688636993,False,-26.0,-13.5
2021-01-19,Longwood Lancers,75.0,home,0.4102289097,-2.2516973037,True,21.0,-1.5
2021-01-19,High Point Panthers,54.0,away,0.5897710903,2.2516973037,False,-21.0,1.5
2021-01-20,Toledo Rockets,89.0,home,0.8989879347,14.9796933625,True,17.0,13.5
2021-01-20,Central Michigan Chippewas,72.0,away,0.1010120653,-14.9796933625,False,-17.0,-13.5
2021-01-20,Tennessee State Tigers,59.0,home,0.6084574757,2.945190807,False,-4.0,3.5
2021-01-20,Southeast Missouri State Redhawks,63.0,away,0.3915425242999999,-2.945190807,True,4.0,-3.5
2021-01-20,Bowling Green Falcons,57.0,home,0.6543331495,4.2728523987,False,-12.0,5.5
2021-01-20,Akron Zips,69.0,away,0.3456668505,-4.2728523987,True,12.0,-5.5
2021-01-20,Pittsburgh Panthers,79.0,home,0.5003131334,0.0082366181,True,6.0,-4.5
2021-01-20,Duke Blue Devils,73.0,away,0.4996868666,-0.0082366181,False,-6.0,4.5
2021-01-20,Mississippi State Bulldogs,46.0,home,0.561395688,1.5101562049,False,-18.0,1.5
2021-01-20,Ole Miss Rebels,64.0,away,0.438604312,-1.5101562049,True,18.0,-1.5
2021-01-20,Loyola Marymount Lions,72.0,home,0.8048712784,9.490539131,True,3.0,9.5
2021-01-20,San Diego Toreros,69.0,away,0.1951287216,-9.490539131,False,-3.0,-9.5
2021-01-20,Utah State Aggies,83.0,home,0.6815655751,5.0978749216,True,19.0,8.5
2021-01-20,Colorado State Rams,64.0,away,0.3184344249,-5.0978749216,False,-19.0,-8.5
2021-01-20,The Citadel Bulldogs,63.0,home,0.4482126104999999,-1.5167509581,False,-20.0,-8.5
2021-01-20,Mercer Bears,83.0,away,0.5517873895,1.5167509581,True,20.0,8.5
2021-01-20,St. Bonaventure Bonnies,70.0,home,0.6214994598,3.3141043285,True,16.0,2.5
2021-01-20,VCU Rams,54.0,away,0.3785005402,-3.3141043285,False,-16.0,-2.5
2021-01-20,Longwood Lancers,67.0,home,0.5044298482,0.1098947499,True,13.0,-1.5
2021-01-20,High Point Panthers,54.0,away,0.4955701518,-0.1098947499,False,-13.0,1.5
2021-01-21,VMI Keydets,74.0,home,0.1786400722,-10.3985098763,True,1.0,-11.5
2021-01-21,Furman Paladins,73.0,away,0.8213599278,10.3985098763,False,-1.0,11.5
2021-01-21,North Carolina Tar Heels,80.0,home,0.846427204,11.4245174325,True,7.0,11.5
2021-01-21,Wake Forest Demon Deacons,73.0,away,0.153572796,-11.4245174325,False,-7.0,-11.5
2021-01-20,Duquesne Dukes,71.0,home,0.4688789159,-0.8234547952,True,2.0,-4.5
2021-01-20,Rhode Island Rams,69.0,away,0.5311210841,0.8234547952,False,-2.0,4.5
2021-01-21,Gardner-Webb Runnin' Bulldogs,84.0,home,0.5211149251,0.5627955502,True,27.0,1.5
2021-01-21,UNC Asheville Bulldogs,57.0,away,0.4788850748999999,-0.5627955502,False,-27.0,-1.5
2021-01-21,Georgia Bulldogs,63.0,home,0.4460154560999999,-1.520099689,True,1.0,-3.5
2021-01-21,Kentucky Wildcats,62.0,away,0.5539845439,1.520099689,False,-1.0,3.5
2021-01-20,Presbyterian Blue Hose,66.0,home,0.0602203008,-19.0961683412,False,-12.0,-16.5
2021-01-20,Winthrop Eagles,78.0,away,0.9397796992,19.0961683412,True,12.0,16.5
2021-01-21,Houston Cougars,86.0,home,0.8932002399,12.7169261281,True,27.0,12.5
2021-01-21,Tulsa Golden Hurricane,59.0,away,0.1067997601,-12.7169261281,False,-27.0,-12.5
2021-01-21,Stephen F. Austin Lumberjacks,86.0,home,0.8391952802999999,11.5397466316,True,12.0,16.5
2021-01-21,Northwestern State Demons,74.0,away,0.1608047197,-11.5397466316,False,-12.0,-16.5
2021-01-21,George Mason Patriots,87.0,home,0.7549124491000001,7.7925366984,True,2.0,8.5
2021-01-21,Saint Joseph's Hawks,85.0,away,0.2450875509,-7.7925366984,False,-2.0,-8.5
2021-01-20,Western Carolina Catamounts,48.0,home,0.6048968254,2.8028303705,False,-11.0,-1.5
2021-01-20,East Tennessee State Buccaneers,59.0,away,0.3951031745999999,-2.8028303705,True,11.0,1.5
2021-01-21,Valparaiso Beacons,39.0,home,0.080746113,-15.0801691951,False,-36.0,-11.5
2021-01-21,Loyola Chicago Ramblers,75.0,away,0.919253887,15.0801691951,True,36.0,11.5
2021-01-21,Wisconsin Badgers,68.0,home,0.8207611682,9.3983860675,True,16.0,11.5
2021-01-21,Northwestern Wildcats,52.0,away,0.1792388318,-9.3983860675,False,-16.0,-11.5
2021-01-21,Creighton Bluejays,70.0,home,0.8432172285,11.0107904615,False,-4.0,10.5
2021-01-21,Providence Friars,74.0,away,0.1567827715,-11.0107904615,True,4.0,-10.5
2021-01-20,Davidson Wildcats,73.0,home,0.9716060951,19.5359716708,True,15.0,18.5
2021-01-20,Fordham Rams,58.0,away,0.0283939049,-19.5359716708,False,-15.0,-18.5
2021-01-21,McNeese Cowboys,88.0,home,0.7556746096000001,7.7521997083,False,-4.0,2.5
2021-01-21,SE Louisiana Lions,92.0,away,0.2443253904,-7.7521997083,True,4.0,-2.5
2021-01-21,Campbell Fighting Camels,61.0,home,0.6071605275,2.6006979151,False,-6.0,-2.5
2021-01-21,Radford Highlanders,67.0,away,0.3928394725,-2.6006979151,True,6.0,2.5
2021-01-21,Georgia Tech Yellow Jackets,83.0,home,0.4122028391,-2.1770391411,True,18.0,-1.5
2021-01-21,Clemson Tigers,65.0,away,0.5877971609,2.1770391411,False,-18.0,1.5
2021-01-21,Houston Christian Huskies,83.0,home,0.2138777489,-9.0525284152,False,-9.0,-9.5
2021-01-21,Nicholls Colonels,92.0,away,0.7861222511,9.0525284152,True,9.0,9.5
2021-01-21,New Orleans Privateers,87.0,home,0.7185737803,6.2479847399,True,19.0,4.5
2021-01-21,Texas A&M-Corpus Christi Islanders,68.0,away,0.2814262197,-6.2479847399,False,-19.0,-4.5
2021-01-21,Samford Bulldogs,64.0,home,0.4400880815,-1.6781592498,False,-6.0,-2.5
2021-01-21,Chattanooga Mocs,70.0,away,0.5599119185,1.6781592498,True,6.0,2.5
2021-01-21,Illinois State Redbirds,71.0,home,0.1352666269,-12.5314293138,True,15.0,-8.5
2021-01-21,Bradley Braves,56.0,away,0.8647333731000001,12.5314293138,False,-15.0,8.5
2021-01-21,Washington Huskies,84.0,home,0.1302655666,-12.6623852234,True,4.0,-12.5
2021-01-21,Colorado Buffaloes,80.0,away,0.8697344334,12.6623852234,False,-4.0,12.5
2021-01-21,Arkansas Razorbacks,75.0,home,0.7947929998,9.7140628539,True,2.0,5.5
2021-01-21,Auburn Tigers,73.0,away,0.2052070002,-9.7140628539,False,-2.0,-5.5
2021-01-21,Boise State Broncos,73.0,home,0.9306562927,16.5508502478,True,22.0,14.5
2021-01-21,Fresno State Bulldogs,51.0,away,0.0693437073,-16.5508502478,False,-22.0,-14.5
2021-01-21,California Baptist Lancers,89.0,home,0.9904253439,32.1660005985,True,52.0,0.0
2021-01-21,San Diego Christian Hawks,37.0,away,0.0095746561,-32.1660005985,False,-52.0,0.0
2021-01-21,Sam Houston Bearkats,64.0,home,0.4130251811,-2.4625358533,True,7.0,-3.5
2021-01-21,Abilene Christian Wildcats,57.0,away,0.5869748189,2.4625358533,False,-7.0,3.5
2021-01-21,Morgan State Bears,99.0,home,0.0,0.0,True,58.0,0.0
2021-01-21,St. Mary's (MD) Seahawks,41.0,away,0.0,0.0,False,-58.0,0.0
2021-01-22,California Golden Bears,57.0,home,0.2261974262,-7.2924447482,False,-4.0,-8.5
2021-01-22,UCLA Bruins,61.0,away,0.7738025737999998,7.2924447482,True,4.0,8.5
2021-01-22,Belmont Bruins,79.0,home,0.7997088398,9.672759643,True,13.0,11.5
2021-01-22,Eastern Illinois Panthers,66.0,away,0.2002911602,-9.672759643,False,-13.0,-11.5
2021-01-22,Morehead State Eagles,76.0,home,0.7544130066,6.8253426785,True,11.0,5.5
2021-01-22,Southeast Missouri State Redhawks,65.0,away,0.2455869934,-6.8253426785,False,-11.0,-5.5
2021-01-22,Iowa Hawkeyes,69.0,home,0.8503597535,11.4628387038,False,-12.0,10.5
2021-01-22,Indiana Hoosiers,81.0,away,0.1496402465,-11.4628387038,True,12.0,-10.5
2021-01-21,Akron Zips,81.0,home,0.8102879121,10.0768514019,True,14.0,10.5
2021-01-21,Central Michigan Chippewas,67.0,away,0.1897120879,-10.0768514019,False,-14.0,-10.5
2021-01-21,New Mexico Lobos,67.0,home,0.7911531188,9.1641597715,True,16.0,7.5
2021-01-21,San José State Spartans,51.0,away,0.2088468812,-9.1641597715,False,-16.0,-7.5
2021-01-22,Merrimack Warriors,62.0,home,0.5298037043,0.8068127585,True,11.0,3.5
2021-01-22,Fairleigh Dickinson Knights,51.0,away,0.4701962957,-0.8068127585,False,-11.0,-3.5
2021-01-22,Sacramento State Hornets,66.0,home,0.5207252597,0.4710094922,False,-12.0,-2.5
2021-01-22,Montana Grizzlies,78.0,away,0.4792747403,-0.4710094922,True,12.0,2.5
2021-01-22,Central Connecticut Blue Devils,57.0,home,0.3614374023,-3.5413827705,False,-10.0,-6.5
2021-01-22,Mount St. Mary's Mountaineers,67.0,away,0.6385625977,3.5413827705,True,10.0,6.5
2021-01-22,Sacred Heart Pioneers,58.0,home,0.53223658,0.8603065722,False,-18.0,1.5
2021-01-22,Saint Francis Red Flash,76.0,away,0.46776342,-0.8603065722,True,18.0,-1.5
2021-01-22,Eastern Kentucky Colonels,113.0,home,0.9504524418,21.587912169,True,40.0,12.5
2021-01-22,UT Martin Skyhawks,73.0,away,0.0495475582,-21.587912169,False,-40.0,-12.5
2021-01-21,Buffalo Bulls,92.0,home,0.8551128531,12.4778724013,True,15.0,10.5
2021-01-21,Eastern Michigan Eagles,77.0,away,0.1448871469,-12.4778724013,False,-15.0,-10.5
2021-01-22,Loyola Marymount Lions,61.0,home,0.5477353199,1.1450243348,False,-4.0,-2.5
2021-01-22,Saint Mary's Gaels,65.0,away,0.4522646801,-1.1450243348,True,4.0,2.5
2021-01-22,Murray State Racers,82.0,home,0.7779303103,8.1841588305,False,-3.0,7.5
2021-01-22,Jacksonville State Gamecocks,85.0,away,0.2220696897,-8.1841588305,True,3.0,-7.5
2021-01-21,Miami (OH) RedHawks,96.0,home,0.2760792582,-6.0644658484,True,19.0,-4.5
2021-01-21,Bowling Green Falcons,77.0,away,0.7239207418,6.0644658484,False,-19.0,4.5
2021-01-22,Northern Arizona Lumberjacks,51.0,home,0.3977122838,-2.6320342667,False,-11.0,-5.5
2021-01-22,Montana State Bobcats,62.0,away,0.6022877162,2.6320342667,True,11.0,5.5
2021-01-22,Penn State Nittany Lions,75.0,home,0.5676661524,1.8057982186,True,8.0,-2.5
2021-01-22,Rutgers Scarlet Knights,67.0,away,0.4323338476,-1.8057982186,False,-8.0,2.5
2021-01-22,UNLV Rebels,99.0,home,0.997908634,41.9931538468,True,54.0,0.0
2021-01-22,Benedict Tigers,45.0,away,0.002091366,-41.9931538468,False,-54.0,0.0
2021-01-22,Memphis Tigers,72.0,home,0.6986824072000001,5.7973673986,True,20.0,3.5
2021-01-22,Wichita State Shockers,52.0,away,0.3013175928,-5.7973673986,False,-20.0,-3.5
2021-01-22,Tennessee State Tigers,65.0,home,0.5690804622,1.8931809279,False,-2.0,3.5
2021-01-22,SIU Edwardsville Cougars,67.0,away,0.4309195378,-1.8931809279,True,2.0,-3.5
2021-01-22,Washington State Cougars,56.0,home,0.3843269060999999,-3.0342490563,False,-15.0,-2.5
2021-01-22,Utah Utes,71.0,away,0.6156730939,3.0342490563,True,15.0,2.5
2021-01-22,Utah State Aggies,76.0,home,0.7275385837999999,6.5562980225,False,-8.0,8.5
2021-01-22,Colorado State Rams,84.0,away,0.2724614162,-6.5562980225,True,8.0,-8.5
2021-01-22,Santa Clara Broncos,50.0,home,0.4474270478,-1.4511057407,False,-23.0,-3.5
2021-01-22,San Francisco Dons,73.0,away,0.5525729522,1.4511057407,True,23.0,3.5
2021-01-22,Austin Peay Governors,72.0,home,0.8530783602,11.586165344,True,3.0,11.5
2021-01-22,Tennessee Tech Golden Eagles,69.0,away,0.1469216398,-11.586165344,False,-3.0,-11.5
2021-01-22,Northern Colorado Bears,78.0,home,0.4102085964,-2.4316186176,True,2.0,-2.5
2021-01-22,Eastern Washington Eagles,76.0,away,0.5897914036,2.4316186176,False,-2.0,2.5
2021-01-22,Arizona State Sun Devils,82.0,home,0.3889468378,-3.2169801608,False,-2.0,-2.5
2021-01-22,Arizona Wildcats,84.0,away,0.6110531622,3.2169801608,True,2.0,2.5
2021-01-22,Pepperdine Waves,85.0,home,0.716815424,5.9485242938,True,17.0,2.5
2021-01-22,Pacific Tigers,68.0,away,0.283184576,-5.9485242938,False,-17.0,-2.5
2021-01-22,BYU Cougars,95.0,home,0.9816114793,27.3645363645,True,28.0,22.5
2021-01-22,Portland Pilots,67.0,away,0.0183885207,-27.3645363645,False,-28.0,-22.5
2021-01-22,Weber State Wildcats,91.0,home,0.5809939138,2.292771755,True,24.0,2.5
2021-01-22,Southern Utah Thunderbirds,67.0,away,0.4190060862,-2.292771755,False,-24.0,-2.5
2021-01-22,Portland State Vikings,57.0,home,0.437103106,-1.672464939,False,-7.0,3.5
2021-01-22,Idaho State Bengals,64.0,away,0.562896894,1.672464939,True,7.0,-3.5
2021-01-26,Virginia Cavaliers,81.0,home,0.7366704043,5.9790814994,True,23.0,7.5
2021-01-26,Syracuse Orange,58.0,away,0.2633295957,-5.9790814994,False,-23.0,-7.5
2021-01-26,West Virginia Mountaineers,88.0,home,0.4820265415,-0.4656727989,True,1.0,-1.5
2021-01-26,Texas Tech Red Raiders,87.0,away,0.5179734585,0.4656727989,False,-1.0,1.5
2021-01-25,UNC Asheville Bulldogs,63.0,home,0.6522935941,3.9243285921,False,-10.0,3.5
2021-01-25,Radford Highlanders,73.0,away,0.3477064059,-3.9243285921,True,10.0,-3.5
2021-01-25,High Point Panthers,56.0,home,0.8334687361,9.9197409057,False,-15.0,8.5
2021-01-25,Presbyterian Blue Hose,71.0,away,0.1665312639,-9.9197409057,True,15.0,-8.5
2021-01-26,Tarleton State Texans,113.0,home,0.0,0.0,True,60.0,0.0
2021-01-26,Howard Payne Yellow Jackets,53.0,away,0.0,0.0,False,-60.0,0.0
2021-01-26,Arkansas-Pine Bluff Golden Lions,56.0,home,0.2028259883,-9.239434872,False,-17.0,-9.5
2021-01-26,Prairie View A&M Panthers,73.0,away,0.7971740117,9.239434872,True,17.0,9.5
2021-01-26,Alabama State Hornets,66.0,home,0.1920811692,-9.3586606814,True,2.0,-8.5
2021-01-26,Southern Jaguars,64.0,away,0.8079188308,9.3586606814,False,-2.0,8.5
2021-01-26,Indiana State Sycamores,69.0,home,0.6968622531000002,5.386273158,True,3.0,5.5
2021-01-26,Southern Illinois Salukis,66.0,away,0.3031377469,-5.386273158,False,-3.0,-5.5
2021-01-26,Arizona Wildcats,80.0,home,0.7516724251,7.8829854675,True,13.0,4.5
2021-01-26,Arizona State Sun Devils,67.0,away,0.2483275749,-7.8829854675,False,-13.0,-4.5
2021-01-26,Bradley Braves,58.0,home,0.2751359794,-5.658923284,False,-7.0,-7.5
2021-01-26,Loyola Chicago Ramblers,65.0,away,0.7248640206,5.658923284,True,7.0,7.5
2021-01-26,UNLV Rebels,59.0,home,0.4447897471,-1.4099635772,True,3.0,-6.5
2021-01-26,Utah State Aggies,56.0,away,0.5552102529,1.4099635772,False,-3.0,6.5
2021-01-26,Northern Iowa Panthers,70.0,home,0.9971403342,42.3273194216,True,10.0,0.0
2021-01-26,Coe Kohawks,60.0,away,0.0028596658,-42.3273194216,False,-10.0,0.0
2021-01-26,Iowa State Cyclones,60.0,home,0.4504920335,-1.357605074,False,-21.0,-6.5
2021-01-26,Oklahoma State Cowboys,81.0,away,0.5495079665,1.357605074,True,21.0,6.5
2021-01-25,Gardner-Webb Runnin' Bulldogs,80.0,home,0.8991569344,14.1303587064,True,9.0,12.5
2021-01-25,Charleston Southern Buccaneers,71.0,away,0.1008430656,-14.1303587064,False,-9.0,-12.5
2021-01-25,New Mexico State Aggies,70.0,home,0.0,0.0,True,29.0,0.0
2021-01-25,Western New Mexico Mustangs,41.0,away,0.0,0.0,False,-29.0,0.0
2021-01-25,Portland Pilots,50.0,home,0.1253143699,-13.3597739209,False,-25.0,-10.5
2021-01-25,Loyola Marymount Lions,75.0,away,0.8746856301,13.3597739209,True,25.0,10.5
2021-01-10,Portland Pilots,88.0,home,0.0150468855,-30.7825429393,False,-28.0,-32.5
2021-01-10,Gonzaga Bulldogs,116.0,away,0.9849531145,30.7825429393,True,28.0,32.5
2021-01-09,Kansas Jayhawks,63.0,home,0.6675046568999999,4.5779196178,True,4.0,7.0
2021-01-09,Oklahoma Sooners,59.0,away,0.3324953431,-4.5779196178,False,-4.0,-7.0
2021-01-09,Boston College Eagles,49.0,home,0.1884963819,-8.6759981863,False,-12.0,-9.0
2021-01-09,Virginia Cavaliers,61.0,away,0.8115036181,8.6759981863,True,12.0,9.0
2021-01-09,Iowa State Cyclones,64.0,home,0.2609531049,-6.6130622545,False,-27.0,-8.5
2021-01-09,Texas Tech Red Raiders,91.0,away,0.7390468951,6.6130622545,True,27.0,8.5
2021-01-09,Creighton Bluejays,97.0,home,0.8752573119,14.377813056,True,18.0,11.5
2021-01-09,St. John's Red Storm,79.0,away,0.1247426881,-14.377813056,False,-18.0,-11.5
2021-01-09,TCU Horned Frogs,49.0,home,0.1141685222,-13.2980551553,False,-18.0,-12.5
2021-01-09,Baylor Bears,67.0,away,0.8858314778,13.2980551553,True,18.0,12.5
2021-01-09,UMass Lowell River Hawks,71.0,home,0.587270754,2.2512792854,True,9.0,2.5
2021-01-09,Hartford Hawks,62.0,away,0.4127292459999999,-2.2512792854,False,-9.0,-2.5
2021-01-09,Northeastern Huskies,67.0,home,0.3789305632,-3.2209597278,True,11.0,-2.0
2021-01-09,Hofstra Pride,56.0,away,0.6210694368,3.2209597278,False,-11.0,2.0
2021-01-09,Rutgers Scarlet Knights,68.0,home,0.4764296675,-0.6053625066,False,-11.0,4.0
2021-01-09,Ohio State Buckeyes,79.0,away,0.5235703325,0.6053625066,True,11.0,-4.0
2021-01-09,East Carolina Pirates,63.0,home,0.5938787561,2.4231312275,False,-6.0,-0.0
2021-01-09,South Florida Bulls,69.0,away,0.4061212439,-2.4231312275,True,6.0,0.0
2021-01-09,Milwaukee Panthers,71.0,home,0.7974891858,9.5867485999,True,8.0,7.0
2021-01-09,IU Indianapolis Jaguars,63.0,away,0.2025108141999999,-9.5867485999,False,-8.0,-7.0
2021-01-09,Houston Cougars,71.0,home,0.9538841373,18.5742528875,True,21.0,17.5
2021-01-09,Tulane Green Wave,50.0,away,0.0461158627,-18.5742528875,False,-21.0,-17.5
2021-01-09,Texas A&M Aggies,54.0,home,0.1764962665999999,-9.3976746318,False,-14.0,-10.5
2021-01-09,Tennessee Volunteers,68.0,away,0.8235037334,9.3976746318,True,14.0,10.5
2021-01-09,Auburn Tigers,90.0,home,0.3615805812,-4.0118467165,False,-4.0,-4.5
2021-01-09,Alabama Crimson Tide,94.0,away,0.6384194188,4.0118467165,True,4.0,4.5
2021-01-10,Utah Utes,73.0,home,0.3895678566,-2.8936377411,False,-6.0,-2.0
2021-01-10,Oregon Ducks,79.0,away,0.6104321434,2.8936377411,True,6.0,2.0
2021-01-09,West Virginia Mountaineers,70.0,home,0.5759296747,2.0213011631,False,-2.0,1.5
2021-01-09,Texas Longhorns,72.0,away,0.4240703253,-2.0213011631,True,2.0,-1.5
2021-01-09,Winthrop Eagles,75.0,home,0.8191934172,11.0058450225,True,10.0,12.5
2021-01-09,Gardner-Webb Runnin' Bulldogs,65.0,away,0.1808065828,-11.0058450225,False,-10.0,-12.5
2021-01-09,Duke Blue Devils,79.0,home,0.7933562129,8.9109438031,True,11.0,13.5
2021-01-09,Wake Forest Demon Deacons,68.0,away,0.2066437871,-8.9109438031,False,-11.0,-13.5
2021-01-09,George Mason Patriots,57.0,home,0.2275597263,-7.5200295731,False,-20.0,-5.0
2021-01-09,Richmond Spiders,77.0,away,0.7724402737,7.5200295731,True,20.0,5.0
2021-01-09,NC State Wolfpack,59.0,home,0.8059085242999999,9.8095679153,False,-5.0,6.5
2021-01-09,Miami Hurricanes,64.0,away,0.1940914757,-9.8095679153,True,5.0,-6.5
2021-01-09,The Citadel Bulldogs,92.0,home,0.4589142479,-1.1165673221,True,5.0,-6.0
2021-01-09,Chattanooga Mocs,87.0,away,0.5410857521,1.1165673221,False,-5.0,6.0
2021-01-09,Vanderbilt Commodores,81.0,home,0.343449896,-3.9184257466,False,-3.0,-3.5
2021-01-09,Mississippi State Bulldogs,84.0,away,0.6565501040000001,3.9184257466,True,3.0,3.5
2021-01-09,Eastern Michigan Eagles,71.0,home,0.3518269879,-4.1554142695,True,12.0,-6.0
2021-01-09,Akron Zips,59.0,away,0.6481730121,4.1554142695,False,-12.0,6.0
2021-01-09,Lehigh Mountain Hawks,61.0,home,0.2707652168,-6.4422567786,False,-8.0,-3.0
2021-01-09,Navy Midshipmen,69.0,away,0.7292347832,6.4422567786,True,8.0,3.0
2021-01-09,Miami (OH) RedHawks,70.0,home,0.7231775966,5.5117408327,True,12.0,7.0
2021-01-09,Northern Illinois Huskies,58.0,away,0.2768224034,-5.5117408327,False,-12.0,-7.0
2021-01-09,Charleston Cougars,61.0,home,0.575427045,1.7886872507,True,1.0,2.0
2021-01-09,Drexel Dragons,60.0,away,0.424572955,-1.7886872507,False,-1.0,-2.0
2021-01-09,Monmouth Hawks,80.0,home,0.6478806604999999,4.3626340683,True,16.0,8.0
2021-01-09,Marist Red Foxes,64.0,away,0.3521193395,-4.3626340683,False,-16.0,-8.0
2021-01-09,Norfolk State Spartans,74.0,home,0.6264767019,3.5420916543,False,-4.0,4.0
2021-01-09,Morgan State Bears,78.0,away,0.3735232981,-3.5420916543,True,4.0,-4.0
2021-01-09,Duquesne Dukes,48.0,home,0.9422398918,17.0758225078,True,3.0,14.0
2021-01-09,Fordham Rams,45.0,away,0.0577601082,-17.0758225078,False,-3.0,-14.0
2021-01-09,Valparaiso Beacons,68.0,home,0.4022833708,-2.6947927096,False,-13.0,-3.5
2021-01-09,Missouri State Bears,81.0,away,0.5977166292,2.6947927096,True,13.0,3.5
2021-01-09,VCU Rams,68.0,home,0.6195058822,3.3927034869,False,-15.0,6.0
2021-01-09,Rhode Island Rams,83.0,away,0.3804941178,-3.3927034869,True,15.0,-6.0
2021-01-09,New Hampshire Wildcats,54.0,home,0.4484126875000001,-1.3890158517,False,-15.0,1.0
2021-01-09,UMBC Retrievers,69.0,away,0.5515873125,1.3890158517,True,15.0,-1.0
2021-01-09,Northern Colorado Bears,74.0,home,0.4950237414,-0.1331070108,False,-2.0,3.0
2021-01-09,Montana State Bobcats,76.0,away,0.5049762586,0.1331070108,True,2.0,-3.0
2021-01-09,DePaul Blue Demons,68.0,home,0.3648974703,-3.837100468,False,-8.0,-3.5
2021-01-09,Seton Hall Pirates,76.0,away,0.6351025297,3.837100468,True,8.0,3.5
2021-01-09,Evansville Purple Aces,57.0,home,0.5191433904,0.511579475,True,9.0,5.0
2021-01-09,Illinois State Redbirds,48.0,away,0.4808566096,-0.511579475,False,-9.0,-5.0
2021-01-09,Northern Arizona Lumberjacks,70.0,home,0.4560505748,-1.0298421336,False,-6.0,-1.0
2021-01-09,Idaho State Bengals,76.0,away,0.5439494252,1.0298421336,True,6.0,1.0
2021-01-09,William & Mary Tribe,67.0,home,0.4772641758,-0.5659746675,True,5.0,1.0
2021-01-09,Delaware Blue Hens,62.0,away,0.5227358242,0.5659746675,False,-5.0,-1.0
2021-01-09,Binghamton Bearcats,60.0,home,0.2173880393,-7.9175554473,False,-16.0,-11.0
2021-01-09,Vermont Catamounts,76.0,away,0.7826119607000002,7.9175554473,True,16.0,11.0
2021-01-09,NJIT Highlanders,63.0,home,0.8153847245999999,9.1200480912,True,9.0,9.5
2021-01-09,Maine Black Bears,54.0,away,0.1846152754,-9.1200480912,False,-9.0,-9.5
2021-01-09,Southern Utah Thunderbirds,83.0,home,0.9208592118,16.8072829107,True,16.0,14.0
2021-01-09,Idaho Vandals,67.0,away,0.0791407882,-16.8072829107,False,-16.0,-14.0
2021-01-09,Holy Cross Crusaders,68.0,home,0.3301640944999999,-4.7264749421,False,-15.0,-6.0
2021-01-09,Army Black Knights,83.0,away,0.6698359055,4.7264749421,True,15.0,6.0
2021-01-09,California Golden Bears,84.0,home,0.6643535932,4.4091414783,True,6.0,2.5
2021-01-09,Washington Huskies,78.0,away,0.3356464068,-4.4091414783,False,-6.0,-2.5
2021-01-09,Portland State Vikings,72.0,home,0.9844160174,30.6447973644,False,-3.0,0.0
2021-01-09,Northwest Nazarene Nw Nazarene,75.0,away,0.0155839826,-30.6447973644,True,3.0,0.0
2021-01-09,Hampton Pirates,73.0,home,0.3622765383,-3.928178156,True,2.0,-3.5
2021-01-09,UNC Asheville Bulldogs,71.0,away,0.6377234617,3.928178156,False,-2.0,3.5
2021-01-09,Wright State Raiders,93.0,home,0.8128511187,9.5945488839,True,38.0,11.0
2021-01-09,Youngstown State Penguins,55.0,away,0.1871488813,-9.5945488839,False,-38.0,-11.0
2021-01-09,Butler Bulldogs,60.0,home,0.3520459575,-3.6026057179,False,-12.0,-0.0
2021-01-09,UConn Huskies,72.0,away,0.6479540425,3.6026057179,True,12.0,0.0
2021-01-09,Montana Grizzlies,84.0,home,0.9953314454,35.9122695453,True,17.0,0.0
2021-01-09,Whitworth Pirates,67.0,away,0.0046685546,-35.9122695453,False,-17.0,0.0
2021-01-09,Fairfield Stags,58.0,home,0.2635733815,-6.2477023764,False,-16.0,-9.5
2021-01-09,Siena Saints,74.0,away,0.7364266184999999,6.2477023764,True,16.0,9.5
2021-01-09,Coastal Carolina Chanticleers,83.0,home,0.6974055846999999,5.4106984965,True,14.0,5.0
2021-01-09,South Alabama Jaguars,69.0,away,0.3025944153,-5.4106984965,False,-14.0,-5.0
2021-01-09,Arkansas Razorbacks,99.0,home,0.8127514296,10.917410557,True,30.0,9.0
2021-01-09,Georgia Bulldogs,69.0,away,0.1872485704,-10.917410557,False,-30.0,-9.0
2021-01-09,Lamar Cardinals,71.0,home,0.6639031743,4.8008195858,True,6.0,7.0
2021-01-09,Houston Christian Huskies,65.0,away,0.3360968257,-4.8008195858,False,-6.0,-7.0
2021-01-09,Niagara Purple Eagles,66.0,home,0.7370735384,6.1436259115,True,11.0,6.0
2021-01-09,Rider Broncs,55.0,away,0.2629264616,-6.1436259115,False,-11.0,-6.0
2021-01-09,Massachusetts Minutemen,83.0,home,0.6602582075,4.6206833621,True,16.0,6.0
2021-01-09,La Salle Explorers,67.0,away,0.3397417925,-4.6206833621,False,-16.0,-6.0
2021-01-09,Morehead State Eagles,56.0,home,0.4415999699,-1.3746564631,True,1.0,-3.0
2021-01-09,Jacksonville State Gamecocks,55.0,away,0.5584000301,1.3746564631,False,-1.0,3.0
2021-01-09,Colorado State Rams,83.0,home,0.7428749398,7.1409266792,True,3.0,7.0
2021-01-09,UNLV Rebels,80.0,away,0.2571250602,-7.1409266792,False,-3.0,-7.0
2021-01-09,Quinnipiac Bobcats,42.0,home,0.5291831656,0.7622069249,False,-3.0,2.5
2021-01-09,Manhattan Jaspers,45.0,away,0.4708168344,-0.7622069249,True,3.0,-2.5
2021-01-09,Bucknell Bison,60.0,home,0.5930894892,2.5692406137,False,-23.0,2.5
2021-01-09,Lafayette Leopards,83.0,away,0.4069105108,-2.5692406137,True,23.0,-2.5
2021-01-09,App State Mountaineers,77.0,home,0.7493317821,6.6461034336,True,6.0,1.5
2021-01-09,Georgia Southern Eagles,71.0,away,0.2506682179,-6.6461034336,False,-6.0,-1.5
2021-01-09,UTSA Roadrunners,77.0,home,0.145821675,-11.7302680998,True,8.0,-5.5
2021-01-09,North Texas Mean Green,69.0,away,0.854178325,11.7302680998,False,-8.0,5.5
2021-01-09,Kent State Golden Flashes,80.0,home,0.7168409844,5.9502625842,True,26.0,11.5
2021-01-09,Western Michigan Broncos,54.0,away,0.2831590156,-5.9502625842,False,-26.0,-11.5
2021-01-09,Central Michigan Chippewas,65.0,home,0.3668795032,-3.8498060867,False,-28.0,-6.5
2021-01-09,Bowling Green Falcons,93.0,away,0.6331204968,3.8498060867,True,28.0,6.5
2021-01-09,Charleston Southern Buccaneers,64.0,home,0.520530603,0.4937204378,False,-15.0,-2.5
2021-01-09,Radford Highlanders,79.0,away,0.479469397,-0.4937204378,True,15.0,2.5
2021-01-09,Liberty Flames,76.0,home,0.9518479136,17.4735578105,True,29.0,18.0
2021-01-09,Kennesaw State Owls,47.0,away,0.0481520863999999,-17.4735578105,False,-29.0,-18.0
2021-01-09,Purdue Fort Wayne Mastodons,88.0,home,0.5965068049,2.6378327328,True,33.0,-0.0
2021-01-09,UIC Flames,55.0,away,0.4034931951,-2.6378327328,False,-33.0,0.0
2021-01-09,Stanford Cardinal,75.0,home,0.7835827573,8.7464832035,True,15.0,7.0
2021-01-09,Washington State Cougars,60.0,away,0.2164172427,-8.7464832035,False,-15.0,-7.0
2021-01-09,Belmont Bruins,89.0,home,0.9488431686,19.6445769351,True,20.0,19.0
2021-01-09,UT Martin Skyhawks,69.0,away,0.0511568314,-19.6445769351,False,-20.0,-19.0
2021-01-09,Louisiana Ragin' Cajuns,76.0,home,0.3471106325,-4.2934188814,False,-2.0,-2.0
2021-01-09,Little Rock Trojans,78.0,away,0.6528893675,4.2934188814,True,2.0,2.0
2021-01-09,McNeese Cowboys,75.0,home,0.7646787848999999,8.4160797165,False,-3.0,2.0
2021-01-09,Northwestern State Demons,78.0,away,0.2353212151,-8.4160797165,True,3.0,-2.0
2021-01-09,Green Bay Phoenix,87.0,home,0.5717089946,1.9244840311,True,9.0,-1.5
2021-01-09,Oakland Golden Grizzlies,78.0,away,0.4282910054,-1.9244840311,False,-9.0,1.5
2021-01-09,Florida Gators,58.0,home,0.7672423347,8.1847972832,False,-18.0,4.0
2021-01-09,Kentucky Wildcats,76.0,away,0.2327576652999999,-8.1847972832,True,18.0,-4.0
2021-01-09,Eastern Illinois Panthers,71.0,home,0.6166541755,3.1037829193,False,-3.0,1.0
2021-01-09,Austin Peay Governors,74.0,away,0.3833458245,-3.1037829193,True,3.0,-1.0
2021-01-09,Bellarmine Knights,58.0,home,0.3867447858,-2.6941729673,False,-7.0,2.5
2021-01-09,Lipscomb Bisons,65.0,away,0.6132552142,2.6941729673,True,7.0,-2.5
2021-01-09,UL Monroe Warhawks,74.0,home,0.2418447042999999,-7.7372604147,False,-1.0,-6.0
2021-01-09,UT Arlington Mavericks,75.0,away,0.7581552957,7.7372604147,True,1.0,6.0
2021-01-09,Middle Tennessee Blue Raiders,67.0,home,0.5151453373,0.4232321829,True,11.0,-4.0
2021-01-09,Florida International Panthers,56.0,away,0.4848546626999999,-0.4232321829,False,-11.0,4.0
2021-01-09,UNC Greensboro Spartans,45.0,home,0.6447547966,3.8761129942,False,-3.0,4.5
2021-01-09,Wofford Terriers,48.0,away,0.3552452033999999,-3.8761129942,True,3.0,-4.5
2021-01-09,Central Arkansas Bears,80.0,home,0.5990737232,3.0114727245,False,-11.0,1.5
2021-01-09,Sam Houston Bearkats,91.0,away,0.4009262768,-3.0114727245,True,11.0,-1.5
2021-01-09,UAB Blazers,62.0,home,0.9010549437,14.0264008601,True,4.0,13.0
2021-01-09,Southern Miss Golden Eagles,58.0,away,0.0989450563,-14.0264008601,False,-4.0,-13.0
2021-01-09,Saint Joseph's Hawks,67.0,home,0.0,0.0,True,3.0,7.0
2021-01-09,UAlbany Great Danes,64.0,away,0.0,0.0,False,-3.0,-7.0
2021-01-09,Buffalo Bulls,86.0,home,0.7152068955,6.4271224886,True,17.0,6.0
2021-01-09,Ball State Cardinals,69.0,away,0.2847931045,-6.4271224886,False,-17.0,-6.0
2021-01-09,Nicholls Colonels,87.0,home,0.8229551244,10.5398486297,True,20.0,10.0
2021-01-09,SE Louisiana Lions,67.0,away,0.1770448756,-10.5398486297,False,-20.0,-10.0
2021-01-09,Boston University Terriers,79.0,home,0.4794266806999999,-0.5532603913,False,-7.0,-2.5
2021-01-09,Colgate Raiders,86.0,away,0.5205733193,0.5532603913,True,7.0,2.5
2021-01-09,Grambling Tigers,55.0,home,0.5679846268,1.8816861975,False,-6.0,2.0
2021-01-09,Southern Jaguars,61.0,away,0.4320153732,-1.8816861975,True,6.0,-2.0
2021-01-09,Longwood Lancers,58.0,home,0.3560300657999999,-3.7134149857,False,-6.0,-1.5
2021-01-09,Campbell Fighting Camels,64.0,away,0.6439699342,3.7134149857,True,6.0,1.5
2021-01-09,Arkansas-Pine Bluff Golden Lions,91.0,home,0.724844183,6.4743268845,True,9.0,5.5
2021-01-09,Alabama State Hornets,82.0,away,0.275155817,-6.4743268845,False,-9.0,-5.5
2021-01-10,UC San Diego Tritons,65.0,home,0.0,0.0,False,-14.0,-6.5
2021-01-10,UC Irvine Anteaters,79.0,away,0.0,0.0,True,14.0,6.5
2021-01-10,Arizona State Sun Devils,64.0,home,0.4642755496,-1.0339054407,False,-9.0,-4.0
2021-01-10,USC Trojans,73.0,away,0.5357244504,1.0339054407,True,9.0,4.0
2021-01-09,Jacksonville Dolphins,68.0,home,0.6364041398,3.6808382867,False,-2.0,2.0
2021-01-09,North Florida Ospreys,70.0,away,0.3635958602,-3.6808382867,True,2.0,-2.0
2021-01-09,Kansas State Wildcats,54.0,home,0.2991503203,-5.547095585,False,-16.0,-9.0
2021-01-09,Oklahoma State Cowboys,70.0,away,0.7008496796999999,5.547095585,True,16.0,9.0
2021-01-10,Eastern Kentucky Colonels,90.0,home,0.8958394996999999,16.0852932912,True,10.0,10.5
2021-01-10,Tennessee Tech Golden Eagles,80.0,away,0.1041605002999999,-16.0852932912,False,-10.0,-10.5
2021-01-10,Syracuse Orange,74.0,home,0.8776200514,13.8184997006,True,5.0,10.0
2021-01-10,Georgetown Hoyas,69.0,away,0.1223799485999999,-13.8184997006,False,-5.0,-10.0
2021-01-10,New Orleans Privateers,86.0,home,0.7096407001,5.8947680935,True,22.0,4.5
2021-01-10,Incarnate Word Cardinals,64.0,away,0.2903592999,-5.8947680935,False,-22.0,-4.5
2021-01-10,Cleveland State Vikings,74.0,home,0.6477240786,3.8166403219,True,3.0,2.5
2021-01-10,Northern Kentucky Norse,71.0,away,0.3522759214000001,-3.8166403219,False,-3.0,-2.5
2021-01-10,Old Dominion Monarchs,64.0,home,0.6951231742,5.2318461414,True,9.0,6.5
2021-01-10,Florida Atlantic Owls,55.0,away,0.3048768258,-5.2318461414,False,-9.0,-6.5
2021-01-10,Saint Mary's Gaels,64.0,home,0.6748203628999999,4.5835372282,False,-2.0,9.5
2021-01-10,Santa Clara Broncos,66.0,away,0.3251796371,-4.5835372282,True,2.0,-9.5
2021-01-10,North Alabama Lions,73.0,home,0.7608600984,7.8573603284,True,7.0,1.0
2021-01-10,Stetson Hatters,66.0,away,0.2391399016,-7.8573603284,False,-7.0,-1.0
2021-01-10,Charlotte 49ers,72.0,home,0.0,0.0,False,-3.0,0.0
2021-01-10,Belmont Abbey Crusaders,75.0,away,0.0,0.0,True,3.0,0.0
2021-01-10,Western Kentucky Hilltoppers,58.0,home,0.7044100433,5.8456822398,False,-5.0,6.5
2021-01-10,Louisiana Tech Bulldogs,63.0,away,0.2955899567,-5.8456822398,True,5.0,-6.5
2021-01-10,UC Riverside Highlanders,70.0,home,0.6757678493,4.8987641574,True,2.0,5.0
2021-01-10,Hawai'i Rainbow Warriors,68.0,away,0.3242321507,-4.8987641574,False,-2.0,-5.0
2021-01-10,Kansas City Roos,62.0,home,0.7726329609,7.6779172574,False,-6.0,-1.0
2021-01-10,South Dakota Coyotes,68.0,away,0.2273670391,-7.6779172574,True,6.0,1.0
2021-01-10,Utah Valley Wolverines,81.0,home,0.4435060334,-1.5002465411,True,4.0,4.5
2021-01-10,California Baptist Lancers,77.0,away,0.5564939666,1.5002465411,False,-4.0,-4.5
2021-01-10,Cal State Fullerton Titans,75.0,home,0.5508618289,1.5211065304,True,3.0,1.5
2021-01-10,Long Beach State Beach,72.0,away,0.4491381711,-1.5211065304,False,-3.0,-1.5
2021-01-10,UTEP Miners,68.0,home,0.7730637253,8.2660238161,False,-3.0,8.5
2021-01-10,Rice Owls,71.0,away,0.2269362747,-8.2660238161,True,3.0,-8.5
2021-01-10,Arizona Wildcats,76.0,home,0.577534979,1.9758957908,False,-5.0,3.5
2021-01-10,UCLA Bruins,81.0,away,0.422465021,-1.9758957908,True,5.0,-3.5
2021-01-10,Ole Miss Rebels,61.0,home,0.4837657365,-0.4300497467,False,-14.0,-20.5
2021-01-10,LSU Tigers,75.0,away,0.5162342635,0.4300497467,True,14.0,20.5
2021-01-10,Seattle U Redhawks,98.0,home,0.990283053,31.3268024355,True,35.0,0.0
2021-01-10,Saint Martin's Saints,63.0,away,0.009716947,-31.3268024355,False,-35.0,0.0
2021-01-10,Oral Roberts Golden Eagles,74.0,home,0.8544130246,11.8391457942,True,17.0,8.5
2021-01-10,North Dakota Fighting Hawks,57.0,away,0.1455869754,-11.8391457942,False,-17.0,-8.5
2021-01-10,North Dakota State Bison,80.0,home,0.7199363907,6.5664351689,True,14.0,7.0
2021-01-10,Omaha Mavericks,66.0,away,0.2800636093,-6.5664351689,False,-14.0,-7.0
2021-01-10,Tarleton State Texans,48.0,home,0.1222451449,-12.7791563971,False,-11.0,-8.5
2021-01-10,Grand Canyon Lopes,59.0,away,0.8777548551,12.7791563971,True,11.0,8.5
2021-01-10,Cal State Bakersfield Roadrunners,65.0,home,0.8847639214,12.3594277387,True,15.0,12.0
2021-01-10,Cal Poly Mustangs,50.0,away,0.1152360786,-12.3594277387,False,-15.0,-12.0
2021-01-10,San Diego State Aztecs,69.0,home,0.8736553524,12.3009111324,True,2.0,11.0
2021-01-10,Nevada Wolf Pack,67.0,away,0.1263446476,-12.3009111324,False,-2.0,-11.0
2021-01-10,South Dakota State Jackrabbits,92.0,home,0.9205443606,16.7298724742,True,29.0,16.5
2021-01-10,Western Illinois Leathernecks,63.0,away,0.0794556394,-16.7298724742,False,-29.0,-16.5
2021-01-24,Massachusetts Minutemen,60.0,home,0.3454032098999999,-4.1571895455,False,-9.0,-3.5
2021-01-24,Davidson Wildcats,69.0,away,0.6545967901,4.1571895455,True,9.0,3.5
2021-01-24,UNC Asheville Bulldogs,76.0,home,0.6321715602,3.4060793849,True,8.0,3.5
2021-01-24,Radford Highlanders,68.0,away,0.3678284398,-3.4060793849,False,-8.0,-3.5
2021-01-24,UNC Wilmington Seahawks,62.0,home,0.7783792039,8.0935899385,False,-5.0,2.5
2021-01-24,Delaware Blue Hens,67.0,away,0.2216207961,-8.0935899385,True,5.0,-2.5
2021-01-24,Middle Tennessee Blue Raiders,52.0,home,0.1547139082,-11.5723930836,False,-16.0,-10.5
2021-01-24,Western Kentucky Hilltoppers,68.0,away,0.8452860918,11.5723930836,True,16.0,10.5
2021-01-24,Navy Midshipmen,78.0,home,0.5734278,1.8374296596,False,-9.0,2.5
2021-01-24,Army Black Knights,87.0,away,0.4265722,-1.8374296596,True,9.0,-2.5
2021-01-24,East Carolina Pirates,53.0,home,0.3710355925,-3.5749241199,False,-27.0,-6.5
2021-01-24,Memphis Tigers,80.0,away,0.6289644075,3.5749241199,True,27.0,6.5
2021-01-24,Washington Huskies,83.0,home,0.3328926354,-4.5581008767,True,4.0,-4.5
2021-01-24,Utah Utes,79.0,away,0.6671073646,4.5581008767,False,-4.0,4.5
2021-01-24,Nicholls Colonels,105.0,home,0.0,0.0,True,45.0,0.0
2021-01-24,Carver College Cougars,60.0,away,0.0,0.0,False,-45.0,0.0
2021-01-24,Northeastern Huskies,72.0,home,0.5970738411,2.7292313683,False,-7.0,5.5
2021-01-24,James Madison Dukes,79.0,away,0.4029261589,-2.7292313683,True,7.0,-5.5
2021-01-24,Gardner-Webb Runnin' Bulldogs,74.0,home,0.9176512705,14.8554396135,True,12.0,12.5
2021-01-24,Charleston Southern Buccaneers,62.0,away,0.0823487295,-14.8554396135,False,-12.0,-12.5
2021-01-24,Bradley Braves,56.0,home,0.3106388318,-4.6525992089,False,-13.0,-6.5
2021-01-24,Loyola Chicago Ramblers,69.0,away,0.6893611682,4.6525992089,True,13.0,6.5
2021-01-24,Holy Cross Crusaders,74.0,home,0.5820030157,2.1930640808,False,-8.0,-1.5
2021-01-24,Lehigh Mountain Hawks,82.0,away,0.4179969843,-2.1930640808,True,8.0,1.5
2021-01-24,Morgan State Bears,99.0,home,0.9096606356,17.073313767,True,16.0,13.5
2021-01-24,Delaware State Hornets,83.0,away,0.0903393644,-17.073313767,False,-16.0,-13.5
2021-01-24,Hofstra Pride,74.0,home,0.7224361572,6.0355393422,True,5.0,5.5
2021-01-24,Towson Tigers,69.0,away,0.2775638428,-6.0355393422,False,-5.0,-5.5
2021-01-24,Indiana Hoosiers,70.0,home,0.7295105345,6.3215008437,False,-4.0,4.5
2021-01-24,Rutgers Scarlet Knights,74.0,away,0.2704894655,-6.3215008437,True,4.0,-4.5
2021-01-24,Rhode Island Rams,52.0,home,0.9615273061,19.6859960417,True,10.0,15.5
2021-01-24,Fordham Rams,42.0,away,0.0384726939,-19.6859960417,False,-10.0,-15.5
2021-01-24,NJIT Highlanders,44.0,home,0.6265679487,3.3805658871,False,-12.0,2.5
2021-01-24,Stony Brook Seawolves,56.0,away,0.3734320513,-3.3805658871,True,12.0,-2.5
2021-01-24,New Hampshire Wildcats,64.0,home,0.5294018375,0.7549988916,False,-19.0,1.5
2021-01-24,UAlbany Great Danes,83.0,away,0.4705981625,-0.7549988916,True,19.0,-1.5
2021-01-24,High Point Panthers,81.0,home,0.8007683606,8.473959703,True,24.0,5.5
2021-01-24,Presbyterian Blue Hose,57.0,away,0.1992316394,-8.473959703,False,-24.0,-5.5
2021-01-24,Coppin State Eagles,81.0,home,0.4153989106,-2.5824788545,True,4.0,-3.5
2021-01-24,Norfolk State Spartans,77.0,away,0.5846010894,2.5824788545,False,-4.0,3.5
2021-01-24,Miami Hurricanes,59.0,home,0.57693139,1.9629723454,False,-14.0,3.5
2021-01-24,Notre Dame Fighting Irish,73.0,away,0.4230686099999999,-1.9629723454,True,14.0,-3.5
2021-01-24,Lafayette Leopards,61.0,home,0.7207985574999999,6.0457056685,False,-3.0,4.5
2021-01-24,Boston University Terriers,64.0,away,0.2792014425,-6.0457056685,True,3.0,-4.5
2021-01-24,Wyoming Cowboys,93.0,home,0.27211682,-6.3530557042,True,5.0,-4.5
2021-01-24,Nevada Wolf Pack,88.0,away,0.7278831799999999,6.3530557042,False,-5.0,4.5
2021-01-24,Illinois State Redbirds,66.0,home,0.6138313982,3.2928144598,False,-4.0,1.5
2021-01-24,Valparaiso Beacons,70.0,away,0.3861686018,-3.2928144598,True,4.0,-1.5
2021-01-24,Loyola Maryland Greyhounds,79.0,home,0.6416515915,3.7990267607,False,-2.0,4.5
2021-01-24,American University Eagles,81.0,away,0.3583484085,-3.7990267607,True,2.0,-4.5
2021-01-25,Air Force Falcons,59.0,home,0.0269761629,-20.6993901975,False,-32.0,-16.5
2021-01-25,San Diego State Aztecs,91.0,away,0.9730238371,20.6993901975,True,32.0,16.5
2021-01-25,Oral Roberts Golden Eagles,76.0,home,0.5276273052,0.7162633765,False,-5.0,6.5
2021-01-25,Kansas City Roos,81.0,away,0.4723726948,-0.7162633765,True,5.0,-6.5
2021-01-22,Central Connecticut Blue Devils,65.0,home,0.3147312349,-4.8583303234,True,1.0,-6.5
2021-01-22,Mount St. Mary's Mountaineers,64.0,away,0.6852687650999999,4.8583303234,False,-1.0,6.5
2021-01-22,Youngstown State Penguins,66.0,home,0.5024578193,0.0620790259,False,-1.0,-1.5
2021-01-22,UIC Flames,67.0,away,0.4975421807,-0.0620790259,True,1.0,1.5
2021-01-23,Siena Saints,62.0,home,0.7622130737,7.35958871,False,-6.0,4.5
2021-01-23,Saint Peter's Peacocks,68.0,away,0.2377869263,-7.35958871,True,6.0,-4.5
2021-01-23,Rider Broncs,76.0,home,0.4603120661,-0.9862066082,True,12.0,1.5
2021-01-23,Marist Red Foxes,64.0,away,0.5396879339,0.9862066082,False,-12.0,-1.5
2021-01-22,Quinnipiac Bobcats,56.0,home,0.4158073198,-2.136951341,False,-3.0,1.5
2021-01-22,Niagara Purple Eagles,59.0,away,0.5841926802,2.136951341,True,3.0,-1.5
2021-01-23,Robert Morris Colonials,76.0,home,0.6094801435,2.7767859395,False,-5.0,1.5
2021-01-23,Northern Kentucky Norse,81.0,away,0.3905198565,-2.7767859395,True,5.0,-1.5
2021-01-23,North Alabama Lions,82.0,home,0.7550949803,7.8272459255,True,1.0,3.5
2021-01-23,Jacksonville Dolphins,81.0,away,0.2449050197,-7.8272459255,False,-1.0,-3.5
2021-01-23,Purdue Boilermakers,53.0,home,0.3890788008999999,-2.8518815571,False,-17.0,-4.5
2021-01-23,Michigan Wolverines,70.0,away,0.6109211991,2.8518815571,True,17.0,4.5
2021-01-23,UL Monroe Warhawks,47.0,home,0.2821496579,-5.7212057952,False,-10.0,-6.5
2021-01-23,Texas State Bobcats,57.0,away,0.7178503420999999,5.7212057952,True,10.0,6.5
2021-01-22,Green Bay Phoenix,77.0,home,0.2590420107,-7.0724528354,True,18.0,1.5
2021-01-22,Purdue Fort Wayne Mastodons,59.0,away,0.7409579893,7.0724528354,False,-18.0,-1.5
2021-01-23,Oakland Golden Grizzlies,86.0,home,0.3327072715,-4.6792928355,True,5.0,-1.5
2021-01-23,Detroit Mercy Titans,81.0,away,0.6672927285,4.6792928355,False,-5.0,1.5
2021-01-22,App State Mountaineers,80.0,home,0.3021497403,-5.3134412716,True,9.0,-3.5
2021-01-22,Georgia State Panthers,71.0,away,0.6978502597,5.3134412716,False,-9.0,3.5
2021-01-22,Sacred Heart Pioneers,82.0,home,0.4333549697,-1.7624693772,True,12.0,1.5
2021-01-22,Saint Francis Red Flash,70.0,away,0.5666450303,1.7624693772,False,-12.0,-1.5
2021-01-22,Merrimack Warriors,76.0,home,0.5790377646,2.0880968428,True,5.0,3.5
2021-01-22,Fairleigh Dickinson Knights,71.0,away,0.4209622354,-2.0880968428,False,-5.0,-3.5
2021-01-22,Coastal Carolina Chanticleers,90.0,home,0.8667239461,11.9169233767,True,9.0,10.5
2021-01-22,Troy Trojans,81.0,away,0.1332760539,-11.9169233767,False,-9.0,-10.5
2021-01-22,IU Indianapolis Jaguars,65.0,home,0.1478494265,-12.3882757467,False,-30.0,-14.5
2021-01-22,Wright State Raiders,95.0,away,0.8521505734999999,12.3882757467,True,30.0,14.5
2021-01-23,Bellarmine Knights,67.0,home,0.6452401195,3.5872488363,True,5.0,3.5
2021-01-23,Stetson Hatters,62.0,away,0.3547598804999999,-3.5872488363,False,-5.0,-3.5
2021-01-23,Louisiana Ragin' Cajuns,81.0,home,0.693664089,5.583251752,True,13.0,9.5
2021-01-23,Arkansas State Red Wolves,68.0,away,0.306335911,-5.583251752,False,-13.0,-9.5
2021-01-23,North Florida Ospreys,69.0,home,0.7384404091000001,6.5037036412,True,15.0,9.5
2021-01-23,Kennesaw State Owls,54.0,away,0.2615595909,-6.5037036412,False,-15.0,-9.5
2021-01-23,UT Arlington Mavericks,59.0,home,0.5622267421,1.6673423619,False,-7.0,-1.5
2021-01-23,Little Rock Trojans,66.0,away,0.4377732579,-1.6673423619,True,7.0,1.5
2021-01-23,South Alabama Jaguars,75.0,home,0.6922432773,5.020778954,False,-9.0,2.5
2021-01-23,Georgia Southern Eagles,84.0,away,0.3077567227,-5.020778954,True,9.0,-2.5
2021-01-23,UC San Diego Tritons,89.0,home,0.185538373,-10.0017045353,True,20.0,1.5
2021-01-23,UC Davis Aggies,69.0,away,0.814461627,10.0017045353,False,-20.0,-1.5
2021-01-23,Florida Atlantic Owls,66.0,home,0.6234342392,2.9346477893,True,13.0,1.5
2021-01-23,Charlotte 49ers,53.0,away,0.3765657608,-2.9346477893,False,-13.0,-1.5
2021-01-23,Florida International Panthers,66.0,home,0.2390789266,-8.3055718243,False,-13.0,-9.5
2021-01-23,Marshall Thundering Herd,79.0,away,0.7609210734,8.3055718243,True,13.0,9.5
2021-01-23,UTSA Roadrunners,70.0,home,0.499504314,-0.0128896638,True,6.0,5.5
2021-01-23,Southern Miss Golden Eagles,64.0,away,0.500495686,0.0128896638,False,-6.0,-5.5
2021-01-23,Cal State Northridge Matadors,58.0,home,0.2952604208,-5.7436447708,False,-47.0,-9.5
2021-01-23,UC Santa Barbara Gauchos,105.0,away,0.7047395792000001,5.7436447708,True,47.0,9.5
2021-01-23,Western Illinois Leathernecks,60.0,home,0.3160781436,-5.174178922,False,-5.0,-7.5
2021-01-23,South Dakota Coyotes,65.0,away,0.6839218564,5.174178922,True,5.0,7.5
2021-01-23,Wyoming Cowboys,71.0,home,0.2109956164,-8.8706044271,True,7.0,-3.5
2021-01-23,Nevada Wolf Pack,64.0,away,0.7890043836000001,8.8706044271,False,-7.0,3.5
2021-01-23,UC Irvine Anteaters,68.0,home,0.9374760759,18.1204454358,True,19.0,15.5
2021-01-23,Cal Poly Mustangs,49.0,away,0.0625239241,-18.1204454358,False,-19.0,-15.5
2021-01-23,UC Riverside Highlanders,45.0,home,0.5733798463,1.758856762,False,-2.0,3.5
2021-01-23,Cal State Bakersfield Roadrunners,47.0,away,0.4266201537,-1.758856762,True,2.0,-3.5
2021-01-23,UAB Blazers,78.0,home,0.8713401011999999,12.9772331329,True,10.0,10.5
2021-01-23,Rice Owls,68.0,away,0.1286598988,-12.9772331329,False,-10.0,-10.5
2021-01-23,Lipscomb Bisons,69.0,home,0.6347718498,3.6449467681,False,-10.0,6.5
2021-01-23,Florida Gulf Coast Eagles,79.0,away,0.3652281501999999,-3.6449467681,True,10.0,-6.5
2021-01-23,Cal State Fullerton Titans,83.0,home,0.4772521616,-0.6310348289,True,16.0,-3.5
2021-01-23,Hawai'i Rainbow Warriors,67.0,away,0.5227478384,0.6310348289,False,-16.0,3.5
2021-01-23,South Dakota State Jackrabbits,92.0,home,0.937178399,17.6610806769,True,19.0,14.5
2021-01-23,North Dakota Fighting Hawks,73.0,away,0.062821601,-17.6610806769,False,-19.0,-14.5
2021-01-23,Air Force Falcons,61.0,home,0.0365391261,-18.3388931444,False,-37.0,-13.5
2021-01-23,San Diego State Aztecs,98.0,away,0.9634608739,18.3388931444,True,37.0,13.5
2021-01-23,Cleveland State Vikings,64.0,home,0.5450863091,1.1686647629,True,11.0,3.5
2021-01-23,Milwaukee Panthers,53.0,away,0.4549136909,-1.1686647629,False,-11.0,-3.5
2021-01-23,North Dakota State Bison,70.0,home,0.9204279837,15.4893129467,True,12.0,14.5
2021-01-23,Denver Pioneers,58.0,away,0.0795720163,-15.4893129467,False,-12.0,-14.5
2021-01-23,Utah Tech Trailblazers,74.0,home,0.0731925374,-16.6535188577,False,-3.0,-12.5
2021-01-23,Grand Canyon Lopes,77.0,away,0.9268074626,16.6535188577,True,3.0,12.5
2021-01-23,UTEP Miners,82.0,home,0.4042230324999999,-2.5216285156,True,8.0,-1.5
2021-01-23,Louisiana Tech Bulldogs,74.0,away,0.5957769675,2.5216285156,False,-8.0,1.5
2021-01-17,Texas Longhorns,82.0,home,0.9499762545,18.2704205239,True,15.0,16.5
2021-01-17,Kansas State Wildcats,67.0,away,0.0500237455,-18.2704205239,False,-15.0,-16.5
2021-01-16,Minnesota Golden Gophers,75.0,home,0.3375533103,-4.6066806489,True,18.0,-5.5
2021-01-16,Michigan Wolverines,57.0,away,0.6624466896999999,4.6066806489,False,-18.0,5.5
2021-01-16,Texas A&M Aggies,52.0,home,0.3942625453,-2.70377549,False,-16.0,-4.5
2021-01-16,Missouri Tigers,68.0,away,0.6057374547,2.70377549,True,16.0,4.5
2021-01-16,Illinois Fighting Illini,81.0,home,0.6896870504,5.247752979,False,-6.0,7.5
2021-01-16,Ohio State Buckeyes,87.0,away,0.3103129496,-5.247752979,True,6.0,-7.5
2021-01-16,Butler Bulldogs,70.0,home,0.1540040994,-11.0152658565,True,4.0,-6.5
2021-01-16,Creighton Bluejays,66.0,away,0.8459959006,11.0152658565,False,-4.0,6.5
2021-01-16,Texas Tech Red Raiders,60.0,home,0.4266772337,-1.8060265593,False,-8.0,-3.5
2021-01-16,Baylor Bears,68.0,away,0.5733227663,1.8060265593,True,8.0,3.5
2021-01-16,Pittsburgh Panthers,96.0,home,0.3921005292,-3.027574894,True,20.0,-4.5
2021-01-16,Syracuse Orange,76.0,away,0.6078994708,3.027574894,False,-20.0,4.5
2021-01-17,Saint Mary's Gaels,59.0,home,0.1378536498,-12.0258506903,False,-14.0,-16.0
2021-01-17,Gonzaga Bulldogs,73.0,away,0.8621463502000001,12.0258506903,True,14.0,16.0
2021-01-16,VMI Keydets,110.0,home,0.4691018741,-0.8901335729,True,7.0,3.5
2021-01-16,The Citadel Bulldogs,103.0,away,0.5308981259,0.8901335729,False,-7.0,-3.5
2021-01-16,Boston University Terriers,59.0,home,0.5675264693,1.754333881,False,-20.0,1.5
2021-01-16,Army Black Knights,79.0,away,0.4324735307,-1.754333881,True,20.0,-1.5
2021-01-16,St. John's Red Storm,71.0,home,0.5713235751,2.0155558736,False,-2.0,-2.5
2021-01-16,Marquette Golden Eagles,73.0,away,0.4286764249,-2.0155558736,True,2.0,2.5
2021-01-16,Ole Miss Rebels,74.0,home,0.7881417216,9.3983746036,False,-4.0,8.5
2021-01-16,Georgia Bulldogs,78.0,away,0.2118582784,-9.3983746036,True,4.0,-8.5
2021-01-16,Clemson Tigers,50.0,home,0.429877485,-1.5486922635,False,-35.0,-1.5
2021-01-16,Virginia Cavaliers,85.0,away,0.570122515,1.5486922635,True,35.0,1.5
2021-01-16,Tennessee Volunteers,81.0,home,0.9313989389,16.3639192009,True,20.0,18.5
2021-01-16,Vanderbilt Commodores,61.0,away,0.0686010611,-16.3639192009,False,-20.0,-18.5
2021-01-16,UMBC Retrievers,63.0,home,0.7339142925000001,6.4434985153,False,-7.0,5.5
2021-01-16,Hartford Hawks,70.0,away,0.2660857075,-6.4434985153,True,7.0,-5.5
2021-01-16,Navy Midshipmen,87.0,home,0.7714816808,7.5659600824,True,1.0,8.5
2021-01-16,American University Eagles,86.0,away,0.2285183192,-7.5659600824,False,-1.0,-8.5
2021-01-16,Tulane Green Wave,57.0,home,0.4819359809,-0.4518759558,False,-8.0,-1.5
2021-01-16,Temple Owls,65.0,away,0.5180640191,0.4518759558,True,8.0,1.5
2021-01-16,Colgate Raiders,95.0,home,0.9356675775,18.4343760322,True,40.0,17.5
2021-01-16,Holy Cross Crusaders,55.0,away,0.0643324225,-18.4343760322,False,-40.0,-17.5
2021-01-17,Miami Hurricanes,78.0,home,0.4364553335,-1.5912967201,True,6.0,-4.5
2021-01-17,Louisville Cardinals,72.0,away,0.5635446665,1.5912967201,False,-6.0,4.5
2021-01-16,Florida State Seminoles,82.0,home,0.4951376452,-0.1334180953,True,7.0,4.5
2021-01-16,North Carolina Tar Heels,75.0,away,0.5048623548,0.1334180953,False,-7.0,-4.5
2021-01-16,Ball State Cardinals,78.0,home,0.8765948714000001,12.3453180094,True,20.0,10.5
2021-01-16,Northern Illinois Huskies,58.0,away,0.1234051286,-12.3453180094,False,-20.0,-10.5
2021-01-16,Towson Tigers,72.0,home,0.4981184983,-0.0502266127,False,-9.0,1.5
2021-01-16,James Madison Dukes,81.0,away,0.5018815017,0.0502266127,True,9.0,-1.5
2021-01-16,Rhode Island Rams,80.0,home,0.8271227658,10.4036489509,True,20.0,5.5
2021-01-16,George Mason Patriots,60.0,away,0.1728772341999999,-10.4036489509,False,-20.0,-5.5
2021-01-16,Morgan State Bears,92.0,home,0.7588606002,8.7006022047,True,20.0,6.5
2021-01-16,Coppin State Eagles,72.0,away,0.2411393998,-8.7006022047,False,-20.0,-6.5
2021-01-16,Bucknell Bison,75.0,home,0.7830389323,8.5659949212,True,5.0,4.5
2021-01-16,Lehigh Mountain Hawks,70.0,away,0.2169610677,-8.5659949212,False,-5.0,-4.5
2021-01-16,Binghamton Bearcats,78.0,home,0.3453100334,-4.0500090046,False,-14.0,-5.5
2021-01-16,UMass Lowell River Hawks,92.0,away,0.6546899666,4.0500090046,True,14.0,5.5
2021-01-16,Stony Brook Seawolves,64.0,home,0.6464674858000001,3.8519566466,False,-17.0,2.5
2021-01-16,New Hampshire Wildcats,81.0,away,0.3535325142,-3.8519566466,True,17.0,-2.5
2021-01-16,Montana Grizzlies,58.0,home,0.8687287628,10.8693322553,False,-4.0,12.5
2021-01-16,Northern Arizona Lumberjacks,62.0,away,0.1312712372,-10.8693322553,True,4.0,-12.5
2021-01-16,Chattanooga Mocs,59.0,home,0.4574906019,-1.0508250518,False,-18.0,-2.5
2021-01-16,Wofford Terriers,77.0,away,0.5425093981,1.0508250518,True,18.0,2.5
2021-01-16,Denver Pioneers,82.0,home,0.1424412627,-12.525232383,False,-9.0,-9.5
2021-01-16,Oral Roberts Golden Eagles,91.0,away,0.8575587373000001,12.525232383,True,9.0,9.5
2021-01-16,Charleston Cougars,62.0,home,0.6818471359,4.5449664482,False,-5.0,-1.5
2021-01-16,Northeastern Huskies,67.0,away,0.3181528641,-4.5449664482,True,5.0,1.5
2021-01-16,Utah State Aggies,64.0,home,0.5149516726,0.3720905469,True,5.0,3.5
2021-01-16,San Diego State Aztecs,59.0,away,0.4850483274,-0.3720905469,False,-5.0,-3.5
2021-01-16,Auburn Tigers,66.0,home,0.4928564364,-0.1914337625,True,7.0,2.5
2021-01-16,Kentucky Wildcats,59.0,away,0.5071435636,0.1914337625,False,-7.0,-2.5
2021-01-16,Rice Owls,58.0,home,0.5570620507,1.474098291,False,-3.0,-2.5
2021-01-16,Old Dominion Monarchs,61.0,away,0.4429379493,-1.474098291,True,3.0,2.5
2021-01-16,La Salle Explorers,53.0,home,0.1985582737999999,-8.5584053153,False,-24.0,-8.5
2021-01-16,Davidson Wildcats,77.0,away,0.8014417261999999,8.5584053153,True,24.0,8.5
2021-01-16,Drexel Dragons,82.0,home,0.8621314483,11.2240956193,True,24.0,7.5
2021-01-16,William & Mary Tribe,58.0,away,0.1378685517,-11.2240956193,False,-24.0,-7.5
2021-01-16,Akron Zips,95.0,home,0.3449197957,-4.1818733131,True,1.0,-3.5
2021-01-16,Toledo Rockets,94.0,away,0.6550802043,4.1818733131,False,-1.0,3.5
2021-01-16,Mercer Bears,78.0,home,0.6098298157,3.1408974798,True,2.0,5.5
2021-01-16,Western Carolina Catamounts,76.0,away,0.3901701843,-3.1408974798,False,-2.0,-5.5
2021-01-16,Ohio Bobcats,79.0,home,0.6179724055,3.2474119919,False,-10.0,3.5
2021-01-16,Kent State Golden Flashes,89.0,away,0.3820275945,-3.2474119919,True,10.0,-3.5
2021-01-16,Georgia State Panthers,71.0,home,0.7555925582,7.740474823,True,3.0,6.5
2021-01-16,Coastal Carolina Chanticleers,68.0,away,0.2444074418,-7.740474823,False,-3.0,-6.5
2021-01-16,Montana State Bobcats,69.0,home,0.7859217577,9.0324357219,True,5.0,6.5
2021-01-16,Portland State Vikings,64.0,away,0.2140782423,-9.0324357219,False,-5.0,-6.5
2021-01-16,Samford Bulldogs,70.0,home,0.2582561834,-7.6753766989,False,-12.0,-7.5
2021-01-16,UNC Greensboro Spartans,82.0,away,0.7417438166,7.6753766989,True,12.0,7.5
2021-01-16,Weber State Wildcats,124.0,home,0.9949884187,37.6581614467,True,80.0,0.0
2021-01-16,Yellowstone Christian College Centurions,44.0,away,0.0050115813,-37.6581614467,False,-80.0,0.0
2021-01-16,Eastern Washington Eagles,94.0,home,0.6481514931,4.2413025275,False,-5.0,5.5
2021-01-16,Southern Utah Thunderbirds,99.0,away,0.3518485069,-4.2413025275,True,5.0,-5.5
2021-01-16,Georgia Southern Eagles,63.0,home,0.6157365808,2.9409805152,True,7.0,5.5
2021-01-16,Troy Trojans,56.0,away,0.3842634192,-2.9409805152,False,-7.0,-5.5
2021-01-16,North Carolina A&T Aggies,112.0,home,0.0,0.0,True,66.0,0.0
2021-01-16,Carver College Cougars,46.0,away,0.0,0.0,False,-66.0,0.0
2021-01-16,DePaul Blue Demons,77.0,home,0.8544851924,12.3405954852,True,19.0,9.5
2021-01-16,Valparaiso Beacons,58.0,away,0.1455148076,-12.3405954852,False,-19.0,-9.5
2021-01-16,Air Force Falcons,72.0,home,0.5169754679,0.4237229598,True,3.0,-2.5
2021-01-16,Wyoming Cowboys,69.0,away,0.4830245321,-0.4237229598,False,-3.0,2.5
2021-01-16,Bradley Braves,69.0,home,0.9193572193,13.6347896075,True,9.0,8.5
2021-01-16,Evansville Purple Aces,60.0,away,0.0806427807,-13.6347896075,False,-9.0,-8.5
2021-01-16,Idaho Vandals,61.0,home,0.2831477247,-6.0013056837,False,-14.0,-8.5
2021-01-16,Northern Colorado Bears,75.0,away,0.7168522753,6.0013056837,True,14.0,8.5
2021-01-16,Alabama Crimson Tide,90.0,home,0.536807388,1.1084127959,True,31.0,2.5
2021-01-16,Arkansas Razorbacks,59.0,away,0.463192612,-1.1084127959,False,-31.0,-2.5
2021-01-16,Grand Canyon Lopes,98.0,home,0.9978980973,41.5859124798,True,51.0,0.0
2021-01-16,Bethesda University Flames,47.0,away,0.0021019027,-41.5859124798,False,-51.0,0.0
2021-01-16,Abilene Christian Wildcats,76.0,home,0.8972861272,14.5196481844,True,34.0,15.5
2021-01-16,SE Louisiana Lions,42.0,away,0.1027138728,-14.5196481844,False,-34.0,-15.5
2021-01-16,Oakland Golden Grizzlies,81.0,home,0.4584908223,-1.0802908835,True,7.0,3.5
2021-01-16,Youngstown State Penguins,74.0,away,0.5415091777,1.0802908835,False,-7.0,-3.5
2021-01-16,Lafayette Leopards,77.0,home,0.7259330772,6.5178581365,True,2.0,6.5
2021-01-16,Loyola Maryland Greyhounds,75.0,away,0.2740669228,-6.5178581365,False,-2.0,-6.5
2021-01-16,Vermont Catamounts,65.0,home,0.921058438,14.2877645511,True,35.0,17.5
2021-01-16,Maine Black Bears,30.0,away,0.078941562,-14.2877645511,False,-35.0,-17.5
2021-01-16,Notre Dame Fighting Irish,80.0,home,0.6560986573,4.2431445541,True,10.0,4.5
2021-01-16,Boston College Eagles,70.0,away,0.3439013426999999,-4.2431445541,False,-10.0,-4.5
2021-01-16,Manhattan Jaspers,58.0,home,0.4476110202999999,-1.2829653203,True,3.0,-1.5
2021-01-16,Niagara Purple Eagles,55.0,away,0.5523889797,1.2829653203,False,-3.0,1.5
2021-01-16,Colorado Buffaloes,77.0,home,0.7896265495,8.837273838,True,13.0,7.5
2021-01-16,Stanford Cardinal,64.0,away,0.2103734505,-8.837273838,False,-13.0,-7.5
2021-01-16,Illinois State Redbirds,65.0,home,0.4649271025,-1.0015992958,False,-8.0,-4.5
2021-01-16,Indiana State Sycamores,73.0,away,0.5350728975,1.0015992958,True,8.0,4.5
2021-01-16,Mississippi State Bulldogs,72.0,home,0.4864998611,-0.339259477,True,3.0,1.5
2021-01-16,Florida Gators,69.0,away,0.5135001389,0.339259477,False,-3.0,-1.5
2021-01-16,Kennesaw State Owls,64.0,home,0.2066469938,-8.8784815081,False,-2.0,-5.5
2021-01-16,North Alabama Lions,66.0,away,0.7933530061999999,8.8784815081,True,2.0,5.5
2021-01-16,Jacksonville State Gamecocks,91.0,home,0.333064489,-4.4408036522,False,-7.0,-6.5
2021-01-16,Belmont Bruins,98.0,away,0.666935511,4.4408036522,True,7.0,6.5
2021-01-16,North Texas Mean Green,74.0,home,0.8154227164,9.3177571763,True,9.0,7.5
2021-01-16,UTEP Miners,65.0,away,0.1845772836,-9.3177571763,False,-9.0,-7.5
2021-01-16,Florida Atlantic Owls,107.0,home,0.5345105505,0.9279017486,True,44.0,2.5
2021-01-16,Florida International Panthers,63.0,away,0.4654894495,-0.9279017486,False,-44.0,-2.5
2021-01-16,Central Arkansas Bears,72.0,home,0.4479366317,-1.520699178,False,-2.0,-3.5
2021-01-16,Nicholls Colonels,74.0,away,0.5520633683,1.520699178,True,2.0,3.5
2021-01-16,Furman Paladins,78.0,home,0.8265558514999999,10.17574403,True,12.0,10.5
2021-01-16,East Tennessee State Buccaneers,66.0,away,0.1734441485,-10.17574403,False,-12.0,-10.5
2021-01-16,Alabama A&M Bulldogs,70.0,home,0.8176071893,9.7768035154,True,7.0,7.5
2021-01-16,Alabama State Hornets,63.0,away,0.1823928107,-9.7768035154,False,-7.0,-7.5
2021-01-16,Charlotte 49ers,70.0,home,0.2259656610999999,-7.4516994646,True,15.0,-1.5
2021-01-16,UAB Blazers,55.0,away,0.7740343389000001,7.4516994646,False,-15.0,1.5
2021-01-16,Delaware State Hornets,76.0,home,0.1741159052,-11.2592260118,False,-11.0,-9.5
2021-01-16,Norfolk State Spartans,87.0,away,0.8258840947999999,11.2592260118,True,11.0,9.5
2021-01-16,Sam Houston Bearkats,87.0,home,0.8614431761,13.0951014543,True,7.0,0.0
2021-01-16,Houston Christian Huskies,80.0,away,0.1385568239,-13.0951014543,False,-7.0,0.0
2021-01-16,Central Michigan Chippewas,75.0,home,0.5653061485,1.8189346841,True,11.0,1.5
2021-01-16,Eastern Michigan Eagles,64.0,away,0.4346938515,-1.8189346841,False,-11.0,-1.5
2021-01-16,Eastern Illinois Panthers,85.0,home,0.4332171952,-1.9913581299,False,-8.0,-1.5
2021-01-16,Eastern Kentucky Colonels,93.0,away,0.5667828048,1.9913581299,True,8.0,1.5
2021-01-16,Marist Red Foxes,52.0,home,0.7531518193,6.7092042487,False,-3.0,5.5
2021-01-16,Fairfield Stags,55.0,away,0.2468481806999999,-6.7092042487,True,3.0,-5.5
2021-01-16,Stetson Hatters,58.0,home,0.1592793405,-10.0621068114,False,-10.0,-7.5
2021-01-16,Liberty Flames,68.0,away,0.8407206595,10.0621068114,True,10.0,7.5
2021-01-16,UCLA Bruins,81.0,home,0.9122066345,14.9375320005,True,5.0,15.5
2021-01-16,Washington Huskies,76.0,away,0.0877933655,-14.9375320005,False,-5.0,-15.5
2021-01-16,Southeast Missouri State Redhawks,50.0,home,0.4472813739,-1.294863053,False,-14.0,-2.5
2021-01-16,Morehead State Eagles,64.0,away,0.5527186261,1.294863053,True,14.0,2.5
2021-01-16,Arkansas State Red Wolves,93.0,home,0.6291155529,3.359715745,True,21.0,1.5
2021-01-16,UL Monroe Warhawks,72.0,away,0.3708844471,-3.359715745,False,-21.0,-1.5
2021-01-16,UT Martin Skyhawks,57.0,home,0.0900214087,-15.9631015562,False,-22.0,-12.5
2021-01-16,Murray State Racers,79.0,away,0.9099785913,15.9631015562,True,22.0,12.5
2021-01-16,Monmouth Hawks,70.0,home,0.8042566387,10.4316481266,True,7.0,8.5
2021-01-16,Quinnipiac Bobcats,63.0,away,0.1957433613,-10.4316481266,False,-7.0,-8.5
2021-01-16,Little Rock Trojans,56.0,home,0.6744518767,4.4756812118,False,-11.0,3.5
2021-01-16,Texas State Bobcats,67.0,away,0.3255481233,-4.4756812118,True,11.0,-3.5
2021-01-16,South Alabama Jaguars,77.0,home,0.5534015803,1.2864017441,False,-6.0,1.5
2021-01-16,App State Mountaineers,83.0,away,0.4465984197,-1.2864017441,True,6.0,-1.5
2021-01-16,Southern Miss Golden Eagles,64.0,home,0.6069027031,2.762086146,True,5.0,2.5
2021-01-16,Middle Tennessee Blue Raiders,59.0,away,0.3930972968999999,-2.762086146,False,-5.0,-2.5
2021-01-16,Lipscomb Bisons,67.0,home,0.7901938501,7.6711091297,False,-5.0,7.5
2021-01-16,North Florida Ospreys,72.0,away,0.2098061499,-7.6711091297,True,5.0,-7.5
2021-01-16,Northern Kentucky Norse,63.0,home,0.650100763,4.1043507594,False,-2.0,7.5
2021-01-16,IU Indianapolis Jaguars,65.0,away,0.349899237,-4.1043507594,True,2.0,-7.5
2021-01-17,Oregon State Beavers,80.0,home,0.4077204835,-2.5682855188,True,1.0,-5.5
2021-01-17,Arizona State Sun Devils,79.0,away,0.5922795165,2.5682855188,False,-1.0,5.5
2021-01-16,Southern Jaguars,88.0,home,0.7976046147,9.6348623426,True,35.0,9.5
2021-01-16,Arkansas-Pine Bluff Golden Lions,53.0,away,0.2023953853,-9.6348623426,False,-35.0,-9.5
2021-01-16,UNLV Rebels,77.0,home,0.8885708628000001,12.9532189312,True,23.0,10.5
2021-01-16,New Mexico Lobos,54.0,away,0.1114291371999999,-12.9532189312,False,-23.0,-10.5
2021-01-16,UAlbany Great Danes,83.0,home,0.5776548857,1.9834336292,True,8.0,2.5
2021-01-16,NJIT Highlanders,75.0,away,0.4223451143,-1.9834336292,False,-8.0,-2.5
2021-01-16,Loyola Chicago Ramblers,72.0,home,0.791786135,8.4050709219,True,15.0,10.5
2021-01-16,Northern Iowa Panthers,57.0,away,0.208213865,-8.4050709219,False,-15.0,-10.5
2021-01-16,Detroit Mercy Titans,68.0,home,0.835085466,10.6972348371,True,3.0,5.5
2021-01-16,Green Bay Phoenix,65.0,away,0.164914534,-10.6972348371,False,-3.0,-5.5
2021-01-17,Milwaukee Panthers,74.0,home,0.5983358061,2.7199687247,False,-7.0,3.5
2021-01-17,Purdue Fort Wayne Mastodons,81.0,away,0.4016641939,-2.7199687247,True,7.0,-3.5
2021-01-16,Alcorn State Braves,71.0,home,0.9413699725,20.4298816614,True,12.0,15.5
2021-01-16,Mississippi Valley State Delta Devils,59.0,away,0.0586300274999999,-20.4298816614,False,-12.0,-15.5
2021-01-16,UIC Flames,66.0,home,0.5669008087,1.7743658699,True,4.0,3.5
2021-01-16,Robert Morris Colonials,62.0,away,0.4330991913,-1.7743658699,False,-4.0,-3.5
2021-01-16,Pacific Tigers,58.0,home,0.3352764527,-4.2249349901,True,9.0,1.5
2021-01-16,Loyola Marymount Lions,49.0,away,0.6647235473,4.2249349901,False,-9.0,-1.5
2021-01-16,UT Arlington Mavericks,51.0,home,0.7676421643000001,8.7062389022,False,-17.0,2.5
2021-01-16,Louisiana Ragin' Cajuns,68.0,away,0.2323578357,-8.7062389022,True,17.0,-2.5
2021-01-16,San José State Spartans,61.0,home,0.0542765742,-20.7021018852,False,-27.0,-18.5
2021-01-16,Colorado State Rams,88.0,away,0.9457234258,20.7021018852,True,27.0,18.5
2021-01-17,New Orleans Privateers,99.0,home,0.499791924,-0.0057846974,True,15.0,4.5
2021-01-17,McNeese Cowboys,84.0,away,0.500208076,0.0057846974,False,-15.0,-4.5
2021-01-17,Wright State Raiders,85.0,home,0.7979582478,8.9790901753,True,36.0,8.5
2021-01-17,Cleveland State Vikings,49.0,away,0.2020417522,-8.9790901753,False,-36.0,-8.5
2021-01-17,Rider Broncs,72.0,home,0.2215959275,-7.6056902619,False,-2.0,-5.5
2021-01-17,Siena Saints,74.0,away,0.7784040725,7.6056902619,True,2.0,5.5
2021-01-17,Florida Gulf Coast Eagles,63.0,home,0.7454595003,6.7807162952,False,-17.0,2.5
2021-01-17,Bellarmine Knights,80.0,away,0.2545404997,-6.7807162952,True,17.0,-2.5
2021-01-17,Louisiana Tech Bulldogs,82.0,home,0.8817032567000002,14.2630903938,True,16.0,7.5
2021-01-17,UTSA Roadrunners,66.0,away,0.1182967433,-14.2630903938,False,-16.0,-7.5
2021-01-17,North Dakota Fighting Hawks,82.0,home,0.2629806444,-6.2553662939,True,4.0,-5.5
2021-01-17,North Dakota State Bison,78.0,away,0.7370193556,6.2553662939,False,-4.0,5.5
2021-01-17,LSU Tigers,85.0,home,0.8453522947,11.9700471859,True,5.0,7.5
2021-01-17,South Carolina Gamecocks,80.0,away,0.1546477053,-11.9700471859,False,-5.0,-7.5
2021-01-17,UC Santa Barbara Gauchos,84.0,home,0.9396722367,17.2803882592,True,31.0,12.5
2021-01-17,UC San Diego Tritons,53.0,away,0.0603277633,-17.2803882592,False,-31.0,-12.5
2021-01-17,Tennessee Tech Golden Eagles,74.0,home,0.4716060991999999,-0.7788084994,True,3.0,-1.5
2021-01-17,Tennessee State Tigers,71.0,away,0.5283939008,0.7788084994,False,-3.0,1.5
2021-01-17,San Francisco Dons,63.0,home,0.4072373225,-2.5414478246,False,-9.0,-1.5
2021-01-17,BYU Cougars,72.0,away,0.5927626775,2.5414478246,True,9.0,1.5
2021-01-17,UT Rio Grande Valley Vaqueros,72.0,home,0.8563805611999998,12.8388470169,True,7.0,9.5
2021-01-17,Utah Tech Trailblazers,65.0,away,0.1436194388,-12.8388470169,False,-7.0,-9.5
2021-01-17,Incarnate Word Cardinals,65.0,home,0.2439052463,-7.3696816784,False,-18.0,-12.5
2021-01-17,Stephen F. Austin Lumberjacks,83.0,away,0.7560947537,7.3696816784,True,18.0,12.5
2021-01-17,Cal Poly Mustangs,53.0,home,0.1642647322,-10.2532891428,False,-17.0,-9.5
2021-01-17,UC Riverside Highlanders,70.0,away,0.8357352678,10.2532891428,True,17.0,9.5
2021-01-17,Pepperdine Waves,80.0,home,0.936030146,18.5456738049,True,15.0,12.5
2021-01-17,Portland Pilots,65.0,away,0.063969854,-18.5456738049,False,-15.0,-12.5
2021-01-17,Cal State Fullerton Titans,85.0,home,0.4308567911,-1.9255938542,False,-1.0,1.5
2021-01-17,Cal State Northridge Matadors,86.0,away,0.5691432089,1.9255938542,True,1.0,-1.5
2021-01-17,Texas Southern Tigers,72.0,home,0.7981220162,9.4200996547,False,-6.0,6.5
2021-01-17,Grambling Tigers,78.0,away,0.2018779838,-9.4200996547,True,6.0,-6.5
2021-01-17,California Baptist Lancers,73.0,home,0.8053235198,9.4015613828,True,6.0,5.5
2021-01-17,Tarleton State Texans,67.0,away,0.1946764801999999,-9.4015613828,False,-6.0,-5.5
2021-01-17,Hawai'i Rainbow Warriors,72.0,home,0.3706958496,-3.3457022687,False,-11.0,3.5
2021-01-17,Cal State Bakersfield Roadrunners,83.0,away,0.6293041504,3.3457022687,True,11.0,-3.5
2021-01-17,USC Trojans,85.0,home,0.9083778715000002,14.8698233876,True,8.0,12.5
2021-01-17,Washington State Cougars,77.0,away,0.0916221285,-14.8698233876,False,-8.0,-12.5
2021-01-17,Utah Utes,63.0,home,0.7955178918,8.2536236508,False,-9.0,12.5
2021-01-17,California Golden Bears,72.0,away,0.2044821082,-8.2536236508,True,9.0,-12.5
2021-01-27,Saint Louis Billikens,71.0,home,0.7912164367,8.3262176489,False,-5.0,8.5
2021-01-27,Dayton Flyers,76.0,away,0.2087835633,-8.3262176489,True,5.0,-8.5
2021-01-27,Portland State Vikings,69.0,home,0.9887262903,32.5667899371,True,9.0,0.0
2021-01-27,Saint Martin's Saints,60.0,away,0.0112737097,-32.5667899371,False,-9.0,0.0
2021-01-27,Memphis Tigers,76.0,home,0.5597412438,1.6932677239,True,4.0,2.5
2021-01-27,SMU Mustangs,72.0,away,0.4402587562,-1.6932677239,False,-4.0,-2.5
2021-01-27,UConn Huskies,63.0,home,0.8313618768,9.3326810094,True,12.0,5.5
2021-01-27,Butler Bulldogs,51.0,away,0.1686381231999999,-9.3326810094,False,-12.0,-5.5
2021-01-27,Alabama Crimson Tide,70.0,home,0.8455619587999998,10.9411548782,True,11.0,7.5
2021-01-27,Kentucky Wildcats,59.0,away,0.1544380412,-10.9411548782,False,-11.0,-7.5
2021-01-26,Ohio Bobcats,81.0,home,0.8538425883,11.1071309888,True,23.0,14.5
2021-01-26,Western Michigan Broncos,58.0,away,0.1461574117,-11.1071309888,False,-23.0,-14.5
2021-01-27,Miami (OH) RedHawks,81.0,home,0.207557645,-8.2328189792,False,-9.0,-4.5
2021-01-27,Toledo Rockets,90.0,away,0.792442355,8.2328189792,True,9.0,4.5
2021-01-27,Akron Zips,86.0,home,0.8707683156999999,12.5021971434,True,21.0,10.5
2021-01-27,Eastern Michigan Eagles,65.0,away,0.1292316843,-12.5021971434,False,-21.0,-10.5
2021-01-27,Tennessee Volunteers,56.0,home,0.8389255175,9.9935668424,True,3.0,8.5
2021-01-27,Mississippi State Bulldogs,53.0,away,0.1610744825,-9.9935668424,False,-3.0,-8.5
2021-01-27,Auburn Tigers,88.0,home,0.4449707329,-1.5409890795,True,6.0,2.5
2021-01-27,Missouri Tigers,82.0,away,0.5550292671,1.5409890795,False,-6.0,-2.5
2021-01-26,Indiana State Sycamores,71.0,home,0.6885417722,5.0639238733,True,12.0,5.5
2021-01-26,Southern Illinois Salukis,59.0,away,0.3114582278,-5.0639238733,False,-12.0,-5.5
2021-01-27,Missouri State Bears,61.0,home,0.276578514,-6.25628013,False,-7.0,-3.5
2021-01-27,Drake Bulldogs,68.0,away,0.723421486,6.25628013,True,7.0,3.5
2021-01-26,Temple Owls,76.0,home,0.4861054208,-0.3444275031,True,9.0,-1.5
2021-01-26,Tulsa Golden Hurricane,67.0,away,0.5138945792,0.3444275031,False,-9.0,1.5
2021-01-27,Pittsburgh Panthers,65.0,home,0.4474989134,-1.479017053,False,-10.0,-3.5
2021-01-27,North Carolina Tar Heels,75.0,away,0.5525010866,1.479017053,True,10.0,3.5
2021-01-27,Eastern Illinois Panthers,74.0,home,0.7793266929000001,8.5943857352,False,-13.0,7.5
2021-01-27,SIU Edwardsville Cougars,87.0,away,0.2206733071,-8.5943857352,True,13.0,-7.5
2021-01-26,Saint Joseph's Hawks,56.0,home,0.0948963265,-15.9032395864,False,-23.0,-13.5
2021-01-26,Richmond Spiders,79.0,away,0.9051036735,15.9032395864,True,23.0,13.5
2021-01-27,Texas Longhorns,79.0,home,0.6207207297,3.2487709711,False,-1.0,3.5
2021-01-27,Oklahoma Sooners,80.0,away,0.3792792702999999,-3.2487709711,True,1.0,-3.5
2021-01-27,Saint Francis Red Flash,92.0,home,0.6121728778,3.1194943933,False,-2.0,4.5
2021-01-27,Fairleigh Dickinson Knights,94.0,away,0.3878271222,-3.1194943933,True,2.0,-4.5
2021-01-27,Duke Blue Devils,75.0,home,0.6454962996,3.8163635113,True,7.0,5.5
2021-01-27,Georgia Tech Yellow Jackets,68.0,away,0.3545037004,-3.8163635113,False,-7.0,-5.5
2021-01-27,UT Martin Skyhawks,69.0,home,0.299071112,-5.5929381913,True,3.0,-5.5
2021-01-27,Southeast Missouri State Redhawks,66.0,away,0.700928888,5.5929381913,False,-3.0,5.5
2021-01-27,Texas A&M Aggies,66.0,home,0.2130612800999999,-8.1655807545,False,-12.0,-4.5
2021-01-27,LSU Tigers,78.0,away,0.7869387198999999,8.1655807545,True,12.0,4.5
2021-01-27,James Madison Dukes,78.0,home,0.7132489996,5.9699978733,True,15.0,2.5
2021-01-27,Towson Tigers,63.0,away,0.2867510004,-5.9699978733,False,-15.0,-2.5
2021-01-28,Maryland Terrapins,55.0,home,0.4059106830999999,-2.3541212483,False,-6.0,-3.5
2021-01-28,Wisconsin Badgers,61.0,away,0.5940893169,2.3541212483,True,6.0,3.5
2021-01-28,Notre Dame Fighting Irish,51.0,home,0.4314639845,-1.7054555855,False,-11.0,0.5
2021-01-28,Virginia Tech Hokies,62.0,away,0.5685360155,1.7054555855,True,11.0,-0.5
2021-01-27,Florida State Seminoles,81.0,home,0.8443877764,11.1700585892,True,22.0,10.5
2021-01-27,Miami Hurricanes,59.0,away,0.1556122236,-11.1700585892,False,-22.0,-10.5
2021-01-28,UNC Greensboro Spartans,81.0,home,0.7473730034,7.3407192877,True,13.0,5.5
2021-01-28,Mercer Bears,68.0,away,0.2526269966,-7.3407192877,False,-13.0,-5.5
2021-01-28,Ohio State Buckeyes,83.0,home,0.7568565545,7.3392371124,True,4.0,7.5
2021-01-28,Penn State Nittany Lions,79.0,away,0.2431434455,-7.3392371124,False,-4.0,-7.5
2021-01-28,Providence Friars,72.0,home,0.6843602738999999,4.9010434001,True,9.0,2.5
2021-01-28,Marquette Golden Eagles,63.0,away,0.3156397261,-4.9010434001,False,-9.0,-2.5
2021-01-27,Pepperdine Waves,76.0,home,0.2781523636,-6.4333204441,True,3.0,-6.5
2021-01-27,BYU Cougars,73.0,away,0.7218476364,6.4333204441,False,-3.0,6.5
2021-01-27,Fordham Rams,62.0,home,0.1355703353,-10.8915779851,False,-24.0,-6.5
2021-01-27,Duquesne Dukes,86.0,away,0.8644296647,10.8915779851,True,24.0,6.5
2021-01-27,Kent State Golden Flashes,96.0,home,0.6380736031,3.9076346029,True,5.0,3.5
2021-01-27,Bowling Green Falcons,91.0,away,0.3619263969,-3.9076346029,False,-5.0,-3.5
2021-01-27,The Citadel Bulldogs,77.0,home,0.2528402705,-7.2910886277,True,8.0,-8.5
2021-01-27,Wofford Terriers,69.0,away,0.7471597295,7.2910886277,False,-8.0,8.5
2021-01-27,La Salle Explorers,60.0,home,0.2207857509,-8.5185180526,False,-13.0,-7.5
2021-01-27,Rhode Island Rams,73.0,away,0.7792142491,8.5185180526,True,13.0,7.5
2021-01-27,Long Island University Sharks,63.0,home,0.6747125648,5.1007743395,False,-5.0,6.5
2021-01-27,Merrimack Warriors,68.0,away,0.3252874352,-5.1007743395,True,5.0,-6.5
2021-01-28,South Carolina Gamecocks,83.0,home,0.6678078782,4.929853513,True,24.0,4.5
2021-01-28,Georgia Bulldogs,59.0,away,0.3321921218,-4.929853513,False,-24.0,-4.5
2021-01-28,Baylor Bears,107.0,home,0.9888139227,28.072774787,True,48.0,23.5
2021-01-28,Kansas State Wildcats,59.0,away,0.0111860773,-28.072774787,False,-48.0,-23.5
2021-01-27,Florida Gators,78.0,home,0.908424315,15.235025337,True,7.0,12.5
2021-01-27,Vanderbilt Commodores,71.0,away,0.091575685,-15.235025337,False,-7.0,-12.5
2021-01-28,VMI Keydets,87.0,home,0.4456561062,-1.4931643726,True,26.0,1.5
2021-01-28,Western Carolina Catamounts,61.0,away,0.5543438938,1.4931643726,False,-26.0,-1.5
2021-01-28,Clemson Tigers,54.0,home,0.5660428538,1.6001438526,True,4.0,1.5
2021-01-28,Louisville Cardinals,50.0,away,0.4339571462,-1.6001438526,False,-4.0,-1.5
2021-01-28,Seton Hall Pirates,81.0,home,0.4663247346,-0.9183973129,False,-4.0,-1.5
2021-01-28,Creighton Bluejays,85.0,away,0.5336752654,0.9183973129,True,4.0,1.5
2021-01-27,Saint Francis Red Flash,90.0,home,0.5836926755,2.3235190833,True,8.0,4.5
2021-01-27,Fairleigh Dickinson Knights,82.0,away,0.4163073245,-2.3235190833,False,-8.0,-4.5
2021-01-28,UCF Knights,71.0,home,0.6667076538,4.3887792939,True,7.0,5.5
2021-01-28,East Carolina Pirates,64.0,away,0.3332923462,-4.3887792939,False,-7.0,-5.5
2021-01-28,Colorado Buffaloes,70.0,home,0.9466474188,18.4031607557,True,12.0,15.5
2021-01-28,Washington State Cougars,58.0,away,0.0533525812,-18.4031607557,False,-12.0,-15.5
2021-01-28,Colorado State Rams,78.0,home,0.4239992064,-2.0528383507,True,22.0,-2.5
2021-01-28,Boise State Broncos,56.0,away,0.5760007936,2.0528383507,False,-22.0,2.5
2021-01-28,Northwestern State Demons,81.0,home,0.5114476181,0.3226375268,True,8.0,1.5
2021-01-28,New Orleans Privateers,73.0,away,0.4885523819,-0.3226375268,False,-8.0,-1.5
2021-01-28,Texas A&M-Corpus Christi Islanders,70.0,home,0.1831392026,-10.2422252712,False,-5.0,-9.5
2021-01-28,Sam Houston Bearkats,75.0,away,0.8168607974,10.2422252712,True,5.0,9.5
2021-01-28,Missouri State Bears,73.0,home,0.2641934271,-6.7139200141,False,-5.0,-3.5
2021-01-28,Drake Bulldogs,78.0,away,0.7358065729,6.7139200141,True,5.0,3.5
2021-01-28,UNLV Rebels,74.0,home,0.4538958441,-1.1806421575,False,-9.0,-7.5
2021-01-28,Utah State Aggies,83.0,away,0.5461041559,1.1806421575,True,9.0,7.5
2021-01-28,Abilene Christian Wildcats,82.0,home,0.7198494399,6.3892645142,True,20.0,2.5
2021-01-28,Stephen F. Austin Lumberjacks,62.0,away,0.2801505601,-6.3892645142,False,-20.0,-2.5
2021-01-28,Incarnate Word Cardinals,57.0,home,0.6174698489,3.1690614295,False,-16.0,1.5
2021-01-28,Houston Christian Huskies,73.0,away,0.3825301511,-3.1690614295,True,16.0,-1.5
2021-01-28,Nicholls Colonels,76.0,home,0.7843777529,9.0320888044,True,7.0,13.5
2021-01-28,McNeese Cowboys,69.0,away,0.2156222471,-9.0320888044,False,-7.0,-13.5
2021-01-28,Arkansas Razorbacks,74.0,home,0.6582058128,4.4706882047,True,15.0,3.5
2021-01-28,Ole Miss Rebels,59.0,away,0.3417941872,-4.4706882047,False,-15.0,-3.5
2021-01-28,SE Louisiana Lions,69.0,home,0.37834902,-3.4996708597,True,12.0,-1.5
2021-01-28,Central Arkansas Bears,57.0,away,0.62165098,3.4996708597,False,-12.0,1.5
2021-01-28,NC State Wolfpack,72.0,home,0.7958803987,9.0127366701,True,5.0,7.5
2021-01-28,Wake Forest Demon Deacons,67.0,away,0.2041196013,-9.0127366701,False,-5.0,-7.5
2021-01-28,DePaul Blue Demons,68.0,home,0.4715620666,-0.8304496316,False,-13.0,-0.5
2021-01-28,St. John's Red Storm,81.0,away,0.5284379334,0.8304496316,True,13.0,0.5
2021-01-29,San Diego Toreros,62.0,home,0.0327089144,-24.1834822497,False,-28.0,-27.5
2021-01-29,Gonzaga Bulldogs,90.0,away,0.9672910856,24.1834822497,True,28.0,27.5
2021-01-28,USC Trojans,75.0,home,0.8684446404,11.7370287432,True,13.0,12.5
2021-01-28,Oregon State Beavers,62.0,away,0.1315553596,-11.7370287432,False,-13.0,-12.5
2021-01-29,Kansas Jayhawks,59.0,home,0.8636191769,11.6505922804,True,8.0,14.5
2021-01-29,TCU Horned Frogs,51.0,away,0.1363808231,-11.6505922804,False,-8.0,-14.5
2021-01-29,Southeast Missouri State Redhawks,64.0,home,0.5546653154,1.4582052566,True,2.0,2.5
2021-01-29,SIU Edwardsville Cougars,62.0,away,0.4453346845999999,-1.4582052566,False,-2.0,-2.5
2021-01-29,Winthrop Eagles,84.0,home,0.8412416856999999,12.1724295638,True,4.0,12.5
2021-01-29,UNC Asheville Bulldogs,80.0,away,0.1587583143,-12.1724295638,False,-4.0,-12.5
2021-01-29,UTSA Roadrunners,86.0,home,0.4155556323,-2.2975556032,True,7.0,1.5
2021-01-29,UTEP Miners,79.0,away,0.5844443677,2.2975556032,False,-7.0,-1.5
2021-01-29,UT Martin Skyhawks,51.0,home,0.1820949352999999,-9.9449597636,True,10.0,-8.5
2021-01-29,Eastern Illinois Panthers,41.0,away,0.8179050647,9.9449597636,False,-10.0,8.5
2021-01-29,Austin Peay Governors,76.0,home,0.263246327,-6.7788475707,False,-5.0,-5.5
2021-01-29,Belmont Bruins,81.0,away,0.736753673,6.7788475707,True,5.0,5.5
2021-01-29,Valparaiso Beacons,91.0,home,0.1869958142,-9.3577496888,True,6.0,-5.5
2021-01-29,Bradley Braves,85.0,away,0.8130041858,9.3577496888,False,-6.0,5.5
2021-01-29,Middle Tennessee Blue Raiders,59.0,home,0.140502287,-12.4179138594,False,-11.0,-10.5
2021-01-29,UAB Blazers,70.0,away,0.859497713,12.4179138594,True,11.0,10.5
2021-01-29,San Diego State Aztecs,87.0,home,0.9699267753,22.2615984534,True,30.0,15.5
2021-01-29,Wyoming Cowboys,57.0,away,0.0300732247,-22.2615984534,False,-30.0,-15.5
2021-01-28,Long Island University Sharks,78.0,home,0.0,0.0,True,10.0,5.5
2021-01-28,Merrimack Warriors,68.0,away,0.0,0.0,False,-10.0,-5.5
2021-01-29,Idaho Vandals,56.0,home,0.0934666049,-15.3909209959,False,-25.0,-11.5
2021-01-29,Weber State Wildcats,81.0,away,0.9065333951,15.3909209959,True,25.0,11.5
2021-01-29,Murray State Racers,73.0,home,0.8899124468,14.5147901704,True,20.0,12.5
2021-01-29,Tennessee State Tigers,53.0,away,0.1100875532,-14.5147901704,False,-20.0,-12.5
2021-01-29,Rutgers Scarlet Knights,67.0,home,0.5777568276,2.1010469576,True,30.0,2.5
2021-01-29,Michigan State Spartans,37.0,away,0.4222431724,-2.1010469576,False,-30.0,-2.5
2021-01-29,Southern Miss Golden Eagles,63.0,home,0.2250210772,-7.8236881408,False,-13.0,-7.5
2021-01-29,Louisiana Tech Bulldogs,76.0,away,0.7749789228,7.8236881408,True,13.0,7.5
2021-01-29,Tulane Green Wave,60.0,home,0.0468599514,-18.5359976236,False,-23.0,-15.5
2021-01-29,Houston Cougars,83.0,away,0.9531400486,18.5359976236,True,23.0,15.5
2021-01-29,Jacksonville State Gamecocks,66.0,home,0.6472190599,3.5782684731,False,-19.0,3.5
2021-01-29,Morehead State Eagles,85.0,away,0.3527809400999999,-3.5782684731,True,19.0,-3.5
2021-01-29,SMU Mustangs,67.0,home,0.6268253972,3.60595068,True,2.0,4.5
2021-01-29,Memphis Tigers,65.0,away,0.3731746028,-3.60595068,False,-2.0,-4.5
2021-01-29,San José State Spartans,59.0,home,0.5293595461,0.7511361235,True,1.0,-5.5
2021-01-29,Air Force Falcons,58.0,away,0.4706404539,-0.7511361235,False,-1.0,5.5
2021-01-29,Arizona Wildcats,64.0,home,0.7349900341,6.7476559437,False,-9.0,8.5
2021-01-29,Stanford Cardinal,73.0,away,0.2650099659,-6.7476559437,True,9.0,-8.5
2021-01-29,Fresno State Bulldogs,64.0,home,0.7330298569,6.151884928,True,2.0,6.5
2021-01-29,New Mexico Lobos,62.0,away,0.2669701431,-6.151884928,False,-2.0,-6.5
2021-01-29,Arizona State Sun Devils,72.0,home,0.8161363504000001,9.2703515109,True,4.0,8.5
2021-01-29,California Golden Bears,68.0,away,0.1838636496,-9.2703515109,False,-4.0,-8.5
2021-01-31,Temple Owls,64.0,home,0.7981060956,8.7018932615,False,-17.0,7.5
2021-01-31,Tulane Green Wave,81.0,away,0.2018939044,-8.7018932615,True,17.0,-7.5
2021-01-31,UNC Wilmington Seahawks,83.0,home,0.4824307916999999,-0.4582409916,False,-6.0,-2.5
2021-01-31,Hofstra Pride,89.0,away,0.5175692083,0.4582409916,True,6.0,2.5
2021-01-31,Stony Brook Seawolves,63.0,home,0.5274046078,0.692169629,True,14.0,2.5
2021-01-31,Hartford Hawks,49.0,away,0.4725953922,-0.692169629,False,-14.0,-2.5
2021-01-31,Delaware Blue Hens,75.0,home,0.620007882,2.9900321148,True,5.0,6.5
2021-01-31,Elon Phoenix,70.0,away,0.379992118,-2.9900321148,False,-5.0,-6.5
2021-01-31,Drake Bulldogs,78.0,home,0.9531456891,20.4563255122,True,2.0,18.5
2021-01-31,Illinois State Redbirds,76.0,away,0.0468543109,-20.4563255122,False,-2.0,-18.5
2021-01-31,Towson Tigers,74.0,home,0.6958619693999999,5.2660869616,False,-1.0,4.5
2021-01-31,William & Mary Tribe,75.0,away,0.3041380306,-5.2660869616,True,1.0,-4.5
2021-01-31,Mount St. Mary's Mountaineers,76.0,home,0.7004077357,5.0472943888,True,12.0,5.5
2021-01-31,Sacred Heart Pioneers,64.0,away,0.2995922643,-5.0472943888,False,-12.0,-5.5
2021-01-31,Missouri State Bears,46.0,home,0.1858114447,-9.142083394,False,-26.0,-5.5
2021-01-31,Loyola Chicago Ramblers,72.0,away,0.8141885553,9.142083394,True,26.0,5.5
2021-01-31,Binghamton Bearcats,65.0,home,0.3279731140999999,-4.4407868604,False,-6.0,-4.5
2021-01-31,New Hampshire Wildcats,71.0,away,0.6720268859,4.4407868604,True,6.0,4.5
2021-01-31,Bucknell Bison,92.0,home,0.8159039116,10.1313135053,True,24.0,5.5
2021-01-31,Lehigh Mountain Hawks,68.0,away,0.1840960884,-10.1313135053,False,-24.0,-5.5
2021-01-31,North Texas Mean Green,79.0,home,0.8536237885999999,11.4124724229,True,26.0,11.5
2021-01-31,Rice Owls,53.0,away,0.1463762114,-11.4124724229,False,-26.0,-11.5
2021-01-31,North Carolina A&T Aggies,67.0,home,0.7147645305,6.44853403,True,2.0,3.5
2021-01-31,Florida A&M Rattlers,65.0,away,0.2852354695,-6.44853403,False,-2.0,-3.5
2021-01-31,Marist Red Foxes,50.0,home,0.3350066626,-4.114977362,False,-13.0,-6.5
2021-01-31,Siena Saints,63.0,away,0.6649933374,4.114977362,True,13.0,6.5
2021-01-31,UAB Blazers,63.0,home,0.9321125919,17.5246093157,True,11.0,15.5
2021-01-31,Middle Tennessee Blue Raiders,52.0,away,0.0678874081,-17.5246093157,False,-11.0,-15.5
2021-01-31,NJIT Highlanders,69.0,home,0.4275561592,-1.9058888768,True,4.0,-4.5
2021-01-31,UMBC Retrievers,65.0,away,0.5724438408,1.9058888768,False,-4.0,4.5
2021-01-31,Marquette Golden Eagles,73.0,home,0.5873983551,2.4639815841,False,-2.0,3.5
2021-01-31,St. John's Red Storm,75.0,away,0.4126016449,-2.4639815841,True,2.0,-3.5
2021-01-31,Eastern Washington Eagles,68.0,home,0.7325641431,6.4241060678,True,8.0,9.5
2021-01-31,Sacramento State Hornets,60.0,away,0.2674358569,-6.4241060678,False,-8.0,-9.5
2021-01-31,James Madison Dukes,73.0,home,0.5328350949,0.8456622356,True,9.0,2.5
2021-01-31,Drexel Dragons,64.0,away,0.4671649050999999,-0.8456622356,False,-9.0,-2.5
2021-01-31,Houston Cougars,70.0,home,0.8506109150000001,11.0809752247,True,22.0,9.5
2021-01-31,SMU Mustangs,48.0,away,0.149389085,-11.0809752247,False,-22.0,-9.5
2021-01-31,Ohio State Buckeyes,79.0,home,0.7720496093,8.0082846402,True,17.0,6.5
2021-01-31,Michigan State Spartans,62.0,away,0.2279503907,-8.0082846402,False,-17.0,-6.5
2021-01-31,Southern Illinois Salukis,71.0,home,0.3520776779,-3.8984814429,True,3.0,-2.5
2021-01-31,Northern Iowa Panthers,68.0,away,0.6479223220999999,3.8984814429,False,-3.0,2.5
2021-01-31,Fairleigh Dickinson Knights,95.0,home,0.3583730078,-4.4131246551,True,11.0,-5.5
2021-01-31,Bryant Bulldogs,84.0,away,0.6416269922,4.4131246551,False,-11.0,5.5
2021-01-31,Holy Cross Crusaders,60.0,home,0.0639022118,-18.3980768628,False,-18.0,-14.5
2021-01-31,Colgate Raiders,78.0,away,0.9360977882,18.3980768628,True,18.0,14.5
2021-01-31,Syracuse Orange,76.0,home,0.6882551973,5.4501822732,True,3.0,6.5
2021-01-31,NC State Wolfpack,73.0,away,0.3117448027,-5.4501822732,False,-3.0,-6.5
2021-01-31,Evansville Purple Aces,70.0,home,0.4395578808,-1.4473289876,True,18.0,1.5
2021-01-31,Valparaiso Beacons,52.0,away,0.5604421192,1.4473289876,False,-18.0,-1.5
2021-01-31,Stephen F. Austin Lumberjacks,78.0,home,0.5631460992,1.7942408619,True,10.0,6.5
2021-01-31,Sam Houston Bearkats,68.0,away,0.4368539008,-1.7942408619,False,-10.0,-6.5
2021-02-01,UC Riverside Highlanders,71.0,home,0.0,0.0,True,12.0,7.5
2021-02-01,UC San Diego Tritons,59.0,away,0.0,0.0,False,-12.0,-7.5
2021-01-31,Indiana State Sycamores,60.0,home,0.3240554027999999,-4.6474817742,True,3.0,1.5
2021-01-31,Bradley Braves,57.0,away,0.6759445972,4.6474817742,False,-3.0,-1.5
2021-01-31,Saint Francis Red Flash,77.0,home,0.7383840054,7.0618984633,False,-8.0,8.5
2021-01-31,Central Connecticut Blue Devils,85.0,away,0.2616159946,-7.0618984633,True,8.0,-8.5
2021-02-01,Nevada Wolf Pack,89.0,home,0.490588816,-0.241995619,True,29.0,4.5
2021-02-01,UNLV Rebels,60.0,away,0.509411184,0.241995619,False,-29.0,-4.5
2021-02-01,Washington Huskies,62.0,home,0.5742079123,2.0064000493,False,-15.0,1.5
2021-02-01,Washington State Cougars,77.0,away,0.4257920877,-2.0064000493,True,15.0,-1.5
2021-02-01,Northwestern Wildcats,56.0,home,0.4856368215,-0.3604424806,False,-8.0,-3.5
2021-02-01,Rutgers Scarlet Knights,64.0,away,0.5143631785,0.3604424806,True,8.0,3.5
2021-01-30,Troy Trojans,71.0,home,0.3076309505,-4.8792722475,True,9.0,-4.5
2021-01-30,App State Mountaineers,62.0,away,0.6923690495,4.8792722475,False,-9.0,4.5
2021-01-29,Youngstown State Penguins,75.0,home,0.428680816,-1.8172263932,False,-3.0,1.5
2021-01-29,Detroit Mercy Titans,78.0,away,0.571319184,1.8172263932,True,3.0,-1.5
2021-01-30,North Florida Ospreys,78.0,home,0.3445673028,-4.3509386586,False,-4.0,2.5
2021-01-30,North Alabama Lions,82.0,away,0.6554326972,4.3509386586,True,4.0,-2.5
2021-01-30,Buffalo Bulls,75.0,home,0.5985243395,2.8188908848,False,-1.0,2.5
2021-01-30,Ohio Bobcats,76.0,away,0.4014756605,-2.8188908848,True,1.0,-2.5
2021-01-29,Presbyterian Blue Hose,45.0,home,0.36457,-3.2902056325,False,-4.0,-1.5
2021-01-29,Longwood Lancers,49.0,away,0.63543,3.2902056325,True,4.0,1.5
2021-01-30,Florida Gulf Coast Eagles,64.0,home,0.6679492924,4.7189849034,True,1.0,1.5
2021-01-30,Stetson Hatters,63.0,away,0.3320507076,-4.7189849034,False,-1.0,-1.5
2021-01-29,Northern Kentucky Norse,72.0,home,0.5847960165,2.1782128265,True,4.0,3.5
2021-01-29,UIC Flames,68.0,away,0.4152039835,-2.1782128265,False,-4.0,-3.5
2021-01-30,Illinois Fighting Illini,80.0,home,0.4681305419,-0.8902345814,True,5.0,2.5
2021-01-30,Iowa Hawkeyes,75.0,away,0.5318694581,0.8902345814,False,-5.0,-2.5
2021-01-30,Jacksonville Dolphins,54.0,home,0.1322348006,-11.4430659293,False,-5.0,-10.5
2021-01-30,Liberty Flames,59.0,away,0.8677651994,11.4430659293,True,5.0,10.5
2021-01-29,Kennesaw State Owls,67.0,home,0.2924570157,-5.1507979528,False,-17.0,-7.5
2021-01-29,Bellarmine Knights,84.0,away,0.7075429843,5.1507979528,True,17.0,7.5
2021-01-29,North Carolina Central Eagles,94.0,home,0.0,0.0,True,33.0,0.0
2021-01-29,Carver College Cougars,61.0,away,0.0,0.0,False,-33.0,0.0
2021-01-29,Niagara Purple Eagles,67.0,home,0.4601280127,-1.0896606303,False,-10.0,-3.5
2021-01-29,Monmouth Hawks,77.0,away,0.5398719873,1.0896606303,True,10.0,3.5
2021-01-30,Cleveland State Vikings,74.0,home,0.7771560960000001,7.8005843203,True,6.0,3.5
2021-01-30,Green Bay Phoenix,68.0,away,0.2228439039999999,-7.8005843203,False,-6.0,-3.5
2021-01-29,Texas State Bobcats,60.0,home,0.6784132035,4.8734695453,False,-2.0,3.5
2021-01-29,Louisiana Ragin' Cajuns,62.0,away,0.3215867964999999,-4.8734695453,True,2.0,-3.5
2021-01-30,Gardner-Webb Runnin' Bulldogs,55.0,home,0.7874302743,8.2927685637,False,-4.0,6.5
2021-01-30,High Point Panthers,59.0,away,0.2125697257,-8.2927685637,True,4.0,-6.5
2021-01-29,Charlotte 49ers,63.0,home,0.7012348377,5.2798389628,True,8.0,7.5
2021-01-29,Florida International Panthers,55.0,away,0.2987651623,-5.2798389628,False,-8.0,-7.5
2021-01-29,Rice Owls,74.0,home,0.2598695752,-6.7466233975,False,-5.0,-7.5
2021-01-29,North Texas Mean Green,79.0,away,0.7401304247999999,6.7466233975,True,5.0,7.5
2021-01-29,IU Indianapolis Jaguars,73.0,home,0.3502834338999999,-4.2390487502,True,5.0,-4.5
2021-01-29,Milwaukee Panthers,68.0,away,0.6497165661,4.2390487502,False,-5.0,4.5
2021-01-30,Cal Poly Mustangs,76.0,home,0.3540302820999999,-4.0695195478,True,6.0,-5.5
2021-01-30,Cal State Northridge Matadors,70.0,away,0.6459697179,4.0695195478,False,-6.0,5.5
2021-01-29,Winthrop Eagles,55.0,home,0.827165731,11.3303623957,False,-2.0,12.5
2021-01-29,UNC Asheville Bulldogs,57.0,away,0.172834269,-11.3303623957,True,2.0,-12.5
2021-01-30,Campbell Fighting Camels,59.0,home,0.8276778994,9.9931320999,True,1.0,7.5
2021-01-30,Charleston Southern Buccaneers,58.0,away,0.1723221006,-9.9931320999,False,-1.0,-7.5
2021-01-30,Little Rock Trojans,66.0,home,0.8660427959,11.5441435247,True,4.0,10.5
2021-01-30,UL Monroe Warhawks,62.0,away,0.1339572041,-11.5441435247,False,-4.0,-10.5
2021-01-30,Utah Valley Wolverines,73.0,home,0.6303356084,3.6337180192,True,13.0,7.5
2021-01-30,Tarleton State Texans,60.0,away,0.3696643916,-3.6337180192,False,-13.0,-7.5
2021-01-30,North Dakota Fighting Hawks,83.0,home,0.6425205559,4.207656486,True,2.0,4.5
2021-01-30,Western Illinois Leathernecks,81.0,away,0.3574794441,-4.207656486,False,-2.0,-4.5
2021-01-30,UC Davis Aggies,51.0,home,0.2064408606,-9.0644536055,False,-21.0,-7.5
2021-01-30,UC Santa Barbara Gauchos,72.0,away,0.7935591393999999,9.0644536055,True,21.0,7.5
2021-01-30,Cal State Bakersfield Roadrunners,84.0,home,0.8608142759,11.3992441694,False,-6.0,9.5
2021-01-30,Cal State Fullerton Titans,90.0,away,0.1391857241,-11.3992441694,True,6.0,-9.5
2021-01-30,Purdue Fort Wayne Mastodons,66.0,home,0.7546644086,7.8334065891,False,-15.0,1.5
2021-01-30,Oakland Golden Grizzlies,81.0,away,0.2453355914,-7.8334065891,True,15.0,-1.5
2021-01-30,Northern Arizona Lumberjacks,68.0,home,0.4461307573999999,-1.3560772134,True,4.0,-4.5
2021-01-30,Northern Colorado Bears,64.0,away,0.5538692426,1.3560772134,False,-4.0,4.5
2021-01-30,California Baptist Lancers,89.0,home,0.8765983474,13.0912060456,True,15.0,9.5
2021-01-30,Utah Tech Trailblazers,74.0,away,0.1234016526,-13.0912060456,False,-15.0,-9.5
2021-01-30,Saint Peter's Peacocks,59.0,home,0.7351338380999999,6.439148315,True,4.0,8.5
2021-01-30,Manhattan Jaspers,55.0,away,0.2648661619,-6.439148315,False,-4.0,-8.5
2021-01-30,Kansas City Roos,67.0,home,0.6657737050999999,3.96654849,False,-4.0,-3.5
2021-01-30,North Dakota State Bison,71.0,away,0.3342262949,-3.96654849,True,4.0,3.5
2021-01-30,Georgia Southern Eagles,62.0,home,0.3537346991,-4.2327463653,False,-17.0,-2.5
2021-01-30,Coastal Carolina Chanticleers,79.0,away,0.6462653009,4.2327463653,True,17.0,2.5
2021-01-30,Arkansas State Red Wolves,83.0,home,0.3402255924,-4.5303777024,True,8.0,-3.5
2021-01-30,UT Arlington Mavericks,75.0,away,0.6597744076,4.5303777024,False,-8.0,3.5
2021-01-30,Wright State Raiders,79.0,home,0.9367524072,17.6615369339,True,9.0,15.5
2021-01-30,Robert Morris Colonials,70.0,away,0.0632475928,-17.6615369339,False,-9.0,-15.5
2021-01-30,Hawai'i Rainbow Warriors,51.0,home,0.3220190796,-5.1604343806,False,-2.0,-3.5
2021-01-30,UC Irvine Anteaters,53.0,away,0.6779809204,5.1604343806,True,2.0,3.5
2021-01-30,South Dakota Coyotes,91.0,home,0.7619446223,7.8147323602,True,32.0,8.5
2021-01-30,Omaha Mavericks,59.0,away,0.2380553776999999,-7.8147323602,False,-32.0,-8.5
2021-01-30,Grand Canyon Lopes,70.0,home,0.7542343779,6.7598713553,True,8.0,4.5
2021-01-30,New Mexico State Aggies,62.0,away,0.2457656221,-6.7598713553,False,-8.0,-4.5
2021-01-30,Colorado State Rams,77.0,home,0.5110586645,0.2974421211,False,-8.0,-3.5
2021-01-30,Boise State Broncos,85.0,away,0.4889413355,-0.2974421211,True,8.0,3.5
2021-02-02,Drake Bulldogs,95.0,home,0.9406443785,18.7744980968,True,35.0,18.5
2021-02-02,Illinois State Redbirds,60.0,away,0.0593556215,-18.7744980968,False,-35.0,-18.5
2021-02-01,Indiana State Sycamores,67.0,home,0.3362551764000001,-4.280146613,True,12.0,-1.5
2021-02-01,Bradley Braves,55.0,away,0.6637448236,4.280146613,False,-12.0,1.5
2021-02-01,SIU Edwardsville Cougars,59.0,home,0.4068185417,-2.4659806877,False,-15.0,-6.5
2021-02-01,Austin Peay Governors,74.0,away,0.5931814583,2.4659806877,True,15.0,6.5
2021-02-02,Wofford Terriers,67.0,home,0.7228010248,5.8686298906,True,5.0,2.5
2021-02-02,East Tennessee State Buccaneers,62.0,away,0.2771989752,-5.8686298906,False,-5.0,-2.5
2021-02-02,Missouri State Bears,50.0,home,0.1423758845,-11.0937727423,False,-20.0,-8.5
2021-02-02,Loyola Chicago Ramblers,70.0,away,0.8576241155,11.0937727423,True,20.0,8.5
2021-02-02,Florida International Panthers,90.0,home,0.9935347653,36.6548273622,True,16.0,0.0
2021-02-02,Florida Memorial FLORIDA MEMORIAL,74.0,away,0.0064652347,-36.6548273622,False,-16.0,0.0
2021-02-02,Prairie View A&M Panthers,87.0,home,0.9217082558,15.810554789,True,24.0,16.5
2021-02-02,Alabama State Hornets,63.0,away,0.0782917442,-15.810554789,False,-24.0,-16.5
2021-02-01,Stetson Hatters,110.0,home,0.9903221662,32.2775232253,True,54.0,0.0
2021-02-01,Carver College Cougars,56.0,away,0.0096778338,-32.2775232253,False,-54.0,0.0
2021-02-02,Grambling Tigers,85.0,home,0.9805830514,26.9739076352,True,13.0,24.5
2021-02-02,Mississippi Valley State Delta Devils,72.0,away,0.0194169486,-26.9739076352,False,-13.0,-24.5
2021-02-01,Western Carolina Catamounts,76.0,home,0.6118992365,3.2860532894,True,1.0,6.5
2021-02-01,The Citadel Bulldogs,75.0,away,0.3881007635,-3.2860532894,False,-1.0,-6.5
2021-02-02,Texas Tech Red Raiders,57.0,home,0.6969681778000001,5.3308104962,True,5.0,6.5
2021-02-02,Oklahoma Sooners,52.0,away,0.3030318222,-5.3308104962,False,-5.0,-6.5
2021-02-02,Texas Southern Tigers,66.0,home,0.7894565722,9.4351427566,True,17.0,9.5
2021-02-02,Alabama A&M Bulldogs,49.0,away,0.2105434278,-9.4351427566,False,-17.0,-9.5
2021-02-01,Louisville Cardinals,74.0,home,0.6132076207,2.8195974849,True,16.0,4.5
2021-02-01,Georgia Tech Yellow Jackets,58.0,away,0.3867923793,-2.8195974849,False,-16.0,-4.5
2021-02-02,Memphis Tigers,96.0,home,0.8031185083,9.3462389745,True,27.0,8.5
2021-02-02,UCF Knights,69.0,away,0.1968814917,-9.3462389745,False,-27.0,-8.5
2021-02-02,Evansville Purple Aces,58.0,home,0.5275466245,0.6546617544,True,7.0,2.5
2021-02-02,Valparaiso Beacons,51.0,away,0.4724533755,-0.6546617544,False,-7.0,-2.5
2021-02-01,Eastern Washington Eagles,94.0,home,0.7455573918999999,6.8652108034,True,15.0,8.5
2021-02-01,Sacramento State Hornets,79.0,away,0.2544426081,-6.8652108034,False,-15.0,-8.5
2021-02-02,Jackson State Tigers,63.0,home,0.9105901075,15.7576923446,True,8.0,11.5
2021-02-02,Arkansas-Pine Bluff Golden Lions,55.0,away,0.0894098925,-15.7576923446,False,-8.0,-11.5
2021-02-02,Miami Hurricanes,77.0,home,0.2710126906,-6.4452478033,True,2.0,-10.5
2021-02-02,Duke Blue Devils,75.0,away,0.7289873094000001,6.4452478033,False,-2.0,10.5
2021-02-02,Southeast Missouri State Redhawks,60.0,home,0.2064161769,-8.9415640356,False,-17.0,-7.5
2021-02-02,Murray State Racers,77.0,away,0.7935838231,8.9415640356,True,17.0,7.5
2021-02-02,North Carolina Central Eagles,91.0,home,0.9361367932,18.7326622108,True,14.0,16.5
2021-02-02,South Carolina State Bulldogs,77.0,away,0.0638632068,-18.7326622108,False,-14.0,-16.5
2021-02-04,St. John's Red Storm,70.0,home,0.1979561883999999,-9.4553493355,True,11.0,-9.5
2021-02-04,Villanova Wildcats,59.0,away,0.8020438116000002,9.4553493355,False,-11.0,9.5
2021-02-03,Delaware State Hornets,81.0,home,0.0,0.0,True,1.0,0.0
2021-02-03,Lancasater Bible College Chargers,80.0,away,0.0,0.0,False,-1.0,0.0
2021-02-04,La Salle Explorers,82.0,home,0.1524992941,-11.4819612716,True,7.0,-12.5
2021-02-04,Saint Louis Billikens,75.0,away,0.8475007059,11.4819612716,False,-7.0,12.5
2021-02-04,Alabama Crimson Tide,78.0,home,0.6581656887,4.733693562,True,18.0,8.5
2021-02-04,LSU Tigers,60.0,away,0.3418343113,-4.733693562,False,-18.0,-8.5
2021-02-04,Wofford Terriers,80.0,home,0.828692793,10.0764676937,False,-4.0,7.5
2021-02-04,VMI Keydets,84.0,away,0.171307207,-10.0764676937,True,4.0,-7.5
2021-02-04,Rhode Island Rams,62.0,home,0.5897097237,2.5168561798,False,-1.0,-3.5
2021-02-04,VCU Rams,63.0,away,0.4102902762999999,-2.5168561798,True,1.0,3.5
2021-02-04,NC State Wolfpack,57.0,home,0.2801619471,-5.4953371331,False,-7.0,-6.5
2021-02-04,Virginia Cavaliers,64.0,away,0.7198380529,5.4953371331,True,7.0,6.5
2021-02-04,Lamar Cardinals,58.0,home,0.6412893,3.9044882841,False,-9.0,6.5
2021-02-04,Incarnate Word Cardinals,67.0,away,0.3587106999999999,-3.9044882841,True,9.0,-6.5
2021-02-03,East Carolina Pirates,82.0,home,0.0650113866,-16.5553159679,True,9.0,-16.5
2021-02-03,Houston Cougars,73.0,away,0.9349886134,16.5553159679,False,-9.0,16.5
2021-02-03,Massachusetts Minutemen,60.0,home,0.9206530269999998,15.7441190746,True,6.0,10.5
2021-02-03,Fordham Rams,54.0,away,0.079346973,-15.7441190746,False,-6.0,-10.5
2021-02-04,Missouri Tigers,75.0,home,0.7023451815,5.5550553816,True,5.0,4.5
2021-02-04,Kentucky Wildcats,70.0,away,0.2976548185,-5.5550553816,False,-5.0,-4.5
2021-02-03,Florida Gators,66.0,home,0.8266171185000001,11.1883890309,False,-6.0,7.5
2021-02-03,South Carolina Gamecocks,72.0,away,0.1733828815,-11.1883890309,True,6.0,-7.5
2021-02-04,Creighton Bluejays,79.0,home,0.9283322385,17.3076135903,False,-7.0,14.5
2021-02-04,Georgetown Hoyas,86.0,away,0.0716677615,-17.3076135903,True,7.0,-14.5
2021-02-04,Pittsburgh Panthers,83.0,home,0.3489172967,-4.0551925903,True,11.0,-3.5
2021-02-04,Virginia Tech Hokies,72.0,away,0.6510827033,4.0551925903,False,-11.0,3.5
2021-02-03,James Madison Dukes,78.0,home,0.7951006775,9.0331606823,True,21.0,9.5
2021-02-03,Elon Phoenix,57.0,away,0.2048993225,-9.0331606823,False,-21.0,-9.5
2021-02-04,Western Carolina Catamounts,67.0,home,0.5030838106,0.0818627748,False,-7.0,1.5
2021-02-04,Chattanooga Mocs,74.0,away,0.4969161894,-0.0818627748,True,7.0,-1.5
2021-02-04,Providence Friars,43.0,home,0.5089089811,0.2259297385,False,-17.0,-2.5
2021-02-04,Seton Hall Pirates,60.0,away,0.4910910188999999,-0.2259297385,True,17.0,2.5
2021-02-04,The Citadel Bulldogs,66.0,home,0.2479960544,-8.0438036188,False,-19.0,-10.5
2021-02-04,UNC Greensboro Spartans,85.0,away,0.7520039456,8.0438036188,True,19.0,10.5
2021-02-04,Mercer Bears,64.0,home,0.5811038958,2.1231671409,False,-6.0,2.5
2021-02-04,East Tennessee State Buccaneers,70.0,away,0.4188961042,-2.1231671409,True,6.0,-2.5
2021-02-04,Bowling Green Falcons,70.0,home,0.8616076604,12.6855294667,False,-6.0,13.5
2021-02-04,Western Michigan Broncos,76.0,away,0.1383923396,-12.6855294667,True,6.0,-13.5
2021-02-04,Memphis Tigers,75.0,home,0.8377798684,11.1600499169,True,14.0,11.5
2021-02-04,UCF Knights,61.0,away,0.1622201315999999,-11.1600499169,False,-14.0,-11.5
2021-02-04,Tulsa Golden Hurricane,63.0,home,0.4218125488,-2.0130207599,False,-2.0,-3.5
2021-02-04,SMU Mustangs,65.0,away,0.5781874512,2.0130207599,True,2.0,3.5
2021-02-04,Wichita State Shockers,75.0,home,0.787007105,8.4743192785,True,8.0,11.5
2021-02-04,Tulane Green Wave,67.0,away,0.212992895,-8.4743192785,False,-8.0,-11.5
2021-02-04,TCU Horned Frogs,81.0,home,0.4259638363,-2.1048221056,True,3.0,-4.5
2021-02-04,Oklahoma State Cowboys,78.0,away,0.5740361637,2.1048221056,False,-3.0,4.5
2021-02-04,Texas A&M-Corpus Christi Islanders,75.0,home,0.1801820405,-10.4549468019,False,-9.0,-14.5
2021-02-04,Stephen F. Austin Lumberjacks,84.0,away,0.8198179595,10.4549468019,True,9.0,14.5
2021-02-03,Texas Longhorns,69.0,home,0.2293911605,-8.1106964402,False,-14.0,-5.5
2021-02-03,Baylor Bears,83.0,away,0.7706088395,8.1106964402,True,14.0,5.5
2021-02-03,Ole Miss Rebels,52.0,home,0.3051852544,-5.0537636197,True,2.0,-2.5
2021-02-03,Tennessee Volunteers,50.0,away,0.6948147456,5.0537636197,False,-2.0,2.5
2021-02-03,Iowa Hawkeyes,84.0,home,0.8914333286,14.434703252,True,6.0,8.5
2021-02-03,Michigan State Spartans,78.0,away,0.1085666714,-14.434703252,False,-6.0,-8.5
2021-02-03,Indiana Hoosiers,71.0,home,0.3681963877,-3.5383216419,False,-4.0,-2.5
2021-02-03,Illinois Fighting Illini,75.0,away,0.6318036123,3.5383216419,True,4.0,2.5
2021-02-02,Notre Dame Fighting Irish,79.0,home,0.7159838523,5.8293161926,True,21.0,5.5
2021-02-02,Wake Forest Demon Deacons,58.0,away,0.2840161477,-5.8293161926,False,-21.0,-5.5
2021-02-03,Toledo Rockets,91.0,home,0.7216587513,6.1824932771,True,15.0,5.5
2021-02-03,Akron Zips,76.0,away,0.2783412487,-6.1824932771,False,-15.0,-5.5
2021-02-02,Ball State Cardinals,58.0,home,0.408772742,-2.6279402537,False,-20.0,-5.5
2021-02-02,Buffalo Bulls,78.0,away,0.591227258,2.6279402537,True,20.0,5.5
2021-02-02,Central Michigan Chippewas,69.0,home,0.2534466657,-7.491986644,False,-14.0,-8.5
2021-02-02,Ohio Bobcats,83.0,away,0.7465533343,7.491986644,True,14.0,8.5
2021-02-03,Jacksonville State Gamecocks,82.0,home,0.428543315,-1.8788397093,False,-4.0,2.5
2021-02-03,Eastern Kentucky Colonels,86.0,away,0.571456685,1.8788397093,True,4.0,-2.5
2021-02-02,Marquette Golden Eagles,70.0,home,0.6978479082,5.0577737667,True,3.0,3.5
2021-02-02,Butler Bulldogs,67.0,away,0.3021520918,-5.0577737667,False,-3.0,-3.5
2021-02-03,Wisconsin Badgers,72.0,home,0.7469722644,6.7691135806,True,16.0,8.5
2021-02-03,Penn State Nittany Lions,56.0,away,0.2530277356,-6.7691135806,False,-16.0,-8.5
2021-02-02,SIU Edwardsville Cougars,61.0,home,0.4866257773,-0.357459178,False,-9.0,2.5
2021-02-02,Eastern Illinois Panthers,70.0,away,0.5133742227,0.357459178,True,9.0,-2.5
2021-02-02,NJIT Highlanders,71.0,home,0.4658517569,-0.899483642,False,-4.0,-4.5
2021-02-02,UMBC Retrievers,75.0,away,0.5341482431,0.899483642,True,4.0,4.5
2021-02-03,Auburn Tigers,86.0,home,0.729450801,7.1348187577,False,-5.0,9.5
2021-02-03,Georgia Bulldogs,91.0,away,0.270549199,-7.1348187577,True,5.0,-9.5
2021-02-03,North Carolina Central Eagles,64.0,home,0.934301515,18.6001863521,True,1.0,16.5
2021-02-03,South Carolina State Bulldogs,63.0,away,0.065698485,-18.6001863521,False,-1.0,-16.5
2021-02-02,Kent State Golden Flashes,77.0,home,0.8246353636000001,9.6151261932,True,9.0,9.5
2021-02-02,Miami (OH) RedHawks,68.0,away,0.1753646364,-9.6151261932,False,-9.0,-9.5
2021-02-03,Clemson Tigers,63.0,home,0.4428832072,-1.4846074512,True,13.0,-3.5
2021-02-03,North Carolina Tar Heels,50.0,away,0.5571167928,1.4846074512,False,-13.0,3.5
2021-02-02,Maryland Terrapins,61.0,home,0.4780412517,-0.5388952178,True,1.0,2.5
2021-02-02,Purdue Boilermakers,60.0,away,0.5219587483,0.5388952178,False,-1.0,-2.5
2021-02-03,Iowa State Cyclones,72.0,home,0.1829384976,-10.0887060729,False,-4.0,-11.5
2021-02-03,West Virginia Mountaineers,76.0,away,0.8170615024,10.0887060729,True,4.0,11.5
2021-02-03,Troy Trojans,90.0,home,0.9919605766,33.3419111635,True,17.0,0.0
2021-02-03,Spring Hill Badgers,73.0,away,0.0080394234,-33.3419111635,False,-17.0,0.0
2021-02-03,Stanford Cardinal,66.0,home,0.4852961518,-0.3799617012,False,-6.0,-3.5
2021-02-03,USC Trojans,72.0,away,0.5147038482,0.3799617012,True,6.0,3.5
2021-02-03,Coppin State Eagles,82.0,home,0.3338854909,-5.3138015439,False,-13.0,-2.5
2021-02-03,Morgan State Bears,95.0,away,0.6661145091,5.3138015439,True,13.0,2.5
2021-02-03,Kansas Jayhawks,74.0,home,0.9531438475,18.6786464311,True,23.0,17.5
2021-02-03,Kansas State Wildcats,51.0,away,0.0468561525,-18.6786464311,False,-23.0,-17.5
2021-02-03,Arkansas Razorbacks,61.0,home,0.7128553824000001,6.0406089789,True,16.0,7.5
2021-02-03,Mississippi State Bulldogs,45.0,away,0.2871446176,-6.0406089789,False,-16.0,-7.5
2021-02-03,Duquesne Dukes,69.0,home,0.5616022677,1.4966737889,True,5.0,1.5
2021-02-03,Dayton Flyers,64.0,away,0.4383977323,-1.4966737889,False,-5.0,-1.5
2021-02-03,Nevada Wolf Pack,72.0,home,0.5960044307,2.493729063,True,10.0,4.5
2021-02-03,UNLV Rebels,62.0,away,0.4039955693,-2.493729063,False,-10.0,-4.5
2021-01-23,Oklahoma State Cowboys,66.0,home,0.12132957,-13.5476454093,False,-15.0,-10.5
2021-01-23,Baylor Bears,81.0,away,0.87867043,13.5476454093,True,15.0,10.5
2021-01-24,Gonzaga Bulldogs,95.0,home,0.9803418167,26.9079728234,True,46.0,25.5
2021-01-24,Pacific Tigers,49.0,away,0.0196581833,-26.9079728234,False,-46.0,-25.5
2021-01-23,Creighton Bluejays,74.0,home,0.7504218061,7.0625463638,True,8.0,8.5
2021-01-23,UConn Huskies,66.0,away,0.2495781939,-7.0625463638,False,-8.0,-8.5
2021-01-23,Syracuse Orange,78.0,home,0.631038624,3.5115749712,True,18.0,0.5
2021-01-23,Virginia Tech Hokies,60.0,away,0.368961376,-3.5115749712,False,-18.0,-0.5
2021-01-23,Kansas State Wildcats,47.0,home,0.129157206,-12.022389818,False,-22.0,-11.5
2021-01-23,West Virginia Mountaineers,69.0,away,0.870842794,12.022389818,True,22.0,11.5
2021-01-23,Minnesota Golden Gophers,49.0,home,0.6917642113,5.4277936991,False,-14.0,6.5
2021-01-23,Maryland Terrapins,63.0,away,0.3082357887,-5.4277936991,True,14.0,-6.5
2021-01-23,Chattanooga Mocs,66.0,home,0.3536395833,-3.9659330995,False,-8.0,-3.5
2021-01-23,UNC Greensboro Spartans,74.0,away,0.6463604167,3.9659330995,True,8.0,3.5
2021-01-23,Stanford Cardinal,73.0,home,0.4739501452,-0.6661982124,True,1.0,-5.5
2021-01-23,UCLA Bruins,72.0,away,0.5260498548,0.6661982124,False,-1.0,5.5
2021-01-23,American University Eagles,71.0,home,0.4963828939,-0.0914372017,True,1.0,-1.5
2021-01-23,Loyola Maryland Greyhounds,70.0,away,0.5036171061,0.0914372017,False,-1.0,1.5
2021-01-23,South Carolina Gamecocks,86.0,home,0.5892770725,2.6124749526,False,-23.0,1.5
2021-01-23,Auburn Tigers,109.0,away,0.4107229275,-2.6124749526,True,23.0,-1.5
2021-01-24,Oregon Ducks,64.0,home,0.8873926685,12.9716295912,False,-11.0,9.5
2021-01-24,Oregon State Beavers,75.0,away,0.1126073315,-12.9716295912,True,11.0,-9.5
2021-01-23,Villanova Wildcats,71.0,home,0.8429696508,10.1108005742,True,15.0,11.5
2021-01-23,Providence Friars,56.0,away,0.1570303492,-10.1108005742,False,-15.0,-11.5
2021-01-23,Temple Owls,51.0,home,0.0,0.0,False,-17.0,-11.5
2021-01-23,Houston Cougars,68.0,away,0.0,0.0,True,17.0,11.5
2021-01-23,Wisconsin Badgers,62.0,home,0.6820807266,4.4048734112,False,-12.0,5.5
2021-01-23,Ohio State Buckeyes,74.0,away,0.3179192734,-4.4048734112,True,12.0,-5.5
2021-01-24,Virginia Cavaliers,64.0,home,0.8843147159,11.1009133494,True,2.0,8.5
2021-01-24,Georgia Tech Yellow Jackets,62.0,away,0.1156852841,-11.1009133494,False,-2.0,-8.5
2021-01-23,Florida State Seminoles,80.0,home,0.6248519999,3.2388546807,True,19.0,6.5
2021-01-23,Clemson Tigers,61.0,away,0.3751480001,-3.2388546807,False,-19.0,-6.5
2021-01-23,Oklahoma Sooners,75.0,home,0.5827993719,2.1618988096,True,7.0,-0.5
2021-01-23,Kansas Jayhawks,68.0,away,0.4172006281,-2.1618988096,False,-7.0,0.5
2021-01-24,Tennessee Volunteers,64.0,home,0.8054859957000001,9.0567254764,False,-9.0,8.5
2021-01-24,Missouri Tigers,73.0,away,0.1945140043,-9.0567254764,True,9.0,-8.5
2021-01-23,Alabama Crimson Tide,81.0,home,0.7811614366,8.6566275238,True,8.0,9.5
2021-01-23,Mississippi State Bulldogs,73.0,away,0.2188385633999999,-8.6566275238,False,-8.0,-9.5
2021-01-23,IU Indianapolis Jaguars,72.0,home,0.1073906534,-14.9191674775,False,-28.0,-14.5
2021-01-23,Wright State Raiders,100.0,away,0.8926093466,14.9191674775,True,28.0,14.5
2021-01-23,Toledo Rockets,76.0,home,0.7233543492,6.4506874435,True,2.0,3.5
2021-01-23,Kent State Golden Flashes,74.0,away,0.2766456508,-6.4506874435,False,-2.0,-3.5
2021-01-23,Ohio Bobcats,85.0,home,0.6707225473,4.7114808633,True,8.0,4.5
2021-01-23,Ball State Cardinals,77.0,away,0.3292774527,-4.7114808633,False,-8.0,-4.5
2021-01-23,UCF Knights,65.0,home,0.3669661059,-3.6389150656,False,-13.0,-5.5
2021-01-23,SMU Mustangs,78.0,away,0.6330338941,3.6389150656,True,13.0,5.5
2021-01-23,NJIT Highlanders,74.0,home,0.6216524875,3.2450037456,True,9.0,3.0
2021-01-23,Stony Brook Seawolves,65.0,away,0.3783475125,-3.2450037456,False,-9.0,-3.0
2021-01-23,Northeastern Huskies,72.0,home,0.5589980176,1.5624942416,True,9.0,4.5
2021-01-23,James Madison Dukes,63.0,away,0.4410019824,-1.5624942416,False,-9.0,-4.5
2021-01-23,Saint Joseph's Hawks,62.0,home,0.405176046,-2.6398277067,False,-9.0,-4.5
2021-01-23,George Mason Patriots,71.0,away,0.594823954,2.6398277067,True,9.0,4.5
2021-01-23,William & Mary Tribe,64.0,home,0.0,0.0,False,-15.0,-4.5
2021-01-23,Drexel Dragons,79.0,away,0.0,0.0,True,15.0,4.5
2021-01-23,Holy Cross Crusaders,72.0,home,0.616648152,3.1406388668,False,-3.0,1.5
2021-01-23,Lehigh Mountain Hawks,75.0,away,0.383351848,-3.1406388668,True,3.0,-1.5
2021-01-23,Vanderbilt Commodores,71.0,home,0.2487796877,-7.7182274666,False,-21.0,-9.5
2021-01-23,Arkansas Razorbacks,92.0,away,0.7512203122999999,7.7182274666,True,21.0,9.5
2021-01-23,Coppin State Eagles,81.0,home,0.3641434454,-3.9518720425,True,10.0,-2.5
2021-01-23,Norfolk State Spartans,71.0,away,0.6358565546,3.9518720425,False,-10.0,2.5
2021-01-23,UNC Wilmington Seahawks,77.0,home,0.7876990839,8.3419005874,True,7.0,4.5
2021-01-23,Delaware Blue Hens,70.0,away,0.2123009161,-8.3419005874,False,-7.0,-4.5
2021-01-23,Mercer Bears,83.0,home,0.7978580714,9.4760795786,True,3.0,8.5
2021-01-23,VMI Keydets,80.0,away,0.2021419286,-9.4760795786,False,-3.0,-8.5
2021-01-23,North Carolina Tar Heels,86.0,home,0.6106516384,3.1009949855,True,10.0,5.5
2021-01-23,NC State Wolfpack,76.0,away,0.3893483616,-3.1009949855,False,-10.0,-5.5
2021-01-23,Hofstra Pride,71.0,home,0.6892738553,5.1612102448,True,13.0,6.5
2021-01-23,Towson Tigers,58.0,away,0.3107261447,-5.1612102448,False,-13.0,-6.5
2021-01-23,Northern Arizona Lumberjacks,53.0,home,0.3515187162,-3.7382461238,False,-5.0,-4.5
2021-01-23,Montana State Bobcats,58.0,away,0.6484812838,3.7382461238,True,5.0,4.5
2021-01-23,Florida International Panthers,72.0,home,0.2204392642,-9.0842615718,False,-17.0,-9.5
2021-01-23,Marshall Thundering Herd,89.0,away,0.7795607358,9.0842615718,True,17.0,9.5
2021-01-23,New Mexico Lobos,71.0,home,0.8171030174,10.1394256814,False,-12.0,9.5
2021-01-23,San José State Spartans,83.0,away,0.1828969826,-10.1394256814,True,12.0,-9.5
2021-01-23,Georgia Bulldogs,84.0,home,0.2535056019,-7.8295858996,False,-8.0,-3.5
2021-01-23,Florida Gators,92.0,away,0.7464943980999998,7.8295858996,True,8.0,3.5
2021-01-23,New Hampshire Wildcats,71.0,home,0.5116598158,0.2939517691,True,7.0,1.5
2021-01-23,UAlbany Great Danes,64.0,away,0.4883401841999999,-0.2939517691,False,-7.0,-1.5
2021-01-23,Southern Utah Thunderbirds,77.0,home,0.4872497067999999,-0.35675266,True,5.0,-1.5
2021-01-23,Weber State Wildcats,72.0,away,0.5127502932,0.35675266,False,-5.0,1.5
2021-01-23,Northern Colorado Bears,76.0,home,0.4222497924999999,-2.0920864312,False,-6.0,-4.5
2021-01-23,Eastern Washington Eagles,82.0,away,0.5777502075,2.0920864312,True,6.0,4.5
2021-01-23,St. John's Red Storm,96.0,home,0.9438900614,20.5524287917,True,18.0,14.5
2021-01-23,Utah Valley Wolverines,78.0,away,0.0561099386,-20.5524287917,False,-18.0,-14.5
2021-01-23,Quinnipiac Bobcats,78.0,home,0.3977304082,-2.6244224523,True,9.0,1.5
2021-01-23,Niagara Purple Eagles,69.0,away,0.6022695918,2.6244224523,False,-9.0,-1.5
2021-01-23,Alabama A&M Bulldogs,68.0,home,0.4064601813,-2.6934721978,True,10.0,-4.5
2021-01-23,Southern Jaguars,58.0,away,0.5935398187,2.6934721978,False,-10.0,4.5
2021-01-23,Navy Midshipmen,69.0,home,0.5504067361,1.2598452623,True,7.0,2.5
2021-01-23,Army Black Knights,62.0,away,0.4495932639,-1.2598452623,False,-7.0,-2.5
2021-01-23,Ole Miss Rebels,61.0,home,0.832274385,9.6538414046,True,11.0,7.5
2021-01-23,Texas A&M Aggies,50.0,away,0.167725615,-9.6538414046,False,-11.0,-7.5
2021-01-23,Incarnate Word Cardinals,72.0,home,0.5732402939,1.8704179999,True,19.0,0.5
2021-01-23,Texas A&M-Corpus Christi Islanders,53.0,away,0.4267597061,-1.8704179999,False,-19.0,-0.5
2021-01-23,Coastal Carolina Chanticleers,70.0,home,0.8563318471,11.4132149028,True,5.0,9.5
2021-01-23,Troy Trojans,65.0,away,0.1436681529,-11.4132149028,False,-5.0,-9.5
2021-01-23,Portland State Vikings,69.0,home,0.4007568989,-2.5728408128,True,26.0,2.5
2021-01-23,Idaho State Bengals,43.0,away,0.5992431011,2.5728408128,False,-26.0,-2.5
2021-01-23,Mississippi Valley State Delta Devils,31.0,home,0.0386906851,-22.2802323858,False,-46.0,-19.5
2021-01-23,Prairie View A&M Panthers,77.0,away,0.9613093149,22.2802323858,True,46.0,19.5
2021-01-23,Richmond Spiders,78.0,home,0.9253610004,16.7626408007,False,-6.0,14.5
2021-01-23,La Salle Explorers,84.0,away,0.0746389996,-16.7626408007,True,6.0,-14.5
2021-01-23,Morehead State Eagles,76.0,home,0.8980635603,13.4142300291,True,32.0,11.5
2021-01-23,UT Martin Skyhawks,44.0,away,0.1019364397,-13.4142300291,False,-32.0,-11.5
2021-01-23,Florida Atlantic Owls,71.0,home,0.6518512785,3.732070838,False,-3.0,1.5
2021-01-23,Charlotte 49ers,74.0,away,0.3481487215,-3.732070838,True,3.0,-1.5
2021-01-23,UTSA Roadrunners,78.0,home,0.5263625006,0.6870170287,True,6.0,5.5
2021-01-23,Southern Miss Golden Eagles,72.0,away,0.4736374994,-0.6870170287,False,-6.0,-5.5
2021-01-23,Sacramento State Hornets,89.0,home,0.4809815167,-0.4331764211,True,6.0,-2.5
2021-01-23,Montana Grizzlies,83.0,away,0.5190184833,0.4331764211,False,-6.0,2.5
2021-01-23,Wofford Terriers,91.0,home,0.76807221,7.6276931584,True,13.0,7.5
2021-01-23,Western Carolina Catamounts,78.0,away,0.2319277899999999,-7.6276931584,False,-13.0,-7.5
2021-01-23,Louisville Cardinals,70.0,home,0.5680460845,1.726965833,True,5.0,2.5
2021-01-23,Duke Blue Devils,65.0,away,0.4319539155,-1.726965833,False,-5.0,-2.5
2021-01-23,Abilene Christian Wildcats,93.0,home,0.8114170698,10.1161454379,True,35.0,13.5
2021-01-23,Central Arkansas Bears,58.0,away,0.1885829302,-10.1161454379,False,-35.0,-13.5
2021-01-23,Lafayette Leopards,76.0,home,0.7594037398000001,7.4196569473,False,-5.0,6.5
2021-01-23,Boston University Terriers,81.0,away,0.2405962602,-7.4196569473,True,5.0,-6.5
2021-01-23,App State Mountaineers,74.0,home,0.3473860355,-4.0275374733,True,13.0,-3.5
2021-01-23,Georgia State Panthers,61.0,away,0.6526139645,4.0275374733,False,-13.0,3.5
2021-01-23,East Tennessee State Buccaneers,71.0,home,0.3181195029,-4.8976980262,True,9.0,-4.5
2021-01-23,Furman Paladins,62.0,away,0.6818804971,4.8976980262,False,-9.0,4.5
2021-01-23,Cleveland State Vikings,80.0,home,0.5931329926,2.4218152858,False,-1.0,3.5
2021-01-23,Milwaukee Panthers,81.0,away,0.4068670074,-2.4218152858,True,1.0,-3.5
2021-01-23,Youngstown State Penguins,85.0,home,0.5093687413,0.2355350032,True,8.0,1.5
2021-01-23,UIC Flames,77.0,away,0.4906312587,-0.2355350032,False,-8.0,-1.5
2021-01-23,South Alabama Jaguars,62.0,home,0.648428747,3.8335155261,True,14.0,2.5
2021-01-23,Georgia Southern Eagles,48.0,away,0.351571253,-3.8335155261,False,-14.0,-2.5
2021-01-23,UL Monroe Warhawks,63.0,home,0.3120181344,-5.2765091914,False,-6.0,-6.5
2021-01-23,Texas State Bobcats,69.0,away,0.6879818655999999,5.2765091914,True,6.0,6.5
2021-01-23,Robert Morris Colonials,74.0,home,0.5874057167,2.2043849551,False,-5.0,1.5
2021-01-23,Northern Kentucky Norse,79.0,away,0.4125942833,-2.2043849551,True,5.0,-1.5
2021-01-23,SE Louisiana Lions,68.0,home,0.535210809,0.9650846119,False,-5.0,2.5
2021-01-23,Northwestern State Demons,73.0,away,0.464789191,-0.9650846119,True,5.0,-2.5
2021-01-23,Louisiana Ragin' Cajuns,77.0,home,0.7488529537,8.0138140123,True,3.0,9.5
2021-01-23,Arkansas State Red Wolves,74.0,away,0.2511470463,-8.0138140123,False,-3.0,-9.5
2021-01-23,North Florida Ospreys,68.0,home,0.7657678993,7.4270081584,True,3.0,9.5
2021-01-23,Kennesaw State Owls,65.0,away,0.2342321007,-7.4270081584,False,-3.0,-9.5
2021-01-23,Austin Peay Governors,70.0,home,0.5846541284,2.1899697026,False,-6.0,3.5
2021-01-23,Jacksonville State Gamecocks,76.0,away,0.4153458716,-2.1899697026,True,6.0,-3.5
2021-01-23,VCU Rams,66.0,home,0.6070426231,2.8201744322,True,23.0,6.5
2021-01-23,Dayton Flyers,43.0,away,0.3929573768999999,-2.8201744322,False,-23.0,-6.5
2021-01-23,Oakland Golden Grizzlies,72.0,home,0.3546611752,-4.0149315962,False,-10.0,-1.5
2021-01-23,Detroit Mercy Titans,82.0,away,0.6453388248,4.0149315962,True,10.0,1.5
2021-01-23,Green Bay Phoenix,87.0,home,0.3242938118,-4.9599213039,True,15.0,2.5
2021-01-23,Purdue Fort Wayne Mastodons,72.0,away,0.6757061882,4.9599213039,False,-15.0,-2.5
2021-01-23,Tennessee State Tigers,65.0,home,0.3459414170999999,-4.3481098474,True,11.0,-1.5
2021-01-23,Eastern Illinois Panthers,54.0,away,0.6540585829,4.3481098474,False,-11.0,1.5
2021-01-23,Belmont Bruins,114.0,home,0.9078030065,16.412389286,True,52.0,17.5
2021-01-23,SIU Edwardsville Cougars,62.0,away,0.0921969935,-16.412389286,False,-52.0,-17.5
2021-01-23,Bellarmine Knights,76.0,home,0.6688597702999999,4.3851354001,True,11.0,3.5
2021-01-23,Stetson Hatters,65.0,away,0.3311402297,-4.3851354001,False,-11.0,-3.5
2021-01-23,UT Arlington Mavericks,66.0,home,0.5727676012,2.1321849802,True,5.0,-1.5
2021-01-23,Little Rock Trojans,61.0,away,0.4272323988,-2.1321849802,False,-5.0,1.5
2021-01-23,Middle Tennessee Blue Raiders,67.0,home,0.1843492208,-10.3802178805,False,-15.0,-10.5
2021-01-23,Western Kentucky Hilltoppers,82.0,away,0.8156507792,10.3802178805,True,15.0,10.5
2021-01-23,UAB Blazers,86.0,home,0.8739297819,14.2609289184,True,12.0,10.5
2021-01-23,Rice Owls,74.0,away,0.1260702181,-14.2609289184,False,-12.0,-10.5
2021-01-23,Portland Pilots,70.0,home,0.3256417731,-5.4699385562,False,-8.0,-3.5
2021-01-23,San Diego Toreros,78.0,away,0.6743582269000001,5.4699385562,True,8.0,3.5
2021-01-23,Grambling Tigers,61.0,home,0.6096799054,3.2458225062,False,-14.0,2.5
2021-01-23,Jackson State Tigers,75.0,away,0.3903200946,-3.2458225062,True,14.0,-2.5
2021-01-23,UC San Diego Tritons,71.0,home,0.2962786072,-5.9240431118,False,-7.0,1.5
2021-01-23,UC Davis Aggies,78.0,away,0.7037213928,5.9240431118,True,7.0,-1.5
2021-01-23,Western Michigan Broncos,68.0,home,0.3159412424,-5.2517868981,False,-11.0,-7.5
2021-01-23,Akron Zips,79.0,away,0.6840587576,5.2517868981,True,11.0,7.5
2021-01-23,Stephen F. Austin Lumberjacks,102.0,home,0.8450896833999999,11.9219010493,True,30.0,14.5
2021-01-23,Lamar Cardinals,72.0,away,0.1549103166,-11.9219010493,False,-30.0,-14.5
2021-01-23,Eastern Michigan Eagles,63.0,home,0.5466798265,1.2379526826,False,-22.0,-1.5
2021-01-23,Miami (OH) RedHawks,85.0,away,0.4533201735,-1.2379526826,True,22.0,1.5
2021-01-23,Illinois State Redbirds,60.0,home,0.6461128495,4.2531287364,False,-9.0,1.5
2021-01-23,Valparaiso Beacons,69.0,away,0.3538871505,-4.2531287364,True,9.0,-1.5
2021-01-23,Alabama State Hornets,52.0,home,0.3828769836,-3.2454336268,False,-5.0,-3.5
2021-01-23,Alcorn State Braves,57.0,away,0.6171230164,3.2454336268,True,5.0,3.5
2021-01-23,Marquette Golden Eagles,61.0,home,0.7473316257,7.2743820675,False,-7.0,8.5
2021-01-23,DePaul Blue Demons,68.0,away,0.2526683743,-7.2743820675,True,7.0,-8.5
2021-01-23,Houston Christian Huskies,71.0,home,0.3863499456,-3.2596816655,False,-3.0,0.5
2021-01-23,McNeese Cowboys,74.0,away,0.6136500544,3.2596816655,True,3.0,-0.5
2021-01-23,Kentucky Wildcats,82.0,home,0.3767325327,-3.2570979064,True,13.0,1.5
2021-01-23,LSU Tigers,69.0,away,0.6232674673,3.2570979064,False,-13.0,-1.5
2021-01-23,Arkansas-Pine Bluff Golden Lions,57.0,home,0.1864365604999999,-11.0074608268,False,-9.0,-9.5
2021-01-23,Texas Southern Tigers,66.0,away,0.8135634395,11.0074608268,True,9.0,9.5
2021-01-24,Penn State Nittany Lions,81.0,home,0.6819178374,5.0104794258,True,3.0,5.5
2021-01-24,Northwestern Wildcats,78.0,away,0.3180821626,-5.0104794258,False,-3.0,-5.5
2021-01-24,Duquesne Dukes,61.0,home,0.4292116952,-1.7698476713,False,-4.0,-5.5
2021-01-24,St. Bonaventure Bonnies,65.0,away,0.5707883048,1.7698476713,True,4.0,5.5
2021-01-23,Nicholls Colonels,86.0,home,0.7770580988,9.4184309358,True,24.0,8.5
2021-01-23,New Orleans Privateers,62.0,away,0.2229419012,-9.4184309358,False,-24.0,-8.5
2021-01-24,Siena Saints,47.0,home,0.7143524009,6.1408609581,True,7.0,3.5
2021-01-24,Saint Peter's Peacocks,40.0,away,0.2856475991,-6.1408609581,False,-7.0,-3.5
2021-01-24,Rider Broncs,67.0,home,0.4996158503,-0.0095766133,False,-9.0,1.5
2021-01-24,Marist Red Foxes,76.0,away,0.5003841497,0.0095766133,True,9.0,-1.5
2021-01-23,Wake Forest Demon Deacons,76.0,home,0.3823356886,-3.2353935326,True,1.0,-1.5
2021-01-23,Pittsburgh Panthers,75.0,away,0.6176643114,3.2353935326,False,-1.0,1.5
2021-01-24,San Francisco Dons,63.0,home,0.6252992239,3.1436207593,False,-4.0,2.5
2021-01-24,Saint Mary's Gaels,67.0,away,0.3747007761,-3.1436207593,True,4.0,-2.5
2021-01-24,North Alabama Lions,76.0,home,0.7439322193,7.3469751407,True,22.0,1.5
2021-01-24,Jacksonville Dolphins,54.0,away,0.2560677807,-7.3469751407,False,-22.0,-1.5
2021-01-24,Loyola Marymount Lions,69.0,home,0.6891588554000001,5.3489550862,False,-3.0,4.5
2021-01-24,Santa Clara Broncos,72.0,away,0.3108411446,-5.3489550862,True,3.0,-4.5
2021-01-24,Cal State Northridge Matadors,66.0,home,0.1755722908,-10.3395929156,False,-14.0,-11.5
2021-01-24,UC Santa Barbara Gauchos,80.0,away,0.8244277092,10.3395929156,True,14.0,11.5
2021-01-24,UC Riverside Highlanders,70.0,home,0.5523896574,1.2435208621,True,7.0,3.5
2021-01-24,Cal State Bakersfield Roadrunners,63.0,away,0.4476103426,-1.2435208621,False,-7.0,-3.5
2021-01-24,California Golden Bears,68.0,home,0.2238739937,-7.8193851997,False,-8.0,-8.5
2021-01-24,USC Trojans,76.0,away,0.7761260062999998,7.8193851997,True,8.0,8.5
2021-01-24,UC Irvine Anteaters,67.0,home,0.9435823876,18.5363267685,True,23.0,16.5
2021-01-24,Cal Poly Mustangs,44.0,away,0.0564176124,-18.5363267685,False,-23.0,-16.5
2021-01-24,UTEP Miners,55.0,home,0.4246901167,-1.9735556486,False,-18.0,-1.5
2021-01-24,Louisiana Tech Bulldogs,73.0,away,0.5753098833,1.9735556486,True,18.0,1.5
2021-01-24,California Baptist Lancers,96.0,home,0.6519758665,4.3956946196,True,21.0,3.5
2021-01-24,Long Beach State Beach,75.0,away,0.3480241335,-4.3956946196,False,-21.0,-3.5
2021-01-24,Oral Roberts Golden Eagles,60.0,home,0.5337952365,0.8872500523,True,2.0,7.5
2021-01-24,Kansas City Roos,58.0,away,0.4662047635,-0.8872500523,False,-2.0,-7.5
2021-01-24,South Dakota State Jackrabbits,85.0,home,0.9413557541,18.1849704714,True,11.0,14.5
2021-01-24,North Dakota Fighting Hawks,74.0,away,0.0586442459,-18.1849704714,False,-11.0,-14.5
2021-01-24,Murray State Racers,72.0,home,0.9219835107,16.9580252582,True,9.0,13.5
2021-01-24,Tennessee Tech Golden Eagles,63.0,away,0.0780164893,-16.9580252582,False,-9.0,-13.5
2021-01-24,Cal State Fullerton Titans,53.0,home,0.5770045954,2.107187127,False,-23.0,-2.5
2021-01-24,Hawai'i Rainbow Warriors,76.0,away,0.4229954046,-2.107187127,True,23.0,2.5
2021-01-24,Lipscomb Bisons,71.0,home,0.5807967875,2.126021678,True,15.0,5.5
2021-01-24,Florida Gulf Coast Eagles,56.0,away,0.4192032125,-2.126021678,False,-15.0,-5.5
2021-01-24,Washington State Cougars,59.0,home,0.1271313477,-12.4601011972,False,-11.0,-10.5
2021-01-24,Colorado Buffaloes,70.0,away,0.8728686523,12.4601011972,True,11.0,10.5
2021-01-24,Western Illinois Leathernecks,74.0,home,0.3049766157,-5.4691004939,False,-10.0,-7.5
2021-01-24,South Dakota Coyotes,84.0,away,0.6950233843,5.4691004939,True,10.0,7.5
2021-01-24,North Dakota State Bison,84.0,home,0.9220344492,15.2640489499,True,26.0,14.5
2021-01-24,Denver Pioneers,58.0,away,0.0779655508,-15.2640489499,False,-26.0,-14.5
2021-01-24,Utah Tech Trailblazers,46.0,home,0.084614795,-15.7144788104,False,-35.0,-10.5
2021-01-24,Grand Canyon Lopes,81.0,away,0.915385205,15.7144788104,True,35.0,10.5
2021-01-24,BYU Cougars,65.0,home,0.8497810497,11.7397203934,True,11.0,10.5
2021-01-24,Pepperdine Waves,54.0,away,0.1502189503,-11.7397203934,False,-11.0,-10.5
2021-02-05,Iowa Hawkeyes,85.0,home,0.7755926959,7.6619652128,False,-4.0,5.5
2021-02-05,Ohio State Buckeyes,89.0,away,0.2244073041,-7.6619652128,True,4.0,-5.5
2021-02-04,St. Francis Brooklyn Terriers,67.0,home,0.5931747692,2.4618478226,False,-7.0,3.5
2021-02-04,Wagner Seahawks,74.0,away,0.4068252307999999,-2.4618478226,True,7.0,-3.5
2021-02-05,Long Island University Sharks,70.0,home,0.6612268442,4.8424108302,False,-8.0,4.5
2021-02-05,Fairleigh Dickinson Knights,78.0,away,0.3387731558,-4.8424108302,True,8.0,-4.5
2021-02-04,SIU Edwardsville Cougars,68.0,home,0.5980771874,2.7183127334,True,8.0,-1.5
2021-02-04,Tennessee State Tigers,60.0,away,0.4019228126,-2.7183127334,False,-8.0,1.5
2021-02-04,Merrimack Warriors,68.0,home,0.6202533193,3.1931704264,True,6.0,2.5
2021-02-04,Saint Francis Red Flash,62.0,away,0.3797466807,-3.1931704264,False,-6.0,-2.5
2021-02-05,Eastern Kentucky Colonels,79.0,home,0.7493493463,7.7831375952,False,-15.0,2.5
2021-02-05,Austin Peay Governors,94.0,away,0.2506506537,-7.7831375952,True,15.0,-2.5
2021-02-05,Morehead State Eagles,66.0,home,0.392010438,-2.7735471689,True,10.0,-2.5
2021-02-05,Murray State Racers,56.0,away,0.607989562,2.7735471689,False,-10.0,2.5
2021-02-05,Portland Pilots,60.0,home,0.0274003997,-24.1477022391,False,-45.0,-17.5
2021-02-05,BYU Cougars,105.0,away,0.9725996003,24.1477022391,True,45.0,17.5
2021-02-05,Gardner-Webb Runnin' Bulldogs,59.0,home,0.8669559612,11.452005105,True,6.0,8.5
2021-02-05,Presbyterian Blue Hose,53.0,away,0.1330440388,-11.452005105,False,-6.0,-8.5
2021-02-04,Radford Highlanders,63.0,home,0.8692194974,11.6623074364,True,2.0,9.5
2021-02-04,South Carolina Upstate Spartans,61.0,away,0.1307805026,-11.6623074364,False,-2.0,-9.5
2021-02-05,Eastern Illinois Panthers,61.0,home,0.1917052616,-9.6273720174,False,-28.0,-14.5
2021-02-05,Belmont Bruins,89.0,away,0.8082947384000001,9.6273720174,True,28.0,14.5
2021-02-05,Fresno State Bulldogs,53.0,home,0.126938909,-12.3217667098,False,-16.0,-11.5
2021-02-05,Utah State Aggies,69.0,away,0.873061091,12.3217667098,True,16.0,11.5
2021-02-05,Utah Utes,73.0,home,0.4264888342999999,-1.9272653771,True,15.0,-2.5
2021-02-05,Arizona Wildcats,58.0,away,0.5735111657,1.9272653771,False,-15.0,2.5
2021-02-05,California Golden Bears,55.0,home,0.251554283,-6.9331044829,False,-15.0,-5.5
2021-02-05,Stanford Cardinal,70.0,away,0.7484457169999998,6.9331044829,True,15.0,5.5
2021-02-05,Pacific Tigers,58.0,home,0.0269525947999999,-24.6296446258,False,-18.0,-23.5
2021-02-05,Gonzaga Bulldogs,76.0,away,0.9730474052,24.6296446258,True,18.0,23.5
2021-02-05,Southeast Missouri State Redhawks,68.0,home,0.6973659576,5.4200386832,True,4.0,4.5
2021-02-05,Tennessee Tech Golden Eagles,64.0,away,0.3026340424,-5.4200386832,False,-4.0,-4.5
2021-02-05,Oregon State Beavers,91.0,home,0.714550098,5.9077352981,True,20.0,4.5
2021-02-05,Washington Huskies,71.0,away,0.285449902,-5.9077352981,False,-20.0,-4.5
2021-02-05,Wyoming Cowboys,72.0,home,0.1107925327,-14.0713909728,False,-2.0,-7.5
2021-02-05,Colorado State Rams,74.0,away,0.8892074673,14.0713909728,True,2.0,7.5
2021-02-05,Rutgers Scarlet Knights,76.0,home,0.6843144042999999,5.2457618752,True,4.0,5.5
2021-02-05,Minnesota Golden Gophers,72.0,away,0.3156855957,-5.2457618752,False,-4.0,-5.5
2021-02-05,Temple Owls,60.0,home,0.4671623487,-0.8875692916,False,-3.0,2.5
2021-02-05,Cincinnati Bearcats,63.0,away,0.5328376513,0.8875692916,True,3.0,-2.5
2021-02-05,Oregon Ducks,71.0,home,0.8861174051999999,13.5228896251,False,-3.0,11.5
2021-02-05,Washington State Cougars,74.0,away,0.1138825948,-13.5228896251,True,3.0,-11.5
2021-02-05,UT Martin Skyhawks,70.0,home,0.1322088392,-11.6751259999,False,-12.0,-9.5
2021-02-05,Jacksonville State Gamecocks,82.0,away,0.8677911608,11.6751259999,True,12.0,9.5
2021-02-05,Portland State Vikings,64.0,home,0.2739575278,-6.2925588871,False,-6.0,-1.5
2021-02-05,Montana Grizzlies,70.0,away,0.7260424722,6.2925588871,True,6.0,1.5
2021-02-05,Weber State Wildcats,96.0,home,0.7780743398,8.4903987247,True,8.0,6.5
2021-02-05,Montana State Bobcats,88.0,away,0.2219256602,-8.4903987247,False,-8.0,-6.5
2021-02-05,Idaho Vandals,75.0,home,0.0809868933,-17.0444354001,False,-14.0,-14.5
2021-02-05,Eastern Washington Eagles,89.0,away,0.9190131067,17.0444354001,True,14.0,14.5
2021-02-07,Indiana Hoosiers,67.0,home,0.3132624922,-5.0977175406,True,2.0,-3.5
2021-02-07,Iowa Hawkeyes,65.0,away,0.6867375077999999,5.0977175406,False,-2.0,3.5
2021-02-07,Charleston Cougars,66.0,home,0.7055625342999999,5.2551835901,True,13.0,3.5
2021-02-07,Towson Tigers,53.0,away,0.2944374657,-5.2551835901,False,-13.0,-3.5
2021-02-07,Tulane Green Wave,61.0,home,0.3747076857,-3.4104685724,False,-3.0,-5.5
2021-02-07,Cincinnati Bearcats,64.0,away,0.6252923143,3.4104685724,True,3.0,5.5
2021-02-07,Stony Brook Seawolves,65.0,home,0.4166924440999999,-2.1605482993,False,-6.0,-1.5
2021-02-07,UMBC Retrievers,71.0,away,0.5833075559,2.1605482993,True,6.0,1.5
2021-02-07,Villanova Wildcats,84.0,home,0.9375294336,16.6596357046,True,10.0,14.5
2021-02-07,Georgetown Hoyas,74.0,away,0.0624705664,-16.6596357046,False,-10.0,-14.5
2021-02-07,Loyola Maryland Greyhounds,75.0,home,0.4206291992000001,-2.0144077997,True,13.0,1.5
2021-02-07,Lafayette Leopards,62.0,away,0.5793708008,2.0144077997,False,-13.0,-1.5
2021-02-07,Valparaiso Beacons,74.0,home,0.0824838233,-15.6003505854,True,17.0,-11.5
2021-02-07,Drake Bulldogs,57.0,away,0.9175161767,15.6003505854,False,-17.0,11.5
2021-02-07,Hampton Pirates,58.0,home,0.5033719005,0.0904955137,False,-14.0,-2.5
2021-02-07,High Point Panthers,72.0,away,0.4966280995,-0.0904955137,True,14.0,2.5
2021-02-07,Illinois State Redbirds,62.0,home,0.3049890358,-5.6153880596,False,-10.0,-6.5
2021-02-07,Missouri State Bears,72.0,away,0.6950109642,5.6153880596,True,10.0,6.5
2021-02-07,Loyola Chicago Ramblers,69.0,home,0.9788410399,20.8137386898,True,11.0,17.5
2021-02-07,Evansville Purple Aces,58.0,away,0.0211589601,-20.8137386898,False,-11.0,-17.5
2021-02-07,Hofstra Pride,79.0,home,0.5639288152,1.5494629121,True,5.0,4.5
2021-02-07,Drexel Dragons,74.0,away,0.4360711848,-1.5494629121,False,-5.0,-4.5
2021-02-07,Fairfield Stags,63.0,home,0.4255188994999999,-1.9301782805,False,-15.0,-3.5
2021-02-07,Quinnipiac Bobcats,78.0,away,0.5744811005,1.9301782805,True,15.0,3.5
2021-02-07,Bradley Braves,68.0,home,0.863743191,11.3624621315,False,-1.0,7.5
2021-02-07,Southern Illinois Salukis,69.0,away,0.136256809,-11.3624621315,True,1.0,-7.5
2021-02-07,UC San Diego Tritons,101.0,home,0.0,0.0,True,37.0,0.0
2021-02-07,Bethesda University Flames,64.0,away,0.0,0.0,False,-37.0,0.0
2021-02-07,Nevada Wolf Pack,73.0,home,0.3139630837,-5.2336886789,True,11.0,-4.5
2021-02-07,Boise State Broncos,62.0,away,0.6860369163,5.2336886789,False,-11.0,4.5
2021-02-07,Wichita State Shockers,70.0,home,0.7687167574,7.9579397336,True,3.0,8.5
2021-02-07,Temple Owls,67.0,away,0.2312832426,-7.9579397336,False,-3.0,-8.5
2021-02-07,Northern Iowa Panthers,70.0,home,0.5697574637,1.843392472,True,3.0,2.5
2021-02-07,Indiana State Sycamores,67.0,away,0.4302425363,-1.843392472,False,-3.0,-2.5
2021-02-07,Norfolk State Spartans,84.0,home,0.7557305118,8.2079862761,True,12.0,6.5
2021-02-07,Coppin State Eagles,72.0,away,0.2442694882,-8.2079862761,False,-12.0,-6.5
2021-02-08,Stanford Cardinal,76.0,home,0.8586074746,11.4902002375,True,6.0,10.5
2021-02-08,California Golden Bears,70.0,away,0.1413925254,-11.4902002375,False,-6.0,-10.5
2021-02-05,Merrimack Warriors,59.0,home,0.654101162,4.3618694628,True,5.0,2.5
2021-02-05,Saint Francis Red Flash,54.0,away,0.3458988379999999,-4.3618694628,False,-5.0,-2.5
2021-02-05,Detroit Mercy Titans,82.0,home,0.7240984567,6.4863914465,True,10.0,6.5
2021-02-05,Purdue Fort Wayne Mastodons,72.0,away,0.2759015433,-6.4863914465,False,-10.0,-6.5
2021-02-06,Oakland Golden Grizzlies,72.0,home,0.4027100761,-2.5480780293,False,-8.0,1.5
2021-02-06,Cleveland State Vikings,80.0,away,0.5972899239,2.5480780293,True,8.0,-1.5
2021-02-05,Rice Owls,88.0,home,0.6468091325,3.8745008307,True,26.0,3.5
2021-02-05,Southern Miss Golden Eagles,62.0,away,0.3531908675,-3.8745008307,False,-26.0,-3.5
2021-02-06,Penn State Nittany Lions,55.0,home,0.6067760805,2.7859265902,True,5.0,2.5
2021-02-06,Maryland Terrapins,50.0,away,0.3932239195,-2.7859265902,False,-5.0,-2.5
2021-02-06,Gardner-Webb Runnin' Bulldogs,91.0,home,0.8575656992,11.0564835534,True,27.0,7.5
2021-02-06,Presbyterian Blue Hose,64.0,away,0.1424343008,-11.0564835534,False,-27.0,-7.5
2021-02-05,New Hampshire Wildcats,69.0,home,0.5173575656,0.4485202914,False,-5.0,3.5
2021-02-05,UMass Lowell River Hawks,74.0,away,0.4826424344,-0.4485202914,True,5.0,-3.5
2021-02-06,Kent State Golden Flashes,61.0,home,0.575850214,2.0530065292,False,-11.0,2.5
2021-02-06,Akron Zips,72.0,away,0.424149786,-2.0530065292,True,11.0,-2.5
2021-02-05,Long Island University Sharks,62.0,home,0.6269474873,3.8271678499,False,-15.0,4.5
2021-02-05,Fairleigh Dickinson Knights,77.0,away,0.3730525127,-3.8271678499,True,15.0,-4.5
2021-02-05,Green Bay Phoenix,71.0,home,0.6063427756,2.8854483895,False,-9.0,5.5
2021-02-05,IU Indianapolis Jaguars,80.0,away,0.3936572244,-2.8854483895,True,9.0,-5.5
2021-02-05,St. Francis Brooklyn Terriers,81.0,home,0.5806078791,1.9557591895,False,-3.0,2.5
2021-02-05,Wagner Seahawks,84.0,away,0.4193921209,-1.9557591895,True,3.0,-2.5
2021-02-05,Radford Highlanders,102.0,home,0.8529421499000001,10.811921637,True,36.0,8.5
2021-02-05,South Carolina Upstate Spartans,66.0,away,0.1470578501,-10.811921637,False,-36.0,-8.5
2021-02-06,Robert Morris Colonials,78.0,home,0.5686010381,1.7072554162,False,-6.0,1.5
2021-02-06,Youngstown State Penguins,84.0,away,0.4313989619,-1.7072554162,True,6.0,-1.5
2021-02-05,Milwaukee Panthers,73.0,home,0.6612456848000001,4.2001083911,False,-14.0,1.5
2021-02-05,Northern Kentucky Norse,87.0,away,0.3387543152,-4.2001083911,True,14.0,-1.5
2021-02-06,Florida Gulf Coast Eagles,86.0,home,0.4493956089,-1.4240294026,True,26.0,2.5
2021-02-06,North Alabama Lions,60.0,away,0.5506043911,1.4240294026,False,-26.0,-2.5
2021-02-05,Texas State Bobcats,57.0,home,0.5223087834,0.535451899,True,10.0,2.5
2021-02-05,Little Rock Trojans,47.0,away,0.4776912166,-0.535451899,False,-10.0,-2.5
2021-02-05,Liberty Flames,90.0,home,0.99884671,44.1033633392,True,41.0,0.0
2021-02-05,Lancasater Bible College Chargers,49.0,away,0.00115329,-44.1033633392,False,-41.0,0.0
2021-02-06,Dayton Flyers,74.0,home,0.8486446453,10.1540656935,True,9.0,6.5
2021-02-06,George Mason Patriots,65.0,away,0.1513553547,-10.1540656935,False,-9.0,-6.5
2021-02-06,Bellarmine Knights,71.0,home,0.7426527902,6.4165571489,True,15.0,8.5
2021-02-06,Jacksonville Dolphins,56.0,away,0.2573472098,-6.4165571489,False,-15.0,-8.5
2021-02-05,Denver Pioneers,82.0,home,0.3962521419,-2.7685382526,False,-3.0,-3.5
2021-02-05,North Dakota Fighting Hawks,85.0,away,0.6037478581,2.7685382526,True,3.0,3.5
2021-02-06,UT Arlington Mavericks,63.0,home,0.8388377407000001,10.9754585407,True,7.0,9.5
2021-02-06,UL Monroe Warhawks,56.0,away,0.1611622593,-10.9754585407,False,-7.0,-9.5
2021-02-06,Troy Trojans,68.0,home,0.5301945619,0.7630712383,True,12.0,1.5
2021-02-06,Georgia Southern Eagles,56.0,away,0.4698054381,-0.7630712383,False,-12.0,-1.5
2021-02-06,Arkansas State Red Wolves,95.0,home,0.4557594855,-1.1899758291,True,8.0,-3.5
2021-02-06,Louisiana Ragin' Cajuns,87.0,away,0.5442405145,1.1899758291,False,-8.0,3.5
2021-02-06,Stetson Hatters,73.0,home,0.570923043,1.7776573825,True,5.0,-2.5
2021-02-06,Lipscomb Bisons,68.0,away,0.429076957,-1.7776573825,False,-5.0,2.5
2021-02-06,UC Irvine Anteaters,70.0,home,0.6659176617,4.3461224838,True,17.0,5.5
2021-02-06,Cal State Bakersfield Roadrunners,53.0,away,0.3340823383,-4.3461224838,False,-17.0,-5.5
2021-02-06,Cal State Northridge Matadors,80.0,home,0.4884823454,-0.3253279212,True,3.0,-1.5
2021-02-06,UC Davis Aggies,77.0,away,0.5115176546,0.3253279212,False,-3.0,1.5
2021-02-06,Florida International Panthers,80.0,home,0.6597051009,4.6574026563,False,-7.0,1.5
2021-02-06,UTSA Roadrunners,87.0,away,0.3402948991,-4.6574026563,True,7.0,-1.5
2021-02-06,UIC Flames,47.0,home,0.1391471659,-12.7757943243,False,-25.0,-9.5
2021-02-06,Wright State Raiders,72.0,away,0.8608528341,12.7757943243,True,25.0,9.5
2021-02-06,UAB Blazers,63.0,home,0.8711588114,12.2518660502,True,12.0,8.5
2021-02-06,UTEP Miners,51.0,away,0.1288411886,-12.2518660502,False,-12.0,-8.5
2021-02-06,North Dakota State Bison,61.0,home,0.6202280111,3.1092117836,True,7.0,3.5
2021-02-06,Oral Roberts Golden Eagles,54.0,away,0.3797719889,-3.1092117836,False,-7.0,-3.5
2021-02-06,Utah Tech Trailblazers,77.0,home,0.3434709643,-4.3913387221,True,1.0,-2.5
2021-02-06,Seattle U Redhawks,76.0,away,0.6565290356999999,4.3913387221,False,-1.0,2.5
2021-02-06,Middle Tennessee Blue Raiders,66.0,home,0.3605990741999999,-3.4548028751,True,1.0,-5.5
2021-02-06,Charlotte 49ers,65.0,away,0.6394009258,3.4548028751,False,-1.0,5.5
2021-02-06,South Alabama Jaguars,71.0,home,0.3747217168,-3.2996601556,True,6.0,-1.5
2021-02-06,Coastal Carolina Chanticleers,65.0,away,0.6252782832,3.2996601556,False,-6.0,1.5
2021-02-06,North Texas Mean Green,63.0,home,0.6647031742,4.324765164,False,-5.0,3.5
2021-02-06,Louisiana Tech Bulldogs,68.0,away,0.3352968258,-4.324765164,True,5.0,-3.5
2021-02-06,Omaha Mavericks,77.0,home,0.6188038983,3.3762234475,False,-8.0,4.5
2021-02-06,Western Illinois Leathernecks,85.0,away,0.3811961017,-3.3762234475,True,8.0,-4.5
2021-02-06,Nevada Wolf Pack,74.0,home,0.2947065277,-5.872553384,True,2.0,-4.5
2021-02-06,Boise State Broncos,72.0,away,0.7052934723,5.872553384,False,-2.0,4.5
2021-02-06,South Dakota State Jackrabbits,56.0,home,0.7773060976,8.24030136,False,-8.0,6.5
2021-02-06,South Dakota Coyotes,64.0,away,0.2226939024,-8.24030136,True,8.0,-6.5
2021-02-06,Old Dominion Monarchs,82.0,home,0.2257501415,-8.1710787718,True,1.0,-5.5
2021-02-06,Marshall Thundering Herd,81.0,away,0.7742498584999999,8.1710787718,False,-1.0,5.5
2021-02-06,Manhattan Jaspers,65.0,home,0.3039606499,-5.8083992468,False,-5.0,-3.5
2021-02-06,Monmouth Hawks,70.0,away,0.6960393501,5.8083992468,True,5.0,3.5
2021-02-06,New Mexico State Aggies,75.0,home,0.7371939412,6.2765727201,False,-10.0,10.5
2021-02-06,California Baptist Lancers,85.0,away,0.2628060588,-6.2765727201,True,10.0,-10.5
2021-02-06,Hawai'i Rainbow Warriors,84.0,home,0.8866654872,12.8575468109,True,16.0,11.5
2021-02-06,Cal Poly Mustangs,68.0,away,0.1133345128,-12.8575468109,False,-16.0,-11.5
2021-02-10,Georgetown Hoyas,48.0,home,0.2224942624,-8.4704585515,False,-15.0,-7.5
2021-02-10,Creighton Bluejays,63.0,away,0.7775057376,8.4704585515,True,15.0,7.5
2021-02-10,Kansas State Wildcats,77.0,home,0.0652110767,-16.727637243,False,-3.0,-13.5
2021-02-10,Texas Longhorns,80.0,away,0.9347889233,16.727637243,True,3.0,13.5
2021-02-09,Elon Phoenix,61.0,home,0.0,0.0,False,-9.0,-5.5
2021-02-09,James Madison Dukes,70.0,away,0.0,0.0,True,9.0,5.5
2021-02-10,Michigan State Spartans,60.0,home,0.5224791597,0.6077188313,True,2.0,4.5
2021-02-10,Penn State Nittany Lions,58.0,away,0.4775208403000001,-0.6077188313,False,-2.0,-4.5
2021-02-09,Dayton Flyers,67.0,home,0.5131579217,0.3391085954,False,-9.0,-2.5
2021-02-09,VCU Rams,76.0,away,0.4868420783,-0.3391085954,True,9.0,2.5
2021-02-09,Georgia State Panthers,67.0,home,0.8260699477,10.1229371099,False,-3.0,5.5
2021-02-09,South Alabama Jaguars,70.0,away,0.1739300523,-10.1229371099,True,3.0,-5.5
2021-02-10,Bowling Green Falcons,67.0,home,0.4558841199,-1.2372739315,False,-4.0,0.5
2021-02-10,Kent State Golden Flashes,71.0,away,0.5441158801,1.2372739315,True,4.0,-0.5
2021-02-09,Southern Utah Thunderbirds,109.0,home,0.0,0.0,True,59.0,0.0
2021-02-09,San Diego Christian Hawks,50.0,away,0.0,0.0,False,-59.0,0.0
2021-02-10,TCU Horned Frogs,79.0,home,0.7044325247,5.6957682925,True,3.0,5.5
2021-02-10,Iowa State Cyclones,76.0,away,0.2955674753,-5.6957682925,False,-3.0,-5.5
2021-02-10,Kentucky Wildcats,80.0,home,0.3845044418,-3.2262260348,False,-1.0,1.5
2021-02-10,Arkansas Razorbacks,81.0,away,0.6154955582,3.2262260348,True,1.0,-1.5
2021-02-10,Texas Tech Red Raiders,71.0,home,0.7489427705,7.0778363201,False,-11.0,5.5
2021-02-10,West Virginia Mountaineers,82.0,away,0.2510572295,-7.0778363201,True,11.0,-5.5
2021-02-10,Butler Bulldogs,76.0,home,0.4137995025,-2.3081106302,True,3.0,1.5
2021-02-10,St. John's Red Storm,73.0,away,0.5862004975,2.3081106302,False,-3.0,-1.5
2021-02-09,NC State Wolfpack,68.0,home,0.5449231684,1.2168364005,False,-9.0,1.5
2021-02-09,Syracuse Orange,77.0,away,0.4550768316,-1.2168364005,True,9.0,-1.5
2021-02-10,Tarleton State Texans,112.0,home,0.9927709665,34.4313722746,True,58.0,0.0
2021-02-10,McMurry War Hawks,54.0,away,0.0072290334999999,-34.4313722746,False,-58.0,0.0
2021-02-09,St. Bonaventure Bonnies,86.0,home,0.9027501941,14.0866432114,True,13.0,13.5
2021-02-09,La Salle Explorers,73.0,away,0.0972498059,-14.0866432114,False,-13.0,-13.5
2021-02-10,Vanderbilt Commodores,67.0,home,0.3731680664,-3.5106226818,False,-6.0,-5.5
2021-02-10,Auburn Tigers,73.0,away,0.6268319336,3.5106226818,True,6.0,5.5
2021-02-09,Florida A&M Rattlers,60.0,home,0.5403082845,1.0415920919,True,13.0,-2.5
2021-02-09,North Carolina Central Eagles,47.0,away,0.4596917155,-1.0415920919,False,-13.0,2.5
2021-02-09,Duke Blue Devils,89.0,home,0.6637104122,4.3784145556,False,-4.0,7.5
2021-02-09,Notre Dame Fighting Irish,93.0,away,0.3362895877999999,-4.3784145556,True,4.0,-7.5
2021-02-09,South Carolina Gamecocks,78.0,home,0.2448266628,-8.6028365407,False,-3.0,-6.5
2021-02-09,Alabama Crimson Tide,81.0,away,0.7551733372,8.6028365407,True,3.0,6.5
2021-02-08,Youngstown State Penguins,60.0,home,0.9925137885,33.6161764661,True,10.0,0.0
2021-02-08,Rochester University (MI) Warriors,50.0,away,0.0074862115,-33.6161764661,False,-10.0,0.0
2021-02-08,Long Island University Sharks,96.0,home,0.6756912947000001,5.4940030329,True,12.0,4.5
2021-02-08,St. Francis Brooklyn Terriers,84.0,away,0.3243087053,-5.4940030329,False,-12.0,-4.5
2021-02-08,East Carolina Pirates,56.0,home,0.2900194936,-5.8598393674,False,-15.0,-5.5
2021-02-08,SMU Mustangs,71.0,away,0.7099805064,5.8598393674,True,15.0,5.5
2021-02-09,Maryland Terrapins,65.0,home,0.330405457,-4.3525089979,False,-8.0,-3.5
2021-02-09,Ohio State Buckeyes,73.0,away,0.6695945430000001,4.3525089979,True,8.0,3.5
2021-02-08,South Carolina Upstate Spartans,77.0,home,0.1594135556,-10.6048971977,True,8.0,-5.5
2021-02-08,Gardner-Webb Runnin' Bulldogs,69.0,away,0.8405864444,10.6048971977,False,-8.0,5.5
2021-02-09,Mercer Bears,89.0,home,0.7376582886,7.4084228652,True,7.0,9.5
2021-02-09,Samford Bulldogs,82.0,away,0.2623417114,-7.4084228652,False,-7.0,-9.5
2021-02-09,UT Martin Skyhawks,76.0,home,0.1096995177,-13.0820563687,True,1.0,-12.5
2021-02-09,Austin Peay Governors,75.0,away,0.8903004823,13.0820563687,False,-1.0,12.5
2021-02-08,Hampton Pirates,76.0,home,0.4593057740999999,-1.1166316189,True,5.0,-2.5
2021-02-08,High Point Panthers,71.0,away,0.5406942259,1.1166316189,False,-5.0,2.5
2021-02-08,Florida A&M Rattlers,59.0,home,0.5005242268,0.0137714195,True,9.0,-1.5
2021-02-08,North Carolina Central Eagles,50.0,away,0.4994757732,-0.0137714195,False,-9.0,1.5
2021-02-09,Norfolk State Spartans,64.0,home,0.7690008937,8.7317866178,False,-10.0,6.5
2021-02-09,Coppin State Eagles,74.0,away,0.2309991063,-8.7317866178,True,10.0,-6.5
2021-02-08,Fairfield Stags,77.0,home,0.3690111458,-3.4254150304,True,7.0,-2.5
2021-02-08,Quinnipiac Bobcats,70.0,away,0.6309888542,3.4254150304,False,-7.0,2.5
2021-02-09,Texas A&M-Corpus Christi Islanders,69.0,home,0.0712235313,-16.6691156559,False,-13.0,-15.5
2021-02-09,Abilene Christian Wildcats,82.0,away,0.9287764687,16.6691156559,True,13.0,15.5
2021-02-09,Lafayette Leopards,80.0,home,0.6551783431,4.1100425225,True,4.0,1.5
2021-02-09,Loyola Maryland Greyhounds,76.0,away,0.3448216569,-4.1100425225,False,-4.0,-1.5
2021-02-08,Furman Paladins,68.0,home,0.5113978275,0.3009254612,True,19.0,3.5
2021-02-08,UNC Greensboro Spartans,49.0,away,0.4886021725,-0.3009254612,False,-19.0,-3.5
2021-02-09,Colorado Buffaloes,78.0,home,0.9139109435,14.3954049061,True,29.0,12.5
2021-02-09,Oregon State Beavers,49.0,away,0.0860890565,-14.3954049061,False,-29.0,-12.5
2021-02-08,Stony Brook Seawolves,48.0,home,0.409048711,-2.3519375745,False,-12.0,-3.5
2021-02-08,UMBC Retrievers,60.0,away,0.590951289,2.3519375745,True,12.0,3.5
2021-02-09,Kansas Jayhawks,78.0,home,0.7068900056000001,5.9214387823,True,12.0,6.5
2021-02-09,Oklahoma State Cowboys,66.0,away,0.2931099944,-5.9214387823,False,-12.0,-6.5
2021-02-09,Minnesota Golden Gophers,79.0,home,0.7987911189000001,9.9247361788,True,18.0,10.5
2021-02-09,Nebraska Cornhuskers,61.0,away,0.2012088811,-9.9247361788,False,-18.0,-10.5
2021-02-08,SIU Edwardsville Cougars,74.0,home,0.1939477927,-10.3257688743,False,-4.0,-9.5
2021-02-08,Eastern Kentucky Colonels,78.0,away,0.8060522073,10.3257688743,True,4.0,9.5
2021-02-09,BYU Cougars,71.0,home,0.2257658164999999,-8.5013405145,False,-11.0,-10.5
2021-02-09,Gonzaga Bulldogs,82.0,away,0.7742341835,8.5013405145,True,11.0,10.5
2021-02-09,Southern Jaguars,53.0,home,0.5484552777,1.3233593148,False,-4.0,2.5
2021-02-09,Jackson State Tigers,57.0,away,0.4515447223,-1.3233593148,True,4.0,-2.5
2021-02-09,UNLV Rebels,69.0,home,0.9589214158,17.9132998875,True,5.0,13.5
2021-02-09,Air Force Falcons,64.0,away,0.0410785842,-17.9132998875,False,-5.0,-13.5
2021-02-09,Alabama A&M Bulldogs,56.0,home,0.8636735815000001,12.3394988578,True,1.0,9.5
2021-02-09,Arkansas-Pine Bluff Golden Lions,55.0,away,0.1363264185,-12.3394988578,False,-1.0,-9.5
2021-02-09,Alcorn State Braves,62.0,home,0.4376316735,-1.6853117637,False,-5.0,1.5
2021-02-09,Grambling Tigers,67.0,away,0.5623683265,1.6853117637,True,5.0,-1.5
2021-02-09,San Diego State Aztecs,85.0,home,0.9941350455,34.4498565253,True,31.0,27.5
2021-02-09,San José State Spartans,54.0,away,0.0058649545,-34.4498565253,False,-31.0,-27.5
2021-02-09,Alabama State Hornets,65.0,home,0.9479344514,20.3430975863,False,-3.0,17.5
2021-02-09,Mississippi Valley State Delta Devils,68.0,away,0.0520655486,-20.3430975863,True,3.0,-17.5
2021-02-11,Nebraska Cornhuskers,48.0,home,0.160636375,-11.0320534654,False,-13.0,-10.5
2021-02-11,Wisconsin Badgers,61.0,away,0.8393636250000001,11.0320534654,True,13.0,10.5
2021-02-10,Tulsa Golden Hurricane,48.0,home,0.8085244292,8.9397583004,False,-10.0,7.5
2021-02-10,Tulane Green Wave,58.0,away,0.1914755708,-8.9397583004,True,10.0,-7.5
2021-02-10,UNC Greensboro Spartans,64.0,home,0.5939905361,2.5296667509,True,6.0,0.5
2021-02-10,Furman Paladins,58.0,away,0.4060094639,-2.5296667509,False,-6.0,-0.5
2021-02-11,Drake Bulldogs,80.0,home,0.8737462051,12.6769958878,True,21.0,9.5
2021-02-11,Northern Iowa Panthers,59.0,away,0.1262537949,-12.6769958878,False,-21.0,-9.5
2021-02-11,Valparaiso Beacons,52.0,home,0.2373118132,-7.4326438526,False,-24.0,-3.5
2021-02-11,Bradley Braves,76.0,away,0.7626881868,7.4326438526,True,24.0,3.5
2021-02-11,George Mason Patriots,77.0,home,0.8109569613,8.7065190857,True,32.0,9.5
2021-02-11,Fordham Rams,45.0,away,0.1890430387,-8.7065190857,False,-32.0,-9.5
2021-02-10,Providence Friars,70.0,home,0.4209415996,-1.9270600319,True,11.0,-2.5
2021-02-10,UConn Huskies,59.0,away,0.5790584004,1.9270600319,False,-11.0,2.5
2021-02-11,Boston College Eagles,65.0,home,0.587324041,2.3531565559,False,-4.0,-2.5
2021-02-11,Wake Forest Demon Deacons,69.0,away,0.412675959,-2.3531565559,True,4.0,2.5
2021-02-11,Georgia Tech Yellow Jackets,49.0,home,0.2373972712,-6.540962785,False,-8.0,-4.5
2021-02-11,Virginia Cavaliers,57.0,away,0.7626027288,6.540962785,True,8.0,4.5
2021-02-11,South Florida Bulls,65.0,home,0.0921264305999999,-14.3148354231,False,-17.0,-12.5
2021-02-11,Houston Cougars,82.0,away,0.9078735694,14.3148354231,True,17.0,12.5
2021-02-11,UCF Knights,60.0,home,0.5709296096,1.8613092911,False,-1.0,-1.5
2021-02-11,Wichita State Shockers,61.0,away,0.4290703904,-1.8613092911,True,1.0,1.5
2021-02-11,Iowa Hawkeyes,79.0,home,0.8475970965999999,11.3849544294,True,13.0,6.5
2021-02-11,Rutgers Scarlet Knights,66.0,away,0.1524029034,-11.3849544294,False,-13.0,-6.5
2021-02-10,Northwestern Wildcats,76.0,home,0.3653910448,-3.5266199758,False,-3.0,-3.5
2021-02-10,Indiana Hoosiers,79.0,away,0.6346089552,3.5266199758,True,3.0,3.5
2021-02-11,Ole Miss Rebels,80.0,home,0.5127656841,0.3313401564,True,21.0,2.5
2021-02-11,Missouri Tigers,59.0,away,0.4872343159,-0.3313401564,False,-21.0,-2.5
2021-02-10,San Francisco Dons,68.0,home,0.68893215,5.6036171707,False,-8.0,3.5
2021-02-10,Pepperdine Waves,76.0,away,0.31106785,-5.6036171707,True,8.0,-3.5
2021-02-11,Wofford Terriers,66.0,home,0.7499050581,6.7918207267,False,-12.0,4.5
2021-02-11,Chattanooga Mocs,78.0,away,0.2500949419,-6.7918207267,True,12.0,-4.5
2021-02-11,Villanova Wildcats,96.0,home,0.8957745751,13.1395130995,True,32.0,11.5
2021-02-11,Marquette Golden Eagles,64.0,away,0.1042254249,-13.1395130995,False,-32.0,-11.5
2021-02-10,Charlotte 49ers,76.0,home,0.5892141971,2.0272382152,False,-2.0,1.5
2021-02-10,Old Dominion Monarchs,78.0,away,0.4107858029,-2.0272382152,True,2.0,-1.5
2021-02-11,Tennessee Volunteers,89.0,home,0.9151306085,15.9760899951,True,8.0,13.5
2021-02-11,Georgia Bulldogs,81.0,away,0.0848693915,-15.9760899951,False,-8.0,-13.5
2021-02-11,The Citadel Bulldogs,79.0,home,0.3979382771,-2.7884724302,True,8.0,-7.5
2021-02-11,East Tennessee State Buccaneers,71.0,away,0.6020617229,2.7884724302,False,-8.0,7.5
2021-02-11,Abilene Christian Wildcats,88.0,home,0.9405833725,18.9201385333,True,29.0,17.5
2021-02-11,Houston Christian Huskies,59.0,away,0.0594166275,-18.9201385333,False,-29.0,-17.5
2021-02-11,Incarnate Word Cardinals,67.0,home,0.5045006329,0.1172948083,False,-1.0,-1.5
2021-02-11,Northwestern State Demons,68.0,away,0.4954993671,-0.1172948083,True,1.0,1.5
2021-02-11,Samford Bulldogs,70.0,home,0.3926378248,-3.1239318888,False,-7.0,-4.5
2021-02-11,Mercer Bears,77.0,away,0.6073621752,3.1239318888,True,7.0,4.5
2021-02-11,Lamar Cardinals,71.0,home,0.1862040863,-10.3287642996,False,-5.0,-6.5
2021-02-11,Nicholls Colonels,76.0,away,0.8137959137,10.3287642996,True,5.0,6.5
2021-02-11,Missouri State Bears,65.0,home,0.7799620826,7.9293968003,True,12.0,6.5
2021-02-11,Southern Illinois Salukis,53.0,away,0.2200379174,-7.9293968003,False,-12.0,-6.5
2021-02-11,Sam Houston Bearkats,79.0,home,0.8689391702,13.136142969,True,18.0,10.5
2021-02-11,SE Louisiana Lions,61.0,away,0.1310608298,-13.136142969,False,-18.0,-10.5
2021-02-11,Stephen F. Austin Lumberjacks,80.0,home,0.9199669339,16.3099519014,True,12.0,17.5
2021-02-11,Texas A&M-Corpus Christi Islanders,68.0,away,0.0800330661,-16.3099519014,False,-12.0,-17.5
2021-02-11,Saint Louis Billikens,67.0,home,0.7447472449999999,7.2669536615,True,7.0,8.5
2021-02-11,Rhode Island Rams,60.0,away,0.255252755,-7.2669536615,False,-7.0,-8.5
2021-02-11,Mississippi State Bulldogs,80.0,home,0.4729830238,-0.6963544981,False,-14.0,1.5
2021-02-11,LSU Tigers,94.0,away,0.5270169762,0.6963544981,True,14.0,-1.5
2021-02-11,San Diego State Aztecs,77.0,home,0.9948641058,35.0650365411,True,22.0,29.5
2021-02-11,San José State Spartans,55.0,away,0.0051358942,-35.0650365411,False,-22.0,-29.5
2021-02-11,Western Carolina Catamounts,74.0,home,0.5408524638,1.1171845309,True,2.0,1.5
2021-02-11,VMI Keydets,72.0,away,0.4591475362,-1.1171845309,False,-2.0,-1.5
2021-01-31,DePaul Blue Demons,62.0,home,0.1594817317,-11.5282973232,False,-7.0,-10.5
2021-01-31,Creighton Bluejays,69.0,away,0.8405182683,11.5282973232,True,7.0,10.5
2021-01-30,Penn State Nittany Lions,81.0,home,0.3819169326,-3.0238389673,True,10.0,-4.5
2021-01-30,Wisconsin Badgers,71.0,away,0.6180830674,3.0238389673,False,-10.0,4.5
2021-01-30,Seton Hall Pirates,72.0,home,0.3100119823,-4.9383304616,False,-8.0,-4.5
2021-01-30,Villanova Wildcats,80.0,away,0.6899880177,4.9383304616,True,8.0,4.5
2021-01-30,Marist Red Foxes,55.0,home,0.3198693567,-4.555468287,True,1.0,-6.5
2021-01-30,Siena Saints,54.0,away,0.6801306433,4.555468287,False,-1.0,6.5
2021-01-30,North Carolina A&T Aggies,70.0,home,0.0,0.0,True,12.0,2.5
2021-01-30,Florida A&M Rattlers,58.0,away,0.0,0.0,False,-12.0,-2.5
2021-01-30,East Carolina Pirates,68.0,home,0.4502984295999999,-1.2664932901,False,-9.0,-2.5
2021-01-30,Tulsa Golden Hurricane,77.0,away,0.5497015704,1.2664932901,True,9.0,2.5
2021-01-30,Georgia Tech Yellow Jackets,76.0,home,0.385156073,-3.0093190421,True,11.0,-3.5
2021-01-30,Florida State Seminoles,65.0,away,0.614843927,3.0093190421,False,-11.0,3.5
2021-01-30,Duke Blue Devils,79.0,home,0.6193487822,3.0563326039,True,26.0,5.5
2021-01-30,Clemson Tigers,53.0,away,0.3806512178,-3.0563326039,False,-26.0,-5.5
2021-01-30,Virginia Tech Hokies,65.0,home,0.2908346899,-4.9820068649,True,14.0,-4.5
2021-01-30,Virginia Cavaliers,51.0,away,0.7091653101,4.9820068649,False,-14.0,4.5
2021-01-30,Navy Midshipmen,70.0,home,0.7074699574000001,5.2046770287,True,18.0,3.5
2021-01-30,Loyola Maryland Greyhounds,52.0,away,0.2925300426,-5.2046770287,False,-18.0,-3.5
2021-01-30,Western Carolina Catamounts,69.0,home,0.2764415127,-6.5186340437,False,-6.0,-8.5
2021-01-30,Furman Paladins,75.0,away,0.7235584873,6.5186340437,True,6.0,8.5
2021-01-30,Oklahoma Sooners,66.0,home,0.5756134358,2.1804811143,True,5.0,-3.5
2021-01-30,Alabama Crimson Tide,61.0,away,0.4243865642,-2.1804811143,False,-5.0,3.5
2021-01-30,VCU Rams,73.0,home,0.8749314490000001,13.3115048384,True,11.0,13.5
2021-01-30,La Salle Explorers,62.0,away,0.125068551,-13.3115048384,False,-11.0,-13.5
2021-01-30,Kansas State Wildcats,61.0,home,0.3734593645,-3.0348518071,False,-7.0,-2.5
2021-01-30,Texas A&M Aggies,68.0,away,0.6265406355,3.0348518071,True,7.0,2.5
2021-01-31,UCLA Bruins,57.0,home,0.8635925214,10.7889616604,True,5.0,11.5
2021-01-31,Oregon State Beavers,52.0,away,0.1364074786,-10.7889616604,False,-5.0,-11.5
2021-01-31,Purdue Boilermakers,81.0,home,0.6211513676,3.2886264237,True,19.0,2.5
2021-01-31,Minnesota Golden Gophers,62.0,away,0.3788486324,-3.2886264237,False,-19.0,-2.5
2021-01-30,Towson Tigers,74.0,home,0.7708329414,7.6020285585,False,-10.0,4.5
2021-01-30,William & Mary Tribe,84.0,away,0.2291670586,-7.6020285585,True,10.0,-4.5
2021-01-31,Pepperdine Waves,75.0,home,0.0773675163,-17.9294148561,False,-22.0,-21.5
2021-01-31,Gonzaga Bulldogs,97.0,away,0.9226324837,17.9294148561,True,22.0,21.5
2021-01-30,Georgetown Hoyas,73.0,home,0.3192426849,-4.9549677643,True,1.0,-4.5
2021-01-30,Providence Friars,72.0,away,0.6807573150999999,4.9549677643,False,-1.0,4.5
2021-01-30,UNC Wilmington Seahawks,73.0,home,0.5154784578,0.4116684027,False,-9.0,-2.5
2021-01-30,Hofstra Pride,82.0,away,0.4845215422,-0.4116684027,True,9.0,2.5
2021-01-30,Binghamton Bearcats,65.0,home,0.2735125741,-6.0352196227,True,21.0,-6.5
2021-01-30,New Hampshire Wildcats,44.0,away,0.7264874258999999,6.0352196227,False,-21.0,6.5
2021-01-30,Mount St. Mary's Mountaineers,58.0,home,0.7411801742,6.3309592912,False,-3.0,5.5
2021-01-30,Sacred Heart Pioneers,61.0,away,0.2588198258,-6.3309592912,True,3.0,-5.5
2021-01-30,Lehigh Mountain Hawks,70.0,home,0.3361445561,-4.5469901009,False,-14.0,-1.5
2021-01-30,Bucknell Bison,84.0,away,0.6638554439,4.5469901009,True,14.0,1.5
2021-01-30,Stony Brook Seawolves,57.0,home,0.5370399011,0.9360043861,False,-2.0,3.5
2021-01-30,Hartford Hawks,59.0,away,0.4629600989,-0.9360043861,True,2.0,-3.5
2021-01-30,LSU Tigers,71.0,home,0.4727820493,-0.6488602688,False,-5.0,-3.5
2021-01-30,Texas Tech Red Raiders,76.0,away,0.5272179507,0.6488602688,True,5.0,3.5
2021-01-30,Holy Cross Crusaders,63.0,home,0.0640966581,-18.8003093808,False,-11.0,-14.5
2021-01-30,Colgate Raiders,74.0,away,0.9359033419,18.8003093808,True,11.0,14.5
2021-01-30,Wake Forest Demon Deacons,66.0,home,0.6216549801,3.231291215,True,12.0,3.5
2021-01-30,Miami Hurricanes,54.0,away,0.3783450199,-3.231291215,False,-12.0,-3.5
2021-01-30,Tennessee Tech Golden Eagles,55.0,home,0.254755669,-6.7254010532,False,-19.0,-6.5
2021-01-30,Morehead State Eagles,74.0,away,0.745244331,6.7254010532,True,19.0,6.5
2021-01-30,Miami (OH) RedHawks,65.0,home,0.7381836588,6.1903975384,True,9.0,9.5
2021-01-30,Western Michigan Broncos,56.0,away,0.2618163412,-6.1903975384,False,-9.0,-9.5
2021-01-30,Akron Zips,74.0,home,0.6978081421,5.5912906319,True,32.0,6.5
2021-01-30,Ball State Cardinals,42.0,away,0.3021918579,-5.5912906319,False,-32.0,-6.5
2021-01-30,Delaware Blue Hens,66.0,home,0.5415022466,1.0108172639,True,23.0,6.5
2021-01-30,Elon Phoenix,43.0,away,0.4584977534,-1.0108172639,False,-23.0,-6.5
2021-01-30,Idaho Vandals,62.0,home,0.0720534515,-17.1660490439,False,-19.0,-12.5
2021-01-30,Weber State Wildcats,81.0,away,0.9279465485,17.1660490439,True,19.0,12.5
2021-01-30,Colorado Buffaloes,74.0,home,0.8533099127,11.0868109046,False,-3.0,8.5
2021-01-30,Utah Utes,77.0,away,0.1466900873,-11.0868109046,True,3.0,-8.5
2021-01-30,Coppin State Eagles,76.0,home,0.3416833888,-5.0206317794,False,-3.0,-2.5
2021-01-30,Morgan State Bears,79.0,away,0.6583166112,5.0206317794,True,3.0,2.5
2021-01-30,IU Indianapolis Jaguars,76.0,home,0.3668813953,-3.702441822,False,-7.0,-2.5
2021-01-30,Milwaukee Panthers,83.0,away,0.6331186047,3.702441822,True,7.0,2.5
2021-01-30,Lipscomb Bisons,89.0,home,0.9927181102,33.5795586611,True,33.0,0.0
2021-01-30,Bluefield State Big Blues,56.0,away,0.0072818898,-33.5795586611,False,-33.0,0.0
2021-01-30,Incarnate Word Cardinals,67.0,home,0.099533895,-14.1110822317,False,-8.0,-16.5
2021-01-30,Abilene Christian Wildcats,75.0,away,0.900466105,14.1110822317,True,8.0,16.5
2021-01-30,Missouri Tigers,102.0,home,0.8177956426,9.8342964994,True,4.0,10.5
2021-01-30,TCU Horned Frogs,98.0,away,0.1822043574,-9.8342964994,False,-4.0,-10.5
2021-01-30,West Virginia Mountaineers,80.0,home,0.6428205486,3.9705604341,False,-5.0,4.5
2021-01-30,Florida Gators,85.0,away,0.3571794514,-3.9705604341,True,5.0,-4.5
2021-01-30,Louisiana Tech Bulldogs,65.0,home,0.8835068526,12.9019213584,True,3.0,11.5
2021-01-30,Southern Miss Golden Eagles,62.0,away,0.1164931474,-12.9019213584,False,-3.0,-11.5
2021-01-30,Niagara Purple Eagles,83.0,home,0.4274974332,-1.948811917,True,9.0,-3.5
2021-01-30,Monmouth Hawks,74.0,away,0.5725025668,1.948811917,False,-9.0,3.5
2021-01-30,Kennesaw State Owls,79.0,home,0.2647757891,-5.9252422079,False,-5.0,-9.5
2021-01-30,Bellarmine Knights,84.0,away,0.7352242108999999,5.9252422079,True,5.0,9.5
2021-01-30,St. Francis Brooklyn Terriers,88.0,home,0.4806766944999999,-0.5785937722,False,-14.0,-1.5
2021-01-30,Long Island University Sharks,102.0,away,0.5193233055,0.5785937722,True,14.0,1.5
2021-01-30,Oklahoma State Cowboys,81.0,home,0.4120312864,-2.5454355523,True,4.0,1.5
2021-01-30,Arkansas Razorbacks,77.0,away,0.5879687136,2.5454355523,False,-4.0,-1.5
2021-01-30,Dayton Flyers,67.0,home,0.5217750504,0.537104695,True,11.0,1.5
2021-01-30,Rhode Island Rams,56.0,away,0.4782249496,-0.537104695,False,-11.0,-1.5
2021-01-30,Wichita State Shockers,93.0,home,0.6940047473,4.8309047764,True,5.0,5.5
2021-01-30,UCF Knights,88.0,away,0.3059952527,-4.8309047764,False,-5.0,-5.5
2021-01-30,Georgia Southern Eagles,61.0,home,0.2804085567,-6.1968828437,True,3.0,-2.5
2021-01-30,Coastal Carolina Chanticleers,58.0,away,0.7195914433,6.1968828437,False,-3.0,2.5
2021-01-30,Southern Illinois Salukis,62.0,home,0.3936832885999999,-2.7832974473,False,-12.0,-1.5
2021-01-30,Northern Iowa Panthers,74.0,away,0.6063167114,2.7832974473,True,12.0,1.5
2021-01-30,Charlotte 49ers,68.0,home,0.7120552495,5.6025346152,True,3.0,6.5
2021-01-30,Florida International Panthers,65.0,away,0.2879447505,-5.6025346152,False,-3.0,-6.5
2021-01-30,Presbyterian Blue Hose,66.0,home,0.3579129829,-3.4532329429,True,12.0,-3.5
2021-01-30,Longwood Lancers,54.0,away,0.6420870171,3.4532329429,False,-12.0,3.5
2021-01-30,Norfolk State Spartans,94.0,home,0.8946423719,15.1335118036,True,28.0,13.5
2021-01-30,Delaware State Hornets,66.0,away,0.1053576280999999,-15.1335118036,False,-28.0,-13.5
2021-01-30,Gardner-Webb Runnin' Bulldogs,69.0,home,0.7571893411,7.2013687851,False,-3.0,6.5
2021-01-30,High Point Panthers,72.0,away,0.2428106589,-7.2013687851,True,3.0,-6.5
2021-01-30,Kent State Golden Flashes,83.0,home,0.8674322108,13.8106126766,True,7.0,12.5
2021-01-30,Central Michigan Chippewas,76.0,away,0.1325677892,-13.8106126766,False,-7.0,-12.5
2021-01-30,Baylor Bears,84.0,home,0.9565975456,21.4687154041,True,12.0,14.5
2021-01-30,Auburn Tigers,72.0,away,0.0434024543999999,-21.4687154041,False,-12.0,-14.5
2021-01-30,Arizona Wildcats,71.0,home,0.8752647682999999,12.384451841,True,21.0,9.5
2021-01-30,California Golden Bears,50.0,away,0.1247352317,-12.384451841,False,-21.0,-9.5
2021-01-30,Alcorn State Braves,59.0,home,0.3852587129,-3.178885675,False,-17.0,-3.5
2021-01-30,Southern Jaguars,76.0,away,0.6147412871,3.178885675,True,17.0,3.5
2021-01-30,SE Louisiana Lions,79.0,home,0.4740177496,-0.7162619728,True,6.0,1.5
2021-01-30,New Orleans Privateers,73.0,away,0.5259822504,0.7162619728,False,-6.0,-1.5
2021-01-30,Wofford Terriers,72.0,home,0.7227767363999998,6.1406369372,True,3.0,3.5
2021-01-30,Mercer Bears,69.0,away,0.2772232636,-6.1406369372,False,-3.0,-3.5
2021-01-30,Prairie View A&M Panthers,79.0,home,0.7596823462000001,7.7437207939,True,22.0,8.5
2021-01-30,Alabama A&M Bulldogs,57.0,away,0.2403176538,-7.7437207939,False,-22.0,-8.5
2021-01-30,East Tennessee State Buccaneers,112.0,home,0.6968789677000001,5.7267269818,True,28.0,10.5
2021-01-30,The Citadel Bulldogs,84.0,away,0.3031210323,-5.7267269818,False,-28.0,-10.5
2021-01-30,Wright State Raiders,86.0,home,0.9239157286000002,16.6382015738,True,30.0,15.5
2021-01-30,Robert Morris Colonials,56.0,away,0.0760842714,-16.6382015738,False,-30.0,-15.5
2021-01-30,Youngstown State Penguins,72.0,home,0.4017410851,-2.4887816116,False,-5.0,1.5
2021-01-30,Detroit Mercy Titans,77.0,away,0.5982589149,2.4887816116,True,5.0,-1.5
2021-01-30,Northern Kentucky Norse,69.0,home,0.5783856773,2.039711249,True,2.0,2.5
2021-01-30,UIC Flames,67.0,away,0.4216143227,-2.039711249,False,-2.0,-2.5
2021-01-30,Austin Peay Governors,71.0,home,0.768316206,7.7854814786,True,15.0,10.5
2021-01-30,Tennessee State Tigers,56.0,away,0.231683794,-7.7854814786,False,-15.0,-10.5
2021-01-30,Arkansas State Red Wolves,64.0,home,0.3769641121,-3.4060076361,False,-1.0,-3.5
2021-01-30,UT Arlington Mavericks,65.0,away,0.6230358879,3.4060076361,True,1.0,3.5
2021-01-30,North Florida Ospreys,82.0,home,0.3491393223,-4.2286017128,True,10.0,2.5
2021-01-30,North Alabama Lions,72.0,away,0.6508606777,4.2286017128,False,-10.0,-2.5
2021-01-30,UT Martin Skyhawks,60.0,home,0.3302946993,-4.6965385978,False,-16.0,-5.5
2021-01-30,SIU Edwardsville Cougars,76.0,away,0.6697053007,4.6965385978,True,16.0,5.5
2021-01-30,Little Rock Trojans,65.0,home,0.8534420446,10.9962799393,True,16.0,10.5
2021-01-30,UL Monroe Warhawks,49.0,away,0.1465579554,-10.9962799393,False,-16.0,-10.5
2021-01-30,Lamar Cardinals,64.0,home,0.3840266433,-3.2840702897,True,8.0,4.5
2021-01-30,McNeese Cowboys,56.0,away,0.6159733567,3.2840702897,False,-8.0,-4.5
2021-01-30,Idaho State Bengals,89.0,home,0.0,0.0,True,41.0,0.0
2021-01-30,Northwest University Eagles,48.0,away,0.0,0.0,False,-41.0,0.0
2021-01-30,San José State Spartans,75.0,home,0.5145076676,0.365254076,True,13.0,-4.5
2021-01-30,Air Force Falcons,62.0,away,0.4854923324,-0.365254076,False,-13.0,4.5
2021-01-30,Central Arkansas Bears,77.0,home,0.6740633309,5.216304233,False,-4.0,3.5
2021-01-30,Northwestern State Demons,81.0,away,0.3259366691,-5.216304233,True,4.0,-3.5
2021-01-30,Southeast Missouri State Redhawks,75.0,home,0.4076618237,-2.4530229795,True,31.0,2.5
2021-01-30,Eastern Illinois Panthers,44.0,away,0.5923381763,2.4530229795,False,-31.0,-2.5
2021-01-30,Georgia Bulldogs,71.0,home,0.3253305745,-4.9710723545,True,10.0,-3.5
2021-01-30,Ole Miss Rebels,61.0,away,0.6746694255,4.9710723545,False,-10.0,3.5
2021-01-30,Troy Trojans,65.0,home,0.3560412486000001,-3.4973313348,True,6.0,-4.5
2021-01-30,App State Mountaineers,59.0,away,0.6439587514,3.4973313348,False,-6.0,4.5
2021-01-30,Campbell Fighting Camels,75.0,home,0.8122921749,9.209127982,True,8.0,7.5
2021-01-30,Charleston Southern Buccaneers,67.0,away,0.1877078251,-9.209127982,False,-8.0,-7.5
2021-01-30,Bowling Green Falcons,66.0,home,0.3658546591,-3.6789362313,False,-18.0,-3.5
2021-01-30,Toledo Rockets,84.0,away,0.6341453409,3.6789362313,True,18.0,3.5
2021-01-30,Tennessee Volunteers,80.0,home,0.7035751651999999,5.3873353353,True,19.0,3.5
2021-01-30,Kansas Jayhawks,61.0,away,0.2964248348,-5.3873353353,False,-19.0,-3.5
2021-01-30,Jacksonville Dolphins,58.0,home,0.1416270526,-10.9109055403,False,-6.0,-10.5
2021-01-30,Liberty Flames,64.0,away,0.8583729474,10.9109055403,True,6.0,10.5
2021-01-30,Texas State Bobcats,73.0,home,0.6585182868,4.2415087441,False,-1.0,4.5
2021-01-30,Louisiana Ragin' Cajuns,74.0,away,0.3414817132,-4.2415087441,True,1.0,-4.5
2021-01-30,Mississippi State Bulldogs,95.0,home,0.7745061786,7.7738683031,True,39.0,10.5
2021-01-30,Iowa State Cyclones,56.0,away,0.2254938214,-7.7738683031,False,-39.0,-10.5
2021-01-31,Cal Poly Mustangs,51.0,home,0.3871711717,-3.0788022773,False,-13.0,-3.5
2021-01-31,Cal State Northridge Matadors,64.0,away,0.6128288283,3.0788022773,True,13.0,3.5
2021-01-30,Grambling Tigers,74.0,home,0.8609583743,12.0631620189,True,3.0,10.5
2021-01-30,Arkansas-Pine Bluff Golden Lions,71.0,away,0.1390416257,-12.0631620189,False,-3.0,-10.5
2021-01-30,Jackson State Tigers,106.0,home,0.9819370462,27.9263469516,True,50.0,24.5
2021-01-30,Mississippi Valley State Delta Devils,56.0,away,0.0180629538,-27.9263469516,False,-50.0,-24.5
2021-01-31,Fairleigh Dickinson Knights,81.0,home,0.3514105501,-4.6762765068,True,2.0,-5.5
2021-01-31,Bryant Bulldogs,79.0,away,0.6485894499,4.6762765068,False,-2.0,5.5
2021-01-31,Fresno State Bulldogs,65.0,home,0.7191992446,5.7231346761,True,10.0,6.5
2021-01-31,New Mexico Lobos,55.0,away,0.2808007554,-5.7231346761,False,-10.0,-6.5
2021-01-31,Purdue Fort Wayne Mastodons,75.0,home,0.6916701565,5.5346279054,False,-7.0,-1.5
2021-01-31,Oakland Golden Grizzlies,82.0,away,0.3083298435,-5.5346279054,True,7.0,1.5
2021-01-31,Saint Francis Red Flash,62.0,home,0.7315567731999999,6.8457916418,True,3.0,8.5
2021-01-31,Central Connecticut Blue Devils,59.0,away,0.2684432268,-6.8457916418,False,-3.0,-8.5
2021-01-31,Cleveland State Vikings,73.0,home,0.7777595356,7.8479346625,True,8.0,3.5
2021-01-31,Green Bay Phoenix,65.0,away,0.2222404644,-7.8479346625,False,-8.0,-3.5
2021-01-31,Florida Gulf Coast Eagles,66.0,home,0.644617905,3.9967241978,False,-11.0,3.5
2021-01-31,Stetson Hatters,77.0,away,0.355382095,-3.9967241978,True,11.0,-3.5
2021-01-31,Duquesne Dukes,67.0,home,0.9086224244,15.7670191996,True,17.0,10.5
2021-01-31,Saint Joseph's Hawks,50.0,away,0.0913775755999999,-15.7670191996,False,-17.0,-10.5
2021-01-31,Saint Peter's Peacocks,68.0,home,0.7229067612,6.069025012,True,14.0,6.5
2021-01-31,Manhattan Jaspers,54.0,away,0.2770932388,-6.069025012,False,-14.0,-6.5
2021-01-31,Arizona State Sun Devils,79.0,home,0.4665458881,-0.9578329231,True,4.0,3.5
2021-01-31,Stanford Cardinal,75.0,away,0.5334541119,0.9578329231,False,-4.0,-3.5
2021-01-31,UC Davis Aggies,86.0,home,0.1622450066,-10.8186748143,False,-3.0,-9.5
2021-01-31,UC Santa Barbara Gauchos,89.0,away,0.8377549934000001,10.8186748143,True,3.0,9.5
2021-01-31,UNC Greensboro Spartans,76.0,home,0.8602861341000001,12.1165774388,True,17.0,9.5
2021-01-31,VMI Keydets,59.0,away,0.1397138659,-12.1165774388,False,-17.0,-9.5
2021-01-31,North Dakota Fighting Hawks,87.0,home,0.6010698889,2.7216213902,False,-12.0,4.5
2021-01-31,Western Illinois Leathernecks,99.0,away,0.3989301111,-2.7216213902,True,12.0,-4.5
2021-01-31,South Dakota Coyotes,97.0,home,0.8266316731,10.4793654439,True,4.0,10.5
2021-01-31,Omaha Mavericks,93.0,away,0.1733683269,-10.4793654439,False,-4.0,-10.5
2021-01-31,Utah Valley Wolverines,62.0,home,0.667693895,4.651735289,False,-8.0,6.5
2021-01-31,Tarleton State Texans,70.0,away,0.332306105,-4.651735289,True,8.0,-6.5
2021-01-31,Vanderbilt Commodores,93.0,home,0.4064292956999999,-2.6520584625,True,12.0,-4.5
2021-01-31,South Carolina Gamecocks,81.0,away,0.5935707043,2.6520584625,False,-12.0,4.5
2021-01-31,Kansas City Roos,49.0,home,0.6569682618999999,3.7422548927,True,2.0,-5.5
2021-01-31,North Dakota State Bison,47.0,away,0.3430317381,-3.7422548927,False,-2.0,5.5
2021-01-31,Murray State Racers,71.0,home,0.4708838547,-0.8026143585,False,-1.0,-2.5
2021-01-31,Belmont Bruins,72.0,away,0.5291161453,0.8026143585,True,1.0,2.5
2021-01-31,UTEP Miners,69.0,home,0.7233005486,6.4602539982,True,18.0,3.5
2021-01-31,UTSA Roadrunners,51.0,away,0.2766994514,-6.4602539982,False,-18.0,-3.5
2021-01-31,Grand Canyon Lopes,65.0,home,0.7722939993,7.2957945598,True,12.0,2.5
2021-01-31,New Mexico State Aggies,53.0,away,0.2277060007,-7.2957945598,False,-12.0,-2.5
2021-01-31,Texas Southern Tigers,80.0,home,0.9211847637,16.2916958401,True,7.0,13.5
2021-01-31,Alabama State Hornets,73.0,away,0.0788152363,-16.2916958401,False,-7.0,-13.5
2021-01-30,St. Bonaventure Bonnies,84.0,home,0.8788911319,12.2811935787,True,17.0,10.5
2021-01-30,George Mason Patriots,67.0,away,0.1211088681,-12.2811935787,False,-17.0,-10.5
2021-01-31,Hawai'i Rainbow Warriors,62.0,home,0.3083221985,-5.2470612042,True,1.0,-3.5
2021-01-31,UC Irvine Anteaters,61.0,away,0.6916778015,5.2470612042,False,-1.0,3.5
2021-01-31,Cal State Bakersfield Roadrunners,83.0,home,0.839237987,10.3568222163,True,10.0,9.5
2021-01-31,Cal State Fullerton Titans,73.0,away,0.160762013,-10.3568222163,False,-10.0,-9.5
2021-01-30,BYU Cougars,95.0,home,0.9404439543,17.6032457361,True,8.0,11.5
2021-01-30,Pacific Tigers,87.0,away,0.0595560456999999,-17.6032457361,False,-8.0,-11.5
2021-01-31,San Diego State Aztecs,98.0,home,0.9715775168,23.0113363405,True,27.0,18.5
2021-01-31,Wyoming Cowboys,71.0,away,0.0284224832,-23.0113363405,False,-27.0,-18.5
2021-01-31,Pittsburgh Panthers,58.0,home,0.6440883343,3.8609456374,False,-26.0,3.5
2021-01-31,Notre Dame Fighting Irish,84.0,away,0.3559116657,-3.8609456374,True,26.0,-3.5
2021-01-30,Butler Bulldogs,55.0,home,0.325071528,-4.5117362589,False,-13.0,1.5
2021-01-30,Xavier Musketeers,68.0,away,0.674928472,4.5117362589,True,13.0,-1.5
2021-01-31,California Baptist Lancers,75.0,home,0.8846543362,13.7094251853,False,-4.0,9.5
2021-01-31,Utah Tech Trailblazers,79.0,away,0.1153456638,-13.7094251853,True,4.0,-9.5
2021-02-12,Washington Huskies,54.0,home,0.1281402814,-12.2660618175,False,-15.0,-12.5
2021-02-12,USC Trojans,69.0,away,0.8718597186,12.2660618175,True,15.0,12.5
2021-02-12,Kansas Jayhawks,97.0,home,0.9090955299,14.7905054876,True,33.0,14.5
2021-02-12,Iowa State Cyclones,64.0,away,0.0909044701,-14.7905054876,False,-33.0,-14.5
2021-02-11,Austin Peay Governors,71.0,home,0.9236803625,15.5067069927,True,21.0,15.5
2021-02-11,UT Martin Skyhawks,50.0,away,0.0763196375,-15.5067069927,False,-21.0,-15.5
2021-02-11,Minnesota Golden Gophers,71.0,home,0.4966548249,-0.0877889909,True,3.0,3.5
2021-02-11,Purdue Boilermakers,68.0,away,0.5033451751,0.0877889909,False,-3.0,-3.5
2021-02-12,Saint Francis Red Flash,67.0,home,0.642822463,4.138168159,False,-3.0,1.5
2021-02-12,St. Francis Brooklyn Terriers,70.0,away,0.3571775369999999,-4.138168159,True,3.0,-1.5
2021-02-11,Georgia State Panthers,79.0,home,0.8548279631,11.6966534917,True,4.0,6.5
2021-02-11,Georgia Southern Eagles,75.0,away,0.1451720369,-11.6966534917,False,-4.0,-6.5
2021-02-12,Mount St. Mary's Mountaineers,66.0,home,0.6494508605,3.7468652337,True,6.0,1.5
2021-02-12,Long Island University Sharks,60.0,away,0.3505491395,-3.7468652337,False,-6.0,-1.5
2021-02-11,Hampton Pirates,70.0,home,0.7061595259,5.7269326839,False,-15.0,3.5
2021-02-11,Presbyterian Blue Hose,85.0,away,0.2938404741,-5.7269326839,True,15.0,-3.5
2021-02-12,Central Connecticut Blue Devils,46.0,home,0.3827424182,-3.0546334141,False,-16.0,-4.5
2021-02-12,Merrimack Warriors,62.0,away,0.6172575818,3.0546334141,True,16.0,4.5
2021-02-12,Campbell Fighting Camels,72.0,home,0.8150311365,9.388661703,True,1.0,3.5
2021-02-12,South Carolina Upstate Spartans,71.0,away,0.1849688635,-9.388661703,False,-1.0,-3.5
2021-02-11,High Point Panthers,77.0,home,0.7975796469,8.6843719777,True,4.0,7.5
2021-02-11,Charleston Southern Buccaneers,73.0,away,0.2024203531,-8.6843719777,False,-4.0,-7.5
2021-02-12,Montana Grizzlies,80.0,home,0.4147326573999999,-2.201865477,True,13.0,-1.5
2021-02-12,Weber State Wildcats,67.0,away,0.5852673426,2.201865477,False,-13.0,1.5
2021-02-11,Longwood Lancers,57.0,home,0.3637152751,-3.3906877567,True,3.0,-2.5
2021-02-11,Gardner-Webb Runnin' Bulldogs,54.0,away,0.6362847249,3.3906877567,False,-3.0,2.5
2021-02-11,California Golden Bears,75.0,home,0.2897184957,-5.4538956136,False,-1.0,-4.5
2021-02-11,Utah Utes,76.0,away,0.7102815042999999,5.4538956136,True,1.0,4.5
2021-02-12,South Alabama Jaguars,73.0,home,0.7455894313,6.7375718936,True,3.0,5.5
2021-02-12,Troy Trojans,70.0,away,0.2544105687,-6.7375718936,False,-3.0,-5.5
2021-02-12,Stanford Cardinal,51.0,home,0.3513334685,-4.0144979562,False,-18.0,0.5
2021-02-12,Colorado Buffaloes,69.0,away,0.6486665314999999,4.0144979562,True,18.0,-0.5
2021-02-11,Radford Highlanders,64.0,home,0.2921341051,-5.9817531774,False,-16.0,-5.5
2021-02-11,Winthrop Eagles,80.0,away,0.7078658949,5.9817531774,True,16.0,5.5
2021-02-11,Pacific Tigers,84.0,home,0.9177399829,15.6313693627,True,27.0,15.5
2021-02-11,Portland Pilots,57.0,away,0.0822600171,-15.6313693627,False,-27.0,-15.5
2021-02-11,Wagner Seahawks,76.0,home,0.4976604053,-0.0587068914,True,4.0,1.5
2021-02-11,Fairleigh Dickinson Knights,72.0,away,0.5023395947,0.0587068914,False,-4.0,-1.5
2021-02-12,UT Arlington Mavericks,56.0,home,0.5567174019,1.4284813061,False,-7.0,-1.5
2021-02-12,Texas State Bobcats,63.0,away,0.4432825981,-1.4284813061,True,7.0,1.5
2021-02-12,Louisiana Ragin' Cajuns,66.0,home,0.7649164929,7.8048396549,False,-6.0,8.5
2021-02-12,UL Monroe Warhawks,72.0,away,0.2350835071,-7.8048396549,True,6.0,-8.5
2021-02-12,Montana State Bobcats,77.0,home,0.4190886234000001,-2.279146105,False,-16.0,-2.5
2021-02-12,Eastern Washington Eagles,93.0,away,0.5809113766,2.279146105,True,16.0,2.5
2021-02-12,Arizona Wildcats,70.0,home,0.8604988671,11.424273963,True,9.0,11.5
2021-02-12,Oregon State Beavers,61.0,away,0.1395011329,-11.424273963,False,-9.0,-11.5
2021-02-12,Jacksonville State Gamecocks,76.0,home,0.7594076185,7.2788408777,True,12.0,8.5
2021-02-12,Eastern Illinois Panthers,64.0,away,0.2405923815,-7.2788408777,False,-12.0,-8.5
2021-02-12,Arizona State Sun Devils,64.0,home,0.4041580617,-2.7258935636,False,-11.0,-1.5
2021-02-12,Oregon Ducks,75.0,away,0.5958419383,2.7258935636,True,11.0,1.5
2021-02-12,Washington State Cougars,81.0,home,0.2713111561,-6.0303404774,True,8.0,-4.5
2021-02-12,UCLA Bruins,73.0,away,0.7286888439000001,6.0303404774,False,-8.0,4.5
2021-02-12,Boise State Broncos,78.0,home,0.8863077386,12.1867029193,True,12.0,9.5
2021-02-12,UNLV Rebels,66.0,away,0.1136922613999999,-12.1867029193,False,-12.0,-9.5
2021-02-12,Idaho State Bengals,69.0,home,0.9133935166,14.4718154818,True,26.0,8.5
2021-02-12,Idaho Vandals,43.0,away,0.0866064834,-14.4718154818,False,-26.0,-8.5
2021-02-12,Air Force Falcons,63.0,home,0.2757180632,-5.4421359134,False,-6.0,-4.5
2021-02-12,Fresno State Bulldogs,69.0,away,0.7242819368,5.4421359134,True,6.0,4.5
2021-02-12,Belmont Bruins,92.0,home,0.839047185,11.4003463124,True,18.0,11.5
2021-02-12,Eastern Kentucky Colonels,74.0,away,0.160952815,-11.4003463124,False,-18.0,-11.5
2021-02-12,Tennessee State Tigers,66.0,home,0.240152063,-7.4482798958,False,-13.0,-7.5
2021-02-12,Morehead State Eagles,79.0,away,0.759847937,7.4482798958,True,13.0,7.5
2021-02-12,Tennessee Tech Golden Eagles,63.0,home,0.5092148734,0.2416974722,False,-18.0,3.5
2021-02-12,SIU Edwardsville Cougars,81.0,away,0.4907851266,-0.2416974722,True,18.0,-3.5
2021-02-15,SIU Edwardsville Cougars,57.0,home,0.1272617684,-12.6407401555,False,-29.0,-11.5
2021-02-15,Murray State Racers,86.0,away,0.8727382316,12.6407401555,True,29.0,11.5
2021-02-16,Washington State Cougars,63.0,home,0.7402588041,7.0378668595,False,-2.0,6.5
2021-02-16,Washington Huskies,65.0,away,0.2597411959,-7.0378668595,True,2.0,-6.5
2021-02-15,Longwood Lancers,83.0,home,0.6718082266,4.6769513909,True,10.0,4.5
2021-02-15,Hampton Pirates,73.0,away,0.3281917734,-4.6769513909,False,-10.0,-4.5
2021-02-15,New Orleans Privateers,79.0,home,0.2677408088,-7.1294174673,False,-10.0,-11.5
2021-02-15,Stephen F. Austin Lumberjacks,89.0,away,0.7322591912,7.1294174673,True,10.0,11.5
2021-02-16,Chattanooga Mocs,53.0,home,0.529433845,0.7265435144,True,2.0,1.5
2021-02-16,East Tennessee State Buccaneers,51.0,away,0.470566155,-0.7265435144,False,-2.0,-1.5
2021-02-15,Idaho State Bengals,84.0,home,0.0,0.0,True,25.0,0.0
2021-02-15,George Fox Bruins,59.0,away,0.0,0.0,False,-25.0,0.0
2021-02-15,Tennessee Tech Golden Eagles,72.0,home,0.148016015,-12.6083071372,False,-11.0,-7.5
2021-02-15,Eastern Kentucky Colonels,83.0,away,0.851983985,12.6083071372,True,11.0,7.5
2021-02-16,Florida State Seminoles,81.0,home,0.3566709445,-3.4222606643,True,21.0,2.5
2021-02-16,Virginia Cavaliers,60.0,away,0.6433290555,3.4222606643,False,-21.0,-2.5
2021-02-15,Presbyterian Blue Hose,75.0,home,0.6472561845,3.742394137,True,10.0,2.5
2021-02-15,South Carolina Upstate Spartans,65.0,away,0.3527438155,-3.742394137,False,-10.0,-2.5
2021-02-12,UC Davis Aggies,68.0,home,0.7533324705,8.050579837,True,2.0,7.5
2021-02-12,Long Beach State Beach,66.0,away,0.2466675294999999,-8.050579837,False,-2.0,-7.5
2021-02-12,Saint Francis Red Flash,80.0,home,0.6173217726,3.3600096762,True,14.0,1.5
2021-02-12,St. Francis Brooklyn Terriers,66.0,away,0.3826782274,-3.3600096762,False,-14.0,-1.5
2021-02-12,Murray State Racers,80.0,home,0.9065246612,14.7428481475,True,20.0,12.5
2021-02-12,Southeast Missouri State Redhawks,60.0,away,0.0934753388,-14.7428481475,False,-20.0,-12.5
2021-02-12,Quinnipiac Bobcats,67.0,home,0.5164700732,0.4386590684,False,-7.0,4.5
2021-02-12,Canisius Golden Griffins,74.0,away,0.4835299268,-0.4386590684,True,7.0,-4.5
2021-02-12,Green Bay Phoenix,86.0,home,0.3933508915,-2.6804777547,True,4.0,0.5
2021-02-12,Northern Kentucky Norse,82.0,away,0.6066491085,2.6804777547,False,-4.0,-0.5
2021-02-13,Campbell Fighting Camels,64.0,home,0.8092906563,9.1051572852,True,15.0,3.5
2021-02-13,South Carolina Upstate Spartans,49.0,away,0.1907093437,-9.1051572852,False,-15.0,-3.5
2021-02-12,Hampton Pirates,62.0,home,0.6394331023,3.7509784304,True,5.0,1.5
2021-02-12,Presbyterian Blue Hose,57.0,away,0.3605668977,-3.7509784304,False,-5.0,-1.5
2021-02-12,Longwood Lancers,78.0,home,0.3799843948,-2.9662303461,True,7.0,-4.5
2021-02-12,Gardner-Webb Runnin' Bulldogs,71.0,away,0.6200156052,2.9662303461,False,-7.0,4.5
2021-02-13,Cincinnati Bearcats,71.0,home,0.7130087179,6.1198700319,True,2.0,6.5
2021-02-13,Temple Owls,69.0,away,0.2869912821,-6.1198700319,False,-2.0,-6.5
2021-02-12,Youngstown State Penguins,84.0,home,0.6158225965,3.0577960956,True,14.0,5.5
2021-02-12,Purdue Fort Wayne Mastodons,70.0,away,0.3841774035,-3.0577960956,False,-14.0,-5.5
2021-02-12,Liberty Flames,73.0,home,0.943643957,16.4950596246,True,12.0,11.5
2021-02-12,North Florida Ospreys,61.0,away,0.0563560429999999,-16.4950596246,False,-12.0,-11.5
2021-02-13,UAlbany Great Danes,71.0,home,0.6866193725,5.2010078309,False,-8.0,4.5
2021-02-13,UMass Lowell River Hawks,79.0,away,0.3133806275,-5.2010078309,True,8.0,-4.5
2021-02-12,Kennesaw State Owls,61.0,home,0.2947777638,-5.5891671015,False,-13.0,-5.5
2021-02-12,Stetson Hatters,74.0,away,0.7052222362,5.5891671015,True,13.0,5.5
2021-02-12,IU Indianapolis Jaguars,89.0,home,0.4790149723,-0.5693974476,True,20.0,-3.5
2021-02-12,UIC Flames,69.0,away,0.5209850277,0.5693974476,False,-20.0,3.5
2021-02-12,Marshall Thundering Herd,107.0,home,0.9404444218,19.2140502731,True,28.0,15.5
2021-02-12,Middle Tennessee Blue Raiders,79.0,away,0.0595555782,-19.2140502731,False,-28.0,-15.5
2021-02-12,High Point Panthers,68.0,home,0.7866935497,8.348412825,False,-1.0,7.5
2021-02-12,Charleston Southern Buccaneers,69.0,away,0.2133064503,-8.348412825,True,1.0,-7.5
2021-02-12,Mount St. Mary's Mountaineers,64.0,home,0.6738690047999999,4.385906744,True,18.0,1.5
2021-02-12,Long Island University Sharks,46.0,away,0.3261309952,-4.385906744,False,-18.0,-1.5
2021-02-13,VCU Rams,67.0,home,0.5976699316,2.4040359834,True,3.0,3.5
2021-02-13,St. Bonaventure Bonnies,64.0,away,0.4023300684,-2.4040359834,False,-3.0,-3.5
2021-02-12,Iona Gaels,85.0,home,0.7596699154,7.0735485273,True,18.0,5.5
2021-02-12,Manhattan Jaspers,67.0,away,0.2403300845999999,-7.0735485273,False,-18.0,-5.5
2021-02-13,Nebraska Cornhuskers,72.0,home,0.1002074399999999,-15.7069068197,False,-5.0,-13.5
2021-02-13,Illinois Fighting Illini,77.0,away,0.89979256,15.7069068197,True,5.0,13.5
2021-02-13,UCF Knights,53.0,home,0.7085929992,5.5736154967,True,4.0,4.5
2021-02-13,Tulane Green Wave,49.0,away,0.2914070008,-5.5736154967,False,-4.0,-4.5
2021-02-13,North Alabama Lions,64.0,home,0.4791694938999999,-0.5206848822,False,-2.0,-6.5
2021-02-13,Bellarmine Knights,66.0,away,0.5208305061,0.5206848822,True,2.0,6.5
2021-02-13,Robert Morris Colonials,88.0,home,0.5649856276,1.7213311907,True,6.0,-2.5
2021-02-13,Oakland Golden Grizzlies,82.0,away,0.4350143724,-1.7213311907,False,-6.0,2.5
2021-02-13,Central Connecticut Blue Devils,52.0,home,0.337612154,-4.3002814676,False,-20.0,-5.5
2021-02-13,Merrimack Warriors,72.0,away,0.662387846,4.3002814676,True,20.0,5.5
2021-02-13,Wright State Raiders,92.0,home,0.9443305578,19.1154132145,True,11.0,15.5
2021-02-13,Milwaukee Panthers,81.0,away,0.0556694422,-19.1154132145,False,-11.0,-15.5
2021-02-13,Miami (OH) RedHawks,76.0,home,0.2752242353,-5.9609721937,False,-7.0,-3.5
2021-02-13,Akron Zips,83.0,away,0.7247757647,5.9609721937,True,7.0,3.5
2021-02-13,Jacksonville Dolphins,66.0,home,0.4037715756,-2.4735405263,True,6.0,-7.5
2021-02-13,Lipscomb Bisons,60.0,away,0.5962284244,2.4735405263,False,-6.0,7.5
2021-02-13,UTSA Roadrunners,84.0,home,0.4698558671,-0.8227817348,True,4.0,4.5
2021-02-13,Florida Atlantic Owls,80.0,away,0.5301441329,0.8227817348,False,-4.0,-4.5
2021-02-13,Radford Highlanders,47.0,home,0.258606525,-7.0618800202,False,-8.0,-4.5
2021-02-13,Winthrop Eagles,55.0,away,0.741393475,7.0618800202,True,8.0,4.5
2021-02-13,UC Riverside Highlanders,86.0,home,0.506984336,0.1779746759,True,21.0,-1.5
2021-02-13,UC Irvine Anteaters,65.0,away,0.4930156639999999,-0.1779746759,False,-21.0,1.5
2021-02-13,Cal State Bakersfield Roadrunners,76.0,home,0.9129199586,14.7470761245,True,5.0,9.0
2021-02-13,UC San Diego Tritons,71.0,away,0.0870800414,-14.7470761245,False,-5.0,-9.0
2021-02-13,Western Illinois Leathernecks,75.0,home,0.8056780942,9.7003215323,True,6.0,5.5
2021-02-13,Denver Pioneers,69.0,away,0.1943219058,-9.7003215323,False,-6.0,-5.5
2021-02-13,Buffalo Bulls,86.0,home,0.0,0.0,True,32.0,14.5
2021-02-13,Western Michigan Broncos,54.0,away,0.0,0.0,False,-32.0,-14.5
2021-02-13,Kansas City Roos,62.0,home,0.8809518133,12.7250483801,True,10.0,6.5
2021-02-13,Omaha Mavericks,52.0,away,0.1190481867,-12.7250483801,False,-10.0,-6.5
2021-02-13,Clemson Tigers,74.0,home,0.6662845028,4.2243379926,True,2.0,3.5
2021-02-13,Georgia Tech Yellow Jackets,72.0,away,0.3337154972,-4.2243379926,False,-2.0,-3.5
2021-02-13,Arkansas State Red Wolves,73.0,home,0.370077903,-3.3626050105,True,11.0,-5.5
2021-02-13,Little Rock Trojans,62.0,away,0.629922097,3.3626050105,False,-11.0,5.5
2021-02-13,Louisiana Tech Bulldogs,70.0,home,0.5215097465,0.5723570121,True,12.0,1.5
2021-02-13,UAB Blazers,58.0,away,0.4784902535000001,-0.5723570121,False,-12.0,-1.5
2021-02-13,Utah Valley Wolverines,87.0,home,0.7644283467000001,8.1941673416,True,15.0,9.5
2021-02-13,Utah Tech Trailblazers,72.0,away,0.2355716533,-8.1941673416,False,-15.0,-9.5
2021-02-13,Western Kentucky Hilltoppers,77.0,home,0.8765434421,13.9640459193,True,6.0,9.5
2021-02-13,Rice Owls,71.0,away,0.1234565579,-13.9640459193,False,-6.0,-9.5
2021-02-13,Southern Miss Golden Eagles,49.0,home,0.1646240583,-9.182279856,False,-16.0,-9.5
2021-02-13,North Texas Mean Green,65.0,away,0.8353759417,9.182279856,True,16.0,9.5
2021-02-13,Hawai'i Rainbow Warriors,50.0,home,0.240114776,-7.0824000239,False,-9.0,-5.0
2021-02-13,UC Santa Barbara Gauchos,59.0,away,0.759885224,7.0824000239,True,9.0,5.0
2021-02-13,UTEP Miners,75.0,home,0.7806801755000001,8.3705919951,True,16.0,7.5
2021-02-13,Florida International Panthers,59.0,away,0.2193198244999999,-8.3705919951,False,-16.0,-7.5
2021-02-13,Seattle U Redhawks,83.0,home,0.3990292843,-2.5160731207,True,11.0,-7.5
2021-02-13,New Mexico State Aggies,72.0,away,0.6009707157,2.5160731207,False,-11.0,7.5
2021-02-13,Cleveland State Vikings,83.0,home,0.4938548787,-0.1532806222,False,-6.0,2.5
2021-02-13,Detroit Mercy Titans,89.0,away,0.5061451213,0.1532806222,True,6.0,-2.5
2021-02-13,Portland State Vikings,99.0,home,0.9895390005,32.8470328858,True,33.0,0.0
2021-02-13,Simpson University (CA) Red Hawks,66.0,away,0.0104609995,-32.8470328858,False,-33.0,0.0
2021-02-06,Oklahoma Sooners,79.0,home,0.9251249866,16.6400422964,True,7.0,14.5
2021-02-06,Iowa State Cyclones,72.0,away,0.0748750134,-16.6400422964,False,-7.0,-14.5
2021-02-06,Missouri Tigers,68.0,home,0.4420775812,-1.6901488637,True,3.0,-2.5
2021-02-06,Alabama Crimson Tide,65.0,away,0.5579224188,1.6901488637,False,-3.0,2.5
2021-02-06,Houston Cougars,112.0,home,0.9998464205,59.6688748993,True,66.0,0.0
2021-02-06,Our Lady Of The Lake Saints,46.0,away,0.0001535795,-59.6688748993,False,-66.0,0.0
2021-02-06,Fordham Rams,76.0,home,0.2806236564,-5.7028487918,True,8.0,-5.5
2021-02-06,La Salle Explorers,68.0,away,0.7193763436,5.7028487918,False,-8.0,5.5
2021-02-06,Marquette Golden Eagles,68.0,home,0.2785439132,-6.2557453978,False,-3.0,-4.5
2021-02-06,Creighton Bluejays,71.0,away,0.7214560868,6.2557453978,True,3.0,4.5
2021-02-06,Kansas State Wildcats,62.0,home,0.0389183322,-19.551146935,False,-11.0,-15.5
2021-02-06,Texas Tech Red Raiders,73.0,away,0.9610816678,19.551146935,True,11.0,15.5
2021-02-06,Valparaiso Beacons,77.0,home,0.0806700352,-15.754254086,False,-3.0,-12.5
2021-02-06,Drake Bulldogs,80.0,away,0.9193299648,15.754254086,True,3.0,12.5
2021-02-06,The Citadel Bulldogs,74.0,home,0.5500810737,1.4415626353,True,11.0,-1.5
2021-02-06,Western Carolina Catamounts,63.0,away,0.4499189263,-1.4415626353,False,-11.0,1.5
2021-02-06,Virginia Cavaliers,73.0,home,0.8927217331,12.9605926104,True,7.0,11.5
2021-02-06,Pittsburgh Panthers,66.0,away,0.1072782669,-12.9605926104,False,-7.0,-11.5
2021-02-06,New Hampshire Wildcats,74.0,home,0.510652076,0.2622264762,True,11.0,4.5
2021-02-06,UMass Lowell River Hawks,63.0,away,0.489347924,-0.2622264762,False,-11.0,-4.5
2021-02-06,Oklahoma State Cowboys,75.0,home,0.3784157854,-3.3915591044,True,8.0,-2.5
2021-02-06,Texas Longhorns,67.0,away,0.6215842146,3.3915591044,False,-8.0,2.5
2021-02-06,UConn Huskies,73.0,home,0.5988802266,2.4748022195,False,-7.0,0.5
2021-02-06,Seton Hall Pirates,80.0,away,0.4011197733999999,-2.4748022195,True,7.0,-0.5
2021-02-06,Illinois Fighting Illini,75.0,home,0.6644135874,4.3562286811,True,15.0,4.5
2021-02-06,Wisconsin Badgers,60.0,away,0.3355864126,-4.3562286811,False,-15.0,-4.5
2021-02-07,Kentucky Wildcats,71.0,home,0.2799825424,-5.8389140619,False,-11.0,-3.5
2021-02-07,Tennessee Volunteers,82.0,away,0.7200174576,5.8389140619,True,11.0,3.5
2021-02-06,Purdue Boilermakers,75.0,home,0.7507182968000001,6.9695666354,True,5.0,7.5
2021-02-06,Northwestern Wildcats,70.0,away,0.2492817031999999,-6.9695666354,False,-5.0,-7.5
2021-02-06,Ball State Cardinals,81.0,home,0.1946605291,-9.4430057627,True,14.0,-8.5
2021-02-06,Toledo Rockets,67.0,away,0.8053394709,9.4430057627,False,-14.0,8.5
2021-02-06,Boston College Eagles,65.0,home,0.35110951,-4.1872144202,False,-16.0,-5.5
2021-02-06,NC State Wolfpack,81.0,away,0.64889049,4.1872144202,True,16.0,5.5
2021-02-06,Butler Bulldogs,68.0,home,0.6041473153,2.67954767,True,10.0,5.5
2021-02-06,DePaul Blue Demons,58.0,away,0.3958526847,-2.67954767,False,-10.0,-5.5
2021-02-06,Charleston Cougars,90.0,home,0.7409581419,6.3256278615,True,2.0,4.5
2021-02-06,Towson Tigers,88.0,away,0.2590418581,-6.3256278615,False,-2.0,-4.5
2021-02-06,Miami Hurricanes,76.0,home,0.2716394581,-6.2616116433,False,-4.0,-4.5
2021-02-06,Virginia Tech Hokies,80.0,away,0.7283605419,6.2616116433,True,4.0,4.5
2021-02-06,Providence Friars,81.0,home,0.5831989685,2.2904448337,False,-11.0,1.5
2021-02-06,St. John's Red Storm,92.0,away,0.4168010315,-2.2904448337,True,11.0,-1.5
2021-02-06,Memphis Tigers,66.0,home,0.8679818648,12.7872215622,True,7.0,12.5
2021-02-06,East Carolina Pirates,59.0,away,0.1320181352,-12.7872215622,False,-7.0,-12.5
2021-02-06,Denver Pioneers,85.0,home,0.3930782937,-2.849529302,True,4.0,-2.5
2021-02-06,North Dakota Fighting Hawks,81.0,away,0.6069217063,2.849529302,False,-4.0,2.5
2021-02-06,SIU Edwardsville Cougars,62.0,home,0.1049664709,-14.4477906376,False,-32.0,-17.5
2021-02-06,Belmont Bruins,94.0,away,0.8950335291,14.4477906376,True,32.0,17.5
2021-02-06,Morgan State Bears,74.0,home,0.0,0.0,True,5.0,0.0
2021-02-06,Delaware State Hornets,69.0,away,0.0,0.0,False,-5.0,0.0
2021-02-06,Southern Utah Thunderbirds,110.0,home,0.9965815647,41.4781013308,True,52.0,0.0
2021-02-06,Benedictine (AZ) Redhawks,58.0,away,0.0034184353,-41.4781013308,False,-52.0,0.0
2021-02-06,Clemson Tigers,78.0,home,0.4892782064,-0.274943633,True,17.0,3.5
2021-02-06,Syracuse Orange,61.0,away,0.5107217936,0.274943633,False,-17.0,-3.5
2021-02-06,Central Michigan Chippewas,65.0,home,0.6136594953,3.0956203304,False,-2.0,4.5
2021-02-06,Western Michigan Broncos,67.0,away,0.3863405047,-3.0956203304,True,2.0,-4.5
2021-02-06,Loyola Chicago Ramblers,68.0,home,0.9801496771,21.102775203,True,13.0,18.5
2021-02-06,Evansville Purple Aces,55.0,away,0.0198503229,-21.102775203,False,-13.0,-18.5
2021-02-06,Weber State Wildcats,82.0,home,0.7739143776,8.3542716729,True,8.0,7.5
2021-02-06,Montana State Bobcats,74.0,away,0.2260856223999999,-8.3542716729,False,-8.0,-7.5
2021-02-06,Morehead State Eagles,75.0,home,0.5928693562,2.2805984028,True,1.0,2.5
2021-02-06,Austin Peay Governors,74.0,away,0.4071306438000001,-2.2805984028,False,-1.0,-2.5
2021-02-06,West Virginia Mountaineers,91.0,home,0.6589217587999999,3.9118576427,True,12.0,1.5
2021-02-06,Kansas Jayhawks,79.0,away,0.3410782412,-3.9118576427,False,-12.0,-1.5
2021-02-06,Saint Louis Billikens,70.0,home,0.6076171255,2.857037765,True,11.0,4.5
2021-02-06,St. Bonaventure Bonnies,59.0,away,0.3923828745,-2.857037765,False,-11.0,-4.5
2021-02-06,Buffalo Bulls,88.0,home,0.8138547466,10.2852453997,True,24.0,7.5
2021-02-06,Miami (OH) RedHawks,64.0,away,0.1861452534,-10.2852453997,False,-24.0,-7.5
2021-02-06,North Texas Mean Green,57.0,home,0.6368890294,3.5237653427,True,2.0,3.5
2021-02-06,Louisiana Tech Bulldogs,55.0,away,0.3631109706,-3.5237653427,False,-2.0,-3.5
2021-02-06,Hofstra Pride,71.0,home,0.5743768399,1.8262140346,False,-2.0,3.5
2021-02-06,Drexel Dragons,73.0,away,0.4256231601,-1.8262140346,True,2.0,-3.5
2021-02-06,Florida International Panthers,47.0,home,0.6347842699,3.8725753866,False,-43.0,1.5
2021-02-06,UTSA Roadrunners,90.0,away,0.3652157301,-3.8725753866,True,43.0,-1.5
2021-02-06,Central Arkansas Bears,70.0,home,0.5593289091,1.6764085603,False,-10.0,4.5
2021-02-06,McNeese Cowboys,80.0,away,0.4406710909,-1.6764085603,True,10.0,-4.5
2021-02-06,Milwaukee Panthers,65.0,home,0.6126987113,2.885685117,False,-14.0,1.5
2021-02-06,Northern Kentucky Norse,79.0,away,0.3873012887,-2.885685117,True,14.0,-1.5
2021-02-06,Illinois State Redbirds,67.0,home,0.3262279139,-4.9752725065,False,-7.0,-6.5
2021-02-06,Missouri State Bears,74.0,away,0.6737720861,4.9752725065,True,7.0,6.5
2021-02-06,Rice Owls,76.0,home,0.7013233686,5.5498685354,True,8.0,4.5
2021-02-06,Southern Miss Golden Eagles,68.0,away,0.2986766314,-5.5498685354,False,-8.0,-4.5
2021-02-06,Bradley Braves,74.0,home,0.8655756607,11.4516561083,True,8.0,7.5
2021-02-06,Southern Illinois Salukis,66.0,away,0.1344243393,-11.4516561083,False,-8.0,-7.5
2021-02-06,Eastern Washington Eagles,90.0,home,0.9583720999,21.3997881048,True,26.0,19.5
2021-02-06,Idaho Vandals,64.0,away,0.0416279000999999,-21.3997881048,False,-26.0,-19.5
2021-02-06,South Carolina Gamecocks,59.0,home,0.5243875339,0.6144314016,False,-16.0,2.5
2021-02-06,Mississippi State Bulldogs,75.0,away,0.4756124661000001,-0.6144314016,True,16.0,-2.5
2021-02-06,Portland State Vikings,61.0,home,0.2754478778,-6.2373013181,True,5.0,-1.5
2021-02-06,Montana Grizzlies,56.0,away,0.7245521222,6.2373013181,False,-5.0,1.5
2021-02-06,Auburn Tigers,84.0,home,0.5062319177,0.1657299807,False,-2.0,3.5
2021-02-06,Ole Miss Rebels,86.0,away,0.4937680823,-0.1657299807,True,2.0,-3.5
2021-02-06,Oregon Ducks,86.0,home,0.9133226219,15.8375804906,True,12.0,12.5
2021-02-06,Washington Huskies,74.0,away,0.0866773781,-15.8375804906,False,-12.0,-12.5
2021-02-06,UNLV Rebels,68.0,home,0.9615584697,18.3929899689,True,10.0,13.5
2021-02-06,Air Force Falcons,58.0,away,0.0384415303,-18.3929899689,False,-10.0,-13.5
2021-02-06,Southeast Missouri State Redhawks,54.0,home,0.3424966591,-4.0127817721,False,-12.0,-3.5
2021-02-06,Jacksonville State Gamecocks,66.0,away,0.6575033409,4.0127817721,True,12.0,3.5
2021-02-06,Eastern Kentucky Colonels,64.0,home,0.5491794802,1.4373099489,False,-12.0,-2.5
2021-02-06,Murray State Racers,76.0,away,0.4508205197999999,-1.4373099489,True,12.0,2.5
2021-02-06,Eastern Illinois Panthers,86.0,home,0.6891155503,5.3500807624,True,14.0,2.5
2021-02-06,Tennessee State Tigers,72.0,away,0.3108844497,-5.3500807624,False,-14.0,-2.5
2021-02-06,Alcorn State Braves,66.0,home,0.3503702961,-4.2192132788,False,-8.0,-4.5
2021-02-06,Jackson State Tigers,74.0,away,0.6496297039,4.2192132788,True,8.0,4.5
2021-02-06,Oakland Golden Grizzlies,78.0,home,0.3741648012,-3.3538231231,False,-2.0,1.5
2021-02-06,Cleveland State Vikings,80.0,away,0.6258351988,3.3538231231,True,2.0,-1.5
2021-02-06,Stetson Hatters,61.0,home,0.5688086304,1.7347127562,False,-8.0,-2.5
2021-02-06,Lipscomb Bisons,69.0,away,0.4311913696,-1.7347127562,True,8.0,2.5
2021-02-06,Robert Morris Colonials,66.0,home,0.5219812306,0.5495037898,False,-4.0,1.5
2021-02-06,Youngstown State Penguins,70.0,away,0.4780187694,-0.5495037898,True,4.0,-1.5
2021-02-06,Green Bay Phoenix,79.0,home,0.5582306623,1.5471425164,True,7.0,5.5
2021-02-06,IU Indianapolis Jaguars,72.0,away,0.4417693377,-1.5471425164,False,-7.0,-5.5
2021-02-06,Texas A&M-Corpus Christi Islanders,53.0,home,0.4847852559,-0.3787805827,False,-5.0,2.5
2021-02-06,Incarnate Word Cardinals,58.0,away,0.5152147441,0.3787805827,True,5.0,-2.5
2021-02-06,East Tennessee State Buccaneers,65.0,home,0.6433788652,3.6779510214,False,-2.0,5.5
2021-02-06,Chattanooga Mocs,67.0,away,0.3566211348,-3.6779510214,True,2.0,-5.5
2021-02-06,UT Martin Skyhawks,66.0,home,0.3787028896,-3.2717481534,True,2.0,-3.5
2021-02-06,Tennessee Tech Golden Eagles,64.0,away,0.6212971104,3.2717481534,False,-2.0,3.5
2021-02-06,Detroit Mercy Titans,83.0,home,0.7434705798,7.0263809464,True,27.0,5.5
2021-02-06,Purdue Fort Wayne Mastodons,56.0,away,0.2565294202,-7.0263809464,False,-27.0,-5.5
2021-02-06,Bellarmine Knights,63.0,home,0.7744167929,7.4542769078,True,19.0,8.5
2021-02-06,Jacksonville Dolphins,44.0,away,0.2255832071,-7.4542769078,False,-19.0,-8.5
2021-02-06,Troy Trojans,64.0,home,0.5508932399,1.299658456,False,-15.0,1.5
2021-02-06,Georgia Southern Eagles,79.0,away,0.4491067601,-1.299658456,True,15.0,-1.5
2021-02-06,UT Arlington Mavericks,58.0,home,0.8392071822,10.9022960653,True,6.0,9.5
2021-02-06,UL Monroe Warhawks,52.0,away,0.1607928178,-10.9022960653,False,-6.0,-9.5
2021-02-06,UAB Blazers,75.0,home,0.869982157,12.2220170368,True,15.0,8.5
2021-02-06,UTEP Miners,60.0,away,0.130017843,-12.2220170368,False,-15.0,-8.5
2021-02-06,South Alabama Jaguars,70.0,home,0.3892187337,-2.9087364433,True,4.0,-1.5
2021-02-06,Coastal Carolina Chanticleers,66.0,away,0.6107812663,2.9087364433,False,-4.0,1.5
2021-02-06,Middle Tennessee Blue Raiders,73.0,home,0.3666106246,-3.2777768445,True,13.0,-5.5
2021-02-06,Charlotte 49ers,60.0,away,0.6333893754,3.2777768445,False,-13.0,5.5
2021-02-06,Texas State Bobcats,77.0,home,0.558880377,1.4101392797,True,10.0,3.5
2021-02-06,Little Rock Trojans,67.0,away,0.441119623,-1.4101392797,False,-10.0,-3.5
2021-02-06,Arkansas State Red Wolves,83.0,home,0.4880470463,-0.3214112895,True,6.0,-3.5
2021-02-06,Louisiana Ragin' Cajuns,77.0,away,0.5119529537,0.3214112895,False,-6.0,3.5
2021-02-06,Alabama A&M Bulldogs,93.0,home,0.9777385089,26.4181733709,True,35.0,23.5
2021-02-06,Mississippi Valley State Delta Devils,58.0,away,0.0222614910999999,-26.4181733709,False,-35.0,-23.5
2021-02-06,Duke Blue Devils,87.0,home,0.5328327145,0.8981678945,False,-4.0,2.5
2021-02-06,North Carolina Tar Heels,91.0,away,0.4671672855,-0.8981678945,True,4.0,-2.5
2021-02-06,Northern Iowa Panthers,57.0,home,0.596560215,2.5753391373,False,-4.0,1.5
2021-02-06,Indiana State Sycamores,61.0,away,0.403439785,-2.5753391373,True,4.0,-1.5
2021-02-06,Cal State Northridge Matadors,63.0,home,0.4917846859,-0.2303352909,False,-12.0,-1.5
2021-02-06,UC Davis Aggies,75.0,away,0.5082153141,0.2303352909,True,12.0,1.5
2021-02-06,Alabama State Hornets,73.0,home,0.6936784029,5.145055,True,6.0,1.5
2021-02-06,Arkansas-Pine Bluff Golden Lions,67.0,away,0.3063215971,-5.145055,False,-6.0,-1.5
2021-02-06,Lamar Cardinals,62.0,home,0.1068037779,-14.3094934503,False,-15.0,-12.5
2021-02-06,Abilene Christian Wildcats,77.0,away,0.8931962221,14.3094934503,True,15.0,12.5
2021-02-06,Tulsa Golden Hurricane,58.0,home,0.741350918,6.6198827512,False,-7.0,4.5
2021-02-06,UCF Knights,65.0,away,0.258649082,-6.6198827512,True,7.0,-4.5
2021-02-06,Sam Houston Bearkats,78.0,home,0.535483045,1.0168805907,True,7.0,3.5
2021-02-06,Nicholls Colonels,71.0,away,0.464516955,-1.0168805907,False,-7.0,-3.5
2021-02-06,Wyoming Cowboys,59.0,home,0.1205979103999999,-13.4185159671,False,-9.0,-7.5
2021-02-06,Colorado State Rams,68.0,away,0.8794020895999999,13.4185159671,True,9.0,7.5
2021-02-06,Georgia Bulldogs,73.0,home,0.6463081312,4.1803985881,True,3.0,5.5
2021-02-06,Vanderbilt Commodores,70.0,away,0.3536918688,-4.1803985881,False,-3.0,-5.5
2021-02-06,Oregon State Beavers,68.0,home,0.6486096701000001,3.8195743866,True,2.0,2.5
2021-02-06,Washington State Cougars,66.0,away,0.3513903299,-3.8195743866,False,-2.0,-2.5
2021-02-06,Furman Paladins,67.0,home,0.6376604859,3.5716249404,False,-8.0,6.5
2021-02-06,Wofford Terriers,75.0,away,0.3623395141,-3.5716249404,True,8.0,-6.5
2021-02-07,Old Dominion Monarchs,67.0,home,0.243657594,-7.5210931039,False,-20.0,-6.5
2021-02-07,Marshall Thundering Herd,87.0,away,0.756342406,7.5210931039,True,20.0,6.5
2021-02-06,Michigan State Spartans,66.0,home,0.8013291153000001,9.8495093502,True,10.0,12.5
2021-02-06,Nebraska Cornhuskers,56.0,away,0.1986708847,-9.8495093502,False,-10.0,-12.5
2021-02-07,Texas Southern Tigers,77.0,home,0.6872127881,5.6463636191,True,2.0,1.5
2021-02-07,UT Rio Grande Valley Vaqueros,75.0,away,0.3127872119,-5.6463636191,False,-2.0,-1.5
2021-02-07,Colorado Buffaloes,82.0,home,0.746924164,6.9946666652,True,3.0,7.5
2021-02-07,Arizona Wildcats,79.0,away,0.253075836,-6.9946666652,False,-3.0,-7.5
2021-02-07,Portland Pilots,70.0,home,0.0885723375,-16.1350247752,False,-21.0,-13.5
2021-02-07,Pepperdine Waves,91.0,away,0.9114276625,16.1350247752,True,21.0,13.5
2021-02-07,Florida Gulf Coast Eagles,69.0,home,0.5377618582,1.0742640238,True,9.0,3.5
2021-02-07,North Alabama Lions,60.0,away,0.4622381418,-1.0742640238,False,-9.0,-3.5
2021-02-07,Rhode Island Rams,63.0,home,0.7430312655,7.3849214526,False,-12.0,8.5
2021-02-07,Massachusetts Minutemen,75.0,away,0.2569687345,-7.3849214526,True,12.0,-8.5
2021-02-07,Georgia Tech Yellow Jackets,82.0,home,0.5808725864,1.9836853721,True,2.0,3.5
2021-02-07,Notre Dame Fighting Irish,80.0,away,0.4191274136,-1.9836853721,False,-2.0,-3.5
2021-02-07,Omaha Mavericks,73.0,home,0.6148168175,3.0243089987,False,-2.0,2.5
2021-02-07,Western Illinois Leathernecks,75.0,away,0.3851831825,-3.0243089987,True,2.0,-2.5
2021-02-07,North Dakota State Bison,74.0,home,0.6333162513,3.4573850101,False,-6.0,3.5
2021-02-07,Oral Roberts Golden Eagles,80.0,away,0.3666837487,-3.4573850101,True,6.0,-3.5
2021-02-07,Manhattan Jaspers,69.0,home,0.2981940466,-5.9826773284,False,-2.0,-4.5
2021-02-07,Monmouth Hawks,71.0,away,0.7018059534,5.9826773284,True,2.0,4.5
2021-02-07,New Mexico State Aggies,97.0,home,0.6717013778,4.3762324602,True,27.0,6.5
2021-02-07,California Baptist Lancers,70.0,away,0.3282986222,-4.3762324602,False,-27.0,-6.5
2021-02-07,Utah Tech Trailblazers,56.0,home,0.3523219664000001,-4.1416970583,False,-21.0,-2.5
2021-02-07,Seattle U Redhawks,77.0,away,0.6476780336,4.1416970583,True,21.0,2.5
2021-02-07,Southern Jaguars,69.0,home,0.7206809633,6.3525825011,False,-3.0,6.5
2021-02-07,Grambling Tigers,72.0,away,0.2793190367,-6.3525825011,True,3.0,-6.5
2021-02-07,UIC Flames,57.0,home,0.1019358892,-14.7952867474,False,-20.0,-11.5
2021-02-07,Wright State Raiders,77.0,away,0.8980641108,14.7952867474,True,20.0,11.5
2021-02-07,South Dakota State Jackrabbits,89.0,home,0.7636909204,8.4037626805,True,11.0,6.5
2021-02-07,South Dakota Coyotes,78.0,away,0.2363090795999999,-8.4037626805,False,-11.0,-6.5
2021-02-07,USC Trojans,66.0,home,0.6223401089,3.0644726723,True,18.0,4.5
2021-02-07,UCLA Bruins,48.0,away,0.3776598911,-3.0644726723,False,-18.0,-4.5
2021-02-07,UC Irvine Anteaters,57.0,home,0.7035293714,5.4302182032,False,-5.0,6.5
2021-02-07,Cal State Bakersfield Roadrunners,62.0,away,0.2964706286,-5.4302182032,True,5.0,-6.5
2021-02-07,Tarleton State Texans,97.0,home,0.0,0.0,True,71.0,0.0
2021-02-07,Southwestern Adventist Knights,26.0,away,0.0,0.0,False,-71.0,0.0
2021-02-07,Hawai'i Rainbow Warriors,81.0,home,0.8984793707000001,13.6287529152,True,17.0,11.5
2021-02-07,Cal Poly Mustangs,64.0,away,0.1015206293,-13.6287529152,False,-17.0,-11.5
2021-02-17,Georgia Bulldogs,80.0,home,0.367486892,-3.5254628308,True,10.0,-2.5
2021-02-17,Missouri Tigers,70.0,away,0.632513108,3.5254628308,False,-10.0,2.5
2021-02-16,Akron Zips,81.0,home,0.9607995738,19.6758268783,True,5.0,15.5
2021-02-16,Northern Illinois Huskies,76.0,away,0.0392004262,-19.6758268783,False,-5.0,-15.5
2021-02-16,Oklahoma State Cowboys,76.0,home,0.8469354065,11.9737691764,True,18.0,10.5
2021-02-16,Iowa State Cyclones,58.0,away,0.1530645935,-11.9737691764,False,-18.0,-10.5
2021-02-17,Rhode Island Rams,91.0,home,0.6509496893,3.9148568969,True,2.0,3.5
2021-02-17,Dayton Flyers,89.0,away,0.3490503107,-3.9148568969,False,-2.0,-3.5
2021-02-17,Illinois Fighting Illini,73.0,home,0.8937151397,14.2598704224,True,7.0,12.5
2021-02-17,Northwestern Wildcats,66.0,away,0.1062848603,-14.2598704224,False,-7.0,-12.5
2021-02-17,Southeast Missouri State Redhawks,86.0,home,0.2694199879,-6.3002898554,True,5.0,-5.5
2021-02-17,Austin Peay Governors,81.0,away,0.7305800121,6.3002898554,False,-5.0,5.5
2021-02-17,Maryland Terrapins,64.0,home,0.8294671069999999,10.4690870595,True,14.0,10.5
2021-02-17,Nebraska Cornhuskers,50.0,away,0.170532893,-10.4690870595,False,-14.0,-10.5
2021-02-17,Mount St. Mary's Mountaineers,39.0,home,0.6809638091,4.2050197804,False,-22.0,1.5
2021-02-17,Wagner Seahawks,61.0,away,0.3190361909,-4.2050197804,True,22.0,-1.5
2021-02-17,Western Michigan Broncos,69.0,home,0.1620290818,-10.6472851618,False,-7.0,-10.5
2021-02-17,Kent State Golden Flashes,76.0,away,0.8379709182,10.6472851618,True,7.0,10.5
2021-02-17,Fairleigh Dickinson Knights,75.0,home,0.6901496409,5.7131194383,False,-8.0,4.5
2021-02-17,St. Francis Brooklyn Terriers,83.0,away,0.3098503591,-5.7131194383,True,8.0,-4.5
2021-02-16,UConn Huskies,73.0,home,0.6787999052000001,4.5295897827,True,12.0,6.5
2021-02-16,Providence Friars,61.0,away,0.3212000948,-4.5295897827,False,-12.0,-6.5
2021-02-17,Santa Clara Broncos,73.0,home,0.4320566467,-1.8173572234,False,-3.0,-1.5
2021-02-17,Loyola Marymount Lions,76.0,away,0.5679433533,1.8173572234,True,3.0,1.5
2021-02-17,Purdue Boilermakers,75.0,home,0.7369010702,6.6091032598,True,10.0,5.5
2021-02-17,Michigan State Spartans,65.0,away,0.2630989298,-6.6091032598,False,-10.0,-5.5
2021-02-17,Tulsa Golden Hurricane,72.0,home,0.7138831029000001,5.7166733004,True,6.0,4.5
2021-02-17,Temple Owls,66.0,away,0.2861168971,-5.7166733004,False,-6.0,-4.5
2021-02-17,Toledo Rockets,87.0,home,0.8965637951,13.2880747123,True,12.0,11.5
2021-02-17,Miami (OH) RedHawks,75.0,away,0.1034362049,-13.2880747123,False,-12.0,-11.5
2021-02-17,Saint Louis Billikens,78.0,home,0.9424633019999998,18.5190236563,True,21.0,16.5
2021-02-17,La Salle Explorers,57.0,away,0.057536698,-18.5190236563,False,-21.0,-16.5
2021-02-17,St. John's Red Storm,93.0,home,0.5185257299,0.5235463358,True,9.0,2.5
2021-02-17,Xavier Musketeers,84.0,away,0.4814742701,-0.5235463358,False,-9.0,-2.5
2021-02-17,Ball State Cardinals,62.0,home,0.4716959469999999,-0.7776633755,False,-13.0,-1.5
2021-02-17,Bowling Green Falcons,75.0,away,0.528304053,0.7776633755,True,13.0,1.5
2021-02-17,Arkansas Razorbacks,75.0,home,0.6382460607,3.980187006,True,11.0,3.5
2021-02-17,Florida Gators,64.0,away,0.3617539393,-3.980187006,False,-11.0,-3.5
2021-02-14,Drake Bulldogs,51.0,home,0.3327043914,-4.1945436709,True,1.0,-5.5
2021-02-14,Loyola Chicago Ramblers,50.0,away,0.6672956086,4.1945436709,False,-1.0,5.5
2021-02-14,Wisconsin Badgers,59.0,home,0.4758547505,-0.597566048,False,-8.0,0.5
2021-02-14,Michigan Wolverines,67.0,away,0.5241452495,0.597566048,True,8.0,-0.5
2021-02-14,Towson Tigers,68.0,home,0.3768165043,-3.2733156326,True,11.0,-3.5
2021-02-14,Northeastern Huskies,57.0,away,0.6231834957,3.2733156326,False,-11.0,3.5
2021-02-14,James Madison Dukes,74.0,home,0.6065277026,2.9329674769,True,4.0,1.5
2021-02-14,Hofstra Pride,70.0,away,0.3934722974,-2.9329674769,False,-4.0,-1.5
2021-02-14,Southern Illinois Salukis,59.0,home,0.5504302442,1.3331436269,True,10.0,4.5
2021-02-14,Illinois State Redbirds,49.0,away,0.4495697558,-1.3331436269,False,-10.0,-4.5
2021-02-14,Penn State Nittany Lions,61.0,home,0.8547314699,12.316415639,False,-1.0,11.5
2021-02-14,Nebraska Cornhuskers,62.0,away,0.1452685301,-12.316415639,True,1.0,-11.5
2021-02-14,North Dakota Fighting Hawks,85.0,home,0.2452248298,-7.2333612101,True,4.0,-5.5
2021-02-14,South Dakota Coyotes,81.0,away,0.7547751702,7.2333612101,False,-4.0,5.5
2021-02-14,Seton Hall Pirates,57.0,home,0.8008879539999999,8.8334104927,True,6.0,7.5
2021-02-14,Marquette Golden Eagles,51.0,away,0.199112046,-8.8334104927,False,-6.0,-7.5
2021-02-14,Evansville Purple Aces,70.0,home,0.3351694713000001,-3.97441323,False,-6.0,-2.5
2021-02-14,Indiana State Sycamores,76.0,away,0.6648305287,3.97441323,True,6.0,2.5
2021-02-14,Boston University Terriers,86.0,home,0.6979711518,5.437958151,True,18.0,7.5
2021-02-14,Holy Cross Crusaders,68.0,away,0.3020288482,-5.437958151,False,-18.0,-7.5
2021-02-14,Hartford Hawks,75.0,home,0.5271486643,0.6894443674,True,14.0,1.5
2021-02-14,NJIT Highlanders,61.0,away,0.4728513357,-0.6894443674,False,-14.0,-1.5
2021-02-14,Charleston Cougars,55.0,home,0.7956557987,8.2664518866,False,-11.0,7.5
2021-02-14,Elon Phoenix,66.0,away,0.2043442013,-8.2664518866,True,11.0,-7.5
2021-02-14,Georgia Tech Yellow Jackets,71.0,home,0.6426814563,3.8460670155,True,6.0,5.5
2021-02-14,Pittsburgh Panthers,65.0,away,0.3573185437,-3.8460670155,False,-6.0,-5.5
2021-02-14,Morgan State Bears,65.0,home,0.6097092247,3.0306212064,False,-3.0,4.5
2021-02-14,Norfolk State Spartans,68.0,away,0.3902907753,-3.0306212064,True,3.0,-4.5
2021-02-14,California Baptist Lancers,69.0,home,0.6428285715,3.6419198979,False,-1.0,3.5
2021-02-14,Sacramento State Hornets,70.0,away,0.3571714285,-3.6419198979,True,1.0,-3.5
2021-02-14,South Florida Bulls,59.0,home,0.6842040802,4.8704626151,False,-3.0,4.5
2021-02-14,Tulane Green Wave,62.0,away,0.3157959198,-4.8704626151,True,3.0,-4.5
2021-02-14,Cincinnati Bearcats,69.0,home,0.6700627689999998,4.6828732692,True,1.0,5.5
2021-02-14,UCF Knights,68.0,away,0.3299372309999999,-4.6828732692,False,-1.0,-5.5
2021-02-14,Vermont Catamounts,61.0,home,0.886596249,12.8659848291,True,4.0,11.5
2021-02-14,Stony Brook Seawolves,57.0,away,0.113403751,-12.8659848291,False,-4.0,-11.5
2021-02-14,Missouri State Bears,72.0,home,0.5463149286,1.160897412,True,15.0,10.5
2021-02-14,Bradley Braves,57.0,away,0.4536850714,-1.160897412,False,-15.0,-10.5
2021-02-14,Loyola Maryland Greyhounds,88.0,home,0.5097462293,0.2507734311,True,19.0,3.5
2021-02-14,Lafayette Leopards,69.0,away,0.4902537707,-0.2507734311,False,-19.0,-3.5
2021-02-14,Notre Dame Fighting Irish,71.0,home,0.8197737775999999,9.5035380902,True,10.0,7.5
2021-02-14,Miami Hurricanes,61.0,away,0.1802262224,-9.5035380902,False,-10.0,-7.5
2021-02-14,Saint Peter's Peacocks,66.0,home,0.8292193720000001,9.825273955,True,17.0,9.5
2021-02-14,Fairfield Stags,49.0,away,0.170780628,-9.825273955,False,-17.0,-9.5
2021-02-15,Maryland Terrapins,72.0,home,0.598904478,2.5772498258,True,13.0,3.5
2021-02-15,Minnesota Golden Gophers,59.0,away,0.401095522,-2.5772498258,False,-13.0,-3.5
2021-02-14,Richmond Spiders,90.0,home,0.9995148678,54.3462671992,True,41.0,0.0
2021-02-14,St. Mary's (MD) Seahawks,49.0,away,0.0004851322,-54.3462671992,False,-41.0,0.0
2021-02-14,Oral Roberts Golden Eagles,80.0,home,0.4391288816,-1.7211431245,False,-15.0,-3.5
2021-02-14,South Dakota State Jackrabbits,95.0,away,0.5608711184,1.7211431245,True,15.0,3.5
2021-02-15,Arizona State Sun Devils,75.0,home,0.6864129695999999,5.2265827637,True,2.0,5.5
2021-02-15,Oregon State Beavers,73.0,away,0.3135870304,-5.2265827637,False,-2.0,-5.5
2021-02-14,Army Black Knights,83.0,home,0.2511259119,-7.3847830861,False,-9.0,-6.5
2021-02-14,Colgate Raiders,92.0,away,0.7488740881,7.3847830861,True,9.0,6.5
2021-02-15,Northern Iowa Panthers,74.0,home,0.6997194341,5.5824416961,True,14.0,6.5
2021-02-15,Valparaiso Beacons,60.0,away,0.3002805659,-5.5824416961,False,-14.0,-6.5
2021-02-18,USC Trojans,89.0,home,0.8690298775,13.158056882,True,18.0,10.5
2021-02-18,Arizona State Sun Devils,71.0,away,0.1309701225,-13.158056882,False,-18.0,-10.5
2021-02-18,Loyola Chicago Ramblers,54.0,home,0.9783025819,23.2564454406,True,2.0,18.5
2021-02-18,Valparaiso Beacons,52.0,away,0.0216974181,-23.2564454406,False,-2.0,-18.5
2021-02-17,Holy Cross Crusaders,69.0,home,0.3824805467999999,-3.0810905998,False,-9.0,-3.5
2021-02-17,Boston University Terriers,78.0,away,0.6175194532,3.0810905998,True,9.0,3.5
2021-02-17,Quinnipiac Bobcats,74.0,home,0.3587451753,-3.8779441602,True,4.0,-6.5
2021-02-17,Iona Gaels,70.0,away,0.6412548247,3.8779441602,False,-4.0,6.5
2021-02-18,UCF Knights,81.0,home,0.6615741372000001,3.9637471311,True,16.0,2.5
2021-02-18,South Florida Bulls,65.0,away,0.3384258628,-3.9637471311,False,-16.0,-2.5
2021-02-17,Indiana State Sycamores,87.0,home,0.7941343501999999,7.9139356873,True,14.0,5.5
2021-02-17,Evansville Purple Aces,73.0,away,0.2058656498,-7.9139356873,False,-14.0,-5.5
2021-02-18,Maryland Terrapins,79.0,home,0.8404627582,10.9290133987,True,8.0,10.5
2021-02-18,Nebraska Cornhuskers,71.0,away,0.1595372418,-10.9290133987,False,-8.0,-10.5
2021-02-17,Mount St. Mary's Mountaineers,55.0,home,0.5745856135,1.6619941898,False,-2.0,1.5
2021-02-17,Wagner Seahawks,57.0,away,0.4254143865,-1.6619941898,True,2.0,-1.5
2021-02-18,Tennessee Volunteers,93.0,home,0.8813550134,14.017694896,True,20.0,11.5
2021-02-18,South Carolina Gamecocks,73.0,away,0.1186449866,-14.017694896,False,-20.0,-11.5
2021-02-18,Vanderbilt Commodores,78.0,home,0.3923402046,-2.7615817148,False,-4.0,-3.5
2021-02-18,Kentucky Wildcats,82.0,away,0.6076597954,2.7615817148,True,4.0,3.5
2021-02-18,East Tennessee State Buccaneers,64.0,home,0.6230799504,3.1536408724,False,-7.0,4.5
2021-02-18,Mercer Bears,71.0,away,0.3769200496,-3.1536408724,True,7.0,-4.5
2021-02-17,Radford Highlanders,57.0,home,0.569136181,1.6899750368,False,-12.0,4.5
2021-02-17,Gardner-Webb Runnin' Bulldogs,69.0,away,0.430863819,-1.6899750368,True,12.0,-4.5
2021-02-18,Fairleigh Dickinson Knights,87.0,home,0.6372518296,4.001158089,False,-3.0,3.5
2021-02-18,St. Francis Brooklyn Terriers,90.0,away,0.3627481704,-4.001158089,True,3.0,-3.5
2021-02-17,Pittsburgh Panthers,73.0,home,0.5010969612,0.0290051838,False,-1.0,4.5
2021-02-17,NC State Wolfpack,74.0,away,0.4989030388,-0.0290051838,True,1.0,-4.5
2021-02-17,Butler Bulldogs,57.0,home,0.4923078373,-0.1861182835,False,-16.0,1.5
2021-02-17,Marquette Golden Eagles,73.0,away,0.5076921627,0.1861182835,True,16.0,-1.5
2021-02-17,Central Connecticut Blue Devils,70.0,home,0.0,0.0,False,-12.0,-2.5
2021-02-17,Sacred Heart Pioneers,82.0,away,0.0,0.0,True,12.0,2.5
2021-02-18,Chattanooga Mocs,89.0,home,0.7402623469000001,6.8469360308,True,8.0,6.5
2021-02-18,Western Carolina Catamounts,81.0,away,0.2597376531,-6.8469360308,False,-8.0,-6.5
2021-02-18,Wofford Terriers,81.0,home,0.7779363076,8.4850005786,True,14.0,9.5
2021-02-18,The Citadel Bulldogs,67.0,away,0.2220636924,-8.4850005786,False,-14.0,-9.5
2021-02-18,Furman Paladins,78.0,home,0.8982728004,15.323485458,True,14.0,16.5
2021-02-18,Samford Bulldogs,64.0,away,0.1017271996,-15.323485458,False,-14.0,-16.5
2021-02-18,VMI Keydets,88.0,home,0.2532096409,-7.2713993921,True,11.0,-4.5
2021-02-18,UNC Greensboro Spartans,77.0,away,0.7467903590999999,7.2713993921,False,-11.0,4.5
2021-02-18,Southern Illinois Salukis,53.0,home,0.2725454298,-5.6464383483,False,-15.0,-3.5
2021-02-18,Missouri State Bears,68.0,away,0.7274545702,5.6464383483,True,15.0,3.5
2021-02-18,Boise State Broncos,79.0,home,0.5806701445,2.1681770797,True,9.0,0.5
2021-02-18,Utah State Aggies,70.0,away,0.4193298554999999,-2.1681770797,False,-9.0,-0.5
2021-02-18,Wake Forest Demon Deacons,60.0,home,0.2905740438,-5.813003778,False,-24.0,-6.5
2021-02-18,Duke Blue Devils,84.0,away,0.7094259562,5.813003778,True,24.0,6.5
2021-02-18,North Carolina Tar Heels,82.0,home,0.9295781267,16.970376111,True,20.0,16.5
2021-02-18,Northeastern Huskies,62.0,away,0.0704218733,-16.970376111,False,-20.0,-16.5
2021-02-18,Seton Hall Pirates,60.0,home,0.8828133086999999,13.3345522807,True,8.0,14.5
2021-02-18,DePaul Blue Demons,52.0,away,0.1171866913,-13.3345522807,False,-8.0,-14.5
2021-02-18,Indiana Hoosiers,82.0,home,0.6838051727,5.0568271336,True,10.0,5.5
2021-02-18,Minnesota Golden Gophers,72.0,away,0.3161948273,-5.0568271336,False,-10.0,-5.5
2021-02-18,Northern Iowa Panthers,69.0,home,0.1851189545999999,-9.5741480645,False,-8.0,-4.5
2021-02-18,Drake Bulldogs,77.0,away,0.8148810454,9.5741480645,True,8.0,4.5
2021-02-18,New Mexico Lobos,74.0,home,0.3964991522,-2.7033679289,False,-9.0,-6.5
2021-02-18,Wyoming Cowboys,83.0,away,0.6035008478,2.7033679289,True,9.0,6.5
2021-02-18,Kansas State Wildcats,41.0,home,0.0610183468999999,-17.0020489205,False,-18.0,-12.5
2021-02-18,Kansas Jayhawks,59.0,away,0.9389816531,17.0020489205,True,18.0,12.5
2021-02-18,VCU Rams,68.0,home,0.3635843064,-3.7785510303,True,12.0,1.5
2021-02-18,Richmond Spiders,56.0,away,0.6364156936,3.7785510303,False,-12.0,-1.5
2021-02-19,App State Mountaineers,63.0,home,0.663902782,4.0762213379,False,-2.0,1.5
2021-02-19,South Alabama Jaguars,65.0,away,0.336097218,-4.0762213379,True,2.0,-1.5
2021-02-20,Florida International Panthers,72.0,home,0.5669843066,1.7645661313,False,-13.0,3.5
2021-02-20,Southern Miss Golden Eagles,85.0,away,0.4330156934,-1.7645661313,True,13.0,-3.5
2021-02-19,Davidson Wildcats,101.0,home,0.9995148597,50.8777709306,True,50.0,0.0
2021-02-19,Southern Virginia Knights,51.0,away,0.0004851403,-50.8777709306,False,-50.0,0.0
2021-02-20,Purdue Fort Wayne Mastodons,75.0,home,0.3497583769,-4.0454412705,True,7.0,-3.5
2021-02-20,Cleveland State Vikings,68.0,away,0.6502416230999999,4.0454412705,False,-7.0,3.5
2021-02-20,Stetson Hatters,91.0,home,0.6736144279,4.6788195702,True,16.0,4.5
2021-02-20,Jacksonville Dolphins,75.0,away,0.3263855721,-4.6788195702,False,-16.0,-4.5
2021-02-19,Georgia State Panthers,80.0,home,0.8911827309,13.8173783541,True,14.0,9.5
2021-02-19,Troy Trojans,66.0,away,0.1088172691,-13.8173783541,False,-14.0,-9.5
2021-02-20,Dayton Flyers,76.0,home,0.33652356,-4.2191785616,True,23.0,-5.5
2021-02-20,Saint Louis Billikens,53.0,away,0.6634764399999998,4.2191785616,False,-23.0,5.5
2021-02-19,Milwaukee Panthers,81.0,home,0.691276753,5.407515909,False,-4.0,1.5
2021-02-19,Oakland Golden Grizzlies,85.0,away,0.308723247,-5.407515909,True,4.0,-1.5
2021-02-19,Hampton Pirates,68.0,home,0.3273113239,-4.6668551901,False,-5.0,-4.5
2021-02-19,Campbell Fighting Camels,73.0,away,0.6726886761,4.6668551901,True,5.0,4.5
2021-02-19,UMBC Retrievers,66.0,home,0.3757747361,-3.1572623748,True,11.0,-4.5
2021-02-19,Vermont Catamounts,55.0,away,0.6242252639,3.1572623748,False,-11.0,4.5
2021-02-20,Ball State Cardinals,79.0,home,0.3512558595,-4.0717076859,False,-9.0,-4.5
2021-02-20,Akron Zips,88.0,away,0.6487441405,4.0717076859,True,9.0,4.5
2021-02-19,Charleston Southern Buccaneers,58.0,home,0.3574830473,-3.6922566493,False,-6.0,-4.5
2021-02-19,Longwood Lancers,64.0,away,0.6425169527,3.6922566493,True,6.0,4.5
2021-02-20,Iona Gaels,91.0,home,0.4699962342,-0.8516341446,True,5.0,2.5
2021-02-20,Monmouth Hawks,86.0,away,0.5300037658,0.8516341446,False,-5.0,-2.5
2021-02-20,High Point Panthers,63.0,home,0.1588478174,-11.3789113769,False,-8.0,-9.5
2021-02-20,Winthrop Eagles,71.0,away,0.8411521826,11.3789113769,True,8.0,9.5
2021-02-19,Detroit Mercy Titans,85.0,home,0.8521420279,10.7102899693,True,11.0,9.5
2021-02-19,Robert Morris Colonials,74.0,away,0.1478579721,-10.7102899693,False,-11.0,-9.5
2021-02-19,Youngstown State Penguins,70.0,home,0.6318312035,3.5340505873,False,-2.0,6.5
2021-02-19,IU Indianapolis Jaguars,72.0,away,0.3681687965,-3.5340505873,True,2.0,-6.5
2021-02-20,Long Beach State Beach,64.0,home,0.7817233468000001,8.7148392678,True,4.0,7.5
2021-02-20,Cal Poly Mustangs,60.0,away,0.2182766532,-8.7148392678,False,-4.0,-7.5
2021-02-20,Cal State Northridge Matadors,74.0,home,0.3324790079,-4.5525001303,False,-1.0,-3.5
2021-02-20,Hawai'i Rainbow Warriors,75.0,away,0.6675209921000002,4.5525001303,True,1.0,3.5
2021-02-19,Fairfield Stags,69.0,home,0.2661862651,-6.38768558,False,-11.0,-5.5
2021-02-19,Canisius Golden Griffins,80.0,away,0.7338137349,6.38768558,True,11.0,5.5
2021-02-19,Northern Kentucky Norse,81.0,home,0.1177847708,-13.0004447985,True,6.0,-8.5
2021-02-19,Wright State Raiders,75.0,away,0.8822152292,13.0004447985,False,-6.0,8.5
2021-02-20,UAB Blazers,76.0,home,0.843305396,10.6843684201,True,7.0,6.5
2021-02-20,Old Dominion Monarchs,69.0,away,0.156694604,-10.6843684201,False,-7.0,-6.5
2021-02-20,UIC Flames,61.0,home,0.646190358,4.0256947123,True,3.0,0.5
2021-02-20,Green Bay Phoenix,58.0,away,0.353809642,-4.0256947123,False,-3.0,-0.5
2021-02-20,Utah Tech Trailblazers,59.0,home,0.2719937178,-6.776138195,False,-18.0,1.0
2021-02-20,Tarleton State Texans,77.0,away,0.7280062822,6.776138195,True,18.0,-1.0
2021-02-20,UC San Diego Tritons,75.0,home,0.1166111461999999,-12.9164234892,False,-6.0,-8.5
2021-02-20,UC Riverside Highlanders,81.0,away,0.8833888538,12.9164234892,True,6.0,8.5
2021-02-20,Buffalo Bulls,70.0,home,0.5162138678,0.4568486332,False,-10.0,1.5
2021-02-20,Toledo Rockets,80.0,away,0.4837861322,-0.4568486332,True,10.0,-1.5
2021-02-20,New Mexico State Aggies,66.0,home,0.8179628697,9.4483139427,False,-3.0,9.5
2021-02-20,Utah Valley Wolverines,69.0,away,0.1820371303,-9.4483139427,True,3.0,-9.5
2021-02-20,Kansas City Roos,68.0,home,0.9525858774,18.6447713391,True,11.0,9.5
2021-02-20,Denver Pioneers,57.0,away,0.0474141226,-18.6447713391,False,-11.0,-9.5
2021-02-20,Boise State Broncos,81.0,home,0.6006270676,2.727330835,True,4.0,1.5
2021-02-20,Utah State Aggies,77.0,away,0.3993729324,-2.727330835,False,-4.0,-1.5
2021-02-20,UC Santa Barbara Gauchos,71.0,home,0.7874557525,7.8496717861,True,5.0,7.5
2021-02-20,Cal State Bakersfield Roadrunners,66.0,away,0.2125442475,-7.8496717861,False,-5.0,-7.5
2021-02-20,Lipscomb Bisons,76.0,home,0.8516706724,10.9664060028,True,14.0,12.5
2021-02-20,Kennesaw State Owls,62.0,away,0.1483293276,-10.9664060028,False,-14.0,-12.5
2021-02-20,Saint Peter's Peacocks,59.0,home,0.728631995,6.1854526935,True,5.0,8.5
2021-02-20,Marist Red Foxes,54.0,away,0.271368005,-6.1854526935,False,-5.0,-8.5
2021-02-20,Grand Canyon Lopes,71.0,home,0.8693017284999999,11.9685469904,True,10.0,9.5
2021-02-20,California Baptist Lancers,61.0,away,0.1306982715,-11.9685469904,False,-10.0,-9.5
2021-02-20,Cal State Fullerton Titans,78.0,home,0.1792534003,-10.195711596,False,-11.0,-10.5
2021-02-20,UC Irvine Anteaters,89.0,away,0.8207465997,10.195711596,True,11.0,10.5
2021-02-20,New Mexico Lobos,67.0,home,0.3793272246,-3.1536049858,False,-12.0,-5.5
2021-02-20,Wyoming Cowboys,79.0,away,0.6206727754,3.1536049858,True,12.0,5.5
2021-02-20,North Dakota State Bison,67.0,home,0.3752613453,-3.2518221069,False,-1.0,1.5
2021-02-20,South Dakota State Jackrabbits,68.0,away,0.6247386547,3.2518221069,True,1.0,-1.5
2021-02-20,Omaha Mavericks,72.0,home,0.5823399146,2.2184738635,True,10.0,1.5
2021-02-20,North Dakota Fighting Hawks,62.0,away,0.4176600854,-2.2184738635,False,-10.0,-1.5
2021-02-20,San José State Spartans,60.0,home,0.0669921345,-17.0587816149,False,-16.0,-14.5
2021-02-20,UNLV Rebels,76.0,away,0.9330078655,17.0587816149,True,16.0,14.5
2021-02-19,Oregon State Beavers,74.0,home,0.405889385,-2.3226752438,True,18.0,-1.5
2021-02-19,Utah Utes,56.0,away,0.594110615,2.3226752438,False,-18.0,1.5
2021-02-19,Tennessee State Tigers,91.0,home,0.6113853873,3.0601109696,True,5.0,2.5
2021-02-19,Tennessee Tech Golden Eagles,86.0,away,0.3886146127,-3.0601109696,False,-5.0,-2.5
2021-02-19,Gonzaga Bulldogs,87.0,home,0.969006527,22.4928240787,True,22.0,20.5
2021-02-19,Saint Mary's Gaels,65.0,away,0.030993473,-22.4928240787,False,-22.0,-20.5
2021-02-19,Pacific Tigers,52.0,home,0.1479489211,-10.9438784814,False,-28.0,-5.5
2021-02-19,BYU Cougars,80.0,away,0.8520510789,10.9438784814,True,28.0,5.5
2021-02-19,UCLA Bruins,74.0,home,0.5715631574,1.7658724712,True,14.0,1.5
2021-02-19,Arizona Wildcats,60.0,away,0.4284368426,-1.7658724712,False,-14.0,-1.5
2021-02-19,Charleston Southern Buccaneers,62.0,home,0.3815652313,-3.0154021557,False,-8.0,-4.5
2021-02-19,Longwood Lancers,70.0,away,0.6184347687,3.0154021557,True,8.0,4.5
2021-02-19,Penn State Nittany Lions,82.0,home,0.3077216338,-5.2286111248,False,-10.0,-4.5
2021-02-19,Ohio State Buckeyes,92.0,away,0.6922783662,5.2286111248,True,10.0,4.5
2021-02-19,Michigan Wolverines,71.0,home,0.8188008324,9.7116528527,True,7.0,9.5
2021-02-19,Rutgers Scarlet Knights,64.0,away,0.1811991676,-9.7116528527,False,-7.0,-9.5
2021-02-19,Austin Peay Governors,79.0,home,0.8505672789,11.0584330908,True,22.0,13.5
2021-02-19,SIU Edwardsville Cougars,57.0,away,0.1494327211,-11.0584330908,False,-22.0,-13.5
2021-02-19,Wisconsin Badgers,62.0,home,0.3572130476,-3.7278936898,False,-15.0,1.5
2021-02-19,Iowa Hawkeyes,77.0,away,0.6427869524,3.7278936898,True,15.0,-1.5
2021-02-19,Fresno State Bulldogs,53.0,home,0.0649332503,-16.2638098793,False,-14.0,-13.5
2021-02-19,San Diego State Aztecs,67.0,away,0.9350667497,16.2638098793,True,14.0,13.5
2021-02-18,Hampton Pirates,57.0,home,0.3956374176,-2.7592004432,False,-19.0,-3.5
2021-02-18,Campbell Fighting Camels,76.0,away,0.6043625824,2.7592004432,True,19.0,3.5
2021-02-18,Radford Highlanders,49.0,home,0.5235629288,0.5683566309,False,-28.0,3.5
2021-02-18,Gardner-Webb Runnin' Bulldogs,77.0,away,0.4764370712,-0.5683566309,True,28.0,-3.5
2021-02-19,Wichita State Shockers,68.0,home,0.1050843781,-13.6739899486,True,5.0,-6.5
2021-02-19,Houston Cougars,63.0,away,0.8949156219,13.6739899486,False,-5.0,6.5
2021-02-19,UMBC Retrievers,71.0,home,0.4031698249,-2.4497139067,False,-9.0,-4.5
2021-02-19,Vermont Catamounts,80.0,away,0.5968301751,2.4497139067,True,9.0,4.5
2021-02-19,Belmont Bruins,63.0,home,0.8517629947,11.31067043,True,4.0,11.5
2021-02-19,Jacksonville State Gamecocks,59.0,away,0.1482370053,-11.31067043,False,-4.0,-11.5
2021-02-19,Murray State Racers,59.0,home,0.9131948891,15.4665604899,False,-9.0,14.5
2021-02-19,Eastern Illinois Panthers,68.0,away,0.0868051109,-15.4665604899,True,9.0,-14.5
2021-02-19,UT Martin Skyhawks,72.0,home,0.0748331261,-17.6965985194,False,-17.0,-11.5
2021-02-19,Eastern Kentucky Colonels,89.0,away,0.9251668739,17.6965985194,True,17.0,11.5
2021-02-19,Bradley Braves,71.0,home,0.8417069558,10.9198234906,False,-17.0,2.5
2021-02-19,Illinois State Redbirds,88.0,away,0.1582930442,-10.9198234906,True,17.0,-2.5
2021-02-18,Presbyterian Blue Hose,51.0,home,0.6668014653000001,4.3062871419,False,-14.0,2.5
2021-02-18,South Carolina Upstate Spartans,65.0,away,0.3331985347,-4.3062871419,True,14.0,-2.5
2021-02-19,Portland State Vikings,84.0,home,0.8534364929,11.6315850508,True,20.0,11.5
2021-02-19,Idaho Vandals,64.0,away,0.1465635071,-11.6315850508,False,-20.0,-11.5
2021-02-19,Washington State Cougars,82.0,home,0.6450026794999999,3.7535306629,True,31.0,1.5
2021-02-19,California Golden Bears,51.0,away,0.3549973205,-3.7535306629,False,-31.0,-1.5
2021-02-19,Santa Clara Broncos,60.0,home,0.7642366834,7.8642003536,False,-11.0,6.5
2021-02-19,San Diego Toreros,71.0,away,0.2357633166,-7.8642003536,True,11.0,-6.5
2021-02-19,San Francisco Dons,63.0,home,0.5810200947,2.1251850803,False,-5.0,5.5
2021-02-19,Loyola Marymount Lions,68.0,away,0.4189799053,-2.1251850803,True,5.0,-5.5
2021-02-19,Weber State Wildcats,92.0,home,0.9229809191,15.539999137,True,33.0,13.5
2021-02-19,Northern Arizona Lumberjacks,59.0,away,0.0770190809,-15.539999137,False,-33.0,-13.5
2021-02-19,Oregon Ducks,60.0,home,0.4464098330999999,-1.3823619475,True,4.0,2.5
2021-02-19,Colorado Buffaloes,56.0,away,0.5535901669,1.3823619475,False,-4.0,-2.5
2021-02-19,Washington Huskies,61.0,home,0.2263420646,-8.392607622,False,-18.0,-9.5
2021-02-19,Stanford Cardinal,79.0,away,0.7736579353999999,8.392607622,True,18.0,9.5
2021-02-19,Southern Utah Thunderbirds,88.0,home,0.7585546158,7.2796201202,True,19.0,6.5
2021-02-19,Sacramento State Hornets,69.0,away,0.2414453842,-7.2796201202,False,-19.0,-6.5
2021-02-19,High Point Panthers,70.0,home,0.1570438317,-11.4941649203,False,-6.0,-10.5
2021-02-19,Winthrop Eagles,76.0,away,0.8429561683,11.4941649203,True,6.0,10.5
2021-02-19,Eastern Washington Eagles,90.0,home,0.7051518308999999,5.7029389751,True,14.0,7.5
2021-02-19,Montana Grizzlies,76.0,away,0.2948481691,-5.7029389751,False,-14.0,-7.5
2021-02-22,Northwestern Wildcats,51.0,home,0.300343589,-5.2649562762,False,-17.0,-5.5
2021-02-22,Wisconsin Badgers,68.0,away,0.699656411,5.2649562762,True,17.0,5.5
2021-02-21,Houston Cougars,90.0,home,0.9484643854,18.9920392121,True,38.0,12.5
2021-02-21,Cincinnati Bearcats,52.0,away,0.0515356146,-18.9920392121,False,-38.0,-12.5
2021-02-21,Coastal Carolina Chanticleers,65.0,home,0.7973021542,8.9259908675,True,10.0,6.5
2021-02-21,Georgia Southern Eagles,55.0,away,0.2026978458,-8.9259908675,False,-10.0,-6.5
2021-02-21,Niagara Purple Eagles,66.0,home,0.3876299708,-2.6772585458,False,-2.0,-5.5
2021-02-21,Siena Saints,68.0,away,0.6123700292,2.6772585458,True,2.0,5.5
2021-02-21,Fairleigh Dickinson Knights,61.0,home,0.5452421838,1.0475773984,False,-13.0,1.5
2021-02-21,Mount St. Mary's Mountaineers,74.0,away,0.4547578162,-1.0475773984,True,13.0,-1.5
2021-02-21,Colgate Raiders,78.0,home,0.9378172003,17.9797542758,True,15.0,10.5
2021-02-21,Boston University Terriers,63.0,away,0.0621827997,-17.9797542758,False,-15.0,-10.5
2021-02-21,Quinnipiac Bobcats,93.0,home,0.6816142785,5.0840844664,True,25.0,2.5
2021-02-21,Rider Broncs,68.0,away,0.3183857215,-5.0840844664,False,-25.0,-2.5
2021-02-21,Merrimack Warriors,60.0,home,0.4452434495,-1.5525125642,False,-16.0,-1.5
2021-02-21,Bryant Bulldogs,76.0,away,0.5547565505,1.5525125642,True,16.0,1.5
2021-02-21,Delaware State Hornets,75.0,home,0.9547920557,23.1268758352,True,17.0,0.0
2021-02-21,St. Mary's (MD) Seahawks,58.0,away,0.0452079443,-23.1268758352,False,-17.0,0.0
2021-02-21,St. Francis Brooklyn Terriers,82.0,home,0.6066876082,2.9419319331,False,-6.0,3.5
2021-02-21,Sacred Heart Pioneers,88.0,away,0.3933123918,-2.9419319331,True,6.0,-3.5
2021-02-21,George Washington Revolutionaries,78.0,home,0.2273260911,-8.2840765929,True,8.0,-9.5
2021-02-21,Rhode Island Rams,70.0,away,0.7726739089,8.2840765929,False,-8.0,9.5
2021-02-21,Holy Cross Crusaders,67.0,home,0.1907232288,-9.4304105138,True,16.0,-6.5
2021-02-21,Army Black Knights,51.0,away,0.8092767712,9.4304105138,False,-16.0,6.5
2021-02-21,UAlbany Great Danes,67.0,home,0.6019360451,2.6751752436,True,8.0,7.5
2021-02-21,Stony Brook Seawolves,59.0,away,0.3980639549,-2.6751752436,False,-8.0,-7.5
2021-02-21,St. Bonaventure Bonnies,69.0,home,0.5303346823,0.7098805488,True,11.0,4.5
2021-02-21,Davidson Wildcats,58.0,away,0.4696653177,-0.7098805488,False,-11.0,-4.5
2021-02-21,Rutgers Scarlet Knights,59.0,home,0.6363635088,3.4524405648,False,-9.0,4.5
2021-02-21,Maryland Terrapins,68.0,away,0.3636364912000001,-3.4524405648,True,9.0,-4.5
2021-02-21,Ohio State Buckeyes,87.0,home,0.537103572,0.9491226396,False,-5.0,-1.5
2021-02-21,Michigan Wolverines,92.0,away,0.462896428,-0.9491226396,True,5.0,1.5
2021-02-21,Iowa Hawkeyes,74.0,home,0.9061935165,15.1500436051,True,6.0,10.5
2021-02-21,Penn State Nittany Lions,68.0,away,0.0938064835,-15.1500436051,False,-6.0,-10.5
2021-02-21,Drake Bulldogs,85.0,home,0.9582212634,17.9203879903,True,14.0,12.5
2021-02-21,Evansville Purple Aces,71.0,away,0.0417787366,-17.9203879903,False,-14.0,-12.5
2021-02-21,NJIT Highlanders,58.0,home,0.7859029742,8.1498380774,False,-14.0,8.5
2021-02-21,Binghamton Bearcats,72.0,away,0.2140970258,-8.1498380774,True,14.0,-8.5
2021-02-21,Temple Owls,76.0,home,0.6332080609,3.5060900467,False,-7.0,-1.5
2021-02-21,South Florida Bulls,83.0,away,0.3667919391,-3.5060900467,True,7.0,1.5
2021-02-21,Long Island University Sharks,81.0,home,0.8164451091000001,10.7269844584,True,2.0,10.5
2021-02-21,Central Connecticut Blue Devils,79.0,away,0.1835548909,-10.7269844584,False,-2.0,-10.5
2021-02-21,Southern Illinois Salukis,65.0,home,0.5444328014,1.1276341279,False,-1.0,1.5
2021-02-21,Valparaiso Beacons,66.0,away,0.4555671986,-1.1276341279,True,1.0,-1.5
2021-02-21,Texas Southern Tigers,75.0,home,0.5410097128,1.1042612695,False,-2.0,1.5
2021-02-21,Prairie View A&M Panthers,77.0,away,0.4589902872,-1.1042612695,True,2.0,-1.5
2021-02-21,Loyola Maryland Greyhounds,72.0,home,0.886419551,13.2971649139,False,-4.0,10.5
2021-02-21,Lehigh Mountain Hawks,76.0,away,0.113580449,-13.2971649139,True,4.0,-10.5
2021-02-21,Florida A&M Rattlers,63.0,home,0.6194711786,3.3982472874,False,-7.0,1.5
2021-02-21,North Carolina A&T Aggies,70.0,away,0.3805288214,-3.3982472874,True,7.0,-1.5
2021-02-22,UT Rio Grande Valley Vaqueros,116.0,home,0.0,0.0,True,65.0,0.0
2021-02-22,Dallas Christian Crusaders,51.0,away,0.0,0.0,False,-65.0,0.0
2021-02-21,UL Monroe Warhawks,78.0,home,0.304457729,-5.0720592238,True,12.0,-3.5
2021-02-21,Little Rock Trojans,66.0,away,0.6955422710000001,5.0720592238,False,-12.0,3.5
2021-02-21,Wagner Seahawks,70.0,home,0.7380670514,6.356551031,True,2.0,5.5
2021-02-21,Saint Francis Red Flash,68.0,away,0.2619329486,-6.356551031,False,-2.0,-5.5
2021-02-21,American University Eagles,60.0,home,0.3127538763,-4.9584726497,False,-9.0,-6.5
2021-02-21,Navy Midshipmen,69.0,away,0.6872461237,4.9584726497,True,9.0,6.5
2021-02-22,Xavier Musketeers,63.0,home,0.8183549777,9.3761013289,True,12.0,11.5
2021-02-22,Butler Bulldogs,51.0,away,0.1816450223,-9.3761013289,False,-12.0,-11.5
2021-02-21,San José State Spartans,64.0,home,0.0652434399,-17.432001151,False,-3.0,-13.5
2021-02-21,UNLV Rebels,67.0,away,0.9347565601,17.432001151,True,3.0,13.5
2021-02-24,Michigan State Spartans,81.0,home,0.1896676347,-9.8592363523,True,9.0,-7.5
2021-02-24,Illinois Fighting Illini,72.0,away,0.8103323653,9.8592363523,False,-9.0,7.5
2021-02-24,Kansas State Wildcats,62.0,home,0.0613289516,-16.7661602547,True,5.0,-9.5
2021-02-24,Oklahoma Sooners,57.0,away,0.9386710484000002,16.7661602547,False,-5.0,9.5
2021-02-23,Liberty Flames,74.0,home,0.9290564672,15.6932790463,True,20.0,15.5
2021-02-23,North Alabama Lions,54.0,away,0.0709435328,-15.6932790463,False,-20.0,-15.5
2021-02-24,Missouri Tigers,53.0,home,0.6057266917,2.7307316967,False,-7.0,3.5
2021-02-24,Ole Miss Rebels,60.0,away,0.3942733083,-2.7307316967,True,7.0,-3.5
2021-02-24,Virginia Tech Hokies,53.0,home,0.6523891118,3.9499428889,False,-16.0,2.5
2021-02-24,Georgia Tech Yellow Jackets,69.0,away,0.3476108882,-3.9499428889,True,16.0,-2.5
2021-02-24,Texas Longhorns,75.0,home,0.587663026,2.3027930466,True,3.0,2.5
2021-02-24,Kansas Jayhawks,72.0,away,0.412336974,-2.3027930466,False,-3.0,-2.5
2021-02-24,Villanova Wildcats,81.0,home,0.8675827025000001,12.5613632912,True,23.0,11.5
2021-02-24,St. John's Red Storm,58.0,away,0.1324172975,-12.5613632912,False,-23.0,-11.5
2021-02-24,TCU Horned Frogs,66.0,home,0.2057444707,-8.8138442552,False,-8.0,-6.5
2021-02-24,West Virginia Mountaineers,74.0,away,0.7942555293,8.8138442552,True,8.0,6.5
2021-02-23,Central Michigan Chippewas,54.0,home,0.445474015,-1.4322357319,False,-42.0,-5.5
2021-02-23,Miami (OH) RedHawks,96.0,away,0.554525985,1.4322357319,True,42.0,5.5
2021-02-23,Northern Illinois Huskies,74.0,home,0.0731058374,-16.9655756888,False,-28.0,-11.5
2021-02-23,Buffalo Bulls,102.0,away,0.9268941626,16.9655756888,True,28.0,11.5
2021-02-24,Campbell Fighting Camels,68.0,home,0.6637869291,4.0696108511,True,20.0,3.5
2021-02-24,High Point Panthers,48.0,away,0.3362130709,-4.0696108511,False,-20.0,-3.5
2021-02-24,Baylor Bears,77.0,home,0.9892366777,30.3398949487,True,5.0,23.5
2021-02-24,Iowa State Cyclones,72.0,away,0.0107633223,-30.3398949487,False,-5.0,-23.5
2021-02-23,Richmond Spiders,79.0,home,0.7938082219,9.2340879509,True,14.0,9.5
2021-02-23,Massachusetts Minutemen,65.0,away,0.2061917781,-9.2340879509,False,-14.0,-9.5
2021-02-24,Louisville Cardinals,69.0,home,0.5733119726,1.7960660033,True,12.0,3.5
2021-02-24,Notre Dame Fighting Irish,57.0,away,0.4266880274,-1.7960660033,False,-12.0,-3.5
2021-02-23,Georgia State Panthers,85.0,home,0.7611635482,7.32524322,True,14.0,6.5
2021-02-23,App State Mountaineers,71.0,away,0.2388364518,-7.32524322,False,-14.0,-6.5
2021-02-23,Ohio Bobcats,90.0,home,0.5520760711,1.3883650271,True,17.0,-3.5
2021-02-23,Akron Zips,73.0,away,0.4479239289,-1.3883650271,False,-17.0,3.5
2021-02-23,VCU Rams,67.0,home,0.5205411513,0.5497082878,True,2.0,-3.5
2021-02-23,Saint Louis Billikens,65.0,away,0.4794588487,-0.5497082878,False,-2.0,3.5
2021-02-23,San Diego Toreros,67.0,home,0.4832735402,-0.42768472,False,-10.0,-2.5
2021-02-23,Pacific Tigers,77.0,away,0.5167264598,0.42768472,True,10.0,2.5
2021-02-24,Georgia Bulldogs,91.0,home,0.2322825958,-8.477002385,True,13.0,-4.5
2021-02-24,LSU Tigers,78.0,away,0.7677174042,8.477002385,False,-13.0,4.5
2021-02-24,Eastern Michigan Eagles,69.0,home,0.1825902049,-10.1063300835,False,-13.0,-6.5
2021-02-24,Bowling Green Falcons,82.0,away,0.8174097951,10.1063300835,True,13.0,6.5
2021-02-24,Auburn Tigers,57.0,home,0.387664714,-3.1696858282,False,-17.0,0.5
2021-02-24,Florida Gators,74.0,away,0.612335286,3.1696858282,True,17.0,-0.5
2021-02-24,Texas Southern Tigers,82.0,home,0.9935217778,35.8430660231,True,37.0,28.5
2021-02-24,Mississippi Valley State Delta Devils,45.0,away,0.0064782222,-35.8430660231,False,-37.0,-28.5
2021-02-24,Arizona State Sun Devils,97.0,home,0.8132150491,10.4440096299,True,33.0,8.5
2021-02-24,Washington Huskies,64.0,away,0.1867849509,-10.4440096299,False,-33.0,-8.5
2021-02-24,Nebraska Cornhuskers,83.0,home,0.3129854058,-5.4059667311,False,-3.0,-6.5
2021-02-24,Penn State Nittany Lions,86.0,away,0.6870145942000001,5.4059667311,True,3.0,6.5
2021-02-24,Georgetown Hoyas,57.0,home,0.3128837203,-5.0820056979,False,-13.0,-4.5
2021-02-24,UConn Huskies,70.0,away,0.6871162797,5.0820056979,True,13.0,4.5
2021-02-24,Prairie View A&M Panthers,72.0,home,0.9562741307,19.9836612655,True,16.0,15.5
2021-02-24,Arkansas-Pine Bluff Golden Lions,56.0,away,0.0437258693,-19.9836612655,False,-16.0,-15.5
2021-02-22,Liberty Flames,74.0,home,0.9148733751,14.6933939021,True,20.0,15.5
2021-02-22,North Alabama Lions,54.0,away,0.0851266249,-14.6933939021,False,-20.0,-15.5
2021-02-23,Southern Illinois Salukis,67.0,home,0.5428754436,1.0552927051,True,3.0,1.5
2021-02-23,Valparaiso Beacons,64.0,away,0.4571245564,-1.0552927051,False,-3.0,-1.5
2021-02-23,Oklahoma State Cowboys,74.0,home,0.3060070056,-5.4574703377,True,5.0,-3.5
2021-02-23,Texas Tech Red Raiders,69.0,away,0.6939929944,5.4574703377,False,-5.0,3.5
2021-02-23,Northwestern State Demons,86.0,home,0.6615614166,4.7570734806,True,6.0,4.5
2021-02-23,Houston Christian Huskies,80.0,away,0.3384385834,-4.7570734806,False,-6.0,-4.5
2021-02-22,SIU Edwardsville Cougars,48.0,home,0.1988654929999999,-8.6397440787,False,-8.0,-11.5
2021-02-22,Morehead State Eagles,56.0,away,0.801134507,8.6397440787,True,8.0,11.5
2021-02-23,USC Trojans,72.0,home,0.6883632171,5.0788624038,True,14.0,3.5
2021-02-23,Oregon Ducks,58.0,away,0.3116367829,-5.0788624038,False,-14.0,-3.5
2021-02-23,Drake Bulldogs,74.0,home,0.9531221561999998,17.4814870309,True,11.0,10.5
2021-02-23,Evansville Purple Aces,63.0,away,0.0468778438,-17.4814870309,False,-11.0,-10.5
2021-02-22,UL Monroe Warhawks,68.0,home,0.340327759,-4.0762670883,True,4.0,-3.5
2021-02-22,Little Rock Trojans,64.0,away,0.659672241,4.0762670883,False,-4.0,3.5
2021-02-22,Southeast Missouri State Redhawks,65.0,home,0.2590417992,-7.5174853087,False,-22.0,-5.5
2021-02-22,Eastern Kentucky Colonels,87.0,away,0.7409582008,7.5174853087,True,22.0,5.5
2021-02-23,Mercer Bears,88.0,home,0.7146438763,6.4106702616,True,36.0,8.5
2021-02-23,The Citadel Bulldogs,52.0,away,0.2853561237,-6.4106702616,False,-36.0,-8.5
2021-02-23,Arkansas State Red Wolves,52.0,home,0.4347803617,-1.5618470455,False,-5.0,-3.5
2021-02-23,Texas State Bobcats,57.0,away,0.5652196383,1.5618470455,True,5.0,3.5
2021-02-22,Western Carolina Catamounts,56.0,home,0.1866311098,-9.8082510133,False,-21.0,-8.5
2021-02-22,UNC Greensboro Spartans,77.0,away,0.8133688902,9.8082510133,True,21.0,8.5
2021-02-22,South Carolina Upstate Spartans,58.0,home,0.170949141,-10.1136616422,False,-11.0,-4.5
2021-02-22,Gardner-Webb Runnin' Bulldogs,69.0,away,0.8290508590000001,10.1136616422,True,11.0,4.5
2021-02-23,Elon Phoenix,73.0,home,0.7309552107999999,6.3821996148,True,19.0,4.0
2021-02-23,William & Mary Tribe,54.0,away,0.2690447892,-6.3821996148,False,-19.0,-4.0
2021-02-22,Saint Mary's Gaels,66.0,home,0.6604047725,4.1583734338,True,5.0,5.5
2021-02-22,Pepperdine Waves,61.0,away,0.3395952275,-4.1583734338,False,-5.0,-5.5
2021-02-23,Duke Blue Devils,85.0,home,0.6161994866,3.105732727,True,14.0,5.5
2021-02-23,Syracuse Orange,71.0,away,0.3838005134,-3.105732727,False,-14.0,-5.5
2021-02-22,Presbyterian Blue Hose,77.0,home,0.6195288072,3.0788452815,False,-1.0,2.5
2021-02-22,Charleston Southern Buccaneers,78.0,away,0.3804711928,-3.0788452815,True,1.0,-2.5
2021-02-22,Louisiana Ragin' Cajuns,76.0,home,0.5265798355,0.7420330066,True,2.0,4.5
2021-02-22,UT Arlington Mavericks,74.0,away,0.4734201645,-0.7420330066,False,-2.0,-4.5
2021-02-22,Jackson State Tigers,63.0,home,0.6929562443,5.463976606,True,4.0,5.5
2021-02-22,Grambling Tigers,59.0,away,0.3070437557,-5.463976606,False,-4.0,-5.5
2021-02-23,UAB Blazers,117.0,home,0.0,0.0,True,72.0,0.0
2021-02-23,Rust Bearcats,45.0,away,0.0,0.0,False,-72.0,0.0
2021-02-23,Northern Colorado Bears,89.0,home,0.0,0.0,True,29.0,0.0
2021-02-23,Warner Pacific Knights,60.0,away,0.0,0.0,False,-29.0,0.0
2021-02-23,New Orleans Privateers,88.0,home,0.5872606782,2.5360255674,True,25.0,3.5
2021-02-23,Central Arkansas Bears,63.0,away,0.4127393218,-2.5360255674,False,-25.0,-3.5
2021-02-23,Lamar Cardinals,71.0,home,0.140786972,-12.3862885766,False,-6.0,-10.5
2021-02-23,Sam Houston Bearkats,77.0,away,0.8592130279999999,12.3862885766,True,6.0,10.5
2021-02-23,Texas A&M-Corpus Christi Islanders,75.0,home,0.4859988673,-0.3681984081,False,-3.0,1.5
2021-02-23,SE Louisiana Lions,78.0,away,0.5140011327,0.3681984081,True,3.0,-1.5
2021-02-23,Southern Jaguars,75.0,home,0.8606801174,12.2386917321,True,9.0,11.5
2021-02-23,Alabama State Hornets,66.0,away,0.1393198826,-12.2386917321,False,-9.0,-11.5
2021-02-23,Air Force Falcons,65.0,home,0.3816070685,-2.7837331604,False,-8.0,1.5
2021-02-23,New Mexico Lobos,73.0,away,0.6183929315,2.7837331604,True,8.0,-1.5
2021-02-23,Alcorn State Braves,65.0,home,0.4851189797,-0.3952125431,True,13.0,-1.5
2021-02-23,Alabama A&M Bulldogs,52.0,away,0.5148810203,0.3952125431,False,-13.0,1.5
2021-02-24,North Carolina Central Eagles,63.0,home,0.5352884587,0.9547914155,False,-16.0,2.5
2021-02-24,North Carolina A&T Aggies,79.0,away,0.4647115413,-0.9547914155,True,16.0,-2.5
2021-02-24,Virginia Cavaliers,61.0,home,0.8245887385,8.8399221183,False,-7.0,10.5
2021-02-24,NC State Wolfpack,68.0,away,0.1754112615,-8.8399221183,True,7.0,-10.5
2021-02-25,Vanderbilt Commodores,58.0,home,0.164178929,-10.4213375768,False,-12.0,-11.5
2021-02-25,Tennessee Volunteers,70.0,away,0.835821071,10.4213375768,True,12.0,11.5
2021-02-25,Miami Hurricanes,71.0,home,0.1470824854,-11.5811698902,False,-17.0,-12.5
2021-02-25,Florida State Seminoles,88.0,away,0.8529175146,11.5811698902,True,17.0,12.5
2021-02-24,Air Force Falcons,62.0,home,0.3559997101,-3.4499052309,True,7.0,1.5
2021-02-24,New Mexico Lobos,55.0,away,0.6440002898999999,3.4499052309,False,-7.0,-1.5
2021-02-24,Norfolk State Spartans,86.0,home,0.9248859961,17.3775080269,True,31.0,13.5
2021-02-24,Delaware State Hornets,55.0,away,0.0751140039,-17.3775080269,False,-31.0,-13.5
2021-02-24,Wake Forest Demon Deacons,39.0,home,0.2542659804,-6.6106220755,False,-21.0,-2.5
2021-02-24,Clemson Tigers,60.0,away,0.7457340196,6.6106220755,True,21.0,2.5
2021-02-24,Southern Jaguars,73.0,home,0.7356231482,6.8346426215,True,16.0,7.5
2021-02-24,Alabama A&M Bulldogs,57.0,away,0.2643768518,-6.8346426215,False,-16.0,-7.5
2021-02-25,La Salle Explorers,85.0,home,0.2513480864,-7.0524591068,True,20.0,-4.5
2021-02-25,Duquesne Dukes,65.0,away,0.7486519136000002,7.0524591068,False,-20.0,4.5
2021-02-25,Creighton Bluejays,77.0,home,0.9237169521,16.8476448002,True,24.0,14.5
2021-02-25,DePaul Blue Demons,53.0,away,0.0762830479,-16.8476448002,False,-24.0,-14.5
2021-02-25,North Carolina Tar Heels,70.0,home,0.8128546578,9.8847768219,False,-13.0,9.5
2021-02-25,Marquette Golden Eagles,83.0,away,0.1871453422,-9.8847768219,True,13.0,-9.5
2021-02-25,Arkansas Razorbacks,81.0,home,0.5319271199,0.9581647451,True,15.0,2.5
2021-02-25,Alabama Crimson Tide,66.0,away,0.4680728801,-0.9581647451,False,-15.0,-2.5
2021-02-24,Ball State Cardinals,90.0,home,0.3151787902,-5.2867412301,True,19.0,-6.5
2021-02-24,Kent State Golden Flashes,71.0,away,0.6848212098,5.2867412301,False,-19.0,6.5
2021-02-24,Davidson Wildcats,53.0,home,0.5937192566,2.1871524033,False,-3.0,2.5
2021-02-24,St. Bonaventure Bonnies,56.0,away,0.4062807434,-2.1871524033,True,3.0,-2.5
2021-02-24,George Mason Patriots,63.0,home,0.6381166225,3.7178939212,True,5.0,7.5
2021-02-24,George Washington Revolutionaries,58.0,away,0.3618833775,-3.7178939212,False,-5.0,-7.5
2021-02-24,Saint Joseph's Hawks,97.0,home,0.1330213281,-12.2865184295,True,13.0,-7.5
2021-02-24,Dayton Flyers,84.0,away,0.8669786719,12.2865184295,False,-13.0,7.5
2021-02-24,Longwood Lancers,68.0,home,0.7544634734,6.9785406857,False,-6.0,6.5
2021-02-24,Hampton Pirates,74.0,away,0.2455365266,-6.9785406857,True,6.0,-6.5
2021-02-25,Boston University Terriers,75.0,home,0.7293040171,6.3136441315,False,-11.0,8.5
2021-02-25,Holy Cross Crusaders,86.0,away,0.2706959829,-6.3136441315,True,11.0,-8.5
2021-02-24,Radford Highlanders,74.0,home,0.9947022153,34.8399982293,True,23.0,0.0
2021-02-24,Mount Aloysius Mounties,51.0,away,0.0052977847,-34.8399982293,False,-23.0,0.0
2021-02-24,Alcorn State Braves,68.0,home,0.7234164508,6.3885904908,True,9.0,5.5
2021-02-24,Alabama State Hornets,59.0,away,0.2765835492,-6.3885904908,False,-9.0,-5.5
2021-02-25,Butler Bulldogs,61.0,home,0.2622282215,-6.2587886615,True,9.0,-6.5
2021-02-25,Seton Hall Pirates,52.0,away,0.7377717785,6.2587886615,False,-9.0,6.5
2021-02-25,Loyola Maryland Greyhounds,60.0,home,0.7034122122,5.621637711,True,11.0,8.5
2021-02-25,American University Eagles,49.0,away,0.2965877878,-5.621637711,False,-11.0,-8.5
2021-02-25,Memphis Tigers,61.0,home,0.8848425497,13.4870134845,True,15.0,10.5
2021-02-25,Tulane Green Wave,46.0,away,0.1151574502999999,-13.4870134845,False,-15.0,-10.5
2021-02-25,South Florida Bulls,47.0,home,0.6317419495,3.4818400157,False,-18.0,4.5
2021-02-25,Temple Owls,65.0,away,0.3682580505,-3.4818400157,True,18.0,-4.5
2021-02-25,UNC Greensboro Spartans,80.0,home,0.9091122344,15.2659790063,False,-1.0,13.5
2021-02-25,Western Carolina Catamounts,81.0,away,0.0908877655999999,-15.2659790063,True,1.0,-13.5
2021-02-25,Incarnate Word Cardinals,45.0,home,0.6179470253,3.0377056702,False,-22.0,2.5
2021-02-25,Lamar Cardinals,67.0,away,0.3820529747,-3.0377056702,True,22.0,-2.5
2021-02-25,Abilene Christian Wildcats,86.0,home,0.7532428653,7.7179456527,True,14.0,8.5
2021-02-25,Sam Houston Bearkats,72.0,away,0.2467571347,-7.7179456527,False,-14.0,-8.5
2021-02-25,Southern Utah Thunderbirds,85.0,home,0.9285513386,16.2595715196,True,5.0,12.5
2021-02-25,Northern Arizona Lumberjacks,80.0,away,0.0714486614,-16.2595715196,False,-5.0,-12.5
2021-02-25,Furman Paladins,72.0,home,0.8884947094000001,14.3618377144,True,9.0,16.5
2021-02-25,The Citadel Bulldogs,63.0,away,0.1115052906,-14.3618377144,False,-9.0,-16.5
2021-02-25,Mississippi State Bulldogs,69.0,home,0.7373389420999998,7.0450252578,True,21.0,5.5
2021-02-25,South Carolina Gamecocks,48.0,away,0.2626610579,-7.0450252578,False,-21.0,-5.5
2021-02-25,Tulsa Golden Hurricane,69.0,home,0.6430078719,3.7912254445,False,-1.0,1.5
2021-02-25,Cincinnati Bearcats,70.0,away,0.3569921281,-3.7912254445,True,1.0,-1.5
2021-02-25,Northwestern State Demons,57.0,home,0.2727339441,-6.6810538674,False,-26.0,-9.5
2021-02-25,Stephen F. Austin Lumberjacks,83.0,away,0.7272660559,6.6810538674,True,26.0,9.5
2021-02-25,Rutgers Scarlet Knights,74.0,home,0.5789227854,1.9854081227,True,11.0,3.5
2021-02-25,Indiana Hoosiers,63.0,away,0.4210772146,-1.9854081227,False,-11.0,-3.5
2021-02-25,SE Louisiana Lions,91.0,home,0.4075805180999999,-2.4736632053,False,-4.0,4.5
2021-02-25,McNeese Cowboys,95.0,away,0.5924194819,2.4736632053,True,4.0,-4.5
2021-02-25,Mercer Bears,81.0,home,0.6237343003,3.2071488689,True,4.0,3.5
2021-02-25,Chattanooga Mocs,77.0,away,0.3762656997,-3.2071488689,False,-4.0,-3.5
2021-02-25,Providence Friars,83.0,home,0.5299971919,0.7693600361,True,15.0,-1.5
2021-02-25,Xavier Musketeers,68.0,away,0.4700028081,-0.7693600361,False,-15.0,1.5
2021-02-25,Nicholls Colonels,83.0,home,0.8856302289,14.6514933666,True,15.0,11.5
2021-02-25,Houston Christian Huskies,68.0,away,0.1143697711,-14.6514933666,False,-15.0,-11.5
2021-02-25,UNLV Rebels,64.0,home,0.8401904637,9.7778790586,False,-3.0,6.5
2021-02-25,Fresno State Bulldogs,67.0,away,0.1598095363,-9.7778790586,True,3.0,-6.5
2021-02-25,Texas A&M-Corpus Christi Islanders,61.0,home,0.3788956411,-3.3701620551,False,-8.0,-2.5
2021-02-25,New Orleans Privateers,69.0,away,0.6211043589,3.3701620551,True,8.0,2.5
2021-02-13,Xavier Musketeers,72.0,home,0.5962641602,2.4489437587,False,-8.0,4.5
2021-02-13,UConn Huskies,80.0,away,0.4037358398,-2.4489437587,True,8.0,-4.5
2021-02-13,San Francisco Dons,61.0,home,0.078986554,-17.5064084996,False,-39.0,-16.5
2021-02-13,Gonzaga Bulldogs,100.0,away,0.921013446,17.5064084996,True,39.0,16.5
2021-02-13,LSU Tigers,78.0,home,0.4492409993999999,-1.3241017232,True,13.0,-2.5
2021-02-13,Tennessee Volunteers,65.0,away,0.5507590006,1.3241017232,False,-13.0,2.5
2021-02-13,Oklahoma State Cowboys,67.0,home,0.9256094974,16.4409391499,True,7.0,13.5
2021-02-13,Kansas State Wildcats,60.0,away,0.0743905026,-16.4409391499,False,-7.0,-13.5
2021-02-13,Rutgers Scarlet Knights,64.0,home,0.7536083134,7.2349479725,True,14.0,8.5
2021-02-13,Northwestern Wildcats,50.0,away,0.2463916866,-7.2349479725,False,-14.0,-8.5
2021-02-13,Virginia Cavaliers,60.0,home,0.7971724093,8.1822288565,True,12.0,6.5
2021-02-13,North Carolina Tar Heels,48.0,away,0.2028275907,-8.1822288565,False,-12.0,-6.5
2021-02-13,Drake Bulldogs,54.0,home,0.397471685,-2.5274683172,False,-27.0,-3.5
2021-02-13,Loyola Chicago Ramblers,81.0,away,0.602528315,2.5274683172,True,27.0,3.5
2021-02-13,Florida State Seminoles,92.0,home,0.864264264,12.1446938748,True,7.0,13.5
2021-02-13,Wake Forest Demon Deacons,85.0,away,0.135735736,-12.1446938748,False,-7.0,-13.5
2021-02-13,West Virginia Mountaineers,90.0,home,0.6171213686,3.1961181819,False,-1.0,3.5
2021-02-13,Oklahoma Sooners,91.0,away,0.3828786314,-3.1961181819,True,1.0,-3.5
2021-02-13,Ohio State Buckeyes,78.0,home,0.7116698103,5.6267276643,True,19.0,6.5
2021-02-13,Indiana Hoosiers,59.0,away,0.2883301897,-5.6267276643,False,-19.0,-6.5
2021-02-13,Quinnipiac Bobcats,70.0,home,0.4749263169,-0.6800573771,False,-19.0,-1.5
2021-02-13,Canisius Golden Griffins,89.0,away,0.5250736831,0.6800573771,True,19.0,1.5
2021-02-13,Michigan State Spartans,58.0,home,0.2105455125,-8.9563701803,False,-30.0,-3.5
2021-02-13,Iowa Hawkeyes,88.0,away,0.7894544875,8.9563701803,True,30.0,3.5
2021-02-13,Alabama Crimson Tide,115.0,home,0.8833482099999999,15.3012633638,True,33.0,13.5
2021-02-13,Georgia Bulldogs,82.0,away,0.11665179,-15.3012633638,False,-33.0,-13.5
2021-02-13,IU Indianapolis Jaguars,88.0,home,0.5582859227,1.5873684019,True,7.0,-1.5
2021-02-13,UIC Flames,81.0,away,0.4417140773,-1.5873684019,False,-7.0,1.5
2021-02-13,Chattanooga Mocs,70.0,home,0.7152880071,6.3610462664,True,4.0,9.5
2021-02-13,The Citadel Bulldogs,66.0,away,0.2847119929,-6.3610462664,False,-4.0,-9.5
2021-02-13,Creighton Bluejays,86.0,home,0.4787692984999999,-0.5373217385,True,16.0,-1.5
2021-02-13,Villanova Wildcats,70.0,away,0.5212307015,0.5373217385,False,-16.0,1.5
2021-02-13,Kentucky Wildcats,82.0,home,0.594686896,2.5805979646,True,2.0,3.5
2021-02-13,Auburn Tigers,80.0,away,0.405313104,-2.5805979646,False,-2.0,-3.5
2021-02-13,Mississippi State Bulldogs,51.0,home,0.8172969057,9.344505356,False,-21.0,7.5
2021-02-13,Vanderbilt Commodores,72.0,away,0.1827030943,-9.344505356,True,21.0,-7.5
2021-02-14,Washington State Cougars,65.0,home,0.2049104232999999,-8.7942272499,False,-11.0,-8.5
2021-02-14,USC Trojans,76.0,away,0.7950895767,8.7942272499,True,11.0,8.5
2021-02-13,Texas Longhorns,70.0,home,0.8676836091999999,12.1763223287,True,15.0,11.5
2021-02-13,TCU Horned Frogs,55.0,away,0.1323163908,-12.1763223287,False,-15.0,-11.5
2021-02-13,VMI Keydets,85.0,home,0.703248238,5.7871559406,True,29.0,6.5
2021-02-13,Samford Bulldogs,56.0,away,0.296751762,-5.7871559406,False,-29.0,-6.5
2021-02-13,Vermont Catamounts,86.0,home,0.8831822452,12.8081337003,True,8.0,10.5
2021-02-13,Stony Brook Seawolves,78.0,away,0.1168177548,-12.8081337003,False,-8.0,-10.5
2021-02-13,Georgetown Hoyas,78.0,home,0.599483996,2.5236207576,True,15.0,1.5
2021-02-13,Butler Bulldogs,63.0,away,0.400516004,-2.5236207576,False,-15.0,-1.5
2021-02-13,Hartford Hawks,57.0,home,0.5844096729,2.1810656459,False,-10.0,2.5
2021-02-13,NJIT Highlanders,67.0,away,0.4155903271,-2.1810656459,True,10.0,-2.5
2021-02-13,Lafayette Leopards,97.0,home,0.6521046155000001,4.0381749598,True,3.0,2.5
2021-02-13,Loyola Maryland Greyhounds,94.0,away,0.3478953845,-4.0381749598,False,-3.0,-2.5
2021-02-13,Furman Paladins,88.0,home,0.8550250134000001,11.8845465274,True,18.0,12.5
2021-02-13,Western Carolina Catamounts,70.0,away,0.1449749866,-11.8845465274,False,-18.0,-12.5
2021-02-13,Syracuse Orange,75.0,home,0.8647912350999999,12.8176871382,True,8.0,11.5
2021-02-13,Boston College Eagles,67.0,away,0.1352087649,-12.8176871382,False,-8.0,-11.5
2021-02-13,James Madison Dukes,93.0,home,0.6033962907,2.8194810432,True,4.0,2.5
2021-02-13,Hofstra Pride,89.0,away,0.3966037093,-2.8194810432,False,-4.0,-2.5
2021-02-13,Towson Tigers,67.0,home,0.4151271478,-1.9469085927,False,-9.0,-2.5
2021-02-13,Northeastern Huskies,76.0,away,0.5848728522,1.9469085927,True,9.0,2.5
2021-02-13,Toledo Rockets,81.0,home,0.8147957334,9.9328189391,False,-7.0,7.5
2021-02-13,Bowling Green Falcons,88.0,away,0.1852042665999999,-9.9328189391,True,7.0,-7.5
2021-02-13,Morgan State Bears,69.0,home,0.6485594923,4.1841929905,False,-5.0,3.5
2021-02-13,Norfolk State Spartans,74.0,away,0.3514405077,-4.1841929905,True,5.0,-3.5
2021-02-13,Arizona Wildcats,61.0,home,0.6073920604,2.8665709546,False,-2.0,1.5
2021-02-13,Oregon Ducks,63.0,away,0.3926079396,-2.8665709546,True,2.0,-1.5
2021-02-13,Montana State Bobcats,69.0,home,0.3704741668,-3.7039076781,False,-16.0,-3.5
2021-02-13,Eastern Washington Eagles,85.0,away,0.6295258332,3.7039076781,True,16.0,3.5
2021-02-13,Kent State Golden Flashes,80.0,home,0.9548840401,19.4791740619,True,22.0,14.5
2021-02-13,Northern Illinois Huskies,58.0,away,0.0451159599,-19.4791740619,False,-22.0,-14.5
2021-02-13,Charleston Cougars,71.0,home,0.8046851122,7.9584837756,True,18.0,7.5
2021-02-13,Elon Phoenix,53.0,away,0.1953148878,-7.9584837756,False,-18.0,-7.5
2021-02-13,Holy Cross Crusaders,82.0,home,0.3443664492,-4.2285937609,True,17.0,-5.5
2021-02-13,Boston University Terriers,65.0,away,0.6556335508,4.2285937609,False,-17.0,5.5
2021-02-13,UAlbany Great Danes,81.0,home,0.6295788291,3.5084669816,True,12.0,4.5
2021-02-13,UMass Lowell River Hawks,69.0,away,0.3704211709,-3.5084669816,False,-12.0,-4.5
2021-02-13,Mercer Bears,74.0,home,0.3614543017,-3.7993992048,False,-3.0,-1.5
2021-02-13,UNC Greensboro Spartans,77.0,away,0.6385456983,3.7993992048,True,3.0,1.5
2021-02-13,California Baptist Lancers,83.0,home,0.5999608586,2.4598586363,True,12.0,2.5
2021-02-13,Sacramento State Hornets,71.0,away,0.4000391413999999,-2.4598586363,False,-12.0,-2.5
2021-02-13,Idaho State Bengals,64.0,home,0.925941572,15.5035193545,True,6.0,9.5
2021-02-13,Idaho Vandals,58.0,away,0.074058428,-15.5035193545,False,-6.0,-9.5
2021-02-13,Air Force Falcons,64.0,home,0.2630135425,-5.815291679,False,-3.0,-4.5
2021-02-13,Fresno State Bulldogs,67.0,away,0.7369864575,5.815291679,True,3.0,4.5
2021-02-13,Wright State Raiders,92.0,home,0.9414604665,19.0012734257,True,10.0,15.5
2021-02-13,Milwaukee Panthers,82.0,away,0.0585395334999999,-19.0012734257,False,-10.0,-15.5
2021-02-13,Texas State Bobcats,79.0,home,0.6437189801,3.8053659925,True,11.0,5.5
2021-02-13,UT Arlington Mavericks,68.0,away,0.3562810199,-3.8053659925,False,-11.0,-5.5
2021-02-13,Missouri Tigers,81.0,home,0.47132369,-0.8058497959,False,-5.0,3.5
2021-02-13,Arkansas Razorbacks,86.0,away,0.52867631,0.8058497959,True,5.0,-3.5
2021-02-13,NC State Wolfpack,53.0,home,0.5595800429,1.6012964193,False,-16.0,-3.5
2021-02-13,Duke Blue Devils,69.0,away,0.4404199570999999,-1.6012964193,True,16.0,3.5
2021-02-13,Fordham Rams,40.0,home,0.0470768225,-18.3007982818,False,-28.0,-17.5
2021-02-13,Saint Louis Billikens,68.0,away,0.9529231775,18.3007982818,True,28.0,17.5
2021-02-13,Southern Illinois Salukis,55.0,home,0.6577037494,4.3077625254,False,-25.0,6.5
2021-02-13,Illinois State Redbirds,80.0,away,0.3422962506,-4.3077625254,True,25.0,-6.5
2021-02-13,Arkansas-Pine Bluff Golden Lions,71.0,home,0.1889513258,-9.8099016159,False,-2.0,-7.5
2021-02-13,Southern Jaguars,73.0,away,0.8110486742,9.8099016159,True,2.0,7.5
2021-02-13,Iowa State Cyclones,50.0,home,0.1443637655,-11.8697995727,False,-14.0,-11.5
2021-02-13,Kansas Jayhawks,64.0,away,0.8556362345,11.8697995727,True,14.0,11.5
2021-02-13,Kennesaw State Owls,83.0,home,0.267513739,-6.3893098754,True,8.0,-6.5
2021-02-13,Stetson Hatters,75.0,away,0.7324862609999999,6.3893098754,False,-8.0,6.5
2021-02-13,North Dakota Fighting Hawks,85.0,home,0.2121170196,-8.4995643194,True,9.0,-6.5
2021-02-13,South Dakota Coyotes,76.0,away,0.7878829804,8.4995643194,False,-9.0,6.5
2021-02-13,Army Black Knights,74.0,home,0.2773495116,-6.414735142,False,-10.0,-6.5
2021-02-13,Colgate Raiders,84.0,away,0.7226504884,6.414735142,True,10.0,6.5
2021-02-13,East Tennessee State Buccaneers,71.0,home,0.4507731924,-1.2260558857,True,22.0,1.5
2021-02-13,Wofford Terriers,49.0,away,0.5492268076,1.2260558857,False,-22.0,-1.5
2021-02-13,Marshall Thundering Herd,96.0,home,0.9462187596,20.1347520502,True,11.0,16.5
2021-02-13,Middle Tennessee Blue Raiders,85.0,away,0.0537812404,-20.1347520502,False,-11.0,-16.5
2021-02-13,Grambling Tigers,73.0,home,0.3951658076,-2.8975263716,False,-2.0,-3.5
2021-02-13,Texas Southern Tigers,75.0,away,0.6048341924,2.8975263716,True,2.0,3.5
2021-02-13,Old Dominion Monarchs,64.0,home,0.6087783241,2.5046506059,True,19.0,4.5
2021-02-13,Charlotte 49ers,45.0,away,0.3912216759,-2.5046506059,False,-19.0,-4.5
2021-02-13,UTSA Roadrunners,86.0,home,0.5010464044,0.0284697357,True,11.0,4.5
2021-02-13,Florida Atlantic Owls,75.0,away,0.4989535956,-0.0284697357,False,-11.0,-4.5
2021-02-13,Louisiana Tech Bulldogs,69.0,home,0.5634654295,1.6844398482,True,5.0,1.5
2021-02-13,UAB Blazers,64.0,away,0.4365345705,-1.6844398482,False,-5.0,-1.5
2021-02-13,UC Davis Aggies,78.0,home,0.7335317188,7.161816275,True,2.0,6.5
2021-02-13,Long Beach State Beach,76.0,away,0.2664682812,-7.161816275,False,-2.0,-6.5
2021-02-13,Montana Grizzlies,82.0,home,0.5204858814,0.476226301,False,-9.0,-2.5
2021-02-13,Weber State Wildcats,91.0,away,0.4795141186,-0.476226301,True,9.0,2.5
2021-02-13,Iona Gaels,70.0,home,0.7910299227,8.4555155325,False,-7.0,7.5
2021-02-13,Manhattan Jaspers,77.0,away,0.2089700772999999,-8.4555155325,True,7.0,-7.5
2021-02-13,Saint Peter's Peacocks,50.0,home,0.8530044828999999,11.0057032522,False,-5.0,10.5
2021-02-13,Fairfield Stags,55.0,away,0.1469955171,-11.0057032522,True,5.0,-10.5
2021-02-13,Youngstown State Penguins,72.0,home,0.6529121349,4.0976444998,True,2.0,5.5
2021-02-13,Purdue Fort Wayne Mastodons,70.0,away,0.3470878651,-4.0976444998,False,-2.0,-5.5
2021-02-13,Green Bay Phoenix,66.0,home,0.4170648102000001,-2.059468597,False,-5.0,-1.5
2021-02-13,Northern Kentucky Norse,71.0,away,0.5829351898,2.059468597,True,5.0,1.5
2021-02-13,Northwestern State Demons,69.0,home,0.4653771341999999,-0.9528867687,True,3.0,3.5
2021-02-13,McNeese Cowboys,66.0,away,0.5346228658,0.9528867687,False,-3.0,-3.5
2021-02-13,Jacksonville State Gamecocks,80.0,home,0.8273401238,9.9377741681,True,20.0,9.5
2021-02-13,SIU Edwardsville Cougars,60.0,away,0.1726598762,-9.9377741681,False,-20.0,-9.5
2021-02-13,Oral Roberts Golden Eagles,103.0,home,0.3793506082,-3.4115741871,True,17.0,-4.5
2021-02-13,South Dakota State Jackrabbits,86.0,away,0.6206493918,3.4115741871,False,-17.0,4.5
2021-02-13,Belmont Bruins,73.0,home,0.8447579867999999,10.7666975139,True,15.0,9.5
2021-02-13,Morehead State Eagles,58.0,away,0.1552420132,-10.7666975139,False,-15.0,-9.5
2021-02-13,Robert Morris Colonials,81.0,home,0.5650381566,1.7135296093,False,-5.0,-2.5
2021-02-13,Oakland Golden Grizzlies,86.0,away,0.4349618434,-1.7135296093,True,5.0,2.5
2021-02-13,UL Monroe Warhawks,72.0,home,0.4075542173,-2.4688248229,False,-16.0,-3.5
2021-02-13,Louisiana Ragin' Cajuns,88.0,away,0.5924457827,2.4688248229,True,16.0,3.5
2021-02-13,Tennessee State Tigers,73.0,home,0.185486787,-10.9976681553,False,-20.0,-7.5
2021-02-13,Eastern Kentucky Colonels,93.0,away,0.814513213,10.9976681553,True,20.0,7.5
2021-02-13,Abilene Christian Wildcats,83.0,home,0.9733829189,22.6888573904,True,28.0,19.5
2021-02-13,Texas A&M-Corpus Christi Islanders,55.0,away,0.0266170811,-22.6888573904,False,-28.0,-19.5
2021-02-13,Alabama State Hornets,72.0,home,0.2751639189,-6.5158036687,True,14.0,-4.5
2021-02-13,Alabama A&M Bulldogs,58.0,away,0.7248360810999999,6.5158036687,False,-14.0,4.5
2021-02-13,Tennessee Tech Golden Eagles,80.0,home,0.3649800153,-3.6648205004,True,13.0,1.5
2021-02-13,Eastern Illinois Panthers,67.0,away,0.6350199847,3.6648205004,False,-13.0,-1.5
2021-02-13,Liberty Flames,80.0,home,0.9461486331,16.7732673063,True,20.0,12.5
2021-02-13,North Florida Ospreys,60.0,away,0.0538513669,-16.7732673063,False,-20.0,-12.5
2021-02-13,Troy Trojans,51.0,home,0.4018490063999999,-2.4966429446,False,-7.0,1.5
2021-02-13,South Alabama Jaguars,58.0,away,0.5981509936,2.4966429446,True,7.0,-1.5
2021-02-13,Mississippi Valley State Delta Devils,56.0,home,0.0652582159,-18.4645183916,False,-14.0,-13.5
2021-02-13,Alcorn State Braves,70.0,away,0.9347417841,18.4645183916,True,14.0,13.5
2021-02-13,Southern Miss Golden Eagles,56.0,home,0.1362901306,-10.9467162352,False,-12.0,-9.5
2021-02-13,North Texas Mean Green,68.0,away,0.8637098694,10.9467162352,True,12.0,9.5
2021-02-13,Missouri State Bears,80.0,home,0.4651111512,-0.87720317,True,22.0,7.5
2021-02-13,Bradley Braves,58.0,away,0.5348888488,0.87720317,False,-22.0,-7.5
2021-02-13,South Carolina Gamecocks,74.0,home,0.4167875770000001,-2.2921550449,False,-7.0,0.5
2021-02-13,Ole Miss Rebels,81.0,away,0.583212423,2.2921550449,True,7.0,-0.5
2021-02-13,Austin Peay Governors,78.0,home,0.8103761625,9.0736964069,True,15.0,10.5
2021-02-13,Southeast Missouri State Redhawks,63.0,away,0.1896238375,-9.0736964069,False,-15.0,-10.5
2021-02-13,Sam Houston Bearkats,97.0,home,0.8204388992,10.9437670773,True,40.0,12.5
2021-02-13,Central Arkansas Bears,57.0,away,0.1795611008,-10.9437670773,False,-40.0,-12.5
2021-02-13,Western Kentucky Hilltoppers,89.0,home,0.8631225114,12.4340942162,True,23.0,9.5
2021-02-13,Rice Owls,66.0,away,0.1368774886,-12.4340942162,False,-23.0,-9.5
2021-02-14,Washington Huskies,61.0,home,0.1825246701999999,-9.5122258687,False,-3.0,-9.5
2021-02-14,UCLA Bruins,64.0,away,0.8174753298,9.5122258687,True,3.0,9.5
2021-02-13,Jacksonville Dolphins,69.0,home,0.4292251419,-1.8011728421,False,-2.0,-7.5
2021-02-13,Lipscomb Bisons,71.0,away,0.5707748581,1.8011728421,True,2.0,7.5
2021-02-14,DePaul Blue Demons,47.0,home,0.3454062147,-4.1479845837,False,-10.0,-2.5
2021-02-14,Providence Friars,57.0,away,0.6545937852999999,4.1479845837,True,10.0,2.5
2021-02-13,Little Rock Trojans,65.0,home,0.7116482820000001,5.6670483351,False,-2.0,5.5
2021-02-13,Arkansas State Red Wolves,67.0,away,0.288351718,-5.6670483351,True,2.0,-5.5
2021-02-14,North Alabama Lions,63.0,home,0.4718932187,-0.7020990088,False,-24.0,-5.0
2021-02-14,Bellarmine Knights,87.0,away,0.5281067813,0.7020990088,True,24.0,5.0
2021-02-14,Fairleigh Dickinson Knights,86.0,home,0.6308927941,3.3636420978,False,-9.0,2.5
2021-02-14,Wagner Seahawks,95.0,away,0.3691072059,-3.3636420978,True,9.0,-2.5
2021-02-14,Cleveland State Vikings,71.0,home,0.4857066179,-0.3549378827,True,7.0,2.5
2021-02-14,Detroit Mercy Titans,64.0,away,0.5142933821,0.3549378827,False,-7.0,-2.5
2021-02-14,SE Louisiana Lions,84.0,home,0.1887323017,-10.082685142,False,-2.0,-6.5
2021-02-14,Nicholls Colonels,86.0,away,0.8112676983,10.082685142,True,2.0,6.5
2021-02-13,Houston Christian Huskies,80.0,home,0.5928617632,2.6410513952,True,5.0,0.5
2021-02-13,Lamar Cardinals,75.0,away,0.4071382368,-2.6410513952,False,-5.0,-0.5
2021-02-14,Kansas City Roos,55.0,home,0.8811196023,12.8015477257,True,8.0,6.5
2021-02-14,Omaha Mavericks,47.0,away,0.1188803977,-12.8015477257,False,-8.0,-6.5
2021-02-14,Pepperdine Waves,60.0,home,0.5082437555,0.2057784305,True,2.0,1.5
2021-02-14,Saint Mary's Gaels,58.0,away,0.4917562445,-0.2057784305,False,-2.0,-1.5
2021-02-14,Loyola Marymount Lions,80.0,home,0.7628985943,7.3103144641,True,4.0,1.5
2021-02-14,Pacific Tigers,76.0,away,0.2371014057,-7.3103144641,False,-4.0,-1.5
2021-02-14,Cal State Bakersfield Roadrunners,65.0,home,0.900257806,13.710561578,True,15.0,8.5
2021-02-14,UC San Diego Tritons,50.0,away,0.099742194,-13.710561578,False,-15.0,-8.5
2021-02-14,Northern Iowa Panthers,57.0,home,0.7681481608,7.9535401548,False,-13.0,6.5
2021-02-14,Valparaiso Beacons,70.0,away,0.2318518392,-7.9535401548,True,13.0,-6.5
2021-02-14,Western Illinois Leathernecks,82.0,home,0.798466259,9.5037089984,True,7.0,6.5
2021-02-14,Denver Pioneers,75.0,away,0.201533741,-9.5037089984,False,-7.0,-6.5
2021-02-14,Utah Valley Wolverines,89.0,home,0.7922959553,9.5222107872,False,-4.0,10.5
2021-02-14,Utah Tech Trailblazers,93.0,away,0.2077040446999999,-9.5222107872,True,4.0,-10.5
2021-02-14,Murray State Racers,84.0,home,0.9688797172,22.0642588433,True,29.0,16.5
2021-02-14,UT Martin Skyhawks,55.0,away,0.0311202828,-22.0642588433,False,-29.0,-16.5
2021-02-14,UTEP Miners,77.0,home,0.8083110225,9.374829922,True,9.0,8.5
2021-02-14,Florida International Panthers,68.0,away,0.1916889775,-9.374829922,False,-9.0,-8.5
2021-02-14,Stanford Cardinal,73.0,home,0.6126324073,2.9609813241,True,7.0,3.5
2021-02-14,Utah Utes,66.0,away,0.3873675927,-2.9609813241,False,-7.0,-3.5
2021-02-14,Boise State Broncos,61.0,home,0.8597872302999999,11.324119851,True,2.0,9.5
2021-02-14,UNLV Rebels,59.0,away,0.1402127697,-11.324119851,False,-2.0,-9.5
2021-02-14,California Golden Bears,71.0,home,0.0999001024,-13.349554636,True,9.0,-9.5
2021-02-14,Colorado Buffaloes,62.0,away,0.9000998976,13.349554636,False,-9.0,9.5
2021-02-14,Seattle U Redhawks,58.0,home,0.4375916894999999,-1.5307435991,False,-7.0,-6.5
2021-02-14,New Mexico State Aggies,65.0,away,0.5624083105,1.5307435991,True,7.0,6.5
2021-02-14,Hawai'i Rainbow Warriors,74.0,home,0.2277159646,-7.4450935055,False,-7.0,-5.5
2021-02-14,UC Santa Barbara Gauchos,81.0,away,0.7722840354,7.4450935055,True,7.0,5.5
2021-02-14,UC Riverside Highlanders,67.0,home,0.5614012313,1.5804203014,False,-6.0,-1.0
2021-02-14,UC Irvine Anteaters,73.0,away,0.4385987687,-1.5804203014,True,6.0,1.0
2021-02-26,Colorado Buffaloes,80.0,home,0.6323258054,3.4117878358,True,18.0,3.5
2021-02-26,USC Trojans,62.0,away,0.3676741946,-3.4117878358,False,-18.0,-3.5
2021-02-25,Western Michigan Broncos,66.0,home,0.346859657,-3.7525550542,False,-8.0,-6.5
2021-02-25,Miami (OH) RedHawks,74.0,away,0.653140343,3.7525550542,True,8.0,6.5
2021-02-26,Illinois Fighting Illini,86.0,home,0.9506431324,20.7305078127,True,16.0,13.5
2021-02-26,Nebraska Cornhuskers,70.0,away,0.0493568676,-20.7305078127,False,-16.0,-13.5
2021-02-26,Central Connecticut Blue Devils,63.0,home,0.2326665229,-7.4343944443,False,-20.0,-9.5
2021-02-26,Wagner Seahawks,83.0,away,0.7673334771,7.4343944443,True,20.0,9.5
2021-02-25,Ohio Bobcats,86.0,home,0.9302167396,17.1146514084,True,19.0,13.5
2021-02-25,Eastern Michigan Eagles,67.0,away,0.0697832604,-17.1146514084,False,-19.0,-13.5
2021-02-26,South Carolina State Bulldogs,67.0,home,0.1427726012,-12.4018528119,False,-8.0,-10.5
2021-02-26,Florida A&M Rattlers,75.0,away,0.8572273987999999,12.4018528119,True,8.0,10.5
2021-02-26,San Diego State Aztecs,78.0,home,0.7470628752,6.8459345563,True,12.0,7.5
2021-02-26,Boise State Broncos,66.0,away,0.2529371248,-6.8459345563,False,-12.0,-7.5
2021-02-26,Michigan State Spartans,71.0,home,0.2459781638,-7.2744062705,True,4.0,-3.5
2021-02-26,Ohio State Buckeyes,67.0,away,0.7540218362000001,7.2744062705,False,-4.0,3.5
2021-02-26,Gonzaga Bulldogs,89.0,home,0.9894271146,33.0719998608,True,14.0,30.5
2021-02-26,Santa Clara Broncos,75.0,away,0.0105728854,-33.0719998608,False,-14.0,-30.5
2021-02-25,Buffalo Bulls,85.0,home,0.9360718784,19.8347296351,True,12.0,20.5
2021-02-25,Central Michigan Chippewas,73.0,away,0.0639281216,-19.8347296351,False,-12.0,-20.5
2021-02-26,Detroit Mercy Titans,83.0,home,0.8606024161000001,11.4877581202,True,10.0,10.5
2021-02-26,Robert Morris Colonials,73.0,away,0.1393975839,-11.4877581202,False,-10.0,-10.5
2021-02-25,SIU Edwardsville Cougars,66.0,home,0.7481574906,6.8934915118,True,13.0,4.5
2021-02-25,UT Martin Skyhawks,53.0,away,0.2518425094,-6.8934915118,False,-13.0,-4.5
2021-02-26,Houston Cougars,81.0,home,0.9269598244,16.1564939328,True,24.0,11.5
2021-02-26,Western Kentucky Hilltoppers,57.0,away,0.0730401756,-16.1564939328,False,-24.0,-11.5
2021-02-25,Merrimack Warriors,71.0,home,0.6675406781999998,4.4968623488,False,-13.0,2.5
2021-02-25,St. Francis Brooklyn Terriers,84.0,away,0.3324593218,-4.4968623488,True,13.0,-2.5
2021-02-26,Michigan Wolverines,79.0,home,0.5173981605,0.4598024145,True,22.0,5.5
2021-02-26,Iowa Hawkeyes,57.0,away,0.4826018394999999,-0.4598024145,False,-22.0,-5.5
2021-02-26,Bryant Bulldogs,87.0,home,0.7641718886999999,9.2281455905,True,7.0,5.5
2021-02-26,Long Island University Sharks,80.0,away,0.2358281113,-9.2281455905,False,-7.0,-5.5
2021-02-26,Arizona State Sun Devils,80.0,home,0.8528023511,12.5272788962,True,8.0,9.5
2021-02-26,Washington Huskies,72.0,away,0.1471976489,-12.5272788962,False,-8.0,-9.5
2021-02-26,Sacred Heart Pioneers,69.0,home,0.5471214414,1.2812670192,False,-13.0,-1.5
2021-02-26,Fairleigh Dickinson Knights,82.0,away,0.4528785586,-1.2812670192,True,13.0,1.5
2021-02-26,Morehead State Eagles,74.0,home,0.8758002363,12.6331150128,True,14.0,11.5
2021-02-26,Tennessee State Tigers,60.0,away,0.1241997637,-12.6331150128,False,-14.0,-11.5
2021-02-26,Saint Francis Red Flash,65.0,home,0.4307450913,-1.6481036758,False,-7.0,-1.5
2021-02-26,Mount St. Mary's Mountaineers,72.0,away,0.5692549087,1.6481036758,True,7.0,1.5
2021-02-26,Green Bay Phoenix,84.0,home,0.5871204479,2.2832690372,False,-5.0,5.5
2021-02-26,Purdue Fort Wayne Mastodons,89.0,away,0.4128795521,-2.2832690372,True,5.0,-5.5
2021-02-26,Utah Utes,61.0,home,0.4427212648,-1.3815315337,False,-15.0,0.5
2021-02-26,UCLA Bruins,76.0,away,0.5572787352,1.3815315337,True,15.0,-0.5
2021-02-26,Eastern Kentucky Colonels,81.0,home,0.3140850725,-5.7622088874,True,14.0,-8.5
2021-02-26,Belmont Bruins,67.0,away,0.6859149275,5.7622088874,False,-14.0,8.5
2021-02-26,Youngstown State Penguins,74.0,home,0.6470333742999999,3.8739486405,True,16.0,5.5
2021-02-26,UIC Flames,58.0,away,0.3529666256999999,-3.8739486405,False,-16.0,-5.5
2021-02-26,Prairie View A&M Panthers,82.0,home,0.9952217543,36.3010327645,True,20.0,31.5
2021-02-26,Mississippi Valley State Delta Devils,62.0,away,0.0047782457,-36.3010327645,False,-20.0,-31.5
2021-02-26,Northern Colorado Bears,66.0,home,0.6207358695,3.2001836571,True,2.0,-1.5
2021-02-26,Portland State Vikings,64.0,away,0.3792641305,-3.2001836571,False,-2.0,1.5
2021-02-26,Texas Southern Tigers,79.0,home,0.9426299213,19.2104195361,True,14.0,13.5
2021-02-26,Arkansas-Pine Bluff Golden Lions,65.0,away,0.0573700787,-19.2104195361,False,-14.0,-13.5
2021-02-26,Pepperdine Waves,74.0,home,0.5362296092,0.9620331708,False,-7.0,4.5
2021-02-26,Loyola Marymount Lions,81.0,away,0.4637703907999999,-0.9620331708,True,7.0,-4.5
2021-02-26,Sacramento State Hornets,73.0,home,0.2342624802,-7.4335557611,False,-9.0,-7.5
2021-02-26,Weber State Wildcats,82.0,away,0.7657375197999999,7.4335557611,True,9.0,7.5
2021-02-26,Jacksonville State Gamecocks,87.0,home,0.3510504016,-3.8613904132,True,13.0,-3.5
2021-02-26,Murray State Racers,74.0,away,0.6489495984,3.8613904132,False,-13.0,3.5
2021-02-26,Tennessee Tech Golden Eagles,81.0,home,0.1990254457,-8.887796829,True,5.0,-8.5
2021-02-26,Austin Peay Governors,76.0,away,0.8009745543,8.887796829,False,-5.0,8.5
2021-02-26,Idaho State Bengals,58.0,home,0.4926521251,-0.185325652,False,-6.0,-3.5
2021-02-26,Montana Grizzlies,64.0,away,0.5073478749,0.185325652,True,6.0,3.5
2021-02-26,Arizona Wildcats,69.0,home,0.8499816738,11.1950363068,True,16.0,7.5
2021-02-26,Washington State Cougars,53.0,away,0.1500183262,-11.1950363068,False,-16.0,-7.5
2021-02-26,Stanford Cardinal,68.0,home,0.5051733113,0.1354169933,False,-3.0,-3.5
2021-02-26,Oregon Ducks,71.0,away,0.4948266887000001,-0.1354169933,True,3.0,3.5
2021-02-26,Milwaukee Panthers,84.0,home,0.6738931865,4.9894207613,True,12.0,4.5
2021-02-26,IU Indianapolis Jaguars,72.0,away,0.3261068135,-4.9894207613,False,-12.0,-4.5
2021-02-26,Eastern Illinois Panthers,88.0,home,0.6696919175000001,4.6117154417,False,-6.0,5.5
2021-02-26,Southeast Missouri State Redhawks,94.0,away,0.3303080825,-4.6117154417,True,6.0,-5.5
2021-02-26,Minnesota Golden Gophers,59.0,home,0.655569617,4.3371578951,False,-8.0,4.5
2021-02-26,Northwestern Wildcats,67.0,away,0.3444303829999999,-4.3371578951,True,8.0,-4.5
2021-02-26,BYU Cougars,79.0,home,0.8763303694,12.9073798144,True,6.0,9.5
2021-02-26,San Francisco Dons,73.0,away,0.1236696306,-12.9073798144,False,-6.0,-9.5
2021-02-26,California Golden Bears,57.0,home,0.4084099895,-2.2003834616,False,-2.0,0.5
2021-02-26,Oregon State Beavers,59.0,away,0.5915900105,2.2003834616,True,2.0,-0.5
2021-02-26,Saint Mary's Gaels,58.0,home,0.7899811286,7.593602073,True,12.0,5.5
2021-02-26,Pacific Tigers,46.0,away,0.2100188714,-7.593602073,False,-12.0,-5.5
2021-02-20,Villanova Wildcats,68.0,home,0.7718557549,7.2415931849,True,8.0,7.5
2021-02-20,UConn Huskies,60.0,away,0.2281442451,-7.2415931849,False,-8.0,-7.5
2021-02-21,Gonzaga Bulldogs,106.0,home,0.9932186415,35.7300767791,True,37.0,32.5
2021-02-21,San Diego Toreros,69.0,away,0.0067813585,-35.7300767791,False,-37.0,-32.5
2021-02-20,South Carolina Gamecocks,78.0,home,0.4124912035999999,-2.5174833631,False,-15.0,-2.5
2021-02-20,Missouri Tigers,93.0,away,0.5875087964,2.5174833631,True,15.0,2.5
2021-02-20,Texas Longhorns,82.0,home,0.6211260724,3.2835024639,False,-2.0,2.5
2021-02-20,West Virginia Mountaineers,84.0,away,0.3788739276,-3.2835024639,True,2.0,-2.5
2021-02-20,Alabama Crimson Tide,82.0,home,0.9154860864,17.0020718192,True,4.0,13.5
2021-02-20,Vanderbilt Commodores,78.0,away,0.0845139136,-17.0020718192,False,-4.0,-13.5
2021-02-20,Iowa State Cyclones,56.0,home,0.1197037252,-13.1759400255,False,-10.0,-11.5
2021-02-20,Oklahoma Sooners,66.0,away,0.8802962747999998,13.1759400255,True,10.0,11.5
2021-02-21,Duke Blue Devils,66.0,home,0.365006497,-3.1368142903,True,1.0,-2.5
2021-02-21,Virginia Cavaliers,65.0,away,0.634993503,3.1368142903,False,-1.0,2.5
2021-02-20,Miami Hurricanes,60.0,home,0.3603705942,-3.6583579235,False,-27.0,-3.5
2021-02-20,Georgia Tech Yellow Jackets,87.0,away,0.6396294058,3.6583579235,True,27.0,3.5
2021-02-20,Kansas Jayhawks,67.0,home,0.4915021244,-0.2154269398,True,6.0,1.5
2021-02-20,Texas Tech Red Raiders,61.0,away,0.5084978756,0.2154269398,False,-6.0,-1.5
2021-02-20,Minnesota Golden Gophers,63.0,home,0.2623883503,-7.1267171457,False,-31.0,-3.5
2021-02-20,Illinois Fighting Illini,94.0,away,0.7376116497000001,7.1267171457,True,31.0,3.5
2021-02-20,Indiana Hoosiers,71.0,home,0.7454233946,6.8670729803,False,-7.0,6.5
2021-02-20,Michigan State Spartans,78.0,away,0.2545766054,-6.8670729803,True,7.0,-6.5
2021-02-20,USC Trojans,72.0,home,0.7381588223,6.6865181944,False,-9.0,5.5
2021-02-20,Arizona Wildcats,81.0,away,0.2618411777,-6.6865181944,True,9.0,-5.5
2021-02-20,Tennessee Volunteers,55.0,home,0.8376615395,10.4444378824,False,-15.0,7.5
2021-02-20,Kentucky Wildcats,70.0,away,0.1623384605,-10.4444378824,True,15.0,-7.5
2021-02-20,Pittsburgh Panthers,72.0,home,0.323134942,-4.9285381912,False,-7.0,-7.5
2021-02-20,Florida State Seminoles,79.0,away,0.676865058,4.9285381912,True,7.0,7.5
2021-02-21,Fresno State Bulldogs,57.0,home,0.0615986544999999,-16.5471825563,False,-18.0,-13.5
2021-02-21,San Diego State Aztecs,75.0,away,0.9384013455,16.5471825563,True,18.0,13.5
2021-02-20,Saint Joseph's Hawks,91.0,home,0.4055943211999999,-2.6169528405,True,9.0,-1.5
2021-02-20,La Salle Explorers,82.0,away,0.5944056788,2.6169528405,False,-9.0,1.5
2021-02-20,Tulane Green Wave,81.0,home,0.4547228837999999,-1.1199283035,False,-3.0,-1.5
2021-02-20,UCF Knights,84.0,away,0.5452771162,1.1199283035,True,3.0,1.5
2021-02-20,Charleston Cougars,86.0,home,0.9962166802,36.9561473768,True,3.0,0.0
2021-02-20,Columbus State Cougars,83.0,away,0.0037833198,-36.9561473768,False,-3.0,0.0
2021-02-20,American University Eagles,60.0,home,0.3517235809,-3.8356423762,False,-12.0,-2.5
2021-02-20,Navy Midshipmen,72.0,away,0.6482764191,3.8356423762,True,12.0,2.5
2021-02-20,Niagara Purple Eagles,64.0,home,0.3611753207,-3.3067632552,True,2.0,-4.5
2021-02-20,Siena Saints,62.0,away,0.6388246793,3.3067632552,False,-2.0,4.5
2021-02-20,UMass Lowell River Hawks,67.0,home,0.6350893862,3.479787768,False,-2.0,1.5
2021-02-20,New Hampshire Wildcats,69.0,away,0.3649106138,-3.479787768,True,2.0,-1.5
2021-02-20,Quinnipiac Bobcats,80.0,home,0.6314091908,3.59203629,True,16.0,3.5
2021-02-20,Rider Broncs,64.0,away,0.3685908092,-3.59203629,False,-16.0,-3.5
2021-02-20,Lehigh Mountain Hawks,47.0,home,0.2834174905,-5.5458829245,False,-28.0,-5.5
2021-02-20,Loyola Maryland Greyhounds,75.0,away,0.7165825094999999,5.5458829245,True,28.0,5.5
2021-02-20,Colgate Raiders,82.0,home,0.9436049804,18.4350031812,True,10.0,12.5
2021-02-20,Boston University Terriers,72.0,away,0.0563950196,-18.4350031812,False,-10.0,-12.5
2021-02-20,Fairleigh Dickinson Knights,76.0,home,0.5082077731,0.202335773,True,5.0,2.5
2021-02-20,Mount St. Mary's Mountaineers,71.0,away,0.4917922269,-0.202335773,False,-5.0,-2.5
2021-02-20,Mercer Bears,60.0,home,0.3705597166,-3.4682390257,False,-10.0,-3.5
2021-02-20,Furman Paladins,70.0,away,0.6294402834,3.4682390257,True,10.0,3.5
2021-02-20,Southern Utah Thunderbirds,77.0,home,0.7910406931,8.4490661091,True,20.0,7.5
2021-02-20,Sacramento State Hornets,57.0,away,0.2089593069,-8.4490661091,False,-20.0,-7.5
2021-02-20,Western Carolina Catamounts,56.0,home,0.2859948016,-5.9121833019,False,-24.0,-5.5
2021-02-20,Wofford Terriers,80.0,away,0.7140051984,5.9121833019,True,24.0,5.5
2021-02-20,The Citadel Bulldogs,75.0,home,0.4994140675,-0.0167055792,True,1.0,-3.5
2021-02-20,VMI Keydets,74.0,away,0.5005859325,0.0167055792,False,-1.0,3.5
2021-02-20,Loyola Marymount Lions,71.0,home,0.2809616932,-6.0124254242,False,-17.0,-7.5
2021-02-20,BYU Cougars,88.0,away,0.7190383068,6.0124254242,True,17.0,7.5
2021-02-20,Syracuse Orange,75.0,home,0.6924641348,5.3099610315,True,8.0,2.5
2021-02-20,Notre Dame Fighting Irish,67.0,away,0.3075358652,-5.3099610315,False,-8.0,-2.5
2021-02-20,Wake Forest Demon Deacons,62.0,home,0.3337056145,-4.4138184372,False,-18.0,0.5
2021-02-20,NC State Wolfpack,80.0,away,0.6662943855000001,4.4138184372,True,18.0,-0.5
2021-02-20,Florida A&M Rattlers,71.0,home,0.5652813177,1.7956489706,True,14.0,4.5
2021-02-20,North Carolina A&T Aggies,57.0,away,0.4347186823,-1.7956489706,False,-14.0,-4.5
2021-02-20,Kent State Golden Flashes,64.0,home,0.9443925077,18.4618457111,True,13.0,14.5
2021-02-20,Eastern Michigan Eagles,51.0,away,0.0556074923,-18.4618457111,False,-13.0,-14.5
2021-02-20,William & Mary Tribe,54.0,home,0.5158543543,0.4045006463,False,-21.0,2.5
2021-02-20,Elon Phoenix,75.0,away,0.4841456457,-0.4045006463,True,21.0,-2.5
2021-02-20,VCU Rams,76.0,home,0.8781482732000001,13.0120893902,False,-3.0,9.5
2021-02-20,George Mason Patriots,79.0,away,0.1218517268,-13.0120893902,True,3.0,-9.5
2021-02-20,Weber State Wildcats,74.0,home,0.9448392734,17.7268559804,True,22.0,13.5
2021-02-20,Northern Arizona Lumberjacks,52.0,away,0.0551607266,-17.7268559804,False,-22.0,-13.5
2021-02-20,Army Black Knights,69.0,home,0.8965801307,14.4533635994,True,4.0,10.5
2021-02-20,Holy Cross Crusaders,65.0,away,0.1034198693,-14.4533635994,False,-4.0,-10.5
2021-02-20,Idaho Vandals,40.0,home,0.2147086054,-8.5770356608,False,-31.0,-8.5
2021-02-20,Portland State Vikings,71.0,away,0.7852913946,8.5770356608,True,31.0,8.5
2021-02-20,Montana Grizzlies,76.0,home,0.3989678476,-2.6918490114,False,-14.0,-4.5
2021-02-20,Eastern Washington Eagles,90.0,away,0.6010321524,2.6918490114,True,14.0,4.5
2021-02-20,Florida Gators,70.0,home,0.8379657942000001,11.5688739179,True,7.0,8.5
2021-02-20,Georgia Bulldogs,63.0,away,0.1620342058,-11.5688739179,False,-7.0,-8.5
2021-02-20,Washington State Cougars,85.0,home,0.3655884387,-3.6844181255,True,9.0,-7.5
2021-02-20,Stanford Cardinal,76.0,away,0.6344115613,3.6844181255,False,-9.0,7.5
2021-02-20,LSU Tigers,104.0,home,0.777727513,8.7071455966,True,24.0,4.5
2021-02-20,Auburn Tigers,80.0,away,0.222272487,-8.7071455966,False,-24.0,-4.5
2021-02-20,Georgia State Panthers,65.0,home,0.8923998464,13.8928747187,True,12.0,9.5
2021-02-20,Troy Trojans,53.0,away,0.1076001536,-13.8928747187,False,-12.0,-9.5
2021-02-20,Richmond Spiders,79.0,home,0.7455208082,6.9406904195,True,7.0,8.5
2021-02-20,Duquesne Dukes,72.0,away,0.2544791918,-6.9406904195,False,-7.0,-8.5
2021-02-20,South Dakota Coyotes,86.0,home,0.5611492493,1.677126248,True,2.0,3.5
2021-02-20,Oral Roberts Golden Eagles,84.0,away,0.4388507507,-1.677126248,False,-2.0,-3.5
2021-02-20,UAlbany Great Danes,43.0,home,0.6669469289,4.5232692451,False,-16.0,5.5
2021-02-20,Stony Brook Seawolves,59.0,away,0.3330530711,-4.5232692451,True,16.0,-5.5
2021-02-20,Bryant Bulldogs,60.0,home,0.5627839397,1.8030903749,True,2.0,5.5
2021-02-20,Merrimack Warriors,58.0,away,0.4372160603,-1.8030903749,False,-2.0,-5.5
2021-02-20,NJIT Highlanders,63.0,home,0.8476148449,10.9006922125,False,-13.0,8.5
2021-02-20,Binghamton Bearcats,76.0,away,0.1523851551,-10.9006922125,True,13.0,-8.5
2021-02-20,App State Mountaineers,54.0,home,0.6436917597,3.5724799785,False,-2.0,3.5
2021-02-20,South Alabama Jaguars,56.0,away,0.3563082402999999,-3.5724799785,True,2.0,-3.5
2021-02-20,UAB Blazers,58.0,home,0.8393841212999998,10.5130089085,False,-7.0,6.5
2021-02-20,Old Dominion Monarchs,65.0,away,0.1606158787,-10.5130089085,True,7.0,-6.5
2021-02-20,St. Francis Brooklyn Terriers,88.0,home,0.5787709537,2.1564656155,True,12.0,4.5
2021-02-20,Sacred Heart Pioneers,76.0,away,0.4212290463,-2.1564656155,False,-12.0,-4.5
2021-02-20,Portland Pilots,58.0,home,0.1367729664,-11.8164088996,False,-22.0,-13.5
2021-02-20,Pacific Tigers,80.0,away,0.8632270335999999,11.8164088996,True,22.0,13.5
2021-02-20,Stetson Hatters,82.0,home,0.7010600557,5.5153662586,False,-4.0,4.5
2021-02-20,Jacksonville Dolphins,86.0,away,0.2989399443,-5.5153662586,True,4.0,-4.5
2021-02-20,Fairfield Stags,66.0,home,0.2352064806,-7.4909317807,True,13.0,-5.5
2021-02-20,Canisius Golden Griffins,53.0,away,0.7647935194,7.4909317807,False,-13.0,5.5
2021-02-20,Youngstown State Penguins,77.0,home,0.6276536741,3.4540642581,True,7.0,6.5
2021-02-20,IU Indianapolis Jaguars,70.0,away,0.3723463258999999,-3.4540642581,False,-7.0,-6.5
2021-02-20,Northern Kentucky Norse,71.0,home,0.1427009905,-10.997039081,False,-6.0,-9.5
2021-02-20,Wright State Raiders,77.0,away,0.8572990095,10.997039081,True,6.0,9.5
2021-02-20,Detroit Mercy Titans,80.0,home,0.8330227489,10.262419762,True,19.0,8.5
2021-02-20,Robert Morris Colonials,61.0,away,0.1669772511,-10.262419762,False,-19.0,-8.5
2021-02-20,Milwaukee Panthers,89.0,home,0.6698391505,4.7445870328,True,2.0,1.5
2021-02-20,Oakland Golden Grizzlies,87.0,away,0.3301608495,-4.7445870328,False,-2.0,-1.5
2021-02-20,Purdue Fort Wayne Mastodons,55.0,home,0.3723840474,-3.3855009483,False,-12.0,-3.5
2021-02-20,Cleveland State Vikings,67.0,away,0.6276159526,3.3855009483,True,12.0,3.5
2021-02-20,Tennessee State Tigers,76.0,home,0.2150671671,-8.5589175353,False,-1.0,-7.5
2021-02-20,Jacksonville State Gamecocks,77.0,away,0.7849328329,8.5589175353,True,1.0,7.5
2021-02-20,UT Martin Skyhawks,69.0,home,0.1007163026,-13.3884119631,False,-10.0,-12.5
2021-02-20,Morehead State Eagles,79.0,away,0.8992836974,13.3884119631,True,10.0,12.5
2021-02-20,Texas A&M-Corpus Christi Islanders,77.0,home,0.4756101822,-0.645032155,True,9.0,1.5
2021-02-20,Lamar Cardinals,68.0,away,0.5243898178,0.645032155,False,-9.0,-1.5
2021-02-20,Nebraska Cornhuskers,58.0,home,0.2375681496,-7.7131402613,False,-17.0,-7.5
2021-02-20,Purdue Boilermakers,75.0,away,0.7624318504,7.7131402613,True,17.0,7.5
2021-02-20,Georgetown Hoyas,81.0,home,0.3103098669,-5.2598286131,True,6.0,-4.5
2021-02-20,Seton Hall Pirates,75.0,away,0.6896901331,5.2598286131,False,-6.0,4.5
2021-02-20,Santa Clara Broncos,86.0,home,0.4270345146,-1.8954821626,True,4.0,-3.5
2021-02-20,Pepperdine Waves,82.0,away,0.5729654854,1.8954821626,False,-4.0,3.5
2021-02-20,Austin Peay Governors,69.0,home,0.7687121704,7.6973496715,False,-7.0,7.5
2021-02-20,Eastern Illinois Panthers,76.0,away,0.2312878296,-7.6973496715,True,7.0,-7.5
2021-02-20,Nicholls Colonels,79.0,home,0.8496197951,12.4777784432,True,11.0,11.5
2021-02-20,Central Arkansas Bears,68.0,away,0.1503802049,-12.4777784432,False,-11.0,-11.5
2021-02-20,Belmont Bruins,90.0,home,0.9690298242,22.9435049498,True,24.0,20.5
2021-02-20,Tennessee Tech Golden Eagles,66.0,away,0.0309701758,-22.9435049498,False,-24.0,-20.5
2021-02-20,Ole Miss Rebels,56.0,home,0.6711356207,4.3600268997,False,-10.0,7.5
2021-02-20,Mississippi State Bulldogs,66.0,away,0.3288643793,-4.3600268997,True,10.0,-7.5
2021-02-20,TCU Horned Frogs,54.0,home,0.8592156957,11.0996291007,False,-8.0,6.5
2021-02-20,Kansas State Wildcats,62.0,away,0.1407843043,-11.0996291007,True,8.0,-6.5
2021-02-20,Southeast Missouri State Redhawks,94.0,home,0.2263631316,-9.1347975456,True,22.0,-5.5
2021-02-20,Eastern Kentucky Colonels,72.0,away,0.7736368684,9.1347975456,False,-22.0,5.5
2021-02-20,North Carolina Tar Heels,99.0,home,0.6234510542,3.2867919629,True,45.0,4.5
2021-02-20,Louisville Cardinals,54.0,away,0.3765489458,-3.2867919629,False,-45.0,-4.5
2021-02-21,Iona Gaels,88.0,home,0.4812974151,-0.5400559668,True,23.0,1.5
2021-02-21,Monmouth Hawks,65.0,away,0.5187025849,0.5400559668,False,-23.0,-1.5
2021-02-20,UNC Greensboro Spartans,60.0,home,0.769624863,7.7839747033,True,5.0,6.5
2021-02-20,Chattanooga Mocs,55.0,away,0.230375137,-7.7839747033,False,-5.0,-6.5
2021-02-20,Northern Illinois Huskies,64.0,home,0.2501087106,-6.4644046537,False,-5.0,-5.5
2021-02-20,Miami (OH) RedHawks,69.0,away,0.7498912894,6.4644046537,True,5.0,5.5
2021-02-21,Wagner Seahawks,67.0,home,0.7000069828,5.2460148127,True,15.0,5.5
2021-02-21,Saint Francis Red Flash,52.0,away,0.2999930172,-5.2460148127,False,-15.0,-5.5
2021-02-21,Cal State Northridge Matadors,88.0,home,0.3393951749,-4.34376886,True,8.0,-3.5
2021-02-21,Hawai'i Rainbow Warriors,80.0,away,0.6606048251,4.34376886,False,-8.0,3.5
2021-02-21,Long Island University Sharks,87.0,home,0.8079592437999998,10.2418459863,True,13.0,10.5
2021-02-21,Central Connecticut Blue Devils,74.0,away,0.1920407562,-10.2418459863,False,-13.0,-10.5
2021-02-21,Long Beach State Beach,74.0,home,0.7723993993,8.3517166135,True,5.0,7.5
2021-02-21,Cal Poly Mustangs,69.0,away,0.2276006007,-8.3517166135,False,-5.0,-7.5
2021-02-21,St. John's Red Storm,83.0,home,0.8200414391000002,10.7795338244,False,-5.0,10.5
2021-02-21,DePaul Blue Demons,88.0,away,0.1799585609,-10.7795338244,True,5.0,-10.5
2021-02-21,Kansas City Roos,80.0,home,0.9493282618,18.3644044277,True,11.0,9.5
2021-02-21,Denver Pioneers,69.0,away,0.0506717382,-18.3644044277,False,-11.0,-9.5
2021-02-21,Saint Peter's Peacocks,50.0,home,0.723153729,6.0158854003,False,-1.0,7.5
2021-02-21,Marist Red Foxes,51.0,away,0.276846271,-6.0158854003,True,1.0,-7.5
2021-02-21,Omaha Mavericks,69.0,home,0.6077126256,2.9582495706,False,-12.0,1.5
2021-02-21,North Dakota Fighting Hawks,81.0,away,0.3922873744,-2.9582495706,True,12.0,-1.5
2021-02-21,Lipscomb Bisons,77.0,home,0.8568092961000001,11.2486306192,True,14.0,11.5
2021-02-21,Kennesaw State Owls,63.0,away,0.1431907039,-11.2486306192,False,-14.0,-11.5
2021-02-21,Oregon State Beavers,57.0,home,0.1895247569999999,-8.8806393837,False,-4.0,-6.5
2021-02-21,Colorado Buffaloes,61.0,away,0.810475243,8.8806393837,True,4.0,6.5
2021-02-21,Cal State Fullerton Titans,67.0,home,0.1821917456,-9.4569173576,True,3.0,-9.5
2021-02-21,UC Irvine Anteaters,64.0,away,0.8178082544,9.4569173576,False,-3.0,9.5
2021-02-21,North Dakota State Bison,84.0,home,0.3764680021,-3.1886838626,True,2.0,1.5
2021-02-21,South Dakota State Jackrabbits,82.0,away,0.6235319979,3.1886838626,False,-2.0,-1.5
2021-02-21,UC San Diego Tritons,83.0,home,0.1230612035,-12.5942852315,True,1.0,-7.5
2021-02-21,UC Riverside Highlanders,82.0,away,0.8769387965,12.5942852315,False,-1.0,7.5
2021-02-21,Murray State Racers,89.0,home,0.9411698794,17.9710565921,True,27.0,18.5
2021-02-21,SIU Edwardsville Cougars,62.0,away,0.0588301206,-17.9710565921,False,-27.0,-18.5
2021-02-21,Grand Canyon Lopes,62.0,home,0.8688350407000001,11.9663179334,False,-3.0,9.5
2021-02-21,California Baptist Lancers,65.0,away,0.1311649593,-11.9663179334,True,3.0,-9.5
2021-02-21,Washington Huskies,62.0,home,0.5396245475,1.0171253636,True,11.0,1.5
2021-02-21,California Golden Bears,51.0,away,0.4603754525,-1.0171253636,False,-11.0,-1.5
2021-02-21,UIC Flames,59.0,home,0.6449537079,3.8546141691,False,-10.0,1.5
2021-02-21,Green Bay Phoenix,69.0,away,0.3550462921,-3.8546141691,True,10.0,-1.5
2021-02-21,Oregon Ducks,67.0,home,0.764074715,7.5085046213,True,3.0,9.5
2021-02-21,Utah Utes,64.0,away,0.235925285,-7.5085046213,False,-3.0,-9.5
2021-02-21,Utah Tech Trailblazers,64.0,home,0.21201602,-8.9617034949,True,16.0,-2.5
2021-02-21,Tarleton State Texans,48.0,away,0.78798398,8.9617034949,False,-16.0,2.5
2021-02-21,UC Santa Barbara Gauchos,63.0,home,0.7880901981000001,7.7643140374,True,19.0,7.5
2021-02-21,Cal State Bakersfield Roadrunners,44.0,away,0.2119098019,-7.7643140374,False,-19.0,-7.5
2021-02-21,New Mexico State Aggies,67.0,home,0.776710161,7.8340902657,True,7.0,8.5
2021-02-21,Utah Valley Wolverines,60.0,away,0.2232898389999999,-7.8340902657,False,-7.0,-8.5
2021-02-21,UCLA Bruins,80.0,home,0.7982989652000001,9.0198272969,True,1.0,7.5
2021-02-21,Arizona State Sun Devils,79.0,away,0.2017010348,-9.0198272969,False,-1.0,-7.5
2021-02-26,Stetson Hatters,74.0,home,0.7021227951,5.4869748867,False,-5.0,5.5
2021-02-26,North Florida Ospreys,79.0,away,0.2978772049,-5.4869748867,True,5.0,-5.5
2021-02-26,Saint Peter's Peacocks,66.0,home,0.8357926878,10.5452764531,True,14.0,9.5
2021-02-26,Rider Broncs,52.0,away,0.1642073122,-10.5452764531,False,-14.0,-9.5
2021-02-26,Central Connecticut Blue Devils,83.0,home,0.187073849,-9.1894555425,True,6.0,-9.5
2021-02-26,Wagner Seahawks,77.0,away,0.8129261509999999,9.1894555425,False,-6.0,9.5
2021-02-26,Merrimack Warriors,75.0,home,0.617249057,3.070899621,True,8.0,2.5
2021-02-26,St. Francis Brooklyn Terriers,67.0,away,0.382750943,-3.070899621,False,-8.0,-2.5
2021-02-27,Sacred Heart Pioneers,70.0,home,0.4790702485,-0.5618203167,True,6.0,-1.5
2021-02-27,Fairleigh Dickinson Knights,64.0,away,0.5209297515,0.5618203167,False,-6.0,1.5
2021-02-27,Evansville Purple Aces,81.0,home,0.2076067546,-7.8363933077,False,-9.0,-5.5
2021-02-27,Missouri State Bears,90.0,away,0.7923932454,7.8363933077,True,9.0,5.5
2021-02-27,Bradley Braves,71.0,home,0.2952178276,-5.3053470282,False,-9.0,-8.5
2021-02-27,Drake Bulldogs,80.0,away,0.7047821724,5.3053470282,True,9.0,8.5
2021-02-26,Siena Saints,74.0,home,0.8477130037,10.4021007687,True,5.0,8.5
2021-02-26,Manhattan Jaspers,69.0,away,0.1522869963,-10.4021007687,False,-5.0,-8.5
2021-02-27,Loyola Chicago Ramblers,60.0,home,0.9793888845,22.4806697845,True,8.0,18.5
2021-02-27,Southern Illinois Salukis,52.0,away,0.0206111154999999,-22.4806697845,False,-8.0,-18.5
2021-02-26,Georgia Southern Eagles,78.0,home,0.4407459509,-1.4543239157,False,-6.0,1.5
2021-02-26,App State Mountaineers,84.0,away,0.5592540491,1.4543239157,True,6.0,-1.5
2021-02-26,Bryant Bulldogs,63.0,home,0.7737603115,9.7863297497,True,3.0,5.5
2021-02-26,Long Island University Sharks,60.0,away,0.2262396885,-9.7863297497,False,-3.0,-5.5
2021-02-27,Penn State Nittany Lions,52.0,home,0.5220301285,0.6101669094,False,-21.0,1.5
2021-02-27,Purdue Boilermakers,73.0,away,0.4779698715,-0.6101669094,True,21.0,-1.5
2021-02-26,Cal Poly Mustangs,61.0,home,0.2416411904,-7.5998111275,False,-8.0,-6.5
2021-02-26,UC Davis Aggies,69.0,away,0.7583588096,7.5998111275,True,8.0,6.5
2021-02-26,Denver Pioneers,76.0,home,0.3851238903,-3.2130715899,False,-4.0,1.5
2021-02-26,Omaha Mavericks,80.0,away,0.6148761097,3.2130715899,True,4.0,-1.5
2021-02-26,James Madison Dukes,78.0,home,0.6063594136,2.8076434367,False,-6.0,1.5
2021-02-26,Drexel Dragons,84.0,away,0.3936405863999999,-2.8076434367,True,6.0,-1.5
2021-02-26,St. Bonaventure Bonnies,88.0,home,0.9157525852,14.9569984973,True,47.0,13.5
2021-02-26,George Washington Revolutionaries,41.0,away,0.0842474148,-14.9569984973,False,-47.0,-13.5
2021-02-26,Kennesaw State Owls,80.0,home,0.2689259349,-6.7244923485,True,17.0,-3.5
2021-02-26,Florida Gulf Coast Eagles,63.0,away,0.7310740651,6.7244923485,False,-17.0,3.5
2021-02-26,Cincinnati Bearcats,91.0,home,0.7436528046,7.6102325022,True,20.0,6.5
2021-02-26,Tulane Green Wave,71.0,away,0.2563471954,-7.6102325022,False,-20.0,-6.5
2021-02-27,Valparaiso Beacons,43.0,home,0.3607428792,-3.6720095168,False,-15.0,-1.5
2021-02-27,Indiana State Sycamores,58.0,away,0.6392571208,3.6720095168,True,15.0,1.5
2021-02-26,Texas State Bobcats,58.0,home,0.8312743947,9.4064615784,True,9.0,9.5
2021-02-26,UL Monroe Warhawks,49.0,away,0.1687256053,-9.4064615784,False,-9.0,-9.5
2021-02-27,UT Arlington Mavericks,73.0,home,0.6892582205,5.2393518132,True,2.0,4.5
2021-02-27,Arkansas State Red Wolves,71.0,away,0.3107417795,-5.2393518132,False,-2.0,-4.5
2021-02-27,Troy Trojans,59.0,home,0.2351110936,-7.74019301,False,-16.0,-6.5
2021-02-27,Coastal Carolina Chanticleers,75.0,away,0.7648889064,7.74019301,True,16.0,6.5
2021-02-27,Old Dominion Monarchs,67.0,home,0.8141827406000001,9.5658393798,True,6.0,10.5
2021-02-27,Middle Tennessee Blue Raiders,61.0,away,0.1858172594,-9.5658393798,False,-6.0,-10.5
2021-02-27,Akron Zips,71.0,home,0.6318568404,3.6170616275,False,-12.0,4.5
2021-02-27,Bowling Green Falcons,83.0,away,0.3681431596,-3.6170616275,True,12.0,-4.5
2021-02-27,Saint Louis Billikens,72.0,home,0.6335290981,3.560850006,True,5.0,5.5
2021-02-27,Richmond Spiders,67.0,away,0.3664709019,-3.560850006,False,-5.0,-5.5
2021-02-27,Marshall Thundering Herd,65.0,home,0.6550842127,4.1841205358,False,-12.0,2.5
2021-02-27,North Texas Mean Green,77.0,away,0.3449157873,-4.1841205358,True,12.0,-2.5
2021-02-27,Little Rock Trojans,61.0,home,0.6244042625,3.339114867,False,-5.0,-1.5
2021-02-27,Louisiana Ragin' Cajuns,66.0,away,0.3755957375000001,-3.339114867,True,5.0,1.5
2021-02-27,South Dakota State Jackrabbits,67.0,home,0.7404090864,6.6399234656,True,18.0,9.5
2021-02-27,Kansas City Roos,49.0,away,0.2595909136,-6.6399234656,False,-18.0,-9.5
2021-02-27,UC Irvine Anteaters,80.0,home,0.9334768937,17.0699534308,True,25.0,11.5
2021-02-27,UC San Diego Tritons,55.0,away,0.0665231063,-17.0699534308,False,-25.0,-11.5
2021-02-27,UTSA Roadrunners,57.0,home,0.2204764134,-8.6294243686,False,-7.0,-3.5
2021-02-27,UAB Blazers,64.0,away,0.7795235866,8.6294243686,True,7.0,3.5
2021-02-27,Northern Arizona Lumberjacks,62.0,home,0.1391941598,-11.6363723598,False,-30.0,-7.5
2021-02-27,Southern Utah Thunderbirds,92.0,away,0.8608058401999998,11.6363723598,True,30.0,7.5
2021-02-27,Utah Valley Wolverines,78.0,home,0.5276111198,0.7854869216,True,4.0,2.5
2021-02-27,UT Rio Grande Valley Vaqueros,74.0,away,0.4723888802,-0.7854869216,False,-4.0,-2.5
2021-02-27,Seattle U Redhawks,63.0,home,0.1938301133,-8.7806947062,True,6.0,-4.5
2021-02-27,Grand Canyon Lopes,57.0,away,0.8061698867,8.7806947062,False,-6.0,4.5
2021-02-27,Southern Miss Golden Eagles,60.0,home,0.4584607117,-1.154160474,False,-9.0,-1.5
2021-02-27,Florida Atlantic Owls,69.0,away,0.5415392883,1.154160474,True,9.0,1.5
2021-02-27,Tarleton State Texans,51.0,home,0.4708193571,-0.6962665455,False,-27.0,-7.5
2021-02-27,New Mexico State Aggies,78.0,away,0.5291806429,0.6962665455,True,27.0,7.5
2021-02-27,Louisiana Tech Bulldogs,101.0,home,0.856058938,12.0970274003,True,44.0,12.5
2021-02-27,Rice Owls,57.0,away,0.143941062,-12.0970274003,False,-44.0,-12.5
2021-02-27,Illinois State Redbirds,56.0,home,0.4522760951,-1.2897099931,False,-14.0,-4.5
2021-02-27,Northern Iowa Panthers,70.0,away,0.5477239049,1.2897099931,True,14.0,4.5
2021-02-27,Utah State Aggies,75.0,home,0.7922898597,8.9885052788,True,3.0,8.5
2021-02-27,Nevada Wolf Pack,72.0,away,0.2077101403,-8.9885052788,False,-3.0,-8.5
2021-02-27,South Alabama Jaguars,81.0,home,0.3253073532,-4.73291459,False,-3.0,-2.5
2021-02-27,Georgia State Panthers,84.0,away,0.6746926468,4.73291459,True,3.0,2.5
2021-02-27,Idaho Vandals,74.0,home,0.1068119306,-13.7429774157,True,5.0,-12.5
2021-02-27,Montana State Bobcats,69.0,away,0.8931880694000001,13.7429774157,False,-5.0,12.5
2021-02-27,Cal State Bakersfield Roadrunners,84.0,home,0.8521461270999999,11.0606801592,True,26.0,8.5
2021-02-27,Cal State Northridge Matadors,58.0,away,0.1478538729,-11.0606801592,False,-26.0,-8.5
2021-02-27,UNLV Rebels,68.0,home,0.8107448137,8.5681871359,True,1.0,5.5
2021-02-27,Fresno State Bulldogs,67.0,away,0.1892551863,-8.5681871359,False,-1.0,-5.5
2021-02-27,Hawai'i Rainbow Warriors,78.0,home,0.8035820615999999,9.5011677441,True,2.0,6.5
2021-02-27,Long Beach State Beach,76.0,away,0.1964179384,-9.5011677441,False,-2.0,-6.5
2021-02-27,UC Riverside Highlanders,68.0,home,0.3448392995,-3.9256685247,False,-4.0,-2.5
2021-02-27,UC Santa Barbara Gauchos,72.0,away,0.6551607005,3.9256685247,True,4.0,2.5
2021-02-28,Hartford Hawks,83.0,home,0.5438597389,1.1305048963,True,6.0,1.5
2021-02-28,UAlbany Great Danes,77.0,away,0.4561402611,-1.1305048963,False,-6.0,-1.5
2021-02-28,Ohio State Buckeyes,57.0,home,0.4750391297,-0.6507431629,False,-16.0,2.5
2021-02-28,Iowa Hawkeyes,73.0,away,0.5249608703,0.6507431629,True,16.0,-2.5
2021-02-28,UTEP Miners,77.0,home,0.7246131716,5.5888213709,True,15.0,5.5
2021-02-28,Charlotte 49ers,62.0,away,0.2753868284,-5.5888213709,False,-15.0,-5.5
2021-02-28,American University Eagles,81.0,home,0.4931138871,-0.1834958814,True,13.0,4.5
2021-02-28,Bucknell Bison,68.0,away,0.5068861129,0.1834958814,False,-13.0,-4.5
2021-02-28,Army Black Knights,57.0,home,0.7218752517999999,6.0678977989,True,2.0,3.5
2021-02-28,Boston University Terriers,55.0,away,0.2781247482,-6.0678977989,False,-2.0,-3.5
2021-02-28,South Carolina State Bulldogs,58.0,home,0.1733958675,-10.7827547514,False,-5.0,-7.5
2021-02-28,Florida A&M Rattlers,63.0,away,0.8266041325000001,10.7827547514,True,5.0,7.5
2021-02-28,Norfolk State Spartans,72.0,home,0.0,0.0,True,21.0,0.0
2021-02-28,St. Mary's (MD) Seahawks,51.0,away,0.0,0.0,False,-21.0,0.0
2021-02-28,Marist Red Foxes,76.0,home,0.5598034896,1.5589396729,True,9.0,2.5
2021-02-28,Quinnipiac Bobcats,67.0,away,0.4401965104,-1.5589396729,False,-9.0,-2.5
2021-02-28,Houston Cougars,98.0,home,0.9777283203,23.6582496711,True,46.0,18.5
2021-02-28,South Florida Bulls,52.0,away,0.0222716797,-23.6582496711,False,-46.0,-18.5
2021-02-28,Cincinnati Bearcats,74.0,home,0.3476670093,-4.4536466702,False,-6.0,-3.5
2021-02-28,Memphis Tigers,80.0,away,0.6523329907000001,4.4536466702,True,6.0,3.5
2021-02-28,Idaho Vandals,61.0,home,0.1358847544,-11.8726295529,False,-10.0,-10.5
2021-02-28,Montana State Bobcats,71.0,away,0.8641152456000001,11.8726295529,True,10.0,10.5
2021-02-28,Delaware State Hornets,74.0,home,0.2071448265,-10.4240633192,False,-20.0,-6.5
2021-02-28,Coppin State Eagles,94.0,away,0.7928551735,10.4240633192,True,20.0,6.5
2021-02-28,Maryland Terrapins,73.0,home,0.6596130142,4.1582486673,True,18.0,2.5
2021-02-28,Michigan State Spartans,55.0,away,0.3403869858,-4.1582486673,False,-18.0,-2.5
2021-02-28,New Hampshire Wildcats,64.0,home,0.5467951963,1.2122996065,False,-8.0,2.5
2021-02-28,UMass Lowell River Hawks,72.0,away,0.4532048037,-1.2122996065,True,8.0,-2.5
2021-02-28,Butler Bulldogs,73.0,home,0.1074629986,-12.3816803049,True,12.0,-11.5
2021-02-28,Villanova Wildcats,61.0,away,0.8925370014,12.3816803049,False,-12.0,11.5
2021-02-28,Western Kentucky Hilltoppers,91.0,home,0.94585061,19.3123734097,True,33.0,15.5
2021-02-28,Florida International Panthers,58.0,away,0.0541493899999999,-19.3123734097,False,-33.0,-15.5
2021-02-28,Oral Roberts Golden Eagles,95.0,home,0.8528605938,12.380846613,True,36.0,8.5
2021-02-28,Western Illinois Leathernecks,59.0,away,0.1471394062,-12.380846613,False,-36.0,-8.5
2021-02-28,Navy Midshipmen,66.0,home,0.7252828499,6.2733257004,True,8.0,3.5
2021-02-28,Loyola Maryland Greyhounds,58.0,away,0.2747171501,-6.2733257004,False,-8.0,-3.5
2021-02-28,NC State Wolfpack,65.0,home,0.7201113018,6.2184968393,True,3.0,6.5
2021-02-28,Pittsburgh Panthers,62.0,away,0.2798886982,-6.2184968393,False,-3.0,-6.5
2021-02-28,South Dakota Coyotes,77.0,home,0.5764286269,1.90622423,False,-12.0,-2.5
2021-02-28,North Dakota State Bison,89.0,away,0.4235713731,-1.90622423,True,12.0,2.5
2021-02-28,Lehigh Mountain Hawks,70.0,home,0.2556356668,-6.9918380578,False,-1.0,-3.5
2021-02-28,Lafayette Leopards,71.0,away,0.7443643332,6.9918380578,True,1.0,3.5
2021-03-01,Utah State Aggies,87.0,home,0.7738066462,8.2260704089,True,21.0,7.5
2021-03-01,Nevada Wolf Pack,66.0,away,0.2261933538,-8.2260704089,False,-21.0,-7.5
2021-03-02,West Virginia Mountaineers,89.0,home,0.2880948503,-6.0288861046,False,-5.0,-3.5
2021-03-02,Baylor Bears,94.0,away,0.7119051497,6.0288861046,True,5.0,3.5
2021-03-03,Alabama Crimson Tide,70.0,home,0.8256843698,11.4898445159,True,12.0,10.5
2021-03-03,Auburn Tigers,58.0,away,0.1743156302,-11.4898445159,False,-12.0,-10.5
2021-03-03,Cleveland State Vikings,108.0,home,0.7837857629,8.2699821063,True,4.0,7.5
2021-03-03,Purdue Fort Wayne Mastodons,104.0,away,0.2162142371,-8.2699821063,False,-4.0,-7.5
2021-03-03,Purdue Boilermakers,73.0,home,0.5472452316,1.1418383137,True,4.0,1.5
2021-03-03,Wisconsin Badgers,69.0,away,0.4527547684,-1.1418383137,False,-4.0,-1.5
2021-03-03,Texas Tech Red Raiders,69.0,home,0.9232638637,15.3277195518,True,20.0,12.5
2021-03-03,TCU Horned Frogs,49.0,away,0.0767361363,-15.3277195518,False,-20.0,-12.5
2021-03-03,Wagner Seahawks,74.0,home,0.6890139139,4.7158616172,True,7.0,4.5
2021-03-03,Merrimack Warriors,67.0,away,0.3109860861,-4.7158616172,False,-7.0,-4.5
2021-03-03,Wright State Raiders,92.0,home,0.9415300445,18.7018268142,False,-2.0,13.5
2021-03-03,Milwaukee Panthers,94.0,away,0.0584699555,-18.7018268142,True,2.0,-13.5
2021-03-03,Boise State Broncos,64.0,home,0.94462976,17.7590162656,False,-3.0,13.5
2021-03-03,Fresno State Bulldogs,67.0,away,0.0553702399999999,-17.7590162656,True,3.0,-13.5
2021-03-02,Central Michigan Chippewas,81.0,home,0.07359813,-17.6061238773,True,2.0,-17.5
2021-03-02,Toledo Rockets,79.0,away,0.92640187,17.6061238773,False,-2.0,17.5
2021-03-03,UCF Knights,73.0,home,0.6008840996,2.5008030177,True,4.0,3.5
2021-03-03,Tulsa Golden Hurricane,69.0,away,0.3991159004,-2.5008030177,False,-4.0,-3.5
2021-03-02,Buffalo Bulls,80.0,home,0.7510476515,7.2885215133,True,2.0,6.5
2021-03-02,Akron Zips,78.0,away,0.2489523485,-7.2885215133,False,-2.0,-6.5
2021-03-03,Ball State Cardinals,100.0,home,0.8193697922,10.1609038896,True,35.0,7.5
2021-03-03,Eastern Michigan Eagles,65.0,away,0.1806302078,-10.1609038896,False,-35.0,-7.5
2021-03-03,Northern Kentucky Norse,70.0,home,0.4328517919,-1.6686878414,True,1.0,-1.5
2021-03-03,Detroit Mercy Titans,69.0,away,0.5671482081,1.6686878414,False,-1.0,1.5
2021-03-03,Michigan Wolverines,53.0,home,0.6598037617999999,4.3994349698,False,-23.0,7.5
2021-03-03,Illinois Fighting Illini,76.0,away,0.3401962382,-4.3994349698,True,23.0,-7.5
2021-03-03,Georgetown Hoyas,72.0,home,0.3995420917,-2.6409378189,True,6.0,-2.5
2021-03-03,Xavier Musketeers,66.0,away,0.6004579083,2.6409378189,False,-6.0,2.5
2021-03-03,Iowa State Cyclones,67.0,home,0.1435613542,-11.8723937417,False,-14.0,-12.5
2021-03-03,Texas Longhorns,81.0,away,0.8564386458,11.8723937417,True,14.0,12.5
2021-03-03,Northern Illinois Huskies,63.0,home,0.3738123309,-3.0905772631,False,-10.0,1.5
2021-03-03,Western Michigan Broncos,73.0,away,0.6261876691,3.0905772631,True,10.0,-1.5
2021-03-02,South Carolina Gamecocks,73.0,home,0.2459509558,-8.3139469448,False,-28.0,-6.5
2021-03-02,Arkansas Razorbacks,101.0,away,0.7540490442,8.3139469448,True,28.0,6.5
2021-03-02,Pittsburgh Panthers,70.0,home,0.8116692409000001,9.3696238413,True,13.0,4.5
2021-03-02,Wake Forest Demon Deacons,57.0,away,0.1883307590999999,-9.3696238413,False,-13.0,-4.5
2021-03-02,New Mexico State Aggies,69.0,home,0.6977624527999999,5.4011658191,True,18.0,8.5
2021-03-02,UT Rio Grande Valley Vaqueros,51.0,away,0.3022375472,-5.4011658191,False,-18.0,-8.5
2021-03-03,LSU Tigers,83.0,home,0.8705938917,12.7849006944,True,15.0,14.5
2021-03-03,Vanderbilt Commodores,68.0,away,0.1294061083,-12.7849006944,False,-15.0,-14.5
2021-03-03,Bowling Green Falcons,79.0,home,0.7631911559,7.4716885752,False,-5.0,6.5
2021-03-03,Miami (OH) RedHawks,84.0,away,0.2368088441,-7.4716885752,True,5.0,-6.5
2021-03-03,South Florida Bulls,52.0,home,0.2069519202,-9.0721135952,False,-21.0,-9.5
2021-03-03,Memphis Tigers,73.0,away,0.7930480798,9.0721135952,True,21.0,9.5
2021-03-03,Ole Miss Rebels,70.0,home,0.633581203,3.4304123187,True,8.0,3.5
2021-03-03,Kentucky Wildcats,62.0,away,0.366418797,-3.4304123187,False,-8.0,-3.5
2021-03-03,Oakland Golden Grizzlies,87.0,home,0.5461049215,1.2106608186,True,4.0,3.5
2021-03-03,Youngstown State Penguins,83.0,away,0.4538950785,-1.2106608186,False,-4.0,-3.5
2021-03-03,Georgia Tech Yellow Jackets,81.0,home,0.5449723046,1.1609333114,True,4.0,1.5
2021-03-03,Duke Blue Devils,77.0,away,0.4550276953999999,-1.1609333114,False,-4.0,-1.5
2021-03-03,Michigan State Spartans,64.0,home,0.4684048054,-0.7995643891,True,6.0,3.5
2021-03-03,Indiana Hoosiers,58.0,away,0.5315951946,0.7995643891,False,-6.0,-3.5
2021-03-03,DePaul Blue Demons,71.0,home,0.3570406037,-3.8409065912,False,-6.0,-5.5
2021-03-03,Marquette Golden Eagles,77.0,away,0.6429593962999999,3.8409065912,True,6.0,5.5
2021-03-01,St. Bonaventure Bonnies,52.0,home,0.7927936239000001,7.8611296293,False,-3.0,7.5
2021-03-01,Dayton Flyers,55.0,away,0.2072063761,-7.8611296293,True,3.0,-7.5
2021-03-02,Oklahoma State Cowboys,79.0,home,0.4264670428999999,-2.0001170884,True,4.0,-2.5
2021-03-02,Oklahoma Sooners,75.0,away,0.5735329571,2.0001170884,False,-4.0,2.5
2021-03-01,Virginia Cavaliers,62.0,home,0.9493679353,16.5054713295,True,11.0,14.5
2021-03-01,Miami Hurricanes,51.0,away,0.0506320647,-16.5054713295,False,-11.0,-14.5
2021-03-01,Winthrop Eagles,83.0,home,0.917800874,16.4946739174,True,29.0,13.5
2021-03-01,High Point Panthers,54.0,away,0.0821991259999999,-16.4946739174,False,-29.0,-13.5
2021-03-01,Central Arkansas Bears,66.0,home,0.2171934905,-8.9465062874,False,-13.0,-12.5
2021-03-01,Stephen F. Austin Lumberjacks,79.0,away,0.7828065095,8.9465062874,True,13.0,12.5
2021-03-02,Nebraska Cornhuskers,72.0,home,0.2833745814,-6.3296317447,True,21.0,-7.5
2021-03-02,Rutgers Scarlet Knights,51.0,away,0.7166254186,6.3296317447,False,-21.0,7.5
2021-03-01,Saint Louis Billikens,78.0,home,0.8461398242,11.6346566058,True,21.0,10.5
2021-03-01,Massachusetts Minutemen,57.0,away,0.1538601758,-11.6346566058,False,-21.0,-10.5
2021-03-02,Syracuse Orange,72.0,home,0.5446250084,1.2505508559,True,2.0,-2.5
2021-03-02,North Carolina Tar Heels,70.0,away,0.4553749916,-1.2505508559,False,-2.0,2.5
2021-03-02,Campbell Fighting Camels,63.0,home,0.4618664385,-0.9202887233,True,6.0,1.5
2021-03-02,Gardner-Webb Runnin' Bulldogs,57.0,away,0.5381335615,0.9202887233,False,-6.0,-1.5
2021-03-02,Houston Christian Huskies,70.0,home,0.1515944063,-12.346827133,False,-13.0,-10.5
2021-03-02,Sam Houston Bearkats,83.0,away,0.8484055937000001,12.346827133,True,13.0,10.5
2021-03-01,Western Kentucky Hilltoppers,71.0,home,0.9560676917,20.8311181753,True,12.0,16.5
2021-03-01,Florida International Panthers,59.0,away,0.0439323083,-20.8311181753,False,-12.0,-16.5
2021-03-02,UNC Asheville Bulldogs,61.0,home,0.7340445133,6.4055469553,False,-16.0,2.5
2021-03-02,Longwood Lancers,77.0,away,0.2659554867,-6.4055469553,True,16.0,-2.5
2021-03-02,Jackson State Tigers,64.0,home,0.9007858261,14.59392014,True,6.0,10.5
2021-03-02,Arkansas-Pine Bluff Golden Lions,58.0,away,0.0992141739,-14.59392014,False,-6.0,-10.5
2021-03-01,Marist Red Foxes,65.0,home,0.5800453384,2.0967530351,True,13.0,1.5
2021-03-01,Quinnipiac Bobcats,52.0,away,0.4199546616,-2.0967530351,False,-13.0,-1.5
2021-03-02,Nicholls Colonels,87.0,home,0.8776301383,13.0258237923,True,16.0,9.5
2021-03-02,Northwestern State Demons,71.0,away,0.1223698617,-13.0258237923,False,-16.0,-9.5
2021-03-01,Radford Highlanders,67.0,home,0.7900879522,8.2812328861,True,15.0,7.5
2021-03-01,Hampton Pirates,52.0,away,0.2099120478,-8.2812328861,False,-15.0,-7.5
2021-03-01,Richmond Spiders,73.0,home,0.9516930257,20.3555743741,False,-3.0,14.5
2021-03-01,Saint Joseph's Hawks,76.0,away,0.0483069743,-20.3555743741,True,3.0,-14.5
2021-03-02,Incarnate Word Cardinals,72.0,home,0.4232151486,-2.0263310059,False,-16.0,-2.5
2021-03-02,New Orleans Privateers,88.0,away,0.5767848514,2.0263310059,True,16.0,2.5
2021-03-02,Lamar Cardinals,66.0,home,0.7140224009,6.002313071,True,19.0,6.5
2021-03-02,Texas A&M-Corpus Christi Islanders,47.0,away,0.2859775991,-6.002313071,False,-19.0,-6.5
2021-03-02,Mississippi Valley State Delta Devils,67.0,home,0.0351384237,-22.3701383325,True,4.0,-18.5
2021-03-02,Grambling Tigers,63.0,away,0.9648615763,22.3701383325,False,-4.0,18.5
2021-03-02,Alabama State Hornets,67.0,home,0.1303515945,-12.1245933775,False,-3.0,-12.5
2021-03-02,Prairie View A&M Panthers,70.0,away,0.8696484055,12.1245933775,True,3.0,12.5
2021-03-02,Oregon Ducks,80.0,home,0.6818919506000001,4.5526532777,True,11.0,3.5
2021-03-02,Arizona Wildcats,69.0,away,0.3181080494,-4.5526532777,False,-11.0,-3.5
2021-03-02,Alabama A&M Bulldogs,58.0,home,0.2818991205,-6.4078697416,False,-10.0,-7.5
2021-03-02,Texas Southern Tigers,68.0,away,0.7181008795,6.4078697416,True,10.0,7.5
2021-03-02,Colorado State Rams,74.0,home,0.9817095974,24.5545970204,True,30.0,18.5
2021-03-02,Air Force Falcons,44.0,away,0.0182904026,-24.5545970204,False,-30.0,-18.5
2021-03-04,Florida State Seminoles,93.0,home,0.9339631986,17.672052483,True,29.0,18.5
2021-03-04,Boston College Eagles,64.0,away,0.0660368014,-17.672052483,False,-29.0,-18.5
2021-03-04,Villanova Wildcats,72.0,home,0.6728517543,4.5382850884,True,12.0,5.5
2021-03-04,Creighton Bluejays,60.0,away,0.3271482456999999,-4.5382850884,False,-12.0,-5.5
2021-03-03,Florida Gators,70.0,home,0.7249814845,6.4739283673,False,-2.0,3.5
2021-03-03,Missouri Tigers,72.0,away,0.2750185155,-6.4739283673,True,2.0,-3.5
2021-03-03,George Washington Revolutionaries,53.0,home,0.7991870288,8.4141870057,True,4.0,7.5
2021-03-03,Fordham Rams,49.0,away,0.2008129712,-8.4141870057,False,-4.0,-7.5
2021-03-04,Boston University Terriers,69.0,home,0.8203948262,9.5896347213,True,11.0,6.5
2021-03-04,Lehigh Mountain Hawks,58.0,away,0.1796051738,-9.5896347213,False,-11.0,-6.5
2021-03-04,Penn State Nittany Lions,84.0,home,0.6818582972,5.220179729,True,19.0,4.5
2021-03-04,Minnesota Golden Gophers,65.0,away,0.3181417028,-5.220179729,False,-19.0,-4.5
2021-03-04,Belmont Bruins,78.0,home,0.9557176551,20.4375960667,True,17.0,18.5
2021-03-04,SIU Edwardsville Cougars,61.0,away,0.0442823449,-20.4375960667,False,-17.0,-18.5
2021-03-04,Utah Utes,70.0,home,0.6637310817,4.1535619769,False,-5.0,5.5
2021-03-04,Oregon State Beavers,75.0,away,0.3362689183,-4.1535619769,True,5.0,-5.5
2021-03-04,North Carolina Central Eagles,58.0,home,0.5536876596,1.3441444859,False,-7.0,3.5
2021-03-04,Florida A&M Rattlers,65.0,away,0.4463123404,-1.3441444859,True,7.0,-3.5
2021-03-03,Tulane Green Wave,70.0,home,0.3776414957,-3.2053576616,False,-8.0,-5.5
2021-03-03,Wichita State Shockers,78.0,away,0.6223585043,3.2053576616,True,8.0,5.5
2021-03-04,Notre Dame Fighting Irish,69.0,home,0.5205015919,0.5186915033,False,-11.0,2.5
2021-03-04,NC State Wolfpack,80.0,away,0.4794984081,-0.5186915033,True,11.0,-2.5
2021-03-03,Seton Hall Pirates,58.0,home,0.4775753214,-0.5543698233,False,-11.0,-1.5
2021-03-03,UConn Huskies,69.0,away,0.5224246786,0.5543698233,True,11.0,1.5
2021-03-04,Louisiana Tech Bulldogs,99.0,home,0.9993495408000002,52.392556661,True,33.0,0.0
2021-03-04,Our Lady Of The Lake Saints,66.0,away,0.0006504592,-52.392556661,False,-33.0,0.0
2021-03-04,Colorado State Rams,87.0,home,0.9663329304,21.8452935885,True,14.0,18.5
2021-03-04,New Mexico Lobos,73.0,away,0.0336670696,-21.8452935885,False,-14.0,-18.5
2021-03-03,Syracuse Orange,64.0,home,0.5902534395,2.3136574972,True,10.0,1.5
2021-03-03,Clemson Tigers,54.0,away,0.4097465605,-2.3136574972,False,-10.0,-1.5
2021-03-04,St. John's Red Storm,81.0,home,0.5480618144,1.3076847716,True,14.0,1.5
2021-03-04,Providence Friars,67.0,away,0.4519381856,-1.3076847716,False,-14.0,-1.5
2021-03-03,La Salle Explorers,66.0,home,0.5501067722,1.3969906093,False,-6.0,-2.5
2021-03-03,Saint Joseph's Hawks,72.0,away,0.4498932278,-1.3969906093,True,6.0,2.5
2021-03-03,Wagner Seahawks,64.0,home,0.6954615562,4.8797544874,True,5.0,4.5
2021-03-03,Merrimack Warriors,59.0,away,0.3045384438,-4.8797544874,False,-5.0,-4.5
2021-03-04,Sam Houston Bearkats,84.0,home,0.940549544,18.8170487342,True,23.0,15.5
2021-03-04,Texas A&M-Corpus Christi Islanders,61.0,away,0.059450456,-18.8170487342,False,-23.0,-15.5
2021-03-04,UNLV Rebels,62.0,home,0.1458844462,-10.5771239728,False,-9.0,-9.5
2021-03-04,San Diego State Aztecs,71.0,away,0.8541155538000001,10.5771239728,True,9.0,9.5
2021-03-04,New Orleans Privateers,92.0,home,0.6397635809,4.1020918515,True,9.0,5.5
2021-03-04,Northwestern State Demons,83.0,away,0.3602364190999999,-4.1020918515,False,-9.0,-5.5
2021-03-04,Texas A&M Aggies,57.0,home,0.2971939541,-5.0336382931,False,-6.0,-5.5
2021-03-04,Mississippi State Bulldogs,63.0,away,0.7028060459,5.0336382931,True,6.0,5.5
2021-03-04,USC Trojans,79.0,home,0.7775964274,8.1768754074,True,37.0,8.5
2021-03-04,Stanford Cardinal,42.0,away,0.2224035726,-8.1768754074,False,-37.0,-8.5
2021-03-04,Morehead State Eagles,61.0,home,0.7802362364,7.8794946751,True,7.0,7.5
2021-03-04,Southeast Missouri State Redhawks,54.0,away,0.2197637636,-7.8794946751,False,-7.0,-7.5
2021-03-04,Stephen F. Austin Lumberjacks,61.0,home,0.3858557929,-3.1413787417,False,-2.0,1.5
2021-03-04,Abilene Christian Wildcats,63.0,away,0.6141442071,3.1413787417,True,2.0,-1.5
2021-03-04,Central Arkansas Bears,88.0,home,0.6421625679,3.9982384887,True,17.0,1.5
2021-03-04,SE Louisiana Lions,71.0,away,0.3578374321,-3.9982384887,False,-17.0,-1.5
2021-03-04,Houston Christian Huskies,72.0,home,0.6081366577,2.8683853906,True,5.0,4.5
2021-03-04,Incarnate Word Cardinals,67.0,away,0.3918633423,-2.8683853906,False,-5.0,-4.5
2021-03-04,Oregon Ducks,82.0,home,0.6228513214,3.0024193164,True,8.0,5.5
2021-03-04,UCLA Bruins,74.0,away,0.3771486786,-3.0024193164,False,-8.0,-5.5
2021-03-04,Northwestern Wildcats,60.0,home,0.4176185239,-2.0612162625,True,5.0,-4.5
2021-03-04,Maryland Terrapins,55.0,away,0.5823814761,2.0612162625,False,-5.0,4.5
2021-03-04,Eastern Washington Eagles,63.0,home,0.8592083039,11.8108003314,False,-5.0,13.5
2021-03-04,Idaho State Bengals,68.0,away,0.1407916961,-11.8108003314,True,5.0,-13.5
2021-03-09,BYU Cougars,82.0,home,0.8309723298,10.6951954945,True,5.0,8.0
2021-03-09,Pepperdine Waves,77.0,away,0.1690276702,-10.6951954945,False,-5.0,-8.0
2021-03-09,Northeastern Huskies,67.0,home,0.4155252862,-2.057077385,False,-7.0,1.5
2021-03-09,Drexel Dragons,74.0,away,0.5844747138,2.057077385,True,7.0,-1.5
2021-03-09,South Dakota Coyotes,75.0,home,0.503201033,0.075178609,False,-4.0,-2.5
2021-03-09,North Dakota State Bison,79.0,away,0.496798967,-0.075178609,True,4.0,2.5
2021-03-09,Canisius Golden Griffins,76.0,home,0.7303012277,6.6290596216,False,-2.0,6.5
2021-03-09,Rider Broncs,78.0,away,0.2696987723,-6.6290596216,True,2.0,-6.5
2021-03-08,South Dakota State Jackrabbits,88.0,home,0.7123392857,6.3978649414,False,-2.0,4.5
2021-03-08,Oral Roberts Golden Eagles,90.0,away,0.2876607143,-6.3978649414,True,2.0,-4.5
2021-03-09,Gonzaga Bulldogs,78.0,home,0.9456510616,18.7562534199,True,23.0,19.0
2021-03-09,Saint Mary's Gaels,55.0,away,0.0543489384,-18.7562534199,False,-23.0,-19.0
2021-03-08,Hofstra Pride,58.0,home,0.6424699947000001,3.7131134858,False,-18.0,6.5
2021-03-08,Elon Phoenix,76.0,away,0.3575300053,-3.7131134858,True,18.0,-6.5
2021-03-09,Oakland Golden Grizzlies,69.0,home,0.362506508,-3.5470610752,True,11.0,-1.5
2021-03-09,Northern Kentucky Norse,58.0,away,0.637493492,3.5470610752,False,-11.0,1.5
2021-03-09,UNC Greensboro Spartans,69.0,home,0.6716151996,4.6254957787,True,8.0,5.5
2021-03-09,Mercer Bears,61.0,away,0.3283848004,-4.6254957787,False,-8.0,-5.5
2021-03-08,Cleveland State Vikings,71.0,home,0.5881633532,2.2726581662,True,6.0,4.5
2021-03-08,Milwaukee Panthers,65.0,away,0.4118366468,-2.2726581662,False,-6.0,-4.5
2021-03-09,Georgia State Panthers,73.0,home,0.7273440263,6.2186776164,False,-7.0,6.5
2021-03-09,App State Mountaineers,80.0,away,0.2726559737,-6.2186776164,True,7.0,-6.5
2021-03-04,Quinnipiac Bobcats,65.0,home,0.4357383127,-1.7003273928,True,5.0,-4.5
2021-03-04,Saint Peter's Peacocks,60.0,away,0.5642616873,1.7003273928,False,-5.0,4.5
2021-03-04,Dayton Flyers,84.0,home,0.5277170779,0.7053993645,True,12.0,3.5
2021-03-04,Rhode Island Rams,72.0,away,0.4722829221,-0.7053993645,False,-12.0,-3.5
2021-03-05,Iowa Hawkeyes,102.0,home,0.9532622379,20.920589802,True,38.0,17.5
2021-03-05,Nebraska Cornhuskers,64.0,away,0.0467377621,-20.920589802,False,-38.0,-17.5
2021-03-05,Michigan Wolverines,69.0,home,0.8946302426,13.9056931791,True,19.0,11.5
2021-03-05,Michigan State Spartans,50.0,away,0.1053697574,-13.9056931791,False,-19.0,-11.5
2021-03-04,Massachusetts Minutemen,100.0,home,0.7593982816,8.2645597417,True,34.0,5.5
2021-03-04,Saint Joseph's Hawks,66.0,away,0.2406017184,-8.2645597417,False,-34.0,-5.5
2021-03-04,North Florida Ospreys,60.0,home,0.4093640514,-2.412473892,False,-8.0,2.5
2021-03-04,North Alabama Lions,68.0,away,0.5906359486,2.412473892,True,8.0,-2.5
2021-03-05,Colorado Buffaloes,75.0,home,0.8915228494,14.2173379656,True,14.0,10.5
2021-03-05,Arizona State Sun Devils,61.0,away,0.1084771506,-14.2173379656,False,-14.0,-10.5
2021-03-05,West Virginia Mountaineers,76.0,home,0.9199877144,15.8302894052,True,9.0,13.5
2021-03-05,TCU Horned Frogs,67.0,away,0.0800122856,-15.8302894052,False,-9.0,-13.5
2021-03-04,Liberty Flames,69.0,home,0.9682907794,20.3208594063,True,10.0,16.5
2021-03-04,Kennesaw State Owls,59.0,away,0.0317092206,-20.3208594063,False,-10.0,-16.5
2021-03-04,George Mason Patriots,73.0,home,0.7001116679,5.4568482044,True,14.0,7.5
2021-03-04,George Washington Revolutionaries,59.0,away,0.2998883321,-5.4568482044,False,-14.0,-7.5
2021-03-05,Kansas Jayhawks,67.0,home,0.9571329896,19.9145501514,True,5.0,16.5
2021-03-05,UTEP Miners,62.0,away,0.0428670104,-19.9145501514,False,-5.0,-16.5
2021-03-04,Richmond Spiders,62.0,home,0.7217055526,6.1757688165,False,-5.0,3.5
2021-03-04,Duquesne Dukes,67.0,away,0.2782944474,-6.1757688165,True,5.0,-3.5
2021-03-04,Rider Broncs,74.0,home,0.2488230119,-7.8120390639,False,-3.0,-5.5
2021-03-04,Monmouth Hawks,77.0,away,0.7511769880999999,7.8120390639,True,3.0,5.5
2021-03-05,Texas Tech Red Raiders,81.0,home,0.9595024496,20.2891727725,True,27.0,17.5
2021-03-05,Iowa State Cyclones,54.0,away,0.0404975504,-20.2891727725,False,-27.0,-17.5
2021-03-04,Florida Atlantic Owls,80.0,home,0.8724978831999999,12.1600719001,True,30.0,8.5
2021-03-04,Middle Tennessee Blue Raiders,50.0,away,0.1275021168,-12.1600719001,False,-30.0,-8.5
2021-03-05,Baylor Bears,81.0,home,0.9248444709,17.1296547805,True,11.0,12.5
2021-03-05,Oklahoma State Cowboys,70.0,away,0.0751555291,-17.1296547805,False,-11.0,-12.5
2021-03-04,Radford Highlanders,60.0,home,0.5137818216,0.3132076396,False,-18.0,2.5
2021-03-04,Campbell Fighting Camels,78.0,away,0.4862181784,-0.3132076396,True,18.0,-2.5
2021-03-04,Bradley Braves,63.0,home,0.7672824156,7.1742762333,False,-10.0,-2.5
2021-03-04,Southern Illinois Salukis,73.0,away,0.2327175843999999,-7.1742762333,True,10.0,2.5
2021-03-04,Tulsa Golden Hurricane,107.0,home,0.9987141733,45.4841349258,True,33.0,0.0
2021-03-04,Northeastern State RiverHawks,74.0,away,0.0012858267,-45.4841349258,False,-33.0,0.0
2021-03-05,Oklahoma Sooners,65.0,home,0.5872956258,2.4492882719,False,-4.0,2.5
2021-03-05,Texas Longhorns,69.0,away,0.4127043742,-2.4492882719,True,4.0,-2.5
2021-03-05,Lipscomb Bisons,60.0,home,0.5794941956,2.1034190447,False,-12.0,4.5
2021-03-05,Florida Gulf Coast Eagles,72.0,away,0.4205058044,-2.1034190447,True,12.0,-4.5
2021-03-05,Bellarmine Knights,70.0,home,0.6956403525,4.9564173134,False,-3.0,6.0
2021-03-05,Stetson Hatters,73.0,away,0.3043596475,-4.9564173134,True,3.0,-9.5
2021-03-05,McNeese Cowboys,67.0,home,0.3475007987,-4.3934713082,False,-13.0,-4.5
2021-03-05,Nicholls Colonels,80.0,away,0.6524992013,4.3934713082,True,13.0,4.5
2021-03-05,UTSA Roadrunners,123.0,home,0.0,0.0,True,80.0,0.0
2021-03-05,Southwestern Adventist Knights,43.0,away,0.0,0.0,False,-80.0,0.0
2021-03-05,Winthrop Eagles,82.0,home,0.9145799616,16.0647750296,True,21.0,13.5
2021-03-05,Longwood Lancers,61.0,away,0.0854200384,-16.0647750296,False,-21.0,-13.5
2021-03-05,Siena Saints,73.0,home,0.7386057517000001,6.5978072347,True,7.0,6.5
2021-03-05,Canisius Golden Griffins,66.0,away,0.2613942483,-6.5978072347,False,-7.0,-6.5
2021-03-05,Jacksonville State Gamecocks,68.0,home,0.3577245512,-3.5092701046,True,3.0,-2.5
2021-03-05,Murray State Racers,65.0,away,0.6422754488,3.5092701046,False,-3.0,2.5
2021-03-05,Cincinnati Bearcats,64.0,home,0.5614105874,1.643560435,False,-14.0,6.5
2021-03-05,Vanderbilt Commodores,78.0,away,0.4385894126,-1.643560435,True,14.0,-6.5
2021-03-05,San Francisco Dons,67.0,home,0.7684884206,8.4395044816,True,16.0,6.5
2021-03-05,San Diego Toreros,51.0,away,0.2315115794,-8.4395044816,False,-16.0,-6.5
2021-03-05,North Carolina Central Eagles,74.0,home,0.5106244423,0.2669712451,True,3.0,3.5
2021-03-05,Florida A&M Rattlers,71.0,away,0.4893755577,-0.2669712451,False,-3.0,-3.5
2021-03-05,Weber State Wildcats,60.0,home,0.9049219758,15.7807022547,True,1.0,9.5
2021-03-05,Northern Colorado Bears,59.0,away,0.0950780242,-15.7807022547,False,-1.0,-9.5
2021-03-04,Manhattan Jaspers,69.0,home,0.6884812973999999,4.8190224743,True,10.0,3.5
2021-03-04,Fairfield Stags,59.0,away,0.3115187026,-4.8190224743,False,-10.0,-3.5
2021-03-05,East Carolina Pirates,60.0,home,0.4807460235,-0.5094123827,False,-4.0,-1.5
2021-03-05,UCF Knights,64.0,away,0.5192539765,0.5094123827,True,4.0,1.5
2021-03-05,Jackson State Tigers,50.0,home,0.7782108066,8.1878500114,True,15.0,7.5
2021-03-05,Alabama A&M Bulldogs,35.0,away,0.2217891934,-8.1878500114,False,-15.0,-7.5
2021-03-05,Prairie View A&M Panthers,68.0,home,0.7437742441,7.1533011206,True,7.0,6.5
2021-03-05,Southern Jaguars,61.0,away,0.2562257559,-7.1533011206,False,-7.0,-6.5
2021-03-05,Portland State Vikings,58.0,home,0.301360456,-5.8308344127,False,-10.0,-2.5
2021-03-05,Southern Utah Thunderbirds,68.0,away,0.698639544,5.8308344127,True,10.0,2.5
2021-03-05,Texas Southern Tigers,80.0,home,0.8750790004,13.3589464211,True,2.0,11.5
2021-03-05,Alcorn State Braves,78.0,away,0.1249209995999999,-13.3589464211,False,-2.0,-11.5
2021-03-05,Northern Iowa Panthers,65.0,home,0.6473988357,4.3670537023,True,5.0,6.5
2021-03-05,Illinois State Redbirds,60.0,away,0.3526011643,-4.3670537023,False,-5.0,-6.5
2021-03-05,Grambling Tigers,91.0,home,0.7870541547,8.8201165584,True,23.0,6.5
2021-03-05,Alabama State Hornets,68.0,away,0.2129458453,-8.8201165584,False,-23.0,-6.5
2021-03-05,Utah State Aggies,72.0,home,0.9534032266,20.2903424178,True,13.0,16.5
2021-03-05,Wyoming Cowboys,59.0,away,0.0465967734,-20.2903424178,False,-13.0,-16.5
2021-03-05,Eastern Kentucky Colonels,70.0,home,0.6553174710999999,4.6237264584,True,3.0,2.5
2021-03-05,Austin Peay Governors,67.0,away,0.3446825289,-4.6237264584,False,-3.0,-2.5
2021-03-05,Santa Clara Broncos,95.0,home,0.9395630804,18.3180192487,True,9.0,13.5
2021-03-05,Portland Pilots,86.0,away,0.0604369196,-18.3180192487,False,-9.0,-13.5
2021-03-07,East Carolina Pirates,69.0,home,0.4915653723,-0.2213047416,False,-13.0,-1.5
2021-03-07,Cincinnati Bearcats,82.0,away,0.5084346277,0.2213047416,True,13.0,1.5
2021-03-07,Michigan State Spartans,70.0,home,0.1648857392,-9.7722577849,True,6.0,-7.5
2021-03-07,Michigan Wolverines,64.0,away,0.8351142608,9.7722577849,False,-6.0,7.5
2021-03-07,Tennessee Volunteers,65.0,home,0.6953013342,5.296856104,True,11.0,5.5
2021-03-07,Florida Gators,54.0,away,0.3046986658,-5.296856104,False,-11.0,-5.5
2021-03-08,TCU Horned Frogs,64.0,home,0.1696229973999999,-10.1475504492,False,-12.0,-7.5
2021-03-08,Texas Longhorns,76.0,away,0.8303770026000001,10.1475504492,True,12.0,7.5
2021-03-08,Maryland Terrapins,61.0,home,0.6180987501,3.0249590819,False,-5.0,5.5
2021-03-08,Penn State Nittany Lions,66.0,away,0.3819012499,-3.0249590819,True,5.0,-5.5
2021-03-08,VMI Keydets,59.0,home,0.4070460795999999,-2.5027851991,False,-14.0,-1.5
2021-03-08,Mercer Bears,73.0,away,0.5929539204,2.5027851991,True,14.0,1.5
2021-03-08,Oregon State Beavers,67.0,home,0.3084256217,-4.8872814094,False,-13.0,-5.5
2021-03-08,Oregon Ducks,80.0,away,0.6915743783,4.8872814094,True,13.0,5.5
2021-03-07,Loyola Chicago Ramblers,75.0,home,0.7146834378,5.4527983011,True,10.0,8.5
2021-03-07,Drake Bulldogs,65.0,away,0.2853165622,-5.4527983011,False,-10.0,-8.5
2021-03-07,Georgia State Panthers,84.0,home,0.8049191278,9.8600773945,True,11.0,4.5
2021-03-07,Louisiana Ragin' Cajuns,73.0,away,0.1950808722,-9.8600773945,False,-11.0,-4.5
2021-03-07,Houston Cougars,67.0,home,0.8984226099,14.4432182678,True,3.0,10.5
2021-03-07,Memphis Tigers,64.0,away,0.1015773901,-14.4432182678,False,-3.0,-10.5
2021-03-07,Iowa Hawkeyes,77.0,home,0.7923141001,8.4418515243,True,4.0,7.5
2021-03-07,Wisconsin Badgers,73.0,away,0.2076858999,-8.4418515243,False,-4.0,-7.5
2021-03-07,Liberty Flames,79.0,home,0.9029561948,13.7622409184,True,4.0,12.5
2021-03-07,North Alabama Lions,75.0,away,0.0970438052,-13.7622409184,False,-4.0,-12.5
2021-03-07,Winthrop Eagles,80.0,home,0.8474717857,11.3818389755,True,27.0,11.5
2021-03-07,Campbell Fighting Camels,53.0,away,0.1525282143,-11.3818389755,False,-27.0,-11.5
2021-03-07,UNC Greensboro Spartans,77.0,home,0.6843885702,4.8506836026,True,12.0,3.5
2021-03-07,East Tennessee State Buccaneers,65.0,away,0.3156114298,-4.8506836026,False,-12.0,-3.5
2021-03-07,Northeastern Huskies,63.0,home,0.8019644564,8.9503518211,True,16.0,7.5
2021-03-07,William & Mary Tribe,47.0,away,0.1980355436,-8.9503518211,False,-16.0,-4.5
2021-03-07,Oral Roberts Golden Eagles,76.0,home,0.8153799936,10.0352099664,True,11.0,7.5
2021-03-07,North Dakota Fighting Hawks,65.0,away,0.1846200063999999,-10.0352099664,False,-11.0,-7.5
2021-03-07,Baylor Bears,88.0,home,0.7929485967,8.4555584914,True,15.0,8.5
2021-03-07,Texas Tech Red Raiders,73.0,away,0.2070514033,-8.4555584914,False,-15.0,-8.5
2021-03-07,James Madison Dukes,71.0,home,0.743531062,7.0556152984,False,-1.0,4.5
2021-03-07,Elon Phoenix,72.0,away,0.256468938,-7.0556152984,True,1.0,-4.5
2021-03-07,Hofstra Pride,83.0,home,0.7261209,6.1215142378,True,8.0,3.5
2021-03-07,Delaware Blue Hens,75.0,away,0.2738791,-6.1215142378,False,-8.0,-3.5
2021-03-07,Northwestern Wildcats,79.0,home,0.7865478637,8.2734560271,True,1.0,6.5
2021-03-07,Nebraska Cornhuskers,78.0,away,0.2134521363,-8.2734560271,False,-1.0,-6.5
2021-03-08,Coastal Carolina Chanticleers,61.0,home,0.6605816126,4.1998055805,False,-3.0,4.5
2021-03-08,App State Mountaineers,64.0,away,0.3394183874,-4.1998055805,True,3.0,-4.5
2021-03-08,North Dakota State Bison,69.0,home,0.4909878185,-0.1967486219,True,4.0,4.5
2021-03-08,Kansas City Roos,65.0,away,0.5090121815,0.1967486219,False,-4.0,-4.5
2021-03-08,Charleston Cougars,75.0,home,0.2967434868,-4.9460179971,False,-5.0,-4.5
2021-03-08,Drexel Dragons,80.0,away,0.7032565132,4.9460179971,True,5.0,4.5
2021-03-09,Duke Blue Devils,86.0,home,0.8486220761,11.7553196701,True,35.0,12.5
2021-03-09,Boston College Eagles,51.0,away,0.1513779239,-11.7553196701,False,-35.0,-12.5
2021-03-09,Pittsburgh Panthers,73.0,home,0.7252954849,6.2239713628,False,-6.0,3.5
2021-03-09,Miami Hurricanes,79.0,away,0.2747045151,-6.2239713628,True,6.0,-3.5
2021-03-09,SE Louisiana Lions,71.0,home,0.2708324406,-6.2577186101,True,3.0,-1.5
2021-03-09,McNeese Cowboys,68.0,away,0.7291675594,6.2577186101,False,-3.0,1.5
2021-03-10,Cleveland State Vikings,80.0,home,0.6595850842000001,4.0824913208,True,11.0,2.5
2021-03-10,Oakland Golden Grizzlies,69.0,away,0.3404149158,-4.0824913208,False,-11.0,-2.5
2021-03-10,Incarnate Word Cardinals,68.0,home,0.4865457779,-0.3531332271,False,-12.0,-1.5
2021-03-10,Houston Christian Huskies,80.0,away,0.5134542221,0.3531332271,True,12.0,1.5
2021-03-10,Rice Owls,61.0,home,0.5619532069,1.6153617882,True,9.0,3.5
2021-03-10,Southern Miss Golden Eagles,52.0,away,0.4380467931,-1.6153617882,False,-9.0,-3.5
2021-03-10,Drexel Dragons,63.0,home,0.6392494215,3.4506323217,True,7.0,3.5
2021-03-10,Elon Phoenix,56.0,away,0.3607505785,-3.4506323217,False,-7.0,-3.5
2021-03-10,Fairfield Stags,59.0,home,0.4136450218,-2.1386210084,True,1.0,-2.5
2021-03-10,Manhattan Jaspers,58.0,away,0.5863549782,2.1386210084,False,-1.0,2.5
2021-03-09,Cal State Northridge Matadors,63.0,home,0.5047363505,0.1348857725,False,-22.0,2.5
2021-03-09,Long Beach State Beach,85.0,away,0.4952636495,-0.1348857725,True,22.0,-2.5
2021-03-10,Cal State Fullerton Titans,82.0,home,0.755285727,7.5637980055,False,-5.0,5.5
2021-03-10,Cal Poly Mustangs,87.0,away,0.244714273,-7.5637980055,True,5.0,-5.5
2021-03-09,Quinnipiac Bobcats,48.0,home,0.3098476699,-5.3473529905,False,-24.0,-6.5
2021-03-09,Iona Gaels,72.0,away,0.6901523301,5.3473529905,True,24.0,6.5
2021-03-10,Gonzaga Bulldogs,88.0,home,0.8468313926,12.0923378322,True,10.0,14.5
2021-03-10,BYU Cougars,78.0,away,0.1531686074,-12.0923378322,False,-10.0,-14.5
2021-03-10,Notre Dame Fighting Irish,80.0,home,0.8034824664,8.7428435703,True,3.0,8.5
2021-03-10,Wake Forest Demon Deacons,77.0,away,0.1965175335999999,-8.7428435703,False,-3.0,-8.5
2021-03-10,North Dakota State Bison,72.0,home,0.505282702,0.1369620052,False,-3.0,0.5
2021-03-10,Oral Roberts Golden Eagles,75.0,away,0.4947172980000001,-0.1369620052,True,3.0,-0.5
2021-03-10,Bryant Bulldogs,68.0,home,0.7256186699,6.3548095053,False,-5.0,6.5
2021-03-10,Mount St. Mary's Mountaineers,73.0,away,0.2743813301,-6.3548095053,True,5.0,-6.5
2021-03-05,Loyola Chicago Ramblers,73.0,home,0.9537025377,17.1140136164,True,24.0,16.5
2021-03-05,Southern Illinois Salukis,49.0,away,0.0462974623,-17.1140136164,False,-24.0,-16.5
2021-03-05,Montana State Bobcats,77.0,home,0.6682590336000002,3.8762829905,True,2.0,4.5
2021-03-05,Sacramento State Hornets,75.0,away,0.3317409664,-3.8762829905,False,-2.0,-4.5
2021-03-05,Rider Broncs,62.0,home,0.2572679041,-7.5150058796,False,-3.0,-5.5
2021-03-05,Monmouth Hawks,65.0,away,0.7427320958999999,7.5150058796,True,3.0,5.5
2021-03-05,Buffalo Bulls,81.0,home,0.6942509864,5.4131010832,True,14.0,5.5
2021-03-05,Kent State Golden Flashes,67.0,away,0.3057490136,-5.4131010832,False,-14.0,-5.5
2021-03-05,Saint Louis Billikens,86.0,home,0.7830565944,8.6086928478,True,14.0,8.5
2021-03-05,Massachusetts Minutemen,72.0,away,0.2169434056,-8.6086928478,False,-14.0,-8.5
2021-03-05,Arkansas State Red Wolves,62.0,home,0.4486019837,-1.3121584781,True,4.0,1.5
2021-03-05,Georgia Southern Eagles,58.0,away,0.5513980163,1.3121584781,False,-4.0,-1.5
2021-03-05,Quinnipiac Bobcats,64.0,home,0.4675512337,-0.9100023823,False,-2.0,-3.5
2021-03-05,Saint Peter's Peacocks,66.0,away,0.5324487663,0.9100023823,True,2.0,3.5
2021-03-05,Davidson Wildcats,99.0,home,0.8275674882,8.9195399393,True,32.0,5.5
2021-03-05,George Mason Patriots,67.0,away,0.1724325117999999,-8.9195399393,False,-32.0,-5.5
2021-03-05,Florida Atlantic Owls,63.0,home,0.876603479,13.0530646915,True,9.0,9.5
2021-03-05,Middle Tennessee Blue Raiders,54.0,away,0.123396521,-13.0530646915,False,-9.0,-9.5
2021-03-05,St. Bonaventure Bonnies,75.0,home,0.7732377568,7.5690993605,True,16.0,7.5
2021-03-05,Duquesne Dukes,59.0,away,0.2267622432,-7.5690993605,False,-16.0,-7.5
2021-03-05,Delaware State Hornets,67.0,home,0.1204917755,-15.2862297614,False,-25.0,-12.5
2021-03-05,Morgan State Bears,92.0,away,0.8795082245,15.2862297614,True,25.0,12.5
2021-03-05,Liberty Flames,77.0,home,0.8746495944999999,11.9055649831,True,13.0,9.5
2021-03-05,Stetson Hatters,64.0,away,0.1253504055,-11.9055649831,False,-13.0,-9.5
2021-03-05,Miami Hurricanes,80.0,home,0.6024194402,2.7857243991,True,4.0,3.5
2021-03-05,Boston College Eagles,76.0,away,0.3975805598,-2.7857243991,False,-4.0,-3.5
2021-03-05,VCU Rams,73.0,home,0.6815388949,5.0627178017,True,5.0,4.5
2021-03-05,Dayton Flyers,68.0,away,0.3184611051,-5.0627178017,False,-5.0,-4.5
2021-03-05,Eastern Washington Eagles,75.0,home,0.8354101902,11.1398260817,True,13.0,12.5
2021-03-05,Idaho State Bengals,62.0,away,0.1645898098,-11.1398260817,False,-13.0,-12.5
2021-03-05,The Citadel Bulldogs,100.0,home,0.5171374796,0.4977946206,True,14.0,-3.5
2021-03-05,Western Carolina Catamounts,86.0,away,0.4828625204,-0.4977946206,False,-14.0,3.5
2021-03-05,Indiana State Sycamores,53.0,home,0.7058258888000001,5.351150646,True,10.0,5.5
2021-03-05,Evansville Purple Aces,43.0,away,0.2941741112,-5.351150646,False,-10.0,-5.5
2021-03-05,Central Michigan Chippewas,74.0,home,0.8193666322,10.0094095411,False,-5.0,4.5
2021-03-05,Northern Illinois Huskies,79.0,away,0.1806333678,-10.0094095411,True,5.0,-4.5
2021-03-05,Manhattan Jaspers,67.0,home,0.7181146237999999,5.7054736114,False,-18.0,4.5
2021-03-05,Fairfield Stags,85.0,away,0.2818853762,-5.7054736114,True,18.0,-4.5
2021-03-05,Rice Owls,80.0,home,0.0,0.0,True,3.0,0.0
2021-03-05,Our Lady Of The Lake Saints,77.0,away,0.0,0.0,False,-3.0,0.0
2021-03-06,Montana Grizzlies,92.0,home,0.9970542023,39.664031661,True,31.0,0.0
2021-03-06,Warner Pacific Knights,61.0,away,0.0029457977,-39.664031661,False,-31.0,0.0
2021-03-05,South Alabama Jaguars,80.0,home,0.7600556937,7.1636738589,True,8.0,5.5
2021-03-05,UL Monroe Warhawks,72.0,away,0.2399443063,-7.1636738589,False,-8.0,-5.5
2021-03-06,North Alabama Lions,96.0,home,0.4768739224,-0.6399451661,True,15.0,-3.5
2021-03-06,Florida Gulf Coast Eagles,81.0,away,0.5231260776,0.6399451661,False,-15.0,3.5
2021-03-06,UC Davis Aggies,68.0,home,0.524445848,0.6299246604,False,-5.0,3.5
2021-03-06,Hawai'i Rainbow Warriors,73.0,away,0.475554152,-0.6299246604,True,5.0,-3.5
2021-03-06,Marshall Thundering Herd,75.0,home,0.9168065421,15.1489145953,True,8.0,11.5
2021-03-06,Charlotte 49ers,67.0,away,0.0831934579,-15.1489145953,False,-8.0,-11.5
2021-03-06,Long Beach State Beach,68.0,home,0.13394734,-12.8998201819,False,-3.0,-8.5
2021-03-06,UC Irvine Anteaters,71.0,away,0.86605266,12.8998201819,True,3.0,8.5
2021-03-06,Toledo Rockets,89.0,home,0.8564722804999999,12.0230420036,True,19.0,9.5
2021-03-06,Ball State Cardinals,70.0,away,0.1435277195,-12.0230420036,False,-19.0,-9.5
2021-03-06,Western Michigan Broncos,63.0,home,0.6028431214,2.6503201076,False,-1.0,2.5
2021-03-06,Eastern Michigan Eagles,64.0,away,0.3971568785999999,-2.6503201076,True,1.0,-2.5
2021-03-06,North Texas Mean Green,51.0,home,0.7083317883,5.4979867658,False,-14.0,4.5
2021-03-06,UAB Blazers,65.0,away,0.2916682117,-5.4979867658,True,14.0,-4.5
2021-03-06,UC Santa Barbara Gauchos,71.0,home,0.9815987701,24.6520752261,True,14.0,19.5
2021-03-06,Cal Poly Mustangs,57.0,away,0.0184012299,-24.6520752261,False,-14.0,-19.5
2021-03-06,Wake Forest Demon Deacons,63.0,home,0.1702615874,-9.8719520863,False,-12.0,-8.5
2021-03-06,Georgia Tech Yellow Jackets,75.0,away,0.8297384126,9.8719520863,True,12.0,8.5
2021-03-06,Mississippi Valley State Delta Devils,59.0,home,0.1498675179,-11.8687026403,False,-23.0,-9.5
2021-03-06,Arkansas-Pine Bluff Golden Lions,82.0,away,0.8501324821,11.8687026403,True,23.0,9.5
2021-03-06,Belmont Bruins,72.0,home,0.7925817018,8.2718723566,True,3.0,7.5
2021-03-06,Jacksonville State Gamecocks,69.0,away,0.2074182982,-8.2718723566,False,-3.0,-7.5
2021-03-06,Siena Saints,75.0,home,0.7446108596,6.8886843925,False,-1.0,5.5
2021-03-06,Canisius Golden Griffins,76.0,away,0.2553891404,-6.8886843925,True,1.0,-5.5
2021-03-06,UC San Diego Tritons,89.0,home,0.4244382547,-2.068268528,True,4.0,3.0
2021-03-06,Cal State Fullerton Titans,85.0,away,0.5755617453,2.068268528,False,-4.0,-3.0
2021-03-06,Cal State Northridge Matadors,68.0,home,0.1404961502,-11.8078555764,False,-4.0,-8.5
2021-03-06,UC Riverside Highlanders,72.0,away,0.8595038498,11.8078555764,True,4.0,8.5
2021-03-06,Western Kentucky Hilltoppers,69.0,home,0.8318412257,10.1343703243,False,-2.0,6.5
2021-03-06,Old Dominion Monarchs,71.0,away,0.1681587743,-10.1343703243,True,2.0,-6.5
2021-03-06,UT Rio Grande Valley Vaqueros,47.0,home,0.5448488619,1.2096050212,False,-18.0,4.0
2021-03-06,Tarleton State Texans,65.0,away,0.4551511381,-1.2096050212,True,18.0,-4.0
2021-03-06,Mercer Bears,87.0,home,0.7672291451,8.0778162354,True,28.0,-3.5
2021-03-06,Samford Bulldogs,59.0,away,0.2327708548999999,-8.0778162354,False,-28.0,-7.5
2021-03-06,App State Mountaineers,67.0,home,0.6084285156,2.6486946223,True,7.0,1.5
2021-03-06,Little Rock Trojans,60.0,away,0.3915714844,-2.6486946223,False,-7.0,-1.5
2021-03-06,Utah Tech Trailblazers,66.0,home,0.1398637689,-11.6734050912,False,-10.0,-12.5
2021-03-06,New Mexico State Aggies,76.0,away,0.8601362310999999,11.6734050912,True,10.0,12.5
2021-03-06,Nevada Wolf Pack,85.0,home,0.4330327505,-1.8374403764,True,3.0,1.5
2021-03-06,Colorado State Rams,82.0,away,0.5669672495,1.8374403764,False,-3.0,-1.5
2021-03-06,Loyola Marymount Lions,70.0,home,0.5387766203,0.9982075902,True,4.0,-2.5
2021-03-06,San Francisco Dons,66.0,away,0.4612233797,-0.9982075902,False,-4.0,2.5
2021-03-06,Missouri State Bears,66.0,home,0.7897998202,8.5249062524,True,11.0,-1.5
2021-03-06,Valparaiso Beacons,55.0,away,0.2102001798,-8.5249062524,False,-11.0,-7.5
2021-03-06,Grand Canyon Lopes,55.0,home,0.912032559,15.0883894135,False,-4.0,7.5
2021-03-06,Utah Valley Wolverines,59.0,away,0.087967441,-15.0883894135,True,4.0,-7.5
2021-03-06,Morehead State Eagles,67.0,home,0.4422840117,-1.5878019587,True,3.0,2.5
2021-03-06,Eastern Kentucky Colonels,64.0,away,0.5577159883,1.5878019587,False,-3.0,-2.5
2021-03-06,Pacific Tigers,76.0,home,0.4900464186,-0.2590809101,False,-5.0,2.5
2021-03-06,Santa Clara Broncos,81.0,away,0.5099535814,0.2590809101,True,5.0,-2.5
2021-03-06,UT Arlington Mavericks,86.0,home,0.6479131101,4.0205563827,False,-5.0,7.5
2021-03-06,Troy Trojans,91.0,away,0.3520868899,-4.0205563827,True,5.0,-7.5
2021-03-06,California Baptist Lancers,79.0,home,0.688348219,5.0893672776,False,-1.0,3.5
2021-03-06,Seattle U Redhawks,80.0,away,0.311651781,-5.0893672776,True,1.0,-3.5
2021-03-14,St. Bonaventure Bonnies,74.0,home,0.6521837438999999,3.9568419868,True,9.0,3.5
2021-03-14,VCU Rams,65.0,away,0.3478162561,-3.9568419868,False,-9.0,-3.5
2021-03-14,Alabama Crimson Tide,80.0,home,0.596151239,2.6837120079,True,1.0,6.5
2021-03-14,LSU Tigers,79.0,away,0.403848761,-2.6837120079,False,-1.0,-6.5
2021-03-14,Colgate Raiders,85.0,home,0.9227004164,16.628223579,True,13.0,10.5
2021-03-14,Loyola Maryland Greyhounds,72.0,away,0.0772995836,-16.628223579,False,-13.0,-10.5
2021-03-14,Houston Cougars,91.0,home,0.9510727307,19.2262786335,True,37.0,13.5
2021-03-14,Cincinnati Bearcats,54.0,away,0.0489272693,-19.2262786335,False,-37.0,-13.5
2021-03-14,Illinois Fighting Illini,91.0,home,0.6614267928,4.398964424,True,3.0,6.5
2021-03-14,Ohio State Buckeyes,88.0,away,0.3385732071999999,-4.398964424,False,-3.0,-6.5
2021-02-28,Kansas Jayhawks,71.0,home,0.2380679411,-7.6216073636,True,13.0,-4.5
2021-02-28,Baylor Bears,58.0,away,0.7619320589,7.6216073636,False,-13.0,4.5
2021-02-28,Gonzaga Bulldogs,86.0,home,0.9734998629,25.1585057213,True,17.0,24.5
2021-02-28,Loyola Marymount Lions,69.0,away,0.0265001371,-25.1585057213,False,-17.0,-24.5
2021-02-27,North Carolina Tar Heels,78.0,home,0.4796916825,-0.5638903406,True,8.0,-2.5
2021-02-27,Florida State Seminoles,70.0,away,0.5203083175,0.5638903406,False,-8.0,2.5
2021-02-27,Loyola Maryland Greyhounds,67.0,home,0.429319587,-1.7985010134,False,-6.0,1.5
2021-02-27,Navy Midshipmen,73.0,away,0.570680413,1.7985010134,True,6.0,-1.5
2021-02-27,San Diego State Aztecs,62.0,home,0.7548719309999999,7.1622722109,True,4.0,5.5
2021-02-27,Boise State Broncos,58.0,away,0.245128069,-7.1622722109,False,-4.0,-5.5
2021-02-27,Mississippi State Bulldogs,59.0,home,0.3397512516,-4.5663795335,False,-5.0,-5.5
2021-02-27,Alabama Crimson Tide,64.0,away,0.6602487484000001,4.5663795335,True,5.0,5.5
2021-02-28,Utah Utes,71.0,home,0.2859282937,-5.7988795969,True,10.0,-4.5
2021-02-28,USC Trojans,61.0,away,0.7140717063,5.7988795969,False,-10.0,4.5
2021-02-27,Virginia Tech Hokies,84.0,home,0.8630797069,11.3532700315,True,38.0,10.5
2021-02-27,Wake Forest Demon Deacons,46.0,away,0.1369202931,-11.3532700315,False,-38.0,-10.5
2021-02-27,Auburn Tigers,77.0,home,0.2682449317,-6.2328657436,True,5.0,-8.5
2021-02-27,Tennessee Volunteers,72.0,away,0.7317550683,6.2328657436,False,-5.0,8.5
2021-02-27,DePaul Blue Demons,60.0,home,0.4756080543,-0.6637731185,False,-8.0,-2.5
2021-02-27,Georgetown Hoyas,68.0,away,0.5243919457,0.6637731185,True,8.0,2.5
2021-02-27,Georgia Tech Yellow Jackets,84.0,home,0.5724675902,1.9100558071,True,7.0,5.5
2021-02-27,Syracuse Orange,77.0,away,0.4275324098,-1.9100558071,False,-7.0,-5.5
2021-02-27,Bellarmine Knights,78.0,home,0.287962849,-4.8686272074,False,-16.0,-3.5
2021-02-27,Liberty Flames,94.0,away,0.712037151,4.8686272074,True,16.0,3.5
2021-02-27,Indiana Hoosiers,57.0,home,0.2540838417,-6.7408339861,False,-16.0,-7.5
2021-02-27,Michigan Wolverines,73.0,away,0.7459161582999999,6.7408339861,True,16.0,7.5
2021-02-27,Loyola Chicago Ramblers,65.0,home,0.9750060794999998,21.3136660495,True,7.0,18.5
2021-02-27,Southern Illinois Salukis,58.0,away,0.0249939205,-21.3136660495,False,-7.0,-18.5
2021-02-27,Oklahoma Sooners,90.0,home,0.7267681127,6.5642012595,False,-4.0,5.5
2021-02-27,Oklahoma State Cowboys,94.0,away,0.2732318873,-6.5642012595,True,4.0,-5.5
2021-02-27,Arkansas Razorbacks,83.0,home,0.629739997,3.7408756407,True,8.0,5.5
2021-02-27,LSU Tigers,75.0,away,0.370260003,-3.7408756407,False,-8.0,-5.5
2021-02-27,Wisconsin Badgers,69.0,home,0.4448631634999999,-1.4014640557,False,-5.0,5.5
2021-02-27,Illinois Fighting Illini,74.0,away,0.5551368365,1.4014640557,True,5.0,-5.5
2021-02-27,Xavier Musketeers,77.0,home,0.3367017091,-4.52734881,True,8.0,-3.5
2021-02-27,Creighton Bluejays,69.0,away,0.6632982909,4.52734881,False,-8.0,3.5
2021-02-27,West Virginia Mountaineers,65.0,home,0.9688700444,21.8321759284,True,22.0,14.5
2021-02-27,Kansas State Wildcats,43.0,away,0.0311299556,-21.8321759284,False,-22.0,-14.5
2021-02-27,Texas Tech Red Raiders,68.0,home,0.6552500873,4.0905037883,True,9.0,3.5
2021-02-27,Texas Longhorns,59.0,away,0.3447499127,-4.0905037883,False,-9.0,-3.5
2021-02-27,UMass Lowell River Hawks,64.0,home,0.4863383659,-0.351553662,True,2.0,1.5
2021-02-27,Stony Brook Seawolves,62.0,away,0.5136616341,0.351553662,False,-2.0,-1.5
2021-02-27,Idaho State Bengals,58.0,home,0.4253126372,-1.752742335,False,-1.0,-2.0
2021-02-27,Montana Grizzlies,59.0,away,0.5746873628,1.752742335,True,1.0,2.0
2021-02-27,Ball State Cardinals,97.0,home,0.8206666082000001,10.7176071836,True,6.0,12.5
2021-02-27,Central Michigan Chippewas,91.0,away,0.1793333918,-10.7176071836,False,-6.0,-12.5
2021-02-27,Western Carolina Catamounts,85.0,home,0.3067356212,-5.4124910698,True,24.0,-5.5
2021-02-27,Mercer Bears,61.0,away,0.6932643788,5.4124910698,False,-24.0,5.5
2021-02-27,Arizona Wildcats,75.0,home,0.9351848871,17.8203088676,True,1.0,14.5
2021-02-27,Washington Huskies,74.0,away,0.0648151129,-17.8203088676,False,-1.0,-14.5
2021-02-27,Stetson Hatters,85.0,home,0.6633062655,4.3483279106,True,17.0,5.5
2021-02-27,North Florida Ospreys,68.0,away,0.3366937345,-4.3483279106,False,-17.0,-5.5
2021-02-27,Clemson Tigers,66.0,home,0.8870139517999999,12.7482749126,True,8.0,13.5
2021-02-27,Miami Hurricanes,58.0,away,0.1129860482,-12.7482749126,False,-8.0,-13.5
2021-02-27,Hampton Pirates,67.0,home,0.624480378,3.3034000004,True,2.0,2.5
2021-02-27,Presbyterian Blue Hose,65.0,away,0.375519622,-3.3034000004,False,-2.0,-2.5
2021-02-27,Eastern Michigan Eagles,91.0,home,0.7036437018000001,5.4703674308,True,34.0,4.5
2021-02-27,Northern Illinois Huskies,57.0,away,0.2963562982,-5.4703674308,False,-34.0,-4.5
2021-02-27,Davidson Wildcats,65.0,home,0.6157943806,2.9550160635,True,8.0,3.5
2021-02-27,VCU Rams,57.0,away,0.3842056194,-2.9550160635,False,-8.0,-3.5
2021-02-27,Marshall Thundering Herd,73.0,home,0.6009313871,2.6815397758,True,1.0,2.5
2021-02-27,North Texas Mean Green,72.0,away,0.3990686129,-2.6815397758,False,-1.0,-2.5
2021-02-27,Boston College Eagles,94.0,home,0.3463855095,-4.1731031916,True,4.0,-6.5
2021-02-27,Notre Dame Fighting Irish,90.0,away,0.6536144905000001,4.1731031916,False,-4.0,6.5
2021-02-27,Georgia Bulldogs,70.0,home,0.6105816704,3.3683200695,False,-21.0,4.5
2021-02-27,South Carolina Gamecocks,91.0,away,0.3894183296,-3.3683200695,True,21.0,-4.5
2021-02-27,South Carolina State Bulldogs,63.0,home,0.1474439254,-12.1263713327,True,6.0,-8.5
2021-02-27,Florida A&M Rattlers,57.0,away,0.8525560746,12.1263713327,False,-6.0,8.5
2021-02-27,Hartford Hawks,77.0,home,0.8012746459,8.6840023835,True,17.0,6.5
2021-02-27,Binghamton Bearcats,60.0,away,0.1987253541,-8.6840023835,False,-17.0,-6.5
2021-02-27,Ohio Bobcats,66.0,home,0.5376839173,1.063234292,False,-20.0,2.5
2021-02-27,Buffalo Bulls,86.0,away,0.4623160827,-1.063234292,True,20.0,-2.5
2021-02-27,Bucknell Bison,71.0,home,0.7224522375,6.4884595785,False,-7.0,2.5
2021-02-27,American University Eagles,78.0,away,0.2775477625,-6.4884595785,True,7.0,-2.5
2021-02-27,Sacramento State Hornets,70.0,home,0.2342901246,-7.456499587,False,-2.0,-6.5
2021-02-27,Weber State Wildcats,72.0,away,0.7657098754,7.456499587,True,2.0,6.5
2021-02-27,Louisiana Tech Bulldogs,79.0,home,0.8929985957,14.4563852032,True,21.0,12.5
2021-02-27,Rice Owls,58.0,away,0.1070014043,-14.4563852032,False,-21.0,-12.5
2021-02-27,Northern Colorado Bears,65.0,home,0.6193052797,3.1688082805,False,-8.0,2.5
2021-02-27,Portland State Vikings,73.0,away,0.3806947203,-3.1688082805,True,8.0,-2.5
2021-02-27,California Golden Bears,63.0,home,0.1749837625,-9.4687268015,False,-11.0,-8.5
2021-02-27,Oregon Ducks,74.0,away,0.8250162375,9.4687268015,True,11.0,8.5
2021-02-27,UConn Huskies,80.0,home,0.7794912149999998,7.8370224152,True,18.0,6.5
2021-02-27,Marquette Golden Eagles,62.0,away,0.2205087849999999,-7.8370224152,False,-18.0,-6.5
2021-02-27,High Point Panthers,65.0,home,0.7550591134,7.1031804202,True,5.0,5.5
2021-02-27,South Carolina Upstate Spartans,60.0,away,0.2449408866,-7.1031804202,False,-5.0,-5.5
2021-02-27,Kentucky Wildcats,67.0,home,0.4591379983,-1.0376566108,False,-4.0,1.5
2021-02-27,Florida Gators,71.0,away,0.5408620017,1.0376566108,True,4.0,-1.5
2021-02-27,Colorado State Rams,72.0,home,0.9799392638,23.7160874359,True,23.0,17.5
2021-02-27,Air Force Falcons,49.0,away,0.0200607362,-23.7160874359,False,-23.0,-17.5
2021-02-27,UTSA Roadrunners,96.0,home,0.2211675667,-8.6271257179,True,17.0,-3.5
2021-02-27,UAB Blazers,79.0,away,0.7788324333,8.6271257179,False,-17.0,3.5
2021-02-27,California Baptist Lancers,78.0,home,0.9977273644,41.799963089,True,13.0,0.0
2021-02-27,Vanguard Lions,65.0,away,0.0022726356,-41.799963089,False,-13.0,0.0
2021-02-27,Army Black Knights,63.0,home,0.7760454353,7.9694780733,False,-12.0,4.5
2021-02-27,Boston University Terriers,75.0,away,0.2239545647,-7.9694780733,True,12.0,-4.5
2021-02-27,Georgia Southern Eagles,65.0,home,0.4305474608,-1.690993592,True,8.0,3.5
2021-02-27,App State Mountaineers,57.0,away,0.5694525392,1.690993592,False,-8.0,-3.5
2021-02-27,Lafayette Leopards,75.0,home,0.8341884321,10.6798521833,True,6.0,8.5
2021-02-27,Lehigh Mountain Hawks,69.0,away,0.1658115679,-10.6798521833,False,-6.0,-8.5
2021-02-27,Morehead State Eagles,89.0,home,0.2787655236,-6.0320910683,True,7.0,-4.5
2021-02-27,Belmont Bruins,82.0,away,0.7212344764,6.0320910683,False,-7.0,4.5
2021-02-27,North Alabama Lions,73.0,home,0.4752886805,-0.6432498111,True,7.0,-5.5
2021-02-27,Lipscomb Bisons,66.0,away,0.5247113195,0.6432498111,False,-7.0,5.5
2021-02-27,Vanderbilt Commodores,75.0,home,0.3020997405,-5.2964795125,True,5.0,-10.5
2021-02-27,Ole Miss Rebels,70.0,away,0.6979002595,5.2964795125,False,-5.0,10.5
2021-02-27,Miami (OH) RedHawks,51.0,home,0.3550956758,-3.7844407472,False,-13.0,-2.5
2021-02-27,Kent State Golden Flashes,64.0,away,0.6449043242000001,3.7844407472,True,13.0,2.5
2021-02-27,George Mason Patriots,89.0,home,0.6570765311,4.2175869351,True,35.0,6.5
2021-02-27,La Salle Explorers,54.0,away,0.3429234689,-4.2175869351,False,-35.0,-6.5
2021-02-27,Northwestern State Demons,79.0,home,0.620778335,3.3400481396,True,18.0,3.5
2021-02-27,SE Louisiana Lions,61.0,away,0.379221665,-3.3400481396,False,-18.0,-3.5
2021-02-27,San Diego Toreros,84.0,home,0.2698350124,-6.8076129391,False,-6.0,-4.5
2021-02-27,Pepperdine Waves,90.0,away,0.7301649876,6.8076129391,True,6.0,4.5
2021-02-27,East Tennessee State Buccaneers,74.0,home,0.3921819545,-2.7351090135,False,-11.0,-1.5
2021-02-27,UNC Greensboro Spartans,85.0,away,0.6078180455,2.7351090135,True,11.0,1.5
2021-02-27,South Dakota Coyotes,80.0,home,0.5474523123,1.1668719705,True,9.0,1.5
2021-02-27,North Dakota State Bison,71.0,away,0.4525476877,-1.1668719705,False,-9.0,-1.5
2021-02-27,UAlbany Great Danes,76.0,home,0.6362790191,3.6649595537,True,10.0,4.5
2021-02-27,NJIT Highlanders,66.0,away,0.3637209809,-3.6649595537,False,-10.0,-4.5
2021-02-27,Oral Roberts Golden Eagles,85.0,home,0.8659051288,13.2188547484,True,4.0,9.5
2021-02-27,Western Illinois Leathernecks,81.0,away,0.1340948712,-13.2188547484,False,-4.0,-9.5
2021-02-27,Texas State Bobcats,61.0,home,0.8295226392,9.3203162305,True,4.0,9.5
2021-02-27,UL Monroe Warhawks,57.0,away,0.1704773608,-9.3203162305,False,-4.0,-9.5
2021-02-27,Jacksonville State Gamecocks,75.0,home,0.6429788912,3.6154922995,True,8.0,3.5
2021-02-27,Austin Peay Governors,67.0,away,0.3570211088,-3.6154922995,False,-8.0,-3.5
2021-02-27,Little Rock Trojans,69.0,home,0.6012895264,2.7215700259,True,10.0,-1.5
2021-02-27,Louisiana Ragin' Cajuns,59.0,away,0.3987104736,-2.7215700259,False,-10.0,1.5
2021-02-27,Toledo Rockets,91.0,home,0.9481954597,18.460647587,True,47.0,15.5
2021-02-27,Western Michigan Broncos,44.0,away,0.0518045403,-18.460647587,False,-47.0,-15.5
2021-02-27,Lamar Cardinals,88.0,home,0.1751159039,-10.473407727,True,5.0,-9.5
2021-02-27,Stephen F. Austin Lumberjacks,83.0,away,0.8248840961,10.473407727,False,-5.0,9.5
2021-02-27,Alabama State Hornets,76.0,home,0.1698542905,-11.1036311466,False,-10.0,-10.5
2021-02-27,Texas Southern Tigers,86.0,away,0.8301457095000001,11.1036311466,True,10.0,10.5
2021-02-27,Eastern Illinois Panthers,68.0,home,0.8792286575,12.7970543107,False,-5.0,12.5
2021-02-27,UT Martin Skyhawks,73.0,away,0.1207713425,-12.7970543107,True,5.0,-12.5
2021-02-27,Southern Jaguars,89.0,home,0.7682799925,8.0069569723,True,14.0,7.5
2021-02-27,Alcorn State Braves,75.0,away,0.2317200075,-8.0069569723,False,-14.0,-7.5
2021-02-27,UT Arlington Mavericks,64.0,home,0.6828607773,5.0358782139,True,8.0,4.5
2021-02-27,Arkansas State Red Wolves,56.0,away,0.3171392227,-5.0358782139,False,-8.0,-4.5
2021-02-27,Southern Miss Golden Eagles,66.0,home,0.3735555278,-3.2688932515,False,-7.0,-1.5
2021-02-27,Florida Atlantic Owls,73.0,away,0.6264444722,3.2688932515,True,7.0,1.5
2021-02-27,Alabama A&M Bulldogs,54.0,home,0.216278148,-8.3116102077,False,-1.0,-9.5
2021-02-27,Prairie View A&M Panthers,55.0,away,0.783721852,8.3116102077,True,1.0,9.5
2021-02-27,Troy Trojans,71.0,home,0.2134878111,-8.5866685109,False,-5.0,-6.5
2021-02-27,Coastal Carolina Chanticleers,76.0,away,0.7865121889,8.5866685109,True,5.0,6.5
2021-02-27,Illinois State Redbirds,87.0,home,0.4187737706,-2.2030359791,False,-7.0,-4.5
2021-02-27,Northern Iowa Panthers,94.0,away,0.5812262294,2.2030359791,True,7.0,4.5
2021-02-27,Cal Poly Mustangs,66.0,home,0.2272424606999999,-8.0148168811,False,-2.0,-6.5
2021-02-27,UC Davis Aggies,68.0,away,0.7727575393000001,8.0148168811,True,2.0,6.5
2021-02-27,Valparaiso Beacons,70.0,home,0.3394834375,-4.2537207403,True,12.0,-1.5
2021-02-27,Indiana State Sycamores,58.0,away,0.6605165625000001,4.2537207403,False,-12.0,1.5
2021-02-27,UNC Wilmington Seahawks,77.0,home,0.6743956892,4.7246661122,False,-3.0,1.5
2021-02-27,Elon Phoenix,80.0,away,0.3256043108,-4.7246661122,True,3.0,-1.5
2021-02-27,Duke Blue Devils,73.0,home,0.7062245996000001,5.5177741015,False,-7.0,5.5
2021-02-27,Louisville Cardinals,80.0,away,0.2937754004,-5.5177741015,True,7.0,-5.5
2021-02-27,Denver Pioneers,76.0,home,0.3911922215,-3.1445296712,False,-4.0,1.5
2021-02-27,Omaha Mavericks,80.0,away,0.6088077785,3.1445296712,True,4.0,-1.5
2021-02-27,SIU Edwardsville Cougars,63.0,home,0.473169399,-0.6514948397,False,-6.0,-2.5
2021-02-27,Southeast Missouri State Redhawks,69.0,away,0.526830601,0.6514948397,True,6.0,2.5
2021-02-28,Nebraska Cornhuskers,78.0,home,0.3718728564,-3.7244627902,True,4.0,-2.5
2021-02-28,Minnesota Golden Gophers,74.0,away,0.6281271436,3.7244627902,False,-4.0,2.5
2021-02-28,Siena Saints,64.0,home,0.8373815628,10.0428406514,True,8.0,7.5
2021-02-28,Manhattan Jaspers,56.0,away,0.1626184372,-10.0428406514,False,-8.0,-7.5
2021-02-27,Iowa State Cyclones,72.0,home,0.5046220378,0.120770531,False,-4.0,0.5
2021-02-27,TCU Horned Frogs,76.0,away,0.4953779622,-0.120770531,True,4.0,-0.5
2021-02-28,Bradley Braves,67.0,home,0.2801866911,-5.8098870085,True,6.0,-7.5
2021-02-28,Drake Bulldogs,61.0,away,0.7198133089,5.8098870085,False,-6.0,7.5
2021-02-28,Eastern Kentucky Colonels,89.0,home,0.9122269264,17.3611559359,True,5.0,12.5
2021-02-28,Tennessee State Tigers,84.0,away,0.0877730736,-17.3611559359,False,-5.0,-12.5
2021-02-28,New Orleans Privateers,101.0,home,0.269955655,-7.167274588,False,-4.0,-4.5
2021-02-28,Nicholls Colonels,105.0,away,0.730044345,7.167274588,True,4.0,4.5
2021-02-27,Stanford Cardinal,62.0,home,0.7591957744,7.2461900041,False,-11.0,6.5
2021-02-27,Oregon State Beavers,73.0,away,0.2408042255999999,-7.2461900041,True,11.0,-6.5
2021-02-28,Evansville Purple Aces,72.0,home,0.2000098390999999,-8.1968023869,True,9.0,-5.5
2021-02-28,Missouri State Bears,63.0,away,0.7999901609,8.1968023869,False,-9.0,5.5
2021-02-27,Central Arkansas Bears,84.0,home,0.0983372215999999,-15.3758124118,True,2.0,-16.5
2021-02-27,Abilene Christian Wildcats,82.0,away,0.9016627784,15.3758124118,False,-2.0,16.5
2021-02-28,Duquesne Dukes,86.0,home,0.4985727223,-0.0374322557,True,11.0,1.5
2021-02-28,Rhode Island Rams,75.0,away,0.5014272777,0.0374322557,False,-11.0,-1.5
2021-02-28,Saint Peter's Peacocks,65.0,home,0.8394665373,10.7638933883,False,-13.0,9.5
2021-02-28,Rider Broncs,78.0,away,0.1605334627,-10.7638933883,True,13.0,-9.5
2021-02-28,Wofford Terriers,74.0,home,0.4907558622,-0.2312939014,True,1.0,-2.5
2021-02-28,Furman Paladins,73.0,away,0.5092441378,0.2312939014,False,-1.0,2.5
2021-02-28,South Alabama Jaguars,73.0,home,0.3336114646,-4.5162045678,False,-9.0,-2.5
2021-02-28,Georgia State Panthers,82.0,away,0.6663885354,4.5162045678,True,9.0,2.5
2021-02-27,UTEP Miners,70.0,home,0.6944218623,4.6403247856,True,23.0,4.5
2021-02-27,Charlotte 49ers,47.0,away,0.3055781377,-4.6403247856,False,-23.0,-4.5
2021-02-28,UC Irvine Anteaters,75.0,home,0.9377098193,17.6469678392,True,11.0,13.0
2021-02-28,UC San Diego Tritons,64.0,away,0.0622901807,-17.6469678392,False,-11.0,-13.0
2021-02-28,Delaware State Hornets,68.0,home,0.2192116618,-9.8206793666,False,-13.0,-6.5
2021-02-28,Coppin State Eagles,81.0,away,0.7807883382,9.8206793666,True,13.0,6.5
2021-02-28,North Carolina A&T Aggies,55.0,home,0.7342048711,6.2369385888,True,2.0,2.5
2021-02-28,North Carolina Central Eagles,53.0,away,0.2657951289,-6.2369385888,False,-2.0,-2.5
2021-02-28,Old Dominion Monarchs,73.0,home,0.8095579633,9.293401436,True,13.0,10.5
2021-02-28,Middle Tennessee Blue Raiders,60.0,away,0.1904420367,-9.293401436,False,-13.0,-10.5
2021-02-28,Tarleton State Texans,64.0,home,0.3519136696,-3.6346056309,True,9.0,-9.0
2021-02-28,New Mexico State Aggies,55.0,away,0.6480863303999999,3.6346056309,False,-9.0,9.0
2021-02-28,Utah Valley Wolverines,73.0,home,0.5275023291,0.7865545978,True,9.0,3.5
2021-02-28,UT Rio Grande Valley Vaqueros,64.0,away,0.4724976709,-0.7865545978,False,-9.0,-3.5
2021-02-28,McNeese Cowboys,85.0,home,0.7402472152,7.3064686206,True,27.0,4.5
2021-02-28,Houston Christian Huskies,58.0,away,0.2597527848,-7.3064686206,False,-27.0,-4.5
2021-02-28,Arizona State Sun Devils,77.0,home,0.7002862235,5.8610259558,True,3.0,4.5
2021-02-28,Washington State Cougars,74.0,away,0.2997137765,-5.8610259558,False,-3.0,-4.5
2021-02-28,Tennessee Tech Golden Eagles,71.0,home,0.0903604393,-14.6717624112,True,10.0,-10.5
2021-02-28,Murray State Racers,61.0,away,0.9096395607,14.6717624112,False,-10.0,10.5
2021-02-28,BYU Cougars,65.0,home,0.82858339,9.4839902869,True,14.0,7.5
2021-02-28,Saint Mary's Gaels,51.0,away,0.17141661,-9.4839902869,False,-14.0,-7.5
2021-02-28,Seattle U Redhawks,71.0,home,0.2175938808,-7.9391659309,False,-10.0,-5.5
2021-02-28,Grand Canyon Lopes,81.0,away,0.7824061192,7.9391659309,True,10.0,5.5
2021-02-28,UC Riverside Highlanders,68.0,home,0.3363267518,-4.1436271183,True,16.0,-1.5
2021-02-28,UC Santa Barbara Gauchos,52.0,away,0.6636732482,4.1436271183,False,-16.0,1.5
2021-02-28,South Dakota State Jackrabbits,89.0,home,0.7725909549,7.7274302995,True,12.0,10.5
2021-02-28,Kansas City Roos,77.0,away,0.2274090451,-7.7274302995,False,-12.0,-10.5
2021-02-28,Mississippi Valley State Delta Devils,54.0,home,0.0195717985,-27.3969113104,False,-14.0,-22.5
2021-02-28,Jackson State Tigers,68.0,away,0.9804282015,27.3969113104,True,14.0,22.5
2021-02-28,Pacific Tigers,76.0,home,0.379301584,-3.1285544864,True,7.0,-1.5
2021-02-28,San Francisco Dons,69.0,away,0.620698416,3.1285544864,False,-7.0,1.5
2021-02-28,Colorado Buffaloes,70.0,home,0.7632715068,7.0267989813,True,9.0,6.5
2021-02-28,UCLA Bruins,61.0,away,0.2367284932,-7.0267989813,False,-9.0,-6.5
2021-02-28,Hawai'i Rainbow Warriors,79.0,home,0.783253402,8.593405171,True,3.0,6.5
2021-02-28,Long Beach State Beach,76.0,away,0.216746598,-8.593405171,False,-3.0,-6.5
2021-02-28,Cal State Bakersfield Roadrunners,87.0,home,0.8789294808,12.5238725893,False,-3.0,10.5
2021-02-28,Cal State Northridge Matadors,90.0,away,0.1210705192,-12.5238725893,True,3.0,-10.5
2021-03-06,Purdue Boilermakers,67.0,home,0.7453312932,6.06798034,True,9.0,6.5
2021-03-06,Indiana Hoosiers,58.0,away,0.2546687068,-6.06798034,False,-9.0,-6.5
2021-03-06,Louisville Cardinals,58.0,home,0.3375374323,-3.6752374007,False,-10.0,-1.5
2021-03-06,Virginia Cavaliers,68.0,away,0.6624625677,3.6752374007,True,10.0,1.5
2021-03-06,Notre Dame Fighting Irish,83.0,home,0.3073637579,-5.2786920372,True,10.0,-6.5
2021-03-06,Florida State Seminoles,73.0,away,0.6926362421000001,5.2786920372,False,-10.0,6.5
2021-03-06,UNC Greensboro Spartans,80.0,home,0.837097914,11.3837943913,True,8.0,11.5
2021-03-06,The Citadel Bulldogs,72.0,away,0.162902086,-11.3837943913,False,-8.0,-11.5
2021-03-06,West Virginia Mountaineers,80.0,home,0.7528525792,7.6643222107,False,-5.0,9.5
2021-03-06,Oklahoma State Cowboys,85.0,away,0.2471474208,-7.6643222107,True,5.0,-9.5
2021-03-06,Providence Friars,54.0,home,0.238806252,-7.0251354857,True,2.0,-3.5
2021-03-06,Villanova Wildcats,52.0,away,0.7611937479999998,7.0251354857,False,-2.0,3.5
2021-03-06,UConn Huskies,98.0,home,0.8778340782,11.8630152778,True,16.0,9.5
2021-03-06,Georgetown Hoyas,82.0,away,0.1221659218,-11.8630152778,False,-16.0,-9.5
2021-03-06,Kentucky Wildcats,92.0,home,0.7454860635,7.5538193913,True,28.0,7.5
2021-03-06,South Carolina Gamecocks,64.0,away,0.2545139365,-7.5538193913,False,-28.0,-7.5
2021-03-06,Navy Midshipmen,68.0,home,0.7312493584,6.4458976923,False,-8.0,3.5
2021-03-06,Loyola Maryland Greyhounds,76.0,away,0.2687506416,-6.4458976923,True,8.0,-3.5
2021-03-06,Clemson Tigers,77.0,home,0.7433224886,6.5761683338,True,15.0,8.5
2021-03-06,Pittsburgh Panthers,62.0,away,0.2566775114,-6.5761683338,False,-15.0,-8.5
2021-03-06,Arkansas Razorbacks,87.0,home,0.9334844238,17.1607429131,True,7.0,14.5
2021-03-06,Texas A&M Aggies,80.0,away,0.0665155762,-17.1607429131,False,-7.0,-14.5
2021-03-06,Colgate Raiders,77.0,home,0.9357432817,17.639458963,True,8.0,11.5
2021-03-06,Boston University Terriers,69.0,away,0.0642567183,-17.639458963,False,-8.0,-11.5
2021-03-06,Ohio State Buckeyes,68.0,home,0.4637925635,-0.954115709,False,-5.0,2.5
2021-03-06,Illinois Fighting Illini,73.0,away,0.5362074365,0.954115709,True,5.0,-2.5
2021-03-06,Georgia Bulldogs,79.0,home,0.1860732152,-11.0799585287,False,-10.0,-7.5
2021-03-06,Alabama Crimson Tide,89.0,away,0.8139267848,11.0799585287,True,10.0,7.5
2021-03-06,Bryant Bulldogs,85.0,home,0.872003622,12.659410503,True,30.0,7.5
2021-03-06,Sacred Heart Pioneers,55.0,away,0.127996378,-12.659410503,False,-30.0,-7.5
2021-03-06,Auburn Tigers,78.0,home,0.50037777,0.0099025647,True,7.0,1.5
2021-03-06,Mississippi State Bulldogs,71.0,away,0.49962223,-0.0099025647,False,-7.0,-1.5
2021-03-06,Minnesota Golden Gophers,70.0,home,0.4907776632,-0.2473125558,False,-7.0,-3.5
2021-03-06,Rutgers Scarlet Knights,77.0,away,0.5092223368,0.2473125558,True,7.0,3.5
2021-03-06,Montana State Bobcats,73.0,home,0.6081429693,2.6964686096,False,-1.0,3.5
2021-03-06,Sacramento State Hornets,74.0,away,0.3918570307,-2.6964686096,True,1.0,-3.5
2021-03-06,Loyola Chicago Ramblers,65.0,home,0.9100639764,13.8268905253,True,16.0,11.5
2021-03-06,Indiana State Sycamores,49.0,away,0.0899360236,-13.8268905253,False,-16.0,-11.5
2021-03-06,Utah Utes,98.0,home,0.6399654209,3.8333182603,True,39.0,3.5
2021-03-06,Arizona State Sun Devils,59.0,away,0.3600345790999999,-3.8333182603,False,-39.0,-3.5
2021-03-06,UMBC Retrievers,77.0,home,0.7575616334,7.380605678,False,-2.0,5.5
2021-03-06,UMass Lowell River Hawks,79.0,away,0.2424383665999999,-7.380605678,True,2.0,-5.5
2021-03-06,Marshall Thundering Herd,75.0,home,0.91270394,14.5803317239,True,9.0,11.5
2021-03-06,Charlotte 49ers,66.0,away,0.0872960599999999,-14.5803317239,False,-9.0,-11.5
2021-03-06,Lafayette Leopards,84.0,home,0.5940435195,2.5527944127,False,-8.0,2.5
2021-03-06,Bucknell Bison,92.0,away,0.4059564805,-2.5527944127,True,8.0,-2.5
2021-03-06,Elon Phoenix,69.0,home,0.5689060822,1.7292006457,True,21.0,3.5
2021-03-06,Towson Tigers,48.0,away,0.4310939178,-1.7292006457,False,-21.0,-3.5
2021-03-06,Northwestern State Demons,79.0,home,0.5845081377,2.4005732532,True,9.0,2.5
2021-03-06,Central Arkansas Bears,70.0,away,0.4154918623,-2.4005732532,False,-9.0,-2.5
2021-03-06,Wagner Seahawks,60.0,home,0.6117083395,2.5243491556,False,-6.0,4.5
2021-03-06,Mount St. Mary's Mountaineers,66.0,away,0.3882916605,-2.5243491556,True,6.0,-4.5
2021-03-06,Missouri Tigers,80.0,home,0.4760967638,-0.6413695363,False,-6.0,2.5
2021-03-06,LSU Tigers,86.0,away,0.5239032362,0.6413695363,True,6.0,-2.5
2021-03-06,Portland State Vikings,54.0,home,0.289351495,-6.1709983794,False,-19.0,-4.5
2021-03-06,Southern Utah Thunderbirds,73.0,away,0.7106485050000001,6.1709983794,True,19.0,4.5
2021-03-06,Montana Grizzlies,80.0,home,0.997065666,39.640348238,True,18.0,0.0
2021-03-06,Warner Pacific Knights,62.0,away,0.0029343339999999,-39.640348238,False,-18.0,0.0
2021-03-06,Army Black Knights,89.0,home,0.7324486751000001,6.3975020104,True,23.0,4.5
2021-03-06,American University Eagles,66.0,away,0.2675513249,-6.3975020104,False,-23.0,-4.5
2021-03-06,Chattanooga Mocs,53.0,home,0.467557888,-0.7883022869,False,-10.0,-3.5
2021-03-06,East Tennessee State Buccaneers,63.0,away,0.532442112,0.7883022869,True,10.0,3.5
2021-03-06,Prairie View A&M Panthers,81.0,home,0.8714525873,12.6358961916,True,12.0,12.5
2021-03-06,Alcorn State Braves,69.0,away,0.1285474127,-12.6358961916,False,-12.0,-12.5
2021-03-06,Drake Bulldogs,71.0,home,0.7246625069,6.0837736435,True,2.0,1.5
2021-03-06,Missouri State Bears,69.0,away,0.2753374931,-6.0837736435,False,-2.0,-1.5
2021-03-06,Vermont Catamounts,65.0,home,0.8390968734,10.2382920429,False,-6.0,9.5
2021-03-06,Hartford Hawks,71.0,away,0.1609031265999999,-10.2382920429,True,6.0,-9.5
2021-03-06,UCLA Bruins,63.0,home,0.46273287,-0.8261420158,False,-1.0,-2.5
2021-03-06,USC Trojans,64.0,away,0.53726713,0.8261420158,True,1.0,2.5
2021-03-06,Abilene Christian Wildcats,85.0,home,0.964475499,20.7532416769,True,25.0,19.5
2021-03-06,Incarnate Word Cardinals,60.0,away,0.035524501,-20.7532416769,False,-25.0,-19.5
2021-03-06,Texas Southern Tigers,80.0,home,0.7171486122,6.5726221056,True,6.0,5.5
2021-03-06,Southern Jaguars,74.0,away,0.2828513878,-6.5726221056,False,-6.0,-5.5
2021-03-06,Kansas State Wildcats,61.0,home,0.4389739311999999,-1.5675144464,True,5.0,5.5
2021-03-06,Iowa State Cyclones,56.0,away,0.5610260688,1.5675144464,False,-5.0,-5.5
2021-03-06,Delaware State Hornets,82.0,home,0.0836488526,-17.6455446307,True,7.0,-14.5
2021-03-06,Morgan State Bears,75.0,away,0.9163511474,17.6455446307,False,-7.0,14.5
2021-03-06,Western Kentucky Hilltoppers,60.0,home,0.8104510576,9.2303399978,True,3.0,6.5
2021-03-06,Old Dominion Monarchs,57.0,away,0.1895489424,-9.2303399978,False,-3.0,-6.5
2021-03-06,North Texas Mean Green,61.0,home,0.6459587321,3.7193527495,False,-4.0,4.5
2021-03-06,UAB Blazers,65.0,away,0.3540412679,-3.7193527495,True,4.0,-4.5
2021-03-06,Wofford Terriers,61.0,home,0.6222207996,3.1334941702,False,-1.0,3.5
2021-03-06,Mercer Bears,62.0,away,0.3777792003999999,-3.1334941702,True,1.0,-3.5
2021-03-06,St. Bonaventure Bonnies,71.0,home,0.5319168582,0.7811933846,True,18.0,-2.5
2021-03-06,Saint Louis Billikens,53.0,away,0.4680831418,-0.7811933846,False,-18.0,2.5
2021-03-06,Houston Christian Huskies,70.0,home,0.6872489451,5.4156971241,False,-24.0,5.5
2021-03-06,Texas A&M-Corpus Christi Islanders,94.0,away,0.3127510549,-5.4156971241,True,24.0,-5.5
2021-03-06,Creighton Bluejays,93.0,home,0.9100396139,14.3773053045,True,20.0,12.5
2021-03-06,Butler Bulldogs,73.0,away,0.0899603861,-14.3773053045,False,-20.0,-12.5
2021-03-06,McNeese Cowboys,51.0,home,0.7117192937,6.0307162592,False,-9.0,1.5
2021-03-06,Lamar Cardinals,60.0,away,0.2882807063,-6.0307162592,True,9.0,-1.5
2021-03-06,Jackson State Tigers,79.0,home,0.8876168393,14.0450360132,True,25.0,13.5
2021-03-06,Alabama State Hornets,54.0,away,0.1123831607,-14.0450360132,False,-25.0,-13.5
2021-03-06,Sam Houston Bearkats,59.0,home,0.6017331411,2.8321451005,False,-5.0,-1.5
2021-03-06,Stephen F. Austin Lumberjacks,64.0,away,0.3982668589,-2.8321451005,True,5.0,1.5
2021-03-06,South Dakota State Jackrabbits,84.0,home,0.9267303752,17.6603787271,True,13.0,13.5
2021-03-06,Omaha Mavericks,71.0,away,0.0732696248,-17.6603787271,False,-13.0,-13.5
2021-03-06,Louisiana Ragin' Cajuns,79.0,home,0.3822666477,-3.1861062114,True,11.0,2.5
2021-03-06,South Alabama Jaguars,68.0,away,0.6177333523,3.1861062114,False,-11.0,-2.5
2021-03-07,St. John's Red Storm,81.0,home,0.4940399238,-0.1654889909,True,10.0,-2.5
2021-03-07,Seton Hall Pirates,71.0,away,0.5059600762,0.1654889909,False,-10.0,2.5
2021-03-06,North Carolina Tar Heels,91.0,home,0.5901475243,2.5016940169,True,18.0,2.5
2021-03-06,Duke Blue Devils,73.0,away,0.4098524757,-2.5016940169,False,-18.0,-2.5
2021-03-06,Georgia State Panthers,71.0,home,0.8543366691,11.5238682239,True,3.0,8.5
2021-03-06,Arkansas State Red Wolves,68.0,away,0.1456633309,-11.5238682239,False,-3.0,-8.5
2021-03-07,William & Mary Tribe,73.0,home,0.2236760461,-8.1986419995,True,13.0,-4.5
2021-03-07,UNC Wilmington Seahawks,60.0,away,0.7763239539,8.1986419995,False,-13.0,4.5
2021-03-07,Ole Miss Rebels,56.0,home,0.7847458093,8.2230491108,True,10.0,9.5
2021-03-07,Vanderbilt Commodores,46.0,away,0.2152541907,-8.2230491108,False,-10.0,-9.5
2021-03-07,UC Davis Aggies,74.0,home,0.5015897196,0.0409136258,True,8.0,3.5
2021-03-07,Hawai'i Rainbow Warriors,66.0,away,0.4984102804,-0.0409136258,False,-8.0,-3.5
2021-03-07,Cal State Northridge Matadors,65.0,home,0.1498793779,-11.3022543136,False,-1.0,-8.5
2021-03-07,UC Riverside Highlanders,66.0,away,0.8501206221,11.3022543136,True,1.0,8.5
2021-03-07,Furman Paladins,90.0,home,0.7678635502,7.970283583,False,-1.0,8.5
2021-03-07,VMI Keydets,91.0,away,0.2321364498,-7.970283583,True,1.0,-8.5
2021-03-07,Long Beach State Beach,58.0,home,0.1420849682,-12.3903992034,False,-15.0,-8.5
2021-03-07,UC Irvine Anteaters,73.0,away,0.8579150318,12.3903992034,True,15.0,8.5
2021-03-07,Belmont Bruins,71.0,home,0.7573805056,7.2351295492,False,-15.0,7.5
2021-03-07,Morehead State Eagles,86.0,away,0.2426194944,-7.2351295492,True,15.0,-7.5
2021-03-07,New Orleans Privateers,81.0,home,0.7352826692,7.1086941679,True,5.0,7.5
2021-03-07,SE Louisiana Lions,76.0,away,0.2647173308,-7.1086941679,False,-5.0,-7.5
2021-03-07,UC Santa Barbara Gauchos,70.0,home,0.982073541,24.2069029088,True,16.0,18.5
2021-03-07,Cal Poly Mustangs,54.0,away,0.017926459,-24.2069029088,False,-16.0,-18.5
2021-03-07,Texas State Bobcats,73.0,home,0.4557278334,-1.0105889626,False,-3.0,4.5
2021-03-07,App State Mountaineers,76.0,away,0.5442721666,1.0105889626,True,3.0,-4.5
2021-03-07,UT Rio Grande Valley Vaqueros,58.0,home,0.472363442,-0.7402101203,False,-11.0,3.0
2021-03-07,Tarleton State Texans,69.0,away,0.527636558,0.7402101203,True,11.0,-3.0
2021-03-07,Marquette Golden Eagles,66.0,home,0.47063547,-0.7684392509,True,7.0,1.5
2021-03-07,Xavier Musketeers,59.0,away,0.52936453,0.7684392509,False,-7.0,-1.5
2021-03-07,UC San Diego Tritons,85.0,home,0.4347079748,-1.7958098195,True,7.0,2.5
2021-03-07,Cal State Fullerton Titans,78.0,away,0.5652920252,1.7958098195,False,-7.0,-2.5
2021-03-07,Utah Tech Trailblazers,56.0,home,0.1337831131,-11.9385002241,False,-12.0,-12.5
2021-03-07,New Mexico State Aggies,68.0,away,0.8662168869,11.9385002241,True,12.0,12.5
2021-03-07,Coastal Carolina Chanticleers,86.0,home,0.8314985994,10.3964071598,True,18.0,9.5
2021-03-07,Troy Trojans,68.0,away,0.1685014005999999,-10.3964071598,False,-18.0,-9.5
2021-03-07,Fresno State Bulldogs,51.0,home,0.1318894826,-11.831728396,False,-6.0,-9.5
2021-03-07,Utah State Aggies,57.0,away,0.8681105174,11.831728396,True,6.0,9.5
2021-03-07,Grambling Tigers,80.0,home,0.7169488471,6.0121589609,True,8.0,7.5
2021-03-07,Alabama A&M Bulldogs,72.0,away,0.2830511529,-6.0121589609,False,-8.0,-7.5
2021-03-07,VCU Rams,64.0,home,0.502341295,0.0583220999,True,12.0,1.5
2021-03-07,Davidson Wildcats,52.0,away,0.497658705,-0.0583220999,False,-12.0,-1.5
2021-03-07,Saint Mary's Gaels,52.0,home,0.5073453503,0.1669311359,True,5.0,5.5
2021-03-07,Loyola Marymount Lions,47.0,away,0.4926546497,-0.1669311359,False,-5.0,-5.5
2021-03-07,Grand Canyon Lopes,74.0,home,0.8985630669,14.064767324,True,10.0,6.5
2021-03-07,Utah Valley Wolverines,64.0,away,0.1014369331,-14.064767324,False,-10.0,-6.5
2021-03-07,California Baptist Lancers,79.0,home,0.6652002924,4.4805933283,True,3.0,3.5
2021-03-07,Seattle U Redhawks,76.0,away,0.3347997076,-4.4805933283,False,-3.0,-3.5
2021-03-07,South Dakota Coyotes,86.0,home,0.8228113333,10.4497797703,True,17.0,7.5
2021-03-07,Western Illinois Leathernecks,69.0,away,0.1771886667,-10.4497797703,False,-17.0,-7.5
2021-03-07,Pepperdine Waves,78.0,home,0.6366615172,3.8607950166,True,8.0,3.5
2021-03-07,Santa Clara Broncos,70.0,away,0.3633384828,-3.8607950166,False,-8.0,-3.5
2021-03-07,Wyoming Cowboys,80.0,home,0.3437799379,-4.0781576832,True,11.0,-1.5
2021-03-07,UNLV Rebels,69.0,away,0.6562200621,4.0781576832,False,-11.0,1.5
2021-03-06,Wichita State Shockers,80.0,home,0.832777626,10.3048090511,True,17.0,11.5
2021-03-06,South Florida Bulls,63.0,away,0.167222374,-10.3048090511,False,-17.0,-11.5
2021-03-10,Wyoming Cowboys,111.0,home,0.8689121361,12.7409735203,True,31.0,12.5
2021-03-10,San José State Spartans,80.0,away,0.1310878639,-12.7409735203,False,-31.0,-12.5
2021-03-10,Arizona State Sun Devils,64.0,home,0.5443770517,1.2173500734,True,5.0,1.5
2021-03-10,Washington State Cougars,59.0,away,0.4556229483,-1.2173500734,False,-5.0,-1.5
2021-03-11,Marshall Thundering Herd,68.0,home,0.8643062519,13.1922082306,False,-4.0,9.5
2021-03-11,Rice Owls,72.0,away,0.1356937481,-13.1922082306,True,4.0,-9.5
2021-03-10,UNLV Rebels,80.0,home,0.9468336796,16.2977902677,True,28.0,11.5
2021-03-10,Air Force Falcons,52.0,away,0.0531663204,-16.2977902677,False,-28.0,-11.5
2021-03-10,Syracuse Orange,89.0,home,0.5192939186,0.5120894619,True,21.0,2.5
2021-03-10,NC State Wolfpack,68.0,away,0.4807060814,-0.5120894619,False,-21.0,-2.5
2021-03-10,Georgetown Hoyas,68.0,home,0.4512702802,-1.2817200478,True,19.0,-3.5
2021-03-10,Marquette Golden Eagles,49.0,away,0.5487297198,1.2817200478,False,-19.0,3.5
2021-03-10,Portland State Vikings,66.0,home,0.7568401776,6.961816901,False,-11.0,5.5
2021-03-10,Northern Arizona Lumberjacks,77.0,away,0.2431598224,-6.961816901,True,11.0,-5.5
2021-03-10,TCU Horned Frogs,50.0,home,0.7177487908000001,5.4645800608,False,-21.0,2.5
2021-03-10,Kansas State Wildcats,71.0,away,0.2822512092,-5.4645800608,True,21.0,-2.5
2021-03-10,Montana Grizzlies,69.0,home,0.9369244156,16.4636696068,True,5.0,13.5
2021-03-10,Idaho Vandals,64.0,away,0.0630755844,-16.4636696068,False,-5.0,-13.5
2021-03-10,Jackson State Tigers,74.0,home,0.876197576,12.6892251065,True,12.0,10.5
2021-03-10,Arkansas-Pine Bluff Golden Lions,62.0,away,0.123802424,-12.6892251065,False,-12.0,-10.5
2021-03-10,Army Black Knights,63.0,home,0.6780117830000001,4.8914837956,False,-4.0,3.5
2021-03-10,Loyola Maryland Greyhounds,67.0,away,0.321988217,-4.8914837956,True,4.0,-3.5
2021-03-10,New Orleans Privateers,80.0,home,0.6623298363,4.6905629067,True,17.0,4.5
2021-03-10,SE Louisiana Lions,63.0,away,0.3376701637,-4.6905629067,False,-17.0,-4.5
2021-03-10,UTSA Roadrunners,72.0,home,0.6517623866,3.8754326243,True,10.0,5.5
2021-03-10,Charlotte 49ers,62.0,away,0.3482376134,-3.8754326243,False,-10.0,-5.5
2021-03-10,Northern Colorado Bears,90.0,home,0.403169777,-2.3716725146,True,7.0,2.5
2021-03-10,Sacramento State Hornets,83.0,away,0.596830223,2.3716725146,False,-7.0,-2.5
2021-03-10,Louisville Cardinals,56.0,home,0.3602515285,-3.573376702,False,-14.0,-3.5
2021-03-10,Duke Blue Devils,70.0,away,0.6397484715,3.573376702,True,14.0,3.5
2021-03-10,Siena Saints,52.0,home,0.516486327,0.4177258544,False,-3.0,-1.5
2021-03-10,Iona Gaels,55.0,away,0.483513673,-0.4177258544,True,3.0,1.5
2021-03-11,Utah Utes,98.0,home,0.8318439551,10.5956951682,True,3.0,7.5
2021-03-11,Washington Huskies,95.0,away,0.1681560449,-10.5956951682,False,-3.0,-7.5
2021-03-10,Clemson Tigers,64.0,home,0.8526604527,10.6648831026,False,-3.0,7.5
2021-03-10,Miami Hurricanes,67.0,away,0.1473395473,-10.6648831026,True,3.0,-7.5
2021-03-10,Northwestern Wildcats,46.0,home,0.5189526193,0.508095407,False,-5.0,0.5
2021-03-10,Minnesota Golden Gophers,51.0,away,0.4810473807,-0.508095407,True,5.0,-0.5
2021-03-10,Xavier Musketeers,69.0,home,0.7340603632,6.3102091503,False,-1.0,6.5
2021-03-10,Butler Bulldogs,70.0,away,0.2659396368,-6.3102091503,True,1.0,-6.5
2021-03-11,Vanderbilt Commodores,79.0,home,0.6306750706,3.2719510191,True,11.0,-7.5
2021-03-11,Texas A&M Aggies,68.0,away,0.3693249294,-3.2719510191,False,-11.0,-1.5
2021-03-11,Lamar Cardinals,62.0,home,0.6251350535,3.5180176777,True,10.0,5.5
2021-03-11,Houston Christian Huskies,52.0,away,0.3748649465,-3.5180176777,False,-10.0,-5.5
2021-03-11,Fresno State Bulldogs,85.0,home,0.7260462658,5.902342542,True,8.0,8.5
2021-03-11,New Mexico Lobos,77.0,away,0.2739537342,-5.902342542,False,-8.0,-8.5
2021-03-11,North Carolina Tar Heels,101.0,home,0.7058694198,5.874743574,True,42.0,6.5
2021-03-11,Notre Dame Fighting Irish,59.0,away,0.2941305802,-5.874743574,False,-42.0,-6.5
2021-03-11,Providence Friars,62.0,home,0.7920921279999998,8.5832139171,False,-8.0,6.5
2021-03-11,DePaul Blue Demons,70.0,away,0.207907872,-8.5832139171,True,8.0,-6.5
2021-03-11,Prairie View A&M Panthers,91.0,home,0.9909926049,32.1872593683,True,27.0,26.5
2021-03-11,Mississippi Valley State Delta Devils,64.0,away,0.0090073951,-32.1872593683,False,-27.0,-26.5
2021-03-11,Monmouth Hawks,60.0,home,0.8128215774,9.9207318209,False,-19.0,7.5
2021-03-11,Fairfield Stags,79.0,away,0.1871784226,-9.9207318209,True,19.0,-7.5
2021-03-11,Stanford Cardinal,58.0,home,0.7889345091,8.304092116,False,-18.0,7.5
2021-03-11,California Golden Bears,76.0,away,0.2110654909,-8.304092116,True,18.0,-7.5
2021-03-11,Oklahoma Sooners,79.0,home,0.90497401,14.6257611816,True,6.0,-2.5
2021-03-11,Iowa State Cyclones,73.0,away,0.09502599,-14.6257611816,False,-6.0,-11.5
2021-03-11,North Texas Mean Green,76.0,home,0.9419766771,17.2135290085,True,20.0,15.5
2021-03-11,Middle Tennessee Blue Raiders,56.0,away,0.0580233229,-17.2135290085,False,-20.0,-15.5
2021-03-11,Penn State Nittany Lions,72.0,home,0.7863317739,8.8744876134,True,6.0,6.5
2021-03-11,Nebraska Cornhuskers,66.0,away,0.2136682261,-8.8744876134,False,-6.0,-6.5
2021-03-11,Florida Atlantic Owls,76.0,home,0.5164428348,0.4201477544,True,6.0,-3.5
2021-03-11,UTEP Miners,70.0,away,0.4835571652,-0.4201477544,False,-6.0,3.5
2021-03-11,Colgate Raiders,105.0,home,0.932449084,18.8516861576,True,30.0,11.5
2021-03-11,Bucknell Bison,75.0,away,0.067550916,-18.8516861576,False,-30.0,-11.5
2021-03-13,Arkansas Razorbacks,71.0,home,0.5751541903,2.1400671218,False,-7.0,3.5
2021-03-13,LSU Tigers,78.0,away,0.4248458097,-2.1400671218,True,7.0,-3.5
2021-03-13,Fairfield Stags,51.0,home,0.184567595,-9.1978337249,False,-9.0,-8.5
2021-03-13,Iona Gaels,60.0,away,0.8154324049999999,9.1978337249,True,9.0,8.5
2021-03-13,Illinois Fighting Illini,82.0,home,0.4862425484,-0.3754039782,True,11.0,2.5
2021-03-13,Iowa Hawkeyes,71.0,away,0.5137574516,0.3754039782,False,-11.0,-2.5
2021-03-13,Houston Cougars,76.0,home,0.8509168888,11.1553728273,True,2.0,6.5
2021-03-13,Memphis Tigers,74.0,away,0.1490831112,-11.1553728273,False,-2.0,-6.5
2021-03-13,Prairie View A&M Panthers,61.0,home,0.5705964312,1.9755487189,False,-19.0,2.5
2021-03-13,Texas Southern Tigers,80.0,away,0.4294035688,-1.9755487189,True,19.0,-2.5
2021-03-14,Western Kentucky Hilltoppers,57.0,home,0.3998881841,-2.4567480041,False,-4.0,2.5
2021-03-14,North Texas Mean Green,61.0,away,0.6001118159,2.4567480041,True,4.0,-2.5
2021-03-14,Florida State Seminoles,75.0,home,0.6263086965,3.4344682686,False,-5.0,4.5
2021-03-14,Georgia Tech Yellow Jackets,80.0,away,0.3736913035,-3.4344682686,True,5.0,-4.5
2021-03-14,Eastern Washington Eagles,65.0,home,0.7997349454,9.486620114,True,10.0,7.5
2021-03-14,Montana State Bobcats,55.0,away,0.2002650546,-9.486620114,False,-10.0,-7.5
2021-03-13,Alabama Crimson Tide,73.0,home,0.4946039555999999,-0.1471682751,True,5.0,3.5
2021-03-13,Tennessee Volunteers,68.0,away,0.5053960444,0.1471682751,False,-5.0,-3.5
2021-03-13,Michigan Wolverines,67.0,home,0.6340276422,3.4482406079,False,-1.0,5.5
2021-03-13,Ohio State Buckeyes,68.0,away,0.3659723578,-3.4482406079,True,1.0,-5.5
2021-03-13,Hartford Hawks,64.0,home,0.6232172158,3.2374129336,True,14.0,1.5
2021-03-13,UMass Lowell River Hawks,50.0,away,0.3767827842,-3.2374129336,False,-14.0,-1.5
2021-03-13,Wichita State Shockers,59.0,home,0.6016919891,2.7801430509,False,-1.0,4.5
2021-03-13,Cincinnati Bearcats,60.0,away,0.3983080109,-2.7801430509,True,1.0,-4.5
2021-03-13,Texas Longhorns,91.0,home,0.6154772083,2.944609072,True,5.0,2.5
2021-03-13,Oklahoma State Cowboys,86.0,away,0.3845227917,-2.944609072,False,-5.0,-2.5
2021-03-14,Colorado Buffaloes,68.0,home,0.8521024464,10.1391553197,False,-2.0,8.5
2021-03-14,Oregon State Beavers,70.0,away,0.1478975536,-10.1391553197,True,2.0,-8.5
2021-03-13,San Diego State Aztecs,68.0,home,0.6348555954,3.5061368109,True,11.0,1.5
2021-03-13,Utah State Aggies,57.0,away,0.3651444046,-3.5061368109,False,-11.0,-1.5
2021-03-13,Creighton Bluejays,48.0,home,0.8026954199,9.4315969643,False,-25.0,8.5
2021-03-13,Georgetown Hoyas,73.0,away,0.1973045801,-9.4315969643,True,25.0,-8.5
2021-03-14,Grand Canyon Lopes,74.0,home,0.6919719942,4.6902535654,True,18.0,-1.5
2021-03-14,New Mexico State Aggies,56.0,away,0.3080280058,-4.6902535654,False,-18.0,1.5
2021-03-14,Nicholls Colonels,45.0,home,0.3010814894,-5.6621287069,False,-34.0,-6.5
2021-03-14,Abilene Christian Wildcats,79.0,away,0.6989185106,5.6621287069,True,34.0,6.5
2021-03-14,Buffalo Bulls,69.0,home,0.5785872258,2.2277059397,False,-15.0,2.5
2021-03-14,Ohio Bobcats,84.0,away,0.4214127742,-2.2277059397,True,15.0,-2.5
2021-03-13,Norfolk State Spartans,71.0,home,0.5120521872,0.3267997865,True,8.0,2.5
2021-03-13,Morgan State Bears,63.0,away,0.4879478128,-0.3267997865,False,-8.0,-2.5
2021-03-14,UC Santa Barbara Gauchos,79.0,home,0.6078792313,2.7294316936,True,16.0,2.5
2021-03-14,UC Irvine Anteaters,63.0,away,0.3921207687,-2.7294316936,False,-16.0,-2.5
2021-03-12,Michigan Wolverines,79.0,home,0.8045959626,8.5743809654,True,13.0,8.5
2021-03-12,Maryland Terrapins,66.0,away,0.1954040374,-8.5743809654,False,-13.0,-8.5
2021-03-12,Toledo Rockets,80.0,home,0.662732031,4.4742881308,False,-7.0,2.5
2021-03-12,Ohio Bobcats,87.0,away,0.3372679689999999,-4.4742881308,True,7.0,-2.5
2021-03-12,Louisiana Tech Bulldogs,48.0,home,0.4825973703999999,-0.4298261128,False,-6.0,-1.5
2021-03-12,North Texas Mean Green,54.0,away,0.5174026296,0.4298261128,True,6.0,1.5
2021-03-12,Coppin State Eagles,61.0,home,0.3382930911999999,-5.1299750591,False,-21.0,-4.5
2021-03-12,Morgan State Bears,82.0,away,0.6617069088,5.1299750591,True,21.0,4.5
2021-03-12,Baylor Bears,74.0,home,0.8665557941,12.7089280252,False,-9.0,8.5
2021-03-12,Oklahoma State Cowboys,83.0,away,0.1334442059,-12.7089280252,True,9.0,-8.5
2021-03-12,Illinois Fighting Illini,90.0,home,0.8139422358,9.7547344904,True,22.0,7.5
2021-03-12,Rutgers Scarlet Knights,68.0,away,0.1860577642,-9.7547344904,False,-22.0,-7.5
2021-03-12,Nicholls Colonels,88.0,home,0.8166026703,10.5550345226,True,12.0,9.5
2021-03-12,Northwestern State Demons,76.0,away,0.1833973297,-10.5550345226,False,-12.0,-9.5
2021-03-13,Southern Utah Thunderbirds,77.0,home,0.780613056,8.629408786,False,-3.0,5.5
2021-03-13,Montana State Bobcats,80.0,away,0.219386944,-8.629408786,True,3.0,-5.5
2021-03-13,Houston Cougars,77.0,home,0.9733066282,22.3962593177,True,25.0,6.5
2021-03-13,Tulane Green Wave,52.0,away,0.0266933717999999,-22.3962593177,False,-25.0,-18.5
2021-03-12,Jackson State Tigers,81.0,home,0.4298510292,-1.8913363501,False,-3.0,-2.5
2021-03-12,Texas Southern Tigers,84.0,away,0.5701489708,1.8913363501,True,3.0,2.5
2021-03-12,Purdue Boilermakers,78.0,home,0.426358027,-1.8170335338,False,-9.0,-1.5
2021-03-12,Ohio State Buckeyes,87.0,away,0.573641973,1.8170335338,True,9.0,1.5
2021-03-12,Wichita State Shockers,68.0,home,0.7918168475,8.6006463818,True,1.0,10.5
2021-03-12,South Florida Bulls,67.0,away,0.2081831525,-8.6006463818,False,-1.0,-10.5
2021-03-12,Tennessee Volunteers,78.0,home,0.6463975261999999,3.7733587245,True,12.0,5.5
2021-03-12,Florida Gators,66.0,away,0.3536024738,-3.7733587245,False,-12.0,-5.5
2021-03-12,Western Kentucky Hilltoppers,64.0,home,0.4336137585,-1.7046956598,True,4.0,2.5
2021-03-12,UAB Blazers,60.0,away,0.5663862415,1.7046956598,False,-4.0,-2.5
2021-03-12,Alabama Crimson Tide,85.0,home,0.7333969936,6.8238130977,True,37.0,7.5
2021-03-12,Mississippi State Bulldogs,48.0,away,0.2666030064,-6.8238130977,False,-37.0,-7.5
2021-03-13,Grand Canyon Lopes,81.0,home,0.8362364588,10.1396892702,True,34.0,6.5
2021-03-13,Seattle U Redhawks,47.0,away,0.1637635411999999,-10.1396892702,False,-34.0,-6.5
2021-03-13,Buffalo Bulls,81.0,home,0.6348355574,3.863670921,True,7.0,4.5
2021-03-13,Akron Zips,74.0,away,0.3651644426,-3.863670921,False,-7.0,-4.5
2021-03-12,Seton Hall Pirates,58.0,home,0.6452719663,3.9530122275,False,-8.0,3.5
2021-03-12,Georgetown Hoyas,66.0,away,0.3547280337,-3.9530122275,True,8.0,-3.5
2021-03-12,Niagara Purple Eagles,64.0,home,0.3271587417,-4.4608677739,False,-6.0,-5.5
2021-03-12,Iona Gaels,70.0,away,0.6728412583,4.4608677739,True,6.0,5.5
2021-03-12,SMU Mustangs,71.0,home,0.7857311647,8.852551401,False,-3.0,5.5
2021-03-12,Cincinnati Bearcats,74.0,away,0.2142688353,-8.852551401,True,3.0,-5.5
2021-03-13,Oregon Ducks,64.0,home,0.7663251147,7.1606712683,False,-11.0,8.5
2021-03-13,Oregon State Beavers,75.0,away,0.2336748853,-7.1606712683,True,11.0,-8.5
2021-03-13,Saint Peter's Peacocks,47.0,home,0.7513303320999999,6.800353903,False,-5.0,6.5
2021-03-13,Fairfield Stags,52.0,away,0.2486696679,-6.800353903,True,5.0,-8.5
2021-03-13,UC Santa Barbara Gauchos,71.0,home,0.8757331217,12.3865746802,True,16.0,10.5
2021-03-13,UC Davis Aggies,55.0,away,0.1242668783,-12.3865746802,False,-16.0,-10.5
2021-03-13,LSU Tigers,76.0,home,0.6057906692,2.5422632053,True,3.0,-3.5
2021-03-13,Ole Miss Rebels,73.0,away,0.3942093308,-2.5422632053,False,-3.0,-1.5
2021-03-13,Arkansas Razorbacks,70.0,home,0.7018465439,5.9205019347,True,6.0,3.5
2021-03-13,Missouri Tigers,64.0,away,0.2981534561,-5.9205019347,False,-6.0,-5.5
2021-03-13,USC Trojans,70.0,home,0.5223365216,0.5377018853,False,-2.0,-1.5
2021-03-13,Colorado Buffaloes,72.0,away,0.4776634784,-0.5377018853,True,2.0,1.5
2021-03-13,Creighton Bluejays,59.0,home,0.528156107,0.7211355226,True,3.0,8.5
2021-03-13,UConn Huskies,56.0,away,0.471843893,-0.7211355226,False,-3.0,-1.5
2021-03-13,Florida State Seminoles,69.0,home,0.4994677194999999,-0.0150597674,True,3.0,2.5
2021-03-13,North Carolina Tar Heels,66.0,away,0.5005322805,0.0150597674,False,-3.0,-2.5
2021-03-13,UC Irvine Anteaters,78.0,home,0.514828752,0.3734773759,True,17.0,1.5
2021-03-13,UC Riverside Highlanders,61.0,away,0.485171248,-0.3734773759,False,-17.0,-1.5
2021-03-13,Iowa Hawkeyes,62.0,home,0.7506830485,6.7486929182,True,5.0,-2.5
2021-03-13,Wisconsin Badgers,57.0,away,0.2493169515,-6.7486929182,False,-5.0,-4.5
2021-03-13,Prairie View A&M Panthers,75.0,home,0.7353950695,6.8058058008,True,12.0,2.5
2021-03-13,Grambling Tigers,63.0,away,0.2646049305,-6.8058058008,False,-12.0,-6.5
2021-03-13,Abilene Christian Wildcats,93.0,home,0.9087516019,15.1876267402,True,22.0,13.5
2021-03-13,Lamar Cardinals,71.0,away,0.0912483981,-15.1876267402,False,-22.0,-13.5
2021-03-13,Utah Valley Wolverines,62.0,home,0.2405969908999999,-7.0821720158,False,-16.0,-5.5
2021-03-13,New Mexico State Aggies,78.0,away,0.7594030091,7.0821720158,True,16.0,5.5
2021-03-13,Utah State Aggies,62.0,home,0.6279294785,3.2889689625,True,12.0,-1.5
2021-03-13,Colorado State Rams,50.0,away,0.3720705215,-3.2889689625,False,-12.0,-4.5
2021-03-13,Memphis Tigers,70.0,home,0.7854558616,8.6668801442,True,8.0,-6.5
2021-03-13,UCF Knights,62.0,away,0.2145441384,-8.6668801442,False,-8.0,-6.5
2021-03-13,San Diego State Aztecs,77.0,home,0.8506038028,11.1925637567,True,7.0,1.5
2021-03-13,Nevada Wolf Pack,70.0,away,0.1493961972,-11.1925637567,False,-7.0,-7.5
2021-03-13,Eastern Washington Eagles,78.0,home,0.7016689756,5.6755874418,True,28.0,6.5
2021-03-13,Montana Grizzlies,50.0,away,0.2983310244,-5.6755874418,False,-28.0,-6.5
2021-03-17,Richmond Spiders,76.0,home,0.555057363,1.4682562109,True,10.0,-4.5
2021-03-17,Toledo Rockets,66.0,away,0.444942637,-1.4682562109,False,-10.0,4.5
2021-03-18,Saint Mary's Gaels,67.0,home,0.4604462262,-0.9485991601,False,-2.0,1.5
2021-03-18,Western Kentucky Hilltoppers,69.0,away,0.5395537738,0.9485991601,True,2.0,-1.5
2021-03-19,Michigan State Spartans,80.0,home,0.4152404664,-2.0592934746,False,-6.0,2.5
2021-03-19,UCLA Bruins,86.0,away,0.5847595336,2.0592934746,True,6.0,-2.5
2021-03-19,Boise State Broncos,85.0,home,0.4599400335,-1.0488534258,True,1.0,0.5
2021-03-19,SMU Mustangs,84.0,away,0.5400599665,1.0488534258,False,-1.0,-0.5
2021-03-18,Wichita State Shockers,52.0,home,0.3460917576,-4.0128341609,False,-1.0,-1.5
2021-03-18,Drake Bulldogs,53.0,away,0.6539082424,4.0128341609,True,1.0,1.5
2021-03-18,Mount St. Mary's Mountaineers,52.0,home,0.5177044893,0.4469056369,False,-8.0,1.5
2021-03-18,Texas Southern Tigers,60.0,away,0.4822955107,-0.4469056369,True,8.0,-1.5
2021-03-18,Davidson Wildcats,61.0,home,0.5287673597,0.6898448231,False,-14.0,2.0
2021-03-18,NC State Wolfpack,75.0,away,0.4712326403,-0.6898448231,True,14.0,-2.0
2021-03-19,Norfolk State Spartans,54.0,home,0.4089022451,-2.2213869444,True,1.0,-3.5
2021-03-19,App State Mountaineers,53.0,away,0.5910977549,2.2213869444,False,-1.0,3.5
2021-03-19,Baylor Bears,79.0,home,0.9774851725,24.0605022327,True,24.0,25.5
2021-03-19,Hartford Hawks,55.0,away,0.0225148275,-24.0605022327,False,-24.0,-25.5
2021-03-19,Arkansas Razorbacks,85.0,home,0.6933276699,5.7463963979,True,17.0,8.5
2021-03-19,Colgate Raiders,68.0,away,0.3066723301,-5.7463963979,False,-17.0,-8.5
2021-03-19,Houston Cougars,87.0,home,0.9783598376,23.0852011801,True,31.0,19.5
2021-03-19,Cleveland State Vikings,56.0,away,0.0216401624,-23.0852011801,False,-31.0,-19.5
2021-03-20,San Diego State Aztecs,62.0,home,0.5643262661,1.6455771156,False,-16.0,2.5
2021-03-20,Syracuse Orange,78.0,away,0.4356737339,-1.6455771156,True,16.0,-2.5
2021-03-19,Colorado State Rams,75.0,home,0.5807025813,2.2793445589,True,2.0,2.0
2021-03-19,Buffalo Bulls,73.0,away,0.4192974187,-2.2793445589,False,-2.0,-2.0
2021-03-20,Villanova Wildcats,73.0,home,0.8474599441000001,11.4839648084,True,10.0,6.5
2021-03-20,Winthrop Eagles,63.0,away,0.1525400559,-11.4839648084,False,-10.0,-6.5
2021-03-19,Florida Gators,75.0,home,0.5201213527,0.5123293851,True,5.0,-1.5
2021-03-19,Virginia Tech Hokies,70.0,away,0.4798786472999999,-0.5123293851,False,-5.0,1.5
2021-03-19,Loyola Chicago Ramblers,71.0,home,0.6330784602,3.2408083989,True,11.0,5.5
2021-03-19,Georgia Tech Yellow Jackets,60.0,away,0.3669215398,-3.2408083989,False,-11.0,-5.5
2021-03-19,Illinois Fighting Illini,78.0,home,0.9637141974,20.5486123769,True,29.0,22.5
2021-03-19,Drexel Dragons,49.0,away,0.0362858026,-20.5486123769,False,-29.0,-22.5
2021-03-19,Texas Tech Red Raiders,65.0,home,0.7526065959,6.8955877494,True,12.0,3.5
2021-03-19,Utah State Aggies,53.0,away,0.2473934041,-6.8955877494,False,-12.0,-3.5
2021-03-19,Tennessee Volunteers,56.0,home,0.848970701,10.1434663804,False,-14.0,8.5
2021-03-19,Oregon State Beavers,70.0,away,0.151029299,-10.1434663804,True,14.0,-8.5
2021-03-19,Oklahoma State Cowboys,69.0,home,0.6455615166000002,3.6423344733,True,9.0,7.5
2021-03-19,Liberty Flames,60.0,away,0.3544384834,-3.6423344733,False,-9.0,-7.5
2021-03-19,Purdue Boilermakers,69.0,home,0.7497874386,6.4509487832,False,-9.0,7.5
2021-03-19,North Texas Mean Green,78.0,away,0.2502125614,-6.4509487832,True,9.0,-7.5
2021-03-20,Clemson Tigers,56.0,home,0.5326739328,0.7938942158,False,-4.0,-2.5
2021-03-20,Rutgers Scarlet Knights,60.0,away,0.4673260672,-0.7938942158,True,4.0,2.5
2021-03-19,Ohio State Buckeyes,72.0,home,0.9489590333,19.3494001694,False,-3.0,15.5
2021-03-19,Oral Roberts Golden Eagles,75.0,away,0.0510409667,-19.3494001694,True,3.0,-15.5
2021-03-19,North Carolina Tar Heels,62.0,home,0.4606077359,-1.0305705484,False,-23.0,1.5
2021-03-19,Wisconsin Badgers,85.0,away,0.5393922641,1.0305705484,True,23.0,-1.5
2021-03-20,Ole Miss Rebels,61.0,home,0.6438571357,3.7551614072,False,-9.0,3.5
2021-03-20,Louisiana Tech Bulldogs,70.0,away,0.3561428643,-3.7551614072,True,9.0,-3.5
2021-03-20,West Virginia Mountaineers,84.0,home,0.9002504241,13.8549080072,True,17.0,12.5
2021-03-20,Morehead State Eagles,67.0,away,0.0997495758999999,-13.8549080072,False,-17.0,-12.5
2021-03-11,Toledo Rockets,91.0,home,0.8330241517,10.9044378872,True,2.0,7.5
2021-03-11,Ball State Cardinals,89.0,away,0.1669758483,-10.9044378872,False,-2.0,-7.5
2021-03-11,Maryland Terrapins,68.0,home,0.5834548014,2.0852385141,True,11.0,1.5
2021-03-11,Michigan State Spartans,57.0,away,0.4165451986,-2.0852385141,False,-11.0,-1.5
2021-03-11,West Virginia Mountaineers,69.0,home,0.6048430419,2.9301758171,False,-3.0,3.5
2021-03-11,Oklahoma State Cowboys,72.0,away,0.3951569581,-2.9301758171,True,3.0,-3.5
2021-03-11,Southern Utah Thunderbirds,91.0,home,0.8359470436999998,10.794257715,True,8.0,6.5
2021-03-11,Northern Colorado Bears,83.0,away,0.1640529563,-10.794257715,False,-8.0,-6.5
2021-03-11,Kent State Golden Flashes,63.0,home,0.5095341994,0.2434650303,False,-22.0,-3.5
2021-03-11,Ohio Bobcats,85.0,away,0.4904658005999999,-0.2434650303,True,22.0,3.5
2021-03-11,UC Santa Barbara Gauchos,95.0,home,0.923986716,16.5395849793,True,8.0,12.5
2021-03-11,Long Beach State Beach,87.0,away,0.076013284,-16.5395849793,False,-8.0,-12.5
2021-03-11,Kentucky Wildcats,73.0,home,0.5190281928,0.4755089901,False,-1.0,3.5
2021-03-11,Mississippi State Bulldogs,74.0,away,0.4809718072,-0.4755089901,True,1.0,-3.5
2021-03-11,Florida Gators,69.0,home,0.7694576267,7.8284871488,True,6.0,7.5
2021-03-11,Vanderbilt Commodores,63.0,away,0.2305423733,-7.8284871488,False,-6.0,-7.5
2021-03-11,Idaho State Bengals,63.0,home,0.5272502247,0.6669555588,False,-8.0,-2.5
2021-03-11,Montana State Bobcats,71.0,away,0.4727497753,-0.6669555588,True,8.0,2.5
2021-03-11,Virginia Cavaliers,72.0,home,0.6892055095,4.6183884007,True,3.0,5.5
2021-03-11,Syracuse Orange,69.0,away,0.3107944905,-4.6183884007,False,-3.0,-5.5
2021-03-11,Texas Southern Tigers,78.0,home,0.7687940264999998,8.3645045097,True,23.0,8.5
2021-03-11,Alcorn State Braves,55.0,away,0.2312059735,-8.3645045097,False,-23.0,-8.5
2021-03-11,St. John's Red Storm,69.0,home,0.4512667355,-1.346331487,False,-8.0,-3.5
2021-03-11,Seton Hall Pirates,77.0,away,0.5487332645,1.346331487,True,8.0,3.5
2021-03-11,Tulsa Golden Hurricane,70.0,home,0.6856121036,4.8933110221,False,-7.0,3.5
2021-03-11,Tulane Green Wave,77.0,away,0.3143878964,-4.8933110221,True,7.0,-3.5
2021-03-11,Georgia Tech Yellow Jackets,70.0,home,0.8431405166,10.6748630994,True,4.0,9.5
2021-03-11,Miami Hurricanes,66.0,away,0.1568594834,-10.6748630994,False,-4.0,-9.5
2021-03-11,South Florida Bulls,73.0,home,0.3748691576,-3.2500987433,True,2.0,-2.5
2021-03-11,Temple Owls,71.0,away,0.6251308424,3.2500987433,False,-2.0,2.5
2021-03-11,Baylor Bears,74.0,home,0.986205185,26.68162757,True,6.0,19.5
2021-03-11,Kansas State Wildcats,68.0,away,0.013794815,-26.68162757,False,-6.0,-19.5
2021-03-11,San Diego State Aztecs,69.0,home,0.9618815051,20.8380445015,True,3.0,15.5
2021-03-11,Wyoming Cowboys,66.0,away,0.0381184949,-20.8380445015,False,-3.0,-15.5
2021-03-11,Oregon Ducks,91.0,home,0.7815281807,8.5887635931,True,18.0,9.5
2021-03-11,Arizona State Sun Devils,73.0,away,0.2184718193,-8.5887635931,False,-18.0,-9.5
2021-03-11,Villanova Wildcats,71.0,home,0.8618310887,11.7129725242,False,-1.0,6.5
2021-03-11,Georgetown Hoyas,72.0,away,0.1381689113,-11.7129725242,True,1.0,-6.5
2021-03-11,Ohio State Buckeyes,79.0,home,0.8351408557,10.6675729852,True,4.0,10.5
2021-03-11,Minnesota Golden Gophers,75.0,away,0.1648591443,-10.6675729852,False,-4.0,-10.5
2021-03-11,Buffalo Bulls,74.0,home,0.8021370063,9.3687020217,True,11.0,8.5
2021-03-11,Miami (OH) RedHawks,63.0,away,0.1978629937,-9.3687020217,False,-11.0,-8.5
2021-03-11,Saint Peter's Peacocks,75.0,home,0.7273213461,6.1890320198,True,15.0,6.5
2021-03-11,Rider Broncs,60.0,away,0.2726786539,-6.1890320198,False,-15.0,-6.5
2021-03-11,UC Davis Aggies,58.0,home,0.2682506241,-6.1665449022,True,2.0,-3.5
2021-03-11,Cal State Bakersfield Roadrunners,56.0,away,0.7317493759,6.1665449022,False,-2.0,3.5
2021-03-11,Northwestern State Demons,82.0,home,0.4272605062,-2.0166767713,True,3.0,-2.5
2021-03-11,New Orleans Privateers,79.0,away,0.5727394938,2.0166767713,False,-3.0,2.5
2021-03-11,Creighton Bluejays,87.0,home,0.8671436477000001,11.7054957534,True,31.0,10.5
2021-03-11,Butler Bulldogs,56.0,away,0.1328563523,-11.7054957534,False,-31.0,-10.5
2021-03-12,UCF Knights,72.0,home,0.6804072642,4.7885830841,True,10.0,3.5
2021-03-12,East Carolina Pirates,62.0,away,0.3195927358,-4.7885830841,False,-10.0,-3.5
2021-03-12,UAB Blazers,73.0,home,0.8574607793999999,12.0094880207,True,13.0,-2.5
2021-03-12,Rice Owls,60.0,away,0.1425392206,-12.0094880207,False,-13.0,-8.5
2021-03-12,Akron Zips,74.0,home,0.5305959394,0.8342898322,True,7.0,1.5
2021-03-12,Bowling Green Falcons,67.0,away,0.4694040606,-0.8342898322,False,-7.0,-1.5
2021-03-11,Kansas Jayhawks,69.0,home,0.649142466,3.9154715066,True,7.0,2.5
2021-03-11,Oklahoma Sooners,62.0,away,0.350857534,-3.9154715066,False,-7.0,-2.5
2021-03-12,Missouri Tigers,73.0,home,0.7187943415,6.5584929568,True,3.0,6.5
2021-03-12,Georgia Bulldogs,70.0,away,0.2812056585,-6.5584929568,False,-3.0,-6.5
2021-03-11,UCLA Bruins,79.0,home,0.7667039558,6.8204098761,False,-4.0,5.5
2021-03-11,Oregon State Beavers,83.0,away,0.2332960442,-6.8204098761,True,4.0,-5.5
2021-03-11,Florida A&M Rattlers,75.0,home,0.3401115485,-4.5094330728,False,-2.0,-4.5
2021-03-11,Morgan State Bears,77.0,away,0.6598884515000001,4.5094330728,True,2.0,4.5
2021-03-11,Rutgers Scarlet Knights,61.0,home,0.4817310881999999,-0.4559235817,True,11.0,2.5
2021-03-11,Indiana Hoosiers,50.0,away,0.5182689118,0.4559235817,False,-11.0,-2.5
2021-03-11,Western Kentucky Hilltoppers,80.0,home,0.7332562885,6.893092548,True,13.0,7.5
2021-03-11,UTSA Roadrunners,67.0,away,0.2667437115,-6.893092548,False,-13.0,-7.5
2021-03-11,Boise State Broncos,82.0,home,0.7536455907,7.3251879862,False,-7.0,4.5
2021-03-11,Nevada Wolf Pack,89.0,away,0.2463544092999999,-7.3251879862,True,7.0,-4.5
2021-03-12,California Baptist Lancers,66.0,home,0.5771584465,2.0315559143,False,-17.0,-1.5
2021-03-12,Seattle U Redhawks,83.0,away,0.4228415534999999,-2.0315559143,True,17.0,1.5
2021-03-12,USC Trojans,91.0,home,0.7909120761,8.3270950701,True,6.0,7.5
2021-03-12,Utah Utes,85.0,away,0.2090879238999999,-8.3270950701,False,-6.0,-7.5
2021-03-12,Eastern Washington Eagles,66.0,home,0.9361957958,17.2982616063,True,6.0,15.5
2021-03-12,Northern Arizona Lumberjacks,60.0,away,0.0638042042,-17.2982616063,False,-6.0,-15.5
2021-03-12,Marist Red Foxes,62.0,home,0.4587773247,-0.9796401849,False,-5.0,-1.5
2021-03-12,Niagara Purple Eagles,67.0,away,0.5412226753,0.9796401849,True,5.0,-5.5
2021-03-12,UC Irvine Anteaters,58.0,home,0.9524776486,19.2412824353,True,7.0,14.5
2021-03-12,Cal Poly Mustangs,51.0,away,0.0475223514,-19.2412824353,False,-7.0,-14.5
2021-03-12,Virginia Tech Hokies,73.0,home,0.3876073249,-3.0360151357,False,-8.0,-3.5
2021-03-12,North Carolina Tar Heels,81.0,away,0.6123926751,3.0360151357,True,8.0,3.5
2021-03-12,Norfolk State Spartans,87.0,home,0.7117718409,5.6534476696,True,29.0,5.5
2021-03-12,North Carolina Central Eagles,58.0,away,0.2882281591,-5.6534476696,False,-29.0,-5.5
2021-03-12,UConn Huskies,94.0,home,0.8947333464,13.767358829,True,34.0,12.5
2021-03-12,DePaul Blue Demons,60.0,away,0.1052666536,-13.767358829,False,-34.0,-12.5
2021-03-12,Ole Miss Rebels,76.0,home,0.7605822818,7.9354951562,True,17.0,6.5
2021-03-12,South Carolina Gamecocks,59.0,away,0.2394177182,-7.9354951562,False,-17.0,-6.5
2021-03-12,Old Dominion Monarchs,55.0,home,0.178345115,-9.0171278064,False,-6.0,-4.5
2021-03-12,North Texas Mean Green,61.0,away,0.821654885,9.0171278064,True,6.0,1.5
2021-03-12,Louisiana Tech Bulldogs,75.0,home,0.7739749232000002,8.1736119659,True,6.0,-1.5
2021-03-12,Florida Atlantic Owls,69.0,away,0.2260250767999999,-8.1736119659,False,-6.0,-7.5
2021-03-12,Wisconsin Badgers,75.0,home,0.6716328456,4.5130053988,True,1.0,5.5
2021-03-12,Penn State Nittany Lions,74.0,away,0.3283671544000001,-4.5130053988,False,-1.0,-5.5
2021-03-12,Colorado Buffaloes,61.0,home,0.9370245996,15.8809513638,True,3.0,13.5
2021-03-12,California Golden Bears,58.0,away,0.0629754004,-15.8809513638,False,-3.0,-13.5
2021-03-12,Sam Houston Bearkats,69.0,home,0.8378366855,10.8458875653,False,-1.0,8.5
2021-03-12,Lamar Cardinals,70.0,away,0.1621633145,-10.8458875653,True,1.0,-8.5
2021-03-12,Grambling Tigers,72.0,home,0.3976760115,-2.8307881349,True,5.0,-1.5
2021-03-12,Southern Jaguars,67.0,away,0.6023239885,2.8307881349,False,-5.0,1.5
2021-03-12,Texas Longhorns,67.0,home,0.3969593321,-2.6392385382,True,1.0,-1.5
2021-03-12,Texas Tech Red Raiders,66.0,away,0.6030406679,2.6392385382,False,-1.0,1.5
2021-03-12,New Mexico State Aggies,77.0,home,0.7896446986,8.5393571765,True,16.0,11.5
2021-03-12,UT Rio Grande Valley Vaqueros,61.0,away,0.2103553014,-8.5393571765,False,-16.0,-11.5
2021-03-12,Utah State Aggies,74.0,home,0.7921872998,7.6873954518,True,21.0,10.5
2021-03-12,UNLV Rebels,53.0,away,0.2078127002,-7.6873954518,False,-21.0,-10.5
2021-03-12,Colorado State Rams,72.0,home,0.8764355365000001,12.2327176998,True,10.0,8.5
2021-03-12,Fresno State Bulldogs,62.0,away,0.1235644635,-12.2327176998,False,-10.0,-8.5
2021-03-12,Weber State Wildcats,75.0,home,0.7361312704,6.6152444881,False,-5.0,6.5
2021-03-12,Montana Grizzlies,80.0,away,0.2638687296,-6.6152444881,True,5.0,-6.5
2021-03-12,UC Riverside Highlanders,62.0,home,0.7695257126,7.367170061,True,10.0,4.5
2021-03-12,Hawai'i Rainbow Warriors,52.0,away,0.2304742874,-7.367170061,False,-10.0,-4.5
2021-03-22,Oklahoma State Cowboys,70.0,home,0.7154689143,6.0130214043,False,-10.0,6.5
2021-03-22,Oregon State Beavers,80.0,away,0.2845310857,-6.0130214043,True,10.0,-6.5
2021-03-21,Florida Gators,78.0,home,0.8707715848999998,13.0590255631,False,-3.0,8.5
2021-03-21,Oral Roberts Golden Eagles,81.0,away,0.1292284151,-13.0590255631,True,3.0,-8.5
2021-03-21,Baylor Bears,76.0,home,0.7333581492000001,6.3050226908,True,13.0,6.5
2021-03-21,Wisconsin Badgers,63.0,away,0.2666418508,-6.3050226908,False,-13.0,-6.5
2021-03-21,Illinois Fighting Illini,58.0,home,0.7406079296,6.5048860756,False,-13.0,7.5
2021-03-21,Loyola Chicago Ramblers,71.0,away,0.2593920704,-6.5048860756,True,13.0,-7.5
2021-03-22,Villanova Wildcats,84.0,home,0.8054007893,8.062990291,True,23.0,6.5
2021-03-22,North Texas Mean Green,61.0,away,0.1945992107,-8.062990291,False,-23.0,-6.5
2021-03-21,West Virginia Mountaineers,72.0,home,0.5625630037,1.6817109362,False,-3.0,3.5
2021-03-21,Syracuse Orange,75.0,away,0.4374369963,-1.6817109362,True,3.0,-3.5
2021-03-21,Arkansas Razorbacks,68.0,home,0.4712177904,-0.767927445,True,2.0,-1.5
2021-03-21,Texas Tech Red Raiders,66.0,away,0.5287822096,0.767927445,False,-2.0,1.5
2021-03-21,Houston Cougars,63.0,home,0.8599432908,11.0896152054,True,3.0,7.5
2021-03-21,Rutgers Scarlet Knights,60.0,away,0.1400567092,-11.0896152054,False,-3.0,-7.5
2021-03-23,Coastal Carolina Chanticleers,77.0,home,0.7994233965,8.4253045409,True,5.0,7.5
2021-03-23,Stetson Hatters,72.0,away,0.2005766034999999,-8.4253045409,False,-5.0,-7.5
2021-03-24,Pepperdine Waves,82.0,home,0.6270535043,3.2237799804,True,11.0,-4.5
2021-03-24,Bellarmine Knights,71.0,away,0.3729464957,-3.2237799804,False,-11.0,4.5
2021-03-25,Pepperdine Waves,84.0,home,0.537734424,1.0299004648,True,23.0,4.5
2021-03-25,Coastal Carolina Chanticleers,61.0,away,0.462265576,-1.0299004648,False,-23.0,-4.5
2021-03-22,Gonzaga Bulldogs,87.0,home,0.8590925166,12.5675089193,True,16.0,15.5
2021-03-22,Oklahoma Sooners,71.0,away,0.1409074834,-12.5675089193,False,-16.0,-15.5
2021-03-22,Bowling Green Falcons,52.0,home,0.737820842,6.7431038223,False,-1.0,6.5
2021-03-22,Stetson Hatters,53.0,away,0.262179158,-6.7431038223,True,1.0,-6.5
2021-03-23,Kansas Jayhawks,51.0,home,0.5143600482,0.3634241695,False,-34.0,-1.5
2021-03-23,USC Trojans,85.0,away,0.4856399517999999,-0.3634241695,True,34.0,1.5
2021-03-22,Pepperdine Waves,80.0,home,0.8471603878,10.940243103,True,14.0,10.5
2021-03-22,Longwood Lancers,66.0,away,0.1528396122,-10.940243103,False,-14.0,-10.5
2021-03-22,Iowa Hawkeyes,80.0,home,0.8146889549,9.5340558219,False,-15.0,5.0
2021-03-22,Oregon Ducks,95.0,away,0.1853110451,-9.5340558219,True,15.0,-5.0
2021-03-22,Michigan Wolverines,86.0,home,0.7251650425,5.809839953,True,8.0,4.5
2021-03-22,LSU Tigers,78.0,away,0.2748349575,-5.809839953,False,-8.0,-4.5
2021-03-22,Creighton Bluejays,72.0,home,0.8448271122,10.8809872121,True,14.0,5.5
2021-03-22,Ohio Bobcats,58.0,away,0.1551728878,-10.8809872121,False,-14.0,-5.5
2021-03-22,UCLA Bruins,67.0,home,0.6511022533999999,3.8857172567,True,20.0,5.5
2021-03-22,Abilene Christian Wildcats,47.0,away,0.3488977466,-3.8857172567,False,-20.0,-5.5
2021-03-23,Army Black Knights,67.0,home,0.4784001223,-0.5222965041,False,-10.0,-1.5
2021-03-23,Bellarmine Knights,77.0,away,0.5215998777,0.5222965041,True,10.0,1.5
2021-03-22,Bryant Bulldogs,82.0,home,0.3955253751999999,-3.0436317664,False,-11.0,-2.5
2021-03-22,Coastal Carolina Chanticleers,93.0,away,0.6044746248,3.0436317664,True,11.0,2.5
2021-03-22,Florida State Seminoles,71.0,home,0.4709249311,-0.7560990438,True,18.0,0.5
2021-03-22,Colorado Buffaloes,53.0,away,0.5290750689,0.7560990438,False,-18.0,-0.5
2021-03-23,Alabama Crimson Tide,96.0,home,0.7143619504000001,6.1393270729,True,19.0,6.5
2021-03-23,Maryland Terrapins,77.0,away,0.2856380496,-6.1393270729,False,-19.0,-6.5
2021-03-20,Florida State Seminoles,64.0,home,0.7843010395000001,8.6347848029,True,10.0,10.5
2021-03-20,UNC Greensboro Spartans,54.0,away,0.2156989605,-8.6347848029,False,-10.0,-10.5
2021-03-20,USC Trojans,72.0,home,0.7067165778000001,5.4645090515,True,16.0,7.5
2021-03-20,Drake Bulldogs,56.0,away,0.2932834222,-5.4645090515,False,-16.0,-7.5
2021-03-20,Kansas Jayhawks,93.0,home,0.8747317739,13.1475476726,True,9.0,10.5
2021-03-20,Eastern Washington Eagles,84.0,away,0.1252682261,-13.1475476726,False,-9.0,-10.5
2021-03-20,Alabama Crimson Tide,68.0,home,0.9317222334,18.4761484937,True,13.0,16.5
2021-03-20,Iona Gaels,55.0,away,0.0682777666,-18.4761484937,False,-13.0,-16.5
2021-03-20,Iowa Hawkeyes,86.0,home,0.9146992698000002,15.185194882,True,12.0,13.5
2021-03-20,Grand Canyon Lopes,74.0,away,0.0853007302,-15.185194882,False,-12.0,-13.5
2021-03-20,LSU Tigers,76.0,home,0.5119683898,0.3032835876,True,15.0,1.5
2021-03-20,St. Bonaventure Bonnies,61.0,away,0.4880316102,-0.3032835876,False,-15.0,-1.5
2021-03-20,Memphis Tigers,71.0,home,0.6840143417,5.0664645901,True,11.0,4.5
2021-03-20,Dayton Flyers,60.0,away,0.3159856583,-5.0664645901,False,-11.0,-4.5
2021-03-20,Oklahoma Sooners,72.0,home,0.5889360061,2.3130059188,True,4.0,1.0
2021-03-20,Missouri Tigers,68.0,away,0.4110639939,-2.3130059188,False,-4.0,-1.0
2021-03-20,Virginia Cavaliers,58.0,home,0.8600786279,10.3290487829,False,-4.0,6.5
2021-03-20,Ohio Bobcats,62.0,away,0.1399213721,-10.3290487829,True,4.0,-6.5
2021-03-21,BYU Cougars,62.0,home,0.6067299762,2.6479087786,False,-11.0,3.5
2021-03-21,UCLA Bruins,73.0,away,0.3932700238,-2.6479087786,True,11.0,-3.5
2021-03-20,Creighton Bluejays,63.0,home,0.7909453221,8.3406508908,True,1.0,7.5
2021-03-20,UC Santa Barbara Gauchos,62.0,away,0.2090546779,-8.3406508908,False,-1.0,-7.5
2021-03-20,Michigan Wolverines,82.0,home,0.976211845,24.959976458,True,16.0,25.5
2021-03-20,Texas Southern Tigers,66.0,away,0.023788155,-24.959976458,False,-16.0,-25.5
2021-03-20,UConn Huskies,54.0,home,0.6495032637,3.6824522734,False,-9.0,3.5
2021-03-20,Maryland Terrapins,63.0,away,0.3504967363,-3.6824522734,True,9.0,-3.5
2021-03-21,Texas Longhorns,52.0,home,0.783811777,8.6050542188,False,-1.0,8.5
2021-03-21,Abilene Christian Wildcats,53.0,away,0.216188223,-8.6050542188,True,1.0,-8.5
2021-03-21,Gonzaga Bulldogs,98.0,home,0.9877222824,30.8239212511,True,43.0,32.5
2021-03-21,Norfolk State Spartans,55.0,away,0.0122777176,-30.8239212511,False,-43.0,-32.5
2021-03-20,Saint Louis Billikens,68.0,home,0.6183992861,2.996433023,False,-6.0,3.5
2021-03-20,Mississippi State Bulldogs,74.0,away,0.3816007139,-2.996433023,True,6.0,-3.5
2021-03-20,Colorado Buffaloes,96.0,home,0.7314069293,6.4509863501,True,23.0,6.0
2021-03-20,Georgetown Hoyas,73.0,away,0.2685930707,-6.4509863501,False,-23.0,-6.0
2021-03-26,Western Kentucky Hilltoppers,65.0,home,0.4111360151,-2.3613926902,False,-7.0,1.5
2021-03-26,Louisiana Tech Bulldogs,72.0,away,0.5888639849,2.3613926902,True,7.0,-1.5
2021-03-25,Richmond Spiders,67.0,home,0.5065511983,0.1631913533,False,-1.0,-4.0
2021-03-25,Mississippi State Bulldogs,68.0,away,0.4934488016999999,-0.1631913533,True,1.0,4.0
2021-03-26,Memphis Tigers,59.0,home,0.6139274486,3.1793221181,True,3.0,4.5
2021-03-26,Boise State Broncos,56.0,away,0.3860725514,-3.1793221181,False,-3.0,-4.5
2021-03-25,Colorado State Rams,65.0,home,0.3749600671,-3.3158785974,True,4.0,-2.0
2021-03-25,NC State Wolfpack,61.0,away,0.6250399329,3.3158785974,False,-4.0,2.0
2021-03-27,Arkansas Razorbacks,72.0,home,0.9240810991,17.5506155222,True,2.0,11.5
2021-03-27,Oral Roberts Golden Eagles,70.0,away,0.0759189009,-17.5506155222,False,-2.0,-11.5
2021-03-27,Baylor Bears,62.0,home,0.6619741915,4.1670006713,True,11.0,7.5
2021-03-27,Villanova Wildcats,51.0,away,0.3380258085000001,-4.1670006713,False,-11.0,-7.5
2021-03-27,Mississippi State Bulldogs,84.0,home,0.5134455498,0.3441436552,True,22.0,-1.5
2021-03-27,Louisiana Tech Bulldogs,62.0,away,0.4865544502,-0.3441436552,False,-22.0,1.5
2021-03-27,Loyola Chicago Ramblers,58.0,home,0.803548745,8.0151328328,False,-7.0,7.0
2021-03-27,Oregon State Beavers,65.0,away,0.196451255,-8.0151328328,True,7.0,-7.0
2021-03-28,Houston Cougars,62.0,home,0.8036116579,8.8222717988,True,16.0,6.5
2021-03-28,Syracuse Orange,46.0,away,0.1963883421,-8.8222717988,False,-16.0,-6.5
2021-03-27,Colorado State Rams,67.0,home,0.3313333665999999,-4.7922130338,False,-23.0,-4.5
2021-03-27,Memphis Tigers,90.0,away,0.6686666334,4.7922130338,True,23.0,4.5
2021-03-28,Gonzaga Bulldogs,83.0,home,0.8008481935999999,9.8348850189,True,18.0,12.5
2021-03-28,Creighton Bluejays,65.0,away,0.1991518064,-9.8348850189,False,-18.0,-12.5
2021-03-28,Memphis Tigers,77.0,home,0.6122349168,3.0130116696,True,13.0,4.5
2021-03-28,Mississippi State Bulldogs,64.0,away,0.3877650832,-3.0130116696,False,-13.0,-4.5
2021-03-29,USC Trojans,82.0,home,0.6388106928,3.5587342798,True,14.0,2.5
2021-03-29,Oregon Ducks,68.0,away,0.3611893071999999,-3.5587342798,False,-14.0,-2.5
2021-03-28,Colorado State Rams,74.0,home,0.4774466516,-0.5700870177,False,-2.0,1.5
2021-03-28,Louisiana Tech Bulldogs,76.0,away,0.5225533484,0.5700870177,True,2.0,-1.5
2021-03-28,Michigan Wolverines,76.0,home,0.6960963889,5.3420021645,True,18.0,1.5
2021-03-28,Florida State Seminoles,58.0,away,0.3039036111,-5.3420021645,False,-18.0,-1.5
2021-03-28,Alabama Crimson Tide,78.0,home,0.7530795523,6.9781656327,False,-10.0,6.5
2021-03-28,UCLA Bruins,88.0,away,0.2469204477,-6.9781656327,True,10.0,-6.5
2021-03-30,Gonzaga Bulldogs,85.0,home,0.8015928462,9.6012541457,True,19.0,8.5
2021-03-30,USC Trojans,66.0,away,0.1984071538,-9.6012541457,False,-19.0,-8.5
2021-03-31,Michigan Wolverines,49.0,home,0.8038923891,8.3331374753,False,-2.0,6.5
2021-03-31,UCLA Bruins,51.0,away,0.1961076109,-8.3331374753,True,2.0,-6.5
2021-03-29,Houston Cougars,67.0,home,0.919864533,13.9230220405,True,6.0,8.5
2021-03-29,Oregon State Beavers,61.0,away,0.080135467,-13.9230220405,False,-6.0,-8.5
2021-03-30,Baylor Bears,81.0,home,0.7480578788999999,7.4619303024,True,9.0,8.5
2021-03-30,Arkansas Razorbacks,72.0,away,0.2519421211,-7.4619303024,False,-9.0,-8.5
2021-04-04,Gonzaga Bulldogs,93.0,home,0.8972058609,14.2996448012,True,3.0,15.5
2021-04-04,UCLA Bruins,90.0,away,0.1027941391,-14.2996448012,False,-3.0,-15.5
2021-04-03,Baylor Bears,78.0,home,0.5226297408,0.5598851068,True,19.0,5.0
2021-04-03,Houston Cougars,59.0,away,0.4773702592,-0.5598851068,False,-19.0,-5.0
2021-04-06,Gonzaga Bulldogs,70.0,home,0.548455501,1.3493225663,False,-16.0,4.5
2021-04-06,Baylor Bears,86.0,away,0.4515444989999999,-1.3493225663,True,16.0,-4.5
