DATE,TEAM,POINTS,HOME_AWAY,WIN_PROB,PRED_SPREAD,WON,ACTUAL_SPREAD
2013-11-10,Boston University Terriers,72.0,home,0.6089877544,2.9031180952,True,3.0
2013-11-10,Northeastern Huskies,69.0,away,0.3910122456,-2.9031180952,False,-3.0
2013-11-10,Iowa State Cyclones,95.0,home,0.8908265316,13.7927483488,True,33.0
2013-11-10,UNC Wilmington Seahawks,62.0,away,0.1091734684,-13.7927483488,False,-33.0
2013-11-10,Delaware Blue Hens,93.0,home,0.6219060103,3.4458011239,False,-2.0
2013-11-10,Charleston Southern Buccaneers,95.0,away,0.3780939897,-3.4458011239,True,2.0
2013-11-10,Notre Dame Fighting Irish,80.0,home,0.9489644156,16.7998043699,True,31.0
2013-11-10,Stetson Hatters,49.0,away,0.05103558440000001,-16.7998043699,False,-31.0
2013-11-10,Princeton Tigers,67.0,home,0.9162540874,14.0186688138,True,17.0
2013-11-10,Florida A&M Rattlers,50.0,away,0.08374591260000001,-14.0186688138,False,-17.0
2013-11-10,Valparaiso Beacons,113.0,home,0.9272089957,17.6025223046,True,63.0
2013-11-10,North Park Vikings,50.0,away,0.0727910043,-17.6025223046,False,-63.0
2013-11-10,Kentucky Wildcats,93.0,home,0.9874794083,27.1791548314,True,30.0
2013-11-10,Northern Kentucky Norse,63.0,away,0.012520591699999998,-27.1791548314,False,-30.0
2013-11-10,Eastern Kentucky Colonels,67.0,home,0.7138364628000001,6.0156487524,False,-8.0
2013-11-10,Youngstown State Penguins,75.0,away,0.2861635372,-6.0156487524,True,8.0
2013-11-10,Dartmouth Big Green,106.0,home,0.9307606800000001,18.5669688476,True,45.0
2013-11-10,Vermont State - Lyndon Hornets,61.0,away,0.06923932,-18.5669688476,False,-45.0
2013-11-10,Stony Brook Seawolves,81.0,home,0.9617098617,21.4235068676,True,16.0
2013-11-10,Haverford Fords,65.0,away,0.0382901383,-21.4235068676,False,-16.0
2013-11-10,Arkansas-Pine Bluff Golden Lions,66.0,home,0.7836092475999998,8.8564532902,True,2.0
2013-11-10,Tuskegee Golden Tigers,64.0,away,0.2163907524,-8.8564532902,False,-2.0
2013-11-10,Maine Black Bears,111.0,home,0.8731555566,14.8242304608,True,47.0
2013-11-10,Fisher College Eagles,64.0,away,0.1268444434,-14.8242304608,False,-47.0
2013-11-10,Massachusetts Minutemen,86.0,home,0.5113493742,0.3011099073,True,13.0
2013-11-10,Boston College Eagles,73.0,away,0.4886506258,-0.3011099073,False,-13.0
2013-11-10,Hofstra Pride,80.0,home,0.7812951250000001,8.4048194018,True,22.0
2013-11-10,Fairleigh Dickinson Knights,58.0,away,0.218704875,-8.4048194018,False,-22.0
2013-11-10,Alcorn State Braves,73.0,home,0.8473846717,11.0531276319,True,5.0
2013-11-10,Tougaloo Bulldogs,68.0,away,0.1526153283,-11.0531276319,False,-5.0
2013-11-10,Brown Bears,74.0,home,0.7592700394,7.8141097336,True,17.0
2013-11-10,Binghamton Bearcats,57.0,away,0.2407299606,-7.8141097336,False,-17.0
2013-11-10,Cornell Big Red,89.0,home,0.5272073535,0.7236739457,False,-4.0
2013-11-10,Loyola Maryland Greyhounds,93.0,away,0.4727926465,-0.7236739457,True,4.0
2013-11-10,Kennesaw State Owls,58.0,home,0.3435559388,-3.9051490109,False,-8.0
2013-11-10,Florida International Panthers,66.0,away,0.6564440612,3.9051490109,True,8.0
2013-11-10,Iowa Hawkeyes,83.0,home,0.9709281134999999,25.2154965931,True,8.0
2013-11-10,Omaha Mavericks,75.0,away,0.0290718865,-25.2154965931,False,-8.0
2013-11-10,Eastern Washington Eagles,87.0,home,0.9020288669,14.1158996594,True,29.0
2013-11-10,Pacific (OR) Boxers,58.0,away,0.0979711331,-14.1158996594,False,-29.0
2013-11-10,Marist Red Foxes,48.0,home,0.486086445,-0.3566346392,False,-27.0
2013-11-10,Elon Phoenix,75.0,away,0.513913555,0.3566346392,True,27.0
2013-11-10,Howard Bison,83.0,home,0.8465445055,10.8059436451,True,17.0
2013-11-10,Gwynedd-Mercy Griffins,66.0,away,0.1534554945,-10.8059436451,False,-17.0
2013-11-10,Wright State Raiders,82.0,home,0.9774892769,23.7495826752,True,33.0
2013-11-10,Mount St. Joseph Lions,49.0,away,0.0225107231,-23.7495826752,False,-33.0
2013-11-10,South Carolina State Bulldogs,59.0,home,0.8745807299,11.6434755316,True,4.0
2013-11-10,St. Andrews Knights,55.0,away,0.1254192701,-11.6434755316,False,-4.0
2013-11-10,Middle Tennessee Blue Raiders,78.0,home,0.7844002847,8.371582627,True,3.0
2013-11-10,Southern Jaguars,75.0,away,0.2155997153,-8.371582627,False,-3.0
2013-11-10,Harvard Crimson,82.0,home,0.8900108653,13.8695362032,True,10.0
2013-11-10,Holy Cross Crusaders,72.0,away,0.10998913469999999,-13.8695362032,False,-10.0
2013-11-10,Tulsa Golden Hurricane,68.0,home,0.6464050527,4.1962093226,False,-6.0
2013-11-10,Oral Roberts Golden Eagles,74.0,away,0.3535949473,-4.1962093226,True,6.0
2013-11-10,Colorado Buffaloes,91.0,home,0.9386744329,18.1126796029,True,26.0
2013-11-10,UT Martin Skyhawks,65.0,away,0.061325567100000006,-18.1126796029,False,-26.0
2013-11-10,Illinois Fighting Illini,86.0,home,0.8934964766,13.2217175034,True,24.0
2013-11-10,Jacksonville State Gamecocks,62.0,away,0.1065035234,-13.2217175034,False,-24.0
2013-11-10,Bradley Braves,85.0,home,0.9022773074,14.5803400239,True,26.0
2013-11-10,Alabama State Hornets,59.0,away,0.0977226926,-14.5803400239,False,-26.0
2013-11-11,Oregon State Beavers,73.0,home,0.8979604009,14.4039404786,False,-5.0
2013-11-11,Coppin State Eagles,78.0,away,0.1020395991,-14.4039404786,True,5.0
2013-11-11,Washington Huskies,88.0,home,0.8754656421,13.8762610651,True,10.0
2013-11-11,Seattle U Redhawks,78.0,away,0.1245343579,-13.8762610651,False,-10.0
2013-11-11,UConn Huskies,80.0,home,0.8978417925,13.6649351938,True,18.0
2013-11-11,Yale Bulldogs,62.0,away,0.1021582075,-13.6649351938,False,-18.0
2013-11-11,Kennesaw State Owls,92.0,home,0.8123408311999999,9.7911610094,True,44.0
2013-11-11,Warren Wilson Owls,48.0,away,0.1876591688,-9.7911610094,False,-44.0
2013-11-12,Morehouse Maroon Tigers,54.0,home,0.3329818205999999,-4.5340894781,False,-13.0
2013-11-12,Arkansas-Pine Bluff Golden Lions,67.0,away,0.6670181794,4.5340894781,True,13.0
2013-11-12,Gonzaga Bulldogs,93.0,home,0.8812420802000002,13.058785565,True,32.0
2013-11-12,Colorado State Rams,61.0,away,0.1187579198,-13.058785565,False,-32.0
2013-11-12,St. Bonaventure Bonnies,75.0,home,0.8814362807,11.5785855202,True,28.0
2013-11-12,Abilene Christian Wildcats,47.0,away,0.1185637193,-11.5785855202,False,-28.0
2013-11-12,Davidson Wildcats,77.0,home,0.8590470494,12.4357926353,False,-4.0
2013-11-12,Milwaukee Panthers,81.0,away,0.1409529506,-12.4357926353,True,4.0
2013-11-12,Wichita State Shockers,66.0,home,0.7890737639,8.2210327219,True,17.0
2013-11-12,Western Kentucky Hilltoppers,49.0,away,0.2109262361,-8.2210327219,False,-17.0
2013-11-12,Wofford Terriers,83.0,home,0.9652017172,22.4704970235,True,25.0
2013-11-12,Emory & Henry Wasps,58.0,away,0.0347982828,-22.4704970235,False,-25.0
2013-11-12,North Carolina Central Eagles,98.0,home,0.9536003318,21.2261820838,True,51.0
2013-11-12,Johnson & Wales (NC) JOHNSON & WALES-CHARLOTTE,47.0,away,0.046399668199999994,-21.2261820838,False,-51.0
2013-11-12,Tennessee State Tigers,52.0,home,0.3772457758,-3.1295953206,False,-11.0
2013-11-12,Western Michigan Broncos,63.0,away,0.6227542242,3.1295953206,True,11.0
2013-11-12,Richmond Spiders,69.0,home,0.732751788,6.5793859862,True,8.0
2013-11-12,Belmont Bruins,61.0,away,0.267248212,-6.5793859862,False,-8.0
2013-11-12,Miami Hurricanes,81.0,home,0.900919856,13.7332170249,True,1.0
2013-11-12,Georgia Southern Eagles,80.0,away,0.099080144,-13.7332170249,False,-1.0
2013-11-12,Purdue Fort Wayne Mastodons,90.0,home,0.943139396,18.2301119106,True,28.0
2013-11-12,Indiana-Kokomo Cougars,62.0,away,0.05686060400000001,-18.2301119106,False,-28.0
2013-11-12,Canisius Golden Griffins,71.0,home,0.8825488241000001,12.8218506218,True,5.0
2013-11-12,South Dakota Coyotes,66.0,away,0.1174511759,-12.8218506218,False,-5.0
2013-11-12,Florida Atlantic Owls,57.0,home,0.5215741798,0.5671898886,False,-2.0
2013-11-12,St. Francis Brooklyn Terriers,59.0,away,0.4784258202,-0.5671898886,True,2.0
2013-11-12,Saint Francis Red Flash,60.0,home,0.4422261287,-1.3349018455,True,3.0
2013-11-12,Navy Midshipmen,57.0,away,0.5577738713,1.3349018455,False,-3.0
2013-11-12,Lipscomb Bisons,88.0,home,0.9208889901,17.0454513953,True,10.0
2013-11-12,Oakland City Mighty Oaks,78.0,away,0.0791110099,-17.0454513953,False,-10.0
2013-11-12,Georgia Tech Yellow Jackets,68.0,home,0.9067157517,13.6091872707,True,18.0
2013-11-12,Delaware State Hornets,50.0,away,0.0932842483,-13.6091872707,False,-18.0
2013-11-12,Western Carolina Catamounts,74.0,home,0.8617000161,11.2197184061,True,7.0
2013-11-12,UNC Asheville Bulldogs,67.0,away,0.1382999839,-11.2197184061,False,-7.0
2013-11-12,Radford Highlanders,89.0,home,0.6899248663,5.8187352016,True,11.0
2013-11-12,Chattanooga Mocs,78.0,away,0.3100751337,-5.8187352016,False,-11.0
2013-11-12,Coastal Carolina Chanticleers,76.0,home,0.9460412024,19.831210683,True,27.0
2013-11-12,Guilford Quakers,49.0,away,0.0539587976,-19.831210683,False,-27.0
2013-11-12,Detroit Mercy Titans,106.0,home,0.9536718044,21.6049031965,True,55.0
2013-11-12,Michigan-Dearborn Wolves,51.0,away,0.0463281956,-21.6049031965,False,-55.0
2013-11-12,Temple Owls,77.0,home,0.5961879916,2.5749709958,False,-4.0
2013-11-12,Kent State Golden Flashes,81.0,away,0.4038120084,-2.5749709958,True,4.0
2013-11-12,UMBC Retrievers,84.0,home,0.8384177859,11.7465086591,True,5.0
2013-11-12,Eastern University (PA) Eagles,79.0,away,0.16158221409999998,-11.7465086591,False,-5.0
2013-11-12,Prairie View A&M Panthers,100.0,home,0.9068577587,15.5716390063,True,27.0
2013-11-12,Schreiner Mountaineers,73.0,away,0.0931422413,-15.5716390063,False,-27.0
2013-11-12,Texas Southern Tigers,113.0,home,0.9791216142,29.2006758787,True,17.0
2013-11-12,Wiley Wildcats,96.0,away,0.0208783858,-29.2006758787,False,-17.0
2013-11-12,Texas A&M Aggies,91.0,home,0.9495910496,20.7369280043,True,24.0
2013-11-12,Mississippi Valley State Delta Devils,67.0,away,0.0504089504,-20.7369280043,False,-24.0
2013-11-12,Trinity (TX) Tigers,62.0,home,0.4228099475,-2.08504083,False,-12.0
2013-11-12,Incarnate Word Cardinals,74.0,away,0.5771900525,2.08504083,True,12.0
2013-11-12,Northern Iowa Panthers,86.0,home,0.9826176079,25.9854346364,True,34.0
2013-11-12,Coe Kohawks,52.0,away,0.0173823921,-25.9854346364,False,-34.0
2013-11-12,Sam Houston Bearkats,116.0,home,0.9606864145,23.4137967213,True,62.0
2013-11-12,Randall University Saints,54.0,away,0.0393135855,-23.4137967213,False,-62.0
2013-11-12,Creighton Bluejays,96.0,home,0.9559669111,22.6763910104,True,26.0
2013-11-12,Kansas City Roos,70.0,away,0.044033088899999996,-22.6763910104,False,-26.0
2013-11-12,Little Rock Trojans,70.0,home,0.8441446026,10.8163886447,False,-2.0
2013-11-12,North Florida Ospreys,72.0,away,0.1558553974,-10.8163886447,True,2.0
2013-11-12,UT Rio Grande Valley Vaqueros,65.0,home,0.49640707410000007,-0.0943188194,False,-12.0
2013-11-12,Houston Cougars,77.0,away,0.5035929259,0.0943188194,True,12.0
2013-11-12,Oklahoma Sooners,95.0,home,0.7947840626,9.9192595997,True,13.0
2013-11-12,North Texas Mean Green,82.0,away,0.2052159374,-9.9192595997,False,-13.0
2013-11-12,UAB Blazers,79.0,home,0.7720763245,7.9624705349,True,3.0
2013-11-12,Rutgers Scarlet Knights,76.0,away,0.2279236755,-7.9624705349,False,-3.0
2013-11-12,Houston Christian Huskies,75.0,home,0.9147430893,16.2091239326,True,14.0
2013-11-12,Crowley's Ridge Pioneers,61.0,away,0.0852569107,-16.2091239326,False,-14.0
2013-11-12,Texas Tech Red Raiders,88.0,home,0.8434424725,10.5297387939,True,20.0
2013-11-12,Northern Arizona Lumberjacks,68.0,away,0.1565575275,-10.5297387939,False,-20.0
2013-11-12,SMU Mustangs,89.0,home,0.7790484438,8.6911875444,True,31.0
2013-11-12,Rhode Island Rams,58.0,away,0.2209515562,-8.6911875444,False,-31.0
2013-11-12,Troy Trojans,102.0,home,0.9097511656999999,17.0874469904,True,33.0
2013-11-12,LaGrange Panthers,69.0,away,0.0902488343,-17.0874469904,False,-33.0
2013-11-12,Jackson State Tigers,61.0,home,0.3342529552,-4.4224791725,False,-4.0
2013-11-12,Arkansas State Red Wolves,65.0,away,0.6657470448000001,4.4224791725,True,4.0
2013-11-12,Southeast Missouri State Redhawks,118.0,home,0.9190801057,17.8355379909,True,62.0
2013-11-12,Central Baptist College Mustangs,56.0,away,0.0809198943,-17.8355379909,False,-62.0
2013-11-12,Utah Valley Wolverines,78.0,home,0.728351479,6.3040333504,True,7.0
2013-11-12,North Carolina A&T Aggies,71.0,away,0.271648521,-6.3040333504,False,-7.0
2013-11-12,Arizona Wildcats,91.0,home,0.9491082967,18.2085998004,True,34.0
2013-11-12,Long Beach State Beach,57.0,away,0.0508917033,-18.2085998004,False,-34.0
2013-11-12,UC Davis Aggies,80.0,home,0.9346047887000001,18.2071206196,True,26.0
2013-11-12,Holy Names University Hawks,54.0,away,0.0653952113,-18.2071206196,False,-26.0
2013-11-12,Cal State Bakersfield Roadrunners,97.0,home,0.959665433,20.9036237901,True,43.0
2013-11-12,UC Merced Bobcats,54.0,away,0.040334567,-20.9036237901,False,-43.0
2013-11-12,Stanford Cardinal,103.0,home,0.6617174265,5.2969488073,False,-9.0
2013-11-12,BYU Cougars,112.0,away,0.3382825735,-5.2969488073,True,9.0
2013-11-10,New Mexico Lobos,88.0,home,0.9063784495,13.8773606291,True,36.0
2013-11-10,Alabama A&M Bulldogs,52.0,away,0.0936215505,-13.8773606291,False,-36.0
2013-11-10,Gonzaga Bulldogs,100.0,home,0.9534776953,21.3612722969,True,24.0
2013-11-10,Bryant Bulldogs,76.0,away,0.0465223047,-21.3612722969,False,-24.0
2013-11-09,Georgia State Panthers,97.0,home,0.9629864138,22.3314336205,True,19.0
2013-11-09,Southern Polytechnic Hornets,78.0,away,0.0370135862,-22.3314336205,False,-19.0
2013-11-09,Virginia Tech Hokies,63.0,home,0.5953051736,2.5018515084,False,-1.0
2013-11-09,South Carolina Upstate Spartans,64.0,away,0.40469482639999993,-2.5018515084,True,1.0
2013-11-09,Wichita State Shockers,93.0,home,0.9747908752,24.5009535325,True,43.0
2013-11-09,Emporia St Hornets,50.0,away,0.025209124799999996,-24.5009535325,False,-43.0
2013-11-09,South Carolina Gamecocks,82.0,home,0.8918086067000001,13.7571737965,True,38.0
2013-11-09,Longwood Lancers,44.0,away,0.1081913933,-13.7571737965,False,-38.0
2013-11-09,Bethune-Cookman Wildcats,91.0,home,0.7690703544,8.7894111374,True,17.0
2013-11-09,Trinity College of Jacksonville Eagles,74.0,away,0.2309296456,-8.7894111374,False,-17.0
2013-11-09,Ohio State Buckeyes,89.0,home,0.9641880765999999,22.0649954096,True,39.0
2013-11-09,Morgan State Bears,50.0,away,0.0358119234,-22.0649954096,False,-39.0
2013-11-09,Long Island University Sharks,87.0,home,0.5959531092,2.6639766787,True,7.0
2013-11-09,Saint Peter's Peacocks,80.0,away,0.40404689079999995,-2.6639766787,False,-7.0
2013-11-09,Louisville Cardinals,70.0,home,0.9423511233,16.7230286428,True,22.0
2013-11-09,Charleston Cougars,48.0,away,0.05764887669999999,-16.7230286428,False,-22.0
2013-11-09,Indiana State Sycamores,82.0,home,0.8838302198,12.2563117223,True,9.0
2013-11-09,Ball State Cardinals,73.0,away,0.11616978019999999,-12.2563117223,False,-9.0
2013-11-09,Green Bay Phoenix,71.0,home,0.8896379879,13.4328858099,True,22.0
2013-11-09,Northern Michigan Wildcats,49.0,away,0.1103620121,-13.4328858099,False,-22.0
2013-11-09,Duquesne Dukes,94.0,home,0.872635735,13.4038567451,True,19.0
2013-11-09,Abilene Christian Wildcats,75.0,away,0.127364265,-13.4038567451,False,-19.0
2013-11-09,Cleveland State Vikings,73.0,home,0.5339916772,0.9451873819,True,4.0
2013-11-09,Iona Gaels,69.0,away,0.4660083228,-0.9451873819,False,-4.0
2013-11-09,Bowling Green Falcons,102.0,home,0.8960874117000001,15.8773106201,True,53.0
2013-11-09,Earlham College Quakers,49.0,away,0.1039125883,-15.8773106201,False,-53.0
2013-11-09,Quinnipiac Bobcats,82.0,home,0.4970145207,-0.0899585447,True,5.0
2013-11-09,Hartford Hawks,77.0,away,0.5029854793,0.0899585447,False,-5.0
2013-11-09,Ohio Bobcats,75.0,home,0.6722121584,4.2025611259,True,11.0
2013-11-09,Northern Iowa Panthers,64.0,away,0.3277878416,-4.2025611259,False,-11.0
2013-11-09,La Salle Explorers,90.0,home,0.6923589203,5.0643794206,False,-9.0
2013-11-09,Manhattan Jaspers,99.0,away,0.3076410797,-5.0643794206,True,9.0
2013-11-09,Dayton Flyers,81.0,home,0.8767744307,13.6185511485,True,1.0
2013-11-09,Purdue Fort Wayne Mastodons,80.0,away,0.1232255693,-13.6185511485,False,-1.0
2013-11-09,Louisiana Ragin' Cajuns,101.0,home,0.9066261565000001,15.8499014424,True,34.0
2013-11-09,Louisiana Christian Wildcats,67.0,away,0.09337384350000001,-15.8499014424,False,-34.0
2013-11-09,Rice Owls,69.0,home,0.8065356506000001,9.3188525973,True,9.0
2013-11-09,St. Thomas (TX) Celts,60.0,away,0.1934643494,-9.3188525973,False,-9.0
2013-11-09,Delaware State Hornets,107.0,home,0.870436619,13.1240537369,True,59.0
2013-11-09,Cairn University Highlanders,48.0,away,0.129563381,-13.1240537369,False,-59.0
2013-11-09,Youngstown State Penguins,74.0,home,0.6122410069,2.7372687443,True,2.0
2013-11-09,Florida International Panthers,72.0,away,0.3877589931,-2.7372687443,False,-2.0
2013-11-09,Winthrop Eagles,93.0,home,0.8258607351,11.4801761141,True,19.0
2013-11-09,Roanoke Maroons,74.0,away,0.1741392649,-11.4801761141,False,-19.0
2013-11-09,Penn State Nittany Lions,74.0,home,0.7086836778,5.8797150806,True,12.0
2013-11-09,Wagner Seahawks,62.0,away,0.2913163222,-5.8797150806,False,-12.0
2013-11-09,DePaul Blue Demons,96.0,home,0.9885562508,34.4691403301,True,38.0
2013-11-09,Grambling Tigers,58.0,away,0.011443749199999999,-34.4691403301,False,-38.0
2013-11-09,Pennsylvania Quakers,73.0,home,0.5234282475,0.6212506892,False,-5.0
2013-11-09,Temple Owls,78.0,away,0.4765717525,-0.6212506892,True,5.0
2013-11-09,Chicago State Cougars,77.0,home,0.8202688290000001,11.2306759145,True,25.0
2013-11-09,Urbana Blue Knights,52.0,away,0.179731171,-11.2306759145,False,-25.0
2013-11-09,Kennesaw State Owls,60.0,home,0.1205037468,-13.4094486336,False,-8.0
2013-11-09,Eastern Kentucky Colonels,68.0,away,0.8794962531999999,13.4094486336,True,8.0
2013-11-09,Northwood University Knights,72.0,home,0.6278432571,4.0549240044,False,-16.0
2013-11-09,Incarnate Word Cardinals,88.0,away,0.3721567429,-4.0549240044,True,16.0
2013-11-09,Central Connecticut Blue Devils,77.0,home,0.4588811149,-1.1688919283,False,-16.0
2013-11-09,Yale Bulldogs,93.0,away,0.5411188851,1.1688919283,True,16.0
2013-11-09,The Citadel Bulldogs,69.0,home,0.2668359716,-6.7664196082,False,-15.0
2013-11-09,Army Black Knights,84.0,away,0.7331640284,6.7664196082,True,15.0
2013-11-09,Texas Southern Tigers,95.0,home,0.8426618812,10.6911373812,True,12.0
2013-11-09,Norfolk State Spartans,83.0,away,0.1573381188,-10.6911373812,False,-12.0
2013-11-09,Long Beach State Beach,71.0,home,0.9042847232,14.8971939515,True,12.0
2013-11-09,Hawai'i Pacific Sea Warriors,59.0,away,0.09571527679999998,-14.8971939515,False,-12.0
2013-11-09,Loyola Marymount Lions,98.0,home,0.5282332671,0.8421035085,True,9.0
2013-11-09,South Dakota State Jackrabbits,89.0,away,0.4717667329,-0.8421035085,False,-9.0
2013-11-09,Seton Hall Pirates,83.0,home,0.9091788452,16.6949465889,True,11.0
2013-11-09,Niagara Purple Eagles,72.0,away,0.09082115480000001,-16.6949465889,False,-11.0
2013-11-10,Vermont Catamounts,64.0,home,0.6635754685,4.2170984365,False,-10.0
2013-11-10,Saint Joseph's Hawks,74.0,away,0.3364245315,-4.2170984365,True,10.0
2013-11-09,Montana State Bobcats,55.0,home,0.6535412673,3.7244950953,False,-29.0
2013-11-09,Cal State Fullerton Titans,84.0,away,0.34645873270000005,-3.7244950953,True,29.0
2013-11-10,Toledo Rockets,102.0,home,0.9312717107,18.7399635082,True,47.0
2013-11-10,Northwestern Ohio Racers,55.0,away,0.0687282893,-18.7399635082,False,-47.0
2013-11-10,Columbia Lions,73.0,home,0.8781871242,11.038771703,True,19.0
2013-11-10,Maryland Eastern Shore Hawks,54.0,away,0.1218128758,-11.038771703,False,-19.0
2013-11-10,Morehead State Eagles,107.0,home,0.9007900146,16.2506505988,True,47.0
2013-11-10,Mid-Continent University Mid-Continent,60.0,away,0.0992099854,-16.2506505988,False,-47.0
2013-11-10,St. Bonaventure Bonnies,68.0,home,0.8128685207,8.6044191477,True,22.0
2013-11-10,South Dakota Coyotes,46.0,away,0.1871314793,-8.6044191477,False,-22.0
2013-11-10,New Hampshire Wildcats,94.0,home,0.8442638427999999,12.4110703365,True,24.0
2013-11-10,Suffolk Rams,70.0,away,0.1557361572,-12.4110703365,False,-24.0
2013-11-10,South Florida Bulls,72.0,home,0.8306932081,10.036757434,True,10.0
2013-11-10,Tennessee Tech Golden Eagles,62.0,away,0.1693067919,-10.036757434,False,-10.0
2013-11-10,Robert Morris Colonials,86.0,home,0.8286283552,10.0223394904,True,20.0
2013-11-10,Savannah State Tigers,66.0,away,0.1713716448,-10.0223394904,False,-20.0
2013-11-10,Pepperdine Waves,81.0,home,0.8141168874,10.2001293242,True,13.0
2013-11-10,San Diego Christian Hawks,68.0,away,0.1858831126,-10.2001293242,False,-13.0
2013-11-10,Butler Bulldogs,89.0,home,0.9299446103,17.0030761274,True,31.0
2013-11-10,Lamar Cardinals,58.0,away,0.0700553897,-17.0030761274,False,-31.0
2013-11-10,UTSA Roadrunners,63.0,home,0.6864705680000001,5.2919852184,False,-11.0
2013-11-10,Northern Arizona Lumberjacks,74.0,away,0.313529432,-5.2919852184,True,11.0
2013-11-10,Fairfield Stags,67.0,home,0.7550820397,7.3878265659,True,13.0
2013-11-10,Sacred Heart Pioneers,54.0,away,0.2449179603,-7.3878265659,False,-13.0
2013-11-10,UIC Flames,59.0,home,0.5770518415,1.9169070612,False,-2.0
2013-11-10,Drake Bulldogs,61.0,away,0.4229481585,-1.9169070612,True,2.0
2013-11-10,Evansville Purple Aces,87.0,home,0.915178767,16.4082982131,True,18.0
2013-11-10,Tennessee Southern Firehawks,69.0,away,0.084821233,-16.4082982131,False,-18.0
2013-11-10,VMI Keydets,71.0,home,0.6699745935,4.877285818,True,8.0
2013-11-10,Air Force Falcons,63.0,away,0.3300254065,-4.877285818,False,-8.0
2013-11-10,San Diego Toreros,70.0,home,0.8088174784000001,8.7456253468,True,11.0
2013-11-10,Grand Canyon Lopes,59.0,away,0.19118252159999996,-8.7456253468,False,-11.0
2013-11-10,Northwestern Wildcats,72.0,home,0.8804907551,12.0056822144,True,17.0
2013-11-10,Eastern Illinois Panthers,55.0,away,0.1195092449,-12.0056822144,False,-17.0
2013-11-10,UTEP Miners,84.0,home,0.9503821424000001,19.9489351487,True,35.0
2013-11-10,Loyola New Orleans Wolfpack,49.0,away,0.04961785760000001,-19.9489351487,False,-35.0
2013-11-10,Idaho Vandals,67.0,home,0.6895757868,4.7399942117,True,4.0
2013-11-10,Western Illinois Leathernecks,63.0,away,0.3104242132,-4.7399942117,False,-4.0
2013-11-10,New Mexico State Aggies,70.0,home,0.7323368053,6.2399561471,True,15.0
2013-11-10,Tennessee State Tigers,55.0,away,0.2676631947,-6.2399561471,False,-15.0
2013-11-10,Hawai'i Rainbow Warriors,78.0,home,0.6518759388999998,3.9628003349,True,10.0
2013-11-10,Western Michigan Broncos,68.0,away,0.3481240611,-3.9628003349,False,-10.0
2013-11-10,Idaho State Bengals,99.0,home,0.773288651,8.706366563,True,37.0
2013-11-10,Evergreen State Geoducks,62.0,away,0.226711349,-8.706366563,False,-37.0
2013-11-14,Duquesne Dukes,81.0,home,0.8080704496,9.9125291061,False,-3.0
2013-11-14,New Hampshire Wildcats,84.0,away,0.1919295504,-9.9125291061,True,3.0
2013-11-14,Seton Hall Pirates,78.0,home,0.7309861624,6.4455375397,True,2.0
2013-11-14,Kent State Golden Flashes,76.0,away,0.2690138376,-6.4455375397,False,-2.0
2013-11-14,Norfolk State Spartans,115.0,home,0.9722418954,25.0847785943,True,20.0
2013-11-14,Newberry Wolves,95.0,away,0.027758104599999996,-25.0847785943,False,-20.0
2013-11-14,Providence Friars,73.0,home,0.905498024,15.2980046502,True,4.0
2013-11-14,Brown Bears,69.0,away,0.09450197600000002,-15.2980046502,False,-4.0
2013-11-14,Stony Brook Seawolves,73.0,home,0.659117995,4.0242021654,True,7.0
2013-11-14,Northeastern Huskies,66.0,away,0.340882005,-4.0242021654,False,-7.0
2013-11-14,Cornell Big Red,79.0,home,0.736004092,6.507358504,False,-10.0
2013-11-14,Binghamton Bearcats,89.0,away,0.263995908,-6.507358504,True,10.0
2013-11-14,Oregon Ducks,107.0,home,0.876607291,13.0217441961,True,24.0
2013-11-14,Western Carolina Catamounts,83.0,away,0.123392709,-13.0217441961,False,-24.0
2013-11-14,Georgetown Hoyas,88.0,home,0.8539177205,11.097922594,True,18.0
2013-11-14,Wright State Raiders,70.0,away,0.1460822795,-11.097922594,False,-18.0
2013-11-14,Clemson Tigers,58.0,home,0.8182281275999999,7.6184960758,True,21.0
2013-11-14,Delaware State Hornets,37.0,away,0.18177187240000003,-7.6184960758,False,-21.0
2013-11-14,Eastern Kentucky Colonels,114.0,home,0.9907303127,33.0549285207,True,69.0
2013-11-14,Warren Wilson Owls,45.0,away,0.0092696873,-33.0549285207,False,-69.0
2013-11-14,Niagara Purple Eagles,92.0,home,0.6017089902,3.1312791223,True,11.0
2013-11-14,Buffalo Bulls,81.0,away,0.3982910098,-3.1312791223,False,-11.0
2013-11-14,Fairfield Stags,53.0,home,0.6503225889,3.7330487523,False,-10.0
2013-11-14,Hartford Hawks,63.0,away,0.3496774111,-3.7330487523,True,10.0
2013-11-14,Saint Joseph's Hawks,81.0,home,0.8542457576,11.1943634301,True,19.0
2013-11-14,Marist Red Foxes,62.0,away,0.1457542424,-11.1943634301,False,-19.0
2013-11-14,UT Rio Grande Valley Vaqueros,94.0,home,0.9234095159,18.4107029235,True,32.0
2013-11-14,Huston-Tillotson Rams,62.0,away,0.0765904841,-18.4107029235,False,-32.0
2013-11-14,Boston University Terriers,91.0,home,0.895212924,13.9389435231,True,26.0
2013-11-14,UMass Lowell River Hawks,65.0,away,0.10478707599999999,-13.9389435231,False,-26.0
2013-11-14,Maryland Terrapins,67.0,home,0.9373700051,17.048675198,True,23.0
2013-11-14,Abilene Christian Wildcats,44.0,away,0.0626299949,-17.048675198,False,-23.0
2013-11-14,Navy Midshipmen,98.0,home,0.9647180658,21.4689825434,True,51.0
2013-11-14,Goucher Gophers,47.0,away,0.0352819342,-21.4689825434,False,-51.0
2013-11-14,Penn State Nittany Lions,80.0,home,0.8150542905,9.0215488742,False,-10.0
2013-11-14,Bucknell Bison,90.0,away,0.1849457095,-9.0215488742,True,10.0
2013-11-14,Old Dominion Monarchs,77.0,home,0.8098036354,9.067979244,True,20.0
2013-11-14,Howard Bison,57.0,away,0.1901963646,-9.067979244,False,-20.0
2013-11-14,Mercer Bears,95.0,home,0.9912057182000001,31.4706650989,True,42.0
2013-11-14,Reinhardt Eagles,53.0,away,0.0087942818,-31.4706650989,False,-42.0
2013-11-14,Dayton Flyers,70.0,home,0.9498829976,18.5343263328,True,14.0
2013-11-14,Saint Francis Red Flash,56.0,away,0.0501170024,-18.5343263328,False,-14.0
2013-11-14,Holy Cross Crusaders,122.0,home,0.602791108,2.9570145303,True,4.0
2013-11-14,Sacred Heart Pioneers,118.0,away,0.3972088919999999,-2.9570145303,False,-4.0
2013-11-14,Purdue Boilermakers,109.0,home,0.898317452,16.0746908341,True,36.0
2013-11-14,Central Connecticut Blue Devils,73.0,away,0.101682548,-16.0746908341,False,-36.0
2013-11-14,Winthrop Eagles,82.0,home,0.32143787199999996,-4.8662258637,True,8.0
2013-11-14,South Carolina Upstate Spartans,74.0,away,0.678562128,4.8662258637,False,-8.0
2013-11-14,Dartmouth Big Green,77.0,home,0.7121110735,6.1070940859,False,-10.0
2013-11-14,Bryant Bulldogs,87.0,away,0.2878889265,-6.1070940859,True,10.0
2013-11-14,Villanova Wildcats,90.0,home,0.9194713473,15.567322095,True,31.0
2013-11-14,Mount St. Mary's Mountaineers,59.0,away,0.0805286527,-15.567322095,False,-31.0
2013-11-14,Charleston Southern Buccaneers,78.0,home,0.8545292682,11.4119876575,False,-2.0
2013-11-14,UNC Wilmington Seahawks,80.0,away,0.1454707318,-11.4119876575,True,2.0
2013-11-14,UCF Knights,68.0,home,0.5836669865,2.4284417773,False,-12.0
2013-11-14,Florida State Seminoles,80.0,away,0.4163330135,-2.4284417773,True,12.0
2013-11-14,Illinois Fighting Illini,64.0,home,0.8771946576,12.8180420442,True,12.0
2013-11-14,Valparaiso Beacons,52.0,away,0.1228053424,-12.8180420442,False,-12.0
2013-11-14,Louisiana Tech Bulldogs,106.0,home,0.990210206,32.2837999513,True,47.0
2013-11-14,Centenary (LA) Gentlemen,59.0,away,0.009789794,-32.2837999513,False,-47.0
2013-11-14,Alabama State Hornets,88.0,home,0.8972637136999999,14.4896897531,True,30.0
2013-11-14,Mobile Rams,58.0,away,0.1027362863,-14.4896897531,False,-30.0
2013-11-14,Eastern Illinois Panthers,67.0,home,0.9553476296,18.4752375148,True,7.0
2013-11-14,Olivet Nazarene Tigers,60.0,away,0.0446523704,-18.4752375148,False,-7.0
2013-11-14,Southern Jaguars,73.0,home,0.7646889179,7.9789044192,False,-6.0
2013-11-14,Tulane Green Wave,79.0,away,0.23531108210000004,-7.9789044192,True,6.0
2013-11-14,UIC Flames,87.0,home,0.9673879066,22.1321306902,True,22.0
2013-11-14,Roosevelt Lakers,65.0,away,0.0326120934,-22.1321306902,False,-22.0
2013-11-14,SIU Edwardsville Cougars,58.0,home,0.18662018849999998,-9.7628268849,False,-24.0
2013-11-14,Saint Louis Billikens,82.0,away,0.8133798115,9.7628268849,True,24.0
2013-11-14,Middle Tennessee Blue Raiders,77.0,home,0.8603628266999999,11.96475443,True,7.0
2013-11-14,North Florida Ospreys,70.0,away,0.1396371733,-11.96475443,False,-7.0
2013-11-14,Oklahoma Sooners,85.0,home,0.896178976,14.801655092,True,20.0
2013-11-14,Idaho Vandals,65.0,away,0.10382102399999998,-14.801655092,False,-20.0
2013-11-14,North Dakota Fighting Hawks,110.0,home,0.9696139495,24.5117545392,True,41.0
2013-11-14,Minnesota Morris Cougars,69.0,away,0.0303860505,-24.5117545392,False,-41.0
2013-11-14,Kansas State Wildcats,71.0,home,0.8591510853,11.2141983772,True,8.0
2013-11-14,Oral Roberts Golden Eagles,63.0,away,0.1408489147,-11.2141983772,False,-8.0
2013-11-14,Arkansas State Red Wolves,72.0,home,0.8639600226,12.4578594934,True,10.0
2013-11-14,UT Martin Skyhawks,62.0,away,0.1360399774,-12.4578594934,False,-10.0
2013-11-14,Omaha Mavericks,101.0,home,0.6188795166,3.6802029733,True,30.0
2013-11-14,Kansas City Roos,71.0,away,0.3811204834,-3.6802029733,False,-30.0
2013-11-14,Colorado Buffaloes,63.0,home,0.6867705614,4.5257924039,True,5.0
2013-11-14,Wyoming Cowboys,58.0,away,0.3132294386,-4.5257924039,False,-5.0
2013-11-14,DePaul Blue Demons,68.0,home,0.5727183396,1.929644162,False,-7.0
2013-11-14,Southern Miss Golden Eagles,75.0,away,0.4272816604,-1.929644162,True,7.0
2013-11-14,UT Arlington Mavericks,111.0,home,0.9703091783,26.528947027,True,47.0
2013-11-14,Howard Payne Yellow Jackets,64.0,away,0.0296908217,-26.528947027,False,-47.0
2013-11-14,Oregon State Beavers,79.0,home,0.7913622845,9.3033523848,True,6.0
2013-11-14,Portland Pilots,73.0,away,0.2086377155,-9.3033523848,False,-6.0
2013-11-14,UC Riverside Highlanders,66.0,home,0.5622327103,1.6025743047,False,-3.0
2013-11-14,Pepperdine Waves,69.0,away,0.4377672897,-1.6025743047,True,3.0
2013-11-14,Seattle U Redhawks,75.0,home,0.672018186,4.581069531,True,4.0
2013-11-14,Cal State Fullerton Titans,71.0,away,0.327981814,-4.581069531,False,-4.0
2013-11-14,Cal State Bakersfield Roadrunners,74.0,home,0.8734362527999999,11.6272414894,True,8.0
2013-11-14,Sacramento State Hornets,66.0,away,0.1265637472,-11.6272414894,False,-8.0
2013-11-14,Portland State Vikings,79.0,home,0.9295443331,16.4042837231,True,36.0
2013-11-14,Pacific Lutheran Lutes,43.0,away,0.0704556669,-16.4042837231,False,-36.0
2013-11-14,San Francisco Dons,91.0,home,0.5918083662,2.5034163937,True,9.0
2013-11-14,Cleveland State Vikings,82.0,away,0.4081916338,-2.5034163937,False,-9.0
2013-11-15,Memphis Tigers,95.0,home,0.9410798327,20.9887051889,True,26.0
2013-11-15,Austin Peay Governors,69.0,away,0.0589201673,-20.9887051889,False,-26.0
2013-11-15,San Diego State Aztecs,60.0,home,0.3813816127,-3.061616342,False,-9.0
2013-11-15,Arizona Wildcats,69.0,away,0.6186183873,3.061616342,True,9.0
2013-11-15,Morgan State Bears,61.0,home,0.6965534023,5.6984715409,False,-7.0
2013-11-15,San Diego Toreros,68.0,away,0.3034465977,-5.6984715409,True,7.0
2013-11-15,Iowa Hawkeyes,109.0,home,0.971858664,25.9815034097,True,46.0
2013-11-15,Maryland Eastern Shore Hawks,63.0,away,0.028141336,-25.9815034097,False,-46.0
2013-11-15,Savannah State Tigers,87.0,home,0.9742346075,25.5006723628,True,27.0
2013-11-15,Florida National Conquistadors,60.0,away,0.0257653925,-25.5006723628,False,-27.0
2013-11-15,East Carolina Pirates,95.0,home,0.9755534331,24.8581338159,True,50.0
2013-11-15,Chowan Hawks,45.0,away,0.0244465669,-24.8581338159,False,-50.0
2013-11-15,Florida International Panthers,85.0,home,0.982712497,26.5543141806,True,46.0
2013-11-15,Florida College Falcons,39.0,away,0.017287503,-26.5543141806,False,-46.0
2013-11-15,Boston College Eagles,92.0,home,0.7892163468,8.6708023685,False,-3.0
2013-11-15,Toledo Rockets,95.0,away,0.2107836532,-8.6708023685,True,3.0
2013-11-15,Miami Hurricanes,84.0,home,0.6594920123,4.0295175983,True,15.0
2013-11-15,Texas Southern Tigers,69.0,away,0.3405079877,-4.0295175983,False,-15.0
2013-11-15,Florida A&M Rattlers,63.0,home,0.6238009468,3.305309328,True,3.0
2013-11-15,Stetson Hatters,60.0,away,0.3761990532,-3.305309328,False,-3.0
2013-11-15,UConn Huskies,101.0,home,0.9093113058,15.6430843725,True,46.0
2013-11-15,Detroit Mercy Titans,55.0,away,0.0906886942,-15.6430843725,False,-46.0
2013-11-15,American University Eagles,63.0,home,0.8172295473,9.6058718493,True,2.0
2013-11-15,UMBC Retrievers,61.0,away,0.18277045269999997,-9.6058718493,False,-2.0
2013-11-15,Wichita State Shockers,79.0,home,0.9148973765000001,14.8233157622,True,17.0
2013-11-15,William & Mary Tribe,62.0,away,0.0851026235,-14.8233157622,False,-17.0
2013-11-15,Rutgers Scarlet Knights,72.0,home,0.6826750063,4.9791221081,True,1.0
2013-11-15,Yale Bulldogs,71.0,away,0.3173249937,-4.9791221081,False,-1.0
2013-11-15,Towson Tigers,75.0,home,0.4729776385,-0.6989988558,True,6.0
2013-11-15,Temple Owls,69.0,away,0.5270223615,0.6989988558,False,-6.0
2013-11-15,Eastern Michigan Eagles,69.0,home,0.5490375791,1.2296313666,True,5.0
2013-11-15,Robert Morris Colonials,64.0,away,0.4509624209,-1.2296313666,False,-5.0
2013-11-15,Alabama A&M Bulldogs,79.0,home,0.898530259,13.8145373979,True,6.0
2013-11-15,Alabama-Huntsville Chargers,73.0,away,0.101469741,-13.8145373979,False,-6.0
2013-11-15,Youngstown State Penguins,104.0,home,0.9875696835,29.5056205481,True,46.0
2013-11-15,Warren Wilson Owls,58.0,away,0.0124303165,-29.5056205481,False,-46.0
2013-11-15,SE Louisiana Lions,108.0,home,0.9511121507,19.9748944671,True,54.0
2013-11-15,Champion Christian Tigers,54.0,away,0.0488878493,-19.9748944671,False,-54.0
2013-11-15,Prairie View A&M Panthers,103.0,home,0.3861575148,-3.0943359615,False,-5.0
2013-11-15,Sam Houston Bearkats,108.0,away,0.6138424852,3.0943359615,True,5.0
2013-11-15,Belmont Bruins,96.0,home,0.6266741559,3.6069896255,True,1.0
2013-11-15,Indiana State Sycamores,95.0,away,0.3733258441,-3.6069896255,False,-1.0
2013-11-15,UAB Blazers,81.0,home,0.8786020922,13.0812555879,True,12.0
2013-11-15,Troy Trojans,69.0,away,0.1213979078,-13.0812555879,False,-12.0
2013-11-15,Air Force Falcons,82.0,home,0.8547126722,11.5020631054,False,-2.0
2013-11-15,Jackson State Tigers,84.0,away,0.1452873278,-11.5020631054,True,2.0
2013-11-15,South Dakota State Jackrabbits,69.0,home,0.7185287489,5.7198725977,False,-8.0
2013-11-15,Montana Grizzlies,77.0,away,0.2814712511,-5.7198725977,True,8.0
2013-11-15,Long Beach State Beach,73.0,home,0.5062737728,0.1731033078,False,-1.0
2013-11-15,Loyola Marymount Lions,74.0,away,0.4937262272,-0.1731033078,True,1.0
2013-11-15,North Texas Mean Green,92.0,home,0.742677771,7.2366406089,True,14.0
2013-11-15,Nicholls Colonels,78.0,away,0.257322229,-7.2366406089,False,-14.0
2013-11-15,Alabama Crimson Tide,76.0,home,0.8902894756,12.3596335576,True,12.0
2013-11-15,Texas Tech Red Raiders,64.0,away,0.1097105244,-12.3596335576,False,-12.0
2013-11-15,Mississippi State Bulldogs,78.0,home,0.8910650108999999,13.3836723004,True,23.0
2013-11-15,Kennesaw State Owls,55.0,away,0.1089349891,-13.3836723004,False,-23.0
2013-11-15,Houston Cougars,80.0,home,0.8037631487,8.7214574296,True,18.0
2013-11-15,UTSA Roadrunners,62.0,away,0.1962368513,-8.7214574296,False,-18.0
2013-11-15,Stanford Cardinal,71.0,home,0.8234205722,9.9148645467,True,13.0
2013-11-15,Northwestern Wildcats,58.0,away,0.1765794278,-9.9148645467,False,-13.0
2013-11-15,Saint Mary's Gaels,78.0,home,0.7472205042,5.9666446541,True,13.0
2013-11-15,North Dakota State Bison,65.0,away,0.2527794958,-5.9666446541,False,-13.0
2013-11-15,Washington Huskies,72.0,home,0.8961875846000001,15.4805226842,False,-14.0
2013-11-15,UC Irvine Anteaters,86.0,away,0.1038124154,-15.4805226842,True,14.0
2013-11-12,Saint Mary's Gaels,85.0,home,0.8540640945999999,11.3844644086,True,22.0
2013-11-12,Akron Zips,63.0,away,0.1459359054,-11.3844644086,False,-22.0
2013-11-13,Wisconsin Badgers,59.0,home,0.6355284232,3.2154057181,True,6.0
2013-11-13,Florida Gators,53.0,away,0.3644715768,-3.2154057181,False,-6.0
2013-11-13,Ohio State Buckeyes,79.0,home,0.9034349774,13.9964849976,True,10.0
2013-11-13,Ohio Bobcats,69.0,away,0.0965650226,-13.9964849976,False,-10.0
2013-11-13,Marquette Golden Eagles,114.0,home,0.9959863045,39.7994652607,True,43.0
2013-11-13,Grambling Tigers,71.0,away,0.0040136955,-39.7994652607,False,-43.0
2013-11-13,Syracuse Orange,89.0,home,0.955603152,20.3917626628,True,15.0
2013-11-13,Fordham Rams,74.0,away,0.044396848,-20.3917626628,False,-15.0
2013-11-13,Michigan Wolverines,93.0,home,0.9798069173,23.6344274976,True,34.0
2013-11-13,South Carolina State Bulldogs,59.0,away,0.020193082699999997,-23.6344274976,False,-34.0
2013-11-13,Oklahoma State Cowboys,93.0,home,0.9652261558,21.5152240244,True,53.0
2013-11-13,Utah Valley Wolverines,40.0,away,0.0347738442,-21.5152240244,False,-53.0
2013-11-13,Virginia Cavaliers,56.0,home,0.5948925478,2.5085400383,False,-3.0
2013-11-13,VCU Rams,59.0,away,0.4051074522,-2.5085400383,True,3.0
2013-11-12,Hawai'i Rainbow Warriors,88.0,home,0.5135603771,0.3809670987,False,-7.0
2013-11-12,New Mexico State Aggies,95.0,away,0.4864396229,-0.3809670987,True,7.0
2013-11-13,UCLA Bruins,91.0,home,0.8725367636,13.1975058114,True,31.0
2013-11-13,Oakland Golden Grizzlies,60.0,away,0.1274632364,-13.1975058114,False,-31.0
2013-11-12,Florida Gulf Coast Eagles,65.0,home,0.6496492507,3.8311331165,True,14.0
2013-11-12,Hartford Hawks,51.0,away,0.3503507493,-3.8311331165,False,-14.0
2013-11-12,Indiana Hoosiers,73.0,home,0.0,0.0,True,1.0
2013-11-12,LIU Brooklyn Liu Brooklyn,72.0,away,0.0,0.0,False,-1.0
2013-11-12,Massachusetts Minutemen,92.0,home,0.7394882862,7.8713286175,True,2.0
2013-11-12,LSU Tigers,90.0,away,0.2605117138,-7.8713286175,False,-2.0
2013-11-12,Cincinnati Bearcats,68.0,home,0.7961632021,8.1805067713,True,11.0
2013-11-12,NC State Wolfpack,57.0,away,0.20383679790000003,-8.1805067713,False,-11.0
2013-11-12,Virginia Tech Hokies,87.0,home,0.45241399889999995,-1.350209674,True,5.0
2013-11-12,West Virginia Mountaineers,82.0,away,0.5475860011,1.350209674,False,-5.0
2013-11-13,Ball State Cardinals,73.0,home,0.9517692802,19.3146178948,True,20.0
2013-11-13,Taylor Trojans,53.0,away,0.0482307198,-19.3146178948,False,-20.0
2013-11-13,Savannah State Tigers,73.0,home,0.9597823736,21.5789770107,True,10.0
2013-11-13,Tennessee Temple Crusaders,63.0,away,0.0402176264,-21.5789770107,False,-10.0
2013-11-12,La Salle Explorers,73.0,home,0.8610452087,12.1264933169,True,6.0
2013-11-12,Quinnipiac Bobcats,67.0,away,0.1389547913,-12.1264933169,False,-6.0
2013-11-12,Florida International Panthers,93.0,home,0.9335729364999998,16.9805048132,True,37.0
2013-11-12,Warren Wilson Owls,56.0,away,0.0664270635,-16.9805048132,False,-37.0
2013-11-12,Baylor Bears,66.0,home,0.9166016266,14.8926057836,True,2.0
2013-11-12,South Carolina Gamecocks,64.0,away,0.0833983734,-14.8926057836,False,-2.0
2013-11-13,Eastern Michigan Eagles,95.0,home,0.9745242779000001,23.3130304945,True,45.0
2013-11-13,Concordia-Ann Arbor Cardinals,50.0,away,0.0254757221,-23.3130304945,False,-45.0
2013-11-13,Vermont Catamounts,77.0,home,0.9041042693,14.8568876266,True,11.0
2013-11-13,Siena Saints,66.0,away,0.0958957307,-14.8568876266,False,-11.0
2013-11-13,George Washington Revolutionaries,108.0,home,0.9253931844000001,18.6156722698,True,27.0
2013-11-13,Maine Black Bears,81.0,away,0.0746068156,-18.6156722698,False,-27.0
2013-11-13,Columbia Lions,70.0,home,0.3669868286,-3.2423782392,False,-1.0
2013-11-13,Manhattan Jaspers,71.0,away,0.6330131714,3.2423782392,True,1.0
2013-11-13,Monmouth Hawks,73.0,home,0.4331125703,-2.0248832364,False,-6.0
2013-11-13,Pennsylvania Quakers,79.0,away,0.5668874297,2.0248832364,True,6.0
2013-11-13,Maryland Eastern Shore Hawks,95.0,home,0.8974689881000001,15.0121530962,True,40.0
2013-11-13,Salisbury Sea Gulls,55.0,away,0.10253101189999998,-15.0121530962,False,-40.0
2013-11-13,Harvard Crimson,79.0,home,0.9925027399000002,32.3423299141,True,42.0
2013-11-13,MIT Engineers,37.0,away,0.007497260100000001,-32.3423299141,False,-42.0
2013-11-13,UAlbany Great Danes,71.0,home,0.7677664912000001,7.118514595,True,6.0
2013-11-13,NJIT Highlanders,65.0,away,0.2322335088,-7.118514595,False,-6.0
2013-11-13,Saint Peter's Peacocks,59.0,home,0.5440575081,1.1138467246,False,-5.0
2013-11-13,Hampton Pirates,64.0,away,0.45594249189999997,-1.1138467246,True,5.0
2013-11-13,Pittsburgh Panthers,75.0,home,0.9089598936000001,14.5199586196,True,21.0
2013-11-13,Fresno State Bulldogs,54.0,away,0.0910401064,-14.5199586196,False,-21.0
2013-11-13,IU Indianapolis Jaguars,78.0,home,0.504508162,0.1147611672,False,-6.0
2013-11-13,Evansville Purple Aces,84.0,away,0.495491838,-0.1147611672,True,6.0
2013-11-13,Lehigh Mountain Hawks,92.0,home,0.626461583,3.2143388249,True,14.0
2013-11-13,Rider Broncs,78.0,away,0.373538417,-3.2143388249,False,-14.0
2013-11-13,Marshall Thundering Herd,119.0,home,0.9342628895,20.6945809463,True,42.0
2013-11-13,Rio Grande Red Storm,77.0,away,0.0657371105,-20.6945809463,False,-42.0
2013-11-13,Charleston Cougars,83.0,home,0.7053543053999999,5.9946281962,True,1.0
2013-11-13,Charlotte 49ers,82.0,away,0.2946456946,-5.9946281962,False,-1.0
2013-11-13,East Tennessee State Buccaneers,63.0,home,0.6289279585,3.5589050835,False,-8.0
2013-11-13,Morehead State Eagles,71.0,away,0.3710720415,-3.5589050835,True,8.0
2013-11-13,Wake Forest Demon Deacons,98.0,home,0.8471874948,13.1801984441,True,27.0
2013-11-13,VMI Keydets,71.0,away,0.1528125052,-13.1801984441,False,-27.0
2013-11-13,Wagner Seahawks,75.0,home,0.9802859225,28.0787026299,True,8.0
2013-11-13,Chestnut Hill College Griffins,67.0,away,0.0197140775,-28.0787026299,False,-8.0
2013-11-13,Jacksonville Dolphins,101.0,home,0.9458088259,21.4438948518,True,29.0
2013-11-13,Florida College Falcons,72.0,away,0.0541911741,-21.4438948518,False,-29.0
2013-11-13,UNC Greensboro Spartans,84.0,home,0.4500006976,-1.3698158944,False,-1.0
2013-11-13,East Carolina Pirates,85.0,away,0.5499993024,1.3698158944,True,1.0
2013-11-13,Lafayette Leopards,81.0,home,0.4277397811,-1.837535284,False,-9.0
2013-11-13,Robert Morris Colonials,90.0,away,0.5722602189,1.837535284,True,9.0
2013-11-13,High Point Panthers,94.0,home,0.9525762655,20.6278763039,True,30.0
2013-11-13,Ferrum Panthers,64.0,away,0.04742373450000001,-20.6278763039,False,-30.0
2013-11-13,William & Mary Tribe,84.0,home,0.6049801854,2.5613486783,True,12.0
2013-11-13,Liberty Flames,72.0,away,0.3950198146,-2.5613486783,False,-12.0
2013-11-13,South Florida Bulls,91.0,home,0.9050033335,15.9706986927,True,26.0
2013-11-13,Bethune-Cookman Wildcats,65.0,away,0.0949966665,-15.9706986927,False,-26.0
2013-11-13,Kentucky Wildcats,74.0,home,0.6268485938,3.4267886296,False,-4.0
2013-11-13,Michigan State Spartans,78.0,away,0.37315140620000004,-3.4267886296,True,4.0
2013-11-13,Alcorn State Braves,87.0,home,0.8928136935,14.5770105059,True,26.0
2013-11-13,Mississippi College Choctaws,61.0,away,0.1071863065,-14.5770105059,False,-26.0
2013-11-13,Furman Paladins,75.0,home,0.5002802609,0.0066821074,True,11.0
2013-11-13,Gardner-Webb Runnin' Bulldogs,64.0,away,0.4997197391,-0.0066821074,False,-11.0
2013-11-13,Louisville Cardinals,97.0,home,0.9758155378,23.7195766557,True,28.0
2013-11-13,Hofstra Pride,69.0,away,0.0241844622,-23.7195766557,False,-28.0
2013-11-13,Nebraska Cornhuskers,62.0,home,0.7713827901000001,7.0516514289,True,15.0
2013-11-13,Western Illinois Leathernecks,47.0,away,0.2286172099,-7.0516514289,False,-15.0
2013-11-13,Towson Tigers,95.0,home,0.6101600784,3.0589778742,True,20.0
2013-11-13,Morgan State Bears,75.0,away,0.3898399216,-3.0589778742,False,-20.0
2013-11-13,New Orleans Privateers,81.0,home,0.9186507957,17.5330610949,True,36.0
2013-11-13,Millsaps Majors,45.0,away,0.0813492043,-17.5330610949,False,-36.0
2013-11-13,Lamar Cardinals,54.0,home,0.2244419362,-7.694685322,False,-14.0
2013-11-13,George Mason Patriots,68.0,away,0.7755580638,7.694685322,True,14.0
2013-11-13,Central Arkansas Bears,109.0,home,0.9056123741,17.1267950092,True,50.0
2013-11-13,Hendrix College Warriors,59.0,away,0.0943876259,-17.1267950092,False,-50.0
2013-11-13,Texas State Bobcats,57.0,home,0.615854192,2.9189243824,False,-7.0
2013-11-13,Stephen F. Austin Lumberjacks,64.0,away,0.384145808,-2.9189243824,True,7.0
2013-11-13,Vanderbilt Commodores,86.0,home,0.5924973079,2.3556387335,True,6.0
2013-11-13,Georgia State Panthers,80.0,away,0.4075026921,-2.3556387335,False,-6.0
2013-11-13,Murray State Racers,97.0,home,0.9646981891,23.2192531916,True,28.0
2013-11-13,Brescia Bearcats,69.0,away,0.0353018109,-23.2192531916,False,-28.0
2013-11-13,App State Mountaineers,66.0,home,0.6926633768000001,5.0780347815,False,-7.0
2013-11-13,Campbell Fighting Camels,73.0,away,0.3073366232,-5.0780347815,True,7.0
2013-11-13,Texas Longhorns,84.0,home,0.8443360283,11.4141459296,True,7.0
2013-11-13,South Alabama Jaguars,77.0,away,0.1556639717,-11.4141459296,False,-7.0
2013-11-13,Bradley Braves,80.0,home,0.6455141775,4.0076973591,True,10.0
2013-11-13,Central Michigan Chippewas,70.0,away,0.3544858225,-4.0076973591,False,-10.0
2013-11-13,TCU Horned Frogs,79.0,home,0.8590495902,11.3905709478,False,-3.0
2013-11-13,Longwood Lancers,82.0,away,0.1409504098,-11.3905709478,True,3.0
2013-11-13,Iowa State Cyclones,80.0,home,0.9073046716,14.4631509383,True,30.0
2013-11-13,Texas A&M-Corpus Christi Islanders,50.0,away,0.0926953284,-14.4631509383,False,-30.0
2013-11-13,Louisiana Ragin' Cajuns,92.0,home,0.7653067573999999,8.4267098253,True,26.0
2013-11-13,McNeese Cowboys,66.0,away,0.23469324260000002,-8.4267098253,False,-26.0
2013-11-13,Drake Bulldogs,104.0,home,0.9752179852,23.3895977345,True,55.0
2013-11-13,Iowa Wesleyan Tigers,49.0,away,0.024782014799999995,-23.3895977345,False,-55.0
2013-11-13,The Citadel Bulldogs,82.0,home,0.7370978413,6.639055693,True,14.0
2013-11-13,Presbyterian Blue Hose,68.0,away,0.2629021587,-6.639055693,False,-14.0
2013-11-13,Minnesota Golden Gophers,84.0,home,0.8135460755,9.5199561976,True,26.0
2013-11-13,Montana Grizzlies,58.0,away,0.18645392449999998,-9.5199561976,False,-26.0
2013-11-13,Illinois State Redbirds,70.0,home,0.3662438931,-3.6684726277,False,-8.0
2013-11-13,Drexel Dragons,78.0,away,0.6337561069,3.6684726277,True,8.0
2013-11-13,Chicago State Cougars,79.0,home,0.5595609918,1.6055988799,True,4.0
2013-11-13,Jacksonville State Gamecocks,75.0,away,0.4404390082,-1.6055988799,False,-4.0
2013-11-13,Tennessee Tech Golden Eagles,74.0,home,0.638527132,3.5058097346,True,5.0
2013-11-13,Loyola Chicago Ramblers,69.0,away,0.36147286800000006,-3.5058097346,False,-5.0
2013-11-13,Arizona State Sun Devils,90.0,home,0.8986831836,14.1256422151,True,36.0
2013-11-13,Miami (OH) RedHawks,54.0,away,0.1013168164,-14.1256422151,False,-36.0
2013-11-13,Xavier Musketeers,67.0,home,0.5108401991,0.2631202829,True,4.0
2013-11-13,Tennessee Volunteers,63.0,away,0.4891598009,-0.2631202829,False,-4.0
2013-11-13,UT Arlington Mavericks,88.0,home,0.7172386013,6.5064407583,True,13.0
2013-11-13,Samford Bulldogs,75.0,away,0.2827613987,-6.5064407583,False,-13.0
2013-11-13,Missouri Tigers,72.0,home,0.8961499056,13.7423683405,True,13.0
2013-11-13,Southern Illinois Salukis,59.0,away,0.1038500944,-13.7423683405,False,-13.0
2013-11-13,Utah State Aggies,90.0,home,0.9557901901,17.8604707904,True,33.0
2013-11-13,Southern Utah Thunderbirds,57.0,away,0.0442098099,-17.8604707904,False,-33.0
2013-11-13,Pacific Tigers,84.0,home,0.72335034,6.5802825622,True,5.0
2013-11-13,UC Irvine Anteaters,79.0,away,0.27664966,-6.5802825622,False,-5.0
2013-11-13,Northern Colorado Bears,98.0,home,0.9503841882999999,21.151562392,True,24.0
2013-11-13,Colorado Christian Cougars,74.0,away,0.0496158117,-21.151562392,False,-24.0
2013-11-13,UNLV Rebels,65.0,home,0.8553679367,11.2244259243,False,-21.0
2013-11-13,UC Santa Barbara Gauchos,86.0,away,0.1446320633,-11.2244259243,True,21.0
2013-11-13,Rice Owls,62.0,home,0.644122383,3.6195194803,False,-1.0
2013-11-13,SE Louisiana Lions,63.0,away,0.35587761700000003,-3.6195194803,True,1.0
2013-11-13,USC Trojans,95.0,home,0.61817909,3.3721255918,True,16.0
2013-11-13,Cal State Northridge Matadors,79.0,away,0.38182091,-3.3721255918,False,-16.0
2013-11-13,Santa Clara Broncos,89.0,home,0.8562192177,11.8081490968,True,12.0
2013-11-13,San José State Spartans,77.0,away,0.1437807823,-11.8081490968,False,-12.0
2013-11-13,Cal Poly Mustangs,58.0,home,0.651138135,3.7064897573,False,-2.0
2013-11-13,Nevada Wolf Pack,60.0,away,0.348861865,-3.7064897573,True,2.0
2013-11-13,Duke Blue Devils,83.0,home,0.645323776,4.036628237,False,-11.0
2013-11-13,Kansas Jayhawks,94.0,away,0.354676224,-4.036628237,True,11.0
2013-11-13,California Golden Bears,77.0,home,0.7939075884000001,7.948396715,True,27.0
2013-11-13,Denver Pioneers,50.0,away,0.2060924116,-7.948396715,False,-27.0
2013-11-09,Michigan State Spartans,98.0,home,0.9643076987000001,19.9155781384,True,42.0
2013-11-09,McNeese Cowboys,56.0,away,0.0356923013,-19.9155781384,False,-42.0
2013-11-09,Michigan Wolverines,69.0,home,0.9778948919,22.7784161427,True,27.0
2013-11-09,UMass Lowell River Hawks,42.0,away,0.022105108100000003,-22.7784161427,False,-27.0
2013-11-09,Duke Blue Devils,111.0,home,0.9271798716,15.6612799126,True,34.0
2013-11-09,Davidson Wildcats,77.0,away,0.0728201284,-15.6612799126,False,-34.0
2013-11-09,Syracuse Orange,82.0,home,0.9765666745,23.0307247729,True,22.0
2013-11-09,Cornell Big Red,60.0,away,0.0234333255,-23.0307247729,False,-22.0
2013-11-09,North Carolina Tar Heels,84.0,home,0.8603749934,12.1342485847,True,23.0
2013-11-09,Oakland Golden Grizzlies,61.0,away,0.1396250066,-12.1342485847,False,-23.0
2013-11-09,Oklahoma State Cowboys,117.0,home,0.9817906722,25.9999719289,True,55.0
2013-11-09,Mississippi Valley State Delta Devils,62.0,away,0.0182093278,-25.9999719289,False,-55.0
2013-11-09,Marquette Golden Eagles,63.0,home,0.9268579915,15.0712547979,True,7.0
2013-11-09,Southern Jaguars,56.0,away,0.0731420085,-15.0712547979,False,-7.0
2013-11-08,Maryland Terrapins,77.0,home,0.3027155115,-5.1303476648,False,-1.0
2013-11-08,UConn Huskies,78.0,away,0.6972844885,5.1303476648,True,1.0
2013-11-09,Kansas Jayhawks,80.0,home,0.9780604496,23.7091378557,True,17.0
2013-11-09,UL Monroe Warhawks,63.0,away,0.0219395504,-23.7091378557,False,-17.0
2013-11-09,VCU Rams,96.0,home,0.951803156,19.3163331254,True,38.0
2013-11-09,Illinois State Redbirds,58.0,away,0.048196843999999996,-19.3163331254,False,-38.0
2013-11-09,UCLA Bruins,72.0,home,0.7841650686,7.6158795216,True,5.0
2013-11-09,Drexel Dragons,67.0,away,0.2158349314,-7.6158795216,False,-5.0
2013-11-09,Notre Dame Fighting Irish,74.0,home,0.9142795861,13.8231498688,True,12.0
2013-11-09,Miami (OH) RedHawks,62.0,away,0.08572041390000001,-13.8231498688,False,-12.0
2013-11-09,Wisconsin Badgers,86.0,home,0.7940708507,7.9532518551,True,11.0
2013-11-09,St. John's Red Storm,75.0,away,0.2059291493,-7.9532518551,False,-11.0
2013-11-09,Virginia Cavaliers,61.0,home,0.909082481,13.115467928,True,20.0
2013-11-09,James Madison Dukes,41.0,away,0.090917519,-13.115467928,False,-20.0
2013-11-08,Florida Gators,77.0,home,0.9838022342000001,24.4652286467,True,8.0
2013-11-08,North Florida Ospreys,69.0,away,0.0161977658,-24.4652286467,False,-8.0
2013-11-08,VMI Keydets,82.0,home,0.8761427753999999,12.900310308,True,11.0
2013-11-08,The Citadel Bulldogs,71.0,away,0.1238572246,-12.900310308,False,-11.0
2013-11-08,Eastern Michigan Eagles,77.0,home,0.8728335888,11.1407184519,True,32.0
2013-11-08,Albion Britons,45.0,away,0.1271664112,-11.1407184519,False,-32.0
2013-11-08,Kansas City Roos,76.0,home,0.6679533691,4.3108033326,False,-5.0
2013-11-08,Emporia St Hornets,81.0,away,0.3320466309,-4.3108033326,True,5.0
2013-11-08,Army Black Knights,68.0,home,0.461543709,-0.9354641103,False,-11.0
2013-11-08,Air Force Falcons,79.0,away,0.538456291,0.9354641103,True,11.0
2013-11-08,Central Michigan Chippewas,101.0,home,0.8203820335,9.2542550891,True,52.0
2013-11-08,Manchester Spartans,49.0,away,0.1796179665,-9.2542550891,False,-52.0
2013-11-08,Alabama Crimson Tide,73.0,home,0.7051783042,5.1735935804,False,-9.0
2013-11-08,Oklahoma Sooners,82.0,away,0.2948216958,-5.1735935804,True,9.0
2013-11-08,North Texas Mean Green,72.0,home,0.8068322993,8.9813273806,True,5.0
2013-11-08,Northwood University Knights,67.0,away,0.1931677007,-8.9813273806,False,-5.0
2013-11-08,Florida International Panthers,61.0,home,0.23507578880000002,-7.3564255117,False,-22.0
2013-11-08,Eastern Kentucky Colonels,83.0,away,0.7649242112,7.3564255117,True,22.0
2013-11-09,North Carolina A&T Aggies,91.0,home,0.7048702407,5.3759422044,True,27.0
2013-11-09,Greensboro College Pride,64.0,away,0.2951297593,-5.3759422044,False,-27.0
2013-11-09,Western Carolina Catamounts,77.0,home,0.8919310075999999,13.0002713976,True,22.0
2013-11-09,Wittenberg Tigers,55.0,away,0.1080689924,-13.0002713976,False,-22.0
2013-11-08,Chattanooga Mocs,119.0,home,0.7747279773,7.5058895257,True,63.0
2013-11-08,Covenant Fighting Scots,56.0,away,0.2252720227,-7.5058895257,False,-63.0
2013-11-08,Providence Friars,82.0,home,0.6395237252,3.4215074908,True,4.0
2013-11-08,Boston College Eagles,78.0,away,0.36047627480000005,-3.4215074908,False,-4.0
2013-11-09,Kent State Golden Flashes,84.0,home,0.9170469514,14.6683197529,True,36.0
2013-11-09,Ohio Northern Polar Bears,48.0,away,0.0829530486,-14.6683197529,False,-36.0
2013-11-09,Howard Bison,69.0,home,0.6150071891,2.7186413789,True,17.0
2013-11-09,Washington College (MD) Shoremen,52.0,away,0.3849928109,-2.7186413789,False,-17.0
2013-11-09,Hampton Pirates,77.0,home,0.6719657952999999,4.4051221881,True,8.0
2013-11-09,William & Mary Tribe,69.0,away,0.3280342047,-4.4051221881,False,-8.0
2013-11-09,Richmond Spiders,71.0,home,0.8491331412999998,10.4092141554,True,2.0
2013-11-09,Delaware Blue Hens,69.0,away,0.1508668587,-10.4092141554,False,-2.0
2013-11-09,Siena Saints,62.0,home,0.5063014442,0.1457786488,False,-12.0
2013-11-09,UAlbany Great Danes,74.0,away,0.4936985558,-0.1457786488,True,12.0
2013-11-09,Pittsburgh Panthers,88.0,home,0.9245580658,14.0493364849,True,33.0
2013-11-09,Savannah State Tigers,55.0,away,0.0754419342,-14.0493364849,False,-33.0
2013-11-09,George Mason Patriots,63.0,home,0.8562463649000001,10.946014009,True,3.0
2013-11-09,American University Eagles,60.0,away,0.1437536351,-10.946014009,False,-3.0
2013-11-09,Indiana Hoosiers,100.0,home,0.9138665202,15.070306073,True,28.0
2013-11-09,Chicago State Cougars,72.0,away,0.08613347980000001,-15.070306073,False,-28.0
2013-11-09,NC State Wolfpack,98.0,home,0.8367193503999999,10.5452675304,True,21.0
2013-11-09,App State Mountaineers,77.0,away,0.1632806496,-10.5452675304,False,-21.0
2013-11-09,Hofstra Pride,84.0,home,0.7593742394,7.5087468266,False,-4.0
2013-11-09,Monmouth Hawks,88.0,away,0.2406257606,-7.5087468266,True,4.0
2013-11-09,Wake Forest Demon Deacons,89.0,home,0.9214940152,15.4989325946,True,11.0
2013-11-09,Colgate Raiders,78.0,away,0.0785059848,-15.4989325946,False,-11.0
2013-11-09,Old Dominion Monarchs,67.0,home,0.44499986299999994,-1.2443837625,False,-12.0
2013-11-09,Missouri State Bears,79.0,away,0.555000137,1.2443837625,True,12.0
2013-11-09,Marshall Thundering Herd,85.0,home,0.7000679583999999,5.3692532948,True,16.0
2013-11-09,South Carolina State Bulldogs,69.0,away,0.2999320416,-5.3692532948,False,-16.0
2013-11-09,Florida Atlantic Owls,86.0,home,0.7165740327000001,5.6625306249,True,35.0
2013-11-09,Ave Maria Gyrenes,51.0,away,0.2834259673,-5.6625306249,False,-35.0
2013-11-09,Clemson Tigers,71.0,home,0.8643746531,10.9184999525,True,20.0
2013-11-09,Stetson Hatters,51.0,away,0.1356253469,-10.9184999525,False,-20.0
2013-11-09,Purdue Boilermakers,77.0,home,0.9525151752,17.2043351527,True,1.0
2013-11-09,Northern Kentucky Norse,76.0,away,0.0474848248,-17.2043351527,False,-1.0
2013-11-09,Lipscomb Bisons,83.0,home,0.2858429723,-5.887231516,False,-4.0
2013-11-09,Belmont Bruins,87.0,away,0.7141570277,5.887231516,True,4.0
2013-11-09,Xavier Musketeers,83.0,home,0.8827336695,12.0627783923,True,24.0
2013-11-09,Gardner-Webb Runnin' Bulldogs,59.0,away,0.1172663305,-12.0627783923,False,-24.0
2013-11-09,Kentucky Wildcats,89.0,home,0.9851088317,26.0133015593,True,32.0
2013-11-09,UNC Asheville Bulldogs,57.0,away,0.0148911683,-26.0133015593,False,-32.0
2013-11-09,Fairleigh Dickinson Knights,89.0,home,0.6161572078,2.8716829567,True,18.0
2013-11-09,Caldwell Cougars,71.0,away,0.38384279220000006,-2.8716829567,False,-18.0
2013-11-09,George Washington Revolutionaries,76.0,home,0.8324303685,10.3566967022,True,22.0
2013-11-09,Radford Highlanders,54.0,away,0.1675696315,-10.3566967022,False,-22.0
2013-11-09,Campbell Fighting Camels,87.0,home,0.6964411528,5.0415464306,True,25.0
2013-11-09,Shenandoah Hornets,62.0,away,0.3035588472,-5.0415464306,False,-25.0
2013-11-09,UNC Greensboro Spartans,82.0,home,0.5129778383,0.3401334048,True,8.0
2013-11-09,High Point Panthers,74.0,away,0.4870221617,-0.3401334048,False,-8.0
2013-11-09,Furman Paladins,66.0,home,0.670336871,4.3078217769,True,17.0
2013-11-09,Sewanee Tigers,49.0,away,0.329663129,-4.3078217769,False,-17.0
2013-11-09,Georgia Bulldogs,72.0,home,0.6549369617,3.6733679193,True,20.0
2013-11-09,Wofford Terriers,52.0,away,0.3450630383,-3.6733679193,False,-20.0
2013-11-09,Elon Phoenix,114.0,home,0.8909821446000001,12.8759601752,True,50.0
2013-11-09,Washington and Lee Generals,64.0,away,0.1090178554,-12.8759601752,False,-50.0
2013-11-09,Georgia Southern Eagles,110.0,home,0.6451725296,3.6284310693,True,36.0
2013-11-09,Columbia International Rams,74.0,away,0.3548274704,-3.6284310693,False,-36.0
2013-11-09,Towson Tigers,72.0,home,0.6356678123,3.2010425119,True,27.0
2013-11-09,Navy Midshipmen,45.0,away,0.3643321877,-3.2010425119,False,-27.0
2013-11-09,Rhode Island Rams,97.0,home,0.8561923968,10.9903592602,True,20.0
2013-11-09,Maine Black Bears,77.0,away,0.1438076032,-10.9903592602,False,-20.0
2013-11-09,Colorado State Rams,99.0,home,0.8886795808,12.4559506015,True,29.0
2013-11-09,Colorado-Colorado Springs Mountain Lions,70.0,away,0.1113204192,-12.4559506015,False,-29.0
2013-11-09,Loyola Marymount Lions,78.0,home,0.7802416742,7.7967399465,True,3.0
2013-11-09,Grand Canyon Lopes,75.0,away,0.2197583258,-7.7967399465,False,-3.0
2013-11-09,Kennesaw State Owls,57.0,home,0.2820953287,-5.7360255734,False,-16.0
2013-11-09,Youngstown State Penguins,73.0,away,0.7179046712999999,5.7360255734,True,16.0
2013-11-09,Charlotte 49ers,80.0,home,0.6891551691,4.9779328332,True,5.0
2013-11-09,East Tennessee State Buccaneers,75.0,away,0.3108448309,-4.9779328332,False,-5.0
2013-11-09,Rutgers Scarlet Knights,92.0,home,0.8645306706,11.9581067289,True,8.0
2013-11-09,Florida A&M Rattlers,84.0,away,0.1354693294,-11.9581067289,False,-8.0
2013-11-09,Georgia Tech Yellow Jackets,88.0,home,0.9735914908,21.331907035,True,31.0
2013-11-09,Presbyterian Blue Hose,57.0,away,0.0264085092,-21.331907035,False,-31.0
2013-11-09,Samford Bulldogs,79.0,home,0.753591545,6.5295696579,True,17.0
2013-11-09,Tennessee Southern Firehawks,62.0,away,0.246408455,-6.5295696579,False,-17.0
2013-11-09,SMU Mustangs,69.0,home,0.6971795107,4.9013015955,True,8.0
2013-11-09,TCU Horned Frogs,61.0,away,0.3028204893,-4.9013015955,False,-8.0
2013-11-09,Utah Utes,128.0,home,0.7539225738,6.6855086586,True,84.0
2013-11-09,Evergreen State Geoducks,44.0,away,0.2460774262,-6.6855086586,False,-84.0
2013-11-09,Illinois Fighting Illini,80.0,home,0.9659555801999999,20.6387219802,True,17.0
2013-11-09,Alabama State Hornets,63.0,away,0.0340444198,-20.6387219802,False,-17.0
2013-11-09,Texas A&M Aggies,82.0,home,0.8548906855,10.4111762443,True,24.0
2013-11-09,Buffalo Bulls,58.0,away,0.1451093145,-10.4111762443,False,-24.0
2013-11-09,Oregon Ducks,82.0,home,0.3680282771,-3.2890063169,True,7.0
2013-11-09,Georgetown Hoyas,75.0,away,0.6319717229,3.2890063169,False,-7.0
2013-11-09,Mississippi State Bulldogs,71.0,home,0.8447036926,11.0783941559,True,15.0
2013-11-09,Prairie View A&M Panthers,56.0,away,0.1552963074,-11.0783941559,False,-15.0
2013-11-09,Arizona State Sun Devils,96.0,home,0.9621534967999998,20.4255923011,True,35.0
2013-11-09,UMBC Retrievers,61.0,away,0.0378465032,-20.4255923011,False,-35.0
2013-11-09,Creighton Bluejays,107.0,home,0.96400652,20.3454764044,True,46.0
2013-11-09,Alcorn State Braves,61.0,away,0.03599348,-20.3454764044,False,-46.0
2013-11-09,Missouri Tigers,89.0,home,0.9199297289,15.380587942,True,36.0
2013-11-09,SE Louisiana Lions,53.0,away,0.0800702711,-15.380587942,False,-36.0
2013-11-09,Stephen F. Austin Lumberjacks,90.0,home,0.7804111354,7.7062034817,True,26.0
2013-11-09,UT Tyler Patriots,64.0,away,0.2195888646,-7.7062034817,False,-26.0
2013-11-09,Austin Peay Governors,84.0,home,0.8077996972,9.1457660158,True,15.0
2013-11-09,Oakland City Mighty Oaks,69.0,away,0.1922003028,-9.1457660158,False,-15.0
2013-11-09,Arkansas Razorbacks,99.0,home,0.9639834505,21.1597901046,True,34.0
2013-11-09,SIU Edwardsville Cougars,65.0,away,0.0360165495,-21.1597901046,False,-34.0
2013-11-09,Auburn Tigers,76.0,home,0.7350944776,6.3767990237,True,22.0
2013-11-09,Nicholls Colonels,54.0,away,0.2649055224,-6.3767990237,False,-22.0
2013-11-09,Stony Brook Seawolves,71.0,home,0.7423710067,6.4031030846,True,16.0
2013-11-09,Marist Red Foxes,55.0,away,0.2576289933,-6.4031030846,False,-16.0
2013-11-09,Northern Illinois Huskies,66.0,home,0.7447208857,6.6754591153,False,-2.0
2013-11-09,Omaha Mavericks,68.0,away,0.2552791143,-6.6754591153,True,2.0
2013-11-09,North Dakota State Bison,93.0,home,0.9532995301,17.3963250305,True,44.0
2013-11-09,Viterbo V-Hawks,49.0,away,0.046700469900000006,-17.3963250305,False,-44.0
2013-11-09,Loyola Chicago Ramblers,76.0,home,0.6862787906,4.6635784757,True,4.0
2013-11-09,Milwaukee Panthers,72.0,away,0.3137212094,-4.6635784757,False,-4.0
2013-11-09,Bradley Braves,72.0,home,0.7533178721999999,6.6774884034,True,7.0
2013-11-09,Jacksonville State Gamecocks,65.0,away,0.2466821278,-6.6774884034,False,-7.0
2013-11-09,Villanova Wildcats,75.0,home,0.9048032433000001,13.9564643695,True,16.0
2013-11-09,Lafayette Leopards,59.0,away,0.0951967567,-13.9564643695,False,-16.0
2013-11-09,UT Rio Grande Valley Vaqueros,73.0,home,0.4414890172,-1.4317467644,False,-4.0
2013-11-09,Sam Houston Bearkats,77.0,away,0.5585109828,1.4317467644,True,4.0
2013-11-09,Minnesota Golden Gophers,81.0,home,0.8476534906,10.8956349994,True,19.0
2013-11-09,Lehigh Mountain Hawks,62.0,away,0.1523465094,-10.8956349994,False,-19.0
2013-11-09,Binghamton Bearcats,74.0,home,0.4278906349,-1.7927171718,False,-5.0
2013-11-09,Loyola Maryland Greyhounds,79.0,away,0.5721093651,1.7927171718,True,5.0
2013-11-09,UAB Blazers,76.0,home,0.9131057616,15.1878406142,True,20.0
2013-11-09,Columbus State Cougars,56.0,away,0.0868942384,-15.1878406142,False,-20.0
2013-11-09,Liberty Flames,74.0,home,0.838860948,10.0765936715,True,21.0
2013-11-09,Randolph College Wildcats,53.0,away,0.161139052,-10.0765936715,False,-21.0
2013-11-09,Florida State Seminoles,91.0,home,0.8459662024,10.8416863585,True,24.0
2013-11-09,Jacksonville Dolphins,67.0,away,0.1540337976,-10.8416863585,False,-24.0
2013-11-09,East Carolina Pirates,97.0,home,0.8216297879999999,9.6391589384,True,46.0
2013-11-09,NC Wesleyan Battling Bishops,51.0,away,0.178370212,-9.6391589384,False,-46.0
2013-11-09,Akron Zips,72.0,home,0.8390759546,10.1347367484,True,9.0
2013-11-09,Coastal Carolina Chanticleers,63.0,away,0.1609240454,-10.1347367484,False,-9.0
2013-11-09,Charleston Southern Buccaneers,130.0,home,0.8752540143,12.1080234071,True,79.0
2013-11-09,Johnson University (TN) Royals,51.0,away,0.1247459857,-12.1080234071,False,-79.0
2013-11-09,West Virginia Mountaineers,77.0,home,0.8772361589,12.1459658039,True,15.0
2013-11-09,Mount St. Mary's Mountaineers,62.0,away,0.1227638411,-12.1459658039,False,-15.0
2013-11-09,Texas Tech Red Raiders,76.0,home,0.8094766295,9.1729927835,True,15.0
2013-11-09,Houston Christian Huskies,61.0,away,0.1905233705,-9.1729927835,False,-15.0
2013-11-09,Texas Longhorns,76.0,home,0.6013689466,2.4557897367,True,3.0
2013-11-09,Mercer Bears,73.0,away,0.3986310534,-2.4557897367,False,-3.0
2013-11-09,South Alabama Jaguars,74.0,home,0.6066254084,2.7700010531,True,16.0
2013-11-09,Detroit Mercy Titans,58.0,away,0.3933745916,-2.7700010531,False,-16.0
2013-11-09,Cincinnati Bearcats,74.0,home,0.8433980023,10.1316220887,True,13.0
2013-11-09,North Carolina Central Eagles,61.0,away,0.1566019977,-10.1316220887,False,-13.0
2013-11-09,Northwestern State Demons,92.0,home,0.8425434733999999,11.092158574,True,16.0
2013-11-09,LeTourneau Yellow Jackets,76.0,away,0.1574565266,-11.092158574,False,-16.0
2013-11-09,Texas A&M-Corpus Christi Islanders,79.0,home,0.6630130856999998,4.0418247191,True,34.0
2013-11-09,Huston-Tillotson Rams,45.0,away,0.33698691429999994,-4.0418247191,False,-34.0
2013-11-09,Saint Louis Billikens,87.0,home,0.92243852,15.3979853703,True,23.0
2013-11-09,Southeast Missouri State Redhawks,64.0,away,0.07756148,-15.3979853703,False,-23.0
2013-11-09,Valparaiso Beacons,77.0,home,0.5552059107,1.3523743132,True,3.0
2013-11-09,Murray State Racers,74.0,away,0.4447940893,-1.3523743132,False,-3.0
2013-11-09,Ole Miss Rebels,69.0,home,0.9291417218,16.6592665917,True,15.0
2013-11-09,Troy Trojans,54.0,away,0.0708582782,-16.6592665917,False,-15.0
2013-11-09,Southern Miss Golden Eagles,67.0,home,0.9279104496000001,15.7555186463,True,16.0
2013-11-09,Jackson State Tigers,51.0,away,0.0720895504,-15.7555186463,False,-16.0
2013-11-09,Fordham Rams,87.0,home,0.8335681635000001,10.0050310422,True,20.0
2013-11-09,Saint Francis Red Flash,67.0,away,0.1664318365,-10.0050310422,False,-20.0
2013-11-09,Nebraska Cornhuskers,79.0,home,0.7389103732,6.0982088032,True,24.0
2013-11-09,Florida Gulf Coast Eagles,55.0,away,0.2610896268,-6.0982088032,False,-24.0
2013-11-09,UCF Knights,97.0,home,0.9100028996999999,14.1572066247,True,25.0
2013-11-09,Tampa Spartans,72.0,away,0.0899971003,-14.1572066247,False,-25.0
2013-11-09,BYU Cougars,81.0,home,0.8799193381000001,12.7211522562,True,9.0
2013-11-09,Weber State Wildcats,72.0,away,0.1200806619,-12.7211522562,False,-9.0
2013-11-09,Kansas State Wildcats,58.0,home,0.893298536,12.6432951023,False,-2.0
2013-11-09,Northern Colorado Bears,60.0,away,0.106701464,-12.6432951023,True,2.0
2013-11-09,Wyoming Cowboys,78.0,home,0.9393505201,16.4253358666,True,18.0
2013-11-09,UT Martin Skyhawks,60.0,away,0.0606494799,-16.4253358666,False,-18.0
2013-11-09,Southern Utah Thunderbirds,85.0,home,0.5720786642,1.8164503014,True,7.0
2013-11-09,Phoenix Firestorm,78.0,away,0.4279213358,-1.8164503014,False,-7.0
2013-11-09,Houston Cougars,76.0,home,0.7191946755,5.9793439043,True,6.0
2013-11-09,Texas State Bobcats,70.0,away,0.2808053245,-5.9793439043,False,-6.0
2013-11-09,Utah State Aggies,78.0,home,0.8484040071,10.3383867419,True,13.0
2013-11-09,USC Trojans,65.0,away,0.1515959929,-10.3383867419,False,-13.0
2013-11-09,Utah Valley Wolverines,74.0,home,0.7061658849,5.2816733079,True,8.0
2013-11-09,IU Indianapolis Jaguars,66.0,away,0.2938341151,-5.2816733079,False,-8.0
2013-11-09,Iowa Hawkeyes,82.0,home,0.9538323358,18.7022462112,True,43.0
2013-11-09,UNC Wilmington Seahawks,39.0,away,0.0461676642,-18.7022462112,False,-43.0
2013-11-09,San Diego State Aztecs,77.0,home,0.9272139842,15.3810028897,True,36.0
2013-11-09,UC Riverside Highlanders,41.0,away,0.0727860158,-15.3810028897,False,-36.0
2013-11-09,Tulane Green Wave,75.0,home,0.7529450744999999,6.9413361634,True,11.0
2013-11-09,NJIT Highlanders,64.0,away,0.2470549255,-6.9413361634,False,-11.0
2013-11-09,San Francisco Dons,95.0,home,0.855928796,10.8591255278,True,38.0
2013-11-09,Notre Dame de Namur Argonauts,57.0,away,0.144071204,-10.8591255278,False,-38.0
2013-11-09,Santa Clara Broncos,84.0,home,0.8640415527,11.4410213099,True,45.0
2013-11-09,Bethesda University Flames,39.0,away,0.1359584473,-11.4410213099,False,-45.0
2013-11-09,Baylor Bears,72.0,home,0.698810189,5.2381908214,True,12.0
2013-11-09,Colorado Buffaloes,60.0,away,0.301189811,-5.2381908214,False,-12.0
2013-11-09,UC Santa Barbara Gauchos,76.0,home,0.8347694209,9.7613233035,True,26.0
2013-11-09,Hawai'i Pacific Sea Warriors,50.0,away,0.1652305791,-9.7613233035,False,-26.0
2013-11-09,Cal State Northridge Matadors,86.0,home,0.8699732285,11.6363224244,True,12.0
2013-11-09,Hope International Royals,74.0,away,0.1300267715,-11.6363224244,False,-12.0
2013-11-09,UC Irvine Anteaters,97.0,home,0.5041656124,0.0992382999,False,-1.0
2013-11-09,Fresno State Bulldogs,98.0,away,0.4958343876,-0.0992382999,True,1.0
2013-11-09,Arizona Wildcats,73.0,home,0.9379686708,15.6565233137,True,11.0
2013-11-09,Cal Poly Mustangs,62.0,away,0.0620313292,-15.6565233137,False,-11.0
2013-11-09,Boise State Broncos,116.0,home,0.9339329716,16.3794174933,True,29.0
2013-11-09,UT Arlington Mavericks,87.0,away,0.0660670284,-16.3794174933,False,-29.0
2013-11-09,Portland Pilots,100.0,home,0.7099608925000002,5.5160233279,True,17.0
2013-11-09,UC Davis Aggies,83.0,away,0.2900391075,-5.5160233279,False,-17.0
2013-11-09,Nevada Wolf Pack,78.0,home,0.7417092958000001,6.3135486789,False,-2.0
2013-11-09,Pacific Tigers,80.0,away,0.2582907042,-6.3135486789,True,2.0
2013-11-09,Washington State Cougars,62.0,home,0.8179959909,9.0330517174,True,6.0
2013-11-09,Cal State Bakersfield Roadrunners,56.0,away,0.1820040091,-9.0330517174,False,-6.0
2013-11-09,UNLV Rebels,67.0,home,0.9507027533,18.5695158744,True,19.0
2013-11-09,Portland State Vikings,48.0,away,0.0492972467,-18.5695158744,False,-19.0
2013-11-09,San Diego Toreros,74.0,home,0.5998647327,2.3729454938,True,4.0
2013-11-09,South Dakota State Jackrabbits,70.0,away,0.40013526729999993,-2.3729454938,False,-4.0
2013-11-09,Miami Hurricanes,62.0,home,0.8162327217,9.0577832299,False,-4.0
2013-11-09,St. Francis Brooklyn Terriers,66.0,away,0.1837672783,-9.0577832299,True,4.0
2013-11-09,Stanford Cardinal,72.0,home,0.9249539641,15.1664092683,True,4.0
2013-11-09,Bucknell Bison,68.0,away,0.0750460359,-15.1664092683,False,-4.0
2013-11-09,Sacramento State Hornets,73.0,home,0.6127326719,2.7266770474,True,30.0
2013-11-09,UC Santa Cruz Banana Slugs,43.0,away,0.3872673280999999,-2.7266770474,False,-30.0
2013-11-09,Hawai'i Rainbow Warriors,85.0,home,0.71070487,5.8877234605,True,30.0
2013-11-09,Tennessee State Tigers,55.0,away,0.28929513,-5.8877234605,False,-30.0
2013-11-09,Saint Mary's Gaels,83.0,home,0.8223082737,9.6771554494,True,13.0
2013-11-09,Louisiana Tech Bulldogs,70.0,away,0.1776917263,-9.6771554494,False,-13.0
2013-11-09,California Golden Bears,83.0,home,0.9582944514,20.0004669266,True,19.0
2013-11-09,Coppin State Eagles,64.0,away,0.0417055486,-20.0004669266,False,-19.0
2013-11-09,Western Michigan Broncos,70.0,home,0.36040669970000005,-3.4453293605,True,6.0
2013-11-09,New Mexico State Aggies,64.0,away,0.6395933003,3.4453293605,False,-6.0
2013-11-16,Louisville Cardinals,99.0,home,0.9847289238000001,27.8642360907,True,45.0
2013-11-16,Cornell Big Red,54.0,away,0.0152710762,-27.8642360907,False,-45.0
2013-11-16,Duke Blue Devils,97.0,home,0.9849041553,27.2020163547,True,33.0
2013-11-16,Florida Atlantic Owls,64.0,away,0.015095844700000001,-27.2020163547,False,-33.0
2013-11-15,UT Martin Skyhawks,79.0,home,0.9631649963,23.0075196943,True,15.0
2013-11-15,Rochester University (MI) Warriors,64.0,away,0.0368350037,-23.0075196943,False,-15.0
2013-11-15,San José State Spartans,61.0,home,0.2722740568,-6.3985893126,False,-3.0
2013-11-15,Milwaukee Panthers,64.0,away,0.7277259432,6.3985893126,True,3.0
2013-11-16,Mississippi Valley State Delta Devils,108.0,home,0.9224087210999999,18.7015686996,True,60.0
2013-11-16,Champion Christian Tigers,48.0,away,0.0775912789,-18.7015686996,False,-60.0
2013-11-15,St. John's Red Storm,73.0,home,0.7994650912,9.1821623401,True,16.0
2013-11-15,Wagner Seahawks,57.0,away,0.2005349088,-9.1821623401,False,-16.0
2013-11-15,UT Rio Grande Valley Vaqueros,81.0,home,0.4032780763,-2.6984776184,True,3.0
2013-11-15,Tennessee Tech Golden Eagles,78.0,away,0.5967219237,2.6984776184,False,-3.0
2013-11-16,Oklahoma State Cowboys,97.0,home,0.9751116527000001,25.0421246185,True,34.0
2013-11-16,Arkansas-Pine Bluff Golden Lions,63.0,away,0.0248883473,-25.0421246185,False,-34.0
2013-11-15,Charlotte 49ers,83.0,home,0.5427913551,1.2312399083,True,14.0
2013-11-15,Elon Phoenix,69.0,away,0.4572086449,-1.2312399083,False,-14.0
2013-11-15,Furman Paladins,69.0,home,0.4848030138,-0.3492834713,False,-1.0
2013-11-15,Florida Gulf Coast Eagles,70.0,away,0.5151969862,0.3492834713,True,1.0
2013-11-16,Indiana Hoosiers,105.0,home,0.8818872082,14.3484978174,True,46.0
2013-11-16,Samford Bulldogs,59.0,away,0.11811279179999999,-14.3484978174,False,-46.0
2013-11-16,Rhode Island Rams,72.0,home,0.8220155282,10.082274947,True,13.0
2013-11-16,North Carolina A&T Aggies,59.0,away,0.1779844718,-10.082274947,False,-13.0
2013-11-16,Harvard Crimson,76.0,home,0.9698313181,20.7985551102,True,32.0
2013-11-16,Howard Bison,44.0,away,0.030168681900000004,-20.7985551102,False,-32.0
2013-11-16,Fordham Rams,80.0,home,0.6499014438,4.3317011317,True,8.0
2013-11-16,Lehigh Mountain Hawks,72.0,away,0.3500985562,-4.3317011317,False,-8.0
2013-11-16,Old Dominion Monarchs,70.0,home,0.5876946215,2.3710505316,True,10.0
2013-11-16,Murray State Racers,60.0,away,0.4123053785,-2.3710505316,False,-10.0
2013-11-16,Hartford Hawks,74.0,home,0.8800050948,12.4136793909,True,14.0
2013-11-16,Fairleigh Dickinson Knights,60.0,away,0.1199949052,-12.4136793909,False,-14.0
2013-11-16,Virginia Tech Hokies,79.0,home,0.6249609789,3.5226903665,True,18.0
2013-11-16,Western Carolina Catamounts,61.0,away,0.3750390211,-3.5226903665,False,-18.0
2013-11-16,Georgia Bulldogs,71.0,home,0.4040531388,-2.6140199799,False,-9.0
2013-11-16,Georgia Tech Yellow Jackets,80.0,away,0.5959468612,2.6140199799,True,9.0
2013-11-16,Army Black Knights,85.0,home,0.75379601,7.0111728787,False,-4.0
2013-11-16,NJIT Highlanders,89.0,away,0.24620399000000004,-7.0111728787,True,4.0
2013-11-16,Wake Forest Demon Deacons,69.0,home,0.9711575969,22.1890595676,True,21.0
2013-11-16,Presbyterian Blue Hose,48.0,away,0.0288424031,-22.1890595676,False,-21.0
2013-11-16,Charleston Cougars,58.0,home,0.8596313279000001,10.2444896848,False,-9.0
2013-11-16,UNC Asheville Bulldogs,67.0,away,0.1403686721,-10.2444896848,True,9.0
2013-11-16,Norfolk State Spartans,92.0,home,0.9798398678,27.6383307162,True,8.0
2013-11-16,Virginia Union Panthers,84.0,away,0.0201601322,-27.6383307162,False,-8.0
2013-11-16,Xavier Musketeers,79.0,home,0.8221908733,10.2808739003,True,23.0
2013-11-16,Morehead State Eagles,56.0,away,0.1778091267,-10.2808739003,False,-23.0
2013-11-16,Bradley Braves,77.0,home,0.8218614382,10.7693660896,True,13.0
2013-11-16,Chicago State Cougars,64.0,away,0.1781385618,-10.7693660896,False,-13.0
2013-11-16,Auburn Tigers,92.0,home,0.6797885334,5.8839557444,False,-19.0
2013-11-16,Northwestern State Demons,111.0,away,0.3202114666,-5.8839557444,True,19.0
2013-11-16,McNeese Cowboys,92.0,home,0.9715151039,26.0687301692,True,9.0
2013-11-16,Louisiana Christian Wildcats,83.0,away,0.0284848961,-26.0687301692,False,-9.0
2013-11-16,Arkansas Razorbacks,76.0,home,0.9154602332999999,16.8136954239,True,13.0
2013-11-16,Louisiana Ragin' Cajuns,63.0,away,0.08453976670000002,-16.8136954239,False,-13.0
2013-11-16,North Carolina Tar Heels,62.0,home,0.9458881307,19.1399987181,True,8.0
2013-11-16,Holy Cross Crusaders,54.0,away,0.0541118693,-19.1399987181,False,-8.0
2013-11-16,Vanderbilt Commodores,80.0,home,0.8731221229,12.2359956407,True,11.0
2013-11-16,Lipscomb Bisons,69.0,away,0.1268778771,-12.2359956407,False,-11.0
2013-11-16,Texas Longhorns,72.0,home,0.8288842864999999,10.0726092099,True,10.0
2013-11-16,Stephen F. Austin Lumberjacks,62.0,away,0.1711157135,-10.0726092099,False,-10.0
2013-11-16,UT Arlington Mavericks,73.0,home,0.5242646618,0.6887451356,False,-10.0
2013-11-16,Cleveland State Vikings,83.0,away,0.4757353382,-0.6887451356,True,10.0
2013-11-16,Texas A&M-Corpus Christi Islanders,72.0,home,0.5328295043,0.7836746733,True,1.0
2013-11-16,Purdue Fort Wayne Mastodons,71.0,away,0.4671704957,-0.7836746733,False,-1.0
2013-11-16,Boise State Broncos,110.0,home,0.9963435239999999,41.2323640031,True,57.0
2013-11-16,Simpson University (CA) Red Hawks,53.0,away,0.003656476,-41.2323640031,False,-57.0
2013-11-16,Bowling Green Falcons,61.0,home,0.5325520546,0.868127109,False,-14.0
2013-11-16,South Florida Bulls,75.0,away,0.4674479454,-0.868127109,True,14.0
2013-11-16,Texas A&M Aggies,68.0,home,0.9100219940999998,13.8731158731,True,3.0
2013-11-16,Rice Owls,65.0,away,0.0899780059,-13.8731158731,False,-3.0
2013-11-16,Northern Illinois Huskies,55.0,home,0.4058953982,-2.2966368035,False,-5.0
2013-11-16,James Madison Dukes,60.0,away,0.5941046018,2.2966368035,True,5.0
2013-11-16,Michigan State Spartans,62.0,home,0.9418591783,15.8117061633,True,9.0
2013-11-16,Columbia Lions,53.0,away,0.0581408217,-15.8117061633,False,-9.0
2013-11-16,New Mexico State Aggies,86.0,home,0.6573015761,4.1988779541,True,13.0
2013-11-16,UTEP Miners,73.0,away,0.3426984239,-4.1988779541,False,-13.0
2013-11-16,Arizona State Sun Devils,88.0,home,0.9334494497999999,17.8991421046,True,28.0
2013-11-16,Idaho State Bengals,60.0,away,0.0665505502,-17.8991421046,False,-28.0
2013-11-16,BYU Cougars,108.0,home,0.9389107898,20.4286229329,True,32.0
2013-11-16,Mount St. Mary's Mountaineers,76.0,away,0.0610892102,-20.4286229329,False,-32.0
2013-11-16,UNLV Rebels,73.0,home,0.9360451922,19.7096982425,True,3.0
2013-11-16,Omaha Mavericks,70.0,away,0.0639548078,-19.7096982425,False,-3.0
2013-11-16,San Francisco Dons,90.0,home,0.6137211346,3.106440133,False,-2.0
2013-11-16,Nevada Wolf Pack,92.0,away,0.3862788654,-3.106440133,True,2.0
2013-11-16,Utah Utes,94.0,home,0.7322652466000001,7.0694744186,True,34.0
2013-11-16,UC Davis Aggies,60.0,away,0.2677347534,-7.0694744186,False,-34.0
2013-11-16,USC Trojans,67.0,home,0.8165852941,9.4850165125,True,4.0
2013-11-16,Northern Arizona Lumberjacks,63.0,away,0.1834147059,-9.4850165125,False,-4.0
2013-11-16,California Golden Bears,64.0,home,0.9001017252,13.6202277985,True,4.0
2013-11-16,Oakland Golden Grizzlies,60.0,away,0.0998982748,-13.6202277985,False,-4.0
2013-11-17,UNC Greensboro Spartans,97.0,home,0.9663520786999998,23.3961682604,True,39.0
2013-11-17,Chowan Hawks,58.0,away,0.0336479213,-23.3961682604,False,-39.0
2013-11-17,Ohio Bobcats,76.0,home,0.8599575553,11.8901511665,True,4.0
2013-11-17,Valparaiso Beacons,72.0,away,0.1400424447,-11.8901511665,False,-4.0
2013-11-17,Hampton Pirates,79.0,home,0.611297729,3.2915841967,False,-11.0
2013-11-17,Delaware Blue Hens,90.0,away,0.388702271,-3.2915841967,True,11.0
2013-11-17,James Madison Dukes,79.0,home,0.8135249303,9.1426809978,True,13.0
2013-11-17,San José State Spartans,66.0,away,0.1864750697,-9.1426809978,False,-13.0
2013-11-17,Massachusetts Minutemen,85.0,home,0.7931214374,9.7204520304,True,16.0
2013-11-17,Youngstown State Penguins,69.0,away,0.2068785626,-9.7204520304,False,-16.0
2013-11-17,Iowa State Cyclones,77.0,home,0.3228047619,-5.0207665346,True,7.0
2013-11-17,Michigan Wolverines,70.0,away,0.6771952380999999,5.0207665346,False,-7.0
2013-11-17,Notre Dame Fighting Irish,70.0,home,0.7507863062,7.2094565383,False,-13.0
2013-11-17,Indiana State Sycamores,83.0,away,0.24921369379999997,-7.2094565383,True,13.0
2013-11-17,UConn Huskies,77.0,home,0.8378865922,10.4024507946,True,17.0
2013-11-17,Boston University Terriers,60.0,away,0.1621134078,-10.4024507946,False,-17.0
2013-11-17,Western Michigan Broncos,73.0,home,0.8623948579,10.6908140705,True,4.0
2013-11-17,Alabama A&M Bulldogs,69.0,away,0.1376051421,-10.6908140705,False,-4.0
2013-11-17,New Mexico Lobos,109.0,home,0.7514083899,7.5614007428,True,16.0
2013-11-17,Charleston Southern Buccaneers,93.0,away,0.2485916101,-7.5614007428,False,-16.0
2013-11-17,Florida State Seminoles,89.0,home,0.917803404,17.2952427592,True,28.0
2013-11-17,UT Martin Skyhawks,61.0,away,0.082196596,-17.2952427592,False,-28.0
2013-11-17,Kent State Golden Flashes,75.0,home,0.8838873177,12.1819005935,True,17.0
2013-11-17,Saint Peter's Peacocks,58.0,away,0.1161126823,-12.1819005935,False,-17.0
2013-11-17,Denver Pioneers,57.0,home,0.5999784855,2.4937466483,False,-9.0
2013-11-17,Stanford Cardinal,66.0,away,0.4000215145,-2.4937466483,True,9.0
2013-11-17,Houston Cougars,80.0,home,0.6923335563999999,5.1072767742,True,14.0
2013-11-17,Lehigh Mountain Hawks,66.0,away,0.3076664436,-5.1072767742,False,-14.0
2013-11-17,UMBC Retrievers,90.0,home,0.4079612268,-2.5740938645,True,6.0
2013-11-17,Mount St. Mary's Mountaineers,84.0,away,0.5920387732,2.5740938645,False,-6.0
2013-11-17,Grinnell Pioneers,173.0,home,0.0,0.0,True,50.0
2013-11-17,Crossroads College Knights,123.0,away,0.0,0.0,False,-50.0
2013-11-17,Nebraska Cornhuskers,83.0,home,0.8868125628999999,12.167662563,True,26.0
2013-11-17,South Carolina State Bulldogs,57.0,away,0.1131874371,-12.167662563,False,-26.0
2013-11-17,Tennessee Tech Golden Eagles,66.0,home,0.4682994248,-0.7760305415,False,-3.0
2013-11-17,Purdue Fort Wayne Mastodons,69.0,away,0.5317005752,0.7760305415,True,3.0
2013-11-17,Morehead State Eagles,102.0,home,0.7821069033000001,9.8580738821,True,8.0
2013-11-17,Marshall Thundering Herd,94.0,away,0.2178930967,-9.8580738821,False,-8.0
2013-11-17,UCF Knights,83.0,home,0.9056568395,15.8152603643,True,20.0
2013-11-17,Bethune-Cookman Wildcats,63.0,away,0.0943431605,-15.8152603643,False,-20.0
2013-11-17,Air Force Falcons,67.0,home,0.8519003707,10.6964944592,True,3.0
2013-11-17,Arkansas-Pine Bluff Golden Lions,64.0,away,0.1480996293,-10.6964944592,False,-3.0
2013-11-17,North Carolina Tar Heels,80.0,home,0.8021363361999999,9.5951923563,False,-3.0
2013-11-17,Belmont Bruins,83.0,away,0.1978636638,-9.5951923563,True,3.0
2013-11-17,West Virginia Mountaineers,96.0,home,0.8162263643,10.0589503278,True,13.0
2013-11-17,Duquesne Dukes,83.0,away,0.1837736357,-10.0589503278,False,-13.0
2013-11-17,Kansas State Wildcats,71.0,home,0.8996658264,13.1733417372,True,13.0
2013-11-17,Long Beach State Beach,58.0,away,0.10033417360000002,-13.1733417372,False,-13.0
2013-11-17,Iowa Hawkeyes,103.0,home,0.9723194354,23.4327558662,True,62.0
2013-11-17,Abilene Christian Wildcats,41.0,away,0.0276805646,-23.4327558662,False,-62.0
2013-11-17,Indiana Hoosiers,90.0,home,0.8218814668000001,10.7773202354,True,16.0
2013-11-17,Stony Brook Seawolves,74.0,away,0.1781185332,-10.7773202354,False,-16.0
2013-11-17,Northern Illinois Huskies,69.0,home,0.4482561026,-1.3006556535,False,-13.0
2013-11-17,Milwaukee Panthers,82.0,away,0.5517438974,1.3006556535,True,13.0
2013-11-17,Baylor Bears,87.0,home,0.9069027479999999,14.4679546052,True,19.0
2013-11-17,Louisiana Ragin' Cajuns,68.0,away,0.093097252,-14.4679546052,False,-19.0
2013-11-17,Texas A&M-Corpus Christi Islanders,72.0,home,0.628024236,3.2460949042,True,11.0
2013-11-17,UT Rio Grande Valley Vaqueros,61.0,away,0.37197576399999993,-3.2460949042,False,-11.0
2013-11-17,Pacific Tigers,66.0,home,0.7833435482,7.6084423058,True,14.0
2013-11-17,Western Illinois Leathernecks,52.0,away,0.2166564518,-7.6084423058,False,-14.0
2013-11-17,Pittsburgh Panthers,84.0,home,0.9745591705999999,21.660972204,True,32.0
2013-11-17,Howard Bison,52.0,away,0.0254408294,-21.660972204,False,-32.0
2013-11-17,Clemson Tigers,71.0,home,0.6632295186,3.998152706,True,14.0
2013-11-17,South Carolina Gamecocks,57.0,away,0.3367704814,-3.998152706,False,-14.0
2013-11-17,New Hampshire Wildcats,63.0,home,0.6969198288,5.0263412786,False,-8.0
2013-11-17,NJIT Highlanders,71.0,away,0.3030801712,-5.0263412786,True,8.0
2013-11-17,UTEP Miners,67.0,home,0.9902181107,30.8044847957,True,21.0
2013-11-17,West Alabama Tigers,46.0,away,0.0097818893,-30.8044847957,False,-21.0
2013-11-17,Villanova Wildcats,78.0,home,0.9022218782,14.3842952556,True,34.0
2013-11-17,Towson Tigers,44.0,away,0.09777812180000002,-14.3842952556,False,-34.0
2013-11-17,Illinois Fighting Illini,81.0,home,0.8329417336999999,9.8768669597,True,26.0
2013-11-17,Bradley Braves,55.0,away,0.1670582663,-9.8768669597,False,-26.0
2013-11-17,Maryland Terrapins,83.0,home,0.7578732670000001,7.7726294055,False,-7.0
2013-11-17,Oregon State Beavers,90.0,away,0.242126733,-7.7726294055,True,7.0
2013-11-18,Kentucky Wildcats,87.0,home,0.9318213594,17.6923557896,True,38.0
2013-11-18,Robert Morris Colonials,49.0,away,0.0681786406,-17.6923557896,False,-38.0
2013-11-18,Purdue Boilermakers,81.0,home,0.8830922656,13.1506382752,True,4.0
2013-11-18,Rider Broncs,77.0,away,0.1169077344,-13.1506382752,False,-4.0
2013-11-18,Loyola Marymount Lions,90.0,home,0.8433976395,11.5473201243,True,12.0
2013-11-18,Northern Arizona Lumberjacks,78.0,away,0.1566023605,-11.5473201243,False,-12.0
2013-11-18,Northwestern Wildcats,64.0,home,0.8476165235,11.1384013844,False,-4.0
2013-11-18,Illinois State Redbirds,68.0,away,0.1523834765,-11.1384013844,True,4.0
2013-11-18,Boston College Eagles,82.0,home,0.9275280923,15.5418628854,True,3.0
2013-11-18,Florida Atlantic Owls,79.0,away,0.0724719077,-15.5418628854,False,-3.0
2013-11-18,Gonzaga Bulldogs,82.0,home,0.9063895679000001,13.8253309838,True,15.0
2013-11-18,Oakland Golden Grizzlies,67.0,away,0.0936104321,-13.8253309838,False,-15.0
2013-11-18,UC Irvine Anteaters,110.0,home,0.9827098867,29.3738332023,True,37.0
2013-11-18,Pacifica College Gladiators,73.0,away,0.0172901133,-29.3738332023,False,-37.0
2013-11-18,Washington Huskies,92.0,home,0.8988131750000001,15.1232003067,True,12.0
2013-11-18,Eastern Washington Eagles,80.0,away,0.10118682500000001,-15.1232003067,False,-12.0
2013-11-16,Marquette Golden Eagles,35.0,home,0.4283312341,-1.7919418941,False,-17.0
2013-11-16,Ohio State Buckeyes,52.0,away,0.5716687659,1.7919418941,True,17.0
2013-11-17,Green Bay Phoenix,66.0,home,0.2086796604,-8.350973428,False,-3.0
2013-11-17,Wisconsin Badgers,69.0,away,0.7913203396,8.350973428,True,3.0
2013-11-16,Davidson Wildcats,57.0,home,0.2297479163,-7.244936226,False,-13.0
2013-11-16,Virginia Cavaliers,70.0,away,0.7702520837,7.244936226,True,13.0
2013-11-16,Colorado Buffaloes,94.0,home,0.9450367031,19.1218566807,True,24.0
2013-11-16,Jackson State Tigers,70.0,away,0.05496329689999999,-19.1218566807,False,-24.0
2013-11-16,Wichita State Shockers,85.0,home,0.9260020318,16.1543744388,True,14.0
2013-11-16,Tennessee State Tigers,71.0,away,0.0739979682,-16.1543744388,False,-14.0
2013-11-16,IU Indianapolis Jaguars,68.0,home,0.6382886107,3.9848903433,False,-8.0
2013-11-16,Southeast Missouri State Redhawks,76.0,away,0.3617113893000001,-3.9848903433,True,8.0
2013-11-17,VCU Rams,92.0,home,0.9733359423,26.2740449351,True,21.0
2013-11-17,Winthrop Eagles,71.0,away,0.0266640577,-26.2740449351,False,-21.0
2013-11-16,VMI Keydets,121.0,home,0.9806040121000001,30.563708747,True,41.0
2013-11-16,Bluefield State Big Blues,80.0,away,0.0193959879,-30.563708747,False,-41.0
2013-11-16,Pennsylvania Quakers,71.0,home,0.4660767337999999,-0.9071016786,False,-12.0
2013-11-16,Penn State Nittany Lions,83.0,away,0.5339232662,0.9071016786,True,12.0
2013-11-16,Dayton Flyers,78.0,home,0.8533789644,12.1162711831,True,20.0
2013-11-16,St. Francis Brooklyn Terriers,58.0,away,0.1466210356,-12.1162711831,False,-20.0
2013-11-16,Huston-Tillotson Rams,78.0,home,0.2168097072,-8.8170651985,False,-7.0
2013-11-16,Incarnate Word Cardinals,85.0,away,0.7831902928,8.8170651985,True,7.0
2013-11-16,Sacred Heart Pioneers,73.0,home,0.69223122,5.6095935607,False,-12.0
2013-11-16,Brown Bears,85.0,away,0.30776878,-5.6095935607,True,12.0
2013-11-16,DePaul Blue Demons,81.0,home,0.5975246803,2.5657800341,True,9.0
2013-11-16,Wright State Raiders,72.0,away,0.40247531969999994,-2.5657800341,False,-9.0
2013-11-16,Cincinnati Bearcats,77.0,home,0.9236594157,15.1038080467,True,28.0
2013-11-16,App State Mountaineers,49.0,away,0.0763405843,-15.1038080467,False,-28.0
2013-11-16,Quinnipiac Bobcats,79.0,home,0.7287843708,6.4406858737,True,10.0
2013-11-16,UAlbany Great Danes,69.0,away,0.2712156292,-6.4406858737,False,-10.0
2013-11-16,Iona Gaels,76.0,home,0.8381587797000001,9.8288938135,True,21.0
2013-11-16,Wofford Terriers,55.0,away,0.1618412203,-9.8288938135,False,-21.0
2013-11-16,Buffalo Bulls,80.0,home,0.978591509,26.8810850501,True,20.0
2013-11-16,West Virginia Wesleyan Bobcats,60.0,away,0.021408491,-26.8810850501,False,-20.0
2013-11-16,La Salle Explorers,78.0,home,0.9436621758,17.9923431686,True,4.0
2013-11-16,Siena Saints,74.0,away,0.05633782419999999,-17.9923431686,False,-4.0
2013-11-16,Binghamton Bearcats,50.0,home,0.4187065073999999,-2.1036765277,False,-18.0
2013-11-16,Navy Midshipmen,68.0,away,0.5812934926,2.1036765277,True,18.0
2013-11-16,Wyoming Cowboys,85.0,home,0.8182600258000001,8.9403114977,True,21.0
2013-11-16,Arkansas State Red Wolves,64.0,away,0.1817399742,-8.9403114977,False,-21.0
2013-11-16,Middle Tennessee Blue Raiders,80.0,home,0.688593186,5.1869507721,True,7.0
2013-11-16,Akron Zips,73.0,away,0.311406814,-5.1869507721,False,-7.0
2013-11-16,Dartmouth Big Green,77.0,home,0.8075320533,8.4508766451,True,18.0
2013-11-16,UMass Lowell River Hawks,59.0,away,0.1924679467,-8.4508766451,False,-18.0
2013-11-16,Tulane Green Wave,65.0,home,0.6189031026,3.0780345461,True,6.0
2013-11-16,Loyola Chicago Ramblers,59.0,away,0.3810968974,-3.0780345461,False,-6.0
2013-11-16,UIC Flames,66.0,home,0.7532984777,6.5714151554,False,-20.0
2013-11-16,Eastern Illinois Panthers,86.0,away,0.2467015223,-6.5714151554,True,20.0
2013-11-16,Mercer Bears,77.0,home,0.6700614864,4.4291016736,True,3.0
2013-11-16,Seton Hall Pirates,74.0,away,0.3299385136,-4.4291016736,False,-3.0
2013-11-16,Providence Friars,93.0,home,0.8637277364,12.1430227922,True,45.0
2013-11-16,Marist Red Foxes,48.0,away,0.1362722636,-12.1430227922,False,-45.0
2013-11-16,Purdue Fort Wayne Mastodons,66.0,home,0.6299863337,3.3937394823,True,6.0
2013-11-16,UT Rio Grande Valley Vaqueros,60.0,away,0.3700136663,-3.3937394823,False,-6.0
2013-11-16,Oral Roberts Golden Eagles,82.0,home,0.7737432637,7.4091521889,True,17.0
2013-11-16,Texas State Bobcats,65.0,away,0.2262567363,-7.4091521889,False,-17.0
2013-11-16,George Mason Patriots,76.0,home,0.6102865209,2.7199599986,True,6.0
2013-11-16,Northern Iowa Panthers,70.0,away,0.3897134791,-2.7199599986,False,-6.0
2013-11-16,Northeastern Huskies,83.0,home,0.7461255277,7.7692903718,True,14.0
2013-11-16,Central Connecticut Blue Devils,69.0,away,0.2538744723,-7.7692903718,False,-14.0
2013-11-16,Florida Gators,86.0,home,0.9620644046,20.784889293,True,30.0
2013-11-16,Little Rock Trojans,56.0,away,0.0379355954,-20.784889293,False,-30.0
2013-11-16,Syracuse Orange,69.0,home,0.9712020539000001,21.9846258754,True,19.0
2013-11-16,Colgate Raiders,50.0,away,0.0287979461,-21.9846258754,False,-19.0
2013-11-16,Longwood Lancers,88.0,home,0.9473395797,20.0122329143,True,18.0
2013-11-16,Mars Hill Mountain Lions,70.0,away,0.0526604203,-20.0122329143,False,-18.0
2013-11-16,Colorado State Rams,88.0,home,0.714084849,5.6370873872,True,21.0
2013-11-16,Weber State Wildcats,67.0,away,0.285915151,-5.6370873872,False,-21.0
2013-11-16,Radford Highlanders,105.0,home,0.9781115508,25.3989465049,True,48.0
2013-11-16,Brevard Tornados,57.0,away,0.021888449200000003,-25.3989465049,False,-48.0
2013-11-16,Central Michigan Chippewas,71.0,home,0.8466522176,11.0722178259,False,-17.0
2013-11-16,Pepperdine Waves,88.0,away,0.1533477824,-11.0722178259,True,17.0
2013-11-16,Cal State Fullerton Titans,86.0,home,0.5460218749,1.2034450191,True,13.0
2013-11-16,Santa Clara Broncos,73.0,away,0.4539781251,-1.2034450191,False,-13.0
2013-11-16,Milwaukee Panthers,77.0,home,0.4417105115,-1.475748128,True,11.0
2013-11-16,James Madison Dukes,66.0,away,0.5582894885,1.475748128,False,-11.0
2013-11-16,Texas A&M-Corpus Christi Islanders,60.0,home,0.5772109811,1.8632260127,False,-2.0
2013-11-16,Tennessee Tech Golden Eagles,62.0,away,0.4227890189,-1.8632260127,True,2.0
2013-11-17,Chattanooga Mocs,108.0,home,0.973217318,27.6666630489,True,57.0
2013-11-17,Montreat Cavaliers,51.0,away,0.026782682,-27.6666630489,False,-57.0
2013-11-17,Richmond Spiders,59.0,home,0.7386286678,6.7277692516,False,-15.0
2013-11-17,Minnesota Golden Gophers,74.0,away,0.2613713322,-6.7277692516,True,15.0
2013-11-17,Saint Joseph's Hawks,79.0,home,0.555864871,1.3889093697,False,-4.0
2013-11-17,Creighton Bluejays,83.0,away,0.444135129,-1.3889093697,True,4.0
2013-11-17,Manhattan Jaspers,74.0,home,0.7193715094999998,6.3072547384,False,-6.0
2013-11-17,George Washington Revolutionaries,80.0,away,0.2806284905,-6.3072547384,True,6.0
2013-11-17,UNC Wilmington Seahawks,80.0,home,0.9688655139,23.2373229519,True,19.0
2013-11-17,Wingate Bulldogs,61.0,away,0.031134486100000004,-23.2373229519,False,-19.0
2013-11-17,Missouri Tigers,92.0,home,0.783160346,8.7498614647,True,12.0
2013-11-17,Hawai'i Rainbow Warriors,80.0,away,0.216839654,-8.7498614647,False,-12.0
2013-11-17,St. Bonaventure Bonnies,86.0,home,0.5482098234,1.2841194366,True,22.0
2013-11-17,Canisius Golden Griffins,64.0,away,0.4517901766,-1.2841194366,False,-22.0
2013-11-17,Northern Kentucky Norse,44.0,home,0.4729133294,-0.6372847276,False,-31.0
2013-11-17,San Diego Toreros,75.0,away,0.5270866706,0.6372847276,True,31.0
2013-11-17,North Florida Ospreys,78.0,home,0.5554650093,1.4993373088,False,-9.0
2013-11-17,Southern Jaguars,87.0,away,0.4445349907,-1.4993373088,True,9.0
2013-11-17,Tennessee Volunteers,74.0,home,0.8436237076,9.9083688505,True,9.0
2013-11-17,South Carolina Upstate Spartans,65.0,away,0.1563762924,-9.9083688505,False,-9.0
2013-11-17,Florida International Panthers,70.0,home,0.586869811,2.2661248695,True,2.0
2013-11-17,Texas Southern Tigers,68.0,away,0.413130189,-2.2661248695,False,-2.0
2013-11-17,Bryant Bulldogs,87.0,home,0.357010751,-3.8747235645,True,23.0
2013-11-17,Vermont Catamounts,64.0,away,0.642989249,3.8747235645,False,-23.0
2013-11-17,NC State Wolfpack,81.0,home,0.8615499279,11.5520762475,True,15.0
2013-11-17,Campbell Fighting Camels,66.0,away,0.1384500721,-11.5520762475,False,-15.0
2013-11-17,The Citadel Bulldogs,83.0,home,0.9368552832,18.3435997306,True,30.0
2013-11-17,North Greenville Crusaders,53.0,away,0.0631447168,-18.3435997306,False,-30.0
2013-11-17,Bucknell Bison,72.0,home,0.8467046376,9.3279400162,True,22.0
2013-11-17,Saint Francis Red Flash,50.0,away,0.1532953624,-9.3279400162,False,-22.0
2013-11-17,Coastal Carolina Chanticleers,70.0,home,0.3537712725,-4.2018381799,False,-2.0
2013-11-17,Ole Miss Rebels,72.0,away,0.6462287275,4.2018381799,True,2.0
2013-11-17,UC Riverside Highlanders,72.0,home,0.6172403943,3.0205517942,True,5.0
2013-11-17,Montana State Bobcats,67.0,away,0.3827596057,-3.0205517942,False,-5.0
2013-11-17,Liberty Flames,63.0,home,0.5560687197,1.3591357146,False,-5.0
2013-11-17,Western Carolina Catamounts,68.0,away,0.4439312803,-1.3591357146,True,5.0
2013-11-17,Butler Bulldogs,70.0,home,0.5646396138,1.5238558681,True,3.0
2013-11-17,Princeton Tigers,67.0,away,0.4353603862,-1.5238558681,False,-3.0
2013-11-17,Georgia Southern Eagles,104.0,home,0.9502251131,21.1643920894,True,54.0
2013-11-17,Toccoa Falls Eagles,50.0,away,0.0497748869,-21.1643920894,False,-54.0
2013-11-17,Gardner-Webb Runnin' Bulldogs,87.0,home,0.6285400093,3.655708208,True,9.0
2013-11-17,Jacksonville Dolphins,78.0,away,0.3714599907,-3.655708208,False,-9.0
2013-11-17,SIU Edwardsville Cougars,100.0,home,0.6807693662,5.8936271651,True,7.0
2013-11-17,Central Arkansas Bears,93.0,away,0.3192306338,-5.8936271651,False,-7.0
2013-11-17,Loyola Maryland Greyhounds,59.0,home,0.5548361861,1.3144957234,True,7.0
2013-11-17,Fairfield Stags,52.0,away,0.4451638139,-1.3144957234,False,-7.0
2013-11-17,LSU Tigers,88.0,home,0.8442822376,13.5985278975,True,14.0
2013-11-17,Northwestern State Demons,74.0,away,0.1557177624,-13.5985278975,False,-14.0
2013-11-17,Eastern Kentucky Colonels,74.0,home,0.9119672135000001,14.9891963883,True,7.0
2013-11-17,High Point Panthers,67.0,away,0.08803278649999999,-14.9891963883,False,-7.0
2013-11-17,Jacksonville State Gamecocks,73.0,home,0.8460369110000001,10.4614532798,False,-11.0
2013-11-17,Alabama State Hornets,84.0,away,0.153963089,-10.4614532798,True,11.0
2013-11-17,Western Kentucky Hilltoppers,57.0,home,0.8101084586999999,9.6650620126,True,7.0
2013-11-17,East Tennessee State Buccaneers,50.0,away,0.1898915413,-9.6650620126,False,-7.0
2013-11-17,Northern Illinois Huskies,60.0,home,0.7391365012,6.171099629,True,1.0
2013-11-17,San José State Spartans,59.0,away,0.2608634988,-6.171099629,False,-1.0
2013-11-17,Southern Illinois Salukis,67.0,home,0.2057989712,-8.2705235054,False,-9.0
2013-11-17,Saint Louis Billikens,76.0,away,0.7942010288,8.2705235054,True,9.0
2013-11-17,Grand Canyon Lopes,91.0,home,0.9478384321,19.0291395733,True,50.0
2013-11-17,Western New Mexico Mustangs,41.0,away,0.0521615679,-19.0291395733,False,-50.0
2013-11-17,Missouri State Bears,96.0,home,0.8325668635,10.8927973267,True,3.0
2013-11-17,Tulsa Golden Hurricane,93.0,away,0.16743313650000002,-10.8927973267,False,-3.0
2013-11-17,BYU Cougars,84.0,home,0.9962884525,42.9381737254,True,24.0
2013-11-17,Colorado Mesa Mavericks,60.0,away,0.0037115475000000005,-42.9381737254,False,-24.0
2013-11-17,Fresno State Bulldogs,80.0,home,0.6707522039,4.6575831995,True,16.0
2013-11-17,Cal State Northridge Matadors,64.0,away,0.3292477961,-4.6575831995,False,-16.0
2013-11-17,Saint Mary's Gaels,67.0,home,0.8934523103,12.4310013644,True,4.0
2013-11-17,Drake Bulldogs,63.0,away,0.1065476897,-12.4310013644,False,-4.0
2013-11-17,UC Santa Barbara Gauchos,64.0,home,0.4501392753,-1.102428385,False,-7.0
2013-11-17,Utah State Aggies,71.0,away,0.5498607247,1.102428385,True,7.0
2013-11-17,Idaho Vandals,78.0,home,0.9699921746,22.4474493997,True,14.0
2013-11-17,Northwest Nazarene Nw Nazarene,64.0,away,0.0300078254,-22.4474493997,False,-14.0
2013-11-17,Seattle U Redhawks,100.0,home,0.9765563495,26.1265801158,True,41.0
2013-11-17,Evergreen State Geoducks,59.0,away,0.0234436505,-26.1265801158,False,-41.0
2013-11-17,Washington State Cougars,84.0,home,0.9587001031,18.808154446,True,20.0
2013-11-17,Lamar Cardinals,64.0,away,0.0412998969,-18.808154446,False,-20.0
2013-11-18,Elon Phoenix,64.0,home,0.359992375,-3.4980250522,False,-7.0
2013-11-18,Drexel Dragons,71.0,away,0.640007625,3.4980250522,True,7.0
2013-11-19,UCLA Bruins,86.0,home,0.9657381617,21.4930434776,True,36.0
2013-11-19,Sacramento State Hornets,50.0,away,0.0342618383,-21.4930434776,False,-36.0
2013-11-19,Providence Friars,70.0,home,0.7327261137,6.2502506157,True,21.0
2013-11-19,Vermont Catamounts,49.0,away,0.2672738863,-6.2502506157,False,-21.0
2013-11-19,Tennessee Volunteers,86.0,home,0.9724066117,22.2014159015,True,26.0
2013-11-19,The Citadel Bulldogs,60.0,away,0.0275933883,-22.2014159015,False,-26.0
2013-11-19,Eastern Michigan Eagles,81.0,home,0.5564066348,1.5018920506,True,12.0
2013-11-19,Cleveland State Vikings,69.0,away,0.4435933652,-1.5018920506,False,-12.0
2013-11-19,Wright State Raiders,83.0,home,0.9939006637,32.6759869062,True,50.0
2013-11-19,Manchester Spartans,33.0,away,0.0060993363,-32.6759869062,False,-50.0
2013-11-19,Toledo Rockets,79.0,home,0.8791427656,13.8093904581,True,10.0
2013-11-19,Florida A&M Rattlers,69.0,away,0.12085723440000001,-13.8093904581,False,-10.0
2013-11-18,Georgia State Panthers,96.0,home,0.8227784797999999,10.6387031044,True,26.0
2013-11-18,McNeese Cowboys,70.0,away,0.17722152019999998,-10.6387031044,False,-26.0
2013-11-19,Michigan State Spartans,82.0,home,0.9637089876,22.1896993583,True,15.0
2013-11-19,Portland Pilots,67.0,away,0.0362910124,-22.1896993583,False,-15.0
2013-11-19,Florida Gators,67.0,home,0.9691097594999999,21.3889559252,True,14.0
2013-11-19,Southern Jaguars,53.0,away,0.0308902405,-21.3889559252,False,-14.0
2013-11-19,Florida International Panthers,75.0,home,0.8068906763,8.662677877,True,9.0
2013-11-19,Stetson Hatters,66.0,away,0.1931093237,-8.662677877,False,-9.0
2013-11-19,Ball State Cardinals,87.0,home,0.6645769475000001,4.711521835,True,4.0
2013-11-19,Southeast Missouri State Redhawks,83.0,away,0.3354230525,-4.711521835,False,-4.0
2013-11-19,Duke Blue Devils,91.0,home,0.9836274525,26.0451330485,True,36.0
2013-11-19,UNC Asheville Bulldogs,55.0,away,0.0163725475,-26.0451330485,False,-36.0
2013-11-19,Florida Gulf Coast Eagles,72.0,home,0.9848375133,26.5590291975,True,17.0
2013-11-19,Eckerd Tritons,55.0,away,0.0151624867,-26.5590291975,False,-17.0
2013-11-19,Campbell Fighting Camels,43.0,home,0.3838419067,-2.788982699,False,-19.0
2013-11-19,North Carolina Central Eagles,62.0,away,0.6161580933,2.788982699,True,19.0
2013-11-19,Virginia Tech Hokies,105.0,home,0.7326247264999999,7.9334515793,True,13.0
2013-11-19,VMI Keydets,92.0,away,0.2673752735,-7.9334515793,False,-13.0
2013-11-19,Liberty Flames,76.0,home,0.7638151950999998,7.1622414726,False,-11.0
2013-11-19,UNC Wilmington Seahawks,87.0,away,0.2361848049,-7.1622414726,True,11.0
2013-11-19,Wake Forest Demon Deacons,90.0,home,0.8886357963,15.0901471825,True,7.0
2013-11-19,Jacksonville Dolphins,83.0,away,0.1113642037,-15.0901471825,False,-7.0
2013-11-19,Rutgers Scarlet Knights,66.0,home,0.5764247401,2.0272675098,True,15.0
2013-11-19,Canisius Golden Griffins,51.0,away,0.4235752599,-2.0272675098,False,-15.0
2013-11-19,Charleston Cougars,54.0,home,0.6203873702,2.6006777245,False,-16.0
2013-11-19,Miami Hurricanes,70.0,away,0.3796126298,-2.6006777245,True,16.0
2013-11-19,Coppin State Eagles,87.0,home,0.41008704440000004,-2.5590882516,False,-15.0
2013-11-19,Wagner Seahawks,102.0,away,0.5899129556,2.5590882516,True,15.0
2013-11-19,North Florida Ospreys,66.0,home,0.5842675251,2.2262914073,True,3.0
2013-11-19,Savannah State Tigers,63.0,away,0.4157324749,-2.2262914073,False,-3.0
2013-11-19,Presbyterian Blue Hose,86.0,home,0.9195110566,15.9082282361,True,10.0
2013-11-19,Toccoa Falls Eagles,76.0,away,0.0804889434,-15.9082282361,False,-10.0
2013-11-19,Alcorn State Braves,91.0,home,0.9527302747,20.3591381043,True,40.0
2013-11-19,Dillard Blue Devils,51.0,away,0.0472697253,-20.3591381043,False,-40.0
2013-11-19,Rhode Island Rams,66.0,home,0.9743230642,24.7956904927,True,3.0
2013-11-19,MSU Denver Roadrunners,63.0,away,0.0256769358,-24.7956904927,False,-3.0
2013-11-19,Texas Longhorns,89.0,home,0.8832938503,13.6312227029,True,28.0
2013-11-19,Houston Christian Huskies,61.0,away,0.11670614969999998,-13.6312227029,False,-28.0
2013-11-19,Syracuse Orange,56.0,home,0.9470244907,16.2949682663,True,6.0
2013-11-19,St. Francis Brooklyn Terriers,50.0,away,0.0529755093,-16.2949682663,False,-6.0
2013-11-19,Alabama Crimson Tide,102.0,home,0.995884162,36.5889154305,True,37.0
2013-11-19,Stillman Tigers,65.0,away,0.004115838,-36.5889154305,False,-37.0
2013-11-19,Seton Hall Pirates,82.0,home,0.937359089,18.2532131264,True,16.0
2013-11-19,Monmouth Hawks,66.0,away,0.062640911,-18.2532131264,False,-16.0
2013-11-19,UL Monroe Warhawks,86.0,home,0.5682556973,1.7830022096,True,34.0
2013-11-19,Samford Bulldogs,52.0,away,0.4317443027,-1.7830022096,False,-34.0
2013-11-19,North Dakota State Bison,69.0,home,0.7394319236,6.043148829,False,-1.0
2013-11-19,Southern Miss Golden Eagles,70.0,away,0.2605680764,-6.043148829,True,1.0
2013-11-19,Tennessee State Tigers,70.0,home,0.6939159204,5.6633015169,False,-5.0
2013-11-19,Lipscomb Bisons,75.0,away,0.3060840796,-5.6633015169,True,5.0
2013-11-19,South Dakota State Jackrabbits,83.0,home,0.989110358,32.1121132699,True,21.0
2013-11-19,Southwest Minnesota State Mustangs,62.0,away,0.010889642,-32.1121132699,False,-21.0
2013-11-19,Arkansas Razorbacks,89.0,home,0.8811106705,14.2677364034,True,11.0
2013-11-19,SMU Mustangs,78.0,away,0.11888932950000002,-14.2677364034,False,-11.0
2013-11-19,Alabama State Hornets,79.0,home,0.5930635156,2.468815534,True,4.0
2013-11-19,Chicago State Cougars,75.0,away,0.4069364844,-2.468815534,False,-4.0
2013-11-19,UTSA Roadrunners,71.0,home,0.96400467,21.7467231865,False,-2.0
2013-11-19,McMurry War Hawks,73.0,away,0.03599533,-21.7467231865,True,2.0
2013-11-19,Middle Tennessee Blue Raiders,76.0,home,0.7270836416,6.420332592,True,17.0
2013-11-19,Little Rock Trojans,59.0,away,0.2729163584,-6.420332592,False,-17.0
2013-11-19,Evansville Purple Aces,89.0,home,0.41933196519999993,-2.1081884468,True,13.0
2013-11-19,Mercer Bears,76.0,away,0.5806680348,2.1081884468,False,-13.0
2013-11-19,South Alabama Jaguars,76.0,home,0.9769269294,26.0650022286,True,23.0
2013-11-19,William Carey Crusaders,53.0,away,0.0230730706,-26.0650022286,False,-23.0
2013-11-19,Colorado Buffaloes,93.0,home,0.8293859182,10.5797600716,True,23.0
2013-11-19,Arkansas State Red Wolves,70.0,away,0.1706140818,-10.5797600716,False,-23.0
2013-11-19,Cal State Bakersfield Roadrunners,74.0,home,0.6076697334,2.7534528216,True,8.0
2013-11-19,Nevada Wolf Pack,66.0,away,0.3923302666,-2.7534528216,False,-8.0
2013-11-19,Texas Tech Red Raiders,80.0,home,0.5501979685,1.2694151554,True,9.0
2013-11-19,Texas Southern Tigers,71.0,away,0.4498020314999999,-1.2694151554,False,-9.0
2013-11-19,Wyoming Cowboys,73.0,home,0.9467870991000001,17.7495783062,True,8.0
2013-11-19,Jackson State Tigers,65.0,away,0.0532129009,-17.7495783062,False,-8.0
2013-11-19,East Carolina Pirates,76.0,home,0.5671580742,1.8645974309,True,2.0
2013-11-19,Norfolk State Spartans,74.0,away,0.4328419258,-1.8645974309,False,-2.0
2013-11-19,Arizona Wildcats,100.0,home,0.9870321598000001,27.3073171934,True,50.0
2013-11-19,Fairleigh Dickinson Knights,50.0,away,0.0129678402,-27.3073171934,False,-50.0
2013-11-19,San Francisco Dons,90.0,home,0.8396247729000001,11.0410232486,False,-3.0
2013-11-19,Idaho State Bengals,93.0,away,0.16037522709999996,-11.0410232486,True,3.0
2013-11-19,California Golden Bears,75.0,home,0.9761564827,22.9730651389,True,28.0
2013-11-19,Southern Utah Thunderbirds,47.0,away,0.023843517299999995,-22.9730651389,False,-28.0
2013-11-19,Duke Blue Devils,83.0,home,0.9646254437999999,22.257786533,True,9.0
2013-11-19,East Carolina Pirates,74.0,away,0.0353745562,-22.257786533,False,-9.0
2013-11-19,Butler Bulldogs,85.0,home,0.5794685904,2.0402879601,True,8.0
2013-11-19,Vanderbilt Commodores,77.0,away,0.4205314096,-2.0402879601,False,-8.0
2013-11-20,App State Mountaineers,91.0,home,0.9704837084000001,23.8803112783,True,28.0
2013-11-20,Lees-McRae Bobcats,63.0,away,0.0295162916,-23.8803112783,False,-28.0
2013-11-20,Bethune-Cookman Wildcats,98.0,home,0.9536671952,21.473032236,True,43.0
2013-11-20,Trinity (FL) Tigers,55.0,away,0.046332804799999995,-21.473032236,False,-43.0
2013-11-19,Elon Phoenix,85.0,home,0.4994852763,-0.0134161313,False,-1.0
2013-11-19,Canisius Golden Griffins,86.0,away,0.5005147237,0.0134161313,True,1.0
2013-11-20,Wisconsin Badgers,103.0,home,0.9637123434999999,21.8543593687,True,18.0
2013-11-20,North Dakota Fighting Hawks,85.0,away,0.0362876565,-21.8543593687,False,-18.0
2013-11-20,Kansas Jayhawks,86.0,home,0.8589257071,11.761756527,True,20.0
2013-11-20,Iona Gaels,66.0,away,0.1410742929,-11.761756527,False,-20.0
2013-11-20,Oregon Ducks,69.0,home,0.944751945,18.1100252766,True,15.0
2013-11-20,Utah Valley Wolverines,54.0,away,0.05524805499999999,-18.1100252766,False,-15.0
2013-11-19,McNeese Cowboys,81.0,home,0.9438815767,20.3595997032,True,9.0
2013-11-19,Stillman Tigers,72.0,away,0.0561184233,-20.3595997032,False,-9.0
2013-11-20,Penn State Nittany Lions,79.0,home,0.5332737147,0.8139375732,True,7.0
2013-11-20,La Salle Explorers,72.0,away,0.4667262853,-0.8139375732,False,-7.0
2013-11-20,Maine Black Bears,82.0,home,0.6135338707,3.2691450427,False,-6.0
2013-11-20,NJIT Highlanders,88.0,away,0.3864661293,-3.2691450427,True,6.0
2013-11-20,Richmond Spiders,74.0,home,0.8965420578,13.2390291078,True,11.0
2013-11-20,Hofstra Pride,63.0,away,0.1034579422,-13.2390291078,False,-11.0
2013-11-20,Eastern Kentucky Colonels,82.0,home,0.9476884435000001,18.7201282249,True,14.0
2013-11-20,Alabama A&M Bulldogs,68.0,away,0.052311556499999995,-18.7201282249,False,-14.0
2013-11-20,James Madison Dukes,67.0,home,0.7274762993999999,6.4925704306,False,-4.0
2013-11-20,Detroit Mercy Titans,71.0,away,0.2725237006,-6.4925704306,True,4.0
2013-11-20,George Washington Revolutionaries,94.0,home,0.8733405426,11.5825285639,True,44.0
2013-11-20,Delaware State Hornets,50.0,away,0.1266594574,-11.5825285639,False,-44.0
2013-11-20,Virginia Cavaliers,67.0,home,0.9377238296,15.5934749162,True,25.0
2013-11-20,Navy Midshipmen,42.0,away,0.062276170400000004,-15.5934749162,False,-25.0
2013-11-20,UMass Lowell River Hawks,76.0,home,0.5281535443,0.7534764019,False,-11.0
2013-11-20,Brown Bears,87.0,away,0.4718464557,-0.7534764019,True,11.0
2013-11-20,Siena Saints,72.0,home,0.3752685749,-3.2972252621,True,2.0
2013-11-20,St. Bonaventure Bonnies,70.0,away,0.6247314251,3.2972252621,False,-2.0
2013-11-20,IU Indianapolis Jaguars,88.0,home,0.9730167787,24.6575161769,True,35.0
2013-11-20,Indiana University Northwest Indiana-Northwest,53.0,away,0.0269832213,-24.6575161769,False,-35.0
2013-11-20,Northern Kentucky Norse,61.0,home,0.3490806776,-3.9510812336,False,-13.0
2013-11-20,Morehead State Eagles,74.0,away,0.6509193224,3.9510812336,True,13.0
2013-11-20,Chattanooga Mocs,69.0,home,0.8505054209,12.4193381287,False,-4.0
2013-11-20,Kennesaw State Owls,73.0,away,0.1494945791,-12.4193381287,True,4.0
2013-11-20,George Mason Patriots,58.0,home,0.9152111614,14.0961560533,True,12.0
2013-11-20,Saint Francis Red Flash,46.0,away,0.0847888386,-14.0961560533,False,-12.0
2013-11-20,Louisville Cardinals,87.0,home,0.9617001549000002,20.4734421721,True,39.0
2013-11-20,Hartford Hawks,48.0,away,0.0382998451,-20.4734421721,False,-39.0
2013-11-20,Yale Bulldogs,80.0,home,0.7584861626,7.5138722201,True,15.0
2013-11-20,Sacred Heart Pioneers,65.0,away,0.2415138374,-7.5138722201,False,-15.0
2013-11-20,East Tennessee State Buccaneers,66.0,home,0.7766283655000001,8.3658188151,False,-10.0
2013-11-20,Winthrop Eagles,76.0,away,0.22337163449999997,-8.3658188151,True,10.0
2013-11-20,Rutgers Scarlet Knights,59.0,home,0.4299640054,-1.7608961096,False,-11.0
2013-11-20,Drexel Dragons,70.0,away,0.5700359946,1.7608961096,True,11.0
2013-11-20,MSU Denver Roadrunners,87.0,home,0.10954865510000002,-13.8041420367,True,11.0
2013-11-20,Fairleigh Dickinson Knights,76.0,away,0.8904513449,13.8041420367,False,-11.0
2013-11-20,Army Black Knights,74.0,home,0.5216341779,0.6212506749,False,-15.0
2013-11-20,Delaware Blue Hens,89.0,away,0.4783658221,-0.6212506749,True,15.0
2013-11-20,Kentucky Wildcats,105.0,home,0.9785997377,27.286762087,True,29.0
2013-11-20,UT Arlington Mavericks,76.0,away,0.0214002623,-27.286762087,False,-29.0
2013-11-20,Gardner-Webb Runnin' Bulldogs,92.0,home,0.9777739565,25.4002726009,True,41.0
2013-11-20,Allen University Yellow Jackets,51.0,away,0.0222260435,-25.4002726009,False,-41.0
2013-11-20,Alabama Crimson Tide,75.0,home,0.7449355738,6.72491503,True,17.0
2013-11-20,Georgia State Panthers,58.0,away,0.2550644262,-6.72491503,False,-17.0
2013-11-20,Texas A&M Aggies,75.0,home,0.8934076584999999,13.4138054611,True,10.0
2013-11-20,Prairie View A&M Panthers,65.0,away,0.10659234150000002,-13.4138054611,False,-10.0
2013-11-20,Incarnate Word Cardinals,106.0,home,0.9480021011999998,20.4143711508,True,12.0
2013-11-20,Northwood University Knights,94.0,away,0.0519978988,-20.4143711508,False,-12.0
2013-11-20,Mississippi State Bulldogs,94.0,home,0.8967373888,15.524203893,True,22.0
2013-11-20,Mississippi Valley State Delta Devils,72.0,away,0.10326261119999999,-15.524203893,False,-22.0
2013-11-20,Murray State Racers,91.0,home,0.9831549911,28.0126905657,True,27.0
2013-11-20,Bethel (TN) Wildcats,64.0,away,0.0168450089,-28.0126905657,False,-27.0
2013-11-20,Milwaukee Panthers,71.0,home,0.4779438639,-0.5843339555,False,-9.0
2013-11-20,DePaul Blue Demons,80.0,away,0.5220561361,0.5843339555,True,9.0
2013-11-20,LSU Tigers,81.0,home,0.9251560834999999,18.1590765608,True,27.0
2013-11-20,New Orleans Privateers,54.0,away,0.0748439165,-18.1590765608,False,-27.0
2013-11-20,Troy Trojans,77.0,home,0.6166831473,2.9725214027,True,15.0
2013-11-20,Nicholls Colonels,62.0,away,0.3833168527,-2.9725214027,False,-15.0
2013-11-20,Loyola Chicago Ramblers,83.0,home,0.9824819017,25.9552769261,True,18.0
2013-11-20,Rockhurst Hawks,65.0,away,0.0175180983,-25.9552769261,False,-18.0
2013-11-20,Auburn Tigers,78.0,home,0.712170186,5.7440410723,True,24.0
2013-11-20,Jacksonville State Gamecocks,54.0,away,0.287829814,-5.7440410723,False,-24.0
2013-11-20,Minnesota Golden Gophers,82.0,home,0.8916197206,14.6579311352,True,10.0
2013-11-20,Coastal Carolina Chanticleers,72.0,away,0.1083802794,-14.6579311352,False,-10.0
2013-11-20,Austin Peay Governors,72.0,home,0.7331522833000002,6.7034863956,True,2.0
2013-11-20,Southern Illinois Salukis,70.0,away,0.2668477167,-6.7034863956,False,-2.0
2013-11-20,Omaha Mavericks,91.0,home,0.7375450312000001,6.8625844391,True,32.0
2013-11-20,South Carolina State Bulldogs,59.0,away,0.2624549688,-6.8625844391,False,-32.0
2013-11-20,Norfolk State Spartans,80.0,home,0.6442229247,3.6634739715,True,2.0
2013-11-20,UNC Asheville Bulldogs,78.0,away,0.3557770753,-3.6634739715,False,-2.0
2013-11-20,TCU Horned Frogs,71.0,home,0.8025433112,8.1137188666,True,7.0
2013-11-20,Abilene Christian Wildcats,64.0,away,0.1974566888,-8.1137188666,False,-7.0
2013-11-20,Oklahoma State Cowboys,101.0,home,0.6778773172,5.7333203774,True,21.0
2013-11-20,Memphis Tigers,80.0,away,0.32212268280000006,-5.7333203774,False,-21.0
2013-11-20,St. John's Red Storm,67.0,home,0.8625887452,10.7834190379,True,4.0
2013-11-20,Bucknell Bison,63.0,away,0.1374112548,-10.7834190379,False,-4.0
2013-11-20,Boise State Broncos,86.0,home,0.9315238541,18.257647512,True,18.0
2013-11-20,Seattle U Redhawks,68.0,away,0.0684761459,-18.257647512,False,-18.0
2013-11-20,Eastern Washington Eagles,82.0,home,0.9733760811,23.2622484151,True,38.0
2013-11-20,Walla Walla Wolves,44.0,away,0.0266239189,-23.2622484151,False,-38.0
2013-11-20,UTEP Miners,82.0,home,0.7174782134000001,6.12533393,True,8.0
2013-11-20,Colorado State Rams,74.0,away,0.2825217866,-6.12533393,False,-8.0
2013-11-20,UNLV Rebels,80.0,home,0.6511723714,4.4890365202,False,-6.0
2013-11-20,Arizona State Sun Devils,86.0,away,0.3488276286,-4.4890365202,True,6.0
2013-11-20,USC Trojans,76.0,home,0.6916954624999999,5.399801061,True,14.0
2013-11-20,Cal State Fullerton Titans,62.0,away,0.3083045375,-5.399801061,False,-14.0
2013-11-20,Arizona Wildcats,87.0,home,0.9592320273,20.6656142321,True,28.0
2013-11-20,Rhode Island Rams,59.0,away,0.0407679727,-20.6656142321,False,-28.0
2013-11-21,NC State Wolfpack,72.0,home,0.687121696,4.8204431006,False,-10.0
2013-11-21,North Carolina Central Eagles,82.0,away,0.312878304,-4.8204431006,True,10.0
2013-11-21,Ohio State Buckeyes,63.0,home,0.9807236718,23.9843358699,True,11.0
2013-11-21,American University Eagles,52.0,away,0.0192763282,-23.9843358699,False,-11.0
2013-11-21,Purdue Boilermakers,83.0,home,0.9094685861,14.9213321228,True,28.0
2013-11-21,Eastern Illinois Panthers,55.0,away,0.09053141390000001,-14.9213321228,False,-28.0
2013-11-20,Tulane Green Wave,68.0,home,0.976660679,24.6743936279,True,10.0
2013-11-20,Cedarville Yellow Jackets,58.0,away,0.023339321000000003,-24.6743936279,False,-10.0
2013-11-21,Baylor Bears,69.0,home,0.9129655893,14.6884784338,True,5.0
2013-11-21,Charleston Southern Buccaneers,64.0,away,0.08703441070000001,-14.6884784338,False,-5.0
2013-11-21,Duquesne Dukes,70.0,home,0.7455949686,6.7321374039,True,11.0
2013-11-21,UAlbany Great Danes,59.0,away,0.2544050314,-6.7321374039,False,-11.0
2013-11-21,Maryland Eastern Shore Hawks,78.0,home,0.50141716,0.0374707842,True,7.0
2013-11-21,Mount St. Mary's Mountaineers,71.0,away,0.49858284,-0.0374707842,False,-7.0
2013-11-21,BYU Cougars,88.0,home,0.8144658373999999,11.4257345751,False,-2.0
2013-11-21,Iowa State Cyclones,90.0,away,0.1855341626,-11.4257345751,True,2.0
2013-11-21,Tulsa Golden Hurricane,54.0,home,0.2788586638,-6.1949079139,False,-23.0
2013-11-21,Wichita State Shockers,77.0,away,0.7211413362000001,6.1949079139,True,23.0
2013-11-21,UNC Greensboro Spartans,92.0,home,0.9688294945,24.0098202623,True,30.0
2013-11-21,Greensboro College Pride,62.0,away,0.0311705055,-24.0098202623,False,-30.0
2013-11-21,Quinnipiac Bobcats,71.0,home,0.710208588,6.2290221234,True,3.0
2013-11-21,Hampton Pirates,68.0,away,0.289791412,-6.2290221234,False,-3.0
2013-11-21,Purdue Fort Wayne Mastodons,106.0,home,0.9843396884,27.0890635524,True,34.0
2013-11-21,Purdue Northwest Pride,72.0,away,0.0156603116,-27.0890635524,False,-34.0
2013-11-21,Princeton Tigers,81.0,home,0.8479268959000001,9.4272121912,True,1.0
2013-11-21,Lafayette Leopards,80.0,away,0.1520731041,-9.4272121912,False,-1.0
2013-11-21,Georgia Tech Yellow Jackets,72.0,home,0.6967577138,5.7663062331,False,-10.0
2013-11-21,Dayton Flyers,82.0,away,0.3032422862,-5.7663062331,True,10.0
2013-11-21,Fairfield Stags,49.0,home,0.7698701915000001,7.1946293793,False,-14.0
2013-11-21,Holy Cross Crusaders,63.0,away,0.2301298085,-7.1946293793,True,14.0
2013-11-21,Western Michigan Broncos,74.0,home,0.3680104632,-3.1970140421,False,-9.0
2013-11-21,North Dakota State Bison,83.0,away,0.6319895368,3.1970140421,True,9.0
2013-11-21,Colgate Raiders,81.0,home,0.712336603,5.9789911257,True,23.0
2013-11-21,Cornell Big Red,58.0,away,0.287663397,-5.9789911257,False,-23.0
2013-11-21,VMI Keydets,112.0,home,0.9838992069,32.853099385,True,26.0
2013-11-21,Bridgewater College (VA) Eagles,86.0,away,0.0161007931,-32.853099385,False,-26.0
2013-11-21,Mercer Bears,109.0,home,0.9940183857,34.4124651213,True,53.0
2013-11-21,Johnson & Wales (NC) JOHNSON & WALES-CHARLOTTE,56.0,away,0.0059816143,-34.4124651213,False,-53.0
2013-11-21,Harvard Crimson,86.0,home,0.9240631230000002,16.4295597762,True,18.0
2013-11-21,Bryant Bulldogs,68.0,away,0.075936877,-16.4295597762,False,-18.0
2013-11-21,UMBC Retrievers,83.0,home,0.3454356798,-4.3069678905,False,-6.0
2013-11-21,Loyola Maryland Greyhounds,89.0,away,0.6545643202,4.3069678905,True,6.0
2013-11-21,Pittsburgh Panthers,77.0,home,0.9235568264,14.8691044258,True,19.0
2013-11-21,Lehigh Mountain Hawks,58.0,away,0.0764431736,-14.8691044258,False,-19.0
2013-11-21,William & Mary Tribe,69.0,home,0.6834484286,4.8875107268,False,-11.0
2013-11-21,High Point Panthers,80.0,away,0.3165515714,-4.8875107268,True,11.0
2013-11-21,Cincinnati Bearcats,81.0,home,0.9371582953,16.0106388146,True,19.0
2013-11-21,Campbell Fighting Camels,62.0,away,0.0628417047,-16.0106388146,False,-19.0
2013-11-21,Morgan State Bears,62.0,home,0.3596020989,-3.8572653984,False,-3.0
2013-11-21,Ohio Bobcats,65.0,away,0.6403979011000002,3.8572653984,True,3.0
2013-11-21,Youngstown State Penguins,82.0,home,0.9912195764,32.0295082831,True,24.0
2013-11-21,Thiel Tomcats,58.0,away,0.0087804236,-32.0295082831,False,-24.0
2013-11-21,UIC Flames,58.0,home,0.3998632812,-2.4972224696,False,-35.0
2013-11-21,Northwestern Wildcats,93.0,away,0.6001367188,2.4972224696,True,35.0
2013-11-21,Xavier Musketeers,77.0,home,0.8837706903,11.9301269539,True,26.0
2013-11-21,Miami (OH) RedHawks,51.0,away,0.1162293097,-11.9301269539,False,-26.0
2013-11-21,UT Martin Skyhawks,67.0,home,0.7015401046999998,6.1800035281,False,-12.0
2013-11-21,Kansas City Roos,79.0,away,0.2984598953,-6.1800035281,True,12.0
2013-11-21,Sam Houston Bearkats,98.0,home,0.9887037507999998,31.7361300985,True,50.0
2013-11-21,Jarvis Christian Bulldogs,48.0,away,0.011296249200000002,-31.7361300985,False,-50.0
2013-11-21,Belmont Bruins,94.0,home,0.8861354977000001,14.2124375039,True,30.0
2013-11-21,Lipscomb Bisons,64.0,away,0.11386450230000002,-14.2124375039,False,-30.0
2013-11-21,Texas A&M-Corpus Christi Islanders,61.0,home,0.6617880901999998,3.7743020874,False,-2.0
2013-11-21,Rice Owls,63.0,away,0.3382119098,-3.7743020874,True,2.0
2013-11-21,SMU Mustangs,70.0,home,0.8681923463,11.7783684716,True,21.0
2013-11-21,Texas State Bobcats,49.0,away,0.1318076537,-11.7783684716,False,-21.0
2013-11-21,Central Arkansas Bears,57.0,home,0.2036237304,-10.2036231664,False,-37.0
2013-11-21,Louisiana Tech Bulldogs,94.0,away,0.7963762696,10.2036231664,True,37.0
2013-11-21,Missouri State Bears,97.0,home,0.9916982839,33.9624985846,True,30.0
2013-11-21,Grambling Tigers,67.0,away,0.0083017161,-33.9624985846,False,-30.0
2013-11-21,Air Force Falcons,78.0,home,0.9818136864,26.0271328485,True,27.0
2013-11-21,Colorado Christian Cougars,51.0,away,0.0181863136,-26.0271328485,False,-27.0
2013-11-21,Illinois State Redbirds,70.0,home,0.3309358196,-5.1193044692,False,-9.0
2013-11-21,Manhattan Jaspers,79.0,away,0.6690641804,5.1193044692,True,9.0
2013-11-21,Evansville Purple Aces,100.0,home,0.7030739781000002,5.7477070801,True,8.0
2013-11-21,Valparaiso Beacons,92.0,away,0.2969260219,-5.7477070801,False,-8.0
2013-11-21,Pepperdine Waves,77.0,home,0.7598499238,7.30378562,False,-6.0
2013-11-21,San José State Spartans,83.0,away,0.24015007620000003,-7.30378562,True,6.0
2013-11-21,New Mexico State Aggies,67.0,home,0.8395749703,10.8801466693,True,4.0
2013-11-21,Northern Colorado Bears,63.0,away,0.1604250297,-10.8801466693,False,-4.0
2013-11-21,San Diego State Aztecs,93.0,home,0.994187912,35.3090211175,True,52.0
2013-11-21,San Diego Christian Hawks,41.0,away,0.005812088,-35.3090211175,False,-52.0
2013-11-21,Fresno State Bulldogs,63.0,home,0.6709966313,4.0802774681,True,17.0
2013-11-21,Cal Poly Mustangs,46.0,away,0.3290033687,-4.0802774681,False,-17.0
2013-11-21,Georgetown Hoyas,56.0,home,0.8505633645999999,10.8979284307,False,-7.0
2013-11-21,Northeastern Huskies,63.0,away,0.1494366354,-10.8979284307,True,7.0
2013-11-22,Gonzaga Bulldogs,90.0,home,0.8370126905,10.2584283402,True,16.0
2013-11-22,Washington State Cougars,74.0,away,0.16298730949999998,-10.2584283402,False,-16.0
2013-11-21,Kansas State Wildcats,61.0,home,0.6597507227,4.4593615145,False,-7.0
2013-11-21,Charlotte 49ers,68.0,away,0.34024927730000004,-4.4593615145,True,7.0
2013-11-21,Montana State Bobcats,73.0,home,0.3419996875,-4.1932915812,False,-1.0
2013-11-21,Cal State Northridge Matadors,74.0,away,0.6580003125,4.1932915812,True,1.0
2013-11-21,New Mexico Lobos,97.0,home,0.4260943914,-1.9697866376,True,3.0
2013-11-21,UAB Blazers,94.0,away,0.5739056086,1.9697866376,False,-3.0
2013-11-21,Massachusetts Minutemen,96.0,home,0.7440050829,7.6760792949,True,6.0
2013-11-21,Nebraska Cornhuskers,90.0,away,0.2559949171,-7.6760792949,False,-6.0
2013-11-21,Niagara Purple Eagles,74.0,home,0.3027257294,-6.1117502336,False,-9.0
2013-11-21,South Carolina Upstate Spartans,83.0,away,0.6972742705999999,6.1117502336,True,9.0
2013-11-21,North Texas Mean Green,66.0,home,0.4618606769,-0.9599732836,False,-4.0
2013-11-21,Columbia Lions,70.0,away,0.5381393231,0.9599732836,True,4.0
2013-11-22,Marquette Golden Eagles,58.0,home,0.9550427449,19.2958756959,True,5.0
2013-11-22,New Hampshire Wildcats,53.0,away,0.04495725510000001,-19.2958756959,False,-5.0
2013-11-21,Michigan Wolverines,85.0,home,0.929615314,16.0340277847,True,24.0
2013-11-21,Long Beach State Beach,61.0,away,0.070384686,-16.0340277847,False,-24.0
2013-11-21,Davidson Wildcats,94.0,home,0.586624143,2.293397197,True,12.0
2013-11-21,Georgia Bulldogs,82.0,away,0.41337585699999996,-2.293397197,False,-12.0
2013-11-22,Minnesota Golden Gophers,79.0,home,0.8401335273000001,10.1406729784,True,22.0
2013-11-22,Wofford Terriers,57.0,away,0.1598664727,-10.1406729784,False,-22.0
2013-11-22,Marshall Thundering Herd,73.0,home,0.6121909918,3.1171578028,False,-7.0
2013-11-22,Stephen F. Austin Lumberjacks,80.0,away,0.38780900819999997,-3.1171578028,True,7.0
2013-11-22,Central Michigan Chippewas,90.0,home,0.7075681127,5.9335815899,True,15.0
2013-11-22,Austin Peay Governors,75.0,away,0.2924318873,-5.9335815899,False,-15.0
2013-11-22,Savannah State Tigers,66.0,home,0.7504753324,7.3417603399,False,-9.0
2013-11-22,Lamar Cardinals,75.0,away,0.2495246676,-7.3417603399,True,9.0
2013-11-22,East Tennessee State Buccaneers,89.0,home,0.7585225691,7.426134022,True,14.0
2013-11-22,Samford Bulldogs,75.0,away,0.2414774309,-7.426134022,False,-14.0
2013-11-22,North Florida Ospreys,109.0,home,0.9783854211,26.3456248601,True,45.0
2013-11-22,Webber International Warriors,64.0,away,0.0216145789,-26.3456248601,False,-45.0
2013-11-22,Wake Forest Demon Deacons,82.0,home,0.9564329301,20.6318661049,True,28.0
2013-11-22,The Citadel Bulldogs,54.0,away,0.043567069900000005,-20.6318661049,False,-28.0
2013-11-22,Bethune-Cookman Wildcats,67.0,home,0.3468813521,-4.0856925154,False,-15.0
2013-11-22,Florida International Panthers,82.0,away,0.6531186479,4.0856925154,True,15.0
2013-11-22,Wagner Seahawks,68.0,home,0.6039594787,2.6643767768,True,7.0
2013-11-22,Vermont Catamounts,61.0,away,0.3960405213,-2.6643767768,False,-7.0
2013-11-22,Robert Morris Colonials,88.0,home,0.8453107319000001,11.6776918227,True,7.0
2013-11-22,UT Arlington Mavericks,81.0,away,0.1546892681,-11.6776918227,False,-7.0
2013-11-22,Old Dominion Monarchs,69.0,home,0.9051725447999999,13.744298877,True,18.0
2013-11-22,Presbyterian Blue Hose,51.0,away,0.0948274552,-13.744298877,False,-18.0
2013-11-22,Miami Hurricanes,58.0,home,0.6649819886999999,4.1566564136,False,-5.0
2013-11-22,UCF Knights,63.0,away,0.3350180113,-4.1566564136,True,5.0
2013-11-22,Florida Gators,79.0,home,0.944548365,17.2953900559,True,20.0
2013-11-22,Middle Tennessee Blue Raiders,59.0,away,0.055451635,-17.2953900559,False,-20.0
2013-11-22,Kent State Golden Flashes,72.0,home,0.7617851756999999,7.3721650374,True,13.0
2013-11-22,Western Carolina Catamounts,59.0,away,0.2382148243,-7.3721650374,False,-13.0
2013-11-22,Western Illinois Leathernecks,79.0,home,0.9804658854999999,24.3745013924,True,27.0
2013-11-22,Eureka Red Devils,52.0,away,0.0195341145,-24.3745013924,False,-27.0
2013-11-22,West Virginia Mountaineers,101.0,home,0.9243465121,17.4923268748,True,33.0
2013-11-22,Georgia Southern Eagles,68.0,away,0.0756534879,-17.4923268748,False,-33.0
2013-11-22,VCU Rams,67.0,home,0.7574230488000001,8.5834604062,False,-18.0
2013-11-22,Florida State Seminoles,85.0,away,0.2425769512,-8.5834604062,True,18.0
2013-11-22,Boston College Eagles,70.0,home,0.2788873273,-5.7020289522,False,-2.0
2013-11-22,UConn Huskies,72.0,away,0.7211126727,5.7020289522,True,2.0
2013-11-22,Wisconsin Badgers,88.0,home,0.9612259561,20.6569489968,True,24.0
2013-11-22,Bowling Green Falcons,64.0,away,0.0387740439,-20.6569489968,False,-24.0
2013-11-22,Saint Louis Billikens,72.0,home,0.8893322153,12.9998740771,True,17.0
2013-11-22,Oral Roberts Golden Eagles,55.0,away,0.1106677847,-12.9998740771,False,-17.0
2013-11-22,Tennessee Tech Golden Eagles,92.0,home,0.9833931998,27.491992442,True,53.0
2013-11-22,Indiana-Kokomo Cougars,39.0,away,0.0166068002,-27.491992442,False,-53.0
2013-11-22,Western Kentucky Hilltoppers,73.0,home,0.8786785819,12.8939666133,True,15.0
2013-11-22,UNC Wilmington Seahawks,58.0,away,0.12132141810000001,-12.8939666133,False,-15.0
2013-11-22,Colorado Buffaloes,76.0,home,0.8723489113,11.8465269994,True,8.0
2013-11-22,UC Santa Barbara Gauchos,68.0,away,0.1276510887,-11.8465269994,False,-8.0
2013-11-22,Southern Illinois Salukis,96.0,home,0.0,0.0,True,22.0
2013-11-22,Missouri S&T Miners,74.0,away,0.0,0.0,False,-22.0
2013-11-22,Northwestern State Demons,80.0,home,0.8168865117,11.1761781334,False,-4.0
2013-11-22,UL Monroe Warhawks,84.0,away,0.1831134883,-11.1761781334,True,4.0
2013-11-22,Portland Pilots,88.0,home,0.759030574,7.7258175338,True,14.0
2013-11-22,Idaho Vandals,74.0,away,0.240969426,-7.7258175338,False,-14.0
2013-11-22,Houston Cougars,75.0,home,0.8903471526,13.3901781342,True,13.0
2013-11-22,Howard Bison,62.0,away,0.10965284739999999,-13.3901781342,False,-13.0
2013-11-22,UTSA Roadrunners,55.0,home,0.5764450121,1.9230075732,False,-15.0
2013-11-22,UT Rio Grande Valley Vaqueros,70.0,away,0.4235549879,-1.9230075732,True,15.0
2013-11-22,Texas Tech Red Raiders,68.0,home,0.6681559116,4.3532522138,True,14.0
2013-11-22,South Dakota State Jackrabbits,54.0,away,0.3318440884,-4.3532522138,False,-14.0
2013-11-22,Utah Utes,79.0,home,0.8071716379,9.5481520873,True,25.0
2013-11-22,Grand Canyon Lopes,54.0,away,0.19282836210000004,-9.5481520873,False,-25.0
2013-11-22,Clemson Tigers,72.0,home,0.5601496941,1.4261165675,True,14.0
2013-11-22,Temple Owls,58.0,away,0.4398503059,-1.4261165675,False,-14.0
2013-11-22,Washington Huskies,84.0,home,0.3794278525,-3.6572256406,False,-18.0
2013-11-22,Indiana Hoosiers,102.0,away,0.6205721475,3.6572256406,True,18.0
2013-11-22,USC Trojans,73.0,home,0.9866568455,28.8591541544,True,16.0
2013-11-22,West Alabama Tigers,57.0,away,0.0133431545,-28.8591541544,False,-16.0
2013-11-22,Stanford Cardinal,97.0,home,0.8469961988,11.8558798492,True,26.0
2013-11-22,Texas Southern Tigers,71.0,away,0.1530038012,-11.8558798492,False,-26.0
2013-11-22,San Diego Toreros,82.0,home,0.9855944356999999,28.0034742411,True,36.0
2013-11-22,San Diego Christian Hawks,46.0,away,0.0144055643,-28.0034742411,False,-36.0
2013-11-22,Hawai'i Rainbow Warriors,114.0,home,0.985663221,30.5555978536,True,51.0
2013-11-22,Hawai'i Hilo Vulcans,63.0,away,0.014336779,-30.5555978536,False,-51.0
2013-11-22,Jacksonville State Gamecocks,85.0,home,0.9823778436,26.7200657034,True,24.0
2013-11-22,Dalton State Roadrunners,61.0,away,0.0176221564,-26.7200657034,False,-24.0
2013-11-22,Washington Huskies,78.0,home,0.4170423374,-2.089908435,False,-11.0
2013-11-22,Boston College Eagles,89.0,away,0.5829576626,2.089908435,True,11.0
2013-11-22,UAB Blazers,87.0,home,0.6417201664,3.7355727638,True,13.0
2013-11-22,Nebraska Cornhuskers,74.0,away,0.3582798336,-3.7355727638,False,-13.0
2013-11-22,Loyola Marymount Lions,81.0,home,0.3252591652,-4.9321565755,False,-9.0
2013-11-22,Northern Iowa Panthers,90.0,away,0.6747408348,4.9321565755,True,9.0
2013-11-22,Northeastern Huskies,77.0,home,0.47385486199999993,-0.7081022528,False,-9.0
2013-11-22,Charlotte 49ers,86.0,away,0.526145138,0.7081022528,True,9.0
2013-11-22,Maryland Terrapins,68.0,home,0.7986133943999999,9.0202953383,True,25.0
2013-11-22,Marist Red Foxes,43.0,away,0.2013866056,-9.0202953383,False,-25.0
2013-11-22,Georgetown Hoyas,90.0,home,0.7444040893,6.5237869917,True,27.0
2013-11-22,Kansas State Wildcats,63.0,away,0.2555959107,-6.5237869917,False,-27.0
2013-11-22,Stony Brook Seawolves,99.0,home,0.4320088091,-1.8517892921,False,-4.0
2013-11-22,Toledo Rockets,103.0,away,0.5679911909,1.8517892921,True,4.0
2013-11-22,New Mexico Lobos,65.0,home,0.3002092145,-6.1726275325,False,-16.0
2013-11-22,Massachusetts Minutemen,81.0,away,0.6997907855,6.1726275325,True,16.0
2013-11-22,Cal State Northridge Matadors,80.0,home,0.4955189993,-0.1174072614,True,3.0
2013-11-22,Austin Peay Governors,77.0,away,0.5044810007,0.1174072614,False,-3.0
2013-11-22,Western New Mexico Mustangs,44.0,home,0.0662386985,-16.6776179964,False,-18.0
2013-11-22,Abilene Christian Wildcats,62.0,away,0.9337613015000001,16.6776179964,True,18.0
2013-11-22,Wright State Raiders,75.0,home,0.8404428133999999,10.2988155425,True,16.0
2013-11-22,Houston Christian Huskies,59.0,away,0.1595571866,-10.2988155425,False,-16.0
2013-11-22,UC Davis Aggies,80.0,home,0.6431164409,3.9078717658,True,5.0
2013-11-22,SIU Edwardsville Cougars,75.0,away,0.3568835591000001,-3.9078717658,False,-5.0
2013-11-22,Grand Canyon Lopes,72.0,home,0.4565787473,-1.0733409206,True,1.0
2013-11-22,Savannah State Tigers,71.0,away,0.5434212527,1.0733409206,False,-1.0
2013-11-23,North Carolina Central Eagles,76.0,home,0.8462642638999999,10.4699818899,True,6.0
2013-11-23,App State Mountaineers,70.0,away,0.1537357361,-10.4699818899,False,-6.0
2013-11-22,Vanderbilt Commodores,60.0,home,0.3797846304,-3.0579388442,False,-7.0
2013-11-22,Providence Friars,67.0,away,0.6202153696,3.0579388442,True,7.0
2013-11-22,Florida State Seminoles,80.0,home,0.2808078075,-6.2012155409,False,-2.0
2013-11-22,Michigan Wolverines,82.0,away,0.7191921925,6.2012155409,True,2.0
2013-11-22,Western Carolina Catamounts,98.0,home,0.6631783209999998,5.0440330037,True,8.0
2013-11-22,Niagara Purple Eagles,90.0,away,0.336821679,-5.0440330037,False,-8.0
2013-11-23,Temple Owls,83.0,home,0.5112366702,0.2938228898,True,2.0
2013-11-23,Georgia Bulldogs,81.0,away,0.48876332980000003,-0.2938228898,False,-2.0
2013-11-23,Iowa Hawkeyes,86.0,home,0.943641397,20.5170825463,True,31.0
2013-11-23,Pennsylvania Quakers,55.0,away,0.056358603,-20.5170825463,False,-31.0
2013-11-23,Tennessee Volunteers,88.0,home,0.9385385055,16.5507343923,True,21.0
2013-11-23,Tennessee State Tigers,67.0,away,0.061461494500000005,-16.5507343923,False,-21.0
2013-11-23,Eastern Kentucky Colonels,95.0,home,0.9965391892,39.4087101117,True,39.0
2013-11-23,Brescia Bearcats,56.0,away,0.0034608108,-39.4087101117,False,-39.0
2013-11-23,Villanova Wildcats,84.0,home,0.8595839458000001,12.5919187757,True,4.0
2013-11-23,Delaware Blue Hens,80.0,away,0.1404160542,-12.5919187757,False,-4.0
2013-11-23,Cornell Big Red,70.0,home,0.5810335368,2.0896600669,False,-1.0
2013-11-23,Siena Saints,71.0,away,0.4189664632,-2.0896600669,True,1.0
2013-11-23,Seton Hall Pirates,85.0,home,0.6938552238,5.4240654133,False,-1.0
2013-11-23,Oklahoma Sooners,86.0,away,0.3061447762,-5.4240654133,True,1.0
2013-11-23,Detroit Mercy Titans,77.0,home,0.8167031891,9.7793092093,True,33.0
2013-11-23,Florida Atlantic Owls,44.0,away,0.18329681090000002,-9.7793092093,False,-33.0
2013-11-23,Longwood Lancers,69.0,home,0.4809830199,-0.5454707923,False,-12.0
2013-11-23,Brown Bears,81.0,away,0.5190169801,0.5454707923,True,12.0
2013-11-23,South Florida Bulls,72.0,home,0.8756813354,12.0799138334,True,9.0
2013-11-23,Stetson Hatters,63.0,away,0.1243186646,-12.0799138334,False,-9.0
2013-11-23,Central Michigan Chippewas,54.0,home,0.8290089421000001,9.8290744554,False,-5.0
2013-11-23,Montana State Bobcats,59.0,away,0.1709910579,-9.8290744554,True,5.0
2013-11-23,Indiana State Sycamores,80.0,home,0.9964748912,38.1791809789,True,11.0
2013-11-23,Truman State Bulldogs,69.0,away,0.0035251088,-38.1791809789,False,-11.0
2013-11-23,VCU Rams,73.0,home,0.9334817186,17.0503005023,True,6.0
2013-11-23,Long Beach State Beach,67.0,away,0.0665182814,-17.0503005023,False,-6.0
2013-11-23,UConn Huskies,59.0,home,0.6833837113,5.2000239832,True,1.0
2013-11-23,Indiana Hoosiers,58.0,away,0.3166162887,-5.2000239832,False,-1.0
2013-11-23,Kent State Golden Flashes,79.0,home,0.7355582431,6.2365419515,True,1.0
2013-11-23,South Carolina Upstate Spartans,78.0,away,0.2644417569,-6.2365419515,False,-1.0
2013-11-23,Idaho Vandals,87.0,home,0.4362494007,-1.7076406136,True,11.0
2013-11-23,North Texas Mean Green,76.0,away,0.5637505993,1.7076406136,False,-11.0
2013-11-23,Eastern Washington Eagles,80.0,home,0.2656868489,-6.3654430615,True,12.0
2013-11-23,Boston University Terriers,68.0,away,0.7343131511,6.3654430615,False,-12.0
2013-11-23,Southeast Missouri State Redhawks,109.0,home,0.9837534693,30.8938121127,True,45.0
2013-11-23,Mid-Continent University Mid-Continent,64.0,away,0.0162465307,-30.8938121127,False,-45.0
2013-11-23,LSU Tigers,89.0,home,0.9177102475,16.5166355272,True,23.0
2013-11-23,SE Louisiana Lions,66.0,away,0.0822897525,-16.5166355272,False,-23.0
2013-11-23,Southern Jaguars,82.0,home,0.6254544224,3.4982592529,False,-3.0
2013-11-23,Little Rock Trojans,85.0,away,0.3745455776,-3.4982592529,True,3.0
2013-11-23,UT Martin Skyhawks,64.0,home,0.6049550869,2.8839320446,False,-4.0
2013-11-23,Jackson State Tigers,68.0,away,0.3950449131,-2.8839320446,True,4.0
2013-11-23,Northwestern Wildcats,63.0,home,0.8916649559,12.5791749637,True,2.0
2013-11-23,IU Indianapolis Jaguars,61.0,away,0.1083350441,-12.5791749637,False,-2.0
2013-11-23,Kansas Jayhawks,88.0,home,0.9636680186,21.2828647949,True,30.0
2013-11-23,Towson Tigers,58.0,away,0.0363319814,-21.2828647949,False,-30.0
2013-11-23,South Alabama Jaguars,59.0,home,0.2709040995,-5.9451787432,False,-7.0
2013-11-23,Southern Miss Golden Eagles,66.0,away,0.7290959005,5.9451787432,True,7.0
2013-11-23,Southwestern (TX) Pirates,61.0,home,0.1568576924,-11.6421047502,False,-19.0
2013-11-23,Incarnate Word Cardinals,80.0,away,0.8431423076,11.6421047502,True,19.0
2013-11-23,La Salle Explorers,78.0,home,0.8264240179,9.9419746486,True,19.0
2013-11-23,Morgan State Bears,59.0,away,0.1735759821,-9.9419746486,False,-19.0
2013-11-23,Ole Miss Rebels,111.0,home,0.9555210715,23.0350190577,True,29.0
2013-11-23,Mississippi Valley State Delta Devils,82.0,away,0.044478928499999994,-23.0350190577,False,-29.0
2013-11-23,Notre Dame Fighting Irish,84.0,home,0.8868091782,12.8732862931,True,15.0
2013-11-23,Santa Clara Broncos,69.0,away,0.1131908218,-12.8732862931,False,-15.0
2013-11-23,St. John's Red Storm,64.0,home,0.9389997366,18.0216981936,True,10.0
2013-11-23,Monmouth Hawks,54.0,away,0.0610002634,-18.0216981936,False,-10.0
2013-11-23,Portland State Vikings,67.0,home,0.5063314303,0.1463372929,True,4.0
2013-11-23,Loyola Chicago Ramblers,63.0,away,0.4936685697,-0.1463372929,False,-4.0
2013-11-23,Utah Utes,84.0,home,0.9193346038,16.7112889509,True,27.0
2013-11-23,Lamar Cardinals,57.0,away,0.0806653962,-16.7112889509,False,-27.0
2013-11-23,Illinois Fighting Illini,77.0,home,0.9344088748,16.7131228047,True,24.0
2013-11-23,Chicago State Cougars,53.0,away,0.0655911252,-16.7131228047,False,-24.0
2013-11-23,Clemson Tigers,85.0,home,0.5053884793,0.1272474517,True,31.0
2013-11-23,Davidson Wildcats,54.0,away,0.4946115207,-0.1272474517,False,-31.0
2013-11-23,Montana Grizzlies,74.0,home,0.7291680031,6.0375369922,False,-1.0
2013-11-23,San Francisco Dons,75.0,away,0.2708319969,-6.0375369922,True,1.0
2013-11-23,Colorado State Rams,72.0,home,0.7580732157,7.5221494688,True,7.0
2013-11-23,Northern Colorado Bears,65.0,away,0.2419267843,-7.5221494688,False,-7.0
2013-11-23,Portland Pilots,69.0,home,0.6272856623,3.1513901169,True,17.0
2013-11-23,Columbia Lions,52.0,away,0.3727143377,-3.1513901169,False,-17.0
2013-11-23,Nevada Wolf Pack,83.0,home,0.7973302461,9.6431599557,True,2.0
2013-11-23,Chattanooga Mocs,81.0,away,0.2026697539,-9.6431599557,False,-2.0
2013-11-23,Michigan State Spartans,96.0,home,0.8637618291,12.5037784617,True,19.0
2013-11-23,Virginia Tech Hokies,77.0,away,0.1362381709,-12.5037784617,False,-19.0
2013-11-23,Arizona State Sun Devils,70.0,home,0.8812849005,12.7868671799,True,12.0
2013-11-23,Bradley Braves,58.0,away,0.1187150995,-12.7868671799,False,-12.0
2013-11-23,Wyoming Cowboys,70.0,home,0.909551149,13.3253560432,True,17.0
2013-11-23,South Dakota Coyotes,53.0,away,0.090448851,-13.3253560432,False,-17.0
2013-11-23,UC Irvine Anteaters,84.0,home,0.0,0.0,True,20.0
2013-11-23,LIU Brooklyn Liu Brooklyn,64.0,away,0.0,0.0,False,-20.0
2013-11-23,UCLA Bruins,81.0,home,0.9168468016999999,16.678469778,True,11.0
2013-11-23,Morehead State Eagles,70.0,away,0.0831531983,-16.678469778,False,-11.0
2013-11-24,South Carolina Gamecocks,84.0,home,0.7401839457,6.6437692103,True,12.0
2013-11-24,Florida International Panthers,72.0,away,0.2598160543,-6.6437692103,False,-12.0
2013-11-24,St. Francis Brooklyn Terriers,68.0,home,0.4617773202,-0.9237347775,True,6.0
2013-11-24,Oakland Golden Grizzlies,62.0,away,0.5382226798,0.9237347775,False,-6.0
2013-11-24,Long Beach State Beach,38.0,home,0.2137812067,-7.6644413482,False,-14.0
2013-11-24,Kansas State Wildcats,52.0,away,0.7862187933,7.6644413482,True,14.0
2013-11-24,Davidson Wildcats,58.0,home,0.5758075692,1.9747967811,False,-21.0
2013-11-24,New Mexico Lobos,79.0,away,0.4241924308,-1.9747967811,True,21.0
2013-11-24,Louisville Cardinals,84.0,home,0.7534906261,7.843971056,False,-9.0
2013-11-24,North Carolina Tar Heels,93.0,away,0.2465093739,-7.843971056,True,9.0
2013-11-24,New Hampshire Wildcats,55.0,home,0.6052357958,2.8277005983,False,-5.0
2013-11-24,Bryant Bulldogs,60.0,away,0.3947642042,-2.8277005983,True,5.0
2013-11-24,Toledo Rockets,94.0,home,0.8178297948,10.0124822767,True,20.0
2013-11-24,Florida Atlantic Owls,74.0,away,0.1821702052,-10.0124822767,False,-20.0
2013-11-24,Penn State Nittany Lions,93.0,home,0.9424713983,18.2030451713,True,26.0
2013-11-24,Longwood Lancers,67.0,away,0.0575286017,-18.2030451713,False,-26.0
2013-11-24,Purdue Boilermakers,81.0,home,0.9411610457999999,19.8063379604,True,8.0
2013-11-24,Siena Saints,73.0,away,0.0588389542,-19.8063379604,False,-8.0
2013-11-24,Duke Blue Devils,91.0,home,0.9505282405,18.350948091,True,1.0
2013-11-24,Vermont Catamounts,90.0,away,0.049471759500000004,-18.350948091,False,-1.0
2013-11-24,VCU Rams,80.0,home,0.524986349,0.699448024,False,-4.0
2013-11-24,Georgetown Hoyas,84.0,away,0.47501365100000004,-0.699448024,True,4.0
2013-11-24,Georgia Bulldogs,65.0,home,0.5698472851,1.7271230917,False,-8.0
2013-11-24,Nebraska Cornhuskers,73.0,away,0.4301527149,-1.7271230917,True,8.0
2013-11-24,SMU Mustangs,87.0,home,0.908256801,15.2162985999,True,26.0
2013-11-24,Arkansas-Pine Bluff Golden Lions,61.0,away,0.091743199,-15.2162985999,False,-26.0
2013-11-24,Georgia Tech Yellow Jackets,78.0,home,0.9277876044,17.0237162964,True,7.0
2013-11-24,North Carolina A&T Aggies,71.0,away,0.0722123956,-17.0237162964,False,-7.0
2013-11-24,Kennesaw State Owls,66.0,home,0.3683882858,-3.2985454188,False,-10.0
2013-11-24,Purdue Fort Wayne Mastodons,76.0,away,0.6316117142,3.2985454188,True,10.0
2013-11-24,SIU Edwardsville Cougars,72.0,home,0.302290343,-5.1204591885,False,-1.0
2013-11-24,Loyola Chicago Ramblers,73.0,away,0.6977096570000001,5.1204591885,True,1.0
2013-11-24,Southern Miss Golden Eagles,99.0,home,0.9979416621,39.5254984814,True,45.0
2013-11-24,William Carey Crusaders,54.0,away,0.0020583379,-39.5254984814,False,-45.0
2013-11-24,Notre Dame Fighting Irish,93.0,home,0.9266706145000001,17.1171383868,True,33.0
2013-11-24,Army Black Knights,60.0,away,0.0733293855,-17.1171383868,False,-33.0
2013-11-24,Coastal Carolina Chanticleers,69.0,home,0.568075686,1.9085798866,False,-4.0
2013-11-24,Louisiana Ragin' Cajuns,73.0,away,0.431924314,-1.9085798866,True,4.0
2013-11-24,South Alabama Jaguars,79.0,home,0.7769310237,8.0614604184,True,20.0
2013-11-24,Houston Christian Huskies,59.0,away,0.22306897630000003,-8.0614604184,False,-20.0
2013-11-24,Fairfield Stags,47.0,home,0.299865283,-5.0009827879,False,-21.0
2013-11-24,Richmond Spiders,68.0,away,0.700134717,5.0009827879,True,21.0
2013-11-24,Northern Illinois Huskies,111.0,home,0.979512588,25.5223767058,True,50.0
2013-11-24,St. Josephs (IND) Pumas,61.0,away,0.020487411999999997,-25.5223767058,False,-50.0
2013-11-24,Arkansas State Red Wolves,99.0,home,0.8954892015999999,16.256946504,True,43.0
2013-11-24,Central Arkansas Bears,56.0,away,0.10451079839999998,-16.256946504,False,-43.0
2013-11-24,Colorado Buffaloes,70.0,home,0.6474818471,3.8011148211,True,8.0
2013-11-24,Harvard Crimson,62.0,away,0.35251815289999994,-3.8011148211,False,-8.0
2013-11-24,High Point Panthers,66.0,home,0.554581563,1.2994400914,True,10.0
2013-11-24,Wofford Terriers,56.0,away,0.445418437,-1.2994400914,False,-10.0
2013-11-24,Texas A&M Aggies,79.0,home,0.7163948481999999,6.2576647016,True,17.0
2013-11-24,Sam Houston Bearkats,62.0,away,0.2836051518,-6.2576647016,False,-17.0
2013-11-24,Detroit Mercy Titans,102.0,home,0.6101092429,2.9000250978,False,-2.0
2013-11-24,Stony Brook Seawolves,104.0,away,0.38989075710000004,-2.9000250978,True,2.0
2013-11-24,Missouri State Bears,81.0,home,0.8376853704,10.6841120555,True,14.0
2013-11-24,Hampton Pirates,67.0,away,0.1623146296,-10.6841120555,False,-14.0
2013-11-24,Boston University Terriers,72.0,home,0.0,0.0,True,15.0
2013-11-24,LIU Brooklyn Liu Brooklyn,57.0,away,0.0,0.0,False,-15.0
2013-11-24,Florida State Seminoles,62.0,home,0.7453510499000001,6.9211060782,True,2.0
2013-11-24,Northeastern Huskies,60.0,away,0.2546489501,-6.9211060782,False,-2.0
2013-11-24,Nevada Wolf Pack,58.0,home,0.7239647757000001,6.1674552009,False,-5.0
2013-11-24,Morehead State Eagles,63.0,away,0.2760352243,-6.1674552009,True,5.0
2013-11-24,Washington State Cougars,62.0,home,0.8711051884,11.0970523339,False,-2.0
2013-11-24,TCU Horned Frogs,64.0,away,0.1288948116,-11.0970523339,True,2.0
2013-11-24,North Dakota Fighting Hawks,95.0,home,0.2756825995,-6.5734176538,True,18.0
2013-11-24,North Dakota State Bison,77.0,away,0.7243174005,6.5734176538,False,-18.0
2013-11-24,Portland State Vikings,79.0,home,0.5511751554,1.2812038559,True,16.0
2013-11-24,UC Davis Aggies,63.0,away,0.4488248446,-1.2812038559,False,-16.0
2013-11-24,Holy Cross Crusaders,80.0,home,0.3774347403,-3.134153099,True,25.0
2013-11-24,Hartford Hawks,55.0,away,0.6225652597,3.134153099,False,-25.0
2013-11-24,Temple Owls,87.0,home,0.4269448023,-1.9665259675,True,21.0
2013-11-24,UAB Blazers,66.0,away,0.5730551977,1.9665259675,False,-21.0
2013-11-25,Michigan Wolverines,61.0,home,0.8463957255,11.4282868315,False,-2.0
2013-11-25,Charlotte 49ers,63.0,away,0.1536042745,-11.4282868315,True,2.0
2013-11-25,UC Irvine Anteaters,81.0,home,0.7330644049,6.6091239875,True,23.0
2013-11-25,Eastern Washington Eagles,58.0,away,0.2669355951,-6.6091239875,False,-23.0
2013-11-25,Maryland Terrapins,80.0,home,0.5259833302,0.6459063009,True,14.0
2013-11-25,Northern Iowa Panthers,66.0,away,0.4740166698,-0.6459063009,False,-14.0
2013-11-25,Oregon Ducks,100.0,home,0.8841974304,14.345095075,True,18.0
2013-11-25,San Francisco Dons,82.0,away,0.1158025696,-14.345095075,False,-18.0
2013-11-25,Hofstra Pride,75.0,home,0.2387958565,-7.4874690765,False,-10.0
2013-11-25,Belmont Bruins,85.0,away,0.7612041435000001,7.4874690765,True,10.0
2013-11-25,Clemson Tigers,56.0,home,0.4149076587,-2.2175264574,False,-6.0
2013-11-25,Massachusetts Minutemen,62.0,away,0.5850923413,2.2175264574,True,6.0
2013-11-25,Saint Mary's Gaels,72.0,home,0.9766866491,22.3403155116,True,17.0
2013-11-25,Alcorn State Braves,55.0,away,0.0233133509,-22.3403155116,False,-17.0
2013-11-25,La Salle Explorers,63.0,home,0.53834263,0.9360171375,False,-8.0
2013-11-25,Providence Friars,71.0,away,0.46165737,-0.9360171375,True,8.0
2013-11-25,UCLA Bruins,106.0,home,0.9350600518000001,20.0740035422,True,41.0
2013-11-25,Chattanooga Mocs,65.0,away,0.0649399482,-20.0740035422,False,-41.0
2013-11-26,South Florida Bulls,67.0,home,0.3184092371,-5.124998384,False,-26.0
2013-11-26,Oklahoma State Cowboys,93.0,away,0.6815907629,5.124998384,True,26.0
2013-11-25,Georgia State Panthers,71.0,home,0.6284897141,3.3833532554,False,-8.0
2013-11-25,Canisius Golden Griffins,79.0,away,0.3715102859,-3.3833532554,True,8.0
2013-11-25,San Diego Toreros,70.0,home,0.5760569204,1.9036820038,False,-4.0
2013-11-25,UIC Flames,74.0,away,0.4239430796,-1.9036820038,True,4.0
2013-11-25,Morgan State Bears,74.0,home,0.5586260431,1.5146142131,True,7.0
2013-11-25,Marist Red Foxes,67.0,away,0.4413739569,-1.5146142131,False,-7.0
2013-11-25,Louisiana Tech Bulldogs,99.0,home,0.8701305655,13.1677343208,True,37.0
2013-11-25,UNC Greensboro Spartans,62.0,away,0.1298694345,-13.1677343208,False,-37.0
2013-11-25,California Golden Bears,85.0,home,0.4463183425,-1.4731194769,True,8.0
2013-11-25,Arkansas Razorbacks,77.0,away,0.5536816575,1.4731194769,False,-8.0
2013-11-25,Vanderbilt Commodores,77.0,home,0.6508010986000001,4.2117064359,True,9.0
2013-11-25,Loyola Marymount Lions,68.0,away,0.3491989014,-4.2117064359,False,-9.0
2013-11-26,Ohio State Buckeyes,65.0,home,0.906988595,13.1095984489,True,15.0
2013-11-26,Wyoming Cowboys,50.0,away,0.093011405,-13.1095984489,False,-15.0
2013-11-26,Iowa State Cyclones,110.0,home,0.9309173763000002,19.6523678815,True,59.0
2013-11-26,Kansas City Roos,51.0,away,0.0690826237,-19.6523678815,False,-59.0
2013-11-26,Jacksonville Dolphins,60.0,home,0.0769750012,-16.1658235307,False,-26.0
2013-11-26,Florida Gators,86.0,away,0.9230249988,16.1658235307,True,26.0
2013-11-25,Wagner Seahawks,81.0,home,0.6880200418,4.9813715483,True,17.0
2013-11-25,Stetson Hatters,64.0,away,0.3119799582,-4.9813715483,False,-17.0
2013-11-26,Kentucky Wildcats,68.0,home,0.9436340946,18.7793325005,True,7.0
2013-11-26,Cleveland State Vikings,61.0,away,0.0563659054,-18.7793325005,False,-7.0
2013-11-25,Lehigh Mountain Hawks,67.0,home,0.2717057328,-6.3867225368,True,4.0
2013-11-25,Texas Southern Tigers,63.0,away,0.7282942672,6.3867225368,False,-4.0
2013-11-26,Xavier Musketeers,93.0,home,0.9579670993,18.9518716071,True,28.0
2013-11-26,Abilene Christian Wildcats,65.0,away,0.04203290070000001,-18.9518716071,False,-28.0
2013-11-25,Norfolk State Spartans,70.0,home,0.7846340842,8.2752696178,True,8.0
2013-11-25,Fairleigh Dickinson Knights,62.0,away,0.2153659158,-8.2752696178,False,-8.0
2013-11-26,Maine Black Bears,61.0,home,0.3757728863,-3.9032418159,False,-41.0
2013-11-26,Quinnipiac Bobcats,102.0,away,0.6242271137,3.9032418159,True,41.0
2013-11-25,East Carolina Pirates,91.0,home,0.7727789784,8.3141263013,True,29.0
2013-11-25,McNeese Cowboys,62.0,away,0.2272210216,-8.3141263013,False,-29.0
2013-11-25,Syracuse Orange,75.0,home,0.7672583566,7.21346242,True,8.0
2013-11-25,Minnesota Golden Gophers,67.0,away,0.23274164339999998,-7.21346242,False,-8.0
2013-11-26,Delaware State Hornets,70.0,home,0.4398072721,-1.5349981064,False,-10.0
2013-11-26,Delaware Blue Hens,80.0,away,0.5601927279,1.5349981064,True,10.0
2013-11-26,South Carolina Upstate Spartans,94.0,home,0.9960893183,37.0638964638,True,27.0
2013-11-26,Bob Jones Bruins,67.0,away,0.0039106817,-37.0638964638,False,-27.0
2013-11-26,Cornell Big Red,71.0,home,0.37487284370000007,-3.1919590221,False,-15.0
2013-11-26,Radford Highlanders,86.0,away,0.6251271563,3.1919590221,True,15.0
2013-11-26,The Citadel Bulldogs,109.0,home,0.964656772,22.6082228759,True,45.0
2013-11-26,Montreat Cavaliers,64.0,away,0.035343228,-22.6082228759,False,-45.0
2013-11-26,South Carolina State Bulldogs,67.0,home,0.5363017775,0.9792986135,False,-16.0
2013-11-26,Omaha Mavericks,83.0,away,0.4636982225,-0.9792986135,True,16.0
2013-11-26,La Salle Explorers,50.0,home,0.6388354576,3.3180956682,False,-15.0
2013-11-26,Northern Iowa Panthers,65.0,away,0.3611645424,-3.3180956682,True,15.0
2013-11-26,Rutgers Scarlet Knights,116.0,home,0.9919827034,33.64819974,True,27.0
2013-11-26,Stillman Tigers,89.0,away,0.0080172966,-33.64819974,False,-27.0
2013-11-26,Rhode Island Rams,73.0,home,0.8197752353,9.0021732361,True,17.0
2013-11-26,UNC Asheville Bulldogs,56.0,away,0.1802247647,-9.0021732361,False,-17.0
2013-11-26,Elon Phoenix,74.0,home,0.9949464469999999,35.6830609536,False,-1.0
2013-11-26,MSU Denver Roadrunners,75.0,away,0.005053553,-35.6830609536,True,1.0
2013-11-26,Coppin State Eagles,96.0,home,0.9856207050000001,30.8361137229,True,17.0
2013-11-26,Ohio Valley Fighting Scots,79.0,away,0.014379295,-30.8361137229,False,-17.0
2013-11-26,Texas Tech Red Raiders,53.0,home,0.120337842,-11.2540807635,False,-23.0
2013-11-26,Pittsburgh Panthers,76.0,away,0.879662158,11.2540807635,True,23.0
2013-11-26,Texas Longhorns,82.0,home,0.3362580307,-5.2552567778,False,-4.0
2013-11-26,BYU Cougars,86.0,away,0.6637419693,5.2552567778,True,4.0
2013-11-26,Missouri Tigers,78.0,home,0.914731928,15.2854715866,True,14.0
2013-11-26,IU Indianapolis Jaguars,64.0,away,0.085268072,-15.2854715866,False,-14.0
2013-11-26,Southern Jaguars,76.0,home,0.9930630886,34.0625424926,True,17.0
2013-11-26,Blue Mountain Toppers,59.0,away,0.0069369114,-34.0625424926,False,-17.0
2013-11-26,Northwestern Wildcats,72.0,home,0.8738566176,11.871586406,True,13.0
2013-11-26,Gardner-Webb Runnin' Bulldogs,59.0,away,0.1261433824,-11.871586406,False,-13.0
2013-11-26,Alabama A&M Bulldogs,69.0,home,0.5548268716,1.3672130861,False,-7.0
2013-11-26,Jacksonville State Gamecocks,76.0,away,0.4451731284,-1.3672130861,True,7.0
2013-11-26,UT Martin Skyhawks,84.0,home,0.5624808466,1.6987399693,False,-11.0
2013-11-26,Lipscomb Bisons,95.0,away,0.4375191534,-1.6987399693,True,11.0
2013-11-26,St. Bonaventure Bonnies,83.0,home,0.7101226819,5.7297131232,True,12.0
2013-11-26,Southern Illinois Salukis,71.0,away,0.2898773181,-5.7297131232,False,-12.0
2013-11-26,Texas State Bobcats,56.0,home,0.6449852869,3.5415846602,False,-1.0
2013-11-26,South Dakota Coyotes,57.0,away,0.3550147131,-3.5415846602,True,1.0
2013-11-26,Arizona State Sun Devils,79.0,home,0.6386441052,3.5965467221,True,2.0
2013-11-26,Marquette Golden Eagles,77.0,away,0.3613558948,-3.5965467221,False,-2.0
2013-11-26,Colorado State Rams,95.0,home,0.8862335027,13.0832153276,True,27.0
2013-11-26,Prairie View A&M Panthers,68.0,away,0.1137664973,-13.0832153276,False,-27.0
2013-11-26,South Dakota State Jackrabbits,77.0,home,0.9138421911000001,15.1290926832,True,12.0
2013-11-26,Howard Bison,65.0,away,0.0861578089,-15.1290926832,False,-12.0
2013-11-26,Chaminade Silverswords,77.0,home,0.0024302538,-39.3651462691,False,-16.0
2013-11-26,Baylor Bears,93.0,away,0.9975697462,39.3651462691,True,16.0
2013-11-26,New Mexico State Aggies,79.0,home,0.9473011297,17.7473140223,True,23.0
2013-11-26,Bethune-Cookman Wildcats,56.0,away,0.0526988703,-17.7473140223,False,-23.0
2013-11-26,Providence Friars,52.0,home,0.5520683432,1.3772502333,False,-4.0
2013-11-26,Maryland Terrapins,56.0,away,0.4479316568,-1.3772502333,True,4.0
2013-11-26,Fresno State Bulldogs,92.0,home,0.9932283047,34.815308653,True,33.0
2013-11-26,San Diego Christian Hawks,59.0,away,0.0067716953,-34.815308653,False,-33.0
2013-11-26,Wichita State Shockers,90.0,home,0.6963932487,5.313986611,True,18.0
2013-11-26,DePaul Blue Demons,72.0,away,0.3036067513,-5.313986611,False,-18.0
2013-11-26,Seattle U Redhawks,69.0,home,0.8243489033,9.8912109347,True,1.0
2013-11-26,UC Riverside Highlanders,68.0,away,0.1756510967,-9.8912109347,False,-1.0
2013-11-26,Houston Cougars,76.0,home,0.1831689209,-10.0477194927,False,-10.0
2013-11-26,Stanford Cardinal,86.0,away,0.8168310790999999,10.0477194927,True,10.0
2013-11-26,Gonzaga Bulldogs,79.0,home,0.6313428893,3.6138944187,False,-5.0
2013-11-26,Dayton Flyers,84.0,away,0.3686571107,-3.6138944187,True,5.0
2013-11-23,Memphis Tigers,98.0,home,0.9656267049999999,24.2131165084,True,39.0
2013-11-23,Nicholls Colonels,59.0,away,0.034373295,-24.2131165084,False,-39.0
2013-11-24,Wisconsin Badgers,76.0,home,0.9606779496,19.1759610793,True,9.0
2013-11-24,Oral Roberts Golden Eagles,67.0,away,0.0393220504,-19.1759610793,False,-9.0
2013-11-23,Mercer Bears,81.0,home,0.8559554094,11.094283152,True,27.0
2013-11-23,Yale Bulldogs,54.0,away,0.1440445906,-11.094283152,False,-27.0
2013-11-23,Marshall Thundering Herd,96.0,home,0.6240262594,3.5610853472,True,18.0
2013-11-23,UNC Wilmington Seahawks,78.0,away,0.3759737406,-3.5610853472,False,-18.0
2013-11-23,New Orleans Privateers,80.0,home,0.1466785146,-12.9849542687,False,-20.0
2013-11-23,Boise State Broncos,100.0,away,0.8533214854,12.9849542687,True,20.0
2013-11-23,Youngstown State Penguins,108.0,home,0.9948238303,36.1576473448,True,51.0
2013-11-23,Westminster (PA) Titans,57.0,away,0.0051761697,-36.1576473448,False,-51.0
2013-11-23,Creighton Bluejays,82.0,home,0.9280891238,17.837921861,True,10.0
2013-11-23,Tulsa Golden Hurricane,72.0,away,0.0719108762,-17.837921861,False,-10.0
2013-11-23,North Carolina Tar Heels,82.0,home,0.5993470914,2.6076430111,True,10.0
2013-11-23,Richmond Spiders,72.0,away,0.4006529086,-2.6076430111,False,-10.0
2013-11-23,West Virginia Mountaineers,88.0,home,0.9753548827,23.5725033161,True,33.0
2013-11-23,Presbyterian Blue Hose,55.0,away,0.024645117300000005,-23.5725033161,False,-33.0
2013-11-23,Ohio Bobcats,85.0,home,0.9967948410000002,37.7618397946,True,28.0
2013-11-23,Heidelberg Student Princes,57.0,away,0.0032051590000000004,-37.7618397946,False,-28.0
2013-11-23,Rhode Island Rams,79.0,home,0.8429292725,10.7155090013,True,11.0
2013-11-23,UMass Lowell River Hawks,68.0,away,0.1570707275,-10.7155090013,False,-11.0
2013-11-23,Binghamton Bearcats,63.0,home,0.3490166507,-4.056550253,False,-6.0
2013-11-23,Radford Highlanders,69.0,away,0.6509833493000001,4.056550253,True,6.0
2013-11-23,Ball State Cardinals,58.0,home,0.4360578998,-1.5409117899,False,-1.0
2013-11-23,Butler Bulldogs,59.0,away,0.5639421002,1.5409117899,True,1.0
2013-11-23,Drake Bulldogs,88.0,home,0.8611744788,12.5170540254,True,8.0
2013-11-23,Omaha Mavericks,80.0,away,0.1388255212,-12.5170540254,False,-8.0
2013-11-23,Rutgers Scarlet Knights,62.0,home,0.742363706,6.8282001466,False,-10.0
2013-11-23,William & Mary Tribe,72.0,away,0.257636294,-6.8282001466,True,10.0
2013-11-23,NJIT Highlanders,91.0,home,0.5542721435,1.3373960111,True,3.0
2013-11-23,Lafayette Leopards,88.0,away,0.4457278565,-1.3373960111,False,-3.0
2013-11-23,Iona Gaels,89.0,home,0.7773425908999999,8.4359034447,True,16.0
2013-11-23,George Mason Patriots,73.0,away,0.2226574091,-8.4359034447,False,-16.0
2013-11-23,Colgate Raiders,81.0,home,0.773031507,7.3254163544,True,17.0
2013-11-23,Saint Francis Red Flash,64.0,away,0.226968493,-7.3254163544,False,-17.0
2013-11-23,South Alabama Jaguars,74.0,home,0.3733083033,-3.1633233805,True,4.0
2013-11-23,Wright State Raiders,70.0,away,0.6266916967,3.1633233805,False,-4.0
2013-11-23,Marist Red Foxes,70.0,home,0.3441764544,-4.3419033105,False,-6.0
2013-11-23,Loyola Marymount Lions,76.0,away,0.6558235456,4.3419033105,True,6.0
2013-11-23,Fairfield Stags,57.0,home,0.0744223037,-15.7087197827,False,-14.0
2013-11-23,Louisville Cardinals,71.0,away,0.9255776963,15.7087197827,True,14.0
2013-11-23,Rice Owls,56.0,home,0.315085089,-4.2374397339,False,-14.0
2013-11-23,Princeton Tigers,70.0,away,0.684914911,4.2374397339,True,14.0
2013-11-23,UTSA Roadrunners,87.0,home,0.5539153836,1.2634591285,True,11.0
2013-11-23,Texas A&M-Corpus Christi Islanders,76.0,away,0.4460846164,-1.2634591285,False,-11.0
2013-11-23,Jacksonville Dolphins,76.0,home,0.7347361365,7.2336458551,True,4.0
2013-11-23,Florida A&M Rattlers,72.0,away,0.2652638635,-7.2336458551,False,-4.0
2013-11-23,Miami (OH) RedHawks,63.0,home,0.9871756453,27.2178947633,False,-2.0
2013-11-23,Wilmington (OH) Fightin' Quakers,65.0,away,0.0128243547,-27.2178947633,True,2.0
2013-11-23,Florida Atlantic Owls,61.0,home,0.2369057947,-7.4215766694,False,-6.0
2013-11-23,Stony Brook Seawolves,67.0,away,0.7630942053000002,7.4215766694,True,6.0
2013-11-23,Old Dominion Monarchs,86.0,home,0.7742471162,8.3643347838,True,17.0
2013-11-23,Georgia Southern Eagles,69.0,away,0.2257528838,-8.3643347838,False,-17.0
2013-11-23,San José State Spartans,81.0,home,0.4272529227,-1.904880036,True,22.0
2013-11-23,Cal State Fullerton Titans,59.0,away,0.5727470773,1.904880036,False,-22.0
2013-11-23,Valparaiso Beacons,81.0,home,0.5890451796,2.2709714575,True,32.0
2013-11-23,James Madison Dukes,49.0,away,0.4109548204,-2.2709714575,False,-32.0
2013-11-23,Cleveland State Vikings,87.0,home,0.6441377484,4.0074010532,True,13.0
2013-11-23,Robert Morris Colonials,74.0,away,0.35586225159999996,-4.0074010532,False,-13.0
2013-11-23,Missouri Tigers,72.0,home,0.910043046,15.1683106876,True,9.0
2013-11-23,Gardner-Webb Runnin' Bulldogs,63.0,away,0.089956954,-15.1683106876,False,-9.0
2013-11-23,Fordham Rams,73.0,home,0.7412259953,7.6553636078,False,-12.0
2013-11-23,Sacred Heart Pioneers,85.0,away,0.2587740047,-7.6553636078,True,12.0
2013-11-23,Coastal Carolina Chanticleers,70.0,home,0.602180279,2.7475142804,True,11.0
2013-11-23,St. Francis Brooklyn Terriers,59.0,away,0.39781972100000007,-2.7475142804,False,-11.0
2013-11-23,Lamar Cardinals,69.0,home,0.2806346433,-6.0530775073,False,-9.0
2013-11-23,Grand Canyon Lopes,78.0,away,0.7193653567,6.0530775073,True,9.0
2013-11-23,East Tennessee State Buccaneers,66.0,home,0.7028334344,5.268247411,True,8.0
2013-11-23,Stephen F. Austin Lumberjacks,58.0,away,0.2971665656,-5.268247411,False,-8.0
2013-11-23,Mount St. Mary's Mountaineers,68.0,home,0.6361878239,3.2281085802,True,4.0
2013-11-23,American University Eagles,64.0,away,0.3638121761,-3.2281085802,False,-4.0
2013-11-23,Virginia Cavaliers,75.0,home,0.9403700926999999,15.7440694854,True,22.0
2013-11-23,Liberty Flames,53.0,away,0.05962990729999999,-15.7440694854,False,-22.0
2013-11-23,Southern Miss Golden Eagles,67.0,home,0.9094738141,13.9127388026,True,5.0
2013-11-23,Houston Christian Huskies,62.0,away,0.0905261859,-13.9127388026,False,-5.0
2013-11-23,Winthrop Eagles,96.0,home,0.9839377661,28.1595246139,True,34.0
2013-11-23,Virginia Intermont Cobras,62.0,away,0.0160622339,-28.1595246139,False,-34.0
2013-11-23,Morgan State Bears,66.0,home,0.2814867714,-6.2727974308,False,-9.0
2013-11-23,Vanderbilt Commodores,75.0,away,0.7185132286,6.2727974308,True,9.0
2013-11-23,South Carolina Upstate Spartans,72.0,home,0.5478459157,1.2122625103,True,14.0
2013-11-23,Western Carolina Catamounts,58.0,away,0.4521540843,-1.2122625103,False,-14.0
2013-11-23,Detroit Mercy Titans,78.0,home,0.5487580068,1.3594476921,False,-2.0
2013-11-23,Toledo Rockets,80.0,away,0.4512419932,-1.3594476921,True,2.0
2013-11-23,Hartford Hawks,78.0,home,0.6206240176,3.126339065,False,-3.0
2013-11-23,Hofstra Pride,81.0,away,0.3793759824,-3.126339065,True,3.0
2013-11-23,Northern Arizona Lumberjacks,83.0,home,0.976472197,24.71249049,True,24.0
2013-11-23,San Diego Christian Hawks,59.0,away,0.023527803,-24.71249049,False,-24.0
2013-11-23,Austin Peay Governors,78.0,home,0.6641989201,4.4141593954,True,6.0
2013-11-23,Montana State Bobcats,72.0,away,0.3358010799,-4.4141593954,False,-6.0
2013-11-23,Northern New Mexico Eagles,56.0,home,0.0515099387,-18.7120937579,False,-22.0
2013-11-23,Abilene Christian Wildcats,78.0,away,0.9484900613,18.7120937579,True,22.0
2013-11-23,Charleston Cougars,89.0,home,0.8584951437000001,10.4486486505,True,34.0
2013-11-23,Furman Paladins,55.0,away,0.1415048563,-10.4486486505,False,-34.0
2013-11-23,South Carolina State Bulldogs,88.0,home,0.9719540491,23.8449273775,True,14.0
2013-11-23,Voorhees Tigers,74.0,away,0.0280459509,-23.8449273775,False,-14.0
2013-11-23,Loyola Chicago Ramblers,61.0,home,0.5130220442,0.3165563263,False,-3.0
2013-11-23,UC Davis Aggies,64.0,away,0.4869779558,-0.3165563263,True,3.0
2013-11-23,Cal Poly Mustangs,78.0,home,0.9925972468,29.7798654643,True,39.0
2013-11-23,Bethesda University Flames,39.0,away,0.0074027532,-29.7798654643,False,-39.0
2013-11-23,Central Connecticut Blue Devils,73.0,home,0.5623582566,1.7530177458,False,-16.0
2013-11-23,Rider Broncs,89.0,away,0.43764174340000006,-1.7530177458,True,16.0
2013-11-23,LIU Brooklyn Liu Brooklyn,70.0,home,0.0,0.0,False,-32.0
2013-11-23,Eastern Washington Eagles,102.0,away,0.0,0.0,True,32.0
2013-11-23,Louisiana Ragin' Cajuns,84.0,home,0.4760986953,-0.626916423,True,9.0
2013-11-23,Oakland Golden Grizzlies,75.0,away,0.5239013047,0.626916423,False,-9.0
2013-11-24,Seton Hall Pirates,68.0,home,0.7402138719999999,6.8037841316,True,1.0
2013-11-24,Virginia Tech Hokies,67.0,away,0.259786128,-6.8037841316,False,-1.0
2013-11-24,Kent State Golden Flashes,102.0,home,0.8660021657,13.4821193635,True,5.0
2013-11-24,Niagara Purple Eagles,97.0,away,0.1339978343,-13.4821193635,False,-5.0
2013-11-24,Eastern Michigan Eagles,74.0,home,0.7942252925999999,8.7744136435,True,5.0
2013-11-24,UT Arlington Mavericks,69.0,away,0.20577470739999998,-8.7744136435,False,-5.0
2013-11-24,Utah Utes,71.0,home,0.8270047032,10.1515869887,True,14.0
2013-11-24,Savannah State Tigers,57.0,away,0.1729952968,-10.1515869887,False,-14.0
2013-11-24,Navy Midshipmen,73.0,home,0.8646575204,12.2202230174,True,15.0
2013-11-24,UMBC Retrievers,58.0,away,0.1353424796,-12.2202230174,False,-15.0
2013-11-24,UAlbany Great Danes,64.0,home,0.5760466972,1.7153549002,False,-13.0
2013-11-24,Bucknell Bison,77.0,away,0.4239533028,-1.7153549002,True,13.0
2013-11-24,Fairleigh Dickinson Knights,63.0,home,0.4032119683,-2.3383208645,False,-4.0
2013-11-24,Saint Peter's Peacocks,67.0,away,0.5967880317,2.3383208645,True,4.0
2013-11-24,Florida Gulf Coast Eagles,79.0,home,0.990498163,29.6105759264,True,23.0
2013-11-24,Ave Maria Gyrenes,56.0,away,0.009501837,-29.6105759264,False,-23.0
2013-11-24,Central Michigan Chippewas,90.0,home,0.7082694467999999,5.754263956,True,14.0
2013-11-24,Cal State Northridge Matadors,76.0,away,0.2917305532,-5.754263956,False,-14.0
2013-11-24,Columbia Lions,65.0,home,0.6275973287,2.7278136502,True,5.0
2013-11-24,Idaho Vandals,60.0,away,0.3724026713,-2.7278136502,False,-5.0
2013-11-24,Holy Cross Crusaders,70.0,home,0.2237225892,-8.1143957343,False,-11.0
2013-11-24,Belmont Bruins,81.0,away,0.7762774108000001,8.1143957343,True,11.0
2013-11-24,Green Bay Phoenix,92.0,home,0.9949539491,37.8925206653,True,35.0
2013-11-24,Minnesota Duluth Bulldogs,57.0,away,0.0050460509,-37.8925206653,False,-35.0
2013-11-24,Saint Louis Billikens,74.0,home,0.9062756307,14.9356314191,True,27.0
2013-11-24,Bowling Green Falcons,47.0,away,0.0937243693,-14.9356314191,False,-27.0
2013-11-24,Eastern Illinois Panthers,89.0,home,0.9848784293,26.813033877,True,22.0
2013-11-24,Roosevelt Lakers,67.0,away,0.0151215707,-26.813033877,False,-22.0
2013-11-24,Tennessee Tech Golden Eagles,63.0,home,0.6373817572,3.6364370367,False,-7.0
2013-11-24,Milwaukee Panthers,70.0,away,0.3626182428,-3.6364370367,True,7.0
2013-11-24,Western Kentucky Hilltoppers,67.0,home,0.8876608794999999,13.1251167915,True,3.0
2013-11-24,Samford Bulldogs,64.0,away,0.1123391205,-13.1251167915,False,-3.0
2013-11-24,Auburn Tigers,75.0,home,0.6376984761,3.6421382068,True,8.0
2013-11-24,Murray State Racers,67.0,away,0.36230152390000003,-3.6421382068,False,-8.0
2013-11-24,Evansville Purple Aces,91.0,home,0.9925365081000002,33.0911501661,True,23.0
2013-11-24,Anderson (IN) Ravens,68.0,away,0.0074634919,-33.0911501661,False,-23.0
2013-11-24,Pepperdine Waves,58.0,home,0.6603339238,4.1155127828,True,5.0
2013-11-24,Utah Valley Wolverines,53.0,away,0.3396660762,-4.1155127828,False,-5.0
2013-11-24,UC Irvine Anteaters,68.0,home,0.554478741,1.4382658255,False,-6.0
2013-11-24,Boston University Terriers,74.0,away,0.445521259,-1.4382658255,True,6.0
2013-11-24,Portland State Vikings,77.0,home,0.5420935038,1.0067174847,True,3.0
2013-11-24,SIU Edwardsville Cougars,74.0,away,0.4579064962,-1.0067174847,False,-3.0
2013-11-24,UTEP Miners,68.0,home,0.6208043993,3.1605043186,False,-9.0
2013-11-24,New Mexico State Aggies,77.0,away,0.3791956007,-3.1605043186,True,9.0
2013-11-24,Utah State Aggies,87.0,home,0.8579921035,11.105516209,True,19.0
2013-11-24,Mississippi State Bulldogs,68.0,away,0.1420078965,-11.105516209,False,-19.0
2013-11-24,Michigan State Spartans,87.0,home,0.8636756823,12.9788604221,True,11.0
2013-11-24,Oklahoma Sooners,76.0,away,0.1363243177,-12.9788604221,False,-11.0
2013-11-24,Portland Pilots,72.0,home,0.7556455519,7.8929216596,False,-5.0
2013-11-24,North Texas Mean Green,77.0,away,0.2443544481,-7.8929216596,True,5.0
2013-11-24,Southern Utah Thunderbirds,59.0,home,0.5923024375,2.3880895964,False,-15.0
2013-11-24,UC Riverside Highlanders,74.0,away,0.4076975625,-2.3880895964,True,15.0
2013-11-24,Tulane Green Wave,86.0,home,0.809150491,8.3759668975,False,-5.0
2013-11-24,Northern Kentucky Norse,91.0,away,0.190849509,-8.3759668975,True,5.0
2013-11-24,Cal State Bakersfield Roadrunners,71.0,home,0.8359963445000002,10.5329290242,True,2.0
2013-11-24,Idaho State Bengals,69.0,away,0.1640036555,-10.5329290242,False,-2.0
2013-11-24,Pacific Tigers,86.0,home,0.5610756924,1.6300746441,True,9.0
2013-11-24,Fresno State Bulldogs,77.0,away,0.4389243076,-1.6300746441,False,-9.0
2013-11-28,Oklahoma State Cowboys,97.0,home,0.7911749128,9.7448687438,True,10.0
2013-11-28,Purdue Boilermakers,87.0,away,0.2088250872,-9.7448687438,False,-10.0
2013-11-28,Kansas Jayhawks,87.0,home,0.7232816268,6.4957132215,True,9.0
2013-11-28,Wake Forest Demon Deacons,78.0,away,0.2767183732,-6.4957132215,False,-9.0
2013-11-29,Xavier Musketeers,74.0,home,0.3246689677,-4.9607807823,False,-3.0
2013-11-29,Iowa Hawkeyes,77.0,away,0.6753310323000001,4.9607807823,True,3.0
2013-11-28,Washington State Cougars,69.0,home,0.4525149635,-1.1273286839,False,-7.0
2013-11-28,Butler Bulldogs,76.0,away,0.5474850365,1.1273286839,True,7.0
2013-11-28,Morehead State Eagles,88.0,home,0.6022919216,3.0074492006,True,13.0
2013-11-28,Chattanooga Mocs,75.0,away,0.39770807840000005,-3.0074492006,False,-13.0
2013-11-28,George Washington Revolutionaries,71.0,home,0.6949579672,4.7980526089,True,8.0
2013-11-28,Miami Hurricanes,63.0,away,0.3050420328,-4.7980526089,False,-8.0
2013-11-28,Siena Saints,60.0,home,0.0490859966,-21.5815738512,False,-27.0
2013-11-28,Memphis Tigers,87.0,away,0.9509140033999999,21.5815738512,True,27.0
2013-11-28,Gardner-Webb Runnin' Bulldogs,61.0,home,0.5382054598,0.9758381544,True,7.0
2013-11-28,IU Indianapolis Jaguars,54.0,away,0.4617945402,-0.9758381544,False,-7.0
2013-11-28,Villanova Wildcats,94.0,home,0.8557205903,11.8671415296,True,15.0
2013-11-28,USC Trojans,79.0,away,0.1442794097,-11.8671415296,False,-15.0
2013-11-28,Cal State Fullerton Titans,66.0,home,0.2855667733,-5.6981210383,False,-20.0
2013-11-28,Marquette Golden Eagles,86.0,away,0.7144332267,5.6981210383,True,20.0
2013-11-29,UCLA Bruins,105.0,home,0.8435139692999999,11.3927382747,True,21.0
2013-11-29,Nevada Wolf Pack,84.0,away,0.1564860307,-11.3927382747,False,-21.0
2013-11-29,San Diego State Aztecs,72.0,home,0.7572998847,6.4479509018,True,20.0
2013-11-29,Charleston Cougars,52.0,away,0.2427001153,-6.4479509018,False,-20.0
2013-11-29,Saint Joseph's Hawks,65.0,home,0.3972370436,-2.7690743649,False,-17.0
2013-11-29,LSU Tigers,82.0,away,0.6027629564,2.7690743649,True,17.0
2013-11-29,Green Bay Phoenix,97.0,home,0.7487247224,7.4400830076,True,8.0
2013-11-29,Pepperdine Waves,89.0,away,0.2512752776,-7.4400830076,False,-8.0
2013-11-29,Tennessee Volunteers,70.0,home,0.8066530911999998,8.8416215778,False,-8.0
2013-11-29,UTEP Miners,78.0,away,0.1933469088,-8.8416215778,True,8.0
2013-11-29,Harvard Crimson,68.0,home,0.6534266251000002,3.6326521816,True,8.0
2013-11-29,Denver Pioneers,60.0,away,0.3465733749,-3.6326521816,False,-8.0
2013-11-29,Missouri Tigers,78.0,home,0.5931418055,2.3243274232,True,11.0
2013-11-29,Northwestern Wildcats,67.0,away,0.4068581945,-2.3243274232,False,-11.0
2013-11-29,Arizona State Sun Devils,60.0,home,0.4593555645,-1.0651508638,False,-28.0
2013-11-29,Creighton Bluejays,88.0,away,0.5406444355,1.0651508638,True,28.0
2013-11-27,Mississippi State Bulldogs,58.0,home,0.8201244264,9.9755005105,True,2.0
2013-11-27,Jackson State Tigers,56.0,away,0.1798755736,-9.9755005105,False,-2.0
2013-11-27,Tennessee Tech Golden Eagles,98.0,home,0.6349877129,3.6041491417,True,15.0
2013-11-27,East Tennessee State Buccaneers,83.0,away,0.3650122871,-3.6041491417,False,-15.0
2013-11-27,Presbyterian Blue Hose,66.0,home,0.21708245099999998,-8.200292952,False,-10.0
2013-11-27,Georgia Southern Eagles,76.0,away,0.782917549,8.200292952,True,10.0
2013-11-27,St. Francis Brooklyn Terriers,83.0,home,0.9941151907,33.9960652591,True,29.0
2013-11-27,Mount Saint Vincent,54.0,away,0.0058848093,-33.9960652591,False,-29.0
2013-11-27,San Diego Toreros,59.0,home,0.5673536925,1.6295019539,True,3.0
2013-11-27,Southern Illinois Salukis,56.0,away,0.4326463075,-1.6295019539,False,-3.0
2013-11-27,Chaminade Silverswords,68.0,home,0.0101902373,-31.5657892409,False,-15.0
2013-11-27,Minnesota Golden Gophers,83.0,away,0.9898097627,31.5657892409,True,15.0
2013-11-27,Campbell Fighting Camels,62.0,home,0.9842484062,25.3497849317,True,7.0
2013-11-27,St. Andrews Knights,55.0,away,0.0157515938,-25.3497849317,False,-7.0
2013-11-27,UAB Blazers,85.0,home,0.863334028,12.5963797443,True,12.0
2013-11-27,Florida A&M Rattlers,73.0,away,0.136665972,-12.5963797443,False,-12.0
2013-11-27,UNC Greensboro Spartans,75.0,home,0.4670932429,-0.8247061957,True,7.0
2013-11-27,Stetson Hatters,68.0,away,0.5329067571,0.8247061957,False,-7.0
2013-11-27,Jacksonville State Gamecocks,78.0,home,0.9884497715,29.6426973094,True,12.0
2013-11-27,Fort Valley State Wildcats,66.0,away,0.011550228500000002,-29.6426973094,False,-12.0
2013-11-27,Kentucky Wildcats,81.0,home,0.9576150505999999,20.3592828072,True,18.0
2013-11-27,Eastern Michigan Eagles,63.0,away,0.0423849494,-20.3592828072,False,-18.0
2013-11-27,Bowling Green Falcons,56.0,home,0.4263447659,-1.8274044578,False,-7.0
2013-11-27,Oral Roberts Golden Eagles,63.0,away,0.5736552341,1.8274044578,True,7.0
2013-11-27,UIC Flames,94.0,home,0.2940402751,-5.9252758695,True,18.0
2013-11-27,Wagner Seahawks,76.0,away,0.7059597249,5.9252758695,False,-18.0
2013-11-28,Kent State Golden Flashes,83.0,home,0.6876240102,4.9860299007,True,4.0
2013-11-28,Youngstown State Penguins,79.0,away,0.3123759898,-4.9860299007,False,-4.0
2013-11-28,Wright State Raiders,73.0,home,0.9455252207,17.5614886941,True,18.0
2013-11-28,Alcorn State Braves,55.0,away,0.0544747793,-17.5614886941,False,-18.0
2013-11-28,Arizona Wildcats,66.0,home,0.76154583,6.9828426141,True,4.0
2013-11-28,Drexel Dragons,62.0,away,0.23845416999999997,-6.9828426141,False,-4.0
2013-11-27,Gonzaga Bulldogs,91.0,home,0.43882639300000004,-1.6785197458,True,10.0
2013-11-27,Arkansas Razorbacks,81.0,away,0.561173607,1.6785197458,False,-10.0
2013-11-27,Bryant Bulldogs,70.0,home,0.6290442276,3.5849109336,True,3.0
2013-11-27,Brown Bears,67.0,away,0.3709557724,-3.5849109336,False,-3.0
2013-11-28,Saint Louis Billikens,62.0,home,0.8644367918,11.7152379381,True,10.0
2013-11-28,Old Dominion Monarchs,52.0,away,0.1355632082,-11.7152379381,False,-10.0
2013-11-27,Colorado State Rams,66.0,home,0.9363294985,16.3299079024,True,14.0
2013-11-27,Bethune-Cookman Wildcats,52.0,away,0.0636705015,-16.3299079024,False,-14.0
2013-11-28,William & Mary Tribe,97.0,home,0.6608371736,4.9267867418,True,30.0
2013-11-28,VMI Keydets,67.0,away,0.3391628264,-4.9267867418,False,-30.0
2013-11-28,Dayton Flyers,82.0,home,0.3822322774,-3.0954713528,True,18.0
2013-11-28,California Golden Bears,64.0,away,0.6177677226,3.0954713528,False,-18.0
2013-11-28,Boise State Broncos,98.0,home,0.9038562065,15.2913985894,True,9.0
2013-11-28,Idaho Vandals,89.0,away,0.0961437935,-15.2913985894,False,-9.0
2013-11-28,UT Martin Skyhawks,95.0,home,0.9794475375,27.13888891,True,13.0
2013-11-28,Bethel (TN) Wildcats,82.0,away,0.0205524625,-27.13888891,False,-13.0
2013-11-28,Eastern Illinois Panthers,65.0,home,0.4807094045,-0.4489122009,False,-6.0
2013-11-28,Purdue Fort Wayne Mastodons,71.0,away,0.5192905955,0.4489122009,True,6.0
2013-11-28,Winthrop Eagles,69.0,home,0.5003144682,0.0079720899,True,12.0
2013-11-28,James Madison Dukes,57.0,away,0.4996855318,-0.0079720899,False,-12.0
2013-11-28,Lamar Cardinals,61.0,home,0.458686133,-1.1210087993,False,-5.0
2013-11-28,UT Rio Grande Valley Vaqueros,66.0,away,0.541313867,1.1210087993,True,5.0
2013-11-28,Louisiana Tech Bulldogs,76.0,home,0.7429434733,7.1951370765,True,4.0
2013-11-28,St. Bonaventure Bonnies,72.0,away,0.2570565267,-7.1951370765,False,-4.0
2013-11-28,Louisiana Ragin' Cajuns,105.0,home,0.7835831134,10.3378932874,True,31.0
2013-11-28,Northwestern State Demons,74.0,away,0.2164168866,-10.3378932874,False,-31.0
2013-11-28,San Francisco Dons,96.0,home,0.9926632331,34.8713525437,True,23.0
2013-11-28,Sonoma State Seawolves,73.0,away,0.0073367669000000005,-34.8713525437,False,-23.0
2013-11-28,Duke Blue Devils,74.0,home,0.8042121886,9.2960558624,True,10.0
2013-11-28,Alabama Crimson Tide,64.0,away,0.1957878114,-9.2960558624,False,-10.0
2013-11-28,New Mexico State Aggies,91.0,home,0.9153788839000001,15.2188484299,True,31.0
2013-11-28,Prairie View A&M Panthers,60.0,away,0.0846211161,-15.2188484299,False,-31.0
2013-11-28,Air Force Falcons,60.0,home,0.45238388379999994,-1.1289107962,False,-23.0
2013-11-28,Richmond Spiders,83.0,away,0.5476161162,1.1289107962,True,23.0
2013-11-28,West Virginia Mountaineers,63.0,home,0.2463266081,-6.9660284745,False,-7.0
2013-11-28,Wisconsin Badgers,70.0,away,0.7536733919,6.9660284745,True,7.0
2013-11-28,Utah Utes,88.0,home,0.8287376317,9.9171312243,True,19.0
2013-11-28,Ball State Cardinals,69.0,away,0.1712623683,-9.9171312243,False,-19.0
2013-11-28,Portland Pilots,86.0,home,0.8282653762,10.4168279907,True,17.0
2013-11-28,San José State Spartans,69.0,away,0.1717346238,-10.4168279907,False,-17.0
2013-11-28,Baylor Bears,67.0,home,0.349758781,-3.5513413124,False,-7.0
2013-11-28,Syracuse Orange,74.0,away,0.650241219,3.5513413124,True,7.0
2013-11-28,Hawai'i Rainbow Warriors,91.0,home,0.8727009953,14.1708522556,True,33.0
2013-11-28,New Orleans Privateers,58.0,away,0.1272990047,-14.1708522556,False,-33.0
2013-11-28,Vermont Catamounts,87.0,home,0.6791181189,4.8551891349,True,11.0
2013-11-28,Illinois State Redbirds,76.0,away,0.3208818811,-4.8551891349,False,-11.0
2013-11-28,Indiana State Sycamores,62.0,home,0.7785953394,8.2749393344,False,-1.0
2013-11-28,Tulsa Golden Hurricane,63.0,away,0.22140466060000003,-8.2749393344,True,1.0
2013-11-28,Alaska Anchorage Seawolves,70.0,home,0.0335602291,-21.6153071976,False,-3.0
2013-11-28,TCU Horned Frogs,73.0,away,0.9664397708999999,21.6153071976,True,3.0
2013-11-26,Stetson Hatters,48.0,home,0.524540312,0.6012347256,False,-19.0
2013-11-26,Southern Illinois Salukis,67.0,away,0.475459688,-0.6012347256,True,19.0
2013-11-26,Georgia Southern Eagles,65.0,home,0.3109131115,-5.1834808108,False,-2.0
2013-11-26,Oral Roberts Golden Eagles,67.0,away,0.6890868885,5.1834808108,True,2.0
2013-11-27,UConn Huskies,76.0,home,0.9395554013,17.1974457281,True,10.0
2013-11-27,Loyola Maryland Greyhounds,66.0,away,0.0604445987,-17.1974457281,False,-10.0
2013-11-26,East Carolina Pirates,81.0,home,0.7719040309999999,7.5581940042,True,11.0
2013-11-26,UNC Asheville Bulldogs,70.0,away,0.22809596900000004,-7.5581940042,False,-11.0
2013-11-26,UNC Greensboro Spartans,71.0,home,0.35189421690000006,-3.8316365466,False,-12.0
2013-11-26,San Diego Toreros,83.0,away,0.6481057831,3.8316365466,True,12.0
2013-11-26,Ole Miss Rebels,84.0,home,0.9222079254,16.8166067567,True,34.0
2013-11-26,North Carolina A&T Aggies,50.0,away,0.0777920746,-16.8166067567,False,-34.0
2013-11-26,Minnesota Golden Gophers,73.0,home,0.3001840221,-5.8861197528,False,-14.0
2013-11-26,Arkansas Razorbacks,87.0,away,0.6998159779,5.8861197528,True,14.0
2013-11-26,Presbyterian Blue Hose,45.0,home,0.1573325383,-10.4617139062,False,-22.0
2013-11-26,Bowling Green Falcons,67.0,away,0.8426674617,10.4617139062,True,22.0
2013-11-26,Chaminade Silverswords,81.0,home,0.0025166796,-40.9463587385,False,-32.0
2013-11-26,Gonzaga Bulldogs,113.0,away,0.9974833204,40.9463587385,True,32.0
2013-11-26,Canisius Golden Griffins,69.0,home,0.9912502035,31.5342888767,False,-14.0
2013-11-26,MSU Denver Roadrunners,83.0,away,0.0087497965,-31.5342888767,True,14.0
2013-11-26,Howard Bison,54.0,home,0.0973392749,-14.0834791492,False,-9.0
2013-11-26,Texas Southern Tigers,63.0,away,0.9026607251000001,14.0834791492,True,9.0
2013-11-26,Norfolk State Spartans,105.0,home,0.9820161054,27.9174236659,True,22.0
2013-11-26,Stillman Tigers,83.0,away,0.0179838946,-27.9174236659,False,-22.0
2013-11-27,Syracuse Orange,92.0,home,0.6131639103,2.7598868212,True,11.0
2013-11-27,California Golden Bears,81.0,away,0.3868360897,-2.7598868212,False,-11.0
2013-11-26,Louisiana Tech Bulldogs,103.0,home,0.8665445477,12.9643376021,True,25.0
2013-11-26,UIC Flames,78.0,away,0.1334554523,-12.9643376021,False,-25.0
2013-11-26,Penn State Nittany Lions,84.0,home,0.9206342252,15.8176418584,True,32.0
2013-11-26,Monmouth Hawks,52.0,away,0.0793657748,-15.8176418584,False,-32.0
2013-11-27,Buffalo Bulls,81.0,home,0.4196017372,-2.1332630056,True,15.0
2013-11-27,Robert Morris Colonials,66.0,away,0.5803982628,2.1332630056,False,-15.0
2013-11-27,Houston Cougars,64.0,home,0.4818842572,-0.4526726442,False,-12.0
2013-11-27,Texas Tech Red Raiders,76.0,away,0.5181157428,0.4526726442,True,12.0
2013-11-26,Old Dominion Monarchs,60.0,home,0.2014811153,-9.0635651925,False,-18.0
2013-11-26,West Virginia Mountaineers,78.0,away,0.7985188847000001,9.0635651925,True,18.0
2013-11-27,North Carolina Central Eagles,101.0,home,0.9952694924,34.4435737068,True,55.0
2013-11-27,Barber Scotia BARBER SCOTIA,46.0,away,0.0047305076,-34.4435737068,False,-55.0
2013-11-27,Western Carolina Catamounts,78.0,home,0.9946401253,35.7895824449,True,9.0
2013-11-27,Limestone Saints,69.0,away,0.0053598747,-35.7895824449,False,-9.0
2013-11-27,UNC Wilmington Seahawks,72.0,home,0.9840832507,27.6771734545,True,17.0
2013-11-27,Campbellsville Tigers,55.0,away,0.0159167493,-27.6771734545,False,-17.0
2013-11-27,Western Michigan Broncos,99.0,home,0.5713749164,1.7869391641,True,11.0
2013-11-27,Oakland Golden Grizzlies,88.0,away,0.4286250836,-1.7869391641,False,-11.0
2013-11-27,Virginia Cavaliers,69.0,home,0.9315923779,16.1909013208,True,29.0
2013-11-27,Hampton Pirates,40.0,away,0.0684076221,-16.1909013208,False,-29.0
2013-11-27,Virginia Tech Hokies,75.0,home,0.8833020157,12.6114959087,True,21.0
2013-11-27,Furman Paladins,54.0,away,0.1166979843,-12.6114959087,False,-21.0
2013-11-27,Georgia Tech Yellow Jackets,76.0,home,0.9634636593,23.3987004437,True,17.0
2013-11-27,Mississippi Valley State Delta Devils,59.0,away,0.0365363407,-23.3987004437,False,-17.0
2013-11-27,Manhattan Jaspers,75.0,home,0.8785621391,14.0873109789,False,-4.0
2013-11-27,Fordham Rams,79.0,away,0.12143786090000001,-14.0873109789,True,4.0
2013-11-27,Rider Broncs,59.0,home,0.7334688886,5.9218156184,False,-11.0
2013-11-27,UAlbany Great Danes,70.0,away,0.2665311114,-5.9218156184,True,11.0
2013-11-27,Saint Peter's Peacocks,70.0,home,0.7939558487,8.5918753488,True,13.0
2013-11-27,Binghamton Bearcats,57.0,away,0.2060441513,-8.5918753488,False,-13.0
2013-11-27,Pennsylvania Quakers,85.0,home,0.7039310358,6.600845604,True,19.0
2013-11-27,Niagara Purple Eagles,66.0,away,0.2960689642,-6.600845604,False,-19.0
2013-11-27,Lafayette Leopards,76.0,home,0.556925748,1.4126657925,False,-3.0
2013-11-27,Yale Bulldogs,79.0,away,0.44307425199999995,-1.4126657925,True,3.0
2013-11-27,Navy Midshipmen,67.0,home,0.8255785779,9.7048109016,True,8.0
2013-11-27,Maryland Eastern Shore Hawks,59.0,away,0.1744214221,-9.7048109016,False,-8.0
2013-11-27,Columbia Lions,61.0,home,0.760278313,6.1520939262,True,14.0
2013-11-27,American University Eagles,47.0,away,0.23972168699999996,-6.1520939262,False,-14.0
2013-11-27,Marshall Thundering Herd,74.0,home,0.3291651832,-4.9982067171,True,10.0
2013-11-27,Western Kentucky Hilltoppers,64.0,away,0.6708348168,4.9982067171,False,-10.0
2013-11-27,Kennesaw State Owls,73.0,home,0.9747975009999998,23.9364557224,True,19.0
2013-11-27,Truett-McConnell Bears,54.0,away,0.025202499,-23.9364557224,False,-19.0
2013-11-27,Savannah State Tigers,61.0,home,0.6590895195,4.2112867791,False,-4.0
2013-11-27,North Florida Ospreys,65.0,away,0.3409104805,-4.2112867791,True,4.0
2013-11-27,Boston College Eagles,75.0,home,0.8896666569,12.9324440089,True,8.0
2013-11-27,Sacred Heart Pioneers,67.0,away,0.1103333431,-12.9324440089,False,-8.0
2013-11-27,Ohio Bobcats,76.0,home,0.6112394734,2.8210013819,True,9.0
2013-11-27,Mercer Bears,67.0,away,0.3887605266,-2.8210013819,False,-9.0
2013-11-27,NC State Wolfpack,82.0,home,0.7913369324,8.1016542011,True,20.0
2013-11-27,Florida Gulf Coast Eagles,62.0,away,0.2086630676,-8.1016542011,False,-20.0
2013-11-27,St. John's Red Storm,65.0,home,0.9621430587,20.9182170187,True,18.0
2013-11-27,Longwood Lancers,47.0,away,0.0378569413,-20.9182170187,False,-18.0
2013-11-27,Mount St. Mary's Mountaineers,69.0,home,0.4415411825,-1.3574910726,True,5.0
2013-11-27,Bucknell Bison,64.0,away,0.5584588175,1.3574910726,False,-5.0
2013-11-27,Cincinnati Bearcats,79.0,home,0.9597175767,20.2658025062,True,30.0
2013-11-27,UMass Lowell River Hawks,49.0,away,0.0402824233,-20.2658025062,False,-30.0
2013-11-27,DePaul Blue Demons,59.0,home,0.4993096438,-0.0181737902,False,-18.0
2013-11-27,Texas Longhorns,77.0,away,0.5006903562,0.0181737902,True,18.0
2013-11-27,Elon Phoenix,90.0,home,0.5552131562,1.3957793913,True,5.0
2013-11-27,Georgia State Panthers,85.0,away,0.4447868438,-1.3957793913,False,-5.0
2013-11-27,Rhode Island Rams,76.0,home,0.8577704580999999,11.8408674312,True,5.0
2013-11-27,McNeese Cowboys,71.0,away,0.1422295419,-11.8408674312,False,-5.0
2013-11-27,Towson Tigers,75.0,home,0.8642278376,12.2384833327,True,15.0
2013-11-27,UMBC Retrievers,60.0,away,0.1357721624,-12.2384833327,False,-15.0
2013-11-27,Nicholls Colonels,79.0,home,0.786817879,8.0546311009,True,6.0
2013-11-27,UTSA Roadrunners,73.0,away,0.213182121,-8.0546311009,False,-6.0
2013-11-27,Rutgers Scarlet Knights,72.0,home,0.9096730848,14.5365503846,False,-1.0
2013-11-27,Fairleigh Dickinson Knights,73.0,away,0.0903269152,-14.5365503846,True,1.0
2013-11-27,Princeton Tigers,71.0,home,0.7093355005,5.2693712937,True,5.0
2013-11-27,George Mason Patriots,66.0,away,0.2906644995,-5.2693712937,False,-5.0
2013-11-27,Charleston Southern Buccaneers,105.0,home,0.9948827453999999,36.819896094,True,47.0
2013-11-27,Trinity College of Jacksonville Eagles,58.0,away,0.005117254599999999,-36.819896094,False,-47.0
2013-11-27,Milwaukee Panthers,89.0,home,0.9933950693,34.5886821919,True,33.0
2013-11-27,Judson University Eagles,56.0,away,0.0066049307,-34.5886821919,False,-33.0
2013-11-27,Texas A&M Aggies,88.0,home,0.9221755037,15.9941954137,True,33.0
2013-11-27,Arkansas-Pine Bluff Golden Lions,55.0,away,0.0778244963,-15.9941954137,False,-33.0
2013-11-27,Texas A&M-Corpus Christi Islanders,64.0,home,0.4841970336,-0.367401822,False,-4.0
2013-11-27,Central Michigan Chippewas,68.0,away,0.5158029664,0.367401822,True,4.0
2013-11-27,Stephen F. Austin Lumberjacks,98.0,home,0.7718858563,7.4518143628,True,20.0
2013-11-27,Samford Bulldogs,78.0,away,0.22811414369999997,-7.4518143628,False,-20.0
2013-11-27,Belmont Bruins,102.0,home,0.9975501436,41.0141931102,True,34.0
2013-11-27,Brescia Bearcats,68.0,away,0.0024498564,-41.0141931102,False,-34.0
2013-11-27,Auburn Tigers,78.0,home,0.777773994,7.8576672444,True,5.0
2013-11-27,Tennessee State Tigers,73.0,away,0.222226006,-7.8576672444,False,-5.0
2013-11-27,Central Arkansas Bears,60.0,home,0.5179832417,0.4988382447,True,7.0
2013-11-27,Troy Trojans,53.0,away,0.4820167583,-0.4988382447,False,-7.0
2013-11-27,SMU Mustangs,72.0,home,0.7366403764,6.9314087626,True,19.0
2013-11-27,Sam Houston Bearkats,53.0,away,0.2633596236,-6.9314087626,False,-19.0
2013-11-27,Little Rock Trojans,90.0,home,0.9941482649,35.0469426244,True,32.0
2013-11-27,Southern Arkansas Muleriders,58.0,away,0.0058517351,-35.0469426244,False,-32.0
2013-11-27,Indiana Hoosiers,77.0,home,0.8550491491,12.3868276301,True,31.0
2013-11-27,Evansville Purple Aces,46.0,away,0.1449508509,-12.3868276301,False,-31.0
2013-11-27,Tulane Green Wave,86.0,home,0.676270522,4.6658945644,False,-12.0
2013-11-27,Colgate Raiders,98.0,away,0.32372947799999996,-4.6658945644,True,12.0
2013-11-27,Missouri State Bears,54.0,home,0.865333588,10.931082359,True,2.0
2013-11-27,Liberty Flames,52.0,away,0.134666412,-10.931082359,False,-2.0
2013-11-27,Valparaiso Beacons,85.0,home,0.5669434044,1.7825699861,True,15.0
2013-11-27,UCF Knights,70.0,away,0.4330565955999999,-1.7825699861,False,-15.0
2013-11-27,Wagner Seahawks,67.0,home,0.4942382311,-0.1497674846,False,-3.0
2013-11-27,St. Bonaventure Bonnies,70.0,away,0.5057617689,0.1497674846,True,3.0
2013-11-27,Wisconsin Badgers,63.0,home,0.6817908818,4.6566510722,True,6.0
2013-11-27,Saint Louis Billikens,57.0,away,0.3182091182,-4.6566510722,False,-6.0
2013-11-27,South Dakota State Jackrabbits,74.0,home,0.730439803,6.3781747308,True,13.0
2013-11-27,Lehigh Mountain Hawks,61.0,away,0.269560197,-6.3781747308,False,-13.0
2013-11-27,Murray State Racers,62.0,home,0.5064273933,0.1651475355,False,-18.0
2013-11-27,Middle Tennessee Blue Raiders,80.0,away,0.4935726067,-0.1651475355,True,18.0
2013-11-27,SE Louisiana Lions,62.0,home,0.6031960707,2.4226989718,True,10.0
2013-11-27,Western Illinois Leathernecks,52.0,away,0.3968039293,-2.4226989718,False,-10.0
2013-11-27,North Texas Mean Green,84.0,home,0.8631066436,12.8971793611,True,17.0
2013-11-27,Incarnate Word Cardinals,67.0,away,0.1368933564,-12.8971793611,False,-17.0
2013-11-27,NJIT Highlanders,71.0,home,0.6128073715,3.1176709394,False,-3.0
2013-11-27,Central Connecticut Blue Devils,74.0,away,0.3871926285,-3.1176709394,True,3.0
2013-11-27,Washington Huskies,83.0,home,0.7290862437,6.1903082736,True,4.0
2013-11-27,Montana Grizzlies,79.0,away,0.2709137563,-6.1903082736,False,-4.0
2013-11-27,Montana State Bobcats,77.0,home,0.5443602905,1.1371106801,True,15.0
2013-11-27,Cal State Northridge Matadors,62.0,away,0.4556397095,-1.1371106801,False,-15.0
2013-11-27,Dayton Flyers,66.0,home,0.3908388918,-2.7717322206,False,-1.0
2013-11-27,Baylor Bears,67.0,away,0.6091611082,2.7717322206,True,1.0
2013-11-27,Stanford Cardinal,67.0,home,0.3451034333,-3.8364594601,False,-21.0
2013-11-27,Pittsburgh Panthers,88.0,away,0.6548965667000001,3.8364594601,True,21.0
2013-11-27,Weber State Wildcats,71.0,home,0.3549904842,-3.530751704,False,-6.0
2013-11-27,Utah State Aggies,77.0,away,0.6450095157999999,3.530751704,True,6.0
2013-11-27,Wichita State Shockers,75.0,home,0.5792247,2.2836440316,True,13.0
2013-11-27,BYU Cougars,62.0,away,0.4207753,-2.2836440316,False,-13.0
2013-11-27,UC Davis Aggies,67.0,home,0.7775622918,7.6785488477,False,-6.0
2013-11-27,Sacramento State Hornets,73.0,away,0.22243770820000003,-7.6785488477,True,6.0
2013-11-27,UNLV Rebels,59.0,home,0.5412776435,1.086662413,False,-2.0
2013-11-27,Illinois Fighting Illini,61.0,away,0.4587223565,-1.086662413,True,2.0
2013-11-27,Oregon State Beavers,101.0,home,0.928442845,17.3001625001,True,20.0
2013-11-27,SIU Edwardsville Cougars,81.0,away,0.071557155,-17.3001625001,False,-20.0
2013-12-03,Morehead State Eagles,74.0,home,0.4862573536,-0.3585236709,True,5.0
2013-12-03,Wright State Raiders,69.0,away,0.5137426464,0.3585236709,False,-5.0
2013-12-03,Bowling Green Falcons,74.0,home,0.4589013853,-1.051015417,True,12.0
2013-12-03,Western Kentucky Hilltoppers,62.0,away,0.5410986147,1.051015417,False,-12.0
2013-12-03,Georgia Bulldogs,87.0,home,0.7429196909,7.2911036744,True,31.0
2013-12-03,Chattanooga Mocs,56.0,away,0.2570803091,-7.2911036744,False,-31.0
2013-12-03,UMBC Retrievers,64.0,home,0.5604035888,1.5997972771,True,5.0
2013-12-03,Maryland Eastern Shore Hawks,59.0,away,0.4395964112,-1.5997972771,False,-5.0
2013-12-03,West Virginia Mountaineers,96.0,home,0.8879155268,13.345711027,True,49.0
2013-12-03,Loyola Maryland Greyhounds,47.0,away,0.1120844732,-13.345711027,False,-49.0
2013-12-03,Quinnipiac Bobcats,66.0,home,0.6325194513,3.609362284,False,-3.0
2013-12-03,Boston University Terriers,69.0,away,0.3674805487,-3.609362284,True,3.0
2013-12-03,Iowa State Cyclones,99.0,home,0.8883802765,14.4786178723,True,29.0
2013-12-03,Auburn Tigers,70.0,away,0.1116197235,-14.4786178723,False,-29.0
2013-12-03,UConn Huskies,65.0,home,0.4750985998,-0.5818512632,True,1.0
2013-12-03,Florida Gators,64.0,away,0.5249014002,0.5818512632,False,-1.0
2013-12-03,Delaware State Hornets,72.0,home,0.9892175080999999,27.8951216773,True,25.0
2013-12-03,Baptist Bible Patriots,47.0,away,0.0107824919,-27.8951216773,False,-25.0
2013-12-03,North Florida Ospreys,90.0,home,0.9900876523,31.3093656733,True,22.0
2013-12-03,Edward Waters Tigers,68.0,away,0.0099123477,-31.3093656733,False,-22.0
2013-12-03,North Dakota State Bison,86.0,home,0.9984377195999999,41.8148313114,True,43.0
2013-12-03,Valley City,43.0,away,0.0015622804000000002,-41.8148313114,False,-43.0
2013-12-03,South Dakota Coyotes,71.0,home,0.7266512077,6.1535999626,True,4.0
2013-12-03,Utah Valley Wolverines,67.0,away,0.2733487923,-6.1535999626,False,-4.0
2013-12-03,Arkansas State Red Wolves,86.0,home,0.872169768,14.0567375168,True,25.0
2013-12-03,Niagara Purple Eagles,61.0,away,0.127830232,-14.0567375168,False,-25.0
2013-12-03,South Alabama Jaguars,91.0,home,0.9921752157,31.9370266696,True,50.0
2013-12-03,Spring Hill Badgers,41.0,away,0.0078247843,-31.9370266696,False,-50.0
2013-12-03,Troy Trojans,73.0,home,0.7580689559,6.9835903385,True,3.0
2013-12-03,Alcorn State Braves,70.0,away,0.2419310441,-6.9835903385,False,-3.0
2013-12-03,SIU Edwardsville Cougars,55.0,home,0.5951121902,2.5138489221,True,6.0
2013-12-03,UT Rio Grande Valley Vaqueros,49.0,away,0.4048878098,-2.5138489221,False,-6.0
2013-12-03,Oklahoma Sooners,96.0,home,0.5667419167,1.8562037157,True,14.0
2013-12-03,Mercer Bears,82.0,away,0.4332580833,-1.8562037157,False,-14.0
2013-12-03,SMU Mustangs,88.0,home,0.940848134,18.1414349444,True,29.0
2013-12-03,McNeese Cowboys,59.0,away,0.059151866000000004,-18.1414349444,False,-29.0
2013-12-03,Wyoming Cowboys,79.0,home,0.9978595395,38.0636956115,True,14.0
2013-12-03,Black Hills State Yellow Jackets,65.0,away,0.0021404605,-38.0636956115,False,-14.0
2013-12-03,Texas Longhorns,70.0,home,0.6948987312,5.4188878777,True,6.0
2013-12-03,Vanderbilt Commodores,64.0,away,0.3051012688,-5.4188878777,False,-6.0
2013-12-03,UC Riverside Highlanders,69.0,home,0.3554961833,-4.1200617755,False,-4.0
2013-12-03,Loyola Marymount Lions,73.0,away,0.6445038167,4.1200617755,True,4.0
2013-12-03,Seattle U Redhawks,77.0,home,0.7323944902000001,6.6198938676,True,24.0
2013-12-03,UC Davis Aggies,53.0,away,0.2676055098,-6.6198938676,False,-24.0
2013-12-03,California Golden Bears,73.0,home,0.8757832664,13.1653568369,True,17.0
2013-12-03,UC Irvine Anteaters,56.0,away,0.1242167336,-13.1653568369,False,-17.0
2013-11-29,Ohio State Buckeyes,99.0,home,0.9772505199,24.0393622824,True,35.0
2013-11-29,North Florida Ospreys,64.0,away,0.0227494801,-24.0393622824,False,-35.0
2013-11-30,Florida Gators,67.0,home,0.8940421126,13.490063957,True,1.0
2013-11-30,Florida State Seminoles,66.0,away,0.10595788739999999,-13.490063957,False,-1.0
2013-11-29,Tennessee Volunteers,64.0,home,0.5881594233,2.1075401673,True,15.0
2013-11-29,Xavier Musketeers,49.0,away,0.4118405767,-2.1075401673,False,-15.0
2013-11-29,Providence Friars,78.0,home,0.8670904794,11.6503222448,True,9.0
2013-11-29,Fairfield Stags,69.0,away,0.1329095206,-11.6503222448,False,-9.0
2013-11-29,Michigan Wolverines,87.0,home,0.9748407471999999,22.9199046706,True,42.0
2013-11-29,Coppin State Eagles,45.0,away,0.025159252799999997,-22.9199046706,False,-42.0
2013-11-29,Washington State Cougars,69.0,home,0.2580201057,-6.8173171048,True,15.0
2013-11-29,Purdue Boilermakers,54.0,away,0.7419798943000001,6.8173171048,False,-15.0
2013-11-29,Michigan State Spartans,98.0,home,0.9699936985,22.2994011478,True,33.0
2013-11-29,Mount St. Mary's Mountaineers,65.0,away,0.030006301500000002,-22.2994011478,False,-33.0
2013-11-30,Louisville Cardinals,69.0,home,0.8820199205,12.3780840883,True,31.0
2013-11-30,Southern Miss Golden Eagles,38.0,away,0.1179800795,-12.3780840883,False,-31.0
2013-11-29,Butler Bulldogs,67.0,home,0.1206491622,-12.8617070947,False,-2.0
2013-11-29,Oklahoma State Cowboys,69.0,away,0.8793508378,12.8617070947,True,2.0
2013-11-29,Virginia Tech Hokies,81.0,home,0.6890216667,5.2462713836,True,25.0
2013-11-29,Radford Highlanders,56.0,away,0.3109783333,-5.2462713836,False,-25.0
2013-11-29,Liberty Flames,70.0,home,0.45424297439999994,-1.1540750028,True,17.0
2013-11-29,Hampton Pirates,53.0,away,0.5457570256,1.1540750028,False,-17.0
2013-11-29,Oregon Ducks,85.0,home,0.8999308647,14.6323229773,True,23.0
2013-11-29,Pacific Tigers,62.0,away,0.1000691353,-14.6323229773,False,-23.0
2013-11-29,IU Indianapolis Jaguars,76.0,home,0.4342086942,-1.8266087633,False,-11.0
2013-11-29,Chattanooga Mocs,87.0,away,0.5657913058,1.8266087633,True,11.0
2013-11-29,Oklahoma Sooners,101.0,home,0.7474663103,7.8986695817,True,20.0
2013-11-29,Little Rock Trojans,81.0,away,0.2525336897,-7.8986695817,False,-20.0
2013-11-29,Cincinnati Bearcats,95.0,home,0.9649233430000002,21.1112743634,True,28.0
2013-11-29,Kennesaw State Owls,67.0,away,0.035076657,-21.1112743634,False,-28.0
2013-11-29,Marquette Golden Eagles,76.0,home,0.6293813631,3.2757406122,True,16.0
2013-11-29,George Washington Revolutionaries,60.0,away,0.3706186369,-3.2757406122,False,-16.0
2013-11-29,Wake Forest Demon Deacons,77.0,home,0.8044680592,9.272563753,True,14.0
2013-11-29,USC Trojans,63.0,away,0.1955319408,-9.272563753,False,-14.0
2013-11-29,Alaska Anchorage Seawolves,87.0,home,0.0096894333,-30.8145606775,False,-10.0
2013-11-29,Indiana State Sycamores,97.0,away,0.9903105667,30.8145606775,True,10.0
2013-11-29,Sam Houston Bearkats,75.0,home,0.8247077185,10.0299907417,True,26.0
2013-11-29,Arkansas-Pine Bluff Golden Lions,49.0,away,0.1752922815,-10.0299907417,False,-26.0
2013-11-29,Drexel Dragons,85.0,home,0.5369835142,0.8689454543,True,2.0
2013-11-29,Alabama Crimson Tide,83.0,away,0.4630164858,-0.8689454543,False,-2.0
2013-11-29,North Carolina A&T Aggies,85.0,home,0.6623610255,4.5149634259,True,7.0
2013-11-29,Longwood Lancers,78.0,away,0.3376389745,-4.5149634259,False,-7.0
2013-11-29,Towson Tigers,84.0,home,0.8569645911000001,11.5002332585,True,25.0
2013-11-29,The Citadel Bulldogs,59.0,away,0.1430354089,-11.5002332585,False,-25.0
2013-11-29,Ole Miss Rebels,77.0,home,0.5094573221,0.2605715122,True,10.0
2013-11-29,Georgia Tech Yellow Jackets,67.0,away,0.49054267789999995,-0.2605715122,False,-10.0
2013-11-29,LSU Tigers,69.0,home,0.2834935461,-6.8271858205,False,-7.0
2013-11-29,Memphis Tigers,76.0,away,0.7165064538999999,6.8271858205,True,7.0
2013-11-29,Georgia Bulldogs,71.0,home,0.8233532495,9.6624715826,True,18.0
2013-11-29,App State Mountaineers,53.0,away,0.1766467505,-9.6624715826,False,-18.0
2013-11-29,Maryland Terrapins,89.0,home,0.8801788709999999,13.4751413866,True,27.0
2013-11-29,Morgan State Bears,62.0,away,0.11982112900000001,-13.4751413866,False,-27.0
2013-11-29,Tulane Green Wave,52.0,home,0.4863332646,-0.324450545,False,-18.0
2013-11-29,Texas State Bobcats,70.0,away,0.5136667354,0.324450545,True,18.0
2013-11-29,Cal State Fullerton Titans,46.0,home,0.5134264293,0.305742996,False,-2.0
2013-11-29,Miami Hurricanes,48.0,away,0.4865735707,-0.305742996,True,2.0
2013-11-29,Cal Poly Mustangs,70.0,home,0.5747733902,1.8345978061,True,27.0
2013-11-29,North Dakota Fighting Hawks,43.0,away,0.4252266098,-1.8345978061,False,-27.0
2013-11-29,Gardner-Webb Runnin' Bulldogs,86.0,home,0.35648328380000005,-3.8950994814,True,4.0
2013-11-29,Morehead State Eagles,82.0,away,0.6435167162,3.8950994814,False,-4.0
2013-11-30,UTEP Miners,53.0,home,0.1563293814,-11.3225553799,False,-36.0
2013-11-30,Iowa Hawkeyes,89.0,away,0.8436706186,11.3225553799,True,36.0
2013-11-30,St. John's Red Storm,82.0,home,0.5558630302,1.3683931802,False,-7.0
2013-11-30,Penn State Nittany Lions,89.0,away,0.44413696979999995,-1.3683931802,True,7.0
2013-11-29,Denver Pioneers,56.0,home,0.8236537011,8.7960420061,False,-12.0
2013-11-29,Pepperdine Waves,68.0,away,0.1763462989,-8.7960420061,True,12.0
2013-11-29,Arizona Wildcats,72.0,home,0.3300418775,-4.5951029584,True,6.0
2013-11-29,Duke Blue Devils,66.0,away,0.6699581225,4.5951029584,False,-6.0
2013-11-30,Western Michigan Broncos,83.0,home,0.8848939050999999,12.6907690245,True,13.0
2013-11-30,Cornell Big Red,70.0,away,0.1151060949,-12.6907690245,False,-13.0
2013-11-30,Clemson Tigers,69.0,home,0.8418008362,10.1718753026,True,29.0
2013-11-30,Coastal Carolina Chanticleers,40.0,away,0.1581991638,-10.1718753026,False,-29.0
2013-11-30,VCU Rams,79.0,home,0.9198108883,15.9141388064,True,13.0
2013-11-30,Northeastern Huskies,66.0,away,0.0801891117,-15.9141388064,False,-13.0
2013-11-30,Monmouth Hawks,81.0,home,0.7646186831,8.2728016228,True,2.0
2013-11-30,Mississippi Valley State Delta Devils,79.0,away,0.2353813169,-8.2728016228,False,-2.0
2013-11-30,Abilene Christian Wildcats,67.0,home,0.951357649,19.3154391484,False,-10.0
2013-11-30,West Alabama Tigers,77.0,away,0.048642351,-19.3154391484,True,10.0
2013-11-30,UNC Wilmington Seahawks,55.0,home,0.5732903559,1.7777317827,False,-5.0
2013-11-30,Stephen F. Austin Lumberjacks,60.0,away,0.4267096441,-1.7777317827,True,5.0
2013-11-30,Virginia Cavaliers,76.0,home,0.7307211932,6.0128811233,True,3.0
2013-11-30,SMU Mustangs,73.0,away,0.2692788068,-6.0128811233,False,-3.0
2013-11-30,Cal State Bakersfield Roadrunners,61.0,home,0.6763780219000001,4.5089503183,True,11.0
2013-11-30,Northern Arizona Lumberjacks,50.0,away,0.3236219781,-4.5089503183,False,-11.0
2013-11-30,Samford Bulldogs,79.0,home,0.9839140558,27.8526207378,True,11.0
2013-11-30,Campbellsville Tigers,68.0,away,0.0160859442,-27.8526207378,False,-11.0
2013-11-30,Grand Canyon Lopes,91.0,home,0.9853591745,27.5929568486,True,30.0
2013-11-30,San Diego Christian Hawks,61.0,away,0.0146408255,-27.5929568486,False,-30.0
2013-11-30,Southeast Missouri State Redhawks,79.0,home,0.7435291381,6.9521836012,True,14.0
2013-11-30,Northern Kentucky Norse,65.0,away,0.2564708619,-6.9521836012,False,-14.0
2013-11-30,Texas Tech Red Raiders,94.0,home,0.8880195772,12.8248965053,True,30.0
2013-11-30,UTSA Roadrunners,64.0,away,0.1119804228,-12.8248965053,False,-30.0
2013-11-30,Saint Joseph's Hawks,78.0,home,0.828843923,9.9574572631,True,12.0
2013-11-30,Siena Saints,66.0,away,0.171156077,-9.9574572631,False,-12.0
2013-11-30,Boise State Broncos,76.0,home,0.9632221600000002,21.1926795193,True,16.0
2013-11-30,Portland State Vikings,60.0,away,0.03677784,-21.1926795193,False,-16.0
2013-11-30,Illinois Fighting Illini,57.0,home,0.8642911997999999,11.0299757483,True,2.0
2013-11-30,Purdue Fort Wayne Mastodons,55.0,away,0.1357088002,-11.0299757483,False,-2.0
2013-11-30,Texas Longhorns,72.0,home,0.8173659078,10.4222981574,True,3.0
2013-11-30,UT Arlington Mavericks,69.0,away,0.1826340922,-10.4222981574,False,-3.0
2013-11-30,Valparaiso Beacons,108.0,home,0.404883318,-2.4868973635,False,-9.0
2013-11-30,Mercer Bears,117.0,away,0.595116682,2.4868973635,True,9.0
2013-11-30,San Francisco Dons,72.0,home,0.5725600842,1.7960546341,True,11.0
2013-11-30,Vermont Catamounts,61.0,away,0.4274399158,-1.7960546341,False,-11.0
2013-11-30,Rice Owls,93.0,home,0.3122477694,-4.7338251851,False,-4.0
2013-11-30,Rider Broncs,97.0,away,0.6877522306,4.7338251851,True,4.0
2013-11-30,Bethune-Cookman Wildcats,80.0,home,0.3824059316,-2.9777400242,False,-9.0
2013-11-30,Prairie View A&M Panthers,89.0,away,0.6175940684,2.9777400242,True,9.0
2013-11-30,Creighton Bluejays,80.0,home,0.5281811288,0.7200352729,False,-6.0
2013-11-30,San Diego State Aztecs,86.0,away,0.4718188712,-0.7200352729,True,6.0
2013-11-30,Missouri Tigers,83.0,home,0.7095514665,5.7014058111,True,13.0
2013-11-30,Nevada Wolf Pack,70.0,away,0.2904485335,-5.7014058111,False,-13.0
2013-11-30,TCU Horned Frogs,72.0,home,0.4443317019,-1.4338007405,True,7.0
2013-11-30,Tulsa Golden Hurricane,65.0,away,0.5556682981,1.4338007405,False,-7.0
2013-11-30,Kansas Jayhawks,59.0,home,0.6305626871,3.588299154,False,-4.0
2013-11-30,Villanova Wildcats,63.0,away,0.3694373128999999,-3.588299154,True,4.0
2013-11-30,UC Santa Barbara Gauchos,83.0,home,0.7468883508,6.6511543595,True,19.0
2013-11-30,South Dakota State Jackrabbits,64.0,away,0.2531116492,-6.6511543595,False,-19.0
2013-11-30,Eastern Washington Eagles,82.0,home,0.7049868965999999,5.6582228377,True,7.0
2013-11-30,Seattle U Redhawks,75.0,away,0.2950131034,-5.6582228377,False,-7.0
2013-11-30,Fresno State Bulldogs,74.0,home,0.6518154771,4.0142939583,False,-10.0
2013-11-30,Drake Bulldogs,84.0,away,0.3481845229,-4.0142939583,True,10.0
2013-11-30,Santa Clara Broncos,85.0,home,0.4532792294,-1.1742973207,False,-6.0
2013-11-30,North Dakota State Bison,91.0,away,0.5467207706,1.1742973207,True,6.0
2013-11-30,Illinois State Redbirds,75.0,home,0.9777172591,27.0713747738,True,17.0
2013-11-30,Sonoma State Seawolves,58.0,away,0.0222827409,-27.0713747738,False,-17.0
2013-11-30,UCLA Bruins,95.0,home,0.7948839144000001,8.6504739994,True,16.0
2013-11-30,Northwestern Wildcats,79.0,away,0.2051160856,-8.6504739994,False,-16.0
2013-11-30,Texas A&M Aggies,67.0,home,0.5590719543,1.4912012619,False,-6.0
2013-11-30,Missouri State Bears,73.0,away,0.4409280457,-1.4912012619,True,6.0
2013-11-30,Harvard Crimson,76.0,home,0.756959672,7.371747127,True,12.0
2013-11-30,Green Bay Phoenix,64.0,away,0.24304032800000003,-7.371747127,False,-12.0
2013-11-30,Hawai'i Rainbow Warriors,72.0,home,0.6770269016,4.6545435363,True,11.0
2013-11-30,Montana Grizzlies,61.0,away,0.3229730984,-4.6545435363,False,-11.0
2013-11-30,Arizona State Sun Devils,80.0,home,0.7933820378,7.8098138396,True,22.0
2013-11-30,Charleston Cougars,58.0,away,0.2066179622,-7.8098138396,False,-22.0
2013-12-02,Gonzaga Bulldogs,86.0,home,0.9750066983,23.435517776,True,35.0
2013-12-02,Coppin State Eagles,51.0,away,0.024993301700000005,-23.435517776,False,-35.0
2013-12-02,Kentucky Wildcats,79.0,home,0.8195438967000002,9.8937164936,True,14.0
2013-12-02,Providence Friars,65.0,away,0.18045610329999998,-9.8937164936,False,-14.0
2013-12-01,UMass Lowell River Hawks,73.0,home,0.9764203404,25.1739255874,True,28.0
2013-12-01,Mount Ida,45.0,away,0.0235796596,-25.1739255874,False,-28.0
2013-12-01,UAB Blazers,63.0,home,0.38983798050000007,-3.0222235757,True,4.0
2013-12-01,North Carolina Tar Heels,59.0,away,0.6101620195,3.0222235757,False,-4.0
2013-12-01,Notre Dame Fighting Irish,101.0,home,0.9699531759,22.4256200726,True,34.0
2013-12-01,Cornell Big Red,67.0,away,0.0300468241,-22.4256200726,False,-34.0
2013-12-01,Baylor Bears,104.0,home,0.9987504578,43.2964657209,True,45.0
2013-12-01,Hardin-Simmons Cowboys,59.0,away,0.0012495422,-43.2964657209,False,-45.0
2013-12-01,Arizona State Sun Devils,57.0,home,0.7758888722,6.7664537197,False,-3.0
2013-12-01,Miami Hurricanes,60.0,away,0.2241111278,-6.7664537197,True,3.0
2013-12-01,Saint Louis Billikens,65.0,home,0.6425175393000001,3.6749853128,False,-5.0
2013-12-01,Wichita State Shockers,70.0,away,0.3574824607,-3.6749853128,True,5.0
2013-12-01,Saint Joseph's Hawks,72.0,home,0.6584845100999999,3.8027487012,True,5.0
2013-12-01,Washington State Cougars,67.0,away,0.3415154899,-3.8027487012,False,-5.0
2013-12-01,Mississippi State Bulldogs,65.0,home,0.7815592634,7.4153957666,True,1.0
2013-12-01,Loyola Chicago Ramblers,64.0,away,0.2184407366,-7.4153957666,False,-1.0
2013-12-01,Elon Phoenix,68.0,home,0.7546501506,6.4641549519,True,3.0
2013-12-01,Columbia Lions,65.0,away,0.2453498494,-6.4641549519,False,-3.0
2013-12-01,Drake Bulldogs,65.0,home,0.6149768945,2.7773394712,True,8.0
2013-12-01,Cal State Bakersfield Roadrunners,57.0,away,0.3850231055,-2.7773394712,False,-8.0
2013-12-01,Maine Black Bears,56.0,home,0.3933465218,-2.9530922966,False,-25.0
2013-12-01,Dartmouth Big Green,81.0,away,0.6066534782,2.9530922966,True,25.0
2013-12-01,Lehigh Mountain Hawks,76.0,home,0.7247090588999999,6.142016768,True,12.0
2013-12-01,Sacred Heart Pioneers,64.0,away,0.2752909411,-6.142016768,False,-12.0
2013-12-01,NJIT Highlanders,55.0,home,0.5393572824,0.9176577894,False,-11.0
2013-12-01,UAlbany Great Danes,66.0,away,0.4606427176,-0.9176577894,True,11.0
2013-12-01,Long Island University Sharks,74.0,home,0.5040377126,0.1048037448,True,2.0
2013-12-01,Norfolk State Spartans,72.0,away,0.49596228740000003,-0.1048037448,False,-2.0
2013-12-01,Binghamton Bearcats,64.0,home,0.3849550675,-3.0636357018,False,-29.0
2013-12-01,Colgate Raiders,93.0,away,0.6150449325,3.0636357018,True,29.0
2013-12-01,Kent State Golden Flashes,68.0,home,0.9577028091000002,19.1640218144,True,17.0
2013-12-01,Kennesaw State Owls,51.0,away,0.0422971909,-19.1640218144,False,-17.0
2013-12-01,Florida Gulf Coast Eagles,72.0,home,0.33749323,-4.2926999377,False,-18.0
2013-12-01,Iona Gaels,90.0,away,0.6625067699999999,4.2926999377,True,18.0
2013-12-01,Stony Brook Seawolves,68.0,home,0.6667689405,4.3027418462,False,-2.0
2013-12-01,St. Francis Brooklyn Terriers,70.0,away,0.3332310595,-4.3027418462,True,2.0
2013-12-01,High Point Panthers,68.0,home,0.6543626163,3.8168945007,False,-3.0
2013-12-01,Stephen F. Austin Lumberjacks,71.0,away,0.3456373837,-3.8168945007,True,3.0
2013-12-01,Seton Hall Pirates,54.0,home,0.968838752,20.5212124936,False,-4.0
2013-12-01,Fairleigh Dickinson Knights,58.0,away,0.031161247999999996,-20.5212124936,True,4.0
2013-12-01,Northern Colorado Bears,87.0,home,0.8317447834,10.3164671445,True,17.0
2013-12-01,Prairie View A&M Panthers,70.0,away,0.1682552166,-10.3164671445,False,-17.0
2013-12-01,LSU Tigers,70.0,home,0.691981147,5.0940986677,True,2.0
2013-12-01,Butler Bulldogs,68.0,away,0.308018853,-5.0940986677,False,-2.0
2013-12-01,Kansas State Wildcats,87.0,home,0.9503254147999999,19.7601238554,True,33.0
2013-12-01,Central Arkansas Bears,54.0,away,0.0496745852,-19.7601238554,False,-33.0
2013-12-01,Samford Bulldogs,76.0,home,0.9829913207,27.2345897927,True,3.0
2013-12-01,Kentucky State Thorobreds,73.0,away,0.0170086793,-27.2345897927,False,-3.0
2013-12-01,DePaul Blue Demons,93.0,home,0.7011412488,5.6275181122,True,12.0
2013-12-01,Oregon State Beavers,81.0,away,0.2988587512,-5.6275181122,False,-12.0
2013-12-01,Portland Pilots,86.0,home,0.9123996567,15.3036948688,True,29.0
2013-12-01,Southern Utah Thunderbirds,57.0,away,0.0876003433,-15.3036948688,False,-29.0
2013-12-01,Charleston Cougars,61.0,home,0.4872959774,-0.2891372076,True,13.0
2013-12-01,Cal State Fullerton Titans,48.0,away,0.5127040226,0.2891372076,False,-13.0
2013-12-01,Siena Saints,63.0,home,0.127347318,-13.2306371411,False,-5.0
2013-12-01,Purdue Boilermakers,68.0,away,0.8726526820000001,13.2306371411,True,5.0
2013-12-01,Southeast Missouri State Redhawks,82.0,home,0.6121640736,2.8971919583,True,8.0
2013-12-01,Texas State Bobcats,74.0,away,0.3878359264,-2.8971919583,False,-8.0
2013-12-01,East Carolina Pirates,68.0,home,0.8508379006999999,11.1326636006,False,-2.0
2013-12-01,UNC Wilmington Seahawks,70.0,away,0.1491620993,-11.1326636006,True,2.0
2013-12-01,Fresno State Bulldogs,71.0,home,0.811262259,9.0123448078,True,4.0
2013-12-01,Northern Arizona Lumberjacks,67.0,away,0.188737741,-9.0123448078,False,-4.0
2013-12-01,Belmont Bruins,68.0,home,0.4306398679999999,-1.97016929,False,-13.0
2013-12-01,VCU Rams,81.0,away,0.569360132,1.97016929,True,13.0
2013-12-01,Jackson State Tigers,61.0,home,0.1803824414,-10.3770797885,False,-11.0
2013-12-01,Louisiana Tech Bulldogs,72.0,away,0.8196175586,10.3770797885,True,11.0
2013-12-01,Cal State Northridge Matadors,97.0,home,0.9911940789,32.1149870827,True,18.0
2013-12-01,La Sierra Golden Eagles,79.0,away,0.0088059211,-32.1149870827,False,-18.0
2013-12-02,North Dakota Fighting Hawks,76.0,home,0.4497939313,-1.4006403893,False,-17.0
2013-12-02,Pacific Tigers,93.0,away,0.5502060687,1.4006403893,True,17.0
2013-12-02,Memphis Tigers,73.0,home,0.4446468479,-1.5728362259,True,5.0
2013-12-02,Oklahoma State Cowboys,68.0,away,0.5553531521,1.5728362259,False,-5.0
2013-12-01,Charlotte 49ers,77.0,home,0.8833412341,12.9070274693,True,21.0
2013-12-01,UNC Asheville Bulldogs,56.0,away,0.1166587659,-12.9070274693,False,-21.0
2013-12-01,Creighton Bluejays,53.0,home,0.669668712,4.486914429,False,-7.0
2013-12-01,George Washington Revolutionaries,60.0,away,0.330331288,-4.486914429,True,7.0
2013-12-02,Stanford Cardinal,92.0,home,0.9137069049000001,16.1510866827,True,32.0
2013-12-02,South Dakota State Jackrabbits,60.0,away,0.0862930951,-16.1510866827,False,-32.0
2013-12-02,Oregon Ducks,82.0,home,0.8820544484,11.7482399183,True,21.0
2013-12-02,Cal Poly Mustangs,61.0,away,0.1179455516,-11.7482399183,False,-21.0
2013-12-02,San Diego State Aztecs,67.0,home,0.5034084662,0.08117351,True,8.0
2013-12-02,Marquette Golden Eagles,59.0,away,0.4965915338,-0.08117351,False,-8.0
2013-11-30,Towson Tigers,74.0,home,0.8927840145,12.4522096638,True,27.0
2013-11-30,Abilene Christian Wildcats,47.0,away,0.1072159855,-12.4522096638,False,-27.0
2013-11-30,USC Trojans,84.0,home,0.1501945405,-11.3516555083,True,6.0
2013-11-30,Xavier Musketeers,78.0,away,0.8498054595,11.3516555083,False,-6.0
2013-11-30,Nebraska Cornhuskers,63.0,home,0.8584110106,11.0926284817,True,5.0
2013-11-30,Northern Illinois Huskies,58.0,away,0.1415889894,-11.0926284817,False,-5.0
2013-11-30,Boston University Terriers,66.0,home,0.847073207,10.4856354283,True,1.0
2013-11-30,Saint Peter's Peacocks,65.0,away,0.152926793,-10.4856354283,False,-1.0
2013-11-30,Furman Paladins,89.0,home,0.9782260204,24.3035165329,True,17.0
2013-11-30,Brevard Tornados,72.0,away,0.0217739796,-24.3035165329,False,-17.0
2013-11-30,Georgetown Hoyas,70.0,home,0.9678359233,22.1826000155,True,21.0
2013-11-30,Lipscomb Bisons,49.0,away,0.0321640767,-22.1826000155,False,-21.0
2013-11-30,Duquesne Dukes,67.0,home,0.0976652393,-14.3774353716,False,-17.0
2013-11-30,Pittsburgh Panthers,84.0,away,0.9023347607,14.3774353716,True,17.0
2013-11-30,Delaware Blue Hens,86.0,home,0.6538157061,4.2996125081,True,19.0
2013-11-30,Robert Morris Colonials,67.0,away,0.34618429390000005,-4.2996125081,False,-19.0
2013-11-30,Hampton Pirates,72.0,home,0.7099425806,5.7382108213,True,7.0
2013-11-30,Arkansas-Pine Bluff Golden Lions,65.0,away,0.2900574194,-5.7382108213,False,-7.0
2013-11-30,Army Black Knights,72.0,home,0.7871943391,8.5950290692,False,-2.0
2013-11-30,Houston Christian Huskies,74.0,away,0.2128056609,-8.5950290692,True,2.0
2013-11-30,Bryant Bulldogs,82.0,home,0.9905398649,32.903657648,True,27.0
2013-11-30,Salve Regina Seahawks,55.0,away,0.0094601351,-32.903657648,False,-27.0
2013-11-30,Middle Tennessee Blue Raiders,65.0,home,0.8299525708000001,9.8633020583,True,10.0
2013-11-30,South Alabama Jaguars,55.0,away,0.1700474292,-9.8633020583,False,-10.0
2013-11-30,Lafayette Leopards,79.0,home,0.5712958467,1.897114145,True,3.0
2013-11-30,Pennsylvania Quakers,76.0,away,0.4287041533,-1.897114145,False,-3.0
2013-11-30,Buffalo Bulls,65.0,home,0.7216735581,5.7649748171,True,10.0
2013-11-30,Delaware State Hornets,55.0,away,0.2783264419,-5.7649748171,False,-10.0
2013-11-30,Stetson Hatters,80.0,home,0.3703326417,-3.2860834234,False,-6.0
2013-11-30,Davidson Wildcats,86.0,away,0.6296673583,3.2860834234,True,6.0
2013-11-30,Saint Francis Red Flash,43.0,home,0.4681185138,-0.701031772,False,-32.0
2013-11-30,American University Eagles,75.0,away,0.5318814862,0.701031772,True,32.0
2013-11-30,Ohio Bobcats,81.0,home,0.8409510358,10.3281575844,True,22.0
2013-11-30,Evansville Purple Aces,59.0,away,0.1590489642,-10.3281575844,False,-22.0
2013-11-30,South Carolina Upstate Spartans,73.0,home,0.8653437873000001,11.8465967691,True,9.0
2013-11-30,Tennessee State Tigers,64.0,away,0.1346562127,-11.8465967691,False,-9.0
2013-11-30,Wofford Terriers,90.0,home,0.9914473433,29.9187241894,True,42.0
2013-11-30,Johnson & Wales (NC) JOHNSON & WALES-CHARLOTTE,48.0,away,0.0085526567,-29.9187241894,False,-42.0
2013-11-30,Brown Bears,72.0,home,0.7021803791,6.0309147038,True,11.0
2013-11-30,Central Connecticut Blue Devils,61.0,away,0.2978196209,-6.0309147038,False,-11.0
2013-11-30,Wright State Raiders,85.0,home,0.8082942889,9.2764805068,True,8.0
2013-11-30,Western Carolina Catamounts,77.0,away,0.1917057111,-9.2764805068,False,-8.0
2013-11-30,Incarnate Word Cardinals,75.0,home,0.9709254878,24.1504424158,True,19.0
2013-11-30,Texas A&M-International Dustdevils,56.0,away,0.0290745122,-24.1504424158,False,-19.0
2013-11-30,Chicago State Cougars,88.0,home,0.5436444271,1.1646677974,True,4.0
2013-11-30,Southern Illinois Salukis,84.0,away,0.4563555729,-1.1646677974,False,-4.0
2013-11-30,New Mexico Lobos,73.0,home,0.7939264315,8.445304035,True,7.0
2013-11-30,San Diego Toreros,66.0,away,0.2060735685,-8.445304035,False,-7.0
2013-11-30,Wake Forest Demon Deacons,63.0,home,0.41499489940000006,-2.0905373225,False,-19.0
2013-11-30,Tennessee Volunteers,82.0,away,0.5850051006,2.0905373225,True,19.0
2013-11-30,Georgia Tech Yellow Jackets,58.0,home,0.436601205,-1.6190267484,False,-11.0
2013-11-30,St. John's Red Storm,69.0,away,0.563398795,1.6190267484,True,11.0
2013-11-30,Omaha Mavericks,86.0,home,0.9894373976,32.3733386452,True,50.0
2013-11-30,Iowa Wesleyan Tigers,36.0,away,0.0105626024,-32.3733386452,False,-50.0
2013-11-30,Liberty Flames,62.0,home,0.3011130144,-5.0702726008,True,4.0
2013-11-30,Sam Houston Bearkats,58.0,away,0.6988869856,5.0702726008,False,-4.0
2013-11-30,Pacific Tigers,73.0,home,0.4269244764,-1.6780896203,True,2.0
2013-11-30,Cal Poly Mustangs,71.0,away,0.5730755236,1.6780896203,False,-2.0
2013-11-30,The Citadel Bulldogs,77.0,home,0.9440392545,19.3561944181,False,-13.0
2013-11-30,West Alabama Tigers,90.0,away,0.0559607455,-19.3561944181,True,13.0
2013-11-30,Florida A&M Rattlers,100.0,home,0.9861539087,30.2786896051,True,18.0
2013-11-30,Florida Memorial FLORIDA MEMORIAL,82.0,away,0.0138460913,-30.2786896051,False,-18.0
2013-11-30,Northwestern State Demons,107.0,home,0.7303291023,8.2742078921,True,7.0
2013-11-30,Niagara Purple Eagles,100.0,away,0.2696708977,-8.2742078921,False,-7.0
2013-11-30,Alaska Anchorage Seawolves,71.0,home,0.0074275071,-29.5035798241,False,-7.0
2013-11-30,Denver Pioneers,78.0,away,0.9925724929,29.5035798241,True,7.0
2013-11-30,East Tennessee State Buccaneers,88.0,home,0.7146605735,6.6175502765,True,10.0
2013-11-30,Marshall Thundering Herd,78.0,away,0.2853394265,-6.6175502765,False,-10.0
2013-11-30,Hofstra Pride,59.0,home,0.2728189689,-6.2703537029,False,-7.0
2013-11-30,Manhattan Jaspers,66.0,away,0.7271810311,6.2703537029,True,7.0
2013-11-30,Hartford Hawks,49.0,home,0.5823702784,2.0579075558,False,-5.0
2013-11-30,Yale Bulldogs,54.0,away,0.41762972160000006,-2.0579075558,True,5.0
2013-11-30,Ole Miss Rebels,79.0,home,0.5304837858,0.7804860976,True,3.0
2013-11-30,Penn State Nittany Lions,76.0,away,0.4695162142,-0.7804860976,False,-3.0
2013-11-30,George Mason Patriots,61.0,home,0.7977169894,8.6902729921,True,7.0
2013-11-30,Rhode Island Rams,54.0,away,0.2022830106,-8.6902729921,False,-7.0
2013-11-30,Air Force Falcons,57.0,home,0.2730999099,-6.1845994192,False,-24.0
2013-11-30,Colorado Buffaloes,81.0,away,0.7269000901,6.1845994192,True,24.0
2013-11-30,Longwood Lancers,89.0,home,0.5126585768,0.3645347844,False,-1.0
2013-11-30,Mississippi Valley State Delta Devils,90.0,away,0.4873414232,-0.3645347844,True,1.0
2013-11-30,UC Davis Aggies,76.0,home,0.6171887841,3.0500322944,False,-4.0
2013-11-30,Idaho Vandals,80.0,away,0.3828112159,-3.0500322944,True,4.0
2013-11-30,Howard Bison,79.0,home,0.3081134067,-4.8828274274,False,-5.0
2013-11-30,William & Mary Tribe,84.0,away,0.6918865933,4.8828274274,True,5.0
2013-11-30,Tulane Green Wave,72.0,home,0.3713188399,-3.5382455002,False,-30.0
2013-11-30,Southeast Missouri State Redhawks,102.0,away,0.6286811601,3.5382455002,True,30.0
2013-11-30,Richmond Spiders,68.0,home,0.8518422133,10.704603657,True,15.0
2013-11-30,James Madison Dukes,53.0,away,0.1481577867,-10.704603657,False,-15.0
2013-11-30,Florida International Panthers,61.0,home,0.5251773524,0.6247762728,True,1.0
2013-11-30,Georgia State Panthers,60.0,away,0.4748226476,-0.6247762728,False,-1.0
2013-11-30,Oakland Golden Grizzlies,86.0,home,0.9942098595000001,33.8017413066,True,35.0
2013-11-30,Rochester University (MI) Warriors,51.0,away,0.0057901405,-33.8017413066,False,-35.0
2013-11-30,Colorado State Rams,85.0,home,0.5607628125,1.5903647026,True,2.0
2013-11-30,New Mexico State Aggies,83.0,away,0.4392371875,-1.5903647026,False,-2.0
2013-11-30,South Dakota Coyotes,112.0,home,0.9890084089,30.7810607162,True,27.0
2013-11-30,Graceland University Jackets,85.0,away,0.0109915911,-30.7810607162,False,-27.0
2013-11-30,Pepperdine Waves,70.0,home,0.18288142020000003,-9.1800077045,False,-3.0
2013-11-30,Indiana State Sycamores,73.0,away,0.8171185798,9.1800077045,True,3.0
2013-11-30,Texas A&M Aggies,52.0,home,0.5024693071,0.0628363628,False,-3.0
2013-11-30,SMU Mustangs,55.0,away,0.4975306929,-0.0628363628,True,3.0
2013-11-30,Oregon Ducks,91.0,home,0.9248114372,17.6761482569,True,15.0
2013-11-30,North Dakota Fighting Hawks,76.0,away,0.0751885628,-17.6761482569,False,-15.0
2013-12-01,Kansas Jayhawks,67.0,home,0.880019959,12.7273821114,True,4.0
2013-12-01,UTEP Miners,63.0,away,0.119980041,-12.7273821114,False,-4.0
2013-12-01,Monmouth Hawks,76.0,home,0.5627141593,1.685688546,True,15.0
2013-12-01,North Carolina A&T Aggies,61.0,away,0.4372858407,-1.685688546,False,-15.0
2013-11-30,Washington Huskies,92.0,home,0.8534955386,11.2409992465,True,3.0
2013-11-30,Long Beach State Beach,89.0,away,0.1465044614,-11.2409992465,False,-3.0
2013-12-01,UNLV Rebels,85.0,home,0.933102485,18.784469157,True,30.0
2013-12-01,UT Martin Skyhawks,55.0,away,0.066897515,-18.784469157,False,-30.0
2013-12-01,Central Michigan Chippewas,66.0,home,0.8041252762,8.4116030048,True,5.0
2013-12-01,Jacksonville State Gamecocks,61.0,away,0.1958747238,-8.4116030048,False,-5.0
2013-12-01,Cleveland State Vikings,78.0,home,0.8607558247,11.2161276154,True,23.0
2013-12-01,Ball State Cardinals,55.0,away,0.1392441753,-11.2161276154,False,-23.0
2013-12-01,New Hampshire Wildcats,52.0,home,0.5626505141,1.5747755393,False,-11.0
2013-12-01,Holy Cross Crusaders,63.0,away,0.4373494859,-1.5747755393,True,11.0
2013-12-01,Bucknell Bison,53.0,home,0.4757886571,-0.5440787421,False,-13.0
2013-12-01,Princeton Tigers,66.0,away,0.5242113429,0.5440787421,True,13.0
2013-12-01,Lamar Cardinals,89.0,home,0.2024115838,-9.3245921,False,-6.0
2013-12-01,Arkansas State Red Wolves,95.0,away,0.7975884162,9.3245921,True,6.0
2013-12-01,Georgia Southern Eagles,73.0,home,0.677563845,4.5897237224,False,-2.0
2013-12-01,Campbell Fighting Camels,75.0,away,0.32243615499999995,-4.5897237224,True,2.0
2013-12-01,Northern Arizona Lumberjacks,56.0,home,0.2574898598,-6.3407820954,False,-20.0
2013-12-01,Drake Bulldogs,76.0,away,0.7425101402,6.3407820954,True,20.0
2013-12-01,Youngstown State Penguins,86.0,home,0.8210329250000001,10.4423144006,False,-2.0
2013-12-01,Austin Peay Governors,88.0,away,0.178967075,-10.4423144006,True,2.0
2013-12-01,South Florida Bulls,60.0,home,0.7943069998,8.8860956374,False,-5.0
2013-12-01,Detroit Mercy Titans,65.0,away,0.2056930002,-8.8860956374,True,5.0
2013-12-01,Northern Kentucky Norse,61.0,home,0.3025517432,-4.5666751811,False,-9.0
2013-12-01,Texas State Bobcats,70.0,away,0.6974482568,4.5666751811,True,9.0
2013-12-01,Tennessee Tech Golden Eagles,74.0,home,0.8094604145999998,8.8332701475,True,3.0
2013-12-01,Utah Valley Wolverines,71.0,away,0.1905395854,-8.8332701475,False,-3.0
2013-12-01,Bradley Braves,74.0,home,0.8477676074,11.0003387442,True,20.0
2013-12-01,UT Rio Grande Valley Vaqueros,54.0,away,0.1522323926,-11.0003387442,False,-20.0
2013-12-01,NC State Wolfpack,75.0,home,0.4385561,-1.5975787104,True,19.0
2013-12-01,Eastern Kentucky Colonels,56.0,away,0.5614439,1.5975787104,False,-19.0
2013-12-01,Western Illinois Leathernecks,76.0,home,0.9890606056,28.1132074553,True,27.0
2013-12-01,Greenville Panthers,49.0,away,0.0109393944,-28.1132074553,False,-27.0
2013-12-01,North Texas Mean Green,75.0,home,0.7756636777,8.3813471157,True,14.0
2013-12-01,SE Louisiana Lions,61.0,away,0.2243363223,-8.3813471157,False,-14.0
2013-12-01,Houston Cougars,78.0,home,0.8092607135000001,8.6722134362,True,11.0
2013-12-01,Texas A&M-Corpus Christi Islanders,67.0,away,0.1907392865,-8.6722134362,False,-11.0
2013-12-01,Kansas City Roos,79.0,home,0.3180317652,-5.4151901565,False,-5.0
2013-12-01,Milwaukee Panthers,84.0,away,0.6819682348,5.4151901565,True,5.0
2013-12-01,Santa Clara Broncos,66.0,home,0.8854303541,12.2646285136,False,-1.0
2013-12-01,Rice Owls,67.0,away,0.1145696459,-12.2646285136,True,1.0
2013-12-01,Missouri State Bears,63.0,home,0.2538792205,-6.4027344571,False,-20.0
2013-12-01,Virginia Cavaliers,83.0,away,0.7461207795,6.4027344571,True,20.0
2013-12-01,Valparaiso Beacons,94.0,home,0.9922556739000001,32.9896144725,True,36.0
2013-12-01,Cincinnati Christian Eagles,58.0,away,0.0077443261,-32.9896144725,False,-36.0
2013-12-01,Vermont Catamounts,73.0,home,0.9909567143,29.5837592844,True,12.0
2013-12-01,Sonoma State Seawolves,61.0,away,0.0090432857,-29.5837592844,False,-12.0
2013-12-01,BYU Cougars,85.0,home,0.5167345383,0.4700748167,True,11.0
2013-12-01,Utah State Aggies,74.0,away,0.4832654617,-0.4700748167,False,-11.0
2013-12-01,Weber State Wildcats,72.0,home,0.860232282,10.920635399,True,17.0
2013-12-01,San José State Spartans,55.0,away,0.139767718,-10.920635399,False,-17.0
2013-12-01,Western Kentucky Hilltoppers,68.0,home,0.8634440254000001,10.704443771,True,15.0
2013-12-01,Eastern Illinois Panthers,53.0,away,0.1365559746,-10.704443771,False,-15.0
2013-12-01,Northern Colorado Bears,65.0,home,0.892474135,12.8051011302,True,5.0
2013-12-01,Bethune-Cookman Wildcats,60.0,away,0.107525865,-12.8051011302,False,-5.0
2013-12-01,Villanova Wildcats,88.0,home,0.3886201733,-3.1668684629,True,5.0
2013-12-01,Iowa Hawkeyes,83.0,away,0.6113798267,3.1668684629,False,-5.0
2013-12-01,Sacramento State Hornets,53.0,home,0.3766715272,-3.1395963881,False,-26.0
2013-12-01,UC Irvine Anteaters,79.0,away,0.6233284728,3.1395963881,True,26.0
2013-12-01,Fresno State Bulldogs,96.0,home,0.6662699031,4.5257223129,True,10.0
2013-12-01,Cal State Bakersfield Roadrunners,86.0,away,0.33373009689999994,-4.5257223129,False,-10.0
2013-12-01,Wyoming Cowboys,79.0,home,0.9148856754000001,13.6173076081,True,25.0
2013-12-01,Montana State Bobcats,54.0,away,0.0851143246,-13.6173076081,False,-25.0
2013-12-01,Saint Mary's Gaels,89.0,home,0.9312068826,15.430791681,True,25.0
2013-12-01,Murray State Racers,64.0,away,0.0687931174,-15.430791681,False,-25.0
2013-12-01,Green Bay Phoenix,67.0,home,0.6754592011,5.1219863415,True,8.0
2013-12-01,Tulsa Golden Hurricane,59.0,away,0.3245407989,-5.1219863415,False,-8.0
2013-12-01,Harvard Crimson,71.0,home,0.8848502442,12.1158499056,True,21.0
2013-12-01,TCU Horned Frogs,50.0,away,0.1151497558,-12.1158499056,False,-21.0
2013-12-01,San Francisco Dons,76.0,home,0.8357940398,11.5049594861,False,-14.0
2013-12-01,Illinois State Redbirds,90.0,away,0.1642059602,-11.5049594861,True,14.0
2013-12-01,North Dakota State Bison,87.0,home,0.8251949775,9.461664444,True,17.0
2013-12-01,Rider Broncs,70.0,away,0.17480502250000002,-9.461664444,False,-17.0
2013-12-06,Coastal Carolina Chanticleers,89.0,home,0.9919094034,33.5685086514,True,35.0
2013-12-06,NC Wesleyan Battling Bishops,54.0,away,0.0080905966,-33.5685086514,False,-35.0
2013-12-06,San Diego Toreros,64.0,home,0.2253223977,-7.6114311899,False,-1.0
2013-12-06,San Diego State Aztecs,65.0,away,0.7746776023000002,7.6114311899,True,1.0
2013-12-06,VCU Rams,71.0,home,0.8194550240000001,10.2405348638,True,3.0
2013-12-06,Eastern Kentucky Colonels,68.0,away,0.18054497600000002,-10.2405348638,False,-3.0
2013-12-06,North Carolina A&T Aggies,62.0,home,0.2650590625,-6.4734643636,True,3.0
2013-12-06,Wright State Raiders,59.0,away,0.7349409375,6.4734643636,False,-3.0
2013-12-05,Oklahoma Sooners,78.0,home,0.9242354881,15.999441956,True,22.0
2013-12-05,Texas A&M-Corpus Christi Islanders,56.0,away,0.0757645119,-15.999441956,False,-22.0
2013-12-06,Presbyterian Blue Hose,91.0,home,0.9544195729,19.6187489164,True,33.0
2013-12-06,Montreat Cavaliers,58.0,away,0.04558042710000001,-19.6187489164,False,-33.0
2013-12-06,Seton Hall Pirates,92.0,home,0.9289899932,15.9985567202,True,11.0
2013-12-06,Long Island University Sharks,81.0,away,0.0710100068,-15.9985567202,False,-11.0
2013-12-06,Monmouth Hawks,83.0,home,0.3940317923,-2.8696377341,False,-6.0
2013-12-06,Rider Broncs,89.0,away,0.6059682077,2.8696377341,True,6.0
2013-12-06,Lipscomb Bisons,87.0,home,0.5137875655,0.3665883889,True,8.0
2013-12-06,Tennessee Tech Golden Eagles,79.0,away,0.4862124345,-0.3665883889,False,-8.0
2013-12-06,Missouri Tigers,80.0,home,0.6431575975,3.8793868573,True,9.0
2013-12-06,West Virginia Mountaineers,71.0,away,0.35684240250000004,-3.8793868573,False,-9.0
2013-12-06,Mississippi State Bulldogs,61.0,home,0.7933092831999999,8.3827179917,False,-10.0
2013-12-06,TCU Horned Frogs,71.0,away,0.2066907168,-8.3827179917,True,10.0
2013-12-06,Norfolk State Spartans,91.0,home,0.7640584536,8.2949406307,True,4.0
2013-12-06,Florida A&M Rattlers,87.0,away,0.23594154639999998,-8.2949406307,False,-4.0
2013-12-06,Alabama A&M Bulldogs,70.0,home,0.9820989173,26.6224700467,True,12.0
2013-12-06,Oakwood Ambassadors,58.0,away,0.0179010827,-26.6224700467,False,-12.0
2013-12-06,Rhode Island Rams,49.0,home,0.304997919,-4.9965902788,False,-1.0
2013-12-06,Providence Friars,50.0,away,0.695002081,4.9965902788,True,1.0
2013-12-06,Georgetown Hoyas,80.0,home,0.9506534518,18.4922907944,True,35.0
2013-12-06,High Point Panthers,45.0,away,0.04934654819999999,-18.4922907944,False,-35.0
2013-12-06,Northern Illinois Huskies,64.0,home,0.5163615383,0.3845949829,True,7.0
2013-12-06,Dartmouth Big Green,57.0,away,0.4836384617,-0.3845949829,False,-7.0
2013-12-06,Vanderbilt Commodores,69.0,home,0.8888206784,14.437688762,True,2.0
2013-12-06,Marshall Thundering Herd,67.0,away,0.1111793216,-14.437688762,False,-2.0
2013-12-06,Air Force Falcons,94.0,home,0.7043145967,5.4693691311,True,8.0
2013-12-06,South Dakota Coyotes,86.0,away,0.2956854033,-5.4693691311,False,-8.0
2013-12-06,Kansas State Wildcats,61.0,home,0.5408215141,1.0511345864,True,3.0
2013-12-06,Ole Miss Rebels,58.0,away,0.4591784859,-1.0511345864,False,-3.0
2013-12-06,Boise State Broncos,80.0,home,0.99864169,46.2747379642,True,28.0
2013-12-06,Carroll (MT) Fighting Saints,52.0,away,0.0013583100000000002,-46.2747379642,False,-28.0
2013-12-06,UC Riverside Highlanders,92.0,home,0.9830059532,27.6280948332,True,15.0
2013-12-06,La Verne Leopards,77.0,away,0.0169940468,-27.6280948332,False,-15.0
2013-12-06,Cal State Northridge Matadors,53.0,home,0.7448190788,6.6950911875,False,-5.0
2013-12-06,Seattle U Redhawks,58.0,away,0.2551809212,-6.6950911875,True,5.0
2013-12-06,Cal State Bakersfield Roadrunners,42.0,home,0.6504938269,3.7791532781,False,-18.0
2013-12-06,Santa Clara Broncos,60.0,away,0.3495061731,-3.7791532781,True,18.0
2013-12-04,Syracuse Orange,69.0,home,0.8452868793,10.8491677414,True,17.0
2013-12-04,Indiana Hoosiers,52.0,away,0.1547131207,-10.8491677414,False,-17.0
2013-12-04,Clemson Tigers,65.0,home,0.9600043169,18.1800373651,True,16.0
2013-12-04,South Carolina State Bulldogs,49.0,away,0.0399956831,-18.1800373651,False,-16.0
2013-12-04,St. Bonaventure Bonnies,67.0,home,0.9183931653999999,15.2157669991,True,9.0
2013-12-04,UMass Lowell River Hawks,58.0,away,0.0816068346,-15.2157669991,False,-9.0
2013-12-04,Old Dominion Monarchs,69.0,home,0.4229593688,-1.8843770178,False,-7.0
2013-12-04,North Carolina Central Eagles,76.0,away,0.5770406312,1.8843770178,True,7.0
2013-12-04,Florida International Panthers,59.0,home,0.9948600127999999,34.8885665909,False,-18.0
2013-12-04,Nova Southeastern Sharks,77.0,away,0.005139987199999999,-34.8885665909,True,18.0
2013-12-04,Duke Blue Devils,79.0,home,0.7975907078,8.5422781744,True,10.0
2013-12-04,Michigan Wolverines,69.0,away,0.2024092922,-8.5422781744,False,-10.0
2013-12-04,Iowa Hawkeyes,98.0,home,0.8027119882,9.5856302324,True,5.0
2013-12-04,Notre Dame Fighting Irish,93.0,away,0.19728801179999997,-9.5856302324,False,-5.0
2013-12-04,UCLA Bruins,89.0,home,0.9076593686,14.6514286658,True,13.0
2013-12-04,UC Santa Barbara Gauchos,76.0,away,0.0923406314,-14.6514286658,False,-13.0
2013-12-04,Eastern Michigan Eagles,57.0,home,0.43685240630000005,-1.7528817798,False,-12.0
2013-12-04,Massachusetts Minutemen,69.0,away,0.5631475937,1.7528817798,True,12.0
2013-12-04,Miami (OH) RedHawks,94.0,home,0.43456943369999995,-1.601805565,True,7.0
2013-12-04,Purdue Fort Wayne Mastodons,87.0,away,0.5654305663,1.601805565,False,-7.0
2013-12-04,Cincinnati Bearcats,86.0,home,0.8229520922,9.7317197509,True,36.0
2013-12-04,South Carolina Upstate Spartans,50.0,away,0.1770479078,-9.7317197509,False,-36.0
2013-12-04,East Carolina Pirates,96.0,home,0.9956676802,37.2458894975,True,18.0
2013-12-04,Fayetteville St Broncos,78.0,away,0.0043323198,-37.2458894975,False,-18.0
2013-12-04,Elon Phoenix,87.0,home,0.8257644024000002,11.494541888,True,17.0
2013-12-04,VMI Keydets,70.0,away,0.1742355976,-11.494541888,False,-17.0
2013-12-04,UNC Wilmington Seahawks,69.0,home,0.6949880703,4.7795571262,True,19.0
2013-12-04,Campbell Fighting Camels,50.0,away,0.3050119297,-4.7795571262,False,-19.0
2013-12-04,UNC Greensboro Spartans,66.0,home,0.8850393038,13.1246464074,False,-21.0
2013-12-04,Presbyterian Blue Hose,87.0,away,0.1149606962,-13.1246464074,True,21.0
2013-12-04,Stetson Hatters,56.0,home,0.6982945779,4.8284032611,True,4.0
2013-12-04,Bethune-Cookman Wildcats,52.0,away,0.3017054221,-4.8284032611,False,-4.0
2013-12-04,Virginia Tech Hokies,81.0,home,0.8406723555,10.9564204479,True,18.0
2013-12-04,Winthrop Eagles,63.0,away,0.1593276445,-10.9564204479,False,-18.0
2013-12-04,Jacksonville Dolphins,88.0,home,0.9901598572,33.3169132453,True,13.0
2013-12-04,Trinity College of Jacksonville Eagles,75.0,away,0.0098401428,-33.3169132453,False,-13.0
2013-12-04,Wagner Seahawks,65.0,home,0.752759409,7.2131947894,False,-12.0
2013-12-04,Lafayette Leopards,77.0,away,0.247240591,-7.2131947894,True,12.0
2013-12-04,Florida Atlantic Owls,75.0,home,0.3163312518,-5.175777896,True,11.0
2013-12-04,UCF Knights,64.0,away,0.6836687482000001,5.175777896,False,-11.0
2013-12-04,Georgia Tech Yellow Jackets,67.0,home,0.5832804847,2.0597600187,True,3.0
2013-12-04,Illinois Fighting Illini,64.0,away,0.4167195153,-2.0597600187,False,-3.0
2013-12-04,Pittsburgh Panthers,78.0,home,0.865728156,11.1772541794,True,9.0
2013-12-04,Penn State Nittany Lions,69.0,away,0.134271844,-11.1772541794,False,-9.0
2013-12-04,Middle Tennessee Blue Raiders,58.0,home,0.5697287797,1.7889479878,False,-12.0
2013-12-04,Belmont Bruins,70.0,away,0.43027122030000003,-1.7889479878,True,12.0
2013-12-04,Oral Roberts Golden Eagles,74.0,home,0.9930724489,32.4851224866,True,10.0
2013-12-04,Cameron Aggies,64.0,away,0.0069275511,-32.4851224866,False,-10.0
2013-12-04,Milwaukee Panthers,83.0,home,0.4379562329,-1.5924155658,True,11.0
2013-12-04,Northern Iowa Panthers,72.0,away,0.5620437671,1.5924155658,False,-11.0
2013-12-04,Omaha Mavericks,100.0,home,0.9917556834999999,34.2581921685,True,34.0
2013-12-04,Waldorf College Warriors,66.0,away,0.0082443165,-34.2581921685,False,-34.0
2013-12-04,Charleston Southern Buccaneers,80.0,home,0.7162518542,6.5109760015,False,-5.0
2013-12-04,Delaware Blue Hens,85.0,away,0.2837481458,-6.5109760015,True,5.0
2013-12-04,Little Rock Trojans,88.0,home,0.9942164761,35.8854067087,True,14.0
2013-12-04,Arkansas-Fort Smith Lions,74.0,away,0.0057835239,-35.8854067087,False,-14.0
2013-12-04,Tennessee State Tigers,65.0,home,0.7354830007,6.3980143619,False,-1.0
2013-12-04,Alabama A&M Bulldogs,66.0,away,0.2645169993,-6.3980143619,True,1.0
2013-12-04,Arkansas Razorbacks,111.0,home,0.9679292696,23.6453358377,True,46.0
2013-12-04,SE Louisiana Lions,65.0,away,0.0320707304,-23.6453358377,False,-46.0
2013-12-04,Grand Canyon Lopes,82.0,home,0.9875571011999998,29.2175563785,True,9.0
2013-12-04,Vanguard Lions,73.0,away,0.0124428988,-29.2175563785,False,-9.0
2013-12-04,Saint Louis Billikens,68.0,home,0.9986449555,44.3576475483,True,25.0
2013-12-04,Rockhurst Hawks,43.0,away,0.0013550445,-44.3576475483,False,-25.0
2013-12-04,Long Beach State Beach,61.0,home,0.22297476529999996,-7.6638714046,False,-17.0
2013-12-04,Creighton Bluejays,78.0,away,0.7770252346999998,7.6638714046,True,17.0
2013-12-04,Arizona Wildcats,79.0,home,0.9422780148999998,17.3330679383,True,21.0
2013-12-04,Texas Tech Red Raiders,58.0,away,0.0577219851,-17.3330679383,False,-21.0
2013-12-04,Abilene Christian Wildcats,93.0,home,0.9727534225,23.1959938971,True,40.0
2013-12-04,Randall University Saints,53.0,away,0.0272465775,-23.1959938971,False,-40.0
2013-12-04,UT Arlington Mavericks,81.0,home,0.9919910967,34.134410118,True,28.0
2013-12-04,Dallas Baptist Patriots,53.0,away,0.0080089033,-34.134410118,False,-28.0
2013-12-04,BYU Cougars,97.0,home,0.920364157,18.8756749862,True,30.0
2013-12-04,North Texas Mean Green,67.0,away,0.079635843,-18.8756749862,False,-30.0
2013-12-04,Colorado State Rams,62.0,home,0.41000447469999995,-2.4155128186,False,-5.0
2013-12-04,Colorado Buffaloes,67.0,away,0.5899955253,2.4155128186,True,5.0
2013-12-04,Minnesota Golden Gophers,71.0,home,0.5940134051,2.5129870075,True,10.0
2013-12-04,Florida State Seminoles,61.0,away,0.40598659490000005,-2.5129870075,False,-10.0
2013-12-04,Denver Pioneers,75.0,home,0.8183198639,8.6876887302,True,1.0
2013-12-04,Southern Jaguars,74.0,away,0.1816801361,-8.6876887302,False,-1.0
2013-12-04,Cal State Northridge Matadors,84.0,home,0.8949268226,13.5109220711,True,27.0
2013-12-04,Southern Utah Thunderbirds,57.0,away,0.1050731774,-13.5109220711,False,-27.0
2013-12-04,Boise State Broncos,69.0,home,0.8785861643,13.5203518675,True,2.0
2013-12-04,Utah Utes,67.0,away,0.1214138357,-13.5203518675,False,-2.0
2013-12-07,Niagara Purple Eagles,71.0,home,0.6868048626,5.5938471655,False,-13.0
2013-12-07,Siena Saints,84.0,away,0.3131951374,-5.5938471655,True,13.0
2013-12-07,Sam Houston Bearkats,77.0,home,0.6850246176,5.000252054,True,1.0
2013-12-07,James Madison Dukes,76.0,away,0.3149753824,-5.000252054,False,-1.0
2013-12-07,UConn Huskies,95.0,home,0.9815173804,28.0693329439,True,27.0
2013-12-07,Maine Black Bears,68.0,away,0.0184826196,-28.0693329439,False,-27.0
2013-12-07,Quinnipiac Bobcats,83.0,home,0.7403189702,6.8956668292,True,4.0
2013-12-07,Fairfield Stags,79.0,away,0.2596810298,-6.8956668292,False,-4.0
2013-12-07,DePaul Blue Demons,56.0,home,0.46126474,-0.9928015756,False,-22.0
2013-12-07,Arizona State Sun Devils,78.0,away,0.53873526,0.9928015756,True,22.0
2013-12-07,Marist Red Foxes,59.0,home,0.1996336479,-8.8419808146,False,-11.0
2013-12-07,Manhattan Jaspers,70.0,away,0.8003663521,8.8419808146,True,11.0
2013-12-07,Baylor Bears,67.0,home,0.2698676862,-6.067729818,True,5.0
2013-12-07,Kentucky Wildcats,62.0,away,0.7301323138,6.067729818,False,-5.0
2013-12-07,Oklahoma State Cowboys,79.0,home,0.946570361,18.6230865439,True,27.0
2013-12-07,South Carolina Gamecocks,52.0,away,0.053429639,-18.6230865439,False,-27.0
2013-12-07,Pittsburgh Panthers,85.0,home,0.9570786668,20.3174403248,True,17.0
2013-12-07,Loyola Marymount Lions,68.0,away,0.0429213332,-20.3174403248,False,-17.0
2013-12-07,Canisius Golden Griffins,82.0,home,0.7887462406,8.0618132442,True,15.0
2013-12-07,Saint Peter's Peacocks,67.0,away,0.2112537594,-8.0618132442,False,-15.0
2013-12-07,UC Santa Barbara Gauchos,72.0,home,0.3577620131,-3.4697111587,True,7.0
2013-12-07,California Golden Bears,65.0,away,0.6422379869,3.4697111587,False,-7.0
2013-12-07,Stephen F. Austin Lumberjacks,79.0,home,0.7197137241,5.6271282438,True,10.0
2013-12-07,Towson Tigers,69.0,away,0.2802862759,-5.6271282438,False,-10.0
2013-12-07,Idaho State Bengals,77.0,home,0.9887666863,29.9386785065,True,27.0
2013-12-07,Carroll (MT) Fighting Saints,50.0,away,0.0112333137,-29.9386785065,False,-27.0
2013-12-05,Villanova Wildcats,77.0,home,0.9206123937000001,17.1199121268,True,23.0
2013-12-05,Pennsylvania Quakers,54.0,away,0.0793876063,-17.1199121268,False,-23.0
2013-12-05,Fordham Rams,79.0,home,0.872446164,12.5527447815,True,31.0
2013-12-05,Furman Paladins,48.0,away,0.127553836,-12.5527447815,False,-31.0
2013-12-05,Dayton Flyers,56.0,home,0.9377418847,15.2496937463,True,10.0
2013-12-05,Delaware State Hornets,46.0,away,0.0622581153,-15.2496937463,False,-10.0
2013-12-05,Ohio State Buckeyes,76.0,home,0.8970732938,13.7133700276,True,16.0
2013-12-05,Maryland Terrapins,60.0,away,0.1029267062,-13.7133700276,False,-16.0
2013-12-05,La Salle Explorers,75.0,home,0.8717300022,11.7975020966,True,13.0
2013-12-05,Hartford Hawks,62.0,away,0.1282699978,-11.7975020966,False,-13.0
2013-12-05,Georgia Southern Eagles,75.0,home,0.9852033352,29.6719727271,True,9.0
2013-12-05,Brewton-Parker Wildcats,66.0,away,0.0147966648,-29.6719727271,False,-9.0
2013-12-05,App State Mountaineers,78.0,home,0.9853624073999999,28.1402879525,True,8.0
2013-12-05,North Greenville Crusaders,70.0,away,0.0146375926,-28.1402879525,False,-8.0
2013-12-05,Toledo Rockets,91.0,home,0.7361807878,6.9797805768,True,16.0
2013-12-05,Detroit Mercy Titans,75.0,away,0.2638192122,-6.9797805768,False,-16.0
2013-12-05,Ball State Cardinals,50.0,home,0.5069281106,0.1723065555,False,-19.0
2013-12-05,Valparaiso Beacons,69.0,away,0.4930718894,-0.1723065555,True,19.0
2013-12-05,Virginia Cavaliers,38.0,home,0.6375748254,3.1866723365,False,-10.0
2013-12-05,Wisconsin Badgers,48.0,away,0.3624251746,-3.1866723365,True,10.0
2013-12-05,Duquesne Dukes,94.0,home,0.9098977626999999,16.2394390396,True,6.0
2013-12-05,UMBC Retrievers,88.0,away,0.0901022373,-16.2394390396,False,-6.0
2013-12-05,Drexel Dragons,85.0,home,0.7813296594000001,7.6131451003,True,3.0
2013-12-05,Cleveland State Vikings,82.0,away,0.2186703406,-7.6131451003,False,-3.0
2013-12-05,William & Mary Tribe,60.0,home,0.3549129266,-3.6145092672,False,-11.0
2013-12-05,Richmond Spiders,71.0,away,0.6450870734,3.6145092672,True,11.0
2013-12-05,NJIT Highlanders,81.0,home,0.7984207277,9.7762229967,True,9.0
2013-12-05,Maine Black Bears,72.0,away,0.20157927229999997,-9.7762229967,False,-9.0
2013-12-05,Columbia Lions,81.0,home,0.794239535,8.0263296117,True,17.0
2013-12-05,Army Black Knights,64.0,away,0.205760465,-8.0263296117,False,-17.0
2013-12-05,Wake Forest Demon Deacons,72.0,home,0.9487537950000001,18.3512653795,True,15.0
2013-12-05,Tulane Green Wave,57.0,away,0.05124620500000001,-18.3512653795,False,-15.0
2013-12-05,Georgia State Panthers,71.0,home,0.9971029052,38.5071320927,True,17.0
2013-12-05,Young Harris College Mountain Lions,54.0,away,0.0028970948,-38.5071320927,False,-17.0
2013-12-05,Northeastern Huskies,64.0,home,0.2905894889,-5.3943933322,False,-8.0
2013-12-05,Harvard Crimson,72.0,away,0.7094105111000001,5.3943933322,True,8.0
2013-12-05,Iona Gaels,83.0,home,0.9468484401,18.7273845699,True,9.0
2013-12-05,Marist Red Foxes,74.0,away,0.0531515599,-18.7273845699,False,-9.0
2013-12-05,Navy Midshipmen,79.0,home,0.8974858087000002,13.7250658345,True,5.0
2013-12-05,The Citadel Bulldogs,74.0,away,0.1025141913,-13.7250658345,False,-5.0
2013-12-05,Charlotte 49ers,78.0,home,0.6898016047,5.4296218161,False,-9.0
2013-12-05,Davidson Wildcats,87.0,away,0.3101983953,-5.4296218161,True,9.0
2013-12-05,Hofstra Pride,59.0,home,0.6912636041,4.9681046912,False,-14.0
2013-12-05,Sacred Heart Pioneers,73.0,away,0.3087363959,-4.9681046912,True,14.0
2013-12-05,Saint Francis Red Flash,50.0,home,0.3063366783,-4.6552186721,False,-7.0
2013-12-05,Lehigh Mountain Hawks,57.0,away,0.6936633217000001,4.6552186721,True,7.0
2013-12-05,Stony Brook Seawolves,77.0,home,0.9186458373,14.604134598,True,15.0
2013-12-05,Fairleigh Dickinson Knights,62.0,away,0.08135416270000001,-14.604134598,False,-15.0
2013-12-05,Radford Highlanders,111.0,home,0.9919678237,33.0656472631,True,39.0
2013-12-05,Central Penn Knights,72.0,away,0.0080321763,-33.0656472631,False,-39.0
2013-12-05,Mount St. Mary's Mountaineers,70.0,home,0.8105038608000001,9.302607134,False,-4.0
2013-12-05,Binghamton Bearcats,74.0,away,0.1894961392,-9.302607134,True,4.0
2013-12-05,Central Connecticut Blue Devils,65.0,home,0.6471006109000002,4.0687546964,True,9.0
2013-12-05,New Hampshire Wildcats,56.0,away,0.3528993891,-4.0687546964,False,-9.0
2013-12-05,Gardner-Webb Runnin' Bulldogs,62.0,home,0.5579609518,1.3926409323,False,-3.0
2013-12-05,Wofford Terriers,65.0,away,0.4420390482,-1.3926409323,True,3.0
2013-12-05,Longwood Lancers,95.0,home,0.9719717574,24.9098872747,True,15.0
2013-12-05,WVU Tech Golden Bears,80.0,away,0.0280282426,-24.9098872747,False,-15.0
2013-12-05,Coastal Carolina Chanticleers,76.0,home,0.6079341387,2.9676309304,True,8.0
2013-12-05,Western Carolina Catamounts,68.0,away,0.3920658613,-2.9676309304,False,-8.0
2013-12-05,George Mason Patriots,66.0,home,0.6982973589,5.4431722417,False,-2.0
2013-12-05,South Florida Bulls,68.0,away,0.3017026411,-5.4431722417,True,2.0
2013-12-05,George Washington Revolutionaries,93.0,home,0.876662391,12.9029376947,True,6.0
2013-12-05,Rutgers Scarlet Knights,87.0,away,0.123337609,-12.9029376947,False,-6.0
2013-12-05,Holy Cross Crusaders,62.0,home,0.6434078907,3.4899506383,True,5.0
2013-12-05,UAlbany Great Danes,57.0,away,0.3565921093,-3.4899506383,False,-5.0
2013-12-05,NC State Wolfpack,69.0,home,0.6334748879,3.2493663185,True,21.0
2013-12-05,Northwestern Wildcats,48.0,away,0.3665251121,-3.2493663185,False,-21.0
2013-12-05,American University Eagles,76.0,home,0.8319716792,9.363960316,True,23.0
2013-12-05,Howard Bison,53.0,away,0.1680283208,-9.363960316,False,-23.0
2013-12-05,Loyola Maryland Greyhounds,87.0,home,0.9899660617000001,30.349990941,True,12.0
2013-12-05,Catholic Cardinals,75.0,away,0.0100339383,-30.349990941,False,-12.0
2013-12-05,Louisville Cardinals,90.0,home,0.9927077527999999,34.6050565133,True,28.0
2013-12-05,Kansas City Roos,62.0,away,0.007292247200000001,-34.6050565133,False,-28.0
2013-12-05,Kent State Golden Flashes,59.0,home,0.8172285963,8.8169428736,False,-7.0
2013-12-05,Bucknell Bison,66.0,away,0.1827714037,-8.8169428736,True,7.0
2013-12-05,Louisiana Tech Bulldogs,80.0,home,0.8183596296000001,10.7761330655,False,-9.0
2013-12-05,Louisiana Ragin' Cajuns,89.0,away,0.1816403704,-10.7761330655,True,9.0
2013-12-05,Yale Bulldogs,64.0,home,0.7255049386,6.2946030484,False,-8.0
2013-12-05,Bryant Bulldogs,72.0,away,0.2744950614,-6.2946030484,True,8.0
2013-12-05,Youngstown State Penguins,84.0,home,0.699576978,5.4526779057,True,8.0
2013-12-05,Robert Morris Colonials,76.0,away,0.300423022,-5.4526779057,False,-8.0
2013-12-05,UTSA Roadrunners,90.0,home,0.9704995691,23.6245062459,True,28.0
2013-12-05,Huston-Tillotson Rams,62.0,away,0.0295004309,-23.6245062459,False,-28.0
2013-12-05,Texas State Bobcats,79.0,home,0.9871842412,27.28468255,True,21.0
2013-12-05,Cedarville Yellow Jackets,58.0,away,0.0128157588,-27.28468255,False,-21.0
2013-12-05,Western Illinois Leathernecks,60.0,home,0.7046578444000001,4.7789520856,True,28.0
2013-12-05,Eastern Illinois Panthers,32.0,away,0.2953421556,-4.7789520856,False,-28.0
2013-12-05,South Dakota State Jackrabbits,88.0,home,0.9927253223,34.0361458927,True,26.0
2013-12-05,Dakota State Trojans,62.0,away,0.007274677699999999,-34.0361458927,False,-26.0
2013-12-05,Samford Bulldogs,73.0,home,0.7152175475,6.0627878624,False,-16.0
2013-12-05,UT Martin Skyhawks,89.0,away,0.2847824525,-6.0627878624,True,16.0
2013-12-05,Incarnate Word Cardinals,77.0,home,0.9717205221,24.1848141861,True,10.0
2013-12-05,St. Edward's Hilltoppers,67.0,away,0.028279477900000002,-24.1848141861,False,-10.0
2013-12-05,Southern Miss Golden Eagles,74.0,home,0.8644808957,11.4369462048,True,14.0
2013-12-05,Morehead State Eagles,60.0,away,0.1355191043,-11.4369462048,False,-14.0
2013-12-05,Murray State Racers,65.0,home,0.6198799893,3.072453466,True,2.0
2013-12-05,Evansville Purple Aces,63.0,away,0.3801200107,-3.072453466,False,-2.0
2013-12-05,Alabama Crimson Tide,76.0,home,0.9300306470000002,16.3182555495,True,28.0
2013-12-05,North Florida Ospreys,48.0,away,0.069969353,-16.3182555495,False,-28.0
2013-12-05,Austin Peay Governors,74.0,home,0.6776963556,5.2155704212,False,-6.0
2013-12-05,East Tennessee State Buccaneers,80.0,away,0.3223036444,-5.2155704212,True,6.0
2013-12-05,Temple Owls,77.0,home,0.5507313911,1.3146857913,True,8.0
2013-12-05,Saint Joseph's Hawks,69.0,away,0.4492686089,-1.3146857913,False,-8.0
2013-12-05,Illinois State Redbirds,75.0,home,0.7765553785,8.5508048983,True,19.0
2013-12-05,Chicago State Cougars,56.0,away,0.2234446215,-8.5508048983,False,-19.0
2013-12-05,Texas A&M Aggies,74.0,home,0.8442250974,10.7776052139,True,17.0
2013-12-05,Houston Cougars,57.0,away,0.1557749026,-10.7776052139,False,-17.0
2013-12-05,UIC Flames,65.0,home,0.3494186528,-3.8851787307,False,-8.0
2013-12-05,SMU Mustangs,73.0,away,0.6505813471999999,3.8851787307,True,8.0
2013-12-05,Missouri State Bears,81.0,home,0.9969472396000001,38.3800122739,True,24.0
2013-12-05,Cameron Aggies,57.0,away,0.0030527603999999996,-38.3800122739,False,-24.0
2013-12-05,Houston Christian Huskies,73.0,home,0.6242647192,3.1123948197,True,2.0
2013-12-05,Rice Owls,71.0,away,0.3757352808,-3.1123948197,False,-2.0
2013-12-05,Tulsa Golden Hurricane,98.0,home,0.4642340528,-0.9805708233,True,27.0
2013-12-05,Texas Southern Tigers,71.0,away,0.5357659472,0.9805708233,False,-27.0
2013-12-05,Bradley Braves,66.0,home,0.8009864813,8.8496838994,False,-6.0
2013-12-05,IU Indianapolis Jaguars,72.0,away,0.1990135187,-8.8496838994,True,6.0
2013-12-05,Michigan State Spartans,65.0,home,0.8304825981,10.9056140651,False,-14.0
2013-12-05,North Carolina Tar Heels,79.0,away,0.16951740189999998,-10.9056140651,True,14.0
2013-12-05,Purdue Boilermakers,88.0,home,0.7050762017,5.6182518958,True,21.0
2013-12-05,Boston College Eagles,67.0,away,0.2949237983,-5.6182518958,False,-21.0
2013-12-05,Nebraska Cornhuskers,60.0,home,0.6963933671,4.6331936918,True,11.0
2013-12-05,Miami Hurricanes,49.0,away,0.3036066329,-4.6331936918,False,-11.0
2013-12-05,New Mexico State Aggies,70.0,home,0.7278680425,6.4750790672,False,-9.0
2013-12-05,New Mexico Lobos,79.0,away,0.2721319575,-6.4750790672,True,9.0
2013-12-05,Pepperdine Waves,64.0,home,0.5222845507,0.5654093912,False,-14.0
2013-12-05,Cal State Fullerton Titans,78.0,away,0.4777154493,-0.5654093912,True,14.0
2013-12-08,Ole Miss Rebels,105.0,home,0.6592691064999999,4.5632423426,False,-10.0
2013-12-08,Oregon Ducks,115.0,away,0.3407308935,-4.5632423426,True,10.0
2013-12-08,Manhattan Jaspers,75.0,home,0.9473242082,19.8227338281,True,9.0
2013-12-08,Monmouth Hawks,66.0,away,0.0526757918,-19.8227338281,False,-9.0
2013-12-08,San Diego State Aztecs,70.0,home,0.9160531267,15.8406129426,True,7.0
2013-12-08,Washington Huskies,63.0,away,0.0839468733,-15.8406129426,False,-7.0
2013-12-08,Colorado State Rams,109.0,home,0.996100882,37.8580420592,True,54.0
2013-12-08,Southwestern Oklahoma State Bulldogs,55.0,away,0.0038991180000000005,-37.8580420592,False,-54.0
2013-12-08,Niagara Purple Eagles,61.0,home,0.6149262523,3.1739426676,True,5.0
2013-12-08,Saint Peter's Peacocks,56.0,away,0.3850737477000001,-3.1739426676,False,-5.0
2013-12-08,VCU Rams,69.0,home,0.9544062409,20.1457007275,True,21.0
2013-12-08,Old Dominion Monarchs,48.0,away,0.0455937591,-20.1457007275,False,-21.0
2013-12-08,Fairfield Stags,72.0,home,0.2907503371,-6.0338280404,False,-11.0
2013-12-08,Iona Gaels,83.0,away,0.7092496629,6.0338280404,True,11.0
2013-12-08,George Mason Patriots,66.0,home,0.475914328,-0.6569962937,False,-15.0
2013-12-08,Oklahoma Sooners,81.0,away,0.524085672,0.6569962937,True,15.0
2013-12-08,Miami Hurricanes,60.0,home,0.5799971574,1.8863432129,False,-1.0
2013-12-08,Virginia Tech Hokies,61.0,away,0.4200028426,-1.8863432129,True,1.0
2013-12-08,Detroit Mercy Titans,70.0,home,0.7680337315999999,7.5901026436,True,2.0
2013-12-08,Rhode Island Rams,68.0,away,0.2319662684,-7.5901026436,False,-2.0
2013-12-08,App State Mountaineers,59.0,home,0.2838718365,-6.175445033,False,-18.0
2013-12-08,Charlotte 49ers,77.0,away,0.7161281635000001,6.175445033,True,18.0
2013-12-08,Rider Broncs,90.0,home,0.5309441727,0.836436565,True,12.0
2013-12-08,Quinnipiac Bobcats,78.0,away,0.4690558273,-0.836436565,False,-12.0
2013-12-08,Texas A&M-Corpus Christi Islanders,77.0,home,0.9831142395000001,25.4147953553,False,-5.0
2013-12-08,Texas Permian Basin Falcons,82.0,away,0.0168857605,-25.4147953553,True,5.0
2013-12-08,Maryland Terrapins,75.0,home,0.4602142661,-1.0498939913,False,-2.0
2013-12-08,George Washington Revolutionaries,77.0,away,0.5397857339,1.0498939913,True,2.0
2013-12-08,East Carolina Pirates,77.0,home,0.996059725,37.6868170126,True,2.0
2013-12-08,Mount Olive Trojans,75.0,away,0.003940275,-37.6868170126,False,-2.0
2013-12-08,Canisius Golden Griffins,93.0,home,0.8349287906,10.1793290655,True,15.0
2013-12-08,Siena Saints,78.0,away,0.1650712094,-10.1793290655,False,-15.0
2013-12-08,Auburn Tigers,62.0,home,0.19845365400000003,-8.2668860309,False,-19.0
2013-12-08,Illinois Fighting Illini,81.0,away,0.801546346,8.2668860309,True,19.0
2013-12-08,Creighton Bluejays,82.0,home,0.9111421137,14.8418594531,True,15.0
2013-12-08,Nebraska Cornhuskers,67.0,away,0.08885788629999998,-14.8418594531,False,-15.0
2013-12-08,Florida State Seminoles,77.0,home,0.9479807244,18.1523791464,True,24.0
2013-12-08,Jacksonville State Gamecocks,53.0,away,0.0520192756,-18.1523791464,False,-24.0
2013-12-09,USC Trojans,78.0,home,0.42954852940000005,-1.7811535919,True,16.0
2013-12-09,Boston College Eagles,62.0,away,0.5704514706,1.7811535919,False,-16.0
2013-12-09,Saint Mary's Gaels,93.0,home,0.9247530548,15.6907347622,True,28.0
2013-12-09,Eastern Washington Eagles,65.0,away,0.0752469452,-15.6907347622,False,-28.0
2013-12-09,Rutgers Scarlet Knights,71.0,home,0.3638938733,-3.6353868474,False,-6.0
2013-12-09,Seton Hall Pirates,77.0,away,0.6361061267,3.6353868474,True,6.0
2013-12-10,Lehigh Mountain Hawks,76.0,home,0.8200620791,9.5366165498,True,7.0
2013-12-10,Long Island University Sharks,69.0,away,0.1799379209,-9.5366165498,False,-7.0
2013-12-10,VMI Keydets,110.0,home,0.9909535233,36.7482254225,True,32.0
2013-12-10,Virginia-Lynchburg Dragons,78.0,away,0.0090464767,-36.7482254225,False,-32.0
2013-12-10,Butler Bulldogs,100.0,home,0.9971596998,37.6210590003,True,59.0
2013-12-10,Manchester Spartans,41.0,away,0.0028403002,-37.6210590003,False,-59.0
2013-12-10,Middle Tennessee Blue Raiders,115.0,home,0.9961336766,37.8502139238,True,50.0
2013-12-10,Fisk Bulldogs,65.0,away,0.0038663234,-37.8502139238,False,-50.0
2013-12-10,Columbia Lions,78.0,home,0.8773142358,11.2255822522,True,39.0
2013-12-10,UMass Lowell River Hawks,39.0,away,0.1226857642,-11.2255822522,False,-39.0
2013-12-10,Iowa Hawkeyes,92.0,home,0.9935734843,32.4413671049,True,33.0
2013-12-10,Fairleigh Dickinson Knights,59.0,away,0.0064265157,-32.4413671049,False,-33.0
2013-12-10,UL Monroe Warhawks,84.0,home,0.0,0.0,True,23.0
2013-12-10,Thomas (ME) Terriers,61.0,away,0.0,0.0,False,-23.0
2013-12-10,Houston Cougars,89.0,home,0.8177236239,9.4413085235,True,31.0
2013-12-10,Alcorn State Braves,58.0,away,0.1822763761,-9.4413085235,False,-31.0
2013-12-10,Hampton Pirates,85.0,home,0.8619788367,11.4307798648,True,33.0
2013-12-10,Bethune-Cookman Wildcats,52.0,away,0.1380211633,-11.4307798648,False,-33.0
2013-12-10,Notre Dame Fighting Irish,70.0,home,0.9169447434,15.6069487856,True,11.0
2013-12-10,Bryant Bulldogs,59.0,away,0.0830552566,-15.6069487856,False,-11.0
2013-12-10,Air Force Falcons,94.0,home,0.9904241856999999,29.889983482,True,41.0
2013-12-10,Western State Colorado University Mountaineers,53.0,away,0.0095758143,-29.889983482,False,-41.0
2013-12-13,Boston College Eagles,80.0,home,0.5455622533,1.1381399904,False,-8.0
2013-12-13,Maryland Terrapins,88.0,away,0.4544377467,-1.1381399904,True,8.0
2013-12-13,UNC Asheville Bulldogs,92.0,home,0.9853681236,26.7523558175,True,36.0
2013-12-13,Bluefield University Ramblin' Rams,56.0,away,0.0146318764,-26.7523558175,False,-36.0
2013-12-13,NJIT Highlanders,93.0,home,0.6865862162,4.9516044104,False,-3.0
2013-12-13,Long Island University Sharks,96.0,away,0.3134137838,-4.9516044104,True,3.0
2013-12-13,DePaul Blue Demons,81.0,home,0.8641694583999999,11.574747277,True,11.0
2013-12-13,Florida Atlantic Owls,70.0,away,0.1358305416,-11.574747277,False,-11.0
2013-12-13,Arkansas Razorbacks,72.0,home,0.9741657591,24.5227539695,True,29.0
2013-12-13,Savannah State Tigers,43.0,away,0.0258342409,-24.5227539695,False,-29.0
2013-12-13,Charleston Cougars,68.0,home,0.9904565831,29.3921508639,True,14.0
2013-12-13,Coker Cobras,54.0,away,0.0095434169,-29.3921508639,False,-14.0
2013-12-12,George Washington Revolutionaries,70.0,home,0.8493857525,10.9942139266,True,10.0
2013-12-12,Boston University Terriers,60.0,away,0.1506142475,-10.9942139266,False,-10.0
2013-12-12,Duquesne Dukes,59.0,home,0.3546796794,-3.9167162309,False,-9.0
2013-12-12,Penn State Nittany Lions,68.0,away,0.6453203206000001,3.9167162309,True,9.0
2013-12-11,Niagara Purple Eagles,83.0,home,0.270099935,-7.0926113172,True,11.0
2013-12-11,Davidson Wildcats,72.0,away,0.729900065,7.0926113172,False,-11.0
2013-12-11,UNC Greensboro Spartans,75.0,home,0.9842315942,28.4284729667,True,5.0
2013-12-11,Claflin Panthers,70.0,away,0.0157684058,-28.4284729667,False,-5.0
2013-12-12,UCF Knights,79.0,home,0.9507147441000001,19.3126471803,True,15.0
2013-12-12,Howard Bison,64.0,away,0.0492852559,-19.3126471803,False,-15.0
2013-12-12,Notre Dame Fighting Irish,69.0,home,0.6494300415,3.707947392,False,-4.0
2013-12-12,North Dakota State Bison,73.0,away,0.3505699585,-3.707947392,True,4.0
2013-12-12,Wisconsin Badgers,78.0,home,0.9407960676,16.879306039,True,26.0
2013-12-12,Milwaukee Panthers,52.0,away,0.0592039324,-16.879306039,False,-26.0
2013-12-12,Bowling Green Falcons,79.0,home,0.6669151271,4.8661542146,True,10.0
2013-12-12,North Dakota Fighting Hawks,69.0,away,0.3330848729,-4.8661542146,False,-10.0
2013-12-12,Coppin State Eagles,91.0,home,0.760041374,7.6891604711,True,20.0
2013-12-12,UMBC Retrievers,71.0,away,0.23995862600000004,-7.6891604711,False,-20.0
2013-12-12,Arizona Wildcats,74.0,home,0.8723995718,12.2631076263,True,26.0
2013-12-12,New Mexico State Aggies,48.0,away,0.1276004282,-12.2631076263,False,-26.0
2013-12-12,Ohio State Buckeyes,86.0,home,0.9718594897,22.5774952348,True,38.0
2013-12-12,Bryant Bulldogs,48.0,away,0.028140510299999998,-22.5774952348,False,-38.0
2013-12-12,Rutgers Scarlet Knights,73.0,home,0.356015721,-3.6167551841,False,-5.0
2013-12-12,Princeton Tigers,78.0,away,0.643984279,3.6167551841,True,5.0
2013-12-12,Jacksonville State Gamecocks,63.0,home,0.7607873029,6.8440606376,True,11.0
2013-12-12,Alcorn State Braves,52.0,away,0.2392126971,-6.8440606376,False,-11.0
2013-12-12,Buffalo Bulls,55.0,home,0.5582188626,1.4869225116,False,-14.0
2013-12-12,Canisius Golden Griffins,69.0,away,0.4417811374,-1.4869225116,True,14.0
2013-12-12,BYU Cougars,100.0,home,0.9644815063,24.3173983699,True,48.0
2013-12-12,Prairie View A&M Panthers,52.0,away,0.0355184937,-24.3173983699,False,-48.0
2013-12-12,Colorado State Rams,70.0,home,0.6883090467000001,4.4972376405,False,-10.0
2013-12-12,Denver Pioneers,80.0,away,0.3116909533,-4.4972376405,True,10.0
2013-12-12,Montana Grizzlies,69.0,home,0.7166607941,5.3455430689,True,11.0
2013-12-12,Idaho Vandals,58.0,away,0.2833392059,-5.3455430689,False,-11.0
2013-12-12,Louisiana Tech Bulldogs,93.0,home,0.9271019309999999,20.1133849596,True,22.0
2013-12-12,Northwestern State Demons,71.0,away,0.072898069,-20.1133849596,False,-22.0
2013-12-12,Utah Valley Wolverines,62.0,home,0.5201625776,0.4758976308,True,3.0
2013-12-12,Weber State Wildcats,59.0,away,0.4798374224,-0.4758976308,False,-3.0
2013-12-11,Eastern Michigan Eagles,67.0,home,0.6430834508,3.7444678454,True,9.0
2013-12-11,Green Bay Phoenix,58.0,away,0.3569165492,-3.7444678454,False,-9.0
2013-12-11,Indiana Hoosiers,81.0,home,0.8583783194,12.2144395009,True,27.0
2013-12-11,Oakland Golden Grizzlies,54.0,away,0.1416216806,-12.2144395009,False,-27.0
2013-12-11,Florida Gators,67.0,home,0.7981333655,8.2686511747,True,6.0
2013-12-11,Kansas Jayhawks,61.0,away,0.2018666345,-8.2686511747,False,-6.0
2013-12-11,Xavier Musketeers,63.0,home,0.8877495688,13.1574391353,True,3.0
2013-12-11,Evansville Purple Aces,60.0,away,0.1122504312,-13.1574391353,False,-3.0
2013-12-11,Chattanooga Mocs,86.0,home,0.990714987,34.1842730855,True,18.0
2013-12-11,Hiwassee Tigers,68.0,away,0.009285013,-34.1842730855,False,-18.0
2013-12-11,Brown Bears,68.0,home,0.6788811225000001,4.6752476907,False,-6.0
2013-12-11,UAlbany Great Danes,74.0,away,0.3211188775,-4.6752476907,True,6.0
2013-12-11,West Virginia Mountaineers,76.0,home,0.6059959681,2.7516408323,False,-4.0
2013-12-11,Gonzaga Bulldogs,80.0,away,0.3940040319,-2.7516408323,True,4.0
2013-12-11,Kentucky Wildcats,70.0,home,0.8850699273000001,13.4994176114,True,15.0
2013-12-11,Boise State Broncos,55.0,away,0.1149300727,-13.4994176114,False,-15.0
2013-12-11,Furman Paladins,93.0,home,0.9803243424,25.2518484517,False,-4.0
2013-12-11,Mars Hill Mountain Lions,97.0,away,0.0196756576,-25.2518484517,True,4.0
2013-12-11,IU Indianapolis Jaguars,94.0,home,0.9911483125000001,31.5728536839,True,22.0
2013-12-11,Cincinnati Christian Eagles,72.0,away,0.0088516875,-31.5728536839,False,-22.0
2013-12-11,Campbell Fighting Camels,65.0,home,0.9859240847000001,26.1469612923,False,-2.0
2013-12-11,Chowan Hawks,67.0,away,0.014075915299999998,-26.1469612923,True,2.0
2013-12-11,Tulsa Golden Hurricane,78.0,home,0.6309578284,3.6914655889,True,14.0
2013-12-11,Little Rock Trojans,64.0,away,0.3690421716,-3.6914655889,False,-14.0
2013-12-11,Colgate Raiders,73.0,home,0.6575948349,4.3650956569,False,-4.0
2013-12-11,Fordham Rams,77.0,away,0.34240516509999996,-4.3650956569,True,4.0
2013-12-11,St. Francis Brooklyn Terriers,58.0,home,0.8500611196,11.3562986955,False,-15.0
2013-12-11,Monmouth Hawks,73.0,away,0.1499388804,-11.3562986955,True,15.0
2013-12-11,Towson Tigers,102.0,home,0.992555769,32.7287777454,True,30.0
2013-12-11,Central Penn Knights,72.0,away,0.007444231,-32.7287777454,False,-30.0
2013-12-11,Minnesota Golden Gophers,75.0,home,0.8553092793,11.293797846,True,16.0
2013-12-11,South Dakota State Jackrabbits,59.0,away,0.1446907207,-11.293797846,False,-16.0
2013-12-11,Central Connecticut Blue Devils,73.0,home,0.5444017577,1.1644763183,True,14.0
2013-12-11,Hartford Hawks,59.0,away,0.4555982423,-1.1644763183,False,-14.0
2013-12-11,Illinois Fighting Illini,72.0,home,0.9152194811999999,13.6579130945,True,7.0
2013-12-11,Dartmouth Big Green,65.0,away,0.08478051879999998,-13.6579130945,False,-7.0
2013-12-11,Northern Iowa Panthers,55.0,home,0.9237834721999999,15.11557166,True,5.0
2013-12-11,Savannah State Tigers,50.0,away,0.0762165278,-15.11557166,False,-5.0
2013-12-11,Bradley Braves,61.0,home,0.6364499713,3.5221646017,False,-4.0
2013-12-11,Purdue Fort Wayne Mastodons,65.0,away,0.36355002869999997,-3.5221646017,True,4.0
2013-12-11,Omaha Mavericks,93.0,home,0.6681533504000001,4.7395448724,True,5.0
2013-12-11,Cal State Bakersfield Roadrunners,88.0,away,0.3318466496,-4.7395448724,False,-5.0
2013-12-11,San Diego Toreros,84.0,home,0.9946785778999999,33.9914424772,True,37.0
2013-12-11,Pacifica College Gladiators,47.0,away,0.0053214221,-33.9914424772,False,-37.0
2013-12-11,Utah Utes,74.0,home,0.852216552,10.8092742696,True,8.0
2013-12-11,Idaho State Bengals,66.0,away,0.147783448,-10.8092742696,False,-8.0
2013-12-11,Kansas State Wildcats,64.0,home,0.886513257,12.7263212503,True,2.0
2013-12-11,South Dakota Coyotes,62.0,away,0.113486743,-12.7263212503,False,-2.0
2013-12-11,Seton Hall Pirates,71.0,home,0.9183302473,14.4883898041,True,16.0
2013-12-11,NJIT Highlanders,55.0,away,0.0816697527,-14.4883898041,False,-16.0
2013-12-11,Northern Colorado Bears,96.0,home,0.9934590528,34.4147371966,True,39.0
2013-12-11,Colorado College Tigers,57.0,away,0.0065409472,-34.4147371966,False,-39.0
2013-12-11,California Golden Bears,92.0,home,0.8824465006,12.6648174668,True,8.0
2013-12-11,Nevada Wolf Pack,84.0,away,0.1175534994,-12.6648174668,False,-8.0
2013-12-14,Iowa State Cyclones,85.0,home,0.4411266579,-1.7347520138,True,3.0
2013-12-14,Iowa Hawkeyes,82.0,away,0.5588733421,1.7347520138,False,-3.0
2013-12-14,Colorado Buffaloes,80.0,home,0.8787443687,12.8000633757,True,17.0
2013-12-14,Elon Phoenix,63.0,away,0.1212556313,-12.8000633757,False,-17.0
2013-12-14,Oregon State Beavers,77.0,home,0.9418398433,18.175184048,True,14.0
2013-12-14,Arkansas-Pine Bluff Golden Lions,63.0,away,0.05816015669999999,-18.175184048,False,-14.0
2013-12-14,Oral Roberts Golden Eagles,67.0,home,0.4637576031,-0.8901135949,False,-3.0
2013-12-14,Missouri State Bears,70.0,away,0.5362423969,0.8901135949,True,3.0
2013-12-13,Maine Black Bears,80.0,home,0.4636312311,-1.0720377097,False,-10.0
2013-12-13,Army Black Knights,90.0,away,0.5363687689,1.0720377097,True,10.0
2013-12-14,Mississippi State Bulldogs,68.0,home,0.7319804631,6.3471791353,True,6.0
2013-12-14,SE Louisiana Lions,62.0,away,0.2680195369,-6.3471791353,False,-6.0
2013-12-14,Memphis Tigers,73.0,home,0.9586969434,21.7823420249,True,14.0
2013-12-14,Little Rock Trojans,59.0,away,0.04130305659999999,-21.7823420249,False,-14.0
2013-12-14,Loyola Chicago Ramblers,80.0,home,0.8229696616,8.302832802,True,12.0
2013-12-14,Campbell Fighting Camels,68.0,away,0.1770303384,-8.302832802,False,-12.0
2013-12-17,Northwestern Wildcats,86.0,home,0.9464854851999999,18.6190596915,True,22.0
2013-12-17,Mississippi Valley State Delta Devils,64.0,away,0.0535145148,-18.6190596915,False,-22.0
2013-12-17,Presbyterian Blue Hose,70.0,home,0.484559084,-0.3886719972,False,-3.0
2013-12-17,UT Martin Skyhawks,73.0,away,0.515440916,0.3886719972,True,3.0
2013-12-17,Oakland Golden Grizzlies,90.0,home,0.7338085242,6.7575003292,True,15.0
2013-12-17,Illinois State Redbirds,75.0,away,0.2661914758,-6.7575003292,False,-15.0
2013-12-17,East Tennessee State Buccaneers,108.0,home,0.9937547654,35.2550850629,True,21.0
2013-12-17,Tusculum Pioneers,87.0,away,0.0062452346,-35.2550850629,False,-21.0
2013-12-17,Cleveland State Vikings,66.0,home,0.8213095713,9.8686339097,True,11.0
2013-12-17,Western Carolina Catamounts,55.0,away,0.1786904287,-9.8686339097,False,-11.0
2013-12-17,Duke Blue Devils,85.0,home,0.9718529498000001,23.0281382795,True,19.0
2013-12-17,Gardner-Webb Runnin' Bulldogs,66.0,away,0.0281470502,-23.0281382795,False,-19.0
2013-12-17,Mercer Bears,70.0,home,0.9603753999,19.4904982164,True,26.0
2013-12-17,Alcorn State Braves,44.0,away,0.0396246001,-19.4904982164,False,-26.0
2013-12-17,Akron Zips,74.0,home,0.8269756586,10.0213170943,True,10.0
2013-12-17,Oral Roberts Golden Eagles,64.0,away,0.1730243414,-10.0213170943,False,-10.0
2013-12-17,Holy Cross Crusaders,73.0,home,0.6006150239,2.5448769178,False,-10.0
2013-12-17,Canisius Golden Griffins,83.0,away,0.3993849761,-2.5448769178,True,10.0
2013-12-17,Georgia Tech Yellow Jackets,74.0,home,0.9573645849000001,20.2589808963,True,17.0
2013-12-17,Kennesaw State Owls,57.0,away,0.0426354151,-20.2589808963,False,-17.0
2013-12-17,North Dakota State Bison,85.0,home,0.8420986541,10.7003827249,True,19.0
2013-12-17,Delaware Blue Hens,66.0,away,0.1579013459,-10.7003827249,False,-19.0
2013-12-17,Alabama State Hornets,59.0,home,0.4066637552,-2.2237909717,True,7.0
2013-12-17,Western Illinois Leathernecks,52.0,away,0.5933362448,2.2237909717,False,-7.0
2013-12-17,Chicago State Cougars,81.0,home,0.7036626128000001,5.7920889859,True,17.0
2013-12-17,SIU Edwardsville Cougars,64.0,away,0.2963373872,-5.7920889859,False,-17.0
2013-12-17,Incarnate Word Cardinals,96.0,home,0.9710347661000001,24.6316342463,True,36.0
2013-12-17,The Open Bible Open Bible,60.0,away,0.0289652339,-24.6316342463,False,-36.0
2013-12-17,Santa Clara Broncos,75.0,home,0.7045954566,5.3469318403,True,13.0
2013-12-17,Radford Highlanders,62.0,away,0.2954045434,-5.3469318403,False,-13.0
2013-12-17,UTEP Miners,69.0,home,0.9036903387000002,14.6377355985,False,-2.0
2013-12-17,New Orleans Privateers,71.0,away,0.09630966130000002,-14.6377355985,True,2.0
2013-12-17,Northern Colorado Bears,63.0,home,0.8597422736,11.655920418,True,3.0
2013-12-17,UC Riverside Highlanders,60.0,away,0.1402577264,-11.655920418,False,-3.0
2013-12-17,Grambling Tigers,83.0,home,0.8856309155999998,15.1084996849,True,8.0
2013-12-17,Central Baptist College Mustangs,75.0,away,0.1143690844,-15.1084996849,False,-8.0
2013-12-15,Miami (OH) RedHawks,59.0,home,0.2986685594,-5.2343454061,True,3.0
2013-12-15,Wright State Raiders,56.0,away,0.7013314406,5.2343454061,False,-3.0
2013-12-15,Villanova Wildcats,73.0,home,0.8379720109000001,10.6174179532,True,21.0
2013-12-15,La Salle Explorers,52.0,away,0.1620279891,-10.6174179532,False,-21.0
2013-12-15,Fairfield Stags,64.0,home,0.5575352841,1.4272345598,True,4.0
2013-12-15,Northeastern Huskies,60.0,away,0.4424647159000001,-1.4272345598,False,-4.0
2013-12-15,New Hampshire Wildcats,48.0,home,0.4152680942,-2.0743371965,False,-19.0
2013-12-15,Stony Brook Seawolves,67.0,away,0.5847319058,2.0743371965,True,19.0
2013-12-15,Northern Kentucky Norse,87.0,home,0.3991086874,-2.6341878443,True,16.0
2013-12-15,Chattanooga Mocs,71.0,away,0.6008913126,2.6341878443,False,-16.0
2013-12-15,Boston College Eagles,67.0,home,0.9974261333999999,38.295749263,True,17.0
2013-12-15,Philadelphia Rams,50.0,away,0.0025738666,-38.295749263,False,-17.0
2013-12-15,St. John's Red Storm,63.0,home,0.4102170697,-2.1299224448,False,-5.0
2013-12-15,Syracuse Orange,68.0,away,0.5897829303,2.1299224448,True,5.0
2013-12-16,Missouri Tigers,66.0,home,0.9051754151,14.3770740751,True,6.0
2013-12-16,Western Michigan Broncos,60.0,away,0.0948245849,-14.3770740751,False,-6.0
2013-12-15,Hofstra Pride,72.0,home,0.653928899,4.1368481901,True,5.0
2013-12-15,Central Connecticut Blue Devils,67.0,away,0.346071101,-4.1368481901,False,-5.0
2013-12-15,Boston University Terriers,82.0,home,0.8123180655,9.3770664551,False,-4.0
2013-12-15,Norfolk State Spartans,86.0,away,0.1876819345,-9.3770664551,True,4.0
2013-12-15,North Texas Mean Green,53.0,home,0.5649163168,1.6773151183,False,-34.0
2013-12-15,Stephen F. Austin Lumberjacks,87.0,away,0.4350836832,-1.6773151183,True,34.0
2013-12-15,Charleston Cougars,62.0,home,0.7381827939,6.0816406039,False,-7.0
2013-12-15,Marist Red Foxes,69.0,away,0.2618172061,-6.0816406039,True,7.0
2013-12-15,Morehead State Eagles,61.0,home,0.7397427803,7.0023810821,False,-6.0
2013-12-15,Bowling Green Falcons,67.0,away,0.2602572197,-7.0023810821,True,6.0
2013-12-15,Davidson Wildcats,58.0,home,0.3742840988,-3.1370835478,False,-14.0
2013-12-15,Drexel Dragons,72.0,away,0.6257159012,3.1370835478,True,14.0
2013-12-15,UNC Wilmington Seahawks,72.0,home,0.2590031879,-6.8780793773,False,-5.0
2013-12-15,Manhattan Jaspers,77.0,away,0.7409968121,6.8780793773,True,5.0
2013-12-15,Vermont Catamounts,67.0,home,0.6239327586,3.1693037866,False,-13.0
2013-12-15,Quinnipiac Bobcats,80.0,away,0.3760672414,-3.1693037866,True,13.0
2013-12-15,Winthrop Eagles,80.0,home,0.7816276446,8.2255338811,True,8.0
2013-12-15,App State Mountaineers,72.0,away,0.2183723554,-8.2255338811,False,-8.0
2013-12-15,TCU Horned Frogs,57.0,home,0.7796434794,7.8004426225,True,9.0
2013-12-15,UT Rio Grande Valley Vaqueros,48.0,away,0.2203565206,-7.8004426225,False,-9.0
2013-12-15,Texas Tech Red Raiders,79.0,home,0.9268007288999999,17.0635518775,True,22.0
2013-12-15,Central Arkansas Bears,57.0,away,0.0731992711,-17.0635518775,False,-22.0
2013-12-15,Sacred Heart Pioneers,72.0,home,0.577730442,1.9827001624,False,-12.0
2013-12-15,Hartford Hawks,84.0,away,0.422269558,-1.9827001624,True,12.0
2013-12-15,Denver Pioneers,64.0,home,0.5133200821,0.2748636995,True,3.0
2013-12-15,Wyoming Cowboys,61.0,away,0.4866799178999999,-0.2748636995,False,-3.0
2013-12-15,Cal State Fullerton Titans,87.0,home,0.6149385346,3.0628144683,True,7.0
2013-12-15,Texas Southern Tigers,80.0,away,0.3850614654,-3.0628144683,False,-7.0
2013-12-15,South Carolina Upstate Spartans,63.0,home,0.8696501414,11.2560132356,False,-10.0
2013-12-15,UNC Asheville Bulldogs,73.0,away,0.1303498586,-11.2560132356,True,10.0
2013-12-15,Lamar Cardinals,74.0,home,0.3330896403,-4.6596354966,False,-5.0
2013-12-15,Tennessee Tech Golden Eagles,79.0,away,0.6669103597,4.6596354966,True,5.0
2013-12-15,San Diego Toreros,61.0,home,0.5603354083,1.4088326857,False,-11.0
2013-12-15,UC Santa Barbara Gauchos,72.0,away,0.4396645917,-1.4088326857,True,11.0
2013-12-15,DePaul Blue Demons,77.0,home,0.8859894259,13.6160338542,True,7.0
2013-12-15,Chicago State Cougars,70.0,away,0.1140105741,-13.6160338542,False,-7.0
2013-12-15,North Dakota Fighting Hawks,78.0,home,0.9950019741,38.3445861018,True,46.0
2013-12-15,Presentation College Saints,32.0,away,0.0049980259,-38.3445861018,False,-46.0
2013-12-15,Seattle U Redhawks,66.0,home,0.9941590163,34.1710890273,True,28.0
2013-12-15,Pacific Lutheran Lutes,38.0,away,0.0058409837,-34.1710890273,False,-28.0
2013-12-15,Portland Pilots,69.0,home,0.8041151048999999,9.3652743581,False,-3.0
2013-12-15,Montana State Bobcats,72.0,away,0.1958848951,-9.3652743581,True,3.0
2013-12-15,Eastern Washington Eagles,61.0,home,0.60768491,2.9183672499,False,-9.0
2013-12-15,UC Irvine Anteaters,70.0,away,0.39231509,-2.9183672499,True,9.0
2013-12-15,Howard Bison,64.0,home,0.24715173929999998,-6.1015168416,True,2.0
2013-12-15,Delaware State Hornets,62.0,away,0.7528482607,6.1015168416,False,-2.0
2013-12-15,Oregon State Beavers,98.0,home,0.9248525321999999,17.04143211,True,32.0
2013-12-15,Maryland Eastern Shore Hawks,66.0,away,0.0751474678,-17.04143211,False,-32.0
2013-12-15,Tennessee State Tigers,108.0,home,0.9894653384000001,30.9245681266,True,23.0
2013-12-15,Fisk Bulldogs,85.0,away,0.0105346616,-30.9245681266,False,-23.0
2013-12-16,Washington State Cougars,78.0,home,0.8422137282,10.112773954,True,17.0
2013-12-16,Pepperdine Waves,61.0,away,0.1577862718,-10.112773954,False,-17.0
2013-12-15,Kansas State Wildcats,72.0,home,0.9022319482000001,13.287243574,True,29.0
2013-12-15,Troy Trojans,43.0,away,0.0977680518,-13.287243574,False,-29.0
2013-12-16,Montana Grizzlies,73.0,home,0.9957157476999999,33.3894898635,True,16.0
2013-12-16,Saint Martin's Saints,57.0,away,0.0042842523,-33.3894898635,False,-16.0
2013-12-16,UAB Blazers,84.0,home,0.8875102513,13.9881226427,True,22.0
2013-12-16,Georgia Southern Eagles,62.0,away,0.1124897487,-13.9881226427,False,-22.0
2013-12-16,USC Trojans,63.0,home,0.6241892365,3.2949993735,True,4.0
2013-12-16,Cal State Bakersfield Roadrunners,59.0,away,0.3758107635,-3.2949993735,False,-4.0
2013-12-07,Memphis Tigers,96.0,home,0.9695958854,27.8070078386,True,20.0
2013-12-07,Northwestern State Demons,76.0,away,0.0304041146,-27.8070078386,False,-20.0
2013-12-07,Saint Joseph's Hawks,68.0,home,0.38251118630000003,-3.1391921703,False,-30.0
2013-12-07,Villanova Wildcats,98.0,away,0.6174888137,3.1391921703,True,30.0
2013-12-08,Wichita State Shockers,71.0,home,0.9188704973,14.7831468679,True,13.0
2013-12-08,Oral Roberts Golden Eagles,58.0,away,0.0811295027,-14.7831468679,False,-13.0
2013-12-07,Louisville Cardinals,113.0,home,0.9383458928999999,18.6192722114,True,39.0
2013-12-07,Louisiana Ragin' Cajuns,74.0,away,0.061654107099999994,-18.6192722114,False,-39.0
2013-12-08,Gonzaga Bulldogs,80.0,home,0.8834832279,12.8480268115,True,12.0
2013-12-08,New Mexico State Aggies,68.0,away,0.11651677209999999,-12.8480268115,False,-12.0
2013-12-07,Wisconsin Badgers,70.0,home,0.7927990179999999,7.8242467945,True,6.0
2013-12-07,Marquette Golden Eagles,64.0,away,0.20720098199999998,-7.8242467945,False,-6.0
2013-12-07,Missouri Tigers,80.0,home,0.536066483,0.9893459511,True,9.0
2013-12-07,UCLA Bruins,71.0,away,0.463933517,-0.9893459511,False,-9.0
2013-12-07,Colorado Buffaloes,75.0,home,0.4846157902,-0.4012132509,True,3.0
2013-12-07,Kansas Jayhawks,72.0,away,0.5153842098,0.4012132509,False,-3.0
2013-12-07,Massachusetts Minutemen,105.0,home,0.5660054669,2.0305743277,True,9.0
2013-12-07,BYU Cougars,96.0,away,0.4339945331000001,-2.0305743277,False,-9.0
2013-12-08,Syracuse Orange,93.0,home,0.9892263891,27.8131421306,True,28.0
2013-12-08,Binghamton Bearcats,65.0,away,0.0107736109,-27.8131421306,False,-28.0
2013-12-08,Illinois State Redbirds,81.0,home,0.2471294684,-7.4997711303,True,6.0
2013-12-08,Dayton Flyers,75.0,away,0.7528705316,7.4997711303,False,-6.0
2013-12-07,Georgetown Hoyas,61.0,home,0.9532790035,18.7722159524,True,6.0
2013-12-07,Colgate Raiders,55.0,away,0.0467209965,-18.7722159524,False,-6.0
2013-12-07,Temple Owls,80.0,home,0.6814044875999999,5.2032630228,False,-1.0
2013-12-07,Texas Longhorns,81.0,away,0.3185955124,-5.2032630228,True,1.0
2013-12-07,Michigan Wolverines,107.0,home,0.9832305773000001,24.646153363,True,54.0
2013-12-07,Houston Christian Huskies,53.0,away,0.0167694227,-24.646153363,False,-54.0
2013-12-07,Tennessee Volunteers,84.0,home,0.9285882439,15.2742481671,True,21.0
2013-12-07,Tennessee Tech Golden Eagles,63.0,away,0.0714117561,-15.2742481671,False,-21.0
2013-12-07,SE Louisiana Lions,73.0,home,0.4206605324,-2.1575599702,False,-1.0
2013-12-07,Southeast Missouri State Redhawks,74.0,away,0.5793394676,2.1575599702,True,1.0
2013-12-07,Stony Brook Seawolves,57.0,home,0.2962807634,-5.337095434,False,-8.0
2013-12-07,La Salle Explorers,65.0,away,0.7037192366,5.337095434,True,8.0
2013-12-07,UT Martin Skyhawks,79.0,home,0.6646438202999999,4.256541455,True,13.0
2013-12-07,Northern Kentucky Norse,66.0,away,0.3353561797,-4.256541455,False,-13.0
2013-12-07,Boston University Terriers,68.0,home,0.33898639089999993,-4.0863566418,False,-11.0
2013-12-07,Harvard Crimson,79.0,away,0.6610136091,4.0863566418,True,11.0
2013-12-07,Samford Bulldogs,85.0,home,0.3833202949,-3.254669425,True,22.0
2013-12-07,Austin Peay Governors,63.0,away,0.6166797051,3.254669425,False,-22.0
2013-12-07,VMI Keydets,94.0,home,0.3088953353,-5.829764986,True,20.0
2013-12-07,Wright State Raiders,74.0,away,0.6911046646999999,5.829764986,False,-20.0
2013-12-07,Kansas City Roos,88.0,home,0.20310670480000004,-9.4957649979,True,8.0
2013-12-07,Youngstown State Penguins,80.0,away,0.7968932952,9.4957649979,False,-8.0
2013-12-07,St. John's Red Storm,104.0,home,0.8541994289,11.8381293219,True,46.0
2013-12-07,Fordham Rams,58.0,away,0.1458005711,-11.8381293219,False,-46.0
2013-12-07,Bryant Bulldogs,62.0,home,0.3136332475,-4.85064589,False,-4.0
2013-12-07,North Dakota State Bison,66.0,away,0.6863667525,4.85064589,True,4.0
2013-12-07,Cleveland State Vikings,61.0,home,0.713550652,6.0342619529,False,-12.0
2013-12-07,Akron Zips,73.0,away,0.286449348,-6.0342619529,True,12.0
2013-12-07,Purdue Boilermakers,69.0,home,0.8071372408999999,9.4806793458,True,5.0
2013-12-07,Eastern Michigan Eagles,64.0,away,0.1928627591,-9.4806793458,False,-5.0
2013-12-07,NJIT Highlanders,55.0,home,0.7467723343,6.6347260874,True,11.0
2013-12-07,UMass Lowell River Hawks,44.0,away,0.2532276657,-6.6347260874,False,-11.0
2013-12-07,Wofford Terriers,60.0,home,0.6853848936,4.4330576793,False,-3.0
2013-12-07,William & Mary Tribe,63.0,away,0.3146151064,-4.4330576793,True,3.0
2013-12-07,Buffalo Bulls,78.0,home,0.4449787922999999,-1.4307277563,True,5.0
2013-12-07,St. Bonaventure Bonnies,73.0,away,0.5550212077,1.4307277563,False,-5.0
2013-12-07,Xavier Musketeers,85.0,home,0.8882489884,13.3729313723,True,12.0
2013-12-07,Bowling Green Falcons,73.0,away,0.1117510116,-13.3729313723,False,-12.0
2013-12-07,Wake Forest Demon Deacons,76.0,home,0.6368246797,3.5780253801,True,10.0
2013-12-07,Richmond Spiders,66.0,away,0.36317532030000005,-3.5780253801,False,-10.0
2013-12-07,Troy Trojans,85.0,home,0.7491998575,6.9105431735,True,16.0
2013-12-07,Alabama State Hornets,69.0,away,0.2508001425,-6.9105431735,False,-16.0
2013-12-07,IU Indianapolis Jaguars,71.0,home,0.3845744795,-2.8597459997,True,6.0
2013-12-07,North Carolina Central Eagles,65.0,away,0.6154255205,2.8597459997,False,-6.0
2013-12-07,Lehigh Mountain Hawks,70.0,home,0.8972769065,13.9957240431,True,2.0
2013-12-07,UMBC Retrievers,68.0,away,0.1027230935,-13.9957240431,False,-2.0
2013-12-07,NC State Wolfpack,76.0,home,0.8817890449,12.0278652647,True,10.0
2013-12-07,Long Beach State Beach,66.0,away,0.11821095509999999,-12.0278652647,False,-10.0
2013-12-07,American University Eagles,67.0,home,0.6678705057,4.2378809246,False,-5.0
2013-12-07,Brown Bears,72.0,away,0.3321294943,-4.2378809246,True,5.0
2013-12-07,Arkansas Razorbacks,74.0,home,0.8567129598999998,11.3186454412,True,6.0
2013-12-07,Clemson Tigers,68.0,away,0.1432870401,-11.3186454412,False,-6.0
2013-12-07,Georgia Tech Yellow Jackets,87.0,home,0.8547542253,12.0480161654,True,30.0
2013-12-07,East Tennessee State Buccaneers,57.0,away,0.1452457747,-12.0480161654,False,-30.0
2013-12-07,Sacred Heart Pioneers,79.0,home,0.5841041057,2.1131727167,False,-7.0
2013-12-07,Lafayette Leopards,86.0,away,0.4158958943,-2.1131727167,True,7.0
2013-12-07,Mount St. Mary's Mountaineers,70.0,home,0.5688433441,1.7026043695,True,12.0
2013-12-07,Loyola Maryland Greyhounds,58.0,away,0.43115665589999996,-1.7026043695,False,-12.0
2013-12-07,Minnesota Golden Gophers,80.0,home,0.956352257,21.0740094948,True,15.0
2013-12-07,New Orleans Privateers,65.0,away,0.043647743,-21.0740094948,False,-15.0
2013-12-07,Army Black Knights,67.0,home,0.383272595,-3.0918482773,True,13.0
2013-12-07,St. Francis Brooklyn Terriers,54.0,away,0.616727405,3.0918482773,False,-13.0
2013-12-07,The Citadel Bulldogs,55.0,home,0.3453105942,-4.1880534301,False,-12.0
2013-12-07,Gardner-Webb Runnin' Bulldogs,67.0,away,0.6546894057999999,4.1880534301,True,12.0
2013-12-07,Evansville Purple Aces,78.0,home,0.756284187,7.0004862684,True,13.0
2013-12-07,Miami (OH) RedHawks,65.0,away,0.243715813,-7.0004862684,False,-13.0
2013-12-07,Tulane Green Wave,70.0,home,0.5762827173,1.8971775807,True,5.0
2013-12-07,Jackson State Tigers,65.0,away,0.4237172827,-1.8971775807,False,-5.0
2013-12-07,Mercer Bears,64.0,home,0.8310830203,8.824676078,True,1.0
2013-12-07,Denver Pioneers,63.0,away,0.1689169797,-8.824676078,False,-1.0
2013-12-07,Florida Atlantic Owls,83.0,home,0.6130604452,3.1017735176,True,20.0
2013-12-07,Jacksonville Dolphins,63.0,away,0.3869395548,-3.1017735176,False,-20.0
2013-12-07,Chicago State Cougars,90.0,home,0.9823904564,27.8585516238,True,9.0
2013-12-07,UW-Parkside Rangers,81.0,away,0.0176095436,-27.8585516238,False,-9.0
2013-12-07,Morgan State Bears,87.0,home,0.8330006918000001,10.4573468094,True,29.0
2013-12-07,Howard Bison,58.0,away,0.16699930819999997,-10.4573468094,False,-29.0
2013-12-07,Drexel Dragons,75.0,home,0.9484800181,17.1686165191,True,14.0
2013-12-07,Tennessee State Tigers,61.0,away,0.0515199819,-17.1686165191,False,-14.0
2013-12-07,Milwaukee Panthers,73.0,home,0.6790415648,4.8047144472,True,6.0
2013-12-07,Bradley Braves,67.0,away,0.3209584352,-4.8047144472,False,-6.0
2013-12-07,Southern Miss Golden Eagles,75.0,home,0.780084274,7.4359285541,True,10.0
2013-12-07,Georgia State Panthers,65.0,away,0.219915726,-7.4359285541,False,-10.0
2013-12-07,Notre Dame Fighting Irish,80.0,home,0.831595933,10.7039842703,True,5.0
2013-12-07,Delaware Blue Hens,75.0,away,0.168404067,-10.7039842703,False,-5.0
2013-12-07,Florida International Panthers,72.0,home,0.7448999867,6.4720947047,True,11.0
2013-12-07,Florida Gulf Coast Eagles,61.0,away,0.2551000133,-6.4720947047,False,-11.0
2013-12-07,Cornell Big Red,62.0,home,0.6608026372000001,3.9909932652,False,-10.0
2013-12-07,Saint Francis Red Flash,72.0,away,0.3391973628,-3.9909932652,True,10.0
2013-12-07,Loyola Chicago Ramblers,73.0,home,0.7054410537,5.2186199696,True,3.0
2013-12-07,UIC Flames,70.0,away,0.2945589463,-5.2186199696,False,-3.0
2013-12-07,Penn State Nittany Lions,90.0,home,0.9041795638,15.5350445597,True,13.0
2013-12-07,Marshall Thundering Herd,77.0,away,0.0958204362,-15.5350445597,False,-13.0
2013-12-07,Robert Morris Colonials,77.0,home,0.5372986376,0.9790694578,False,-3.0
2013-12-07,Toledo Rockets,80.0,away,0.4627013624,-0.9790694578,True,3.0
2013-12-07,Murray State Racers,73.0,home,0.7418287638999999,6.9609766124,True,4.0
2013-12-07,Lipscomb Bisons,69.0,away,0.2581712361,-6.9609766124,False,-4.0
2013-12-07,Radford Highlanders,72.0,home,0.8050072140000001,9.029908299,True,20.0
2013-12-07,North Carolina A&T Aggies,52.0,away,0.194992786,-9.029908299,False,-20.0
2013-12-07,Longwood Lancers,67.0,home,0.095221491,-14.7593733407,False,-9.0
2013-12-07,Eastern Kentucky Colonels,76.0,away,0.9047785090000001,14.7593733407,True,9.0
2013-12-07,Southern Illinois Salukis,60.0,home,0.4120715652,-2.1870771723,False,-9.0
2013-12-07,Western Kentucky Hilltoppers,69.0,away,0.5879284348,2.1870771723,True,9.0
2013-12-07,New Mexico Lobos,63.0,home,0.4955305582,-0.1129882226,True,9.0
2013-12-07,Cincinnati Bearcats,54.0,away,0.5044694418,0.1129882226,False,-9.0
2013-12-07,Mississippi Valley State Delta Devils,89.0,home,0.976526038,27.0331722532,True,8.0
2013-12-07,Tougaloo Bulldogs,81.0,away,0.023473962,-27.0331722532,False,-8.0
2013-12-07,Delaware State Hornets,54.0,home,0.7685165049,6.8354373957,False,-19.0
2013-12-07,Coppin State Eagles,73.0,away,0.2314834951,-6.8354373957,True,19.0
2013-12-07,Yale Bulldogs,71.0,home,0.7860692959,7.8962570333,True,10.0
2013-12-07,New Hampshire Wildcats,61.0,away,0.2139307041,-7.8962570333,False,-10.0
2013-12-07,Ohio State Buckeyes,74.0,home,0.9823901012,26.527569689,True,18.0
2013-12-07,Central Connecticut Blue Devils,56.0,away,0.0176098988,-26.527569689,False,-18.0
2013-12-07,Northwestern Wildcats,51.0,home,0.7920328043000001,7.9274090055,True,16.0
2013-12-07,Western Michigan Broncos,35.0,away,0.2079671957,-7.9274090055,False,-16.0
2013-12-07,Nicholls Colonels,87.0,home,0.9846131658,27.587937924,True,25.0
2013-12-07,Loyola New Orleans Wolfpack,62.0,away,0.0153868342,-27.587937924,False,-25.0
2013-12-07,Utah Utes,90.0,home,0.7624889259,7.5885280244,True,13.0
2013-12-07,Fresno State Bulldogs,77.0,away,0.2375110741,-7.5885280244,False,-13.0
2013-12-07,Green Bay Phoenix,75.0,home,0.3077254631,-4.9426411744,True,3.0
2013-12-07,Virginia Cavaliers,72.0,away,0.6922745368999998,4.9426411744,False,-3.0
2013-12-07,Arizona Wildcats,63.0,home,0.9175645172,16.1837895953,True,5.0
2013-12-07,UNLV Rebels,58.0,away,0.0824354828,-16.1837895953,False,-5.0
2013-12-07,Davidson Wildcats,105.0,home,0.9954498275,37.0172360757,True,42.0
2013-12-07,Johnson & Wales (NC) JOHNSON & WALES-CHARLOTTE,63.0,away,0.0045501725,-37.0172360757,False,-42.0
2013-12-07,Oakland Golden Grizzlies,73.0,home,0.4218286299,-1.9494473296,True,17.0
2013-12-07,Ohio Bobcats,56.0,away,0.5781713701,1.9494473296,False,-17.0
2013-12-07,South Carolina State Bulldogs,61.0,home,0.482521003,-0.4529086468,False,-18.0
2013-12-07,Georgia Southern Eagles,79.0,away,0.517478997,0.4529086468,True,18.0
2013-12-07,Rice Owls,96.0,home,0.4806432758,-0.4617712568,True,3.0
2013-12-07,South Alabama Jaguars,93.0,away,0.5193567242,0.4617712568,False,-3.0
2013-12-07,Houston Cougars,68.0,home,0.8590733862,11.3093844597,False,-4.0
2013-12-07,San José State Spartans,72.0,away,0.1409266138,-11.3093844597,True,4.0
2013-12-07,Northern Iowa Panthers,82.0,home,0.3573583508,-4.0314982649,False,-9.0
2013-12-07,Iowa State Cyclones,91.0,away,0.6426416492,4.0314982649,True,9.0
2013-12-07,Butler Bulldogs,79.0,home,0.8146190585,9.9742126262,True,15.0
2013-12-07,North Dakota Fighting Hawks,64.0,away,0.18538094149999998,-9.9742126262,False,-15.0
2013-12-07,Hampton Pirates,72.0,home,0.7873467726,9.2108258721,True,10.0
2013-12-07,Florida A&M Rattlers,62.0,away,0.21265322740000003,-9.2108258721,False,-10.0
2013-12-07,Norfolk State Spartans,59.0,home,0.8486563561,10.7162717154,True,14.0
2013-12-07,Bethune-Cookman Wildcats,45.0,away,0.1513436439,-10.7162717154,False,-14.0
2013-12-07,Sam Houston Bearkats,67.0,home,0.6861849301,4.848638672,True,12.0
2013-12-07,Towson Tigers,55.0,away,0.3138150699,-4.848638672,False,-12.0
2013-12-08,Utah State Aggies,68.0,home,0.8708281545,11.6566312234,False,-10.0
2013-12-08,Pacific Tigers,78.0,away,0.1291718455,-11.6566312234,True,10.0
2013-12-08,Hartford Hawks,90.0,home,0.6123174589,2.85484117,True,12.0
2013-12-08,Holy Cross Crusaders,78.0,away,0.3876825411,-2.85484117,False,-12.0
2013-12-08,Purdue Fort Wayne Mastodons,80.0,home,0.7232709189,5.8636682305,True,16.0
2013-12-08,Dartmouth Big Green,64.0,away,0.2767290811,-5.8636682305,False,-16.0
2013-12-08,North Carolina Tar Heels,81.0,home,0.9667486790999998,23.0382493575,True,31.0
2013-12-08,UNC Greensboro Spartans,50.0,away,0.0332513209,-23.0382493575,False,-31.0
2013-12-08,Bucknell Bison,57.0,home,0.7072953418,4.7042723443,True,5.0
2013-12-08,Columbia Lions,52.0,away,0.2927046582,-4.7042723443,False,-5.0
2013-12-08,Princeton Tigers,77.0,home,0.9624574826,18.4738973726,True,22.0
2013-12-08,Fairleigh Dickinson Knights,55.0,away,0.0375425174,-18.4738973726,False,-22.0
2013-12-08,Pennsylvania Quakers,69.0,home,0.6242708061,3.5630437301,False,-6.0
2013-12-08,Wagner Seahawks,75.0,away,0.3757291939,-3.5630437301,True,6.0
2013-12-08,Northeastern Huskies,69.0,home,0.6496470239,3.8638312562,False,-5.0
2013-12-08,UAB Blazers,74.0,away,0.3503529761,-3.8638312562,True,5.0
2013-12-08,Liberty Flames,84.0,home,0.9926715265,31.0280292043,True,37.0
2013-12-08,Greensboro College Pride,47.0,away,0.0073284735,-31.0280292043,False,-37.0
2013-12-08,Northern Arizona Lumberjacks,66.0,home,0.46345848259999994,-0.9572253853,False,-10.0
2013-12-08,Hawai'i Rainbow Warriors,76.0,away,0.5365415174,0.9572253853,True,10.0
2013-12-08,Indiana Hoosiers,89.0,home,0.9398831559,19.2488689278,True,21.0
2013-12-08,North Florida Ospreys,68.0,away,0.0601168441,-19.2488689278,False,-21.0
2013-12-08,Western Illinois Leathernecks,77.0,home,0.9911843559000001,29.416102615,True,34.0
2013-12-08,Grace Bible College Tigers,43.0,away,0.0088156441,-29.416102615,False,-34.0
2013-12-08,Presbyterian Blue Hose,59.0,home,0.5204291867,0.4671372767,False,-15.0
2013-12-08,Furman Paladins,74.0,away,0.4795708133,-0.4671372767,True,15.0
2013-12-08,UCF Knights,77.0,home,0.8843362784,12.8734687265,True,19.0
2013-12-08,Stetson Hatters,58.0,away,0.1156637216,-12.8734687265,False,-19.0
2013-12-08,SIU Edwardsville Cougars,64.0,home,0.3619249462,-3.5601430434,False,-1.0
2013-12-08,Central Michigan Chippewas,65.0,away,0.6380750538,3.5601430434,True,1.0
2013-12-08,Eastern Illinois Panthers,48.0,home,0.2517318786,-6.3898628398,False,-18.0
2013-12-08,Indiana State Sycamores,66.0,away,0.7482681214,6.3898628398,True,18.0
2013-12-08,Louisiana Tech Bulldogs,69.0,home,0.8789237371,13.6331839106,True,19.0
2013-12-08,Southern Jaguars,50.0,away,0.1210762629,-13.6331839106,False,-19.0
2013-12-08,UT Rio Grande Valley Vaqueros,65.0,home,0.7970376622,8.8136238116,False,-7.0
2013-12-08,UTSA Roadrunners,72.0,away,0.2029623378,-8.8136238116,True,7.0
2013-12-08,Drake Bulldogs,66.0,home,0.1869873022,-9.4952514033,False,-17.0
2013-12-08,Iowa Hawkeyes,83.0,away,0.8130126978,9.4952514033,True,17.0
2013-12-08,Valparaiso Beacons,65.0,home,0.3499200786,-3.9515682905,False,-2.0
2013-12-08,Saint Louis Billikens,67.0,away,0.6500799214,3.9515682905,True,2.0
2013-12-08,Cal State Fullerton Titans,65.0,home,0.7522574031000001,6.9723007223,False,-9.0
2013-12-08,Seattle U Redhawks,74.0,away,0.2477425969,-6.9723007223,True,9.0
2013-12-08,South Florida Bulls,66.0,home,0.44361394,-1.4160708185,True,2.0
2013-12-08,Alabama Crimson Tide,64.0,away,0.55638606,1.4160708185,False,-2.0
2013-12-08,Utah Valley Wolverines,89.0,home,0.9862269507000001,28.2853728994,True,52.0
2013-12-08,University of Saint Katherine Saint Katherine,37.0,away,0.0137730493,-28.2853728994,False,-52.0
2013-12-08,UTEP Miners,69.0,home,0.9247339661000001,14.9774686557,True,18.0
2013-12-08,Sacramento State Hornets,51.0,away,0.0752660339,-14.9774686557,False,-18.0
2013-12-08,Montana State Bobcats,109.0,home,0.9865771451,28.6625220523,True,55.0
2013-12-08,Walla Walla Wolves,54.0,away,0.013422854899999998,-28.6625220523,False,-55.0
2013-12-08,South Dakota Coyotes,66.0,home,0.2631875994,-6.0481688925,False,-1.0
2013-12-08,Wyoming Cowboys,67.0,away,0.7368124006,6.0481688925,True,1.0
2013-12-08,Stephen F. Austin Lumberjacks,70.0,home,0.7203660771,5.6264434046,True,13.0
2013-12-08,James Madison Dukes,57.0,away,0.2796339229,-5.6264434046,False,-13.0
2013-12-08,UC Davis Aggies,81.0,home,0.4113902238,-2.2924928835,False,-6.0
2013-12-08,Nevada Wolf Pack,87.0,away,0.5886097762,2.2924928835,True,6.0
2013-12-08,UC Irvine Anteaters,69.0,home,0.8348136660000001,10.5329028498,False,-6.0
2013-12-08,Pepperdine Waves,75.0,away,0.165186334,-10.5329028498,True,6.0
2013-12-08,Idaho Vandals,66.0,home,0.4913533605,-0.2080350873,False,-1.0
2013-12-08,Washington State Cougars,67.0,away,0.5086466395,0.2080350873,True,1.0
2013-12-08,Cal Poly Mustangs,64.0,home,0.6612826237,3.7569422687,True,11.0
2013-12-08,Santa Clara Broncos,53.0,away,0.3387173763,-3.7569422687,False,-11.0
2013-12-08,Portland State Vikings,76.0,home,0.4179294106,-2.1465344193,False,-16.0
2013-12-08,Portland Pilots,92.0,away,0.5820705894,2.1465344193,True,16.0
2013-12-18,Oklahoma State Cowboys,75.0,home,0.9901808667,26.8294118663,True,32.0
2013-12-18,Delaware State Hornets,43.0,away,0.0098191333,-26.8294118663,False,-32.0
2013-12-18,VCU Rams,72.0,home,0.9408551982,17.2668614992,True,15.0
2013-12-18,Wofford Terriers,57.0,away,0.0591448018,-17.2668614992,False,-15.0
2013-12-18,Alabama Crimson Tide,67.0,home,0.5797253968,1.91687972,False,-5.0
2013-12-18,Wichita State Shockers,72.0,away,0.4202746032,-1.91687972,True,5.0
2013-12-18,Georgetown Hoyas,85.0,home,0.9063401607999999,14.1427990249,True,9.0
2013-12-18,Elon Phoenix,76.0,away,0.0936598392,-14.1427990249,False,-9.0
2013-12-18,Providence Friars,76.0,home,0.857401909,10.8854531026,True,2.0
2013-12-18,Yale Bulldogs,74.0,away,0.142598091,-10.8854531026,False,-2.0
2013-12-18,Purdue Boilermakers,79.0,home,0.9600315526,21.2723045531,True,29.0
2013-12-18,Maryland Eastern Shore Hawks,50.0,away,0.0399684474,-21.2723045531,False,-29.0
2013-12-18,Oregon Ducks,91.0,home,0.9111120667999999,15.9944731014,True,28.0
2013-12-18,UC Irvine Anteaters,63.0,away,0.08888793320000002,-15.9944731014,False,-28.0
2013-12-17,North Texas Mean Green,64.0,home,0.8553760416,12.5798357434,True,9.0
2013-12-17,Central Arkansas Bears,55.0,away,0.1446239584,-12.5798357434,False,-9.0
2013-12-18,Louisville Cardinals,90.0,home,0.9454342922,18.3010828258,True,30.0
2013-12-18,Missouri State Bears,60.0,away,0.0545657078,-18.3010828258,False,-30.0
2013-12-18,Lafayette Leopards,79.0,home,0.9948339002000001,34.0941123969,True,25.0
2013-12-18,Immaculata Mighty Macs,54.0,away,0.005166099800000001,-34.0941123969,False,-25.0
2013-12-18,Florida State Seminoles,106.0,home,0.8367314912,11.3931554893,True,44.0
2013-12-18,Charlotte 49ers,62.0,away,0.1632685088,-11.3931554893,False,-44.0
2013-12-18,Longwood Lancers,80.0,home,0.9734085888,24.9488078341,True,19.0
2013-12-18,Virginia Intermont Cobras,61.0,away,0.0265914112,-24.9488078341,False,-19.0
2013-12-18,Marshall Thundering Herd,121.0,home,0.9928716503,36.0289789206,True,64.0
2013-12-18,Alice Lloyd College Eagles,57.0,away,0.0071283497,-36.0289789206,False,-64.0
2013-12-18,Wake Forest Demon Deacons,77.0,home,0.7896324509,8.6818276157,True,15.0
2013-12-18,St. Bonaventure Bonnies,62.0,away,0.2103675491,-8.6818276157,False,-15.0
2013-12-18,Michigan State Spartans,78.0,home,0.9720561527,23.6199275255,True,30.0
2013-12-18,North Florida Ospreys,48.0,away,0.0279438473,-23.6199275255,False,-30.0
2013-12-18,Saint Francis Red Flash,71.0,home,0.3166371471,-4.735046449,False,-7.0
2013-12-18,Duquesne Dukes,78.0,away,0.6833628528999999,4.735046449,True,7.0
2013-12-18,Liberty Flames,77.0,home,0.9100064836,13.340873773,True,18.0
2013-12-18,Howard Bison,59.0,away,0.0899935164,-13.340873773,False,-18.0
2013-12-18,South Carolina Gamecocks,68.0,home,0.5345303675,0.9174128305,False,-18.0
2013-12-18,Manhattan Jaspers,86.0,away,0.46546963249999995,-0.9174128305,True,18.0
2013-12-18,Cincinnati Bearcats,44.0,home,0.24054762449999997,-6.6641657562,True,1.0
2013-12-18,Pittsburgh Panthers,43.0,away,0.7594523755,6.6641657562,False,-1.0
2013-12-18,South Florida Bulls,68.0,home,0.825550925,9.5210407909,True,2.0
2013-12-18,Florida Gulf Coast Eagles,66.0,away,0.17444907499999998,-9.5210407909,False,-2.0
2013-12-18,UCF Knights,104.0,home,0.8493218356,12.1617331809,True,40.0
2013-12-18,Jacksonville Dolphins,64.0,away,0.1506781644,-12.1617331809,False,-40.0
2013-12-18,South Carolina State Bulldogs,83.0,home,0.26028113,-6.918252541,True,5.0
2013-12-18,Coastal Carolina Chanticleers,78.0,away,0.7397188700000001,6.918252541,False,-5.0
2013-12-18,Incarnate Word Cardinals,98.0,home,0.9795047633,27.0718711441,True,45.0
2013-12-18,The Open Bible Open Bible,53.0,away,0.020495236699999995,-27.0718711441,False,-45.0
2013-12-18,UIC Flames,88.0,home,0.992298678,32.7773566345,True,27.0
2013-12-18,Purdue Northwest Pride,61.0,away,0.007701322,-32.7773566345,False,-27.0
2013-12-18,Green Bay Phoenix,76.0,home,0.8203414042,10.1239104018,True,27.0
2013-12-18,Tennessee Tech Golden Eagles,49.0,away,0.1796585958,-10.1239104018,False,-27.0
2013-12-18,Youngstown State Penguins,71.0,home,0.9477322686,17.4473537644,True,12.0
2013-12-18,Bethune-Cookman Wildcats,59.0,away,0.0522677314,-17.4473537644,False,-12.0
2013-12-18,Creighton Bluejays,88.0,home,0.9823804107,25.1433438271,True,37.0
2013-12-18,Arkansas-Pine Bluff Golden Lions,51.0,away,0.0176195893,-25.1433438271,False,-37.0
2013-12-18,Louisiana Tech Bulldogs,64.0,home,0.9721320719,24.2480844828,True,14.0
2013-12-18,McNeese Cowboys,50.0,away,0.0278679281,-24.2480844828,False,-14.0
2013-12-18,Mississippi State Bulldogs,78.0,home,0.7890924595,9.1347243743,True,13.0
2013-12-18,Florida A&M Rattlers,65.0,away,0.21090754049999996,-9.1347243743,False,-13.0
2013-12-18,Stetson Hatters,64.0,home,0.5266508192,0.6119316311,True,2.0
2013-12-18,Florida Atlantic Owls,62.0,away,0.4733491808,-0.6119316311,False,-2.0
2013-12-18,Arkansas State Red Wolves,65.0,home,0.6137132195,3.1280896512,False,-13.0
2013-12-18,Toledo Rockets,78.0,away,0.3862867805,-3.1280896512,True,13.0
2013-12-18,Tulane Green Wave,62.0,home,0.38098966009999996,-3.1002505784,False,-11.0
2013-12-18,Washington Huskies,73.0,away,0.6190103399,3.1002505784,True,11.0
2013-12-18,Oklahoma Sooners,91.0,home,0.8133829782,10.7002672702,True,2.0
2013-12-18,UT Arlington Mavericks,89.0,away,0.18661702179999998,-10.7002672702,False,-2.0
2013-12-18,South Alabama Jaguars,82.0,home,0.9937476465999999,33.3096000295,True,9.0
2013-12-18,Dillard Blue Devils,73.0,away,0.006252353399999999,-33.3096000295,False,-9.0
2013-12-18,Murray State Racers,73.0,home,0.6978747351999999,5.3202712304,True,8.0
2013-12-18,Southern Illinois Salukis,65.0,away,0.3021252648,-5.3202712304,False,-8.0
2013-12-18,Marquette Golden Eagles,91.0,home,0.9561443743,19.2009316485,True,38.0
2013-12-18,Ball State Cardinals,53.0,away,0.04385562569999999,-19.2009316485,False,-38.0
2013-12-18,Abilene Christian Wildcats,90.0,home,0.9798561305,25.3882261528,True,27.0
2013-12-18,Bacone,63.0,away,0.0201438695,-25.3882261528,False,-27.0
2013-12-18,Middle Tennessee Blue Raiders,102.0,home,0.997665936,40.682308408,True,50.0
2013-12-18,Tennessee Temple Crusaders,52.0,away,0.002334064,-40.682308408,False,-50.0
2013-12-18,Louisiana Ragin' Cajuns,103.0,home,0.9977882092999999,43.0303835523,True,34.0
2013-12-18,Centenary (LA) Gentlemen,69.0,away,0.0022117907,-43.0303835523,False,-34.0
2013-12-18,Jacksonville State Gamecocks,82.0,home,0.5313665578,0.7203529235,True,9.0
2013-12-18,Central Michigan Chippewas,73.0,away,0.4686334422,-0.7203529235,False,-9.0
2013-12-18,New Mexico Lobos,61.0,home,0.5699043416,1.7872157877,False,-6.0
2013-12-18,New Mexico State Aggies,67.0,away,0.4300956584,-1.7872157877,True,6.0
2013-12-18,Vanderbilt Commodores,58.0,home,0.8484997446,11.6116795574,True,2.0
2013-12-18,Austin Peay Governors,56.0,away,0.1515002554,-11.6116795574,False,-2.0
2013-12-18,Loyola Marymount Lions,79.0,home,0.5878229385,2.2054535857,True,20.0
2013-12-18,Cal Poly Mustangs,59.0,away,0.4121770615,-2.2054535857,False,-20.0
2013-12-18,Memphis Tigers,75.0,home,0.3987345085,-2.629969431,False,-2.0
2013-12-18,Florida Gators,77.0,away,0.6012654915,2.629969431,True,2.0
2013-12-18,Weber State Wildcats,107.0,home,0.9944617619999999,33.9525528547,True,71.0
2013-12-18,University of Saint Katherine Saint Katherine,36.0,away,0.005538238,-33.9525528547,False,-71.0
2013-12-18,Denver Pioneers,90.0,home,0.607849157,2.5892470158,True,28.0
2013-12-18,Belmont Bruins,62.0,away,0.392150843,-2.5892470158,False,-28.0
2013-12-19,Georgia Bulldogs,58.0,home,0.7375082537000001,6.3630655492,True,9.0
2013-12-19,Gardner-Webb Runnin' Bulldogs,49.0,away,0.2624917463,-6.3630655492,False,-9.0
2013-12-20,Wright State Raiders,70.0,home,0.8988283342999999,12.791199954,True,27.0
2013-12-20,Eastern Illinois Panthers,43.0,away,0.1011716657,-12.791199954,False,-27.0
2013-12-20,Savannah State Tigers,51.0,home,0.4570682286,-0.9597274692,False,-17.0
2013-12-20,Miami Hurricanes,68.0,away,0.5429317714,0.9597274692,True,17.0
2013-12-19,South Carolina Gamecocks,68.0,home,0.6759061302,4.777053512,False,-6.0
2013-12-19,South Carolina Upstate Spartans,74.0,away,0.3240938698,-4.777053512,True,6.0
2013-12-20,Duke Blue Devils,80.0,home,0.7551653288,7.4461346105,True,17.0
2013-12-20,UCLA Bruins,63.0,away,0.2448346712,-7.4461346105,False,-17.0
2013-12-19,Rice Owls,69.0,home,0.9901558336,30.399389825,True,13.0
2013-12-19,Northwood University Knights,56.0,away,0.0098441664,-30.399389825,False,-13.0
2013-12-20,Dayton Flyers,96.0,home,0.7210247452,6.4996761642,True,12.0
2013-12-20,Iona Gaels,84.0,away,0.2789752548,-6.4996761642,False,-12.0
2013-12-20,Morehead State Eagles,120.0,home,0.8240625844999999,10.5775630867,True,37.0
2013-12-20,South Dakota Coyotes,83.0,away,0.1759374155,-10.5775630867,False,-37.0
2013-12-20,Elon Phoenix,126.0,home,0.9973593829,40.8426702379,True,48.0
2013-12-20,Central Penn Knights,78.0,away,0.0026406171,-40.8426702379,False,-48.0
2013-12-20,Arizona Wildcats,69.0,home,0.9565721613,19.6695257246,True,26.0
2013-12-20,Southern Jaguars,43.0,away,0.0434278387,-19.6695257246,False,-26.0
2013-12-20,St. Francis Brooklyn Terriers,65.0,home,0.6750293745,4.3761373445,True,3.0
2013-12-20,Lafayette Leopards,62.0,away,0.3249706255,-4.3761373445,False,-3.0
2013-12-20,South Florida Bulls,73.0,home,0.8576536697999999,12.2630894105,True,3.0
2013-12-20,Florida A&M Rattlers,70.0,away,0.1423463302,-12.2630894105,False,-3.0
2013-12-20,Troy Trojans,54.0,home,0.174620719,-8.8749348471,False,-3.0
2013-12-20,UC Santa Barbara Gauchos,57.0,away,0.825379281,8.8749348471,True,3.0
2013-12-20,Auburn Tigers,66.0,home,0.2869328492,-5.2034715139,True,2.0
2013-12-20,Clemson Tigers,64.0,away,0.7130671508,5.2034715139,False,-2.0
2013-12-20,East Carolina Pirates,103.0,home,0.8138325873,10.9138896987,True,9.0
2013-12-20,VMI Keydets,94.0,away,0.18616741270000003,-10.9138896987,False,-9.0
2013-12-20,La Salle Explorers,80.0,home,0.8562400979,11.3820508068,True,26.0
2013-12-20,Wagner Seahawks,54.0,away,0.1437599021,-11.3820508068,False,-26.0
2013-12-20,Tennessee Tech Golden Eagles,112.0,home,0.9939560723,35.0699279112,True,56.0
2013-12-20,Hillsdale Chargers,56.0,away,0.0060439277,-35.0699279112,False,-56.0
2013-12-20,Austin Peay Governors,83.0,home,0.7235648136,6.7331936836,False,-5.0
2013-12-20,Lipscomb Bisons,88.0,away,0.2764351864,-6.7331936836,True,5.0
2013-12-20,Arkansas Razorbacks,102.0,home,0.9838803727,29.177398628,True,46.0
2013-12-20,UT Martin Skyhawks,56.0,away,0.0161196273,-29.177398628,False,-46.0
2013-12-20,Loyola Maryland Greyhounds,69.0,home,0.39790678970000004,-2.6006198616,False,-7.0
2013-12-20,Stony Brook Seawolves,76.0,away,0.6020932103,2.6006198616,True,7.0
2013-12-20,TCU Horned Frogs,98.0,home,0.9756522473,25.7994774451,True,23.0
2013-12-20,Grambling Tigers,75.0,away,0.0243477527,-25.7994774451,False,-23.0
2013-12-20,Illinois State Redbirds,64.0,home,0.7842101427999999,8.7948550784,True,6.0
2013-12-20,Tennessee State Tigers,58.0,away,0.2157898572,-8.7948550784,False,-6.0
2013-12-20,Utah Utes,69.0,home,0.9365621544,15.783380961,True,19.0
2013-12-20,Texas State Bobcats,50.0,away,0.0634378456,-15.783380961,False,-19.0
2013-12-20,Jackson State Tigers,73.0,home,0.3296742977,-4.7603423752,True,3.0
2013-12-20,Louisiana Ragin' Cajuns,70.0,away,0.6703257023,4.7603423752,False,-3.0
2013-12-20,UTEP Miners,84.0,home,0.8350373737,11.718773757,True,10.0
2013-12-20,Northwestern State Demons,74.0,away,0.1649626263,-11.718773757,False,-10.0
2013-12-20,Saint Mary's Gaels,59.0,home,0.9504068857,16.3676493765,True,15.0
2013-12-20,American University Eagles,44.0,away,0.0495931143,-16.3676493765,False,-15.0
2013-12-20,Seattle U Redhawks,70.0,home,0.5871443817,2.1121517768,True,3.0
2013-12-20,Norfolk State Spartans,67.0,away,0.4128556183,-2.1121517768,False,-3.0
2013-12-20,Montana State Bobcats,109.0,home,0.9934053502000001,34.0373267474,True,30.0
2013-12-20,Southwestern Christian Eagles,79.0,away,0.0065946498,-34.0373267474,False,-30.0
2013-12-20,Mississippi State Bulldogs,66.0,home,0.7515826695,6.749317168,True,13.0
2013-12-20,Florida Gulf Coast Eagles,53.0,away,0.24841733050000003,-6.749317168,False,-13.0
2013-12-20,Utah State Aggies,68.0,home,0.9046492509,12.276701912,True,16.0
2013-12-20,Western Illinois Leathernecks,52.0,away,0.0953507491,-12.276701912,False,-16.0
2013-12-20,Long Beach State Beach,72.0,home,0.5123356972,0.3188544591,True,1.0
2013-12-20,USC Trojans,71.0,away,0.4876643028,-0.3188544591,False,-1.0
2013-12-14,Louisville Cardinals,79.0,home,0.9509256155999999,18.3331626836,True,16.0
2013-12-14,Western Kentucky Hilltoppers,63.0,away,0.0490743844,-18.3331626836,False,-16.0
2013-12-14,Michigan Wolverines,70.0,home,0.7490903103,6.4781867211,False,-2.0
2013-12-14,Arizona Wildcats,72.0,away,0.2509096897,-6.4781867211,True,2.0
2013-12-14,Wichita State Shockers,70.0,home,0.6860470551,4.5911495761,True,9.0
2013-12-14,Tennessee Volunteers,61.0,away,0.3139529449,-4.5911495761,False,-9.0
2013-12-14,Massachusetts Minutemen,80.0,home,0.9634955836,22.0526403608,True,26.0
2013-12-14,Northern Illinois Huskies,54.0,away,0.0365044164,-22.0526403608,False,-26.0
2013-12-15,Gonzaga Bulldogs,68.0,home,0.9239101616,15.1863819019,True,9.0
2013-12-15,South Alabama Jaguars,59.0,away,0.0760898384,-15.1863819019,False,-9.0
2013-12-14,Oakland Golden Grizzlies,63.0,home,0.1076078225,-13.6411553781,False,-4.0
2013-12-14,Michigan State Spartans,67.0,away,0.8923921775,13.6411553781,True,4.0
2013-12-14,Wisconsin Badgers,86.0,home,0.8776461605999999,11.5793173017,True,25.0
2013-12-14,Eastern Kentucky Colonels,61.0,away,0.1223538394,-11.5793173017,False,-25.0
2013-12-14,North Carolina Tar Heels,82.0,home,0.4243825348,-2.0602431649,True,5.0
2013-12-14,Kentucky Wildcats,77.0,away,0.5756174652,2.0602431649,False,-5.0
2013-12-15,Kansas Jayhawks,80.0,home,0.8532352913,11.1004442405,True,17.0
2013-12-15,New Mexico Lobos,63.0,away,0.1467647087,-11.1004442405,False,-17.0
2013-12-14,Pittsburgh Panthers,91.0,home,0.9228117285999999,15.5104408834,True,18.0
2013-12-14,Youngstown State Penguins,73.0,away,0.0771882714,-15.5104408834,False,-18.0
2013-12-14,Toledo Rockets,77.0,home,0.7588304315,7.427642446,True,16.0
2013-12-14,Sam Houston Bearkats,61.0,away,0.2411695685,-7.427642446,False,-16.0
2013-12-14,Northern Iowa Panthers,77.0,home,0.37551042209999996,-3.2933104558,True,9.0
2013-12-14,VCU Rams,68.0,away,0.6244895779,3.2933104558,False,-9.0
2013-12-14,Fordham Rams,79.0,home,0.9118534096,15.0225492994,True,19.0
2013-12-14,Howard Bison,60.0,away,0.0881465904,-15.0225492994,False,-19.0
2013-12-14,Florida Gulf Coast Eagles,83.0,home,0.7935729708,8.2933869209,True,32.0
2013-12-14,Samford Bulldogs,51.0,away,0.2064270292,-8.2933869209,False,-32.0
2013-12-14,Bryant Bulldogs,90.0,home,0.6600663606,4.24712102,True,10.0
2013-12-14,Navy Midshipmen,80.0,away,0.33993363940000004,-4.24712102,False,-10.0
2013-12-14,Seton Hall Pirates,80.0,home,0.9070597297,13.657827019,False,-3.0
2013-12-14,Saint Peter's Peacocks,83.0,away,0.0929402703,-13.657827019,True,3.0
2013-12-14,Iona Gaels,89.0,home,0.8243368099,10.6027773241,False,-13.0
2013-12-14,St. Bonaventure Bonnies,102.0,away,0.1756631901,-10.6027773241,True,13.0
2013-12-14,Penn State Nittany Lions,79.0,home,0.6687189988,4.1745228225,False,-2.0
2013-12-14,Princeton Tigers,81.0,away,0.3312810012,-4.1745228225,True,2.0
2013-12-14,Arizona State Sun Devils,97.0,home,0.9974405145,42.9186032138,True,42.0
2013-12-14,Grambling Tigers,55.0,away,0.0025594855,-42.9186032138,False,-42.0
2013-12-14,Ohio Bobcats,72.0,home,0.9443175961999999,17.9588449305,True,25.0
2013-12-14,Alabama A&M Bulldogs,47.0,away,0.05568240380000001,-17.9588449305,False,-25.0
2013-12-14,Marquette Golden Eagles,86.0,home,0.9408626232,17.1284762978,True,36.0
2013-12-14,IU Indianapolis Jaguars,50.0,away,0.0591373768,-17.1284762978,False,-36.0
2013-12-14,Georgia State Panthers,79.0,home,0.8544614320000001,10.9205626929,True,6.0
2013-12-14,Old Dominion Monarchs,73.0,away,0.145538568,-10.9205626929,False,-6.0
2013-12-14,Maryland Terrapins,66.0,home,0.9402002480999999,17.3960767599,True,4.0
2013-12-14,Florida Atlantic Owls,62.0,away,0.0597997519,-17.3960767599,False,-4.0
2013-12-14,Valparaiso Beacons,80.0,home,0.7530087944999999,7.5420121431,True,7.0
2013-12-14,Loyola Marymount Lions,73.0,away,0.2469912055,-7.5420121431,False,-7.0
2013-12-14,Duquesne Dukes,63.0,home,0.5681567918,1.8130153074,False,-4.0
2013-12-14,Robert Morris Colonials,67.0,away,0.43184320819999994,-1.8130153074,True,4.0
2013-12-14,Evansville Purple Aces,51.0,home,0.7840618351,8.1898476347,False,-6.0
2013-12-14,Jackson State Tigers,57.0,away,0.2159381649,-8.1898476347,True,6.0
2013-12-14,Kansas City Roos,63.0,home,0.1500032207,-11.737629148,False,-11.0
2013-12-14,Indiana State Sycamores,74.0,away,0.8499967793,11.737629148,True,11.0
2013-12-14,Oklahoma State Cowboys,70.0,home,0.7867713402,8.9854391935,True,15.0
2013-12-14,Louisiana Tech Bulldogs,55.0,away,0.2132286598,-8.9854391935,False,-15.0
2013-12-14,New Orleans Privateers,101.0,home,0.982473234,28.9163166794,True,63.0
2013-12-14,Champion Christian Tigers,38.0,away,0.017526766,-28.9163166794,False,-63.0
2013-12-14,Indiana Hoosiers,72.0,home,0.5527929668,1.4510106987,False,-7.0
2013-12-14,Notre Dame Fighting Irish,79.0,away,0.4472070332,-1.4510106987,True,7.0
2013-12-14,Dartmouth Big Green,76.0,home,0.8333723993999999,9.251792895,True,30.0
2013-12-14,Jacksonville State Gamecocks,46.0,away,0.1666276006,-9.251792895,False,-30.0
2013-12-14,Georgia Bulldogs,84.0,home,0.8484044515,11.2407968656,True,9.0
2013-12-14,Lipscomb Bisons,75.0,away,0.1515955485,-11.2407968656,False,-9.0
2013-12-14,Air Force Falcons,62.0,home,0.8347723767,10.2109276043,True,10.0
2013-12-14,UC Riverside Highlanders,52.0,away,0.1652276233,-10.2109276043,False,-10.0
2013-12-14,Washington Huskies,85.0,home,0.8174174323999999,9.6627392489,True,19.0
2013-12-14,Idaho State Bengals,66.0,away,0.1825825676,-9.6627392489,False,-19.0
2013-12-14,Rutgers Scarlet Knights,89.0,home,0.8591331361000001,12.1841849084,True,17.0
2013-12-14,UNC Greensboro Spartans,72.0,away,0.1408668639,-12.1841849084,False,-17.0
2013-12-14,Rider Broncs,79.0,home,0.6379501276,3.8664927592,True,21.0
2013-12-14,Wagner Seahawks,58.0,away,0.3620498723999999,-3.8664927592,False,-21.0
2013-12-14,Northwestern State Demons,116.0,home,0.9913164553,37.9093439871,True,40.0
2013-12-14,Louisiana Christian Wildcats,76.0,away,0.0086835447,-37.9093439871,False,-40.0
2013-12-14,Nebraska Cornhuskers,79.0,home,0.558567886,1.5603976069,True,12.0
2013-12-14,Arkansas State Red Wolves,67.0,away,0.441432114,-1.5603976069,False,-12.0
2013-12-14,St. Francis Brooklyn Terriers,67.0,home,0.5955689312,2.3604912099,True,16.0
2013-12-14,Canisius Golden Griffins,51.0,away,0.4044310688,-2.3604912099,False,-16.0
2013-12-14,Incarnate Word Cardinals,83.0,home,0.9729977778,24.6512603712,True,27.0
2013-12-14,McMurry War Hawks,56.0,away,0.027002222199999995,-24.6512603712,False,-27.0
2013-12-14,Northern Arizona Lumberjacks,63.0,home,0.7226623986,5.7816211921,True,2.0
2013-12-14,Grand Canyon Lopes,61.0,away,0.2773376014,-5.7816211921,False,-2.0
2013-12-14,South Dakota State Jackrabbits,85.0,home,0.36601606180000007,-3.5986941664,True,13.0
2013-12-14,Belmont Bruins,72.0,away,0.6339839382,3.5986941664,False,-13.0
2013-12-14,California Golden Bears,67.0,home,0.8870971373,13.3723258244,True,11.0
2013-12-14,Fresno State Bulldogs,56.0,away,0.1129028627,-13.3723258244,False,-11.0
2013-12-14,Ole Miss Rebels,72.0,home,0.797977992,9.1203573503,True,9.0
2013-12-14,Middle Tennessee Blue Raiders,63.0,away,0.202022008,-9.1203573503,False,-9.0
2013-12-14,Longwood Lancers,99.0,home,0.9748292892000001,25.2600226354,True,26.0
2013-12-14,Bluefield State Big Blues,73.0,away,0.0251707108,-25.2600226354,False,-26.0
2013-12-14,Oklahoma Sooners,101.0,home,0.8207713692,10.9739918357,True,10.0
2013-12-14,Tulsa Golden Hurricane,91.0,away,0.17922863080000004,-10.9739918357,False,-10.0
2013-12-14,East Carolina Pirates,84.0,home,0.8390118321,10.6484275448,True,13.0
2013-12-14,North Carolina A&T Aggies,71.0,away,0.1609881679,-10.6484275448,False,-13.0
2013-12-14,Butler Bulldogs,76.0,home,0.4557531327,-1.1559007588,True,6.0
2013-12-14,Purdue Boilermakers,70.0,away,0.5442468673,1.1559007588,False,-6.0
2013-12-14,Richmond Spiders,71.0,home,0.9402807715,17.0389612374,True,22.0
2013-12-14,Coppin State Eagles,49.0,away,0.059719228500000006,-17.0389612374,False,-22.0
2013-12-14,Texas A&M Aggies,73.0,home,0.9504568152,18.9445387548,True,13.0
2013-12-14,McNeese Cowboys,60.0,away,0.0495431848,-18.9445387548,False,-13.0
2013-12-14,NC State Wolfpack,82.0,home,0.7894954922,8.6906214996,True,3.0
2013-12-14,Detroit Mercy Titans,79.0,away,0.2105045078,-8.6906214996,False,-3.0
2013-12-14,Boise State Broncos,74.0,home,0.6618608109,4.2846721522,False,-8.0
2013-12-14,Saint Mary's Gaels,82.0,away,0.33813918909999996,-4.2846721522,True,8.0
2013-12-14,Southern Miss Golden Eagles,96.0,home,0.9986902063,43.4108391732,True,36.0
2013-12-14,St. Catherine (MN) Wildcats,60.0,away,0.0013097937,-43.4108391732,False,-36.0
2013-12-15,Akron Zips,84.0,home,0.947616533,17.7974351162,True,28.0
2013-12-15,Bethune-Cookman Wildcats,56.0,away,0.052383467,-17.7974351162,False,-28.0
2013-12-14,Nevada Wolf Pack,80.0,home,0.7576412478000001,7.6167818736,False,-2.0
2013-12-14,Omaha Mavericks,82.0,away,0.2423587522,-7.6167818736,True,2.0
2013-12-15,Dayton Flyers,84.0,home,0.8925311407,13.1353667129,True,26.0
2013-12-15,Central Michigan Chippewas,58.0,away,0.1074688593,-13.1353667129,False,-26.0
2013-12-15,Purdue Fort Wayne Mastodons,95.0,home,0.906306419,14.8493713129,True,20.0
2013-12-15,SIU Edwardsville Cougars,75.0,away,0.093693581,-14.8493713129,False,-20.0
2013-12-15,Monmouth Hawks,74.0,home,0.7847843603,8.6989673169,True,28.0
2013-12-15,Binghamton Bearcats,46.0,away,0.2152156397,-8.6989673169,False,-28.0
2013-12-15,Clemson Tigers,71.0,home,0.9609563011,17.6527519038,True,36.0
2013-12-15,Furman Paladins,35.0,away,0.0390436989,-17.6527519038,False,-36.0
2013-12-15,UAlbany Great Danes,60.0,home,0.6504625036999999,3.6547453462,False,-9.0
2013-12-15,Colgate Raiders,69.0,away,0.3495374963,-3.6547453462,True,9.0
2013-12-15,Southern Utah Thunderbirds,51.0,home,0.1432829384,-11.7528341235,False,-22.0
2013-12-15,UNLV Rebels,73.0,away,0.8567170615999999,11.7528341235,True,22.0
2013-12-15,Coastal Carolina Chanticleers,118.0,home,0.9936301489,35.6379882792,True,36.0
2013-12-15,Reinhardt Eagles,82.0,away,0.006369851100000001,-35.6379882792,False,-36.0
2013-12-15,Marshall Thundering Herd,64.0,home,0.1211307191,-13.940914319,False,-10.0
2013-12-15,West Virginia Mountaineers,74.0,away,0.8788692808999999,13.940914319,True,10.0
2013-12-15,Gardner-Webb Runnin' Bulldogs,106.0,home,0.9935550127,34.0236493572,True,52.0
2013-12-15,Clearwater Christian Cougars,54.0,away,0.0064449873,-34.0236493572,False,-52.0
2013-12-15,High Point Panthers,69.0,home,0.5852041098,2.1647594823,False,-15.0
2013-12-15,James Madison Dukes,84.0,away,0.41479589019999996,-2.1647594823,True,15.0
2013-12-15,UCLA Bruins,95.0,home,0.9860091811000001,28.6824158775,True,24.0
2013-12-15,Prairie View A&M Panthers,71.0,away,0.0139908189,-28.6824158775,False,-24.0
2013-12-15,Saint Louis Billikens,66.0,home,0.9058499779,13.3067183804,True,14.0
2013-12-15,Wofford Terriers,52.0,away,0.0941500221,-13.3067183804,False,-14.0
2013-12-15,Southern Jaguars,107.0,home,0.9939593007,35.3762616148,True,43.0
2013-12-15,Dillard Blue Devils,64.0,away,0.0060406993,-35.3762616148,False,-43.0
2013-12-15,Southeast Missouri State Redhawks,69.0,home,0.8100551011,9.8242587883,False,-6.0
2013-12-15,UIC Flames,75.0,away,0.1899448989,-9.8242587883,True,6.0
2013-12-15,Stanford Cardinal,83.0,home,0.9485346785000001,19.7213378508,True,27.0
2013-12-15,UC Davis Aggies,56.0,away,0.05146532150000001,-19.7213378508,False,-27.0
2013-12-15,Texas Longhorns,85.0,home,0.8897961312,13.2090674585,True,32.0
2013-12-15,Texas State Bobcats,53.0,away,0.11020386880000001,-13.2090674585,False,-32.0
2013-12-15,LSU Tigers,61.0,home,0.9249582652000001,16.2473367269,True,7.0
2013-12-15,UL Monroe Warhawks,54.0,away,0.0750417348,-16.2473367269,False,-7.0
2013-12-15,Xavier Musketeers,64.0,home,0.4389834683,-1.5119815136,True,17.0
2013-12-15,Cincinnati Bearcats,47.0,away,0.5610165317,1.5119815136,False,-17.0
2013-12-15,Austin Peay Governors,77.0,home,0.5909174629,2.3558810904,True,6.0
2013-12-15,Liberty Flames,71.0,away,0.4090825371,-2.3558810904,False,-6.0
2013-12-15,South Dakota Coyotes,85.0,home,0.4303999834,-1.8899407932,False,-4.0
2013-12-15,Green Bay Phoenix,89.0,away,0.5696000166,1.8899407932,True,4.0
2013-12-15,Drake Bulldogs,69.0,home,0.68657721,4.8592194291,False,-12.0
2013-12-15,New Mexico State Aggies,81.0,away,0.31342279,-4.8592194291,True,12.0
2013-12-15,Louisiana Ragin' Cajuns,79.0,home,0.8246670811,10.3159606812,True,3.0
2013-12-15,Houston Cougars,76.0,away,0.17533291890000002,-10.3159606812,False,-3.0
2013-12-15,Ohio State Buckeyes,79.0,home,0.8800550250000001,11.6329904788,True,17.0
2013-12-15,North Dakota State Bison,62.0,away,0.119944975,-11.6329904788,False,-17.0
2013-12-15,Alabama Crimson Tide,59.0,home,0.8057592759,8.8334595195,True,14.0
2013-12-15,Charleston Southern Buccaneers,45.0,away,0.1942407241,-8.8334595195,False,-14.0
2013-12-15,Houston Christian Huskies,70.0,home,0.3897439021,-3.0061055615,False,-10.0
2013-12-15,UT Arlington Mavericks,80.0,away,0.6102560979,3.0061055615,True,10.0
2013-12-15,Oregon Ducks,71.0,home,0.642020496,3.5388433254,True,7.0
2013-12-15,Illinois Fighting Illini,64.0,away,0.357979504,-3.5388433254,False,-7.0
2013-12-15,Utah State Aggies,71.0,home,0.8910452536,12.1794175239,True,11.0
2013-12-15,Utah Valley Wolverines,60.0,away,0.1089547464,-12.1794175239,False,-11.0
2013-12-15,Santa Clara Broncos,97.0,home,0.9942803989,34.4988093128,True,36.0
2013-12-15,La Sierra Golden Eagles,61.0,away,0.0057196011,-34.4988093128,False,-36.0
2013-12-15,Utah Utes,81.0,home,0.41497149790000004,-2.504477605,True,17.0
2013-12-15,BYU Cougars,64.0,away,0.5850285021,2.504477605,False,-17.0
2013-12-15,Pacific Tigers,84.0,home,0.9961307019,37.712382133,True,11.0
2013-12-15,Menlo Oaks,73.0,away,0.0038692981,-37.712382133,False,-11.0
2013-12-15,San Francisco Dons,77.0,home,0.8619955332000001,11.9040031204,True,29.0
2013-12-15,Nicholls Colonels,48.0,away,0.1380044668,-11.9040031204,False,-29.0
2013-12-15,Cal Poly Mustangs,85.0,home,0.9961440836,33.5578086452,True,36.0
2013-12-15,CS Dominguez Hills Toros,49.0,away,0.0038559164,-33.5578086452,False,-36.0
2013-12-15,Portland State Vikings,75.0,home,0.5110034859,0.267638139,False,-1.0
2013-12-15,Idaho Vandals,76.0,away,0.48899651409999995,-0.267638139,True,1.0
2013-12-15,Sacramento State Hornets,85.0,home,0.9810119516,24.8371386891,True,31.0
2013-12-15,Jessup University Warriors,54.0,away,0.0189880484,-24.8371386891,False,-31.0
2013-12-15,Chaminade Silverswords,84.0,home,0.0067449455,-36.5564479339,False,-10.0
2013-12-15,Hawai'i Rainbow Warriors,94.0,away,0.9932550545,36.5564479339,True,10.0
2013-12-19,North Carolina Tar Heels,83.0,home,0.8607855437,12.8486237175,False,-3.0
2013-12-19,Texas Longhorns,86.0,away,0.1392144563,-12.8486237175,True,3.0
2013-12-19,Baylor Bears,91.0,home,0.9497175464000001,20.6728195334,True,7.0
2013-12-19,Northwestern State Demons,84.0,away,0.0502824536,-20.6728195334,False,-7.0
2013-12-19,UMass Lowell River Hawks,48.0,home,0.2702154269,-5.7478855145,False,-14.0
2013-12-19,Vermont Catamounts,62.0,away,0.7297845731,5.7478855145,True,14.0
2013-12-19,UConn Huskies,51.0,home,0.7656686625,7.6251097223,False,-2.0
2013-12-19,Stanford Cardinal,53.0,away,0.2343313375,-7.6251097223,True,2.0
2013-12-19,Akron Zips,79.0,home,0.7608908245000001,7.6582645066,True,19.0
2013-12-19,Detroit Mercy Titans,60.0,away,0.2391091755,-7.6582645066,False,-19.0
2013-12-19,Ohio Bobcats,71.0,home,0.4967200505,-0.0901116546,False,-12.0
2013-12-19,Massachusetts Minutemen,83.0,away,0.5032799495,0.0901116546,True,12.0
2013-12-19,Abilene Christian Wildcats,87.0,home,0.9783074031,24.9135156383,True,44.0
2013-12-19,The Open Bible Open Bible,43.0,away,0.0216925969,-24.9135156383,False,-44.0
2013-12-19,New Hampshire Wildcats,48.0,home,0.411243875,-2.0523669522,False,-14.0
2013-12-19,Dartmouth Big Green,62.0,away,0.588756125,2.0523669522,True,14.0
2013-12-19,San Diego State Aztecs,76.0,home,0.9894094077999999,28.0190436614,True,37.0
2013-12-19,Southern Utah Thunderbirds,39.0,away,0.0105905922,-28.0190436614,False,-37.0
2013-12-19,Cleveland State Vikings,97.0,home,0.9981196275,41.3306671916,True,25.0
2013-12-19,Notre Dame College (OH) Blue Falcons,72.0,away,0.0018803725,-41.3306671916,False,-25.0
2013-12-19,UNC Greensboro Spartans,78.0,home,0.3374397116999999,-4.2918588949,True,13.0
2013-12-19,James Madison Dukes,65.0,away,0.6625602883,4.2918588949,False,-13.0
2013-12-19,Ohio State Buckeyes,76.0,home,0.9372896725,17.716115738,True,12.0
2013-12-19,Delaware Blue Hens,64.0,away,0.0627103275,-17.716115738,False,-12.0
2013-12-19,Saint Joseph's Hawks,75.0,home,0.41536614499999996,-2.0242329051,True,20.0
2013-12-19,Drexel Dragons,55.0,away,0.584633855,2.0242329051,False,-20.0
2013-12-19,Tennessee Volunteers,58.0,home,0.8641348636,11.1894866584,False,-7.0
2013-12-19,NC State Wolfpack,65.0,away,0.1358651364,-11.1894866584,True,7.0
2013-12-19,Eastern Kentucky Colonels,84.0,home,0.9469905266,18.1649219414,True,11.0
2013-12-19,North Carolina A&T Aggies,73.0,away,0.05300947339999999,-18.1649219414,False,-11.0
2013-12-19,Northern Kentucky Norse,69.0,home,0.3494123444,-3.780808319,True,2.0
2013-12-19,Hampton Pirates,67.0,away,0.6505876556,3.780808319,False,-2.0
2013-12-19,Old Dominion Monarchs,44.0,home,0.7626731017,6.8515439918,False,-7.0
2013-12-19,Charleston Cougars,51.0,away,0.2373268983,-6.8515439918,True,7.0
2013-12-19,Long Island University Sharks,82.0,home,0.8469775899000002,11.5138177493,True,3.0
2013-12-19,Lamar Cardinals,79.0,away,0.1530224101,-11.5138177493,False,-3.0
2013-12-19,Ole Miss Rebels,75.0,home,0.9251331261,16.4884819024,True,13.0
2013-12-19,UL Monroe Warhawks,62.0,away,0.0748668739,-16.4884819024,False,-13.0
2013-12-19,Georgia Southern Eagles,73.0,home,0.743349881,6.9944189783,True,18.0
2013-12-19,Kennesaw State Owls,55.0,away,0.256650119,-6.9944189783,False,-18.0
2013-12-19,Western Carolina Catamounts,92.0,home,0.45204797310000006,-1.3024945243,True,8.0
2013-12-19,Charleston Southern Buccaneers,84.0,away,0.5479520269,1.3024945243,False,-8.0
2013-12-19,North Carolina Central Eagles,72.0,home,0.8559807189,11.1554206831,True,6.0
2013-12-19,Winthrop Eagles,66.0,away,0.1440192811,-11.1554206831,False,-6.0
2013-12-19,Presbyterian Blue Hose,74.0,home,0.4559035202,-1.0690687305,True,5.0
2013-12-19,App State Mountaineers,69.0,away,0.5440964798,1.0690687305,False,-5.0
2013-12-19,St. John's Red Storm,81.0,home,0.8993434225999999,14.2674313261,True,24.0
2013-12-19,San Francisco Dons,57.0,away,0.1006565774,-14.2674313261,False,-24.0
2013-12-19,Robert Morris Colonials,72.0,home,0.885239594,11.9359042853,True,11.0
2013-12-19,Campbell Fighting Camels,61.0,away,0.114760406,-11.9359042853,False,-11.0
2013-12-19,South Dakota State Jackrabbits,75.0,home,0.9948426902,35.1604714907,True,19.0
2013-12-19,Wayne State (NE) Wildcats,56.0,away,0.005157309799999999,-35.1604714907,False,-19.0
2013-12-19,The Citadel Bulldogs,79.0,home,0.9780238442,25.7438522574,True,11.0
2013-12-19,Brevard Tornados,68.0,away,0.021976155799999997,-25.7438522574,False,-11.0
2013-12-19,IU Indianapolis Jaguars,56.0,home,0.7742451122,7.5880557129,False,-6.0
2013-12-19,Nicholls Colonels,62.0,away,0.2257548878,-7.5880557129,True,6.0
2013-12-19,Temple Owls,89.0,home,0.7466933658000001,7.2297487541,False,-1.0
2013-12-19,Texas Southern Tigers,90.0,away,0.2533066342,-7.2297487541,True,1.0
2013-12-19,Morgan State Bears,85.0,home,0.6747981929,4.8530347287,True,11.0
2013-12-19,High Point Panthers,74.0,away,0.3252018071000001,-4.8530347287,False,-11.0
2013-12-19,Loyola Chicago Ramblers,49.0,home,0.7412207869,6.0496540676,False,-6.0
2013-12-19,Northern Illinois Huskies,55.0,away,0.2587792131,-6.0496540676,True,6.0
2013-12-19,UTSA Roadrunners,64.0,home,0.32560260660000007,-4.4705413291,False,-26.0
2013-12-19,Cal State Bakersfield Roadrunners,90.0,away,0.6743973934,4.4705413291,True,26.0
2013-12-19,Saint Louis Billikens,83.0,home,0.7745024054000001,7.6626632745,True,17.0
2013-12-19,Indiana State Sycamores,66.0,away,0.22549759460000002,-7.6626632745,False,-17.0
2013-12-19,Tulsa Golden Hurricane,66.0,home,0.8244789157,10.035467086,True,1.0
2013-12-19,Grand Canyon Lopes,65.0,away,0.17552108430000002,-10.035467086,False,-1.0
2013-12-19,Kansas City Roos,69.0,home,0.4720158184,-0.7575150931,True,14.0
2013-12-19,Miami (OH) RedHawks,55.0,away,0.5279841816,0.7575150931,False,-14.0
2013-12-19,Drake Bulldogs,71.0,home,0.7931778972,8.1239312153,True,3.0
2013-12-19,Western Michigan Broncos,68.0,away,0.2068221028,-8.1239312153,False,-3.0
2013-12-19,DePaul Blue Demons,78.0,home,0.9092399685,14.8248408339,True,20.0
2013-12-19,Houston Christian Huskies,58.0,away,0.0907600315,-14.8248408339,False,-20.0
2013-12-19,UAB Blazers,67.0,home,0.8673137692,12.6980632031,True,15.0
2013-12-19,Chattanooga Mocs,52.0,away,0.1326862308,-12.6980632031,False,-15.0
2013-12-19,SMU Mustangs,82.0,home,0.9505805906,18.4898398893,True,26.0
2013-12-19,UT Rio Grande Valley Vaqueros,56.0,away,0.0494194094,-18.4898398893,False,-26.0
2013-12-19,Western Kentucky Hilltoppers,68.0,home,0.44837815580000007,-1.2063700497,True,3.0
2013-12-19,Southern Miss Golden Eagles,65.0,away,0.5516218442,1.2063700497,False,-3.0
2013-12-19,Washington State Cougars,80.0,home,0.9967844504,37.0714602284,True,30.0
2013-12-19,San Francisco State Gators,50.0,away,0.0032155496,-37.0714602284,False,-30.0
2013-12-19,Oregon State Beavers,76.0,home,0.8370303821,10.887581114,True,9.0
2013-12-19,Towson Tigers,67.0,away,0.1629696179,-10.887581114,False,-9.0
2013-12-19,Texas Tech Red Raiders,69.0,home,0.40709995230000007,-2.3895013934,False,-2.0
2013-12-19,LSU Tigers,71.0,away,0.5929000477,2.3895013934,True,2.0
2013-12-19,San José State Spartans,89.0,home,0.6813134364,4.7931629948,True,4.0
2013-12-19,UC Davis Aggies,85.0,away,0.3186865636,-4.7931629948,False,-4.0
2013-12-19,UNLV Rebels,81.0,home,0.8275561376999999,10.2248395079,True,19.0
2013-12-19,Radford Highlanders,62.0,away,0.1724438623,-10.2248395079,False,-19.0
2013-12-19,Santa Clara Broncos,70.0,home,0.8529170686,10.905959154,True,9.0
2013-12-19,Sacred Heart Pioneers,61.0,away,0.1470829314,-10.905959154,False,-9.0
2013-12-20,Jacksonville State Gamecocks,70.0,home,0.3462994381,-3.9113149438,False,-5.0
2013-12-20,Little Rock Trojans,75.0,away,0.6537005619,3.9113149438,True,5.0
2013-12-21,Furman Paladins,86.0,home,0.2911841299,-5.1975028479,True,3.0
2013-12-21,Liberty Flames,83.0,away,0.7088158701,5.1975028479,False,-3.0
2013-12-21,UAlbany Great Danes,70.0,home,0.6319110437,3.1212959065,True,8.0
2013-12-21,Yale Bulldogs,62.0,away,0.36808895630000005,-3.1212959065,False,-8.0
2013-12-21,Jacksonville Dolphins,58.0,home,0.7557131952,7.5305270939,False,-17.0
2013-12-21,Samford Bulldogs,75.0,away,0.2442868048,-7.5305270939,True,17.0
2013-12-21,UNC Asheville Bulldogs,83.0,home,0.9908930307,30.1240731786,True,25.0
2013-12-21,Virginia Intermont Cobras,58.0,away,0.0091069693,-30.1240731786,False,-25.0
2013-12-21,Marist Red Foxes,69.0,home,0.3512105052,-3.5663990573,True,18.0
2013-12-21,Bucknell Bison,51.0,away,0.6487894948,3.5663990573,False,-18.0
2013-12-21,Indiana Hoosiers,79.0,home,0.9711503207,23.3695846311,True,13.0
2013-12-21,Nicholls Colonels,66.0,away,0.0288496793,-23.3695846311,False,-13.0
2013-12-21,Syracuse Orange,75.0,home,0.9779846575,22.5458717426,True,21.0
2013-12-21,High Point Panthers,54.0,away,0.0220153425,-22.5458717426,False,-21.0
2013-12-21,Georgia State Panthers,73.0,home,0.8860963585,13.0221277634,True,12.0
2013-12-21,Georgia Southern Eagles,61.0,away,0.1139036415,-13.0221277634,False,-12.0
2013-12-21,William & Mary Tribe,94.0,home,0.996238953,36.2431433636,True,34.0
2013-12-21,Goucher Gophers,60.0,away,0.003761047,-36.2431433636,False,-34.0
2013-12-21,Bradley Braves,53.0,home,0.4331041158,-1.7404989155,False,-21.0
2013-12-21,Portland Pilots,74.0,away,0.5668958842,1.7404989155,True,21.0
2013-12-21,Minnesota Golden Gophers,92.0,home,0.8496937207,11.7924691118,True,13.0
2013-12-21,Omaha Mavericks,79.0,away,0.1503062793,-11.7924691118,False,-13.0
2013-12-21,Montana Grizzlies,91.0,home,0.9961132676,34.1743867513,True,17.0
2013-12-21,Montana-Western Bulldogs,74.0,away,0.0038867324000000005,-34.1743867513,False,-17.0
2013-12-21,Idaho Vandals,69.0,home,0.7100588277,5.4069687104,True,4.0
2013-12-21,Idaho State Bengals,65.0,away,0.2899411723,-5.4069687104,False,-4.0
2013-12-21,Western Illinois Leathernecks,61.0,home,0.6456911151,3.4230037445,True,3.0
2013-12-21,Troy Trojans,58.0,away,0.3543088849,-3.4230037445,False,-3.0
2013-12-21,Southern Miss Golden Eagles,88.0,home,0.9083654771,14.069893077,True,14.0
2013-12-21,Coppin State Eagles,74.0,away,0.0916345229,-14.069893077,False,-14.0
2013-12-21,Texas A&M-Corpus Christi Islanders,66.0,home,0.5269234814,0.6185912433,False,-1.0
2013-12-21,Cal State Northridge Matadors,67.0,away,0.4730765186,-0.6185912433,True,1.0
2013-12-21,UC Riverside Highlanders,57.0,home,0.5961372135,2.4686515724,True,1.0
2013-12-21,UIC Flames,56.0,away,0.4038627865,-2.4686515724,False,-1.0
2013-12-21,Utah Valley Wolverines,103.0,home,0.9936273638,32.7263050954,True,39.0
2013-12-21,Haskell Jayhawks,64.0,away,0.0063726362,-32.7263050954,False,-39.0
2013-12-21,Wyoming Cowboys,54.0,home,0.7029455393,4.8769879176,False,-8.0
2013-12-21,SMU Mustangs,62.0,away,0.2970544607,-4.8769879176,True,8.0
2013-12-21,Utah State Aggies,77.0,home,0.794652406,7.4339556615,True,6.0
2013-12-21,UC Santa Barbara Gauchos,71.0,away,0.205347594,-7.4339556615,False,-6.0
2013-12-21,UNLV Rebels,82.0,home,0.9277925656000001,17.1654070297,True,32.0
2013-12-21,Sacred Heart Pioneers,50.0,away,0.0722074344,-17.1654070297,False,-32.0
2013-12-21,Princeton Tigers,83.0,home,0.6920171032,4.6982194309,True,25.0
2013-12-21,Pacific Tigers,58.0,away,0.3079828968,-4.6982194309,False,-25.0
2013-12-24,Arizona Wildcats,77.0,home,0.9748139554,21.6779889184,True,33.0
2013-12-24,Northern Arizona Lumberjacks,44.0,away,0.0251860446,-21.6779889184,False,-33.0
2013-12-23,Detroit Mercy Titans,93.0,home,0.9964378056,38.7086163914,True,43.0
2013-12-23,Indiana Tech Warriors,50.0,away,0.0035621944,-38.7086163914,False,-43.0
2013-12-23,St. Francis Brooklyn Terriers,77.0,home,0.8343824023,10.1857720285,True,12.0
2013-12-23,NJIT Highlanders,65.0,away,0.1656175977,-10.1857720285,False,-12.0
2013-12-23,Buffalo Bulls,87.0,home,0.8929358437,13.8191622441,True,30.0
2013-12-23,Binghamton Bearcats,57.0,away,0.1070641563,-13.8191622441,False,-30.0
2013-12-23,Oregon State Beavers,58.0,home,0.5923012124,2.4567912567,True,4.0
2013-12-23,George Mason Patriots,54.0,away,0.4076987876,-2.4567912567,False,-4.0
2013-12-23,Cleveland State Vikings,89.0,home,0.9983131534,41.8494919544,True,47.0
2013-12-23,La Roche Redhawks,42.0,away,0.0016868466,-41.8494919544,False,-47.0
2013-12-23,Sacred Heart Pioneers,70.0,home,0.4227959609,-2.1440917951,False,-5.0
2013-12-23,Florida A&M Rattlers,75.0,away,0.5772040391,2.1440917951,True,5.0
2013-12-23,Fordham Rams,83.0,home,0.7436291029000001,6.5415686045,True,14.0
2013-12-23,Loyola Chicago Ramblers,69.0,away,0.2563708971,-6.5415686045,False,-14.0
2013-12-23,Akron Zips,60.0,home,0.2830053004,-6.3729550646,False,-23.0
2013-12-23,Iowa State Cyclones,83.0,away,0.7169946996000001,6.3729550646,True,23.0
2013-12-23,Radford Highlanders,64.0,home,0.6034431343,2.4939386819,True,1.0
2013-12-23,Florida Gulf Coast Eagles,63.0,away,0.3965568657,-2.4939386819,False,-1.0
2013-12-23,Portland State Vikings,98.0,home,0.9906060606,30.9068589003,True,33.0
2013-12-23,Evergreen State Geoducks,65.0,away,0.0093939394,-30.9068589003,False,-33.0
2013-12-24,Tennessee Volunteers,82.0,home,0.8835268643,12.8773368516,True,15.0
2013-12-24,Morehead State Eagles,67.0,away,0.1164731357,-12.8773368516,False,-15.0
2013-12-24,Siena Saints,67.0,home,0.6129042853,2.8622609455,True,8.0
2013-12-24,Hofstra Pride,59.0,away,0.3870957147,-2.8622609455,False,-8.0
2013-12-24,Jacksonville Dolphins,61.0,home,0.7764123229,8.0561304685,True,14.0
2013-12-24,South Carolina State Bulldogs,47.0,away,0.2235876771,-8.0561304685,False,-14.0
2013-12-24,Virginia Cavaliers,66.0,home,0.9718609200999999,21.2720558296,True,10.0
2013-12-24,Norfolk State Spartans,56.0,away,0.028139079899999996,-21.2720558296,False,-10.0
2013-12-24,Southeast Missouri State Redhawks,83.0,home,0.8244033832,10.2556117143,True,4.0
2013-12-24,IU Indianapolis Jaguars,79.0,away,0.17559661679999997,-10.2556117143,False,-4.0
2013-12-24,Santa Clara Broncos,66.0,home,0.5452580563,1.0893858687,True,1.0
2013-12-24,South Florida Bulls,65.0,away,0.4547419437,-1.0893858687,False,-1.0
2013-12-24,Cincinnati Bearcats,102.0,home,0.9682228021,22.0360323576,True,40.0
2013-12-24,Chicago State Cougars,62.0,away,0.0317771979,-22.0360323576,False,-40.0
2013-12-24,Southern Illinois Salukis,74.0,home,0.8240799722,9.9340303017,True,17.0
2013-12-24,SIU Edwardsville Cougars,57.0,away,0.1759200278,-9.9340303017,False,-17.0
2013-12-24,Drake Bulldogs,71.0,home,0.8241379575,8.9216205286,True,8.0
2013-12-24,UAlbany Great Danes,63.0,away,0.1758620425,-8.9216205286,False,-8.0
2013-12-24,New Mexico Lobos,80.0,home,0.9075099867,14.2274009131,True,12.0
2013-12-24,Grand Canyon Lopes,68.0,away,0.0924900133,-14.2274009131,False,-12.0
2013-12-24,Colorado State Rams,74.0,home,0.8664013522,11.9241035681,True,13.0
2013-12-24,UIC Flames,61.0,away,0.1335986478,-11.9241035681,False,-13.0
2013-12-24,Boise State Broncos,80.0,home,0.7654527653,7.7360161088,True,26.0
2013-12-24,South Carolina Gamecocks,54.0,away,0.23454723470000002,-7.7360161088,False,-26.0
2013-12-24,Hawai'i Rainbow Warriors,76.0,home,0.3631331724,-3.5753858248,True,2.0
2013-12-24,Saint Mary's Gaels,74.0,away,0.6368668276,3.5753858248,False,-2.0
2013-12-24,Utah Valley Wolverines,70.0,home,0.2397833895,-6.5967624852,False,-4.0
2013-12-24,North Dakota State Bison,74.0,away,0.7602166105000001,6.5967624852,True,4.0
2013-12-24,UTEP Miners,70.0,home,0.8207546589,9.3838611628,True,15.0
2013-12-24,Montana State Bobcats,55.0,away,0.1792453411,-9.3838611628,False,-15.0
2013-12-24,UNLV Rebels,82.0,home,0.703449886,5.8098857621,True,16.0
2013-12-24,Mississippi State Bulldogs,66.0,away,0.296550114,-5.8098857621,False,-16.0
2013-12-26,Boise State Broncos,66.0,home,0.4447149464,-1.4965508744,False,-4.0
2013-12-26,Iowa State Cyclones,70.0,away,0.5552850536,1.4965508744,True,4.0
2013-12-25,South Carolina Gamecocks,69.0,home,0.368616452,-3.449995154,True,10.0
2013-12-25,Akron Zips,59.0,away,0.631383548,3.449995154,False,-10.0
2013-12-25,Saint Mary's Gaels,63.0,home,0.8118286863,8.7184727923,False,-2.0
2013-12-25,George Mason Patriots,65.0,away,0.1881713137,-8.7184727923,True,2.0
2013-12-25,Hawai'i Rainbow Warriors,79.0,home,0.661119205,4.6085368912,True,6.0
2013-12-25,Oregon State Beavers,73.0,away,0.338880795,-4.6085368912,False,-6.0
2013-12-22,Washington Huskies,70.0,home,0.33284303030000006,-4.447688261,False,-12.0
2013-12-22,UConn Huskies,82.0,away,0.6671569697000002,4.447688261,True,12.0
2013-12-23,Wichita State Shockers,77.0,home,0.8925045171000001,12.6263422242,True,11.0
2013-12-23,North Carolina Central Eagles,66.0,away,0.1074954829,-12.6263422242,False,-11.0
2013-12-22,Richmond Spiders,69.0,home,0.7235576539,5.7835751857,False,-1.0
2013-12-22,Ohio Bobcats,70.0,away,0.2764423461,-5.7835751857,True,1.0
2013-12-22,Indiana Hoosiers,90.0,home,0.9737516332,24.7396225676,True,24.0
2013-12-22,Kennesaw State Owls,66.0,away,0.0262483668,-24.7396225676,False,-24.0
2013-12-22,Colgate Raiders,79.0,home,0.9963374312,36.7242195245,True,28.0
2013-12-22,Ursinus Bears,51.0,away,0.0036625688,-36.7242195245,False,-28.0
2013-12-22,West Virginia Mountaineers,70.0,home,0.7578905299,7.7423617616,False,-3.0
2013-12-22,Purdue Boilermakers,73.0,away,0.24210947010000003,-7.7423617616,True,3.0
2013-12-22,Baylor Bears,81.0,home,0.9056432846999999,13.6744033752,True,25.0
2013-12-22,Southern Jaguars,56.0,away,0.0943567153,-13.6744033752,False,-25.0
2013-12-22,Oakland Golden Grizzlies,100.0,home,0.6431913254,3.7170624652,True,6.0
2013-12-22,Robert Morris Colonials,94.0,away,0.35680867460000004,-3.7170624652,False,-6.0
2013-12-22,Florida Atlantic Owls,62.0,home,0.4212678256,-2.0042546179,False,-5.0
2013-12-22,Elon Phoenix,67.0,away,0.5787321744,2.0042546179,True,5.0
2013-12-22,Iowa Hawkeyes,86.0,home,0.9908239311,31.151290898,True,25.0
2013-12-22,Arkansas-Pine Bluff Golden Lions,61.0,away,0.0091760689,-31.151290898,False,-25.0
2013-12-22,Bowling Green Falcons,64.0,home,0.6494771557,4.071586331,True,2.0
2013-12-22,Detroit Mercy Titans,62.0,away,0.3505228443,-4.071586331,False,-2.0
2013-12-22,Dayton Flyers,76.0,home,0.9269801412,16.517884266,False,-3.0
2013-12-22,USC Trojans,79.0,away,0.0730198588,-16.517884266,True,3.0
2013-12-22,Hartford Hawks,66.0,home,0.7032256156999999,5.1198273281,True,10.0
2013-12-22,Saint Peter's Peacocks,56.0,away,0.2967743843,-5.1198273281,False,-10.0
2013-12-22,Rhode Island Rams,62.0,home,0.7739376569999998,7.4123064116,True,17.0
2013-12-22,New Hampshire Wildcats,45.0,away,0.226062343,-7.4123064116,False,-17.0
2013-12-22,UTSA Roadrunners,68.0,home,0.175118772,-9.4328151118,False,-31.0
2013-12-22,Georgia State Panthers,99.0,away,0.824881228,9.4328151118,True,31.0
2013-12-22,Drexel Dragons,59.0,home,0.9721374459,19.6173780442,True,10.0
2013-12-22,Saint Francis Red Flash,49.0,away,0.0278625541,-19.6173780442,False,-10.0
2013-12-22,Northwestern Wildcats,58.0,home,0.8279922372,9.8282642107,True,6.0
2013-12-22,Brown Bears,52.0,away,0.1720077628,-9.8282642107,False,-6.0
2013-12-22,Auburn Tigers,77.0,home,0.5296166849,0.7127781238,True,10.0
2013-12-22,Boston College Eagles,67.0,away,0.4703833151,-0.7127781238,False,-10.0
2013-12-22,Penn State Nittany Lions,92.0,home,0.9396956314,17.5061962861,True,10.0
2013-12-22,Mount St. Mary's Mountaineers,82.0,away,0.0603043686,-17.5061962861,False,-10.0
2013-12-22,Marist Red Foxes,76.0,home,0.5083419918,0.2196041515,True,14.0
2013-12-22,Pennsylvania Quakers,62.0,away,0.4916580082,-0.2196041515,False,-14.0
2013-12-22,Rutgers Scarlet Knights,75.0,home,0.779314818,8.3813302545,True,3.0
2013-12-22,Army Black Knights,72.0,away,0.220685182,-8.3813302545,False,-3.0
2013-12-22,UCF Knights,90.0,home,0.7173092426,6.1474892155,True,28.0
2013-12-22,Valparaiso Beacons,62.0,away,0.2826907574,-6.1474892155,False,-28.0
2013-12-22,Milwaukee Panthers,67.0,home,0.8210444327,9.7854777303,True,13.0
2013-12-22,Alabama State Hornets,54.0,away,0.17895556729999998,-9.7854777303,False,-13.0
2013-12-22,Illinois State Redbirds,69.0,home,0.5474968209,1.2896536683,True,5.0
2013-12-22,DePaul Blue Demons,64.0,away,0.4525031791,-1.2896536683,False,-5.0
2013-12-22,Nevada Wolf Pack,80.0,home,0.3845250499999999,-3.0879112822,True,8.0
2013-12-22,Iona Gaels,72.0,away,0.61547495,3.0879112822,False,-8.0
2013-12-22,Miami Hurricanes,71.0,home,0.46566396099999996,-0.7512087388,True,13.0
2013-12-22,La Salle Explorers,58.0,away,0.534336039,0.7512087388,False,-13.0
2013-12-22,Radford Highlanders,94.0,home,0.7232893557,6.0952065355,True,16.0
2013-12-22,Sacred Heart Pioneers,78.0,away,0.2767106443,-6.0952065355,False,-16.0
2013-12-22,Ole Miss Rebels,76.0,home,0.739451828,6.8555554038,False,-3.0
2013-12-22,Mercer Bears,79.0,away,0.260548172,-6.8555554038,True,3.0
2013-12-22,San Francisco Dons,77.0,home,0.7285537103,5.949013888,True,8.0
2013-12-22,American University Eagles,69.0,away,0.2714462897,-5.949013888,False,-8.0
2013-12-22,UC Riverside Highlanders,64.0,home,0.6371032951,3.4364427373,False,-7.0
2013-12-22,Northern Illinois Huskies,71.0,away,0.3628967049,-3.4364427373,True,7.0
2013-12-22,Omaha Mavericks,76.0,home,0.688500131,5.3767614039,True,7.0
2013-12-22,Seattle U Redhawks,69.0,away,0.311499869,-5.3767614039,False,-7.0
2013-12-22,Florida Gulf Coast Eagles,77.0,home,0.5561798503,1.4794378019,True,9.0
2013-12-22,Florida A&M Rattlers,68.0,away,0.4438201497,-1.4794378019,False,-9.0
2013-12-22,Seton Hall Pirates,92.0,home,0.8889712872,13.1506796365,True,22.0
2013-12-22,Eastern Washington Eagles,70.0,away,0.1110287128,-13.1506796365,False,-22.0
2013-12-22,George Mason Patriots,67.0,home,0.19025151349999997,-10.1100141876,False,-12.0
2013-12-22,Iowa State Cyclones,79.0,away,0.8097484865,10.1100141876,True,12.0
2013-12-22,UL Monroe Warhawks,61.0,home,0.19534655530000003,-9.3748583773,False,-22.0
2013-12-22,Louisiana Tech Bulldogs,83.0,away,0.8046534447,9.3748583773,True,22.0
2013-12-22,Wyoming Cowboys,72.0,home,0.8496226099,10.1129151473,True,13.0
2013-12-22,Northern Colorado Bears,59.0,away,0.1503773901,-10.1129151473,False,-13.0
2013-12-22,Tulane Green Wave,65.0,home,0.4078054295,-2.2037871371,True,3.0
2013-12-22,Northeastern Huskies,62.0,away,0.5921945705,2.2037871371,False,-3.0
2013-12-22,Stony Brook Seawolves,76.0,home,0.9451717042,18.0212167642,True,22.0
2013-12-22,Cornell Big Red,54.0,away,0.05482829580000001,-18.0212167642,False,-22.0
2013-12-23,Creighton Bluejays,68.0,home,0.8220603632,9.548400374,True,14.0
2013-12-23,California Golden Bears,54.0,away,0.17793963680000002,-9.548400374,False,-14.0
2013-12-23,UCLA Bruins,83.0,home,0.893195046,13.8366088653,True,23.0
2013-12-23,Weber State Wildcats,60.0,away,0.106804954,-13.8366088653,False,-23.0
2013-12-23,Akron Zips,83.0,home,0.5075120489,0.2052727661,True,12.0
2013-12-23,Oregon State Beavers,71.0,away,0.4924879511,-0.2052727661,False,-12.0
2013-12-23,South Florida Bulls,66.0,home,0.5597545413,1.5319809212,False,-5.0
2013-12-23,Mississippi State Bulldogs,71.0,away,0.4402454587,-1.5319809212,True,5.0
2013-12-23,Saint Mary's Gaels,71.0,home,0.8454005473000001,10.4919804265,False,-7.0
2013-12-23,South Carolina Gamecocks,78.0,away,0.1545994527,-10.4919804265,True,7.0
2013-12-23,UNLV Rebels,92.0,home,0.6314267061,3.4259492336,True,21.0
2013-12-23,Santa Clara Broncos,71.0,away,0.3685732939,-3.4259492336,False,-21.0
2013-12-23,Hawai'i Rainbow Warriors,61.0,home,0.3867300785000001,-3.2648399192,False,-1.0
2013-12-23,Boise State Broncos,62.0,away,0.6132699215,3.2648399192,True,1.0
2013-12-23,Cal State Northridge Matadors,79.0,home,0.6437704088000001,3.6927052793,True,10.0
2013-12-23,Idaho Vandals,69.0,away,0.3562295912,-3.6927052793,False,-10.0
2013-12-28,Mercer Bears,98.0,home,0.9986681654,43.9292443102,True,42.0
2013-12-28,St. Andrews Knights,56.0,away,0.0013318346,-43.9292443102,False,-42.0
2013-12-28,North Carolina Tar Heels,75.0,home,0.9806413468000001,24.7977697098,True,15.0
2013-12-28,Northern Kentucky Norse,60.0,away,0.0193586532,-24.7977697098,False,-15.0
2013-12-28,Northwestern Wildcats,56.0,home,0.7400790108000002,6.4743426086,False,-1.0
2013-12-28,DePaul Blue Demons,57.0,away,0.2599209892,-6.4743426086,True,1.0
2013-12-28,Ohio State Buckeyes,71.0,home,0.9838309855,24.5270112117,True,40.0
2013-12-28,UL Monroe Warhawks,31.0,away,0.0161690145,-24.5270112117,False,-40.0
2013-12-28,Cal State Northridge Matadors,86.0,home,0.693975873,5.4024762555,True,6.0
2013-12-28,Morgan State Bears,80.0,away,0.306024127,-5.4024762555,False,-6.0
2013-12-28,Oakland Golden Grizzlies,87.0,home,0.9969766347,38.3964150306,True,21.0
2013-12-28,Defiance Yellow Jackets,66.0,away,0.0030233652999999997,-38.3964150306,False,-21.0
2013-12-28,San Diego State Aztecs,118.0,home,0.9993933779000002,50.2604782435,True,83.0
2013-12-28,University of Saint Katherine Saint Katherine,35.0,away,0.0006066221,-50.2604782435,False,-83.0
2013-12-28,Washington Huskies,95.0,home,0.9374722301,19.5114619612,True,15.0
2013-12-28,Mississippi Valley State Delta Devils,80.0,away,0.0625277699,-19.5114619612,False,-15.0
2013-12-28,Seton Hall Pirates,90.0,home,0.8533392453,10.7943110571,True,32.0
2013-12-28,Lafayette Leopards,58.0,away,0.1466607547,-10.7943110571,False,-32.0
2013-12-29,Oregon Ducks,97.0,home,0.969697881,24.2813966843,True,21.0
2013-12-29,Morgan State Bears,76.0,away,0.030302119,-24.2813966843,False,-21.0
2013-12-29,Central Connecticut Blue Devils,85.0,home,0.9933397719,35.1329909401,True,3.0
2013-12-29,Albertus Magnus Falcons,82.0,away,0.006660228100000001,-35.1329909401,False,-3.0
2013-12-29,Wichita State Shockers,81.0,home,0.9361991263,17.4146245248,True,11.0
2013-12-29,Davidson Wildcats,70.0,away,0.0638008737,-17.4146245248,False,-11.0
2013-12-29,Dayton Flyers,72.0,home,0.9201499436999999,15.1816249852,True,21.0
2013-12-29,Murray State Racers,51.0,away,0.0798500563,-15.1816249852,False,-21.0
2013-12-29,Rider Broncs,89.0,home,0.7454458386,7.2805521643,True,1.0
2013-12-29,Pennsylvania Quakers,88.0,away,0.2545541614,-7.2805521643,False,-1.0
2013-12-29,Niagara Purple Eagles,68.0,home,0.5151097054,0.4407193225,True,3.0
2013-12-29,Brown Bears,65.0,away,0.4848902946,-0.4407193225,False,-3.0
2013-12-29,East Carolina Pirates,82.0,home,0.5364458945,0.9205228702,False,-7.0
2013-12-29,Georgia State Panthers,89.0,away,0.4635541054999999,-0.9205228702,True,7.0
2013-12-29,Florida Gators,76.0,home,0.9907154251,27.507099406,True,42.0
2013-12-29,Savannah State Tigers,34.0,away,0.0092845749,-27.507099406,False,-42.0
2013-12-29,Drexel Dragons,52.0,home,0.8961702111,13.0276303081,False,-3.0
2013-12-29,Buffalo Bulls,55.0,away,0.1038297889,-13.0276303081,True,3.0
2013-12-29,Purdue Fort Wayne Mastodons,68.0,home,0.4534360679,-1.175233701,False,-22.0
2013-12-29,Eastern Kentucky Colonels,90.0,away,0.5465639321,1.175233701,True,22.0
2013-12-29,Maryland Eastern Shore Hawks,58.0,home,0.3121908153,-4.5713811917,False,-13.0
2013-12-29,American University Eagles,71.0,away,0.6878091847000001,4.5713811917,True,13.0
2013-12-29,Wright State Raiders,46.0,home,0.7659462529,7.3266737197,True,3.0
2013-12-29,Bowling Green Falcons,43.0,away,0.23405374710000001,-7.3266737197,False,-3.0
2013-12-29,Youngstown State Penguins,85.0,home,0.8759067492,13.1485853915,True,26.0
2013-12-29,South Dakota Coyotes,59.0,away,0.1240932508,-13.1485853915,False,-26.0
2013-12-29,IU Indianapolis Jaguars,52.0,home,0.3293791933,-4.3833810769,False,-23.0
2013-12-29,Drake Bulldogs,75.0,away,0.6706208067,4.3833810769,True,23.0
2013-12-29,Hampton Pirates,101.0,home,0.7314995456999999,6.6984711439,True,6.0
2013-12-29,Winthrop Eagles,95.0,away,0.2685004543,-6.6984711439,False,-6.0
2013-12-29,The Citadel Bulldogs,48.0,home,0.4308069397,-1.7107107138,False,-24.0
2013-12-29,Charleston Cougars,72.0,away,0.5691930603,1.7107107138,True,24.0
2013-12-29,TCU Horned Frogs,77.0,home,0.5538844588,1.3963798577,True,13.0
2013-12-29,Texas Southern Tigers,64.0,away,0.4461155412,-1.3963798577,False,-13.0
2013-12-29,UAB Blazers,69.0,home,0.9257900464,16.1365311743,True,12.0
2013-12-29,Alabama A&M Bulldogs,57.0,away,0.0742099536,-16.1365311743,False,-12.0
2013-12-29,UT Rio Grande Valley Vaqueros,69.0,home,0.4628174089,-0.975643156,False,-19.0
2013-12-29,Duquesne Dukes,88.0,away,0.5371825911,0.975643156,True,19.0
2013-12-29,SIU Edwardsville Cougars,102.0,home,0.9824441141,27.5308040195,True,24.0
2013-12-29,Robert Morris-Springfield (IL) Eagles,78.0,away,0.0175558859,-27.5308040195,False,-24.0
2013-12-29,Missouri State Bears,81.0,home,0.7673236917,7.9655330661,True,3.0
2013-12-29,Southeast Missouri State Redhawks,78.0,away,0.23267630829999997,-7.9655330661,False,-3.0
2013-12-29,Saint Joseph's Hawks,73.0,home,0.7652659811,7.4388356526,True,6.0
2013-12-29,Boston University Terriers,67.0,away,0.2347340189,-7.4388356526,False,-6.0
2013-12-29,Miami (OH) RedHawks,67.0,home,0.6156719338,2.9260777007,True,2.0
2013-12-29,Southern Illinois Salukis,65.0,away,0.3843280662,-2.9260777007,False,-2.0
2013-12-29,West Virginia Mountaineers,82.0,home,0.8145277798000001,9.0699815101,True,37.0
2013-12-29,William & Mary Tribe,45.0,away,0.18547222019999998,-9.0699815101,False,-37.0
2013-12-29,Notre Dame Fighting Irish,87.0,home,0.8796369654,12.3970570213,True,6.0
2013-12-29,Canisius Golden Griffins,81.0,away,0.12036303460000002,-12.3970570213,False,-6.0
2013-12-29,Northern Colorado Bears,84.0,home,0.6619519740000002,4.5180890568,True,18.0
2013-12-29,North Dakota Fighting Hawks,66.0,away,0.338048026,-4.5180890568,False,-18.0
2013-12-29,Middle Tennessee Blue Raiders,85.0,home,0.9436579383999999,19.7391621032,False,-4.0
2013-12-29,Maine Black Bears,89.0,away,0.0563420616,-19.7391621032,True,4.0
2013-12-29,East Tennessee State Buccaneers,73.0,home,0.4784111142,-0.5707139256,True,11.0
2013-12-29,Valparaiso Beacons,62.0,away,0.5215888858,0.5707139256,False,-11.0
2013-12-29,Creighton Bluejays,90.0,home,0.9851183068,26.9646020531,True,32.0
2013-12-29,Chicago State Cougars,58.0,away,0.0148816932,-26.9646020531,False,-32.0
2013-12-29,USC Trojans,82.0,home,0.9422933255,18.1535083891,True,22.0
2013-12-29,Howard Bison,60.0,away,0.05770667449999999,-18.1535083891,False,-22.0
2013-12-29,Sacramento State Hornets,69.0,home,0.6330032364,3.2667364045,True,2.0
2013-12-29,UC Riverside Highlanders,67.0,away,0.3669967636,-3.2667364045,False,-2.0
2013-12-30,Chattanooga Mocs,69.0,home,0.7217950015,6.3162865327,True,5.0
2013-12-30,Grand Canyon Lopes,64.0,away,0.2782049985,-6.3162865327,False,-5.0
2013-12-30,Charlotte 49ers,55.0,home,0.501953866,0.0519606113,False,-3.0
2013-12-30,Georgia Tech Yellow Jackets,58.0,away,0.4980461339999999,-0.0519606113,True,3.0
2013-12-30,Western Illinois Leathernecks,64.0,home,0.7865759149,7.5466579363,True,2.0
2013-12-30,Alcorn State Braves,62.0,away,0.2134240851,-7.5466579363,False,-2.0
2013-12-30,Stanford Cardinal,79.0,home,0.8254304949,9.3903012673,True,17.0
2013-12-30,Cal Poly Mustangs,62.0,away,0.1745695051,-9.3903012673,False,-17.0
2013-12-30,Maryland Terrapins,85.0,home,0.8946753335,14.3899632255,True,11.0
2013-12-30,Tulsa Golden Hurricane,74.0,away,0.1053246665,-14.3899632255,False,-11.0
2013-12-30,UTEP Miners,60.0,home,0.5893535909,1.9680187822,True,6.0
2013-12-30,Denver Pioneers,54.0,away,0.4106464091,-1.9680187822,False,-6.0
2013-12-30,Oregon State Beavers,76.0,home,0.7113988343,6.1729431711,True,8.0
2013-12-30,Quinnipiac Bobcats,68.0,away,0.2886011657,-6.1729431711,False,-8.0
2013-12-30,Washington Huskies,73.0,home,0.7936737523,8.5545493692,True,6.0
2013-12-30,Hartford Hawks,67.0,away,0.2063262477,-8.5545493692,False,-6.0
2013-12-22,Oregon Ducks,100.0,home,0.7876836125,9.9593689755,True,4.0
2013-12-22,BYU Cougars,96.0,away,0.2123163875,-9.9593689755,False,-4.0
2013-12-21,North Carolina Tar Heels,97.0,home,0.9129226649000001,16.2981471353,True,12.0
2013-12-21,Davidson Wildcats,85.0,away,0.0870773351,-16.2981471353,False,-12.0
2013-12-21,Kansas Jayhawks,86.0,home,0.759328082,7.1938989882,True,22.0
2013-12-21,Georgetown Hoyas,64.0,away,0.24067191799999998,-7.1938989882,False,-22.0
2013-12-21,Texas Longhorns,78.0,home,0.4282272219,-2.0030481244,False,-14.0
2013-12-21,Michigan State Spartans,92.0,away,0.5717727781,2.0030481244,True,14.0
2013-12-22,Memphis Tigers,77.0,home,0.9520905343,20.8967278876,True,12.0
2013-12-22,Southeast Missouri State Redhawks,65.0,away,0.0479094657,-20.8967278876,False,-12.0
2013-12-21,Kansas State Wildcats,72.0,home,0.21681148529999997,-7.6950387534,True,10.0
2013-12-21,Gonzaga Bulldogs,62.0,away,0.7831885147,7.6950387534,False,-10.0
2013-12-21,Florida International Panthers,56.0,home,0.0874310942,-14.9051988813,False,-29.0
2013-12-21,Louisville Cardinals,85.0,away,0.9125689058,14.9051988813,True,29.0
2013-12-21,Missouri Tigers,64.0,home,0.5359254354,0.8783948494,False,-1.0
2013-12-21,Illinois Fighting Illini,65.0,away,0.46407456459999996,-0.8783948494,True,1.0
2013-12-21,Kentucky Wildcats,93.0,home,0.931353181,17.3625614407,True,13.0
2013-12-21,Belmont Bruins,80.0,away,0.068646819,-17.3625614407,False,-13.0
2013-12-21,Villanova Wildcats,88.0,home,0.9352386433999998,17.8590457956,True,21.0
2013-12-21,Rider Broncs,67.0,away,0.0647613566,-17.8590457956,False,-21.0
2013-12-22,San Diego State Aztecs,65.0,home,0.9850939765,26.7316562586,True,29.0
2013-12-22,McNeese Cowboys,36.0,away,0.0149060235,-26.7316562586,False,-29.0
2013-12-21,TCU Horned Frogs,70.0,home,0.616051016,3.0605056637,True,12.0
2013-12-21,Tulsa Golden Hurricane,58.0,away,0.38394898400000005,-3.0605056637,False,-12.0
2013-12-21,NC State Wolfpack,90.0,home,0.7513389912000001,7.1764196754,True,11.0
2013-12-21,East Carolina Pirates,79.0,away,0.2486610088,-7.1764196754,False,-11.0
2013-12-21,Oakland Golden Grizzlies,79.0,home,0.5834540579,2.012748132,False,-2.0
2013-12-21,Eastern Michigan Eagles,81.0,away,0.4165459421,-2.012748132,True,2.0
2013-12-21,Gardner-Webb Runnin' Bulldogs,90.0,home,0.9958797071,36.5801689559,True,36.0
2013-12-21,Hiwassee Tigers,54.0,away,0.0041202929,-36.5801689559,False,-36.0
2013-12-21,Northern Kentucky Norse,72.0,home,0.3940893576000001,-2.4553910818,True,7.0
2013-12-21,Navy Midshipmen,65.0,away,0.6059106424,2.4553910818,False,-7.0
2013-12-21,Maryland Terrapins,77.0,home,0.8389894678,10.6944365092,False,-6.0
2013-12-21,Boston University Terriers,83.0,away,0.1610105322,-10.6944365092,True,6.0
2013-12-21,Central Arkansas Bears,90.0,home,0.1681634571,-11.0197980052,False,-7.0
2013-12-21,Charleston Southern Buccaneers,97.0,away,0.8318365429,11.0197980052,True,7.0
2013-12-21,Central Connecticut Blue Devils,62.0,home,0.5968908289,2.6892014115,False,-3.0
2013-12-21,Coastal Carolina Chanticleers,65.0,away,0.4031091711,-2.6892014115,True,3.0
2013-12-21,Western Michigan Broncos,92.0,home,0.8978299825,13.7904123131,True,39.0
2013-12-21,Prairie View A&M Panthers,53.0,away,0.1021700175,-13.7904123131,False,-39.0
2013-12-21,App State Mountaineers,100.0,home,0.9819721399,27.527587468,True,32.0
2013-12-21,Milligan Buffaloes,68.0,away,0.0180278601,-27.527587468,False,-32.0
2013-12-21,Toledo Rockets,71.0,home,0.6996574145,5.3752027735,True,4.0
2013-12-21,Cleveland State Vikings,67.0,away,0.3003425855,-5.3752027735,False,-4.0
2013-12-21,Maryland Eastern Shore Hawks,62.0,home,0.0,0.0,False,-3.0
2013-12-21,Wilmington University Wildcats,65.0,away,0.0,0.0,True,3.0
2013-12-21,UMass Lowell River Hawks,77.0,home,0.3351862667,-4.3645153736,False,-18.0
2013-12-21,Duquesne Dukes,95.0,away,0.6648137333000002,4.3645153736,True,18.0
2013-12-21,Green Bay Phoenix,74.0,home,0.8282469707,10.2598577692,True,16.0
2013-12-21,Fairfield Stags,58.0,away,0.1717530293,-10.2598577692,False,-16.0
2013-12-21,Florida State Seminoles,60.0,home,0.5366810326,1.0470295647,True,5.0
2013-12-21,Massachusetts Minutemen,55.0,away,0.4633189674,-1.0470295647,False,-5.0
2013-12-21,Georgia Bulldogs,65.0,home,0.7378831861,6.4312735944,True,2.0
2013-12-21,Western Carolina Catamounts,63.0,away,0.2621168139,-6.4312735944,False,-2.0
2013-12-21,Providence Friars,94.0,home,0.972275909,24.6155079883,True,24.0
2013-12-21,Maine Black Bears,70.0,away,0.027724091,-24.6155079883,False,-24.0
2013-12-21,St. John's Red Storm,96.0,home,0.8483844523,11.1365775034,True,9.0
2013-12-21,Youngstown State Penguins,87.0,away,0.1516155477,-11.1365775034,False,-9.0
2013-12-21,Oral Roberts Golden Eagles,69.0,home,0.9960068366,36.2091942658,True,14.0
2013-12-21,Dallas Baptist Patriots,55.0,away,0.0039931634,-36.2091942658,False,-14.0
2013-12-21,Monmouth Hawks,87.0,home,0.48477545729999993,-0.4170648715,True,9.0
2013-12-21,Fordham Rams,78.0,away,0.5152245427,0.4170648715,False,-9.0
2013-12-21,Wake Forest Demon Deacons,59.0,home,0.9562760571,20.4526785978,True,8.0
2013-12-21,UNC Greensboro Spartans,51.0,away,0.0437239429,-20.4526785978,False,-8.0
2013-12-21,Purdue Fort Wayne Mastodons,86.0,home,0.8810112280999999,12.0617532895,True,21.0
2013-12-21,Eastern Illinois Panthers,65.0,away,0.1189887719,-12.0617532895,False,-21.0
2013-12-21,UT Arlington Mavericks,79.0,home,0.6822263499000001,4.9456236488,True,4.0
2013-12-21,Cal State Bakersfield Roadrunners,75.0,away,0.3177736501,-4.9456236488,False,-4.0
2013-12-21,Western Kentucky Hilltoppers,71.0,home,0.7954353518,8.2849139466,True,7.0
2013-12-21,Murray State Racers,64.0,away,0.2045646482,-8.2849139466,False,-7.0
2013-12-21,UNC Wilmington Seahawks,57.0,home,0.5866213229,2.1594621531,False,-12.0
2013-12-21,Old Dominion Monarchs,69.0,away,0.4133786771,-2.1594621531,True,12.0
2013-12-21,Winthrop Eagles,56.0,home,0.5387365063,0.9522328537,False,-6.0
2013-12-21,Wofford Terriers,62.0,away,0.46126349369999997,-0.9522328537,True,6.0
2013-12-21,NJIT Highlanders,55.0,home,0.4912989083,-0.2189195458,False,-19.0
2013-12-21,Holy Cross Crusaders,74.0,away,0.5087010917,0.2189195458,True,19.0
2013-12-21,Cincinnati Bearcats,69.0,home,0.8003882151,8.5131059825,True,21.0
2013-12-21,Middle Tennessee Blue Raiders,48.0,away,0.1996117849,-8.5131059825,False,-21.0
2013-12-21,Campbell Fighting Camels,95.0,home,0.987189199,27.2542070317,True,31.0
2013-12-21,Johnson & Wales (NC) JOHNSON & WALES-CHARLOTTE,64.0,away,0.012810801,-27.2542070317,False,-31.0
2013-12-21,George Washington Revolutionaries,74.0,home,0.974870271,24.442261437,True,13.0
2013-12-21,UMBC Retrievers,61.0,away,0.025129729,-24.442261437,False,-13.0
2013-12-21,Hampton Pirates,49.0,home,0.4995485527,-0.0114683483,False,-6.0
2013-12-21,James Madison Dukes,55.0,away,0.5004514473,0.0114683483,True,6.0
2013-12-21,San José State Spartans,73.0,home,0.9906399339,30.9126500811,True,7.0
2013-12-21,Westminster (UT) Griffins,66.0,away,0.0093600661,-30.9126500811,False,-7.0
2013-12-21,Charleston Cougars,54.0,home,0.2981395974,-5.1210899522,False,-4.0
2013-12-21,Kent State Golden Flashes,58.0,away,0.7018604025999999,5.1210899522,True,4.0
2013-12-21,Long Beach State Beach,82.0,home,0.9930120543,32.6583969129,True,7.0
2013-12-21,Montana State-Billings Yellowjackets,75.0,away,0.0069879457,-32.6583969129,False,-7.0
2013-12-21,Manhattan Jaspers,84.0,home,0.8509506114,11.7008979251,True,3.0
2013-12-21,Buffalo Bulls,81.0,away,0.1490493886,-11.7008979251,False,-3.0
2013-12-21,Evansville Purple Aces,59.0,home,0.3444843487,-3.95138198,False,-9.0
2013-12-21,Butler Bulldogs,68.0,away,0.6555156513,3.95138198,True,9.0
2013-12-21,Tulane Green Wave,84.0,home,0.7041883018,5.3623938512,True,18.0
2013-12-21,Alabama State Hornets,66.0,away,0.2958116982,-5.3623938512,False,-18.0
2013-12-21,Loyola Maryland Greyhounds,77.0,home,0.267481052,-6.3912272956,False,-11.0
2013-12-21,Saint Joseph's Hawks,88.0,away,0.7325189479999998,6.3912272956,True,11.0
2013-12-21,Southern Illinois Salukis,66.0,home,0.7192648096,5.7914958754,True,8.0
2013-12-21,Ball State Cardinals,58.0,away,0.2807351904,-5.7914958754,False,-8.0
2013-12-21,Indiana State Sycamores,81.0,home,0.9033118305,13.9107602957,True,20.0
2013-12-21,IU Indianapolis Jaguars,61.0,away,0.0966881695,-13.9107602957,False,-20.0
2013-12-21,Saint Louis Billikens,79.0,home,0.9647814795,21.1574360202,True,22.0
2013-12-21,North Carolina A&T Aggies,57.0,away,0.0352185205,-21.1574360202,False,-22.0
2013-12-21,Virginia Cavaliers,57.0,home,0.895898701,12.2413307123,True,14.0
2013-12-21,Northern Iowa Panthers,43.0,away,0.104101299,-12.2413307123,False,-14.0
2013-12-21,Harvard Crimson,74.0,home,0.9167013444,13.9436042213,True,6.0
2013-12-21,Vermont Catamounts,68.0,away,0.0832986556,-13.9436042213,False,-6.0
2013-12-21,Pepperdine Waves,76.0,home,0.8256931112,9.7576281847,True,12.0
2013-12-21,Houston Christian Huskies,64.0,away,0.1743068888,-9.7576281847,False,-12.0
2013-12-21,Pittsburgh Panthers,73.0,home,0.9618672746,17.3636227111,True,17.0
2013-12-21,Cal Poly Mustangs,56.0,away,0.0381327254,-17.3636227111,False,-17.0
2013-12-21,North Texas Mean Green,81.0,home,0.9935058451,35.4569964948,True,4.0
2013-12-21,Wayland Baptist Pioneers,77.0,away,0.0064941549,-35.4569964948,False,-4.0
2013-12-21,Vanderbilt Commodores,76.0,home,0.5412337472,1.067387996,True,13.0
2013-12-21,Georgia Tech Yellow Jackets,63.0,away,0.4587662528,-1.067387996,False,-13.0
2013-12-21,Denver Pioneers,50.0,home,0.7854186856000002,7.4992657679,False,-13.0
2013-12-21,UC Irvine Anteaters,63.0,away,0.2145813144,-7.4992657679,True,13.0
2013-12-21,East Tennessee State Buccaneers,84.0,home,0.6823106242999999,5.3829696291,True,5.0
2013-12-21,Austin Peay Governors,79.0,away,0.3176893757,-5.3829696291,False,-5.0
2013-12-21,Columbia Lions,82.0,home,0.9355933836,14.8518309972,True,23.0
2013-12-21,Fairleigh Dickinson Knights,59.0,away,0.0644066164,-14.8518309972,False,-23.0
2013-12-21,Dartmouth Big Green,84.0,home,0.9256196799,15.4076398868,True,20.0
2013-12-21,Longwood Lancers,64.0,away,0.0743803201,-15.4076398868,False,-20.0
2013-12-21,Grambling Tigers,54.0,home,0.8927465722,15.0546401058,False,-1.0
2013-12-21,Lyon Scots,55.0,away,0.1072534278,-15.0546401058,True,1.0
2013-12-21,UCF Knights,86.0,home,0.9977963676,42.6586283546,True,28.0
2013-12-21,Rio Grande Red Storm,58.0,away,0.0022036324,-42.6586283546,False,-28.0
2013-12-21,Houston Cougars,54.0,home,0.6948914216,5.0849077368,True,2.0
2013-12-21,Rice Owls,52.0,away,0.3051085784,-5.0849077368,False,-2.0
2013-12-21,UT Martin Skyhawks,76.0,home,0.5342661158,0.9044491151,False,-4.0
2013-12-21,SE Louisiana Lions,80.0,away,0.4657338842,-0.9044491151,True,4.0
2013-12-21,Florida Gators,66.0,home,0.9528050873000001,17.4763284922,True,17.0
2013-12-21,Fresno State Bulldogs,49.0,away,0.0471949127,-17.4763284922,False,-17.0
2013-12-21,Tennessee State Tigers,64.0,home,0.6440341227,3.7027306268,False,-15.0
2013-12-21,Miami (OH) RedHawks,79.0,away,0.3559658773,-3.7027306268,True,15.0
2013-12-21,Niagara Purple Eagles,72.0,home,0.3290240747,-5.0085349592,False,-2.0
2013-12-21,St. Bonaventure Bonnies,74.0,away,0.6709759253,5.0085349592,True,2.0
2013-12-21,LSU Tigers,86.0,home,0.8123263305,9.7096945585,True,23.0
2013-12-21,UAB Blazers,63.0,away,0.1876736695,-9.7096945585,False,-23.0
2013-12-21,San Diego Toreros,67.0,home,0.9398737877,16.4381906424,True,15.0
2013-12-21,Southern Utah Thunderbirds,52.0,away,0.06012621230000001,-16.4381906424,False,-15.0
2013-12-21,North Dakota Fighting Hawks,70.0,home,0.7112875217,6.0616590557,False,-7.0
2013-12-21,South Dakota State Jackrabbits,77.0,away,0.2887124783,-6.0616590557,True,7.0
2013-12-21,Northeastern Huskies,62.0,home,0.4525456829,-1.2072566442,True,3.0
2013-12-21,Milwaukee Panthers,59.0,away,0.5474543171,1.2072566442,False,-3.0
2013-12-21,LIU Brooklyn Liu Brooklyn,65.0,home,0.0,0.0,False,-36.0
2013-12-21,Temple Owls,101.0,away,0.0,0.0,True,36.0
2013-12-21,Virginia Tech Hokies,52.0,home,0.1959164853,-9.56593233,False,-30.0
2013-12-21,VCU Rams,82.0,away,0.8040835147,9.56593233,True,30.0
2013-12-21,Texas State Bobcats,73.0,home,0.9905507075,29.3269279313,True,19.0
2013-12-21,UT Tyler Patriots,54.0,away,0.0094492925,-29.3269279313,False,-19.0
2013-12-21,UC Davis Aggies,80.0,home,0.4651990771000001,-0.8648520193,True,6.0
2013-12-21,Air Force Falcons,74.0,away,0.5348009229,0.8648520193,False,-6.0
2013-12-21,Valparaiso Beacons,89.0,home,0.9939360334,34.6604191113,True,43.0
2013-12-21,Southeastern Fires,46.0,away,0.006063966600000001,-34.6604191113,False,-43.0
2013-12-21,Coppin State Eagles,61.0,home,0.4980877122,-0.046112924,False,-11.0
2013-12-21,Jacksonville State Gamecocks,72.0,away,0.5019122878,0.046112924,True,11.0
2013-12-21,Cal State Fullerton Titans,59.0,home,0.8639427350999999,10.987822213,True,8.0
2013-12-21,Sacramento State Hornets,51.0,away,0.1360572649,-10.987822213,False,-8.0
2013-12-21,Arizona State Sun Devils,76.0,home,0.9122301727,14.5634004461,True,14.0
2013-12-21,Texas Tech Red Raiders,62.0,away,0.0877698273,-14.5634004461,False,-14.0
2013-12-22,Alabama Crimson Tide,74.0,home,0.6445825911,3.5632168766,False,-3.0
2013-12-22,Xavier Musketeers,77.0,away,0.3554174089,-3.5632168766,True,3.0
2013-12-22,Wright State Raiders,61.0,home,0.9465178879,19.0716435098,True,12.0
2013-12-22,Kansas City Roos,49.0,away,0.0534821121,-19.0716435098,False,-12.0
2013-12-22,Stephen F. Austin Lumberjacks,83.0,home,0.9973383005999998,38.3153419978,True,34.0
2013-12-22,Elmhurst Blue Jays,49.0,away,0.0026616994,-38.3153419978,False,-34.0
2013-12-22,Charlotte 49ers,81.0,home,0.6543612248000001,4.2224032009,True,5.0
2013-12-22,South Carolina Upstate Spartans,76.0,away,0.3456387752000001,-4.2224032009,False,-5.0
2013-12-22,North Florida Ospreys,68.0,home,0.8184859818,9.1438395271,True,4.0
2013-12-22,Bethune-Cookman Wildcats,64.0,away,0.18151401820000002,-9.1438395271,False,-4.0
2013-12-22,Lehigh Mountain Hawks,69.0,home,0.4865716308,-0.357030818,True,11.0
2013-12-22,Quinnipiac Bobcats,58.0,away,0.5134283692,0.357030818,False,-11.0
2013-12-22,Marshall Thundering Herd,82.0,home,0.5097446685,0.2788659891,False,-1.0
2013-12-22,Arkansas State Red Wolves,83.0,away,0.4902553315,-0.2788659891,True,1.0
2013-12-22,UC Santa Barbara Gauchos,61.0,home,0.731668452,5.486076974,True,6.0
2013-12-22,Western Illinois Leathernecks,55.0,away,0.268331548,-5.486076974,False,-6.0
2013-12-22,Texas A&M Aggies,52.0,home,0.5711397177,1.9360288413,False,-12.0
2013-12-22,Oklahoma Sooners,64.0,away,0.4288602823,-1.9360288413,True,12.0
2013-12-22,Ohio State Buckeyes,64.0,home,0.8095686708,8.922299093,True,3.0
2013-12-22,Notre Dame Fighting Irish,61.0,away,0.19043132920000003,-8.922299093,False,-3.0
2013-12-22,Arkansas Razorbacks,72.0,home,0.9463651006,19.3124826581,True,12.0
2013-12-22,South Alabama Jaguars,60.0,away,0.0536348994,-19.3124826581,False,-12.0
2013-12-22,North Dakota State Bison,90.0,home,0.9369555955,16.0858260615,True,8.0
2013-12-22,Towson Tigers,82.0,away,0.0630444045,-16.0858260615,False,-8.0
2013-12-22,Little Rock Trojans,60.0,home,0.1590906316,-10.4428738067,False,-14.0
2013-12-22,Southern Miss Golden Eagles,74.0,away,0.8409093684,10.4428738067,True,14.0
2013-12-22,Missouri State Bears,68.0,home,0.9308979544,16.6011404972,True,21.0
2013-12-22,Alabama A&M Bulldogs,47.0,away,0.0691020456,-16.6011404972,False,-21.0
2013-12-22,Nebraska Cornhuskers,77.0,home,0.9476134955,18.5251611859,True,15.0
2013-12-22,The Citadel Bulldogs,62.0,away,0.0523865045,-18.5251611859,False,-15.0
2013-12-22,Washington State Cougars,51.0,home,0.7411594807,6.1157332714,False,-13.0
2013-12-22,UTEP Miners,64.0,away,0.2588405193,-6.1157332714,True,13.0
2013-12-22,Pacific Tigers,71.0,home,0.6529682837,3.9124733078,True,16.0
2013-12-22,Bradley Braves,55.0,away,0.3470317163,-3.9124733078,False,-16.0
2013-12-22,Loyola Marymount Lions,100.0,home,0.9969927635000001,42.3533298915,True,17.0
2013-12-22,La Sierra Golden Eagles,83.0,away,0.0030072365,-42.3533298915,False,-17.0
2013-12-22,Michigan Wolverines,68.0,home,0.7708942953000001,7.2693118745,True,3.0
2013-12-22,Stanford Cardinal,65.0,away,0.2291057047,-7.2693118745,False,-3.0
2013-12-22,New Mexico State Aggies,97.0,home,0.9982333219,43.2466778381,True,50.0
2013-12-22,Northern New Mexico Eagles,47.0,away,0.0017666781,-43.2466778381,False,-50.0
2013-12-22,New Mexico Lobos,75.0,home,0.2522011125,-6.714345413,True,7.0
2013-12-22,Marquette Golden Eagles,68.0,away,0.7477988875,6.714345413,False,-7.0
2013-12-22,Utah State Aggies,71.0,home,0.9411154392000001,15.7881932716,True,21.0
2013-12-22,Troy Trojans,50.0,away,0.0588845608,-15.7881932716,False,-21.0
2013-12-22,Colorado Buffaloes,73.0,home,0.2273764664,-8.2042264215,False,-5.0
2013-12-22,Oklahoma State Cowboys,78.0,away,0.7726235336,8.2042264215,True,5.0
2013-12-21,Canisius Golden Griffins,87.0,home,0.9426925098,18.2690425853,True,13.0
2013-12-21,Lamar Cardinals,74.0,away,0.057307490200000005,-18.2690425853,False,-13.0
2013-12-22,Delaware Blue Hens,108.0,home,0.7405315888,7.2872576309,True,1.0
2013-12-22,Bryant Bulldogs,107.0,away,0.2594684112,-7.2872576309,False,-1.0
2013-12-22,Portland Pilots,93.0,home,0.3377898145,-4.1184620382,True,14.0
2013-12-22,Princeton Tigers,79.0,away,0.6622101855,4.1184620382,False,-14.0
2013-12-28,Duke Blue Devils,82.0,home,0.9694960037,22.0424058607,True,23.0
2013-12-28,Eastern Michigan Eagles,59.0,away,0.0305039963,-22.0424058607,False,-23.0
2013-12-28,Kentucky Wildcats,73.0,home,0.5795113718,2.0905324732,True,7.0
2013-12-28,Louisville Cardinals,66.0,away,0.4204886282,-2.0905324732,False,-7.0
2013-12-28,Wisconsin Badgers,80.0,home,0.9929769317,29.5362025158,True,37.0
2013-12-28,Prairie View A&M Panthers,43.0,away,0.007023068300000001,-29.5362025158,False,-37.0
2013-12-29,NC State Wolfpack,64.0,home,0.5268918891,0.6865421764,False,-4.0
2013-12-29,Missouri Tigers,68.0,away,0.4731081109,-0.6865421764,True,4.0
2013-12-29,Gonzaga Bulldogs,74.0,home,0.928153365,15.8469629587,True,14.0
2013-12-29,Santa Clara Broncos,60.0,away,0.071846635,-15.8469629587,False,-14.0
2013-12-28,Massachusetts Minutemen,69.0,home,0.77984388,8.4001404473,True,2.0
2013-12-28,Providence Friars,67.0,away,0.22015612,-8.4001404473,False,-2.0
2013-12-28,Memphis Tigers,75.0,home,0.9722331097,23.7920567422,True,14.0
2013-12-28,Jackson State Tigers,61.0,away,0.0277668903,-23.7920567422,False,-14.0
2013-12-28,Syracuse Orange,78.0,home,0.6605320195000001,4.1031216034,True,16.0
2013-12-28,Villanova Wildcats,62.0,away,0.3394679805,-4.1031216034,False,-16.0
2013-12-29,Colorado Buffaloes,84.0,home,0.8914502306,12.936179065,True,14.0
2013-12-29,Georgia Bulldogs,70.0,away,0.1085497694,-12.936179065,False,-14.0
2013-12-28,UConn Huskies,82.0,home,0.9554737397,19.2925429769,True,17.0
2013-12-28,Eastern Washington Eagles,65.0,away,0.0445262603,-19.2925429769,False,-17.0
2013-12-28,Cincinnati Bearcats,74.0,home,0.9051496003,13.818495523,True,15.0
2013-12-28,Nebraska Cornhuskers,59.0,away,0.0948503997,-13.818495523,False,-15.0
2013-12-28,Georgetown Hoyas,92.0,home,0.955619419,19.065949922,True,35.0
2013-12-28,Florida International Panthers,57.0,away,0.044380581,-19.065949922,False,-35.0
2013-12-28,Virginia Tech Hokies,52.0,home,0.9139121649999999,15.4392082362,False,-3.0
2013-12-28,UNC Greensboro Spartans,55.0,away,0.086087835,-15.4392082362,True,3.0
2013-12-28,Central Arkansas Bears,88.0,home,0.2609327142,-7.6275146095,False,-16.0
2013-12-28,Omaha Mavericks,104.0,away,0.7390672858,7.6275146095,True,16.0
2013-12-28,Butler Bulldogs,66.0,home,0.9482807406,17.4607973359,True,18.0
2013-12-28,NJIT Highlanders,48.0,away,0.0517192594,-17.4607973359,False,-18.0
2013-12-28,Green Bay Phoenix,91.0,home,0.9981793769,43.3761487812,True,50.0
2013-12-28,St. Francis (IL) Fighting Saints,41.0,away,0.0018206231,-43.3761487812,False,-50.0
2013-12-28,North Carolina A&T Aggies,63.0,home,0.6446951546000002,3.894865511,False,-3.0
2013-12-28,Georgia Southern Eagles,66.0,away,0.3553048454,-3.894865511,True,3.0
2013-12-28,Indiana State Sycamores,85.0,home,0.6590234627,4.2679313962,True,12.0
2013-12-28,Belmont Bruins,73.0,away,0.3409765373,-4.2679313962,False,-12.0
2013-12-28,Illinois Fighting Illini,74.0,home,0.8557870748999999,10.6135288694,True,14.0
2013-12-28,UIC Flames,60.0,away,0.1442129251,-10.6135288694,False,-14.0
2013-12-28,Toledo Rockets,85.0,home,0.9426348101,18.1069675032,True,19.0
2013-12-28,Coppin State Eagles,66.0,away,0.0573651899,-18.1069675032,False,-19.0
2013-12-28,Arizona State Sun Devils,74.0,home,0.8997683805999999,14.5618456259,True,13.0
2013-12-28,UC Irvine Anteaters,61.0,away,0.1002316194,-14.5618456259,False,-13.0
2013-12-28,Marquette Golden Eagles,71.0,home,0.9813902901,25.0587900497,True,23.0
2013-12-28,Samford Bulldogs,48.0,away,0.0186097099,-25.0587900497,False,-23.0
2013-12-28,St. John's Red Storm,65.0,home,0.7925641087000002,7.7267416694,True,6.0
2013-12-28,Columbia Lions,59.0,away,0.2074358913,-7.7267416694,False,-6.0
2013-12-28,Troy Trojans,74.0,home,0.9923091017,31.5523469111,True,12.0
2013-12-28,Belhaven Blazers,62.0,away,0.007690898300000001,-31.5523469111,False,-12.0
2013-12-28,Rhode Island Rams,64.0,home,0.3051805533,-4.9827140407,False,-13.0
2013-12-28,Southern Miss Golden Eagles,77.0,away,0.6948194467,4.9827140407,True,13.0
2013-12-28,Bucknell Bison,64.0,home,0.7435298149,6.4033042284,False,-9.0
2013-12-28,Fairfield Stags,73.0,away,0.2564701851,-6.4033042284,True,9.0
2013-12-28,Eastern Illinois Panthers,70.0,home,0.6002860211,2.4458035988,True,1.0
2013-12-28,Tennessee State Tigers,69.0,away,0.3997139789,-2.4458035988,False,-1.0
2013-12-28,Saint Peter's Peacocks,67.0,home,0.8655720924000001,11.2967161359,True,8.0
2013-12-28,Cornell Big Red,59.0,away,0.1344279076,-11.2967161359,False,-8.0
2013-12-28,Binghamton Bearcats,67.0,home,0.23320902160000004,-7.9302094331,True,5.0
2013-12-28,Bryant Bulldogs,62.0,away,0.7667909784,7.9302094331,False,-5.0
2013-12-28,Loyola Marymount Lions,87.0,home,0.3358327552,-5.2911844571,True,11.0
2013-12-28,BYU Cougars,76.0,away,0.6641672448,5.2911844571,False,-11.0
2013-12-28,South Carolina Gamecocks,78.0,home,0.584422166,2.1538136817,True,33.0
2013-12-28,Akron Zips,45.0,away,0.415577834,-2.1538136817,False,-33.0
2013-12-28,Colorado State Rams,86.0,home,0.9546978329,20.3352737643,True,15.0
2013-12-28,Lamar Cardinals,71.0,away,0.04530216709999999,-20.3352737643,False,-15.0
2013-12-28,Utah Utes,124.0,home,0.9986702946,44.6924912807,True,73.0
2013-12-28,University of Saint Katherine Saint Katherine,51.0,away,0.0013297054,-44.6924912807,False,-73.0
2013-12-28,Idaho Vandals,71.0,home,0.5748161265,1.754001104,False,-1.0
2013-12-28,Montana Grizzlies,72.0,away,0.4251838735,-1.754001104,True,1.0
2013-12-28,Alabama State Hornets,78.0,home,0.9844220431,27.9126365493,True,27.0
2013-12-28,Auburn-Montgomery Senators,51.0,away,0.0155779569,-27.9126365493,False,-27.0
2013-12-28,Fordham Rams,86.0,home,0.1942143086,-9.4076125863,False,-8.0
2013-12-28,Harvard Crimson,94.0,away,0.8057856914,9.4076125863,True,8.0
2013-12-28,Hofstra Pride,58.0,home,0.2150496265,-7.8835914258,False,-11.0
2013-12-28,George Washington Revolutionaries,69.0,away,0.7849503734999999,7.8835914258,True,11.0
2013-12-28,Michigan State Spartans,101.0,home,0.9804225275,26.7722250844,True,53.0
2013-12-28,New Orleans Privateers,48.0,away,0.0195774725,-26.7722250844,False,-53.0
2013-12-28,UNC Asheville Bulldogs,75.0,home,0.640635568,3.4616480252,True,14.0
2013-12-28,UNC Wilmington Seahawks,61.0,away,0.359364432,-3.4616480252,False,-14.0
2013-12-28,San José State Spartans,87.0,home,0.9909001039,31.203642885,True,28.0
2013-12-28,Pacifica College Gladiators,59.0,away,0.0090998961,-31.203642885,False,-28.0
2013-12-28,Charleston Southern Buccaneers,122.0,home,0.9982613187,43.1804535777,True,82.0
2013-12-28,St. Andrews Knights,40.0,away,0.0017386813,-43.1804535777,False,-82.0
2013-12-28,Liberty Flames,92.0,home,0.9958703831,35.4625624965,True,39.0
2013-12-28,Southeastern Fires,53.0,away,0.0041296169,-35.4625624965,False,-39.0
2013-12-28,Kansas State Wildcats,72.0,home,0.8821180906000001,11.5067474039,True,31.0
2013-12-28,Tulane Green Wave,41.0,away,0.1178819094,-11.5067474039,False,-31.0
2013-12-28,Xavier Musketeers,68.0,home,0.70814618,5.6936921572,True,15.0
2013-12-28,Wake Forest Demon Deacons,53.0,away,0.29185382,-5.6936921572,False,-15.0
2013-12-28,California Golden Bears,90.0,home,0.9827263962,24.4669888784,True,30.0
2013-12-28,Furman Paladins,60.0,away,0.0172736038,-24.4669888784,False,-30.0
2013-12-28,Sam Houston Bearkats,82.0,home,0.9463647637,18.8747259429,True,4.0
2013-12-28,Long Island University Sharks,78.0,away,0.05363523629999999,-18.8747259429,False,-4.0
2013-12-29,Kent State Golden Flashes,70.0,home,0.5979689365,2.45093201,False,-8.0
2013-12-29,Cleveland State Vikings,78.0,away,0.4020310635,-2.45093201,True,8.0
2013-12-28,Michigan Wolverines,88.0,home,0.9678695288,20.5802116033,True,22.0
2013-12-28,Holy Cross Crusaders,66.0,away,0.0321304712,-20.5802116033,False,-22.0
2013-12-28,Richmond Spiders,67.0,home,0.8850193133,12.2919912074,True,9.0
2013-12-28,Old Dominion Monarchs,58.0,away,0.1149806867,-12.2919912074,False,-9.0
2013-12-29,Fresno State Bulldogs,104.0,home,0.9956880676000001,36.6208323756,True,61.0
2013-12-29,UC Merced Bobcats,43.0,away,0.0043119324,-36.6208323756,False,-61.0
2013-12-29,Washington State Cougars,85.0,home,0.9243413001,16.4687920196,True,37.0
2013-12-29,Mississippi Valley State Delta Devils,48.0,away,0.0756586999,-16.4687920196,False,-37.0
2013-12-29,VCU Rams,69.0,home,0.8506206338,11.0486070963,True,19.0
2013-12-29,Boston College Eagles,50.0,away,0.1493793662,-11.0486070963,False,-19.0
2013-12-29,Denver Pioneers,67.0,home,0.9070736795,12.5734713406,True,18.0
2013-12-29,Alcorn State Braves,49.0,away,0.09292632049999999,-12.5734713406,False,-18.0
2013-12-29,LSU Tigers,79.0,home,0.9758696179,24.9582981565,True,27.0
2013-12-29,McNeese Cowboys,52.0,away,0.0241303821,-24.9582981565,False,-27.0
2013-12-29,Pepperdine Waves,75.0,home,0.47424136670000006,-0.6245001862,True,11.0
2013-12-29,San Diego Toreros,64.0,away,0.5257586333,0.6245001862,False,-11.0
2013-12-29,Western Kentucky Hilltoppers,103.0,home,0.9977837744,39.7990015199,True,38.0
2013-12-29,Brescia Bearcats,65.0,away,0.0022162256,-39.7990015199,False,-38.0
2013-12-29,Bradley Braves,57.0,home,0.5655005445,1.6200010888,False,-4.0
2013-12-29,South Florida Bulls,61.0,away,0.4344994555,-1.6200010888,True,4.0
2013-12-29,Northern Iowa Panthers,90.0,home,0.6183805014,3.1884090316,True,12.0
2013-12-29,Iona Gaels,78.0,away,0.3816194986,-3.1884090316,False,-12.0
2013-12-29,Arkansas Razorbacks,89.0,home,0.9777370939,25.6587796921,True,41.0
2013-12-29,High Point Panthers,48.0,away,0.0222629061,-25.6587796921,False,-41.0
2013-12-29,Kansas City Roos,60.0,home,0.3669820438,-3.6367145504,False,-5.0
2013-12-29,South Dakota State Jackrabbits,65.0,away,0.6330179562,3.6367145504,True,5.0
2013-12-29,New Mexico State Aggies,82.0,home,0.9224957372,15.3064311421,True,18.0
2013-12-29,South Alabama Jaguars,64.0,away,0.0775042628,-15.3064311421,False,-18.0
2013-12-29,Weber State Wildcats,75.0,home,0.9973988285000001,38.6463048207,True,26.0
2013-12-29,Northern New Mexico Eagles,49.0,away,0.0026011715000000004,-38.6463048207,False,-26.0
2013-12-29,Idaho State Bengals,57.0,home,0.5018412875,0.0430794626,False,-4.0
2013-12-29,Cal State Bakersfield Roadrunners,61.0,away,0.4981587125,-0.0430794626,True,4.0
2013-12-29,Minnesota Golden Gophers,65.0,home,0.967017017,19.7830497816,True,21.0
2013-12-29,Texas A&M-Corpus Christi Islanders,44.0,away,0.032982983,-19.7830497816,False,-21.0
2013-12-29,Utah State Aggies,84.0,home,0.9985735658999999,41.1244235202,True,31.0
2013-12-29,San Diego Christian Hawks,53.0,away,0.0014264341,-41.1244235202,False,-31.0
2013-12-29,Portland Pilots,81.0,home,0.7502323064,7.424578863,False,-6.0
2013-12-29,San Francisco Dons,87.0,away,0.24976769360000003,-7.424578863,True,6.0
2013-12-29,UTEP Miners,67.0,home,0.7955248891,7.9048214297,True,3.0
2013-12-29,Western Illinois Leathernecks,64.0,away,0.20447511089999998,-7.9048214297,False,-3.0
2013-12-29,Utah Valley Wolverines,75.0,home,0.6665942298,4.3150855991,True,9.0
2013-12-29,Tennessee Tech Golden Eagles,66.0,away,0.33340577019999995,-4.3150855991,False,-9.0
2013-12-29,UCLA Bruins,75.0,home,0.8098939376,9.3153889049,True,8.0
2013-12-29,Alabama Crimson Tide,67.0,away,0.19010606240000003,-9.3153889049,False,-8.0
2013-12-29,UNLV Rebels,83.0,home,0.8939242468,14.0766655793,True,19.0
2013-12-29,Cal State Fullerton Titans,64.0,away,0.10607575320000001,-14.0766655793,False,-19.0
2013-12-29,Nevada Wolf Pack,77.0,home,0.8197425477,9.2276465249,False,-3.0
2013-12-29,Long Beach State Beach,80.0,away,0.1802574523,-9.2276465249,True,3.0
2013-12-28,Evansville Purple Aces,96.0,home,0.9812127457000002,26.9725326797,True,35.0
2013-12-28,Grambling Tigers,61.0,away,0.0187872543,-26.9725326797,False,-35.0
2013-12-30,Delaware State Hornets,57.0,home,0.41292419729999996,-2.0189677298,False,-3.0
2013-12-30,St. Francis Brooklyn Terriers,60.0,away,0.5870758027,2.0189677298,True,3.0
2013-12-30,Grand Canyon Lopes,56.0,home,0.1583815715,-10.1454808628,False,-23.0
2013-12-30,Middle Tennessee Blue Raiders,79.0,away,0.8416184285,10.1454808628,True,23.0
2013-12-31,Gonzaga Bulldogs,69.0,home,0.9501871696,19.2091882698,True,28.0
2013-12-31,San Francisco Dons,41.0,away,0.0498128304,-19.2091882698,False,-28.0
2013-12-30,Monmouth Hawks,52.0,home,0.5667633093,1.8046143211,False,-7.0
2013-12-30,Wagner Seahawks,59.0,away,0.43323669070000004,-1.8046143211,True,7.0
2013-12-30,Abilene Christian Wildcats,99.0,home,0.9868977542999999,28.0814460305,True,50.0
2013-12-30,The Open Bible Open Bible,49.0,away,0.0131022457,-28.0814460305,False,-50.0
2013-12-30,Army Black Knights,68.0,home,0.9927695878,33.3659892445,True,20.0
2013-12-30,Coast Guard Bears,48.0,away,0.0072304122,-33.3659892445,False,-20.0
2013-12-31,Oklahoma State Cowboys,92.0,home,0.9745540241,23.9861157314,True,26.0
2013-12-31,Robert Morris Colonials,66.0,away,0.0254459759,-23.9861157314,False,-26.0
2013-12-31,Baylor Bears,81.0,home,0.9277621984,14.8609400031,True,26.0
2013-12-31,Oral Roberts Golden Eagles,55.0,away,0.0722378016,-14.8609400031,False,-26.0
2013-12-30,Texas Longhorns,66.0,home,0.9368190954,17.474089748,True,22.0
2013-12-30,Rice Owls,44.0,away,0.0631809046,-17.474089748,False,-22.0
2013-12-31,Kansas Jayhawks,93.0,home,0.899398892,14.2984141536,True,10.0
2013-12-31,Toledo Rockets,83.0,away,0.10060110800000001,-14.2984141536,False,-10.0
2013-12-30,Radford Highlanders,80.0,home,0.9967485092,38.0314577166,True,29.0
2013-12-30,Houghton Highlanders,51.0,away,0.0032514908,-38.0314577166,False,-29.0
2013-12-31,Morehead State Eagles,102.0,home,0.9975718277,42.7667260888,True,34.0
2013-12-31,Asbury Eagles,68.0,away,0.0024281723,-42.7667260888,False,-34.0
2013-12-31,Hofstra Pride,75.0,home,0.7301886723,6.0266366917,True,11.0
2013-12-31,NJIT Highlanders,64.0,away,0.2698113277,-6.0266366917,False,-11.0
2013-12-30,Central Arkansas Bears,121.0,home,0.9800087601,28.2188344335,True,44.0
2013-12-30,Ecclesia Royals,77.0,away,0.0199912399,-28.2188344335,False,-44.0
2013-12-31,Vermont Catamounts,88.0,home,0.9970941506,37.2229785877,True,40.0
2013-12-31,Vermont State - Lyndon Hornets,48.0,away,0.0029058494,-37.2229785877,False,-40.0
2013-12-30,St. Bonaventure Bonnies,80.0,home,0.5903657867,2.4847730858,True,7.0
2013-12-30,Delaware Blue Hens,73.0,away,0.40963421330000005,-2.4847730858,False,-7.0
2013-12-31,Chattanooga Mocs,86.0,home,0.8654741080000001,13.7525395886,True,6.0
2013-12-31,Maine Black Bears,80.0,away,0.134525892,-13.7525395886,False,-6.0
2013-12-30,Portland Pilots,68.0,home,0.6304849112,3.4181124301,False,-8.0
2013-12-30,Santa Clara Broncos,76.0,away,0.3695150888,-3.4181124301,True,8.0
2013-12-31,Western Carolina Catamounts,106.0,home,0.9964167943999999,38.5708568101,True,34.0
2013-12-31,Milligan Buffaloes,72.0,away,0.0035832056,-38.5708568101,False,-34.0
2013-12-31,App State Mountaineers,97.0,home,0.9875660079,29.7205155955,True,27.0
2013-12-31,Bluefield University Ramblin' Rams,70.0,away,0.0124339921,-29.7205155955,False,-27.0
2013-12-31,Siena Saints,79.0,home,0.5240251075,0.6456269307,True,10.0
2013-12-31,Fordham Rams,69.0,away,0.4759748925,-0.6456269307,False,-10.0
2013-12-31,Colgate Raiders,70.0,home,0.5810570568,1.8130214324,False,-6.0
2013-12-31,Columbia Lions,76.0,away,0.41894294320000003,-1.8130214324,True,6.0
2013-12-31,UMBC Retrievers,63.0,home,0.3330285668,-4.3852034418,True,15.0
2013-12-31,Navy Midshipmen,48.0,away,0.6669714332,4.3852034418,False,-15.0
2013-12-31,North Florida Ospreys,85.0,home,0.8222875921,9.9220123799,True,25.0
2013-12-31,Kennesaw State Owls,60.0,away,0.1777124079,-9.9220123799,False,-25.0
2013-12-31,Tennessee Volunteers,87.0,home,0.5549308972,1.2308773625,True,35.0
2013-12-31,Virginia Cavaliers,52.0,away,0.4450691028,-1.2308773625,False,-35.0
2013-12-31,UNC Greensboro Spartans,64.0,home,0.2033446607,-8.8283623719,False,-4.0
2013-12-31,NC State Wolfpack,68.0,away,0.7966553393,8.8283623719,True,4.0
2013-12-31,Miami Hurricanes,71.0,home,0.868429289,10.6445637232,True,23.0
2013-12-31,Loyola Maryland Greyhounds,48.0,away,0.131570711,-10.6445637232,False,-23.0
2013-12-31,Jacksonville Dolphins,49.0,home,0.1337186493,-12.0444401143,False,-37.0
2013-12-31,Mercer Bears,86.0,away,0.8662813507,12.0444401143,True,37.0
2013-12-31,South Carolina Gamecocks,92.0,home,0.801126161,9.613226993,True,27.0
2013-12-31,Marshall Thundering Herd,65.0,away,0.198873839,-9.613226993,False,-27.0
2013-12-31,Stetson Hatters,65.0,home,0.5228229288,0.5637532991,True,2.0
2013-12-31,Lipscomb Bisons,63.0,away,0.4771770712,-0.5637532991,False,-2.0
2013-12-31,Clemson Tigers,80.0,home,0.939579346,18.7836824338,True,30.0
2013-12-31,VMI Keydets,50.0,away,0.06042065399999999,-18.7836824338,False,-30.0
2013-12-31,Bryant Bulldogs,70.0,home,0.6482211868000001,3.9464706674,True,2.0
2013-12-31,Lehigh Mountain Hawks,68.0,away,0.3517788132,-3.9464706674,False,-2.0
2013-12-31,Wofford Terriers,81.0,home,0.7829144354,7.6814802456,True,28.0
2013-12-31,High Point Panthers,53.0,away,0.2170855646,-7.6814802456,False,-28.0
2013-12-31,Florida Gulf Coast Eagles,60.0,home,0.850902198,9.8587508267,True,4.0
2013-12-31,Northern Kentucky Norse,56.0,away,0.149097802,-9.8587508267,False,-4.0
2013-12-31,Florida State Seminoles,67.0,home,0.8256641218,10.3258540808,True,8.0
2013-12-31,Charleston Southern Buccaneers,59.0,away,0.1743358782,-10.3258540808,False,-8.0
2013-12-31,Ohio Bobcats,78.0,home,0.9652182571,21.1383246918,True,35.0
2013-12-31,Longwood Lancers,43.0,away,0.0347817429,-21.1383246918,False,-35.0
2013-12-31,Campbell Fighting Camels,69.0,home,0.5589093061,1.437075786,True,6.0
2013-12-31,Georgia Southern Eagles,63.0,away,0.4410906939,-1.437075786,False,-6.0
2013-12-31,Coastal Carolina Chanticleers,58.0,home,0.9019920585,14.2124861839,False,-10.0
2013-12-31,South Carolina State Bulldogs,68.0,away,0.0980079415,-14.2124861839,True,10.0
2013-12-31,Detroit Mercy Titans,73.0,home,0.9267470056,15.356875537,True,20.0
2013-12-31,Bethune-Cookman Wildcats,53.0,away,0.0732529944,-15.356875537,False,-20.0
2013-12-31,Texas Tech Red Raiders,100.0,home,0.8692993296,11.8828984032,True,31.0
2013-12-31,Mount St. Mary's Mountaineers,69.0,away,0.1307006704,-11.8828984032,False,-31.0
2013-12-31,Incarnate Word Cardinals,102.0,home,0.9857384275,29.6012158151,True,29.0
2013-12-31,Huston-Tillotson Rams,73.0,away,0.0142615725,-29.6012158151,False,-29.0
2013-12-31,Towson Tigers,72.0,home,0.8432827015,10.1377499591,True,8.0
2013-12-31,New Hampshire Wildcats,64.0,away,0.1567172985,-10.1377499591,False,-8.0
2013-12-31,Southern Jaguars,116.0,home,0.9966523213,39.1094141562,True,104.0
2013-12-31,Champion Christian Tigers,12.0,away,0.0033476787000000004,-39.1094141562,False,-104.0
2013-12-31,SE Louisiana Lions,75.0,home,0.9916023541,31.9421136721,True,10.0
2013-12-31,Spring Hill Badgers,65.0,away,0.0083976459,-31.9421136721,False,-10.0
2013-12-31,Alabama State Hornets,93.0,home,0.0,0.0,True,25.0
2013-12-31,Thomas (ME) Terriers,68.0,away,0.0,0.0,False,-25.0
2013-12-31,Texas State Bobcats,64.0,home,0.7637661792,7.0511766227,False,-9.0
2013-12-31,Long Island University Sharks,73.0,away,0.2362338208,-7.0511766227,True,9.0
2013-12-31,Western Kentucky Hilltoppers,74.0,home,0.42157611840000003,-2.0684100641,False,-5.0
2013-12-31,Ole Miss Rebels,79.0,away,0.5784238816,2.0684100641,True,5.0
2013-12-31,James Madison Dukes,73.0,home,0.8042921783,8.6808250088,True,5.0
2013-12-31,Ball State Cardinals,68.0,away,0.1957078217,-8.6808250088,False,-5.0
2013-12-31,Austin Peay Governors,93.0,home,0.9942900996,36.621792357,True,36.0
2013-12-31,Dalton State Roadrunners,57.0,away,0.0057099004,-36.621792357,False,-36.0
2013-12-31,Little Rock Trojans,88.0,home,0.9797913418,26.8570879328,True,20.0
2013-12-31,Grambling Tigers,68.0,away,0.0202086582,-26.8570879328,False,-20.0
2013-12-31,Samford Bulldogs,71.0,home,0.7947758103,8.1336264193,True,12.0
2013-12-31,Presbyterian Blue Hose,59.0,away,0.2052241897,-8.1336264193,False,-12.0
2013-12-31,Arkansas State Red Wolves,91.0,home,0.997907365,42.636698305,True,25.0
2013-12-31,Southern Arkansas Muleriders,66.0,away,0.002092635,-42.636698305,False,-25.0
2013-12-31,Oklahoma Sooners,98.0,home,0.4644534235,-1.0410358408,False,-4.0
2013-12-31,Louisiana Tech Bulldogs,102.0,away,0.5355465765,1.0410358408,True,4.0
2013-12-31,Jacksonville State Gamecocks,70.0,home,0.769620867,7.5013242736,True,5.0
2013-12-31,UT Martin Skyhawks,65.0,away,0.23037913299999999,-7.5013242736,False,-5.0
2013-12-31,Auburn Tigers,91.0,home,0.8798988903,12.7735683468,True,32.0
2013-12-31,Arkansas-Pine Bluff Golden Lions,59.0,away,0.1201011097,-12.7735683468,False,-32.0
2013-12-31,Louisiana Ragin' Cajuns,90.0,home,0.9983666817,45.6925183386,True,32.0
2013-12-31,Central Methodist Eagles,58.0,away,0.0016333183,-45.6925183386,False,-32.0
2013-12-31,Loyola Marymount Lions,65.0,home,0.71066783,5.8237469154,True,3.0
2013-12-31,San Diego Toreros,62.0,away,0.28933217,-5.8237469154,False,-3.0
2013-12-31,Stephen F. Austin Lumberjacks,74.0,home,0.8642323307999998,11.133367675,True,7.0
2013-12-31,Cal State Northridge Matadors,67.0,away,0.1357676692,-11.133367675,False,-7.0
2013-12-31,Vanderbilt Commodores,49.0,home,0.4238452667,-1.918225007,False,-8.0
2013-12-31,Saint Louis Billikens,57.0,away,0.5761547333,1.918225007,True,8.0
2013-12-31,Pepperdine Waves,80.0,home,0.1981793051,-9.9607065757,True,6.0
2013-12-31,BYU Cougars,74.0,away,0.8018206949000001,9.9607065757,False,-6.0
2013-12-31,UC Davis Aggies,65.0,home,0.8104357309,8.8660071262,False,-10.0
2013-12-31,Furman Paladins,75.0,away,0.1895642691,-8.8660071262,True,10.0
2013-12-31,Seattle U Redhawks,70.0,home,0.5696940431,1.6975541552,False,-16.0
2013-12-31,UC Santa Barbara Gauchos,86.0,away,0.4303059569,-1.6975541552,True,16.0
2013-12-31,Hawai'i Rainbow Warriors,77.0,home,0.8873683726,13.9341328856,True,11.0
2013-12-31,Norfolk State Spartans,66.0,away,0.1126316274,-13.9341328856,False,-11.0
2013-12-31,Pacific Tigers,80.0,home,0.3271890919,-4.4186747731,False,-8.0
2013-12-31,Saint Mary's Gaels,88.0,away,0.6728109081,4.4186747731,True,8.0
2014-01-01,Florida Atlantic Owls,81.0,home,0.0,0.0,True,34.0
2014-01-01,Warner University Royals,47.0,away,0.0,0.0,False,-34.0
2014-01-01,Davidson Wildcats,64.0,home,0.8245517868000001,9.7173749175,False,-12.0
2014-01-01,Charleston Cougars,76.0,away,0.1754482132,-9.7173749175,True,12.0
2014-01-01,Fresno State Bulldogs,62.0,home,0.4231770944,-2.0824816411,False,-13.0
2014-01-01,UNLV Rebels,75.0,away,0.5768229056,2.0824816411,True,13.0
2014-01-01,Delaware Blue Hens,77.0,home,0.8332867481000001,10.3948511904,True,13.0
2014-01-01,Liberty Flames,64.0,away,0.1667132519,-10.3948511904,False,-13.0
2014-01-01,Harvard Crimson,73.0,home,0.8872130947,12.3223591267,True,15.0
2014-01-01,Boston College Eagles,58.0,away,0.1127869053,-12.3223591267,False,-15.0
2014-01-01,Indiana State Sycamores,70.0,home,0.8860754196,11.8286128081,True,12.0
2014-01-01,Loyola Chicago Ramblers,58.0,away,0.11392458040000002,-11.8286128081,False,-12.0
2014-01-01,Florida Gulf Coast Eagles,75.0,home,0.7231729341,6.0194846391,True,13.0
2014-01-01,Lipscomb Bisons,62.0,away,0.2768270659,-6.0194846391,False,-13.0
2014-01-02,Colorado State Rams,61.0,home,0.2561914927,-6.7515469912,False,-10.0
2014-01-02,San Diego State Aztecs,71.0,away,0.7438085073,6.7515469912,True,10.0
2014-01-01,Dayton Flyers,81.0,home,0.937478584,17.1644674492,True,34.0
2014-01-01,Winthrop Eagles,47.0,away,0.062521416,-17.1644674492,False,-34.0
2014-01-01,Wyoming Cowboys,69.0,home,0.9988907962,42.072347286,True,17.0
2014-01-01,Western State Colorado University Mountaineers,52.0,away,0.0011092038,-42.072347286,False,-17.0
2014-01-02,Stetson Hatters,65.0,home,0.6739826704,3.9894279443,False,-2.0
2014-01-02,Northern Kentucky Norse,67.0,away,0.3260173296,-3.9894279443,True,2.0
2014-01-02,Northern Iowa Panthers,80.0,home,0.8728043839,11.5343253509,True,34.0
2014-01-02,Bradley Braves,46.0,away,0.1271956161,-11.5343253509,False,-34.0
2014-01-02,Air Force Falcons,73.0,home,0.2832210525,-5.2924864531,True,1.0
2014-01-02,Utah State Aggies,72.0,away,0.7167789475,5.2924864531,False,-1.0
2014-01-02,Drake Bulldogs,94.0,home,0.8243164856,9.6821269065,True,28.0
2014-01-02,Evansville Purple Aces,66.0,away,0.17568351440000002,-9.6821269065,False,-28.0
2014-01-02,William & Mary Tribe,74.0,home,0.6706342236,4.243758872,True,6.0
2014-01-02,Old Dominion Monarchs,68.0,away,0.3293657764,-4.243758872,False,-6.0
2014-01-02,North Florida Ospreys,89.0,home,0.2027721314,-8.7553784258,True,6.0
2014-01-02,Mercer Bears,83.0,away,0.7972278686,8.7553784258,False,-6.0
2014-01-01,Cincinnati Bearcats,65.0,home,0.7545942543000002,6.8004463469,True,8.0
2014-01-01,SMU Mustangs,57.0,away,0.2454057457,-6.8004463469,False,-8.0
2014-01-02,Jacksonville Dolphins,86.0,home,0.7086416818,5.7745123629,True,20.0
2014-01-02,Kennesaw State Owls,66.0,away,0.2913583182,-5.7745123629,False,-20.0
2014-01-02,Rutgers Scarlet Knights,71.0,home,0.4252669217,-2.0110673125,True,5.0
2014-01-02,Temple Owls,66.0,away,0.5747330783,2.0110673125,False,-5.0
2014-01-02,San José State Spartans,50.0,home,0.403394567,-2.3568200029,False,-12.0
2014-01-02,Nevada Wolf Pack,62.0,away,0.596605433,2.3568200029,True,12.0
2013-12-31,Syracuse Orange,70.0,home,0.9397583345,16.0444929112,True,22.0
2013-12-31,Eastern Michigan Eagles,48.0,away,0.060241665500000006,-16.0444929112,False,-22.0
2013-12-31,Penn State Nittany Lions,63.0,home,0.3107883265,-5.1863393762,False,-16.0
2013-12-31,Michigan State Spartans,79.0,away,0.6892116735,5.1863393762,True,16.0
2014-01-01,Houston Cougars,75.0,home,0.2138433228,-8.0055078261,True,4.0
2014-01-01,UConn Huskies,71.0,away,0.7861566772,8.0055078261,False,-4.0
2013-12-31,North Carolina Tar Heels,84.0,home,0.964714159,22.0811031852,True,33.0
2013-12-31,UNC Wilmington Seahawks,51.0,away,0.035285841,-22.0811031852,False,-33.0
2013-12-31,Elon Phoenix,48.0,home,0.0552383939,-19.009043562,False,-38.0
2013-12-31,Duke Blue Devils,86.0,away,0.9447616061,19.009043562,True,38.0
2014-01-01,Butler Bulldogs,73.0,home,0.3724000765,-3.2637480469,False,-3.0
2014-01-01,Villanova Wildcats,76.0,away,0.6275999235,3.2637480469,True,3.0
2013-12-31,Purdue Boilermakers,69.0,home,0.2484068375,-7.1999113735,False,-9.0
2013-12-31,Ohio State Buckeyes,78.0,away,0.7515931625000001,7.1999113735,True,9.0
2014-01-01,South Florida Bulls,73.0,home,0.2018971699,-9.1820504829,False,-15.0
2014-01-01,Memphis Tigers,88.0,away,0.7981028301,9.1820504829,True,15.0
2013-12-31,UCF Knights,65.0,home,0.1387031568,-12.1464076311,False,-25.0
2013-12-31,Louisville Cardinals,90.0,away,0.8612968432,12.1464076311,True,25.0
2014-01-01,Iowa State Cyclones,99.0,home,0.9653274575,21.5543692766,True,36.0
2014-01-01,Northern Illinois Huskies,63.0,away,0.0346725425,-21.5543692766,False,-36.0
2013-12-31,Xavier Musketeers,70.0,home,0.6726127828,4.4647997703,True,10.0
2013-12-31,St. John's Red Storm,60.0,away,0.3273872172,-4.4647997703,False,-10.0
2013-12-31,Dartmouth Big Green,85.0,home,0.9975251351,38.2275582942,True,38.0
2013-12-31,Lesley University Lynx,47.0,away,0.0024748649,-38.2275582942,False,-38.0
2014-01-01,Iowa Hawkeyes,67.0,home,0.948157456,19.5877708116,True,10.0
2014-01-01,Nebraska Cornhuskers,57.0,away,0.051842544,-19.5877708116,False,-10.0
2013-12-31,Pittsburgh Panthers,58.0,home,0.9695136884,19.634488971,True,12.0
2013-12-31,UAlbany Great Danes,46.0,away,0.030486311599999996,-19.634488971,False,-12.0
2013-12-31,Saint Joseph's Hawks,71.0,home,0.9667583838999999,21.3151283532,True,27.0
2013-12-31,Binghamton Bearcats,44.0,away,0.0332416161,-21.3151283532,False,-27.0
2013-12-31,Princeton Tigers,73.0,home,0.7220779472,5.691301701,True,5.0
2013-12-31,Kent State Golden Flashes,68.0,away,0.2779220528,-5.691301701,False,-5.0
2013-12-31,UNC Asheville Bulldogs,80.0,home,0.9933169356,31.9420063469,True,39.0
2013-12-31,Montreat Cavaliers,41.0,away,0.006683064399999999,-31.9420063469,False,-39.0
2013-12-31,Maryland Terrapins,70.0,home,0.7112192052,5.6161420876,True,14.0
2013-12-31,North Carolina Central Eagles,56.0,away,0.2887807948,-5.6161420876,False,-14.0
2013-12-31,Northeastern Huskies,66.0,home,0.4296530893,-1.6831682469,False,-4.0
2013-12-31,Richmond Spiders,70.0,away,0.5703469107,1.6831682469,True,4.0
2013-12-31,Providence Friars,80.0,home,0.6528550913,3.8393879289,False,-1.0
2013-12-31,Seton Hall Pirates,81.0,away,0.3471449087,-3.8393879289,True,1.0
2013-12-31,Mississippi Valley State Delta Devils,99.0,home,0.983694241,30.0652693218,True,12.0
2013-12-31,Selma Bulldogs,87.0,away,0.016305759,-30.0652693218,False,-12.0
2013-12-31,Illinois Fighting Illini,83.0,home,0.5994553979,2.6304488266,True,3.0
2013-12-31,Indiana Hoosiers,80.0,away,0.4005446020999999,-2.6304488266,False,-3.0
2013-12-31,Georgetown Hoyas,61.0,home,0.934330495,17.198118568,True,7.0
2013-12-31,DePaul Blue Demons,54.0,away,0.065669505,-17.198118568,False,-7.0
2013-12-31,Virginia Tech Hokies,82.0,home,0.9544938143999999,19.3450500011,True,16.0
2013-12-31,Maryland Eastern Shore Hawks,66.0,away,0.0455061856,-19.3450500011,False,-16.0
2013-12-31,UTSA Roadrunners,64.0,home,0.9747906572000001,24.0246190245,True,8.0
2013-12-31,Cameron Aggies,56.0,away,0.0252093428,-24.0246190245,False,-8.0
2013-12-31,Kansas State Wildcats,72.0,home,0.6141535417,2.8105838367,True,17.0
2013-12-31,George Washington Revolutionaries,55.0,away,0.3858464583,-2.8105838367,False,-17.0
2013-12-31,South Carolina Upstate Spartans,94.0,home,0.9976468716,40.8890935993,True,33.0
2013-12-31,North Greenville Crusaders,61.0,away,0.0023531284,-40.8890935993,False,-33.0
2013-12-31,Texas A&M Aggies,41.0,home,0.9105298099,14.9452744982,False,-20.0
2013-12-31,North Texas Mean Green,61.0,away,0.0894701901,-14.9452744982,True,20.0
2013-12-31,Akron Zips,77.0,home,0.9069583486,14.4608050192,True,11.0
2013-12-31,Coppin State Eagles,66.0,away,0.09304165140000001,-14.4608050192,False,-11.0
2013-12-31,Denver Pioneers,83.0,home,0.9555354759,15.9510087409,True,22.0
2013-12-31,Saint Francis Red Flash,61.0,away,0.0444645241,-15.9510087409,False,-22.0
2014-01-01,Creighton Bluejays,67.0,home,0.7506793503,6.7973289021,True,18.0
2014-01-01,Marquette Golden Eagles,49.0,away,0.24932064969999998,-6.7973289021,False,-18.0
2014-01-04,Ball State Cardinals,94.0,home,0.9923729804,32.2743095294,True,36.0
2014-01-04,Oakland City Mighty Oaks,58.0,away,0.0076270196,-32.2743095294,False,-36.0
2014-01-04,Northern Illinois Huskies,65.0,home,0.8467367982,9.7617948181,True,14.0
2014-01-04,Bethune-Cookman Wildcats,51.0,away,0.1532632018,-9.7617948181,False,-14.0
2014-01-04,High Point Panthers,85.0,home,0.9919012905,32.27479604,True,7.0
2014-01-04,Lees-McRae Bobcats,78.0,away,0.0080987095,-32.27479604,False,-7.0
2014-01-04,Central Michigan Chippewas,127.0,home,0.9959784856999999,36.4092907728,True,83.0
2014-01-04,Marygrove Mustangs,44.0,away,0.0040215143,-36.4092907728,False,-83.0
2014-01-04,Norfolk State Spartans,84.0,home,0.7156471732,5.9745293321,False,-20.0
2014-01-04,Mount St. Mary's Mountaineers,104.0,away,0.2843528268,-5.9745293321,True,20.0
2014-01-04,South Carolina Gamecocks,82.0,home,0.9555210765999999,19.023899623,True,7.0
2014-01-04,South Carolina State Bulldogs,75.0,away,0.0444789234,-19.023899623,False,-7.0
2014-01-04,Baylor Bears,80.0,home,0.9815484526,23.1004936351,True,30.0
2014-01-04,Savannah State Tigers,50.0,away,0.0184515474,-23.1004936351,False,-30.0
2014-01-04,George Washington Revolutionaries,73.0,home,0.839092938,10.1322257714,True,18.0
2014-01-04,Georgia Bulldogs,55.0,away,0.160907062,-10.1322257714,False,-18.0
2014-01-04,Southern Miss Golden Eagles,66.0,home,0.7378235337,5.9227093431,True,17.0
2014-01-04,Drexel Dragons,49.0,away,0.2621764663,-5.9227093431,False,-17.0
2014-01-04,Coastal Carolina Chanticleers,86.0,home,0.7835681128,8.7583918267,True,19.0
2014-01-04,Central Connecticut Blue Devils,67.0,away,0.2164318872,-8.7583918267,False,-19.0
2014-01-04,Hawai'i Rainbow Warriors,77.0,home,0.7869115783000001,9.3794001101,True,4.0
2014-01-04,Omaha Mavericks,73.0,away,0.21308842170000003,-9.3794001101,False,-4.0
2014-01-04,VCU Rams,81.0,home,0.9280928834,16.8673294521,True,18.0
2014-01-04,Stony Brook Seawolves,63.0,away,0.0719071166,-16.8673294521,False,-18.0
2014-01-07,Northern Kentucky Norse,70.0,home,0.4575518451,-1.0476685256,True,6.0
2014-01-07,North Florida Ospreys,64.0,away,0.5424481549,1.0476685256,False,-6.0
2014-01-07,Elon Phoenix,75.0,home,0.9148777982,15.4689114671,True,9.0
2014-01-07,App State Mountaineers,66.0,away,0.0851222018,-15.4689114671,False,-9.0
2014-01-07,Pittsburgh Panthers,79.0,home,0.9017016893,13.8337235354,True,20.0
2014-01-07,Maryland Terrapins,59.0,away,0.0982983107,-13.8337235354,False,-20.0
2014-01-07,Marist Red Foxes,65.0,home,0.4516532626,-1.1714907356,True,3.0
2014-01-07,Canisius Golden Griffins,62.0,away,0.5483467374,1.1714907356,False,-3.0
2014-01-07,Mercer Bears,73.0,home,0.902684416,14.1412141626,True,10.0
2014-01-07,East Tennessee State Buccaneers,63.0,away,0.097315584,-14.1412141626,False,-10.0
2014-01-06,Lipscomb Bisons,85.0,home,0.7825940416,8.8351007166,False,-3.0
2014-01-06,Jacksonville Dolphins,88.0,away,0.2174059584,-8.8351007166,True,3.0
2014-01-07,Kennesaw State Owls,68.0,home,0.1692511141,-9.8442906124,True,10.0
2014-01-07,South Carolina Upstate Spartans,58.0,away,0.8307488859,9.8442906124,False,-10.0
2014-01-06,Charleston Southern Buccaneers,105.0,home,0.9990300938,46.8548420664,True,60.0
2014-01-06,Columbia International Rams,45.0,away,0.0009699062,-46.8548420664,False,-60.0
2014-01-07,UNC Greensboro Spartans,90.0,home,0.7547507901999999,7.0396464242,True,8.0
2014-01-07,Furman Paladins,82.0,away,0.2452492098,-7.0396464242,False,-8.0
2014-01-07,Quinnipiac Bobcats,86.0,home,0.4503930028,-1.394863012,True,12.0
2014-01-07,Iona Gaels,74.0,away,0.5496069972,1.394863012,False,-12.0
2014-01-07,Texas Tech Red Raiders,86.0,home,0.3522875768,-3.7339202886,False,-3.0
2014-01-07,West Virginia Mountaineers,89.0,away,0.6477124232,3.7339202886,True,3.0
2014-01-07,The Citadel Bulldogs,78.0,home,0.36870243450000006,-3.6481111282,False,-4.0
2014-01-07,Chattanooga Mocs,82.0,away,0.6312975655,3.6481111282,True,4.0
2014-01-07,Savannah State Tigers,66.0,home,0.7750413333,7.4939658014,True,24.0
2014-01-07,Maryland Eastern Shore Hawks,42.0,away,0.2249586667,-7.4939658014,False,-24.0
2014-01-07,Texas Southern Tigers,71.0,home,0.620449946,3.2978599241,False,-8.0
2014-01-07,Southern Jaguars,79.0,away,0.379550054,-3.2978599241,True,8.0
2014-01-07,Grambling Tigers,58.0,home,0.1428012117,-11.7298367083,False,-12.0
2014-01-07,Alabama A&M Bulldogs,70.0,away,0.8571987883,11.7298367083,True,12.0
2014-01-07,Jackson State Tigers,70.0,home,0.8170816811,9.5090902403,True,2.0
2014-01-07,Alabama State Hornets,68.0,away,0.1829183189,-9.5090902403,False,-2.0
2014-01-07,Saint Mary's Gaels,84.0,home,0.9995116468999999,48.4735016785,True,38.0
2014-01-07,Jessup University Warriors,46.0,away,0.0004883531,-48.4735016785,False,-38.0
2014-01-07,Prairie View A&M Panthers,70.0,home,0.6444468253,3.6960243188,True,3.0
2014-01-07,Alcorn State Braves,67.0,away,0.3555531747,-3.6960243188,False,-3.0
2014-01-05,Wichita State Shockers,67.0,home,0.838858205,9.9831448303,True,14.0
2014-01-05,Northern Iowa Panthers,53.0,away,0.16114179499999998,-9.9831448303,False,-14.0
2014-01-06,Villanova Wildcats,91.0,home,0.8575752949,11.311803852,True,30.0
2014-01-06,Providence Friars,61.0,away,0.1424247051,-11.311803852,False,-30.0
2014-01-05,Lehigh Mountain Hawks,66.0,home,0.5604890293,1.5218246711,False,-1.0
2014-01-05,Boston University Terriers,67.0,away,0.4395109707,-1.5218246711,True,1.0
2014-01-06,Wake Forest Demon Deacons,73.0,home,0.4720303406,-0.7779840352,True,6.0
2014-01-06,North Carolina Tar Heels,67.0,away,0.5279696594,0.7779840352,False,-6.0
2014-01-05,Michigan Wolverines,74.0,home,0.9538603205,17.1855626538,True,23.0
2014-01-05,Northwestern Wildcats,51.0,away,0.0461396795,-17.1855626538,False,-23.0
2014-01-06,Wisconsin Badgers,75.0,home,0.7138929832,5.8388014911,True,4.0
2014-01-06,Iowa Hawkeyes,71.0,away,0.2861070168,-5.8388014911,False,-4.0
2014-01-05,Kansas Jayhawks,57.0,home,0.7051142684,5.5140778604,False,-4.0
2014-01-05,San Diego State Aztecs,61.0,away,0.2948857316,-5.5140778604,True,4.0
2014-01-05,UMass Lowell River Hawks,59.0,home,0.6334227534,3.4412107774,True,5.0
2014-01-05,UMBC Retrievers,54.0,away,0.3665772466,-3.4412107774,False,-5.0
2014-01-05,Holy Cross Crusaders,54.0,home,0.6681283834,4.174196369,False,-15.0
2014-01-05,American University Eagles,69.0,away,0.33187161660000003,-4.174196369,True,15.0
2014-01-05,Colorado Buffaloes,100.0,home,0.5489584216,1.3325397469,True,9.0
2014-01-05,Oregon Ducks,91.0,away,0.4510415784,-1.3325397469,False,-9.0
2014-01-05,Navy Midshipmen,79.0,home,0.6281983892,3.138866123,True,8.0
2014-01-05,Lafayette Leopards,71.0,away,0.37180161080000007,-3.138866123,False,-8.0
2014-01-05,Marshall Thundering Herd,77.0,home,0.9309174776,16.9131841903,True,28.0
2014-01-05,Presbyterian Blue Hose,49.0,away,0.0690825224,-16.9131841903,False,-28.0
2014-01-05,Stetson Hatters,55.0,home,0.4111814009,-2.0390081958,False,-13.0
2014-01-05,Florida Gulf Coast Eagles,68.0,away,0.5888185991,2.0390081958,True,13.0
2014-01-05,Army Black Knights,91.0,home,0.7209947583,6.1661356762,True,9.0
2014-01-05,Loyola Maryland Greyhounds,82.0,away,0.2790052417,-6.1661356762,False,-9.0
2014-01-05,UCLA Bruins,107.0,home,0.9062862842,16.1567338572,True,34.0
2014-01-05,USC Trojans,73.0,away,0.0937137158,-16.1567338572,False,-34.0
2014-01-05,Bucknell Bison,68.0,home,0.6511775423999999,3.630328423,True,11.0
2014-01-05,Colgate Raiders,57.0,away,0.3488224576,-3.630328423,False,-11.0
2014-01-05,Illinois State Redbirds,66.0,home,0.7354982959,6.6727536493,True,18.0
2014-01-05,Southern Illinois Salukis,48.0,away,0.2645017041,-6.6727536493,False,-18.0
2014-01-05,Minnesota Golden Gophers,82.0,home,0.6449097827999999,3.9102790197,True,3.0
2014-01-05,Purdue Boilermakers,79.0,away,0.3550902172,-3.9102790197,False,-3.0
2014-01-05,Murray State Racers,91.0,home,0.8652852684,12.1874885635,True,14.0
2014-01-05,UT Martin Skyhawks,77.0,away,0.1347147316,-12.1874885635,False,-14.0
2014-01-05,Fairleigh Dickinson Knights,86.0,home,0.2847206448,-5.4486150603,True,19.0
2014-01-05,Hofstra Pride,67.0,away,0.7152793552,5.4486150603,False,-19.0
2014-01-05,Arizona State Sun Devils,66.0,home,0.9240929964,15.2499366051,True,19.0
2014-01-05,Washington State Cougars,47.0,away,0.0759070036,-15.2499366051,False,-19.0
2014-01-05,Maine Black Bears,82.0,home,0.7266356247,7.0302945539,True,16.0
2014-01-05,Binghamton Bearcats,66.0,away,0.2733643753,-7.0302945539,False,-16.0
2014-01-05,Loyola Chicago Ramblers,89.0,home,0.3783247919,-2.9277570973,True,32.0
2014-01-05,Missouri State Bears,57.0,away,0.6216752081,2.9277570973,False,-32.0
2014-01-08,LSU Tigers,50.0,home,0.5163212595,0.4047794491,False,-18.0
2014-01-08,Tennessee Volunteers,68.0,away,0.4836787405,-0.4047794491,True,18.0
2014-01-08,Dartmouth Big Green,56.0,home,0.7941417014999999,7.766771372,False,-12.0
2014-01-08,Hartford Hawks,68.0,away,0.2058582985,-7.766771372,True,12.0
2014-01-08,Virginia Tech Hokies,52.0,home,0.204435097,-8.0638940398,False,-20.0
2014-01-08,Syracuse Orange,72.0,away,0.795564903,8.0638940398,True,20.0
2014-01-08,North Carolina Central Eagles,74.0,home,0.7977200030999999,8.7734008129,True,13.0
2014-01-08,Hampton Pirates,61.0,away,0.2022799969,-8.7734008129,False,-13.0
2014-01-08,TCU Horned Frogs,47.0,home,0.2912765497,-5.2678048299,False,-18.0
2014-01-08,Kansas State Wildcats,65.0,away,0.7087234503,5.2678048299,True,18.0
2014-01-08,Iowa State Cyclones,87.0,home,0.7516528193,7.033386416,True,15.0
2014-01-08,Baylor Bears,72.0,away,0.2483471807,-7.033386416,False,-15.0
2014-01-08,Duke Blue Devils,79.0,home,0.9619813544,20.9733152543,True,22.0
2014-01-08,Georgia Tech Yellow Jackets,57.0,away,0.0380186456,-20.9733152543,False,-22.0
2014-01-08,Michigan State Spartans,72.0,home,0.5855366104,2.140213869,True,4.0
2014-01-08,Ohio State Buckeyes,68.0,away,0.4144633896,-2.140213869,False,-4.0
2014-01-08,Rhode Island Rams,58.0,home,0.24954463159999998,-6.8946371502,False,-1.0
2014-01-08,Saint Louis Billikens,59.0,away,0.7504553684000002,6.8946371502,True,1.0
2014-01-08,Brown Bears,72.0,home,0.8364995583,10.3650969783,True,4.0
2014-01-08,New Hampshire Wildcats,68.0,away,0.1635004417,-10.3650969783,False,-4.0
2014-01-08,Tennessee State Tigers,66.0,home,0.1943247281,-8.9692255374,False,-8.0
2014-01-08,Middle Tennessee Blue Raiders,74.0,away,0.8056752718999999,8.9692255374,True,8.0
2014-01-08,Charleston Cougars,75.0,home,0.5491023413,1.1500021099,True,14.0
2014-01-08,James Madison Dukes,61.0,away,0.4508976587,-1.1500021099,False,-14.0
2014-01-08,UIC Flames,62.0,home,0.3642789598,-3.6081579524,False,-13.0
2014-01-08,Youngstown State Penguins,75.0,away,0.6357210402,3.6081579524,True,13.0
2014-01-08,Chicago State Cougars,62.0,home,0.1543328077,-11.373287433,False,-36.0
2014-01-08,Green Bay Phoenix,98.0,away,0.8456671923000001,11.373287433,True,36.0
2014-01-08,DePaul Blue Demons,62.0,home,0.1505496776,-10.9563543455,False,-19.0
2014-01-08,Creighton Bluejays,81.0,away,0.8494503223999998,10.9563543455,True,19.0
2014-01-08,Alabama Crimson Tide,68.0,home,0.7515601973,6.5812640736,True,5.0
2014-01-08,Vanderbilt Commodores,63.0,away,0.2484398027,-6.5812640736,False,-5.0
2014-01-08,Notre Dame Fighting Irish,70.0,home,0.8197399867,9.6632607157,False,-7.0
2014-01-08,NC State Wolfpack,77.0,away,0.1802600133,-9.6632607157,True,7.0
2014-01-08,Houston Cougars,60.0,home,0.2283395079,-7.3901826724,False,-1.0
2014-01-08,Cincinnati Bearcats,61.0,away,0.7716604921,7.3901826724,True,1.0
2014-01-08,Boston University Terriers,55.0,home,0.8250594186,9.3296858812,True,23.0
2014-01-08,Navy Midshipmen,32.0,away,0.1749405814,-9.3296858812,False,-23.0
2014-01-02,Lafayette Leopards,66.0,home,0.7427296077999999,6.6261149857,False,-19.0
2014-01-02,Army Black Knights,85.0,away,0.2572703922,-6.6261149857,True,19.0
2014-01-03,Northwestern Wildcats,49.0,home,0.1668332311,-9.0292535507,False,-27.0
2014-01-03,Wisconsin Badgers,76.0,away,0.8331667689,9.0292535507,True,27.0
2014-01-03,Arizona Wildcats,60.0,home,0.9599610605,18.390698604,True,35.0
2014-01-03,Washington State Cougars,25.0,away,0.0400389395,-18.390698604,False,-35.0
2014-01-03,Gonzaga Bulldogs,73.0,home,0.787724169,7.8965602091,True,22.0
2014-01-03,Saint Mary's Gaels,51.0,away,0.212275831,-7.8965602091,False,-22.0
2014-01-03,Southern Illinois Salukis,67.0,home,0.1439247065,-10.8865108532,False,-15.0
2014-01-03,Wichita State Shockers,82.0,away,0.8560752934999999,10.8865108532,True,15.0
2014-01-03,Utah Utes,68.0,home,0.4788245838,-0.5653429761,False,-2.0
2014-01-03,Oregon Ducks,70.0,away,0.5211754162,0.5653429761,True,2.0
2014-01-02,Boston University Terriers,70.0,home,0.70512253,5.5919412385,True,10.0
2014-01-02,Holy Cross Crusaders,60.0,away,0.29487747,-5.5919412385,False,-10.0
2014-01-02,Saint Peter's Peacocks,62.0,home,0.2043148035,-8.68750712,False,-12.0
2014-01-02,Manhattan Jaspers,74.0,away,0.7956851965,8.68750712,True,12.0
2014-01-03,Colorado Buffaloes,64.0,home,0.8741771851,12.6344780302,True,6.0
2014-01-03,Oregon State Beavers,58.0,away,0.1258228149,-12.6344780302,False,-6.0
2014-01-02,Tulane Green Wave,61.0,home,0.5572124936,1.3312160684,True,3.0
2014-01-02,Hofstra Pride,58.0,away,0.4427875064,-1.3312160684,False,-3.0
2014-01-02,Marist Red Foxes,75.0,home,0.4952751571,-0.1170429879,True,19.0
2014-01-02,Fairfield Stags,56.0,away,0.5047248429,0.1170429879,False,-19.0
2014-01-02,Rider Broncs,85.0,home,0.802281325,10.0138621231,True,2.0
2014-01-02,Niagara Purple Eagles,83.0,away,0.19771867500000004,-10.0138621231,False,-2.0
2014-01-02,South Alabama Jaguars,56.0,home,0.4532222068,-1.1378476912,False,-2.0
2014-01-02,Western Kentucky Hilltoppers,58.0,away,0.5467777932,1.1378476912,True,2.0
2014-01-03,Western Michigan Broncos,83.0,home,0.9975060272,39.8578717606,True,36.0
2014-01-03,Siena Heights Saints,47.0,away,0.0024939728,-39.8578717606,False,-36.0
2014-01-03,Minnesota Golden Gophers,60.0,home,0.2704830222,-5.9038397494,False,-3.0
2014-01-03,Michigan Wolverines,63.0,away,0.7295169778,5.9038397494,True,3.0
2014-01-03,Western Carolina Catamounts,72.0,home,0.8416910149,10.9598921677,True,21.0
2014-01-03,UNC Greensboro Spartans,51.0,away,0.1583089851,-10.9598921677,False,-21.0
2014-01-02,Monmouth Hawks,63.0,home,0.6014437155,2.7180182169,True,4.0
2014-01-02,Siena Saints,59.0,away,0.3985562845,-2.7180182169,False,-4.0
2014-01-02,Radford Highlanders,76.0,home,0.9298269054000001,16.3839241123,True,17.0
2014-01-02,The Citadel Bulldogs,59.0,away,0.0701730946,-16.3839241123,False,-17.0
2014-01-02,Brown Bears,66.0,home,0.7063779074,5.8260007316,False,-9.0
2014-01-02,Rhode Island Rams,75.0,away,0.2936220926,-5.8260007316,True,9.0
2014-01-03,Wright State Raiders,76.0,home,0.735857746,6.1152322526,True,12.0
2014-01-03,Oakland Golden Grizzlies,64.0,away,0.264142254,-6.1152322526,False,-12.0
2014-01-03,Duquesne Dukes,79.0,home,0.8986579296000001,14.5361520318,True,24.0
2014-01-03,App State Mountaineers,55.0,away,0.1013420704,-14.5361520318,False,-24.0
2014-01-03,Georgia State Panthers,81.0,home,0.9046214572,13.5310534693,True,9.0
2014-01-03,Troy Trojans,72.0,away,0.0953785428,-13.5310534693,False,-9.0
2014-01-03,Bowling Green Falcons,60.0,home,0.6075697384,2.8421019219,False,-5.0
2014-01-03,Purdue Fort Wayne Mastodons,65.0,away,0.3924302616,-2.8421019219,True,5.0
2014-01-03,Florida A&M Rattlers,93.0,home,0.568069206,1.8608319224,True,5.0
2014-01-03,Florida International Panthers,88.0,away,0.431930794,-1.8608319224,False,-5.0
2014-01-03,Delaware State Hornets,66.0,home,0.4388701204,-1.3830835624,True,1.0
2014-01-03,Gardner-Webb Runnin' Bulldogs,65.0,away,0.5611298796,1.3830835624,False,-1.0
2014-01-03,IU Indianapolis Jaguars,112.0,home,0.9917439512,32.0756279319,True,62.0
2014-01-03,Judson University Eagles,50.0,away,0.0082560488,-32.0756279319,False,-62.0
2014-01-03,Akron Zips,59.0,home,0.8156590668,10.1218167038,True,1.0
2014-01-03,Marshall Thundering Herd,58.0,away,0.1843409332,-10.1218167038,False,-1.0
2014-01-03,Campbell Fighting Camels,71.0,home,0.3297422736999999,-4.2230145612,False,-8.0
2014-01-03,East Carolina Pirates,79.0,away,0.6702577263,4.2230145612,True,8.0
2014-01-03,Colgate Raiders,81.0,home,0.6628785308,4.1352356583,False,-7.0
2014-01-03,Lehigh Mountain Hawks,88.0,away,0.3371214692,-4.1352356583,True,7.0
2014-01-03,Bucknell Bison,57.0,home,0.7079764607,4.9026292379,False,-10.0
2014-01-03,American University Eagles,67.0,away,0.2920235393,-4.9026292379,True,10.0
2014-01-03,Loyola Maryland Greyhounds,63.0,home,0.5271761815,0.6655339855,True,6.0
2014-01-03,Navy Midshipmen,57.0,away,0.4728238185,-0.6655339855,False,-6.0
2014-01-03,George Mason Patriots,80.0,home,0.7861703126999999,8.6722425063,True,3.0
2014-01-03,Pennsylvania Quakers,77.0,away,0.2138296873,-8.6722425063,False,-3.0
2014-01-03,Milwaukee Panthers,82.0,home,0.5787718704,2.1015959562,True,6.0
2014-01-03,Youngstown State Penguins,76.0,away,0.4212281296,-2.1015959562,False,-6.0
2014-01-03,Mississippi State Bulldogs,77.0,home,0.932133519,16.5013275225,True,14.0
2014-01-03,Maryland Eastern Shore Hawks,63.0,away,0.067866481,-16.5013275225,False,-14.0
2014-01-03,Arizona State Sun Devils,65.0,home,0.9299690258999999,17.2553919559,False,-11.0
2014-01-03,Washington Huskies,76.0,away,0.0700309741,-17.2553919559,True,11.0
2014-01-03,Samford Bulldogs,61.0,home,0.291523534,-5.2602296729,False,-10.0
2014-01-03,Wofford Terriers,71.0,away,0.708476466,5.2602296729,True,10.0
2014-01-03,Green Bay Phoenix,66.0,home,0.6117187684,2.855214999,True,11.0
2014-01-03,Cleveland State Vikings,55.0,away,0.38828123159999994,-2.855214999,False,-11.0
2014-01-03,Tennessee State Tigers,53.0,home,0.4395471931,-1.5710465455,False,-4.0
2014-01-03,Tennessee Tech Golden Eagles,57.0,away,0.5604528069,1.5710465455,True,4.0
2014-01-03,Belmont Bruins,78.0,home,0.920043071,14.9791828906,True,11.0
2014-01-03,Jacksonville State Gamecocks,67.0,away,0.079956929,-14.9791828906,False,-11.0
2014-01-03,Eastern Illinois Panthers,81.0,home,0.1177102113,-12.0148983819,False,-19.0
2014-01-03,Eastern Kentucky Colonels,100.0,away,0.8822897887,12.0148983819,True,19.0
2014-01-03,Austin Peay Governors,81.0,home,0.8464684386000001,11.9227978579,True,13.0
2014-01-03,UT Martin Skyhawks,68.0,away,0.1535315614,-11.9227978579,False,-13.0
2014-01-03,SIU Edwardsville Cougars,63.0,home,0.1978683381,-9.6761791879,False,-7.0
2014-01-03,Morehead State Eagles,70.0,away,0.8021316619,9.6761791879,True,7.0
2014-01-03,Murray State Racers,82.0,home,0.5267730533,0.7149341988,True,7.0
2014-01-03,Southeast Missouri State Redhawks,75.0,away,0.4732269467,-0.7149341988,False,-7.0
2014-01-03,Missouri State Bears,78.0,home,0.8054596560999999,9.4087101374,True,8.0
2014-01-03,Illinois State Redbirds,70.0,away,0.1945403439,-9.4087101374,False,-8.0
2014-01-03,South Dakota Coyotes,76.0,home,0.6377220363,3.6587480658,True,1.0
2014-01-03,Cal State Northridge Matadors,75.0,away,0.3622779637,-3.6587480658,False,-1.0
2014-01-03,McNeese Cowboys,69.0,home,0.5167968672,0.4265103564,True,9.0
2014-01-03,SE Louisiana Lions,60.0,away,0.4832031328,-0.4265103564,False,-9.0
2014-01-03,Valparaiso Beacons,87.0,home,0.8101512452,9.1966670227,True,15.0
2014-01-03,UIC Flames,72.0,away,0.1898487548,-9.1966670227,False,-15.0
2014-01-03,Oral Roberts Golden Eagles,88.0,home,0.8610667349,11.4917258856,True,33.0
2014-01-03,Houston Christian Huskies,55.0,away,0.1389332651,-11.4917258856,False,-33.0
2014-01-03,Nicholls Colonels,88.0,home,0.6150710321,3.199209293,True,5.0
2014-01-03,New Orleans Privateers,83.0,away,0.3849289679,-3.199209293,False,-5.0
2014-01-03,Northwestern State Demons,104.0,home,0.4047654096,-2.8923372946,False,-3.0
2014-01-03,Sam Houston Bearkats,107.0,away,0.5952345904,2.8923372946,True,3.0
2014-01-03,Central Arkansas Bears,66.0,home,0.6270472385,3.4347784234,False,-15.0
2014-01-03,Texas A&M-Corpus Christi Islanders,81.0,away,0.3729527615,-3.4347784234,True,15.0
2014-01-03,UT Arlington Mavericks,66.0,home,0.5693432966,1.9196530275,False,-16.0
2014-01-03,Arkansas State Red Wolves,82.0,away,0.43065670340000006,-1.9196530275,True,16.0
2014-01-03,Texas State Bobcats,59.0,home,0.4630382901,-0.8959037714,False,-4.0
2014-01-03,Little Rock Trojans,63.0,away,0.5369617099,0.8959037714,True,4.0
2014-01-03,Stephen F. Austin Lumberjacks,85.0,home,0.9291321876,16.5909781568,True,20.0
2014-01-03,Lamar Cardinals,65.0,away,0.0708678124,-16.5909781568,False,-20.0
2014-01-03,Stanford Cardinal,62.0,home,0.5328165886,0.8603978793,False,-7.0
2014-01-03,California Golden Bears,69.0,away,0.46718341139999997,-0.8603978793,True,7.0
2014-01-03,Weber State Wildcats,74.0,home,0.7728683214000001,7.6980167202,True,7.0
2014-01-03,Eastern Washington Eagles,67.0,away,0.2271316786,-7.6980167202,False,-7.0
2014-01-03,Grand Canyon Lopes,91.0,home,0.7602585230999999,7.2875641984,True,6.0
2014-01-03,UT Rio Grande Valley Vaqueros,85.0,away,0.2397414769,-7.2875641984,False,-6.0
2014-01-03,Montana State Bobcats,70.0,home,0.848567769,10.2594225748,True,15.0
2014-01-03,Sacramento State Hornets,55.0,away,0.151432231,-10.2594225748,False,-15.0
2014-01-03,Idaho State Bengals,87.0,home,0.7390913894,6.3802856577,True,11.0
2014-01-03,Portland State Vikings,76.0,away,0.2609086106,-6.3802856577,False,-11.0
2014-01-03,Montana Grizzlies,65.0,home,0.8045320212999999,7.9123521873,False,-8.0
2014-01-03,Northern Arizona Lumberjacks,73.0,away,0.1954679787,-7.9123521873,True,8.0
2014-01-03,North Dakota Fighting Hawks,65.0,home,0.9485117027999999,18.8847445961,True,4.0
2014-01-03,Southern Utah Thunderbirds,61.0,away,0.051488297200000005,-18.8847445961,False,-4.0
2014-01-03,Santa Clara Broncos,61.0,home,0.8477294201,10.4384716675,False,-9.0
2014-01-03,Pepperdine Waves,70.0,away,0.1522705799,-10.4384716675,True,9.0
2014-01-03,San Francisco Dons,75.0,home,0.6060805134,2.9378228937,True,14.0
2014-01-03,Loyola Marymount Lions,61.0,away,0.3939194866,-2.9378228937,False,-14.0
2014-01-03,Idaho Vandals,74.0,home,0.8792397256,13.2922036163,False,-6.0
2014-01-03,Kansas City Roos,80.0,away,0.1207602744,-13.2922036163,True,6.0
2014-01-03,Portland Pilots,72.0,home,0.6272456304,3.4433904248,True,8.0
2014-01-03,Pacific Tigers,64.0,away,0.3727543696,-3.4433904248,False,-8.0
2014-01-03,UC Riverside Highlanders,85.0,home,0.9898406982,30.7814105725,True,42.0
2014-01-03,Waldorf College Warriors,43.0,away,0.0101593018,-30.7814105725,False,-42.0
2014-01-03,UC Davis Aggies,93.0,home,0.9884971474,30.0172983374,True,24.0
2014-01-03,Simpson University (CA) Red Hawks,69.0,away,0.0115028526,-30.0172983374,False,-24.0
2014-01-03,UC Irvine Anteaters,75.0,home,0.8808496796,13.3747886519,True,12.0
2014-01-03,Morgan State Bears,63.0,away,0.1191503204,-13.3747886519,False,-12.0
2014-01-11,Mercer Bears,83.0,home,0.9758373899,22.2031386989,True,37.0
2014-01-11,Kennesaw State Owls,46.0,away,0.0241626101,-22.2031386989,False,-37.0
2014-01-11,Niagara Purple Eagles,74.0,home,0.6759235584999999,5.2858363851,False,-11.0
2014-01-11,Monmouth Hawks,85.0,away,0.3240764415,-5.2858363851,True,11.0
2014-01-11,High Point Panthers,72.0,home,0.3729894174,-3.2583116974,False,-9.0
2014-01-11,Radford Highlanders,81.0,away,0.6270105826,3.2583116974,True,9.0
2014-01-11,Canisius Golden Griffins,94.0,home,0.6916101175,5.0086982168,True,3.0
2014-01-11,Rider Broncs,91.0,away,0.3083898825,-5.0086982168,False,-3.0
2014-01-11,Siena Saints,67.0,home,0.6705973421,4.4207964679,True,9.0
2014-01-11,Marist Red Foxes,58.0,away,0.3294026579,-4.4207964679,False,-9.0
2014-01-11,Iona Gaels,84.0,home,0.8962154454,14.3560329635,True,9.0
2014-01-11,Fairfield Stags,75.0,away,0.1037845546,-14.3560329635,False,-9.0
2014-01-11,Valparaiso Beacons,45.0,home,0.6055816543,2.582054998,False,-17.0
2014-01-11,Wright State Raiders,62.0,away,0.39441834569999995,-2.582054998,True,17.0
2014-01-09,Wisconsin Badgers,95.0,home,0.891605055,12.1162236854,True,25.0
2014-01-09,Illinois Fighting Illini,70.0,away,0.108394945,-12.1162236854,False,-25.0
2014-01-09,Wichita State Shockers,66.0,home,0.9482920741,18.7609640608,True,19.0
2014-01-09,Illinois State Redbirds,47.0,away,0.05170792589999999,-18.7609640608,False,-19.0
2014-01-09,Massachusetts Minutemen,66.0,home,0.8282931634,10.4907897386,True,4.0
2014-01-09,Saint Joseph's Hawks,62.0,away,0.17170683659999997,-10.4907897386,False,-4.0
2014-01-09,Oklahoma State Cowboys,87.0,home,0.9316371863,18.15955462,True,13.0
2014-01-09,Texas Longhorns,74.0,away,0.0683628137,-18.15955462,False,-13.0
2014-01-09,Missouri Tigers,64.0,home,0.8728421822999999,11.6675059348,False,-6.0
2014-01-09,Georgia Bulldogs,70.0,away,0.1271578177,-11.6675059348,True,6.0
2014-01-09,Florida Gators,74.0,home,0.9581327212,18.8507821535,True,16.0
2014-01-09,South Carolina Gamecocks,58.0,away,0.04186727879999999,-18.8507821535,False,-16.0
2014-01-09,Seton Hall Pirates,67.0,home,0.2940348686,-5.6594207245,False,-16.0
2014-01-09,Villanova Wildcats,83.0,away,0.7059651314,5.6594207245,True,16.0
2014-01-09,Oklahoma Sooners,83.0,home,0.298768693,-5.9098331068,False,-7.0
2014-01-09,Kansas Jayhawks,90.0,away,0.701231307,5.9098331068,True,7.0
2014-01-09,Kentucky Wildcats,85.0,home,0.9756630028,24.2572642191,True,22.0
2014-01-09,Mississippi State Bulldogs,63.0,away,0.0243369972,-24.2572642191,False,-22.0
2014-01-09,San Diego State Aztecs,69.0,home,0.8511043375,10.9498061933,True,3.0
2014-01-09,Boise State Broncos,66.0,away,0.1488956625,-10.9498061933,False,-3.0
2014-01-09,Penn State Nittany Lions,65.0,home,0.6591247176,4.155367351,False,-3.0
2014-01-09,Minnesota Golden Gophers,68.0,away,0.3408752824,-4.155367351,True,3.0
2014-01-09,Western Michigan Broncos,87.0,home,0.430236259,-1.8290253426,True,11.0
2014-01-09,Toledo Rockets,76.0,away,0.569763741,1.8290253426,False,-11.0
2014-01-09,St. Bonaventure Bonnies,84.0,home,0.5329346937,0.8226068082,True,14.0
2014-01-09,Richmond Spiders,70.0,away,0.4670653063,-0.8226068082,False,-14.0
2014-01-09,Ball State Cardinals,68.0,home,0.3265403318000001,-4.561506077,False,-4.0
2014-01-09,Akron Zips,72.0,away,0.6734596682,4.561506077,True,4.0
2014-01-09,Kent State Golden Flashes,53.0,home,0.5304473456,0.7692921641,False,-6.0
2014-01-09,Ohio Bobcats,59.0,away,0.4695526544,-0.7692921641,True,6.0
2014-01-09,Central Michigan Chippewas,70.0,home,0.8077715305999998,8.9038911327,False,-7.0
2014-01-09,Miami (OH) RedHawks,77.0,away,0.1922284694,-8.9038911327,True,7.0
2014-01-09,Bowling Green Falcons,51.0,home,0.4953846247,-0.1174992789,False,-5.0
2014-01-09,Eastern Michigan Eagles,56.0,away,0.5046153753,0.1174992789,True,5.0
2014-01-09,Oakland Golden Grizzlies,75.0,home,0.6346098498,3.5308886729,False,-9.0
2014-01-09,Milwaukee Panthers,84.0,away,0.3653901502,-3.5308886729,True,9.0
2014-01-09,Cleveland State Vikings,73.0,home,0.8258788526,9.6527026462,True,10.0
2014-01-09,Detroit Mercy Titans,63.0,away,0.1741211474,-9.6527026462,False,-10.0
2014-01-09,Duquesne Dukes,87.0,home,0.7515614933000001,7.6954844087,True,6.0
2014-01-09,Fordham Rams,81.0,away,0.2484385067,-7.6954844087,False,-6.0
2014-01-09,UAlbany Great Danes,73.0,home,0.9141202107,14.2599609673,True,1.0
2014-01-09,UMBC Retrievers,72.0,away,0.08587978930000001,-14.2599609673,False,-1.0
2014-01-09,Yale Bulldogs,59.0,home,0.593123573,2.2426377562,False,-8.0
2014-01-09,Vermont Catamounts,67.0,away,0.406876427,-2.2426377562,True,8.0
2014-01-09,Providence Friars,70.0,home,0.4421254518,-1.4089326353,True,18.0
2014-01-09,Georgetown Hoyas,52.0,away,0.5578745482,1.4089326353,False,-18.0
2014-01-09,Fairfield Stags,55.0,home,0.6959790759,4.9783751607,False,-1.0
2014-01-09,Saint Peter's Peacocks,56.0,away,0.3040209241,-4.9783751607,True,1.0
2014-01-09,Columbia Lions,68.0,home,0.6624068486,3.8613373563,True,5.0
2014-01-09,Stony Brook Seawolves,63.0,away,0.33759315139999996,-3.8613373563,False,-5.0
2014-01-09,Northeastern Huskies,79.0,home,0.8545658573,10.7128312845,True,11.0
2014-01-09,UNC Wilmington Seahawks,68.0,away,0.1454341427,-10.7128312845,False,-11.0
2014-01-09,William & Mary Tribe,85.0,home,0.3559320633,-3.402735293,True,12.0
2014-01-09,Drexel Dragons,73.0,away,0.6440679367,3.402735293,False,-12.0
2014-01-09,Delaware Blue Hens,86.0,home,0.9119840141000001,15.2987494733,True,7.0
2014-01-09,Hofstra Pride,79.0,away,0.0880159859,-15.2987494733,False,-7.0
2014-01-09,Eastern Kentucky Colonels,64.0,home,0.8966812859,13.5544098155,False,-13.0
2014-01-09,Murray State Racers,77.0,away,0.1033187141,-13.5544098155,True,13.0
2014-01-09,Virginia Cavaliers,74.0,home,0.7890267112000001,8.0922207897,True,23.0
2014-01-09,Wake Forest Demon Deacons,51.0,away,0.2109732888,-8.0922207897,False,-23.0
2014-01-09,Holy Cross Crusaders,73.0,home,0.6425798451,3.6401347313,True,9.0
2014-01-09,Colgate Raiders,64.0,away,0.3574201549,-3.6401347313,False,-9.0
2014-01-09,Lafayette Leopards,86.0,home,0.4954052004,-0.1094184428,False,-10.0
2014-01-09,Bucknell Bison,96.0,away,0.5045947996,0.1094184428,True,10.0
2014-01-09,Lehigh Mountain Hawks,76.0,home,0.7476744357,6.9224207408,False,-3.0
2014-01-09,Army Black Knights,79.0,away,0.2523255643,-6.9224207408,True,3.0
2014-01-09,Radford Highlanders,72.0,home,0.6417695561,3.5275843754,True,9.0
2014-01-09,Liberty Flames,63.0,away,0.3582304439,-3.5275843754,False,-9.0
2014-01-09,Presbyterian Blue Hose,67.0,home,0.2439178486,-6.960232306,False,-4.0
2014-01-09,Winthrop Eagles,71.0,away,0.7560821514,6.960232306,True,4.0
2014-01-09,Gardner-Webb Runnin' Bulldogs,77.0,home,0.7746245536,7.5075240876,False,-4.0
2014-01-09,UNC Asheville Bulldogs,81.0,away,0.2253754464,-7.5075240876,True,4.0
2014-01-09,VMI Keydets,95.0,home,0.9075900726,17.1952476349,True,23.0
2014-01-09,Longwood Lancers,72.0,away,0.0924099274,-17.1952476349,False,-23.0
2014-01-09,UConn Huskies,61.0,home,0.6089625466,2.6843207839,True,5.0
2014-01-09,Harvard Crimson,56.0,away,0.3910374534,-2.6843207839,False,-5.0
2014-01-09,Campbell Fighting Camels,74.0,home,0.5812523484,1.9325369905,True,3.0
2014-01-09,High Point Panthers,71.0,away,0.41874765160000005,-1.9325369905,False,-3.0
2014-01-09,South Carolina State Bulldogs,78.0,home,0.7025187471,5.3227018363,True,7.0
2014-01-09,Maryland Eastern Shore Hawks,71.0,away,0.2974812529,-5.3227018363,False,-7.0
2014-01-09,American University Eagles,65.0,home,0.8378926494,9.7314062829,True,14.0
2014-01-09,Loyola Maryland Greyhounds,51.0,away,0.1621073506,-9.7314062829,False,-14.0
2014-01-09,Charleston Southern Buccaneers,70.0,home,0.898424191,14.2284792645,True,12.0
2014-01-09,Coastal Carolina Chanticleers,58.0,away,0.10157580900000002,-14.2284792645,False,-12.0
2014-01-09,Evansville Purple Aces,53.0,home,0.3085611243,-5.0320229505,False,-27.0
2014-01-09,Northern Iowa Panthers,80.0,away,0.6914388756999998,5.0320229505,True,27.0
2014-01-09,Bradley Braves,65.0,home,0.4379773454,-1.5138849439,False,-3.0
2014-01-09,Missouri State Bears,68.0,away,0.5620226546,1.5138849439,True,3.0
2014-01-09,Drake Bulldogs,73.0,home,0.5943701713,2.3117615606,False,-4.0
2014-01-09,Indiana State Sycamores,77.0,away,0.4056298287,-2.3117615606,True,4.0
2014-01-09,Buffalo Bulls,67.0,home,0.8039193374,8.7252979609,True,21.0
2014-01-09,Northern Illinois Huskies,46.0,away,0.1960806626,-8.7252979609,False,-21.0
2014-01-09,Loyola Chicago Ramblers,67.0,home,0.7203577972,5.4687794184,False,-4.0
2014-01-09,Southern Illinois Salukis,71.0,away,0.2796422028,-5.4687794184,True,4.0
2014-01-09,Texas A&M Aggies,69.0,home,0.24900553460000002,-7.3550583937,True,16.0
2014-01-09,Arkansas Razorbacks,53.0,away,0.7509944654,7.3550583937,False,-16.0
2014-01-09,Washington State Cougars,70.0,home,0.3403069572,-3.9769540987,False,-1.0
2014-01-09,Colorado Buffaloes,71.0,away,0.6596930428000001,3.9769540987,True,1.0
2014-01-09,Wyoming Cowboys,69.0,home,0.6671925971,4.0014456688,False,-3.0
2014-01-09,New Mexico Lobos,72.0,away,0.3328074029,-4.0014456688,True,3.0
2014-01-09,North Carolina Tar Heels,57.0,home,0.9181375111999999,14.5675340291,False,-6.0
2014-01-09,Miami Hurricanes,63.0,away,0.0818624888,-14.5675340291,True,6.0
2014-01-09,Fresno State Bulldogs,71.0,home,0.7000184154,5.2638178862,True,6.0
2014-01-09,Air Force Falcons,65.0,away,0.2999815846,-5.2638178862,False,-6.0
2014-01-09,UNLV Rebels,71.0,home,0.8853409897,13.0733034105,False,-3.0
2014-01-09,Nevada Wolf Pack,74.0,away,0.11465901029999999,-13.0733034105,True,3.0
2014-01-09,San José State Spartans,64.0,home,0.3137260146,-4.8256103818,False,-2.0
2014-01-09,Colorado State Rams,66.0,away,0.6862739854000001,4.8256103818,True,2.0
2014-01-09,Washington Huskies,59.0,home,0.4663587431,-0.8667390997,True,2.0
2014-01-09,Utah Utes,57.0,away,0.5336412569,0.8667390997,False,-2.0
2014-01-04,Texas Tech Red Raiders,62.0,home,0.2546048251,-6.9454372872,False,-11.0
2014-01-04,Iowa State Cyclones,73.0,away,0.7453951749,6.9454372872,True,11.0
2014-01-04,Syracuse Orange,49.0,home,0.9633408287,17.0433315686,True,5.0
2014-01-04,Miami Hurricanes,44.0,away,0.0366591713,-17.0433315686,False,-5.0
2014-01-04,Arizona Wildcats,71.0,home,0.9560171719,19.6225123952,True,9.0
2014-01-04,Washington Huskies,62.0,away,0.0439828281,-19.6225123952,False,-9.0
2014-01-04,Kansas State Wildcats,74.0,home,0.2159038223,-8.1057691749,True,3.0
2014-01-04,Oklahoma State Cowboys,71.0,away,0.7840961777,8.1057691749,False,-3.0
2014-01-04,Florida Gators,67.0,home,0.9364488381,15.5591179425,True,9.0
2014-01-04,Richmond Spiders,58.0,away,0.0635511619,-15.5591179425,False,-9.0
2014-01-04,Ohio State Buckeyes,84.0,home,0.9671328911,20.640478296,True,31.0
2014-01-04,Nebraska Cornhuskers,53.0,away,0.0328671089,-20.640478296,False,-31.0
2014-01-04,Notre Dame Fighting Irish,79.0,home,0.2011598223,-8.9417766804,True,2.0
2014-01-04,Duke Blue Devils,77.0,away,0.7988401777,8.9417766804,False,-2.0
2014-01-04,SMU Mustangs,74.0,home,0.6159884354,2.8519481236,True,9.0
2014-01-04,UConn Huskies,65.0,away,0.3840115646,-2.8519481236,False,-9.0
2014-01-04,Rutgers Scarlet Knights,76.0,home,0.0579538493,-18.4068758032,False,-7.0
2014-01-04,Louisville Cardinals,83.0,away,0.9420461507,18.4068758032,True,7.0
2014-01-04,Indiana Hoosiers,56.0,home,0.37192192939999996,-3.605745131,False,-17.0
2014-01-04,Michigan State Spartans,73.0,away,0.6280780706,3.605745131,True,17.0
2014-01-04,Kennesaw State Owls,55.0,home,0.3051170386,-5.3353314901,False,-16.0
2014-01-04,East Tennessee State Buccaneers,71.0,away,0.6948829614,5.3353314901,True,16.0
2014-01-05,Gonzaga Bulldogs,86.0,home,0.9417894329,17.7530549236,True,22.0
2014-01-05,Pacific Tigers,64.0,away,0.0582105671,-17.7530549236,False,-22.0
2014-01-04,Missouri Tigers,69.0,home,0.9568932261,19.1662111452,True,10.0
2014-01-04,Long Beach State Beach,59.0,away,0.04310677389999999,-19.1662111452,False,-10.0
2014-01-04,Memphis Tigers,53.0,home,0.7934640421,8.7487593831,False,-16.0
2014-01-04,Cincinnati Bearcats,69.0,away,0.2065359579,-8.7487593831,True,16.0
2014-01-05,Massachusetts Minutemen,73.0,home,0.9698456597,23.2832678843,True,8.0
2014-01-05,Miami (OH) RedHawks,65.0,away,0.0301543403,-23.2832678843,False,-8.0
2014-01-04,NC State Wolfpack,62.0,home,0.2057254342,-8.2219923881,False,-12.0
2014-01-04,Pittsburgh Panthers,74.0,away,0.7942745658,8.2219923881,True,12.0
2014-01-04,Tulsa Golden Hurricane,73.0,home,0.6907397302,5.2059626162,True,16.0
2014-01-04,Cal State Fullerton Titans,57.0,away,0.3092602698,-5.2059626162,False,-16.0
2014-01-04,Georgetown Hoyas,77.0,home,0.7236304063,6.0632919561,True,17.0
2014-01-04,St. John's Red Storm,60.0,away,0.2763695937,-6.0632919561,False,-17.0
2014-01-04,New Hampshire Wildcats,53.0,home,0.6385975854,3.4364850962,False,-13.0
2014-01-04,Sacred Heart Pioneers,66.0,away,0.3614024146,-3.4364850962,True,13.0
2014-01-04,Troy Trojans,51.0,home,0.3329133099,-4.1495323966,False,-9.0
2014-01-04,Western Kentucky Hilltoppers,60.0,away,0.6670866901,4.1495323966,True,9.0
2014-01-04,Georgia Southern Eagles,80.0,home,0.7884358327999998,8.4700138749,True,2.0
2014-01-04,Samford Bulldogs,78.0,away,0.2115641672,-8.4700138749,False,-2.0
2014-01-04,Eastern Michigan Eagles,92.0,home,0.9981327782,41.743246231,True,38.0
2014-01-04,University of Rochester (NY) Yellow Jackets,54.0,away,0.0018672218,-41.743246231,False,-38.0
2014-01-04,Tennessee Volunteers,98.0,home,0.9996123302,50.031978026,True,47.0
2014-01-04,Tusculum Pioneers,51.0,away,0.0003876698,-50.031978026,False,-47.0
2014-01-04,Detroit Mercy Titans,58.0,home,0.5306175081,0.756997871,True,5.0
2014-01-04,Wright State Raiders,53.0,away,0.46938249190000003,-0.756997871,False,-5.0
2014-01-04,Western Carolina Catamounts,74.0,home,0.5679067689,1.8103512632,True,12.0
2014-01-04,Elon Phoenix,62.0,away,0.4320932311,-1.8103512632,False,-12.0
2014-01-04,VMI Keydets,128.0,home,0.993364363,38.9248992925,True,74.0
2014-01-04,Washington College (MD) Shoremen,54.0,away,0.006635637,-38.9248992925,False,-74.0
2014-01-04,Green Bay Phoenix,85.0,home,0.7137523105,6.0806771655,True,16.0
2014-01-04,Youngstown State Penguins,69.0,away,0.2862476895,-6.0806771655,False,-16.0
2014-01-04,St. Bonaventure Bonnies,81.0,home,0.9599107509,20.322516775,True,24.0
2014-01-04,Cornell Big Red,57.0,away,0.0400892491,-20.322516775,False,-24.0
2014-01-04,Marquette Golden Eagles,66.0,home,0.8998715315,14.082632161,True,10.0
2014-01-04,DePaul Blue Demons,56.0,away,0.10012846849999998,-14.082632161,False,-10.0
2014-01-04,Xavier Musketeers,79.0,home,0.7583244586,6.8255528084,True,11.0
2014-01-04,Butler Bulldogs,68.0,away,0.2416755414,-6.8255528084,False,-11.0
2014-01-04,Delaware Blue Hens,82.0,home,0.831135567,9.8540911584,True,10.0
2014-01-04,Cal Poly Mustangs,72.0,away,0.168864433,-9.8540911584,False,-10.0
2014-01-04,Iona Gaels,118.0,home,0.9162358706,17.8613302598,True,26.0
2014-01-04,Niagara Purple Eagles,92.0,away,0.0837641294,-17.8613302598,False,-26.0
2014-01-04,Purdue Fort Wayne Mastodons,110.0,home,0.9976593158,41.2852067963,True,36.0
2014-01-04,Kalamazoo Hornets,74.0,away,0.0023406842,-41.2852067963,False,-36.0
2014-01-04,Saint Joseph's Hawks,53.0,home,0.7458816494,5.9213920746,True,1.0
2014-01-04,Denver Pioneers,52.0,away,0.2541183506,-5.9213920746,False,-1.0
2014-01-04,Maryland Terrapins,77.0,home,0.6863729533,5.1803786597,True,16.0
2014-01-04,Georgia Tech Yellow Jackets,61.0,away,0.3136270467,-5.1803786597,False,-16.0
2014-01-04,Saint Francis Red Flash,56.0,home,0.5271908057,0.6419486517,False,-8.0
2014-01-04,NJIT Highlanders,64.0,away,0.47280919430000007,-0.6419486517,True,8.0
2014-01-04,Saint Peter's Peacocks,63.0,home,0.4531796661,-1.1139764584,False,-4.0
2014-01-04,Canisius Golden Griffins,67.0,away,0.5468203339,1.1139764584,True,4.0
2014-01-04,UNC Asheville Bulldogs,70.0,home,0.2405910155,-6.9339378775,False,-9.0
2014-01-04,Ohio Bobcats,79.0,away,0.7594089845,6.9339378775,True,9.0
2014-01-04,Illinois Fighting Illini,75.0,home,0.7309904061,6.0485731049,True,20.0
2014-01-04,Penn State Nittany Lions,55.0,away,0.2690095939,-6.0485731049,False,-20.0
2014-01-04,Liberty Flames,74.0,home,0.3872460242,-2.6258882375,False,-6.0
2014-01-04,Princeton Tigers,80.0,away,0.6127539758,2.6258882375,True,6.0
2014-01-04,Seton Hall Pirates,66.0,home,0.4424696723,-1.4161870213,False,-13.0
2014-01-04,Creighton Bluejays,79.0,away,0.5575303277,1.4161870213,True,13.0
2014-01-04,Monmouth Hawks,77.0,home,0.3963745944,-2.8567931261,False,-17.0
2014-01-04,Quinnipiac Bobcats,94.0,away,0.6036254056,2.8567931261,True,17.0
2014-01-04,Eastern Illinois Panthers,77.0,home,0.2456468752,-7.3836699352,False,-8.0
2014-01-04,Morehead State Eagles,85.0,away,0.7543531248,7.3836699352,True,8.0
2014-01-04,San Francisco Dons,76.0,home,0.7502930549,6.987234495,True,10.0
2014-01-04,Pepperdine Waves,66.0,away,0.24970694509999997,-6.987234495,False,-10.0
2014-01-04,UAB Blazers,96.0,home,0.9982378537,43.2020729779,True,21.0
2014-01-04,Newberry Wolves,75.0,away,0.0017621463,-43.2020729779,False,-21.0
2014-01-04,Pennsylvania Quakers,57.0,home,0.3128455033,-5.1371714219,False,-19.0
2014-01-04,La Salle Explorers,76.0,away,0.6871544967,5.1371714219,True,19.0
2014-01-04,North Texas Mean Green,76.0,home,0.7652747675,7.8305275536,True,4.0
2014-01-04,UC Riverside Highlanders,72.0,away,0.2347252325,-7.8305275536,False,-4.0
2014-01-04,Furman Paladins,63.0,home,0.4366452092,-1.6525276989,False,-9.0
2014-01-04,Chattanooga Mocs,72.0,away,0.5633547908,1.6525276989,True,9.0
2014-01-04,Utah Utes,80.0,home,0.8062523933,9.0341171491,True,11.0
2014-01-04,Oregon State Beavers,69.0,away,0.19374760670000002,-9.0341171491,False,-11.0
2014-01-04,Charleston Cougars,60.0,home,0.8872868693,12.0926234899,True,10.0
2014-01-04,Howard Bison,50.0,away,0.1127131307,-12.0926234899,False,-10.0
2014-01-04,Boston College Eagles,60.0,home,0.3847530963,-2.5488164271,False,-2.0
2014-01-04,Clemson Tigers,62.0,away,0.6152469037,2.5488164271,True,2.0
2014-01-04,Texas A&M Aggies,63.0,home,0.9335891062,16.2184808605,True,17.0
2014-01-04,UT Rio Grande Valley Vaqueros,46.0,away,0.0664108938,-16.2184808605,False,-17.0
2014-01-04,Hampton Pirates,87.0,home,0.5825418606,2.1514603478,True,27.0
2014-01-04,Radford Highlanders,60.0,away,0.4174581394,-2.1514603478,False,-27.0
2014-01-04,McNeese Cowboys,82.0,home,0.5122678668,0.3461166032,True,13.0
2014-01-04,New Orleans Privateers,69.0,away,0.4877321332,-0.3461166032,False,-13.0
2014-01-04,Columbia Lions,81.0,home,0.704941355,5.091327154,True,20.0
2014-01-04,St. Francis Brooklyn Terriers,61.0,away,0.295058645,-5.091327154,False,-20.0
2014-01-04,UCF Knights,78.0,home,0.6520382857,4.231955237,True,2.0
2014-01-04,Temple Owls,76.0,away,0.3479617143,-4.231955237,False,-2.0
2014-01-04,TCU Horned Frogs,69.0,home,0.2393816226,-7.2654886293,False,-5.0
2014-01-04,West Virginia Mountaineers,74.0,away,0.7606183774,7.2654886293,True,5.0
2014-01-04,South Florida Bulls,58.0,home,0.7578586206,7.2281985238,False,-9.0
2014-01-04,Houston Cougars,67.0,away,0.2421413794,-7.2281985238,True,9.0
2014-01-04,Northwestern State Demons,99.0,home,0.8557416175,13.7839768218,True,14.0
2014-01-04,Lamar Cardinals,85.0,away,0.1442583825,-13.7839768218,False,-14.0
2014-01-04,Nicholls Colonels,64.0,home,0.6512094217,3.8276202898,True,3.0
2014-01-04,SE Louisiana Lions,61.0,away,0.3487905783,-3.8276202898,False,-3.0
2014-01-04,Coppin State Eagles,79.0,home,0.3637414906,-3.6005667118,False,-2.0
2014-01-04,Towson Tigers,81.0,away,0.6362585094,3.6005667118,True,2.0
2014-01-04,Incarnate Word Cardinals,100.0,home,0.9866691564,30.4004190781,True,15.0
2014-01-04,Our Lady Of The Lake Saints,85.0,away,0.0133308436,-30.4004190781,False,-15.0
2014-01-04,Mercer Bears,62.0,home,0.8489736062,10.6315874221,True,2.0
2014-01-04,South Carolina Upstate Spartans,60.0,away,0.1510263938,-10.6315874221,False,-2.0
2014-01-04,Lipscomb Bisons,73.0,home,0.5978879878,2.7177500518,False,-5.0
2014-01-04,North Florida Ospreys,78.0,away,0.4021120122,-2.7177500518,True,5.0
2014-01-04,UL Monroe Warhawks,103.0,home,0.3208281253,-4.9605787874,True,5.0
2014-01-04,Louisiana Ragin' Cajuns,98.0,away,0.6791718747000001,4.9605787874,False,-5.0
2014-01-04,South Dakota Coyotes,86.0,home,0.9929638293,33.9738819399,True,34.0
2014-01-04,Iowa Wesleyan Tigers,52.0,away,0.0070361707,-33.9738819399,False,-34.0
2014-01-04,Louisiana Tech Bulldogs,126.0,home,0.9882813152,30.2348727942,True,74.0
2014-01-04,Longwood Lancers,52.0,away,0.0117186848,-30.2348727942,False,-74.0
2014-01-04,Florida State Seminoles,50.0,home,0.6725247967,4.4472613123,False,-12.0
2014-01-04,Virginia Cavaliers,62.0,away,0.3274752033,-4.4472613123,True,12.0
2014-01-04,Saint Louis Billikens,75.0,home,0.9289141451999999,15.9546385324,True,20.0
2014-01-04,Yale Bulldogs,55.0,away,0.0710858548,-15.9546385324,False,-20.0
2014-01-04,LSU Tigers,70.0,home,0.9439289658,18.6695214628,False,-4.0
2014-01-04,Rhode Island Rams,74.0,away,0.05607103420000001,-18.6695214628,True,4.0
2014-01-04,Central Arkansas Bears,86.0,home,0.5809756157,2.3068047407,True,17.0
2014-01-04,Houston Christian Huskies,69.0,away,0.41902438429999994,-2.3068047407,False,-17.0
2014-01-04,Belmont Bruins,64.0,home,0.8289210735,10.3323449863,True,2.0
2014-01-04,Tennessee Tech Golden Eagles,62.0,away,0.1710789265,-10.3323449863,False,-2.0
2014-01-04,Texas State Bobcats,69.0,home,0.2639568288,-6.2587498713,False,-5.0
2014-01-04,Arkansas State Red Wolves,74.0,away,0.7360431712,6.2587498713,True,5.0
2014-01-04,Alabama Crimson Tide,64.0,home,0.8801112793,12.1104755849,True,8.0
2014-01-04,Robert Morris Colonials,56.0,away,0.1198887207,-12.1104755849,False,-8.0
2014-01-04,South Alabama Jaguars,63.0,home,0.3679568561,-3.2836343182,False,-10.0
2014-01-04,Georgia State Panthers,73.0,away,0.6320431439,3.2836343182,True,10.0
2014-01-04,Oakland Golden Grizzlies,75.0,home,0.5885379701,2.210391244,True,5.0
2014-01-04,Valparaiso Beacons,70.0,away,0.4114620299000001,-2.210391244,False,-5.0
2014-01-04,Santa Clara Broncos,86.0,home,0.708172527,5.7744318661,True,5.0
2014-01-04,Loyola Marymount Lions,81.0,away,0.291827473,-5.7744318661,False,-5.0
2014-01-04,UT Arlington Mavericks,70.0,home,0.6840151514,5.2703049715,False,-2.0
2014-01-04,Little Rock Trojans,72.0,away,0.3159848486,-5.2703049715,True,2.0
2014-01-04,Nevada Wolf Pack,61.0,home,0.4620788578000001,-0.8506442958,True,3.0
2014-01-04,Wyoming Cowboys,58.0,away,0.5379211422,0.8506442958,False,-3.0
2014-01-04,New Mexico Lobos,80.0,home,0.7486617771,6.938065608,True,7.0
2014-01-04,Colorado State Rams,73.0,away,0.2513382229,-6.938065608,False,-7.0
2014-01-04,Mississippi Valley State Delta Devils,73.0,home,0.6093843962,3.1140419754,False,-5.0
2014-01-04,Arkansas-Pine Bluff Golden Lions,78.0,away,0.39061560379999993,-3.1140419754,True,5.0
2014-01-04,Jackson State Tigers,61.0,home,0.8317962525999999,10.2497175292,False,-7.0
2014-01-04,Alabama A&M Bulldogs,68.0,away,0.1682037474,-10.2497175292,True,7.0
2014-01-04,Grambling Tigers,51.0,home,0.1878803642,-9.7634414191,False,-17.0
2014-01-04,Alabama State Hornets,68.0,away,0.8121196358,9.7634414191,True,17.0
2014-01-04,Prairie View A&M Panthers,57.0,home,0.191374568,-9.4198428371,False,-3.0
2014-01-04,Southern Jaguars,60.0,away,0.808625432,9.4198428371,True,3.0
2014-01-04,Texas Southern Tigers,83.0,home,0.927166582,16.4898156638,True,17.0
2014-01-04,Alcorn State Braves,66.0,away,0.072833418,-16.4898156638,False,-17.0
2014-01-05,UAlbany Great Danes,81.0,home,0.7041657648,4.9326560023,True,25.0
2014-01-05,Hartford Hawks,56.0,away,0.2958342352,-4.9326560023,False,-25.0
2014-01-05,Dartmouth Big Green,53.0,home,0.680938421,4.3475192123,False,-9.0
2014-01-05,Vermont Catamounts,62.0,away,0.319061579,-4.3475192123,True,9.0
2014-01-05,Wofford Terriers,63.0,home,0.6654544399,4.2566386254,False,-15.0
2014-01-05,Davidson Wildcats,78.0,away,0.3345455601,-4.2566386254,True,15.0
2014-01-05,Oral Roberts Golden Eagles,64.0,home,0.8815245944,11.7161205442,False,-7.0
2014-01-05,Texas A&M-Corpus Christi Islanders,71.0,away,0.1184754056,-11.7161205442,True,7.0
2014-01-05,UNC Wilmington Seahawks,55.0,home,0.4749458632,-0.6084566988,False,-5.0
2014-01-05,James Madison Dukes,60.0,away,0.5250541368,0.6084566988,True,5.0
2014-01-05,UC Santa Barbara Gauchos,81.0,home,0.9987421247,42.3368313686,True,29.0
2014-01-05,Master's University Mustangs,52.0,away,0.0012578753,-42.3368313686,False,-29.0
2014-01-05,Old Dominion Monarchs,71.0,home,0.4958812591,-0.1027674428,True,5.0
2014-01-05,George Mason Patriots,66.0,away,0.5041187409,0.1027674428,False,-5.0
2014-01-05,Siena Saints,62.0,home,0.5047757956,0.1237518615,True,15.0
2014-01-05,Rider Broncs,47.0,away,0.4952242044,-0.1237518615,False,-15.0
2014-01-05,Charlotte 49ers,88.0,home,0.886014578,13.4256008341,True,16.0
2014-01-05,North Carolina A&T Aggies,72.0,away,0.113985422,-13.4256008341,False,-16.0
2014-01-05,Campbell Fighting Camels,60.0,home,0.5649602683,1.3822370866,False,-10.0
2014-01-05,Delaware State Hornets,70.0,away,0.43503973170000004,-1.3822370866,True,10.0
2014-01-05,Northern Kentucky Norse,73.0,home,0.6955263445,5.1073776475,True,7.0
2014-01-05,Jacksonville Dolphins,66.0,away,0.3044736555,-5.1073776475,False,-7.0
2014-01-05,Stephen F. Austin Lumberjacks,73.0,home,0.6182759017,2.9463117166,True,17.0
2014-01-05,Sam Houston Bearkats,56.0,away,0.3817240983,-2.9463117166,False,-17.0
2014-01-05,Western Illinois Leathernecks,67.0,home,0.6425458281,3.325344249,False,-11.0
2014-01-05,William & Mary Tribe,78.0,away,0.35745417189999995,-3.325344249,True,11.0
2014-01-05,Manhattan Jaspers,83.0,home,0.9011393215,14.713321998,True,26.0
2014-01-05,Fairfield Stags,57.0,away,0.0988606785,-14.713321998,False,-26.0
2014-01-05,Milwaukee Panthers,49.0,home,0.5025252751,0.0630380206,False,-28.0
2014-01-05,Cleveland State Vikings,77.0,away,0.4974747249,-0.0630380206,True,28.0
2014-01-05,Auburn Tigers,81.0,home,0.808732553,10.0454276679,True,31.0
2014-01-05,Florida A&M Rattlers,50.0,away,0.191267447,-10.0454276679,False,-31.0
2014-01-05,Ole Miss Rebels,80.0,home,0.6037423902,2.7284947852,False,-3.0
2014-01-05,Dayton Flyers,83.0,away,0.3962576098,-2.7284947852,True,3.0
2014-01-05,SIU Edwardsville Cougars,85.0,home,0.0807979024,-15.6926124285,True,6.0
2014-01-05,Eastern Kentucky Colonels,79.0,away,0.9192020976,15.6926124285,False,-6.0
2014-01-05,North Dakota State Bison,96.0,home,0.9994265185000001,48.0121258905,True,51.0
2014-01-05,Mayville St Comets,45.0,away,0.0005734815,-48.0121258905,False,-51.0
2014-01-05,Bradley Braves,68.0,home,0.295038445,-5.1681142817,True,11.0
2014-01-05,Drake Bulldogs,57.0,away,0.704961555,5.1681142817,False,-11.0
2014-01-05,Evansville Purple Aces,62.0,home,0.335696781,-4.310398419,False,-19.0
2014-01-05,Indiana State Sycamores,81.0,away,0.664303219,4.310398419,True,19.0
2014-01-05,Arkansas Razorbacks,104.0,home,0.9953535920000001,36.7834819261,True,33.0
2014-01-05,UTSA Roadrunners,71.0,away,0.004646408,-36.7834819261,False,-33.0
2014-01-05,Rice Owls,54.0,home,0.0989014517,-13.1419705885,False,-15.0
2014-01-05,Harvard Crimson,69.0,away,0.9010985483,13.1419705885,True,15.0
2014-01-05,Texas Longhorns,85.0,home,0.7044683614,6.3449383816,False,-3.0
2014-01-05,Oklahoma Sooners,88.0,away,0.2955316386,-6.3449383816,True,3.0
2014-01-05,Austin Peay Governors,80.0,home,0.5287289286,0.8064722512,True,6.0
2014-01-05,Southeast Missouri State Redhawks,74.0,away,0.4712710714,-0.8064722512,False,-6.0
2014-01-05,Tennessee State Tigers,70.0,home,0.6307059555,3.1698626231,True,5.0
2014-01-05,Jacksonville State Gamecocks,65.0,away,0.3692940445,-3.1698626231,False,-5.0
2014-01-05,BYU Cougars,87.0,home,0.9025315164,15.439827745,True,34.0
2014-01-05,San Diego Toreros,53.0,away,0.09746848359999999,-15.439827745,False,-34.0
2014-01-05,Boise State Broncos,86.0,home,0.9214740157,15.862530561,True,7.0
2014-01-05,Fresno State Bulldogs,79.0,away,0.0785259843,-15.862530561,False,-7.0
2014-01-05,Vanderbilt Commodores,79.0,home,0.7938214098,8.1864470143,True,30.0
2014-01-05,Northeastern Huskies,49.0,away,0.2061785902,-8.1864470143,False,-30.0
2014-01-05,Grand Canyon Lopes,62.0,home,0.1793486814,-9.6031826385,False,-22.0
2014-01-05,New Mexico State Aggies,84.0,away,0.8206513186,9.6031826385,True,22.0
2014-01-05,Montana Grizzlies,82.0,home,0.8791424330999998,11.0139996473,True,12.0
2014-01-05,Sacramento State Hornets,70.0,away,0.1208575669,-11.0139996473,False,-12.0
2014-01-05,Weber State Wildcats,79.0,home,0.8709035756,11.6284989497,True,17.0
2014-01-05,Portland State Vikings,62.0,away,0.1290964244,-11.6284989497,False,-17.0
2014-01-05,Northern Colorado Bears,91.0,home,0.9425655278,17.0041460076,True,36.0
2014-01-05,Southern Utah Thunderbirds,55.0,away,0.0574344722,-17.0041460076,False,-36.0
2014-01-05,Utah State Aggies,86.0,home,0.9513371416000002,17.0764991424,True,19.0
2014-01-05,San José State Spartans,67.0,away,0.048662858399999995,-17.0764991424,False,-19.0
2014-01-05,Montana State Bobcats,68.0,home,0.7179638377,5.655781133,True,2.0
2014-01-05,Northern Arizona Lumberjacks,66.0,away,0.2820361623,-5.655781133,False,-2.0
2014-01-05,Portland Pilots,63.0,home,0.32466708680000006,-4.5547416571,False,-9.0
2014-01-05,Saint Mary's Gaels,72.0,away,0.6753329132,4.5547416571,True,9.0
2014-01-05,UNLV Rebels,68.0,home,0.9146804663,15.2928963982,False,-7.0
2014-01-05,Air Force Falcons,75.0,away,0.0853195337,-15.2928963982,True,7.0
2014-01-05,Idaho State Bengals,83.0,home,0.5962978765,2.4835247141,True,11.0
2014-01-05,Eastern Washington Eagles,72.0,away,0.4037021235,-2.4835247141,False,-11.0
2014-01-05,Seattle U Redhawks,84.0,home,0.9030808087,15.2662318411,False,-11.0
2014-01-05,Kansas City Roos,95.0,away,0.0969191913,-15.2662318411,True,11.0
2014-01-05,UC Irvine Anteaters,91.0,home,0.9982178602,43.2003967893,True,35.0
2014-01-05,San Diego Christian Hawks,56.0,away,0.0017821398,-43.2003967893,False,-35.0
2014-01-05,Idaho Vandals,55.0,home,0.854094506,11.1954706903,False,-2.0
2014-01-05,Chicago State Cougars,57.0,away,0.145905494,-11.1954706903,True,2.0
2014-01-05,Cal State Bakersfield Roadrunners,74.0,home,0.7921918252000001,7.8971148452,False,-8.0
2014-01-05,Utah Valley Wolverines,82.0,away,0.2078081748,-7.8971148452,True,8.0
2014-01-10,Portland Pilots,82.0,home,0.16082163660000004,-10.7836174314,True,9.0
2014-01-10,Gonzaga Bulldogs,73.0,away,0.8391783634,10.7836174314,False,-9.0
2014-01-10,Wofford Terriers,79.0,home,0.9280623312,15.2390962801,True,4.0
2014-01-10,The Citadel Bulldogs,75.0,away,0.0719376688,-15.2390962801,False,-4.0
2014-01-10,Iowa Hawkeyes,93.0,home,0.9500609606,19.0482567968,True,26.0
2014-01-10,Northwestern Wildcats,67.0,away,0.0499390394,-19.0482567968,False,-26.0
2014-01-09,UT Arlington Mavericks,83.0,home,0.7219444652999999,6.1769528811,True,4.0
2014-01-09,UL Monroe Warhawks,79.0,away,0.2780555347,-6.1769528811,False,-4.0
2014-01-10,Chattanooga Mocs,90.0,home,0.7963440141,9.1069991559,True,9.0
2014-01-10,Samford Bulldogs,81.0,away,0.2036559859,-9.1069991559,False,-9.0
2014-01-10,Furman Paladins,56.0,home,0.20504119879999996,-8.6002666245,False,-17.0
2014-01-10,Davidson Wildcats,73.0,away,0.7949588012,8.6002666245,True,17.0
2014-01-10,App State Mountaineers,60.0,home,0.5914772045,2.4142463643,False,-6.0
2014-01-10,UNC Greensboro Spartans,66.0,away,0.4085227955,-2.4142463643,True,6.0
2014-01-10,Louisville Cardinals,67.0,home,0.8459384235,11.5224663326,False,-6.0
2014-01-10,Memphis Tigers,73.0,away,0.1540615765,-11.5224663326,True,6.0
2014-01-10,UCLA Bruins,75.0,home,0.5273621002,0.7209032444,False,-4.0
2014-01-10,Arizona Wildcats,79.0,away,0.4726378998,-0.7209032444,True,4.0
2014-01-10,Oregon Ducks,83.0,home,0.7602738583,7.8454345946,False,-13.0
2014-01-10,California Golden Bears,96.0,away,0.2397261417,-7.8454345946,True,13.0
2014-01-10,VCU Rams,71.0,home,0.9349093106,17.746668763,True,14.0
2014-01-10,George Mason Patriots,57.0,away,0.0650906894,-17.746668763,False,-14.0
2014-01-10,Clemson Tigers,41.0,home,0.6140714838,2.7522606778,False,-15.0
2014-01-10,Florida State Seminoles,56.0,away,0.38592851620000007,-2.7522606778,True,15.0
2014-01-10,Ole Miss Rebels,65.0,home,0.8493925589,11.4432613619,True,3.0
2014-01-10,Auburn Tigers,62.0,away,0.1506074411,-11.4432613619,False,-3.0
2014-01-10,Purdue Fort Wayne Mastodons,82.0,home,0.3193591604,-4.6202557576,True,11.0
2014-01-10,North Dakota State Bison,71.0,away,0.6806408396000001,4.6202557576,False,-11.0
2014-01-10,Hartford Hawks,80.0,home,0.869067788,12.9126106371,True,15.0
2014-01-10,Maine Black Bears,65.0,away,0.130932212,-12.9126106371,False,-15.0
2014-01-10,IU Indianapolis Jaguars,70.0,home,0.5651320453,1.6494636075,False,-16.0
2014-01-10,South Dakota State Jackrabbits,86.0,away,0.43486795469999995,-1.6494636075,True,16.0
2014-01-10,North Florida Ospreys,75.0,home,0.6575632278000001,4.1215614526,False,-4.0
2014-01-10,Florida Gulf Coast Eagles,79.0,away,0.3424367722,-4.1215614526,True,4.0
2014-01-10,Binghamton Bearcats,67.0,home,0.4209000039,-1.9412144708,True,29.0
2014-01-10,New Hampshire Wildcats,38.0,away,0.5790999961,1.9412144708,False,-29.0
2014-01-10,Butler Bulldogs,94.0,home,0.8399410663000001,10.3001600909,False,-5.0
2014-01-10,DePaul Blue Demons,99.0,away,0.1600589337,-10.3001600909,True,5.0
2014-01-10,South Carolina Upstate Spartans,73.0,home,0.8861714314,12.105747334,True,9.0
2014-01-10,Northern Kentucky Norse,64.0,away,0.1138285686,-12.105747334,False,-9.0
2014-01-10,Jacksonville Dolphins,88.0,home,0.691741083,5.0863814813,True,13.0
2014-01-10,Stetson Hatters,75.0,away,0.308258917,-5.0863814813,False,-13.0
2014-01-10,Sacred Heart Pioneers,70.0,home,0.3725611908,-3.3158718075,False,-9.0
2014-01-10,Robert Morris Colonials,79.0,away,0.6274388092,3.3158718075,True,9.0
2014-01-10,St. Francis Brooklyn Terriers,78.0,home,0.836090385,10.5975318273,True,14.0
2014-01-10,Long Island University Sharks,64.0,away,0.163909615,-10.5975318273,False,-14.0
2014-01-10,East Tennessee State Buccaneers,80.0,home,0.7791871008,8.5709679211,False,-2.0
2014-01-10,Lipscomb Bisons,82.0,away,0.2208128992,-8.5709679211,True,2.0
2014-01-10,Fairleigh Dickinson Knights,85.0,home,0.4375989175,-1.584002567,True,6.0
2014-01-10,Mount St. Mary's Mountaineers,79.0,away,0.5624010825,1.584002567,False,-6.0
2014-01-10,Central Connecticut Blue Devils,59.0,home,0.4713500069,-0.7852580178,False,-29.0
2014-01-10,Wagner Seahawks,88.0,away,0.5286499931,0.7852580178,True,29.0
2014-01-10,Quinnipiac Bobcats,81.0,home,0.414423668,-2.3711225881,True,5.0
2014-01-10,Manhattan Jaspers,76.0,away,0.585576332,2.3711225881,False,-5.0
2014-01-10,Temple Owls,75.0,home,0.8126493886,9.5341140038,False,-7.0
2014-01-10,South Florida Bulls,82.0,away,0.18735061139999998,-9.5341140038,True,7.0
2014-01-10,Bryant Bulldogs,77.0,home,0.8979640458,13.3373877269,True,10.0
2014-01-10,Saint Francis Red Flash,67.0,away,0.10203595419999999,-13.3373877269,False,-10.0
2014-01-10,Louisiana Tech Bulldogs,84.0,home,0.9701958058,22.8472297739,True,20.0
2014-01-10,Florida Atlantic Owls,64.0,away,0.029804194200000002,-22.8472297739,False,-20.0
2014-01-10,Jacksonville State Gamecocks,61.0,home,0.7726069941,7.3337238362,True,9.0
2014-01-10,SIU Edwardsville Cougars,52.0,away,0.2273930059,-7.3337238362,False,-9.0
2014-01-10,La Salle Explorers,76.0,home,0.5633653497,1.5799520422,True,4.0
2014-01-10,George Washington Revolutionaries,72.0,away,0.4366346503,-1.5799520422,False,-4.0
2014-01-10,Tennessee Tech Golden Eagles,81.0,home,0.871464371,11.7607317133,True,12.0
2014-01-10,Eastern Illinois Panthers,69.0,away,0.128535629,-11.7607317133,False,-12.0
2014-01-10,Southeast Missouri State Redhawks,94.0,home,0.467924636,-0.8664729152,False,-13.0
2014-01-10,Belmont Bruins,107.0,away,0.532075364,0.8664729152,True,13.0
2014-01-10,UT Rio Grande Valley Vaqueros,85.0,home,0.5598532876,1.483350179,False,-1.0
2014-01-10,Idaho Vandals,86.0,away,0.4401467124,-1.483350179,True,1.0
2014-01-10,Rice Owls,60.0,home,0.5266413815,0.6376559267,False,-11.0
2014-01-10,Florida International Panthers,71.0,away,0.4733586185,-0.6376559267,True,11.0
2014-01-10,Little Rock Trojans,65.0,home,0.7105934023,5.6876255976,True,5.0
2014-01-10,South Alabama Jaguars,60.0,away,0.2894065977,-5.6876255976,False,-5.0
2014-01-10,Western Kentucky Hilltoppers,54.0,home,0.5841356533,2.061857228,False,-23.0
2014-01-10,Georgia State Panthers,77.0,away,0.41586434670000005,-2.061857228,True,23.0
2014-01-10,UTSA Roadrunners,90.0,home,0.2297039894,-8.2046617271,True,9.0
2014-01-10,Marshall Thundering Herd,81.0,away,0.7702960105999999,8.2046617271,False,-9.0
2014-01-10,North Texas Mean Green,64.0,home,0.1617223374,-10.4966920522,False,-10.0
2014-01-10,Southern Miss Golden Eagles,74.0,away,0.8382776626,10.4966920522,True,10.0
2014-01-10,North Dakota Fighting Hawks,66.0,home,0.7014530973999998,5.5629683968,True,4.0
2014-01-10,Idaho State Bengals,62.0,away,0.2985469026,-5.5629683968,False,-4.0
2014-01-10,SE Louisiana Lions,76.0,home,0.7528699480000001,7.3484377418,True,4.0
2014-01-10,Incarnate Word Cardinals,72.0,away,0.247130052,-7.3484377418,False,-4.0
2014-01-10,Arkansas State Red Wolves,84.0,home,0.9010435429,14.1776272733,False,-14.0
2014-01-10,Troy Trojans,98.0,away,0.0989564571,-14.1776272733,True,14.0
2014-01-10,Texas A&M-Corpus Christi Islanders,101.0,home,0.4955377507,-0.1257249956,True,14.0
2014-01-10,Northwestern State Demons,87.0,away,0.5044622493,0.1257249956,False,-14.0
2014-01-10,Houston Christian Huskies,50.0,home,0.1571271845,-10.5194368303,False,-27.0
2014-01-10,Stephen F. Austin Lumberjacks,77.0,away,0.8428728155,10.5194368303,True,27.0
2014-01-10,Northern Arizona Lumberjacks,75.0,home,0.8451160023,9.5842152999,True,10.0
2014-01-10,Sacramento State Hornets,65.0,away,0.1548839977,-9.5842152999,False,-10.0
2014-01-10,Lamar Cardinals,60.0,home,0.50694425,0.180854845,False,-4.0
2014-01-10,Nicholls Colonels,64.0,away,0.49305575000000007,-0.180854845,True,4.0
2014-01-10,Sam Houston Bearkats,86.0,home,0.9244959713,16.5091882182,True,5.0
2014-01-10,McNeese Cowboys,81.0,away,0.0755040287,-16.5091882182,False,-5.0
2014-01-10,Nebraska Cornhuskers,70.0,home,0.1319358813,-11.159308636,False,-1.0
2014-01-10,Michigan Wolverines,71.0,away,0.8680641187,11.159308636,True,1.0
2014-01-10,New Orleans Privateers,87.0,home,0.6836051672,5.1728052172,True,6.0
2014-01-10,Abilene Christian Wildcats,81.0,away,0.3163948328,-5.1728052172,False,-6.0
2014-01-10,BYU Cougars,84.0,home,0.9345069778,18.6976578658,True,12.0
2014-01-10,Pepperdine Waves,72.0,away,0.0654930222,-18.6976578658,False,-12.0
2014-01-10,New Mexico State Aggies,96.0,home,0.9142653928,15.2883378701,True,9.0
2014-01-10,Seattle U Redhawks,87.0,away,0.0857346072,-15.2883378701,False,-9.0
2014-01-10,Tulsa Golden Hurricane,97.0,home,0.8636911463,11.5492950549,True,26.0
2014-01-10,Tulane Green Wave,71.0,away,0.1363088537,-11.5492950549,False,-26.0
2014-01-10,Xavier Musketeers,86.0,home,0.6552170427,3.9424125245,True,7.0
2014-01-10,Marquette Golden Eagles,79.0,away,0.34478295729999997,-3.9424125245,False,-7.0
2014-01-10,Saint Mary's Gaels,55.0,home,0.8741959451,11.1387275273,False,-2.0
2014-01-10,Santa Clara Broncos,57.0,away,0.1258040549,-11.1387275273,True,2.0
2014-01-10,Northern Colorado Bears,70.0,home,0.5983069774,2.3627702506,True,19.0
2014-01-10,Weber State Wildcats,51.0,away,0.4016930226,-2.3627702506,False,-19.0
2014-01-10,UTEP Miners,68.0,home,0.6355094665,3.530501171,False,-5.0
2014-01-10,Charlotte 49ers,73.0,away,0.3644905335,-3.530501171,True,5.0
2014-01-10,Eastern Washington Eagles,69.0,home,0.6433667542000001,3.6042478677,True,7.0
2014-01-10,Montana Grizzlies,62.0,away,0.3566332458,-3.6042478677,False,-7.0
2014-01-10,Pacific Tigers,72.0,home,0.6832925787,4.983098665,False,-9.0
2014-01-10,San Francisco Dons,81.0,away,0.3167074213,-4.983098665,True,9.0
2014-01-10,San Diego Toreros,74.0,home,0.5390794544,1.0021421053,True,7.0
2014-01-10,Loyola Marymount Lions,67.0,away,0.4609205456,-1.0021421053,False,-7.0
2014-01-10,Oregon State Beavers,81.0,home,0.5354052458,0.9416088578,True,9.0
2014-01-10,Stanford Cardinal,72.0,away,0.4645947542,-0.9416088578,False,-9.0
2014-01-10,Cal State Northridge Matadors,89.0,home,0.8193168766,9.6396261662,True,12.0
2014-01-10,UC Davis Aggies,77.0,away,0.18068312340000003,-9.6396261662,False,-12.0
2014-01-10,Cal State Fullerton Titans,78.0,home,0.8045405557999998,9.0268261785,True,5.0
2014-01-10,UC Riverside Highlanders,73.0,away,0.19545944420000003,-9.0268261785,False,-5.0
2014-01-10,USC Trojans,60.0,home,0.2228129693,-8.5714398152,False,-19.0
2014-01-10,Arizona State Sun Devils,79.0,away,0.7771870307,8.5714398152,True,19.0
2014-01-10,Cal State Bakersfield Roadrunners,63.0,home,0.8824249564,12.2699279479,False,-3.0
2014-01-10,Grand Canyon Lopes,66.0,away,0.1175750436,-12.2699279479,True,3.0
2014-01-10,Portland State Vikings,76.0,home,0.5540620807,1.3703464273,False,-3.0
2014-01-10,Montana State Bobcats,79.0,away,0.44593791930000004,-1.3703464273,True,3.0
2014-01-10,Cal Poly Mustangs,77.0,home,0.5159470157,0.3884186025,True,12.0
2014-01-10,Hawai'i Rainbow Warriors,65.0,away,0.48405298430000004,-0.3884186025,False,-12.0
2014-01-10,Long Beach State Beach,44.0,home,0.3594142915,-3.5473729837,False,-2.0
2014-01-10,UC Irvine Anteaters,46.0,away,0.6405857085,3.5473729837,True,2.0
2014-01-13,USC Trojans,53.0,home,0.10170097029999998,-14.0622276342,False,-20.0
2014-01-13,Arizona Wildcats,73.0,away,0.8982990297,14.0622276342,True,20.0
2014-01-12,Louisville Cardinals,71.0,home,0.9150678119999999,15.1759202461,True,8.0
2014-01-12,SMU Mustangs,63.0,away,0.084932188,-15.1759202461,False,-8.0
2014-01-12,Purdue Boilermakers,70.0,home,0.8302575455,10.4408138742,True,6.0
2014-01-12,Nebraska Cornhuskers,64.0,away,0.16974245450000003,-10.4408138742,False,-6.0
2014-01-12,Milwaukee Panthers,86.0,home,0.4143589542,-2.2847125814,False,-7.0
2014-01-12,Green Bay Phoenix,93.0,away,0.5856410458,2.2847125814,True,7.0
2014-01-12,Ohio State Buckeyes,74.0,home,0.7427574532999999,7.0044767627,False,-10.0
2014-01-12,Iowa Hawkeyes,84.0,away,0.2572425467,-7.0044767627,True,10.0
2014-01-12,Washington Huskies,71.0,home,0.3931487212,-2.8375045746,True,17.0
2014-01-12,Colorado Buffaloes,54.0,away,0.6068512788,2.8375045746,False,-17.0
2014-01-12,Oregon Ducks,80.0,home,0.8523384419,12.1006122067,False,-2.0
2014-01-12,Stanford Cardinal,82.0,away,0.1476615581,-12.1006122067,True,2.0
2014-01-12,Tulsa Golden Hurricane,75.0,home,0.2886120479,-5.6404971642,True,4.0
2014-01-12,Southern Miss Golden Eagles,71.0,away,0.7113879521000002,5.6404971642,False,-4.0
2014-01-12,Air Force Falcons,72.0,home,0.1224689444,-12.0396817095,False,-7.0
2014-01-12,San Diego State Aztecs,79.0,away,0.8775310556,12.0396817095,True,7.0
2014-01-13,Northwestern Wildcats,49.0,home,0.3518046095,-3.5080868089,True,6.0
2014-01-13,Illinois Fighting Illini,43.0,away,0.6481953905000001,3.5080868089,False,-6.0
2014-01-12,Manhattan Jaspers,86.0,home,0.9336979191,17.0151257846,True,7.0
2014-01-12,Marist Red Foxes,79.0,away,0.0663020809,-17.0151257846,False,-7.0
2014-01-12,Duquesne Dukes,56.0,home,0.4252093924,-1.9297021809,False,-19.0
2014-01-12,La Salle Explorers,75.0,away,0.5747906076,1.9297021809,True,19.0
2014-01-12,Niagara Purple Eagles,78.0,home,0.46385608349999996,-1.0242586595,False,-12.0
2014-01-12,Rider Broncs,90.0,away,0.5361439165,1.0242586595,True,12.0
2014-01-12,Siena Saints,78.0,home,0.2808882459,-6.3139110641,False,-9.0
2014-01-12,Iona Gaels,87.0,away,0.7191117541,6.3139110641,True,9.0
2014-01-12,Canisius Golden Griffins,87.0,home,0.804630059,8.8989105613,True,20.0
2014-01-12,Monmouth Hawks,67.0,away,0.19536994099999996,-8.8989105613,False,-20.0
2014-01-12,Bowling Green Falcons,36.0,home,0.8031677225,8.5928238616,False,-9.0
2014-01-12,Northern Illinois Huskies,45.0,away,0.1968322775,-8.5928238616,True,9.0
2014-01-12,Hartford Hawks,50.0,home,0.4642282449,-0.8635675998,False,-23.0
2014-01-12,Stony Brook Seawolves,73.0,away,0.5357717551,0.8635675998,True,23.0
2014-01-12,Ohio Bobcats,80.0,home,0.7831974824,7.9963277952,False,-3.0
2014-01-12,Akron Zips,83.0,away,0.21680251760000002,-7.9963277952,True,3.0
2014-01-12,Saint Peter's Peacocks,74.0,home,0.3170474504,-4.8668577686,True,7.0
2014-01-12,Quinnipiac Bobcats,67.0,away,0.6829525496,4.8668577686,False,-7.0
2014-01-12,Creighton Bluejays,95.0,home,0.8325538609,9.9774399983,True,6.0
2014-01-12,Xavier Musketeers,89.0,away,0.16744613910000003,-9.9774399983,False,-6.0
2014-01-13,Wright State Raiders,58.0,home,0.8899151750000001,12.5331694731,True,5.0
2014-01-13,UIC Flames,53.0,away,0.110084825,-12.5331694731,False,-5.0
2014-01-13,Washington State Cougars,49.0,home,0.3445165438,-3.7207904858,True,3.0
2014-01-13,Utah Utes,46.0,away,0.6554834562,3.7207904858,False,-3.0
2014-01-13,Florida State Seminoles,85.0,home,0.8257967978,10.4252526624,True,24.0
2014-01-13,Maryland Terrapins,61.0,away,0.17420320220000002,-10.4252526624,False,-24.0
2014-01-13,UCLA Bruins,87.0,home,0.6564450232,4.4822664591,True,15.0
2014-01-13,Arizona State Sun Devils,72.0,away,0.34355497679999997,-4.4822664591,False,-15.0
2014-01-14,NJIT Highlanders,99.0,home,0.9922401809,32.7226630385,True,39.0
2014-01-14,City College NY Beavers,60.0,away,0.007759819099999999,-32.7226630385,False,-39.0
2014-01-14,Louisiana Ragin' Cajuns,81.0,home,0.9263815984,15.7738463099,True,23.0
2014-01-14,Texas State Bobcats,58.0,away,0.0736184016,-15.7738463099,False,-23.0
2014-01-14,Duke Blue Devils,69.0,home,0.8296911337,9.4957865787,True,4.0
2014-01-14,Virginia Cavaliers,65.0,away,0.1703088663,-9.4957865787,False,-4.0
2014-01-14,Iowa State Cyclones,70.0,home,0.6085816228,3.01160873,False,-7.0
2014-01-14,Kansas Jayhawks,77.0,away,0.3914183772,-3.01160873,True,7.0
2014-01-14,Loyola Maryland Greyhounds,77.0,home,0.5773383238,1.9519032921,True,14.0
2014-01-14,Lafayette Leopards,63.0,away,0.42266167619999995,-1.9519032921,False,-14.0
2014-01-14,Boston College Eagles,59.0,home,0.1405666318,-9.922847525,False,-10.0
2014-01-14,Syracuse Orange,69.0,away,0.8594333681999999,9.922847525,True,10.0
2014-01-14,Youngstown State Penguins,67.0,home,0.5012814114,0.0321930655,True,1.0
2014-01-14,Cleveland State Vikings,66.0,away,0.4987185886,-0.0321930655,False,-1.0
2014-01-14,Northeastern Huskies,49.0,home,0.8026465741,8.205995835,False,-9.0
2014-01-14,Charleston Cougars,58.0,away,0.1973534259,-8.205995835,True,9.0
2014-01-14,Coppin State Eagles,75.0,home,0.7569883834,7.1892144405,True,6.0
2014-01-14,South Carolina State Bulldogs,69.0,away,0.2430116166,-7.1892144405,False,-6.0
2014-01-14,West Virginia Mountaineers,69.0,home,0.8272461151999999,10.4816437197,False,-11.0
2014-01-14,Texas Longhorns,80.0,away,0.1727538848,-10.4816437197,True,11.0
2014-01-14,Howard Bison,54.0,home,0.4134247099,-2.1054325365,False,-2.0
2014-01-14,Savannah State Tigers,56.0,away,0.5865752901,2.1054325365,True,2.0
2014-01-14,Alabama State Hornets,77.0,home,0.7198667553,6.0398746092,True,13.0
2014-01-14,Arkansas-Pine Bluff Golden Lions,64.0,away,0.2801332447,-6.0398746092,False,-13.0
2014-01-14,Florida A&M Rattlers,76.0,home,0.6964640099,5.6252861769,True,10.0
2014-01-14,North Carolina A&T Aggies,66.0,away,0.3035359901,-5.6252861769,False,-10.0
2014-01-14,Delaware State Hornets,56.0,home,0.6553245975,3.6642968928,False,-2.0
2014-01-14,Norfolk State Spartans,58.0,away,0.3446754025,-3.6642968928,True,2.0
2014-01-14,Alabama A&M Bulldogs,68.0,home,0.7896432523,9.1323105229,True,9.0
2014-01-14,Mississippi Valley State Delta Devils,59.0,away,0.2103567477,-9.1323105229,False,-9.0
2014-01-14,Bethune-Cookman Wildcats,49.0,home,0.1336964205,-10.6699409966,False,-15.0
2014-01-14,North Carolina Central Eagles,64.0,away,0.8663035795,10.6699409966,True,15.0
2014-01-14,Southern Jaguars,60.0,home,0.8624364838000002,11.7268368089,True,24.0
2014-01-14,Jackson State Tigers,36.0,away,0.1375635162,-11.7268368089,False,-24.0
2014-01-14,UT Martin Skyhawks,100.0,home,0.4819890723,-0.4760450379,True,19.0
2014-01-14,Tennessee State Tigers,81.0,away,0.5180109277,0.4760450379,False,-19.0
2014-01-14,Southern Utah Thunderbirds,36.0,home,0.1751891061,-8.9270160735,False,-34.0
2014-01-14,Northern Arizona Lumberjacks,70.0,away,0.8248108939,8.9270160735,True,34.0
2014-01-14,Alcorn State Braves,64.0,home,0.9494135555,18.0468990746,True,8.0
2014-01-14,Grambling Tigers,56.0,away,0.0505864445,-18.0468990746,False,-8.0
2014-01-15,Wichita State Shockers,72.0,home,0.9661720501,19.8814722338,True,22.0
2014-01-15,Bradley Braves,50.0,away,0.0338279499,-19.8814722338,False,-22.0
2014-01-15,Kansas State Wildcats,72.0,home,0.700207494,5.5252583659,True,6.0
2014-01-15,Oklahoma Sooners,66.0,away,0.299792506,-5.5252583659,False,-6.0
2014-01-15,Georgia Tech Yellow Jackets,74.0,home,0.1911466668,-8.855202541,False,-7.0
2014-01-15,Pittsburgh Panthers,81.0,away,0.8088533332,8.855202541,True,7.0
2014-01-15,Florida Gators,72.0,home,0.9648033843,19.0840407063,True,22.0
2014-01-15,Georgia Bulldogs,50.0,away,0.0351966157,-19.0840407063,False,-22.0
2014-01-15,Creighton Bluejays,88.0,home,0.9117502368,13.944239029,True,28.0
2014-01-15,Butler Bulldogs,60.0,away,0.0882497632,-13.944239029,False,-28.0
2014-01-15,Arkansas Razorbacks,87.0,home,0.5242836547,0.6756862669,True,2.0
2014-01-15,Kentucky Wildcats,85.0,away,0.47571634530000007,-0.6756862669,False,-2.0
2014-01-15,Eastern Michigan Eagles,56.0,home,0.6635773526,4.1880573417,True,19.0
2014-01-15,Western Michigan Broncos,37.0,away,0.3364226474,-4.1880573417,False,-19.0
2014-01-15,Indiana Hoosiers,75.0,home,0.2877929395,-5.8362417305,True,3.0
2014-01-15,Wisconsin Badgers,72.0,away,0.7122070605,5.8362417305,False,-3.0
2014-01-15,George Washington Revolutionaries,76.0,home,0.4092091924,-2.4739128885,True,10.0
2014-01-15,VCU Rams,66.0,away,0.5907908076,2.4739128885,False,-10.0
2014-01-15,Cincinnati Bearcats,69.0,home,0.9127111049,14.6912664324,True,11.0
2014-01-15,Temple Owls,58.0,away,0.0872888951,-14.6912664324,False,-11.0
2014-01-15,Michigan Wolverines,80.0,home,0.9340164833,15.7817240798,True,13.0
2014-01-15,Penn State Nittany Lions,67.0,away,0.0659835167,-15.7817240798,False,-13.0
2014-01-15,Liberty Flames,71.0,home,0.8602223411,10.232743919,True,3.0
2014-01-15,Campbell Fighting Camels,68.0,away,0.1397776589,-10.232743919,False,-3.0
2014-01-15,DePaul Blue Demons,77.0,home,0.34388551720000005,-4.1987376314,True,2.0
2014-01-15,St. John's Red Storm,75.0,away,0.6561144828,4.1987376314,False,-2.0
2014-01-15,Drexel Dragons,68.0,home,0.8565226875999999,10.7320834382,False,-12.0
2014-01-15,Towson Tigers,80.0,away,0.1434773124,-10.7320834382,True,12.0
2014-01-15,Southern Illinois Salukis,68.0,home,0.21097000050000003,-7.9607570915,True,2.0
2014-01-15,Northern Iowa Panthers,66.0,away,0.7890299995,7.9607570915,False,-2.0
2014-01-15,Nevada Wolf Pack,65.0,home,0.2852127519,-5.6849440635,False,-9.0
2014-01-15,Boise State Broncos,74.0,away,0.7147872481,5.6849440635,True,9.0
2014-01-18,Wright State Raiders,69.0,home,0.5027278082,0.0676507912,False,-10.0
2014-01-18,Green Bay Phoenix,79.0,away,0.4972721918,-0.0676507912,True,10.0
2014-01-18,North Florida Ospreys,86.0,home,0.8020954732,9.5412579908,True,4.0
2014-01-18,Jacksonville Dolphins,82.0,away,0.1979045268,-9.5412579908,False,-4.0
2014-01-18,Iona Gaels,83.0,home,0.817094229,9.7104905168,False,-2.0
2014-01-18,Canisius Golden Griffins,85.0,away,0.182905771,-9.7104905168,True,2.0
2014-01-18,Bradley Braves,66.0,home,0.6667975265,4.080534514,True,6.0
2014-01-18,Southern Illinois Salukis,60.0,away,0.33320247349999993,-4.080534514,False,-6.0
2014-01-16,Northwestern Wildcats,40.0,home,0.1087182349,-12.5532492397,False,-14.0
2014-01-16,Michigan State Spartans,54.0,away,0.8912817651,12.5532492397,True,14.0
2014-01-16,Detroit Mercy Titans,70.0,home,0.5876325365,2.2724385276,False,-8.0
2014-01-16,Valparaiso Beacons,78.0,away,0.4123674635,-2.2724385276,True,8.0
2014-01-16,Texas Tech Red Raiders,82.0,home,0.257910507,-6.0465802902,True,10.0
2014-01-16,Baylor Bears,72.0,away,0.742089493,6.0465802902,False,-10.0
2014-01-16,Saint Louis Billikens,66.0,home,0.8510857527,11.2230461655,True,6.0
2014-01-16,St. Bonaventure Bonnies,60.0,away,0.1489142473,-11.2230461655,False,-6.0
2014-01-16,San Diego State Aztecs,68.0,home,0.9677583517000001,21.4675596646,True,8.0
2014-01-16,Fresno State Bulldogs,60.0,away,0.0322416483,-21.4675596646,False,-8.0
2014-01-16,Toledo Rockets,67.0,home,0.8339602028,10.5582864053,True,2.0
2014-01-16,Buffalo Bulls,65.0,away,0.1660397972,-10.5582864053,False,-2.0
2014-01-16,Oklahoma State Cowboys,82.0,home,0.9858285681,27.5460093017,True,32.0
2014-01-16,TCU Horned Frogs,50.0,away,0.0141714319,-27.5460093017,False,-32.0
2014-01-16,Bowling Green Falcons,67.0,home,0.6405408652999999,3.6298117624,True,10.0
2014-01-16,Central Michigan Chippewas,57.0,away,0.3594591347,-3.6298117624,False,-10.0
2014-01-16,George Mason Patriots,87.0,home,0.2735877442,-6.7157574721,False,-1.0
2014-01-16,Massachusetts Minutemen,88.0,away,0.7264122558,6.7157574721,True,1.0
2014-01-16,Akron Zips,59.0,home,0.8500674963999999,10.5690220811,True,7.0
2014-01-16,Miami (OH) RedHawks,52.0,away,0.1499325036,-10.5690220811,False,-7.0
2014-01-16,Stony Brook Seawolves,67.0,home,0.9615635531,20.1548747806,True,20.0
2014-01-16,Binghamton Bearcats,47.0,away,0.0384364469,-20.1548747806,False,-20.0
2014-01-16,Tennessee Volunteers,78.0,home,0.9260357475,15.3471255732,True,11.0
2014-01-16,Auburn Tigers,67.0,away,0.0739642525,-15.3471255732,False,-11.0
2014-01-16,New Hampshire Wildcats,56.0,home,0.6915482253999999,4.9178816411,True,14.0
2014-01-16,UMBC Retrievers,42.0,away,0.3084517746,-4.9178816411,False,-14.0
2014-01-16,Delaware Blue Hens,76.0,home,0.8128796323,9.5851086077,True,5.0
2014-01-16,William & Mary Tribe,71.0,away,0.1871203677,-9.5851086077,False,-5.0
2014-01-16,UNC Wilmington Seahawks,64.0,home,0.5806626581,1.9336390803,False,-5.0
2014-01-16,Hofstra Pride,69.0,away,0.41933734190000005,-1.9336390803,True,5.0
2014-01-16,La Salle Explorers,72.0,home,0.883836391,12.3625998975,True,10.0
2014-01-16,Rhode Island Rams,62.0,away,0.116163609,-12.3625998975,False,-10.0
2014-01-16,James Madison Dukes,52.0,home,0.601822144,2.4745294978,False,-4.0
2014-01-16,Northeastern Huskies,56.0,away,0.398177856,-2.4745294978,True,4.0
2014-01-16,UMass Lowell River Hawks,70.0,home,0.2799777326,-5.3445588736,True,4.0
2014-01-16,UAlbany Great Danes,66.0,away,0.7200222674,5.3445588736,False,-4.0
2014-01-16,Xavier Musketeers,80.0,home,0.645113538,3.7073508605,True,13.0
2014-01-16,Georgetown Hoyas,67.0,away,0.35488646199999996,-3.7073508605,False,-13.0
2014-01-16,Saint Joseph's Hawks,84.0,home,0.8105037333,9.4540813609,True,9.0
2014-01-16,Duquesne Dukes,75.0,away,0.1894962667,-9.4540813609,False,-9.0
2014-01-16,Indiana State Sycamores,70.0,home,0.7879883079,8.0835017924,True,15.0
2014-01-16,Missouri State Bears,55.0,away,0.2120116921,-8.0835017924,False,-15.0
2014-01-16,Lehigh Mountain Hawks,63.0,home,0.5377390929,0.8666035178,False,-2.0
2014-01-16,American University Eagles,65.0,away,0.4622609071,-0.8666035178,True,2.0
2014-01-16,Navy Midshipmen,62.0,home,0.4546237355,-1.063821292,True,1.0
2014-01-16,Bucknell Bison,61.0,away,0.5453762645,1.063821292,False,-1.0
2014-01-16,Maryland Terrapins,74.0,home,0.5997103528,2.6234687393,True,8.0
2014-01-16,Notre Dame Fighting Irish,66.0,away,0.4002896472,-2.6234687393,False,-8.0
2014-01-16,Radford Highlanders,88.0,home,0.7208462167,6.983777779,False,-13.0
2014-01-16,VMI Keydets,101.0,away,0.2791537833,-6.983777779,True,13.0
2014-01-16,Winthrop Eagles,51.0,home,0.5800733784,2.055715004,False,-5.0
2014-01-16,Gardner-Webb Runnin' Bulldogs,56.0,away,0.4199266216,-2.055715004,True,5.0
2014-01-16,Virginia Tech Hokies,49.0,home,0.3117500021,-4.5187057795,False,-7.0
2014-01-16,Clemson Tigers,56.0,away,0.6882499979,4.5187057795,True,7.0
2014-01-16,High Point Panthers,83.0,home,0.8451426238,10.9124349274,True,8.0
2014-01-16,Longwood Lancers,75.0,away,0.1548573762,-10.9124349274,False,-8.0
2014-01-16,Boston University Terriers,66.0,home,0.789447268,7.9660161558,True,8.0
2014-01-16,Colgate Raiders,58.0,away,0.210552732,-7.9660161558,False,-8.0
2014-01-16,Army Black Knights,75.0,home,0.5430480771,1.1125143722,False,-3.0
2014-01-16,Holy Cross Crusaders,78.0,away,0.4569519228999999,-1.1125143722,True,3.0
2014-01-16,Coastal Carolina Chanticleers,81.0,home,0.7346155282,6.5315257794,True,3.0
2014-01-16,UNC Asheville Bulldogs,78.0,away,0.2653844718,-6.5315257794,False,-3.0
2014-01-16,Rutgers Scarlet Knights,85.0,home,0.5757423392,2.0721499392,True,10.0
2014-01-16,UCF Knights,75.0,away,0.42425766080000005,-2.0721499392,False,-10.0
2014-01-16,Alabama Crimson Tide,80.0,home,0.8644356047000001,11.5063382793,True,19.0
2014-01-16,Mississippi State Bulldogs,61.0,away,0.1355643953,-11.5063382793,False,-19.0
2014-01-16,Texas A&M Aggies,75.0,home,0.7692693689,7.3964093339,True,8.0
2014-01-16,South Carolina Gamecocks,67.0,away,0.2307306311,-7.3964093339,False,-8.0
2014-01-16,SMU Mustangs,71.0,home,0.9147274208,14.8444115971,True,17.0
2014-01-16,South Florida Bulls,54.0,away,0.0852725792,-14.8444115971,False,-17.0
2014-01-16,Ohio Bobcats,71.0,home,0.9321782701,16.4899426678,True,20.0
2014-01-16,Ball State Cardinals,51.0,away,0.0678217299,-16.4899426678,False,-20.0
2014-01-16,Charleston Southern Buccaneers,95.0,home,0.9847305126000001,25.3814775361,True,37.0
2014-01-16,Presbyterian Blue Hose,58.0,away,0.015269487399999998,-25.3814775361,False,-37.0
2014-01-16,Northern Illinois Huskies,64.0,home,0.3158223268,-4.6447573741,False,-9.0
2014-01-16,Kent State Golden Flashes,73.0,away,0.6841776732,4.6447573741,True,9.0
2014-01-16,Loyola Chicago Ramblers,70.0,home,0.3498226584,-3.5528692008,True,10.0
2014-01-16,Drake Bulldogs,60.0,away,0.6501773415999998,3.5528692008,False,-10.0
2014-01-16,Illinois State Redbirds,79.0,home,0.7337824059,6.6843837028,True,1.0
2014-01-16,Evansville Purple Aces,78.0,away,0.2662175941,-6.6843837028,False,-1.0
2014-01-16,Illinois Fighting Illini,58.0,home,0.6829287535,4.8670440292,False,-8.0
2014-01-16,Purdue Boilermakers,66.0,away,0.3170712465,-4.8670440292,True,8.0
2014-01-16,Ole Miss Rebels,88.0,home,0.6095518726,3.0650207133,True,14.0
2014-01-16,LSU Tigers,74.0,away,0.39044812739999996,-3.0650207133,False,-14.0
2014-01-16,New Mexico Lobos,73.0,home,0.69656361,5.4088288477,False,-3.0
2014-01-16,UNLV Rebels,76.0,away,0.30343639,-5.4088288477,True,3.0
2014-01-16,California Golden Bears,82.0,home,0.8895380708,13.6925984204,True,26.0
2014-01-16,Washington Huskies,56.0,away,0.11046192920000002,-13.6925984204,False,-26.0
2014-01-16,Wake Forest Demon Deacons,70.0,home,0.758386649,7.4508743565,True,1.0
2014-01-16,NC State Wolfpack,69.0,away,0.24161335099999998,-7.4508743565,False,-1.0
2014-01-16,Miami Hurricanes,53.0,home,0.2645573057,-5.845330279,False,-10.0
2014-01-16,Florida State Seminoles,63.0,away,0.7354426943,5.845330279,True,10.0
2014-01-16,Air Force Falcons,77.0,home,0.8746799461000001,11.7799326998,True,15.0
2014-01-16,San José State Spartans,62.0,away,0.1253200539,-11.7799326998,False,-15.0
2014-01-16,Fordham Rams,68.0,home,0.2310221206,-7.7914578305,False,-12.0
2014-01-16,Dayton Flyers,80.0,away,0.7689778794,7.7914578305,True,12.0
2014-01-16,Utah State Aggies,57.0,home,0.7767750561,7.2731883716,True,7.0
2014-01-16,Colorado State Rams,50.0,away,0.2232249439,-7.2731883716,False,-7.0
2014-01-16,Stanford Cardinal,80.0,home,0.8637246402,11.2055134578,True,32.0
2014-01-16,Washington State Cougars,48.0,away,0.1362753598,-11.2055134578,False,-32.0
2014-01-19,Iowa Hawkeyes,94.0,home,0.8984337128,14.6425331044,True,21.0
2014-01-19,Minnesota Golden Gophers,73.0,away,0.1015662872,-14.6425331044,False,-21.0
2014-01-19,Monmouth Hawks,83.0,home,0.4028800477999999,-2.503368306,True,1.0
2014-01-19,Canisius Golden Griffins,82.0,away,0.5971199522,2.503368306,False,-1.0
2014-01-19,Houston Cougars,77.0,home,0.7018324699,5.5804455743,True,22.0
2014-01-19,Rutgers Scarlet Knights,55.0,away,0.2981675301,-5.5804455743,False,-22.0
2014-01-19,Army Black Knights,74.0,home,0.4918703166,-0.1991220016,True,7.0
2014-01-19,Bucknell Bison,67.0,away,0.5081296834,0.1991220016,False,-7.0
2014-01-19,Southern Miss Golden Eagles,80.0,home,0.4737161485,-0.6837589336,True,9.0
2014-01-19,Louisiana Tech Bulldogs,71.0,away,0.5262838515,0.6837589336,False,-9.0
2014-01-19,Seattle U Redhawks,51.0,home,0.7035117216000001,5.2240945463,False,-1.0
2014-01-19,Utah Valley Wolverines,52.0,away,0.2964882784,-5.2240945463,True,1.0
2014-01-19,Cleveland State Vikings,46.0,home,0.7758620832000002,7.2029719335,False,-3.0
2014-01-19,Wright State Raiders,49.0,away,0.2241379168,-7.2029719335,True,3.0
2014-01-19,Western Michigan Broncos,64.0,home,0.7358539026000002,6.4645570812,False,-5.0
2014-01-19,Bowling Green Falcons,69.0,away,0.2641460974,-6.4645570812,True,5.0
2014-01-19,UIC Flames,64.0,home,0.17121715070000001,-10.0010418162,False,-5.0
2014-01-19,Green Bay Phoenix,69.0,away,0.8287828493,10.0010418162,True,5.0
2014-01-19,Charleston Cougars,57.0,home,0.5007728046,0.0184861574,False,-15.0
2014-01-19,Towson Tigers,72.0,away,0.49922719539999993,-0.0184861574,True,15.0
2014-01-19,Notre Dame Fighting Irish,70.0,home,0.8380700967,10.3926752354,True,7.0
2014-01-19,Virginia Tech Hokies,63.0,away,0.1619299033,-10.3926752354,False,-7.0
2014-01-20,Oregon State Beavers,80.0,home,0.2904978474,-6.133925682,True,8.0
2014-01-20,Oregon Ducks,72.0,away,0.7095021526,6.133925682,False,-8.0
2014-01-20,SMU Mustangs,73.0,home,0.9672701236000001,20.4319268711,True,24.0
2014-01-20,Hofstra Pride,49.0,away,0.0327298764,-20.4319268711,False,-24.0
2014-01-19,Iona Gaels,88.0,home,0.8954284755,14.4097402996,True,14.0
2014-01-19,Siena Saints,74.0,away,0.10457152450000001,-14.4097402996,False,-14.0
2014-01-11,Clemson Tigers,72.0,home,0.2103463942,-7.7132950704,True,13.0
2014-01-11,Duke Blue Devils,59.0,away,0.7896536058,7.7132950704,False,-13.0
2014-01-11,Baylor Bears,88.0,home,0.9507313774,17.5405794514,True,26.0
2014-01-11,TCU Horned Frogs,62.0,away,0.0492686226,-17.5405794514,False,-26.0
2014-01-11,Oklahoma Sooners,87.0,home,0.3063571931,-5.9622452292,True,5.0
2014-01-11,Iowa State Cyclones,82.0,away,0.6936428069,5.9622452292,False,-5.0
2014-01-11,Massachusetts Minutemen,73.0,home,0.8367683943,11.2167230229,True,5.0
2014-01-11,St. Bonaventure Bonnies,68.0,away,0.16323160569999998,-11.2167230229,False,-5.0
2014-01-11,West Virginia Mountaineers,72.0,home,0.3915580318,-2.883271667,False,-1.0
2014-01-11,Oklahoma State Cowboys,73.0,away,0.6084419682,2.883271667,True,1.0
2014-01-11,Arkansas Razorbacks,82.0,home,0.5021546287,0.0561892777,False,-2.0
2014-01-11,Florida Gators,84.0,away,0.49784537130000006,-0.0561892777,True,2.0
2014-01-11,Syracuse Orange,57.0,home,0.8368449296,10.1246253731,True,12.0
2014-01-11,North Carolina Tar Heels,45.0,away,0.1631550704,-10.1246253731,False,-12.0
2014-01-11,Vanderbilt Commodores,62.0,home,0.1767887522,-9.7564046454,False,-9.0
2014-01-11,Kentucky Wildcats,71.0,away,0.8232112478000001,9.7564046454,True,9.0
2014-01-11,Kansas Jayhawks,86.0,home,0.8400315863,10.0323844675,True,26.0
2014-01-11,Kansas State Wildcats,60.0,away,0.1599684137,-10.0323844675,False,-26.0
2014-01-12,Missouri State Bears,69.0,home,0.240064444,-7.063292258,False,-3.0
2014-01-12,Wichita State Shockers,72.0,away,0.759935556,7.063292258,True,3.0
2014-01-11,Georgia Tech Yellow Jackets,74.0,home,0.5418089356,1.0708811734,True,5.0
2014-01-11,Notre Dame Fighting Irish,69.0,away,0.4581910644,-1.0708811734,False,-5.0
2014-01-11,Brown Bears,91.0,home,0.9966001367,40.0580970529,True,41.0
2014-01-11,Daniel Webster College Fighting Scots,50.0,away,0.0033998633,-40.0580970529,False,-41.0
2014-01-11,Virginia Tech Hokies,59.0,home,0.7160499604,5.5991295226,False,-3.0
2014-01-11,Boston College Eagles,62.0,away,0.2839500396,-5.5991295226,True,3.0
2014-01-11,St. John's Red Storm,67.0,home,0.3532804137,-3.9581713299,False,-7.0
2014-01-11,Villanova Wildcats,74.0,away,0.6467195863,3.9581713299,True,7.0
2014-01-11,Penn State Nittany Lions,76.0,home,0.5344376943,0.9437793682,False,-3.0
2014-01-11,Indiana Hoosiers,79.0,away,0.4655623057,-0.9437793682,True,3.0
2014-01-11,Temple Owls,69.0,home,0.2436698791,-7.7122961833,False,-10.0
2014-01-11,Memphis Tigers,79.0,away,0.7563301209,7.7122961833,True,10.0
2014-01-11,Auburn Tigers,68.0,home,0.3947952643,-2.7116688314,False,-2.0
2014-01-11,Missouri Tigers,70.0,away,0.6052047357,2.7116688314,True,2.0
2014-01-11,Dayton Flyers,59.0,home,0.6376091532,3.5052260019,False,-8.0
2014-01-11,Saint Louis Billikens,67.0,away,0.3623908468,-3.5052260019,True,8.0
2014-01-11,Pittsburgh Panthers,80.0,home,0.9080593405999999,14.2582770885,True,15.0
2014-01-11,Wake Forest Demon Deacons,65.0,away,0.0919406594,-14.2582770885,False,-15.0
2014-01-11,Central Connecticut Blue Devils,67.0,home,0.7332983357,6.3368823961,False,-8.0
2014-01-11,Saint Francis Red Flash,75.0,away,0.2667016643,-6.3368823961,True,8.0
2014-01-11,VMI Keydets,80.0,home,0.5975629971,2.8126686903,False,-5.0
2014-01-11,Liberty Flames,85.0,away,0.4024370029,-2.8126686903,True,5.0
2014-01-11,Buffalo Bulls,76.0,home,0.521879866,0.5577452814,True,10.0
2014-01-11,Eastern Michigan Eagles,66.0,away,0.478120134,-0.5577452814,False,-10.0
2014-01-11,Indiana State Sycamores,62.0,home,0.9094786560999999,13.8894933785,True,3.0
2014-01-11,Bradley Braves,59.0,away,0.0905213439,-13.8894933785,False,-3.0
2014-01-11,Yale Bulldogs,88.0,home,0.9969375101,38.4322752203,True,39.0
2014-01-11,Baruch College Baruch,49.0,away,0.0030624899,-38.4322752203,False,-39.0
2014-01-11,Harvard Crimson,61.0,home,0.9299862438999998,15.1265278476,True,16.0
2014-01-11,Dartmouth Big Green,45.0,away,0.0700137561,-15.1265278476,False,-16.0
2014-01-11,Bryant Bulldogs,67.0,home,0.5688034248,1.8051573464,False,-4.0
2014-01-11,Robert Morris Colonials,71.0,away,0.4311965752,-1.8051573464,True,4.0
2014-01-11,Georgia Southern Eagles,67.0,home,0.41311596809999995,-2.3116857076,False,-1.0
2014-01-11,Western Carolina Catamounts,68.0,away,0.5868840319,2.3116857076,True,1.0
2014-01-11,South Carolina Gamecocks,68.0,home,0.5001782518,0.0047798995,False,-3.0
2014-01-11,LSU Tigers,71.0,away,0.4998217482,-0.0047798995,True,3.0
2014-01-11,Marquette Golden Eagles,67.0,home,0.8060149357,8.7772363968,True,1.0
2014-01-11,Seton Hall Pirates,66.0,away,0.1939850643,-8.7772363968,False,-1.0
2014-01-11,Cornell Big Red,77.0,home,0.979767976,25.9884636231,True,22.0
2014-01-11,Oberlin Yeomen,55.0,away,0.020232024,-25.9884636231,False,-22.0
2014-01-11,Louisiana Ragin' Cajuns,90.0,home,0.8291194125,11.0567598941,True,20.0
2014-01-11,UT Arlington Mavericks,70.0,away,0.1708805875,-11.0567598941,False,-20.0
2014-01-11,IU Indianapolis Jaguars,64.0,home,0.1341677767,-11.3073275637,False,-23.0
2014-01-11,North Dakota State Bison,87.0,away,0.8658322233,11.3073275637,True,23.0
2014-01-11,Lafayette Leopards,78.0,home,0.39703136180000004,-2.5967584398,False,-11.0
2014-01-11,Boston University Terriers,89.0,away,0.6029686382,2.5967584398,True,11.0
2014-01-11,Drexel Dragons,93.0,home,0.8621640248,10.739573363,True,5.0
2014-01-11,Northeastern Huskies,88.0,away,0.1378359752,-10.739573363,False,-5.0
2014-01-11,Towson Tigers,60.0,home,0.8364369554999999,10.0236542317,True,7.0
2014-01-11,UNC Wilmington Seahawks,53.0,away,0.1635630445,-10.0236542317,False,-7.0
2014-01-11,Colgate Raiders,62.0,home,0.572835243,1.639817802,False,-7.0
2014-01-11,American University Eagles,69.0,away,0.42716475700000006,-1.639817802,True,7.0
2014-01-11,Bucknell Bison,61.0,home,0.690768906,4.8896604704,True,4.0
2014-01-11,Holy Cross Crusaders,57.0,away,0.309231094,-4.8896604704,False,-4.0
2014-01-11,North Texas Mean Green,62.0,home,0.7782397684,7.9573038547,False,-11.0
2014-01-11,Tulane Green Wave,73.0,away,0.2217602316,-7.9573038547,True,11.0
2014-01-11,Mount St. Mary's Mountaineers,88.0,home,0.379246019,-3.2287343553,True,6.0
2014-01-11,St. Francis Brooklyn Terriers,82.0,away,0.620753981,3.2287343553,False,-6.0
2014-01-11,Sacred Heart Pioneers,71.0,home,0.7891614941,8.1473813775,True,4.0
2014-01-11,Fairleigh Dickinson Knights,67.0,away,0.2108385059,-8.1473813775,False,-4.0
2014-01-11,Michigan State Spartans,87.0,home,0.9138502105,14.8676148159,True,12.0
2014-01-11,Minnesota Golden Gophers,75.0,away,0.08614978950000002,-14.8676148159,False,-12.0
2014-01-11,New Orleans Privateers,55.0,home,0.7493103472,7.9172558837,False,-23.0
2014-01-11,Incarnate Word Cardinals,78.0,away,0.2506896528,-7.9172558837,True,23.0
2014-01-11,UNC Asheville Bulldogs,84.0,home,0.9093011758,13.5057692974,True,14.0
2014-01-11,Presbyterian Blue Hose,70.0,away,0.09069882420000001,-13.5057692974,False,-14.0
2014-01-11,Winthrop Eagles,85.0,home,0.1987868478,-8.9884942609,True,17.0
2014-01-11,Charleston Southern Buccaneers,68.0,away,0.8012131522,8.9884942609,False,-17.0
2014-01-11,Miami (OH) RedHawks,77.0,home,0.4140958382,-2.1299257509,False,-1.0
2014-01-11,Western Michigan Broncos,78.0,away,0.5859041618,2.1299257509,True,1.0
2014-01-11,George Washington Revolutionaries,69.0,home,0.9032318318,14.0935940091,True,13.0
2014-01-11,Rhode Island Rams,56.0,away,0.0967681682,-14.0935940091,False,-13.0
2014-01-11,UMBC Retrievers,79.0,home,0.6954875700999998,5.9462639706,True,3.0
2014-01-11,Maine Black Bears,76.0,away,0.3045124299,-5.9462639706,False,-3.0
2014-01-11,Jacksonville Dolphins,76.0,home,0.429226973,-1.8325516009,True,7.0
2014-01-11,Florida Gulf Coast Eagles,69.0,away,0.570773027,1.8325516009,False,-7.0
2014-01-11,North Dakota Fighting Hawks,60.0,home,0.5250642293,0.6352180845,False,-12.0
2014-01-11,Weber State Wildcats,72.0,away,0.4749357707,-0.6352180845,True,12.0
2014-01-11,SE Louisiana Lions,85.0,home,0.6701147492,4.2471723077,True,8.0
2014-01-11,Abilene Christian Wildcats,77.0,away,0.3298852508,-4.2471723077,False,-8.0
2014-01-11,Georgia Bulldogs,66.0,home,0.4428109141,-1.3486181161,True,8.0
2014-01-11,Alabama Crimson Tide,58.0,away,0.5571890859,1.3486181161,False,-8.0
2014-01-11,Mississippi State Bulldogs,76.0,home,0.3058914655,-5.5038427156,True,4.0
2014-01-11,Ole Miss Rebels,72.0,away,0.6941085345000001,5.5038427156,False,-4.0
2014-01-11,Columbia Lions,104.0,home,0.9984359064999999,40.3239207293,True,26.0
2014-01-11,Central Penn Knights,78.0,away,0.0015640935,-40.3239207293,False,-26.0
2014-01-11,Pacific Tigers,80.0,home,0.5863034953,2.151659524,True,12.0
2014-01-11,Santa Clara Broncos,68.0,away,0.4136965047,-2.151659524,False,-12.0
2014-01-11,Hofstra Pride,75.0,home,0.6621011559,3.9215871451,True,4.0
2014-01-11,Charleston Cougars,71.0,away,0.3378988441,-3.9215871451,False,-4.0
2014-01-11,South Carolina Upstate Spartans,84.0,home,0.8336718048,10.5461661408,True,14.0
2014-01-11,Lipscomb Bisons,70.0,away,0.16632819520000003,-10.5461661408,False,-14.0
2014-01-11,UTSA Roadrunners,85.0,home,0.1275103082,-12.6489593962,True,8.0
2014-01-11,Charlotte 49ers,77.0,away,0.8724896918,12.6489593962,False,-8.0
2014-01-11,Loyola Maryland Greyhounds,72.0,home,0.41956463139999994,-2.0417418955,True,4.0
2014-01-11,Lehigh Mountain Hawks,68.0,away,0.5804353686,2.0417418955,False,-4.0
2014-01-11,Navy Midshipmen,55.0,home,0.6286411968,3.2394898137,False,-5.0
2014-01-11,Army Black Knights,60.0,away,0.3713588032,-3.2394898137,True,5.0
2014-01-11,James Madison Dukes,74.0,home,0.3159033681,-5.1270143965,False,-4.0
2014-01-11,Delaware Blue Hens,78.0,away,0.6840966319,5.1270143965,True,4.0
2014-01-11,Morgan State Bears,73.0,home,0.8596884075,11.8266271803,True,17.0
2014-01-11,South Carolina State Bulldogs,56.0,away,0.1403115925,-11.8266271803,False,-17.0
2014-01-11,East Tennessee State Buccaneers,74.0,home,0.8199707399,9.2907591071,True,9.0
2014-01-11,Northern Kentucky Norse,65.0,away,0.1800292601,-9.2907591071,False,-9.0
2014-01-11,Coppin State Eagles,53.0,home,0.6870971674,4.9092265399,False,-22.0
2014-01-11,Savannah State Tigers,75.0,away,0.3129028326,-4.9092265399,True,22.0
2014-01-11,Binghamton Bearcats,59.0,home,0.5981459756,2.4315542761,False,-12.0
2014-01-11,UMass Lowell River Hawks,71.0,away,0.40185402440000006,-2.4315542761,True,12.0
2014-01-11,Wagner Seahawks,84.0,home,0.8281129364,10.5473267291,True,14.0
2014-01-11,Long Island University Sharks,70.0,away,0.1718870636,-10.5473267291,False,-14.0
2014-01-11,Southern Illinois Salukis,69.0,home,0.6372804628,3.5662844089,False,-6.0
2014-01-11,Evansville Purple Aces,75.0,away,0.3627195372,-3.5662844089,True,6.0
2014-01-11,Bethune-Cookman Wildcats,67.0,home,0.5232965092,0.558141783,False,-3.0
2014-01-11,North Carolina A&T Aggies,70.0,away,0.4767034908,-0.558141783,True,3.0
2014-01-11,Delaware State Hornets,60.0,home,0.4474379335,-1.2637793156,False,-13.0
2014-01-11,Hampton Pirates,73.0,away,0.5525620665,1.2637793156,True,13.0
2014-01-11,Maryland Eastern Shore Hawks,62.0,home,0.4401235206,-1.5027935782,False,-4.0
2014-01-11,Norfolk State Spartans,66.0,away,0.5598764794,1.5027935782,True,4.0
2014-01-11,Sam Houston Bearkats,88.0,home,0.8869305861,12.8563657506,True,27.0
2014-01-11,Nicholls Colonels,61.0,away,0.1130694139,-12.8563657506,False,-27.0
2014-01-11,South Dakota Coyotes,59.0,home,0.3269599615,-4.1405158323,True,5.0
2014-01-11,Denver Pioneers,54.0,away,0.6730400385,4.1405158323,False,-5.0
2014-01-11,Longwood Lancers,67.0,home,0.4273475571,-1.7576982215,False,-8.0
2014-01-11,Campbell Fighting Camels,75.0,away,0.5726524429,1.7576982215,True,8.0
2014-01-11,NC State Wolfpack,45.0,home,0.3144687491,-4.6811806777,False,-31.0
2014-01-11,Virginia Cavaliers,76.0,away,0.6855312509,4.6811806777,True,31.0
2014-01-11,Jacksonville State Gamecocks,48.0,home,0.7429332873,5.9549185864,False,-8.0
2014-01-11,Eastern Illinois Panthers,56.0,away,0.2570667127,-5.9549185864,True,8.0
2014-01-11,UT Martin Skyhawks,72.0,home,0.1243988559,-13.0699810709,False,-15.0
2014-01-11,Belmont Bruins,87.0,away,0.8756011441,13.0699810709,True,15.0
2014-01-11,Eastern Washington Eagles,77.0,home,0.6890088979,5.2299567719,True,5.0
2014-01-11,Montana State Bobcats,72.0,away,0.3109911021,-5.2299567719,False,-5.0
2014-01-11,Saint Mary's Gaels,88.0,home,0.8867257976,12.2999560801,True,15.0
2014-01-11,San Francisco Dons,73.0,away,0.11327420240000001,-12.2999560801,False,-15.0
2014-01-11,Tennessee Volunteers,56.0,home,0.8932213918,12.0824110573,False,-1.0
2014-01-11,Texas A&M Aggies,57.0,away,0.1067786082,-12.0824110573,True,1.0
2014-01-11,Toledo Rockets,86.0,home,0.8440361950999999,10.8909081732,True,15.0
2014-01-11,Central Michigan Chippewas,71.0,away,0.1559638049,-10.8909081732,False,-15.0
2014-01-11,UL Monroe Warhawks,36.0,home,0.8022777154,7.9362485822,False,-25.0
2014-01-11,Texas State Bobcats,61.0,away,0.19772228460000002,-7.9362485822,True,25.0
2014-01-11,Pennsylvania Quakers,77.0,home,0.3148491475,-4.9530328424,True,3.0
2014-01-11,Princeton Tigers,74.0,away,0.6851508525,4.9530328424,False,-3.0
2014-01-11,Florida A&M Rattlers,63.0,home,0.2481459257,-7.217937742,True,3.0
2014-01-11,North Carolina Central Eagles,60.0,away,0.7518540743,7.217937742,False,-3.0
2014-01-11,Alabama State Hornets,93.0,home,0.7570528259,8.0626056215,True,31.0
2014-01-11,Mississippi Valley State Delta Devils,62.0,away,0.2429471741,-8.0626056215,False,-31.0
2014-01-11,Middle Tennessee Blue Raiders,89.0,home,0.7491158213999999,7.0267146304,True,5.0
2014-01-11,UAB Blazers,84.0,away,0.2508841786,-7.0267146304,False,-5.0
2014-01-11,Cincinnati Bearcats,71.0,home,0.9445441581,17.9278185947,True,20.0
2014-01-11,Rutgers Scarlet Knights,51.0,away,0.0554558419,-17.9278185947,False,-20.0
2014-01-11,UConn Huskies,84.0,home,0.9140412262,15.1832550919,True,23.0
2014-01-11,UCF Knights,61.0,away,0.0859587738,-15.1832550919,False,-23.0
2014-01-11,Kansas City Roos,66.0,home,0.7387413726,7.1777603744,False,-2.0
2014-01-11,Chicago State Cougars,68.0,away,0.2612586274,-7.1777603744,True,2.0
2014-01-11,Southeast Missouri State Redhawks,102.0,home,0.8449969599,11.380025456,True,8.0
2014-01-11,Tennessee State Tigers,94.0,away,0.1550030401,-11.380025456,False,-8.0
2014-01-12,Samford Bulldogs,57.0,home,0.7184873364,5.5967268003,True,2.0
2014-01-12,Furman Paladins,55.0,away,0.2815126636,-5.5967268003,False,-2.0
2014-01-11,Alcorn State Braves,64.0,home,0.3986677065,-2.5146340876,True,13.0
2014-01-11,Jackson State Tigers,51.0,away,0.6013322935,2.5146340876,False,-13.0
2014-01-12,Elon Phoenix,74.0,home,0.9458721531,18.4359207538,True,9.0
2014-01-12,The Citadel Bulldogs,65.0,away,0.0541278469,-18.4359207538,False,-9.0
2014-01-12,Davidson Wildcats,78.0,home,0.9070578417,14.9477765575,True,12.0
2014-01-12,App State Mountaineers,66.0,away,0.0929421583,-14.9477765575,False,-12.0
2014-01-12,Chattanooga Mocs,70.0,home,0.4803275175,-0.4947603461,True,1.0
2014-01-12,Wofford Terriers,69.0,away,0.5196724825,0.4947603461,False,-1.0
2014-01-12,Kent State Golden Flashes,86.0,home,0.8908393248,13.2191947294,True,12.0
2014-01-12,Ball State Cardinals,74.0,away,0.1091606752,-13.2191947294,False,-12.0
2014-01-12,Detroit Mercy Titans,69.0,home,0.6651181705,4.332336208,False,-8.0
2014-01-12,Oakland Golden Grizzlies,77.0,away,0.3348818295,-4.332336208,True,8.0
2014-01-12,Fordham Rams,74.0,home,0.3226091609,-4.7958934301,False,-3.0
2014-01-12,Richmond Spiders,77.0,away,0.6773908390999999,4.7958934301,True,3.0
2014-01-12,Oral Roberts Golden Eagles,93.0,home,0.9001797749000001,15.0838980132,True,13.0
2014-01-12,Central Arkansas Bears,80.0,away,0.0998202251,-15.0838980132,False,-13.0
2014-01-12,Butler Bulldogs,67.0,home,0.4518542481,-1.1605712802,False,-3.0
2014-01-12,Georgetown Hoyas,70.0,away,0.5481457519,1.1605712802,True,3.0
2014-01-12,Vermont Catamounts,68.0,home,0.7082907827,5.0039322874,True,30.0
2014-01-12,UAlbany Great Danes,38.0,away,0.2917092173,-5.0039322874,False,-30.0
2014-01-12,Long Beach State Beach,99.0,home,0.8069134619,8.8509595982,True,25.0
2014-01-12,UC Davis Aggies,74.0,away,0.19308653810000004,-8.8509595982,False,-25.0
2014-01-12,Purdue Fort Wayne Mastodons,82.0,home,0.7781530929999999,7.9838960275,True,7.0
2014-01-12,South Dakota State Jackrabbits,75.0,away,0.221846907,-7.9838960275,False,-7.0
2014-01-12,UC Santa Barbara Gauchos,64.0,home,0.7810341916,6.8394142658,False,-8.0
2014-01-12,Cal Poly Mustangs,72.0,away,0.2189658084,-6.8394142658,True,8.0
2014-01-12,North Florida Ospreys,74.0,home,0.8532849409,10.869122834,True,14.0
2014-01-12,Stetson Hatters,60.0,away,0.1467150591,-10.869122834,False,-14.0
2014-01-12,Lamar Cardinals,59.0,home,0.5671483316,1.8268329491,False,-15.0
2014-01-12,McNeese Cowboys,74.0,away,0.4328516684,-1.8268329491,True,15.0
2014-01-12,Gardner-Webb Runnin' Bulldogs,69.0,home,0.6964761193,5.4268432936,False,-12.0
2014-01-12,Coastal Carolina Chanticleers,81.0,away,0.3035238807,-5.4268432936,True,12.0
2014-01-12,Alabama A&M Bulldogs,64.0,home,0.7119524276,5.7192432048,False,-8.0
2014-01-12,Arkansas-Pine Bluff Golden Lions,72.0,away,0.2880475724,-5.7192432048,True,8.0
2014-01-12,Texas A&M-Corpus Christi Islanders,70.0,home,0.2400246502,-6.6291450648,False,-10.0
2014-01-12,Stephen F. Austin Lumberjacks,80.0,away,0.7599753497999999,6.6291450648,True,10.0
2014-01-12,East Carolina Pirates,70.0,home,0.7181806068000001,5.9022081862,False,-11.0
2014-01-12,Old Dominion Monarchs,81.0,away,0.2818193932,-5.9022081862,True,11.0
2014-01-12,Morehead State Eagles,65.0,home,0.4810181265,-0.5121378058,False,-11.0
2014-01-12,Eastern Kentucky Colonels,76.0,away,0.5189818735,0.5121378058,True,11.0
2014-01-12,Oregon State Beavers,83.0,home,0.3718877608,-3.3985153417,False,-5.0
2014-01-12,California Golden Bears,88.0,away,0.6281122392,3.3985153417,True,5.0
2014-01-12,George Mason Patriots,80.0,home,0.4881535074,-0.2967291331,False,-4.0
2014-01-12,Saint Joseph's Hawks,84.0,away,0.5118464926,0.2967291331,True,4.0
2014-01-12,Arkansas State Red Wolves,72.0,home,0.8322916687,10.2333933769,True,12.0
2014-01-12,South Alabama Jaguars,60.0,away,0.16770833129999999,-10.2333933769,False,-12.0
2014-01-12,Nevada Wolf Pack,62.0,home,0.3949842837,-2.4399645784,True,8.0
2014-01-12,Utah State Aggies,54.0,away,0.6050157163,2.4399645784,False,-8.0
2014-01-12,Western Illinois Leathernecks,79.0,home,0.4931467985,-0.1790979854,True,7.0
2014-01-12,Omaha Mavericks,72.0,away,0.5068532015,0.1790979854,False,-7.0
2014-01-12,Northern Iowa Panthers,76.0,home,0.7332554618,6.0455273551,True,10.0
2014-01-12,Drake Bulldogs,66.0,away,0.2667445382,-6.0455273551,False,-10.0
2014-01-12,Little Rock Trojans,62.0,home,0.7674148353,7.5059767515,False,-13.0
2014-01-12,Troy Trojans,75.0,away,0.2325851647,-7.5059767515,True,13.0
2014-01-12,UT Rio Grande Valley Vaqueros,46.0,home,0.41644188829999995,-2.1398140276,False,-18.0
2014-01-12,Seattle U Redhawks,64.0,away,0.5835581117,2.1398140276,True,18.0
2014-01-12,New Mexico State Aggies,78.0,home,0.938269004,17.0163321341,True,24.0
2014-01-12,Idaho Vandals,54.0,away,0.061730996,-17.0163321341,False,-24.0
2014-01-12,Rice Owls,68.0,home,0.5183076575,0.4345104526,False,-5.0
2014-01-12,Florida Atlantic Owls,73.0,away,0.4816923424999999,-0.4345104526,True,5.0
2014-01-12,Texas Longhorns,67.0,home,0.8012495273,8.9282015136,True,3.0
2014-01-12,Texas Tech Red Raiders,64.0,away,0.19875047270000004,-8.9282015136,False,-3.0
2014-01-12,Illinois State Redbirds,59.0,home,0.7065833268,5.4303667616,True,9.0
2014-01-12,Loyola Chicago Ramblers,50.0,away,0.2934166732,-5.4303667616,False,-9.0
2014-01-12,Houston Christian Huskies,98.0,home,0.328882033,-5.38997045,True,1.0
2014-01-12,Northwestern State Demons,97.0,away,0.671117967,5.38997045,False,-1.0
2014-01-12,Southern Jaguars,73.0,home,0.993324469,33.0798129564,True,24.0
2014-01-12,Grambling Tigers,49.0,away,0.006675531,-33.0798129564,False,-24.0
2014-01-12,San Diego Toreros,65.0,home,0.6851323360000001,4.6061898184,False,-4.0
2014-01-12,Pepperdine Waves,69.0,away,0.314867664,-4.6061898184,True,4.0
2014-01-12,Colorado State Rams,76.0,home,0.7814619591,8.1062018982,True,19.0
2014-01-12,Fresno State Bulldogs,57.0,away,0.2185380409,-8.1062018982,False,-19.0
2014-01-12,Louisiana Tech Bulldogs,85.0,home,0.9616744617999999,21.5574676199,True,34.0
2014-01-12,Florida International Panthers,51.0,away,0.0383255382,-21.5574676199,False,-34.0
2014-01-12,Murray State Racers,89.0,home,0.686008871,5.2527859341,True,22.0
2014-01-12,Austin Peay Governors,67.0,away,0.313991129,-5.2527859341,False,-22.0
2014-01-12,BYU Cougars,91.0,home,0.8866279989,15.3413836037,True,23.0
2014-01-12,Loyola Marymount Lions,68.0,away,0.1133720011,-15.3413836037,False,-23.0
2014-01-12,Boise State Broncos,50.0,home,0.8369501445,9.4201540578,False,-2.0
2014-01-12,Wyoming Cowboys,52.0,away,0.1630498555,-9.4201540578,True,2.0
2014-01-12,Tennessee Tech Golden Eagles,64.0,home,0.8973588617,14.0222280515,True,1.0
2014-01-12,SIU Edwardsville Cougars,63.0,away,0.10264113830000002,-14.0222280515,False,-1.0
2014-01-12,Utah Valley Wolverines,65.0,home,0.8024976204,8.4147076536,True,7.0
2014-01-12,Grand Canyon Lopes,58.0,away,0.1975023796,-8.4147076536,False,-7.0
2014-01-12,UTEP Miners,66.0,home,0.7694973809,7.9469454756,True,10.0
2014-01-12,Marshall Thundering Herd,56.0,away,0.2305026191,-7.9469454756,False,-10.0
2014-01-12,Northern Colorado Bears,82.0,home,0.7776971293,7.6486621879,True,7.0
2014-01-12,Idaho State Bengals,75.0,away,0.2223028707,-7.6486621879,False,-7.0
2014-01-12,San José State Spartans,65.0,home,0.2059395582,-8.35708287,False,-4.0
2014-01-12,New Mexico Lobos,69.0,away,0.7940604417999999,8.35708287,True,4.0
2014-01-12,Cal State Northridge Matadors,79.0,home,0.4197180561,-2.1237022645,True,1.0
2014-01-12,Hawai'i Rainbow Warriors,78.0,away,0.5802819439,2.1237022645,False,-1.0
2014-01-12,Texas Southern Tigers,87.0,home,0.9190232942000001,15.8308116031,True,4.0
2014-01-12,Prairie View A&M Panthers,83.0,away,0.0809767058,-15.8308116031,False,-4.0
2014-01-12,Southern Utah Thunderbirds,49.0,home,0.4271440501,-1.668600684,False,-28.0
2014-01-12,Sacramento State Hornets,77.0,away,0.5728559499,1.668600684,True,28.0
2014-01-12,Portland State Vikings,81.0,home,0.4797541477999999,-0.4690595589,True,3.0
2014-01-12,Montana Grizzlies,78.0,away,0.5202458522,0.4690595589,False,-3.0
2014-01-12,UC Riverside Highlanders,52.0,home,0.2758112347,-6.1423666304,False,-20.0
2014-01-12,UC Irvine Anteaters,72.0,away,0.7241887652999999,6.1423666304,True,20.0
2014-01-17,Memphis Tigers,73.0,home,0.7738429036,7.9122737417,False,-10.0
2014-01-17,UConn Huskies,83.0,away,0.22615709640000003,-7.9122737417,True,10.0
2014-01-17,Minnesota Golden Gophers,63.0,home,0.2498377402,-6.6761779696,True,10.0
2014-01-17,Ohio State Buckeyes,53.0,away,0.7501622598000001,6.6761779696,False,-10.0
2014-01-17,Davidson Wildcats,85.0,home,0.6231815062,3.3191895894,False,-2.0
2014-01-17,Elon Phoenix,87.0,away,0.37681849379999993,-3.3191895894,True,2.0
2014-01-17,App State Mountaineers,70.0,home,0.4544273612,-1.2347835608,False,-10.0
2014-01-17,Chattanooga Mocs,80.0,away,0.5455726388,1.2347835608,True,10.0
2014-01-17,Georgia Southern Eagles,88.0,home,0.8281752543,9.7107605901,True,7.0
2014-01-17,Furman Paladins,81.0,away,0.1718247457,-9.7107605901,False,-7.0
2014-01-17,Louisville Cardinals,91.0,home,0.981794549,25.6897287149,True,39.0
2014-01-17,Houston Cougars,52.0,away,0.018205451,-25.6897287149,False,-39.0
2014-01-17,Colorado Buffaloes,56.0,home,0.5721300262,1.9544522539,False,-13.0
2014-01-17,UCLA Bruins,69.0,away,0.4278699738,-1.9544522539,True,13.0
2014-01-17,Arizona Wildcats,91.0,home,0.8062349374,9.1289148047,True,23.0
2014-01-17,Arizona State Sun Devils,68.0,away,0.19376506259999998,-9.1289148047,False,-23.0
2014-01-17,UNC Greensboro Spartans,69.0,home,0.7964228479,8.8196803245,True,4.0
2014-01-17,The Citadel Bulldogs,65.0,away,0.2035771521,-8.8196803245,False,-4.0
2014-01-16,Cleveland State Vikings,86.0,home,0.8352786091,9.7138142595,True,10.0
2014-01-16,Oakland Golden Grizzlies,76.0,away,0.1647213909,-9.7138142595,False,-10.0
2014-01-17,Maine Black Bears,46.0,home,0.1880501506,-9.8622212021,False,-37.0
2014-01-17,Vermont Catamounts,83.0,away,0.8119498493999999,9.8622212021,True,37.0
2014-01-17,Vanderbilt Commodores,78.0,home,0.5080226841,0.2005203198,True,3.0
2014-01-17,Missouri Tigers,75.0,away,0.4919773159,-0.2005203198,False,-3.0
2014-01-17,St. John's Red Storm,83.0,home,0.6886621144,4.8508619999,False,-1.0
2014-01-17,Providence Friars,84.0,away,0.3113378856,-4.8508619999,True,1.0
2014-01-17,Eastern Kentucky Colonels,74.0,home,0.6981150782000001,5.3325398911,True,11.0
2014-01-17,Belmont Bruins,63.0,away,0.3018849218,-5.3325398911,False,-11.0
2014-01-17,Morehead State Eagles,80.0,home,0.7317949984,7.152338737,True,13.0
2014-01-17,Southeast Missouri State Redhawks,67.0,away,0.2682050016,-7.152338737,False,-13.0
2014-01-17,North Carolina Central Eagles,71.0,home,0.9228516034,15.1987462882,True,16.0
2014-01-17,NJIT Highlanders,55.0,away,0.0771483966,-15.1987462882,False,-16.0
2014-01-17,Quinnipiac Bobcats,70.0,home,0.8630622982,12.2833461761,True,9.0
2014-01-17,Monmouth Hawks,61.0,away,0.1369377018,-12.2833461761,False,-9.0
2014-01-17,Georgia State Panthers,73.0,home,0.7617413586,7.4501884365,True,1.0
2014-01-17,Arkansas State Red Wolves,72.0,away,0.2382586414,-7.4501884365,False,-1.0
2014-01-17,Manhattan Jaspers,90.0,home,0.9170701867999999,16.1284786479,True,22.0
2014-01-17,Siena Saints,68.0,away,0.0829298132,-16.1284786479,False,-22.0
2014-01-17,Marshall Thundering Herd,65.0,home,0.8091211396999999,10.2002034001,False,-15.0
2014-01-17,North Texas Mean Green,80.0,away,0.1908788603,-10.2002034001,True,15.0
2014-01-17,Florida Atlantic Owls,78.0,home,0.5326817126,0.8139410518,True,11.0
2014-01-17,East Carolina Pirates,67.0,away,0.4673182874,-0.8139410518,False,-11.0
2014-01-17,Florida International Panthers,36.0,home,0.572159338,1.7703712103,False,-16.0
2014-01-17,Old Dominion Monarchs,52.0,away,0.427840662,-1.7703712103,True,16.0
2014-01-17,Charlotte 49ers,90.0,home,0.7743602816,8.3499489648,True,4.0
2014-01-17,Tulsa Golden Hurricane,86.0,away,0.2256397184,-8.3499489648,False,-4.0
2014-01-17,Stetson Hatters,64.0,home,0.3336951306,-4.2393870677,True,6.0
2014-01-17,East Tennessee State Buccaneers,58.0,away,0.6663048694,4.2393870677,False,-6.0
2014-01-17,Mount St. Mary's Mountaineers,89.0,home,0.4135403331,-2.3820142885,True,9.0
2014-01-17,Wagner Seahawks,80.0,away,0.5864596669,2.3820142885,False,-9.0
2014-01-17,Long Island University Sharks,67.0,home,0.7633697128,7.3424711844,False,-22.0
2014-01-17,Fairleigh Dickinson Knights,89.0,away,0.2366302872,-7.3424711844,True,22.0
2014-01-17,Florida Gulf Coast Eagles,63.0,home,0.5187843421,0.4536378818,True,3.0
2014-01-17,South Carolina Upstate Spartans,60.0,away,0.4812156579,-0.4536378818,False,-3.0
2014-01-17,Northern Kentucky Norse,58.0,home,0.11465076849999999,-11.6436117937,False,-16.0
2014-01-17,Mercer Bears,74.0,away,0.8853492315,11.6436117937,True,16.0
2014-01-17,Lipscomb Bisons,88.0,home,0.8389338581,10.8370924652,True,5.0
2014-01-17,Kennesaw State Owls,83.0,away,0.1610661419,-10.8370924652,False,-5.0
2014-01-17,Robert Morris Colonials,73.0,home,0.9178162010000002,14.3965985556,True,5.0
2014-01-17,Saint Francis Red Flash,68.0,away,0.082183799,-14.3965985556,False,-5.0
2014-01-17,Central Connecticut Blue Devils,66.0,home,0.2948633334,-5.8124782845,False,-10.0
2014-01-17,St. Francis Brooklyn Terriers,76.0,away,0.7051366666,5.8124782845,True,10.0
2014-01-17,Bryant Bulldogs,85.0,home,0.8142940692,9.6943370127,True,15.0
2014-01-17,Sacred Heart Pioneers,70.0,away,0.18570593080000003,-9.6943370127,False,-15.0
2014-01-17,Rider Broncs,69.0,home,0.7730100978,7.4666334138,False,-8.0
2014-01-17,Saint Peter's Peacocks,77.0,away,0.22698990220000004,-7.4666334138,True,8.0
2014-01-17,UIC Flames,63.0,home,0.3824023808,-3.0572361291,False,-4.0
2014-01-17,Milwaukee Panthers,67.0,away,0.6175976192,3.0572361291,True,4.0
2014-01-17,Western Kentucky Hilltoppers,83.0,home,0.798845799,8.7150032423,False,-4.0
2014-01-17,Little Rock Trojans,87.0,away,0.201154201,-8.7150032423,True,4.0
2014-01-17,Eastern Illinois Panthers,66.0,home,0.3048842171,-5.0598251899,False,-4.0
2014-01-17,Murray State Racers,70.0,away,0.6951157829,5.0598251899,True,4.0
2014-01-17,South Dakota State Jackrabbits,64.0,home,0.6975829496,4.9371549233,True,9.0
2014-01-17,Western Illinois Leathernecks,55.0,away,0.3024170504,-4.9371549233,False,-9.0
2014-01-17,SIU Edwardsville Cougars,71.0,home,0.3823203485000001,-3.2445667521,True,4.0
2014-01-17,Austin Peay Governors,67.0,away,0.6176796515,3.2445667521,False,-4.0
2014-01-17,Jacksonville State Gamecocks,70.0,home,0.6582684458,3.8508146408,True,6.0
2014-01-17,Tennessee State Tigers,64.0,away,0.3417315542,-3.8508146408,False,-6.0
2014-01-17,South Dakota Coyotes,69.0,home,0.738587701,6.6329567442,True,12.0
2014-01-17,IU Indianapolis Jaguars,57.0,away,0.261412299,-6.6329567442,False,-12.0
2014-01-17,North Dakota State Bison,91.0,home,0.9072967716,15.167581474,True,22.0
2014-01-17,Omaha Mavericks,69.0,away,0.0927032284,-15.167581474,False,-22.0
2014-01-17,UAB Blazers,78.0,home,0.9611287511,20.8378694227,True,13.0
2014-01-17,UTSA Roadrunners,65.0,away,0.0388712489,-20.8378694227,False,-13.0
2014-01-17,Chicago State Cougars,86.0,home,0.1139833508,-13.5434175205,True,5.0
2014-01-17,New Mexico State Aggies,81.0,away,0.8860166492,13.5434175205,False,-5.0
2014-01-17,Middle Tennessee Blue Raiders,54.0,home,0.8429537674,10.3066261694,False,-9.0
2014-01-17,UTEP Miners,63.0,away,0.1570462326,-10.3066261694,True,9.0
2014-01-17,Southern Miss Golden Eagles,84.0,home,0.9747530564,21.3917250245,True,22.0
2014-01-17,Rice Owls,62.0,away,0.0252469436,-21.3917250245,False,-22.0
2014-01-17,South Alabama Jaguars,81.0,home,0.3061847946,-5.4298619845,True,8.0
2014-01-17,Louisiana Ragin' Cajuns,73.0,away,0.6938152054,5.4298619845,False,-8.0
2014-01-17,Northwestern State Demons,58.0,home,0.3138807053,-5.5706511228,False,-16.0
2014-01-17,Stephen F. Austin Lumberjacks,74.0,away,0.6861192946999999,5.5706511228,True,16.0
2014-01-17,Kansas City Roos,66.0,home,0.7135862591,6.120109669,False,-12.0
2014-01-17,UT Rio Grande Valley Vaqueros,78.0,away,0.2864137409,-6.120109669,True,12.0
2014-01-17,SE Louisiana Lions,78.0,home,0.2460514911,-7.0335603443,False,-7.0
2014-01-17,Sam Houston Bearkats,85.0,away,0.7539485089,7.0335603443,True,7.0
2014-01-17,McNeese Cowboys,61.0,home,0.5958073908,2.3364684716,False,-16.0
2014-01-17,Texas A&M-Corpus Christi Islanders,77.0,away,0.4041926092,-2.3364684716,True,16.0
2014-01-17,Nicholls Colonels,66.0,home,0.7742494987,7.8317996965,True,2.0
2014-01-17,Houston Christian Huskies,64.0,away,0.22575050129999996,-7.8317996965,False,-2.0
2014-01-17,Abilene Christian Wildcats,59.0,home,0.3675984984999999,-3.2439068332,False,-23.0
2014-01-17,Oral Roberts Golden Eagles,82.0,away,0.6324015015,3.2439068332,True,23.0
2014-01-17,Incarnate Word Cardinals,87.0,home,0.7299448442,7.2867582805,True,15.0
2014-01-17,Central Arkansas Bears,72.0,away,0.2700551558,-7.2867582805,False,-15.0
2014-01-17,Fairfield Stags,63.0,home,0.7339874975,6.9870169868,False,-4.0
2014-01-17,Niagara Purple Eagles,67.0,away,0.2660125025,-6.9870169868,True,4.0
2014-01-17,San Francisco Dons,76.0,home,0.3313273814,-5.0207908815,False,-7.0
2014-01-17,BYU Cougars,83.0,away,0.6686726186,5.0207908815,True,7.0
2014-01-17,Troy Trojans,64.0,home,0.6498832996,3.6186285613,False,-11.0
2014-01-17,UL Monroe Warhawks,75.0,away,0.3501167004,-3.6186285613,True,11.0
2014-01-17,Denver Pioneers,64.0,home,0.7624850133,6.6357158587,False,-3.0
2014-01-17,Purdue Fort Wayne Mastodons,67.0,away,0.2375149867,-6.6357158587,True,3.0
2014-01-17,Northern Arizona Lumberjacks,84.0,home,0.6478726254,3.8714495632,True,19.0
2014-01-17,Eastern Washington Eagles,65.0,away,0.3521273746,-3.8714495632,False,-19.0
2014-01-17,New Orleans Privateers,77.0,home,0.7364388057,7.2794061491,True,22.0
2014-01-17,Lamar Cardinals,55.0,away,0.2635611943,-7.2794061491,False,-22.0
2014-01-17,Tulane Green Wave,45.0,home,0.0573582588,-18.1537290156,False,-28.0
2014-01-17,Louisiana Tech Bulldogs,73.0,away,0.9426417411999999,18.1537290156,True,28.0
2014-01-17,Montana Grizzlies,84.0,home,0.7450707778000001,6.5950799226,True,13.0
2014-01-17,North Dakota Fighting Hawks,71.0,away,0.2549292222,-6.5950799226,False,-13.0
2014-01-17,Montana State Bobcats,70.0,home,0.5222144618,0.5519656477,True,15.0
2014-01-17,Northern Colorado Bears,55.0,away,0.47778553819999997,-0.5519656477,False,-15.0
2014-01-17,Idaho State Bengals,60.0,home,0.9624551335,19.0518015968,True,15.0
2014-01-17,Southern Utah Thunderbirds,45.0,away,0.0375448665,-19.0518015968,False,-15.0
2014-01-17,Loyola Marymount Lions,57.0,home,0.6264890012,3.5264199607,False,-14.0
2014-01-17,Portland Pilots,71.0,away,0.3735109988,-3.5264199607,True,14.0
2014-01-17,Santa Clara Broncos,66.0,home,0.7849302598,7.5395109838,False,-3.0
2014-01-17,San Diego Toreros,69.0,away,0.21506974020000003,-7.5395109838,True,3.0
2014-01-17,Utah Utes,84.0,home,0.9162977520999999,15.5801774555,True,18.0
2014-01-17,USC Trojans,66.0,away,0.0837022479,-15.5801774555,False,-18.0
2014-01-17,UC Irvine Anteaters,72.0,home,0.820412053,9.5430347015,True,18.0
2014-01-17,Cal State Fullerton Titans,54.0,away,0.179587947,-9.5430347015,False,-18.0
2014-01-17,Pepperdine Waves,53.0,home,0.1282073635,-11.8757724418,False,-17.0
2014-01-17,Gonzaga Bulldogs,70.0,away,0.8717926365,11.8757724418,True,17.0
2014-01-17,UC Davis Aggies,69.0,home,0.5659306011,1.7076533326,False,-12.0
2014-01-17,UC Riverside Highlanders,81.0,away,0.4340693989,-1.7076533326,True,12.0
2014-01-17,Cal Poly Mustangs,62.0,home,0.7940686303999999,7.7109926636,True,10.0
2014-01-17,Cal State Northridge Matadors,52.0,away,0.2059313696,-7.7109926636,False,-10.0
2014-01-17,Idaho Vandals,66.0,home,0.5927856303,2.2472965115,False,-5.0
2014-01-17,Utah Valley Wolverines,71.0,away,0.40721436969999997,-2.2472965115,True,5.0
2014-01-17,Seattle U Redhawks,57.0,home,0.6644529863000002,4.1822720642,False,-4.0
2014-01-17,Cal State Bakersfield Roadrunners,61.0,away,0.33554701370000006,-4.1822720642,True,4.0
2014-01-17,Sacramento State Hornets,64.0,home,0.5905246149,2.1184808626,False,-4.0
2014-01-17,Portland State Vikings,68.0,away,0.40947538510000003,-2.1184808626,True,4.0
2014-01-17,UC Santa Barbara Gauchos,64.0,home,0.874202266,11.1345291711,True,13.0
2014-01-17,Long Beach State Beach,51.0,away,0.125797734,-11.1345291711,False,-13.0
2014-01-22,Texas Longhorns,67.0,home,0.6515128209,3.9446526825,True,3.0
2014-01-22,Kansas State Wildcats,64.0,away,0.3484871791,-3.9446526825,False,-3.0
2014-01-22,Michigan State Spartans,71.0,home,0.8961361278999999,14.5493879085,True,5.0
2014-01-22,Indiana Hoosiers,66.0,away,0.1038638721,-14.5493879085,False,-5.0
2014-01-22,Pittsburgh Panthers,76.0,home,0.8539560209,9.5247220313,True,33.0
2014-01-22,Clemson Tigers,43.0,away,0.1460439791,-9.5247220313,False,-33.0
2014-01-22,Florida Atlantic Owls,68.0,home,0.1277218437,-11.5673174387,True,15.0
2014-01-22,Harvard Crimson,53.0,away,0.8722781563,11.5673174387,False,-15.0
2014-01-22,Florida State Seminoles,76.0,home,0.8334052801,10.2613495944,True,2.0
2014-01-22,Notre Dame Fighting Irish,74.0,away,0.1665947199,-10.2613495944,False,-2.0
2014-01-22,LSU Tigers,77.0,home,0.6444924615,3.9062693416,True,6.0
2014-01-22,Missouri Tigers,71.0,away,0.3555075385,-3.9062693416,False,-6.0
2014-01-22,Wright State Raiders,73.0,home,0.7311711493,6.1918444273,True,16.0
2014-01-22,Milwaukee Panthers,57.0,away,0.2688288507,-6.1918444273,False,-16.0
2014-01-22,SMU Mustangs,70.0,home,0.9477194053,18.568160719,True,14.0
2014-01-22,Rutgers Scarlet Knights,56.0,away,0.052280594699999995,-18.568160719,False,-14.0
2014-01-22,UConn Huskies,90.0,home,0.9049534263,14.2231825878,True,24.0
2014-01-22,Temple Owls,66.0,away,0.0950465737,-14.2231825878,False,-24.0
2014-01-22,Kentucky Wildcats,68.0,home,0.9464966568,17.7558004862,True,17.0
2014-01-22,Texas A&M Aggies,51.0,away,0.0535033432,-17.7558004862,False,-17.0
2014-01-22,Boston College Eagles,60.0,home,0.6018798222,2.4752855157,False,-8.0
2014-01-22,Georgia Tech Yellow Jackets,68.0,away,0.3981201778,-2.4752855157,True,8.0
2014-01-22,Providence Friars,65.0,home,0.7560777094,6.5438544766,True,9.0
2014-01-22,Butler Bulldogs,56.0,away,0.2439222906,-6.5438544766,False,-9.0
2014-01-22,New Mexico Lobos,84.0,home,0.5013848579,0.0349381267,True,9.0
2014-01-22,Boise State Broncos,75.0,away,0.4986151421,-0.0349381267,False,-9.0
2014-01-22,Missouri State Bears,64.0,home,0.8263256351,9.7775886536,True,3.0
2014-01-22,Evansville Purple Aces,61.0,away,0.1736743649,-9.7775886536,False,-3.0
2014-01-22,Northwestern Wildcats,63.0,home,0.41599895,-2.0928643312,True,3.0
2014-01-22,Purdue Boilermakers,60.0,away,0.58400105,2.0928643312,False,-3.0
2014-01-22,McNeese Cowboys,79.0,home,0.6110912469,2.8262617567,False,-8.0
2014-01-22,Nicholls Colonels,87.0,away,0.3889087531,-2.8262617567,True,8.0
2014-01-21,Kansas Jayhawks,78.0,home,0.8241967306,9.3908400367,True,10.0
2014-01-21,Baylor Bears,68.0,away,0.1758032694,-9.3908400367,False,-10.0
2014-01-20,Hartford Hawks,69.0,home,0.8407832503,9.6190210949,True,18.0
2014-01-20,UMass Lowell River Hawks,51.0,away,0.1592167497,-9.6190210949,False,-18.0
2014-01-21,Nebraska Cornhuskers,68.0,home,0.130632409,-11.6270970202,True,6.0
2014-01-21,Ohio State Buckeyes,62.0,away,0.869367591,11.6270970202,False,-6.0
2014-01-20,Belmont Bruins,62.0,home,0.8823995829000001,12.66640643,True,9.0
2014-01-20,Fairfield Stags,53.0,away,0.1176004171,-12.66640643,False,-9.0
2014-01-20,UMBC Retrievers,62.0,home,0.160386361,-10.5352415565,False,-19.0
2014-01-20,Stony Brook Seawolves,81.0,away,0.839613639,10.5352415565,True,19.0
2014-01-21,Wofford Terriers,71.0,home,0.591588425,2.2352525753,True,11.0
2014-01-21,Western Carolina Catamounts,60.0,away,0.408411575,-2.2352525753,False,-11.0
2014-01-20,DePaul Blue Demons,74.0,home,0.21423164520000001,-8.4027645212,False,-10.0
2014-01-20,Xavier Musketeers,84.0,away,0.7857683548,8.4027645212,True,10.0
2014-01-21,Villanova Wildcats,68.0,home,0.7269484193,6.222277707,False,-28.0
2014-01-21,Creighton Bluejays,96.0,away,0.2730515807,-6.222277707,True,28.0
2014-01-21,Vermont Catamounts,57.0,home,0.9484929734,16.2472898932,True,17.0
2014-01-21,New Hampshire Wildcats,40.0,away,0.05150702659999999,-16.2472898932,False,-17.0
2014-01-21,North Carolina A&T Aggies,66.0,home,0.6175027814,2.7327039969,True,11.0
2014-01-21,Delaware State Hornets,55.0,away,0.3824972186,-2.7327039969,False,-11.0
2014-01-21,Drexel Dragons,77.0,home,0.6541772534,4.1227101348,False,-13.0
2014-01-21,Delaware Blue Hens,90.0,away,0.3458227466,-4.1227101348,True,13.0
2014-01-21,UAlbany Great Danes,66.0,home,0.9249847697,14.8296675231,True,6.0
2014-01-21,Binghamton Bearcats,60.0,away,0.0750152303,-14.8296675231,False,-6.0
2014-01-21,Grambling Tigers,82.0,home,0.1375398562,-11.7021455961,False,-1.0
2014-01-21,Prairie View A&M Panthers,83.0,away,0.8624601438,11.7021455961,True,1.0
2014-01-21,Boston University Terriers,72.0,home,0.8895483992,13.1066608189,True,14.0
2014-01-21,Loyola Maryland Greyhounds,58.0,away,0.1104516008,-13.1066608189,False,-14.0
2014-01-21,Marist Red Foxes,70.0,home,0.5893676467,2.157714754,True,7.0
2014-01-21,Saint Peter's Peacocks,63.0,away,0.4106323533,-2.157714754,False,-7.0
2014-01-21,Norfolk State Spartans,83.0,home,0.6459988189000001,3.8639255961,True,12.0
2014-01-21,Coppin State Eagles,71.0,away,0.3540011811,-3.8639255961,False,-12.0
2014-01-21,Hampton Pirates,71.0,home,0.7336713635,7.0836599005,False,-9.0
2014-01-21,Morgan State Bears,80.0,away,0.2663286365,-7.0836599005,True,9.0
2014-01-21,Virginia Cavaliers,76.0,home,0.791230443,8.3628481628,True,15.0
2014-01-21,North Carolina Tar Heels,61.0,away,0.208769557,-8.3628481628,False,-15.0
2014-01-21,South Carolina State Bulldogs,69.0,home,0.6577997342,3.8048642866,True,2.0
2014-01-21,Bethune-Cookman Wildcats,67.0,away,0.3422002658,-3.8048642866,False,-2.0
2014-01-21,Savannah State Tigers,79.0,home,0.61820412,3.2228745937,True,11.0
2014-01-21,Florida A&M Rattlers,68.0,away,0.38179588,-3.2228745937,False,-11.0
2014-01-21,Jackson State Tigers,84.0,home,0.5487282858,1.2704332446,True,4.0
2014-01-21,Texas Southern Tigers,80.0,away,0.4512717142,-1.2704332446,False,-4.0
2014-01-21,Weber State Wildcats,65.0,home,0.7862183211,7.5417166799,True,6.0
2014-01-21,Idaho State Bengals,59.0,away,0.2137816789,-7.5417166799,False,-6.0
2014-01-21,Georgetown Hoyas,72.0,home,0.7167293399000001,5.687903131,False,-8.0
2014-01-21,Marquette Golden Eagles,80.0,away,0.2832706601,-5.687903131,True,8.0
2014-01-21,Arkansas-Pine Bluff Golden Lions,45.0,home,0.6461048212,3.5662978172,False,-26.0
2014-01-21,Alcorn State Braves,71.0,away,0.3538951788,-3.5662978172,True,26.0
2014-01-21,NC State Wolfpack,65.0,home,0.5184827708,0.4822208883,True,9.0
2014-01-21,Maryland Terrapins,56.0,away,0.48151722919999995,-0.4822208883,False,-9.0
2014-01-25,Milwaukee Panthers,54.0,home,0.7047755046,5.7423692106,False,-19.0
2014-01-25,Detroit Mercy Titans,73.0,away,0.2952244954,-5.7423692106,True,19.0
2014-01-25,Iona Gaels,95.0,home,0.7408506615,7.2780718217,True,22.0
2014-01-25,Quinnipiac Bobcats,73.0,away,0.2591493385,-7.2780718217,False,-22.0
2014-01-25,Stony Brook Seawolves,67.0,home,0.607550093,2.5730647478,True,3.0
2014-01-25,Vermont Catamounts,64.0,away,0.39244990699999993,-2.5730647478,False,-3.0
2014-01-25,Niagara Purple Eagles,80.0,home,0.6051347524,2.8825339505,True,6.0
2014-01-25,Marist Red Foxes,74.0,away,0.3948652476,-2.8825339505,False,-6.0
2014-01-25,Manhattan Jaspers,67.0,home,0.8733508387,12.8701460715,True,16.0
2014-01-25,Rider Broncs,51.0,away,0.1266491613,-12.8701460715,False,-16.0
2014-01-25,Northern Kentucky Norse,74.0,home,0.5966336507,2.4516283091,False,-1.0
2014-01-25,Lipscomb Bisons,75.0,away,0.4033663492999999,-2.4516283091,True,1.0
2014-01-23,Minnesota Golden Gophers,81.0,home,0.2501799162,-6.4855067654,True,13.0
2014-01-23,Wisconsin Badgers,68.0,away,0.7498200838,6.4855067654,False,-13.0
2014-01-23,Illinois State Redbirds,55.0,home,0.1644518,-10.3487264505,False,-15.0
2014-01-23,Wichita State Shockers,70.0,away,0.8355482,10.3487264505,True,15.0
2014-01-23,Michigan Wolverines,75.0,home,0.6845610083,4.9823998556,True,8.0
2014-01-23,Iowa Hawkeyes,67.0,away,0.3154389917,-4.9823998556,False,-8.0
2014-01-23,Duquesne Dukes,72.0,home,0.24190713810000003,-7.495606209,False,-4.0
2014-01-23,Saint Louis Billikens,76.0,away,0.7580928619000001,7.495606209,True,4.0
2014-01-23,Miami Hurricanes,46.0,home,0.0767827063,-13.9889260588,False,-21.0
2014-01-23,Duke Blue Devils,67.0,away,0.9232172937,13.9889260588,True,21.0
2014-01-23,South Florida Bulls,47.0,home,0.0654550712,-16.9661589934,False,-39.0
2014-01-23,Louisville Cardinals,86.0,away,0.9345449287999998,16.9661589934,True,39.0
2014-01-23,Oklahoma Sooners,77.0,home,0.9201209416,16.5210900541,True,8.0
2014-01-23,TCU Horned Frogs,69.0,away,0.0798790584,-16.5210900541,False,-8.0
2014-01-23,Toledo Rockets,77.0,home,0.9433272814,17.2535561372,True,9.0
2014-01-23,Northern Illinois Huskies,68.0,away,0.0566727186,-17.2535561372,False,-9.0
2014-01-23,San José State Spartans,50.0,home,0.0383524593,-19.9960842463,False,-25.0
2014-01-23,San Diego State Aztecs,75.0,away,0.9616475407,19.9960842463,True,25.0
2014-01-23,Richmond Spiders,58.0,home,0.4782095864,-0.5710862132,True,3.0
2014-01-23,Massachusetts Minutemen,55.0,away,0.5217904136,0.5710862132,False,-3.0
2014-01-23,Ohio Bobcats,56.0,home,0.8661765065,11.6617637454,False,-2.0
2014-01-23,Bowling Green Falcons,58.0,away,0.1338234935,-11.6617637454,True,2.0
2014-01-23,Miami (OH) RedHawks,86.0,home,0.586906117,2.1444254965,True,6.0
2014-01-23,Central Michigan Chippewas,80.0,away,0.413093883,-2.1444254965,False,-6.0
2014-01-23,Eastern Michigan Eagles,68.0,home,0.7094185689,5.5290352626,False,-10.0
2014-01-23,Akron Zips,78.0,away,0.2905814311,-5.5290352626,True,10.0
2014-01-23,Hofstra Pride,77.0,home,0.41521433430000004,-2.0128844618,True,17.0
2014-01-23,William & Mary Tribe,60.0,away,0.5847856657,2.0128844618,False,-17.0
2014-01-23,Saint Joseph's Hawks,61.0,home,0.8582130297,11.0973506644,True,4.0
2014-01-23,Rhode Island Rams,57.0,away,0.1417869703,-11.0973506644,False,-4.0
2014-01-23,Fordham Rams,76.0,home,0.508434629,0.2221910562,True,6.0
2014-01-23,George Mason Patriots,70.0,away,0.4915653709999999,-0.2221910562,False,-6.0
2014-01-23,Towson Tigers,54.0,home,0.7324972018,6.0604961546,False,-3.0
2014-01-23,Northeastern Huskies,57.0,away,0.2675027982,-6.0604961546,True,3.0
2014-01-23,Dayton Flyers,66.0,home,0.5103201183,0.2695940043,False,-14.0
2014-01-23,VCU Rams,80.0,away,0.4896798817,-0.2695940043,True,14.0
2014-01-23,Charleston Cougars,75.0,home,0.7663931482000002,6.936933891,True,5.0
2014-01-23,UNC Wilmington Seahawks,70.0,away,0.23360685179999996,-6.936933891,False,-5.0
2014-01-23,Virginia Tech Hokies,77.0,home,0.4292201182,-1.8304769559,False,-6.0
2014-01-23,Wake Forest Demon Deacons,83.0,away,0.5707798818,1.8304769559,True,6.0
2014-01-23,Bucknell Bison,70.0,home,0.8272855606,9.468866958,True,10.0
2014-01-23,Loyola Maryland Greyhounds,60.0,away,0.1727144394,-9.468866958,False,-10.0
2014-01-23,Canisius Golden Griffins,87.0,home,0.8494703469,11.6620649668,True,13.0
2014-01-23,Niagara Purple Eagles,74.0,away,0.1505296531,-11.6620649668,False,-13.0
2014-01-23,Navy Midshipmen,66.0,home,0.5122156586,0.2904320025,False,-2.0
2014-01-23,Lehigh Mountain Hawks,68.0,away,0.48778434140000004,-0.2904320025,True,2.0
2014-01-23,Presbyterian Blue Hose,72.0,home,0.1564725629,-10.5176517388,False,-12.0
2014-01-23,Coastal Carolina Chanticleers,84.0,away,0.8435274371,10.5176517388,True,12.0
2014-01-23,Longwood Lancers,69.0,home,0.1734710108,-9.6191685615,True,3.0
2014-01-23,Liberty Flames,66.0,away,0.8265289892,9.6191685615,False,-3.0
2014-01-23,UNC Asheville Bulldogs,81.0,home,0.6351616773,3.4895705396,True,15.0
2014-01-23,Winthrop Eagles,66.0,away,0.3648383227,-3.4895705396,False,-15.0
2014-01-23,Lafayette Leopards,58.0,home,0.4357037001,-1.5863784685,False,-1.0
2014-01-23,Holy Cross Crusaders,59.0,away,0.5642962999,1.5863784685,True,1.0
2014-01-23,Gardner-Webb Runnin' Bulldogs,76.0,home,0.3109332351,-5.0331876521,False,-2.0
2014-01-23,Charleston Southern Buccaneers,78.0,away,0.6890667649,5.0331876521,True,2.0
2014-01-23,Colgate Raiders,63.0,home,0.7133628479,5.5734583264,False,-3.0
2014-01-23,Army Black Knights,66.0,away,0.2866371521,-5.5734583264,True,3.0
2014-01-23,VMI Keydets,82.0,home,0.8053232801,10.3492955067,True,2.0
2014-01-23,High Point Panthers,80.0,away,0.1946767199,-10.3492955067,False,-2.0
2014-01-23,Campbell Fighting Camels,65.0,home,0.358574636,-3.4022500719,True,2.0
2014-01-23,Radford Highlanders,63.0,away,0.6414253640000002,3.4022500719,False,-2.0
2014-01-23,North Carolina Central Eagles,84.0,home,0.9303612027,16.0524826681,True,40.0
2014-01-23,North Carolina A&T Aggies,44.0,away,0.0696387973,-16.0524826681,False,-40.0
2014-01-23,Tennessee Volunteers,81.0,home,0.6153411577,3.0436695459,True,7.0
2014-01-23,Arkansas Razorbacks,74.0,away,0.3846588423,-3.0436695459,False,-7.0
2014-01-23,Green Bay Phoenix,83.0,home,0.8705014379000001,12.1009143125,True,14.0
2014-01-23,Oakland Golden Grizzlies,69.0,away,0.1294985621,-12.1009143125,False,-14.0
2014-01-23,American University Eagles,86.0,home,0.6029937216,2.4194564797,True,30.0
2014-01-23,Boston University Terriers,56.0,away,0.3970062784,-2.4194564797,False,-30.0
2014-01-23,Mississippi State Bulldogs,82.0,home,0.5606462835,1.587347754,True,8.0
2014-01-23,Auburn Tigers,74.0,away,0.4393537165,-1.587347754,False,-8.0
2014-01-23,Bradley Braves,69.0,home,0.2364553506,-6.8862732197,True,4.0
2014-01-23,Northern Iowa Panthers,65.0,away,0.7635446494,6.8862732197,False,-4.0
2014-01-23,UIC Flames,64.0,home,0.2149045075,-7.7495110473,False,-10.0
2014-01-23,Cleveland State Vikings,74.0,away,0.7850954924999999,7.7495110473,True,10.0
2014-01-23,Georgia Bulldogs,97.0,home,0.6529731427000001,3.9505969314,True,21.0
2014-01-23,South Carolina Gamecocks,76.0,away,0.3470268573,-3.9505969314,False,-21.0
2014-01-23,Loyola Chicago Ramblers,61.0,home,0.2823754122,-5.423498154,False,-4.0
2014-01-23,Indiana State Sycamores,65.0,away,0.7176245878,5.423498154,True,4.0
2014-01-23,Southern Illinois Salukis,54.0,home,0.3693464101,-3.1782906366,False,-3.0
2014-01-23,Drake Bulldogs,57.0,away,0.6306535899,3.1782906366,True,3.0
2014-01-23,West Virginia Mountaineers,87.0,home,0.8620670867,11.0197550959,True,6.0
2014-01-23,Texas Tech Red Raiders,81.0,away,0.1379329133,-11.0197550959,False,-6.0
2014-01-23,Air Force Falcons,59.0,home,0.3925638723,-2.4462035914,False,-7.0
2014-01-23,Wyoming Cowboys,66.0,away,0.6074361277,2.4462035914,True,7.0
2014-01-23,Mississippi Valley State Delta Devils,72.0,home,0.0918462081,-15.9377579986,True,8.0
2014-01-23,Southern Jaguars,64.0,away,0.9081537919,15.9377579986,False,-8.0
2014-01-23,Vanderbilt Commodores,52.0,home,0.5000568311,0.0014740046,False,-11.0
2014-01-23,Ole Miss Rebels,63.0,away,0.4999431689,-0.0014740046,True,11.0
2014-01-23,USC Trojans,77.0,home,0.1494198612,-11.5532116748,True,8.0
2014-01-23,California Golden Bears,69.0,away,0.8505801388,11.5532116748,False,-8.0
2014-01-23,St. Bonaventure Bonnies,66.0,home,0.550657371,1.2694989561,True,15.0
2014-01-23,La Salle Explorers,51.0,away,0.449342629,-1.2694989561,False,-15.0
2014-01-23,Fresno State Bulldogs,86.0,home,0.5912634455,2.3017221428,False,-10.0
2014-01-23,Nevada Wolf Pack,96.0,away,0.4087365545,-2.3017221428,True,10.0
2014-01-23,Washington State Cougars,55.0,home,0.43349361110000006,-1.5956605854,False,-11.0
2014-01-23,Oregon State Beavers,66.0,away,0.5665063889,1.5956605854,True,11.0
2014-01-23,UNLV Rebels,62.0,home,0.6999898789,5.1021959251,True,20.0
2014-01-23,Utah State Aggies,42.0,away,0.3000101211,-5.1021959251,False,-20.0
2014-01-26,Massachusetts Minutemen,90.0,home,0.9457830739,19.9975630693,True,38.0
2014-01-26,Fordham Rams,52.0,away,0.0542169261,-19.9975630693,False,-38.0
2014-01-26,Green Bay Phoenix,62.0,home,0.8753714436,12.692136631,True,10.0
2014-01-26,Detroit Mercy Titans,52.0,away,0.1246285564,-12.692136631,False,-10.0
2014-01-26,Temple Owls,76.0,home,0.2267644086,-7.6364539094,False,-4.0
2014-01-26,Cincinnati Bearcats,80.0,away,0.7732355914,7.6364539094,True,4.0
2014-01-26,Stony Brook Seawolves,79.0,home,0.9623416698,22.5307917458,True,18.0
2014-01-26,Maine Black Bears,61.0,away,0.0376583302,-22.5307917458,False,-18.0
2014-01-26,Fairfield Stags,56.0,home,0.6408768041,3.5970248056,False,-8.0
2014-01-26,Siena Saints,64.0,away,0.3591231959,-3.5970248056,True,8.0
2014-01-26,Memphis Tigers,80.0,home,0.9578302602,20.6609158387,True,22.0
2014-01-26,South Florida Bulls,58.0,away,0.04216973980000001,-20.6609158387,False,-22.0
2014-01-26,Western Michigan Broncos,62.0,home,0.8898938717,13.0775019248,True,9.0
2014-01-26,Ball State Cardinals,53.0,away,0.1101061283,-13.0775019248,False,-9.0
2014-01-26,NC State Wolfpack,80.0,home,0.6443697223,3.7690484089,True,2.0
2014-01-26,Georgia Tech Yellow Jackets,78.0,away,0.3556302777,-3.7690484089,False,-2.0
2014-01-26,UMass Lowell River Hawks,32.0,home,0.6574291632000001,3.6981707879,False,-29.0
2014-01-26,New Hampshire Wildcats,61.0,away,0.3425708368,-3.6981707879,True,29.0
2014-01-27,Arizona Wildcats,65.0,home,0.8951334362,12.9373602748,True,9.0
2014-01-27,Utah Utes,56.0,away,0.1048665638,-12.9373602748,False,-9.0
2014-01-26,Dartmouth Big Green,50.0,home,0.19942142929999998,-8.2749606906,False,-30.0
2014-01-26,Harvard Crimson,80.0,away,0.8005785707000002,8.2749606906,True,30.0
2014-01-26,USC Trojans,71.0,home,0.3084476368,-5.4033724587,False,-8.0
2014-01-26,Stanford Cardinal,79.0,away,0.6915523632,5.4033724587,True,8.0
2014-01-26,Princeton Tigers,84.0,home,0.9990118809999999,44.6370618222,True,30.0
2014-01-26,Kean Cougars,54.0,away,0.000988119,-44.6370618222,False,-30.0
2014-01-26,Rider Broncs,77.0,home,0.7724123798,7.9428777074,True,6.0
2014-01-26,Monmouth Hawks,71.0,away,0.22758762019999998,-7.9428777074,False,-6.0
2014-01-26,Indiana Hoosiers,56.0,home,0.7113943416,5.8041057816,True,10.0
2014-01-26,Illinois Fighting Illini,46.0,away,0.2886056584,-5.8041057816,False,-10.0
2014-01-26,Houston Cougars,68.0,home,0.2190880099,-7.9288534273,False,-7.0
2014-01-26,SMU Mustangs,75.0,away,0.7809119901,7.9288534273,True,7.0
2014-01-26,Evansville Purple Aces,66.0,home,0.6451751153,3.6047980947,True,6.0
2014-01-26,Bradley Braves,60.0,away,0.3548248847,-3.6047980947,False,-6.0
2014-01-26,Canisius Golden Griffins,78.0,home,0.8394585779,10.0614621989,True,13.0
2014-01-26,Marist Red Foxes,65.0,away,0.1605414221,-10.0614621989,False,-13.0
2014-01-26,Saint Peter's Peacocks,63.0,home,0.2136237551,-8.3750949985,False,-8.0
2014-01-26,Iona Gaels,71.0,away,0.7863762449,8.3750949985,True,8.0
2014-01-26,Manhattan Jaspers,86.0,home,0.8203110248000001,10.4504342544,False,-4.0
2014-01-26,Quinnipiac Bobcats,90.0,away,0.1796889752,-10.4504342544,True,4.0
2014-01-26,Toledo Rockets,81.0,home,0.8041949452,9.1388511758,True,3.0
2014-01-26,Kent State Golden Flashes,78.0,away,0.1958050548,-9.1388511758,False,-3.0
2014-01-27,Vermont Catamounts,72.0,home,0.9710772735,20.8056920555,True,33.0
2014-01-27,Binghamton Bearcats,39.0,away,0.0289227265,-20.8056920555,False,-33.0
2014-01-27,Washington State Cougars,44.0,home,0.17005233410000004,-9.8994000949,False,-27.0
2014-01-27,Oregon Ducks,71.0,away,0.8299476659,9.8994000949,True,27.0
2014-01-26,Nebraska Cornhuskers,82.0,home,0.4400419269,-1.4932870136,True,4.0
2014-01-26,Minnesota Golden Gophers,78.0,away,0.5599580731,1.4932870136,False,-4.0
2014-01-27,UCLA Bruins,76.0,home,0.7372215163,6.9723122422,True,12.0
2014-01-27,California Golden Bears,64.0,away,0.2627784837,-6.9723122422,False,-12.0
2014-01-26,North Carolina Tar Heels,80.0,home,0.6393444527,3.4420379556,True,19.0
2014-01-26,Clemson Tigers,61.0,away,0.36065554730000005,-3.4420379556,False,-19.0
2014-01-24,Cincinnati Bearcats,69.0,home,0.9327958692,16.5595184509,True,18.0
2014-01-24,UCF Knights,51.0,away,0.0672041308,-16.5595184509,False,-18.0
2014-01-24,Ohio State Buckeyes,62.0,home,0.9175110693,14.1812718893,True,7.0
2014-01-24,Illinois Fighting Illini,55.0,away,0.08248893070000002,-14.1812718893,False,-7.0
2014-01-24,Alabama Crimson Tide,62.0,home,0.2109674157,-7.5178725545,False,-6.0
2014-01-24,Florida Gators,68.0,away,0.7890325842999999,7.5178725545,True,6.0
2014-01-24,Arizona Wildcats,69.0,home,0.9026892609000001,13.7248328166,True,12.0
2014-01-24,Colorado Buffaloes,57.0,away,0.09731073910000002,-13.7248328166,False,-12.0
2014-01-24,Memphis Tigers,82.0,home,0.9435308239,18.8546685511,True,23.0
2014-01-24,Houston Cougars,59.0,away,0.0564691761,-18.8546685511,False,-23.0
2014-01-24,Western Carolina Catamounts,77.0,home,0.5614501775,1.6365445282,False,-5.0
2014-01-24,Davidson Wildcats,82.0,away,0.43854982249999996,-1.6365445282,True,5.0
2014-01-24,Kent State Golden Flashes,59.0,home,0.7138284342,5.7177703076,False,-16.0
2014-01-24,Western Michigan Broncos,75.0,away,0.2861715658,-5.7177703076,True,16.0
2014-01-24,Chattanooga Mocs,84.0,home,0.4543674811,-1.2273333078,True,21.0
2014-01-24,Elon Phoenix,63.0,away,0.5456325189,1.2273333078,False,-21.0
2014-01-23,Murray State Racers,92.0,home,0.6855830772,5.014640762,True,39.0
2014-01-23,Tennessee Tech Golden Eagles,53.0,away,0.3144169228,-5.014640762,False,-39.0
2014-01-24,Georgia Southern Eagles,64.0,home,0.4344141196,-1.6008984415,False,-10.0
2014-01-24,Wofford Terriers,74.0,away,0.5655858804,1.6008984415,True,10.0
2014-01-24,Maine Black Bears,62.0,home,0.5905325918,2.4685767373,False,-12.0
2014-01-24,UMass Lowell River Hawks,74.0,away,0.40946740820000005,-2.4685767373,True,12.0
2014-01-24,St. John's Red Storm,77.0,home,0.6844801925,4.8944496961,True,1.0
2014-01-24,Seton Hall Pirates,76.0,away,0.3155198075,-4.8944496961,False,-1.0
2014-01-24,Mercer Bears,68.0,home,0.9347748340000002,15.9252348492,True,13.0
2014-01-24,Florida Gulf Coast Eagles,55.0,away,0.065225166,-15.9252348492,False,-13.0
2014-01-24,Binghamton Bearcats,54.0,home,0.2404049827,-6.9228562929,False,-2.0
2014-01-24,Hartford Hawks,56.0,away,0.7595950173,6.9228562929,True,2.0
2014-01-24,Siena Saints,64.0,home,0.640728912,3.5553588833,True,17.0
2014-01-24,Saint Peter's Peacocks,47.0,away,0.359271088,-3.5553588833,False,-17.0
2014-01-24,New Hampshire Wildcats,60.0,home,0.3200848042000001,-4.2062344948,True,4.0
2014-01-24,UAlbany Great Danes,56.0,away,0.6799151958,4.2062344948,False,-4.0
2014-01-24,Monmouth Hawks,63.0,home,0.5850229983,2.1775867373,True,3.0
2014-01-24,Fairfield Stags,60.0,away,0.4149770017,-2.1775867373,False,-3.0
2014-01-24,Old Dominion Monarchs,60.0,home,0.3093559094,-4.7333982347,False,-15.0
2014-01-24,Southern Miss Golden Eagles,75.0,away,0.6906440906,4.7333982347,True,15.0
2014-01-24,East Carolina Pirates,54.0,home,0.8843805047,12.2687533427,False,-5.0
2014-01-24,Tulane Green Wave,59.0,away,0.1156194953,-12.2687533427,True,5.0
2014-01-24,Kennesaw State Owls,65.0,home,0.5801803828,1.9086544479,False,-3.0
2014-01-24,Stetson Hatters,68.0,away,0.4198196172,-1.9086544479,True,3.0
2014-01-24,The Citadel Bulldogs,67.0,home,0.544036904,1.1158535841,False,-13.0
2014-01-24,App State Mountaineers,80.0,away,0.45596309599999996,-1.1158535841,True,13.0
2014-01-24,Robert Morris Colonials,91.0,home,0.8889552419000001,13.2151244266,True,26.0
2014-01-24,Sacred Heart Pioneers,65.0,away,0.1110447581,-13.2151244266,False,-26.0
2014-01-24,Fairleigh Dickinson Knights,86.0,home,0.2265727114,-7.6096828284,True,1.0
2014-01-24,St. Francis Brooklyn Terriers,85.0,away,0.7734272886,7.6096828284,False,-1.0
2014-01-24,East Tennessee State Buccaneers,99.0,home,0.6257349632,3.4763106511,True,6.0
2014-01-24,North Florida Ospreys,93.0,away,0.3742650368,-3.4763106511,False,-6.0
2014-01-24,Wagner Seahawks,83.0,home,0.8730660893999999,13.3207353237,False,-4.0
2014-01-24,Central Connecticut Blue Devils,87.0,away,0.1269339106,-13.3207353237,True,4.0
2014-01-24,Louisiana Tech Bulldogs,80.0,home,0.9317798468,18.3535579381,True,20.0
2014-01-24,Charlotte 49ers,60.0,away,0.0682201532,-18.3535579381,False,-20.0
2014-01-24,Bryant Bulldogs,87.0,home,0.8859329567,13.5516816102,True,8.0
2014-01-24,Long Island University Sharks,79.0,away,0.1140670433,-13.5516816102,False,-8.0
2014-01-24,Saint Francis Red Flash,77.0,home,0.519681554,0.491176217,False,-6.0
2014-01-24,Mount St. Mary's Mountaineers,83.0,away,0.480318446,-0.491176217,True,6.0
2014-01-24,Youngstown State Penguins,71.0,home,0.6951053521,5.3015955136,False,-3.0
2014-01-24,Valparaiso Beacons,74.0,away,0.3048946479,-5.3015955136,True,3.0
2014-01-24,South Carolina Upstate Spartans,79.0,home,0.8759367161,12.7847841042,True,10.0
2014-01-24,Jacksonville Dolphins,69.0,away,0.1240632839,-12.7847841042,False,-10.0
2014-01-24,Samford Bulldogs,88.0,home,0.5718519047,1.862739477,True,10.0
2014-01-24,UNC Greensboro Spartans,78.0,away,0.4281480953,-1.862739477,False,-10.0
2014-01-24,UT Martin Skyhawks,84.0,home,0.5938625602,2.4169064734,True,7.0
2014-01-24,Eastern Illinois Panthers,77.0,away,0.4061374398,-2.4169064734,False,-7.0
2014-01-24,Penn State Nittany Lions,58.0,home,0.7800297534,7.8899379444,True,4.0
2014-01-24,Nebraska Cornhuskers,54.0,away,0.2199702466,-7.8899379444,False,-4.0
2014-01-24,Austin Peay Governors,59.0,home,0.7483615431,6.7240521393,False,-12.0
2014-01-24,Jacksonville State Gamecocks,71.0,away,0.2516384569,-6.7240521393,True,12.0
2014-01-24,Ball State Cardinals,71.0,home,0.3247201804,-4.6224970334,True,3.0
2014-01-24,Buffalo Bulls,68.0,away,0.6752798196,4.6224970334,False,-3.0
2014-01-24,Tennessee State Tigers,78.0,home,0.1407806068,-11.2485415172,False,-16.0
2014-01-24,Eastern Kentucky Colonels,94.0,away,0.8592193932,11.2485415172,True,16.0
2014-01-24,UL Monroe Warhawks,51.0,home,0.5009558647,0.0222974681,False,-18.0
2014-01-24,Western Kentucky Hilltoppers,69.0,away,0.49904413529999997,-0.0222974681,True,18.0
2014-01-24,Southeast Missouri State Redhawks,82.0,home,0.8923206008,14.2501803894,True,4.0
2014-01-24,SIU Edwardsville Cougars,78.0,away,0.1076793992,-14.2501803894,False,-4.0
2014-01-24,Belmont Bruins,80.0,home,0.7447172739,7.2628865103,True,14.0
2014-01-24,Morehead State Eagles,66.0,away,0.2552827261,-7.2628865103,False,-14.0
2014-01-24,Little Rock Trojans,69.0,home,0.7927428759,8.061118316,True,5.0
2014-01-24,Texas State Bobcats,64.0,away,0.2072571241,-8.061118316,False,-5.0
2014-01-24,Western Illinois Leathernecks,79.0,home,0.6952664553,4.9404619788,True,18.0
2014-01-24,South Dakota Coyotes,61.0,away,0.3047335447,-4.9404619788,False,-18.0
2014-01-24,North Dakota Fighting Hawks,82.0,home,0.8226102130000001,9.4472957682,True,11.0
2014-01-24,Sacramento State Hornets,71.0,away,0.177389787,-9.4472957682,False,-11.0
2014-01-24,Texas A&M-Corpus Christi Islanders,74.0,home,0.7017815573,4.9215556506,True,3.0
2014-01-24,SE Louisiana Lions,71.0,away,0.2982184427,-4.9215556506,False,-3.0
2014-01-24,Rice Owls,63.0,home,0.4477598096,-1.3562967083,False,-10.0
2014-01-24,Marshall Thundering Herd,73.0,away,0.5522401904,1.3562967083,True,10.0
2014-01-24,Oral Roberts Golden Eagles,69.0,home,0.45702128359999994,-1.0281201552,False,-3.0
2014-01-24,Stephen F. Austin Lumberjacks,72.0,away,0.5429787164,1.0281201552,True,3.0
2014-01-24,North Texas Mean Green,76.0,home,0.4543005859,-1.2308600995,True,11.0
2014-01-24,UAB Blazers,65.0,away,0.5456994141,1.2308600995,False,-11.0
2014-01-24,Houston Christian Huskies,66.0,home,0.537813126,1.0268265698,False,-13.0
2014-01-24,New Orleans Privateers,79.0,away,0.462186874,-1.0268265698,True,13.0
2014-01-24,Omaha Mavericks,60.0,home,0.5742891823,1.8381181686,False,-14.0
2014-01-24,Denver Pioneers,74.0,away,0.42571081769999997,-1.8381181686,True,14.0
2014-01-24,Central Arkansas Bears,68.0,home,0.3837202095,-3.7379957044,False,-8.0
2014-01-24,Northwestern State Demons,76.0,away,0.6162797905,3.7379957044,True,8.0
2014-01-24,Louisiana Ragin' Cajuns,70.0,home,0.6324107219,3.6137992992,False,-7.0
2014-01-24,Georgia State Panthers,77.0,away,0.3675892781,-3.6137992992,True,7.0
2014-01-24,Abilene Christian Wildcats,57.0,home,0.7761579528999999,7.8767867474,False,-8.0
2014-01-24,Lamar Cardinals,65.0,away,0.2238420471,-7.8767867474,True,8.0
2014-01-24,Arizona State Sun Devils,79.0,home,0.739847857,6.7346041152,True,4.0
2014-01-24,Utah Utes,75.0,away,0.260152143,-6.7346041152,False,-4.0
2014-01-24,Grand Canyon Lopes,86.0,home,0.6404507240000001,3.5453537517,True,13.0
2014-01-24,Idaho Vandals,73.0,away,0.359549276,-3.5453537517,False,-13.0
2014-01-24,Utah Valley Wolverines,66.0,home,0.8799731683,12.6904956429,True,18.0
2014-01-24,Kansas City Roos,48.0,away,0.1200268317,-12.6904956429,False,-18.0
2014-01-24,Eastern Washington Eagles,90.0,home,0.9648484892,21.1753487256,True,7.0
2014-01-24,Southern Utah Thunderbirds,83.0,away,0.0351515108,-21.1753487256,False,-7.0
2014-01-24,Weber State Wildcats,86.0,home,0.7982893109,8.1887420337,True,29.0
2014-01-24,Montana State Bobcats,57.0,away,0.20171068910000003,-8.1887420337,False,-29.0
2014-01-24,UT Arlington Mavericks,59.0,home,0.7891557576,8.38639664,True,3.0
2014-01-24,Troy Trojans,56.0,away,0.2108442424,-8.38639664,False,-3.0
2014-01-24,Incarnate Word Cardinals,85.0,home,0.2206425424,-8.4168430393,True,11.0
2014-01-24,Sam Houston Bearkats,74.0,away,0.7793574576000001,8.4168430393,False,-11.0
2014-01-24,Tulsa Golden Hurricane,58.0,home,0.5414128205,1.0683378348,True,5.0
2014-01-24,Middle Tennessee Blue Raiders,53.0,away,0.4585871795,-1.0683378348,False,-5.0
2014-01-24,Idaho State Bengals,54.0,home,0.6583881603999999,3.6944076727,False,-5.0
2014-01-24,Montana Grizzlies,59.0,away,0.3416118396,-3.6944076727,True,5.0
2014-01-24,Northern Colorado Bears,87.0,home,0.7678410391,7.1417601806,True,15.0
2014-01-24,Northern Arizona Lumberjacks,72.0,away,0.2321589609,-7.1417601806,False,-15.0
2014-01-24,Pacific Tigers,81.0,home,0.7472951558000002,7.2757053802,False,-11.0
2014-01-24,Loyola Marymount Lions,92.0,away,0.2527048442,-7.2757053802,True,11.0
2014-01-24,UC Riverside Highlanders,65.0,home,0.1776509436,-9.2131590036,False,-3.0
2014-01-24,UC Santa Barbara Gauchos,68.0,away,0.8223490563999999,9.2131590036,True,3.0
2014-01-24,UC Davis Aggies,73.0,home,0.1840781009,-9.9503758087,False,-17.0
2014-01-24,Hawai'i Rainbow Warriors,90.0,away,0.8159218991,9.9503758087,True,17.0
2014-01-24,Saint Mary's Gaels,80.0,home,0.9389340944,16.0006229689,True,6.0
2014-01-24,Pepperdine Waves,74.0,away,0.0610659056,-16.0006229689,False,-6.0
2014-01-24,Cal State Fullerton Titans,56.0,home,0.479549817,-0.4623366541,False,-2.0
2014-01-24,Cal Poly Mustangs,58.0,away,0.520450183,0.4623366541,True,2.0
2014-01-24,Gonzaga Bulldogs,59.0,home,0.9716036522,20.8399905469,True,3.0
2014-01-24,San Diego Toreros,56.0,away,0.0283963478,-20.8399905469,False,-3.0
2014-01-24,Portland Pilots,114.0,home,0.36210925629999996,-4.0916882931,True,4.0
2014-01-24,BYU Cougars,110.0,away,0.6378907437,4.0916882931,False,-4.0
2014-01-24,UC Irvine Anteaters,72.0,home,0.8665768729,11.7356779545,True,6.0
2014-01-24,Cal State Northridge Matadors,66.0,away,0.1334231271,-11.7356779545,False,-6.0
2014-01-24,Cal State Bakersfield Roadrunners,63.0,home,0.9408806582,17.3793814552,False,-8.0
2014-01-24,Chicago State Cougars,71.0,away,0.0591193418,-17.3793814552,True,8.0
2014-01-24,Washington Huskies,80.0,home,0.2800027303,-6.4532025572,True,4.0
2014-01-24,Oregon Ducks,76.0,away,0.7199972697,6.4532025572,False,-4.0
2014-01-24,UCLA Bruins,91.0,home,0.8270178824,10.7197880606,True,17.0
2014-01-24,Stanford Cardinal,74.0,away,0.1729821176,-10.7197880606,False,-17.0
2014-01-18,Wichita State Shockers,68.0,home,0.8576464273,10.8506042925,True,20.0
2014-01-18,Indiana State Sycamores,48.0,away,0.1423535727,-10.8506042925,False,-20.0
2014-01-18,Auburn Tigers,61.0,home,0.0853422936,-14.3379596017,False,-7.0
2014-01-18,Florida Gators,68.0,away,0.9146577064,14.3379596017,True,7.0
2014-01-19,Illinois Fighting Illini,62.0,home,0.2647093401,-6.2045643677,False,-16.0
2014-01-19,Michigan State Spartans,78.0,away,0.7352906599,6.2045643677,True,16.0
2014-01-18,Baylor Bears,64.0,home,0.8159750636000002,9.7164598464,False,-2.0
2014-01-18,Oklahoma Sooners,66.0,away,0.1840249364,-9.7164598464,True,2.0
2014-01-18,Wisconsin Badgers,70.0,home,0.6757606444,4.1793988845,False,-7.0
2014-01-18,Michigan Wolverines,77.0,away,0.32423935559999995,-4.1793988845,True,7.0
2014-01-18,Syracuse Orange,59.0,home,0.6038224424,2.3288686527,True,5.0
2014-01-18,Pittsburgh Panthers,54.0,away,0.3961775576,-2.3288686527,False,-5.0
2014-01-18,Texas Longhorns,86.0,home,0.4076531954,-2.6537433584,True,10.0
2014-01-18,Iowa State Cyclones,76.0,away,0.5923468046,2.6537433584,False,-10.0
2014-01-18,Villanova Wildcats,88.0,home,0.9693549048999999,22.7893055084,True,26.0
2014-01-18,DePaul Blue Demons,62.0,away,0.0306450951,-22.7893055084,False,-26.0
2014-01-18,San Diego State Aztecs,63.0,home,0.9150690724,15.4807462577,True,11.0
2014-01-18,UNLV Rebels,52.0,away,0.0849309276,-15.4807462577,False,-11.0
2014-01-18,Kansas Jayhawks,80.0,home,0.5384020193,1.0259533869,True,2.0
2014-01-18,Oklahoma State Cowboys,78.0,away,0.4615979807,-1.0259533869,False,-2.0
2014-01-18,Kentucky Wildcats,74.0,home,0.8064200181,8.6451426099,True,8.0
2014-01-18,Tennessee Volunteers,66.0,away,0.1935799819,-8.6451426099,False,-8.0
2014-01-18,Duke Blue Devils,95.0,home,0.9660058076999999,21.6452403705,True,35.0
2014-01-18,NC State Wolfpack,60.0,away,0.0339941923,-21.6452403705,False,-35.0
2014-01-18,Saint Louis Billikens,70.0,home,0.9522470624,19.7448690472,True,22.0
2014-01-18,Fordham Rams,48.0,away,0.0477529376,-19.7448690472,False,-22.0
2014-01-19,Elon Phoenix,74.0,home,0.2703548726,-6.8275788624,False,-10.0
2014-01-19,Massachusetts Minutemen,84.0,away,0.7296451274,6.8275788624,True,10.0
2014-01-18,South Florida Bulls,54.0,home,0.2188993981,-7.7189083646,False,-7.0
2014-01-18,Cincinnati Bearcats,61.0,away,0.7811006019,7.7189083646,True,7.0
2014-01-18,Memphis Tigers,101.0,home,0.9997805471,60.0967758978,True,23.0
2014-01-18,LeMoyne-Owen Magicians,78.0,away,0.00021945289999999998,-60.0967758978,False,-23.0
2014-01-18,Utah Utes,74.0,home,0.4990972814,-0.0238775183,True,5.0
2014-01-18,UCLA Bruins,69.0,away,0.5009027186,0.0238775183,False,-5.0
2014-01-18,Colorado Buffaloes,83.0,home,0.9320794787,17.351701577,True,21.0
2014-01-18,USC Trojans,62.0,away,0.0679205213,-17.351701577,False,-21.0
2014-01-19,Providence Friars,81.0,home,0.3420351409,-3.9108786502,True,13.0
2014-01-19,Creighton Bluejays,68.0,away,0.6579648591,3.9108786502,False,-13.0
2014-01-18,Akron Zips,61.0,home,0.4969216463,-0.0785098309,False,-14.0
2014-01-18,Toledo Rockets,75.0,away,0.5030783537,0.0785098309,True,14.0
2014-01-18,Georgetown Hoyas,57.0,home,0.787232485,8.0320287443,False,-10.0
2014-01-18,Seton Hall Pirates,67.0,away,0.212767515,-8.0320287443,True,10.0
2014-01-18,Northeastern Huskies,70.0,home,0.38935646290000003,-2.9512554802,False,-4.0
2014-01-18,Delaware Blue Hens,74.0,away,0.6106435371,2.9512554802,True,4.0
2014-01-18,Virginia Cavaliers,78.0,home,0.7381879349,6.2943466805,True,12.0
2014-01-18,Florida State Seminoles,66.0,away,0.2618120651,-6.2943466805,False,-12.0
2014-01-18,North Carolina Tar Heels,82.0,home,0.9031035092,14.2869092255,True,11.0
2014-01-18,Boston College Eagles,71.0,away,0.09689649080000001,-14.2869092255,False,-11.0
2014-01-18,Marshall Thundering Herd,52.0,home,0.549958705,1.3849084376,False,-17.0
2014-01-18,Tulsa Golden Hurricane,69.0,away,0.45004129499999995,-1.3849084376,True,17.0
2014-01-18,UCF Knights,46.0,home,0.3640108795,-3.613804147,False,-12.0
2014-01-18,SMU Mustangs,58.0,away,0.6359891205,3.613804147,True,12.0
2014-01-18,New Hampshire Wildcats,43.0,home,0.422386126,-1.7874923838,False,-17.0
2014-01-18,Hartford Hawks,60.0,away,0.577613874,1.7874923838,True,17.0
2014-01-18,Rhode Island Rams,71.0,home,0.5597790185,1.5095109344,True,2.0
2014-01-18,George Mason Patriots,69.0,away,0.4402209815,-1.5095109344,False,-2.0
2014-01-18,La Salle Explorers,74.0,home,0.7003654152,5.307798694,True,6.0
2014-01-18,Temple Owls,68.0,away,0.2996345848,-5.307798694,False,-6.0
2014-01-18,Northern Iowa Panthers,94.0,home,0.8180627647000001,9.1768333458,True,5.0
2014-01-18,Missouri State Bears,89.0,away,0.1819372353,-9.1768333458,False,-5.0
2014-01-18,Stetson Hatters,77.0,home,0.2351512375,-6.952540262,True,4.0
2014-01-18,South Carolina Upstate Spartans,73.0,away,0.7648487625,6.952540262,False,-4.0
2014-01-18,Georgia Bulldogs,66.0,home,0.228313081,-7.9895929982,True,5.0
2014-01-18,Arkansas Razorbacks,61.0,away,0.771686919,7.9895929982,False,-5.0
2014-01-18,Mississippi State Bulldogs,81.0,home,0.3989642488,-2.5471111154,True,9.0
2014-01-18,Texas A&M Aggies,72.0,away,0.6010357512,2.5471111154,False,-9.0
2014-01-18,Fairfield Stags,71.0,home,0.1878779136,-9.5712439654,True,4.0
2014-01-18,Manhattan Jaspers,67.0,away,0.8121220864,9.5712439654,False,-4.0
2014-01-18,Ball State Cardinals,52.0,home,0.5520291767,1.2742179709,False,-12.0
2014-01-18,Miami (OH) RedHawks,64.0,away,0.44797082330000004,-1.2742179709,True,12.0
2014-01-18,Kansas State Wildcats,78.0,home,0.6087158573,2.6503631661,True,22.0
2014-01-18,West Virginia Mountaineers,56.0,away,0.3912841427,-2.6503631661,False,-22.0
2014-01-18,UMBC Retrievers,47.0,home,0.1696250119,-9.753212517,False,-26.0
2014-01-18,Vermont Catamounts,73.0,away,0.8303749881,9.753212517,True,26.0
2014-01-18,Western Carolina Catamounts,67.0,home,0.9070346655,14.3767233846,True,3.0
2014-01-18,Samford Bulldogs,64.0,away,0.0929653345,-14.3767233846,False,-3.0
2014-01-18,Valparaiso Beacons,75.0,home,0.6676814091,4.5002774393,True,13.0
2014-01-18,Milwaukee Panthers,62.0,away,0.3323185909,-4.5002774393,False,-13.0
2014-01-18,App State Mountaineers,81.0,home,0.47365760459999995,-0.6879293046,True,13.0
2014-01-18,Georgia Southern Eagles,68.0,away,0.5263423954,0.6879293046,False,-13.0
2014-01-18,Missouri Tigers,68.0,home,0.6813918751,4.6041072515,True,21.0
2014-01-18,Alabama Crimson Tide,47.0,away,0.3186081249,-4.6041072515,False,-21.0
2014-01-18,Yale Bulldogs,74.0,home,0.6639418525,4.4733794485,True,7.0
2014-01-18,Brown Bears,67.0,away,0.3360581475,-4.4733794485,False,-7.0
2014-01-18,Butler Bulldogs,69.0,home,0.4730565911,-0.6489702598,True,12.0
2014-01-18,Marquette Golden Eagles,57.0,away,0.5269434089,0.6489702598,False,-12.0
2014-01-18,Maine Black Bears,78.0,home,0.2778975267,-6.3218206892,False,-7.0
2014-01-18,UAlbany Great Danes,85.0,away,0.7221024733,6.3218206892,True,7.0
2014-01-18,UNC Wilmington Seahawks,63.0,home,0.18707916020000004,-8.572819034,False,-16.0
2014-01-18,Drexel Dragons,79.0,away,0.8129208398,8.572819034,True,16.0
2014-01-18,Morehead State Eagles,82.0,home,0.9412482459,19.6008104595,True,7.0
2014-01-18,UT Martin Skyhawks,75.0,away,0.0587517541,-19.6008104595,False,-7.0
2014-01-18,Colgate Raiders,63.0,home,0.7436971288999998,6.1715926584,True,22.0
2014-01-18,Navy Midshipmen,41.0,away,0.2563028711,-6.1715926584,False,-22.0
2014-01-18,American University Eagles,66.0,home,0.846166864,9.7600245514,True,5.0
2014-01-18,Lafayette Leopards,61.0,away,0.153833136,-9.7600245514,False,-5.0
2014-01-18,Georgia Tech Yellow Jackets,42.0,home,0.7608844692,6.4866706813,False,-14.0
2014-01-18,Miami Hurricanes,56.0,away,0.2391155308,-6.4866706813,True,14.0
2014-01-18,SIU Edwardsville Cougars,67.0,home,0.2817319034,-6.0111080021,True,7.0
2014-01-18,Murray State Racers,60.0,away,0.7182680965999999,6.0111080021,False,-7.0
2014-01-18,Saint Francis Red Flash,50.0,home,0.3211293042000001,-4.6460859297,False,-6.0
2014-01-18,Wagner Seahawks,56.0,away,0.6788706958,4.6460859297,True,6.0
2014-01-18,Mount St. Mary's Mountaineers,69.0,home,0.35193890010000006,-3.9817981552,False,-8.0
2014-01-18,Robert Morris Colonials,77.0,away,0.6480610999,3.9817981552,True,8.0
2014-01-18,Campbell Fighting Camels,97.0,home,0.3912051553,-3.0615984814,True,4.0
2014-01-18,VMI Keydets,93.0,away,0.6087948447,3.0615984814,False,-4.0
2014-01-18,Indiana Hoosiers,47.0,home,0.8808653573,12.7551167946,False,-7.0
2014-01-18,Northwestern Wildcats,54.0,away,0.1191346427,-12.7551167946,True,7.0
2014-01-18,Georgia State Panthers,99.0,home,0.8776176447,12.6345175891,True,26.0
2014-01-18,Little Rock Trojans,73.0,away,0.1223823553,-12.6345175891,False,-26.0
2014-01-18,Presbyterian Blue Hose,58.0,home,0.1446409447,-10.7737565562,False,-9.0
2014-01-18,Gardner-Webb Runnin' Bulldogs,67.0,away,0.8553590552999999,10.7737565562,True,9.0
2014-01-18,Evansville Purple Aces,53.0,home,0.6254444477,3.0395008175,True,5.0
2014-01-18,Loyola Chicago Ramblers,48.0,away,0.37455555230000004,-3.0395008175,False,-5.0
2014-01-18,North Dakota State Bison,65.0,home,0.9534261163,16.9756132521,True,13.0
2014-01-18,Western Illinois Leathernecks,52.0,away,0.0465738837,-16.9756132521,False,-13.0
2014-01-18,Richmond Spiders,73.0,home,0.5183702499,0.4389575617,True,9.0
2014-01-18,Dayton Flyers,64.0,away,0.4816297501,-0.4389575617,False,-9.0
2014-01-18,Eastern Illinois Panthers,67.0,home,0.4346090432,-1.6779558873,True,3.0
2014-01-18,Austin Peay Governors,64.0,away,0.5653909568,1.6779558873,False,-3.0
2014-01-18,Fairleigh Dickinson Knights,68.0,home,0.2907412295,-5.6415013801,False,-27.0
2014-01-18,Bryant Bulldogs,95.0,away,0.7092587705,5.6415013801,True,27.0
2014-01-18,Chicago State Cougars,61.0,home,0.6521126638,4.0899126513,False,-23.0
2014-01-18,UT Rio Grande Valley Vaqueros,84.0,away,0.3478873362,-4.0899126513,True,23.0
2014-01-18,Quinnipiac Bobcats,85.0,home,0.8852871701000001,14.6467324386,True,14.0
2014-01-18,Niagara Purple Eagles,71.0,away,0.1147128299,-14.6467324386,False,-14.0
2014-01-18,VCU Rams,80.0,home,0.9443597687,19.8391716437,True,15.0
2014-01-18,Duquesne Dukes,65.0,away,0.055640231299999995,-19.8391716437,False,-15.0
2014-01-18,Central Connecticut Blue Devils,61.0,home,0.6192660947,3.2687411643,False,-1.0
2014-01-18,Long Island University Sharks,62.0,away,0.38073390529999995,-3.2687411643,True,1.0
2014-01-18,California Golden Bears,76.0,home,0.9462393428,17.0895016702,True,21.0
2014-01-18,Washington State Cougars,55.0,away,0.0537606572,-17.0895016702,False,-21.0
2014-01-18,Clemson Tigers,61.0,home,0.7712987592,7.0318607794,True,8.0
2014-01-18,Wake Forest Demon Deacons,53.0,away,0.2287012408,-7.0318607794,False,-8.0
2014-01-18,Loyola Marymount Lions,72.0,home,0.1512371369,-11.3985990723,False,-10.0
2014-01-18,Gonzaga Bulldogs,82.0,away,0.8487628630999999,11.3985990723,True,10.0
2014-01-18,Wyoming Cowboys,67.0,home,0.9585107833,17.749822528,True,11.0
2014-01-18,San José State Spartans,56.0,away,0.0414892167,-17.749822528,False,-11.0
2014-01-18,William & Mary Tribe,78.0,home,0.7669202771000001,6.9927248654,True,22.0
2014-01-18,James Madison Dukes,56.0,away,0.2330797229,-6.9927248654,False,-22.0
2014-01-18,Holy Cross Crusaders,61.0,home,0.6859572036,4.883022623,True,19.0
2014-01-18,Lehigh Mountain Hawks,42.0,away,0.3140427964,-4.883022623,False,-19.0
2014-01-18,North Carolina Central Eagles,62.0,home,0.928241396,13.9287294784,True,10.0
2014-01-18,Delaware State Hornets,52.0,away,0.071758604,-13.9287294784,False,-10.0
2014-01-18,Radford Highlanders,93.0,home,0.9414834411000002,17.8730255645,True,17.0
2014-01-18,Longwood Lancers,76.0,away,0.0585165589,-17.8730255645,False,-17.0
2014-01-18,McNeese Cowboys,70.0,home,0.7135364665,5.9204294039,True,2.0
2014-01-18,Houston Christian Huskies,68.0,away,0.2864635335,-5.9204294039,False,-2.0
2014-01-18,Abilene Christian Wildcats,73.0,home,0.7290709412000002,6.6703969942,True,1.0
2014-01-18,Central Arkansas Bears,72.0,away,0.2709290588,-6.6703969942,False,-1.0
2014-01-18,South Carolina Gamecocks,74.0,home,0.49316612830000006,-0.1851872352,False,-1.0
2014-01-18,Ole Miss Rebels,75.0,away,0.5068338717,0.1851872352,True,1.0
2014-01-18,Howard Bison,88.0,home,0.6087512668,2.7174359114,True,33.0
2014-01-18,Maryland Eastern Shore Hawks,55.0,away,0.3912487332,-2.7174359114,False,-33.0
2014-01-18,UNC Greensboro Spartans,82.0,home,0.3098636636,-5.3754574503,False,-11.0
2014-01-18,Davidson Wildcats,93.0,away,0.6901363364,5.3754574503,True,11.0
2014-01-18,Nicholls Colonels,67.0,home,0.5813085259,1.8992100381,False,-3.0
2014-01-18,Texas A&M-Corpus Christi Islanders,70.0,away,0.4186914741,-1.8992100381,True,3.0
2014-01-18,South Dakota Coyotes,75.0,home,0.3933225601,-2.8050965604,True,14.0
2014-01-18,Purdue Fort Wayne Mastodons,61.0,away,0.6066774399,2.8050965604,False,-14.0
2014-01-18,South Dakota State Jackrabbits,71.0,home,0.5802008862,2.219215138,False,-9.0
2014-01-18,Omaha Mavericks,80.0,away,0.41979911380000007,-2.219215138,True,9.0
2014-01-18,Northern Arizona Lumberjacks,77.0,home,0.8250112704999999,9.1750639265,True,21.0
2014-01-18,Portland State Vikings,56.0,away,0.1749887295,-9.1750639265,False,-21.0
2014-01-18,Lipscomb Bisons,66.0,home,0.1382545349,-11.7850716543,False,-21.0
2014-01-18,Mercer Bears,87.0,away,0.8617454650999999,11.7850716543,True,21.0
2014-01-18,Florida International Panthers,68.0,home,0.5360058698,0.9033256512,True,4.0
2014-01-18,East Carolina Pirates,64.0,away,0.4639941302,-0.9033256512,False,-4.0
2014-01-18,St. Francis Brooklyn Terriers,74.0,home,0.8570528504000001,11.451809614,True,3.0
2014-01-18,Sacred Heart Pioneers,71.0,away,0.1429471496,-11.451809614,False,-3.0
2014-01-18,SE Louisiana Lions,91.0,home,0.7908731711,8.5763135778,True,26.0
2014-01-18,Lamar Cardinals,65.0,away,0.2091268289,-8.5763135778,False,-26.0
2014-01-18,Texas State Bobcats,48.0,home,0.42974744010000004,-1.7464246634,False,-8.0
2014-01-18,UT Arlington Mavericks,56.0,away,0.5702525599,1.7464246634,True,8.0
2014-01-18,Incarnate Word Cardinals,77.0,home,0.3282553735,-4.6556515811,False,-2.0
2014-01-18,Oral Roberts Golden Eagles,79.0,away,0.6717446265,4.6556515811,True,2.0
2014-01-18,Charleston Southern Buccaneers,76.0,home,0.9266674767,15.7323145663,False,-4.0
2014-01-18,UNC Asheville Bulldogs,80.0,away,0.0733325233,-15.7323145663,True,4.0
2014-01-18,Alcorn State Braves,65.0,home,0.7682528517,7.9439709649,True,12.0
2014-01-18,Mississippi Valley State Delta Devils,53.0,away,0.23174714830000004,-7.9439709649,False,-12.0
2014-01-18,Buffalo Bulls,71.0,home,0.5340023827,0.862463755,True,11.0
2014-01-18,Kent State Golden Flashes,60.0,away,0.4659976173,-0.862463755,False,-11.0
2014-01-18,Colorado State Rams,74.0,home,0.7932089880999998,8.274286558,True,6.0
2014-01-18,Air Force Falcons,68.0,away,0.20679101189999996,-8.274286558,False,-6.0
2014-01-18,Middle Tennessee Blue Raiders,80.0,home,0.9711416393000001,22.2718993901,True,22.0
2014-01-18,UTSA Roadrunners,58.0,away,0.0288583607,-22.2718993901,False,-22.0
2014-01-18,TCU Horned Frogs,49.0,home,0.3794632152,-2.9217510364,False,-11.0
2014-01-18,Texas Tech Red Raiders,60.0,away,0.6205367848,2.9217510364,True,11.0
2014-01-18,St. John's Red Storm,69.0,home,0.8841596049,12.244272885,True,14.0
2014-01-18,Dartmouth Big Green,55.0,away,0.11584039510000001,-12.244272885,False,-14.0
2014-01-18,Denver Pioneers,66.0,home,0.9242775633,13.9009402834,True,21.0
2014-01-18,IU Indianapolis Jaguars,45.0,away,0.0757224367,-13.9009402834,False,-21.0
2014-01-18,Alabama State Hornets,67.0,home,0.7207952704,5.9688616838,True,9.0
2014-01-18,Alabama A&M Bulldogs,58.0,away,0.2792047296,-5.9688616838,False,-9.0
2014-01-18,South Carolina State Bulldogs,72.0,home,0.43565188779999997,-1.7315832514,False,-6.0
2014-01-18,Florida A&M Rattlers,78.0,away,0.5643481122,1.7315832514,True,6.0
2014-01-18,Hampton Pirates,68.0,home,0.8816680396999999,13.5024307451,False,-3.0
2014-01-18,Coppin State Eagles,71.0,away,0.1183319603,-13.5024307451,True,3.0
2014-01-18,Savannah State Tigers,70.0,home,0.8050232744,8.1664598829,True,10.0
2014-01-18,Bethune-Cookman Wildcats,60.0,away,0.1949767256,-8.1664598829,False,-10.0
2014-01-18,Grambling Tigers,72.0,home,0.0533279443,-18.7897605255,False,-2.0
2014-01-18,Texas Southern Tigers,74.0,away,0.9466720557000001,18.7897605255,True,2.0
2014-01-18,Norfolk State Spartans,70.0,home,0.5408876055,1.0861111732,False,-17.0
2014-01-18,Morgan State Bears,87.0,away,0.4591123945,-1.0861111732,True,17.0
2014-01-19,Purdue Boilermakers,65.0,home,0.729469925,6.5605884166,True,1.0
2014-01-19,Penn State Nittany Lions,64.0,away,0.270530075,-6.5605884166,False,-1.0
2014-01-19,Wofford Terriers,57.0,home,0.7653838992,7.4232314461,False,-14.0
2014-01-19,Chattanooga Mocs,71.0,away,0.2346161008,-7.4232314461,True,14.0
2014-01-19,Central Michigan Chippewas,59.0,home,0.45395466069999996,-1.1421792091,False,-13.0
2014-01-19,Eastern Michigan Eagles,72.0,away,0.5460453393,1.1421792091,True,13.0
2014-01-19,Stony Brook Seawolves,70.0,home,0.9405750204000001,16.5435282502,True,5.0
2014-01-19,UMass Lowell River Hawks,65.0,away,0.0594249796,-16.5435282502,False,-5.0
2014-01-19,Columbia Lions,71.0,home,0.9602197035000001,18.5019807512,True,10.0
2014-01-19,Cornell Big Red,61.0,away,0.0397802965,-18.5019807512,False,-10.0
2014-01-19,Pennsylvania Quakers,68.0,home,0.2975429116,-5.6972564331,False,-17.0
2014-01-19,Saint Joseph's Hawks,85.0,away,0.7024570883999999,5.6972564331,True,17.0
2014-01-19,St. Bonaventure Bonnies,71.0,home,0.4944104327,-0.1454952237,False,-8.0
2014-01-19,George Washington Revolutionaries,79.0,away,0.5055895673,0.1454952237,True,8.0
2014-01-19,Fresno State Bulldogs,78.0,home,0.44902101250000004,-1.3017719931,False,-11.0
2014-01-19,New Mexico Lobos,89.0,away,0.5509789875,1.3017719931,True,11.0
2014-01-19,North Carolina A&T Aggies,88.0,home,0.6234563407,3.238700497,True,6.0
2014-01-19,NJIT Highlanders,82.0,away,0.3765436593,-3.238700497,False,-6.0
2014-01-19,Eastern Kentucky Colonels,60.0,home,0.9487364664000001,16.7407216957,True,4.0
2014-01-19,Jacksonville State Gamecocks,56.0,away,0.0512635336,-16.7407216957,False,-4.0
2014-01-19,Florida Atlantic Owls,60.0,home,0.5645367428,1.5491195877,False,-5.0
2014-01-19,Old Dominion Monarchs,65.0,away,0.4354632572,-1.5491195877,True,5.0
2014-01-19,Marist Red Foxes,56.0,home,0.49615990990000003,-0.0952048257,False,-10.0
2014-01-19,Rider Broncs,66.0,away,0.5038400901,0.0952048257,True,10.0
2014-01-19,Northern Kentucky Norse,82.0,home,0.7815408599,7.4403261026,True,13.0
2014-01-19,Kennesaw State Owls,69.0,away,0.2184591401,-7.4403261026,False,-13.0
2014-01-19,Charlotte 49ers,76.0,home,0.8775781482,13.4125308094,True,2.0
2014-01-19,North Texas Mean Green,74.0,away,0.1224218518,-13.4125308094,False,-2.0
2014-01-19,Liberty Flames,70.0,home,0.8402202980999999,10.0621314744,False,-6.0
2014-01-19,High Point Panthers,76.0,away,0.1597797019,-10.0621314744,True,6.0
2014-01-19,Coastal Carolina Chanticleers,72.0,home,0.7036307831999999,5.6822821635,False,-1.0
2014-01-19,Winthrop Eagles,73.0,away,0.2963692168,-5.6822821635,True,1.0
2014-01-19,The Citadel Bulldogs,71.0,home,0.6386598997,3.4352802375,False,-5.0
2014-01-19,Furman Paladins,76.0,away,0.36134010029999997,-3.4352802375,True,5.0
2014-01-19,Youngstown State Penguins,77.0,home,0.7668431644,7.8119378144,True,14.0
2014-01-19,Detroit Mercy Titans,63.0,away,0.2331568356,-7.8119378144,False,-14.0
2014-01-19,Jackson State Tigers,80.0,home,0.8048412065000001,8.9494732527,False,-5.0
2014-01-19,Prairie View A&M Panthers,85.0,away,0.1951587935,-8.9494732527,True,5.0
2014-01-19,New Orleans Privateers,70.0,home,0.2285447489,-8.2987707573,False,-7.0
2014-01-19,Sam Houston Bearkats,77.0,away,0.7714552511000001,8.2987707573,True,7.0
2014-01-19,Northern Illinois Huskies,46.0,home,0.2014087292,-8.1806465288,False,-19.0
2014-01-19,Ohio Bobcats,65.0,away,0.7985912708,8.1806465288,True,19.0
2014-01-19,Florida Gulf Coast Eagles,90.0,home,0.6551413095,4.0706661388,True,28.0
2014-01-19,East Tennessee State Buccaneers,62.0,away,0.34485869049999995,-4.0706661388,False,-28.0
2014-01-19,Pepperdine Waves,76.0,home,0.4816839064,-0.4684215035,True,11.0
2014-01-19,Portland Pilots,65.0,away,0.5183160936,0.4684215035,False,-11.0
2014-01-19,Saint Mary's Gaels,79.0,home,0.8832830369999999,12.1039440287,True,6.0
2014-01-19,Pacific Tigers,73.0,away,0.116716963,-12.1039440287,False,-6.0
2014-01-19,UAB Blazers,61.0,home,0.7201917566999999,5.899529894,False,-2.0
2014-01-19,UTEP Miners,63.0,away,0.2798082433,-5.899529894,True,2.0
2014-01-19,Western Kentucky Hilltoppers,82.0,home,0.586590106,2.2247949969,True,5.0
2014-01-19,Arkansas State Red Wolves,77.0,away,0.413409894,-2.2247949969,False,-5.0
2014-01-19,Tennessee Tech Golden Eagles,74.0,home,0.6231003852,3.4035732845,False,-9.0
2014-01-19,Southeast Missouri State Redhawks,83.0,away,0.3768996148,-3.4035732845,True,9.0
2014-01-19,Tulane Green Wave,58.0,home,0.6919733793,4.7036501592,True,17.0
2014-01-19,Rice Owls,41.0,away,0.3080266207,-4.7036501592,False,-17.0
2014-01-19,South Alabama Jaguars,58.0,home,0.6729378386,4.2452142781,False,-6.0
2014-01-19,UL Monroe Warhawks,64.0,away,0.3270621614,-4.2452142781,True,6.0
2014-01-19,Arkansas-Pine Bluff Golden Lions,56.0,home,0.1699318197,-10.0843664019,False,-4.0
2014-01-19,Southern Jaguars,60.0,away,0.8300681803,10.0843664019,True,4.0
2014-01-19,Kansas City Roos,68.0,home,0.1178221727,-13.6403200237,True,2.0
2014-01-19,New Mexico State Aggies,66.0,away,0.8821778273,13.6403200237,False,-2.0
2014-01-19,Drake Bulldogs,63.0,home,0.8096249901,9.2600048586,False,-14.0
2014-01-19,Illinois State Redbirds,77.0,away,0.1903750099,-9.2600048586,True,14.0
2014-01-19,Tennessee State Tigers,65.0,home,0.1862353476,-9.4642783453,False,-14.0
2014-01-19,Belmont Bruins,79.0,away,0.8137646524000001,9.4642783453,True,14.0
2014-01-19,Troy Trojans,59.0,home,0.2903149209,-5.8117965078,False,-13.0
2014-01-19,Louisiana Ragin' Cajuns,72.0,away,0.7096850791,5.8117965078,True,13.0
2014-01-19,LSU Tigers,81.0,home,0.7592784362,7.4163901974,True,23.0
2014-01-19,Vanderbilt Commodores,58.0,away,0.24072156380000004,-7.4163901974,False,-23.0
2014-01-19,Boise State Broncos,78.0,home,0.7764507676,7.3273018583,True,4.0
2014-01-19,Utah State Aggies,74.0,away,0.2235492324,-7.3273018583,False,-4.0
2014-01-19,Montana Grizzlies,73.0,home,0.5831044031,1.9458138976,False,-11.0
2014-01-19,Northern Colorado Bears,84.0,away,0.41689559690000005,-1.9458138976,True,11.0
2014-01-19,Weber State Wildcats,65.0,home,0.9821092375,22.8510707465,True,6.0
2014-01-19,Southern Utah Thunderbirds,59.0,away,0.0178907625,-22.8510707465,False,-6.0
2014-01-19,Montana State Bobcats,69.0,home,0.7443771329,7.0140132689,False,-3.0
2014-01-19,North Dakota Fighting Hawks,72.0,away,0.2556228671,-7.0140132689,True,3.0
2014-01-19,Cal Poly Mustangs,62.0,home,0.8146514311,8.1771010429,False,-1.0
2014-01-19,Long Beach State Beach,63.0,away,0.1853485689,-8.1771010429,True,1.0
2014-01-19,UConn Huskies,64.0,home,0.4034011067,-2.4526213054,False,-12.0
2014-01-19,Louisville Cardinals,76.0,away,0.5965988933,2.4526213054,True,12.0
2014-01-19,Santa Clara Broncos,81.0,home,0.339716104,-4.5776592452,False,-10.0
2014-01-19,BYU Cougars,91.0,away,0.6602838959999999,4.5776592452,True,10.0
2014-01-19,UC Davis Aggies,69.0,home,0.3448742716,-4.0894382738,True,8.0
2014-01-19,Cal State Fullerton Titans,61.0,away,0.6551257284,4.0894382738,False,-8.0
2014-01-19,Idaho Vandals,64.0,home,0.4719228348,-0.6646366722,True,3.0
2014-01-19,Cal State Bakersfield Roadrunners,61.0,away,0.5280771652,0.6646366722,False,-3.0
2014-01-19,Sacramento State Hornets,75.0,home,0.4387435401,-1.5166831695,True,11.0
2014-01-19,Eastern Washington Eagles,64.0,away,0.5612564599,1.5166831695,False,-11.0
2014-01-19,Cal State Northridge Matadors,69.0,home,0.316677815,-4.573309319,False,-10.0
2014-01-19,UC Santa Barbara Gauchos,79.0,away,0.683322185,4.573309319,True,10.0
2014-01-19,San Francisco Dons,64.0,home,0.744181547,6.4119265069,True,2.0
2014-01-19,San Diego Toreros,62.0,away,0.255818453,-6.4119265069,False,-2.0
2014-01-19,Stanford Cardinal,79.0,home,0.8290508033999999,10.3939716388,True,12.0
2014-01-19,Washington Huskies,67.0,away,0.1709491966,-10.3939716388,False,-12.0
2014-01-19,Hawai'i Rainbow Warriors,100.0,home,0.9177221277,16.0558043534,True,31.0
2014-01-19,UC Riverside Highlanders,69.0,away,0.0822778723,-16.0558043534,False,-31.0
2014-01-28,Savannah State Tigers,49.0,home,0.7005187092,5.2727551816,False,-7.0
2014-01-28,Norfolk State Spartans,56.0,away,0.2994812908,-5.2727551816,True,7.0
2014-01-28,South Carolina State Bulldogs,56.0,home,0.2541895781,-7.1550404388,False,-11.0
2014-01-28,Hampton Pirates,67.0,away,0.7458104219,7.1550404388,True,11.0
2014-01-28,North Carolina Central Eagles,53.0,home,0.894814766,13.6041152646,True,1.0
2014-01-28,Morgan State Bears,52.0,away,0.10518523399999999,-13.6041152646,False,-1.0
2014-01-28,Delaware State Hornets,59.0,home,0.6459790580000001,3.456441108,False,-6.0
2014-01-28,NJIT Highlanders,65.0,away,0.354020942,-3.456441108,True,6.0
2014-01-28,Oklahoma Sooners,88.0,home,0.20106140840000003,-9.782662621,True,12.0
2014-01-28,Oklahoma State Cowboys,76.0,away,0.7989385916,9.782662621,False,-12.0
2014-01-28,Towson Tigers,76.0,home,0.8114471113,8.8138804157,True,18.0
2014-01-28,Hofstra Pride,58.0,away,0.18855288869999998,-8.8138804157,False,-18.0
2014-01-28,Bethune-Cookman Wildcats,58.0,home,0.6499090906,3.6218360705,True,11.0
2014-01-28,Howard Bison,47.0,away,0.3500909094,-3.6218360705,False,-11.0
2014-01-28,Georgetown Hoyas,60.0,home,0.3560399707,-3.7542463736,False,-5.0
2014-01-28,Villanova Wildcats,65.0,away,0.6439600293,3.7542463736,True,5.0
2014-01-28,William & Mary Tribe,74.0,home,0.8294636252,8.9910421253,True,11.0
2014-01-28,Charleston Cougars,63.0,away,0.1705363748,-8.9910421253,False,-11.0
2014-01-28,Pittsburgh Panthers,65.0,home,0.4977812212,-0.054453278,False,-15.0
2014-01-28,Duke Blue Devils,80.0,away,0.5022187788,0.054453278,True,15.0
2014-01-28,Texas Southern Tigers,72.0,home,0.9127850103,15.1103913845,True,1.0
2014-01-28,Arkansas-Pine Bluff Golden Lions,71.0,away,0.0872149897,-15.1103913845,False,-1.0
2014-01-28,North Carolina A&T Aggies,54.0,home,0.6620074028,4.3452542095,False,-16.0
2014-01-28,Coppin State Eagles,70.0,away,0.3379925972,-4.3452542095,True,16.0
2014-01-28,Southern Jaguars,68.0,home,0.8978065972,13.7944391876,True,13.0
2014-01-28,Alabama State Hornets,55.0,away,0.10219340280000001,-13.7944391876,False,-13.0
2014-01-28,Prairie View A&M Panthers,72.0,home,0.8160524017,10.3689651195,False,-9.0
2014-01-28,Mississippi Valley State Delta Devils,81.0,away,0.1839475983,-10.3689651195,True,9.0
2014-01-28,Lafayette Leopards,68.0,home,0.5038757707,0.0917029974,False,-7.0
2014-01-28,Colgate Raiders,75.0,away,0.4961242293,-0.0917029974,True,7.0
2014-01-28,Alcorn State Braves,70.0,home,0.6870020638,4.5903381301,True,6.0
2014-01-28,Alabama A&M Bulldogs,64.0,away,0.3129979362,-4.5903381301,False,-6.0
2014-01-28,Portland State Vikings,92.0,home,0.5086982833,0.2284720097,True,9.0
2014-01-28,Eastern Washington Eagles,83.0,away,0.4913017167,-0.2284720097,False,-9.0
2014-01-29,Baylor Bears,64.0,home,0.7302020188,5.9936675455,False,-2.0
2014-01-29,West Virginia Mountaineers,66.0,away,0.2697979812,-5.9936675455,True,2.0
2014-01-28,UNC Asheville Bulldogs,105.0,home,0.6514240205,4.527172909,False,-4.0
2014-01-28,VMI Keydets,109.0,away,0.34857597949999997,-4.527172909,True,4.0
2014-01-29,Arkansas Razorbacks,71.0,home,0.8116958246,9.9314737988,False,-4.0
2014-01-29,Missouri Tigers,75.0,away,0.1883041754,-9.9314737988,True,4.0
2014-01-29,Wichita State Shockers,57.0,home,0.9753607115,21.1520579969,True,12.0
2014-01-29,Loyola Chicago Ramblers,45.0,away,0.0246392885,-21.1520579969,False,-12.0
2014-01-29,Creighton Bluejays,63.0,home,0.9205265380000001,15.2296419402,True,3.0
2014-01-29,St. John's Red Storm,60.0,away,0.079473462,-15.2296419402,False,-3.0
2014-01-29,LSU Tigers,87.0,home,0.2786500199,-6.427565334,True,5.0
2014-01-29,Kentucky Wildcats,82.0,away,0.7213499800999998,6.427565334,False,-5.0
2014-01-29,South Florida Bulls,78.0,home,0.21527620179999998,-8.0175684772,True,7.0
2014-01-29,SMU Mustangs,71.0,away,0.7847237982,8.0175684772,False,-7.0
2014-01-29,Eastern Illinois Panthers,68.0,home,0.1116013284,-12.1548034062,False,-14.0
2014-01-29,Cleveland State Vikings,82.0,away,0.8883986716,12.1548034062,True,14.0
2014-01-29,Presbyterian Blue Hose,74.0,home,0.2792647775,-5.6240282999,False,-7.0
2014-01-29,High Point Panthers,81.0,away,0.7207352225,5.6240282999,True,7.0
2014-01-29,Iowa Hawkeyes,69.0,home,0.6721003609999999,4.7929846641,False,-2.0
2014-01-29,Michigan State Spartans,71.0,away,0.327899639,-4.7929846641,True,2.0
2014-01-29,Kansas State Wildcats,66.0,home,0.8395983189999999,9.3722397623,True,8.0
2014-01-29,Texas Tech Red Raiders,58.0,away,0.160401681,-9.3722397623,False,-8.0
2014-01-29,Utah State Aggies,65.0,home,0.6609671122,3.8618843482,False,-13.0
2014-01-29,New Mexico Lobos,78.0,away,0.3390328878,-3.8618843482,True,13.0
2014-01-29,Notre Dame Fighting Irish,53.0,home,0.3563662571,-3.4358346616,False,-15.0
2014-01-29,Virginia Cavaliers,68.0,away,0.6436337429,3.4358346616,True,15.0
2014-02-01,South Carolina Upstate Spartans,65.0,home,0.9459073561,17.6565203354,True,17.0
2014-02-01,Kennesaw State Owls,48.0,away,0.054092643899999994,-17.6565203354,False,-17.0
2014-02-01,Dartmouth Big Green,67.0,home,0.7352002252,6.5149735944,True,9.0
2014-02-01,Pennsylvania Quakers,58.0,away,0.2647997748,-6.5149735944,False,-9.0
2014-02-01,Yale Bulldogs,69.0,home,0.4726362057,-0.6265340264,True,10.0
2014-02-01,Columbia Lions,59.0,away,0.5273637943,0.6265340264,False,-10.0
2014-02-01,Harvard Crimson,82.0,home,0.8867707873,12.4028743178,True,6.0
2014-02-01,Princeton Tigers,76.0,away,0.1132292127,-12.4028743178,False,-6.0
2014-02-01,Brown Bears,78.0,home,0.9395790209,18.1546654482,True,12.0
2014-02-01,Cornell Big Red,66.0,away,0.0604209791,-18.1546654482,False,-12.0
2014-02-01,VMI Keydets,107.0,home,0.9449477731,19.9849526649,True,14.0
2014-02-01,Presbyterian Blue Hose,93.0,away,0.0550522269,-19.9849526649,False,-14.0
2014-02-01,Saint Peter's Peacocks,53.0,home,0.47689805370000005,-0.5618172088,False,-18.0
2014-02-01,Rider Broncs,71.0,away,0.5231019463,0.5618172088,True,18.0
2014-02-01,Oakland Golden Grizzlies,86.0,home,0.4918839817,-0.2089535262,True,1.0
2014-02-01,Youngstown State Penguins,85.0,away,0.5081160183,0.2089535262,False,-1.0
2014-02-01,East Tennessee State Buccaneers,77.0,home,0.1407940049,-11.5239407274,False,-13.0
2014-02-01,Mercer Bears,90.0,away,0.8592059950999998,11.5239407274,True,13.0
2014-02-01,Detroit Mercy Titans,78.0,home,0.35097712659999997,-3.7929686225,False,-8.0
2014-02-01,Cleveland State Vikings,86.0,away,0.6490228734,3.7929686225,True,8.0
2014-02-01,Austin Peay Governors,88.0,home,0.4403156924,-1.5988951967,False,-8.0
2014-02-01,Murray State Racers,96.0,away,0.5596843076,1.5988951967,True,8.0
2014-02-01,Florida Gulf Coast Eagles,71.0,home,0.8951490082,12.5002881188,True,3.0
2014-02-01,Stetson Hatters,68.0,away,0.1048509918,-12.5002881188,False,-3.0
2014-02-01,Iona Gaels,85.0,home,0.6178996368,3.3338123386,True,12.0
2014-02-01,Manhattan Jaspers,73.0,away,0.3821003632,-3.3338123386,False,-12.0
2014-01-30,St. Bonaventure Bonnies,78.0,home,0.3845752721,-3.2117984962,True,13.0
2014-01-30,Massachusetts Minutemen,65.0,away,0.6154247279,3.2117984962,False,-13.0
2014-01-30,Kansas Jayhawks,92.0,home,0.7346922506,7.0170950698,True,11.0
2014-01-30,Iowa State Cyclones,81.0,away,0.2653077494,-7.0170950698,False,-11.0
2014-01-30,UCF Knights,59.0,home,0.22399501149999998,-8.4380787948,False,-10.0
2014-01-30,Memphis Tigers,69.0,away,0.7760049885,8.4380787948,True,10.0
2014-01-30,Stanford Cardinal,57.0,home,0.2643916369,-6.3855024377,False,-3.0
2014-01-30,Arizona Wildcats,60.0,away,0.7356083631,6.3855024377,True,3.0
2014-01-30,Ohio State Buckeyes,70.0,home,0.9338133193,16.1493599257,False,-1.0
2014-01-30,Penn State Nittany Lions,71.0,away,0.0661866807,-16.1493599257,True,1.0
2014-01-30,Saint Louis Billikens,77.0,home,0.8015228357,8.5846938618,True,20.0
2014-01-30,Richmond Spiders,57.0,away,0.1984771643,-8.5846938618,False,-20.0
2014-01-30,Wisconsin Badgers,56.0,home,0.9655882116,18.7967521006,False,-9.0
2014-01-30,Northwestern Wildcats,65.0,away,0.0344117884,-18.7967521006,True,9.0
2014-01-30,Kent State Golden Flashes,49.0,home,0.8886518668,12.4664070846,False,-1.0
2014-01-30,Northern Illinois Huskies,50.0,away,0.1113481332,-12.4664070846,True,1.0
2014-01-29,Sacred Heart Pioneers,78.0,home,0.33945278469999995,-4.2915070407,False,-5.0
2014-01-29,St. Francis Brooklyn Terriers,83.0,away,0.6605472153,4.2915070407,True,5.0
2014-01-30,Miami (OH) RedHawks,70.0,home,0.2595638046,-6.6775874869,False,-13.0
2014-01-30,Toledo Rockets,83.0,away,0.7404361954,6.6775874869,True,13.0
2014-01-30,Ohio Bobcats,71.0,home,0.9065323132,14.1050726878,True,4.0
2014-01-30,Central Michigan Chippewas,67.0,away,0.0934676868,-14.1050726878,False,-4.0
2014-01-30,New Hampshire Wildcats,60.0,home,0.7738327865,8.202409291,False,-8.0
2014-01-30,Maine Black Bears,68.0,away,0.2261672135,-8.202409291,True,8.0
2014-01-30,South Carolina Gamecocks,80.0,home,0.6156521994,2.9208797897,True,28.0
2014-01-30,Texas A&M Aggies,52.0,away,0.3843478006,-2.9208797897,False,-28.0
2014-01-30,Buffalo Bulls,84.0,home,0.6254665424,3.2709219953,True,21.0
2014-01-30,Western Michigan Broncos,63.0,away,0.37453345759999995,-3.2709219953,False,-21.0
2014-01-30,Eastern Michigan Eagles,69.0,home,0.7652939205,7.402877713,True,12.0
2014-01-30,Bowling Green Falcons,57.0,away,0.23470607950000003,-7.402877713,False,-12.0
2014-01-30,Hartford Hawks,60.0,home,0.3218597201999999,-4.2394880102,False,-7.0
2014-01-30,Vermont Catamounts,67.0,away,0.6781402798,4.2394880102,True,7.0
2014-01-30,Akron Zips,73.0,home,0.9036089386,13.9276035302,True,27.0
2014-01-30,Ball State Cardinals,46.0,away,0.0963910614,-13.9276035302,False,-27.0
2014-01-30,Detroit Mercy Titans,74.0,home,0.8156804403,9.4194717802,True,6.0
2014-01-30,UIC Flames,68.0,away,0.1843195597,-9.4194717802,False,-6.0
2014-01-30,Georgia Bulldogs,54.0,home,0.61317183,2.7298055146,False,-5.0
2014-01-30,Vanderbilt Commodores,59.0,away,0.38682817,-2.7298055146,True,5.0
2014-01-30,George Washington Revolutionaries,69.0,home,0.739893139,6.4602801631,True,22.0
2014-01-30,La Salle Explorers,47.0,away,0.260106861,-6.4602801631,False,-22.0
2014-01-30,Dayton Flyers,57.0,home,0.7702381259,7.3396299885,False,-3.0
2014-01-30,Saint Joseph's Hawks,60.0,away,0.2297618741,-7.3396299885,True,3.0
2014-01-30,UAlbany Great Danes,77.0,home,0.41053591589999994,-2.1384237704,True,10.0
2014-01-30,Stony Brook Seawolves,67.0,away,0.5894640841,2.1384237704,False,-10.0
2014-01-30,VCU Rams,76.0,home,0.9712372068,24.337001599,True,16.0
2014-01-30,Fordham Rams,60.0,away,0.0287627932,-24.337001599,False,-16.0
2014-01-30,Boston College Eagles,76.0,home,0.6452536515,3.5470191944,True,24.0
2014-01-30,Virginia Tech Hokies,52.0,away,0.35474634850000003,-3.5470191944,False,-24.0
2014-01-30,NJIT Highlanders,64.0,home,0.3376487669,-4.4191779488,False,-7.0
2014-01-30,Duquesne Dukes,71.0,away,0.6623512331000001,4.4191779488,True,7.0
2014-01-30,Binghamton Bearcats,61.0,home,0.5481553008,1.2295482787,False,-12.0
2014-01-30,UMBC Retrievers,73.0,away,0.4518446992,-1.2295482787,True,12.0
2014-01-30,Northeastern Huskies,46.0,home,0.7866774778,7.6049719964,False,-3.0
2014-01-30,James Madison Dukes,49.0,away,0.2133225222,-7.6049719964,True,3.0
2014-01-30,Hofstra Pride,74.0,home,0.2541386629,-6.269330089,False,-3.0
2014-01-30,Drexel Dragons,77.0,away,0.7458613371,6.269330089,True,3.0
2014-01-30,William & Mary Tribe,72.0,home,0.4272636498,-1.900194038,False,-17.0
2014-01-30,Delaware Blue Hens,89.0,away,0.5727363502,1.900194038,True,17.0
2014-01-30,Georgia Tech Yellow Jackets,65.0,home,0.3891837857,-3.0099289042,False,-13.0
2014-01-30,North Carolina Tar Heels,78.0,away,0.6108162143,3.0099289042,True,13.0
2014-01-30,Boston University Terriers,86.0,home,0.8147075264,9.557068733,True,5.0
2014-01-30,Army Black Knights,81.0,away,0.1852924736,-9.557068733,False,-5.0
2014-01-30,Winthrop Eagles,64.0,home,0.5847997385,2.1542320999,False,-12.0
2014-01-30,Radford Highlanders,76.0,away,0.4152002615,-2.1542320999,True,12.0
2014-01-30,Longwood Lancers,62.0,home,0.1730997765,-9.9598282757,False,-20.0
2014-01-30,Gardner-Webb Runnin' Bulldogs,82.0,away,0.8269002235,9.9598282757,True,20.0
2014-01-30,Lehigh Mountain Hawks,66.0,home,0.5645217589,1.5451467291,True,3.0
2014-01-30,Bucknell Bison,63.0,away,0.4354782411,-1.5451467291,False,-3.0
2014-01-30,Holy Cross Crusaders,60.0,home,0.8580524174,11.1685160066,True,9.0
2014-01-30,Loyola Maryland Greyhounds,51.0,away,0.1419475826,-11.1685160066,False,-9.0
2014-01-30,Coastal Carolina Chanticleers,66.0,home,0.7003913367999999,5.2285018431,True,2.0
2014-01-30,Liberty Flames,64.0,away,0.2996086632,-5.2285018431,False,-2.0
2014-01-30,American University Eagles,74.0,home,0.8889248612,11.5317498332,True,22.0
2014-01-30,Navy Midshipmen,52.0,away,0.11107513880000001,-11.5317498332,False,-22.0
2014-01-30,Campbell Fighting Camels,65.0,home,0.1320039846,-11.0947748512,True,8.0
2014-01-30,Charleston Southern Buccaneers,57.0,away,0.8679960153999999,11.0947748512,False,-8.0
2014-01-30,Temple Owls,88.0,home,0.7460463104,7.1297161066,True,6.0
2014-01-30,Rutgers Scarlet Knights,82.0,away,0.2539536896,-7.1297161066,False,-6.0
2014-01-30,Valparaiso Beacons,75.0,home,0.4184140297,-2.1038210236,True,15.0
2014-01-30,Green Bay Phoenix,60.0,away,0.5815859703,2.1038210236,False,-15.0
2014-01-30,Tennessee Volunteers,86.0,home,0.7857529033,8.165102237,True,16.0
2014-01-30,Ole Miss Rebels,70.0,away,0.21424709669999997,-8.165102237,False,-16.0
2014-01-30,Bradley Braves,64.0,home,0.5285213698,0.7108873764,True,19.0
2014-01-30,Illinois State Redbirds,45.0,away,0.4714786302,-0.7108873764,False,-19.0
2014-01-30,SIU Edwardsville Cougars,77.0,home,0.9896358176999999,30.8872182931,True,29.0
2014-01-30,Crowley's Ridge Pioneers,48.0,away,0.0103641823,-30.8872182931,False,-29.0
2014-01-30,Southern Illinois Salukis,79.0,home,0.241358542,-6.9258527165,True,19.0
2014-01-30,Indiana State Sycamores,60.0,away,0.758641458,6.9258527165,False,-19.0
2014-01-30,Northern Iowa Panthers,95.0,home,0.9052623289,13.8849828108,True,14.0
2014-01-30,Evansville Purple Aces,81.0,away,0.0947376711,-13.8849828108,False,-14.0
2014-01-30,Boise State Broncos,69.0,home,0.9388554033,16.6855908222,True,11.0
2014-01-30,Air Force Falcons,58.0,away,0.0611445967,-16.6855908222,False,-11.0
2014-01-30,Southeast Missouri State Redhawks,91.0,home,0.8539491754,12.4378105559,True,10.0
2014-01-30,Kansas City Roos,81.0,away,0.1460508246,-12.4378105559,False,-10.0
2014-01-30,Drake Bulldogs,84.0,home,0.6725371742,4.2864535613,True,10.0
2014-01-30,Missouri State Bears,74.0,away,0.32746282579999997,-4.2864535613,False,-10.0
2014-01-30,Seton Hall Pirates,57.0,home,0.744680498,6.3744525935,False,-7.0
2014-01-30,Butler Bulldogs,64.0,away,0.255319502,-6.3744525935,True,7.0
2014-01-30,Morehead State Eagles,73.0,home,0.513375165,0.3588798844,False,-3.0
2014-01-30,Belmont Bruins,76.0,away,0.486624835,-0.3588798844,True,3.0
2014-01-30,Wake Forest Demon Deacons,57.0,home,0.2883558936,-5.3574801449,False,-10.0
2014-01-30,Syracuse Orange,67.0,away,0.7116441064,5.3574801449,True,10.0
2014-01-30,NC State Wolfpack,74.0,home,0.314651709,-4.9931753156,True,4.0
2014-01-30,Florida State Seminoles,70.0,away,0.685348291,4.9931753156,False,-4.0
2014-01-30,Maryland Terrapins,74.0,home,0.8386959433999999,9.4784322646,True,3.0
2014-01-30,Miami Hurricanes,71.0,away,0.16130405660000002,-9.4784322646,False,-3.0
2014-01-30,San José State Spartans,46.0,home,0.1600343724,-10.4847497592,False,-24.0
2014-01-30,UNLV Rebels,70.0,away,0.8399656276,10.4847497592,True,24.0
2014-01-30,San Francisco Dons,84.0,home,0.622419086,3.2072206645,True,13.0
2014-01-30,Portland Pilots,71.0,away,0.377580914,-3.2072206645,False,-13.0
2014-01-30,Fresno State Bulldogs,67.0,home,0.41580224579999997,-1.9385014695,True,5.0
2014-01-30,Wyoming Cowboys,62.0,away,0.5841977542,1.9385014695,False,-5.0
2014-01-30,Nevada Wolf Pack,76.0,home,0.6155096107,2.9032405416,True,9.0
2014-01-30,Colorado State Rams,67.0,away,0.3844903893,-2.9032405416,False,-9.0
2014-01-30,California Golden Bears,78.0,home,0.6603560052,4.3788901618,False,-11.0
2014-01-30,Arizona State Sun Devils,89.0,away,0.33964399480000007,-4.3788901618,True,11.0
2014-01-30,Santa Clara Broncos,52.0,home,0.16272052739999998,-9.7696660095,False,-2.0
2014-01-30,Gonzaga Bulldogs,54.0,away,0.8372794726000001,9.7696660095,True,2.0
2014-01-26,Michigan State Spartans,75.0,home,0.6111017905,2.7030994489,False,-5.0
2014-01-26,Michigan Wolverines,80.0,away,0.3888982095,-2.7030994489,True,5.0
2014-01-26,Drake Bulldogs,61.0,home,0.2253918343,-7.3452585286,False,-17.0
2014-01-26,Wichita State Shockers,78.0,away,0.7746081657,7.3452585286,True,17.0
2014-01-25,Miami Hurricanes,52.0,home,0.16905400499999998,-7.9755549346,False,-12.0
2014-01-25,Syracuse Orange,64.0,away,0.830945995,7.9755549346,True,12.0
2014-01-25,Marquette Golden Eagles,85.0,home,0.4169216403,-2.1299743793,False,-9.0
2014-01-25,Villanova Wildcats,94.0,away,0.5830783597,2.1299743793,True,9.0
2014-01-26,TCU Horned Frogs,69.0,home,0.061495964,-17.2261545848,False,-22.0
2014-01-26,Kansas Jayhawks,91.0,away,0.9385040359999999,17.2261545848,True,22.0
2014-01-25,Florida Gators,67.0,home,0.8512637468000002,9.798390551,True,26.0
2014-01-25,Tennessee Volunteers,41.0,away,0.1487362532,-9.798390551,False,-26.0
2014-01-25,Oklahoma State Cowboys,81.0,home,0.9262466083,16.803554844,True,6.0
2014-01-25,West Virginia Mountaineers,75.0,away,0.0737533917,-16.803554844,False,-6.0
2014-01-26,Utah State Aggies,69.0,home,0.2878295029,-5.2346676027,False,-5.0
2014-01-26,San Diego State Aztecs,74.0,away,0.7121704971,5.2346676027,True,5.0
2014-01-25,Purdue Boilermakers,58.0,home,0.2486182335,-6.8939925827,False,-14.0
2014-01-25,Wisconsin Badgers,72.0,away,0.7513817665000001,6.8939925827,True,14.0
2014-01-25,Northwestern Wildcats,50.0,home,0.1154459923,-12.9301031509,False,-26.0
2014-01-25,Iowa Hawkeyes,76.0,away,0.8845540076999999,12.9301031509,True,26.0
2014-01-25,Maryland Terrapins,79.0,home,0.18728398850000003,-9.2706509962,False,-4.0
2014-01-25,Pittsburgh Panthers,83.0,away,0.8127160115,9.2706509962,True,4.0
2014-01-25,Iowa State Cyclones,81.0,home,0.8288575819999999,10.171123182,True,6.0
2014-01-25,Kansas State Wildcats,75.0,away,0.171142418,-10.171123182,False,-6.0
2014-01-25,Duke Blue Devils,78.0,home,0.9061327469,14.6847133041,True,22.0
2014-01-25,Florida State Seminoles,56.0,away,0.0938672531,-14.6847133041,False,-22.0
2014-01-25,Eastern Michigan Eagles,56.0,home,0.5033291389,0.0818435392,False,-2.0
2014-01-25,Ohio Bobcats,58.0,away,0.49667086109999997,-0.0818435392,True,2.0
2014-01-25,Baylor Bears,60.0,home,0.7561887372,7.2070764046,False,-14.0
2014-01-25,Texas Longhorns,74.0,away,0.2438112628,-7.2070764046,True,14.0
2014-01-25,Texas Tech Red Raiders,65.0,home,0.5183279573,0.4747925007,False,-9.0
2014-01-25,Oklahoma Sooners,74.0,away,0.48167204269999997,-0.4747925007,True,9.0
2014-01-25,George Mason Patriots,69.0,home,0.2934422279,-5.5845668824,False,-6.0
2014-01-25,George Washington Revolutionaries,75.0,away,0.7065577720999999,5.5845668824,True,6.0
2014-01-25,La Salle Explorers,89.0,home,0.3571635165,-3.8320924277,False,-8.0
2014-01-25,VCU Rams,97.0,away,0.6428364834999999,3.8320924277,True,8.0
2014-01-25,Cornell Big Red,58.0,home,0.1225413835,-11.4802846756,False,-16.0
2014-01-25,Columbia Lions,74.0,away,0.8774586164999999,11.4802846756,True,16.0
2014-01-25,Providence Friars,81.0,home,0.5244455492,0.5940555343,True,9.0
2014-01-25,Xavier Musketeers,72.0,away,0.4755544508,-0.5940555343,False,-9.0
2014-01-25,Delaware Blue Hens,83.0,home,0.8220747809,10.3039954528,True,7.0
2014-01-25,Towson Tigers,76.0,away,0.1779252191,-10.3039954528,False,-7.0
2014-01-25,Kennesaw State Owls,62.0,home,0.2649414988,-6.2352210716,False,-21.0
2014-01-25,Florida Gulf Coast Eagles,83.0,away,0.7350585012,6.2352210716,True,21.0
2014-01-25,Texas A&M Aggies,55.0,home,0.7311754488,5.8941737304,False,-11.0
2014-01-25,Vanderbilt Commodores,66.0,away,0.2688245512,-5.8941737304,True,11.0
2014-01-25,Saint Francis Red Flash,68.0,home,0.5672041358,1.6226390007,True,2.0
2014-01-25,Sacred Heart Pioneers,66.0,away,0.4327958642,-1.6226390007,False,-2.0
2014-01-25,Furman Paladins,52.0,home,0.2278832962,-6.9542806997,False,-24.0
2014-01-25,Wofford Terriers,76.0,away,0.7721167038,6.9542806997,True,24.0
2014-01-25,Bryant Bulldogs,83.0,home,0.6569068772,4.3001028192,True,4.0
2014-01-25,St. Francis Brooklyn Terriers,79.0,away,0.3430931228,-4.3001028192,False,-4.0
2014-01-25,Kentucky Wildcats,79.0,home,0.9512723263000001,18.4704648397,True,25.0
2014-01-25,Georgia Bulldogs,54.0,away,0.0487276737,-18.4704648397,False,-25.0
2014-01-25,Northern Illinois Huskies,67.0,home,0.37647909949999997,-3.0741193718,False,-8.0
2014-01-25,Buffalo Bulls,75.0,away,0.6235209005,3.0741193718,True,8.0
2014-01-25,Oakland Golden Grizzlies,76.0,home,0.8200521193,9.3775908642,True,1.0
2014-01-25,UIC Flames,75.0,away,0.1799478807,-9.3775908642,False,-1.0
2014-01-25,Cleveland State Vikings,69.0,home,0.7771565459,7.4949457936,True,19.0
2014-01-25,Valparaiso Beacons,50.0,away,0.2228434541,-7.4949457936,False,-19.0
2014-01-25,Radford Highlanders,61.0,home,0.6506730869999999,4.0219925737,False,-8.0
2014-01-25,Coastal Carolina Chanticleers,69.0,away,0.349326913,-4.0219925737,True,8.0
2014-01-25,James Madison Dukes,58.0,home,0.6891048263999999,4.6035007767,True,2.0
2014-01-25,Charleston Cougars,56.0,away,0.3108951736,-4.6035007767,False,-2.0
2014-01-25,Bucknell Bison,61.0,home,0.5843861831,2.0628078675,False,-3.0
2014-01-25,Boston University Terriers,64.0,away,0.4156138169,-2.0628078675,True,3.0
2014-01-25,Virginia Cavaliers,65.0,home,0.9447874677999999,16.7037398813,True,20.0
2014-01-25,Virginia Tech Hokies,45.0,away,0.055212532200000004,-16.7037398813,False,-20.0
2014-01-25,Wake Forest Demon Deacons,65.0,home,0.6333006623,3.4537388761,True,7.0
2014-01-25,Notre Dame Fighting Irish,58.0,away,0.3666993377,-3.4537388761,False,-7.0
2014-01-25,Mercer Bears,87.0,home,0.9802924526,22.6409661805,True,38.0
2014-01-25,Stetson Hatters,49.0,away,0.0197075474,-22.6409661805,False,-38.0
2014-01-25,North Dakota Fighting Hawks,84.0,home,0.5965971709,2.4638623224,True,16.0
2014-01-25,Northern Arizona Lumberjacks,68.0,away,0.40340282909999997,-2.4638623224,False,-16.0
2014-01-25,South Carolina Upstate Spartans,71.0,home,0.7570434306,7.277693311,True,11.0
2014-01-25,North Florida Ospreys,60.0,away,0.24295656940000002,-7.277693311,False,-11.0
2014-01-25,Omaha Mavericks,77.0,home,0.7980209921,9.5408672087,True,4.0
2014-01-25,South Dakota Coyotes,73.0,away,0.2019790079,-9.5408672087,False,-4.0
2014-01-25,UMBC Retrievers,60.0,home,0.3026003065,-5.1150567467,True,2.0
2014-01-25,Hartford Hawks,58.0,away,0.6973996935,5.1150567467,False,-2.0
2014-01-25,Portland Pilots,63.0,home,0.7928176744999998,8.1787307213,False,-2.0
2014-01-25,San Diego Toreros,65.0,away,0.2071823255,-8.1787307213,True,2.0
2014-01-25,Missouri Tigers,82.0,home,0.8597978898999998,11.6657770692,True,8.0
2014-01-25,South Carolina Gamecocks,74.0,away,0.1402021101,-11.6657770692,False,-8.0
2014-01-25,Colorado State Rams,66.0,home,0.5343647504,0.864200695,False,-2.0
2014-01-25,New Mexico Lobos,68.0,away,0.4656352496,-0.864200695,True,2.0
2014-01-25,Brown Bears,73.0,home,0.6029710712,2.7153124988,True,17.0
2014-01-25,Yale Bulldogs,56.0,away,0.3970289288,-2.7153124988,False,-17.0
2014-01-25,North Carolina Central Eagles,87.0,home,0.954689083,18.99155622,True,24.0
2014-01-25,Coppin State Eagles,63.0,away,0.045310917,-18.99155622,False,-24.0
2014-01-25,Ole Miss Rebels,82.0,home,0.874034284,13.0145278572,True,19.0
2014-01-25,Mississippi State Bulldogs,63.0,away,0.125965716,-13.0145278572,False,-19.0
2014-01-25,Richmond Spiders,77.0,home,0.6938942952000001,4.8973526738,True,15.0
2014-01-25,Saint Joseph's Hawks,62.0,away,0.3061057048,-4.8973526738,False,-15.0
2014-01-25,Butler Bulldogs,52.0,home,0.5862471198,2.1073112021,False,-17.0
2014-01-25,St. John's Red Storm,69.0,away,0.4137528802,-2.1073112021,True,17.0
2014-01-25,Rhode Island Rams,88.0,home,0.2796366244,-5.7917593614,True,12.0
2014-01-25,Dayton Flyers,76.0,away,0.7203633756,5.7917593614,False,-12.0
2014-01-25,Wyoming Cowboys,64.0,home,0.8027916135999998,7.8375785755,True,2.0
2014-01-25,Nevada Wolf Pack,62.0,away,0.1972083864,-7.8375785755,False,-2.0
2014-01-25,Drexel Dragons,66.0,home,0.8078084640000001,8.2246799607,False,-2.0
2014-01-25,William & Mary Tribe,68.0,away,0.192191536,-8.2246799607,True,2.0
2014-01-25,Loyola Chicago Ramblers,93.0,home,0.2626580264,-5.9157020666,True,6.0
2014-01-25,Northern Iowa Panthers,87.0,away,0.7373419736,5.9157020666,False,-6.0
2014-01-25,Hofstra Pride,57.0,home,0.53817927,0.8946438068,False,-13.0
2014-01-25,Northeastern Huskies,70.0,away,0.46182073,-0.8946438068,True,13.0
2014-01-25,Louisiana Ragin' Cajuns,70.0,home,0.7493080162,7.1755064692,False,-9.0
2014-01-25,Western Kentucky Hilltoppers,79.0,away,0.2506919838,-7.1755064692,True,9.0
2014-01-25,Army Black Knights,74.0,home,0.4216581255,-1.8727668636,False,-10.0
2014-01-25,American University Eagles,84.0,away,0.5783418745,1.8727668636,True,10.0
2014-01-25,Winthrop Eagles,58.0,home,0.6274632514,3.8021398352,True,1.0
2014-01-25,VMI Keydets,57.0,away,0.3725367486,-3.8021398352,False,-1.0
2014-01-25,Robert Morris Colonials,74.0,home,0.7860812070000001,8.5682937644,True,4.0
2014-01-25,Wagner Seahawks,70.0,away,0.213918793,-8.5682937644,False,-4.0
2014-01-25,Tulsa Golden Hurricane,63.0,home,0.6906560505,5.2889289643,False,-7.0
2014-01-25,UAB Blazers,70.0,away,0.3093439495,-5.2889289643,True,7.0
2014-01-25,East Tennessee State Buccaneers,76.0,home,0.7934047748,9.2073179686,True,1.0
2014-01-25,Jacksonville Dolphins,75.0,away,0.20659522519999998,-9.2073179686,False,-1.0
2014-01-25,UTEP Miners,81.0,home,0.9530656125,18.624263555,True,19.0
2014-01-25,UTSA Roadrunners,62.0,away,0.0469343875,-18.624263555,False,-19.0
2014-01-25,Abilene Christian Wildcats,51.0,home,0.1950549204,-8.609668229,False,-19.0
2014-01-25,Sam Houston Bearkats,70.0,away,0.8049450796,8.609668229,True,19.0
2014-01-25,Long Island University Sharks,75.0,home,0.5532611428,1.4213543994,True,4.0
2014-01-25,Mount St. Mary's Mountaineers,71.0,away,0.4467388572,-1.4213543994,False,-4.0
2014-01-25,Oral Roberts Golden Eagles,83.0,home,0.7905202292,9.4846162867,False,-4.0
2014-01-25,Northwestern State Demons,87.0,away,0.20947977079999996,-9.4846162867,True,4.0
2014-01-25,Bethune-Cookman Wildcats,69.0,home,0.7471470597,6.2714262312,True,6.0
2014-01-25,Maryland Eastern Shore Hawks,63.0,away,0.2528529403,-6.2714262312,False,-6.0
2014-01-25,Washington Huskies,87.0,home,0.5827514993,2.1681599973,True,6.0
2014-01-25,Oregon State Beavers,81.0,away,0.4172485007,-2.1681599973,False,-6.0
2014-01-25,Fairleigh Dickinson Knights,86.0,home,0.5671583225,1.7482033261,True,13.0
2014-01-25,Central Connecticut Blue Devils,73.0,away,0.4328416775,-1.7482033261,False,-13.0
2014-01-25,Incarnate Word Cardinals,75.0,home,0.8074008395,9.7588022125,True,11.0
2014-01-25,Lamar Cardinals,64.0,away,0.1925991605,-9.7588022125,False,-11.0
2014-01-25,South Dakota State Jackrabbits,77.0,home,0.1688729668,-9.5838960061,False,-8.0
2014-01-25,North Dakota State Bison,85.0,away,0.8311270332,9.5838960061,True,8.0
2014-01-25,Central Arkansas Bears,49.0,home,0.1125630751,-13.6494125728,False,-17.0
2014-01-25,Stephen F. Austin Lumberjacks,66.0,away,0.8874369249,13.6494125728,True,17.0
2014-01-25,UL Monroe Warhawks,58.0,home,0.2722013441,-5.8026536699,False,-8.0
2014-01-25,Georgia State Panthers,66.0,away,0.7277986559,5.8026536699,True,8.0
2014-01-25,UT Martin Skyhawks,82.0,home,0.6014352831,2.7359842745,False,-5.0
2014-01-25,SIU Edwardsville Cougars,87.0,away,0.3985647169,-2.7359842745,True,5.0
2014-01-25,Texas State Bobcats,73.0,home,0.59562912,2.1881312384,True,8.0
2014-01-25,Troy Trojans,65.0,away,0.40437087999999993,-2.1881312384,False,-8.0
2014-01-25,Charleston Southern Buccaneers,85.0,home,0.9859286743,27.4073951247,False,-3.0
2014-01-25,Longwood Lancers,88.0,away,0.0140713257,-27.4073951247,True,3.0
2014-01-25,Bowling Green Falcons,65.0,home,0.7653628687,7.2825268698,False,-5.0
2014-01-25,Miami (OH) RedHawks,70.0,away,0.2346371313,-7.2825268698,True,5.0
2014-01-25,Arkansas Razorbacks,86.0,home,0.9437934136,19.656391135,True,19.0
2014-01-25,Auburn Tigers,67.0,away,0.0562065864,-19.656391135,False,-19.0
2014-01-25,Saint Mary's Gaels,89.0,home,0.9090269137999999,14.5458370584,True,28.0
2014-01-25,Loyola Marymount Lions,61.0,away,0.0909730862,-14.5458370584,False,-28.0
2014-01-25,Florida International Panthers,66.0,home,0.5874834708,2.1256442711,True,9.0
2014-01-25,Florida Atlantic Owls,57.0,away,0.4125165292,-2.1256442711,False,-9.0
2014-01-25,Seton Hall Pirates,86.0,home,0.8731497729000001,12.3967536888,True,17.0
2014-01-25,DePaul Blue Demons,69.0,away,0.1268502271,-12.3967536888,False,-17.0
2014-01-25,Indiana State Sycamores,76.0,home,0.8441751833,10.8837195848,True,14.0
2014-01-25,Illinois State Redbirds,62.0,away,0.1558248167,-10.8837195848,False,-14.0
2014-01-25,Boise State Broncos,76.0,home,0.9746483402,22.6563794774,True,21.0
2014-01-25,San José State Spartans,55.0,away,0.0253516598,-22.6563794774,False,-21.0
2014-01-25,Florida A&M Rattlers,62.0,home,0.8541634684999999,11.8147329207,False,-7.0
2014-01-25,Howard Bison,69.0,away,0.1458365315,-11.8147329207,True,7.0
2014-01-25,Texas Southern Tigers,94.0,home,0.9295603064,18.3706776047,True,38.0
2014-01-25,Mississippi Valley State Delta Devils,56.0,away,0.0704396936,-18.3706776047,False,-38.0
2014-01-25,North Carolina A&T Aggies,68.0,home,0.409270237,-2.4445732605,True,1.0
2014-01-25,Morgan State Bears,67.0,away,0.590729763,2.4445732605,False,-1.0
2014-01-25,South Carolina State Bulldogs,73.0,home,0.4742191936,-0.6437649812,True,12.0
2014-01-25,Norfolk State Spartans,61.0,away,0.5257808064,0.6437649812,False,-12.0
2014-01-25,Savannah State Tigers,71.0,home,0.46781586799999997,-0.8545400802,False,-9.0
2014-01-25,Hampton Pirates,80.0,away,0.532184132,0.8545400802,True,9.0
2014-01-25,Southern Jaguars,66.0,home,0.9368663454,16.8973392198,True,14.0
2014-01-25,Alabama A&M Bulldogs,52.0,away,0.0631336546,-16.8973392198,False,-14.0
2014-01-25,Southeast Missouri State Redhawks,74.0,home,0.8885998689,13.4596580323,False,-3.0
2014-01-25,Eastern Illinois Panthers,77.0,away,0.1114001311,-13.4596580323,True,3.0
2014-01-25,Prairie View A&M Panthers,71.0,home,0.7101521542,5.6134566049,True,9.0
2014-01-25,Arkansas-Pine Bluff Golden Lions,62.0,away,0.2898478458,-5.6134566049,False,-9.0
2014-01-25,Alcorn State Braves,54.0,home,0.5803233732,1.9498028201,False,-4.0
2014-01-25,Alabama State Hornets,58.0,away,0.41967662680000006,-1.9498028201,True,4.0
2014-01-26,Samford Bulldogs,62.0,home,0.2662581433,-6.2857202437,True,3.0
2014-01-26,Elon Phoenix,59.0,away,0.7337418567,6.2857202437,False,-3.0
2014-01-26,Davidson Wildcats,82.0,home,0.8758534077,12.9217278645,True,30.0
2014-01-26,Georgia Southern Eagles,52.0,away,0.1241465923,-12.9217278645,False,-30.0
2014-01-26,Chattanooga Mocs,77.0,home,0.8171580030999999,10.2815322443,True,10.0
2014-01-26,UNC Greensboro Spartans,67.0,away,0.18284199690000003,-10.2815322443,False,-10.0
2014-01-26,Central Michigan Chippewas,74.0,home,0.4507472544,-1.2397475438,False,-8.0
2014-01-26,Akron Zips,82.0,away,0.5492527456,1.2397475438,True,8.0
2014-01-26,Duquesne Dukes,83.0,home,0.4213077139,-2.1093520222,True,2.0
2014-01-26,St. Bonaventure Bonnies,81.0,away,0.5786922861,2.1093520222,False,-2.0
2014-01-26,Arizona State Sun Devils,72.0,home,0.7370277199,6.7140822715,True,21.0
2014-01-26,Colorado Buffaloes,51.0,away,0.2629722801,-6.7140822715,False,-21.0
2014-01-26,Purdue Fort Wayne Mastodons,90.0,home,0.8863287521,13.1372802947,True,15.0
2014-01-26,IU Indianapolis Jaguars,75.0,away,0.1136712479,-13.1372802947,False,-15.0
2014-01-26,Long Beach State Beach,76.0,home,0.6528955395,3.878125834,True,14.0
2014-01-26,Cal State Northridge Matadors,62.0,away,0.3471044605,-3.878125834,False,-14.0
2014-01-26,Loyola Maryland Greyhounds,67.0,home,0.4609827963,-0.9437528226,True,7.0
2014-01-26,Colgate Raiders,60.0,away,0.5390172037,0.9437528226,False,-7.0
2014-01-26,Lehigh Mountain Hawks,71.0,home,0.7553736745999999,6.8050703292,True,3.0
2014-01-26,Lafayette Leopards,68.0,away,0.2446263254,-6.8050703292,False,-3.0
2014-01-26,Navy Midshipmen,52.0,home,0.4327509769,-1.6159186863,False,-15.0
2014-01-26,Holy Cross Crusaders,67.0,away,0.5672490231,1.6159186863,True,15.0
2014-01-26,East Carolina Pirates,46.0,home,0.2486412395,-6.7105930206,False,-14.0
2014-01-26,Southern Miss Golden Eagles,60.0,away,0.7513587605,6.7105930206,True,14.0
2014-01-26,Old Dominion Monarchs,70.0,home,0.8742743906,11.3658664446,True,6.0
2014-01-26,Tulane Green Wave,64.0,away,0.1257256094,-11.3658664446,False,-6.0
2014-01-26,Rutgers Scarlet Knights,71.0,home,0.1458402039,-11.2009903929,False,-11.0
2014-01-26,UConn Huskies,82.0,away,0.8541597961,11.2009903929,True,11.0
2014-01-26,Liberty Flames,65.0,home,0.9429022168,16.0677723059,True,12.0
2014-01-26,Presbyterian Blue Hose,53.0,away,0.0570977832,-16.0677723059,False,-12.0
2014-01-26,High Point Panthers,78.0,home,0.4455258287,-1.3500159513,True,11.0
2014-01-26,UNC Asheville Bulldogs,67.0,away,0.5544741713,1.3500159513,False,-11.0
2014-01-26,Youngstown State Penguins,68.0,home,0.6368460586,3.4588421902,True,1.0
2014-01-26,Wright State Raiders,67.0,away,0.3631539414,-3.4588421902,False,-1.0
2014-01-26,Gardner-Webb Runnin' Bulldogs,66.0,home,0.855672528,10.3978407862,True,18.0
2014-01-26,Campbell Fighting Camels,48.0,away,0.144327472,-10.3978407862,False,-18.0
2014-01-26,The Citadel Bulldogs,60.0,home,0.214299444,-8.3441854257,False,-18.0
2014-01-26,Western Carolina Catamounts,78.0,away,0.785700556,8.3441854257,True,18.0
2014-01-26,Texas A&M-Corpus Christi Islanders,62.0,home,0.7214043422,6.0941272715,False,-8.0
2014-01-26,New Orleans Privateers,70.0,away,0.2785956578,-6.0941272715,True,8.0
2014-01-26,Pennsylvania Quakers,89.0,home,0.7605347535999999,7.8645765912,True,15.0
2014-01-26,NJIT Highlanders,74.0,away,0.2394652464,-7.8645765912,False,-15.0
2014-01-26,San Francisco Dons,75.0,home,0.6247829994,3.1217518887,True,9.0
2014-01-26,Santa Clara Broncos,66.0,away,0.3752170006,-3.1217518887,False,-9.0
2014-01-26,Austin Peay Governors,83.0,home,0.5819277071,2.2046044021,True,14.0
2014-01-26,Tennessee Tech Golden Eagles,69.0,away,0.4180722929,-2.2046044021,False,-14.0
2014-01-26,Alabama Crimson Tide,82.0,home,0.6219753556,3.1731214205,True,2.0
2014-01-26,LSU Tigers,80.0,away,0.3780246444,-3.1731214205,False,-2.0
2014-01-26,Western Illinois Leathernecks,55.0,home,0.4180770494,-1.7124775826,False,-12.0
2014-01-26,Denver Pioneers,67.0,away,0.5819229506,1.7124775826,True,12.0
2014-01-26,Missouri State Bears,69.0,home,0.8332735015,9.6296107099,True,6.0
2014-01-26,Southern Illinois Salukis,63.0,away,0.1667264985,-9.6296107099,False,-6.0
2014-01-26,North Texas Mean Green,63.0,home,0.3653839037,-3.6113625678,False,-7.0
2014-01-26,Middle Tennessee Blue Raiders,70.0,away,0.6346160963,3.6113625678,True,7.0
2014-01-26,Louisiana Tech Bulldogs,98.0,home,0.9698918234,24.8925424258,True,21.0
2014-01-26,Marshall Thundering Herd,77.0,away,0.0301081766,-24.8925424258,False,-21.0
2014-01-26,Rice Owls,71.0,home,0.2251034602,-7.8114337002,True,2.0
2014-01-26,Charlotte 49ers,69.0,away,0.7748965398,7.8114337002,False,-2.0
2014-01-26,Arkansas State Red Wolves,77.0,home,0.8268861721999999,10.4720714862,True,28.0
2014-01-26,Little Rock Trojans,49.0,away,0.17311382780000004,-10.4720714862,False,-28.0
2014-01-26,Creighton Bluejays,76.0,home,0.9031467657000001,13.6670136856,True,13.0
2014-01-26,Georgetown Hoyas,63.0,away,0.09685323429999998,-13.6670136856,False,-13.0
2014-01-26,Belmont Bruins,84.0,home,0.5814876369,2.0812377805,True,3.0
2014-01-26,Eastern Kentucky Colonels,81.0,away,0.41851236309999995,-2.0812377805,False,-3.0
2014-01-26,Murray State Racers,73.0,home,0.849425651,10.1646966631,True,8.0
2014-01-26,Jacksonville State Gamecocks,65.0,away,0.150574349,-10.1646966631,False,-8.0
2014-01-26,Houston Christian Huskies,52.0,home,0.4465887231,-1.3354077213,False,-8.0
2014-01-26,SE Louisiana Lions,60.0,away,0.5534112769,1.3354077213,True,8.0
2014-01-26,UT Arlington Mavericks,73.0,home,0.7081445217,5.6884526112,True,8.0
2014-01-26,South Alabama Jaguars,65.0,away,0.2918554783,-5.6884526112,False,-8.0
2014-01-26,New Mexico State Aggies,90.0,home,0.9580980545,20.0738993642,True,12.0
2014-01-26,UT Rio Grande Valley Vaqueros,78.0,away,0.0419019455,-20.0738993642,False,-12.0
2014-01-26,Tennessee State Tigers,74.0,home,0.2579580469,-7.0030290853,False,-6.0
2014-01-26,Morehead State Eagles,80.0,away,0.7420419531,7.0030290853,True,6.0
2014-01-26,Jackson State Tigers,76.0,home,0.9713165188,22.3347949942,True,17.0
2014-01-26,Grambling Tigers,59.0,away,0.0286834812,-22.3347949942,False,-17.0
2014-01-26,Utah Valley Wolverines,62.0,home,0.9035790949,13.7902022463,True,7.0
2014-01-26,Chicago State Cougars,55.0,away,0.0964209051,-13.7902022463,False,-7.0
2014-01-26,Grand Canyon Lopes,71.0,home,0.4980060917,-0.0502004107,True,8.0
2014-01-26,Seattle U Redhawks,63.0,away,0.5019939083,0.0502004107,False,-8.0
2014-01-26,Weber State Wildcats,68.0,home,0.8261529315,8.6369420535,True,5.0
2014-01-26,Montana Grizzlies,63.0,away,0.1738470685,-8.6369420535,False,-5.0
2014-01-26,Idaho State Bengals,69.0,home,0.6726042215,4.4024278666,True,5.0
2014-01-26,Montana State Bobcats,64.0,away,0.3273957785,-4.4024278666,False,-5.0
2014-01-26,Northern Colorado Bears,72.0,home,0.9162410571000001,13.7832858245,True,10.0
2014-01-26,Sacramento State Hornets,62.0,away,0.0837589429,-13.7832858245,False,-10.0
2014-01-26,Pacific Tigers,76.0,home,0.7566081406,7.2074151297,True,10.0
2014-01-26,Pepperdine Waves,66.0,away,0.2433918594,-7.2074151297,False,-10.0
2014-01-26,Gonzaga Bulldogs,84.0,home,0.8215279821,10.5446196446,True,15.0
2014-01-26,BYU Cougars,69.0,away,0.1784720179,-10.5446196446,False,-15.0
2014-01-26,UC Riverside Highlanders,61.0,home,0.3007791468,-4.7932145033,True,3.0
2014-01-26,Cal Poly Mustangs,58.0,away,0.6992208532,4.7932145033,False,-3.0
2014-01-26,Cal State Bakersfield Roadrunners,69.0,home,0.9090279934000001,14.8312297921,False,-1.0
2014-01-26,Kansas City Roos,70.0,away,0.0909720066,-14.8312297921,True,1.0
2014-01-26,UC Irvine Anteaters,86.0,home,0.6680499334,4.6208716193,False,-4.0
2014-01-26,Hawai'i Rainbow Warriors,90.0,away,0.3319500666,-4.6208716193,True,4.0
2014-01-26,Cal State Fullerton Titans,74.0,home,0.3256669314,-4.3343331914,True,2.0
2014-01-26,UC Santa Barbara Gauchos,72.0,away,0.6743330686,4.3343331914,False,-2.0
2014-01-26,UNLV Rebels,75.0,home,0.9075052386,14.8408765335,True,2.0
2014-01-26,Fresno State Bulldogs,73.0,away,0.0924947614,-14.8408765335,False,-2.0
2014-01-26,Portland State Vikings,67.0,home,0.9239355501,14.8856569978,True,3.0
2014-01-26,Southern Utah Thunderbirds,64.0,away,0.0760644499,-14.8856569978,False,-3.0
2014-02-02,East Tennessee State Buccaneers,86.0,home,0.894026297,13.8894523699,True,13.0
2014-02-02,Kennesaw State Owls,73.0,away,0.105973703,-13.8894523699,False,-13.0
2014-02-02,Bowling Green Falcons,74.0,home,0.532802518,0.8424891666,True,6.0
2014-02-02,Buffalo Bulls,68.0,away,0.467197482,-0.8424891666,False,-6.0
2014-02-02,South Carolina Upstate Spartans,80.0,home,0.24011089040000003,-7.0291725241,True,19.0
2014-02-02,Mercer Bears,61.0,away,0.7598891096,7.0291725241,False,-19.0
2014-02-02,Cincinnati Bearcats,50.0,home,0.9651726976,19.7673911652,True,5.0
2014-02-02,South Florida Bulls,45.0,away,0.0348273024,-19.7673911652,False,-5.0
2014-02-02,Milwaukee Panthers,86.0,home,0.6675219922,4.5121543869,True,22.0
2014-02-02,Oakland Golden Grizzlies,64.0,away,0.3324780078,-4.5121543869,False,-22.0
2014-02-02,Pittsburgh Panthers,45.0,home,0.7261190255,5.4522199802,False,-3.0
2014-02-02,Virginia Cavaliers,48.0,away,0.2738809745,-5.4522199802,True,3.0
2014-02-02,Penn State Nittany Lions,79.0,home,0.6383686266,3.7235736108,True,11.0
2014-02-02,Purdue Boilermakers,68.0,away,0.3616313734,-3.7235736108,False,-11.0
2014-02-02,Indiana Hoosiers,63.0,home,0.265755284,-6.3248966767,True,11.0
2014-02-02,Michigan Wolverines,52.0,away,0.7342447159999999,6.3248966767,False,-11.0
2014-02-02,Sacred Heart Pioneers,67.0,home,0.3063313758,-5.3667288634,False,-9.0
2014-02-02,Bryant Bulldogs,76.0,away,0.6936686242000001,5.3667288634,True,9.0
2014-02-02,Oregon State Beavers,71.0,home,0.2618697302,-6.9628778393,True,4.0
2014-02-02,UCLA Bruins,67.0,away,0.7381302697999998,6.9628778393,False,-4.0
2014-02-02,James Madison Dukes,79.0,home,0.4592494139,-0.9555600822,False,-2.0
2014-02-02,William & Mary Tribe,81.0,away,0.5407505861,0.9555600822,True,2.0
2014-01-31,Mississippi State Bulldogs,51.0,home,0.0574214786,-16.7971197434,False,-11.0
2014-01-31,Florida Gators,62.0,away,0.9425785214,16.7971197434,True,11.0
2014-01-31,Louisville Cardinals,66.0,home,0.8766234599,12.1414542507,False,-3.0
2014-01-31,Cincinnati Bearcats,69.0,away,0.1233765401,-12.1414542507,True,3.0
2014-01-31,Georgia Southern Eagles,83.0,home,0.8269288267,10.0053622877,True,31.0
2014-01-31,The Citadel Bulldogs,52.0,away,0.1730711733,-10.0053622877,False,-31.0
2014-01-31,Elon Phoenix,74.0,home,0.6999701235000001,5.360901936,True,14.0
2014-01-31,Western Carolina Catamounts,60.0,away,0.3000298765,-5.360901936,False,-14.0
2014-01-31,Davidson Wildcats,94.0,home,0.8035294942,9.5921687637,True,43.0
2014-01-31,Chattanooga Mocs,51.0,away,0.19647050579999997,-9.5921687637,False,-43.0
2014-01-31,UNC Greensboro Spartans,66.0,home,0.6756742247000002,4.8227110343,True,5.0
2014-01-31,App State Mountaineers,61.0,away,0.3243257753,-4.8227110343,False,-5.0
2014-01-31,Marist Red Foxes,75.0,home,0.6215001957,3.1631785253,True,2.0
2014-01-31,Monmouth Hawks,73.0,away,0.3784998043,-3.1631785253,False,-2.0
2014-01-31,Eastern Kentucky Colonels,89.0,home,0.9700982143,22.5710466522,True,23.0
2014-01-31,UT Martin Skyhawks,66.0,away,0.0299017857,-22.5710466522,False,-23.0
2014-01-31,Michigan Wolverines,75.0,home,0.9387643649,16.9936616448,True,9.0
2014-01-31,Purdue Boilermakers,66.0,away,0.06123563509999999,-16.9936616448,False,-9.0
2014-01-31,Marquette Golden Eagles,61.0,home,0.7111749852,5.3713114302,True,11.0
2014-01-31,Providence Friars,50.0,away,0.2888250148,-5.3713114302,False,-11.0
2014-01-31,Charlotte 49ers,62.0,home,0.8210932079,9.6965711348,True,9.0
2014-01-31,Florida Atlantic Owls,53.0,away,0.1789067921,-9.6965711348,False,-9.0
2014-01-31,Saint Francis Red Flash,69.0,home,0.637722759,3.5506318553,True,6.0
2014-01-31,Central Connecticut Blue Devils,63.0,away,0.362277241,-3.5506318553,False,-6.0
2014-01-31,Jacksonville Dolphins,76.0,home,0.6235557848,3.5008436635,False,-12.0
2014-01-31,Lipscomb Bisons,88.0,away,0.37644421520000004,-3.5008436635,True,12.0
2014-01-31,IU Indianapolis Jaguars,54.0,home,0.47267038100000003,-0.647006505,False,-15.0
2014-01-31,Western Illinois Leathernecks,69.0,away,0.527329619,0.647006505,True,15.0
2014-01-31,Marshall Thundering Herd,80.0,home,0.7278469590000001,6.4647892231,True,12.0
2014-01-31,Florida International Panthers,68.0,away,0.272153041,-6.4647892231,False,-12.0
2014-01-31,Purdue Fort Wayne Mastodons,86.0,home,0.7238542575,6.7153759291,True,4.0
2014-01-31,Omaha Mavericks,82.0,away,0.2761457425,-6.7153759291,False,-4.0
2014-01-31,Long Island University Sharks,68.0,home,0.3440499913,-4.2811149983,False,-7.0
2014-01-31,Wagner Seahawks,75.0,away,0.6559500087,4.2811149983,True,7.0
2014-01-31,Mount St. Mary's Mountaineers,87.0,home,0.7735669846,7.9216189393,True,5.0
2014-01-31,Fairleigh Dickinson Knights,82.0,away,0.2264330154,-7.9216189393,False,-5.0
2014-01-31,Quinnipiac Bobcats,74.0,home,0.6946853423,5.3103358577,False,-12.0
2014-01-31,Canisius Golden Griffins,86.0,away,0.3053146577,-5.3103358577,True,12.0
2014-01-31,North Florida Ospreys,67.0,home,0.8261526516,9.4730119122,True,1.0
2014-01-31,Northern Kentucky Norse,66.0,away,0.1738473484,-9.4730119122,False,-1.0
2014-01-31,Milwaukee Panthers,68.0,home,0.5001043494,0.0026061087,True,4.0
2014-01-31,Wright State Raiders,64.0,away,0.4998956506,-0.0026061087,False,-4.0
2014-01-31,Western Kentucky Hilltoppers,77.0,home,0.8166332926,9.5668037713,True,5.0
2014-01-31,UT Arlington Mavericks,72.0,away,0.1833667074,-9.5668037713,False,-5.0
2014-01-31,UL Monroe Warhawks,72.0,home,0.3571490504,-3.631730805,True,7.0
2014-01-31,Arkansas State Red Wolves,65.0,away,0.6428509496,3.631730805,False,-7.0
2014-01-31,South Dakota Coyotes,63.0,home,0.1257411121,-11.7897830666,False,-3.0
2014-01-31,North Dakota State Bison,66.0,away,0.8742588878999998,11.7897830666,True,3.0
2014-01-31,Tennessee Tech Golden Eagles,68.0,home,0.794037647,8.4427633323,False,-13.0
2014-01-31,Tennessee State Tigers,81.0,away,0.205962353,-8.4427633323,True,13.0
2014-01-31,Little Rock Trojans,80.0,home,0.33939635530000006,-4.5652573972,True,11.0
2014-01-31,Louisiana Ragin' Cajuns,69.0,away,0.6606036447,4.5652573972,False,-11.0
2014-01-31,UT Rio Grande Valley Vaqueros,53.0,home,0.487691409,-0.2948658956,False,-14.0
2014-01-31,Utah Valley Wolverines,67.0,away,0.512308591,0.2948658956,True,14.0
2014-01-31,Robert Morris Colonials,79.0,home,0.7290831941,6.4236241171,True,3.0
2014-01-31,Bryant Bulldogs,76.0,away,0.2709168059,-6.4236241171,False,-3.0
2014-01-31,UAB Blazers,75.0,home,0.7386120862,6.5949461404,True,9.0
2014-01-31,Old Dominion Monarchs,66.0,away,0.2613879138,-6.5949461404,False,-9.0
2014-01-31,Middle Tennessee Blue Raiders,84.0,home,0.8371919109,10.3144710448,True,17.0
2014-01-31,East Carolina Pirates,67.0,away,0.1628080891,-10.3144710448,False,-17.0
2014-01-31,Chicago State Cougars,75.0,home,0.596130217,2.5300837857,False,-1.0
2014-01-31,Grand Canyon Lopes,76.0,away,0.403869783,-2.5300837857,True,1.0
2014-01-31,Auburn Tigers,74.0,home,0.3920850864,-2.7216616273,True,19.0
2014-01-31,Alabama Crimson Tide,55.0,away,0.6079149136,2.7216616273,False,-19.0
2014-01-31,Nebraska Cornhuskers,60.0,home,0.4307227338,-1.8375597734,True,5.0
2014-01-31,Indiana Hoosiers,55.0,away,0.5692772662,1.8375597734,False,-5.0
2014-01-31,Northern Arizona Lumberjacks,67.0,home,0.4445648029,-1.2952706252,False,-9.0
2014-01-31,Weber State Wildcats,76.0,away,0.5554351971,1.2952706252,True,9.0
2014-01-31,SE Louisiana Lions,85.0,home,0.6406309215,3.8628058652,False,-5.0
2014-01-31,New Orleans Privateers,90.0,away,0.3593690785,-3.8628058652,True,5.0
2014-01-31,Northwestern State Demons,100.0,home,0.7795664646,9.5422011069,True,14.0
2014-01-31,Incarnate Word Cardinals,86.0,away,0.2204335354,-9.5422011069,False,-14.0
2014-01-31,Sam Houston Bearkats,78.0,home,0.9016353034,13.2366742926,True,4.0
2014-01-31,Texas A&M-Corpus Christi Islanders,74.0,away,0.09836469659999998,-13.2366742926,False,-4.0
2014-01-31,Lamar Cardinals,59.0,home,0.6187077384,3.1502571222,True,2.0
2014-01-31,Houston Christian Huskies,57.0,away,0.3812922616,-3.1502571222,False,-2.0
2014-01-31,McNeese Cowboys,75.0,home,0.6982350070999999,5.7323278477,False,-1.0
2014-01-31,Central Arkansas Bears,76.0,away,0.3017649929,-5.7323278477,True,1.0
2014-01-31,Siena Saints,66.0,home,0.7467617454,7.4094997539,True,4.0
2014-01-31,Niagara Purple Eagles,62.0,away,0.2532382546,-7.4094997539,False,-4.0
2014-01-31,Oregon State Beavers,76.0,home,0.8556495247,11.8002158456,True,1.0
2014-01-31,USC Trojans,75.0,away,0.1443504753,-11.8002158456,False,-1.0
2014-01-31,Oregon Ducks,68.0,home,0.5919614135,2.6204989326,False,-2.0
2014-01-31,UCLA Bruins,70.0,away,0.4080385865,-2.6204989326,True,2.0
2014-01-31,BYU Cougars,88.0,home,0.8908432086000001,14.8225099047,True,10.0
2014-01-31,Pacific Tigers,78.0,away,0.1091567914,-14.8225099047,False,-10.0
2014-01-31,Stephen F. Austin Lumberjacks,64.0,home,0.9658491565,19.5279059965,True,16.0
2014-01-31,Abilene Christian Wildcats,48.0,away,0.0341508435,-19.5279059965,False,-16.0
2014-01-31,Denver Pioneers,73.0,home,0.8557722594,9.8685912085,False,-1.0
2014-01-31,South Dakota State Jackrabbits,74.0,away,0.1442277406,-9.8685912085,True,1.0
2014-01-31,UTSA Roadrunners,89.0,home,0.5411301658,1.0171071472,True,13.0
2014-01-31,Rice Owls,76.0,away,0.4588698342,-1.0171071472,False,-13.0
2014-01-31,Nicholls Colonels,73.0,home,0.35228165350000007,-3.6438947762,True,1.0
2014-01-31,Oral Roberts Golden Eagles,72.0,away,0.6477183465,3.6438947762,False,-1.0
2014-01-31,Southern Utah Thunderbirds,61.0,home,0.1492928473,-9.7870430465,False,-8.0
2014-01-31,Montana Grizzlies,69.0,away,0.8507071527,9.7870430465,True,8.0
2014-01-31,New Mexico State Aggies,89.0,home,0.8988630067,13.6401165363,True,3.0
2014-01-31,Cal State Bakersfield Roadrunners,86.0,away,0.1011369933,-13.6401165363,False,-3.0
2014-01-31,UConn Huskies,80.0,home,0.9620086951000001,20.0426514403,True,37.0
2014-01-31,Houston Cougars,43.0,away,0.0379913049,-20.0426514403,False,-37.0
2014-01-31,UTEP Miners,89.0,home,0.23075005820000002,-8.0185240603,True,10.0
2014-01-31,Louisiana Tech Bulldogs,79.0,away,0.7692499418,8.0185240603,False,-10.0
2014-01-31,Eastern Washington Eagles,61.0,home,0.6888548432,5.4475116063,False,-12.0
2014-01-31,North Dakota Fighting Hawks,73.0,away,0.3111451568,-5.4475116063,True,12.0
2014-01-31,Cal State Northridge Matadors,93.0,home,0.7363448708,6.4925710596,True,4.0
2014-01-31,UC Riverside Highlanders,89.0,away,0.2636551292,-6.4925710596,False,-4.0
2014-01-31,San Diego Toreros,61.0,home,0.2347853643,-6.6101949878,True,18.0
2014-01-31,Saint Mary's Gaels,43.0,away,0.7652146357,6.6101949878,False,-18.0
2014-01-31,Sacramento State Hornets,84.0,home,0.46544635380000005,-0.7914409055,True,6.0
2014-01-31,Idaho State Bengals,78.0,away,0.5345536462,0.7914409055,False,-6.0
2014-01-31,UC Santa Barbara Gauchos,80.0,home,0.6610519247,3.9881928979,True,20.0
2014-01-31,UC Irvine Anteaters,60.0,away,0.33894807530000004,-3.9881928979,False,-20.0
2014-01-31,Portland State Vikings,80.0,home,0.3664931114,-3.3162058035,True,23.0
2014-01-31,Northern Colorado Bears,57.0,away,0.6335068886,3.3162058035,False,-23.0
2014-01-31,Hawai'i Rainbow Warriors,83.0,home,0.8860951034,13.249442622,False,-9.0
2014-01-31,Long Beach State Beach,92.0,away,0.1139048966,-13.249442622,True,9.0
2014-01-31,Cal Poly Mustangs,58.0,home,0.9236792684000001,14.1648750622,False,-4.0
2014-01-31,UC Davis Aggies,62.0,away,0.0763207316,-14.1648750622,True,4.0
2014-02-04,Morgan State Bears,94.0,home,0.6064420185,2.9972316744,True,2.0
2014-02-04,Hampton Pirates,92.0,away,0.3935579815,-2.9972316744,False,-2.0
2014-02-04,Oklahoma State Cowboys,97.0,home,0.7591236696999999,8.0070687444,False,-1.0
2014-02-04,Iowa State Cyclones,98.0,away,0.2408763303,-8.0070687444,True,1.0
2014-02-04,Villanova Wildcats,81.0,home,0.8386664527,10.5414357444,True,23.0
2014-02-04,Xavier Musketeers,58.0,away,0.16133354730000002,-10.5414357444,False,-23.0
2014-02-04,Rider Broncs,73.0,home,0.8074262461,8.9219173916,True,8.0
2014-02-04,Fairfield Stags,65.0,away,0.1925737539,-8.9219173916,False,-8.0
2014-02-04,Delaware Blue Hens,80.0,home,0.8624325009,11.865823608,True,13.0
2014-02-04,Northeastern Huskies,67.0,away,0.1375674991,-11.865823608,False,-13.0
2014-02-04,Furman Paladins,68.0,home,0.5545809094,1.3146730602,False,-8.0
2014-02-04,Samford Bulldogs,76.0,away,0.4454190906,-1.3146730602,True,8.0
2014-02-04,Syracuse Orange,61.0,home,0.9185102883,13.6815356691,True,6.0
2014-02-04,Notre Dame Fighting Irish,55.0,away,0.0814897117,-13.6815356691,False,-6.0
2014-02-04,UMass Lowell River Hawks,73.0,home,0.5070086013,0.1698348808,True,9.0
2014-02-04,NJIT Highlanders,64.0,away,0.4929913987,-0.1698348808,False,-9.0
2014-02-04,Drexel Dragons,61.0,home,0.9419965472,16.2132617845,True,11.0
2014-02-04,UNC Wilmington Seahawks,50.0,away,0.0580034528,-16.2132617845,False,-11.0
2014-02-04,Georgia State Panthers,85.0,home,0.9049275162000001,13.564163845,True,20.0
2014-02-04,South Alabama Jaguars,65.0,away,0.0950724838,-13.564163845,False,-20.0
2014-02-04,Howard Bison,68.0,home,0.5543086707,1.386127775,True,8.0
2014-02-04,North Carolina A&T Aggies,60.0,away,0.4456913293,-1.386127775,False,-8.0
2014-02-04,Maryland Eastern Shore Hawks,62.0,home,0.0566441044,-16.7842408594,False,-4.0
2014-02-04,North Carolina Central Eagles,66.0,away,0.9433558956,16.7842408594,True,4.0
2014-02-04,Bethune-Cookman Wildcats,91.0,home,0.6117228769,2.633404729,True,32.0
2014-02-04,South Carolina State Bulldogs,59.0,away,0.3882771231,-2.633404729,False,-32.0
2014-02-04,Coppin State Eagles,54.0,home,0.6310701203,3.0434041261,True,1.0
2014-02-04,Delaware State Hornets,53.0,away,0.3689298797,-3.0434041261,False,-1.0
2014-02-04,Mississippi Valley State Delta Devils,75.0,home,0.8992349136,15.189280886,True,8.0
2014-02-04,Grambling Tigers,67.0,away,0.1007650864,-15.189280886,False,-8.0
2014-02-04,Florida A&M Rattlers,54.0,home,0.6267673743,3.4593379248,True,3.0
2014-02-04,Savannah State Tigers,51.0,away,0.3732326257,-3.4593379248,False,-3.0
2014-02-04,Arkansas-Pine Bluff Golden Lions,70.0,home,0.4394845735,-1.5110034139,True,1.0
2014-02-04,Jackson State Tigers,69.0,away,0.5605154265,1.5110034139,False,-1.0
2014-02-04,DePaul Blue Demons,59.0,home,0.2737085016,-6.2084207956,False,-12.0
2014-02-04,Georgetown Hoyas,71.0,away,0.7262914984,6.2084207956,True,12.0
2014-02-04,Alabama A&M Bulldogs,67.0,home,0.6952835178,5.1284505118,True,12.0
2014-02-04,Prairie View A&M Panthers,55.0,away,0.3047164822,-5.1284505118,False,-12.0
2014-02-04,Alabama State Hornets,79.0,home,0.5253315203,0.6632082745,True,6.0
2014-02-04,Texas Southern Tigers,73.0,away,0.4746684797,-0.6632082745,False,-6.0
2014-02-04,Montana State Bobcats,66.0,home,0.5781181183,1.8460157405,False,-4.0
2014-02-04,Montana Grizzlies,70.0,away,0.4218818817,-1.8460157405,True,4.0
2014-02-05,Manhattan Jaspers,64.0,home,0.9272943946,16.0752009417,True,15.0
2014-02-05,Saint Peter's Peacocks,49.0,away,0.0727056054,-16.0752009417,False,-15.0
2014-02-05,Baylor Bears,52.0,home,0.40556479519999994,-2.3374422441,False,-17.0
2014-02-05,Kansas Jayhawks,69.0,away,0.5944352048,2.3374422441,True,17.0
2014-02-05,Memphis Tigers,101.0,home,0.9563169901999999,21.0922357602,True,32.0
2014-02-05,Rutgers Scarlet Knights,69.0,away,0.0436830098,-21.0922357602,False,-32.0
2014-02-05,Duke Blue Devils,83.0,home,0.9680387746,21.9668610353,True,20.0
2014-02-05,Wake Forest Demon Deacons,63.0,away,0.0319612254,-21.9668610353,False,-20.0
2014-02-05,Kentucky Wildcats,80.0,home,0.9128039652999999,15.6293933698,True,16.0
2014-02-05,Ole Miss Rebels,64.0,away,0.0871960347,-15.6293933698,False,-16.0
2014-02-05,Iowa Hawkeyes,69.0,home,0.7014257327,5.580129712,False,-7.0
2014-02-05,Ohio State Buckeyes,76.0,away,0.2985742673,-5.580129712,True,7.0
2014-02-05,TCU Horned Frogs,54.0,home,0.1510553342,-11.22345115,False,-5.0
2014-02-05,Texas Longhorns,59.0,away,0.8489446657999999,11.22345115,True,5.0
2014-02-05,Northern Illinois Huskies,53.0,home,0.5497910367,1.1749236704,True,12.0
2014-02-05,Miami (OH) RedHawks,41.0,away,0.4502089633,-1.1749236704,False,-12.0
2014-02-05,Florida Gators,68.0,home,0.9282905138,14.9436079696,True,10.0
2014-02-05,Missouri Tigers,58.0,away,0.0717094862,-14.9436079696,False,-10.0
2014-02-05,Monmouth Hawks,71.0,home,0.1988591187,-9.5726242645,False,-18.0
2014-02-05,Iona Gaels,89.0,away,0.8011408812999999,9.5726242645,True,18.0
2014-02-05,Vermont Catamounts,93.0,home,0.9730821511,23.7664836929,True,28.0
2014-02-05,Maine Black Bears,65.0,away,0.0269178489,-23.7664836929,False,-28.0
2014-02-05,Towson Tigers,80.0,home,0.8200063903,9.2568223409,True,9.0
2014-02-05,James Madison Dukes,71.0,away,0.1799936097,-9.2568223409,False,-9.0
2014-02-05,Providence Friars,76.0,home,0.5983771527,2.4460342395,False,-10.0
2014-02-05,St. John's Red Storm,86.0,away,0.4016228473,-2.4460342395,True,10.0
2014-02-05,Liberty Flames,62.0,home,0.7043361169,5.1796964403,False,-11.0
2014-02-05,Winthrop Eagles,73.0,away,0.2956638831,-5.1796964403,True,11.0
2014-02-05,Drake Bulldogs,58.0,home,0.8091382902999998,8.4919756798,False,-16.0
2014-02-05,Southern Illinois Salukis,74.0,away,0.19086170969999997,-8.4919756798,True,16.0
2014-02-05,Binghamton Bearcats,53.0,home,0.0911568982,-14.1405978712,False,-5.0
2014-02-05,Stony Brook Seawolves,58.0,away,0.9088431018,14.1405978712,True,5.0
2014-02-05,North Carolina Tar Heels,75.0,home,0.7928286376,9.2516284657,True,12.0
2014-02-05,Maryland Terrapins,63.0,away,0.20717136240000003,-9.2516284657,False,-12.0
2014-02-05,Eastern Kentucky Colonels,74.0,home,0.9098821186000001,15.0848297442,True,11.0
2014-02-05,Chattanooga Mocs,63.0,away,0.0901178814,-15.0848297442,False,-11.0
2014-02-05,Clemson Tigers,45.0,home,0.8291259813,8.9153123458,True,4.0
2014-02-05,Georgia Tech Yellow Jackets,41.0,away,0.17087401870000002,-8.9153123458,False,-4.0
2014-02-05,South Dakota Coyotes,80.0,home,0.9950292479000001,36.160908692,True,40.0
2014-02-05,Peru State Bobcats,40.0,away,0.0049707521,-36.160908692,False,-40.0
2014-02-05,Colgate Raiders,68.0,home,0.5220881417,0.5188333071,False,-1.0
2014-02-05,Holy Cross Crusaders,69.0,away,0.47791185829999994,-0.5188333071,True,1.0
2014-02-05,Illinois Fighting Illini,63.0,home,0.2842322597,-5.2966374899,False,-12.0
2014-02-05,Wisconsin Badgers,75.0,away,0.7157677403,5.2966374899,True,12.0
2014-02-05,Marquette Golden Eagles,69.0,home,0.7589896408999999,6.849936228,True,7.0
2014-02-05,Butler Bulldogs,62.0,away,0.24101035910000002,-6.849936228,False,-7.0
2014-02-08,Pennsylvania Quakers,90.0,home,0.898270274,14.5519889368,True,7.0
2014-02-08,Cornell Big Red,83.0,away,0.10172972600000002,-14.5519889368,False,-7.0
2014-02-08,Harvard Crimson,52.0,home,0.9500754554,19.1833712484,True,7.0
2014-02-08,Brown Bears,45.0,away,0.0499245446,-19.1833712484,False,-7.0
2014-02-08,Canisius Golden Griffins,73.0,home,0.5152542689,0.4007002034,False,-11.0
2014-02-08,Manhattan Jaspers,84.0,away,0.4847457311,-0.4007002034,True,11.0
2014-02-08,Niagara Purple Eagles,89.0,home,0.1633223424,-11.7432263118,False,-1.0
2014-02-08,Iona Gaels,90.0,away,0.8366776575999999,11.7432263118,True,1.0
2014-02-08,Villanova Wildcats,70.0,home,0.9074758097,14.3655098173,True,17.0
2014-02-08,Seton Hall Pirates,53.0,away,0.0925241903,-14.3655098173,False,-17.0
2014-02-08,Fairfield Stags,60.0,home,0.6252605758,3.2777186939,True,4.0
2014-02-08,Monmouth Hawks,56.0,away,0.3747394242,-3.2777186939,False,-4.0
2014-02-08,Creighton Bluejays,78.0,home,0.9772360432,23.7946125525,True,12.0
2014-02-08,DePaul Blue Demons,66.0,away,0.0227639568,-23.7946125525,False,-12.0
2014-02-08,Dartmouth Big Green,54.0,home,0.6760493891999999,4.2637451485,False,-13.0
2014-02-08,Yale Bulldogs,67.0,away,0.3239506108,-4.2637451485,True,13.0
2014-02-08,Saint Peter's Peacocks,66.0,home,0.5462338043,1.1216758367,True,13.0
2014-02-08,Siena Saints,53.0,away,0.45376619569999993,-1.1216758367,False,-13.0
2014-02-08,Princeton Tigers,52.0,home,0.7115977691,5.0051954874,False,-1.0
2014-02-08,Columbia Lions,53.0,away,0.2884022309,-5.0051954874,True,1.0
2014-02-08,Valparaiso Beacons,57.0,home,0.7777944146,7.9580747268,False,-2.0
2014-02-08,Detroit Mercy Titans,59.0,away,0.2222055854,-7.9580747268,True,2.0
2014-02-08,Tulane Green Wave,64.0,home,0.2871351494,-5.6588747946,True,1.0
2014-02-08,Charlotte 49ers,63.0,away,0.7128648506,5.6588747946,False,-1.0
2014-02-08,Southern Miss Golden Eagles,60.0,home,0.9557156139,19.4384552357,True,3.0
2014-02-08,Marshall Thundering Herd,57.0,away,0.0442843861,-19.4384552357,False,-3.0
2014-02-08,Kennesaw State Owls,68.0,home,0.0341510596,-20.5979018832,False,-7.0
2014-02-08,Mercer Bears,75.0,away,0.9658489404000001,20.5979018832,True,7.0
2014-02-06,Indiana State Sycamores,58.0,home,0.3098152601,-4.8919649074,False,-7.0
2014-02-06,Wichita State Shockers,65.0,away,0.6901847398999998,4.8919649074,True,7.0
2014-02-06,West Virginia Mountaineers,91.0,home,0.7402107177,7.2218665702,True,5.0
2014-02-06,Oklahoma Sooners,86.0,away,0.2597892823,-7.2218665702,False,-5.0
2014-02-06,Virginia Cavaliers,77.0,home,0.9568999094,17.1198164648,True,10.0
2014-02-06,Boston College Eagles,67.0,away,0.0431000906,-17.1198164648,False,-10.0
2014-02-06,Houston Cougars,62.0,home,0.045310609099999996,-19.5867725857,False,-15.0
2014-02-06,Louisville Cardinals,77.0,away,0.9546893909,19.5867725857,True,15.0
2014-02-05,Omaha Mavericks,86.0,home,0.9983440012,46.8950414674,True,24.0
2014-02-05,Peru State Bobcats,62.0,away,0.0016559988,-46.8950414674,False,-24.0
2014-02-06,Gonzaga Bulldogs,71.0,home,0.9398737984000001,17.2500498531,True,5.0
2014-02-06,Portland Pilots,66.0,away,0.0601262016,-17.2500498531,False,-5.0
2014-02-06,Saint Joseph's Hawks,49.0,home,0.4513302694,-1.2158291806,False,-16.0
2014-02-06,Saint Louis Billikens,65.0,away,0.5486697306,1.2158291806,True,16.0
2014-02-06,Boise State Broncos,65.0,home,0.4027779504999999,-2.4301187016,False,-2.0
2014-02-06,San Diego State Aztecs,67.0,away,0.5972220495,2.4301187016,True,2.0
2014-02-05,Michigan Wolverines,79.0,home,0.9634176335,19.1762510821,True,29.0
2014-02-05,Nebraska Cornhuskers,50.0,away,0.0365823665,-19.1762510821,False,-29.0
2014-02-06,Miami Hurricanes,55.0,home,0.1221569732,-10.3758421695,False,-4.0
2014-02-06,Pittsburgh Panthers,59.0,away,0.8778430268000001,10.3758421695,True,4.0
2014-02-06,Buffalo Bulls,69.0,home,0.9055617605,14.3300680019,True,21.0
2014-02-06,Ball State Cardinals,48.0,away,0.0944382395,-14.3300680019,False,-21.0
2014-02-06,Toledo Rockets,83.0,home,0.8624304398,11.9866930026,True,7.0
2014-02-06,Bowling Green Falcons,76.0,away,0.1375695602,-11.9866930026,False,-7.0
2014-02-06,Western Michigan Broncos,90.0,home,0.4209332867000001,-1.9826507763,True,16.0
2014-02-06,Ohio Bobcats,74.0,away,0.5790667133,1.9826507763,False,-16.0
2014-02-06,Central Michigan Chippewas,78.0,home,0.48486330610000006,-0.3765691445,True,5.0
2014-02-06,Kent State Golden Flashes,73.0,away,0.5151366939,0.3765691445,False,-5.0
2014-02-06,Akron Zips,52.0,home,0.6495563976,3.7923782763,True,4.0
2014-02-06,Eastern Michigan Eagles,48.0,away,0.35044360240000005,-3.7923782763,False,-4.0
2014-02-06,UMBC Retrievers,68.0,home,0.610581096,2.7285161561,True,11.0
2014-02-06,New Hampshire Wildcats,57.0,away,0.389418904,-2.7285161561,False,-11.0
2014-02-06,Wright State Raiders,77.0,home,0.6476388253,3.7719366332,True,10.0
2014-02-06,Youngstown State Penguins,67.0,away,0.35236117470000006,-3.7719366332,False,-10.0
2014-02-06,Richmond Spiders,64.0,home,0.6743781322,4.497859138,True,2.0
2014-02-06,St. Bonaventure Bonnies,62.0,away,0.3256218678,-4.497859138,False,-2.0
2014-02-06,Massachusetts Minutemen,79.0,home,0.8230674396,10.0746686693,True,12.0
2014-02-06,La Salle Explorers,67.0,away,0.17693256039999997,-10.0746686693,False,-12.0
2014-02-06,George Washington Revolutionaries,71.0,home,0.8996947504,14.4019877399,True,14.0
2014-02-06,Duquesne Dukes,57.0,away,0.1003052496,-14.4019877399,False,-14.0
2014-02-06,UAlbany Great Danes,73.0,home,0.8745968323,11.0246982332,True,17.0
2014-02-06,UMass Lowell River Hawks,56.0,away,0.1254031677,-11.0246982332,False,-17.0
2014-02-06,Northeastern Huskies,81.0,home,0.7881401112,7.7447477715,True,8.0
2014-02-06,Hofstra Pride,73.0,away,0.2118598888,-7.7447477715,False,-8.0
2014-02-06,UNC Wilmington Seahawks,50.0,home,0.3342899723,-4.0023466402,False,-4.0
2014-02-06,William & Mary Tribe,54.0,away,0.6657100276999999,4.0023466402,True,4.0
2014-02-06,George Mason Patriots,67.0,home,0.3489940228,-3.8349341731,False,-17.0
2014-02-06,Dayton Flyers,84.0,away,0.6510059772,3.8349341731,True,17.0
2014-02-06,Army Black Knights,70.0,home,0.5914827305,2.3567042266,True,19.0
2014-02-06,Lehigh Mountain Hawks,51.0,away,0.4085172695,-2.3567042266,False,-19.0
2014-02-06,Navy Midshipmen,48.0,home,0.3099143332,-4.8294440103,False,-13.0
2014-02-06,Boston University Terriers,61.0,away,0.6900856668,4.8294440103,True,13.0
2014-02-06,Bucknell Bison,58.0,home,0.8141086082,8.7918334955,False,-8.0
2014-02-06,Lafayette Leopards,66.0,away,0.1858913918,-8.7918334955,True,8.0
2014-02-06,Delaware Blue Hens,67.0,home,0.9328484265,16.8782582104,True,3.0
2014-02-06,Charleston Cougars,64.0,away,0.0671515735,-16.8782582104,False,-3.0
2014-02-06,Presbyterian Blue Hose,77.0,home,0.5745963633,1.8552542747,True,15.0
2014-02-06,Longwood Lancers,62.0,away,0.4254036367,-1.8552542747,False,-15.0
2014-02-06,Gardner-Webb Runnin' Bulldogs,104.0,home,0.7424485121,7.5943882894,False,-4.0
2014-02-06,VMI Keydets,108.0,away,0.2575514879,-7.5943882894,True,4.0
2014-02-06,UNC Asheville Bulldogs,86.0,home,0.8099193065,8.5376626307,True,13.0
2014-02-06,Campbell Fighting Camels,73.0,away,0.1900806935,-8.5376626307,False,-13.0
2014-02-06,UCF Knights,78.0,home,0.7338367335,6.4099831306,False,-1.0
2014-02-06,South Florida Bulls,79.0,away,0.2661632665,-6.4099831306,True,1.0
2014-02-06,Loyola Maryland Greyhounds,62.0,home,0.23325901529999998,-6.8459671932,True,4.0
2014-02-06,American University Eagles,58.0,away,0.7667409846999999,6.8459671932,False,-4.0
2014-02-06,Coastal Carolina Chanticleers,74.0,home,0.8184337764,9.5461478719,False,-3.0
2014-02-06,High Point Panthers,77.0,away,0.1815662236,-9.5461478719,True,3.0
2014-02-06,South Carolina Gamecocks,74.0,home,0.6969704545,5.4662882707,False,-5.0
2014-02-06,Auburn Tigers,79.0,away,0.3030295455,-5.4662882707,True,5.0
2014-02-06,Arkansas Razorbacks,65.0,home,0.8684476841,12.4232577197,True,7.0
2014-02-06,Alabama Crimson Tide,58.0,away,0.1315523159,-12.4232577197,False,-7.0
2014-02-06,Charleston Southern Buccaneers,76.0,home,0.8738903568,12.2497612804,False,-6.0
2014-02-06,Radford Highlanders,82.0,away,0.1261096432,-12.2497612804,True,6.0
2014-02-06,Green Bay Phoenix,81.0,home,0.9433215631,17.7900505075,True,11.0
2014-02-06,UIC Flames,70.0,away,0.0566784369,-17.7900505075,False,-11.0
2014-02-06,Vanderbilt Commodores,64.0,home,0.2968901775,-4.931554233,True,4.0
2014-02-06,Tennessee Volunteers,60.0,away,0.7031098225,4.931554233,False,-4.0
2014-02-06,Illinois State Redbirds,76.0,home,0.3711850785,-3.3525261849,True,11.0
2014-02-06,Northern Iowa Panthers,65.0,away,0.6288149215,3.3525261849,False,-11.0
2014-02-06,Purdue Boilermakers,77.0,home,0.5955866743,2.4668051001,True,3.0
2014-02-06,Minnesota Golden Gophers,74.0,away,0.4044133257,-2.4668051001,False,-3.0
2014-02-06,Evansville Purple Aces,54.0,home,0.45959556660000006,-1.0065654458,False,-12.0
2014-02-06,Missouri State Bears,66.0,away,0.5404044334,1.0065654458,True,12.0
2014-02-06,California Golden Bears,69.0,home,0.7468259742,6.9874001207,False,-11.0
2014-02-06,Stanford Cardinal,80.0,away,0.2531740258,-6.9874001207,True,11.0
2014-02-06,Texas A&M Aggies,72.0,home,0.7974104062,8.3901503896,True,20.0
2014-02-06,Mississippi State Bulldogs,52.0,away,0.2025895938,-8.3901503896,False,-20.0
2014-02-06,Air Force Falcons,51.0,home,0.6769770343,4.5473507077,False,-17.0
2014-02-06,Fresno State Bulldogs,68.0,away,0.32302296570000005,-4.5473507077,True,17.0
2014-02-06,Colorado State Rams,75.0,home,0.542464247,1.074173643,True,18.0
2014-02-06,UNLV Rebels,57.0,away,0.457535753,-1.074173643,False,-18.0
2014-02-06,Utah State Aggies,83.0,home,0.7696968206,6.9485503959,True,8.0
2014-02-06,Nevada Wolf Pack,75.0,away,0.2303031794,-6.9485503959,False,-8.0
2014-02-06,Florida State Seminoles,70.0,home,0.9392499424999999,17.288778628,True,20.0
2014-02-06,Virginia Tech Hokies,50.0,away,0.060750057499999996,-17.288778628,False,-20.0
2014-02-06,Colorado Buffaloes,68.0,home,0.9286492272,14.9638128892,True,5.0
2014-02-06,Washington State Cougars,63.0,away,0.0713507728,-14.9638128892,False,-5.0
2014-02-06,New Mexico Lobos,66.0,home,0.7615225914,6.5613247117,True,5.0
2014-02-06,Wyoming Cowboys,61.0,away,0.2384774086,-6.5613247117,False,-5.0
2014-02-07,Wofford Terriers,74.0,home,0.8528380423,10.6551765742,True,13.0
2014-02-07,Georgia Southern Eagles,61.0,away,0.1471619577,-10.6551765742,False,-13.0
2014-02-07,Oakland Golden Grizzlies,85.0,home,0.2923717615,-5.3580283365,False,-7.0
2014-02-07,Cleveland State Vikings,92.0,away,0.7076282385,5.3580283365,True,7.0
2014-02-07,Elon Phoenix,72.0,home,0.8872885563,13.3195746562,True,6.0
2014-02-07,UNC Greensboro Spartans,66.0,away,0.1127114437,-13.3195746562,False,-6.0
2014-02-07,Michigan State Spartans,82.0,home,0.9316009819,16.3483675899,True,15.0
2014-02-07,Penn State Nittany Lions,67.0,away,0.0683990181,-16.3483675899,False,-15.0
2014-02-07,Georgia Bulldogs,91.0,home,0.4107474177,-2.3213587226,True,13.0
2014-02-07,LSU Tigers,78.0,away,0.5892525823,2.3213587226,False,-13.0
2014-02-07,VCU Rams,68.0,home,0.9596399814000001,20.9665851449,True,16.0
2014-02-07,Rhode Island Rams,52.0,away,0.0403600186,-20.9665851449,False,-16.0
2014-02-06,Winthrop Eagles,92.0,home,0.9959162083000002,36.9103122053,True,30.0
2014-02-06,Barber Scotia BARBER SCOTIA,62.0,away,0.0040837917,-36.9103122053,False,-30.0
2014-02-07,Arizona Wildcats,67.0,home,0.8681510278000001,12.1436477772,True,2.0
2014-02-07,Oregon Ducks,65.0,away,0.1318489722,-12.1436477772,False,-2.0
2014-02-07,Cincinnati Bearcats,63.0,home,0.663131478,3.9866352896,True,5.0
2014-02-07,UConn Huskies,58.0,away,0.33686852199999995,-3.9866352896,False,-5.0
2014-02-07,App State Mountaineers,54.0,home,0.8151395873,9.1338838967,True,9.0
2014-02-07,The Citadel Bulldogs,45.0,away,0.1848604127,-9.1338838967,False,-9.0
2014-02-07,Florida Atlantic Owls,63.0,home,0.3583330679,-3.5114439216,False,-4.0
2014-02-07,Middle Tennessee Blue Raiders,67.0,away,0.6416669321,3.5114439216,True,4.0
2014-02-07,Northern Kentucky Norse,50.0,home,0.4814297471,-0.455662355,False,-14.0
2014-02-07,East Tennessee State Buccaneers,64.0,away,0.5185702529,0.455662355,True,14.0
2014-02-07,Old Dominion Monarchs,69.0,home,0.9417609576,17.3668186843,True,8.0
2014-02-07,UTSA Roadrunners,61.0,away,0.0582390424,-17.3668186843,False,-8.0
2014-02-07,NJIT Highlanders,110.0,home,0.9926160630000002,33.2229150731,True,64.0
2014-02-07,Wheelock College Wheelock,46.0,away,0.007383937,-33.2229150731,False,-64.0
2014-02-07,St. Francis Brooklyn Terriers,78.0,home,0.896206013,13.0504440335,True,26.0
2014-02-07,Saint Francis Red Flash,52.0,away,0.10379398700000002,-13.0504440335,False,-26.0
2014-02-07,Florida International Panthers,78.0,home,0.4627124265,-0.9513142254,True,5.0
2014-02-07,UAB Blazers,73.0,away,0.5372875735,0.9513142254,False,-5.0
2014-02-07,Stetson Hatters,52.0,home,0.3448566154,-3.918482147,False,-2.0
2014-02-07,North Florida Ospreys,54.0,away,0.6551433846000001,3.918482147,True,2.0
2014-02-07,Lipscomb Bisons,77.0,home,0.3631193645,-3.6572620663,True,2.0
2014-02-07,South Carolina Upstate Spartans,75.0,away,0.6368806355,3.6572620663,False,-2.0
2014-02-07,Long Island University Sharks,56.0,home,0.2546253486,-6.7776414697,False,-9.0
2014-02-07,Robert Morris Colonials,65.0,away,0.7453746514000001,6.7776414697,True,9.0
2014-02-07,Florida Gulf Coast Eagles,100.0,home,0.8329591835,10.4943207077,True,29.0
2014-02-07,Jacksonville Dolphins,71.0,away,0.1670408165,-10.4943207077,False,-29.0
2014-02-07,Central Connecticut Blue Devils,68.0,home,0.2556047425,-7.2269266846,False,-11.0
2014-02-07,Bryant Bulldogs,79.0,away,0.7443952575,7.2269266846,True,11.0
2014-02-07,Wagner Seahawks,75.0,home,0.8839149709,13.1600255352,True,7.0
2014-02-07,Fairleigh Dickinson Knights,68.0,away,0.1160850291,-13.1600255352,False,-7.0
2014-02-07,Samford Bulldogs,88.0,home,0.1693577624,-10.1234179655,False,-21.0
2014-02-07,Davidson Wildcats,109.0,away,0.8306422376,10.1234179655,True,21.0
2014-02-07,Eastern Illinois Panthers,91.0,home,0.7216689738,6.078063452,True,12.0
2014-02-07,UT Martin Skyhawks,79.0,away,0.2783310262,-6.078063452,False,-12.0
2014-02-07,SIU Edwardsville Cougars,93.0,home,0.3079755127,-5.416782911,True,5.0
2014-02-07,Southeast Missouri State Redhawks,88.0,away,0.6920244873,5.416782911,False,-5.0
2014-02-07,Tennessee State Tigers,65.0,home,0.5073230155,0.1915729231,False,-10.0
2014-02-07,Austin Peay Governors,75.0,away,0.4926769845,-0.1915729231,True,10.0
2014-02-07,Texas State Bobcats,65.0,home,0.5340358323,0.7489909299,True,8.0
2014-02-07,UL Monroe Warhawks,57.0,away,0.4659641677,-0.7489909299,False,-8.0
2014-02-07,Little Rock Trojans,57.0,home,0.281409045,-5.9137866318,False,-11.0
2014-02-07,Georgia State Panthers,68.0,away,0.7185909550000001,5.9137866318,True,11.0
2014-02-07,South Dakota State Jackrabbits,79.0,home,0.5220132966,0.5549357669,True,28.0
2014-02-07,Purdue Fort Wayne Mastodons,51.0,away,0.4779867034,-0.5549357669,False,-28.0
2014-02-07,North Dakota State Bison,66.0,home,0.982655963,24.2153405014,True,6.0
2014-02-07,IU Indianapolis Jaguars,60.0,away,0.017344037,-24.2153405014,False,-6.0
2014-02-07,Loyola Chicago Ramblers,54.0,home,0.6497499509,3.4837885955,False,-9.0
2014-02-07,Bradley Braves,63.0,away,0.3502500491,-3.4837885955,True,9.0
2014-02-07,Oral Roberts Golden Eagles,79.0,home,0.8313961454999999,10.6280066079,True,20.0
2014-02-07,New Orleans Privateers,59.0,away,0.16860385450000004,-10.6280066079,False,-20.0
2014-02-07,SMU Mustangs,75.0,home,0.920474402,15.5912896311,True,23.0
2014-02-07,Temple Owls,52.0,away,0.079525598,-15.5912896311,False,-23.0
2014-02-07,Rice Owls,75.0,home,0.41433718880000003,-2.2254618766,True,5.0
2014-02-07,North Texas Mean Green,70.0,away,0.5856628112,2.2254618766,False,-5.0
2014-02-07,UT Arlington Mavericks,89.0,home,0.4815550627,-0.5159332757,False,-3.0
2014-02-07,Louisiana Ragin' Cajuns,92.0,away,0.5184449373,0.5159332757,True,3.0
2014-02-07,Troy Trojans,79.0,home,0.5690275065,1.6479311515,True,5.0
2014-02-07,South Alabama Jaguars,74.0,away,0.4309724935,-1.6479311515,False,-5.0
2014-02-07,Northwestern State Demons,85.0,home,0.8458151211,12.3865490182,True,11.0
2014-02-07,McNeese Cowboys,74.0,away,0.1541848789,-12.3865490182,False,-11.0
2014-02-07,Incarnate Word Cardinals,82.0,home,0.5902716305,2.2658646261,True,4.0
2014-02-07,Texas A&M-Corpus Christi Islanders,78.0,away,0.4097283695,-2.2658646261,False,-4.0
2014-02-07,Rider Broncs,61.0,home,0.794909925,8.3980228539,False,-7.0
2014-02-07,Marist Red Foxes,68.0,away,0.20509007500000004,-8.3980228539,True,7.0
2014-02-07,Abilene Christian Wildcats,87.0,home,0.7021054022,5.2146204819,True,6.0
2014-02-07,Houston Christian Huskies,81.0,away,0.2978945978,-5.2146204819,False,-6.0
2014-02-07,Utah Utes,78.0,home,0.8853430638,12.9300350699,True,9.0
2014-02-07,Washington Huskies,69.0,away,0.1146569362,-12.9300350699,False,-9.0
2014-02-07,Belmont Bruins,99.0,home,0.7732412311,7.9864747246,True,3.0
2014-02-07,Murray State Racers,96.0,away,0.2267587689,-7.9864747246,False,-3.0
2014-02-07,Louisiana Tech Bulldogs,66.0,home,0.9241988933,17.3970772227,True,5.0
2014-02-07,Tulsa Golden Hurricane,61.0,away,0.0758011067,-17.3970772227,False,-5.0
2014-02-07,Grand Canyon Lopes,68.0,home,0.5324404231,0.7646019843,False,-11.0
2014-02-07,Utah Valley Wolverines,79.0,away,0.46755957690000005,-0.7646019843,True,11.0
2014-02-07,Central Arkansas Bears,85.0,home,0.4782222046,-0.5802826317,True,14.0
2014-02-07,SE Louisiana Lions,71.0,away,0.5217777954,0.5802826317,False,-14.0
2014-02-07,East Carolina Pirates,47.0,home,0.5817769629,2.0035576876,False,-11.0
2014-02-07,UTEP Miners,58.0,away,0.4182230371,-2.0035576876,True,11.0
2014-02-07,Montana Grizzlies,82.0,home,0.7903981084,7.5806873177,True,6.0
2014-02-07,Portland State Vikings,76.0,away,0.20960189160000003,-7.5806873177,False,-6.0
2014-02-07,Sacred Heart Pioneers,60.0,home,0.6017323549,2.752818249,False,-13.0
2014-02-07,Mount St. Mary's Mountaineers,73.0,away,0.3982676451,-2.752818249,True,13.0
2014-02-07,Idaho State Bengals,73.0,home,0.5278860128,0.6687258906,True,3.0
2014-02-07,Northern Colorado Bears,70.0,away,0.4721139872,-0.6687258906,False,-3.0
2014-02-07,Weber State Wildcats,84.0,home,0.8476921241,10.8959010578,True,12.0
2014-02-07,North Dakota Fighting Hawks,72.0,away,0.1523078759,-10.8959010578,False,-12.0
2014-02-07,Montana State Bobcats,50.0,home,0.6404671558,3.7743860668,False,-29.0
2014-02-07,Eastern Washington Eagles,79.0,away,0.3595328442,-3.7743860668,True,29.0
2014-02-07,Stephen F. Austin Lumberjacks,93.0,home,0.9452119535999999,16.9227995758,True,29.0
2014-02-07,Nicholls Colonels,64.0,away,0.0547880464,-16.9227995758,False,-29.0
2014-02-07,San Diego Toreros,67.0,home,0.5925187416,2.2314928099,False,-7.0
2014-02-07,San Francisco Dons,74.0,away,0.4074812584,-2.2314928099,True,7.0
2014-02-07,Seattle U Redhawks,83.0,home,0.8854153210999999,13.064752912,True,21.0
2014-02-07,UT Rio Grande Valley Vaqueros,62.0,away,0.1145846789,-13.064752912,False,-21.0
2014-02-07,Idaho Vandals,73.0,home,0.23030862679999997,-7.5657804491,True,6.0
2014-02-07,New Mexico State Aggies,67.0,away,0.7696913732,7.5657804491,False,-6.0
2014-02-07,UC Davis Aggies,90.0,home,0.4596140235,-1.0269647741,True,4.0
2014-02-07,Cal State Northridge Matadors,86.0,away,0.5403859765,1.0269647741,False,-4.0
2014-02-07,Pepperdine Waves,80.0,home,0.4994736598,-0.0133003824,True,11.0
2014-02-07,Pacific Tigers,69.0,away,0.5005263402,0.0133003824,False,-11.0
2014-02-07,UC Riverside Highlanders,72.0,home,0.4763698059,-0.5965302965,True,3.0
2014-02-07,Cal State Fullerton Titans,69.0,away,0.5236301941,0.5965302965,False,-3.0
2014-02-07,Sacramento State Hornets,87.0,home,0.4546451331,-1.038846072,True,17.0
2014-02-07,Northern Arizona Lumberjacks,70.0,away,0.5453548669,1.038846072,False,-17.0
2014-02-07,UC Irvine Anteaters,61.0,home,0.8185723493,9.2462461125,True,3.0
2014-02-07,Long Beach State Beach,58.0,away,0.1814276507,-9.2462461125,False,-3.0
2014-02-07,Loyola Marymount Lions,58.0,home,0.23736662210000004,-7.3994378407,False,-19.0
2014-02-07,Saint Mary's Gaels,77.0,away,0.7626333779,7.3994378407,True,19.0
2014-02-07,Arizona State Sun Devils,86.0,home,0.8990527858,14.4388016346,True,4.0
2014-02-07,Oregon State Beavers,82.0,away,0.1009472142,-14.4388016346,False,-4.0
2014-02-07,BYU Cougars,89.0,home,0.9160946242,16.1129264059,True,13.0
2014-02-07,Santa Clara Broncos,76.0,away,0.0839053758,-16.1129264059,False,-13.0
2014-02-07,Hawai'i Rainbow Warriors,64.0,home,0.6609748971,4.1974034451,False,-11.0
2014-02-07,UC Santa Barbara Gauchos,75.0,away,0.33902510289999993,-4.1974034451,True,11.0
2014-02-09,Wisconsin Badgers,60.0,home,0.5962772436,2.3337148366,True,2.0
2014-02-09,Michigan State Spartans,58.0,away,0.4037227564,-2.3337148366,False,-2.0
2014-02-09,Syracuse Orange,57.0,home,0.8724846052,9.7861912687,True,13.0
2014-02-09,Clemson Tigers,44.0,away,0.1275153948,-9.7861912687,False,-13.0
2014-02-10,St. John's Red Storm,70.0,home,0.38851976239999997,-2.8369119248,True,5.0
2014-02-10,Creighton Bluejays,65.0,away,0.6114802376,2.8369119248,False,-5.0
2014-02-09,Saint Peter's Peacocks,61.0,home,0.635242282,3.4316125528,True,11.0
2014-02-09,Monmouth Hawks,50.0,away,0.36475771800000006,-3.4316125528,False,-11.0
2014-02-09,Canisius Golden Griffins,91.0,home,0.47852258550000004,-0.5733990873,False,-10.0
2014-02-09,Iona Gaels,101.0,away,0.5214774145,0.5733990873,True,10.0
2014-02-09,UCF Knights,55.0,home,0.20473177929999997,-8.5530321033,False,-20.0
2014-02-09,UConn Huskies,75.0,away,0.7952682207000001,8.5530321033,True,20.0
2014-02-10,Arizona Wildcats,76.0,home,0.9527272142999998,18.4776286596,True,22.0
2014-02-10,Oregon State Beavers,54.0,away,0.0472727857,-18.4776286596,False,-22.0
2014-02-09,Detroit Mercy Titans,83.0,home,0.5426410879,1.1176162863,True,2.0
2014-02-09,Youngstown State Penguins,81.0,away,0.45735891209999996,-1.1176162863,False,-2.0
2014-02-09,Niagara Purple Eagles,77.0,home,0.1796744019,-10.9098219259,False,-1.0
2014-02-09,Manhattan Jaspers,78.0,away,0.8203255981,10.9098219259,True,1.0
2014-02-09,Holy Cross Crusaders,66.0,home,0.7101828899,5.2902799829,True,16.0
2014-02-09,Bucknell Bison,50.0,away,0.2898171101,-5.2902799829,False,-16.0
2014-02-09,Tulane Green Wave,68.0,home,0.4766959485,-0.5868727229,True,3.0
2014-02-09,Marshall Thundering Herd,65.0,away,0.5233040515,0.5868727229,False,-3.0
2014-02-09,Southern Miss Golden Eagles,81.0,home,0.8976335113,13.6087100117,True,17.0
2014-02-09,Charlotte 49ers,64.0,away,0.1023664887,-13.6087100117,False,-17.0
2014-02-09,Rhode Island Rams,68.0,home,0.1768592567,-10.2321674525,False,-5.0
2014-02-09,Massachusetts Minutemen,73.0,away,0.8231407433,10.2321674525,True,5.0
2014-02-09,Valparaiso Beacons,63.0,home,0.8133778699000002,9.1261674717,True,3.0
2014-02-09,Oakland Golden Grizzlies,60.0,away,0.18662213010000003,-9.1261674717,False,-3.0
2014-02-09,Houston Cougars,88.0,home,0.5750360255,1.9550793205,True,14.0
2014-02-09,Temple Owls,74.0,away,0.4249639745,-1.9550793205,False,-14.0
2014-02-09,Indiana State Sycamores,60.0,home,0.8015021609,8.3461040004,True,4.0
2014-02-09,Drake Bulldogs,56.0,away,0.1984978391,-8.3461040004,False,-4.0
2014-02-09,Northern Illinois Huskies,71.0,home,0.3508698202,-3.6809397174,False,-3.0
2014-02-09,Western Michigan Broncos,74.0,away,0.6491301797999999,3.6809397174,True,3.0
2014-02-09,Penn State Nittany Lions,55.0,home,0.6427642841,3.5190861259,False,-5.0
2014-02-09,Illinois Fighting Illini,60.0,away,0.3572357159,-3.5190861259,True,5.0
2014-02-09,Bradley Braves,83.0,home,0.6798522658,4.5666494989,True,17.0
2014-02-09,Evansville Purple Aces,66.0,away,0.3201477342,-4.5666494989,False,-17.0
2014-02-09,Loyola Chicago Ramblers,79.0,home,0.5035674125,0.0872091244,True,10.0
2014-02-09,Illinois State Redbirds,69.0,away,0.4964325875,-0.0872091244,False,-10.0
2014-02-10,Colorado Buffaloes,91.0,home,0.8587047043,11.5960358883,True,26.0
2014-02-10,Washington Huskies,65.0,away,0.1412952957,-11.5960358883,False,-26.0
2014-02-09,Bowling Green Falcons,63.0,home,0.4835968117,-0.4095308841,False,-2.0
2014-02-09,Akron Zips,65.0,away,0.5164031883,0.4095308841,True,2.0
2014-02-01,Florida Gators,69.0,home,0.9704521492000001,19.9369528882,True,33.0
2014-02-01,Texas A&M Aggies,36.0,away,0.0295478508,-19.9369528882,False,-33.0
2014-02-01,Wichita State Shockers,81.0,home,0.9757662432,22.7993425025,True,14.0
2014-02-01,Evansville Purple Aces,67.0,away,0.0242337568,-22.7993425025,False,-14.0
2014-02-02,San Diego State Aztecs,65.0,home,0.9579695493,19.6255527257,True,9.0
2014-02-02,Colorado State Rams,56.0,away,0.0420304507,-19.6255527257,False,-9.0
2014-02-01,Georgetown Hoyas,64.0,home,0.21740586240000004,-7.8824482911,True,4.0
2014-02-01,Michigan State Spartans,60.0,away,0.7825941376,7.8824482911,False,-4.0
2014-02-01,Oklahoma State Cowboys,70.0,home,0.8813201606,12.6053442913,False,-6.0
2014-02-01,Baylor Bears,76.0,away,0.1186798394,-12.6053442913,True,6.0
2014-02-01,Temple Owls,74.0,home,0.1177189034,-13.1996443726,False,-16.0
2014-02-01,Villanova Wildcats,90.0,away,0.8822810966,13.1996443726,True,16.0
2014-02-01,Texas Longhorns,81.0,home,0.3286504446,-4.8471003888,True,12.0
2014-02-01,Kansas Jayhawks,69.0,away,0.6713495554,4.8471003888,False,-12.0
2014-02-01,Syracuse Orange,91.0,home,0.4167790927,-1.9767073974,True,2.0
2014-02-01,Duke Blue Devils,89.0,away,0.5832209073,1.9767073974,False,-2.0
2014-02-01,Missouri Tigers,79.0,home,0.3267674969,-4.6125235921,False,-5.0
2014-02-01,Kentucky Wildcats,84.0,away,0.6732325031,4.6125235921,True,5.0
2014-02-02,California Golden Bears,60.0,home,0.3754580918,-3.145616724,True,2.0
2014-02-02,Arizona Wildcats,58.0,away,0.6245419082,3.145616724,False,-2.0
2014-02-01,Wisconsin Badgers,58.0,home,0.6395095327,3.3305773159,False,-1.0
2014-02-01,Ohio State Buckeyes,59.0,away,0.3604904673,-3.3305773159,True,1.0
2014-02-01,Campbell Fighting Camels,58.0,home,0.3628026372,-3.3761038944,False,-3.0
2014-02-01,Coastal Carolina Chanticleers,61.0,away,0.6371973628,3.3761038944,True,3.0
2014-02-01,Iowa State Cyclones,81.0,home,0.8565258073000002,12.97736621,True,6.0
2014-02-01,Oklahoma Sooners,75.0,away,0.1434741927,-12.97736621,False,-6.0
2014-02-01,Saint Louis Billikens,87.0,home,0.9296093555999999,16.3341708991,True,6.0
2014-02-01,George Mason Patriots,81.0,away,0.0703906444,-16.3341708991,False,-6.0
2014-02-02,Louisville Cardinals,87.0,home,0.9832288636,26.8795517255,True,17.0
2014-02-02,UCF Knights,70.0,away,0.0167711364,-26.8795517255,False,-17.0
2014-02-01,SMU Mustangs,87.0,home,0.5482168771,1.2724738996,True,15.0
2014-02-01,Memphis Tigers,72.0,away,0.4517831229,-1.2724738996,False,-15.0
2014-02-01,Saint Joseph's Hawks,73.0,home,0.39426002060000004,-2.8502270197,True,5.0
2014-02-01,Massachusetts Minutemen,68.0,away,0.6057399794,2.8502270197,False,-5.0
2014-02-02,Illinois Fighting Illini,74.0,home,0.2266988332,-7.9229761447,False,-7.0
2014-02-02,Iowa Hawkeyes,81.0,away,0.7733011668,7.9229761447,True,7.0
2014-02-01,VCU Rams,81.0,home,0.8513237568,11.313665358,True,11.0
2014-02-01,Richmond Spiders,70.0,away,0.1486762432,-11.313665358,False,-11.0
2014-02-01,Xavier Musketeers,60.0,home,0.820596935,9.4600710487,False,-8.0
2014-02-01,Seton Hall Pirates,68.0,away,0.17940306499999997,-9.4600710487,True,8.0
2014-02-01,Delaware Blue Hens,66.0,home,0.9583645957,20.774473971,True,1.0
2014-02-01,UNC Wilmington Seahawks,65.0,away,0.04163540429999999,-20.774473971,False,-1.0
2014-02-01,Virginia Tech Hokies,60.0,home,0.4198254328,-2.0921831196,False,-20.0
2014-02-01,Maryland Terrapins,80.0,away,0.5801745672,2.0921831196,True,20.0
2014-02-01,Dayton Flyers,75.0,home,0.5796180999,1.9895480705,True,10.0
2014-02-01,George Washington Revolutionaries,65.0,away,0.4203819001,-1.9895480705,False,-10.0
2014-02-01,Marshall Thundering Herd,57.0,home,0.7075922203,5.6891081222,False,-8.0
2014-02-01,Florida Atlantic Owls,65.0,away,0.2924077797,-5.6891081222,True,8.0
2014-02-01,St. John's Red Storm,74.0,home,0.6758693741,4.6053700596,True,15.0
2014-02-01,Marquette Golden Eagles,59.0,away,0.3241306259,-4.6053700596,False,-15.0
2014-02-01,Notre Dame Fighting Irish,76.0,home,0.8500291279999999,10.0559077593,True,3.0
2014-02-01,Boston College Eagles,73.0,away,0.149970872,-10.0559077593,False,-3.0
2014-02-01,Wake Forest Demon Deacons,70.0,home,0.7681714442,7.7448600021,False,-9.0
2014-02-01,Georgia Tech Yellow Jackets,79.0,away,0.23182855580000003,-7.7448600021,True,9.0
2014-02-01,DePaul Blue Demons,72.0,home,0.33506046060000005,-4.293532726,False,-5.0
2014-02-01,Providence Friars,77.0,away,0.6649395394,4.293532726,True,5.0
2014-02-01,Ohio Bobcats,95.0,home,0.627457565,3.3489147147,True,5.0
2014-02-01,Toledo Rockets,90.0,away,0.372542435,-3.3489147147,False,-5.0
2014-02-01,North Carolina Tar Heels,84.0,home,0.8509434595,11.7109691269,True,14.0
2014-02-01,NC State Wolfpack,70.0,away,0.1490565405,-11.7109691269,False,-14.0
2014-02-01,Fairfield Stags,58.0,home,0.3888732906,-2.7674038367,False,-26.0
2014-02-01,Canisius Golden Griffins,84.0,away,0.6111267094,2.7674038367,True,26.0
2014-02-01,Boston University Terriers,80.0,home,0.7771329257,7.7570671986,False,-2.0
2014-02-01,Lehigh Mountain Hawks,82.0,away,0.2228670743,-7.7570671986,True,2.0
2014-02-01,American University Eagles,63.0,home,0.751790487,6.2956424565,True,6.0
2014-02-01,Holy Cross Crusaders,57.0,away,0.24820951300000002,-6.2956424565,False,-6.0
2014-02-01,Loyola Maryland Greyhounds,71.0,home,0.5323640881,0.839249079,False,-6.0
2014-02-01,Army Black Knights,77.0,away,0.4676359119,-0.839249079,True,6.0
2014-02-01,Auburn Tigers,74.0,home,0.5999245058,2.5197978777,True,7.0
2014-02-01,Georgia Bulldogs,67.0,away,0.4000754942,-2.5197978777,False,-7.0
2014-02-01,Ole Miss Rebels,75.0,home,0.8068246188,9.6452186482,True,4.0
2014-02-01,South Carolina Gamecocks,71.0,away,0.1931753812,-9.6452186482,False,-4.0
2014-02-01,Texas Tech Red Raiders,60.0,home,0.8754231799,11.4262436129,True,6.0
2014-02-01,TCU Horned Frogs,54.0,away,0.12457682009999999,-11.4262436129,False,-6.0
2014-02-01,West Virginia Mountaineers,81.0,home,0.7102797976,5.4710969242,True,10.0
2014-02-01,Kansas State Wildcats,71.0,away,0.2897202024,-5.4710969242,False,-10.0
2014-02-01,Minnesota Golden Gophers,54.0,home,0.8403247771,9.645565889,False,-1.0
2014-02-01,Northwestern Wildcats,55.0,away,0.1596752229,-9.645565889,True,1.0
2014-02-01,Ball State Cardinals,65.0,home,0.5925357023,2.2292873389,False,-2.0
2014-02-01,Northern Illinois Huskies,67.0,away,0.4074642977,-2.2292873389,True,2.0
2014-02-01,Maine Black Bears,83.0,home,0.6253614848,3.6512181376,True,3.0
2014-02-01,UMBC Retrievers,80.0,away,0.3746385152000001,-3.6512181376,False,-3.0
2014-02-01,App State Mountaineers,76.0,home,0.2622312903,-6.490733566,False,-7.0
2014-02-01,Elon Phoenix,83.0,away,0.7377687096999999,6.490733566,True,7.0
2014-02-01,Western Michigan Broncos,75.0,home,0.7619251789,7.2546729283,True,3.0
2014-02-01,Central Michigan Chippewas,72.0,away,0.2380748211,-7.2546729283,False,-3.0
2014-02-01,Stony Brook Seawolves,56.0,home,0.8311256360999999,9.4500915144,True,4.0
2014-02-01,Hartford Hawks,52.0,away,0.1688743639,-9.4500915144,False,-4.0
2014-02-01,Colorado Buffaloes,79.0,home,0.5969332158,2.4135097109,True,4.0
2014-02-01,Utah Utes,75.0,away,0.4030667842,-2.4135097109,False,-4.0
2014-02-01,UMass Lowell River Hawks,62.0,home,0.7785378471,7.46594378,True,7.0
2014-02-01,Binghamton Bearcats,55.0,away,0.22146215289999996,-7.46594378,False,-7.0
2014-02-01,Morehead State Eagles,65.0,home,0.8788861118,12.2512736873,True,11.0
2014-02-01,Jacksonville State Gamecocks,54.0,away,0.1211138882,-12.2512736873,False,-11.0
2014-02-01,IU Indianapolis Jaguars,71.0,home,0.3313697822,-4.8179867698,False,-28.0
2014-02-01,Omaha Mavericks,99.0,away,0.6686302178,4.8179867698,True,28.0
2014-02-01,Lafayette Leopards,72.0,home,0.6787753786999999,4.4054826521,True,18.0
2014-02-01,Navy Midshipmen,54.0,away,0.3212246213,-4.4054826521,False,-18.0
2014-02-01,Colgate Raiders,68.0,home,0.59701166,2.2781060581,False,-11.0
2014-02-01,Bucknell Bison,79.0,away,0.40298834,-2.2781060581,True,11.0
2014-02-01,Saint Francis Red Flash,83.0,home,0.6549269289,3.7424746661,True,8.0
2014-02-01,Fairleigh Dickinson Knights,75.0,away,0.3450730711,-3.7424746661,False,-8.0
2014-02-01,Miami (OH) RedHawks,65.0,home,0.35885168120000005,-3.5578311662,True,4.0
2014-02-01,Eastern Michigan Eagles,61.0,away,0.6411483188,3.5578311662,False,-4.0
2014-02-01,Mount St. Mary's Mountaineers,95.0,home,0.7291054653000001,6.5946536743,True,3.0
2014-02-01,Long Island University Sharks,92.0,away,0.2708945347,-6.5946536743,False,-3.0
2014-02-01,Eastern Illinois Panthers,76.0,home,0.635303057,3.4078363838,True,6.0
2014-02-01,SIU Edwardsville Cougars,70.0,away,0.364696943,-3.4078363838,False,-6.0
2014-02-01,Florida State Seminoles,49.0,home,0.7378182494,5.9242567175,False,-4.0
2014-02-01,Clemson Tigers,53.0,away,0.2621817506,-5.9242567175,True,4.0
2014-02-01,UAB Blazers,67.0,home,0.7655427288,7.6665265891,False,-7.0
2014-02-01,East Carolina Pirates,74.0,away,0.2344572712,-7.6665265891,True,7.0
2014-02-01,Jacksonville Dolphins,95.0,home,0.6551962707999999,4.0206648528,True,18.0
2014-02-01,Northern Kentucky Norse,77.0,away,0.3448037292,-4.0206648528,False,-18.0
2014-02-01,San Diego Toreros,67.0,home,0.6168772622,2.859194251,False,-17.0
2014-02-01,Pacific Tigers,84.0,away,0.3831227378,-2.859194251,True,17.0
2014-02-01,Maryland Eastern Shore Hawks,67.0,home,0.44682935989999994,-1.3349415851,True,7.0
2014-02-01,North Carolina A&T Aggies,60.0,away,0.5531706401,1.3349415851,False,-7.0
2014-02-01,Davidson Wildcats,62.0,home,0.9714764078,22.3165134055,True,19.0
2014-02-01,The Citadel Bulldogs,43.0,away,0.0285235922,-22.3165134055,False,-19.0
2014-02-01,Morgan State Bears,77.0,home,0.8069046293,8.4646034627,True,13.0
2014-02-01,Delaware State Hornets,64.0,away,0.19309537069999996,-8.4646034627,False,-13.0
2014-02-01,Stanford Cardinal,76.0,home,0.4623701969,-0.9996315594,True,6.0
2014-02-01,Arizona State Sun Devils,70.0,away,0.5376298031,0.9996315594,False,-6.0
2014-02-01,Coppin State Eagles,76.0,home,0.3571547203,-3.9823682055,False,-3.0
2014-02-01,Hampton Pirates,79.0,away,0.6428452796999999,3.9823682055,True,3.0
2014-02-01,La Salle Explorers,71.0,home,0.8300446716,10.0559572496,True,8.0
2014-02-01,Duquesne Dukes,63.0,away,0.1699553284,-10.0559572496,False,-8.0
2014-02-01,McNeese Cowboys,79.0,home,0.2733998786,-6.049539171,True,11.0
2014-02-01,Oral Roberts Golden Eagles,68.0,away,0.7266001214,6.049539171,False,-11.0
2014-02-01,UIC Flames,46.0,home,0.298950428,-5.2528171255,False,-24.0
2014-02-01,Valparaiso Beacons,70.0,away,0.7010495720000001,5.2528171255,True,24.0
2014-02-01,Charleston Cougars,67.0,home,0.6615718272,3.8808649212,True,18.0
2014-02-01,Hofstra Pride,49.0,away,0.3384281728,-3.8808649212,False,-18.0
2014-02-01,Miami Hurricanes,64.0,home,0.9260764567000002,13.9070869141,True,15.0
2014-02-01,Norfolk State Spartans,49.0,away,0.0739235433,-13.9070869141,False,-15.0
2014-02-01,Northwestern State Demons,84.0,home,0.864900394,12.9892846963,True,18.0
2014-02-01,Abilene Christian Wildcats,66.0,away,0.135099606,-12.9892846963,False,-18.0
2014-02-01,UTSA Roadrunners,72.0,home,0.0269146195,-24.6404388627,False,-15.0
2014-02-01,Louisiana Tech Bulldogs,87.0,away,0.9730853805000002,24.6404388627,True,15.0
2014-02-01,Southern Illinois Salukis,81.0,home,0.6500976633,3.5392999867,True,5.0
2014-02-01,Loyola Chicago Ramblers,76.0,away,0.3499023366999999,-3.5392999867,False,-5.0
2014-02-01,Illinois State Redbirds,75.0,home,0.4945547162,-0.1365703867,True,18.0
2014-02-01,Drake Bulldogs,57.0,away,0.5054452838,0.1365703867,False,-18.0
2014-02-01,Robert Morris Colonials,73.0,home,0.9300629884,16.9600968484,False,-1.0
2014-02-01,Central Connecticut Blue Devils,74.0,away,0.0699370116,-16.9600968484,True,1.0
2014-02-01,Howard Bison,65.0,home,0.0798417352,-14.912202005,False,-14.0
2014-02-01,North Carolina Central Eagles,79.0,away,0.9201582648,14.912202005,True,14.0
2014-02-01,Radford Highlanders,72.0,home,0.5895071698,2.2519665499,False,-1.0
2014-02-01,Gardner-Webb Runnin' Bulldogs,73.0,away,0.4104928302,-2.2519665499,True,1.0
2014-02-01,Bethune-Cookman Wildcats,40.0,home,0.4471595134,-1.2190890436,False,-10.0
2014-02-01,Savannah State Tigers,50.0,away,0.5528404866,1.2190890436,True,10.0
2014-02-01,Tulsa Golden Hurricane,94.0,home,0.797938643,9.3073990424,True,31.0
2014-02-01,North Texas Mean Green,63.0,away,0.202061357,-9.3073990424,False,-31.0
2014-02-01,Nicholls Colonels,78.0,home,0.7565268028,7.4892509899,True,11.0
2014-02-01,Central Arkansas Bears,67.0,away,0.2434731972,-7.4892509899,False,-11.0
2014-02-01,Towson Tigers,75.0,home,0.48494059739999995,-0.3594666557,True,2.0
2014-02-01,Drexel Dragons,73.0,away,0.5150594026,0.3594666557,False,-2.0
2014-02-01,Rutgers Scarlet Knights,93.0,home,0.6976024332,5.4769542955,True,23.0
2014-02-01,Houston Cougars,70.0,away,0.3023975668,-5.4769542955,False,-23.0
2014-02-01,UNC Greensboro Spartans,62.0,home,0.5912197437,2.431732844,False,-2.0
2014-02-01,Georgia Southern Eagles,64.0,away,0.4087802563,-2.431732844,True,2.0
2014-02-01,Sam Houston Bearkats,81.0,home,0.9550701309,19.2851461097,True,18.0
2014-02-01,Houston Christian Huskies,63.0,away,0.0449298691,-19.2851461097,False,-18.0
2014-02-01,Vanderbilt Commodores,55.0,home,0.8275404386000001,9.6849726019,True,6.0
2014-02-01,Mississippi State Bulldogs,49.0,away,0.17245956140000002,-9.6849726019,False,-6.0
2014-02-01,LSU Tigers,88.0,home,0.4662979185,-0.9646537342,True,14.0
2014-02-01,Arkansas Razorbacks,74.0,away,0.5337020815,0.9646537342,False,-14.0
2014-02-01,South Dakota Coyotes,68.0,home,0.5448445607,1.1359793683,False,-2.0
2014-02-01,South Dakota State Jackrabbits,70.0,away,0.4551554393,-1.1359793683,True,2.0
2014-02-01,Longwood Lancers,66.0,home,0.222455789,-7.922202235,False,-1.0
2014-02-01,UNC Asheville Bulldogs,67.0,away,0.777544211,7.922202235,True,1.0
2014-02-01,St. Francis Brooklyn Terriers,73.0,home,0.6760496395,4.8947883698,True,1.0
2014-02-01,Wagner Seahawks,72.0,away,0.3239503604999999,-4.8947883698,False,-1.0
2014-02-01,South Alabama Jaguars,58.0,home,0.6650712514,4.2936130558,False,-4.0
2014-02-01,Little Rock Trojans,62.0,away,0.3349287486,-4.2936130558,True,4.0
2014-02-01,Northern Arizona Lumberjacks,67.0,home,0.6612137951,3.9474922137,True,2.0
2014-02-01,Idaho State Bengals,65.0,away,0.33878620490000005,-3.9474922137,False,-2.0
2014-02-01,Eastern Washington Eagles,94.0,home,0.4984929189,-0.0389877902,True,4.0
2014-02-01,Northern Colorado Bears,90.0,away,0.5015070811,0.0389877902,False,-4.0
2014-02-01,Alabama State Hornets,76.0,home,0.7898867526,8.5492166223,True,13.0
2014-02-01,Prairie View A&M Panthers,63.0,away,0.21011324739999998,-8.5492166223,False,-13.0
2014-02-01,Charleston Southern Buccaneers,80.0,home,0.8825311612,12.2433505265,True,14.0
2014-02-01,Liberty Flames,66.0,away,0.1174688388,-12.2433505265,False,-14.0
2014-02-01,Pepperdine Waves,80.0,home,0.5838222669,2.2426410503,True,11.0
2014-02-01,Loyola Marymount Lions,69.0,away,0.41617773309999995,-2.2426410503,False,-11.0
2014-02-01,Washington State Cougars,72.0,home,0.4234307481,-1.8381860022,True,5.0
2014-02-01,Washington Huskies,67.0,away,0.5765692519,1.8381860022,False,-5.0
2014-02-01,Kent State Golden Flashes,60.0,home,0.5582974299,1.4604179209,True,3.0
2014-02-01,Akron Zips,57.0,away,0.4417025701,-1.4604179209,False,-3.0
2014-02-01,Brown Bears,64.0,home,0.5138348668,0.341355483,True,8.0
2014-02-01,Columbia Lions,56.0,away,0.48616513319999993,-0.341355483,False,-8.0
2014-02-01,Nevada Wolf Pack,69.0,home,0.796503769,8.1986413622,True,13.0
2014-02-01,Air Force Falcons,56.0,away,0.203496231,-8.1986413622,False,-13.0
2014-02-01,Southern Jaguars,62.0,home,0.9248346861000001,14.8326947206,True,8.0
2014-02-01,Alcorn State Braves,54.0,away,0.0751653139,-14.8326947206,False,-8.0
2014-02-01,Denver Pioneers,67.0,home,0.4043574731,-2.0523741893,True,4.0
2014-02-01,North Dakota State Bison,63.0,away,0.5956425269,2.0523741893,False,-4.0
2014-02-01,Middle Tennessee Blue Raiders,64.0,home,0.8406109918999999,10.1543919056,True,16.0
2014-02-01,Old Dominion Monarchs,48.0,away,0.1593890081,-10.1543919056,False,-16.0
2014-02-01,Wyoming Cowboys,74.0,home,0.600251151,2.1301270593,True,17.0
2014-02-01,Utah State Aggies,57.0,away,0.399748849,-2.1301270593,False,-17.0
2014-02-01,Mississippi Valley State Delta Devils,69.0,home,0.3247997514,-5.0220481799,True,3.0
2014-02-01,Jackson State Tigers,66.0,away,0.6752002486,5.0220481799,False,-3.0
2014-02-01,Florida A&M Rattlers,59.0,home,0.7983785679,9.1686286478,False,-4.0
2014-02-01,South Carolina State Bulldogs,63.0,away,0.2016214321,-9.1686286478,True,4.0
2014-02-02,Wofford Terriers,77.0,home,0.9082056261,13.4741616008,True,19.0
2014-02-02,Samford Bulldogs,58.0,away,0.0917943739,-13.4741616008,False,-19.0
2014-02-02,Chattanooga Mocs,67.0,home,0.8857281616,13.1252800262,True,15.0
2014-02-02,Furman Paladins,52.0,away,0.11427183840000002,-13.1252800262,False,-15.0
2014-02-02,Green Bay Phoenix,62.0,home,0.7942711869,8.2975536312,True,7.0
2014-02-02,Wright State Raiders,55.0,away,0.2057288131,-8.2975536312,False,-7.0
2014-02-02,Yale Bulldogs,61.0,home,0.9391438068,16.7386308153,True,4.0
2014-02-02,Cornell Big Red,57.0,away,0.0608561932,-16.7386308153,False,-4.0
2014-02-02,Fordham Rams,85.0,home,0.5507839033,1.3166960645,True,6.0
2014-02-02,Rhode Island Rams,79.0,away,0.4492160967,-1.3166960645,False,-6.0
2014-02-02,Dartmouth Big Green,78.0,home,0.43305301659999995,-1.5384438845,True,9.0
2014-02-02,Princeton Tigers,69.0,away,0.5669469834,1.5384438845,False,-9.0
2014-02-02,Alabama A&M Bulldogs,63.0,home,0.3705555924,-3.3495537144,True,1.0
2014-02-02,Texas Southern Tigers,62.0,away,0.6294444076,3.3495537144,False,-1.0
2014-02-02,Lamar Cardinals,35.0,home,0.3959112588,-2.5523739639,False,-23.0
2014-02-02,Texas A&M-Corpus Christi Islanders,58.0,away,0.6040887412,2.5523739639,True,23.0
2014-02-02,Eastern Kentucky Colonels,79.0,home,0.8702759344,12.6090730335,True,1.0
2014-02-02,Southeast Missouri State Redhawks,78.0,away,0.1297240656,-12.6090730335,False,-1.0
2014-02-02,UC Santa Barbara Gauchos,82.0,home,0.9604476642,19.2684974825,True,15.0
2014-02-02,UC Davis Aggies,67.0,away,0.0395523358,-19.2684974825,False,-15.0
2014-02-02,Long Beach State Beach,75.0,home,0.6420525481,3.605521702,True,19.0
2014-02-02,Cal State Fullerton Titans,56.0,away,0.3579474519,-3.605521702,False,-19.0
2014-02-02,Siena Saints,95.0,home,0.4369923484,-1.6863636138,False,-8.0
2014-02-02,Quinnipiac Bobcats,103.0,away,0.5630076516,1.6863636138,True,8.0
2014-02-02,Marist Red Foxes,78.0,home,0.6664692433,4.646375827,True,14.0
2014-02-02,Niagara Purple Eagles,64.0,away,0.33353075669999993,-4.646375827,False,-14.0
2014-02-02,Purdue Fort Wayne Mastodons,77.0,home,0.7834445423000002,7.657827589,True,13.0
2014-02-02,Western Illinois Leathernecks,64.0,away,0.2165554577,-7.657827589,False,-13.0
2014-02-02,Southern Miss Golden Eagles,78.0,home,0.9707869911,20.0642643945,True,31.0
2014-02-02,Tulane Green Wave,47.0,away,0.0292130089,-20.0642643945,False,-31.0
2014-02-02,Charlotte 49ers,73.0,home,0.8498871946,11.0945332761,True,12.0
2014-02-02,Florida International Panthers,61.0,away,0.1501128054,-11.0945332761,False,-12.0
2014-02-02,High Point Panthers,65.0,home,0.5407624332,1.0062872772,True,1.0
2014-02-02,Winthrop Eagles,64.0,away,0.45923756679999994,-1.0062872772,False,-1.0
2014-02-02,North Florida Ospreys,58.0,home,0.7539229752,7.5761665891,False,-2.0
2014-02-02,Lipscomb Bisons,60.0,away,0.24607702480000002,-7.5761665891,True,2.0
2014-02-02,Stephen F. Austin Lumberjacks,76.0,home,0.9458061595000001,18.1000839703,True,2.0
2014-02-02,Incarnate Word Cardinals,74.0,away,0.0541938405,-18.1000839703,False,-2.0
2014-02-02,Oregon Ducks,78.0,home,0.9479652956,20.055133408,True,12.0
2014-02-02,USC Trojans,66.0,away,0.0520347044,-20.055133408,False,-12.0
2014-02-02,UAlbany Great Danes,45.0,home,0.3645573342999999,-3.1185639876,False,-10.0
2014-02-02,Vermont Catamounts,55.0,away,0.6354426657,3.1185639876,True,10.0
2014-02-02,New Mexico Lobos,72.0,home,0.9697460861,21.1308899236,True,25.0
2014-02-02,San José State Spartans,47.0,away,0.0302539139,-21.1308899236,False,-25.0
2014-02-02,Western Kentucky Hilltoppers,68.0,home,0.9173528723,13.7742618849,True,4.0
2014-02-02,Texas State Bobcats,64.0,away,0.0826471277,-13.7742618849,False,-4.0
2014-02-02,Kansas City Roos,53.0,home,0.5954790764,2.5507317056,False,-19.0
2014-02-02,Grand Canyon Lopes,72.0,away,0.4045209236,-2.5507317056,True,19.0
2014-02-02,Louisiana Ragin' Cajuns,66.0,home,0.8422953426,10.5080950304,True,16.0
2014-02-02,UL Monroe Warhawks,50.0,away,0.1577046574,-10.5080950304,False,-16.0
2014-02-02,Northern Iowa Panthers,81.0,home,0.6982857762000001,5.1316058899,False,-6.0
2014-02-02,Indiana State Sycamores,87.0,away,0.3017142238,-5.1316058899,True,6.0
2014-02-02,UT Rio Grande Valley Vaqueros,64.0,home,0.4316414808,-1.6965056379,False,-8.0
2014-02-02,Cal State Bakersfield Roadrunners,72.0,away,0.5683585192,1.6965056379,True,8.0
2014-02-02,UNLV Rebels,73.0,home,0.6144098195,2.9699716569,True,4.0
2014-02-02,Boise State Broncos,69.0,away,0.3855901805,-2.9699716569,False,-4.0
2014-02-02,Arkansas-Pine Bluff Golden Lions,66.0,home,0.9384313106,17.0172791961,True,2.0
2014-02-02,Grambling Tigers,64.0,away,0.0615686894,-17.0172791961,False,-2.0
2014-02-02,Troy Trojans,73.0,home,0.3218130935,-4.7164852242,False,-10.0
2014-02-02,Arkansas State Red Wolves,83.0,away,0.6781869065000001,4.7164852242,True,10.0
2014-02-02,Tennessee Tech Golden Eagles,81.0,home,0.2573968447,-6.8915219659,True,5.0
2014-02-02,Belmont Bruins,76.0,away,0.7426031553,6.8915219659,False,-5.0
2014-02-02,Georgia State Panthers,101.0,home,0.8866767794,13.4315045333,True,10.0
2014-02-02,UT Arlington Mavericks,91.0,away,0.1133232206,-13.4315045333,False,-10.0
2014-02-02,Alabama Crimson Tide,59.0,home,0.39684498619999997,-2.3896021638,False,-17.0
2014-02-02,Tennessee Volunteers,76.0,away,0.6031550138,2.3896021638,True,17.0
2014-02-02,UTEP Miners,68.0,home,0.9488527165,17.4023774645,True,11.0
2014-02-02,Rice Owls,57.0,away,0.0511472835,-17.4023774645,False,-11.0
2014-02-02,Santa Clara Broncos,64.0,home,0.6217356591,3.0624064611,False,-12.0
2014-02-02,Portland Pilots,76.0,away,0.3782643409,-3.0624064611,True,12.0
2014-02-02,New Mexico State Aggies,72.0,home,0.8864488385,12.382766428,True,23.0
2014-02-02,Utah Valley Wolverines,49.0,away,0.11355116150000001,-12.382766428,False,-23.0
2014-02-02,Harvard Crimson,80.0,home,0.9657533486,22.1700889284,True,30.0
2014-02-02,Pennsylvania Quakers,50.0,away,0.0342466514,-22.1700889284,False,-30.0
2014-02-02,Southern Utah Thunderbirds,52.0,home,0.1844611101,-9.0103355971,False,-2.0
2014-02-02,Montana State Bobcats,54.0,away,0.8155388899,9.0103355971,True,2.0
2014-02-02,San Francisco Dons,65.0,home,0.18502410149999998,-9.2109778907,False,-10.0
2014-02-02,Gonzaga Bulldogs,75.0,away,0.8149758985,9.2109778907,True,10.0
2014-02-02,Idaho Vandals,67.0,home,0.4986783922,-0.0327101279,False,-1.0
2014-02-02,Seattle U Redhawks,68.0,away,0.5013216078,0.0327101279,True,1.0
2014-02-02,Portland State Vikings,70.0,home,0.5999878449,2.5955630755,True,2.0
2014-02-02,North Dakota Fighting Hawks,68.0,away,0.4000121551,-2.5955630755,False,-2.0
2014-02-02,Sacramento State Hornets,78.0,home,0.24211120150000004,-6.4380117902,True,3.0
2014-02-02,Weber State Wildcats,75.0,away,0.7578887985,6.4380117902,False,-3.0
2014-02-02,BYU Cougars,84.0,home,0.6473583689,4.0246385797,True,13.0
2014-02-02,Saint Mary's Gaels,71.0,away,0.35264163109999996,-4.0246385797,False,-13.0
2014-02-02,Hawai'i Rainbow Warriors,77.0,home,0.9054367662,15.0113676277,True,14.0
2014-02-02,Cal State Northridge Matadors,63.0,away,0.0945632338,-15.0113676277,False,-14.0
2014-02-02,Cal Poly Mustangs,50.0,home,0.5412768889,0.9266364922,False,-14.0
2014-02-02,UC Irvine Anteaters,64.0,away,0.4587231111000001,-0.9266364922,True,14.0
2014-02-01,Missouri State Bears,74.0,home,0.7946645823,7.9008347574,True,13.0
2014-02-01,Bradley Braves,61.0,away,0.2053354177,-7.9008347574,False,-13.0
2014-02-11,Virginia Cavaliers,61.0,home,0.8937352984,12.8053490484,True,8.0
2014-02-11,Maryland Terrapins,53.0,away,0.1062647016,-12.8053490484,False,-8.0
2014-02-11,West Virginia Mountaineers,102.0,home,0.4680103856,-0.8791545466,True,25.0
2014-02-11,Iowa State Cyclones,77.0,away,0.5319896144,0.8791545466,False,-25.0
2014-02-11,East Tennessee State Buccaneers,63.0,home,0.4230701171,-2.0070419021,False,-12.0
2014-02-11,South Carolina Upstate Spartans,75.0,away,0.5769298829,2.0070419021,True,12.0
2014-02-10,Wofford Terriers,95.0,home,0.9980723566,40.0774596643,True,35.0
2014-02-10,Hiwassee Tigers,60.0,away,0.0019276434,-40.0774596643,False,-35.0
2014-02-11,Kansas State Wildcats,85.0,home,0.3131374021,-4.8376416929,True,3.0
2014-02-11,Kansas Jayhawks,82.0,away,0.6868625979,4.8376416929,False,-3.0
2014-02-11,Georgetown Hoyas,83.0,home,0.7177157384,5.5646234705,True,12.0
2014-02-11,Providence Friars,71.0,away,0.2822842616,-5.5646234705,False,-12.0
2014-02-11,UNC Wilmington Seahawks,66.0,home,0.290848109,-5.3296166497,True,13.0
2014-02-11,Towson Tigers,53.0,away,0.7091518909999999,5.3296166497,False,-13.0
2014-02-11,James Madison Dukes,59.0,home,0.6739891631,4.321719915,True,6.0
2014-02-11,Hofstra Pride,53.0,away,0.32601083689999993,-4.321719915,False,-6.0
2014-02-11,Western Carolina Catamounts,83.0,home,0.9278762240999999,15.8730923356,True,8.0
2014-02-11,Furman Paladins,75.0,away,0.0721237759,-15.8730923356,False,-8.0
2014-02-11,Florida State Seminoles,73.0,home,0.9153596593000001,13.3413485344,False,-4.0
2014-02-11,Miami Hurricanes,77.0,away,0.0846403407,-13.3413485344,True,4.0
2014-02-11,Siena Saints,77.0,home,0.7134046920999999,5.6785288444,True,2.0
2014-02-11,Fairfield Stags,75.0,away,0.2865953079,-5.6785288444,False,-2.0
2014-02-11,North Carolina Central Eagles,92.0,home,0.9572624736,20.4470651266,True,43.0
2014-02-11,Florida A&M Rattlers,49.0,away,0.0427375264,-20.4470651266,False,-43.0
2014-02-11,Hampton Pirates,71.0,home,0.939098697,17.6938798956,True,6.0
2014-02-11,Maryland Eastern Shore Hawks,65.0,away,0.06090130299999999,-17.6938798956,False,-6.0
2014-02-11,Arkansas State Red Wolves,72.0,home,0.6914953038,5.1442270198,True,14.0
2014-02-11,Western Kentucky Hilltoppers,58.0,away,0.3085046962,-5.1442270198,False,-14.0
2014-02-11,Quinnipiac Bobcats,83.0,home,0.8511157377,11.3196178175,True,5.0
2014-02-11,Marist Red Foxes,78.0,away,0.1488842623,-11.3196178175,False,-5.0
2014-02-11,Delaware State Hornets,79.0,home,0.6426226884,3.2590315236,True,20.0
2014-02-11,Savannah State Tigers,59.0,away,0.3573773116,-3.2590315236,False,-20.0
2014-02-11,Coppin State Eagles,77.0,home,0.4007037747,-2.6542341495,False,-5.0
2014-02-11,Morgan State Bears,82.0,away,0.5992962253,2.6542341495,True,5.0
2014-02-11,Norfolk State Spartans,75.0,home,0.7932071906,8.4488115805,True,26.0
2014-02-11,Howard Bison,49.0,away,0.20679280939999997,-8.4488115805,False,-26.0
2014-02-11,North Carolina A&T Aggies,71.0,home,0.7351821129,6.0974889999,False,-1.0
2014-02-11,Bethune-Cookman Wildcats,72.0,away,0.2648178871,-6.0974889999,True,1.0
2014-02-11,Arkansas-Pine Bluff Golden Lions,76.0,home,0.4535243978,-1.172450822,True,5.0
2014-02-11,Alabama State Hornets,71.0,away,0.5464756022,1.172450822,False,-5.0
2014-02-11,Grambling Tigers,95.0,home,0.1267182324,-11.6213753816,True,15.0
2014-02-11,Alcorn State Braves,80.0,away,0.8732817675999999,11.6213753816,False,-15.0
2014-02-11,Jackson State Tigers,63.0,home,0.2598634807,-6.6382187433,False,-5.0
2014-02-11,Southern Jaguars,68.0,away,0.7401365193000001,6.6382187433,True,5.0
2014-02-11,Sacramento State Hornets,68.0,home,0.9133413382,13.4381041577,True,12.0
2014-02-11,Southern Utah Thunderbirds,56.0,away,0.0866586618,-13.4381041577,False,-12.0
2014-02-11,Mississippi Valley State Delta Devils,82.0,home,0.48797966989999997,-0.3268388216,False,-9.0
2014-02-11,Alabama A&M Bulldogs,91.0,away,0.5120203301,0.3268388216,True,9.0
2014-02-12,Ohio State Buckeyes,60.0,home,0.6073812132,2.4718412212,False,-10.0
2014-02-12,Michigan Wolverines,70.0,away,0.3926187868,-2.4718412212,True,10.0
2014-02-12,Tennessee Volunteers,58.0,home,0.3920640159,-2.4433744985,False,-9.0
2014-02-12,Florida Gators,67.0,away,0.6079359841,2.4433744985,True,9.0
2014-02-12,Seton Hall Pirates,66.0,home,0.6132137467,2.8376287967,False,-11.0
2014-02-12,Marquette Golden Eagles,77.0,away,0.38678625330000005,-2.8376287967,True,11.0
2014-02-12,NC State Wolfpack,82.0,home,0.5600994068,1.5575191987,True,15.0
2014-02-12,Wake Forest Demon Deacons,67.0,away,0.4399005932,-1.5575191987,False,-15.0
2014-02-12,Notre Dame Fighting Irish,68.0,home,0.5280183246,0.608823507,True,4.0
2014-02-12,Clemson Tigers,64.0,away,0.4719816754,-0.608823507,False,-4.0
2014-02-12,Texas Longhorns,87.0,home,0.3440128609,-4.4013944787,True,19.0
2014-02-12,Oklahoma State Cowboys,68.0,away,0.6559871391000001,4.4013944787,False,-19.0
2014-02-12,Alabama Crimson Tide,67.0,home,0.5856117149,2.1935815928,True,3.0
2014-02-12,Ole Miss Rebels,64.0,away,0.41438828510000003,-2.1935815928,False,-3.0
2014-02-12,Wichita State Shockers,78.0,home,0.9694319784,20.6964831877,True,11.0
2014-02-12,Southern Illinois Salukis,67.0,away,0.0305680216,-20.6964831877,False,-11.0
2014-02-12,Wyoming Cowboys,68.0,home,0.2625898785,-5.7693397227,True,6.0
2014-02-12,San Diego State Aztecs,62.0,away,0.7374101214999998,5.7693397227,False,-6.0
2014-02-12,Liberty Flames,52.0,home,0.5406364444,0.9695608523,False,-16.0
2014-02-12,Gardner-Webb Runnin' Bulldogs,68.0,away,0.4593635556,-0.9695608523,True,16.0
2014-02-12,Colorado State Rams,62.0,home,0.6052898423,2.4874191592,False,-9.0
2014-02-12,Utah State Aggies,71.0,away,0.3947101577,-2.4874191592,True,9.0
2014-02-12,Butler Bulldogs,50.0,home,0.43601695679999997,-1.5225178781,False,-14.0
2014-02-12,Xavier Musketeers,64.0,away,0.5639830432,1.5225178781,True,14.0
2014-02-15,Mercer Bears,79.0,home,0.9605125011999999,20.4722839052,True,31.0
2014-02-15,Lipscomb Bisons,48.0,away,0.0394874988,-20.4722839052,False,-31.0
2014-02-15,Rutgers Scarlet Knights,65.0,home,0.2147650521,-8.3054058937,False,-12.0
2014-02-15,SMU Mustangs,77.0,away,0.7852349479,8.3054058937,True,12.0
2014-02-15,Chattanooga Mocs,83.0,home,0.5537949133,1.4546164509,True,10.0
2014-02-15,Western Carolina Catamounts,73.0,away,0.4462050867,-1.4546164509,False,-10.0
2014-02-14,Temple Owls,58.0,home,0.0648081684,-17.3857850805,False,-24.0
2014-02-14,Louisville Cardinals,82.0,away,0.9351918316,17.3857850805,True,24.0
2014-02-15,Cornell Big Red,70.0,home,0.20445286899999998,-8.1096563117,True,3.0
2014-02-15,Dartmouth Big Green,67.0,away,0.795547131,8.1096563117,False,-3.0
2014-02-15,Kennesaw State Owls,69.0,home,0.4829306688000001,-0.4031559875,True,2.0
2014-02-15,Northern Kentucky Norse,67.0,away,0.5170693312,0.4031559875,False,-2.0
2014-02-15,Arizona State Sun Devils,69.0,home,0.3827342238,-3.0072413925,True,3.0
2014-02-15,Arizona Wildcats,66.0,away,0.6172657762,3.0072413925,False,-3.0
2014-02-15,Oakland Golden Grizzlies,83.0,home,0.5656561802,1.6797853409,True,1.0
2014-02-15,Detroit Mercy Titans,82.0,away,0.4343438198,-1.6797853409,False,-1.0
2014-02-15,Yale Bulldogs,69.0,home,0.7900830435999999,8.656800546,True,15.0
2014-02-15,Pennsylvania Quakers,54.0,away,0.2099169564,-8.656800546,False,-15.0
2014-02-15,Columbia Lions,84.0,home,0.2253482229,-7.0696271459,False,-4.0
2014-02-15,Harvard Crimson,88.0,away,0.7746517771000001,7.0696271459,True,4.0
2014-02-15,Brown Bears,65.0,home,0.4986653665,-0.0336031005,False,-4.0
2014-02-15,Princeton Tigers,69.0,away,0.5013346335,0.0336031005,True,4.0
2014-02-15,Jacksonville Dolphins,74.0,home,0.4428442388,-1.5470428181,False,-5.0
2014-02-15,North Florida Ospreys,79.0,away,0.5571557612,1.5470428181,True,5.0
2014-02-15,Niagara Purple Eagles,65.0,home,0.317746438,-5.20957243,False,-6.0
2014-02-15,Canisius Golden Griffins,71.0,away,0.682253562,5.20957243,True,6.0
2014-02-15,Marist Red Foxes,65.0,home,0.6102727138,2.7991712486,True,1.0
2014-02-15,Siena Saints,64.0,away,0.3897272862000001,-2.7991712486,False,-1.0
2014-02-15,Iona Gaels,89.0,home,0.9409789374,18.9313905321,True,19.0
2014-02-15,Monmouth Hawks,70.0,away,0.0590210626,-18.9313905321,False,-19.0
2014-02-12,Longwood Lancers,59.0,home,0.1943078724,-9.050094193,False,-17.0
2014-02-12,Winthrop Eagles,76.0,away,0.8056921276,9.050094193,True,17.0
2014-02-13,Auburn Tigers,56.0,home,0.1276541197,-12.3630999346,False,-8.0
2014-02-13,Kentucky Wildcats,64.0,away,0.8723458802999999,12.3630999346,True,8.0
2014-02-12,Lafayette Leopards,61.0,home,0.6753363821,4.4881708405,True,17.0
2014-02-12,Loyola Maryland Greyhounds,44.0,away,0.3246636179,-4.4881708405,False,-17.0
2014-02-13,DePaul Blue Demons,62.0,home,0.0860010874,-15.4455733418,False,-25.0
2014-02-13,Villanova Wildcats,87.0,away,0.9139989126,15.4455733418,True,25.0
2014-02-12,Bucknell Bison,78.0,home,0.8276977292,9.102284917,True,21.0
2014-02-12,Navy Midshipmen,57.0,away,0.1723022708,-9.102284917,False,-21.0
2014-02-12,American University Eagles,64.0,home,0.8213223422,8.7114696666,True,20.0
2014-02-12,Lehigh Mountain Hawks,44.0,away,0.1786776578,-8.7114696666,False,-20.0
2014-02-13,Indiana Hoosiers,65.0,home,0.775876873,8.126878646,False,-1.0
2014-02-13,Penn State Nittany Lions,66.0,away,0.224123127,-8.126878646,True,1.0
2014-02-13,UConn Huskies,83.0,home,0.9727602598,21.8036649189,True,43.0
2014-02-13,South Florida Bulls,40.0,away,0.0272397402,-21.8036649189,False,-43.0
2014-02-13,Pittsburgh Panthers,56.0,home,0.6643384829,3.7159554085,False,-2.0
2014-02-13,Syracuse Orange,58.0,away,0.3356615171,-3.7159554085,True,2.0
2014-02-13,Memphis Tigers,76.0,home,0.9457703575,19.1341591577,True,6.0
2014-02-13,UCF Knights,70.0,away,0.054229642499999994,-19.1341591577,False,-6.0
2014-02-13,Toledo Rockets,82.0,home,0.6800279798999999,4.8584417961,True,6.0
2014-02-13,Ohio Bobcats,76.0,away,0.3199720201,-4.8584417961,False,-6.0
2014-02-13,Miami (OH) RedHawks,62.0,home,0.3993333882,-2.5659677781,False,-13.0
2014-02-13,Buffalo Bulls,75.0,away,0.6006666118,2.5659677781,True,13.0
2014-02-13,Ball State Cardinals,62.0,home,0.2002277205,-8.5710946802,False,-11.0
2014-02-13,Eastern Michigan Eagles,73.0,away,0.7997722795,8.5710946802,True,11.0
2014-02-13,Maine Black Bears,79.0,home,0.2662629867,-6.772345842,False,-12.0
2014-02-13,Hartford Hawks,91.0,away,0.7337370133000001,6.772345842,True,12.0
2014-02-13,Western Michigan Broncos,57.0,home,0.5732209243,1.8224584159,True,3.0
2014-02-13,Akron Zips,54.0,away,0.4267790757,-1.8224584159,False,-3.0
2014-02-13,TCU Horned Frogs,58.0,home,0.1560723138,-9.876758851,False,-33.0
2014-02-13,Baylor Bears,91.0,away,0.8439276862,9.876758851,True,33.0
2014-02-13,Kent State Golden Flashes,62.0,home,0.6893398516000001,5.0345710365,True,1.0
2014-02-13,Bowling Green Falcons,61.0,away,0.3106601484,-5.0345710365,False,-1.0
2014-02-13,Massachusetts Minutemen,80.0,home,0.9229820869,16.8038817784,False,-11.0
2014-02-13,George Mason Patriots,91.0,away,0.0770179131,-16.8038817784,True,11.0
2014-02-13,VCU Rams,92.0,home,0.7444235936,7.2241238486,True,17.0
2014-02-13,George Washington Revolutionaries,75.0,away,0.2555764064,-7.2241238486,False,-17.0
2014-02-13,Vermont Catamounts,83.0,home,0.9619237977,18.3759462333,True,25.0
2014-02-13,UMass Lowell River Hawks,58.0,away,0.0380762023,-18.3759462333,False,-25.0
2014-02-13,New Hampshire Wildcats,71.0,home,0.7949879688,7.9771524672,False,-1.0
2014-02-13,Binghamton Bearcats,72.0,away,0.2050120312,-7.9771524672,True,1.0
2014-02-13,Duquesne Dukes,58.0,home,0.3764336531,-3.153615163,False,-17.0
2014-02-13,Richmond Spiders,75.0,away,0.6235663469,3.153615163,True,17.0
2014-02-13,Southeast Missouri State Redhawks,70.0,home,0.9081469068,15.8960371273,False,-9.0
2014-02-13,UT Martin Skyhawks,79.0,away,0.0918530932,-15.8960371273,True,9.0
2014-02-13,UMBC Retrievers,71.0,home,0.2879796128,-5.5283320139,True,2.0
2014-02-13,UAlbany Great Danes,69.0,away,0.7120203872,5.5283320139,False,-2.0
2014-02-13,Dayton Flyers,76.0,home,0.9218367962,14.9704254085,True,7.0
2014-02-13,Rhode Island Rams,69.0,away,0.0781632038,-14.9704254085,False,-7.0
2014-02-13,Iona Gaels,62.0,home,0.9313597165,16.5099235644,True,3.0
2014-02-13,Saint Peter's Peacocks,59.0,away,0.0686402835,-16.5099235644,False,-3.0
2014-02-13,NJIT Highlanders,84.0,home,0.9941761025,34.7174886308,True,39.0
2014-02-13,Maine-Fort Kent Bengals,45.0,away,0.0058238975,-34.7174886308,False,-39.0
2014-02-13,Colgate Raiders,74.0,home,0.4686540791,-0.7527253787,False,-2.0
2014-02-13,Boston University Terriers,76.0,away,0.5313459209,0.7527253787,True,2.0
2014-02-13,Holy Cross Crusaders,66.0,home,0.812680912,9.2253584132,True,3.0
2014-02-13,Army Black Knights,63.0,away,0.187319088,-9.2253584132,False,-3.0
2014-02-13,Delaware Blue Hens,81.0,home,0.9191838916999999,16.0295125553,True,16.0
2014-02-13,James Madison Dukes,65.0,away,0.0808161083,-16.0295125553,False,-16.0
2014-02-13,VMI Keydets,78.0,home,0.6379291721,4.1762753522,False,-5.0
2014-02-13,Coastal Carolina Chanticleers,83.0,away,0.3620708279,-4.1762753522,True,5.0
2014-02-13,Campbell Fighting Camels,77.0,home,0.8525360617,10.0266089418,True,11.0
2014-02-13,Presbyterian Blue Hose,66.0,away,0.1474639383,-10.0266089418,False,-11.0
2014-02-13,Northern Iowa Panthers,80.0,home,0.8810021507000001,11.541934084,True,22.0
2014-02-13,Loyola Chicago Ramblers,58.0,away,0.11899784929999999,-11.541934084,False,-22.0
2014-02-13,Nebraska Cornhuskers,67.0,home,0.5128375653,0.3047576016,True,9.0
2014-02-13,Illinois Fighting Illini,58.0,away,0.4871624346999999,-0.3047576016,False,-9.0
2014-02-13,Northern Illinois Huskies,88.0,home,0.520413217,0.485974026,True,25.0
2014-02-13,Central Michigan Chippewas,63.0,away,0.479586783,-0.485974026,False,-25.0
2014-02-13,Bradley Braves,62.0,home,0.3307211788,-4.2128984492,False,-6.0
2014-02-13,Indiana State Sycamores,68.0,away,0.6692788212,4.2128984492,True,6.0
2014-02-13,Missouri State Bears,69.0,home,0.6632347106,4.0085988567,True,6.0
2014-02-13,Drake Bulldogs,63.0,away,0.33676528939999995,-4.0085988567,False,-6.0
2014-02-13,Washington Huskies,64.0,home,0.431698947,-1.7909718227,True,4.0
2014-02-13,Stanford Cardinal,60.0,away,0.568301053,1.7909718227,False,-4.0
2014-02-13,Oklahoma Sooners,60.0,home,0.8199790661,9.6894777026,False,-8.0
2014-02-13,Texas Tech Red Raiders,68.0,away,0.1800209339,-9.6894777026,True,8.0
2014-02-13,Evansville Purple Aces,104.0,home,0.49494560550000005,-0.1335350951,True,6.0
2014-02-13,Illinois State Redbirds,98.0,away,0.5050543945,0.1335350951,False,-6.0
2014-02-13,Texas A&M Aggies,83.0,home,0.4223538094,-2.0028732437,True,10.0
2014-02-13,LSU Tigers,73.0,away,0.5776461906,2.0028732437,False,-10.0
2014-02-13,Fordham Rams,65.0,home,0.260922458,-6.8352262042,False,-11.0
2014-02-13,St. Bonaventure Bonnies,76.0,away,0.739077542,6.8352262042,True,11.0
2014-02-13,Nevada Wolf Pack,67.0,home,0.7019336076,5.2865169613,False,-8.0
2014-02-13,Fresno State Bulldogs,75.0,away,0.2980663924,-5.2865169613,True,8.0
2014-02-13,Mississippi State Bulldogs,55.0,home,0.4279522686,-1.7860411313,False,-20.0
2014-02-13,Georgia Bulldogs,75.0,away,0.5720477314,1.7860411313,True,20.0
2014-02-13,San José State Spartans,48.0,home,0.3985944694,-2.4467821909,False,-3.0
2014-02-13,Air Force Falcons,51.0,away,0.6014055306,2.4467821909,True,3.0
2014-02-13,Boise State Broncos,71.0,home,0.7626653487,7.1423537079,True,1.0
2014-02-13,New Mexico Lobos,70.0,away,0.23733465129999998,-7.1423537079,False,-1.0
2014-02-13,Washington State Cougars,76.0,home,0.2053385613,-7.9560943738,False,-4.0
2014-02-13,California Golden Bears,80.0,away,0.7946614387,7.9560943738,True,4.0
2014-02-13,South Carolina Gamecocks,65.0,home,0.5866358294,2.1540200657,True,6.0
2014-02-13,Vanderbilt Commodores,59.0,away,0.4133641706,-2.1540200657,False,-6.0
2014-02-14,Butler Bulldogs,63.0,home,0.2111410829,-7.697277765,False,-5.0
2014-02-14,Creighton Bluejays,68.0,away,0.7888589171,7.697277765,True,5.0
2014-02-13,Georgia Southern Eagles,56.0,home,0.706026037,5.7661255449,False,-12.0
2014-02-13,UNC Greensboro Spartans,68.0,away,0.293973963,-5.7661255449,True,12.0
2014-02-13,Georgia Tech Yellow Jackets,74.0,home,0.7679957113,7.0650259109,True,3.0
2014-02-13,Boston College Eagles,71.0,away,0.2320042887,-7.0650259109,False,-3.0
2014-02-13,App State Mountaineers,74.0,home,0.6850577975000001,4.831770746,True,6.0
2014-02-13,Samford Bulldogs,68.0,away,0.3149422025,-4.831770746,False,-6.0
2014-02-14,Wisconsin Badgers,78.0,home,0.886981375,12.092828406,True,8.0
2014-02-14,Minnesota Golden Gophers,70.0,away,0.113018625,-12.092828406,False,-8.0
2014-02-14,Missouri Tigers,86.0,home,0.5268393349,0.7250230963,True,1.0
2014-02-14,Arkansas Razorbacks,85.0,away,0.4731606651,-0.7250230963,False,-1.0
2014-02-14,Charleston Cougars,47.0,home,0.2830991468,-5.2409086817,True,1.0
2014-02-14,Drexel Dragons,46.0,away,0.7169008532,5.2409086817,False,-1.0
2014-02-14,UNC Wilmington Seahawks,55.0,home,0.44236974250000005,-1.351175224,True,10.0
2014-02-14,Northeastern Huskies,45.0,away,0.5576302575,1.351175224,False,-10.0
2014-02-14,Michigan State Spartans,85.0,home,0.9641795376000001,19.3734486333,True,15.0
2014-02-14,Northwestern Wildcats,70.0,away,0.0358204624,-19.3734486333,False,-15.0
2014-02-14,Purdue Fort Wayne Mastodons,75.0,home,0.8225432758,9.7687476077,True,6.0
2014-02-14,South Dakota Coyotes,69.0,away,0.17745672419999997,-9.7687476077,False,-6.0
2014-02-14,Saint Francis Red Flash,60.0,home,0.2002906969,-8.0823077579,False,-6.0
2014-02-14,Robert Morris Colonials,66.0,away,0.7997093031,8.0823077579,True,6.0
2014-02-14,IU Indianapolis Jaguars,59.0,home,0.1934812903,-7.854683065,True,10.0
2014-02-14,Denver Pioneers,49.0,away,0.8065187097,7.854683065,False,-10.0
2014-02-14,Radford Highlanders,102.0,home,0.7122907816,5.8254377606,True,10.0
2014-02-14,UNC Asheville Bulldogs,92.0,away,0.2877092184,-5.8254377606,False,-10.0
2014-02-14,Rider Broncs,69.0,home,0.3163036878,-5.1311927002,False,-17.0
2014-02-14,Manhattan Jaspers,86.0,away,0.6836963122,5.1311927002,True,17.0
2014-02-14,Cleveland State Vikings,73.0,home,0.946688578,17.2112082124,True,20.0
2014-02-14,UIC Flames,53.0,away,0.053311422,-17.2112082124,False,-20.0
2014-02-14,Tennessee Tech Golden Eagles,72.0,home,0.2723386809,-6.2225305451,True,6.0
2014-02-14,Eastern Kentucky Colonels,66.0,away,0.7276613191,6.2225305451,False,-6.0
2014-02-14,East Tennessee State Buccaneers,89.0,home,0.5428287847,1.118069937,True,8.0
2014-02-14,Florida Gulf Coast Eagles,81.0,away,0.4571712153,-1.118069937,False,-8.0
2014-02-14,Murray State Racers,82.0,home,0.8997281369,14.0080510851,True,10.0
2014-02-14,SIU Edwardsville Cougars,72.0,away,0.1002718631,-14.0080510851,False,-10.0
2014-02-14,Youngstown State Penguins,40.0,home,0.4997436867,-0.0066631974,False,-31.0
2014-02-14,Green Bay Phoenix,71.0,away,0.5002563133,0.0066631974,True,31.0
2014-02-14,Jacksonville State Gamecocks,67.0,home,0.2847671225,-5.7175241499,False,-2.0
2014-02-14,Morehead State Eagles,69.0,away,0.7152328775,5.7175241499,True,2.0
2014-02-14,Western Kentucky Hilltoppers,81.0,home,0.868050099,11.3593181412,True,5.0
2014-02-14,Troy Trojans,76.0,away,0.131949901,-11.3593181412,False,-5.0
2014-02-14,Austin Peay Governors,88.0,home,0.7788717442,8.0816950188,True,5.0
2014-02-14,Eastern Illinois Panthers,83.0,away,0.22112825579999998,-8.0816950188,False,-5.0
2014-02-14,UL Monroe Warhawks,74.0,home,0.5534962743,1.3502679178,False,-11.0
2014-02-14,UT Arlington Mavericks,85.0,away,0.4465037257,-1.3502679178,True,11.0
2014-02-14,Western Illinois Leathernecks,52.0,home,0.1849041821,-8.3303375889,False,-4.0
2014-02-14,North Dakota State Bison,56.0,away,0.8150958179,8.3303375889,True,4.0
2014-02-14,UT Rio Grande Valley Vaqueros,71.0,home,0.7397209266,6.8336912347,True,3.0
2014-02-14,Chicago State Cougars,68.0,away,0.2602790734,-6.8336912347,False,-3.0
2014-02-14,UTSA Roadrunners,72.0,home,0.4076323661,-2.3444880996,False,-8.0
2014-02-14,Florida International Panthers,80.0,away,0.5923676339,2.3444880996,True,8.0
2014-02-14,North Texas Mean Green,62.0,home,0.5685183511,1.7753356652,False,-10.0
2014-02-14,Old Dominion Monarchs,72.0,away,0.4314816489,-1.7753356652,True,10.0
2014-02-14,Middle Tennessee Blue Raiders,71.0,home,0.9458614878999999,16.965857701,True,27.0
2014-02-14,Tulane Green Wave,44.0,away,0.0541385121,-16.965857701,False,-27.0
2014-02-14,North Dakota Fighting Hawks,70.0,home,0.7770094251999999,8.0507091728,False,-8.0
2014-02-14,Montana State Bobcats,78.0,away,0.2229905748,-8.0507091728,True,8.0
2014-02-14,South Alabama Jaguars,61.0,home,0.3431038236000001,-4.0819353467,False,-24.0
2014-02-14,Arkansas State Red Wolves,85.0,away,0.6568961764,4.0819353467,True,24.0
2014-02-14,Omaha Mavericks,60.0,home,0.7172687074000001,6.299307955,False,-17.0
2014-02-14,South Dakota State Jackrabbits,77.0,away,0.2827312926,-6.299307955,True,17.0
2014-02-14,Tulsa Golden Hurricane,76.0,home,0.8117585579,9.3213268015,True,18.0
2014-02-14,East Carolina Pirates,58.0,away,0.1882414421,-9.3213268015,False,-18.0
2014-02-14,Houston Christian Huskies,66.0,home,0.200603284,-8.5945729596,False,-14.0
2014-02-14,Oral Roberts Golden Eagles,80.0,away,0.799396716,8.5945729596,True,14.0
2014-02-14,Louisiana Ragin' Cajuns,93.0,home,0.8532472559,11.9384910445,True,6.0
2014-02-14,Little Rock Trojans,87.0,away,0.1467527441,-11.9384910445,False,-6.0
2014-02-14,SE Louisiana Lions,62.0,home,0.7159765844,5.7080917481,True,9.0
2014-02-14,McNeese Cowboys,53.0,away,0.2840234156,-5.7080917481,False,-9.0
2014-02-14,Texas A&M-Corpus Christi Islanders,84.0,home,0.8248988783,9.9159451745,True,11.0
2014-02-14,Central Arkansas Bears,73.0,away,0.1751011217,-9.9159451745,False,-11.0
2014-02-14,Fairfield Stags,72.0,home,0.3158419379,-5.0182952394,False,-8.0
2014-02-14,Quinnipiac Bobcats,80.0,away,0.6841580621,5.0182952394,True,8.0
2014-02-14,Sam Houston Bearkats,67.0,home,0.8129904032,10.6106889243,True,3.0
2014-02-14,Northwestern State Demons,64.0,away,0.1870095968,-10.6106889243,False,-3.0
2014-02-14,New Orleans Privateers,70.0,home,0.7238227811,6.3686499816,True,6.0
2014-02-14,Nicholls Colonels,64.0,away,0.2761772189,-6.3686499816,False,-6.0
2014-02-14,Gonzaga Bulldogs,83.0,home,0.9693839877000001,21.263035504,True,15.0
2014-02-14,Pepperdine Waves,68.0,away,0.0306160123,-21.263035504,False,-15.0
2014-02-14,Seton Hall Pirates,67.0,home,0.5028410911,0.0712926186,False,-1.0
2014-02-14,St. John's Red Storm,68.0,away,0.4971589089,-0.0712926186,True,1.0
2014-02-14,Lamar Cardinals,69.0,home,0.0670267484,-16.2455387938,False,-9.0
2014-02-14,Stephen F. Austin Lumberjacks,78.0,away,0.9329732516,16.2455387938,True,9.0
2014-02-14,Belmont Bruins,73.0,home,0.9433811656000001,17.7915647167,True,2.0
2014-02-14,Tennessee State Tigers,71.0,away,0.0566188344,-17.7915647167,False,-2.0
2014-02-14,New Mexico State Aggies,71.0,home,0.9735699432,24.2757562206,True,23.0
2014-02-14,Kansas City Roos,48.0,away,0.0264300568,-24.2757562206,False,-23.0
2014-02-14,UCLA Bruins,92.0,home,0.8390326666,10.9726455798,True,18.0
2014-02-14,Colorado Buffaloes,74.0,away,0.1609673334,-10.9726455798,False,-18.0
2014-02-14,Utah Valley Wolverines,57.0,home,0.7052882484,5.1761909162,False,-14.0
2014-02-14,Seattle U Redhawks,71.0,away,0.2947117516,-5.1761909162,True,14.0
2014-02-14,UAB Blazers,84.0,home,0.2342529763,-7.344366963,True,24.0
2014-02-14,Southern Miss Golden Eagles,60.0,away,0.7657470236999999,7.344366963,False,-24.0
2014-02-14,UTEP Miners,69.0,home,0.8675639948,11.0266702267,False,-2.0
2014-02-14,Florida Atlantic Owls,71.0,away,0.1324360052,-11.0266702267,True,2.0
2014-02-14,Southern Utah Thunderbirds,55.0,home,0.0526458466,-17.0016527756,False,-20.0
2014-02-14,Weber State Wildcats,75.0,away,0.9473541533999998,17.0016527756,True,20.0
2014-02-14,Northern Colorado Bears,89.0,home,0.7517847182,6.3457333281,True,3.0
2014-02-14,Montana Grizzlies,86.0,away,0.24821528179999996,-6.3457333281,False,-3.0
2014-02-14,Incarnate Word Cardinals,80.0,home,0.8118032019,9.2050807557,True,12.0
2014-02-14,Abilene Christian Wildcats,68.0,away,0.1881967981,-9.2050807557,False,-12.0
2014-02-14,Long Beach State Beach,64.0,home,0.3411456276,-3.8748214763,False,-1.0
2014-02-14,UC Santa Barbara Gauchos,65.0,away,0.6588543724,3.8748214763,True,1.0
2014-02-14,Eastern Washington Eagles,85.0,home,0.7833101893,7.9514679878,True,13.0
2014-02-14,Sacramento State Hornets,72.0,away,0.2166898107,-7.9514679878,False,-13.0
2014-02-14,Portland Pilots,71.0,home,0.8302328837,10.6716523106,True,7.0
2014-02-14,Loyola Marymount Lions,64.0,away,0.1697671163,-10.6716523106,False,-7.0
2014-02-14,UC Riverside Highlanders,76.0,home,0.2146084109,-8.5947320415,False,-11.0
2014-02-14,Hawai'i Rainbow Warriors,87.0,away,0.7853915891,8.5947320415,True,11.0
2014-02-14,Cal State Northridge Matadors,55.0,home,0.44836172600000007,-1.1732546442,False,-7.0
2014-02-14,Cal Poly Mustangs,62.0,away,0.551638274,1.1732546442,True,7.0
2014-02-14,Cal State Fullerton Titans,74.0,home,0.8316000365,10.0242048059,True,10.0
2014-02-14,UC Davis Aggies,64.0,away,0.1683999635,-10.0242048059,False,-10.0
2014-02-14,Portland State Vikings,63.0,home,0.5780237774,1.8665284362,False,-2.0
2014-02-14,Northern Arizona Lumberjacks,65.0,away,0.4219762226,-1.8665284362,True,2.0
2014-02-14,Cal State Bakersfield Roadrunners,76.0,home,0.8102171633,8.7735830008,True,9.0
2014-02-14,Idaho Vandals,67.0,away,0.18978283669999998,-8.7735830008,False,-9.0
2014-02-14,Saint Mary's Gaels,69.0,home,0.9260461217,14.0836247311,True,12.0
2014-02-14,San Diego Toreros,57.0,away,0.0739538783,-14.0836247311,False,-12.0
2014-02-14,Pacific Tigers,89.0,home,0.3652960033,-3.8535436307,True,7.0
2014-02-14,BYU Cougars,82.0,away,0.6347039967,3.8535436307,False,-7.0
2014-02-14,USC Trojans,71.0,home,0.2322201411,-7.7074924367,False,-8.0
2014-02-14,Utah Utes,79.0,away,0.7677798589,7.7074924367,True,8.0
2014-02-09,SMU Mustangs,76.0,home,0.5945853629,2.2820501118,True,21.0
2014-02-09,Cincinnati Bearcats,55.0,away,0.4054146371,-2.2820501118,False,-21.0
2014-02-08,Florida Gators,78.0,home,0.9548492963000001,17.3700613235,True,9.0
2014-02-08,Alabama Crimson Tide,69.0,away,0.0451507037,-17.3700613235,False,-9.0
2014-02-08,La Salle Explorers,63.0,home,0.4176986475,-2.0384878239,False,-2.0
2014-02-08,Saint Louis Billikens,65.0,away,0.5823013525,2.0384878239,True,2.0
2014-02-08,Iowa State Cyclones,84.0,home,0.9807653912,25.9001132344,True,15.0
2014-02-08,TCU Horned Frogs,69.0,away,0.0192346088,-25.9001132344,False,-15.0
2014-02-09,San Diego State Aztecs,73.0,home,0.9610317635999999,19.5215937074,True,15.0
2014-02-09,Nevada Wolf Pack,58.0,away,0.0389682364,-19.5215937074,False,-15.0
2014-02-09,Northern Iowa Panthers,73.0,home,0.2872957837,-5.4683630253,False,-9.0
2014-02-09,Wichita State Shockers,82.0,away,0.7127042163,5.4683630253,True,9.0
2014-02-08,Iowa Hawkeyes,85.0,home,0.6177899458,3.0310728054,True,18.0
2014-02-08,Michigan Wolverines,67.0,away,0.3822100542,-3.0310728054,False,-18.0
2014-02-08,Kansas Jayhawks,83.0,home,0.8911744069,13.7340358915,True,14.0
2014-02-08,West Virginia Mountaineers,69.0,away,0.1088255931,-13.7340358915,False,-14.0
2014-02-08,Kansas State Wildcats,74.0,home,0.649282921,3.9116854057,True,17.0
2014-02-08,Texas Longhorns,57.0,away,0.350717079,-3.9116854057,False,-17.0
2014-02-08,Boston College Eagles,68.0,home,0.0512982826,-17.4308660178,False,-21.0
2014-02-08,Duke Blue Devils,89.0,away,0.9487017174000001,17.4308660178,True,21.0
2014-02-08,Georgia Tech Yellow Jackets,45.0,home,0.2212796498,-7.3904756486,False,-19.0
2014-02-08,Virginia Cavaliers,64.0,away,0.7787203502,7.3904756486,True,19.0
2014-02-09,Texas Tech Red Raiders,65.0,home,0.1534227657,-10.4969404702,True,4.0
2014-02-09,Oklahoma State Cowboys,61.0,away,0.8465772343000001,10.4969404702,False,-4.0
2014-02-08,Pittsburgh Panthers,62.0,home,0.976498404,21.9255681042,True,5.0
2014-02-08,Virginia Tech Hokies,57.0,away,0.023501596,-21.9255681042,False,-5.0
2014-02-09,Memphis Tigers,60.0,home,0.6453069396,3.8804564097,True,6.0
2014-02-09,Gonzaga Bulldogs,54.0,away,0.3546930604,-3.8804564097,False,-6.0
2014-02-08,Eastern Kentucky Colonels,79.0,home,0.7900183804999998,8.6884513058,False,-7.0
2014-02-08,Morehead State Eagles,86.0,away,0.2099816195,-8.6884513058,True,7.0
2014-02-08,Mississippi State Bulldogs,59.0,home,0.064873653,-17.1383715849,False,-10.0
2014-02-08,Kentucky Wildcats,69.0,away,0.935126347,17.1383715849,True,10.0
2014-02-09,Oklahoma Sooners,88.0,home,0.585154655,2.2232622142,True,16.0
2014-02-09,Baylor Bears,72.0,away,0.414845345,-2.2232622142,False,-16.0
2014-02-08,Jacksonville State Gamecocks,60.0,home,0.5459192789,1.1001490296,False,-12.0
2014-02-08,Tennessee Tech Golden Eagles,72.0,away,0.4540807211,-1.1001490296,True,12.0
2014-02-08,Central Connecticut Blue Devils,91.0,home,0.6594112681,4.287067729,True,5.0
2014-02-08,Fairleigh Dickinson Knights,86.0,away,0.3405887319,-4.287067729,False,-5.0
2014-02-08,Notre Dame Fighting Irish,62.0,home,0.4883410839,-0.3043585458,False,-11.0
2014-02-08,North Carolina Tar Heels,73.0,away,0.5116589161,0.3043585458,True,11.0
2014-02-08,Wright State Raiders,68.0,home,0.48468375080000003,-0.3553460734,False,-4.0
2014-02-08,Cleveland State Vikings,72.0,away,0.5153162492,0.3553460734,True,4.0
2014-02-08,Georgetown Hoyas,71.0,home,0.803579623,8.3117291007,True,8.0
2014-02-08,Butler Bulldogs,63.0,away,0.196420377,-8.3117291007,False,-8.0
2014-02-08,Northwestern Wildcats,49.0,home,0.6339699485,3.2147692725,False,-4.0
2014-02-08,Nebraska Cornhuskers,53.0,away,0.3660300515,-3.2147692725,True,4.0
2014-02-08,Boston University Terriers,88.0,home,0.8417156624,10.4099858679,True,34.0
2014-02-08,Lafayette Leopards,54.0,away,0.1582843376,-10.4099858679,False,-34.0
2014-02-08,Stetson Hatters,73.0,home,0.5559302435,1.4035162504,True,5.0
2014-02-08,Jacksonville Dolphins,68.0,away,0.4440697565,-1.4035162504,False,-5.0
2014-02-08,Ball State Cardinals,73.0,home,0.12308326320000001,-12.7879729117,False,-7.0
2014-02-08,Toledo Rockets,80.0,away,0.8769167368,12.7879729117,True,7.0
2014-02-08,VMI Keydets,92.0,home,0.33245409989999997,-5.101263548,True,8.0
2014-02-08,Charleston Southern Buccaneers,84.0,away,0.6675459001,5.101263548,False,-8.0
2014-02-08,Western Carolina Catamounts,84.0,home,0.8698330688,12.070210507,True,9.0
2014-02-08,App State Mountaineers,75.0,away,0.1301669312,-12.070210507,False,-9.0
2014-02-08,Eastern Michigan Eagles,70.0,home,0.7107073435,5.5619834609,True,17.0
2014-02-08,Kent State Golden Flashes,53.0,away,0.2892926565,-5.5619834609,False,-17.0
2014-02-08,Ohio Bobcats,82.0,home,0.9011898878,13.5396261,True,7.0
2014-02-08,Miami (OH) RedHawks,75.0,away,0.0988101122,-13.5396261,False,-7.0
2014-02-08,Stony Brook Seawolves,69.0,home,0.9404652684,16.2660050806,False,-4.0
2014-02-08,New Hampshire Wildcats,73.0,away,0.059534731599999995,-16.2660050806,True,4.0
2014-02-08,UMBC Retrievers,61.0,home,0.6521284090999999,3.8734888735,False,-10.0
2014-02-08,UMass Lowell River Hawks,71.0,away,0.3478715909,-3.8734888735,True,10.0
2014-02-08,Green Bay Phoenix,63.0,home,0.8452304614,11.1864208052,False,-10.0
2014-02-08,Milwaukee Panthers,73.0,away,0.1547695386,-11.1864208052,True,10.0
2014-02-08,Drexel Dragons,78.0,home,0.8984511719,12.6819551315,True,18.0
2014-02-08,James Madison Dukes,60.0,away,0.1015488281,-12.6819551315,False,-18.0
2014-02-08,Binghamton Bearcats,73.0,home,0.576322184,2.1169677233,True,15.0
2014-02-08,Maine Black Bears,58.0,away,0.423677816,-2.1169677233,False,-15.0
2014-02-08,Duquesne Dukes,68.0,home,0.6397149473,3.7406724064,False,-6.0
2014-02-08,George Mason Patriots,74.0,away,0.36028505269999994,-3.7406724064,True,6.0
2014-02-08,Towson Tigers,68.0,home,0.8358501952,9.5671503938,True,7.0
2014-02-08,Charleston Cougars,61.0,away,0.1641498048,-9.5671503938,False,-7.0
2014-02-08,Miami Hurricanes,55.0,home,0.5853202789,1.9147001422,False,-1.0
2014-02-08,NC State Wolfpack,56.0,away,0.41467972109999995,-1.9147001422,True,1.0
2014-02-08,Lehigh Mountain Hawks,66.0,home,0.768939312,7.4257088343,True,14.0
2014-02-08,Loyola Maryland Greyhounds,52.0,away,0.231060688,-7.4257088343,False,-14.0
2014-02-08,Quinnipiac Bobcats,82.0,home,0.7366758809000001,6.7290391875,True,21.0
2014-02-08,Rider Broncs,61.0,away,0.2633241191,-6.7290391875,False,-21.0
2014-02-08,American University Eagles,60.0,home,0.8291394898,8.6733480603,False,-3.0
2014-02-08,Colgate Raiders,63.0,away,0.17086051019999998,-8.6733480603,True,3.0
2014-02-08,Sacred Heart Pioneers,55.0,home,0.3482238296,-4.1549937547,False,-7.0
2014-02-08,Wagner Seahawks,62.0,away,0.6517761704,4.1549937547,True,7.0
2014-02-08,Florida International Panthers,68.0,home,0.2981929044,-5.2543041164,False,-2.0
2014-02-08,Middle Tennessee Blue Raiders,70.0,away,0.7018070956,5.2543041164,True,2.0
2014-02-08,Coastal Carolina Chanticleers,67.0,home,0.9438539334000001,18.504341418,True,9.0
2014-02-08,Longwood Lancers,58.0,away,0.05614606660000001,-18.504341418,False,-9.0
2014-02-08,St. Francis Brooklyn Terriers,50.0,home,0.6128538108,2.880563529,False,-22.0
2014-02-08,Robert Morris Colonials,72.0,away,0.3871461892,-2.880563529,True,22.0
2014-02-08,Omaha Mavericks,71.0,home,0.7749839143,7.9642484063,True,11.0
2014-02-08,Western Illinois Leathernecks,60.0,away,0.2250160857,-7.9642484063,False,-11.0
2014-02-08,UNC Asheville Bulldogs,75.0,home,0.6632573764,4.10553673,True,3.0
2014-02-08,Liberty Flames,72.0,away,0.3367426236,-4.10553673,False,-3.0
2014-02-08,Presbyterian Blue Hose,66.0,home,0.1415203945,-10.91778883,False,-17.0
2014-02-08,Radford Highlanders,83.0,away,0.8584796054999999,10.91778883,True,17.0
2014-02-08,Tennessee Volunteers,72.0,home,0.9014833701,13.4084592702,True,19.0
2014-02-08,South Carolina Gamecocks,53.0,away,0.0985166299,-13.4084592702,False,-19.0
2014-02-08,Xavier Musketeers,59.0,home,0.7558569151000001,6.816626364,True,6.0
2014-02-08,Providence Friars,53.0,away,0.2441430849,-6.816626364,False,-6.0
2014-02-08,Maryland Terrapins,83.0,home,0.4627470712,-0.9808415711,True,12.0
2014-02-08,Florida State Seminoles,71.0,away,0.5372529288,0.9808415711,False,-12.0
2014-02-08,Eastern Illinois Panthers,68.0,home,0.3366966373,-4.3790670439,False,-6.0
2014-02-08,Southeast Missouri State Redhawks,74.0,away,0.6633033627,4.3790670439,True,6.0
2014-02-08,Pepperdine Waves,67.0,home,0.22192822330000003,-7.4249173489,False,-2.0
2014-02-08,Saint Mary's Gaels,69.0,away,0.7780717767,7.4249173489,True,2.0
2014-02-08,Maryland Eastern Shore Hawks,50.0,home,0.4116567958,-2.2005395882,False,-8.0
2014-02-08,Coppin State Eagles,58.0,away,0.5883432042,2.2005395882,True,8.0
2014-02-08,LSU Tigers,87.0,home,0.8412897673999999,11.3104484097,True,7.0
2014-02-08,Auburn Tigers,80.0,away,0.1587102326,-11.3104484097,False,-7.0
2014-02-08,Vanderbilt Commodores,75.0,home,0.3329823676,-4.5579010901,False,-2.0
2014-02-08,Arkansas Razorbacks,77.0,away,0.6670176324,4.5579010901,True,2.0
2014-02-08,St. Bonaventure Bonnies,69.0,home,0.545252903,1.1307184881,False,-3.0
2014-02-08,Dayton Flyers,72.0,away,0.454747097,-1.1307184881,True,3.0
2014-02-08,George Washington Revolutionaries,93.0,home,0.9424672777,18.3232409745,True,26.0
2014-02-08,Fordham Rams,67.0,away,0.05753272229999999,-18.3232409745,False,-26.0
2014-02-08,Air Force Falcons,56.0,home,0.37070086500000005,-3.2012126608,False,-12.0
2014-02-08,Colorado State Rams,68.0,away,0.629299135,3.2012126608,True,12.0
2014-02-08,Northwestern State Demons,86.0,home,0.8243222942,10.9749585015,True,13.0
2014-02-08,Nicholls Colonels,73.0,away,0.1756777058,-10.9749585015,False,-13.0
2014-02-08,Army Black Knights,57.0,home,0.8134095437,9.1076847455,False,-22.0
2014-02-08,Navy Midshipmen,79.0,away,0.1865904563,-9.1076847455,True,22.0
2014-02-08,Bryant Bulldogs,78.0,home,0.8641537187,12.5303170659,True,3.0
2014-02-08,Mount St. Mary's Mountaineers,75.0,away,0.1358462813,-12.5303170659,False,-3.0
2014-02-08,Delaware State Hornets,61.0,home,0.8045732408,7.8465181792,True,8.0
2014-02-08,South Carolina State Bulldogs,53.0,away,0.1954267592,-7.8465181792,False,-8.0
2014-02-08,Rice Owls,56.0,home,0.1995087334,-8.7066332303,False,-10.0
2014-02-08,Tulsa Golden Hurricane,66.0,away,0.8004912666,8.7066332303,True,10.0
2014-02-08,Winthrop Eagles,88.0,home,0.8043004415,8.3475468621,True,26.0
2014-02-08,Campbell Fighting Camels,62.0,away,0.19569955849999998,-8.3475468621,False,-26.0
2014-02-08,Abilene Christian Wildcats,69.0,home,0.4539698767,-1.0524703953,False,-2.0
2014-02-08,Texas A&M-Corpus Christi Islanders,71.0,away,0.5460301233,1.0524703953,True,2.0
2014-02-08,North Carolina Central Eagles,77.0,home,0.9750869717,20.8019141967,True,23.0
2014-02-08,Bethune-Cookman Wildcats,54.0,away,0.0249130283,-20.8019141967,False,-23.0
2014-02-08,Long Island University Sharks,58.0,home,0.7094093831000001,5.3863820349,False,-16.0
2014-02-08,Saint Francis Red Flash,74.0,away,0.2905906169,-5.3863820349,True,16.0
2014-02-08,Morgan State Bears,53.0,home,0.826227227,10.1421986221,False,-11.0
2014-02-08,Norfolk State Spartans,64.0,away,0.173772773,-10.1421986221,True,11.0
2014-02-08,Arizona State Sun Devils,74.0,home,0.6784141171,5.1243452265,True,2.0
2014-02-08,Oregon Ducks,72.0,away,0.32158588289999995,-5.1243452265,False,-2.0
2014-02-08,Belmont Bruins,93.0,home,0.8839884432000001,13.673465093,True,25.0
2014-02-08,Austin Peay Governors,68.0,away,0.1160115568,-13.673465093,False,-25.0
2014-02-08,Ole Miss Rebels,91.0,home,0.5638836044,1.6705120618,True,3.0
2014-02-08,Missouri Tigers,88.0,away,0.4361163956,-1.6705120618,False,-3.0
2014-02-08,East Carolina Pirates,81.0,home,0.9331318344999999,16.7314264357,True,10.0
2014-02-08,UTSA Roadrunners,71.0,away,0.0668681655,-16.7314264357,False,-10.0
2014-02-08,South Dakota State Jackrabbits,83.0,home,0.8776324941,12.2249252399,True,24.0
2014-02-08,IU Indianapolis Jaguars,59.0,away,0.12236750589999999,-12.2249252399,False,-24.0
2014-02-08,North Dakota State Bison,69.0,home,0.9041813648999999,13.5939764803,True,11.0
2014-02-08,Purdue Fort Wayne Mastodons,58.0,away,0.0958186351,-13.5939764803,False,-11.0
2014-02-08,Lipscomb Bisons,88.0,home,0.5912363386,2.509720117,False,-8.0
2014-02-08,East Tennessee State Buccaneers,96.0,away,0.4087636613999999,-2.509720117,True,8.0
2014-02-08,Sam Houston Bearkats,84.0,home,0.9616424275,20.7473848567,True,14.0
2014-02-08,Lamar Cardinals,70.0,away,0.0383575725,-20.7473848567,False,-14.0
2014-02-08,Texas State Bobcats,66.0,home,0.2753483845,-6.0370969117,False,-1.0
2014-02-08,Louisiana Ragin' Cajuns,67.0,away,0.7246516155,6.0370969117,True,1.0
2014-02-08,Incarnate Word Cardinals,89.0,home,0.8119947731,9.7098790647,True,7.0
2014-02-08,Houston Christian Huskies,82.0,away,0.1880052269,-9.7098790647,False,-7.0
2014-02-08,Chicago State Cougars,81.0,home,0.6438828502,4.0742408624,True,7.0
2014-02-08,Kansas City Roos,74.0,away,0.3561171498,-4.0742408624,False,-7.0
2014-02-08,Central Arkansas Bears,79.0,home,0.5080171268,0.2334531429,False,-9.0
2014-02-08,New Orleans Privateers,88.0,away,0.4919828732,-0.2334531429,True,9.0
2014-02-08,Ohio State Buckeyes,67.0,home,0.923200296,15.5623381889,True,18.0
2014-02-08,Purdue Boilermakers,49.0,away,0.076799704,-15.5623381889,False,-18.0
2014-02-08,North Carolina A&T Aggies,84.0,home,0.5826068293,2.2983577921,True,6.0
2014-02-08,Florida A&M Rattlers,78.0,away,0.4173931707,-2.2983577921,False,-6.0
2014-02-08,Princeton Tigers,69.0,home,0.9698057988,20.6296695354,True,21.0
2014-02-08,Cornell Big Red,48.0,away,0.0301942012,-20.6296695354,False,-21.0
2014-02-08,Denver Pioneers,75.0,home,0.880746125,11.2034427198,True,8.0
2014-02-08,South Dakota Coyotes,67.0,away,0.119253875,-11.2034427198,False,-8.0
2014-02-08,Little Rock Trojans,78.0,home,0.4335470307,-1.6854896665,False,-1.0
2014-02-08,Western Kentucky Hilltoppers,79.0,away,0.5664529693,1.6854896665,True,1.0
2014-02-08,Hampton Pirates,63.0,home,0.9124154001,15.6197940625,True,16.0
2014-02-08,Howard Bison,47.0,away,0.0875845999,-15.6197940625,False,-16.0
2014-02-08,Mississippi Valley State Delta Devils,70.0,home,0.3457362423,-4.4301029795,False,-5.0
2014-02-08,Alabama State Hornets,75.0,away,0.6542637577000001,4.4301029795,True,5.0
2014-02-08,Utah State Aggies,76.0,home,0.4450806499,-1.2784862647,True,6.0
2014-02-08,Boise State Broncos,70.0,away,0.5549193501,1.2784862647,False,-6.0
2014-02-08,Jackson State Tigers,71.0,home,0.733987402,6.0453642397,True,10.0
2014-02-08,Alcorn State Braves,61.0,away,0.266012598,-6.0453642397,False,-10.0
2014-02-09,Loyola Marymount Lions,72.0,home,0.5121617562,0.3259538135,False,-10.0
2014-02-09,Pacific Tigers,82.0,away,0.48783824379999996,-0.3259538135,True,10.0
2014-02-08,Grambling Tigers,54.0,home,0.0249928297,-23.3720467345,False,-50.0
2014-02-08,Southern Jaguars,104.0,away,0.9750071703,23.3720467345,True,50.0
2014-02-09,Samford Bulldogs,92.0,home,0.3742249835,-3.3747279443,True,7.0
2014-02-09,Chattanooga Mocs,85.0,away,0.6257750165,3.3747279443,False,-7.0
2014-02-09,Elon Phoenix,60.0,home,0.864351977,11.7644394972,True,1.0
2014-02-09,Georgia Southern Eagles,59.0,away,0.135648023,-11.7644394972,False,-1.0
2014-02-09,Davidson Wildcats,65.0,home,0.9707414106000001,21.669534477,True,15.0
2014-02-09,Furman Paladins,50.0,away,0.0292585894,-21.669534477,False,-15.0
2014-02-09,Central Michigan Chippewas,70.0,home,0.4740748411,-0.6557028138,False,-9.0
2014-02-09,Buffalo Bulls,79.0,away,0.5259251589,0.6557028138,True,9.0
2014-02-09,Harvard Crimson,67.0,home,0.9473799837,17.5582772143,False,-7.0
2014-02-09,Yale Bulldogs,74.0,away,0.0526200163,-17.5582772143,True,7.0
2014-02-09,Hartford Hawks,67.0,home,0.5687963266,1.5694324969,True,13.0
2014-02-09,UAlbany Great Danes,54.0,away,0.4312036734,-1.5694324969,False,-13.0
2014-02-09,Dartmouth Big Green,62.0,home,0.6192760568,3.0614971245,False,-13.0
2014-02-09,Brown Bears,75.0,away,0.3807239432,-3.0614971245,True,13.0
2014-02-09,Pennsylvania Quakers,68.0,home,0.3786948194,-3.0725241227,True,8.0
2014-02-09,Columbia Lions,60.0,away,0.6213051806,3.0725241227,False,-8.0
2014-02-09,Fresno State Bulldogs,82.0,home,0.8807157139,12.2956115395,True,26.0
2014-02-09,San José State Spartans,56.0,away,0.1192842861,-12.2956115395,False,-26.0
2014-02-09,Northeastern Huskies,70.0,home,0.6109270061,2.6302992774,False,-12.0
2014-02-09,William & Mary Tribe,82.0,away,0.3890729939,-2.6302992774,True,12.0
2014-02-09,Hofstra Pride,61.0,home,0.7449521018,6.3270441637,True,9.0
2014-02-09,UNC Wilmington Seahawks,52.0,away,0.2550478982,-6.3270441637,False,-9.0
2014-02-09,Southern Illinois Salukis,72.0,home,0.4790717804,-0.5012565945,True,18.0
2014-02-09,Missouri State Bears,54.0,away,0.5209282196,0.5012565945,False,-18.0
2014-02-09,Stephen F. Austin Lumberjacks,74.0,home,0.9615651012,19.6851585694,True,20.0
2014-02-09,McNeese Cowboys,54.0,away,0.0384348988,-19.6851585694,False,-20.0
2014-02-09,Louisiana Tech Bulldogs,90.0,home,0.9747753816,25.8328856993,True,15.0
2014-02-09,North Texas Mean Green,75.0,away,0.0252246184,-25.8328856993,False,-15.0
2014-02-09,Florida Atlantic Owls,82.0,home,0.5354299345,0.891905641,True,11.0
2014-02-09,UAB Blazers,71.0,away,0.4645700655,-0.891905641,False,-11.0
2014-02-09,Old Dominion Monarchs,49.0,home,0.5508633671,1.2093872904,False,-14.0
2014-02-09,UTEP Miners,63.0,away,0.4491366329,-1.2093872904,True,14.0
2014-02-09,Gardner-Webb Runnin' Bulldogs,80.0,home,0.8207616631000001,9.2610296616,True,4.0
2014-02-09,High Point Panthers,76.0,away,0.1792383369,-9.2610296616,False,-4.0
2014-02-09,Northern Kentucky Norse,59.0,home,0.2772138552,-5.5487253692,False,-17.0
2014-02-09,South Carolina Upstate Spartans,76.0,away,0.7227861448,5.5487253692,True,17.0
2014-02-09,Florida Gulf Coast Eagles,73.0,home,0.7240887474000001,6.1318575921,True,27.0
2014-02-09,North Florida Ospreys,46.0,away,0.2759112526,-6.1318575921,False,-27.0
2014-02-09,The Citadel Bulldogs,56.0,home,0.1353689643,-10.8013386514,False,-21.0
2014-02-09,Wofford Terriers,77.0,away,0.8646310357,10.8013386514,True,21.0
2014-02-09,Utah Utes,81.0,home,0.9359030134000001,15.4541001559,True,18.0
2014-02-09,Washington State Cougars,63.0,away,0.0640969866,-15.4541001559,False,-18.0
2014-02-09,Saint Joseph's Hawks,69.0,home,0.3060561133,-5.3591758581,True,7.0
2014-02-09,VCU Rams,62.0,away,0.6939438867,5.3591758581,False,-7.0
2014-02-09,Georgia Bulldogs,62.0,home,0.6853359227999999,4.5402674037,True,12.0
2014-02-09,Texas A&M Aggies,50.0,away,0.3146640772,-4.5402674037,False,-12.0
2014-02-09,Oral Roberts Golden Eagles,71.0,home,0.8682135007,11.3235068053,True,17.0
2014-02-09,SE Louisiana Lions,54.0,away,0.1317864993,-11.3235068053,False,-17.0
2014-02-09,South Florida Bulls,69.0,home,0.7024363245,5.4964022824,False,-10.0
2014-02-09,Rutgers Scarlet Knights,79.0,away,0.2975636755,-5.4964022824,True,10.0
2014-02-09,Minnesota Golden Gophers,66.0,home,0.6108658388,2.9025162736,True,6.0
2014-02-09,Indiana Hoosiers,60.0,away,0.3891341612,-2.9025162736,False,-6.0
2014-02-09,Arkansas-Pine Bluff Golden Lions,64.0,home,0.6037621566,2.5620516725,True,3.0
2014-02-09,Alabama A&M Bulldogs,61.0,away,0.3962378434,-2.5620516725,False,-3.0
2014-02-09,Tennessee State Tigers,65.0,home,0.2810350721,-5.8922229577,False,-8.0
2014-02-09,Murray State Racers,73.0,away,0.7189649279,5.8922229577,True,8.0
2014-02-09,Northern Arizona Lumberjacks,64.0,home,0.9505409247,17.354442404,True,7.0
2014-02-09,Southern Utah Thunderbirds,57.0,away,0.0494590753,-17.354442404,False,-7.0
2014-02-09,BYU Cougars,68.0,home,0.8870213433,14.2861133446,True,5.0
2014-02-09,San Francisco Dons,63.0,away,0.1129786567,-14.2861133446,False,-5.0
2014-02-09,SIU Edwardsville Cougars,84.0,home,0.7351447453,6.7465820619,True,6.0
2014-02-09,UT Martin Skyhawks,78.0,away,0.2648552547,-6.7465820619,False,-6.0
2014-02-09,Montana Grizzlies,82.0,home,0.6743806295,4.4617431632,True,5.0
2014-02-09,Eastern Washington Eagles,77.0,away,0.32561937049999995,-4.4617431632,False,-5.0
2014-02-09,Prairie View A&M Panthers,85.0,home,0.35622686330000003,-3.8797917794,True,8.0
2014-02-09,Texas Southern Tigers,77.0,away,0.6437731367,3.8797917794,False,-8.0
2014-02-09,Grand Canyon Lopes,79.0,home,0.47742356350000004,-0.5497387037,True,9.0
2014-02-09,Cal State Bakersfield Roadrunners,70.0,away,0.5225764365,0.5497387037,False,-9.0
2014-02-09,Weber State Wildcats,79.0,home,0.744302821,6.3590666188,True,14.0
2014-02-09,Northern Colorado Bears,65.0,away,0.255697179,-6.3590666188,False,-14.0
2014-02-09,Montana State Bobcats,69.0,home,0.6909500029,4.9262530454,True,5.0
2014-02-09,Portland State Vikings,64.0,away,0.3090499971,-4.9262530454,False,-5.0
2014-02-09,Idaho State Bengals,75.0,home,0.6828265545,4.853109368,False,-5.0
2014-02-09,North Dakota Fighting Hawks,80.0,away,0.3171734455,-4.853109368,True,5.0
2014-02-09,UNLV Rebels,48.0,home,0.7412997848,5.9818049984,True,2.0
2014-02-09,Wyoming Cowboys,46.0,away,0.2587002152,-5.9818049984,False,-2.0
2014-02-09,UC Davis Aggies,59.0,home,0.1659116822,-10.1726535717,False,-2.0
2014-02-09,UC Irvine Anteaters,61.0,away,0.8340883178,10.1726535717,True,2.0
2014-02-09,Cal State Northridge Matadors,92.0,home,0.5686323552,1.7477438126,True,9.0
2014-02-09,Cal State Fullerton Titans,83.0,away,0.43136764480000006,-1.7477438126,False,-9.0
2014-02-09,UC Riverside Highlanders,76.0,home,0.4057750957,-2.3695267398,False,-12.0
2014-02-09,Long Beach State Beach,88.0,away,0.5942249043,2.3695267398,True,12.0
2014-02-09,Idaho Vandals,70.0,home,0.821003203,9.4772014918,True,7.0
2014-02-09,UT Rio Grande Valley Vaqueros,63.0,away,0.178996797,-9.4772014918,False,-7.0
2014-02-09,USC Trojans,73.0,home,0.119244427,-13.7636753577,False,-10.0
2014-02-09,UCLA Bruins,83.0,away,0.880755573,13.7636753577,True,10.0
2014-02-09,Seattle U Redhawks,77.0,home,0.3927504082,-2.8216518546,False,-15.0
2014-02-09,New Mexico State Aggies,92.0,away,0.6072495918,2.8216518546,True,15.0
2014-02-09,San Diego Toreros,63.0,home,0.6303332999,3.0614941503,False,-6.0
2014-02-09,Santa Clara Broncos,69.0,away,0.3696667001,-3.0614941503,True,6.0
2014-02-09,Hawai'i Rainbow Warriors,69.0,home,0.8241288344000001,9.1622654955,True,9.0
2014-02-09,Cal Poly Mustangs,60.0,away,0.1758711656,-9.1622654955,False,-9.0
2014-02-16,Michigan Wolverines,62.0,home,0.737884801,5.8024748695,False,-13.0
2014-02-16,Wisconsin Badgers,75.0,away,0.262115199,-5.8024748695,True,13.0
2014-02-16,Mercer Bears,89.0,home,0.9798447515999998,22.3550707617,True,22.0
2014-02-16,Northern Kentucky Norse,67.0,away,0.0201552484,-22.3550707617,False,-22.0
2014-02-16,Oakland Golden Grizzlies,71.0,home,0.4635230874,-0.8852772381,False,-1.0
2014-02-16,Wright State Raiders,72.0,away,0.5364769126,0.8852772381,True,1.0
2014-02-16,Louisville Cardinals,102.0,home,0.9892795593,29.7173399206,True,48.0
2014-02-16,Rutgers Scarlet Knights,54.0,away,0.0107204407,-29.7173399206,False,-48.0
2014-02-16,Wagner Seahawks,73.0,home,0.553286573,1.4397104762,True,12.0
2014-02-16,Bryant Bulldogs,61.0,away,0.44671342699999994,-1.4397104762,False,-12.0
2014-02-16,Michigan State Spartans,51.0,home,0.9585272608,19.3106804316,False,-9.0
2014-02-16,Nebraska Cornhuskers,60.0,away,0.0414727392,-19.3106804316,True,9.0
2014-02-16,Evansville Purple Aces,68.0,home,0.0753254955,-15.7162448097,False,-16.0
2014-02-16,Wichita State Shockers,84.0,away,0.9246745045,15.7162448097,True,16.0
2014-02-16,Creighton Bluejays,101.0,home,0.6640435488,4.2698029573,True,21.0
2014-02-16,Villanova Wildcats,80.0,away,0.3359564512,-4.2698029573,False,-21.0
2014-02-16,Kennesaw State Owls,73.0,home,0.3598912642,-3.7818761187,False,-3.0
2014-02-16,Lipscomb Bisons,76.0,away,0.6401087358,3.7818761187,True,3.0
2014-02-16,Temple Owls,71.0,home,0.23780112769999998,-7.3938079195,True,7.0
2014-02-16,SMU Mustangs,64.0,away,0.7621988723000002,7.3938079195,False,-7.0
2014-02-16,Manhattan Jaspers,90.0,home,0.9395239188,19.7360987624,True,18.0
2014-02-16,Niagara Purple Eagles,72.0,away,0.0604760812,-19.7360987624,False,-18.0
2014-02-16,Siena Saints,88.0,home,0.40623567850000003,-2.3892619664,False,-4.0
2014-02-16,Canisius Golden Griffins,92.0,away,0.5937643215,2.3892619664,True,4.0
2014-02-16,Long Island University Sharks,69.0,home,0.1798059873,-9.7175116438,True,1.0
2014-02-16,St. Francis Brooklyn Terriers,68.0,away,0.8201940127,9.7175116438,False,-1.0
2014-02-16,Oregon Ducks,93.0,home,0.8650480441,12.4097822243,True,10.0
2014-02-16,Oregon State Beavers,83.0,away,0.1349519559,-12.4097822243,False,-10.0
2014-02-16,New Orleans Privateers,69.0,home,0.7691549658,8.1406686009,False,-3.0
2014-02-16,McNeese Cowboys,72.0,away,0.23084503420000002,-8.1406686009,True,3.0
2014-02-16,Monmouth Hawks,92.0,home,0.5804741939,2.0657030468,False,-4.0
2014-02-16,Marist Red Foxes,96.0,away,0.4195258061,-2.0657030468,True,4.0
2014-02-16,UNC Greensboro Spartans,77.0,home,0.42063513980000006,-2.1162860799,False,-5.0
2014-02-16,Western Carolina Catamounts,82.0,away,0.5793648602,2.1162860799,True,5.0
2014-02-16,Quinnipiac Bobcats,74.0,home,0.8548489337,11.0570448579,True,10.0
2014-02-16,Saint Peter's Peacocks,64.0,away,0.1451510663,-11.0570448579,False,-10.0
2014-02-16,Boston College Eagles,69.0,home,0.477715652,-0.5113986103,False,-4.0
2014-02-16,Notre Dame Fighting Irish,73.0,away,0.522284348,0.5113986103,True,4.0
2014-02-16,Northwestern Wildcats,48.0,home,0.3950826283,-2.4542999543,False,-6.0
2014-02-16,Minnesota Golden Gophers,54.0,away,0.6049173717,2.4542999543,True,6.0
2014-02-17,St. John's Red Storm,82.0,home,0.6352729378,3.4504706887,True,22.0
2014-02-17,Georgetown Hoyas,60.0,away,0.3647270622,-3.4504706887,False,-22.0
2014-02-17,Drexel Dragons,74.0,home,0.9129601372,13.6977984498,True,11.0
2014-02-17,Hofstra Pride,63.0,away,0.0870398628,-13.6977984498,False,-11.0
2014-02-17,USC Trojans,74.0,home,0.2881593321,-5.9685794497,False,-9.0
2014-02-17,Colorado Buffaloes,83.0,away,0.7118406679,5.9685794497,True,9.0
2014-02-18,Florida State Seminoles,75.0,home,0.6500739335,4.1777940105,False,-6.0
2014-02-18,North Carolina Tar Heels,81.0,away,0.34992606649999997,-4.1777940105,True,6.0
2014-02-18,Georgia State Panthers,68.0,home,0.9459016390000001,16.490494784,True,27.0
2014-02-18,Texas State Bobcats,41.0,away,0.054098361,-16.490494784,False,-27.0
2014-02-18,High Point Panthers,76.0,home,0.22443173479999998,-7.6297255064,True,6.0
2014-02-18,Charleston Southern Buccaneers,70.0,away,0.7755682652,7.6297255064,False,-6.0
2014-02-18,William & Mary Tribe,93.0,home,0.8628092838000001,10.6938932841,True,23.0
2014-02-18,UNC Wilmington Seahawks,70.0,away,0.1371907162,-10.6938932841,False,-23.0
2014-02-18,South Carolina Upstate Spartans,66.0,home,0.9433135787000001,16.3904201273,True,18.0
2014-02-18,Stetson Hatters,48.0,away,0.05668642129999999,-16.3904201273,False,-18.0
2014-02-18,Towson Tigers,78.0,home,0.435159052,-1.7297398634,True,15.0
2014-02-18,Delaware Blue Hens,63.0,away,0.564840948,1.7297398634,False,-15.0
2014-02-18,The Citadel Bulldogs,76.0,home,0.0650941138,-16.6597524798,False,-7.0
2014-02-18,Davidson Wildcats,83.0,away,0.9349058861999999,16.6597524798,True,7.0
2014-02-18,South Carolina State Bulldogs,75.0,home,0.5833928766,2.1105030726,True,5.0
2014-02-18,North Carolina A&T Aggies,70.0,away,0.41660712340000006,-2.1105030726,False,-5.0
2014-02-18,Maryland Eastern Shore Hawks,72.0,home,0.2147560592,-8.2816752171,False,-16.0
2014-02-18,Morgan State Bears,88.0,away,0.7852439408,8.2816752171,True,16.0
2014-02-18,Savannah State Tigers,62.0,home,0.1319123486,-11.2706700669,False,-14.0
2014-02-18,North Carolina Central Eagles,76.0,away,0.8680876514000001,11.2706700669,True,14.0
2014-02-18,Baylor Bears,70.0,home,0.44803137239999996,-1.2827318032,True,6.0
2014-02-18,Oklahoma State Cowboys,64.0,away,0.5519686276,1.2827318032,False,-6.0
2014-02-18,Idaho State Bengals,78.0,home,0.3641673664,-3.2674625531,True,3.0
2014-02-18,Weber State Wildcats,75.0,away,0.6358326336,3.2674625531,False,-3.0
2014-02-18,Florida A&M Rattlers,68.0,home,0.6168935456,2.9138779651,True,5.0
2014-02-18,Delaware State Hornets,63.0,away,0.3831064544,-2.9138779651,False,-5.0
2014-02-18,Texas Southern Tigers,73.0,home,0.7657496348000001,7.6522618173,False,-2.0
2014-02-18,Jackson State Tigers,75.0,away,0.23425036519999998,-7.6522618173,True,2.0
2014-02-18,Alcorn State Braves,57.0,home,0.6531952729,3.7438878149,True,3.0
2014-02-18,Arkansas-Pine Bluff Golden Lions,54.0,away,0.3468047271,-3.7438878149,False,-3.0
2014-02-18,Southern Jaguars,83.0,home,0.9711844131,24.4098581376,True,9.0
2014-02-18,Mississippi Valley State Delta Devils,74.0,away,0.0288155869,-24.4098581376,False,-9.0
2014-02-18,Prairie View A&M Panthers,81.0,home,0.9341044731,17.0192639672,False,-2.0
2014-02-18,Grambling Tigers,83.0,away,0.0658955269,-17.0192639672,True,2.0
2014-02-19,Texas Tech Red Raiders,63.0,home,0.1731597206,-9.3021358888,False,-1.0
2014-02-19,Kansas Jayhawks,64.0,away,0.8268402794,9.3021358888,True,1.0
2014-02-19,Georgia Tech Yellow Jackets,51.0,home,0.0632249342,-16.921925194,False,-17.0
2014-02-19,Duke Blue Devils,68.0,away,0.9367750658,16.921925194,True,17.0
2014-02-19,Iowa State Cyclones,85.0,home,0.7990419824,9.7110778803,True,9.0
2014-02-19,Texas Longhorns,76.0,away,0.2009580176,-9.7110778803,False,-9.0
2014-02-19,Ole Miss Rebels,70.0,home,0.2513512574,-7.1658108112,False,-14.0
2014-02-19,Kentucky Wildcats,84.0,away,0.7486487426,7.1658108112,True,14.0
2014-02-19,St. Francis Brooklyn Terriers,71.0,home,0.8793111966000001,13.1684839854,False,-2.0
2014-02-19,Central Connecticut Blue Devils,73.0,away,0.1206888034,-13.1684839854,True,2.0
2014-02-19,Providence Friars,79.0,home,0.2643469744,-6.2832410435,False,-3.0
2014-02-19,Villanova Wildcats,82.0,away,0.7356530256,6.2832410435,True,3.0
2014-02-19,Virginia Tech Hokies,53.0,home,0.0964377703,-12.7436433253,False,-4.0
2014-02-19,Virginia Cavaliers,57.0,away,0.9035622297,12.7436433253,True,4.0
2014-02-19,Louisville Cardinals,80.0,home,0.9931815716,31.3187865596,True,26.0
2014-02-19,South Florida Bulls,54.0,away,0.0068184284,-31.3187865596,False,-26.0
2014-02-19,Richmond Spiders,65.0,home,0.5135290474,0.3307853771,False,-8.0
2014-02-19,George Washington Revolutionaries,73.0,away,0.4864709526,-0.3307853771,True,8.0
2014-02-19,San Diego State Aztecs,60.0,home,0.9327439391,15.1450438438,True,15.0
2014-02-19,Utah State Aggies,45.0,away,0.0672560609,-15.1450438438,False,-15.0
2014-02-19,Clemson Tigers,73.0,home,0.8037135777000001,7.9230901529,True,17.0
2014-02-19,NC State Wolfpack,56.0,away,0.1962864223,-7.9230901529,False,-17.0
2014-02-19,Illinois State Redbirds,67.0,home,0.5971500404,2.4905411267,True,4.0
2014-02-19,Missouri State Bears,63.0,away,0.4028499596,-2.4905411267,False,-4.0
2014-02-19,UIC Flames,59.0,home,0.40036018070000007,-2.5371465487,False,-6.0
2014-02-19,Detroit Mercy Titans,65.0,away,0.5996398193,2.5371465487,True,6.0
2014-02-19,Abilene Christian Wildcats,80.0,home,0.9829182551,26.6206301541,True,14.0
2014-02-19,Arlington Baptist Patriots,66.0,away,0.0170817449,-26.6206301541,False,-14.0
2014-02-19,Maryland Terrapins,71.0,home,0.743539689,7.0059889374,True,11.0
2014-02-19,Wake Forest Demon Deacons,60.0,away,0.256460311,-7.0059889374,False,-11.0
2014-02-19,Southern Illinois Salukis,75.0,home,0.7165079314,5.4253063697,True,11.0
2014-02-19,Bradley Braves,64.0,away,0.2834920686,-5.4253063697,False,-11.0
2014-02-19,Tennessee Volunteers,67.0,home,0.8798616976,11.3817875028,True,19.0
2014-02-19,Georgia Bulldogs,48.0,away,0.1201383024,-11.3817875028,False,-19.0
2014-02-19,St. John's Red Storm,77.0,home,0.8351070905,9.8431317164,True,25.0
2014-02-19,Butler Bulldogs,52.0,away,0.16489290949999996,-9.8431317164,False,-25.0
2014-02-19,Drake Bulldogs,70.0,home,0.44034113,-1.4099862614,True,3.0
2014-02-19,Northern Iowa Panthers,67.0,away,0.55965887,1.4099862614,False,-3.0
2014-02-19,Colorado State Rams,72.0,home,0.41731083249999995,-2.0475040557,False,-12.0
2014-02-19,Boise State Broncos,84.0,away,0.5826891675,2.0475040557,True,12.0
2014-02-19,Idaho Vandals,96.0,home,0.6720413684,4.5159650176,True,8.0
2014-02-19,Cal State Northridge Matadors,88.0,away,0.32795863159999994,-4.5159650176,False,-8.0
2014-02-19,Wyoming Cowboys,72.0,home,0.8459258033,9.7026127046,True,6.0
2014-02-19,Fresno State Bulldogs,66.0,away,0.1540741967,-9.7026127046,False,-6.0
2014-02-19,Nevada Wolf Pack,64.0,home,0.9198147942,14.6122367209,False,-2.0
2014-02-19,San José State Spartans,66.0,away,0.0801852058,-14.6122367209,True,2.0
2014-02-21,Florida Gulf Coast Eagles,75.0,home,0.2421312751,-7.0013683099,True,14.0
2014-02-21,Mercer Bears,61.0,away,0.7578687249000001,7.0013683099,False,-14.0
2014-02-22,Pennsylvania Quakers,63.0,home,0.09627099999999998,-14.5736271767,False,-20.0
2014-02-22,Harvard Crimson,83.0,away,0.903729,14.5736271767,True,20.0
2014-02-22,Columbia Lions,70.0,home,0.7082721412,5.4113195962,True,2.0
2014-02-22,Brown Bears,68.0,away,0.2917278588,-5.4113195962,False,-2.0
2014-02-22,Lipscomb Bisons,70.0,home,0.7505448504000001,6.7925973215,True,4.0
2014-02-22,Northern Kentucky Norse,66.0,away,0.2494551496,-6.7925973215,False,-4.0
2014-02-22,Cornell Big Red,65.0,home,0.1392263485,-11.0473950354,False,-17.0
2014-02-22,Yale Bulldogs,82.0,away,0.8607736515,11.0473950354,True,17.0
2014-02-22,Siena Saints,67.0,home,0.2184104095,-8.4430013236,True,4.0
2014-02-22,Manhattan Jaspers,63.0,away,0.7815895904999999,8.4430013236,False,-4.0
2014-02-22,Massachusetts Minutemen,80.0,home,0.5422506908,1.2214213086,True,5.0
2014-02-22,VCU Rams,75.0,away,0.4577493092,-1.2214213086,False,-5.0
2014-02-22,Princeton Tigers,67.0,home,0.8440530121,9.6875216944,True,10.0
2014-02-22,Dartmouth Big Green,57.0,away,0.1559469879,-9.6875216944,False,-10.0
2014-02-22,UIC Flames,71.0,home,0.45629533,-1.0909406996,False,-15.0
2014-02-22,Oakland Golden Grizzlies,86.0,away,0.54370467,1.0909406996,True,15.0
2014-02-22,Stetson Hatters,63.0,home,0.7204830317000002,5.5932180488,False,-4.0
2014-02-22,Kennesaw State Owls,67.0,away,0.2795169683,-5.5932180488,True,4.0
2014-02-22,Rider Broncs,77.0,home,0.28425505,-6.177849178,False,-3.0
2014-02-22,Iona Gaels,80.0,away,0.7157449499999999,6.177849178,True,3.0
2014-02-22,Wright State Raiders,65.0,home,0.7373431725999999,6.3635082504,True,4.0
2014-02-22,Detroit Mercy Titans,61.0,away,0.2626568274,-6.3635082504,False,-4.0
2014-02-20,Loyola Chicago Ramblers,74.0,home,0.0773977321,-14.5044525519,False,-14.0
2014-02-20,Wichita State Shockers,88.0,away,0.9226022679,14.5044525519,True,14.0
2014-02-20,George Mason Patriots,85.0,home,0.2411475272,-7.2904111028,False,-4.0
2014-02-20,Saint Louis Billikens,89.0,away,0.7588524728,7.2904111028,True,4.0
2014-02-20,California Golden Bears,66.0,home,0.475658071,-0.6472416091,False,-20.0
2014-02-20,UCLA Bruins,86.0,away,0.524341929,0.6472416091,True,20.0
2014-02-20,Utah Utes,63.0,home,0.3588087991,-3.4576365196,False,-4.0
2014-02-20,Arizona Wildcats,67.0,away,0.6411912009000001,3.4576365196,True,4.0
2014-02-20,Ohio Bobcats,63.0,home,0.7896285184,8.2002438275,False,-10.0
2014-02-20,Western Michigan Broncos,73.0,away,0.21037148160000002,-8.2002438275,True,10.0
2014-02-20,Syracuse Orange,59.0,home,0.9637991882999999,17.5729140527,False,-3.0
2014-02-20,Boston College Eagles,62.0,away,0.0362008117,-17.5729140527,True,3.0
2014-02-20,Florida Gators,71.0,home,0.974898938,21.9744614276,True,5.0
2014-02-20,Auburn Tigers,66.0,away,0.025101062,-21.9744614276,False,-5.0
2014-02-20,Ohio State Buckeyes,76.0,home,0.96340084,18.6115647468,True,16.0
2014-02-20,Northwestern Wildcats,60.0,away,0.03659916,-18.6115647468,False,-16.0
2014-02-20,UCF Knights,49.0,home,0.20994967940000003,-8.0613817776,False,-28.0
2014-02-20,Cincinnati Bearcats,77.0,away,0.7900503206,8.0613817776,True,28.0
2014-02-20,Marquette Golden Eagles,70.0,home,0.314015061,-4.7648269403,False,-15.0
2014-02-20,Creighton Bluejays,85.0,away,0.6859849390000001,4.7648269403,True,15.0
2014-02-20,UNC Greensboro Spartans,68.0,home,0.3163416791,-5.0059841156,False,-13.0
2014-02-20,Elon Phoenix,81.0,away,0.6836583209,5.0059841156,True,13.0
2014-02-20,Miami (OH) RedHawks,63.0,home,0.4443295261,-1.3861049079,False,-12.0
2014-02-20,Kent State Golden Flashes,75.0,away,0.5556704739,1.3861049079,True,12.0
2014-02-20,Buffalo Bulls,96.0,home,0.6463864281,3.7884502093,True,6.0
2014-02-20,Akron Zips,90.0,away,0.3536135719,-3.7884502093,False,-6.0
2014-02-20,Stony Brook Seawolves,72.0,home,0.9443144519,17.948435625,True,19.0
2014-02-20,UMBC Retrievers,53.0,away,0.0556855481,-17.948435625,False,-19.0
2014-02-20,UMass Lowell River Hawks,68.0,home,0.3351718026,-3.9525061996,False,-7.0
2014-02-20,Hartford Hawks,75.0,away,0.6648281974,3.9525061996,True,7.0
2014-02-20,Binghamton Bearcats,48.0,home,0.2085753924,-7.8255430197,False,-9.0
2014-02-20,UAlbany Great Danes,57.0,away,0.7914246076000001,7.8255430197,True,9.0
2014-02-20,Rhode Island Rams,54.0,home,0.3331341785,-4.2102713649,False,-3.0
2014-02-20,Saint Joseph's Hawks,57.0,away,0.6668658215,4.2102713649,True,3.0
2014-02-20,New Hampshire Wildcats,44.0,home,0.1055509052,-12.1273469629,False,-35.0
2014-02-20,Vermont Catamounts,79.0,away,0.8944490948000001,12.1273469629,True,35.0
2014-02-20,Central Michigan Chippewas,101.0,home,0.7978566795,8.4845723266,True,6.0
2014-02-20,Ball State Cardinals,95.0,away,0.2021433205,-8.4845723266,False,-6.0
2014-02-20,St. Bonaventure Bonnies,71.0,home,0.8548856895,11.5496583129,True,4.0
2014-02-20,Duquesne Dukes,67.0,away,0.1451143105,-11.5496583129,False,-4.0
2014-02-20,Xavier Musketeers,83.0,home,0.936064912,17.0388425326,True,19.0
2014-02-20,DePaul Blue Demons,64.0,away,0.063935088,-17.0388425326,False,-19.0
2014-02-20,Hofstra Pride,77.0,home,0.2129848354,-8.5893044599,False,-4.0
2014-02-20,Delaware Blue Hens,81.0,away,0.7870151646,8.5893044599,True,4.0
2014-02-20,James Madison Dukes,63.0,home,0.2519059582,-6.3565892564,True,2.0
2014-02-20,Drexel Dragons,61.0,away,0.7480940418,6.3565892564,False,-2.0
2014-02-20,Maryland Eastern Shore Hawks,76.0,home,0.3172342419,-4.7712575531,False,-1.0
2014-02-20,NJIT Highlanders,77.0,away,0.6827657581,4.7712575531,True,1.0
2014-02-20,Boston University Terriers,71.0,home,0.6564192048000002,3.7687628048,True,9.0
2014-02-20,American University Eagles,62.0,away,0.34358079520000007,-3.7687628048,False,-9.0
2014-02-20,Morehead State Eagles,90.0,home,0.884251933,14.0332404205,True,2.0
2014-02-20,Austin Peay Governors,88.0,away,0.115748067,-14.0332404205,False,-2.0
2014-02-20,Lehigh Mountain Hawks,72.0,home,0.7744679564000001,7.3111617844,True,7.0
2014-02-20,Navy Midshipmen,65.0,away,0.2255320436,-7.3111617844,False,-7.0
2014-02-20,Monmouth Hawks,61.0,home,0.1614451777,-11.2173577003,False,-14.0
2014-02-20,Manhattan Jaspers,75.0,away,0.8385548223000001,11.2173577003,True,14.0
2014-02-20,Holy Cross Crusaders,64.0,home,0.8479859461,10.3109746708,False,-12.0
2014-02-20,Lafayette Leopards,76.0,away,0.1520140539,-10.3109746708,True,12.0
2014-02-20,Charleston Cougars,87.0,home,0.432128589,-1.5498115424,True,33.0
2014-02-20,William & Mary Tribe,54.0,away,0.567871411,1.5498115424,False,-33.0
2014-02-20,High Point Panthers,67.0,home,0.6022790335,2.4354911497,True,7.0
2014-02-20,Liberty Flames,60.0,away,0.3977209665,-2.4354911497,False,-7.0
2014-02-20,Gardner-Webb Runnin' Bulldogs,79.0,home,0.9571706783,18.8505598388,True,9.0
2014-02-20,Presbyterian Blue Hose,70.0,away,0.0428293217,-18.8505598388,False,-9.0
2014-02-20,Army Black Knights,74.0,home,0.5739727232,1.8167461786,True,8.0
2014-02-20,Colgate Raiders,66.0,away,0.4260272768,-1.8167461786,False,-8.0
2014-02-20,VMI Keydets,84.0,home,0.8735321131,13.2060363634,True,3.0
2014-02-20,Campbell Fighting Camels,81.0,away,0.1264678869,-13.2060363634,False,-3.0
2014-02-20,Winthrop Eagles,75.0,home,0.5758425701,1.9433646286,True,10.0
2014-02-20,Coastal Carolina Chanticleers,65.0,away,0.4241574299,-1.9433646286,False,-10.0
2014-02-20,UNC Asheville Bulldogs,82.0,home,0.3123872526,-5.1127489803,True,11.0
2014-02-20,Charleston Southern Buccaneers,71.0,away,0.6876127474,5.1127489803,False,-11.0
2014-02-20,Longwood Lancers,75.0,home,0.1655696741,-10.4069051962,False,-11.0
2014-02-20,Radford Highlanders,86.0,away,0.8344303259,10.4069051962,True,11.0
2014-02-20,Indiana State Sycamores,59.0,home,0.8956532061,13.4435083562,True,5.0
2014-02-20,Evansville Purple Aces,54.0,away,0.1043467939,-13.4435083562,False,-5.0
2014-02-20,Loyola Maryland Greyhounds,53.0,home,0.341486313,-3.9568899762,False,-2.0
2014-02-20,Bucknell Bison,55.0,away,0.6585136869999999,3.9568899762,True,2.0
2014-02-20,Morgan State Bears,78.0,home,0.841901535,10.9344757381,True,9.0
2014-02-20,Coppin State Eagles,69.0,away,0.158098465,-10.9344757381,False,-9.0
2014-02-20,Missouri Tigers,67.0,home,0.8332653095000001,9.6022646909,True,3.0
2014-02-20,Vanderbilt Commodores,64.0,away,0.1667346905,-9.6022646909,False,-3.0
2014-02-20,SMU Mustangs,68.0,home,0.9492262825000001,18.0797964646,True,4.0
2014-02-20,Houston Cougars,64.0,away,0.0507737175,-18.0797964646,False,-4.0
2014-02-20,LSU Tigers,92.0,home,0.9223254537,16.7680013917,True,11.0
2014-02-20,Mississippi State Bulldogs,81.0,away,0.0776745463,-16.7680013917,False,-11.0
2014-02-20,Arkansas Razorbacks,71.0,home,0.9189305785999999,16.7080816297,True,7.0
2014-02-20,South Carolina Gamecocks,64.0,away,0.0810694214,-16.7080816297,False,-7.0
2014-02-20,Minnesota Golden Gophers,49.0,home,0.7251415273,5.6380708614,False,-13.0
2014-02-20,Illinois Fighting Illini,62.0,away,0.2748584727,-5.6380708614,True,13.0
2014-02-20,Dayton Flyers,65.0,home,0.7932421721,8.0448152169,True,12.0
2014-02-20,La Salle Explorers,53.0,away,0.2067578279,-8.0448152169,False,-12.0
2014-02-20,Miami Hurricanes,71.0,home,0.4995977707,-0.0086441833,True,7.0
2014-02-20,Notre Dame Fighting Irish,64.0,away,0.5004022293,0.0086441833,False,-7.0
2014-02-20,Oregon Ducks,78.0,home,0.9162566974,16.056954048,True,7.0
2014-02-20,Washington Huskies,71.0,away,0.08374330260000001,-16.056954048,False,-7.0
2014-02-20,Colorado Buffaloes,61.0,home,0.5310772061,0.8118488517,True,9.0
2014-02-20,Arizona State Sun Devils,52.0,away,0.46892279389999997,-0.8118488517,False,-9.0
2014-02-20,Kansas State Wildcats,65.0,home,0.9586035911999999,18.6182351236,True,12.0
2014-02-20,TCU Horned Frogs,53.0,away,0.0413964088,-18.6182351236,False,-12.0
2014-02-20,UNLV Rebels,56.0,home,0.6717688983,4.4594321871,False,-12.0
2014-02-20,New Mexico Lobos,68.0,away,0.32823110169999997,-4.4594321871,True,12.0
2014-02-21,App State Mountaineers,61.0,home,0.3471388861,-4.0343678197,False,-13.0
2014-02-21,Western Carolina Catamounts,74.0,away,0.6528611139,4.0343678197,True,13.0
2014-02-21,Wofford Terriers,70.0,home,0.9491867424,16.7689001544,True,20.0
2014-02-21,Furman Paladins,50.0,away,0.0508132576,-16.7689001544,False,-20.0
2014-02-21,Chattanooga Mocs,61.0,home,0.7802256573000002,8.4419682728,False,-16.0
2014-02-21,Georgia Southern Eagles,77.0,away,0.21977434269999999,-8.4419682728,True,16.0
2014-02-21,Northern Illinois Huskies,61.0,home,0.2860117865,-5.3864296026,True,2.0
2014-02-21,Eastern Michigan Eagles,59.0,away,0.7139882135,5.3864296026,False,-2.0
2014-02-21,North Carolina Tar Heels,74.0,home,0.2103186547,-8.8309598278,True,8.0
2014-02-21,Duke Blue Devils,66.0,away,0.7896813453,8.8309598278,False,-8.0
2014-02-21,Rutgers Scarlet Knights,59.0,home,0.1643390884,-10.9227166173,False,-5.0
2014-02-21,Memphis Tigers,64.0,away,0.8356609116,10.9227166173,True,5.0
2014-02-21,BYU Cougars,73.0,home,0.4404156652,-1.6221510272,True,8.0
2014-02-21,Gonzaga Bulldogs,65.0,away,0.5595843348,1.6221510272,False,-8.0
2014-02-21,Temple Owls,55.0,home,0.1346856595,-11.7490721081,False,-13.0
2014-02-21,UConn Huskies,68.0,away,0.8653143405,11.7490721081,True,13.0
2014-02-21,Purdue Boilermakers,79.0,home,0.2260721752,-7.9156410033,False,-15.0
2014-02-21,Michigan State Spartans,94.0,away,0.7739278247999999,7.9156410033,True,15.0
2014-02-21,Nebraska Cornhuskers,80.0,home,0.6387281375,3.5069180246,True,13.0
2014-02-21,Penn State Nittany Lions,67.0,away,0.3612718625,-3.5069180246,False,-13.0
2014-02-21,Canisius Golden Griffins,81.0,home,0.6446030622,3.9143243894,False,-7.0
2014-02-21,Quinnipiac Bobcats,88.0,away,0.3553969378,-3.9143243894,True,7.0
2014-02-21,Northeastern Huskies,70.0,home,0.5168441423,0.4008469971,False,-9.0
2014-02-21,Towson Tigers,79.0,away,0.4831558577000001,-0.4008469971,True,9.0
2014-02-21,Niagara Purple Eagles,66.0,home,0.671173016,4.8187338027,False,-6.0
2014-02-21,Fairfield Stags,72.0,away,0.32882698399999993,-4.8187338027,True,6.0
2014-02-21,Texas A&M Aggies,63.0,home,0.5688820102,1.6041099771,True,15.0
2014-02-21,Alabama Crimson Tide,48.0,away,0.43111798979999993,-1.6041099771,False,-15.0
2014-02-21,East Carolina Pirates,75.0,home,0.1430766786,-11.8759416918,True,7.0
2014-02-21,Louisiana Tech Bulldogs,68.0,away,0.8569233214,11.8759416918,False,-7.0
2014-02-21,Florida International Panthers,63.0,home,0.7483895388,7.0186173412,False,-2.0
2014-02-21,North Texas Mean Green,65.0,away,0.2516104612,-7.0186173412,True,2.0
2014-02-21,Marshall Thundering Herd,62.0,home,0.5338055455,0.9190151791,False,-6.0
2014-02-21,UAB Blazers,68.0,away,0.4661944545,-0.9190151791,True,6.0
2014-02-21,Florida Atlantic Owls,52.0,home,0.44526113880000007,-1.3647040679,False,-19.0
2014-02-21,Tulsa Golden Hurricane,71.0,away,0.5547388612,1.3647040679,True,19.0
2014-02-21,Georgia State Panthers,75.0,home,0.9172117963999998,14.196103461,True,15.0
2014-02-21,UL Monroe Warhawks,60.0,away,0.0827882036,-14.196103461,False,-15.0
2014-02-21,Old Dominion Monarchs,55.0,home,0.9143621286,14.0483340936,True,4.0
2014-02-21,Rice Owls,51.0,away,0.08563787139999998,-14.0483340936,False,-4.0
2014-02-21,Charlotte 49ers,49.0,home,0.4527283716,-1.2195623162,False,-22.0
2014-02-21,Middle Tennessee Blue Raiders,71.0,away,0.5472716284,1.2195623162,True,22.0
2014-02-21,Wagner Seahawks,74.0,home,0.8671833765,12.3548631906,True,12.0
2014-02-21,Sacred Heart Pioneers,62.0,away,0.1328166235,-12.3548631906,False,-12.0
2014-02-21,Robert Morris Colonials,73.0,home,0.9280074296,15.9424763565,True,9.0
2014-02-21,Long Island University Sharks,64.0,away,0.0719925704,-15.9424763565,False,-9.0
2014-02-21,North Florida Ospreys,70.0,home,0.4131046463,-2.2280613434,False,-11.0
2014-02-21,South Carolina Upstate Spartans,81.0,away,0.5868953537,2.2280613434,True,11.0
2014-02-21,Youngstown State Penguins,88.0,home,0.7024609299,5.6356745323,True,5.0
2014-02-21,Milwaukee Panthers,83.0,away,0.2975390701,-5.6356745323,False,-5.0
2014-02-21,Saint Francis Red Flash,44.0,home,0.3273063291,-4.3543679484,False,-29.0
2014-02-21,St. Francis Brooklyn Terriers,73.0,away,0.6726936709,4.3543679484,True,29.0
2014-02-21,Bryant Bulldogs,52.0,home,0.9127689141,14.9255095395,False,-11.0
2014-02-21,Fairleigh Dickinson Knights,63.0,away,0.0872310859,-14.9255095395,True,11.0
2014-02-21,Jacksonville Dolphins,91.0,home,0.4268131976,-2.0208252394,True,5.0
2014-02-21,East Tennessee State Buccaneers,86.0,away,0.5731868024,2.0208252394,False,-5.0
2014-02-21,Central Connecticut Blue Devils,76.0,home,0.5374140828,1.0363660348,False,-11.0
2014-02-21,Mount St. Mary's Mountaineers,87.0,away,0.4625859172,-1.0363660348,True,11.0
2014-02-21,Green Bay Phoenix,67.0,home,0.7913469792,8.354281276,True,14.0
2014-02-21,Valparaiso Beacons,53.0,away,0.2086530208,-8.354281276,False,-14.0
2014-02-21,Tennessee State Tigers,66.0,home,0.6465833878000001,3.7454326589,True,5.0
2014-02-21,SIU Edwardsville Cougars,61.0,away,0.3534166122,-3.7454326589,False,-5.0
2014-02-21,UT Martin Skyhawks,83.0,home,0.3785904982,-3.315458364,False,-8.0
2014-02-21,Tennessee Tech Golden Eagles,91.0,away,0.6214095018,3.315458364,True,8.0
2014-02-21,Texas State Bobcats,67.0,home,0.5765294602,1.7522987714,True,1.0
2014-02-21,South Alabama Jaguars,66.0,away,0.4234705398,-1.7522987714,False,-1.0
2014-02-21,Belmont Bruins,82.0,home,0.9501552112999999,18.3200499758,True,19.0
2014-02-21,Eastern Illinois Panthers,63.0,away,0.0498447887,-18.3200499758,False,-19.0
2014-02-21,Southeast Missouri State Redhawks,87.0,home,0.8395210073,10.3732113571,True,17.0
2014-02-21,Jacksonville State Gamecocks,70.0,away,0.1604789927,-10.3732113571,False,-17.0
2014-02-21,South Dakota Coyotes,87.0,home,0.4879056439,-0.3345617036,True,1.0
2014-02-21,Omaha Mavericks,86.0,away,0.5120943561,0.3345617036,False,-1.0
2014-02-21,Louisiana Ragin' Cajuns,78.0,home,0.8921079635,13.6475341306,True,15.0
2014-02-21,Troy Trojans,63.0,away,0.1078920365,-13.6475341306,False,-15.0
2014-02-21,UT Rio Grande Valley Vaqueros,61.0,home,0.1086507487,-13.3557423538,False,-17.0
2014-02-21,New Mexico State Aggies,78.0,away,0.8913492513,13.3557423538,True,17.0
2014-02-21,Southern Miss Golden Eagles,85.0,home,0.9854344949,25.9818824225,True,29.0
2014-02-21,UTSA Roadrunners,56.0,away,0.0145655051,-25.9818824225,False,-29.0
2014-02-21,Tulane Green Wave,54.0,home,0.2732321391,-5.6456599673,False,-18.0
2014-02-21,UTEP Miners,72.0,away,0.7267678609000001,5.6456599673,True,18.0
2014-02-21,Arkansas State Red Wolves,83.0,home,0.8088605778,9.7888873764,True,23.0
2014-02-21,UT Arlington Mavericks,60.0,away,0.1911394222,-9.7888873764,False,-23.0
2014-02-21,Saint Peter's Peacocks,58.0,home,0.6141270207,2.6950585223,True,1.0
2014-02-21,Marist Red Foxes,57.0,away,0.3858729793,-2.6950585223,False,-1.0
2014-02-21,Chicago State Cougars,70.0,home,0.3797957226,-3.0068833804,False,-9.0
2014-02-21,Utah Valley Wolverines,79.0,away,0.6202042774,3.0068833804,True,9.0
2014-02-21,New Orleans Privateers,67.0,home,0.6741540848,4.7442285495,True,9.0
2014-02-21,SE Louisiana Lions,58.0,away,0.32584591520000006,-4.7442285495,False,-9.0
2014-02-21,Kansas City Roos,69.0,home,0.3284462574,-4.6176608956,False,-5.0
2014-02-21,Cal State Bakersfield Roadrunners,74.0,away,0.6715537426,4.6176608956,True,5.0
2014-02-21,Oregon State Beavers,68.0,home,0.8696907772,11.1429920776,True,11.0
2014-02-21,Washington State Cougars,57.0,away,0.1303092228,-11.1429920776,False,-11.0
2014-02-21,Northern Arizona Lumberjacks,59.0,home,0.4915979424,-0.1984155346,False,-15.0
2014-02-21,Northern Colorado Bears,74.0,away,0.5084020576,0.1984155346,True,15.0
2014-02-21,Bowling Green Falcons,58.0,home,0.3509504919,-4.0170141927,False,-2.0
2014-02-21,Toledo Rockets,60.0,away,0.6490495080999998,4.0170141927,True,2.0
2014-02-21,San Diego Toreros,61.0,home,0.5651942855,1.5750462596,True,2.0
2014-02-21,Portland Pilots,59.0,away,0.4348057145,-1.5750462596,False,-2.0
2014-02-21,Seton Hall Pirates,82.0,home,0.5292100095,0.7115809601,True,15.0
2014-02-21,Georgetown Hoyas,67.0,away,0.4707899905,-0.7115809601,False,-15.0
2014-02-21,Denver Pioneers,75.0,home,0.8886735047,10.6201266842,True,8.0
2014-02-21,Western Illinois Leathernecks,67.0,away,0.1113264953,-10.6201266842,False,-8.0
2014-02-21,Montana State Bobcats,66.0,home,0.5624150009,1.5033065471,True,6.0
2014-02-21,Idaho State Bengals,60.0,away,0.4375849991,-1.5033065471,False,-6.0
2014-02-21,Southern Utah Thunderbirds,79.0,home,0.2383030775,-6.9674634693,False,-7.0
2014-02-21,Portland State Vikings,86.0,away,0.7616969225,6.9674634693,True,7.0
2014-02-21,Santa Clara Broncos,70.0,home,0.5511043274,1.2509471799,True,20.0
2014-02-21,Pacific Tigers,50.0,away,0.4488956726,-1.2509471799,False,-20.0
2014-02-21,Montana Grizzlies,68.0,home,0.43180513759999994,-1.52999232,True,11.0
2014-02-21,Weber State Wildcats,57.0,away,0.5681948624,1.52999232,False,-11.0
2014-02-21,Cal Poly Mustangs,59.0,home,0.7522969983,6.3291437616,False,-8.0
2014-02-21,Cal State Fullerton Titans,67.0,away,0.24770300170000004,-6.3291437616,True,8.0
2014-02-21,UC Santa Barbara Gauchos,55.0,home,0.9428651926,16.7787817236,True,1.0
2014-02-21,UC Riverside Highlanders,54.0,away,0.05713480740000001,-16.7787817236,False,-1.0
2014-02-21,Seattle U Redhawks,73.0,home,0.8260608091,9.8272983131,False,-1.0
2014-02-21,Grand Canyon Lopes,74.0,away,0.1739391909,-9.8272983131,True,1.0
2014-02-21,UC Davis Aggies,57.0,home,0.3097733631,-4.9457398443,False,-22.0
2014-02-21,Long Beach State Beach,79.0,away,0.6902266369,4.9457398443,True,22.0
2014-02-21,Sacramento State Hornets,71.0,home,0.5801269491,1.9819632647,True,6.0
2014-02-21,North Dakota Fighting Hawks,65.0,away,0.4198730509,-1.9819632647,False,-6.0
2014-02-21,San Francisco Dons,73.0,home,0.3272468939,-4.2160484295,True,11.0
2014-02-21,Saint Mary's Gaels,62.0,away,0.6727531061,4.2160484295,False,-11.0
2014-02-21,Loyola Marymount Lions,69.0,home,0.5868906263,2.3073965622,False,-3.0
2014-02-21,Pepperdine Waves,72.0,away,0.4131093737,-2.3073965622,True,3.0
2014-02-21,Hawai'i Rainbow Warriors,56.0,home,0.6905761014,5.2885535814,False,-4.0
2014-02-21,UC Irvine Anteaters,60.0,away,0.3094238986,-5.2885535814,True,4.0
2014-02-21,Stanford Cardinal,80.0,home,0.9059698767,15.1645909829,True,21.0
2014-02-21,USC Trojans,59.0,away,0.0940301233,-15.1645909829,False,-21.0
2014-02-16,San Diego State Aztecs,64.0,home,0.9807249142,23.525565723,True,8.0
2014-02-16,Air Force Falcons,56.0,away,0.0192750858,-23.525565723,False,-8.0
2014-02-15,Saint Louis Billikens,64.0,home,0.6203722648,3.2973441513,True,2.0
2014-02-15,VCU Rams,62.0,away,0.3796277352,-3.2973441513,False,-2.0
2014-02-15,Clemson Tigers,58.0,home,0.3856335847,-2.3934175744,False,-5.0
2014-02-15,Virginia Cavaliers,63.0,away,0.6143664153,2.3934175744,True,5.0
2014-02-15,Penn State Nittany Lions,70.0,home,0.20565519519999997,-8.9960953585,False,-12.0
2014-02-15,Iowa Hawkeyes,82.0,away,0.7943448048,8.9960953585,True,12.0
2014-02-15,Cincinnati Bearcats,73.0,home,0.9644436848,19.7833547091,True,11.0
2014-02-15,Houston Cougars,62.0,away,0.0355563152,-19.7833547091,False,-11.0
2014-02-16,Kentucky Wildcats,59.0,home,0.5798799334,1.9066418458,False,-10.0
2014-02-16,Florida Gators,69.0,away,0.42012006659999995,-1.9066418458,True,10.0
2014-02-15,Iowa State Cyclones,70.0,home,0.9194341507,15.4256952436,True,6.0
2014-02-15,Texas Tech Red Raiders,64.0,away,0.08056584930000002,-15.4256952436,False,-6.0
2014-02-15,Duke Blue Devils,69.0,home,0.9681081129,22.2427081834,True,2.0
2014-02-15,Maryland Terrapins,67.0,away,0.0318918871,-22.2427081834,False,-2.0
2014-02-15,Kansas Jayhawks,95.0,home,0.9880407518,27.8208427785,True,30.0
2014-02-15,TCU Horned Frogs,65.0,away,0.0119592482,-27.8208427785,False,-30.0
2014-02-16,Syracuse Orange,56.0,home,0.9458591828,16.5201669323,True,1.0
2014-02-16,NC State Wolfpack,55.0,away,0.0541408172,-16.5201669323,False,-1.0
2014-02-15,North Carolina Tar Heels,75.0,home,0.4364502259,-1.6298897958,True,4.0
2014-02-15,Pittsburgh Panthers,71.0,away,0.5635497741,1.6298897958,False,-4.0
2014-02-16,Texas Longhorns,88.0,home,0.6808742013,5.0841456598,True,17.0
2014-02-16,West Virginia Mountaineers,71.0,away,0.3191257987,-5.0841456598,False,-17.0
2014-02-15,Rhode Island Rams,71.0,home,0.6690409034,4.5085817037,False,-12.0
2014-02-15,Duquesne Dukes,83.0,away,0.33095909660000006,-4.5085817037,True,12.0
2014-02-15,UConn Huskies,86.0,home,0.7857971678,8.4169341273,True,5.0
2014-02-15,Memphis Tigers,81.0,away,0.21420283219999997,-8.4169341273,False,-5.0
2014-02-15,Indiana State Sycamores,60.0,home,0.8460069374,10.2658615231,True,3.0
2014-02-15,Southern Illinois Salukis,57.0,away,0.1539930626,-10.2658615231,False,-3.0
2014-02-15,Vanderbilt Commodores,57.0,home,0.7109679289,5.1859141146,True,3.0
2014-02-15,Texas A&M Aggies,54.0,away,0.2890320711,-5.1859141146,False,-3.0
2014-02-16,Illinois Fighting Illini,39.0,home,0.2380610516,-6.7079776821,False,-9.0
2014-02-16,Ohio State Buckeyes,48.0,away,0.7619389484,6.7079776821,True,9.0
2014-02-15,La Salle Explorers,64.0,home,0.6233627298,3.0250590123,False,-11.0
2014-02-15,Saint Joseph's Hawks,75.0,away,0.3766372702,-3.0250590123,True,11.0
2014-02-15,James Madison Dukes,64.0,home,0.7399016470999998,6.1713483087,True,2.0
2014-02-15,UNC Wilmington Seahawks,62.0,away,0.2600983529,-6.1713483087,False,-2.0
2014-02-15,Central Connecticut Blue Devils,74.0,home,0.6038219113,2.7851084604,True,5.0
2014-02-15,Sacred Heart Pioneers,69.0,away,0.3961780887,-2.7851084604,False,-5.0
2014-02-15,Auburn Tigers,92.0,home,0.8186721107,9.8497111089,True,10.0
2014-02-15,Mississippi State Bulldogs,82.0,away,0.1813278893,-9.8497111089,False,-10.0
2014-02-15,South Florida Bulls,74.0,home,0.49689261790000006,-0.0782618588,False,-1.0
2014-02-15,UCF Knights,75.0,away,0.5031073821,0.0782618588,True,1.0
2014-02-15,Eastern Michigan Eagles,65.0,home,0.5155749694,0.3994391598,True,21.0
2014-02-15,Toledo Rockets,44.0,away,0.4844250306,-0.3994391598,False,-21.0
2014-02-15,UAlbany Great Danes,74.0,home,0.917278636,15.9203085473,True,11.0
2014-02-15,Maine Black Bears,63.0,away,0.082721364,-15.9203085473,False,-11.0
2014-02-15,Providence Friars,84.0,home,0.9101504614,14.4060725486,True,23.0
2014-02-15,DePaul Blue Demons,61.0,away,0.08984953860000001,-14.4060725486,False,-23.0
2014-02-15,Georgia Southern Eagles,73.0,home,0.2323825701,-7.736035097,False,-15.0
2014-02-15,Davidson Wildcats,88.0,away,0.7676174299,7.736035097,True,15.0
2014-02-15,Vermont Catamounts,76.0,home,0.9718838095,21.7387432212,True,24.0
2014-02-15,UMBC Retrievers,52.0,away,0.0281161905,-21.7387432212,False,-24.0
2014-02-15,George Washington Revolutionaries,61.0,home,0.6324911725,3.6924682452,False,-6.0
2014-02-15,Massachusetts Minutemen,67.0,away,0.3675088275,-3.6924682452,True,6.0
2014-02-15,Lehigh Mountain Hawks,67.0,home,0.4680834039,-0.7749352359,False,-5.0
2014-02-15,Holy Cross Crusaders,72.0,away,0.5319165961,0.7749352359,True,5.0
2014-02-15,IU Indianapolis Jaguars,67.0,home,0.4603097153,-0.9958265143,False,-4.0
2014-02-15,South Dakota Coyotes,71.0,away,0.5396902847,0.9958265143,True,4.0
2014-02-15,Buffalo Bulls,70.0,home,0.5601938526,1.5194710847,False,-3.0
2014-02-15,Ohio Bobcats,73.0,away,0.4398061474,-1.5194710847,True,3.0
2014-02-15,South Carolina Upstate Spartans,80.0,home,0.7653681671,7.3197526516,False,-4.0
2014-02-15,Florida Gulf Coast Eagles,84.0,away,0.2346318329,-7.3197526516,True,4.0
2014-02-15,Lafayette Leopards,74.0,home,0.2797485946,-5.3389748055,True,12.0
2014-02-15,American University Eagles,62.0,away,0.7202514054,5.3389748055,False,-12.0
2014-02-15,Washington Huskies,59.0,home,0.3628263525,-3.6362725165,False,-13.0
2014-02-15,California Golden Bears,72.0,away,0.6371736475,3.6362725165,True,13.0
2014-02-15,Middle Tennessee Blue Raiders,81.0,home,0.4956522796,-0.103678913,True,17.0
2014-02-15,Southern Miss Golden Eagles,64.0,away,0.5043477204,0.103678913,False,-17.0
2014-02-15,Oklahoma State Cowboys,74.0,home,0.8624514468,12.7050024487,False,-3.0
2014-02-15,Oklahoma Sooners,77.0,away,0.1375485532,-12.7050024487,True,3.0
2014-02-15,North Dakota Fighting Hawks,74.0,home,0.6406777914,3.5128020039,True,5.0
2014-02-15,Montana Grizzlies,69.0,away,0.3593222086,-3.5128020039,False,-5.0
2014-02-15,UL Monroe Warhawks,65.0,home,0.6001302838,2.489015615,True,16.0
2014-02-15,Little Rock Trojans,49.0,away,0.3998697162,-2.489015615,False,-16.0
2014-02-15,Portland Pilots,74.0,home,0.7938090302,8.5638432855,True,12.0
2014-02-15,Pepperdine Waves,62.0,away,0.2061909698,-8.5638432855,False,-12.0
2014-02-15,Purdue Boilermakers,82.0,home,0.5164593107,0.4458057456,True,18.0
2014-02-15,Indiana Hoosiers,64.0,away,0.4835406893,-0.4458057456,False,-18.0
2014-02-15,Ball State Cardinals,64.0,home,0.3256130912,-4.5918593737,False,-2.0
2014-02-15,Bowling Green Falcons,66.0,away,0.6743869088,4.5918593737,True,2.0
2014-02-15,Cleveland State Vikings,54.0,home,0.6826971003,4.68042447,False,-14.0
2014-02-15,Green Bay Phoenix,68.0,away,0.3173028997,-4.68042447,True,14.0
2014-02-15,Bethune-Cookman Wildcats,67.0,home,0.5349957017,0.7324657358,False,-12.0
2014-02-15,Delaware State Hornets,79.0,away,0.4650042983,-0.7324657358,True,12.0
2014-02-15,UMass Lowell River Hawks,68.0,home,0.1861661123,-8.8339340936,False,-10.0
2014-02-15,Stony Brook Seawolves,78.0,away,0.8138338877,8.8339340936,True,10.0
2014-02-15,Georgia Bulldogs,61.0,home,0.5424154048,1.0765997348,True,1.0
2014-02-15,Ole Miss Rebels,60.0,away,0.4575845952,-1.0765997348,False,-1.0
2014-02-15,Furman Paladins,76.0,home,0.7224363311,5.6886917811,True,9.0
2014-02-15,The Citadel Bulldogs,67.0,away,0.2775636689,-5.6886917811,False,-9.0
2014-02-15,Maryland Eastern Shore Hawks,87.0,home,0.5968076097,2.4158147202,True,14.0
2014-02-15,Howard Bison,73.0,away,0.4031923903,-2.4158147202,False,-14.0
2014-02-15,Missouri Tigers,75.0,home,0.5485856619,1.1504019068,True,5.0
2014-02-15,Tennessee Volunteers,70.0,away,0.4514143381,-1.1504019068,False,-5.0
2014-02-15,South Carolina Gamecocks,67.0,home,0.5388465794,0.9575381093,True,1.0
2014-02-15,Alabama Crimson Tide,66.0,away,0.4611534206,-0.9575381093,False,-1.0
2014-02-15,Marquette Golden Eagles,81.0,home,0.5904203892,2.2458107492,True,9.0
2014-02-15,Xavier Musketeers,72.0,away,0.4095796108,-2.2458107492,False,-9.0
2014-02-15,William & Mary Tribe,70.0,home,0.6501519572,3.6791895814,False,-15.0
2014-02-15,Towson Tigers,85.0,away,0.3498480428,-3.6791895814,True,15.0
2014-02-15,Fairfield Stags,62.0,home,0.4821003564,-0.4438826529,False,-9.0
2014-02-15,Rider Broncs,71.0,away,0.5178996436,0.4438826529,True,9.0
2014-02-15,Radford Highlanders,65.0,home,0.8132841529,9.0741044258,False,-7.0
2014-02-15,High Point Panthers,72.0,away,0.1867158471,-9.0741044258,True,7.0
2014-02-15,East Tennessee State Buccaneers,93.0,home,0.8637031053000002,11.4561959993,True,27.0
2014-02-15,Stetson Hatters,66.0,away,0.1362968947,-11.4561959993,False,-27.0
2014-02-15,UTSA Roadrunners,66.0,home,0.3051752871,-5.0915380735,True,10.0
2014-02-15,Florida Atlantic Owls,56.0,away,0.6948247129,5.0915380735,False,-10.0
2014-02-15,Utah State Aggies,62.0,home,0.6638925959999998,4.006747529,False,-11.0
2014-02-15,UNLV Rebels,73.0,away,0.336107404,-4.006747529,True,11.0
2014-02-15,Robert Morris Colonials,69.0,home,0.8698334084,12.3439848173,True,8.0
2014-02-15,Mount St. Mary's Mountaineers,61.0,away,0.1301665916,-12.3439848173,False,-8.0
2014-02-15,Tulsa Golden Hurricane,76.0,home,0.8095386764,9.0582544873,True,39.0
2014-02-15,Old Dominion Monarchs,37.0,away,0.1904613236,-9.0582544873,False,-39.0
2014-02-15,App State Mountaineers,58.0,home,0.2371067986,-6.9252824882,False,-6.0
2014-02-15,Wofford Terriers,64.0,away,0.7628932014,6.9252824882,True,6.0
2014-02-15,Western Michigan Broncos,68.0,home,0.8280988841999999,9.8026828311,True,11.0
2014-02-15,Miami (OH) RedHawks,57.0,away,0.1719011158,-9.8026828311,False,-11.0
2014-02-15,Texas A&M-Corpus Christi Islanders,74.0,home,0.4215522179000001,-1.8160630749,True,2.0
2014-02-15,Oral Roberts Golden Eagles,72.0,away,0.5784477821,1.8160630749,False,-2.0
2014-02-15,UCLA Bruins,80.0,home,0.7982503698,8.9813560369,True,14.0
2014-02-15,Utah Utes,66.0,away,0.2017496302,-8.9813560369,False,-14.0
2014-02-15,Sam Houston Bearkats,60.0,home,0.4859813669,-0.3378809894,False,-7.0
2014-02-15,Stephen F. Austin Lumberjacks,67.0,away,0.5140186331,0.3378809894,True,7.0
2014-02-15,Omaha Mavericks,59.0,home,0.2842770415,-6.0692265451,False,-16.0
2014-02-15,North Dakota State Bison,75.0,away,0.7157229585,6.0692265451,True,16.0
2014-02-15,San José State Spartans,38.0,home,0.1228033479,-10.8013006715,False,-8.0
2014-02-15,Wyoming Cowboys,46.0,away,0.8771966521,10.8013006715,True,8.0
2014-02-15,Arkansas Razorbacks,81.0,home,0.8030734635000001,10.0653218785,True,11.0
2014-02-15,LSU Tigers,70.0,away,0.1969265365,-10.0653218785,False,-11.0
2014-02-15,Jacksonville State Gamecocks,65.0,home,0.1896449482,-8.4466964061,False,-21.0
2014-02-15,Eastern Kentucky Colonels,86.0,away,0.8103550518,8.4466964061,True,21.0
2014-02-15,Eastern Washington Eagles,84.0,home,0.7065571073,5.5783962466,True,19.0
2014-02-15,Northern Arizona Lumberjacks,65.0,away,0.2934428927,-5.5783962466,False,-19.0
2014-02-15,Charleston Southern Buccaneers,84.0,home,0.8527775097,11.0276694971,True,20.0
2014-02-15,Winthrop Eagles,64.0,away,0.1472224903,-11.0276694971,False,-20.0
2014-02-15,South Carolina State Bulldogs,53.0,home,0.058869519700000005,-16.6951892054,False,-14.0
2014-02-15,North Carolina Central Eagles,67.0,away,0.9411304803,16.6951892054,True,14.0
2014-02-15,Norfolk State Spartans,73.0,home,0.4124149841,-2.3332146826,False,-6.0
2014-02-15,Hampton Pirates,79.0,away,0.5875850159,2.3332146826,True,6.0
2014-02-15,Kent State Golden Flashes,83.0,home,0.7870898787,8.0922745668,True,8.0
2014-02-15,Central Michigan Chippewas,75.0,away,0.21291012130000003,-8.0922745668,False,-8.0
2014-02-15,Richmond Spiders,82.0,home,0.919768917,15.2487146751,True,12.0
2014-02-15,Fordham Rams,70.0,away,0.08023108299999998,-15.2487146751,False,-12.0
2014-02-15,Brown Bears,62.0,home,0.7937365744,9.3646483648,True,7.0
2014-02-15,Pennsylvania Quakers,55.0,away,0.20626342559999997,-9.3646483648,False,-7.0
2014-02-15,George Mason Patriots,73.0,home,0.4412589303,-1.5134462643,False,-12.0
2014-02-15,St. Bonaventure Bonnies,85.0,away,0.5587410697,1.5134462643,True,12.0
2014-02-15,SE Louisiana Lions,71.0,home,0.6750499875,4.3629453396,True,5.0
2014-02-15,Nicholls Colonels,66.0,away,0.3249500125,-4.3629453396,False,-5.0
2014-02-15,Southern Jaguars,58.0,home,0.955212644,19.1896189326,False,-6.0
2014-02-15,Arkansas-Pine Bluff Golden Lions,64.0,away,0.044787356,-19.1896189326,True,6.0
2014-02-15,Yale Bulldogs,66.0,home,0.5084672494,0.1978261883,True,1.0
2014-02-15,Princeton Tigers,65.0,away,0.4915327506,-0.1978261883,False,-1.0
2014-02-15,Virginia Tech Hokies,52.0,home,0.6006795501,2.2073945658,True,7.0
2014-02-15,Miami Hurricanes,45.0,away,0.39932044990000004,-2.2073945658,False,-7.0
2014-02-15,Troy Trojans,85.0,home,0.2011158495,-8.3503443856,True,4.0
2014-02-15,Georgia State Panthers,81.0,away,0.7988841505,8.3503443856,False,-4.0
2014-02-15,Savannah State Tigers,73.0,home,0.7297601447999998,6.2541239888,True,25.0
2014-02-15,North Carolina A&T Aggies,48.0,away,0.2702398552,-6.2541239888,False,-25.0
2014-02-15,Mississippi Valley State Delta Devils,63.0,home,0.4652597456,-0.9161402476,False,-4.0
2014-02-15,Alcorn State Braves,67.0,away,0.5347402544,0.9161402476,True,4.0
2014-02-15,New Mexico Lobos,90.0,home,0.8633727054000001,11.2735533573,True,18.0
2014-02-15,Nevada Wolf Pack,72.0,away,0.1366272946,-11.2735533573,False,-18.0
2014-02-15,Florida A&M Rattlers,82.0,home,0.6499720842,4.213344495,True,11.0
2014-02-15,Coppin State Eagles,71.0,away,0.3500279158,-4.213344495,False,-11.0
2014-02-15,Prairie View A&M Panthers,53.0,home,0.4701331657999999,-0.7656262214,True,3.0
2014-02-15,Jackson State Tigers,50.0,away,0.5298668342,0.7656262214,False,-3.0
2014-02-15,Alabama A&M Bulldogs,68.0,home,0.5064383584,0.1596263127,True,3.0
2014-02-15,Alabama State Hornets,65.0,away,0.4935616416,-0.1596263127,False,-3.0
2014-02-16,Elon Phoenix,86.0,home,0.9168034714,14.823616699,True,17.0
2014-02-16,Samford Bulldogs,69.0,away,0.0831965286,-14.823616699,False,-17.0
2014-02-16,Baylor Bears,87.0,home,0.6823161098,4.3900336434,True,14.0
2014-02-16,Kansas State Wildcats,73.0,away,0.3176838902,-4.3900336434,False,-14.0
2014-02-16,Akron Zips,62.0,home,0.8822516444,11.9103064401,True,8.0
2014-02-16,Northern Illinois Huskies,54.0,away,0.1177483556,-11.9103064401,False,-8.0
2014-02-16,Washington State Cougars,56.0,home,0.2588473346,-6.2266189205,False,-13.0
2014-02-16,Stanford Cardinal,69.0,away,0.7411526654,6.2266189205,True,13.0
2014-02-16,Charleston Cougars,44.0,home,0.5903005197,2.0779284015,False,-16.0
2014-02-16,Northeastern Huskies,60.0,away,0.4096994803,-2.0779284015,True,16.0
2014-02-16,Hartford Hawks,61.0,home,0.853346658,9.9461927297,True,2.0
2014-02-16,New Hampshire Wildcats,59.0,away,0.146653342,-9.9461927297,False,-2.0
2014-02-16,Cornell Big Red,44.0,home,0.025128094499999996,-22.3051161417,False,-23.0
2014-02-16,Harvard Crimson,67.0,away,0.9748719055000001,22.3051161417,True,23.0
2014-02-16,Columbia Lions,69.0,home,0.7804298573,7.0036227798,True,10.0
2014-02-16,Dartmouth Big Green,59.0,away,0.21957014269999997,-7.0036227798,False,-10.0
2014-02-16,Abilene Christian Wildcats,108.0,home,0.9848521468,27.1707278092,True,39.0
2014-02-16,Dallas Christian Crusaders,69.0,away,0.0151478532,-27.1707278092,False,-39.0
2014-02-16,UC Santa Barbara Gauchos,78.0,home,0.9232097413,15.0079883048,False,-2.0
2014-02-16,Cal State Northridge Matadors,80.0,away,0.0767902587,-15.0079883048,True,2.0
2014-02-16,Purdue Fort Wayne Mastodons,62.0,home,0.5924434705,2.0877713676,False,-11.0
2014-02-16,Denver Pioneers,73.0,away,0.4075565295,-2.0877713676,True,11.0
2014-02-16,Navy Midshipmen,71.0,home,0.4242996494,-1.736939688,True,10.0
2014-02-16,Colgate Raiders,61.0,away,0.5757003506,1.736939688,False,-10.0
2014-02-16,Bucknell Bison,73.0,home,0.7546085605,6.9587855593,True,12.0
2014-02-16,Army Black Knights,61.0,away,0.2453914395,-6.9587855593,False,-12.0
2014-02-16,Charlotte 49ers,56.0,home,0.7915478931,9.0655133895,False,-3.0
2014-02-16,Marshall Thundering Herd,59.0,away,0.2084521069,-9.0655133895,True,3.0
2014-02-16,Fairleigh Dickinson Knights,82.0,home,0.6337602981,3.2484046531,False,-7.0
2014-02-16,Saint Francis Red Flash,89.0,away,0.3662397019,-3.2484046531,True,7.0
2014-02-16,Coastal Carolina Chanticleers,75.0,home,0.5879536751,2.2560653689,True,15.0
2014-02-16,Gardner-Webb Runnin' Bulldogs,60.0,away,0.41204632490000004,-2.2560653689,False,-15.0
2014-02-16,Campbell Fighting Camels,53.0,home,0.8342844428,9.7831984779,False,-23.0
2014-02-16,Longwood Lancers,76.0,away,0.1657155572,-9.7831984779,True,23.0
2014-02-16,Liberty Flames,70.0,home,0.5781574025,2.2001982081,False,-7.0
2014-02-16,VMI Keydets,77.0,away,0.4218425975,-2.2001982081,True,7.0
2014-02-16,Youngstown State Penguins,59.0,home,0.8820629335,12.6209547042,True,3.0
2014-02-16,UIC Flames,56.0,away,0.1179370665,-12.6209547042,False,-3.0
2014-02-16,Illinois State Redbirds,70.0,home,0.7058956681,5.4578446433,True,16.0
2014-02-16,Bradley Braves,54.0,away,0.2941043319,-5.4578446433,False,-16.0
2014-02-16,Southern Utah Thunderbirds,65.0,home,0.1450381922,-10.4482078019,False,-10.0
2014-02-16,Idaho State Bengals,75.0,away,0.8549618078000001,10.4482078019,True,10.0
2014-02-16,Lamar Cardinals,67.0,home,0.24619334740000004,-8.1860387697,False,-20.0
2014-02-16,Northwestern State Demons,87.0,away,0.7538066526,8.1860387697,True,20.0
2014-02-16,Presbyterian Blue Hose,72.0,home,0.1649548564,-10.1233728248,True,1.0
2014-02-16,UNC Asheville Bulldogs,71.0,away,0.8350451436,10.1233728248,False,-1.0
2014-02-16,Milwaukee Panthers,62.0,home,0.4100570422,-2.3402445854,False,-15.0
2014-02-16,Valparaiso Beacons,77.0,away,0.5899429578,2.3402445854,True,15.0
2014-02-16,Wake Forest Demon Deacons,60.0,home,0.4273890159,-1.8917206626,False,-7.0
2014-02-16,Florida State Seminoles,67.0,away,0.5726109841,1.8917206626,True,7.0
2014-02-16,Gonzaga Bulldogs,86.0,home,0.9729777324,23.3217399555,True,19.0
2014-02-16,Loyola Marymount Lions,67.0,away,0.027022267599999997,-23.3217399555,False,-19.0
2014-02-16,UT Rio Grande Valley Vaqueros,68.0,home,0.7176947989,6.1357291824,True,9.0
2014-02-16,Kansas City Roos,59.0,away,0.2823052011,-6.1357291824,False,-9.0
2014-02-16,Saint Mary's Gaels,57.0,home,0.6961362944,5.3874323314,False,-3.0
2014-02-16,BYU Cougars,60.0,away,0.3038637056,-5.3874323314,True,3.0
2014-02-16,Western Kentucky Hilltoppers,62.0,home,0.8555344775,10.6646901975,False,-7.0
2014-02-16,South Alabama Jaguars,69.0,away,0.1444655225,-10.6646901975,True,7.0
2014-02-16,Western Illinois Leathernecks,50.0,home,0.5416484358,0.9714515528,False,-12.0
2014-02-16,South Dakota State Jackrabbits,62.0,away,0.45835156420000006,-0.9714515528,True,12.0
2014-02-16,Loyola Maryland Greyhounds,72.0,home,0.2781750097,-6.0110579483,False,-15.0
2014-02-16,Boston University Terriers,87.0,away,0.7218249903,6.0110579483,True,15.0
2014-02-16,UAB Blazers,80.0,home,0.9002200132,13.7030726395,False,-6.0
2014-02-16,Tulane Green Wave,86.0,away,0.09977998679999998,-13.7030726395,True,6.0
2014-02-16,North Texas Mean Green,53.0,home,0.5427871784,1.1069727345,True,2.0
2014-02-16,East Carolina Pirates,51.0,away,0.4572128216,-1.1069727345,False,-2.0
2014-02-16,Drake Bulldogs,70.0,home,0.8016514192000002,7.9363640227,True,8.0
2014-02-16,Loyola Chicago Ramblers,62.0,away,0.1983485808,-7.9363640227,False,-8.0
2014-02-16,Murray State Racers,72.0,home,0.9043900463,13.7468653411,True,12.0
2014-02-16,Eastern Illinois Panthers,60.0,away,0.0956099537,-13.7468653411,False,-12.0
2014-02-16,Louisiana Ragin' Cajuns,85.0,home,0.5993629204,2.7590306997,True,18.0
2014-02-16,Arkansas State Red Wolves,67.0,away,0.4006370796,-2.7590306997,False,-18.0
2014-02-16,Texas Southern Tigers,74.0,home,0.9859058164,27.7860143326,True,3.0
2014-02-16,Grambling Tigers,71.0,away,0.0140941836,-27.7860143326,False,-3.0
2014-02-16,Houston Christian Huskies,99.0,home,0.5930920816,2.6178823507,True,16.0
2014-02-16,Central Arkansas Bears,83.0,away,0.4069079184,-2.6178823507,False,-16.0
2014-02-16,Tennessee Tech Golden Eagles,53.0,home,0.4314322053,-1.8620851793,False,-26.0
2014-02-16,Morehead State Eagles,79.0,away,0.5685677947,1.8620851793,True,26.0
2014-02-16,UT Arlington Mavericks,69.0,home,0.8226103818,9.4965105521,True,7.0
2014-02-16,Texas State Bobcats,62.0,away,0.1773896182,-9.4965105521,False,-7.0
2014-02-16,Austin Peay Governors,68.0,home,0.7709277797,8.0746275692,False,-15.0
2014-02-16,SIU Edwardsville Cougars,83.0,away,0.2290722203,-8.0746275692,True,15.0
2014-02-16,Louisiana Tech Bulldogs,85.0,home,0.9893971331,29.8391171618,True,39.0
2014-02-16,Rice Owls,46.0,away,0.0106028669,-29.8391171618,False,-39.0
2014-02-16,Missouri State Bears,58.0,home,0.4820840569,-0.4278239732,False,-2.0
2014-02-16,Northern Iowa Panthers,60.0,away,0.5179159431,0.4278239732,True,2.0
2014-02-16,Cal State Fullerton Titans,80.0,home,0.3462816124,-4.1910595348,False,-3.0
2014-02-16,Hawai'i Rainbow Warriors,83.0,away,0.6537183876,4.1910595348,True,3.0
2014-02-16,Utah Valley Wolverines,89.0,home,0.7747017847,7.199565837,True,1.0
2014-02-16,Idaho Vandals,88.0,away,0.2252982153,-7.199565837,False,-1.0
2014-02-16,UTEP Miners,84.0,home,0.8859569009,12.3177266354,True,13.0
2014-02-16,Florida International Panthers,71.0,away,0.1140430991,-12.3177266354,False,-13.0
2014-02-16,New Mexico State Aggies,84.0,home,0.9754153432,24.378311503,True,29.0
2014-02-16,Chicago State Cougars,55.0,away,0.024584656800000004,-24.378311503,False,-29.0
2014-02-16,Pacific Tigers,55.0,home,0.7883683212,7.845081878,False,-15.0
2014-02-16,San Diego Toreros,70.0,away,0.2116316788,-7.845081878,True,15.0
2014-02-16,UC Irvine Anteaters,70.0,home,0.9239985599,15.7500759654,True,18.0
2014-02-16,UC Riverside Highlanders,52.0,away,0.0760014401,-15.7500759654,False,-18.0
2014-02-16,Northern Colorado Bears,83.0,home,0.8168937216,9.0900243695,True,10.0
2014-02-16,Montana State Bobcats,73.0,away,0.1831062784,-9.0900243695,False,-10.0
2014-02-16,Fresno State Bulldogs,75.0,home,0.5672925349,1.6901684996,True,9.0
2014-02-16,Colorado State Rams,66.0,away,0.4327074651,-1.6901684996,False,-9.0
2014-02-16,Cal State Bakersfield Roadrunners,83.0,home,0.675204373,4.5402347926,True,18.0
2014-02-16,Seattle U Redhawks,65.0,away,0.324795627,-4.5402347926,False,-18.0
2014-02-16,Portland State Vikings,65.0,home,0.7017852095000001,4.9442872755,False,-7.0
2014-02-16,Sacramento State Hornets,72.0,away,0.2982147905,-4.9442872755,True,7.0
2014-02-16,Long Beach State Beach,74.0,home,0.6001826386,2.2633259378,True,9.0
2014-02-16,Cal Poly Mustangs,65.0,away,0.3998173614,-2.2633259378,False,-9.0
2014-02-16,Santa Clara Broncos,63.0,home,0.5621785888,1.513739109,False,-6.0
2014-02-16,San Francisco Dons,69.0,away,0.4378214112,-1.513739109,True,6.0
2014-02-23,Creighton Bluejays,72.0,home,0.9456728336000001,17.2920111962,True,1.0
2014-02-23,Seton Hall Pirates,71.0,away,0.054327166399999995,-17.2920111962,False,-1.0
2014-02-23,UConn Huskies,55.0,home,0.8110418597,8.8753211432,False,-9.0
2014-02-23,SMU Mustangs,64.0,away,0.1889581403,-8.8753211432,True,9.0
2014-02-23,Western Michigan Broncos,75.0,home,0.5696220415,1.7415595394,True,8.0
2014-02-23,Eastern Michigan Eagles,67.0,away,0.43037795850000005,-1.7415595394,False,-8.0
2014-02-23,Stetson Hatters,52.0,home,0.04802659,-17.2990735962,False,-21.0
2014-02-23,Mercer Bears,73.0,away,0.9519734100000001,17.2990735962,True,21.0
2014-02-23,Florida Gulf Coast Eagles,78.0,home,0.9479687102,18.2354036419,True,10.0
2014-02-23,Kennesaw State Owls,68.0,away,0.0520312898,-18.2354036419,False,-10.0
2014-02-23,Holy Cross Crusaders,74.0,home,0.8802318668,11.6948526528,True,17.0
2014-02-23,Navy Midshipmen,57.0,away,0.1197681332,-11.6948526528,False,-17.0
2014-02-23,Lafayette Leopards,77.0,home,0.5915940452,2.2475380815,True,6.0
2014-02-23,Lehigh Mountain Hawks,71.0,away,0.4084059548,-2.2475380815,False,-6.0
2014-02-23,Boston University Terriers,53.0,home,0.7671588757,7.2285900557,False,-10.0
2014-02-23,Bucknell Bison,63.0,away,0.2328411243,-7.2285900557,True,10.0
2014-02-23,Michigan Wolverines,79.0,home,0.6591810380000002,3.8543412044,True,9.0
2014-02-23,Michigan State Spartans,70.0,away,0.340818962,-3.8543412044,False,-9.0
2014-02-23,Columbia Lions,62.0,home,0.6602837101,3.7590321245,True,16.0
2014-02-23,Yale Bulldogs,46.0,away,0.33971628989999997,-3.7590321245,False,-16.0
2014-02-23,Miami (OH) RedHawks,55.0,home,0.4628268404,-0.9307814468,True,3.0
2014-02-23,Bowling Green Falcons,52.0,away,0.5371731596,0.9307814468,False,-3.0
2014-02-23,Central Michigan Chippewas,70.0,home,0.6674483053,4.1137036244,True,3.0
2014-02-23,Northern Illinois Huskies,67.0,away,0.3325516947,-4.1137036244,False,-3.0
2014-02-23,Vermont Catamounts,72.0,home,0.9131128039,13.3709357737,True,25.0
2014-02-23,Hartford Hawks,47.0,away,0.0868871961,-13.3709357737,False,-25.0
2014-02-23,Nebraska Cornhuskers,76.0,home,0.6065292496,2.7741318482,True,19.0
2014-02-23,Purdue Boilermakers,57.0,away,0.3934707504,-2.7741318482,False,-19.0
2014-02-23,UNC Greensboro Spartans,88.0,home,0.5066265802,0.1818276268,True,4.0
2014-02-23,Chattanooga Mocs,84.0,away,0.4933734198,-0.1818276268,False,-4.0
2014-02-23,Marist Red Foxes,67.0,home,0.20062909080000002,-9.0308652966,False,-19.0
2014-02-23,Iona Gaels,86.0,away,0.7993709092,9.0308652966,True,19.0
2014-02-23,Delaware Blue Hens,65.0,home,0.6671555808,4.4755868833,False,-4.0
2014-02-23,Drexel Dragons,69.0,away,0.33284441919999996,-4.4755868833,True,4.0
2014-02-23,Rider Broncs,60.0,home,0.7166413338999998,5.8777000376,False,-9.0
2014-02-23,Siena Saints,69.0,away,0.2833586661,-5.8777000376,True,9.0
2014-02-23,Maine Black Bears,79.0,home,0.13048791,-13.0342498065,False,-4.0
2014-02-23,Stony Brook Seawolves,83.0,away,0.86951209,13.0342498065,True,4.0
2014-02-23,Northern Iowa Panthers,72.0,home,0.8269398581,9.8282927499,True,13.0
2014-02-23,Illinois State Redbirds,59.0,away,0.1730601419,-9.8282927499,False,-13.0
2014-02-23,Pittsburgh Panthers,66.0,home,0.855891005,10.7702085965,False,-5.0
2014-02-23,Florida State Seminoles,71.0,away,0.144108995,-10.7702085965,True,5.0
2014-02-23,Butler Bulldogs,81.0,home,0.5218384091,0.5056262603,False,-6.0
2014-02-23,Providence Friars,87.0,away,0.4781615909,-0.5056262603,True,6.0
2014-02-24,Utah Utes,86.0,home,0.5982807192,2.5685144786,True,23.0
2014-02-24,Arizona State Sun Devils,63.0,away,0.4017192808,-2.5685144786,False,-23.0
2014-02-23,Toledo Rockets,85.0,home,0.9544545759,19.6624800343,True,11.0
2014-02-23,Ball State Cardinals,74.0,away,0.045545424099999995,-19.6624800343,False,-11.0
2014-02-24,California Golden Bears,77.0,home,0.9285694888,16.8554123859,True,13.0
2014-02-24,USC Trojans,64.0,away,0.0714305112,-16.8554123859,False,-13.0
2014-02-24,Oregon Ducks,67.0,home,0.9619903702000001,19.7515643767,True,14.0
2014-02-24,Washington State Cougars,53.0,away,0.0380096298,-19.7515643767,False,-14.0
2014-02-25,The Citadel Bulldogs,81.0,home,0.4696844827,-0.7395952822,True,10.0
2014-02-25,Samford Bulldogs,71.0,away,0.5303155173,0.7395952822,False,-10.0
2014-02-25,Fairleigh Dickinson Knights,64.0,home,0.3003290529,-5.4573293959,False,-3.0
2014-02-25,Wagner Seahawks,67.0,away,0.6996709471,5.4573293959,True,3.0
2014-02-25,Howard Bison,60.0,home,0.3911296294,-2.7891294181,False,-6.0
2014-02-25,Norfolk State Spartans,66.0,away,0.6088703706,2.7891294181,True,6.0
2014-02-25,Maryland Eastern Shore Hawks,89.0,home,0.17670160119999997,-10.2299227968,False,-15.0
2014-02-25,Hampton Pirates,104.0,away,0.8232983988,10.2299227968,True,15.0
2014-02-25,Furman Paladins,49.0,home,0.161721603,-9.9859314027,False,-29.0
2014-02-25,Elon Phoenix,78.0,away,0.838278397,9.9859314027,True,29.0
2014-02-25,Kansas Jayhawks,83.0,home,0.8917881873,14.3772516378,True,8.0
2014-02-25,Oklahoma Sooners,75.0,away,0.1082118127,-14.3772516378,False,-8.0
2014-02-25,Maryland Terrapins,55.0,home,0.3167567445,-4.5696909782,False,-2.0
2014-02-25,Syracuse Orange,57.0,away,0.6832432555,4.5696909782,True,2.0
2014-02-25,TCU Horned Frogs,54.0,home,0.0534611976,-18.1395938401,False,-22.0
2014-02-25,Oklahoma State Cowboys,76.0,away,0.9465388023999999,18.1395938401,True,22.0
2014-02-25,Eastern Illinois Panthers,84.0,home,0.6419918641,3.6908685932,True,22.0
2014-02-25,Chicago State Cougars,62.0,away,0.3580081359,-3.6908685932,False,-22.0
2014-02-25,Delaware State Hornets,59.0,home,0.4181333994,-1.9551621437,True,3.0
2014-02-25,Morgan State Bears,56.0,away,0.5818666006,1.9551621437,False,-3.0
2014-02-25,Eastern Washington Eagles,76.0,home,0.7697700025,7.7953334294,False,-11.0
2014-02-25,Portland State Vikings,87.0,away,0.2302299975,-7.7953334294,True,11.0
2014-02-25,Mississippi Valley State Delta Devils,75.0,home,0.5562059319,1.57784822,True,6.0
2014-02-25,Prairie View A&M Panthers,69.0,away,0.4437940681,-1.57784822,False,-6.0
2014-02-25,Alabama A&M Bulldogs,56.0,home,0.6674282777,4.1006002043,False,-8.0
2014-02-25,Alcorn State Braves,64.0,away,0.33257172229999993,-4.1006002043,True,8.0
2014-02-25,Mount St. Mary's Mountaineers,88.0,home,0.44716813240000003,-1.4185471374,True,15.0
2014-02-25,Bryant Bulldogs,73.0,away,0.5528318676,1.4185471374,False,-15.0
2014-02-25,Arkansas-Pine Bluff Golden Lions,55.0,home,0.4504745683,-1.2587299122,False,-10.0
2014-02-25,Texas Southern Tigers,65.0,away,0.5495254317,1.2587299122,True,10.0
2014-02-25,Alabama State Hornets,64.0,home,0.2854109475,-5.9057265635,False,-23.0
2014-02-25,Southern Jaguars,87.0,away,0.7145890525,5.9057265635,True,23.0
2014-02-26,San Diego State Aztecs,90.0,home,0.9928408664,30.006897036,True,26.0
2014-02-26,San José State Spartans,64.0,away,0.007159133600000001,-30.006897036,False,-26.0
2014-02-26,Bradley Braves,49.0,home,0.0743063099,-14.9416366907,False,-20.0
2014-02-26,Wichita State Shockers,69.0,away,0.9256936901,14.9416366907,True,20.0
2014-02-26,New Mexico Lobos,67.0,home,0.8228157714,8.870957131,True,9.0
2014-02-26,Utah State Aggies,58.0,away,0.1771842286,-8.870957131,False,-9.0
2014-02-26,Minnesota Golden Gophers,95.0,home,0.2318793681,-7.8259766604,True,6.0
2014-02-26,Iowa Hawkeyes,89.0,away,0.7681206319,7.8259766604,False,-6.0
2014-02-26,Cleveland State Vikings,70.0,home,0.8269270114,9.4664211804,True,1.0
2014-02-26,Youngstown State Penguins,69.0,away,0.1730729886,-9.4664211804,False,-1.0
2014-02-26,Wisconsin Badgers,69.0,home,0.9082336654999998,14.1611346205,True,11.0
2014-02-26,Indiana Hoosiers,58.0,away,0.0917663345,-14.1611346205,False,-11.0
2014-02-26,Wright State Raiders,67.0,home,0.6138542004,2.7680715131,True,9.0
2014-02-26,Valparaiso Beacons,58.0,away,0.3861457996,-2.7680715131,False,-9.0
2014-02-26,Duke Blue Devils,66.0,home,0.9898511602,28.0679754785,True,18.0
2014-02-26,Virginia Tech Hokies,48.0,away,0.0101488398,-28.0679754785,False,-18.0
2014-02-26,Vanderbilt Commodores,54.0,home,0.1284529724,-10.6782075282,False,-3.0
2014-02-26,Florida Gators,57.0,away,0.8715470276,10.6782075282,True,3.0
2014-02-26,Sacred Heart Pioneers,75.0,home,0.6594991908,4.2660515515,False,-5.0
2014-02-26,Long Island University Sharks,80.0,away,0.3405008092,-4.2660515515,True,5.0
2014-02-26,Saint Joseph's Hawks,79.0,home,0.5675566265,1.6278884708,True,26.0
2014-02-26,Dayton Flyers,53.0,away,0.4324433735,-1.6278884708,False,-26.0
2014-02-26,St. John's Red Storm,53.0,home,0.7080496705999999,5.5360809834,False,-12.0
2014-02-26,Xavier Musketeers,65.0,away,0.2919503294,-5.5360809834,True,12.0
2014-02-26,NJIT Highlanders,62.0,home,0.18624993619999997,-9.0942181202,False,-19.0
2014-02-26,North Carolina Central Eagles,81.0,away,0.8137500638,9.0942181202,True,19.0
2014-02-26,Liberty Flames,90.0,home,0.9211075207,15.1046343749,True,14.0
2014-02-26,Longwood Lancers,76.0,away,0.0788924793,-15.1046343749,False,-14.0
2014-02-26,Wake Forest Demon Deacons,62.0,home,0.3974571181,-2.3705776761,True,5.0
2014-02-26,Clemson Tigers,57.0,away,0.6025428819,2.3705776761,False,-5.0
2014-02-26,Texas Tech Red Raiders,56.0,home,0.4568640902,-0.9768342931,False,-4.0
2014-02-26,Kansas State Wildcats,60.0,away,0.5431359098,0.9768342931,True,4.0
2014-02-26,Saint Peter's Peacocks,63.0,home,0.6869668226000001,4.5610808165,True,1.0
2014-02-26,Fairfield Stags,62.0,away,0.3130331774,-4.5610808165,False,-1.0
2014-02-26,Milwaukee Panthers,58.0,home,0.7619066089,7.4101522894,False,-22.0
2014-02-26,UIC Flames,80.0,away,0.2380933911,-7.4101522894,True,22.0
2014-02-26,Arkansas State Red Wolves,65.0,home,0.9990155154,47.604582197,True,26.0
2014-02-26,Lyon Scots,39.0,away,0.0009844846,-47.604582197,False,-26.0
2014-02-26,Evansville Purple Aces,61.0,home,0.4568038491,-1.0532086724,True,13.0
2014-02-26,Drake Bulldogs,48.0,away,0.5431961509,1.0532086724,False,-13.0
2014-02-26,Missouri State Bears,72.0,home,0.8417682013,9.6685579889,True,16.0
2014-02-26,Loyola Chicago Ramblers,56.0,away,0.1582317987,-9.6685579889,False,-16.0
2014-02-26,Houston Christian Huskies,107.0,home,0.9828304197,27.8670566118,True,52.0
2014-02-26,Arlington Baptist Patriots,55.0,away,0.0171695803,-27.8670566118,False,-52.0
2014-02-26,Georgia Bulldogs,71.0,home,0.4698033101,-0.7297134236,True,15.0
2014-02-26,Missouri Tigers,56.0,away,0.5301966899,0.7297134236,False,-15.0
2014-02-26,DePaul Blue Demons,65.0,home,0.3080572601,-5.0906440468,True,5.0
2014-02-26,Seton Hall Pirates,60.0,away,0.6919427399,5.0906440468,False,-5.0
2014-02-26,Wyoming Cowboys,53.0,home,0.8877400622,11.3422751629,False,-2.0
2014-02-26,Air Force Falcons,55.0,away,0.1122599378,-11.3422751629,True,2.0
2014-02-27,Villanova Wildcats,67.0,home,0.9522102354,18.0131021984,True,19.0
2014-02-27,Butler Bulldogs,48.0,away,0.0477897646,-18.0131021984,False,-19.0
2014-02-27,Purdue Boilermakers,76.0,home,0.1711338813,-9.5852473733,False,-1.0
2014-02-27,Michigan Wolverines,77.0,away,0.8288661187000002,9.5852473733,True,1.0
2014-02-27,Iowa State Cyclones,83.0,home,0.8201572953,10.3427134092,True,17.0
2014-02-27,West Virginia Mountaineers,66.0,away,0.1798427047,-10.3427134092,False,-17.0
2014-02-27,Virginia Cavaliers,65.0,home,0.9606841519,16.1730283914,True,25.0
2014-02-27,Miami Hurricanes,40.0,away,0.0393158481,-16.1730283914,False,-25.0
2014-02-27,Arizona Wildcats,87.0,home,0.9066128104,13.8860313059,True,28.0
2014-02-27,California Golden Bears,59.0,away,0.09338718959999999,-13.8860313059,False,-28.0
2014-02-27,NC State Wolfpack,84.0,home,0.2870597271,-6.0651545276,False,-1.0
2014-02-27,North Carolina Tar Heels,85.0,away,0.7129402728999998,6.0651545276,True,1.0
2014-02-27,Ball State Cardinals,81.0,home,0.2304981056,-7.560965783,False,-7.0
2014-02-27,Western Michigan Broncos,88.0,away,0.7695018944,7.560965783,True,7.0
2014-02-27,Eastern Michigan Eagles,64.0,home,0.866271489,11.3852822566,True,22.0
2014-02-27,Central Michigan Chippewas,42.0,away,0.133728511,-11.3852822566,False,-22.0
2014-02-27,Ohio Bobcats,64.0,home,0.7253615178,6.0698599251,False,-5.0
2014-02-27,Buffalo Bulls,69.0,away,0.2746384822,-6.0698599251,True,5.0
2014-02-27,Texas Longhorns,74.0,home,0.5748724013,1.8744977958,True,5.0
2014-02-27,Baylor Bears,69.0,away,0.42512759869999994,-1.8744977958,False,-5.0
2014-02-27,Bowling Green Falcons,73.0,home,0.5885342657,2.2580218589,True,7.0
2014-02-27,Kent State Golden Flashes,66.0,away,0.41146573429999994,-2.2580218589,False,-7.0
2014-02-27,La Salle Explorers,75.0,home,0.5844549339,2.113630278,True,8.0
2014-02-27,St. Bonaventure Bonnies,67.0,away,0.4155450661,-2.113630278,False,-8.0
2014-02-27,Massachusetts Minutemen,70.0,home,0.9336191388999999,17.5721524141,True,3.0
2014-02-27,Rhode Island Rams,67.0,away,0.0663808611,-17.5721524141,False,-3.0
2014-02-27,Florida A&M Rattlers,104.0,home,0.9913710225999999,34.2579203667,True,35.0
2014-02-27,Edward Waters Tigers,69.0,away,0.0086289774,-34.2579203667,False,-35.0
2014-02-27,James Madison Dukes,66.0,home,0.3455512954,-3.8565628668,False,-3.0
2014-02-27,Towson Tigers,69.0,away,0.6544487046,3.8565628668,True,3.0
2014-02-27,George Mason Patriots,69.0,home,0.410603161,-2.192663404,True,9.0
2014-02-27,Richmond Spiders,60.0,away,0.589396839,2.192663404,False,-9.0
2014-02-27,Miami (OH) RedHawks,65.0,home,0.3468209012,-3.8792504873,True,4.0
2014-02-27,Akron Zips,61.0,away,0.6531790988,3.8792504873,False,-4.0
2014-02-27,UNC Wilmington Seahawks,57.0,home,0.1890263571,-9.4460731962,False,-13.0
2014-02-27,Delaware Blue Hens,70.0,away,0.8109736429000001,9.4460731962,True,13.0
2014-02-27,William & Mary Tribe,79.0,home,0.8203727453999999,8.9745280258,True,5.0
2014-02-27,Hofstra Pride,74.0,away,0.1796272546,-8.9745280258,False,-5.0
2014-02-27,Drexel Dragons,56.0,home,0.9029506251000001,12.4287294434,True,11.0
2014-02-27,Charleston Cougars,45.0,away,0.09704937490000001,-12.4287294434,False,-11.0
2014-02-27,Bucknell Bison,65.0,home,0.7691951444,7.2062024993,True,4.0
2014-02-27,Lehigh Mountain Hawks,61.0,away,0.2308048556,-7.2062024993,False,-4.0
2014-02-27,Colgate Raiders,83.0,home,0.7250480354,5.6773382611,True,17.0
2014-02-27,Lafayette Leopards,66.0,away,0.2749519646,-5.6773382611,False,-17.0
2014-02-27,Notre Dame Fighting Irish,65.0,home,0.7744756461,7.4527852302,True,3.0
2014-02-27,Georgia Tech Yellow Jackets,62.0,away,0.2255243539,-7.4527852302,False,-3.0
2014-02-27,Navy Midshipmen,55.0,home,0.2379506522,-6.4153936163,False,-9.0
2014-02-27,American University Eagles,64.0,away,0.7620493478,6.4153936163,True,9.0
2014-02-27,High Point Panthers,70.0,home,0.5436158934,1.2228459984,True,3.0
2014-02-27,VMI Keydets,67.0,away,0.4563841066,-1.2228459984,False,-3.0
2014-02-27,Army Black Knights,70.0,home,0.3813757074,-3.1113187416,False,-1.0
2014-02-27,Boston University Terriers,71.0,away,0.6186242926,3.1113187416,True,1.0
2014-02-27,Winthrop Eagles,107.0,home,0.6461920929,3.8913348156,True,7.0
2014-02-27,UNC Asheville Bulldogs,100.0,away,0.3538079071,-3.8913348156,False,-7.0
2014-02-27,Radford Highlanders,82.0,home,0.8899233337,12.4031960868,True,4.0
2014-02-27,Campbell Fighting Camels,78.0,away,0.11007666629999999,-12.4031960868,False,-4.0
2014-02-27,South Florida Bulls,56.0,home,0.1014109521,-13.2226012474,False,-5.0
2014-02-27,UConn Huskies,61.0,away,0.8985890479000002,13.2226012474,True,5.0
2014-02-27,Coastal Carolina Chanticleers,70.0,home,0.9561354116000002,19.35216768,True,19.0
2014-02-27,Presbyterian Blue Hose,51.0,away,0.0438645884,-19.35216768,False,-19.0
2014-02-27,UCF Knights,67.0,home,0.7461989458000001,7.0890683263,True,2.0
2014-02-27,Rutgers Scarlet Knights,65.0,away,0.2538010542,-7.0890683263,False,-2.0
2014-02-27,Loyola Maryland Greyhounds,52.0,home,0.2852683938,-5.5748152176,False,-13.0
2014-02-27,Holy Cross Crusaders,65.0,away,0.7147316062,5.5748152176,True,13.0
2014-02-27,Northern Illinois Huskies,74.0,home,0.2371904217,-7.249171413,True,8.0
2014-02-27,Toledo Rockets,66.0,away,0.7628095783,7.249171413,False,-8.0
2014-02-27,Charleston Southern Buccaneers,76.0,home,0.8307387717,9.9570515615,False,-2.0
2014-02-27,Gardner-Webb Runnin' Bulldogs,78.0,away,0.1692612283,-9.9570515615,True,2.0
2014-02-27,Ole Miss Rebels,79.0,home,0.6832496986999999,4.8542998958,True,12.0
2014-02-27,Alabama Crimson Tide,67.0,away,0.3167503013,-4.8542998958,False,-12.0
2014-02-27,LSU Tigers,68.0,home,0.800576846,8.8154011505,True,19.0
2014-02-27,Texas A&M Aggies,49.0,away,0.199423154,-8.8154011505,False,-19.0
2014-02-27,Mississippi State Bulldogs,68.0,home,0.1219183376,-12.0374768534,False,-7.0
2014-02-27,Tennessee Volunteers,75.0,away,0.8780816624,12.0374768534,True,7.0
2014-02-27,Northern Iowa Panthers,73.0,home,0.8524553274,10.2680865983,True,19.0
2014-02-27,Southern Illinois Salukis,54.0,away,0.1475446726,-10.2680865983,False,-19.0
2014-02-27,SIU Edwardsville Cougars,75.0,home,0.1711739946,-10.2100874851,False,-19.0
2014-02-27,Belmont Bruins,94.0,away,0.8288260054,10.2100874851,True,19.0
2014-02-27,Boston College Eagles,59.0,home,0.1238509758,-10.9390805111,False,-7.0
2014-02-27,Pittsburgh Panthers,66.0,away,0.8761490242,10.9390805111,True,7.0
2014-02-27,Illinois Fighting Illini,60.0,home,0.7134207353,5.3576109537,True,11.0
2014-02-27,Nebraska Cornhuskers,49.0,away,0.2865792647,-5.3576109537,False,-11.0
2014-02-27,Fresno State Bulldogs,76.0,home,0.3346878507,-4.2473193289,True,20.0
2014-02-27,Boise State Broncos,56.0,away,0.6653121493,4.2473193289,False,-20.0
2014-02-27,Arizona State Sun Devils,76.0,home,0.7397978506,6.8846641578,True,12.0
2014-02-27,Stanford Cardinal,64.0,away,0.2602021494,-6.8846641578,False,-12.0
2014-02-27,Auburn Tigers,83.0,home,0.6563257481,4.2030323799,True,16.0
2014-02-27,South Carolina Gamecocks,67.0,away,0.3436742519,-4.2030323799,False,-16.0
2014-02-27,UNLV Rebels,78.0,home,0.8143377048000001,9.1984024326,True,8.0
2014-02-27,Colorado State Rams,70.0,away,0.1856622952,-9.1984024326,False,-8.0
2014-02-27,Tulane Green Wave,72.0,home,0.4931659828,-0.1580672646,True,8.0
2014-02-27,Florida Atlantic Owls,64.0,away,0.5068340172,0.1580672646,False,-8.0
2014-02-27,Illinois State Redbirds,77.0,home,0.43689157809999996,-1.6216703277,True,18.0
2014-02-27,Indiana State Sycamores,59.0,away,0.5631084219,1.6216703277,False,-18.0
2014-03-01,Dartmouth Big Green,72.0,home,0.4422489903,-1.2862614404,False,-12.0
2014-03-01,Columbia Lions,84.0,away,0.5577510097,1.2862614404,True,12.0
2014-03-01,Harvard Crimson,72.0,home,0.9945342735,31.2276666732,True,25.0
2014-03-01,Cornell Big Red,47.0,away,0.0054657265,-31.2276666732,False,-25.0
2014-03-01,Fairfield Stags,78.0,home,0.607683262,2.6733235897,True,4.0
2014-03-01,Marist Red Foxes,74.0,away,0.39231673800000005,-2.6733235897,False,-4.0
2014-03-01,South Carolina Upstate Spartans,79.0,home,0.8090679342,9.3990249897,True,6.0
2014-03-01,East Tennessee State Buccaneers,73.0,away,0.1909320658,-9.3990249897,False,-6.0
2014-03-01,Pennsylvania Quakers,67.0,home,0.4676308961,-0.893802169,False,-9.0
2014-03-01,Brown Bears,76.0,away,0.5323691039,0.893802169,True,9.0
2014-03-01,Princeton Tigers,57.0,home,0.7514029025,6.497860605,True,11.0
2014-03-01,Yale Bulldogs,46.0,away,0.2485970975,-6.497860605,False,-11.0
2014-03-01,Seton Hall Pirates,69.0,home,0.5799523513,1.9217539142,False,-5.0
2014-03-01,Providence Friars,74.0,away,0.4200476487,-1.9217539142,True,5.0
2014-03-01,Manhattan Jaspers,80.0,home,0.6116685003,3.1527594129,True,3.0
2014-03-01,Iona Gaels,77.0,away,0.3883314997,-3.1527594129,False,-3.0
2014-03-01,Monmouth Hawks,75.0,home,0.6322478469,3.7839666036,True,25.0
2014-03-01,Niagara Purple Eagles,50.0,away,0.3677521531,-3.7839666036,False,-25.0
2014-03-01,High Point Panthers,56.0,home,0.8341280739,9.2291870419,True,3.0
2014-03-01,Campbell Fighting Camels,53.0,away,0.1658719261,-9.2291870419,False,-3.0
2014-03-01,Rider Broncs,66.0,home,0.4891720319,-0.2739507258,False,-13.0
2014-03-01,Canisius Golden Griffins,79.0,away,0.5108279681,0.2739507258,True,13.0
2014-03-01,Washington Huskies,72.0,home,0.8378579102,9.6951140035,True,23.0
2014-03-01,Washington State Cougars,49.0,away,0.1621420898,-9.6951140035,False,-23.0
2014-03-02,Nevada Wolf Pack,58.0,home,0.3477102876,-3.811077425,False,-14.0
2014-03-02,New Mexico Lobos,72.0,away,0.6522897123999999,3.811077425,True,14.0
2014-03-02,Villanova Wildcats,73.0,home,0.9112962263,14.6329635916,True,17.0
2014-03-02,Marquette Golden Eagles,56.0,away,0.0887037737,-14.6329635916,False,-17.0
2014-03-02,George Washington Revolutionaries,66.0,home,0.885538595,12.9958573032,True,8.0
2014-03-02,George Mason Patriots,58.0,away,0.114461405,-12.9958573032,False,-8.0
2014-03-03,Arizona Wildcats,79.0,home,0.9248679737,15.5248443879,True,13.0
2014-03-03,Stanford Cardinal,66.0,away,0.0751320263,-15.5248443879,False,-13.0
2014-03-02,St. John's Red Storm,72.0,home,0.9461205868,18.5943064189,True,8.0
2014-03-02,DePaul Blue Demons,64.0,away,0.0538794132,-18.5943064189,False,-8.0
2014-03-02,Iowa Hawkeyes,83.0,home,0.9311147655,17.9816172249,True,7.0
2014-03-02,Purdue Boilermakers,76.0,away,0.0688852345,-17.9816172249,False,-7.0
2014-03-02,Penn State Nittany Lions,66.0,home,0.21723279550000002,-7.6187132629,False,-5.0
2014-03-02,Wisconsin Badgers,71.0,away,0.7827672045,7.6187132629,True,5.0
2014-03-02,Indiana Hoosiers,72.0,home,0.2970156606,-5.4556743072,True,8.0
2014-03-02,Ohio State Buckeyes,64.0,away,0.7029843394,5.4556743072,False,-8.0
2014-03-02,Clemson Tigers,77.0,home,0.7258733953,5.6665793302,True,4.0
2014-03-02,Maryland Terrapins,73.0,away,0.2741266047,-5.6665793302,False,-4.0
2014-03-02,Maine Black Bears,73.0,home,0.5840257942,2.2536750426,True,4.0
2014-03-02,New Hampshire Wildcats,69.0,away,0.4159742058,-2.2536750426,False,-4.0
2014-03-02,Hartford Hawks,67.0,home,0.8772599151,12.080691326,True,11.0
2014-03-02,UMBC Retrievers,56.0,away,0.1227400849,-12.080691326,False,-11.0
2014-03-02,Binghamton Bearcats,82.0,home,0.0434980908,-18.2971950595,False,-10.0
2014-03-02,Vermont Catamounts,92.0,away,0.9565019092,18.2971950595,True,10.0
2014-03-02,Marist Red Foxes,103.0,home,0.3355824571,-4.4284703338,True,31.0
2014-03-02,Quinnipiac Bobcats,72.0,away,0.6644175429000001,4.4284703338,False,-31.0
2014-03-02,Siena Saints,70.0,home,0.7615070590999999,7.485139139,True,16.0
2014-03-02,Monmouth Hawks,54.0,away,0.2384929409,-7.485139139,False,-16.0
2014-03-02,Saint Peter's Peacocks,71.0,home,0.7133833645,5.8304740551,True,4.0
2014-03-02,Niagara Purple Eagles,67.0,away,0.2866166355,-5.8304740551,False,-4.0
2014-03-02,Stony Brook Seawolves,73.0,home,0.7641582111000002,6.8678093579,True,5.0
2014-03-02,UAlbany Great Danes,68.0,away,0.23584178890000002,-6.8678093579,False,-5.0
2014-03-02,Florida Atlantic Owls,49.0,home,0.1844266801,-8.7089267611,False,-11.0
2014-03-02,Southern Miss Golden Eagles,60.0,away,0.8155733199,8.7089267611,True,11.0
2014-03-02,Florida International Panthers,73.0,home,0.766198843,7.0374256096,True,26.0
2014-03-02,Tulane Green Wave,47.0,away,0.233801157,-7.0374256096,False,-26.0
2014-03-02,Iona Gaels,97.0,home,0.9062244323,15.1086479232,True,16.0
2014-03-02,Rider Broncs,81.0,away,0.0937755677,-15.1086479232,False,-16.0
2014-03-02,Marshall Thundering Herd,64.0,home,0.5846429411,2.186509529,True,3.0
2014-03-02,East Carolina Pirates,61.0,away,0.4153570589,-2.186509529,False,-3.0
2014-03-02,North Texas Mean Green,54.0,home,0.3436357716,-4.0826703209,False,-20.0
2014-03-02,UTEP Miners,74.0,away,0.6563642284,4.0826703209,True,20.0
2014-03-02,Tulsa Golden Hurricane,72.0,home,0.9761282043,24.2140334481,True,2.0
2014-03-02,UTSA Roadrunners,70.0,away,0.023871795699999997,-24.2140334481,False,-2.0
2014-03-02,UAB Blazers,58.0,home,0.191262648,-9.9382651071,False,-9.0
2014-03-02,Louisiana Tech Bulldogs,67.0,away,0.808737352,9.9382651071,True,9.0
2014-03-02,Louisiana Ragin' Cajuns,102.0,home,0.8866445156,13.3368898135,True,28.0
2014-03-02,South Alabama Jaguars,74.0,away,0.1133554844,-13.3368898135,False,-28.0
2014-03-02,Charlotte 49ers,74.0,home,0.7426077904999999,6.6346289586,True,11.0
2014-03-02,Old Dominion Monarchs,63.0,away,0.2573922095,-6.6346289586,False,-11.0
2014-03-02,Florida State Seminoles,81.0,home,0.8917346317,13.2699462836,True,10.0
2014-03-02,Georgia Tech Yellow Jackets,71.0,away,0.1082653683,-13.2699462836,False,-10.0
2014-03-03,UCLA Bruins,74.0,home,0.9285341815,16.9130265359,True,5.0
2014-03-03,Oregon State Beavers,69.0,away,0.0714658185,-16.9130265359,False,-5.0
2014-03-02,Manhattan Jaspers,68.0,home,0.8040367488,9.2769217676,True,5.0
2014-03-02,Canisius Golden Griffins,63.0,away,0.1959632512,-9.2769217676,False,-5.0
2014-02-22,Ole Miss Rebels,71.0,home,0.17210558599999998,-9.6372181051,False,-4.0
2014-02-22,Florida Gators,75.0,away,0.827894414,9.6372181051,True,4.0
2014-02-23,Wichita State Shockers,83.0,home,0.9534478610000001,18.0269760032,True,29.0
2014-02-23,Drake Bulldogs,54.0,away,0.046552139,-18.0269760032,False,-29.0
2014-02-23,Saint Louis Billikens,66.0,home,0.747917175,6.9330092577,True,7.0
2014-02-23,George Washington Revolutionaries,59.0,away,0.252082825,-6.9330092577,False,-7.0
2014-02-23,Kansas Jayhawks,85.0,home,0.8731882868,12.8454423476,True,31.0
2014-02-23,Texas Longhorns,54.0,away,0.1268117132,-12.8454423476,False,-31.0
2014-02-23,Duke Blue Devils,66.0,home,0.8604812092,10.4779475142,True,6.0
2014-02-23,Syracuse Orange,60.0,away,0.1395187908,-10.4779475142,False,-6.0
2014-02-23,Colorado Buffaloes,61.0,home,0.3049488781,-5.0182973738,False,-27.0
2014-02-23,Arizona Wildcats,88.0,away,0.6950511219,5.0182973738,True,27.0
2014-02-22,Cincinnati Bearcats,57.0,home,0.3084824137,-4.8944765403,False,-1.0
2014-02-22,Louisville Cardinals,58.0,away,0.6915175863,4.8944765403,True,1.0
2014-02-22,Villanova Wildcats,57.0,home,0.8474595382,11.0134077491,True,3.0
2014-02-22,St. John's Red Storm,54.0,away,0.1525404618,-11.0134077491,False,-3.0
2014-02-22,Virginia Cavaliers,70.0,home,0.9119385222000002,13.1332573463,True,21.0
2014-02-22,Notre Dame Fighting Irish,49.0,away,0.0880614778,-13.1332573463,False,-21.0
2014-02-23,New Mexico Lobos,58.0,home,0.3722480539,-3.1811478911,True,14.0
2014-02-23,San Diego State Aztecs,44.0,away,0.6277519461,3.1811478911,False,-14.0
2014-02-22,Kentucky Wildcats,77.0,home,0.9151511100999999,15.8185054665,True,1.0
2014-02-22,LSU Tigers,76.0,away,0.0848488899,-15.8185054665,False,-1.0
2014-02-22,Iowa Hawkeyes,74.0,home,0.6955047478,5.2851202286,False,-5.0
2014-02-22,Wisconsin Badgers,79.0,away,0.3044952522,-5.2851202286,True,5.0
2014-02-22,Ohio State Buckeyes,64.0,home,0.9137563606000001,13.9071379608,True,18.0
2014-02-22,Minnesota Golden Gophers,46.0,away,0.0862436394,-13.9071379608,False,-18.0
2014-02-22,Kent State Golden Flashes,69.0,home,0.5571643191,1.4591485042,False,-9.0
2014-02-22,Buffalo Bulls,78.0,away,0.4428356809,-1.4591485042,True,9.0
2014-02-23,Memphis Tigers,82.0,home,0.941122699,18.4924766103,True,3.0
2014-02-23,Temple Owls,79.0,away,0.058877301,-18.4924766103,False,-3.0
2014-02-22,TCU Horned Frogs,60.0,home,0.0776118405,-16.3082002723,False,-11.0
2014-02-22,Iowa State Cyclones,71.0,away,0.9223881595000001,16.3082002723,True,11.0
2014-02-23,San Diego Toreros,69.0,home,0.1594387745,-9.6532610156,True,3.0
2014-02-23,Gonzaga Bulldogs,66.0,away,0.8405612255,9.6532610156,False,-3.0
2014-02-22,Georgetown Hoyas,74.0,home,0.5872928015,2.1157527567,True,22.0
2014-02-22,Xavier Musketeers,52.0,away,0.4127071985,-2.1157527567,False,-22.0
2014-02-22,North Carolina Tar Heels,105.0,home,0.8726573266,13.0685073571,True,33.0
2014-02-22,Wake Forest Demon Deacons,72.0,away,0.1273426734,-13.0685073571,False,-33.0
2014-02-22,Georgia Tech Yellow Jackets,55.0,home,0.3608574963,-3.1779615396,False,-8.0
2014-02-22,Clemson Tigers,63.0,away,0.6391425037,3.1779615396,True,8.0
2014-02-22,Miami Hurricanes,69.0,home,0.7015990383999999,4.3940989069,True,27.0
2014-02-22,Boston College Eagles,42.0,away,0.2984009616,-4.3940989069,False,-27.0
2014-02-22,South Carolina Gamecocks,56.0,home,0.6119106491,2.8007519435,False,-17.0
2014-02-22,Georgia Bulldogs,73.0,away,0.38808935089999996,-2.8007519435,True,17.0
2014-02-22,VMI Keydets,88.0,home,0.5899317579,2.6271154085,True,12.0
2014-02-22,Radford Highlanders,76.0,away,0.4100682421,-2.6271154085,False,-12.0
2014-02-22,West Virginia Mountaineers,75.0,home,0.6658365585,4.190121535,False,-13.0
2014-02-22,Baylor Bears,88.0,away,0.3341634415,-4.190121535,True,13.0
2014-02-22,Missouri State Bears,77.0,home,0.49681377449999997,-0.0770930182,True,11.0
2014-02-22,Indiana State Sycamores,66.0,away,0.5031862255,0.0770930182,False,-11.0
2014-02-22,Georgia Southern Eagles,61.0,home,0.36767876229999996,-3.4134848233,False,-5.0
2014-02-22,Elon Phoenix,66.0,away,0.6323212377,3.4134848233,True,5.0
2014-02-22,Oklahoma State Cowboys,84.0,home,0.9234769743,15.0709122557,True,22.0
2014-02-22,Texas Tech Red Raiders,62.0,away,0.0765230257,-15.0709122557,False,-22.0
2014-02-22,Furman Paladins,68.0,home,0.486175465,-0.3352787431,True,15.0
2014-02-22,App State Mountaineers,53.0,away,0.513824535,0.3352787431,False,-15.0
2014-02-22,Western Carolina Catamounts,70.0,home,0.9474673316,18.0795016344,True,18.0
2014-02-22,The Citadel Bulldogs,52.0,away,0.0525326684,-18.0795016344,False,-18.0
2014-02-22,Cleveland State Vikings,74.0,home,0.8518303486,10.9007617738,True,24.0
2014-02-22,Milwaukee Panthers,50.0,away,0.1481696514,-10.9007617738,False,-24.0
2014-02-22,Saint Joseph's Hawks,87.0,home,0.9110391437000002,14.7673983,True,15.0
2014-02-22,Fordham Rams,72.0,away,0.0889608563,-14.7673983,False,-15.0
2014-02-22,Duquesne Dukes,54.0,home,0.18292833129999997,-9.3997609975,False,-3.0
2014-02-22,Dayton Flyers,57.0,away,0.8170716687000001,9.3997609975,True,3.0
2014-02-22,DePaul Blue Demons,94.0,home,0.217493294,-8.1835067221,False,-2.0
2014-02-22,Marquette Golden Eagles,96.0,away,0.782506706,8.1835067221,True,2.0
2014-02-22,Virginia Tech Hokies,64.0,home,0.4455483502,-1.3550570029,False,-7.0
2014-02-22,NC State Wolfpack,71.0,away,0.5544516498,1.3550570029,True,7.0
2014-02-22,NJIT Highlanders,99.0,home,0.9945044107,35.3526815176,True,32.0
2014-02-22,Fisher College Eagles,67.0,away,0.0054955893,-35.3526815176,False,-32.0
2014-02-22,Colgate Raiders,84.0,home,0.8033799515999999,8.3775532773,True,24.0
2014-02-22,Loyola Maryland Greyhounds,60.0,away,0.19662004839999997,-8.3775532773,False,-24.0
2014-02-22,American University Eagles,58.0,home,0.8475265167,10.1254147714,True,4.0
2014-02-22,Army Black Knights,54.0,away,0.1524734833,-10.1254147714,False,-4.0
2014-02-22,Canisius Golden Griffins,90.0,home,0.8762765862999999,12.1661579551,True,12.0
2014-02-22,Fairfield Stags,78.0,away,0.1237234137,-12.1661579551,False,-12.0
2014-02-22,IU Indianapolis Jaguars,60.0,home,0.2588744773,-6.5669676249,False,-24.0
2014-02-22,Purdue Fort Wayne Mastodons,84.0,away,0.7411255227,6.5669676249,True,24.0
2014-02-22,Marshall Thundering Herd,53.0,home,0.2662312918,-6.5578547458,False,-3.0
2014-02-22,Middle Tennessee Blue Raiders,56.0,away,0.7337687082,6.5578547458,True,3.0
2014-02-22,Florida International Panthers,65.0,home,0.328539083,-4.5788975463,False,-12.0
2014-02-22,Tulsa Golden Hurricane,77.0,away,0.671460917,4.5788975463,True,12.0
2014-02-22,UNC Asheville Bulldogs,100.0,home,0.583102472,2.2310003352,True,15.0
2014-02-22,Coastal Carolina Chanticleers,85.0,away,0.416897528,-2.2310003352,False,-15.0
2014-02-22,Saint Francis Red Flash,83.0,home,0.6127422224,2.7751607714,True,19.0
2014-02-22,Long Island University Sharks,64.0,away,0.3872577776,-2.7751607714,False,-19.0
2014-02-22,Niagara Purple Eagles,88.0,home,0.3028208979,-5.9340429815,False,-2.0
2014-02-22,Quinnipiac Bobcats,90.0,away,0.6971791021,5.9340429815,True,2.0
2014-02-22,Texas A&M Aggies,68.0,home,0.3135804787,-4.4503224144,True,3.0
2014-02-22,Tennessee Volunteers,65.0,away,0.6864195213,4.4503224144,False,-3.0
2014-02-22,Houston Cougars,88.0,home,0.6479377229,3.9080631896,True,4.0
2014-02-22,UCF Knights,84.0,away,0.3520622771,-3.9080631896,False,-4.0
2014-02-22,Fairleigh Dickinson Knights,73.0,home,0.6051201053,2.6796033618,True,7.0
2014-02-22,Sacred Heart Pioneers,66.0,away,0.3948798947,-2.6796033618,False,-7.0
2014-02-22,North Dakota State Bison,74.0,home,0.9072721328,13.5937214458,True,15.0
2014-02-22,South Dakota State Jackrabbits,59.0,away,0.0927278672,-13.5937214458,False,-15.0
2014-02-22,Chicago State Cougars,73.0,home,0.3093257347,-5.1195953349,True,5.0
2014-02-22,Cal State Bakersfield Roadrunners,68.0,away,0.6906742652999999,5.1195953349,False,-5.0
2014-02-22,Jacksonville Dolphins,88.0,home,0.2261317807,-7.9992458867,True,6.0
2014-02-22,South Carolina Upstate Spartans,82.0,away,0.7738682193000002,7.9992458867,False,-6.0
2014-02-22,New Hampshire Wildcats,52.0,home,0.6297639012,3.0508710831,False,-6.0
2014-02-22,UMass Lowell River Hawks,58.0,away,0.3702360988,-3.0508710831,True,6.0
2014-02-22,Valparaiso Beacons,68.0,home,0.7214003729000001,5.9457439578,True,2.0
2014-02-22,Youngstown State Penguins,66.0,away,0.2785996271,-5.9457439578,False,-2.0
2014-02-22,Mississippi State Bulldogs,69.0,home,0.1239573824,-13.4978397822,False,-4.0
2014-02-22,Arkansas Razorbacks,73.0,away,0.8760426176,13.4978397822,True,4.0
2014-02-22,Santa Clara Broncos,54.0,home,0.2821022054,-5.2827931808,False,-22.0
2014-02-22,Saint Mary's Gaels,76.0,away,0.7178977946,5.2827931808,True,22.0
2014-02-22,Coppin State Eagles,68.0,home,0.5941247776,2.3867449168,False,-5.0
2014-02-22,Norfolk State Spartans,73.0,away,0.40587522239999996,-2.3867449168,True,5.0
2014-02-22,Charlotte 49ers,62.0,home,0.6530077886,4.2269982849,False,-2.0
2014-02-22,UAB Blazers,64.0,away,0.3469922114,-4.2269982849,True,2.0
2014-02-22,Oregon State Beavers,62.0,home,0.7377096255,6.6731210471,False,-24.0
2014-02-22,Washington Huskies,86.0,away,0.2622903745,-6.6731210471,True,24.0
2014-02-22,St. Bonaventure Bonnies,78.0,home,0.8800987871,12.5123357211,False,-9.0
2014-02-22,Rhode Island Rams,87.0,away,0.1199012129,-12.5123357211,True,9.0
2014-02-22,Air Force Falcons,56.0,home,0.5268130755,0.6366883754,False,-19.0
2014-02-22,Nevada Wolf Pack,75.0,away,0.4731869245,-0.6366883754,True,19.0
2014-02-22,Richmond Spiders,62.0,home,0.7039989897,5.0942766898,True,13.0
2014-02-22,La Salle Explorers,49.0,away,0.2960010103,-5.0942766898,False,-13.0
2014-02-22,William & Mary Tribe,81.0,home,0.7089330041,5.1882749696,True,14.0
2014-02-22,Northeastern Huskies,67.0,away,0.2910669959,-5.1882749696,False,-14.0
2014-02-22,Hofstra Pride,77.0,home,0.3354521488,-4.1199014494,False,-6.0
2014-02-22,Towson Tigers,83.0,away,0.6645478511999999,4.1199014494,True,6.0
2014-02-22,Idaho Vandals,83.0,home,0.6910248207,5.0750730553,True,6.0
2014-02-22,Grand Canyon Lopes,77.0,away,0.3089751793,-5.0750730553,False,-6.0
2014-02-22,Robert Morris Colonials,71.0,home,0.7424693386999999,6.578856405,True,1.0
2014-02-22,St. Francis Brooklyn Terriers,70.0,away,0.2575306613,-6.578856405,False,-1.0
2014-02-22,Wagner Seahawks,71.0,home,0.7948391454999999,9.2488362278,True,5.0
2014-02-22,Mount St. Mary's Mountaineers,66.0,away,0.2051608545,-9.2488362278,False,-5.0
2014-02-22,Bryant Bulldogs,68.0,home,0.892817468,14.2047030152,True,3.0
2014-02-22,Central Connecticut Blue Devils,65.0,away,0.107182532,-14.2047030152,False,-3.0
2014-02-22,Campbell Fighting Camels,59.0,home,0.42475658620000006,-1.7173897046,False,-20.0
2014-02-22,Liberty Flames,79.0,away,0.5752434138,1.7173897046,True,20.0
2014-02-22,Oklahoma Sooners,86.0,home,0.6344482155,3.583532016,True,13.0
2014-02-22,Kansas State Wildcats,73.0,away,0.3655517845,-3.583532016,False,-13.0
2014-02-22,Delaware State Hornets,84.0,home,0.8353888707999999,8.9796752101,True,13.0
2014-02-22,Maryland Eastern Shore Hawks,71.0,away,0.1646111292,-8.9796752101,False,-13.0
2014-02-22,Nicholls Colonels,68.0,home,0.6707298249,4.4099690562,True,9.0
2014-02-22,McNeese Cowboys,59.0,away,0.3292701751,-4.4099690562,False,-9.0
2014-02-22,Central Arkansas Bears,50.0,home,0.20002389990000002,-9.1675220568,False,-13.0
2014-02-22,Oral Roberts Golden Eagles,63.0,away,0.7999761001,9.1675220568,True,13.0
2014-02-22,Bethune-Cookman Wildcats,75.0,home,0.5222071911,0.5667865174,False,-5.0
2014-02-22,Florida A&M Rattlers,80.0,away,0.4777928089,-0.5667865174,True,5.0
2014-02-22,Longwood Lancers,59.0,home,0.2721885961,-6.1275195347,False,-26.0
2014-02-22,High Point Panthers,85.0,away,0.7278114039000001,6.1275195347,True,26.0
2014-02-22,South Dakota Coyotes,64.0,home,0.6608120096000001,3.9296321337,True,10.0
2014-02-22,Western Illinois Leathernecks,54.0,away,0.3391879904,-3.9296321337,False,-10.0
2014-02-22,East Carolina Pirates,67.0,home,0.9186094481000001,14.4980108965,True,12.0
2014-02-22,Rice Owls,55.0,away,0.08139055190000001,-14.4980108965,False,-12.0
2014-02-22,Stanford Cardinal,83.0,home,0.3759767798,-3.390689843,True,9.0
2014-02-22,UCLA Bruins,74.0,away,0.6240232202,3.390689843,False,-9.0
2014-02-22,San Francisco Dons,64.0,home,0.6839697653000001,4.84703483,True,5.0
2014-02-22,Pacific Tigers,59.0,away,0.3160302347,-4.84703483,False,-5.0
2014-02-22,Akron Zips,50.0,home,0.5562211826,1.3727374263,False,-16.0
2014-02-22,Ohio Bobcats,66.0,away,0.44377881739999997,-1.3727374263,True,16.0
2014-02-22,UT Martin Skyhawks,74.0,home,0.265421975,-7.0418545157,False,-3.0
2014-02-22,Southeast Missouri State Redhawks,77.0,away,0.734578025,7.0418545157,True,3.0
2014-02-22,Auburn Tigers,59.0,home,0.5964003688,2.3948638743,False,-8.0
2014-02-22,Vanderbilt Commodores,67.0,away,0.4035996312,-2.3948638743,True,8.0
2014-02-22,Southern Miss Golden Eagles,77.0,home,0.8590284133,10.5002245383,True,9.0
2014-02-22,UTEP Miners,68.0,away,0.1409715867,-10.5002245383,False,-9.0
2014-02-22,South Carolina State Bulldogs,65.0,home,0.4428778984,-1.396277656,False,-10.0
2014-02-22,Savannah State Tigers,75.0,away,0.5571221016,1.396277656,True,10.0
2014-02-22,Colorado State Rams,82.0,home,0.5519883406,1.1709925219,True,15.0
2014-02-22,Wyoming Cowboys,67.0,away,0.4480116594,-1.1709925219,False,-15.0
2014-02-22,Mississippi Valley State Delta Devils,65.0,home,0.2825469151,-6.518379938,False,-8.0
2014-02-22,Texas Southern Tigers,73.0,away,0.7174530849,6.518379938,True,8.0
2014-02-22,Alabama State Hornets,92.0,home,0.7662786373,7.1951787571,True,6.0
2014-02-22,Alcorn State Braves,86.0,away,0.2337213627,-7.1951787571,False,-6.0
2014-02-22,North Carolina A&T Aggies,55.0,home,0.0693152083,-15.9535437803,False,-18.0
2014-02-22,North Carolina Central Eagles,73.0,away,0.9306847916999998,15.9535437803,True,18.0
2014-02-22,Grambling Tigers,59.0,home,0.09880923790000001,-13.9254573732,False,-20.0
2014-02-22,Jackson State Tigers,79.0,away,0.9011907621,13.9254573732,True,20.0
2014-02-23,Davidson Wildcats,59.0,home,0.7338739568,6.0952466365,True,10.0
2014-02-23,Wofford Terriers,49.0,away,0.2661260432,-6.0952466365,False,-10.0
2014-02-23,UMBC Retrievers,70.0,home,0.7482901567,6.9137330518,False,-2.0
2014-02-23,Binghamton Bearcats,72.0,away,0.2517098433,-6.9137330518,True,2.0
2014-02-23,Pennsylvania Quakers,74.0,home,0.5678838409,1.7315983069,True,9.0
2014-02-23,Dartmouth Big Green,65.0,away,0.4321161591,-1.7315983069,False,-9.0
2014-02-23,UNC Wilmington Seahawks,57.0,home,0.4849542465,-0.3403655853,True,2.0
2014-02-23,Charleston Cougars,55.0,away,0.5150457535,0.3403655853,False,-2.0
2014-02-23,Stephen F. Austin Lumberjacks,70.0,home,0.8846872677,14.0565486822,True,2.0
2014-02-23,Northwestern State Demons,68.0,away,0.1153127323,-14.0565486822,False,-2.0
2014-02-23,UC Santa Barbara Gauchos,80.0,home,0.8752685991999999,11.6732954655,True,15.0
2014-02-23,Cal State Fullerton Titans,65.0,away,0.1247314008,-11.6732954655,False,-15.0
2014-02-23,Monmouth Hawks,51.0,home,0.5938155793,2.3006593067,False,-10.0
2014-02-23,Saint Peter's Peacocks,61.0,away,0.4061844207,-2.3006593067,True,10.0
2014-02-23,Old Dominion Monarchs,66.0,home,0.1426706961,-11.7243964183,False,-5.0
2014-02-23,Louisiana Tech Bulldogs,71.0,away,0.8573293039,11.7243964183,True,5.0
2014-02-23,Florida Atlantic Owls,76.0,home,0.7624532548,7.3346196078,False,-2.0
2014-02-23,North Texas Mean Green,78.0,away,0.2375467452,-7.3346196078,True,2.0
2014-02-23,North Florida Ospreys,85.0,home,0.6308328595,3.5965035597,False,-3.0
2014-02-23,East Tennessee State Buccaneers,88.0,away,0.36916714049999994,-3.5965035597,True,3.0
2014-02-23,Gardner-Webb Runnin' Bulldogs,85.0,home,0.6904624204999998,4.9432666818,True,6.0
2014-02-23,Winthrop Eagles,79.0,away,0.3095375795,-4.9432666818,False,-6.0
2014-02-23,Presbyterian Blue Hose,47.0,home,0.0617887954,-16.824423316,False,-39.0
2014-02-23,Charleston Southern Buccaneers,86.0,away,0.9382112046000001,16.824423316,True,39.0
2014-02-23,Howard Bison,78.0,home,0.1952672356,-9.5679192669,False,-3.0
2014-02-23,Hampton Pirates,81.0,away,0.8047327644,9.5679192669,True,3.0
2014-02-23,Lamar Cardinals,71.0,home,0.10952032210000001,-13.4546588968,False,-3.0
2014-02-23,Sam Houston Bearkats,74.0,away,0.8904796779,13.4546588968,True,3.0
2014-02-23,Princeton Tigers,47.0,home,0.2859660647,-5.3805283482,False,-12.0
2014-02-23,Harvard Crimson,59.0,away,0.7140339353,5.3805283482,True,12.0
2014-02-23,Alabama A&M Bulldogs,62.0,home,0.19875298749999998,-8.6818358253,False,-8.0
2014-02-23,Southern Jaguars,70.0,away,0.8012470125,8.6818358253,True,8.0
2014-02-23,Tennessee Tech Golden Eagles,69.0,home,0.7814848726,7.6589350064,True,12.0
2014-02-23,Jacksonville State Gamecocks,57.0,away,0.2185151274,-7.6589350064,False,-12.0
2014-02-23,Alabama Crimson Tide,80.0,home,0.4854104672,-0.3514751035,True,7.0
2014-02-23,Missouri Tigers,73.0,away,0.5145895328,0.3514751035,False,-7.0
2014-02-23,Cornell Big Red,75.0,home,0.1492633806,-11.2414562321,False,-6.0
2014-02-23,Brown Bears,81.0,away,0.8507366193999999,11.2414562321,True,6.0
2014-02-23,Murray State Racers,69.0,home,0.5952067786,2.5382119804,True,11.0
2014-02-23,Morehead State Eagles,58.0,away,0.4047932214,-2.5382119804,False,-11.0
2014-02-23,Western Kentucky Hilltoppers,72.0,home,0.817890839,8.8633837069,True,9.0
2014-02-23,UL Monroe Warhawks,63.0,away,0.182109161,-8.8633837069,False,-9.0
2014-02-23,Little Rock Trojans,71.0,home,0.5558894319,1.5167617545,False,-4.0
2014-02-23,UT Arlington Mavericks,75.0,away,0.4441105681,-1.5167617545,True,4.0
2014-02-23,Denver Pioneers,72.0,home,0.7894536559,8.0852923669,True,12.0
2014-02-23,Omaha Mavericks,60.0,away,0.21054634410000003,-8.0852923669,False,-12.0
2014-02-23,Bradley Braves,55.0,home,0.6636893455,3.8792948513,True,17.0
2014-02-23,Loyola Chicago Ramblers,38.0,away,0.3363106544999999,-3.8792948513,False,-17.0
2014-02-23,Boise State Broncos,91.0,home,0.7866127431999999,8.1516225088,True,1.0
2014-02-23,UNLV Rebels,90.0,away,0.2133872568,-8.1516225088,False,-1.0
2014-02-23,Tulane Green Wave,68.0,home,0.7897212356,8.0610893865,True,12.0
2014-02-23,UTSA Roadrunners,56.0,away,0.2102787644,-8.0610893865,False,-12.0
2014-02-23,Arkansas State Red Wolves,73.0,home,0.9272693555000001,15.4083572537,True,5.0
2014-02-23,Texas State Bobcats,68.0,away,0.0727306445,-15.4083572537,False,-5.0
2014-02-23,Evansville Purple Aces,56.0,home,0.5022322303,0.0548090546,False,-5.0
2014-02-23,Southern Illinois Salukis,61.0,away,0.49776776970000003,-0.0548090546,True,5.0
2014-02-23,Kansas City Roos,74.0,home,0.3462097061,-3.9304337824,True,18.0
2014-02-23,Utah Valley Wolverines,56.0,away,0.6537902939,3.9304337824,False,-18.0
2014-02-23,Northwestern Wildcats,56.0,home,0.3959826404,-2.5828456828,False,-5.0
2014-02-23,Indiana Hoosiers,61.0,away,0.6040173596,2.5828456828,True,5.0
2014-02-23,Arkansas-Pine Bluff Golden Lions,76.0,home,0.6981223654000001,5.3401768765,True,15.0
2014-02-23,Prairie View A&M Panthers,61.0,away,0.3018776346,-5.3401768765,False,-15.0
2014-02-23,Houston Christian Huskies,61.0,home,0.3751209389,-3.0858436444,False,-5.0
2014-02-23,Texas A&M-Corpus Christi Islanders,66.0,away,0.6248790611,3.0858436444,True,5.0
2014-02-23,Abilene Christian Wildcats,124.0,home,0.9854964212,27.7225191417,True,67.0
2014-02-23,Southwestern Adventist Knights,57.0,away,0.014503578799999998,-27.7225191417,False,-67.0
2014-02-23,South Alabama Jaguars,86.0,home,0.6843438066,4.6259787296,True,8.0
2014-02-23,Troy Trojans,78.0,away,0.3156561934,-4.6259787296,False,-8.0
2014-02-23,Austin Peay Governors,75.0,home,0.2182984716,-8.3467150483,False,-21.0
2014-02-23,Eastern Kentucky Colonels,96.0,away,0.7817015284,8.3467150483,True,21.0
2014-02-23,Georgia State Panthers,80.0,home,0.7586639236,7.4778631888,True,3.0
2014-02-23,Louisiana Ragin' Cajuns,77.0,away,0.2413360764,-7.4778631888,False,-3.0
2014-02-23,Northern Arizona Lumberjacks,63.0,home,0.6629987944,4.2315124929,False,-12.0
2014-02-23,North Dakota Fighting Hawks,75.0,away,0.3370012056,-4.2315124929,True,12.0
2014-02-23,Montana Grizzlies,62.0,home,0.7025321873,4.7794920242,True,1.0
2014-02-23,Idaho State Bengals,61.0,away,0.2974678127,-4.7794920242,False,-1.0
2014-02-23,BYU Cougars,89.0,home,0.8683680387,13.0951219668,True,17.0
2014-02-23,Portland Pilots,72.0,away,0.1316319613,-13.0951219668,False,-17.0
2014-02-23,Southern Utah Thunderbirds,74.0,home,0.1263521915,-12.3942021982,False,-11.0
2014-02-23,Eastern Washington Eagles,85.0,away,0.8736478085,12.3942021982,True,11.0
2014-02-23,Utah State Aggies,76.0,home,0.7911139335,7.8485839472,False,-3.0
2014-02-23,Fresno State Bulldogs,79.0,away,0.2088860665,-7.8485839472,True,3.0
2014-02-23,Cal Poly Mustangs,69.0,home,0.8415072592,9.5136286409,True,5.0
2014-02-23,UC Riverside Highlanders,64.0,away,0.1584927408,-9.5136286409,False,-5.0
2014-02-23,Montana State Bobcats,68.0,home,0.3330882719,-4.1616411689,False,-18.0
2014-02-23,Weber State Wildcats,86.0,away,0.6669117281,4.1616411689,True,18.0
2014-02-23,Sacramento State Hornets,79.0,home,0.3992657246,-2.3604527312,True,21.0
2014-02-23,Northern Colorado Bears,58.0,away,0.6007342754,2.3604527312,False,-21.0
2014-02-23,Cal State Northridge Matadors,81.0,home,0.2687219735,-6.3059541755,True,6.0
2014-02-23,UC Irvine Anteaters,75.0,away,0.7312780265,6.3059541755,False,-6.0
2014-02-23,Hawai'i Rainbow Warriors,86.0,home,0.963374011,21.3335767542,True,9.0
2014-02-23,UC Davis Aggies,77.0,away,0.036625989,-21.3335767542,False,-9.0
2014-02-28,Louisville Cardinals,88.0,home,0.9856435415,27.5475250552,True,22.0
2014-02-28,Temple Owls,66.0,away,0.0143564585,-27.5475250552,False,-22.0
2014-02-28,Saint Louis Billikens,64.0,home,0.9429315769,18.1057818312,False,-7.0
2014-02-28,Duquesne Dukes,71.0,away,0.0570684231,-18.1057818312,True,7.0
2014-02-28,Davidson Wildcats,79.0,home,0.9307614326,17.1589430653,True,33.0
2014-02-28,UNC Greensboro Spartans,46.0,away,0.0692385674,-17.1589430653,False,-33.0
2014-02-28,Elon Phoenix,59.0,home,0.6369288571,3.3036580401,False,-4.0
2014-02-28,Wofford Terriers,63.0,away,0.36307114290000003,-3.3036580401,True,4.0
2014-02-28,Houston Cougars,77.0,home,0.1742060693,-10.1695443003,True,9.0
2014-02-28,Memphis Tigers,68.0,away,0.8257939307,10.1695443003,False,-9.0
2014-02-28,Penn State Nittany Lions,65.0,home,0.1953043796,-8.5419657004,True,2.0
2014-02-28,Ohio State Buckeyes,63.0,away,0.8046956204,8.5419657004,False,-2.0
2014-02-28,Furman Paladins,73.0,home,0.3862509676,-2.8391673618,False,-9.0
2014-02-28,Georgia Southern Eagles,82.0,away,0.6137490324,2.8391673618,True,9.0
2014-02-28,Western Carolina Catamounts,81.0,home,0.7441371156,7.123751181,False,-2.0
2014-02-28,Chattanooga Mocs,83.0,away,0.2558628844,-7.123751181,True,2.0
2014-02-28,Kentucky Wildcats,67.0,home,0.8255670878,10.5239485163,False,-4.0
2014-02-28,Arkansas Razorbacks,71.0,away,0.1744329122,-10.5239485163,True,4.0
2014-02-28,Detroit Mercy Titans,62.0,home,0.6796674248,4.90188878,False,-6.0
2014-02-28,Milwaukee Panthers,68.0,away,0.32033257519999997,-4.90188878,True,6.0
2014-02-28,Fordham Rams,66.0,home,0.0815592865,-16.7538998733,False,-19.0
2014-02-28,VCU Rams,85.0,away,0.9184407135000001,16.7538998733,True,19.0
2014-02-28,Old Dominion Monarchs,70.0,home,0.670429869,4.4948799763,True,7.0
2014-02-28,Marshall Thundering Herd,63.0,away,0.329570131,-4.4948799763,False,-7.0
2014-02-28,Vermont Catamounts,69.0,home,0.8385192146,9.6851040099,True,16.0
2014-02-28,Stony Brook Seawolves,53.0,away,0.1614807854,-9.6851040099,False,-16.0
2014-02-28,UMass Lowell River Hawks,84.0,home,0.7698647744,8.0709288831,True,12.0
2014-02-28,Maine Black Bears,72.0,away,0.2301352256,-8.0709288831,False,-12.0
2014-02-28,East Carolina Pirates,75.0,home,0.5609686012,1.5624519117,True,7.0
2014-02-28,Charlotte 49ers,68.0,away,0.4390313988,-1.5624519117,False,-7.0
2014-02-28,UAlbany Great Danes,66.0,home,0.8900277787,11.7809990093,True,18.0
2014-02-28,New Hampshire Wildcats,48.0,away,0.1099722213,-11.7809990093,False,-18.0
2014-02-28,Northern Kentucky Norse,96.0,home,0.7761470885,6.9187930866,True,38.0
2014-02-28,Stetson Hatters,58.0,away,0.2238529115,-6.9187930866,False,-38.0
2014-02-28,Hartford Hawks,89.0,home,0.9118921831,13.8284450755,True,6.0
2014-02-28,Binghamton Bearcats,83.0,away,0.08810781689999998,-13.8284450755,False,-6.0
2014-02-28,Southern Miss Golden Eagles,78.0,home,0.9604445982,19.2516807108,True,12.0
2014-02-28,Florida International Panthers,66.0,away,0.0395554018,-19.2516807108,False,-12.0
2014-02-28,Mercer Bears,76.0,home,0.9538397393,19.1077610827,False,-3.0
2014-02-28,North Florida Ospreys,79.0,away,0.04616026069999999,-19.1077610827,True,3.0
2014-02-28,Kennesaw State Owls,69.0,home,0.4847897184,-0.402014555,False,-2.0
2014-02-28,Jacksonville Dolphins,71.0,away,0.5152102816,0.402014555,True,2.0
2014-02-28,Fairleigh Dickinson Knights,64.0,home,0.2239898074,-7.6077136643,False,-5.0
2014-02-28,Robert Morris Colonials,69.0,away,0.7760101926,7.6077136643,True,5.0
2014-02-28,Morehead State Eagles,68.0,home,0.9100446544999999,14.8983469946,False,-2.0
2014-02-28,Tennessee State Tigers,70.0,away,0.0899553455,-14.8983469946,True,2.0
2014-02-28,Lipscomb Bisons,92.0,home,0.4252709305,-1.9619206771,True,21.0
2014-02-28,Florida Gulf Coast Eagles,71.0,away,0.5747290695,1.9619206771,False,-21.0
2014-02-28,St. Francis Brooklyn Terriers,62.0,home,0.6609485775,4.2632935111,True,3.0
2014-02-28,Bryant Bulldogs,59.0,away,0.3390514225,-4.2632935111,False,-3.0
2014-02-28,Mount St. Mary's Mountaineers,65.0,home,0.8011949588,9.234088476,False,-7.0
2014-02-28,Sacred Heart Pioneers,72.0,away,0.1988050412,-9.234088476,True,7.0
2014-02-28,Wagner Seahawks,74.0,home,0.8814049249999999,12.3885391869,True,29.0
2014-02-28,Saint Francis Red Flash,45.0,away,0.118595075,-12.3885391869,False,-29.0
2014-02-28,Long Island University Sharks,82.0,home,0.6317972376,3.603624501,False,-4.0
2014-02-28,Central Connecticut Blue Devils,86.0,away,0.3682027624,-3.603624501,True,4.0
2014-02-28,Eastern Kentucky Colonels,74.0,home,0.9059864369,14.2938061235,True,7.0
2014-02-28,Tennessee Tech Golden Eagles,67.0,away,0.0940135631,-14.2938061235,False,-7.0
2014-02-28,Louisiana Tech Bulldogs,55.0,home,0.8452673575,11.1855831738,True,16.0
2014-02-28,Middle Tennessee Blue Raiders,39.0,away,0.1547326425,-11.1855831738,False,-16.0
2014-02-28,Oakland Golden Grizzlies,63.0,home,0.2790217932,-6.0576976521,False,-8.0
2014-02-28,Green Bay Phoenix,71.0,away,0.7209782068,6.0576976521,True,8.0
2014-02-28,Texas State Bobcats,50.0,home,0.3882612938000001,-2.6223452863,False,-1.0
2014-02-28,Western Kentucky Hilltoppers,51.0,away,0.6117387062,2.6223452863,True,1.0
2014-02-28,UL Monroe Warhawks,71.0,home,0.6512831602,3.642839769,True,17.0
2014-02-28,South Alabama Jaguars,54.0,away,0.3487168398,-3.642839769,False,-17.0
2014-02-28,Samford Bulldogs,57.0,home,0.621924852,3.1260725117,False,-6.0
2014-02-28,App State Mountaineers,63.0,away,0.37807514799999997,-3.1260725117,True,6.0
2014-02-28,UT Martin Skyhawks,72.0,home,0.1881164236,-9.5720853066,False,-14.0
2014-02-28,Murray State Racers,86.0,away,0.8118835764,9.5720853066,True,14.0
2014-02-28,South Dakota State Jackrabbits,78.0,home,0.5143474739,0.317101096,True,9.0
2014-02-28,Denver Pioneers,69.0,away,0.48565252610000004,-0.317101096,False,-9.0
2014-02-28,Southeast Missouri State Redhawks,83.0,home,0.790651693,9.2694350926,True,3.0
2014-02-28,Austin Peay Governors,80.0,away,0.20934830700000004,-9.2694350926,False,-3.0
2014-02-28,Troy Trojans,55.0,home,0.608833751,2.7930922881,False,-7.0
2014-02-28,Little Rock Trojans,62.0,away,0.3911662490000001,-2.7930922881,True,7.0
2014-02-28,Western Illinois Leathernecks,56.0,home,0.45142437130000007,-1.1426274701,False,-9.0
2014-02-28,Purdue Fort Wayne Mastodons,65.0,away,0.5485756287,1.1426274701,True,9.0
2014-02-28,North Dakota State Bison,82.0,home,0.9488252748000001,17.673801097,True,28.0
2014-02-28,South Dakota Coyotes,54.0,away,0.0511747252,-17.673801097,False,-28.0
2014-02-28,Rice Owls,60.0,home,0.2145441467,-8.1255148081,False,-1.0
2014-02-28,UAB Blazers,61.0,away,0.7854558532999999,8.1255148081,True,1.0
2014-02-28,UTSA Roadrunners,62.0,home,0.3524905261,-4.0036794062,False,-9.0
2014-02-28,North Texas Mean Green,71.0,away,0.6475094739,4.0036794062,True,9.0
2014-02-28,Omaha Mavericks,88.0,home,0.9149628436,16.1282458922,True,22.0
2014-02-28,IU Indianapolis Jaguars,66.0,away,0.0850371564,-16.1282458922,False,-22.0
2014-02-28,North Dakota Fighting Hawks,83.0,home,0.7928960368999999,8.5698175894,True,10.0
2014-02-28,Portland State Vikings,73.0,away,0.2071039631,-8.5698175894,False,-10.0
2014-02-28,SE Louisiana Lions,83.0,home,0.387318911,-3.1997082403,False,-5.0
2014-02-28,Northwestern State Demons,88.0,away,0.612681089,3.1997082403,True,5.0
2014-02-28,Nicholls Colonels,79.0,home,0.7078753769000001,5.2460235543,True,19.0
2014-02-28,Abilene Christian Wildcats,60.0,away,0.2921246231,-5.2460235543,False,-19.0
2014-02-28,UT Arlington Mavericks,49.0,home,0.3690003213,-3.4556935565,False,-28.0
2014-02-28,Georgia State Panthers,77.0,away,0.6309996787,3.4556935565,True,28.0
2014-02-28,Oral Roberts Golden Eagles,75.0,home,0.9503393346,18.3672540299,True,8.0
2014-02-28,Lamar Cardinals,67.0,away,0.0496606654,-18.3672540299,False,-8.0
2014-02-28,Quinnipiac Bobcats,70.0,home,0.8234644771,10.1406306214,False,-2.0
2014-02-28,Siena Saints,72.0,away,0.1765355229,-10.1406306214,True,2.0
2014-02-28,McNeese Cowboys,87.0,home,0.5304882897,0.8113121855,True,15.0
2014-02-28,Incarnate Word Cardinals,72.0,away,0.4695117103,-0.8113121855,False,-15.0
2014-02-28,New Orleans Privateers,63.0,home,0.1691890078,-10.253555351,False,-40.0
2014-02-28,Stephen F. Austin Lumberjacks,103.0,away,0.8308109922,10.253555351,True,40.0
2014-02-28,Saint Mary's Gaels,70.0,home,0.8702482263,11.2518219486,True,9.0
2014-02-28,Portland Pilots,61.0,away,0.1297517737,-11.2518219486,False,-9.0
2014-02-28,Central Arkansas Bears,80.0,home,0.1548027082,-11.540772646,True,9.0
2014-02-28,Sam Houston Bearkats,71.0,away,0.8451972918,11.540772646,False,-9.0
2014-02-28,Weber State Wildcats,79.0,home,0.9038980856,12.8169681995,True,12.0
2014-02-28,Sacramento State Hornets,67.0,away,0.09610191439999999,-12.8169681995,False,-12.0
2014-02-28,Utah Valley Wolverines,66.0,home,0.2569910718,-6.330354868,True,5.0
2014-02-28,New Mexico State Aggies,61.0,away,0.7430089282,6.330354868,False,-5.0
2014-02-28,Marquette Golden Eagles,75.0,home,0.641718782,3.5414958298,True,2.0
2014-02-28,Georgetown Hoyas,73.0,away,0.35828121799999996,-3.5414958298,False,-2.0
2014-02-28,Indiana Hoosiers,93.0,home,0.2509778048,-7.6311375649,True,7.0
2014-02-28,Iowa Hawkeyes,86.0,away,0.7490221952,7.6311375649,False,-7.0
2014-02-28,Grand Canyon Lopes,80.0,home,0.8398292732999999,10.8364550952,False,-5.0
2014-02-28,Kansas City Roos,85.0,away,0.1601707267,-10.8364550952,True,5.0
2014-02-28,UTEP Miners,60.0,home,0.6125380225,2.8593488337,False,-5.0
2014-02-28,Tulsa Golden Hurricane,65.0,away,0.3874619775,-2.8593488337,True,5.0
2014-02-28,Montana State Bobcats,77.0,home,0.9508526292,17.9712745086,True,5.0
2014-02-28,Southern Utah Thunderbirds,72.0,away,0.0491473708,-17.9712745086,False,-5.0
2014-02-28,Idaho State Bengals,65.0,home,0.7593502339,6.6662032334,False,-1.0
2014-02-28,Northern Arizona Lumberjacks,66.0,away,0.2406497661,-6.6662032334,True,1.0
2014-02-28,Pepperdine Waves,53.0,home,0.5117570336,0.2926682368,False,-24.0
2014-02-28,San Francisco Dons,77.0,away,0.4882429664,-0.2926682368,True,24.0
2014-02-28,UC Irvine Anteaters,71.0,home,0.5848846734,2.0117695104,True,11.0
2014-02-28,UC Santa Barbara Gauchos,60.0,away,0.4151153266,-2.0117695104,False,-11.0
2014-02-28,Cal State Fullerton Titans,82.0,home,0.6885871988,5.0769286165,True,1.0
2014-02-28,Cal State Northridge Matadors,81.0,away,0.3114128012,-5.0769286165,False,-1.0
2014-02-28,Northern Colorado Bears,66.0,home,0.7692627286,7.679864004,False,-14.0
2014-02-28,Eastern Washington Eagles,80.0,away,0.2307372714,-7.679864004,True,14.0
2014-02-28,Pacific Tigers,53.0,home,0.20212551979999996,-8.5296073497,False,-17.0
2014-02-28,Gonzaga Bulldogs,70.0,away,0.7978744802,8.5296073497,True,17.0
2014-02-28,Seattle U Redhawks,77.0,home,0.9202171994,16.0607339488,False,-7.0
2014-02-28,Chicago State Cougars,84.0,away,0.0797828006,-16.0607339488,True,7.0
2014-02-28,UC Davis Aggies,85.0,home,0.2868487139,-5.1901604185,True,12.0
2014-02-28,Cal Poly Mustangs,73.0,away,0.7131512861,5.1901604185,False,-12.0
2014-02-28,Cal State Bakersfield Roadrunners,61.0,home,0.912038589,14.3529293412,False,-2.0
2014-02-28,UT Rio Grande Valley Vaqueros,63.0,away,0.087961411,-14.3529293412,True,2.0
2014-02-28,Long Beach State Beach,63.0,home,0.5056997034,0.1458293056,True,2.0
2014-02-28,Hawai'i Rainbow Warriors,61.0,away,0.4943002966,-0.1458293056,False,-2.0
2014-02-28,Loyola Marymount Lions,75.0,home,0.5694743076,1.7968106749,True,4.0
2014-02-28,Santa Clara Broncos,71.0,away,0.4305256924,-1.7968106749,False,-4.0
2014-02-28,UCLA Bruins,83.0,home,0.7760883532,8.5026603596,False,-4.0
2014-02-28,Oregon Ducks,87.0,away,0.2239116468,-8.5026603596,True,4.0
2014-02-28,USC Trojans,66.0,home,0.4622789108,-0.9985787529,False,-10.0
2014-02-28,Oregon State Beavers,76.0,away,0.5377210892,0.9985787529,True,10.0
2014-03-04,North Carolina Central Eagles,64.0,home,0.9682563176,20.4131703367,True,7.0
2014-03-04,Savannah State Tigers,57.0,away,0.0317436824,-20.4131703367,False,-7.0
2014-03-04,Loyola Maryland Greyhounds,71.0,home,0.5449799716,1.0965701399,False,-13.0
2014-03-04,Lafayette Leopards,84.0,away,0.45502002840000005,-1.0965701399,True,13.0
2014-03-04,Coppin State Eagles,86.0,home,0.7718826014,7.7845794992,True,17.0
2014-03-04,Howard Bison,69.0,away,0.2281173986,-7.7845794992,False,-17.0
2014-03-04,North Carolina A&T Aggies,62.0,home,0.7221679681,5.9712490793,True,2.0
2014-03-04,South Carolina State Bulldogs,60.0,away,0.2778320319,-5.9712490793,False,-2.0
2014-03-04,North Carolina Tar Heels,63.0,home,0.8709779704,12.1865574347,True,2.0
2014-03-04,Notre Dame Fighting Irish,61.0,away,0.1290220296,-12.1865574347,False,-2.0
2014-03-04,Grambling Tigers,72.0,home,0.3050857043,-5.6349055404,True,2.0
2014-03-04,Mississippi Valley State Delta Devils,70.0,away,0.6949142957,5.6349055404,False,-2.0
2014-03-04,Seton Hall Pirates,71.0,home,0.5046672881,0.113553728,True,9.0
2014-03-04,Xavier Musketeers,62.0,away,0.4953327119,-0.113553728,False,-9.0
2014-03-04,Colgate Raiders,57.0,home,0.8818198194,11.247749524,True,6.0
2014-03-04,Navy Midshipmen,51.0,away,0.1181801806,-11.247749524,False,-6.0
2014-03-03,Norfolk State Spartans,77.0,home,0.8554091477,10.9659950708,True,12.0
2014-03-03,Maryland Eastern Shore Hawks,65.0,away,0.1445908523,-10.9659950708,False,-12.0
2014-03-04,Morgan State Bears,73.0,home,0.8547721961000001,12.4651559275,False,-5.0
2014-03-04,Florida A&M Rattlers,78.0,away,0.1452278039,-12.4651559275,True,5.0
2014-03-04,Jackson State Tigers,59.0,home,0.8123976548,9.1286948425,False,-7.0
2014-03-04,Arkansas-Pine Bluff Golden Lions,66.0,away,0.18760234520000002,-9.1286948425,True,7.0
2014-03-04,Montana Grizzlies,53.0,home,0.7888370850000002,7.4826062172,True,3.0
2014-03-04,Montana State Bobcats,50.0,away,0.21116291499999998,-7.4826062172,False,-3.0
2014-03-04,Texas Southern Tigers,79.0,home,0.8578317487,11.3050589651,True,21.0
2014-03-04,Alabama A&M Bulldogs,58.0,away,0.1421682513,-11.3050589651,False,-21.0
2014-03-04,Oklahoma State Cowboys,77.0,home,0.8480728716999999,10.713401374,True,16.0
2014-03-04,Kansas State Wildcats,61.0,away,0.1519271283,-10.713401374,False,-16.0
2014-03-04,Pittsburgh Panthers,67.0,home,0.9377055396,16.160824558,False,-7.0
2014-03-04,NC State Wolfpack,74.0,away,0.0622944604,-16.160824558,True,7.0
2014-03-04,Prairie View A&M Panthers,87.0,home,0.4728286857,-0.7085398814,False,-3.0
2014-03-04,Alabama State Hornets,90.0,away,0.5271713143,0.7085398814,True,3.0
2014-03-05,Illinois Fighting Illini,53.0,home,0.2300330075,-6.6942152434,False,-31.0
2014-03-05,Michigan Wolverines,84.0,away,0.7699669925000001,6.6942152434,True,31.0
2014-03-05,Syracuse Orange,62.0,home,0.9495483403,16.8482160204,False,-5.0
2014-03-05,Georgia Tech Yellow Jackets,67.0,away,0.050451659700000005,-16.8482160204,True,5.0
2014-03-05,Georgetown Hoyas,75.0,home,0.3584261536,-3.4813789297,True,12.0
2014-03-05,Creighton Bluejays,63.0,away,0.6415738464,3.4813789297,False,-12.0
2014-03-05,Mercer Bears,85.0,home,0.9780603890999999,24.0581164195,True,21.0
2014-03-05,Jacksonville Dolphins,64.0,away,0.021939610900000003,-24.0581164195,False,-21.0
2014-03-05,Milwaukee Panthers,83.0,home,0.6884255753,5.0473228024,True,10.0
2014-03-05,Detroit Mercy Titans,73.0,away,0.3115744247,-5.0473228024,False,-10.0
2014-03-05,South Carolina Upstate Spartans,80.0,home,0.8485353721,10.8384460191,True,6.0
2014-03-05,North Florida Ospreys,74.0,away,0.1514646279,-10.8384460191,False,-6.0
2014-03-05,Oakland Golden Grizzlies,96.0,home,0.5907920103,2.305627658,True,4.0
2014-03-05,Youngstown State Penguins,92.0,away,0.4092079897,-2.305627658,False,-4.0
2014-03-05,South Carolina Gamecocks,46.0,home,0.08464248059999999,-14.1676556452,False,-26.0
2014-03-05,Florida Gators,72.0,away,0.9153575194,14.1676556452,True,26.0
2014-03-05,Kentucky Wildcats,55.0,home,0.9220353534,14.8254004025,True,7.0
2014-03-05,Alabama Crimson Tide,48.0,away,0.0779646466,-14.8254004025,False,-7.0
2014-03-04,Temple Owls,86.0,home,0.7326916151,6.5285584534,True,8.0
2014-03-04,UCF Knights,78.0,away,0.2673083849,-6.5285584534,False,-8.0
2014-03-05,Kent State Golden Flashes,61.0,home,0.8356505810999999,10.1003801893,False,-12.0
2014-03-05,Miami (OH) RedHawks,73.0,away,0.1643494189,-10.1003801893,True,12.0
2014-03-05,East Tennessee State Buccaneers,89.0,home,0.7665525494,7.975031074,True,1.0
2014-03-05,Lipscomb Bisons,88.0,away,0.23344745060000002,-7.975031074,False,-1.0
2014-03-05,Florida Gulf Coast Eagles,77.0,home,0.9496666642,17.2507250895,True,22.0
2014-03-05,Stetson Hatters,55.0,away,0.0503333358,-17.2507250895,False,-22.0
2014-03-05,Western Michigan Broncos,61.0,home,0.8303338383,9.5152276167,True,5.0
2014-03-05,Northern Illinois Huskies,56.0,away,0.1696661617,-9.5152276167,False,-5.0
2014-03-05,Bowling Green Falcons,61.0,home,0.430445559,-1.7294754633,False,-11.0
2014-03-05,Ohio Bobcats,72.0,away,0.569554441,1.7294754633,True,11.0
2014-03-05,Eastern Michigan Eagles,72.0,home,0.9315479193,16.141505526,True,14.0
2014-03-05,Ball State Cardinals,58.0,away,0.0684520807,-16.141505526,False,-14.0
2014-03-05,Central Michigan Chippewas,69.0,home,0.2390174708,-7.3455840369,False,-4.0
2014-03-05,Toledo Rockets,73.0,away,0.7609825292,7.3455840369,True,4.0
2014-03-05,Baylor Bears,74.0,home,0.5688758927,1.7559157098,True,13.0
2014-03-05,Iowa State Cyclones,61.0,away,0.4311241073,-1.7559157098,False,-13.0
2014-03-05,Akron Zips,83.0,home,0.5527691498,1.3347517191,True,12.0
2014-03-05,Buffalo Bulls,71.0,away,0.4472308502,-1.3347517191,False,-12.0
2014-03-05,Clemson Tigers,58.0,home,0.8735913658,9.4134432375,True,4.0
2014-03-05,Miami Hurricanes,54.0,away,0.1264086342,-9.4134432375,False,-4.0
2014-03-05,Valparaiso Beacons,73.0,home,0.9081505848,13.8611839217,True,10.0
2014-03-05,UIC Flames,63.0,away,0.0918494152,-13.8611839217,False,-10.0
2014-03-05,North Dakota Fighting Hawks,94.0,home,0.6373607545,3.5660854192,True,4.0
2014-03-05,Northern Colorado Bears,90.0,away,0.3626392455,-3.5660854192,False,-4.0
2014-03-05,Providence Friars,81.0,home,0.7001801028999999,5.1145296094,True,1.0
2014-03-05,Marquette Golden Eagles,80.0,away,0.2998198971,-5.1145296094,False,-1.0
2014-03-05,Maryland Terrapins,64.0,home,0.8875620950000002,13.0001459553,True,17.0
2014-03-05,Virginia Tech Hokies,47.0,away,0.112437905,-13.0001459553,False,-17.0
2014-03-05,Arkansas State Red Wolves,76.0,home,0.4959061974,-0.1028833149,False,-3.0
2014-03-05,Georgia State Panthers,79.0,away,0.5040938026,0.1028833149,True,3.0
2014-03-05,Houston Cougars,78.0,home,0.770597611,7.4261442697,True,9.0
2014-03-05,South Florida Bulls,69.0,away,0.229402389,-7.4261442697,False,-9.0
2014-03-05,Boston College Eagles,70.0,home,0.2879818587,-5.3785478046,False,-4.0
2014-03-05,Florida State Seminoles,74.0,away,0.7120181413000001,5.3785478046,True,4.0
2014-03-05,Oregon Ducks,85.0,home,0.7284528963,6.6544302197,True,7.0
2014-03-05,Arizona State Sun Devils,78.0,away,0.2715471037,-6.6544302197,False,-7.0
2014-03-06,Oregon State Beavers,69.0,home,0.1495959649,-10.7035139104,False,-5.0
2014-03-06,Arizona Wildcats,74.0,away,0.8504040351,10.7035139104,True,5.0
2014-03-06,UNLV Rebels,64.0,home,0.3501097192,-3.8728314393,False,-9.0
2014-03-06,San Diego State Aztecs,73.0,away,0.6498902808,3.8728314393,True,9.0
2014-03-06,Wake Forest Demon Deacons,82.0,home,0.065674881,-16.9845099558,True,10.0
2014-03-06,Duke Blue Devils,72.0,away,0.934325119,16.9845099558,False,-10.0
2014-03-06,SMU Mustangs,71.0,home,0.312009765,-4.9966103578,False,-13.0
2014-03-06,Louisville Cardinals,84.0,away,0.687990235,4.9966103578,True,13.0
2014-03-05,Winthrop Eagles,77.0,home,0.5923829176,2.2202179919,True,12.0
2014-03-05,Liberty Flames,65.0,away,0.4076170824,-2.2202179919,False,-12.0
2014-03-06,Saint Louis Billikens,67.0,home,0.7567393536,6.9783548072,False,-5.0
2014-03-06,Dayton Flyers,72.0,away,0.24326064639999997,-6.9783548072,True,5.0
2014-03-06,UConn Huskies,69.0,home,0.9693232966,21.7779329658,True,6.0
2014-03-06,Rutgers Scarlet Knights,63.0,away,0.0306767034,-21.7779329658,False,-6.0
2014-03-06,Kansas Jayhawks,82.0,home,0.9551798206,18.2674770749,True,25.0
2014-03-06,Texas Tech Red Raiders,57.0,away,0.04482017940000001,-18.2674770749,False,-25.0
2014-03-06,Wisconsin Badgers,76.0,home,0.9260570425,15.5587010671,True,6.0
2014-03-06,Purdue Boilermakers,70.0,away,0.0739429575,-15.5587010671,False,-6.0
2014-03-06,Oklahoma Sooners,72.0,home,0.7068517567000001,5.9751934013,True,10.0
2014-03-06,West Virginia Mountaineers,62.0,away,0.2931482433,-5.9751934013,False,-10.0
2014-03-05,Campbell Fighting Camels,71.0,home,0.0715433694,-15.0632045567,False,-10.0
2014-03-05,Charleston Southern Buccaneers,81.0,away,0.9284566306,15.0632045567,True,10.0
2014-03-05,Radford Highlanders,78.0,home,0.9286182191000001,15.641387886,True,5.0
2014-03-05,Presbyterian Blue Hose,73.0,away,0.0713817809,-15.641387886,False,-5.0
2014-03-06,Mount St. Mary's Mountaineers,72.0,home,0.472904049,-0.6969581276,True,1.0
2014-03-06,St. Francis Brooklyn Terriers,71.0,away,0.527095951,0.6969581276,False,-1.0
2014-03-06,Tennessee Tech Golden Eagles,74.0,home,0.7246955005,6.1403244162,True,7.0
2014-03-06,SIU Edwardsville Cougars,67.0,away,0.2753044995,-6.1403244162,False,-7.0
2014-03-06,Boston University Terriers,91.0,home,0.8837152005,12.3757705906,True,37.0
2014-03-06,Lafayette Leopards,54.0,away,0.1162847995,-12.3757705906,False,-37.0
2014-03-06,Bryant Bulldogs,54.0,home,0.9298555956,15.3899423502,False,-1.0
2014-03-06,Saint Francis Red Flash,55.0,away,0.0701444044,-15.3899423502,True,1.0
2014-03-06,Bucknell Bison,71.0,home,0.8154788124,9.1342623602,False,-1.0
2014-03-06,Army Black Knights,72.0,away,0.18452118760000003,-9.1342623602,True,1.0
2014-03-06,Holy Cross Crusaders,54.0,home,0.8488873938,10.2579863802,True,6.0
2014-03-06,Lehigh Mountain Hawks,48.0,away,0.1511126062,-10.2579863802,False,-6.0
2014-03-06,Wagner Seahawks,83.0,home,0.9014675773999999,14.8452625572,True,24.0
2014-03-06,Central Connecticut Blue Devils,59.0,away,0.0985324226,-14.8452625572,False,-24.0
2014-03-06,Robert Morris Colonials,60.0,home,0.9405105967,16.6376372086,True,7.0
2014-03-06,Fairleigh Dickinson Knights,53.0,away,0.0594894033,-16.6376372086,False,-7.0
2014-03-06,Indiana Hoosiers,60.0,home,0.7889203954,8.4593166026,False,-10.0
2014-03-06,Nebraska Cornhuskers,70.0,away,0.2110796046,-8.4593166026,True,10.0
2014-03-06,Georgia Bulldogs,66.0,home,0.8791351867,12.2438942308,True,21.0
2014-03-06,Mississippi State Bulldogs,45.0,away,0.1208648133,-12.2438942308,False,-21.0
2014-03-06,Rhode Island Rams,77.0,home,0.8066135743000001,9.1305445447,True,12.0
2014-03-06,Fordham Rams,65.0,away,0.1933864257,-9.1305445447,False,-12.0
2014-03-06,Duquesne Dukes,74.0,home,0.24271927529999998,-7.8204225413,False,-4.0
2014-03-06,Massachusetts Minutemen,78.0,away,0.7572807247,7.8204225413,True,4.0
2014-03-06,Arkansas Razorbacks,110.0,home,0.8401988854,11.767423354,True,30.0
2014-03-06,Ole Miss Rebels,80.0,away,0.1598011146,-11.767423354,False,-30.0
2014-03-06,American University Eagles,59.0,home,0.8037020130000001,7.6203065784,True,9.0
2014-03-06,Colgate Raiders,50.0,away,0.196297987,-7.6203065784,False,-9.0
2014-03-06,Auburn Tigers,54.0,home,0.2335106808,-7.2173233148,False,-28.0
2014-03-06,Tennessee Volunteers,82.0,away,0.7664893192,7.2173233148,True,28.0
2014-03-06,Gardner-Webb Runnin' Bulldogs,81.0,home,0.925132506,15.7672415071,True,16.0
2014-03-06,Longwood Lancers,65.0,away,0.074867494,-15.7672415071,False,-16.0
2014-03-06,Missouri Tigers,57.0,home,0.8360410232999999,9.6632345664,True,1.0
2014-03-06,Texas A&M Aggies,56.0,away,0.1639589767,-9.6632345664,False,-1.0
2014-03-06,Texas Longhorns,66.0,home,0.9582543026,20.0010700368,True,12.0
2014-03-06,TCU Horned Frogs,54.0,away,0.0417456974,-20.0010700368,False,-12.0
2014-03-06,George Washington Revolutionaries,76.0,home,0.725053253,6.0141863068,True,5.0
2014-03-06,Saint Joseph's Hawks,71.0,away,0.274946747,-6.0141863068,False,-5.0
2014-03-06,New Mexico Lobos,80.0,home,0.9551676549,18.4976498916,True,28.0
2014-03-06,Air Force Falcons,52.0,away,0.0448323451,-18.4976498916,False,-28.0
2014-03-06,Stanford Cardinal,56.0,home,0.7036627176,5.5277495632,False,-3.0
2014-03-06,Colorado Buffaloes,59.0,away,0.2963372824,-5.5277495632,True,3.0
2014-03-06,Colorado State Rams,78.0,home,0.9554394153,18.7350586878,True,12.0
2014-03-06,San José State Spartans,66.0,away,0.0445605847,-18.7350586878,False,-12.0
2014-03-06,Boise State Broncos,81.0,home,0.8907156978999999,12.6025449899,False,-2.0
2014-03-06,Nevada Wolf Pack,83.0,away,0.10928430210000001,-12.6025449899,True,2.0
2014-03-06,Southeast Missouri State Redhawks,79.0,home,0.7593473966,7.3510946322,True,18.0
2014-03-06,Eastern Illinois Panthers,61.0,away,0.24065260339999997,-7.3510946322,False,-18.0
2014-03-06,Utah State Aggies,65.0,home,0.7034584115,4.5721111787,True,11.0
2014-03-06,Wyoming Cowboys,54.0,away,0.2965415885,-4.5721111787,False,-11.0
2014-03-06,California Golden Bears,59.0,home,0.5448739991,1.1163309337,False,-4.0
2014-03-06,Utah Utes,63.0,away,0.4551260009,-1.1163309337,True,4.0
2014-03-07,High Point Panthers,60.0,home,0.3864564173,-2.749110781,False,-2.0
2014-03-07,Winthrop Eagles,62.0,away,0.6135435827,2.749110781,True,2.0
2014-03-08,Hofstra Pride,78.0,home,0.6146093442,2.7232161371,True,8.0
2014-03-08,UNC Wilmington Seahawks,70.0,away,0.3853906558,-2.7232161371,False,-8.0
2014-03-08,Wright State Raiders,73.0,home,0.6495147261,3.7234261806,True,16.0
2014-03-08,Oakland Golden Grizzlies,57.0,away,0.35048527390000006,-3.7234261806,False,-16.0
2014-03-07,Missouri State Bears,53.0,home,0.5402175634,0.9959001576,True,5.0
2014-03-07,Illinois State Redbirds,48.0,away,0.45978243660000007,-0.9959001576,False,-5.0
2014-03-07,Samford Bulldogs,70.0,home,0.4430150752,-1.4074060834,True,14.0
2014-03-07,App State Mountaineers,56.0,away,0.5569849248,1.4074060834,False,-14.0
2014-03-07,Wichita State Shockers,80.0,home,0.9665800221,20.6873991423,True,22.0
2014-03-07,Evansville Purple Aces,58.0,away,0.0334199779,-20.6873991423,False,-22.0
2014-03-07,Georgia Southern Eagles,65.0,home,0.7442030818,6.4698351918,True,15.0
2014-03-07,Furman Paladins,50.0,away,0.2557969182,-6.4698351918,False,-15.0
2014-03-07,UNC Asheville Bulldogs,96.0,home,0.4802194462,-0.5136527804,True,9.0
2014-03-07,Radford Highlanders,87.0,away,0.5197805538,0.5136527804,False,-9.0
2014-03-07,Coastal Carolina Chanticleers,73.0,home,0.2703614385,-6.2896943967,True,5.0
2014-03-07,Charleston Southern Buccaneers,68.0,away,0.7296385615,6.2896943967,False,-5.0
2014-03-07,UNC Greensboro Spartans,76.0,home,0.749949831,6.9176203798,False,-10.0
2014-03-07,The Citadel Bulldogs,86.0,away,0.250050169,-6.9176203798,True,10.0
2014-03-08,Akron Zips,58.0,home,0.7257885257,6.0041018741,True,4.0
2014-03-08,Kent State Golden Flashes,54.0,away,0.2742114743,-6.0041018741,False,-4.0
2014-03-08,Cornell Big Red,51.0,home,0.0790217646,-14.4849929726,False,-40.0
2014-03-08,Princeton Tigers,91.0,away,0.9209782354000001,14.4849929726,True,40.0
2014-03-08,Central Michigan Chippewas,64.0,home,0.3625438415,-3.4510422835,False,-14.0
2014-03-08,Western Michigan Broncos,78.0,away,0.6374561585,3.4510422835,True,14.0
2014-03-08,Yale Bulldogs,58.0,home,0.1561350858,-10.085888484,False,-12.0
2014-03-08,Harvard Crimson,70.0,away,0.8438649142,10.085888484,True,12.0
2014-03-08,Brown Bears,68.0,home,0.7692272811999998,7.5874238808,False,-7.0
2014-03-08,Dartmouth Big Green,75.0,away,0.23077271880000003,-7.5874238808,True,7.0
2014-03-08,VMI Keydets,90.0,home,0.454164598,-1.2919956028,True,13.0
2014-03-08,Gardner-Webb Runnin' Bulldogs,77.0,away,0.545835402,1.2919956028,False,-13.0
2014-03-08,Columbia Lions,74.0,home,0.8416675696999999,10.2119194375,True,19.0
2014-03-08,Pennsylvania Quakers,55.0,away,0.1583324303,-10.2119194375,False,-19.0
2014-03-08,Indiana State Sycamores,75.0,home,0.8177737017999999,8.7527256264,True,13.0
2014-03-08,Loyola Chicago Ramblers,62.0,away,0.18222629819999997,-8.7527256264,False,-13.0
2014-03-08,UCF Knights,104.0,home,0.6624927863,4.3097854349,True,21.0
2014-03-08,Houston Cougars,83.0,away,0.33750721370000003,-4.3097854349,False,-21.0
2014-03-08,Belmont Bruins,86.0,home,0.6736190129,4.78884407,True,23.0
2014-03-08,Morehead State Eagles,63.0,away,0.3263809871,-4.78884407,False,-23.0
2014-03-08,Utah Valley Wolverines,64.0,home,0.6566817278000001,3.7047458732,True,9.0
2014-03-08,Cal State Bakersfield Roadrunners,55.0,away,0.3433182722,-3.7047458732,False,-9.0
2014-03-08,Northern Iowa Panthers,58.0,home,0.7739272012,7.1513940364,False,-5.0
2014-03-08,Southern Illinois Salukis,63.0,away,0.2260727988,-7.1513940364,True,5.0
2014-03-08,Valparaiso Beacons,57.0,home,0.6273403762,3.2484490394,False,-17.0
2014-03-08,Milwaukee Panthers,74.0,away,0.37265962379999995,-3.2484490394,True,17.0
2014-03-08,Murray State Racers,83.0,home,0.3300293753,-4.361347916,False,-3.0
2014-03-08,Eastern Kentucky Colonels,86.0,away,0.6699706247,4.361347916,True,3.0
2014-03-06,Rider Broncs,71.0,home,0.6471312505,3.8463317162,True,11.0
2014-03-06,Monmouth Hawks,60.0,away,0.3528687495,-3.8463317162,False,-11.0
2014-03-07,Cincinnati Bearcats,97.0,home,0.7411379892,6.6167094558,True,13.0
2014-03-07,Memphis Tigers,84.0,away,0.2588620108,-6.6167094558,False,-13.0
2014-03-07,Vanderbilt Commodores,51.0,home,0.4673232827,-0.8298013932,False,-6.0
2014-03-07,LSU Tigers,57.0,away,0.5326767173,0.8298013932,True,6.0
2014-03-07,Michigan State Spartans,86.0,home,0.6493844634,4.106103945,True,10.0
2014-03-07,Iowa Hawkeyes,76.0,away,0.3506155366,-4.106103945,False,-10.0
2014-03-07,Old Dominion Monarchs,68.0,home,0.5899998944,2.1495713487,True,21.0
2014-03-07,East Carolina Pirates,47.0,away,0.4100001056,-2.1495713487,False,-21.0
2014-03-07,Xavier Musketeers,70.0,home,0.37971121169999994,-3.0589139872,False,-7.0
2014-03-07,Villanova Wildcats,77.0,away,0.6202887883,3.0589139872,True,7.0
2014-03-07,Morehead State Eagles,76.0,home,0.6761769504,4.8485149934,True,15.0
2014-03-07,Tennessee Tech Golden Eagles,61.0,away,0.32382304959999997,-4.8485149934,False,-15.0
2014-03-07,Northwestern Wildcats,32.0,home,0.4917931575999999,-0.1907578608,False,-27.0
2014-03-07,Penn State Nittany Lions,59.0,away,0.5082068424,0.1907578608,True,27.0
2014-03-06,Florida Gulf Coast Eagles,69.0,home,0.8079117368,9.376497074,True,5.0
2014-03-06,East Tennessee State Buccaneers,64.0,away,0.1920882632,-9.376497074,False,-5.0
2014-03-07,Marshall Thundering Herd,70.0,home,0.5036281864,0.0973967569,False,-4.0
2014-03-07,Charlotte 49ers,74.0,away,0.4963718136,-0.0973967569,True,4.0
2014-03-07,Drake Bulldogs,61.0,home,0.6633238847,4.0629264527,False,-8.0
2014-03-07,Evansville Purple Aces,69.0,away,0.3366761153,-4.0629264527,True,8.0
2014-03-07,Saint Peter's Peacocks,65.0,home,0.5391203588,0.8956640251,True,3.0
2014-03-07,Fairfield Stags,62.0,away,0.4608796412,-0.8956640251,False,-3.0
2014-03-07,Florida Atlantic Owls,70.0,home,0.6937886561,4.8652592584,False,-4.0
2014-03-07,Florida International Panthers,74.0,away,0.3062113439,-4.8652592584,True,4.0
2014-03-07,La Salle Explorers,57.0,home,0.7576467695,6.9924416717,False,-2.0
2014-03-07,George Mason Patriots,59.0,away,0.2423532305,-6.9924416717,True,2.0
2014-03-07,Tulane Green Wave,51.0,home,0.0809986689,-13.894829195,False,-17.0
2014-03-07,Southern Miss Golden Eagles,68.0,away,0.9190013311,13.894829195,True,17.0
2014-03-07,UTSA Roadrunners,51.0,home,0.1235688762,-11.9966376512,False,-10.0
2014-03-07,UTEP Miners,61.0,away,0.8764311238000001,11.9966376512,True,10.0
2014-03-07,Troy Trojans,86.0,home,0.5329107029,0.8416296975,False,-1.0
2014-03-07,UT Arlington Mavericks,87.0,away,0.4670892971,-0.8416296975,True,1.0
2014-03-07,Hampton Pirates,89.0,home,0.9113510421,15.8007680908,True,18.0
2014-03-07,North Carolina A&T Aggies,71.0,away,0.0886489579,-15.8007680908,False,-18.0
2014-03-07,Western Kentucky Hilltoppers,75.0,home,0.5157453585,0.4121646108,True,3.0
2014-03-07,Louisiana Ragin' Cajuns,72.0,away,0.4842546415,-0.4121646108,False,-3.0
2014-03-07,Savannah State Tigers,69.0,home,0.8453193485,10.2893618471,True,19.0
2014-03-07,South Carolina State Bulldogs,50.0,away,0.1546806515,-10.2893618471,False,-19.0
2014-03-07,North Texas Mean Green,68.0,home,0.2415199324,-7.6409981616,False,-11.0
2014-03-07,Tulsa Golden Hurricane,79.0,away,0.7584800676000001,7.6409981616,True,11.0
2014-03-07,Rice Owls,48.0,home,0.029970849399999996,-22.2562821491,False,-22.0
2014-03-07,Louisiana Tech Bulldogs,70.0,away,0.9700291506,22.2562821491,True,22.0
2014-03-07,UAB Blazers,53.0,home,0.38509026899999993,-2.9535233389,False,-2.0
2014-03-07,Middle Tennessee Blue Raiders,55.0,away,0.614909731,2.9535233389,True,2.0
2014-03-07,Arkansas State Red Wolves,64.0,home,0.8641104099,11.2983872901,True,6.0
2014-03-07,UL Monroe Warhawks,58.0,away,0.1358895901,-11.2983872901,False,-6.0
2014-03-07,Kansas City Roos,82.0,home,0.4396840383,-1.6108335743,True,9.0
2014-03-07,Seattle U Redhawks,73.0,away,0.5603159617,1.6108335743,False,-9.0
2014-03-07,Maryland Eastern Shore Hawks,84.0,home,0.36139894380000004,-3.2039703257,True,14.0
2014-03-07,Delaware State Hornets,70.0,away,0.6386010562,3.2039703257,False,-14.0
2014-03-07,South Alabama Jaguars,63.0,home,0.7215289071,5.476422838,True,10.0
2014-03-07,Texas State Bobcats,53.0,away,0.2784710929,-5.476422838,False,-10.0
2014-03-07,Chicago State Cougars,76.0,home,0.5082245095,0.2144771504,False,-3.0
2014-03-07,Idaho Vandals,79.0,away,0.4917754905,-0.2144771504,True,3.0
2014-03-07,Howard Bison,66.0,home,0.2356290487,-7.695940026,False,-2.0
2014-03-07,Morgan State Bears,68.0,away,0.7643709513,7.695940026,True,2.0
2014-03-07,Florida A&M Rattlers,68.0,home,0.7856920313000001,8.345401983,False,-2.0
2014-03-07,Bethune-Cookman Wildcats,70.0,away,0.2143079687,-8.345401983,True,2.0
2014-03-07,Mercer Bears,78.0,home,0.8822882484,12.0249851645,True,3.0
2014-03-07,South Carolina Upstate Spartans,75.0,away,0.1177117516,-12.0249851645,False,-3.0
2014-03-07,Alcorn State Braves,69.0,home,0.41890423,-1.9942926421,False,-8.0
2014-03-07,Texas Southern Tigers,77.0,away,0.58109577,1.9942926421,True,8.0
2014-03-07,Texas A&M-Corpus Christi Islanders,67.0,home,0.7979382802,8.2610734401,True,16.0
2014-03-07,McNeese Cowboys,51.0,away,0.2020617198,-8.2610734401,False,-16.0
2014-03-07,Northwestern State Demons,119.0,home,0.9034065847000001,17.245796093,True,17.0
2014-03-07,Central Arkansas Bears,102.0,away,0.09659341530000001,-17.245796093,False,-17.0
2014-03-07,Norfolk State Spartans,70.0,home,0.1139447713,-12.3520966003,False,-6.0
2014-03-07,North Carolina Central Eagles,76.0,away,0.8860552287,12.3520966003,True,6.0
2014-03-07,Sam Houston Bearkats,71.0,home,0.9052133957000001,13.6408279288,True,17.0
2014-03-07,SE Louisiana Lions,54.0,away,0.0947866043,-13.6408279288,False,-17.0
2014-03-07,Northern Arizona Lumberjacks,61.0,home,0.7048716269,5.1211048912,True,13.0
2014-03-07,Montana State Bobcats,48.0,away,0.2951283731,-5.1211048912,False,-13.0
2014-03-07,Houston Christian Huskies,62.0,home,0.521282143,0.5372796651,False,-13.0
2014-03-07,Nicholls Colonels,75.0,away,0.478717857,-0.5372796651,True,13.0
2014-03-07,Lamar Cardinals,89.0,home,0.4511072659,-1.3354474702,True,17.0
2014-03-07,New Orleans Privateers,72.0,away,0.5488927341,1.3354474702,False,-17.0
2014-03-07,Alabama State Hornets,68.0,home,0.959900647,20.3044749391,True,2.0
2014-03-07,Grambling Tigers,66.0,away,0.040099353,-20.3044749391,False,-2.0
2014-03-07,Portland Pilots,64.0,home,0.6773439942999999,4.8189369209,False,-3.0
2014-03-07,Loyola Marymount Lions,67.0,away,0.3226560057,-4.8189369209,True,3.0
2014-03-07,Washington Huskies,82.0,home,0.2533389339,-7.1949468492,False,-9.0
2014-03-07,UCLA Bruins,91.0,away,0.7466610661,7.1949468492,True,9.0
2014-03-07,Alabama A&M Bulldogs,72.0,home,0.4724507395,-0.6810489458,True,13.0
2014-03-07,Jackson State Tigers,59.0,away,0.5275492605,0.6810489458,False,-13.0
2014-03-07,DePaul Blue Demons,46.0,home,0.4236255626,-1.8766548289,False,-33.0
2014-03-07,Butler Bulldogs,79.0,away,0.5763744374,1.8766548289,True,33.0
2014-03-07,Richmond Spiders,50.0,home,0.2799285636,-6.066629097,False,-6.0
2014-03-07,VCU Rams,56.0,away,0.7200714364,6.066629097,True,6.0
2014-03-07,Southern Jaguars,91.0,home,0.9654678663,21.5506047739,True,32.0
2014-03-07,Prairie View A&M Panthers,59.0,away,0.0345321337,-21.5506047739,False,-32.0
2014-03-07,Eastern Washington Eagles,77.0,home,0.6968487978,5.2579078755,True,8.0
2014-03-07,Idaho State Bengals,69.0,away,0.3031512022,-5.2579078755,False,-8.0
2014-03-07,Stephen F. Austin Lumberjacks,83.0,home,0.8620009634,10.6215418269,True,11.0
2014-03-07,Oral Roberts Golden Eagles,72.0,away,0.1379990366,-10.6215418269,False,-11.0
2014-03-07,New Mexico State Aggies,81.0,home,0.9514064218,18.8462693588,True,24.0
2014-03-07,Grand Canyon Lopes,57.0,away,0.04859357820000001,-18.8462693588,False,-24.0
2014-03-07,UC Santa Barbara Gauchos,86.0,home,0.7281256129,6.1160294839,True,9.0
2014-03-07,Hawai'i Rainbow Warriors,77.0,away,0.2718743871,-6.1160294839,False,-9.0
2014-03-07,Southern Utah Thunderbirds,77.0,home,0.1410777576,-11.5021422404,True,6.0
2014-03-07,North Dakota Fighting Hawks,71.0,away,0.8589222424,11.5021422404,False,-6.0
2014-03-07,Bradley Braves,72.0,home,0.5709040034,1.6077499827,False,-2.0
2014-03-07,Loyola Chicago Ramblers,74.0,away,0.4290959966,-1.6077499827,True,2.0
2014-03-07,Eastern Kentucky Colonels,84.0,home,0.7654227188999999,7.6476930065,True,8.0
2014-03-07,Southeast Missouri State Redhawks,76.0,away,0.2345772811,-7.6476930065,False,-8.0
2014-03-07,UC Riverside Highlanders,78.0,home,0.7452150278,6.7723976395,True,13.0
2014-03-07,UC Davis Aggies,65.0,away,0.2547849722,-6.7723976395,False,-13.0
2014-03-07,Marist Red Foxes,76.0,home,0.6213429655,3.2860662298,False,-2.0
2014-03-07,Niagara Purple Eagles,78.0,away,0.3786570345,-3.2860662298,True,2.0
2014-03-07,Portland State Vikings,66.0,home,0.34494972279999997,-3.8260209818,True,7.0
2014-03-07,Weber State Wildcats,59.0,away,0.6550502772,3.8260209818,False,-7.0
2014-03-07,Cal State Fullerton Titans,44.0,home,0.3310405059,-4.3339556844,False,-18.0
2014-03-07,UC Irvine Anteaters,62.0,away,0.6689594941,4.3339556844,True,18.0
2014-03-07,Cal State Northridge Matadors,91.0,home,0.4727638505,-0.6884507327,True,8.0
2014-03-07,Long Beach State Beach,83.0,away,0.5272361495,0.6884507327,False,-8.0
2014-03-07,Sacramento State Hornets,55.0,home,0.48620929230000004,-0.2994371102,False,-15.0
2014-03-07,Montana Grizzlies,70.0,away,0.5137907077,0.2994371102,True,15.0
2014-03-07,Pacific Tigers,64.0,home,0.5558382599,1.3511700303,False,-17.0
2014-03-07,Santa Clara Broncos,81.0,away,0.4441617401,-1.3511700303,True,17.0
2014-03-07,Washington State Cougars,68.0,home,0.6346840861,3.3586558775,False,-11.0
2014-03-07,USC Trojans,79.0,away,0.3653159139,-3.3586558775,True,11.0
2014-03-01,Virginia Cavaliers,75.0,home,0.7025895889,4.5363037126,True,19.0
2014-03-01,Syracuse Orange,56.0,away,0.2974104111,-4.5363037126,False,-19.0
2014-03-02,Oklahoma State Cowboys,72.0,home,0.553483763,1.4058620477,True,7.0
2014-03-02,Kansas Jayhawks,65.0,away,0.44651623700000004,-1.4058620477,False,-7.0
2014-03-02,Kansas State Wildcats,80.0,home,0.4346088063,-1.7107366141,True,7.0
2014-03-02,Iowa State Cyclones,73.0,away,0.5653911937,1.7107366141,False,-7.0
2014-03-01,UConn Huskies,51.0,home,0.6931895729,4.7863079589,True,6.0
2014-03-01,Cincinnati Bearcats,45.0,away,0.3068104271,-4.7863079589,False,-6.0
2014-03-01,Florida Gators,79.0,home,0.9291658905,16.0065579216,True,18.0
2014-03-01,LSU Tigers,61.0,away,0.0708341095,-16.0065579216,False,-18.0
2014-03-01,VCU Rams,67.0,home,0.7656806079999999,7.9303311837,True,11.0
2014-03-01,Saint Louis Billikens,56.0,away,0.234319392,-7.9303311837,False,-11.0
2014-03-02,Fresno State Bulldogs,67.0,home,0.1512306261,-10.6356071961,False,-15.0
2014-03-02,San Diego State Aztecs,82.0,away,0.8487693739,10.6356071961,True,15.0
2014-03-01,Memphis Tigers,72.0,home,0.2396506129,-7.6712270388,True,6.0
2014-03-01,Louisville Cardinals,66.0,away,0.7603493871000001,7.6712270388,False,-6.0
2014-03-01,Wichita State Shockers,68.0,home,0.9534665372,18.1483479912,True,23.0
2014-03-01,Missouri State Bears,45.0,away,0.0465334628,-18.1483479912,False,-23.0
2014-03-01,Xavier Musketeers,75.0,home,0.367114008,-3.2937056479,True,6.0
2014-03-01,Creighton Bluejays,69.0,away,0.632885992,3.2937056479,False,-6.0
2014-03-01,South Carolina Gamecocks,72.0,home,0.1322246736,-11.9309812183,True,5.0
2014-03-01,Kentucky Wildcats,67.0,away,0.8677753264,11.9309812183,False,-5.0
2014-03-01,Virginia Tech Hokies,56.0,home,0.1456905385,-11.4184115813,False,-4.0
2014-03-01,North Carolina Tar Heels,60.0,away,0.8543094615,11.4184115813,True,4.0
2014-03-01,Michigan Wolverines,66.0,home,0.9215542499,14.0266201703,True,10.0
2014-03-01,Minnesota Golden Gophers,56.0,away,0.0784457501,-14.0266201703,False,-10.0
2014-03-01,Michigan State Spartans,46.0,home,0.9185370691999999,14.2540812708,False,-7.0
2014-03-01,Illinois Fighting Illini,53.0,away,0.0814629308,-14.2540812708,True,7.0
2014-03-01,Lipscomb Bisons,83.0,home,0.8766499754,12.1535171971,True,7.0
2014-03-01,Stetson Hatters,76.0,away,0.1233500246,-12.1535171971,False,-7.0
2014-03-01,Tennessee Volunteers,76.0,home,0.8712789968999999,10.8284816839,True,38.0
2014-03-01,Vanderbilt Commodores,38.0,away,0.1287210031,-10.8284816839,False,-38.0
2014-03-01,Buffalo Bulls,78.0,home,0.8916654024999999,13.2567442753,True,23.0
2014-03-01,Miami (OH) RedHawks,55.0,away,0.10833459750000002,-13.2567442753,False,-23.0
2014-03-01,SMU Mustangs,70.0,home,0.9550792669,19.2919737127,True,15.0
2014-03-01,UCF Knights,55.0,away,0.044920733100000006,-19.2919737127,False,-15.0
2014-03-01,Oklahoma Sooners,77.0,home,0.6380943407,3.9474002578,True,12.0
2014-03-01,Texas Longhorns,65.0,away,0.36190565929999996,-3.9474002578,False,-12.0
2014-03-01,Dayton Flyers,86.0,home,0.5562650472,1.4922672926,True,7.0
2014-03-01,Massachusetts Minutemen,79.0,away,0.4437349528,-1.4922672926,False,-7.0
2014-03-01,NC State Wolfpack,70.0,home,0.7717737119,6.7816011886,False,-15.0
2014-03-01,Miami Hurricanes,85.0,away,0.2282262881,-6.7816011886,True,15.0
2014-03-01,Rutgers Scarlet Knights,74.0,home,0.7336662006,6.3971317821,True,1.0
2014-03-01,South Florida Bulls,73.0,away,0.2663337994,-6.3971317821,False,-1.0
2014-03-01,Northeastern Huskies,54.0,home,0.347279794,-3.6232966899,True,2.0
2014-03-01,Drexel Dragons,52.0,away,0.652720206,3.6232966899,False,-2.0
2014-03-01,Indiana State Sycamores,69.0,home,0.5642450897,1.55793642,False,-2.0
2014-03-01,Northern Iowa Panthers,71.0,away,0.4357549103,-1.55793642,True,2.0
2014-03-01,Mercer Bears,69.0,home,0.9731790438,23.0921179432,True,14.0
2014-03-01,Jacksonville Dolphins,55.0,away,0.026820956200000003,-23.0921179432,False,-14.0
2014-03-01,Northern Kentucky Norse,72.0,home,0.4215559463,-1.8473847277,False,-20.0
2014-03-01,Florida Gulf Coast Eagles,92.0,away,0.5784440537,1.8473847277,True,20.0
2014-03-01,Missouri Tigers,85.0,home,0.9337532445,16.835368163,True,19.0
2014-03-01,Mississippi State Bulldogs,66.0,away,0.0662467555,-16.835368163,False,-19.0
2014-03-01,Kennesaw State Owls,77.0,home,0.3316337441,-4.5043333537,False,-10.0
2014-03-01,North Florida Ospreys,87.0,away,0.6683662559,4.5043333537,True,10.0
2014-03-01,Baylor Bears,59.0,home,0.8654094113,10.2529926586,True,10.0
2014-03-01,Texas Tech Red Raiders,49.0,away,0.1345905887,-10.2529926586,False,-10.0
2014-03-01,West Virginia Mountaineers,81.0,home,0.9636689842,20.5339595228,True,22.0
2014-03-01,TCU Horned Frogs,59.0,away,0.0363310158,-20.5339595228,False,-22.0
2014-03-01,Ohio Bobcats,61.0,home,0.8013281365,8.5998171209,False,-14.0
2014-03-01,Kent State Golden Flashes,75.0,away,0.19867186349999996,-8.5998171209,True,14.0
2014-03-01,Eastern Michigan Eagles,56.0,home,0.8752423635,11.4705327383,True,4.0
2014-03-01,Northern Illinois Huskies,52.0,away,0.1247576365,-11.4705327383,False,-4.0
2014-03-01,Ball State Cardinals,74.0,home,0.4878992583,-0.2990233624,True,3.0
2014-03-01,Central Michigan Chippewas,71.0,away,0.5121007417,0.2990233624,False,-3.0
2014-03-01,UIC Flames,61.0,home,0.2888448903,-5.4088389476,False,-7.0
2014-03-01,Wright State Raiders,68.0,away,0.7111551097000001,5.4088389476,True,7.0
2014-03-01,Notre Dame Fighting Irish,81.0,home,0.2350715663,-6.7967574332,False,-4.0
2014-03-01,Pittsburgh Panthers,85.0,away,0.7649284337000001,6.7967574332,True,4.0
2014-03-01,Utah Utes,75.0,home,0.7663274132,7.4410335798,True,11.0
2014-03-01,Colorado Buffaloes,64.0,away,0.2336725868,-7.4410335798,False,-11.0
2014-03-01,Charleston Cougars,86.0,home,0.2869513307,-5.7738401124,False,-3.0
2014-03-01,Delaware Blue Hens,89.0,away,0.7130486693,5.7738401124,True,3.0
2014-03-01,Rhode Island Rams,66.0,home,0.3826750668,-2.8430811657,True,23.0
2014-03-01,Richmond Spiders,43.0,away,0.6173249332,2.8430811657,False,-23.0
2014-03-01,Navy Midshipmen,65.0,home,0.6639836267,4.0593846848,False,-2.0
2014-03-01,Loyola Maryland Greyhounds,67.0,away,0.3360163733,-4.0593846848,True,2.0
2014-03-01,Lehigh Mountain Hawks,57.0,home,0.5674746687,1.6062749987,False,-17.0
2014-03-01,Colgate Raiders,74.0,away,0.4325253313,-1.6062749987,True,17.0
2014-03-01,American University Eagles,51.0,home,0.7389271009000001,5.7832283185,False,-5.0
2014-03-01,Bucknell Bison,56.0,away,0.2610728991,-5.7832283185,True,5.0
2014-03-01,Holy Cross Crusaders,64.0,home,0.5871177402,2.1519383365,False,-4.0
2014-03-01,Boston University Terriers,68.0,away,0.4128822598,-2.1519383365,True,4.0
2014-03-01,Mount St. Mary's Mountaineers,78.0,home,0.7986055761,8.5230687766,True,23.0
2014-03-01,Saint Francis Red Flash,55.0,away,0.20139442389999998,-8.5230687766,False,-23.0
2014-03-01,Coastal Carolina Chanticleers,63.0,home,0.3893592097,-2.9061855427,True,2.0
2014-03-01,Charleston Southern Buccaneers,61.0,away,0.6106407903,2.9061855427,False,-2.0
2014-03-01,Alabama Crimson Tide,73.0,home,0.7158173489,5.7198875375,True,16.0
2014-03-01,Auburn Tigers,57.0,away,0.2841826511,-5.7198875375,False,-16.0
2014-03-01,Omaha Mavericks,95.0,home,0.6686913713,4.7904727265,False,-1.0
2014-03-01,Purdue Fort Wayne Mastodons,96.0,away,0.3313086287,-4.7904727265,True,1.0
2014-03-01,North Dakota Fighting Hawks,69.0,home,0.6903533985,5.3915457794,True,2.0
2014-03-01,Eastern Washington Eagles,67.0,away,0.3096466015,-5.3915457794,False,-2.0
2014-03-01,Drake Bulldogs,71.0,home,0.7736646371,7.1082520185,True,5.0
2014-03-01,Bradley Braves,66.0,away,0.22633536290000003,-7.1082520185,False,-5.0
2014-03-01,St. Bonaventure Bonnies,74.0,home,0.5961460525,2.4388204699,False,-9.0
2014-03-01,Saint Joseph's Hawks,83.0,away,0.4038539475,-2.4388204699,True,9.0
2014-03-01,Army Black Knights,87.0,home,0.6859288448999998,4.935434933,True,3.0
2014-03-01,Lafayette Leopards,84.0,away,0.3140711551,-4.935434933,False,-3.0
2014-03-01,Sacred Heart Pioneers,70.0,home,0.6809019172,5.0002155539,False,-3.0
2014-03-01,Central Connecticut Blue Devils,73.0,away,0.3190980828,-5.0002155539,True,3.0
2014-03-01,USC Trojans,63.0,home,0.1474030988,-11.9203509145,False,-15.0
2014-03-01,Oregon Ducks,78.0,away,0.8525969012,11.9203509145,True,15.0
2014-03-01,San Diego Toreros,70.0,home,0.2729952678,-6.3739976833,False,-8.0
2014-03-01,BYU Cougars,78.0,away,0.7270047322,6.3739976833,True,8.0
2014-03-01,Valparaiso Beacons,52.0,home,0.47817795519999995,-0.5175340421,False,-11.0
2014-03-01,Cleveland State Vikings,63.0,away,0.5218220448,0.5175340421,True,11.0
2014-03-01,Detroit Mercy Titans,66.0,home,0.3048889796,-5.2840747537,False,-9.0
2014-03-01,Green Bay Phoenix,75.0,away,0.6951110204,5.2840747537,True,9.0
2014-03-01,Arkansas Razorbacks,87.0,home,0.8790092882,13.0431867091,True,12.0
2014-03-01,Georgia Bulldogs,75.0,away,0.1209907118,-13.0431867091,False,-12.0
2014-03-01,Loyola Chicago Ramblers,72.0,home,0.6298664377,3.1958425766,False,-3.0
2014-03-01,Evansville Purple Aces,75.0,away,0.3701335623,-3.1958425766,True,3.0
2014-03-01,Air Force Falcons,67.0,home,0.3145948881,-4.7594507145,False,-26.0
2014-03-01,UNLV Rebels,93.0,away,0.6854051119000001,4.7594507145,True,26.0
2014-03-01,Towson Tigers,70.0,home,0.7349555676,6.0847865085,True,2.0
2014-03-01,William & Mary Tribe,68.0,away,0.2650444324,-6.0847865085,False,-2.0
2014-03-01,Wake Forest Demon Deacons,72.0,home,0.7869505991,7.8760598666,False,-8.0
2014-03-01,Boston College Eagles,80.0,away,0.2130494009,-7.8760598666,True,8.0
2014-03-01,Winthrop Eagles,82.0,home,0.9508401259,17.9989524012,True,22.0
2014-03-01,Presbyterian Blue Hose,60.0,away,0.049159874099999994,-17.9989524012,False,-22.0
2014-03-01,Southern Illinois Salukis,66.0,home,0.5810663901,2.0288096667,True,1.0
2014-03-01,Illinois State Redbirds,65.0,away,0.4189336099,-2.0288096667,False,-1.0
2014-03-01,Coppin State Eagles,67.0,home,0.8090984429,9.0243451532,False,-1.0
2014-03-01,Maryland Eastern Shore Hawks,68.0,away,0.1909015571,-9.0243451532,True,1.0
2014-03-01,Morgan State Bears,65.0,home,0.9249966116,15.5119178316,True,4.0
2014-03-01,Bethune-Cookman Wildcats,61.0,away,0.0750033884,-15.5119178316,False,-4.0
2014-03-01,McNeese Cowboys,95.0,home,0.6961035692,5.0926318968,True,4.0
2014-03-01,Abilene Christian Wildcats,91.0,away,0.3038964308,-5.0926318968,False,-4.0
2014-03-01,Long Island University Sharks,62.0,home,0.3281393589,-4.602516908,False,-19.0
2014-03-01,Bryant Bulldogs,81.0,away,0.6718606411,4.602516908,True,19.0
2014-03-01,Longwood Lancers,66.0,home,0.1580073872,-12.1587100917,False,-20.0
2014-03-01,VMI Keydets,86.0,away,0.8419926128,12.1587100917,True,20.0
2014-03-01,UNC Asheville Bulldogs,83.0,home,0.5571859445,1.4832620585,True,12.0
2014-03-01,Gardner-Webb Runnin' Bulldogs,71.0,away,0.4428140555,-1.4832620585,False,-12.0
2014-03-01,Nicholls Colonels,67.0,home,0.6239438504,3.2463298831,False,-2.0
2014-03-01,Incarnate Word Cardinals,69.0,away,0.37605614959999994,-3.2463298831,True,2.0
2014-03-01,Liberty Flames,83.0,home,0.5531963527,1.3060164375,False,-4.0
2014-03-01,Radford Highlanders,87.0,away,0.4468036473,-1.3060164375,True,4.0
2014-03-01,North Carolina Central Eagles,86.0,home,0.9852717401,25.2635493626,True,42.0
2014-03-01,South Carolina State Bulldogs,44.0,away,0.0147282599,-25.2635493626,False,-42.0
2014-03-01,Delaware State Hornets,53.0,home,0.834880031,9.2140049144,False,-2.0
2014-03-01,Howard Bison,55.0,away,0.165119969,-9.2140049144,True,2.0
2014-03-01,Nebraska Cornhuskers,54.0,home,0.7854206554,7.4665501669,True,7.0
2014-03-01,Northwestern Wildcats,47.0,away,0.2145793446,-7.4665501669,False,-7.0
2014-03-01,Fordham Rams,62.0,home,0.2695608347,-6.2817727602,False,-2.0
2014-03-01,La Salle Explorers,64.0,away,0.7304391652999999,6.2817727602,True,2.0
2014-03-01,South Dakota State Jackrabbits,75.0,home,0.7791980598000001,7.9303127196,True,14.0
2014-03-01,South Dakota Coyotes,61.0,away,0.2208019402,-7.9303127196,False,-14.0
2014-03-01,UT Martin Skyhawks,85.0,home,0.4212664346,-2.1715664299,False,-3.0
2014-03-01,Austin Peay Governors,88.0,away,0.5787335654,2.1715664299,True,3.0
2014-03-01,Central Arkansas Bears,76.0,home,0.7207681249,6.5709917668,True,7.0
2014-03-01,Lamar Cardinals,69.0,away,0.2792318751,-6.5709917668,False,-7.0
2014-03-01,St. Francis Brooklyn Terriers,79.0,home,0.8857245590000001,12.7527547432,True,23.0
2014-03-01,Fairleigh Dickinson Knights,56.0,away,0.114275441,-12.7527547432,False,-23.0
2014-03-01,Jacksonville State Gamecocks,53.0,home,0.1763135299,-9.2562190267,False,-23.0
2014-03-01,Belmont Bruins,76.0,away,0.8236864700999998,9.2562190267,True,23.0
2014-03-01,SE Louisiana Lions,62.0,home,0.11857526190000002,-11.6933733586,False,-13.0
2014-03-01,Stephen F. Austin Lumberjacks,75.0,away,0.8814247381,11.6933733586,True,13.0
2014-03-01,UL Monroe Warhawks,46.0,home,0.7359821887,5.9706600317,False,-15.0
2014-03-01,Troy Trojans,61.0,away,0.2640178113,-5.9706600317,True,15.0
2014-03-01,Texas State Bobcats,55.0,home,0.18798048440000004,-8.4024363089,False,-11.0
2014-03-01,Georgia State Panthers,66.0,away,0.8120195156,8.4024363089,True,11.0
2014-03-01,Toledo Rockets,96.0,home,0.7523555968,7.2305794722,True,11.0
2014-03-01,Western Michigan Broncos,85.0,away,0.24764440319999997,-7.2305794722,False,-11.0
2014-03-01,Pacific Tigers,68.0,home,0.6062606289,2.7262625921,True,3.0
2014-03-01,Portland Pilots,65.0,away,0.3937393711,-2.7262625921,False,-3.0
2014-03-01,Texas A&M Aggies,71.0,home,0.5271586887,0.678213243,True,11.0
2014-03-01,Ole Miss Rebels,60.0,away,0.4728413113,-0.678213243,False,-11.0
2014-03-01,Arizona State Sun Devils,78.0,home,0.7488325651,7.0947854721,True,18.0
2014-03-01,California Golden Bears,60.0,away,0.2511674349,-7.0947854721,False,-18.0
2014-03-01,Wagner Seahawks,59.0,home,0.5578906407,1.4858508877,True,11.0
2014-03-01,Robert Morris Colonials,48.0,away,0.4421093593,-1.4858508877,False,-11.0
2014-03-01,Princeton Tigers,69.0,home,0.7717742087,7.6502800344,True,5.0
2014-03-01,Brown Bears,64.0,away,0.2282257913,-7.6502800344,False,-5.0
2014-03-01,Wyoming Cowboys,63.0,home,0.4795532242,-0.4543420378,False,-9.0
2014-03-01,Boise State Broncos,72.0,away,0.5204467758,0.4543420378,True,9.0
2014-03-01,SIU Edwardsville Cougars,74.0,home,0.6431530957,3.6270087835,False,-4.0
2014-03-01,Eastern Illinois Panthers,78.0,away,0.3568469043,-3.6270087835,True,4.0
2014-03-01,Hampton Pirates,61.0,home,0.8174296847,9.9650697816,True,8.0
2014-03-01,Norfolk State Spartans,53.0,away,0.18257031529999998,-9.9650697816,False,-8.0
2014-03-01,Southeast Missouri State Redhawks,118.0,home,0.5087695876,0.2336828799,True,3.0
2014-03-01,Murray State Racers,115.0,away,0.4912304124,-0.2336828799,False,-3.0
2014-03-01,Jackson State Tigers,82.0,home,0.8840016587000001,13.876786151,True,18.0
2014-03-01,Mississippi Valley State Delta Devils,64.0,away,0.1159983413,-13.876786151,False,-18.0
2014-03-01,Middle Tennessee Blue Raiders,65.0,home,0.9759477526000001,22.0238938645,True,24.0
2014-03-01,Rice Owls,41.0,away,0.0240522474,-22.0238938645,False,-24.0
2014-03-01,North Carolina A&T Aggies,67.0,home,0.4894083886,-0.2649289192,False,-4.0
2014-03-01,Savannah State Tigers,71.0,away,0.5105916114,0.2649289192,True,4.0
2014-03-01,Grambling Tigers,52.0,home,0.17454195299999997,-9.743538623,False,-9.0
2014-03-01,Arkansas-Pine Bluff Golden Lions,61.0,away,0.825458047,9.743538623,True,9.0
2014-03-01,Prairie View A&M Panthers,65.0,home,0.596744741,2.4777033463,False,-7.0
2014-03-01,Alabama A&M Bulldogs,72.0,away,0.403255259,-2.4777033463,True,7.0
2014-03-02,Wofford Terriers,71.0,home,0.9042905568,13.7126313591,False,-2.0
2014-03-02,UNC Greensboro Spartans,73.0,away,0.0957094432,-13.7126313591,True,2.0
2014-03-02,Elon Phoenix,69.0,home,0.4797984035,-0.5124286058,False,-17.0
2014-03-02,Davidson Wildcats,86.0,away,0.5202015965,0.5124286058,True,17.0
2014-03-02,Samford Bulldogs,93.0,home,0.2759887463,-6.1342372241,True,7.0
2014-03-02,Western Carolina Catamounts,86.0,away,0.7240112537000001,6.1342372241,False,-7.0
2014-03-02,Akron Zips,57.0,home,0.736770243,6.3965001691,True,10.0
2014-03-02,Bowling Green Falcons,47.0,away,0.263229757,-6.3965001691,False,-10.0
2014-03-02,Chattanooga Mocs,63.0,home,0.8241759629,10.1100951406,True,19.0
2014-03-02,App State Mountaineers,44.0,away,0.17582403710000002,-10.1100951406,False,-19.0
2014-03-02,Pennsylvania Quakers,63.0,home,0.4250684268,-1.9450693712,False,-7.0
2014-03-02,Yale Bulldogs,70.0,away,0.5749315732,1.9450693712,True,7.0
2014-03-02,Dartmouth Big Green,87.0,home,0.919342255,14.3573611214,True,9.0
2014-03-02,Cornell Big Red,78.0,away,0.080657745,-14.3573611214,False,-9.0
2014-03-02,Harvard Crimson,80.0,home,0.9194867833000001,13.7816853531,True,33.0
2014-03-02,Columbia Lions,47.0,away,0.0805132167,-13.7816853531,False,-33.0
2014-03-02,Hofstra Pride,82.0,home,0.6362370835,3.3473376046,True,11.0
2014-03-02,James Madison Dukes,71.0,away,0.3637629165,-3.3473376046,False,-11.0
2014-03-02,Eastern Kentucky Colonels,70.0,home,0.9563548995,18.5417618195,True,4.0
2014-03-02,Tennessee State Tigers,66.0,away,0.0436451005,-18.5417618195,False,-4.0
2014-03-02,The Citadel Bulldogs,80.0,home,0.3057046198,-5.0721542456,True,17.0
2014-03-02,Georgia Southern Eagles,63.0,away,0.6942953802000001,5.0721542456,False,-17.0
2014-03-02,Alcorn State Braves,54.0,home,0.1682211275,-9.6437343475,False,-13.0
2014-03-02,Southern Jaguars,67.0,away,0.8317788724999999,9.6437343475,True,13.0
2014-03-02,Youngstown State Penguins,81.0,home,0.7534744403000001,7.0956850126,False,-6.0
2014-03-02,Oakland Golden Grizzlies,87.0,away,0.2465255597,-7.0956850126,True,6.0
2014-03-02,New Orleans Privateers,71.0,home,0.4015659992,-3.0073674332,False,-13.0
2014-03-02,Northwestern State Demons,84.0,away,0.5984340008,3.0073674332,True,13.0
2014-03-02,Morehead State Eagles,84.0,home,0.8219579928,10.208237505,False,-7.0
2014-03-02,Tennessee Tech Golden Eagles,91.0,away,0.17804200720000002,-10.208237505,True,7.0
2014-03-02,Pepperdine Waves,78.0,home,0.6144648496,2.8470731591,False,-8.0
2014-03-02,Santa Clara Broncos,86.0,away,0.3855351504,-2.8470731591,True,8.0
2014-03-02,San José State Spartans,58.0,home,0.1699832874,-9.2072916033,False,-17.0
2014-03-02,Utah State Aggies,75.0,away,0.8300167126,9.2072916033,True,17.0
2014-03-02,Texas A&M-Corpus Christi Islanders,65.0,home,0.8309369059000001,9.7287293903,True,20.0
2014-03-02,Houston Christian Huskies,45.0,away,0.16906309410000003,-9.7287293903,False,-20.0
2014-03-02,UC Davis Aggies,54.0,home,0.1339488357,-11.0377998638,False,-13.0
2014-03-02,UC Santa Barbara Gauchos,67.0,away,0.8660511643,11.0377998638,True,13.0
2014-03-02,Little Rock Trojans,74.0,home,0.3378864938,-4.4105733583,True,7.0
2014-03-02,Arkansas State Red Wolves,67.0,away,0.6621135062000001,4.4105733583,False,-7.0
2014-03-02,North Dakota State Bison,78.0,home,0.871851623,10.1633460531,True,10.0
2014-03-02,Denver Pioneers,68.0,away,0.128148377,-10.1633460531,False,-10.0
2014-03-02,Western Illinois Leathernecks,75.0,home,0.8406556763,9.5847522387,True,5.0
2014-03-02,IU Indianapolis Jaguars,70.0,away,0.1593443237,-9.5847522387,False,-5.0
2014-03-02,Cal State Fullerton Titans,84.0,home,0.4953293224,-0.116170914,True,8.0
2014-03-02,Long Beach State Beach,76.0,away,0.5046706776,0.116170914,False,-8.0
2014-03-02,Oral Roberts Golden Eagles,80.0,home,0.6074395689,2.6556768788,True,7.0
2014-03-02,Sam Houston Bearkats,73.0,away,0.3925604311,-2.6556768788,False,-7.0
2014-03-02,UT Arlington Mavericks,80.0,home,0.5583097577,1.522990049,True,7.0
2014-03-02,Western Kentucky Hilltoppers,73.0,away,0.4416902423,-1.522990049,False,-7.0
2014-03-02,Grand Canyon Lopes,84.0,home,0.8386180634,10.7164418783,True,10.0
2014-03-02,Chicago State Cougars,74.0,away,0.1613819366,-10.7164418783,False,-10.0
2014-03-02,Montana Grizzlies,82.0,home,0.9694205394,19.5323488684,True,28.0
2014-03-02,Southern Utah Thunderbirds,54.0,away,0.0305794606,-19.5323488684,False,-28.0
2014-03-02,Weber State Wildcats,71.0,home,0.8995373663000001,12.7160136402,False,-2.0
2014-03-02,Northern Arizona Lumberjacks,73.0,away,0.1004626337,-12.7160136402,True,2.0
2014-03-02,Utah Valley Wolverines,45.0,home,0.8836874531,11.8155857571,True,3.0
2014-03-02,UT Rio Grande Valley Vaqueros,42.0,away,0.11631254689999998,-11.8155857571,False,-3.0
2014-03-02,Temple Owls,79.0,home,0.7661995063,7.5868146766,False,-10.0
2014-03-02,Houston Cougars,89.0,away,0.23380049370000003,-7.5868146766,True,10.0
2014-03-02,Northern Colorado Bears,68.0,home,0.8238254062,9.2182365156,False,-9.0
2014-03-02,Portland State Vikings,77.0,away,0.1761745938,-9.2182365156,True,9.0
2014-03-02,Loyola Marymount Lions,61.0,home,0.409055642,-2.4039113341,False,-4.0
2014-03-02,San Francisco Dons,65.0,away,0.590944358,2.4039113341,True,4.0
2014-03-02,Saint Mary's Gaels,47.0,home,0.49400051680000007,-0.1385355906,False,-28.0
2014-03-02,Gonzaga Bulldogs,75.0,away,0.5059994832,0.1385355906,True,28.0
2014-03-02,Idaho State Bengals,80.0,home,0.7442966058,6.117814993,True,13.0
2014-03-02,Sacramento State Hornets,67.0,away,0.2557033942,-6.117814993,False,-13.0
2014-03-02,Texas Southern Tigers,86.0,home,0.7957931126,8.8154062694,True,20.0
2014-03-02,Alabama State Hornets,66.0,away,0.20420688739999998,-8.8154062694,False,-20.0
2014-03-02,UC Riverside Highlanders,106.0,home,0.5216186362,0.5573086557,True,1.0
2014-03-02,Cal State Northridge Matadors,105.0,away,0.4783813638,-0.5573086557,False,-1.0
2014-03-02,Seattle U Redhawks,76.0,home,0.7240261617,6.0844436305,True,8.0
2014-03-02,Idaho Vandals,68.0,away,0.2759738383,-6.0844436305,False,-8.0
2014-03-02,UC Irvine Anteaters,55.0,home,0.8315980538,8.937881576,True,7.0
2014-03-02,Cal Poly Mustangs,48.0,away,0.1684019462,-8.937881576,False,-7.0
2014-03-02,Cal State Bakersfield Roadrunners,57.0,home,0.320052173,-4.6919420465,False,-15.0
2014-03-02,New Mexico State Aggies,72.0,away,0.679947827,4.6919420465,True,15.0
2014-03-09,Delaware Blue Hens,87.0,home,0.7888606526,8.5295287112,True,13.0
2014-03-09,Northeastern Huskies,74.0,away,0.2111393474,-8.5295287112,False,-13.0
2014-03-09,Ohio State Buckeyes,69.0,home,0.6133174978,2.7814546686,True,2.0
2014-03-09,Michigan State Spartans,67.0,away,0.3866825022,-2.7814546686,False,-2.0
2014-03-09,Wichita State Shockers,83.0,home,0.8994628523999999,13.3106123912,True,14.0
2014-03-09,Indiana State Sycamores,69.0,away,0.1005371476,-13.3106123912,False,-14.0
2014-03-09,Maryland Terrapins,75.0,home,0.2667449263,-6.059654306,True,6.0
2014-03-09,Virginia Cavaliers,69.0,away,0.7332550737,6.059654306,False,-6.0
2014-03-09,Nebraska Cornhuskers,77.0,home,0.2234998264,-7.3006419842,True,9.0
2014-03-09,Wisconsin Badgers,68.0,away,0.7765001736000001,7.3006419842,False,-9.0
2014-03-09,Florida State Seminoles,58.0,home,0.5816266036,1.9206112147,False,-16.0
2014-03-09,Syracuse Orange,74.0,away,0.4183733964,-1.9206112147,True,16.0
2014-03-09,Purdue Boilermakers,65.0,home,0.8263879318,9.446211233,False,-9.0
2014-03-09,Northwestern Wildcats,74.0,away,0.1736120682,-9.446211233,True,9.0
2014-03-09,Coastal Carolina Chanticleers,76.0,home,0.5416904857,1.0360462146,True,15.0
2014-03-09,Winthrop Eagles,61.0,away,0.4583095143,-1.0360462146,False,-15.0
2014-03-09,Florida Gulf Coast Eagles,60.0,home,0.2914963015,-5.4140983216,False,-8.0
2014-03-09,Mercer Bears,68.0,away,0.7085036985,5.4140983216,True,8.0
2014-03-09,Massachusetts Minutemen,62.0,home,0.6927297029999999,5.4867638926,False,-2.0
2014-03-09,Saint Louis Billikens,64.0,away,0.307270297,-5.4867638926,True,2.0
2014-03-09,Saint Joseph's Hawks,63.0,home,0.757196118,6.8206209067,False,-8.0
2014-03-09,La Salle Explorers,71.0,away,0.242803882,-6.8206209067,True,8.0
2014-03-09,UAlbany Great Danes,67.0,home,0.17436007670000003,-8.7551966889,True,9.0
2014-03-09,Vermont Catamounts,58.0,away,0.8256399233,8.7551966889,False,-9.0
2014-03-09,Minnesota Golden Gophers,81.0,home,0.7416797797,6.4218020529,True,18.0
2014-03-09,Penn State Nittany Lions,63.0,away,0.2583202203,-6.4218020529,False,-18.0
2014-03-09,NC State Wolfpack,78.0,home,0.7877715108,7.738541934,True,10.0
2014-03-09,Boston College Eagles,68.0,away,0.2122284892,-7.738541934,False,-10.0
2014-03-09,Manhattan Jaspers,87.0,home,0.7068737502000001,6.0034513325,True,19.0
2014-03-09,Quinnipiac Bobcats,68.0,away,0.2931262498,-6.0034513325,False,-19.0
2014-03-09,Denver Pioneers,71.0,home,0.7667452653,6.5272560447,True,16.0
2014-03-09,South Dakota Coyotes,55.0,away,0.2332547347,-6.5272560447,False,-16.0
2014-03-09,Iona Gaels,75.0,home,0.7300815875,6.4571306995,True,3.0
2014-03-09,Canisius Golden Griffins,72.0,away,0.2699184125,-6.4571306995,False,-3.0
2014-03-09,Stony Brook Seawolves,69.0,home,0.7008490943,4.9345199635,True,5.0
2014-03-09,Hartford Hawks,64.0,away,0.2991509057,-4.9345199635,False,-5.0
2014-03-09,Davidson Wildcats,97.0,home,0.7905509054999998,8.4790720542,False,-2.0
2014-03-09,Western Carolina Catamounts,99.0,away,0.20944909449999996,-8.4790720542,True,2.0
2014-03-09,Towson Tigers,71.0,home,0.6074483093,2.5690484365,False,-4.0
2014-03-09,William & Mary Tribe,75.0,away,0.3925516907,-2.5690484365,True,4.0
2014-03-10,Wofford Terriers,71.0,home,0.8108117548,8.4390076291,True,14.0
2014-03-10,Georgia Southern Eagles,57.0,away,0.18918824520000002,-8.4390076291,False,-14.0
2014-03-10,South Dakota State Jackrabbits,71.0,home,0.715603624,5.3079386924,True,21.0
2014-03-10,Western Illinois Leathernecks,50.0,away,0.284396376,-5.3079386924,False,-21.0
2014-03-10,North Dakota State Bison,83.0,home,0.7768872834,6.4745735206,True,35.0
2014-03-10,Denver Pioneers,48.0,away,0.22311271660000004,-6.4745735206,False,-35.0
2014-03-10,Iona Gaels,68.0,home,0.5237555826,0.6495981109,False,-3.0
2014-03-10,Manhattan Jaspers,71.0,away,0.4762444174,-0.6495981109,True,3.0
2014-03-10,Eastern Michigan Eagles,72.0,home,0.9009388367,13.1338052321,True,12.0
2014-03-10,Central Michigan Chippewas,60.0,away,0.09906116329999999,-13.1338052321,False,-12.0
2014-03-11,Gonzaga Bulldogs,70.0,home,0.7043378414999999,4.9978778498,True,16.0
2014-03-11,Saint Mary's Gaels,54.0,away,0.2956621585,-4.9978778498,False,-16.0
2014-03-11,Northern Illinois Huskies,54.0,home,0.6281358342,3.0784101305,True,3.0
2014-03-11,Bowling Green Falcons,51.0,away,0.3718641658,-3.0784101305,False,-3.0
2014-03-10,Delaware Blue Hens,75.0,home,0.7175524279,5.9638690828,True,1.0
2014-03-10,William & Mary Tribe,74.0,away,0.2824475721,-5.9638690828,False,-1.0
2014-03-10,Miami (OH) RedHawks,71.0,home,0.5017863611,0.0436542674,True,7.0
2014-03-10,Kent State Golden Flashes,64.0,away,0.49821363890000003,-0.0436542674,False,-7.0
2014-03-10,Norfolk State Spartans,78.0,home,0.7753338886000001,7.5412120564,True,4.0
2014-03-10,Maryland Eastern Shore Hawks,74.0,away,0.2246661114,-7.5412120564,False,-4.0
2014-03-11,Wofford Terriers,56.0,home,0.6417642089000001,3.3914776107,True,3.0
2014-03-11,Western Carolina Catamounts,53.0,away,0.3582357911,-3.3914776107,False,-3.0
2014-03-10,Ohio Bobcats,76.0,home,0.9539310241,18.4648496008,True,12.0
2014-03-10,Ball State Cardinals,64.0,away,0.0460689759,-18.4648496008,False,-12.0
2014-03-11,Purdue Fort Wayne Mastodons,64.0,home,0.4961767951,-0.0950834607,True,4.0
2014-03-11,South Dakota State Jackrabbits,60.0,away,0.5038232049,0.0950834607,False,-4.0
2014-03-11,Savannah State Tigers,61.0,home,0.7753352087,7.4133814561,True,14.0
2014-03-11,South Carolina State Bulldogs,47.0,away,0.2246647913,-7.4133814561,False,-14.0
2014-03-11,BYU Cougars,79.0,home,0.7314466781,6.7240175492,True,2.0
2014-03-11,San Francisco Dons,77.0,away,0.2685533219,-6.7240175492,False,-2.0
2014-03-11,North Texas Mean Green,63.0,home,0.7237153915000001,5.9082188242,True,1.0
2014-03-11,Rice Owls,62.0,away,0.2762846085,-5.9082188242,False,-1.0
2014-03-12,Gonzaga Bulldogs,75.0,home,0.7032452521,5.7988933597,True,11.0
2014-03-12,BYU Cougars,64.0,away,0.2967547479,-5.7988933597,False,-11.0
2014-03-12,Princeton Tigers,70.0,home,0.9311912466,16.2211690961,True,5.0
2014-03-12,Pennsylvania Quakers,65.0,away,0.0688087534,-16.2211690961,False,-5.0
2014-03-11,Robert Morris Colonials,71.0,home,0.8270776627,10.0543334968,False,-17.0
2014-03-11,Mount St. Mary's Mountaineers,88.0,away,0.1729223373,-10.0543334968,True,17.0
2014-03-11,Jackson State Tigers,75.0,home,0.9363374514,16.8168475839,False,-9.0
2014-03-11,Grambling Tigers,84.0,away,0.0636625486,-16.8168475839,True,9.0
2014-03-12,North Dakota State Bison,60.0,home,0.8475886852,10.2527813292,True,3.0
2014-03-12,Purdue Fort Wayne Mastodons,57.0,away,0.1524113148,-10.2527813292,False,-3.0
2014-03-11,Coppin State Eagles,75.0,home,0.647074951,3.5667020849,True,7.0
2014-03-11,Bethune-Cookman Wildcats,68.0,away,0.352925049,-3.5667020849,False,-7.0
2014-03-12,Florida Atlantic Owls,59.0,home,0.4297516743,-1.7568659668,False,-4.0
2014-03-12,Marshall Thundering Herd,63.0,away,0.5702483257,1.7568659668,True,4.0
2014-03-11,Wright State Raiders,63.0,home,0.7500569999999999,6.7433480536,False,-6.0
2014-03-11,Milwaukee Panthers,69.0,away,0.249943,-6.7433480536,True,6.0
2014-03-11,Howard Bison,53.0,home,0.4401375214,-1.5104476796,True,6.0
2014-03-11,North Carolina A&T Aggies,47.0,away,0.5598624786,1.5104476796,False,-6.0
2014-03-12,East Carolina Pirates,79.0,home,0.8167500143999998,9.0860833275,True,3.0
2014-03-12,UTSA Roadrunners,76.0,away,0.1832499856,-9.0860833275,False,-3.0
2014-03-12,Florida A&M Rattlers,65.0,home,0.4461883981,-1.3122247046,True,4.0
2014-03-12,Delaware State Hornets,61.0,away,0.5538116019,1.3122247046,False,-4.0
2014-03-12,Prairie View A&M Panthers,79.0,home,0.608650675,3.016423358,True,16.0
2014-03-12,Mississippi Valley State Delta Devils,63.0,away,0.391349325,-3.016423358,False,-16.0
2014-03-12,Utah Utes,67.0,home,0.8503833473,10.7642566775,True,6.0
2014-03-12,Washington Huskies,61.0,away,0.1496166527,-10.7642566775,False,-6.0
2014-03-12,Miami Hurricanes,57.0,home,0.6316215022,2.8065954176,True,4.0
2014-03-12,Virginia Tech Hokies,53.0,away,0.3683784978,-2.8065954176,False,-4.0
2014-03-12,Old Dominion Monarchs,73.0,home,0.5212140923,0.5236119674,True,15.0
2014-03-12,Marshall Thundering Herd,58.0,away,0.4787859077,-0.5236119674,False,-15.0
2014-03-12,Nicholls Colonels,71.0,home,0.5057017403,0.133178047,True,7.0
2014-03-12,SE Louisiana Lions,64.0,away,0.4942982597,-0.133178047,False,-7.0
2014-03-12,Texas Southern Tigers,79.0,home,0.9543656489,19.3413368051,True,25.0
2014-03-12,Grambling Tigers,54.0,away,0.0456343511,-19.3413368051,False,-25.0
2014-03-12,Wake Forest Demon Deacons,81.0,home,0.4566219101999999,-1.0559871411,True,12.0
2014-03-12,Notre Dame Fighting Irish,69.0,away,0.5433780898,1.0559871411,False,-12.0
2014-03-12,North Carolina Central Eagles,92.0,home,0.9762001902,22.5704383939,True,46.0
2014-03-12,Howard Bison,46.0,away,0.023799809800000002,-22.5704383939,False,-46.0
2014-03-12,Tulane Green Wave,66.0,home,0.3479466924,-3.8012264739,True,5.0
2014-03-12,North Texas Mean Green,61.0,away,0.6520533075999999,3.8012264739,False,-5.0
2014-03-12,Colorado Buffaloes,59.0,home,0.8454414638,10.9316432611,True,3.0
2014-03-12,USC Trojans,56.0,away,0.1545585362,-10.9316432611,False,-3.0
2014-03-12,Utah State Aggies,73.0,home,0.5481661235,1.1189877696,True,4.0
2014-03-12,Colorado State Rams,69.0,away,0.4518338765,-1.1189877696,False,-4.0
2014-03-12,George Mason Patriots,67.0,home,0.7152344895,5.8700275989,False,-3.0
2014-03-12,Fordham Rams,70.0,away,0.2847655105,-5.8700275989,True,3.0
2014-03-12,Ohio Bobcats,63.0,home,0.8169756699,9.0185531132,True,8.0
2014-03-12,Miami (OH) RedHawks,55.0,away,0.18302433009999997,-9.0185531132,False,-8.0
2014-03-12,Georgia Tech Yellow Jackets,73.0,home,0.6202311246,2.8075888872,True,3.0
2014-03-12,Boston College Eagles,70.0,away,0.3797688754,-2.8075888872,False,-3.0
2014-03-13,UTEP Miners,77.0,home,0.7897195467,7.7154115516,True,9.0
2014-03-13,East Carolina Pirates,68.0,away,0.2102804533,-7.7154115516,False,-9.0
2014-03-12,Boston University Terriers,36.0,home,0.6981656384,4.8329284368,False,-19.0
2014-03-12,American University Eagles,55.0,away,0.3018343616,-4.8329284368,True,19.0
2014-03-12,Fresno State Bulldogs,61.0,home,0.6780656356999999,4.4385622164,True,2.0
2014-03-12,Air Force Falcons,59.0,away,0.3219343643,-4.4385622164,False,-2.0
2014-03-12,Auburn Tigers,56.0,home,0.5138847426,0.3510584765,False,-18.0
2014-03-12,South Carolina Gamecocks,74.0,away,0.4861152574,-0.3510584765,True,18.0
2014-03-12,Seton Hall Pirates,51.0,home,0.5843202458,1.9597376771,True,1.0
2014-03-12,Butler Bulldogs,50.0,away,0.4156797542,-1.9597376771,False,-1.0
2014-03-12,Oklahoma State Cowboys,80.0,home,0.8976505432999999,12.8910039515,True,18.0
2014-03-12,Texas Tech Red Raiders,62.0,away,0.10234945670000001,-12.8910039515,False,-18.0
2014-03-12,Rutgers Scarlet Knights,72.0,home,0.5438809979,1.0955000757,True,4.0
2014-03-12,South Florida Bulls,68.0,away,0.4561190021,-1.0955000757,False,-4.0
2014-03-13,Hampton Pirates,77.0,home,0.8001083023,9.4061847347,False,-6.0
2014-03-13,Coppin State Eagles,83.0,away,0.1998916977,-9.4061847347,True,6.0
2014-03-13,Oregon Ducks,88.0,home,0.810618647,9.4429543215,True,14.0
2014-03-13,Oregon State Beavers,74.0,away,0.189381353,-9.4429543215,False,-14.0
2014-03-13,Southern Jaguars,46.0,home,0.9370298358,17.138455188,False,-18.0
2014-03-13,Prairie View A&M Panthers,64.0,away,0.0629701642,-17.138455188,True,18.0
2014-03-13,Oral Roberts Golden Eagles,66.0,home,0.8402813353,10.08467973,True,4.0
2014-03-13,McNeese Cowboys,62.0,away,0.1597186647,-10.08467973,False,-4.0
2014-03-13,Vanderbilt Commodores,68.0,home,0.7850544217999998,7.7910661047,False,-14.0
2014-03-13,Mississippi State Bulldogs,82.0,away,0.21494557819999996,-7.7910661047,True,14.0
2014-03-13,Temple Owls,90.0,home,0.5425353523,1.0905972902,False,-4.0
2014-03-13,UCF Knights,94.0,away,0.4574646477,-1.0905972902,True,4.0
2014-03-13,Boise State Broncos,83.0,home,0.9576315831,18.6879918763,True,31.0
2014-03-13,San José State Spartans,52.0,away,0.0423684169,-18.6879918763,False,-31.0
2014-03-13,Eastern Michigan Eagles,53.0,home,0.770703741,7.0006703135,True,5.0
2014-03-13,Northern Illinois Huskies,48.0,away,0.229296259,-7.0006703135,False,-5.0
2014-03-13,Georgetown Hoyas,56.0,home,0.9006164759,13.5854979559,False,-4.0
2014-03-13,DePaul Blue Demons,60.0,away,0.09938352410000001,-13.5854979559,True,4.0
2014-03-13,Baylor Bears,76.0,home,0.9520839729000001,17.1132480272,True,8.0
2014-03-13,TCU Horned Frogs,68.0,away,0.0479160271,-17.1132480272,False,-8.0
2014-03-13,UAB Blazers,70.0,home,0.5349014564,0.9154268715,False,-10.0
2014-03-13,Charlotte 49ers,80.0,away,0.4650985436000001,-0.9154268715,True,10.0
2014-03-13,Stanford Cardinal,74.0,home,0.8941944845,12.3283042745,True,11.0
2014-03-13,Washington State Cougars,63.0,away,0.1058055155,-12.3283042745,False,-11.0
2014-03-08,West Virginia Mountaineers,92.0,home,0.3142127386,-5.067880251,True,6.0
2014-03-08,Kansas Jayhawks,86.0,away,0.6857872614,5.067880251,False,-6.0
2014-03-09,Duke Blue Devils,93.0,home,0.8898816431000001,13.7775810302,True,12.0
2014-03-09,North Carolina Tar Heels,81.0,away,0.11011835689999999,-13.7775810302,False,-12.0
2014-03-08,Villanova Wildcats,77.0,home,0.8767076765,12.0768922733,True,18.0
2014-03-08,Georgetown Hoyas,59.0,away,0.1232923235,-12.0768922733,False,-18.0
2014-03-08,Florida Gators,84.0,home,0.8095326931,8.501109891,True,19.0
2014-03-08,Kentucky Wildcats,65.0,away,0.1904673069,-8.501109891,False,-19.0
2014-03-08,Oregon Ducks,64.0,home,0.4309614615,-1.7679942698,True,7.0
2014-03-08,Arizona Wildcats,57.0,away,0.5690385385,1.7679942698,False,-7.0
2014-03-09,San Diego State Aztecs,51.0,home,0.8554401662,10.7831166333,True,3.0
2014-03-09,New Mexico Lobos,48.0,away,0.1445598338,-10.7831166333,False,-3.0
2014-03-08,Louisville Cardinals,81.0,home,0.8822235905,12.6299631755,True,33.0
2014-03-08,UConn Huskies,48.0,away,0.1177764095,-12.6299631755,False,-33.0
2014-03-09,Creighton Bluejays,88.0,home,0.9125548311,13.9924614666,True,15.0
2014-03-09,Providence Friars,73.0,away,0.0874451689,-13.9924614666,False,-15.0
2014-03-08,Michigan Wolverines,84.0,home,0.9189390614,14.883383303,True,4.0
2014-03-08,Indiana Hoosiers,80.0,away,0.0810609386,-14.883383303,False,-4.0
2014-03-08,Rutgers Scarlet Knights,66.0,home,0.1147696783,-12.5355644667,False,-4.0
2014-03-08,Cincinnati Bearcats,70.0,away,0.8852303217,12.5355644667,True,4.0
2014-03-08,Memphis Tigers,67.0,home,0.6381075037,3.6787993259,True,9.0
2014-03-08,SMU Mustangs,58.0,away,0.3618924963,-3.6787993259,False,-9.0
2014-03-08,Iowa State Cyclones,85.0,home,0.5660823575,1.8267368433,True,4.0
2014-03-08,Oklahoma State Cowboys,81.0,away,0.4339176424999999,-1.8267368433,False,-4.0
2014-03-09,Iowa Hawkeyes,63.0,home,0.9190966963,15.3861954138,False,-3.0
2014-03-09,Illinois Fighting Illini,66.0,away,0.0809033037,-15.3861954138,True,3.0
2014-03-08,Delaware Blue Hens,87.0,home,0.8611690396,11.8743569662,True,11.0
2014-03-08,Hofstra Pride,76.0,away,0.1388309604,-11.8743569662,False,-11.0
2014-03-08,TCU Horned Frogs,67.0,home,0.12073215870000001,-13.0324144556,False,-30.0
2014-03-08,Oklahoma Sooners,97.0,away,0.8792678413,13.0324144556,True,30.0
2014-03-08,Iona Gaels,94.0,home,0.8514081093,11.4288950177,True,23.0
2014-03-08,Rider Broncs,71.0,away,0.1485918907,-11.4288950177,False,-23.0
2014-03-08,UNC Asheville Bulldogs,79.0,home,0.4801735904,-0.5040779881,False,-1.0
2014-03-08,Winthrop Eagles,80.0,away,0.5198264096,0.5040779881,True,1.0
2014-03-08,Wagner Seahawks,72.0,home,0.8444091637,11.3492458569,False,-5.0
2014-03-08,Mount St. Mary's Mountaineers,77.0,away,0.1555908363,-11.3492458569,True,5.0
2014-03-08,Davidson Wildcats,77.0,home,0.941736221,17.4238222755,True,23.0
2014-03-08,Samford Bulldogs,54.0,away,0.058263778999999995,-17.4238222755,False,-23.0
2014-03-08,Vermont Catamounts,77.0,home,0.9656358406999999,18.671036503,True,17.0
2014-03-08,New Hampshire Wildcats,60.0,away,0.0343641593,-18.671036503,False,-17.0
2014-03-08,Marquette Golden Eagles,90.0,home,0.6093613461,2.8076605982,False,-1.0
2014-03-08,St. John's Red Storm,91.0,away,0.3906386539,-2.8076605982,True,1.0
2014-03-08,Miami (OH) RedHawks,76.0,home,0.2796562007,-5.7905267671,False,-6.0
2014-03-08,Ohio Bobcats,82.0,away,0.7203437993,5.7905267671,True,6.0
2014-03-08,Kansas State Wildcats,74.0,home,0.5735634245,1.6951477217,False,-2.0
2014-03-08,Baylor Bears,76.0,away,0.4264365755,-1.6951477217,True,2.0
2014-03-08,Ole Miss Rebels,65.0,home,0.7302268843,6.2404680533,True,3.0
2014-03-08,Vanderbilt Commodores,62.0,away,0.2697731157,-6.2404680533,False,-3.0
2014-03-08,Air Force Falcons,64.0,home,0.1688298107,-9.4637899635,True,3.0
2014-03-08,Boise State Broncos,61.0,away,0.8311701893,9.4637899635,False,-3.0
2014-03-08,Miami Hurricanes,69.0,home,0.6092360561,2.5087033133,True,13.0
2014-03-08,Wake Forest Demon Deacons,56.0,away,0.3907639439,-2.5087033133,False,-13.0
2014-03-08,South Florida Bulls,65.0,home,0.540047635,1.0045757745,False,-1.0
2014-03-08,Temple Owls,66.0,away,0.459952365,-1.0045757745,True,1.0
2014-03-08,Robert Morris Colonials,60.0,home,0.9419125014,15.9209928394,True,3.0
2014-03-08,Saint Francis Red Flash,57.0,away,0.058087498599999995,-15.9209928394,False,-3.0
2014-03-08,Toledo Rockets,77.0,home,0.72024281,6.0196753634,True,11.0
2014-03-08,Eastern Michigan Eagles,66.0,away,0.27975719,-6.0196753634,False,-11.0
2014-03-08,Georgia Tech Yellow Jackets,62.0,home,0.7937742725,8.0842841041,True,11.0
2014-03-08,Virginia Tech Hokies,51.0,away,0.2062257275,-8.0842841041,False,-11.0
2014-03-08,Wichita State Shockers,67.0,home,0.9230831996,14.6701202734,True,25.0
2014-03-08,Missouri State Bears,42.0,away,0.0769168004,-14.6701202734,False,-25.0
2014-03-08,Coastal Carolina Chanticleers,66.0,home,0.5287176269,0.8256581949,True,4.0
2014-03-08,VMI Keydets,62.0,away,0.4712823731,-0.8256581949,False,-4.0
2014-03-08,Canisius Golden Griffins,71.0,home,0.6707755594,4.4183086428,True,6.0
2014-03-08,Siena Saints,65.0,away,0.32922444060000006,-4.4183086428,False,-6.0
2014-03-08,UAlbany Great Danes,86.0,home,0.8475530623,10.2906821064,True,30.0
2014-03-08,UMBC Retrievers,56.0,away,0.1524469377,-10.2906821064,False,-30.0
2014-03-08,Buffalo Bulls,88.0,home,0.8215501454000002,9.7689828621,True,23.0
2014-03-08,Bowling Green Falcons,65.0,away,0.1784498546,-9.7689828621,False,-23.0
2014-03-08,Elon Phoenix,64.0,home,0.5971209416,2.4604827028,False,-2.0
2014-03-08,Western Carolina Catamounts,66.0,away,0.4028790584,-2.4604827028,True,2.0
2014-03-08,Drexel Dragons,81.0,home,0.788947253,7.5807769749,False,-9.0
2014-03-08,Northeastern Huskies,90.0,away,0.211052747,-7.5807769749,True,9.0
2014-03-08,San Francisco Dons,69.0,home,0.6529455329,3.6725634196,True,9.0
2014-03-08,San Diego Toreros,60.0,away,0.3470544671,-3.6725634196,False,-9.0
2014-03-08,Georgia State Panthers,73.0,home,0.8501016947,10.5520774198,True,18.0
2014-03-08,Western Kentucky Hilltoppers,55.0,away,0.1498983053,-10.5520774198,False,-18.0
2014-03-08,Stanford Cardinal,61.0,home,0.5340331593,0.8469727549,True,1.0
2014-03-08,Utah Utes,60.0,away,0.4659668407,-0.8469727549,False,-1.0
2014-03-08,Texas A&M-Corpus Christi Islanders,58.0,home,0.7789001655,7.2163624419,True,14.0
2014-03-08,Nicholls Colonels,44.0,away,0.2210998345,-7.2163624419,False,-14.0
2014-03-08,Chicago State Cougars,67.0,home,0.416857562,-2.2102443779,True,14.0
2014-03-08,Seattle U Redhawks,53.0,away,0.583142438,2.2102443779,False,-14.0
2014-03-08,Boston University Terriers,91.0,home,0.8810037477,12.6796925928,True,21.0
2014-03-08,Army Black Knights,70.0,away,0.1189962523,-12.6796925928,False,-21.0
2014-03-08,Alabama Crimson Tide,83.0,home,0.3456191975999999,-4.1863162148,True,25.0
2014-03-08,Arkansas Razorbacks,58.0,away,0.6543808024,4.1863162148,False,-25.0
2014-03-08,Tennessee Volunteers,72.0,home,0.8291862535,9.3051488674,True,27.0
2014-03-08,Missouri Tigers,45.0,away,0.1708137465,-9.3051488674,False,-27.0
2014-03-08,Texas A&M Aggies,64.0,home,0.7430858521,6.4372119716,False,-5.0
2014-03-08,Auburn Tigers,69.0,away,0.2569141479,-6.4372119716,True,5.0
2014-03-08,Mississippi State Bulldogs,62.0,home,0.4491260916,-1.3171992409,False,-12.0
2014-03-08,South Carolina Gamecocks,74.0,away,0.5508739084,1.3171992409,True,12.0
2014-03-08,Clemson Tigers,78.0,home,0.4023742664,-2.107532217,False,-5.0
2014-03-08,Pittsburgh Panthers,83.0,away,0.5976257336,2.107532217,True,5.0
2014-03-08,Northwestern State Demons,88.0,home,0.593073929,2.6253497083,True,6.0
2014-03-08,Oral Roberts Golden Eagles,82.0,away,0.40692607100000006,-2.6253497083,False,-6.0
2014-03-08,Texas Tech Red Raiders,59.0,home,0.4134959836,-2.1207221241,True,6.0
2014-03-08,Texas Longhorns,53.0,away,0.5865040164,2.1207221241,False,-6.0
2014-03-08,Wyoming Cowboys,83.0,home,0.63700299,3.1898874223,True,8.0
2014-03-08,Colorado State Rams,75.0,away,0.36299701,-3.1898874223,False,-8.0
2014-03-08,Oregon State Beavers,78.0,home,0.3802845573,-3.1728914403,True,2.0
2014-03-08,Arizona State Sun Devils,76.0,away,0.6197154427,3.1728914403,False,-2.0
2014-03-08,Northern Illinois Huskies,70.0,home,0.7996245949,8.2584456222,True,14.0
2014-03-08,Ball State Cardinals,56.0,away,0.2003754051,-8.2584456222,False,-14.0
2014-03-08,Fordham Rams,67.0,home,0.1263908179,-12.5083829651,False,-3.0
2014-03-08,George Washington Revolutionaries,70.0,away,0.8736091821,12.5083829651,True,3.0
2014-03-08,Abilene Christian Wildcats,56.0,home,0.5164433069,0.4183484006,False,-3.0
2014-03-08,Incarnate Word Cardinals,59.0,away,0.48355669309999993,-0.4183484006,True,3.0
2014-03-08,Sam Houston Bearkats,80.0,home,0.9297010926999999,16.8901441814,True,19.0
2014-03-08,New Orleans Privateers,61.0,away,0.0702989073,-16.8901441814,False,-19.0
2014-03-08,Washington Huskies,82.0,home,0.8350665645,10.8448375431,True,7.0
2014-03-08,USC Trojans,75.0,away,0.16493343549999998,-10.8448375431,False,-7.0
2014-03-08,Butler Bulldogs,71.0,home,0.6008604337,2.3994221824,True,17.0
2014-03-08,Seton Hall Pirates,54.0,away,0.3991395663,-2.3994221824,False,-17.0
2014-03-08,LSU Tigers,61.0,home,0.7752833059,7.9140053419,False,-8.0
2014-03-08,Georgia Bulldogs,69.0,away,0.2247166941,-7.9140053419,True,8.0
2014-03-08,Indiana State Sycamores,62.0,home,0.6879750532,4.6487151988,True,3.0
2014-03-08,Southern Illinois Salukis,59.0,away,0.3120249468,-4.6487151988,False,-3.0
2014-03-08,Northern Arizona Lumberjacks,67.0,home,0.5264567649,0.579193662,True,20.0
2014-03-08,Montana Grizzlies,47.0,away,0.4735432351,-0.579193662,False,-20.0
2014-03-08,Eastern Washington Eagles,78.0,home,0.5230871343,0.5810763114,False,-4.0
2014-03-08,Weber State Wildcats,82.0,away,0.4769128657,-0.5810763114,True,4.0
2014-03-08,American University Eagles,57.0,home,0.7035033112,4.8092129056,True,11.0
2014-03-08,Holy Cross Crusaders,46.0,away,0.2964966888,-4.8092129056,False,-11.0
2014-03-08,Chattanooga Mocs,55.0,home,0.6293785733,3.437449718,False,-7.0
2014-03-08,Georgia Southern Eagles,62.0,away,0.3706214267,-3.437449718,True,7.0
2014-03-08,Towson Tigers,80.0,home,0.7871323765,7.8027654536,True,9.0
2014-03-08,James Madison Dukes,71.0,away,0.2128676235,-7.8027654536,False,-9.0
2014-03-08,Manhattan Jaspers,72.0,home,0.8798740846000002,12.1372250371,True,14.0
2014-03-08,Saint Peter's Peacocks,58.0,away,0.1201259154,-12.1372250371,False,-14.0
2014-03-08,BYU Cougars,85.0,home,0.8838100370999998,14.3498496582,True,11.0
2014-03-08,Loyola Marymount Lions,74.0,away,0.1161899629,-14.3498496582,False,-11.0
2014-03-08,Stony Brook Seawolves,80.0,home,0.9257802082,17.2107352475,True,26.0
2014-03-08,Maine Black Bears,54.0,away,0.0742197918,-17.2107352475,False,-26.0
2014-03-08,Alabama State Hornets,67.0,home,0.5815654795,2.0936292897,True,4.0
2014-03-08,Jackson State Tigers,63.0,away,0.4184345205,-2.0936292897,False,-4.0
2014-03-08,California Golden Bears,66.0,home,0.6887219442999999,4.9681604806,True,1.0
2014-03-08,Colorado Buffaloes,65.0,away,0.3112780557,-4.9681604806,False,-1.0
2014-03-08,Southern Jaguars,64.0,home,0.8804048421,12.8669456959,False,-3.0
2014-03-08,Texas Southern Tigers,67.0,away,0.1195951579,-12.8669456959,True,3.0
2014-03-09,Cleveland State Vikings,63.0,home,0.686448727,4.4981562498,False,-5.0
2014-03-09,Wright State Raiders,68.0,away,0.313551273,-4.4981562498,True,5.0
2014-03-09,Purdue Fort Wayne Mastodons,85.0,home,0.880520387,12.2750458206,True,38.0
2014-03-09,IU Indianapolis Jaguars,47.0,away,0.119479613,-12.2750458206,False,-38.0
2014-03-09,Belmont Bruins,73.0,home,0.5286217365,0.723635093,False,-6.0
2014-03-09,Eastern Kentucky Colonels,79.0,away,0.47137826349999995,-0.723635093,True,6.0
2014-03-09,George Mason Patriots,69.0,home,0.6869579047,5.0542635171,False,-12.0
2014-03-09,Duquesne Dukes,81.0,away,0.3130420953,-5.0542635171,True,12.0
2014-03-09,Dayton Flyers,60.0,home,0.7740437953,7.2060321343,True,12.0
2014-03-09,Richmond Spiders,48.0,away,0.2259562047,-7.2060321343,False,-12.0
2014-03-09,VCU Rams,86.0,home,0.8917259629000001,14.3781664524,True,19.0
2014-03-09,St. Bonaventure Bonnies,67.0,away,0.1082740371,-14.3781664524,False,-19.0
2014-03-09,Yale Bulldogs,61.0,home,0.7958112067,7.8667351128,False,-8.0
2014-03-09,Dartmouth Big Green,69.0,away,0.2041887933,-7.8667351128,True,8.0
2014-03-09,Columbia Lions,64.0,home,0.5380592622,0.8463289219,False,-10.0
2014-03-09,Princeton Tigers,74.0,away,0.46194073779999995,-0.8463289219,True,10.0
2014-03-09,Cornell Big Red,65.0,home,0.2949751571,-5.5722972087,False,-4.0
2014-03-09,Pennsylvania Quakers,69.0,away,0.7050248429,5.5722972087,True,4.0
2014-03-09,Brown Bears,93.0,home,0.1308354912,-12.1355631816,False,-5.0
2014-03-09,Harvard Crimson,98.0,away,0.8691645088,12.1355631816,True,5.0
2014-03-09,Long Beach State Beach,74.0,home,0.8425075767,10.5097782692,True,7.0
2014-03-09,UC Riverside Highlanders,67.0,away,0.1574924233,-10.5097782692,False,-7.0
2014-03-09,Southern Utah Thunderbirds,52.0,home,0.1288745637,-11.3546875868,False,-25.0
2014-03-09,Northern Colorado Bears,77.0,away,0.8711254363,11.3546875868,True,25.0
2014-03-09,Stephen F. Austin Lumberjacks,85.0,home,0.9820545084999999,25.8886122568,True,24.0
2014-03-09,Central Arkansas Bears,61.0,away,0.0179454915,-25.8886122568,False,-24.0
2014-03-09,UC Irvine Anteaters,74.0,home,0.9672716881,20.4841314909,True,28.0
2014-03-09,UC Davis Aggies,46.0,away,0.0327283119,-20.4841314909,False,-28.0
2014-03-09,Lamar Cardinals,62.0,home,0.545347703,1.1178151177,False,-9.0
2014-03-09,SE Louisiana Lions,71.0,away,0.4546522969999999,-1.1178151177,True,9.0
2014-03-09,Alabama A&M Bulldogs,80.0,home,0.9412241822,17.2063184269,True,17.0
2014-03-09,Grambling Tigers,63.0,away,0.0587758178,-17.2063184269,False,-17.0
2014-03-09,Little Rock Trojans,65.0,home,0.6610939693,4.0645283562,False,-1.0
2014-03-09,UL Monroe Warhawks,66.0,away,0.3389060307,-4.0645283562,True,1.0
2014-03-09,Arkansas State Red Wolves,76.0,home,0.6099870444,3.0187324447,False,-1.0
2014-03-09,Louisiana Ragin' Cajuns,77.0,away,0.39001295559999993,-3.0187324447,True,1.0
2014-03-09,UT Rio Grande Valley Vaqueros,78.0,home,0.5813938057,2.0415433797,False,-1.0
2014-03-09,Grand Canyon Lopes,79.0,away,0.4186061943,-2.0415433797,True,1.0
2014-03-09,Wofford Terriers,68.0,home,0.9315874983000001,14.8041214632,True,17.0
2014-03-09,The Citadel Bulldogs,51.0,away,0.0684125017,-14.8041214632,False,-17.0
2014-03-09,Hartford Hawks,69.0,home,0.8469684909,10.0168078588,True,27.0
2014-03-09,Binghamton Bearcats,42.0,away,0.1530315091,-10.0168078588,False,-27.0
2014-03-09,Arkansas-Pine Bluff Golden Lions,83.0,home,0.7919249214,9.1268628555,True,15.0
2014-03-09,Mississippi Valley State Delta Devils,68.0,away,0.20807507859999996,-9.1268628555,False,-15.0
2014-03-09,Gonzaga Bulldogs,77.0,home,0.9172247674,14.2704479899,True,2.0
2014-03-09,Santa Clara Broncos,75.0,away,0.08277523260000001,-14.2704479899,False,-2.0
2014-03-09,Alcorn State Braves,64.0,home,0.7553934224999999,6.8470997895,True,2.0
2014-03-09,Prairie View A&M Panthers,62.0,away,0.2446065775,-6.8470997895,False,-2.0
2014-03-09,Houston Christian Huskies,77.0,home,0.5880279827,2.3132405795,False,-2.0
2014-03-09,McNeese Cowboys,79.0,away,0.41197201729999994,-2.3132405795,True,2.0
2014-03-09,Troy Trojans,72.0,home,0.761713181,6.5073390851,True,22.0
2014-03-09,Texas State Bobcats,50.0,away,0.23828681899999998,-6.5073390851,False,-22.0
2014-03-09,Quinnipiac Bobcats,89.0,home,0.8076146016,10.0705331456,True,9.0
2014-03-09,Niagara Purple Eagles,80.0,away,0.1923853984,-10.0705331456,False,-9.0
2014-03-09,William & Mary Tribe,70.0,home,0.6770798953,4.1294168353,True,11.0
2014-03-09,Charleston Cougars,59.0,away,0.3229201047,-4.1294168353,False,-11.0
2014-03-09,South Alabama Jaguars,78.0,home,0.5871684793,2.2553339356,True,5.0
2014-03-09,UT Arlington Mavericks,73.0,away,0.4128315207,-2.2553339356,False,-5.0
2014-03-09,Green Bay Phoenix,66.0,home,0.8117834732,9.3485203141,False,-7.0
2014-03-09,Milwaukee Panthers,73.0,away,0.1882165268,-9.3485203141,True,7.0
2014-03-09,San José State Spartans,56.0,home,0.2125289419,-8.0723589161,False,-13.0
2014-03-09,Fresno State Bulldogs,69.0,away,0.7874710581,8.0723589161,True,13.0
2014-03-09,Sacramento State Hornets,84.0,home,0.6959101589,4.749529312,True,25.0
2014-03-09,Montana State Bobcats,59.0,away,0.3040898411,-4.749529312,False,-25.0
2014-03-09,Nevada Wolf Pack,76.0,home,0.45286411579999997,-1.1785690701,True,4.0
2014-03-09,UNLV Rebels,72.0,away,0.5471358842,1.1785690701,False,-4.0
2014-03-09,Kansas City Roos,80.0,home,0.5355914334,0.939984617,False,-7.0
2014-03-09,Idaho Vandals,87.0,away,0.4644085666,-0.939984617,True,7.0
2014-03-09,Cal Poly Mustangs,55.0,home,0.3344408005,-3.6857961814,False,-16.0
2014-03-09,UC Santa Barbara Gauchos,71.0,away,0.6655591995000001,3.6857961814,True,16.0
2014-03-09,Portland State Vikings,78.0,home,0.6673168727,4.0713317398,True,4.0
2014-03-09,Idaho State Bengals,74.0,away,0.3326831273,-4.0713317398,False,-4.0
2014-03-09,Washington State Cougars,73.0,home,0.081759455,-14.795870426,True,18.0
2014-03-09,UCLA Bruins,55.0,away,0.9182405450000001,14.795870426,False,-18.0
2014-03-09,Saint Mary's Gaels,80.0,home,0.8545221647,10.2948507914,True,11.0
2014-03-09,Pepperdine Waves,69.0,away,0.1454778353,-10.2948507914,False,-11.0
2014-03-09,Hawai'i Rainbow Warriors,81.0,home,0.8831355695,13.2577897883,True,4.0
2014-03-09,Cal State Fullerton Titans,77.0,away,0.1168644305,-13.2577897883,False,-4.0
2014-03-14,Florida Gators,72.0,home,0.8943218431999999,12.4425500053,True,23.0
2014-03-14,Missouri Tigers,49.0,away,0.1056781568,-12.4425500053,False,-23.0
2014-03-14,Texas Southern Tigers,73.0,home,0.672171249,4.6348719139,True,12.0
2014-03-14,Alabama State Hornets,61.0,away,0.327828751,-4.6348719139,False,-12.0
2014-03-14,North Carolina Tar Heels,75.0,home,0.3665657593,-3.4577831165,False,-5.0
2014-03-14,Pittsburgh Panthers,80.0,away,0.6334342407,3.4577831165,True,5.0
2014-03-14,Saint Joseph's Hawks,70.0,home,0.4567585192,-1.0385767156,True,3.0
2014-03-14,Dayton Flyers,67.0,away,0.5432414808,1.0385767156,False,-3.0
2014-03-14,Nebraska Cornhuskers,67.0,home,0.1490326414,-10.4105765097,False,-4.0
2014-03-14,Ohio State Buckeyes,71.0,away,0.8509673586,10.4105765097,True,4.0
2014-03-14,Virginia Cavaliers,64.0,home,0.7415727986,6.1148777859,True,13.0
2014-03-14,Florida State Seminoles,51.0,away,0.2584272014,-6.1148777859,False,-13.0
2014-03-14,Saint Louis Billikens,68.0,home,0.6983232394,5.3120201305,False,-3.0
2014-03-14,St. Bonaventure Bonnies,71.0,away,0.3016767606,-5.3120201305,True,3.0
2014-03-14,Tulsa Golden Hurricane,76.0,home,0.4492044331,-1.2655401814,True,7.0
2014-03-14,Middle Tennessee Blue Raiders,69.0,away,0.5507955669,1.2655401814,False,-7.0
2014-03-14,Michigan Wolverines,64.0,home,0.8717261676,10.5019399445,True,1.0
2014-03-14,Illinois Fighting Illini,63.0,away,0.1282738324,-10.5019399445,False,-1.0
2014-03-14,Tennessee Volunteers,59.0,home,0.8813334063,11.8117877656,True,15.0
2014-03-14,South Carolina Gamecocks,44.0,away,0.1186665937,-11.8117877656,False,-15.0
2014-03-14,North Carolina Central Eagles,68.0,home,0.9341326233000001,15.7509717942,True,23.0
2014-03-14,Norfolk State Spartans,45.0,away,0.0658673767,-15.7509717942,False,-23.0
2014-03-14,Western Michigan Broncos,64.0,home,0.4729176026,-0.6626130718,True,4.0
2014-03-14,Akron Zips,60.0,away,0.5270823974,0.6626130718,False,-4.0
2014-03-14,VCU Rams,71.0,home,0.8249970305,9.8172905646,True,18.0
2014-03-14,Richmond Spiders,53.0,away,0.1750029695,-9.8172905646,False,-18.0
2014-03-14,Stephen F. Austin Lumberjacks,85.0,home,0.8212405416,10.3128869052,True,7.0
2014-03-14,Northwestern State Demons,78.0,away,0.1787594584,-10.3128869052,False,-7.0
2014-03-14,Louisiana Tech Bulldogs,88.0,home,0.6783451651,4.7843108277,True,18.0
2014-03-14,Southern Miss Golden Eagles,70.0,away,0.3216548349,-4.7843108277,False,-18.0
2014-03-14,Arkansas State Red Wolves,116.0,home,0.7416413502,6.7710452934,True,2.0
2014-03-14,Little Rock Trojans,114.0,away,0.2583586498,-6.7710452934,False,-2.0
2014-03-14,Kentucky Wildcats,85.0,home,0.7825253154,8.3904797748,True,18.0
2014-03-14,LSU Tigers,67.0,away,0.2174746846,-8.3904797748,False,-18.0
2014-03-14,North Dakota Fighting Hawks,79.0,home,0.5207927684,0.5302820545,True,16.0
2014-03-14,Portland State Vikings,63.0,away,0.4792072316,-0.5302820545,False,-16.0
2014-03-14,Syracuse Orange,63.0,home,0.8442343483000001,9.7188557518,False,-3.0
2014-03-14,NC State Wolfpack,66.0,away,0.1557656517,-9.7188557518,True,3.0
2014-03-14,Wisconsin Badgers,83.0,home,0.8107315241,8.4783361051,True,26.0
2014-03-14,Minnesota Golden Gophers,57.0,away,0.1892684759,-8.4783361051,False,-26.0
2014-03-15,Texas A&M-Corpus Christi Islanders,63.0,home,0.2568578101,-6.1809420347,False,-6.0
2014-03-15,Sam Houston Bearkats,69.0,away,0.7431421899,6.1809420347,True,6.0
2014-03-14,Providence Friars,80.0,home,0.5719602811,1.7123254799,True,6.0
2014-03-14,Seton Hall Pirates,74.0,away,0.4280397189,-1.7123254799,False,-6.0
2014-03-15,George Washington Revolutionaries,85.0,home,0.4713631657,-0.7741123036,True,8.0
2014-03-15,Massachusetts Minutemen,77.0,away,0.5286368343,0.7741123036,False,-8.0
2014-03-15,Weber State Wildcats,66.0,home,0.6866366483,4.5574569647,True,3.0
2014-03-15,Northern Colorado Bears,63.0,away,0.3133633517,-4.5574569647,False,-3.0
2014-03-15,San Diego State Aztecs,59.0,home,0.8076098056,8.5208201413,True,8.0
2014-03-15,UNLV Rebels,51.0,away,0.1923901944,-8.5208201413,False,-8.0
2014-03-14,Kansas Jayhawks,83.0,home,0.6914676196,5.4808177731,False,-11.0
2014-03-14,Iowa State Cyclones,94.0,away,0.3085323804,-5.4808177731,True,11.0
2014-03-15,Morgan State Bears,79.0,home,0.7183289618,6.0901718463,True,15.0
2014-03-15,Coppin State Eagles,64.0,away,0.2816710382,-6.0901718463,False,-15.0
2014-03-14,Louisville Cardinals,94.0,home,0.9834275423,25.9675068907,True,29.0
2014-03-14,Houston Cougars,65.0,away,0.0165724577,-25.9675068907,False,-29.0
2014-03-15,Michigan State Spartans,67.0,home,0.9341261868,15.1248390161,True,16.0
2014-03-15,Northwestern Wildcats,51.0,away,0.0658738132,-15.1248390161,False,-16.0
2014-03-15,Utah Valley Wolverines,69.0,home,0.6418766783999998,3.39955965,False,-5.0
2014-03-15,Idaho Vandals,74.0,away,0.3581233216,-3.39955965,True,5.0
2014-03-15,Cincinnati Bearcats,56.0,home,0.5393834135,0.9121962077,False,-2.0
2014-03-15,UConn Huskies,58.0,away,0.4606165865,-0.9121962077,True,2.0
2014-03-15,Alabama A&M Bulldogs,49.0,home,0.5931310025,2.3175014281,False,-6.0
2014-03-15,Prairie View A&M Panthers,55.0,away,0.4068689975,-2.3175014281,True,6.0
2014-03-15,Arizona Wildcats,63.0,home,0.8865993804,12.3240534929,True,20.0
2014-03-15,Colorado Buffaloes,43.0,away,0.1134006196,-12.3240534929,False,-20.0
2014-03-15,Toledo Rockets,59.0,home,0.6025546293,2.6074877079,True,15.0
2014-03-15,Eastern Michigan Eagles,44.0,away,0.3974453707,-2.6074877079,False,-15.0
2014-03-15,UC Irvine Anteaters,58.0,home,0.7657112843,6.5009272302,False,-3.0
2014-03-15,Cal Poly Mustangs,61.0,away,0.2342887157,-6.5009272302,True,3.0
2014-03-15,Georgia Bulldogs,75.0,home,0.5142148263,0.3561909064,True,2.0
2014-03-15,Ole Miss Rebels,73.0,away,0.4857851737,-0.3561909064,False,-2.0
2014-03-15,Creighton Bluejays,86.0,home,0.7378052992,6.2037299521,True,8.0
2014-03-15,Xavier Musketeers,78.0,away,0.2621947008,-6.2037299521,False,-8.0
2014-03-15,Duke Blue Devils,63.0,home,0.8955601405,12.0024702155,True,1.0
2014-03-15,Clemson Tigers,62.0,away,0.1044398595,-12.0024702155,False,-1.0
2014-03-15,Louisiana Ragin' Cajuns,91.0,home,0.7744844836,8.3933481724,True,6.0
2014-03-15,UT Arlington Mavericks,85.0,away,0.2255155164,-8.3933481724,False,-6.0
2014-03-15,Texas Longhorns,69.0,home,0.422215928,-1.9068364958,False,-17.0
2014-03-15,Baylor Bears,86.0,away,0.577784072,1.9068364958,True,17.0
2014-03-15,New Mexico Lobos,70.0,home,0.6086472259,2.6368384493,True,3.0
2014-03-15,Boise State Broncos,67.0,away,0.3913527741,-2.6368384493,False,-3.0
2014-03-15,UCLA Bruins,84.0,home,0.7028175481,5.6010795175,True,25.0
2014-03-15,Stanford Cardinal,59.0,away,0.2971824519,-5.6010795175,False,-25.0
2014-03-15,New Mexico State Aggies,69.0,home,0.8343321389,9.8023284576,True,6.0
2014-03-15,Cal State Bakersfield Roadrunners,63.0,away,0.16566786110000004,-9.8023284576,False,-6.0
2014-03-15,Long Beach State Beach,77.0,home,0.6158372355,2.9385143348,False,-5.0
2014-03-15,Cal State Northridge Matadors,82.0,away,0.3841627645,-2.9385143348,True,5.0
2014-03-15,Louisiana Tech Bulldogs,60.0,home,0.8022610297,9.5057429292,False,-9.0
2014-03-15,Tulsa Golden Hurricane,69.0,away,0.1977389703,-9.5057429292,True,9.0
2014-03-15,Florida Gators,56.0,home,0.7404174579,5.8023107345,True,7.0
2014-03-15,Tennessee Volunteers,49.0,away,0.2595825421,-5.8023107345,False,-7.0
2014-03-15,VCU Rams,74.0,home,0.6625670724,4.4946812664,True,19.0
2014-03-15,George Washington Revolutionaries,55.0,away,0.33743292759999993,-4.4946812664,False,-19.0
2014-03-15,Michigan Wolverines,72.0,home,0.5905728137,2.08126385,True,3.0
2014-03-15,Ohio State Buckeyes,69.0,away,0.4094271863,-2.08126385,False,-3.0
2014-03-15,Saint Joseph's Hawks,67.0,home,0.5822795393,2.043866504,True,19.0
2014-03-15,St. Bonaventure Bonnies,48.0,away,0.4177204607,-2.043866504,False,-19.0
2014-03-15,Virginia Cavaliers,51.0,home,0.5352462223,0.7719586514,True,3.0
2014-03-15,Pittsburgh Panthers,48.0,away,0.46475377770000004,-0.7719586514,False,-3.0
2014-03-15,Stony Brook Seawolves,60.0,home,0.741867306,6.1763493866,False,-9.0
2014-03-15,UAlbany Great Danes,69.0,away,0.258132694,-6.1763493866,True,9.0
2014-03-15,Duke Blue Devils,75.0,home,0.9401627507000001,17.0351664311,True,8.0
2014-03-15,NC State Wolfpack,67.0,away,0.0598372493,-17.0351664311,False,-8.0
2014-03-15,Kentucky Wildcats,70.0,home,0.8403325359999999,9.9657191888,True,12.0
2014-03-15,Georgia Bulldogs,58.0,away,0.159667464,-9.9657191888,False,-12.0
2014-03-15,Georgia State Panthers,72.0,home,0.7002844687,5.2156982697,True,27.0
2014-03-15,Arkansas State Red Wolves,45.0,away,0.2997155313,-5.2156982697,False,-27.0
2014-03-15,Western Kentucky Hilltoppers,72.0,home,0.3095575428,-5.1511845483,False,-1.0
2014-03-15,Louisiana Ragin' Cajuns,73.0,away,0.6904424572,5.1511845483,True,1.0
2014-03-15,Texas Southern Tigers,78.0,home,0.8024051452,8.8665899669,True,5.0
2014-03-15,Prairie View A&M Panthers,73.0,away,0.1975948548,-8.8665899669,False,-5.0
2014-03-15,San Diego State Aztecs,58.0,home,0.6769348943,4.432527812,False,-6.0
2014-03-15,New Mexico Lobos,64.0,away,0.3230651057,-4.432527812,True,6.0
2014-03-15,Wisconsin Badgers,75.0,home,0.4982489948,-0.0413880721,False,-8.0
2014-03-15,Michigan State Spartans,83.0,away,0.5017510052,0.0413880721,True,8.0
2014-03-15,Arizona Wildcats,71.0,home,0.6971199006,5.283471911,False,-4.0
2014-03-15,UCLA Bruins,75.0,away,0.3028800994,-5.283471911,True,4.0
2014-03-15,North Carolina Central Eagles,71.0,home,0.8939343689,13.2333789323,True,9.0
2014-03-15,Morgan State Bears,62.0,away,0.1060656311,-13.2333789323,False,-9.0
2014-03-15,Western Michigan Broncos,98.0,home,0.35146853119999993,-3.9258801548,True,21.0
2014-03-15,Toledo Rockets,77.0,away,0.6485314688,3.9258801548,False,-21.0
2014-03-15,Louisville Cardinals,71.0,home,0.8618241725,11.3846719545,True,10.0
2014-03-15,UConn Huskies,61.0,away,0.1381758275,-11.3846719545,False,-10.0
2014-03-16,Creighton Bluejays,58.0,home,0.7828378723,7.5293156593,False,-7.0
2014-03-16,Providence Friars,65.0,away,0.2171621277,-7.5293156593,True,7.0
2014-03-16,Weber State Wildcats,88.0,home,0.7586893790000001,7.0992541896,True,21.0
2014-03-16,North Dakota Fighting Hawks,67.0,away,0.241310621,-7.0992541896,False,-21.0
2014-03-16,Stephen F. Austin Lumberjacks,68.0,home,0.7372333552000001,6.0532966266,True,19.0
2014-03-16,Sam Houston Bearkats,49.0,away,0.2627666448,-6.0532966266,False,-19.0
2014-03-16,Iowa State Cyclones,74.0,home,0.6281949114,3.3053121852,True,9.0
2014-03-16,Baylor Bears,65.0,away,0.37180508860000006,-3.3053121852,False,-9.0
2014-03-16,Cal State Northridge Matadors,59.0,home,0.4309425999,-1.5823998827,False,-2.0
2014-03-16,Cal Poly Mustangs,61.0,away,0.5690574001,1.5823998827,True,2.0
2014-03-16,New Mexico State Aggies,77.0,home,0.8982464295,13.4806859445,True,22.0
2014-03-16,Idaho Vandals,55.0,away,0.1017535705,-13.4806859445,False,-22.0
2014-03-16,Virginia Cavaliers,72.0,home,0.3251075822,-4.1746791951,True,9.0
2014-03-16,Duke Blue Devils,63.0,away,0.6748924178,4.1746791951,False,-9.0
2014-03-16,VCU Rams,61.0,home,0.766161399,7.729638359,False,-4.0
2014-03-16,Saint Joseph's Hawks,65.0,away,0.233838601,-7.729638359,True,4.0
2014-03-16,Georgia State Panthers,81.0,home,0.6338222822,3.5187648348,False,-1.0
2014-03-16,Louisiana Ragin' Cajuns,82.0,away,0.3661777178000001,-3.5187648348,True,1.0
2014-03-16,Florida Gators,61.0,home,0.7011713781000001,4.9841494401,True,1.0
2014-03-16,Kentucky Wildcats,60.0,away,0.2988286219,-4.9841494401,False,-1.0
2014-03-16,Michigan Wolverines,55.0,home,0.5341965089,0.7914060448,False,-14.0
2014-03-16,Michigan State Spartans,69.0,away,0.4658034911,-0.7914060448,True,14.0
2014-03-17,Brown Bears,65.0,home,0.6443251238,3.7568333026,False,-3.0
2014-03-17,Holy Cross Crusaders,68.0,away,0.3556748762,-3.7568333026,True,3.0
2014-03-13,Villanova Wildcats,63.0,home,0.8850733318,12.654819442,False,-1.0
2014-03-13,Seton Hall Pirates,64.0,away,0.1149266682,-12.654819442,True,1.0
2014-03-13,Missouri Tigers,91.0,home,0.6977244841,4.928438326,True,8.0
2014-03-13,Texas A&M Aggies,83.0,away,0.3022755159,-4.928438326,False,-8.0
2014-03-13,Tulsa Golden Hurricane,70.0,home,0.9148743533,14.4436351305,True,21.0
2014-03-13,Tulane Green Wave,49.0,away,0.0851256467,-14.4436351305,False,-21.0
2014-03-13,Iowa State Cyclones,91.0,home,0.6851977743,5.0402532305,True,6.0
2014-03-13,Kansas State Wildcats,85.0,away,0.3148022257,-5.0402532305,False,-6.0
2014-03-13,Ohio State Buckeyes,63.0,home,0.857630338,11.1792094176,True,2.0
2014-03-13,Purdue Boilermakers,61.0,away,0.142369662,-11.1792094176,False,-2.0
2014-03-13,Maryland Terrapins,65.0,home,0.3965064247,-2.6956852846,False,-2.0
2014-03-13,Florida State Seminoles,67.0,away,0.6034935753,2.6956852846,True,2.0
2014-03-13,SMU Mustangs,64.0,home,0.9000590781,13.5415247262,False,-4.0
2014-03-13,Houston Cougars,68.0,away,0.0999409219,-13.5415247262,True,4.0
2014-03-13,Alabama State Hornets,64.0,home,0.5815553354,1.9639747365,True,13.0
2014-03-13,Alcorn State Braves,51.0,away,0.4184446646,-1.9639747365,False,-13.0
2014-03-13,La Salle Explorers,72.0,home,0.4919540449,-0.196451975,False,-10.0
2014-03-13,St. Bonaventure Bonnies,82.0,away,0.5080459551,0.196451975,True,10.0
2014-03-13,Indiana Hoosiers,54.0,home,0.5761738795,1.8647131493,False,-10.0
2014-03-13,Illinois Fighting Illini,64.0,away,0.4238261205,-1.8647131493,True,10.0
2014-03-13,Providence Friars,79.0,home,0.3967892722,-2.5887130697,True,5.0
2014-03-13,St. John's Red Storm,74.0,away,0.6032107278,2.5887130697,False,-5.0
2014-03-13,San Diego State Aztecs,73.0,home,0.8699814378,10.8059850217,True,34.0
2014-03-13,Utah State Aggies,39.0,away,0.1300185622,-10.8059850217,False,-34.0
2014-03-13,Arizona Wildcats,71.0,home,0.7794660951,7.5043363015,True,32.0
2014-03-13,Utah Utes,39.0,away,0.2205339049,-7.5043363015,False,-32.0
2014-03-13,Pittsburgh Panthers,84.0,home,0.8678209609,11.3312728956,True,29.0
2014-03-13,Wake Forest Demon Deacons,55.0,away,0.1321790391,-11.3312728956,False,-29.0
2014-03-13,Dayton Flyers,87.0,home,0.8953548335000001,13.3853486778,True,13.0
2014-03-13,Fordham Rams,74.0,away,0.1046451665,-13.3853486778,False,-13.0
2014-03-13,North Dakota Fighting Hawks,79.0,home,0.5841762046,2.0603163772,True,3.0
2014-03-13,Sacramento State Hornets,76.0,away,0.4158237954,-2.0603163772,False,-3.0
2014-03-13,Utah Valley Wolverines,83.0,home,0.8079230845,8.1911845824,True,20.0
2014-03-13,UT Rio Grande Valley Vaqueros,63.0,away,0.1920769155,-8.1911845824,False,-20.0
2014-03-13,UC Santa Barbara Gauchos,38.0,home,0.8109769449999998,7.6816783189,False,-31.0
2014-03-13,Cal Poly Mustangs,69.0,away,0.189023055,-7.6816783189,True,31.0
2014-03-13,Kansas Jayhawks,77.0,home,0.5840905358,2.2013937895,True,7.0
2014-03-13,Oklahoma State Cowboys,70.0,away,0.4159094642,-2.2013937895,False,-7.0
2014-03-13,Louisville Cardinals,92.0,home,0.9866771403,28.0640562551,True,61.0
2014-03-13,Rutgers Scarlet Knights,31.0,away,0.0133228597,-28.0640562551,False,-61.0
2014-03-13,Arkansas Razorbacks,69.0,home,0.8291510075,10.7425423217,False,-2.0
2014-03-13,South Carolina Gamecocks,71.0,away,0.1708489925,-10.7425423217,True,2.0
2014-03-13,Middle Tennessee Blue Raiders,62.0,home,0.8331213196,9.4035656464,True,14.0
2014-03-13,Old Dominion Monarchs,48.0,away,0.1668786804,-9.4035656464,False,-14.0
2014-03-13,Kansas City Roos,70.0,home,0.2840278698,-5.9806446337,False,-3.0
2014-03-13,Idaho Vandals,73.0,away,0.7159721302,5.9806446337,True,3.0
2014-03-13,UNLV Rebels,71.0,home,0.6631600976,3.826265253,True,4.0
2014-03-13,Wyoming Cowboys,67.0,away,0.3368399024,-3.826265253,False,-4.0
2014-03-13,California Golden Bears,56.0,home,0.5094453164,0.2332393609,False,-3.0
2014-03-13,Colorado Buffaloes,59.0,away,0.4905546836,-0.2332393609,True,3.0
2014-03-13,Long Beach State Beach,66.0,home,0.6200236857,2.9872228727,True,10.0
2014-03-13,Cal State Fullerton Titans,56.0,away,0.3799763143,-2.9872228727,False,-10.0
2014-03-13,Minnesota Golden Gophers,63.0,home,0.5881417202,2.1540062829,True,7.0
2014-03-13,Penn State Nittany Lions,56.0,away,0.4118582798,-2.1540062829,False,-7.0
2014-03-13,Morgan State Bears,81.0,home,0.7333969187,6.980311338,True,13.0
2014-03-13,Florida A&M Rattlers,68.0,away,0.2666030813,-6.980311338,False,-13.0
2014-03-13,Northwestern State Demons,88.0,home,0.7773524201,8.6182988511,True,16.0
2014-03-13,Nicholls Colonels,72.0,away,0.2226475799,-8.6182988511,False,-16.0
2014-03-13,Akron Zips,83.0,home,0.4166279164,-2.0359588074,True,6.0
2014-03-13,Ohio Bobcats,77.0,away,0.5833720836,2.0359588074,False,-6.0
2014-03-13,Richmond Spiders,76.0,home,0.6754079672000001,4.4370932755,True,12.0
2014-03-13,Duquesne Dukes,64.0,away,0.3245920328,-4.4370932755,False,-12.0
2014-03-13,Northern Arizona Lumberjacks,60.0,home,0.3715183871,-3.0046891571,False,-2.0
2014-03-13,Northern Colorado Bears,62.0,away,0.6284816129,3.0046891571,True,2.0
2014-03-13,Creighton Bluejays,84.0,home,0.96192813,19.9089965109,True,22.0
2014-03-13,DePaul Blue Demons,62.0,away,0.03807187,-19.9089965109,False,-22.0
2014-03-13,NC State Wolfpack,67.0,home,0.6193597154,2.6366956147,True,9.0
2014-03-13,Miami Hurricanes,58.0,away,0.38064028459999993,-2.6366956147,False,-9.0
2014-03-13,Oklahoma Sooners,73.0,home,0.4834836248,-0.4159910591,False,-5.0
2014-03-13,Baylor Bears,78.0,away,0.5165163752,0.4159910591,True,5.0
2014-03-13,Cincinnati Bearcats,61.0,home,0.928113149,15.4272354795,True,3.0
2014-03-13,UCF Knights,58.0,away,0.071886851,-15.4272354795,False,-3.0
2014-03-13,LSU Tigers,68.0,home,0.556110686,1.403132816,True,12.0
2014-03-13,Alabama Crimson Tide,56.0,away,0.443889314,-1.403132816,False,-12.0
2014-03-14,Sam Houston Bearkats,70.0,home,0.5932772267,2.2308890362,True,9.0
2014-03-14,Oral Roberts Golden Eagles,61.0,away,0.4067227733,-2.2308890362,False,-9.0
2014-03-13,Little Rock Trojans,74.0,home,0.5543296274,1.3393236459,True,13.0
2014-03-13,Troy Trojans,61.0,away,0.4456703726,-1.3393236459,False,-13.0
2014-03-14,Southern Miss Golden Eagles,64.0,home,0.6404026947,3.3348534761,True,8.0
2014-03-14,UTEP Miners,56.0,away,0.3595973053,-3.3348534761,False,-8.0
2014-03-14,Norfolk State Spartans,57.0,home,0.5063427866,0.1507581072,True,10.0
2014-03-14,Savannah State Tigers,47.0,away,0.4936572134,-0.1507581072,False,-10.0
2014-03-14,New Mexico Lobos,93.0,home,0.8458803236,10.5091354735,True,16.0
2014-03-14,Fresno State Bulldogs,77.0,away,0.1541196764,-10.5091354735,False,-16.0
2014-03-14,Buffalo Bulls,64.0,home,0.543576183,1.0764021485,False,-5.0
2014-03-14,Eastern Michigan Eagles,69.0,away,0.456423817,-1.0764021485,True,5.0
2014-03-14,UCLA Bruins,82.0,home,0.5459584188,1.2443968414,True,19.0
2014-03-14,Oregon Ducks,63.0,away,0.4540415812,-1.2443968414,False,-19.0
2014-03-14,Massachusetts Minutemen,65.0,home,0.8566184773,11.7447457309,True,4.0
2014-03-14,Rhode Island Rams,61.0,away,0.1433815227,-11.7447457309,False,-4.0
2014-03-14,Arkansas-Pine Bluff Golden Lions,50.0,home,0.48223280150000003,-0.4329435511,False,-19.0
2014-03-14,Alabama A&M Bulldogs,69.0,away,0.5177671985,0.4329435511,True,19.0
2014-03-14,Montana Grizzlies,63.0,home,0.6547106702,3.5605887118,False,-7.0
2014-03-14,Portland State Vikings,70.0,away,0.3452893298,-3.5605887118,True,7.0
2014-03-14,Chicago State Cougars,62.0,home,0.1615492459,-10.2500591751,False,-6.0
2014-03-14,Cal State Bakersfield Roadrunners,68.0,away,0.8384507541,10.2500591751,True,6.0
2014-03-14,Iowa Hawkeyes,62.0,home,0.9339352813,16.4481563764,False,-5.0
2014-03-14,Northwestern Wildcats,67.0,away,0.0660647187,-16.4481563764,True,5.0
2014-03-14,UC Irvine Anteaters,63.0,home,0.8902624598,12.813906072,True,20.0
2014-03-14,UC Riverside Highlanders,43.0,away,0.1097375402,-12.813906072,False,-20.0
2014-03-14,Ole Miss Rebels,78.0,home,0.8279397692,10.3191980445,True,12.0
2014-03-14,Mississippi State Bulldogs,66.0,away,0.1720602308,-10.3191980445,False,-12.0
2014-03-14,UT Arlington Mavericks,68.0,home,0.552635796,1.2958868202,True,3.0
2014-03-14,UL Monroe Warhawks,65.0,away,0.447364204,-1.2958868202,False,-3.0
2014-03-14,Texas Longhorns,66.0,home,0.492322399,-0.2011038992,True,17.0
2014-03-14,West Virginia Mountaineers,49.0,away,0.507677601,0.2011038992,False,-17.0
2014-03-14,UConn Huskies,72.0,home,0.508226673,0.2085842276,True,19.0
2014-03-14,Memphis Tigers,53.0,away,0.491773327,-0.2085842276,False,-19.0
2014-03-14,Louisiana Tech Bulldogs,86.0,home,0.9120463478,15.86452449,True,21.0
2014-03-14,Charlotte 49ers,65.0,away,0.0879536522,-15.86452449,False,-21.0
2014-03-14,Xavier Musketeers,68.0,home,0.5950974744,2.3249907174,True,3.0
2014-03-14,Marquette Golden Eagles,65.0,away,0.4049025256,-2.3249907174,False,-3.0
2014-03-14,Clemson Tigers,69.0,home,0.7468255601,5.9218884393,True,4.0
2014-03-14,Georgia Tech Yellow Jackets,65.0,away,0.2531744399,-5.9218884393,False,-4.0
2014-03-14,Arizona State Sun Devils,58.0,home,0.649748954,3.9777279779,False,-21.0
2014-03-14,Stanford Cardinal,79.0,away,0.350251046,-3.9777279779,True,21.0
2014-03-14,New Mexico State Aggies,70.0,home,0.8975153387,13.6574335727,True,2.0
2014-03-14,Seattle U Redhawks,68.0,away,0.1024846613,-13.6574335727,False,-2.0
2014-03-14,Hawai'i Rainbow Warriors,84.0,home,0.7901260621,8.2631728941,False,-3.0
2014-03-14,Cal State Northridge Matadors,87.0,away,0.20987393789999997,-8.2631728941,True,3.0
2014-03-14,Nevada Wolf Pack,62.0,home,0.2066484144,-7.9764794772,False,-13.0
2014-03-14,Boise State Broncos,75.0,away,0.7933515856,7.9764794772,True,13.0
2014-03-18,Mount St. Mary's Mountaineers,64.0,home,0.3583597383,-3.5485303976,False,-7.0
2014-03-18,UAlbany Great Danes,71.0,away,0.6416402617,3.5485303976,True,7.0
2014-03-19,Arkansas Razorbacks,91.0,home,0.9319971336,17.4070173775,True,20.0
2014-03-19,Indiana State Sycamores,71.0,away,0.0680028664,-17.4070173775,False,-20.0
2014-03-19,Missouri Tigers,85.0,home,0.8735259029,12.0036625632,True,8.0
2014-03-19,Davidson Wildcats,77.0,away,0.1264740971,-12.0036625632,False,-8.0
2014-03-19,Minnesota Golden Gophers,88.0,home,0.9668258972,19.8426188679,True,7.0
2014-03-19,High Point Panthers,81.0,away,0.0331741028,-19.8426188679,False,-7.0
2014-03-18,Georgetown Hoyas,77.0,home,0.714359459,5.5312229718,True,12.0
2014-03-18,West Virginia Mountaineers,65.0,away,0.285640541,-5.5312229718,False,-12.0
2014-03-18,St. John's Red Storm,78.0,home,0.958735892,19.7277341409,False,-11.0
2014-03-18,Robert Morris Colonials,89.0,away,0.041264108,-19.7277341409,True,11.0
2014-03-19,Green Bay Phoenix,65.0,home,0.8099492048000001,9.3130469692,False,-15.0
2014-03-19,Belmont Bruins,80.0,away,0.1900507952,-9.3130469692,True,15.0
2014-03-19,Clemson Tigers,78.0,home,0.8099923892,7.8222239069,True,12.0
2014-03-19,Georgia State Panthers,66.0,away,0.1900076108,-7.8222239069,False,-12.0
2014-03-18,Florida State Seminoles,58.0,home,0.961248109,19.9412592365,True,5.0
2014-03-18,Florida Gulf Coast Eagles,53.0,away,0.038751891,-19.9412592365,False,-5.0
2014-03-19,Xavier Musketeers,59.0,home,0.7267588198,5.9119513272,False,-15.0
2014-03-19,NC State Wolfpack,74.0,away,0.2732411802,-5.9119513272,True,15.0
2014-03-18,East Tennessee State Buccaneers,79.0,home,0.7373624964,6.9093489829,True,13.0
2014-03-18,Chattanooga Mocs,66.0,away,0.2626375036,-6.9093489829,False,-13.0
2014-03-19,Saint Mary's Gaels,70.0,home,0.5788264765,1.8049701716,True,12.0
2014-03-19,Utah Utes,58.0,away,0.4211735235,-1.8049701716,False,-12.0
2014-03-18,Siena Saints,66.0,home,0.5789514385,1.9252405496,True,11.0
2014-03-18,Stony Brook Seawolves,55.0,away,0.4210485615,-1.9252405496,False,-11.0
2014-03-18,East Carolina Pirates,59.0,home,0.46058835619999994,-0.9237434813,False,-14.0
2014-03-18,Wright State Raiders,73.0,away,0.5394116438,0.9237434813,True,14.0
2014-03-18,Canisius Golden Griffins,100.0,home,0.8604919884000001,12.901992248,False,-11.0
2014-03-18,VMI Keydets,111.0,away,0.1395080116,-12.901992248,True,11.0
2014-03-19,Sam Houston Bearkats,71.0,home,0.9175023291,14.9112566032,True,22.0
2014-03-19,Alabama State Hornets,49.0,away,0.0824976709,-14.9112566032,False,-22.0
2014-03-19,Valparaiso Beacons,56.0,home,0.7361933155,5.7870324176,False,-2.0
2014-03-19,Columbia Lions,58.0,away,0.2638066845,-5.7870324176,True,2.0
2014-03-18,Eastern Michigan Eagles,58.0,home,0.9451601714,16.7685548795,True,4.0
2014-03-18,Norfolk State Spartans,54.0,away,0.0548398286,-16.7685548795,False,-4.0
2014-03-19,San Diego Toreros,87.0,home,0.8615301788,10.5205268683,True,22.0
2014-03-19,Portland State Vikings,65.0,away,0.1384698212,-10.5205268683,False,-22.0
2014-03-20,Florida Gators,67.0,home,0.987018688,23.8713902653,True,12.0
2014-03-20,UAlbany Great Danes,55.0,away,0.012981312,-23.8713902653,False,-12.0
2014-03-20,Michigan Wolverines,57.0,home,0.9649783807,17.7516227103,True,17.0
2014-03-20,Wofford Terriers,40.0,away,0.0350216193,-17.7516227103,False,-17.0
2014-03-20,Ohio State Buckeyes,59.0,home,0.7678678464,7.0421186789,False,-1.0
2014-03-20,Dayton Flyers,60.0,away,0.2321321536,-7.0421186789,True,1.0
2014-03-20,Colorado Buffaloes,48.0,home,0.1471749474,-10.2413201271,False,-29.0
2014-03-20,Pittsburgh Panthers,77.0,away,0.8528250526,10.2413201271,True,29.0
2014-03-20,Cincinnati Bearcats,57.0,home,0.5530728911,1.220244764,False,-4.0
2014-03-20,Harvard Crimson,61.0,away,0.4469271089,-1.220244764,True,4.0
2014-03-20,Syracuse Orange,77.0,home,0.9042209945999999,12.8087042375,True,24.0
2014-03-20,Western Michigan Broncos,53.0,away,0.0957790054,-12.8087042375,False,-24.0
2014-03-20,Wisconsin Badgers,75.0,home,0.9354466567,14.4418735152,True,40.0
2014-03-20,American University Eagles,35.0,away,0.0645533433,-14.4418735152,False,-40.0
2014-03-20,Oregon Ducks,87.0,home,0.6277217585,3.6198329937,True,19.0
2014-03-20,BYU Cougars,68.0,away,0.37227824149999994,-3.6198329937,False,-19.0
2014-03-20,UConn Huskies,89.0,home,0.7133863178,5.3744509698,True,8.0
2014-03-20,Saint Joseph's Hawks,81.0,away,0.2866136822,-5.3744509698,False,-8.0
2014-03-20,Michigan State Spartans,93.0,home,0.918532826,15.9377479343,True,15.0
2014-03-20,Delaware Blue Hens,78.0,away,0.081467174,-15.9377479343,False,-15.0
2014-03-21,San Diego State Aztecs,73.0,home,0.7914528024,8.0412618974,True,4.0
2014-03-21,New Mexico State Aggies,69.0,away,0.2085471976,-8.0412618974,False,-4.0
2014-03-21,Texas Longhorns,87.0,home,0.4390253447,-1.603826476,True,2.0
2014-03-21,Arizona State Sun Devils,85.0,away,0.5609746553,1.603826476,False,-2.0
2014-03-20,Saint Louis Billikens,83.0,home,0.6619436077,4.13784309,True,3.0
2014-03-20,NC State Wolfpack,80.0,away,0.33805639230000006,-4.13784309,False,-3.0
2014-03-20,Oklahoma Sooners,75.0,home,0.47611135390000003,-0.5994656582,False,-5.0
2014-03-20,North Dakota State Bison,80.0,away,0.5238886461,0.5994656582,True,5.0
2014-03-21,Villanova Wildcats,73.0,home,0.9637198568999998,20.8742232372,True,20.0
2014-03-21,Milwaukee Panthers,53.0,away,0.0362801431,-20.8742232372,False,-20.0
2014-03-21,Louisville Cardinals,71.0,home,0.9466873778,18.9578626491,True,7.0
2014-03-21,Manhattan Jaspers,64.0,away,0.0533126222,-18.9578626491,False,-7.0
2014-03-21,North Carolina Tar Heels,79.0,home,0.688803166,5.014310075,True,2.0
2014-03-21,Providence Friars,77.0,away,0.311196834,-5.014310075,False,-2.0
2014-03-21,Memphis Tigers,71.0,home,0.523863713,0.6128706089,True,5.0
2014-03-21,George Washington Revolutionaries,66.0,away,0.476136287,-0.6128706089,False,-5.0
2014-03-21,Massachusetts Minutemen,67.0,home,0.2730439949,-6.1768707128,False,-19.0
2014-03-21,Tennessee Volunteers,86.0,away,0.7269560051,6.1768707128,True,19.0
2014-03-21,New Mexico Lobos,53.0,home,0.6292375737,3.1980309365,False,-5.0
2014-03-21,Stanford Cardinal,58.0,away,0.3707624263,-3.1980309365,True,5.0
2014-03-21,Kansas Jayhawks,80.0,home,0.9166502186,14.8692768303,True,11.0
2014-03-21,Eastern Kentucky Colonels,69.0,away,0.0833497814,-14.8692768303,False,-11.0
2014-03-21,Gonzaga Bulldogs,85.0,home,0.4487046925,-1.2921608785,True,8.0
2014-03-21,Oklahoma State Cowboys,77.0,away,0.5512953075,1.2921608785,False,-8.0
2014-03-21,Duke Blue Devils,71.0,home,0.9312412700999999,15.5697585748,False,-7.0
2014-03-21,Mercer Bears,78.0,away,0.0687587299,-15.5697585748,True,7.0
2014-03-21,Creighton Bluejays,76.0,home,0.9195437906000001,15.3535367936,True,10.0
2014-03-21,Louisiana Ragin' Cajuns,66.0,away,0.0804562094,-15.3535367936,False,-10.0
2014-03-21,Baylor Bears,74.0,home,0.7432768303,6.0896438291,True,14.0
2014-03-21,Nebraska Cornhuskers,60.0,away,0.2567231697,-6.0896438291,False,-14.0
2014-03-21,Arizona Wildcats,68.0,home,0.9578234348,17.9862936888,True,9.0
2014-03-21,Weber State Wildcats,59.0,away,0.0421765652,-17.9862936888,False,-9.0
2014-03-21,Wichita State Shockers,64.0,home,0.9688158354,18.8258216529,True,27.0
2014-03-21,Cal Poly Mustangs,37.0,away,0.0311841646,-18.8258216529,False,-27.0
2014-03-22,Iowa State Cyclones,93.0,home,0.7758690921,7.9063911189,True,18.0
2014-03-22,North Carolina Central Eagles,75.0,away,0.2241309079,-7.9063911189,False,-18.0
2014-03-22,VCU Rams,75.0,home,0.7856353025,8.0437590729,False,-2.0
2014-03-22,Stephen F. Austin Lumberjacks,77.0,away,0.2143646975,-8.0437590729,True,2.0
2014-03-22,Belmont Bruins,82.0,home,0.8719146852,11.9776323734,True,11.0
2014-03-22,Robert Morris Colonials,71.0,away,0.1280853148,-11.9776323734,False,-11.0
2014-03-22,Virginia Cavaliers,70.0,home,0.9750248187,21.2029265119,True,11.0
2014-03-22,Coastal Carolina Chanticleers,59.0,away,0.0249751813,-21.2029265119,False,-11.0
2014-03-22,Kentucky Wildcats,56.0,home,0.7976321673,8.1526283823,True,7.0
2014-03-22,Kansas State Wildcats,49.0,away,0.2023678327,-8.1526283823,False,-7.0
2014-03-22,UCLA Bruins,76.0,home,0.8877994996000002,13.5880256389,True,17.0
2014-03-22,Tulsa Golden Hurricane,59.0,away,0.1122005004,-13.5880256389,False,-17.0
2014-03-21,East Tennessee State Buccaneers,77.0,home,0.4454136384,-1.4041394612,False,-6.0
2014-03-21,Towson Tigers,83.0,away,0.5545863616,1.4041394612,True,6.0
2014-03-20,Southern Miss Golden Eagles,66.0,home,0.8074819002,8.7397487687,True,7.0
2014-03-20,Toledo Rockets,59.0,away,0.1925180998,-8.7397487687,False,-7.0
2014-03-20,SMU Mustangs,68.0,home,0.9062279540999999,13.5532017782,True,14.0
2014-03-20,UC Irvine Anteaters,54.0,away,0.0937720459,-13.5532017782,False,-14.0
2014-03-20,California Golden Bears,77.0,home,0.9411311945,15.9524246179,True,13.0
2014-03-20,Utah Valley Wolverines,64.0,away,0.058868805499999996,-15.9524246179,False,-13.0
2014-03-20,Tennessee Volunteers,78.0,home,0.4728799964,-0.6698109633,True,13.0
2014-03-20,Iowa Hawkeyes,65.0,away,0.5271200036,0.6698109633,False,-13.0
2014-03-20,San Francisco Dons,63.0,home,0.5553689803,1.4387705386,False,-8.0
2014-03-20,LSU Tigers,71.0,away,0.4446310197,-1.4387705386,True,8.0
2014-03-19,Boston University Terriers,62.0,home,0.5425303637,0.9964501057,False,-4.0
2014-03-19,Illinois Fighting Illini,66.0,away,0.4574696363,-0.9964501057,True,4.0
2014-03-19,Old Dominion Monarchs,72.0,home,0.6135415878,2.7327833382,True,7.0
2014-03-19,South Dakota State Jackrabbits,65.0,away,0.3864584122,-2.7327833382,False,-7.0
2014-03-19,Texas Southern Tigers,69.0,home,0.4655619160000001,-0.7734580021,False,-12.0
2014-03-19,Cal Poly Mustangs,81.0,away,0.534438084,0.7734580021,True,12.0
2014-03-19,Louisiana Tech Bulldogs,89.0,home,0.8692472476,12.980166683,True,1.0
2014-03-19,Iona Gaels,88.0,away,0.1307527524,-12.980166683,False,-1.0
2014-03-20,Georgia Bulldogs,63.0,home,0.7506648007,6.225281649,True,7.0
2014-03-20,Vermont Catamounts,56.0,away,0.2493351993,-6.225281649,False,-7.0
2014-03-19,Penn State Nittany Lions,69.0,home,0.9110426876,15.2290791632,True,4.0
2014-03-19,Hampton Pirates,65.0,away,0.0889573124,-15.2290791632,False,-4.0
2014-03-20,Tulane Green Wave,55.0,home,0.1896980352,-8.2017711425,False,-1.0
2014-03-20,Princeton Tigers,56.0,away,0.8103019648,8.2017711425,True,1.0
2014-03-19,Purdue Fort Wayne Mastodons,97.0,home,0.6441313492999999,3.5847287764,True,6.0
2014-03-19,Akron Zips,91.0,away,0.3558686507,-3.5847287764,False,-6.0
2014-03-19,Ohio Bobcats,64.0,home,0.5819739042,1.9195030819,True,2.0
2014-03-19,Cleveland State Vikings,62.0,away,0.4180260958,-1.9195030819,False,-2.0
2014-03-20,UTEP Miners,56.0,home,0.8046341338,8.4873606361,False,-5.0
2014-03-20,Fresno State Bulldogs,61.0,away,0.1953658662,-8.4873606361,True,5.0
2014-03-19,Yale Bulldogs,69.0,home,0.6217394587,3.1326426611,True,1.0
2014-03-19,Quinnipiac Bobcats,68.0,away,0.3782605413,-3.1326426611,False,-1.0
2014-03-20,Texas A&M Aggies,59.0,home,0.7523478384,5.9368282619,True,16.0
2014-03-20,Wyoming Cowboys,43.0,away,0.2476521616,-5.9368282619,False,-16.0
2014-03-20,Illinois State Redbirds,77.0,home,0.7104061246,5.8954614739,True,10.0
2014-03-20,Morehead State Eagles,67.0,away,0.2895938754,-5.8954614739,False,-10.0
2014-03-19,South Carolina Upstate Spartans,60.0,home,0.6599808935999999,4.0087387068,False,-3.0
2014-03-19,Towson Tigers,63.0,away,0.3400191064,-4.0087387068,True,3.0
2014-03-20,Oregon State Beavers,92.0,home,0.9231942768,16.0058654381,False,-4.0
2014-03-20,Radford Highlanders,96.0,away,0.0768057232,-16.0058654381,True,4.0
2014-03-20,Omaha Mavericks,91.0,home,0.8124585571,10.1831076821,True,16.0
2014-03-20,North Dakota Fighting Hawks,75.0,away,0.1875414429,-10.1831076821,False,-16.0
2014-03-20,Missouri State Bears,63.0,home,0.7203509138000002,5.7023717605,False,-3.0
2014-03-20,Murray State Racers,66.0,away,0.2796490862,-5.7023717605,True,3.0
2014-03-20,Northern Colorado Bears,71.0,home,0.8536980569000001,9.9572288521,False,-11.0
2014-03-20,Texas A&M-Corpus Christi Islanders,82.0,away,0.1463019431,-9.9572288521,True,11.0
2014-03-20,Grand Canyon Lopes,67.0,home,0.4348284407,-1.6276481748,False,-2.0
2014-03-20,Pacific Tigers,69.0,away,0.5651715593,1.6276481748,True,2.0
2014-03-25,California Golden Bears,75.0,home,0.5652003033,1.7466449055,True,11.0
2014-03-25,Arkansas Razorbacks,64.0,away,0.4347996967,-1.7466449055,False,-11.0
2014-03-24,Old Dominion Monarchs,82.0,home,0.718101696,5.5618193527,True,23.0
2014-03-24,Radford Highlanders,59.0,away,0.281898304,-5.5618193527,False,-23.0
2014-03-25,Fresno State Bulldogs,72.0,home,0.6191382521,2.9436069327,True,16.0
2014-03-25,Princeton Tigers,56.0,away,0.3808617479,-2.9436069327,False,-16.0
2014-03-24,Florida State Seminoles,101.0,home,0.760148258,6.9519903849,True,11.0
2014-03-24,Georgetown Hoyas,90.0,away,0.239851742,-6.9519903849,False,-11.0
2014-03-25,SMU Mustangs,80.0,home,0.7812048709,8.0804710584,True,13.0
2014-03-25,LSU Tigers,67.0,away,0.2187951291,-8.0804710584,False,-13.0
2014-03-24,Siena Saints,54.0,home,0.3749097103,-3.1004014295,True,2.0
2014-03-24,Penn State Nittany Lions,52.0,away,0.6250902897,3.1004014295,False,-2.0
2014-03-25,Illinois State Redbirds,62.0,home,0.5355189829,0.8526857286,True,7.0
2014-03-25,Texas A&M Aggies,55.0,away,0.4644810171,-0.8526857286,False,-7.0
2014-03-25,Murray State Racers,86.0,home,0.7160552779,6.2310345144,True,24.0
2014-03-25,Omaha Mavericks,62.0,away,0.2839447221,-6.2310345144,False,-24.0
2014-03-25,Clemson Tigers,73.0,home,0.8632153979,10.4797452854,True,5.0
2014-03-25,Belmont Bruins,68.0,away,0.1367846021,-10.4797452854,False,-5.0
2014-03-26,Minnesota Golden Gophers,81.0,home,0.6994185879,4.9052988068,True,8.0
2014-03-26,Southern Miss Golden Eagles,73.0,away,0.3005814121,-4.9052988068,False,-8.0
2014-03-22,Florida Gators,61.0,home,0.7056402423999999,4.7923608258,True,16.0
2014-03-22,Pittsburgh Panthers,45.0,away,0.2943597576,-4.7923608258,False,-16.0
2014-03-23,Villanova Wildcats,65.0,home,0.7210707168,5.7924991424,False,-12.0
2014-03-23,UConn Huskies,77.0,away,0.2789292832,-5.7924991424,True,12.0
2014-03-22,VMI Keydets,106.0,home,0.5139936957,0.394988268,True,11.0
2014-03-22,Purdue Fort Wayne Mastodons,95.0,away,0.4860063043,-0.394988268,False,-11.0
2014-03-23,Michigan State Spartans,80.0,home,0.7203773404,5.660482351,True,7.0
2014-03-23,Harvard Crimson,73.0,away,0.2796226596,-5.660482351,False,-7.0
2014-03-22,Georgia Bulldogs,71.0,home,0.4842554259,-0.4012766706,False,-8.0
2014-03-22,Louisiana Tech Bulldogs,79.0,away,0.5157445741,0.4012766706,True,8.0
2014-03-22,Syracuse Orange,53.0,home,0.7860833091,7.2143599908,False,-2.0
2014-03-22,Dayton Flyers,55.0,away,0.2139166909,-7.2143599908,True,2.0
2014-03-22,San Diego State Aztecs,63.0,home,0.6658232946,3.9001662394,True,19.0
2014-03-22,North Dakota State Bison,44.0,away,0.33417670540000005,-3.9001662394,False,-19.0
2014-03-22,Michigan Wolverines,79.0,home,0.8396068563,9.7840632607,True,14.0
2014-03-22,Texas Longhorns,65.0,away,0.1603931437,-9.7840632607,False,-14.0
2014-03-23,Wisconsin Badgers,85.0,home,0.7376165944,6.2259339983,True,8.0
2014-03-23,Oregon Ducks,77.0,away,0.2623834056,-6.2259339983,False,-8.0
2014-03-22,Louisville Cardinals,66.0,home,0.8935310788000002,13.4547204865,True,15.0
2014-03-22,Saint Louis Billikens,51.0,away,0.10646892120000001,-13.4547204865,False,-15.0
2014-03-22,Ohio Bobcats,56.0,home,0.743589998,6.2003207987,True,2.0
2014-03-22,Wright State Raiders,54.0,away,0.256410002,-6.2003207987,False,-2.0
2014-03-22,Holy Cross Crusaders,66.0,home,0.7142178043,5.3794477933,False,-5.0
2014-03-22,Yale Bulldogs,71.0,away,0.2857821957,-5.3794477933,True,5.0
2014-03-22,Columbia Lions,69.0,home,0.6451002577,3.2859696093,True,13.0
2014-03-22,Eastern Michigan Eagles,56.0,away,0.3548997423,-3.2859696093,False,-13.0
2014-03-22,Sam Houston Bearkats,72.0,home,0.7435172736999999,6.1861910554,False,-5.0
2014-03-22,San Diego Toreros,77.0,away,0.2564827263,-6.1861910554,True,5.0
2014-03-23,Pacific Tigers,89.0,home,0.8960496543,12.5550045038,True,29.0
2014-03-23,Texas A&M-Corpus Christi Islanders,60.0,away,0.1039503457,-12.5550045038,False,-29.0
2014-03-23,Clemson Tigers,50.0,home,0.8087814584,7.4618935869,True,1.0
2014-03-23,Illinois Fighting Illini,49.0,away,0.1912185416,-7.4618935869,False,-1.0
2014-03-23,Iowa State Cyclones,85.0,home,0.5740551322,2.0699664045,True,2.0
2014-03-23,North Carolina Tar Heels,83.0,away,0.4259448678,-2.0699664045,False,-2.0
2014-03-23,Minnesota Golden Gophers,63.0,home,0.7035171925,4.9158900034,True,8.0
2014-03-23,Saint Mary's Gaels,55.0,away,0.2964828075,-4.9158900034,False,-8.0
2014-03-24,Arizona Wildcats,84.0,home,0.7167141504,5.4973553056,True,23.0
2014-03-24,Gonzaga Bulldogs,61.0,away,0.2832858496,-5.4973553056,False,-23.0
2014-03-24,Virginia Cavaliers,78.0,home,0.7869292568,7.7421949333,True,18.0
2014-03-24,Memphis Tigers,60.0,away,0.21307074319999997,-7.7421949333,False,-18.0
2014-03-23,UCLA Bruins,77.0,home,0.8637771348,11.1953824895,True,17.0
2014-03-23,Stephen F. Austin Lumberjacks,60.0,away,0.1362228652,-11.1953824895,False,-17.0
2014-03-23,Tennessee Volunteers,83.0,home,0.8097411604,8.1495588072,True,20.0
2014-03-23,Mercer Bears,63.0,away,0.1902588396,-8.1495588072,False,-20.0
2014-03-24,Creighton Bluejays,55.0,home,0.6963366743999999,4.6471805095,False,-30.0
2014-03-24,Baylor Bears,85.0,away,0.3036633256,-4.6471805095,True,30.0
2014-03-23,Kansas Jayhawks,57.0,home,0.8635880817,11.482125169,False,-3.0
2014-03-23,Stanford Cardinal,60.0,away,0.1364119183,-11.482125169,True,3.0
2014-03-23,Wichita State Shockers,76.0,home,0.4748459799,-0.603518383,False,-2.0
2014-03-23,Kentucky Wildcats,78.0,away,0.5251540201,0.603518383,True,2.0
2014-03-23,Missouri Tigers,63.0,home,0.7499657118,6.5173858827,False,-8.0
2014-03-23,Southern Miss Golden Eagles,71.0,away,0.2500342882,-6.5173858827,True,8.0
2014-03-26,Ohio Bobcats,90.0,home,0.8797516278,13.9187609567,False,-2.0
2014-03-26,VMI Keydets,92.0,away,0.12024837220000001,-13.9187609567,True,2.0
2014-03-26,Florida State Seminoles,78.0,home,0.6884849656,5.2157129735,True,3.0
2014-03-26,Louisiana Tech Bulldogs,75.0,away,0.3115150344,-5.2157129735,False,-3.0
2014-03-26,Siena Saints,61.0,home,0.6449471121000001,3.7445493236,True,12.0
2014-03-26,Illinois State Redbirds,49.0,away,0.3550528879,-3.7445493236,False,-12.0
2014-03-27,Fresno State Bulldogs,71.0,home,0.8493564038,10.4931725021,True,7.0
2014-03-27,Old Dominion Monarchs,64.0,away,0.1506435962,-10.4931725021,False,-7.0
2014-03-27,SMU Mustangs,67.0,home,0.8295450165,9.5153035197,True,2.0
2014-03-27,California Golden Bears,65.0,away,0.1704549835,-9.5153035197,False,-2.0
2014-03-26,Columbia Lions,69.0,home,0.7510823493,6.1564666183,False,-3.0
2014-03-26,Yale Bulldogs,72.0,away,0.2489176507,-6.1564666183,True,3.0
2014-03-27,Pacific Tigers,75.0,home,0.7309385396,5.8176896378,True,15.0
2014-03-27,San Diego Toreros,60.0,away,0.2690614604,-5.8176896378,False,-15.0
2014-03-28,Florida Gators,79.0,home,0.7887570854,7.9422695841,True,11.0
2014-03-28,UCLA Bruins,68.0,away,0.2112429146,-7.9422695841,False,-11.0
2014-03-28,Arizona Wildcats,70.0,home,0.6794367891,4.3347217088,True,6.0
2014-03-28,San Diego State Aztecs,64.0,away,0.32056321089999995,-4.3347217088,False,-6.0
2014-03-27,Stanford Cardinal,72.0,home,0.4121727371999999,-2.1204320793,False,-10.0
2014-03-27,Dayton Flyers,82.0,away,0.5878272628,2.1204320793,True,10.0
2014-03-27,Wisconsin Badgers,69.0,home,0.6906992973,4.4216529726,True,17.0
2014-03-27,Baylor Bears,52.0,away,0.3093007027,-4.4216529726,False,-17.0
2014-03-28,Murray State Racers,85.0,home,0.6834021452000001,4.6774942197,True,12.0
2014-03-28,Towson Tigers,73.0,away,0.3165978548,-4.6774942197,False,-12.0
2014-03-30,Arizona Wildcats,63.0,home,0.6378265773,3.164402842,False,-1.0
2014-03-30,Wisconsin Badgers,64.0,away,0.3621734227,-3.164402842,True,1.0
2014-03-29,Florida Gators,62.0,home,0.8959203664,12.1269113213,True,10.0
2014-03-29,Dayton Flyers,52.0,away,0.1040796336,-12.1269113213,False,-10.0
2014-04-01,Fresno State Bulldogs,57.0,home,0.8084567602,9.1466920882,False,-4.0
2014-04-01,Siena Saints,61.0,away,0.1915432398,-9.1466920882,True,4.0
2014-03-28,Iowa State Cyclones,76.0,home,0.4775659851,-0.5735394742,False,-5.0
2014-03-28,UConn Huskies,81.0,away,0.5224340149,0.5735394742,True,5.0
2014-03-29,Louisville Cardinals,69.0,home,0.7451082796,6.6692050863,False,-5.0
2014-03-29,Kentucky Wildcats,74.0,away,0.2548917204,-6.6692050863,True,5.0
2014-03-28,Michigan Wolverines,73.0,home,0.5701961863,1.5168359802,True,2.0
2014-03-28,Tennessee Volunteers,71.0,away,0.4298038137,-1.5168359802,False,-2.0
2014-03-29,Virginia Cavaliers,59.0,home,0.5528214323,1.1873776231,False,-2.0
2014-03-29,Michigan State Spartans,61.0,away,0.4471785677,-1.1873776231,True,2.0
2014-03-30,Michigan State Spartans,54.0,home,0.6226729725,2.9638235273,False,-6.0
2014-03-30,UConn Huskies,60.0,away,0.3773270275,-2.9638235273,True,6.0
2014-03-30,Michigan Wolverines,72.0,home,0.526417032,0.596543515,False,-3.0
2014-03-30,Kentucky Wildcats,75.0,away,0.473582968,-0.596543515,True,3.0
2014-04-02,Murray State Racers,98.0,home,0.7348027762,6.3833410248,True,23.0
2014-04-02,Pacific Tigers,75.0,away,0.2651972238,-6.3833410248,False,-23.0
2014-04-02,Minnesota Golden Gophers,67.0,home,0.316100334,-4.6645586843,True,3.0
2014-04-02,Florida State Seminoles,64.0,away,0.683899666,4.6645586843,False,-3.0
2014-04-01,VMI Keydets,62.0,home,0.6184795944,3.3207951609,False,-13.0
2014-04-01,Yale Bulldogs,75.0,away,0.38152040560000006,-3.3207951609,True,13.0
2014-04-01,SMU Mustangs,65.0,home,0.4959610442,-0.0872924332,True,6.0
2014-04-01,Clemson Tigers,59.0,away,0.5040389558,0.0872924332,False,-6.0
2014-04-03,Minnesota Golden Gophers,65.0,home,0.35724289479999993,-3.5063461466,True,2.0
2014-04-03,SMU Mustangs,63.0,away,0.6427571051999998,3.5063461466,False,-2.0
2014-04-03,Murray State Racers,65.0,home,0.7383422952,6.3616451916,True,8.0
2014-04-03,Yale Bulldogs,57.0,away,0.2616577048,-6.3616451916,False,-8.0
2014-04-02,Siena Saints,75.0,home,0.5572502735,1.4604424503,False,-14.0
2014-04-02,Fresno State Bulldogs,89.0,away,0.4427497265,-1.4604424503,True,14.0
2014-04-05,Siena Saints,81.0,home,0.5389144398,0.9935944513,True,13.0
2014-04-05,Fresno State Bulldogs,68.0,away,0.4610855602,-0.9935944513,False,-13.0
2014-04-05,Florida Gators,53.0,home,0.8255313794999999,8.6848192168,False,-10.0
2014-04-05,UConn Huskies,63.0,away,0.1744686205,-8.6848192168,True,10.0
2014-04-06,Wisconsin Badgers,73.0,home,0.5336877748,0.7769449239,False,-1.0
2014-04-06,Kentucky Wildcats,74.0,away,0.46631222520000004,-0.7769449239,True,1.0
2014-04-08,UConn Huskies,60.0,home,0.3505453027,-3.6832892316,True,6.0
2014-04-08,Kentucky Wildcats,54.0,away,0.6494546972999999,3.6832892316,False,-6.0
