DATE,TEAM,POINTS,HOME_AWAY,WIN_PROB,PRED_SPREAD,WON,ACTUAL_SPREAD
2024-11-06,Colgate Raiders,95.0,home,0.0,0.0,True,33.0
2024-11-06,SUNY-Canton Roos,62.0,away,0.0,0.0,False,-33.0
2024-11-06,BYU Cougars,88.0,home,0.0,0.0,True,38.0
2024-11-06,Central Arkansas Bears,50.0,away,0.0,0.0,False,-38.0
2024-11-06,Kennesaw State Owls,110.0,home,0.0,0.0,True,49.0
2024-11-06,Toccoa Falls Eagles,61.0,away,0.0,0.0,False,-49.0
2024-11-06,Kansas State Wildcats,89.0,home,0.0,0.0,True,24.0
2024-11-06,New Orleans Privateers,65.0,away,0.0,0.0,False,-24.0
2024-11-06,San Francisco Dons,86.0,home,0.0,0.0,True,8.0
2024-11-06,Cal Poly Mustangs,78.0,away,0.0,0.0,False,-8.0
2024-11-06,Washington Huskies,79.0,home,0.0,0.0,True,6.0
2024-11-06,UC Davis Aggies,73.0,away,0.0,0.0,False,-6.0
2024-11-06,Rice Owls,77.0,home,0.0,0.0,True,7.0
2024-11-06,Florida International Panthers,70.0,away,0.0,0.0,False,-7.0
2024-11-06,North Texas Mean Green,80.0,home,0.0,0.0,True,17.0
2024-11-06,Evansville Purple Aces,63.0,away,0.0,0.0,False,-17.0
2024-11-06,Sacramento State Hornets,106.0,home,0.0,0.0,True,62.0
2024-11-06,Cal Maritime Keelhaulers,44.0,away,0.0,0.0,False,-62.0
2024-11-06,Arizona State Sun Devils,55.0,home,0.0,0.0,True,7.0
2024-11-06,Idaho State Bengals,48.0,away,0.0,0.0,False,-7.0
2024-11-06,Texas Tech Red Raiders,94.0,home,0.0,0.0,True,33.0
2024-11-06,Bethune-Cookman Wildcats,61.0,away,0.0,0.0,False,-33.0
2024-11-07,UConn Huskies,92.0,home,0.0,0.0,True,36.0
2024-11-07,Sacred Heart Pioneers,56.0,away,0.0,0.0,False,-36.0
2024-11-07,Le Moyne Dolphins,75.0,home,0.0,0.0,False,-22.0
2024-11-07,Cal State Northridge Matadors,97.0,away,0.0,0.0,True,22.0
2024-11-07,Creighton Bluejays,99.0,home,0.0,0.0,True,13.0
2024-11-07,UT Rio Grande Valley Vaqueros,86.0,away,0.0,0.0,False,-13.0
2024-11-06,Maine Black Bears,98.0,home,0.0,0.0,True,51.0
2024-11-06,Maine-Fort Kent Bengals,47.0,away,0.0,0.0,False,-51.0
2024-11-07,Arkansas Razorbacks,76.0,home,0.0,0.0,True,16.0
2024-11-07,Lipscomb Bisons,60.0,away,0.0,0.0,False,-16.0
2024-11-06,Rutgers Scarlet Knights,75.0,home,0.0,0.0,True,23.0
2024-11-06,Wagner Seahawks,52.0,away,0.0,0.0,False,-23.0
2024-11-07,Norfolk State Spartans,104.0,home,0.0,0.0,True,44.0
2024-11-07,Virginia-Lynchburg Dragons,60.0,away,0.0,0.0,False,-44.0
2024-11-07,Texas Southern Tigers,100.0,home,0.0,0.0,True,34.0
2024-11-07,Texas A&M-San Antonio Jaguars,66.0,away,0.0,0.0,False,-34.0
2024-11-07,New Hampshire Wildcats,99.0,home,0.0,0.0,True,30.0
2024-11-07,Massachusetts-Boston Beacons,69.0,away,0.0,0.0,False,-30.0
2024-11-07,Cleveland State Vikings,91.0,home,0.0,0.0,True,38.0
2024-11-07,Baldwin Wallace Yellow Jackets,53.0,away,0.0,0.0,False,-38.0
2024-11-07,Presbyterian Blue Hose,120.0,home,0.0,0.0,True,75.0
2024-11-07,Carolina Christian College Centurions,45.0,away,0.0,0.0,False,-75.0
2024-11-06,Morgan State Bears,73.0,home,0.0,0.0,False,-5.0
2024-11-06,Mercyhurst Lakers,78.0,away,0.0,0.0,True,5.0
2024-11-07,Indiana Hoosiers,80.0,home,0.0,0.0,True,19.0
2024-11-07,SIU Edwardsville Cougars,61.0,away,0.0,0.0,False,-19.0
2024-11-07,Auburn Tigers,94.0,home,0.0,0.0,True,51.0
2024-11-07,Vermont Catamounts,43.0,away,0.0,0.0,False,-51.0
2024-11-07,Wright State Raiders,89.0,home,0.0,0.0,True,29.0
2024-11-07,Ohio Christian Trailblazers,60.0,away,0.0,0.0,False,-29.0
2024-11-07,Morehead State Eagles,89.0,home,0.0,0.0,True,41.0
2024-11-07,Boyce Bulldogs,48.0,away,0.0,0.0,False,-41.0
2024-11-07,High Point Panthers,93.0,home,0.0,0.0,True,42.0
2024-11-07,Coppin State Eagles,51.0,away,0.0,0.0,False,-42.0
2024-11-07,South Carolina Upstate Spartans,103.0,home,0.0,0.0,True,33.0
2024-11-07,Piedmont Lions,70.0,away,0.0,0.0,False,-33.0
2024-11-07,Richmond Spiders,101.0,home,0.0,0.0,True,33.0
2024-11-07,Mount Olive Trojans,68.0,away,0.0,0.0,False,-33.0
2024-11-07,Notre Dame Fighting Irish,89.0,home,0.0,0.0,True,29.0
2024-11-07,Stonehill Skyhawks,60.0,away,0.0,0.0,False,-29.0
2024-11-07,Villanova Wildcats,80.0,home,0.0,0.0,False,-10.0
2024-11-07,Columbia Lions,90.0,away,0.0,0.0,True,10.0
2024-11-07,Arkansas-Pine Bluff Golden Lions,99.0,home,0.0,0.0,True,42.0
2024-11-07,Champion Christian Tigers,57.0,away,0.0,0.0,False,-42.0
2024-11-07,Virginia Cavaliers,65.0,home,0.0,0.0,True,9.0
2024-11-07,Campbell Fighting Camels,56.0,away,0.0,0.0,False,-9.0
2024-11-07,Georgia Tech Yellow Jackets,85.0,home,0.0,0.0,True,23.0
2024-11-07,West Georgia Wolves,62.0,away,0.0,0.0,False,-23.0
2024-11-07,Eastern Washington Eagles,93.0,home,0.0,0.0,True,7.0
2024-11-07,Seattle U Redhawks,86.0,away,0.0,0.0,False,-7.0
2024-11-07,Georgetown Hoyas,85.0,home,0.0,0.0,True,8.0
2024-11-07,Lehigh Mountain Hawks,77.0,away,0.0,0.0,False,-8.0
2024-11-07,App State Mountaineers,108.0,home,0.0,0.0,True,54.0
2024-11-07,St. Andrews Knights,54.0,away,0.0,0.0,False,-54.0
2024-11-07,South Dakota Coyotes,91.0,home,0.0,0.0,True,8.0
2024-11-07,East Texas A&M Lions,83.0,away,0.0,0.0,False,-8.0
2024-11-07,Minnesota Golden Gophers,80.0,home,0.0,0.0,True,23.0
2024-11-07,Oral Roberts Golden Eagles,57.0,away,0.0,0.0,False,-23.0
2024-11-07,Eastern Illinois Panthers,97.0,home,0.0,0.0,True,36.0
2024-11-07,Earlham College Quakers,61.0,away,0.0,0.0,False,-36.0
2024-11-07,LSU Tigers,95.0,home,0.0,0.0,True,35.0
2024-11-07,UL Monroe Warhawks,60.0,away,0.0,0.0,False,-35.0
2024-11-07,San Diego State Aztecs,63.0,home,0.0,0.0,True,5.0
2024-11-07,UC San Diego Tritons,58.0,away,0.0,0.0,False,-5.0
2024-11-07,Utah State Aggies,101.0,home,0.0,0.0,True,55.0
2024-11-07,Alcorn State Braves,46.0,away,0.0,0.0,False,-55.0
2024-11-07,Pepperdine Waves,77.0,home,0.0,0.0,True,13.0
2024-11-07,Western Illinois Leathernecks,64.0,away,0.0,0.0,False,-13.0
2024-11-07,Boise State Broncos,87.0,home,0.0,0.0,True,44.0
2024-11-07,Oakland Golden Grizzlies,43.0,away,0.0,0.0,False,-44.0
2024-11-07,Portland Pilots,83.0,home,0.0,0.0,True,13.0
2024-11-07,Lewis & Clark Pioneers,70.0,away,0.0,0.0,False,-13.0
2024-11-07,San Diego Toreros,67.0,home,0.0,0.0,False,-1.0
2024-11-07,Rider Broncs,68.0,away,0.0,0.0,True,1.0
2024-11-10,Indiana Hoosiers,90.0,home,0.0,0.0,True,35.0
2024-11-10,Eastern Illinois Panthers,55.0,away,0.0,0.0,False,-35.0
2024-11-10,Wake Forest Demon Deacons,72.0,home,0.0,0.0,True,2.0
2024-11-10,Michigan Wolverines,70.0,away,0.0,0.0,False,-2.0
2024-11-10,Robert Morris Colonials,79.0,home,0.0,0.0,True,28.0
2024-11-10,Chatham University Cougars,51.0,away,0.0,0.0,False,-28.0
2024-11-10,Drake Bulldogs,66.0,home,0.0,0.0,True,15.0
2024-11-10,Stephen F. Austin Lumberjacks,51.0,away,0.0,0.0,False,-15.0
2024-11-10,Detroit Mercy Titans,84.0,home,0.0,0.0,True,6.0
2024-11-10,Niagara Purple Eagles,78.0,away,0.0,0.0,False,-6.0
2024-11-10,Wisconsin Badgers,87.0,home,0.0,0.0,True,31.0
2024-11-10,App State Mountaineers,56.0,away,0.0,0.0,False,-31.0
2024-11-10,Brown Bears,67.0,home,0.0,0.0,False,-2.0
2024-11-10,Maine Black Bears,69.0,away,0.0,0.0,True,2.0
2024-11-10,Campbell Fighting Camels,64.0,home,0.0,0.0,False,-1.0
2024-11-10,Saint Francis Red Flash,65.0,away,0.0,0.0,True,1.0
2024-11-10,Miami Hurricanes,88.0,home,0.0,0.0,True,24.0
2024-11-10,Binghamton Bearcats,64.0,away,0.0,0.0,False,-24.0
2024-11-10,South Dakota Coyotes,77.0,home,0.0,0.0,True,30.0
2024-11-10,Mount Marty College Lancers,47.0,away,0.0,0.0,False,-30.0
2024-11-10,Oklahoma State Cowboys,80.0,home,0.0,0.0,True,9.0
2024-11-10,St. Thomas-Minnesota Tommies,71.0,away,0.0,0.0,False,-9.0
2024-11-10,Northern Iowa Panthers,60.0,home,0.0,0.0,False,-20.0
2024-11-10,UC Irvine Anteaters,80.0,away,0.0,0.0,True,20.0
2024-11-10,Gonzaga Bulldogs,88.0,home,0.0,0.0,True,8.0
2024-11-10,Arizona State Sun Devils,80.0,away,0.0,0.0,False,-8.0
2024-11-10,Creighton Bluejays,96.0,home,0.0,0.0,True,26.0
2024-11-10,Fairleigh Dickinson Knights,70.0,away,0.0,0.0,False,-26.0
2024-11-10,Northeastern Huskies,76.0,home,0.0,0.0,False,-3.0
2024-11-10,Princeton Tigers,79.0,away,0.0,0.0,True,3.0
2024-11-10,Georgia Tech Yellow Jackets,93.0,home,0.0,0.0,False,-12.0
2024-11-10,North Florida Ospreys,105.0,away,0.0,0.0,True,12.0
2024-11-10,Loyola Chicago Ramblers,105.0,home,0.0,0.0,True,52.0
2024-11-10,Eureka Red Devils,53.0,away,0.0,0.0,False,-52.0
2024-11-10,Vanderbilt Commodores,85.0,home,0.0,0.0,True,9.0
2024-11-10,Southeast Missouri State Redhawks,76.0,away,0.0,0.0,False,-9.0
2024-11-10,UAB Blazers,82.0,home,0.0,0.0,True,10.0
2024-11-10,SE Louisiana Lions,72.0,away,0.0,0.0,False,-10.0
2024-11-10,American University Eagles,67.0,home,0.0,0.0,True,12.0
2024-11-10,Harvard Crimson,55.0,away,0.0,0.0,False,-12.0
2024-11-10,Georgia Bulldogs,92.0,home,0.0,0.0,True,28.0
2024-11-10,Texas Southern Tigers,64.0,away,0.0,0.0,False,-28.0
2024-11-11,Life Pacific Warriors,41.0,home,0.0,0.0,False,-53.0
2024-11-11,Pacific Tigers,94.0,away,0.0,0.0,True,53.0
2024-11-11,Hawai'i Rainbow Warriors,80.0,home,0.0,0.0,True,11.0
2024-11-11,San José State Spartans,69.0,away,0.0,0.0,False,-11.0
2024-11-10,Wyoming Cowboys,81.0,home,0.0,0.0,True,15.0
2024-11-10,Tennessee State Tigers,66.0,away,0.0,0.0,False,-15.0
2024-11-11,Cal Poly Mustangs,99.0,home,0.0,0.0,True,33.0
2024-11-11,Menlo Oaks,66.0,away,0.0,0.0,False,-33.0
2024-11-11,UT Rio Grande Valley Vaqueros,110.0,home,0.0,0.0,True,50.0
2024-11-11,Champion Christian Tigers,60.0,away,0.0,0.0,False,-50.0
2024-11-10,LSU Tigers,74.0,home,0.0,0.0,True,13.0
2024-11-10,Alabama State Hornets,61.0,away,0.0,0.0,False,-13.0
2024-11-10,Saint Louis Billikens,95.0,home,0.0,0.0,True,51.0
2024-11-10,Avila Eagles,44.0,away,0.0,0.0,False,-51.0
2024-11-11,Montana Grizzlies,94.0,home,0.0,0.0,True,50.0
2024-11-11,Northwest Indian RedHawks,44.0,away,0.0,0.0,False,-50.0
2024-11-08,Florida Gators,81.0,home,0.0,0.0,True,21.0
2024-11-08,Jacksonville Dolphins,60.0,away,0.0,0.0,False,-21.0
2024-11-07,Binghamton Bearcats,82.0,home,0.0,0.0,True,19.0
2024-11-07,SUNY-Oneonta Red Dragons,63.0,away,0.0,0.0,False,-19.0
2024-11-07,Cal State Bakersfield Roadrunners,122.0,home,0.0,0.0,True,69.0
2024-11-07,Bethesda University Flames,53.0,away,0.0,0.0,False,-69.0
2024-11-08,Lindenwood Lions,98.0,home,0.0,0.0,True,68.0
2024-11-08,Health Sciences & Pharmacy Eutectics,30.0,away,0.0,0.0,False,-68.0
2024-11-07,Alabama A&M Bulldogs,121.0,home,0.0,0.0,True,43.0
2024-11-07,Oakwood Ambassadors,78.0,away,0.0,0.0,False,-43.0
2024-11-08,Mercer Bears,125.0,home,0.0,0.0,True,71.0
2024-11-08,Virginia-Lynchburg Dragons,54.0,away,0.0,0.0,False,-71.0
2024-11-08,Indiana State Sycamores,93.0,home,0.0,0.0,True,45.0
2024-11-08,Eureka Red Devils,48.0,away,0.0,0.0,False,-45.0
2024-11-08,Mississippi Valley State Delta Devils,66.0,home,0.0,0.0,True,17.0
2024-11-08,Mississippi University For Women Owls,49.0,away,0.0,0.0,False,-17.0
2024-11-08,Fairleigh Dickinson Knights,112.0,home,0.0,0.0,True,40.0
2024-11-08,Purchase Panthers,72.0,away,0.0,0.0,False,-40.0
2024-11-08,Wake Forest Demon Deacons,80.0,home,0.0,0.0,True,16.0
2024-11-08,North Carolina A&T Aggies,64.0,away,0.0,0.0,False,-16.0
2024-11-08,Central Michigan Chippewas,72.0,home,0.0,0.0,False,-1.0
2024-11-08,Stony Brook Seawolves,73.0,away,0.0,0.0,True,1.0
2024-11-07,North Alabama Lions,94.0,home,0.0,0.0,True,36.0
2024-11-07,Point University Skyhawks,58.0,away,0.0,0.0,False,-36.0
2024-11-07,UT Martin Skyhawks,114.0,home,0.0,0.0,True,53.0
2024-11-07,Kentucky Christian Knights,61.0,away,0.0,0.0,False,-53.0
2024-11-07,Delaware Blue Hens,81.0,home,0.0,0.0,True,4.0
2024-11-07,Robert Morris Colonials,77.0,away,0.0,0.0,False,-4.0
2024-11-08,Pennsylvania Quakers,85.0,home,0.0,0.0,True,1.0
2024-11-08,Maryland Eastern Shore Hawks,84.0,away,0.0,0.0,False,-1.0
2024-11-08,The Citadel Bulldogs,86.0,home,0.0,0.0,True,30.0
2024-11-08,Erskine Flying Fleet,56.0,away,0.0,0.0,False,-30.0
2024-11-08,Western Michigan Broncos,86.0,home,0.0,0.0,True,40.0
2024-11-08,Davenport Panthers,46.0,away,0.0,0.0,False,-40.0
2024-11-08,North Florida Ospreys,90.0,home,0.0,0.0,True,24.0
2024-11-08,Charleston Southern Buccaneers,66.0,away,0.0,0.0,False,-24.0
2024-11-08,Quinnipiac Bobcats,71.0,home,0.0,0.0,True,24.0
2024-11-08,WPI Engineers,47.0,away,0.0,0.0,False,-24.0
2024-11-08,Northern Illinois Huskies,105.0,home,0.0,0.0,True,68.0
2024-11-08,Holy Cross College (IN) Saints,37.0,away,0.0,0.0,False,-68.0
2024-11-08,UAB Blazers,98.0,home,0.0,0.0,True,14.0
2024-11-08,Southern Miss Golden Eagles,84.0,away,0.0,0.0,False,-14.0
2024-11-08,Southern Indiana Screaming Eagles,69.0,home,0.0,0.0,False,-6.0
2024-11-08,Bucknell Bison,75.0,away,0.0,0.0,True,6.0
2024-11-08,Tennessee Tech Golden Eagles,89.0,home,0.0,0.0,True,15.0
2024-11-08,Bryan (TN) Lions,74.0,away,0.0,0.0,False,-15.0
2024-11-08,Louisiana Ragin' Cajuns,82.0,home,0.0,0.0,True,17.0
2024-11-08,UT Dallas Comets,65.0,away,0.0,0.0,False,-17.0
2024-11-08,Loyola Chicago Ramblers,87.0,home,0.0,0.0,True,22.0
2024-11-08,Detroit Mercy Titans,65.0,away,0.0,0.0,False,-22.0
2024-11-08,Wisconsin Badgers,79.0,home,0.0,0.0,True,12.0
2024-11-08,Montana State Bobcats,67.0,away,0.0,0.0,False,-12.0
2024-11-08,Northern Iowa Panthers,87.0,home,0.0,0.0,True,19.0
2024-11-08,Milwaukee Panthers,68.0,away,0.0,0.0,False,-19.0
2024-11-08,Stetson Hatters,76.0,home,0.0,0.0,False,-3.0
2024-11-08,Omaha Mavericks,79.0,away,0.0,0.0,True,3.0
2024-11-08,Iowa Hawkeyes,89.0,home,0.0,0.0,True,15.0
2024-11-08,Southern Jaguars,74.0,away,0.0,0.0,False,-15.0
2024-11-08,DePaul Blue Demons,92.0,home,0.0,0.0,True,33.0
2024-11-08,Prairie View A&M Panthers,59.0,away,0.0,0.0,False,-33.0
2024-11-08,Michigan State Spartans,96.0,home,0.0,0.0,True,36.0
2024-11-08,Niagara Purple Eagles,60.0,away,0.0,0.0,False,-36.0
2024-11-08,Saint Mary's Gaels,86.0,home,0.0,0.0,True,12.0
2024-11-08,Chattanooga Mocs,74.0,away,0.0,0.0,False,-12.0
2024-11-08,SMU Mustangs,102.0,home,0.0,0.0,True,29.0
2024-11-08,Florida A&M Rattlers,73.0,away,0.0,0.0,False,-29.0
2024-11-08,North Texas Mean Green,80.0,home,0.0,0.0,True,42.0
2024-11-08,Wayland Baptist Pioneers,38.0,away,0.0,0.0,False,-42.0
2024-11-08,McNeese Cowboys,111.0,home,0.0,0.0,True,54.0
2024-11-08,College Of Biblical Studies Ambassadors,57.0,away,0.0,0.0,False,-54.0
2024-11-08,North Dakota State Bison,68.0,home,0.0,0.0,False,-9.0
2024-11-08,Illinois State Redbirds,77.0,away,0.0,0.0,True,9.0
2024-11-08,Air Force Falcons,73.0,home,0.0,0.0,True,6.0
2024-11-08,Jacksonville State Gamecocks,67.0,away,0.0,0.0,False,-6.0
2024-11-08,USC Trojans,75.0,home,0.0,0.0,True,6.0
2024-11-08,Idaho State Bengals,69.0,away,0.0,0.0,False,-6.0
2024-11-08,Portland State Vikings,131.0,home,0.0,0.0,True,47.0
2024-11-08,Evergreen State Geoducks,84.0,away,0.0,0.0,False,-47.0
2024-11-08,California Golden Bears,91.0,home,0.0,0.0,True,18.0
2024-11-08,Cal Poly Mustangs,73.0,away,0.0,0.0,False,-18.0
2024-11-08,Utah Utes,98.0,home,0.0,0.0,True,35.0
2024-11-08,Central Arkansas Bears,63.0,away,0.0,0.0,False,-35.0
2024-11-08,Idaho Vandals,75.0,home,0.0,0.0,False,-4.0
2024-11-08,UC Davis Aggies,79.0,away,0.0,0.0,True,4.0
2024-11-09,Louisville Cardinals,55.0,home,0.0,0.0,False,-22.0
2024-11-09,Tennessee Volunteers,77.0,away,0.0,0.0,True,22.0
2024-11-09,Arizona Wildcats,102.0,home,0.0,0.0,True,58.0
2024-11-09,Old Dominion Monarchs,44.0,away,0.0,0.0,False,-58.0
2024-11-10,UConn Huskies,92.0,home,0.0,0.0,True,39.0
2024-11-10,New Hampshire Wildcats,53.0,away,0.0,0.0,False,-39.0
2024-11-09,Long Island University Sharks,102.0,home,0.0,0.0,True,60.0
2024-11-09,Pratt Cannoneers,42.0,away,0.0,0.0,False,-60.0
2024-11-09,Dartmouth Big Green,81.0,home,0.0,0.0,True,5.0
2024-11-09,Sacred Heart Pioneers,76.0,away,0.0,0.0,False,-5.0
2024-11-09,Seton Hall Pirates,56.0,home,0.0,0.0,False,-1.0
2024-11-09,Fordham Rams,57.0,away,0.0,0.0,True,1.0
2024-11-09,Wagner Seahawks,94.0,home,0.0,0.0,True,42.0
2024-11-09,Manor College Blue Jays,52.0,away,0.0,0.0,False,-42.0
2024-11-09,Drexel Dragons,73.0,home,0.0,0.0,True,17.0
2024-11-09,Colgate Raiders,56.0,away,0.0,0.0,False,-17.0
2024-11-09,Winthrop Eagles,82.0,home,0.0,0.0,True,15.0
2024-11-09,Little Rock Trojans,67.0,away,0.0,0.0,False,-15.0
2024-11-09,Coppin State Eagles,53.0,home,0.0,0.0,False,-11.0
2024-11-09,Rider Broncs,64.0,away,0.0,0.0,True,11.0
2024-11-09,St. John's Red Storm,96.0,home,0.0,0.0,True,23.0
2024-11-09,Quinnipiac Bobcats,73.0,away,0.0,0.0,False,-23.0
2024-11-09,Evansville Purple Aces,96.0,home,0.0,0.0,True,47.0
2024-11-09,Brescia Bearcats,49.0,away,0.0,0.0,False,-47.0
2024-11-09,Miami (OH) RedHawks,68.0,home,0.0,0.0,False,-13.0
2024-11-09,Wright State Raiders,81.0,away,0.0,0.0,True,13.0
2024-11-09,Kentucky Wildcats,100.0,home,0.0,0.0,True,28.0
2024-11-09,Bucknell Bison,72.0,away,0.0,0.0,False,-28.0
2024-11-10,Arkansas Razorbacks,67.0,home,0.0,0.0,False,-5.0
2024-11-10,Baylor Bears,72.0,away,0.0,0.0,True,5.0
2024-11-10,Houston Cougars,69.0,home,0.0,0.0,False,-5.0
2024-11-10,Auburn Tigers,74.0,away,0.0,0.0,True,5.0
2024-11-09,Columbia Lions,83.0,home,0.0,0.0,True,21.0
2024-11-09,Delaware State Hornets,62.0,away,0.0,0.0,False,-21.0
2024-11-09,Tulsa Golden Hurricane,103.0,home,0.0,0.0,True,23.0
2024-11-09,Arkansas-Pine Bluff Golden Lions,80.0,away,0.0,0.0,False,-23.0
2024-11-09,Marshall Thundering Herd,80.0,home,0.0,0.0,False,-10.0
2024-11-09,Toledo Rockets,90.0,away,0.0,0.0,True,10.0
2024-11-09,High Point Panthers,80.0,home,0.0,0.0,True,9.0
2024-11-09,Jackson State Tigers,71.0,away,0.0,0.0,False,-9.0
2024-11-09,Mercyhurst Lakers,88.0,home,0.0,0.0,True,26.0
2024-11-09,Houghton Highlanders,62.0,away,0.0,0.0,False,-26.0
2024-11-09,Longwood Lancers,84.0,home,0.0,0.0,True,18.0
2024-11-09,Morgan State Bears,66.0,away,0.0,0.0,False,-18.0
2024-11-09,La Salle Explorers,81.0,home,0.0,0.0,True,21.0
2024-11-09,Lafayette Leopards,60.0,away,0.0,0.0,False,-21.0
2024-11-09,Georgetown Hoyas,69.0,home,0.0,0.0,True,12.0
2024-11-09,Fairfield Stags,57.0,away,0.0,0.0,False,-12.0
2024-11-09,Utah Valley Wolverines,89.0,home,0.0,0.0,True,29.0
2024-11-09,UTEP Miners,60.0,away,0.0,0.0,False,-29.0
2024-11-09,Utah State Aggies,103.0,home,0.0,0.0,True,29.0
2024-11-09,Charlotte 49ers,74.0,away,0.0,0.0,False,-29.0
2024-11-09,Minnesota Golden Gophers,68.0,home,0.0,0.0,True,4.0
2024-11-09,Omaha Mavericks,64.0,away,0.0,0.0,False,-4.0
2024-11-09,Kansas State Wildcats,77.0,home,0.0,0.0,True,13.0
2024-11-09,Cleveland State Vikings,64.0,away,0.0,0.0,False,-13.0
2024-11-09,Bellarmine Knights,71.0,home,0.0,0.0,False,-5.0
2024-11-09,VMI Keydets,76.0,away,0.0,0.0,True,5.0
2024-11-09,Nicholls Colonels,93.0,home,0.0,0.0,True,49.0
2024-11-09,Mississippi University For Women Owls,44.0,away,0.0,0.0,False,-49.0
2024-11-09,Canisius Golden Griffins,78.0,home,0.0,0.0,False,-9.0
2024-11-09,St. Bonaventure Bonnies,87.0,away,0.0,0.0,True,9.0
2024-11-09,Xavier (LA) Gold Nuggets,62.0,home,0.0,0.0,True,6.0
2024-11-09,Alcorn State Braves,56.0,away,0.0,0.0,False,-6.0
2024-11-09,Lipscomb Bisons,78.0,home,0.0,0.0,True,9.0
2024-11-09,Wofford Terriers,69.0,away,0.0,0.0,False,-9.0
2024-11-09,Maryland Eastern Shore Hawks,96.0,home,0.0,0.0,True,19.0
2024-11-09,Penn State-Schuylkill Nittany Lions,77.0,away,0.0,0.0,False,-19.0
2024-11-09,East Carolina Pirates,63.0,home,0.0,0.0,True,4.0
2024-11-09,Coastal Carolina Chanticleers,59.0,away,0.0,0.0,False,-4.0
2024-11-09,UT Arlington Mavericks,77.0,home,0.0,0.0,False,-15.0
2024-11-09,Louisiana Tech Bulldogs,92.0,away,0.0,0.0,True,15.0
2024-11-09,UNLV Rebels,74.0,home,0.0,0.0,False,-6.0
2024-11-09,Memphis Tigers,80.0,away,0.0,0.0,True,6.0
2024-11-09,Portland Pilots,53.0,home,0.0,0.0,False,-41.0
2024-11-09,UC Santa Barbara Gauchos,94.0,away,0.0,0.0,True,41.0
2024-11-09,Norfolk State Spartans,83.0,home,0.0,0.0,True,14.0
2024-11-09,James Madison Dukes,69.0,away,0.0,0.0,False,-14.0
2024-11-09,New Orleans Privateers,61.0,home,0.0,0.0,False,-17.0
2024-11-09,Troy Trojans,78.0,away,0.0,0.0,True,17.0
2024-11-09,Providence Friars,76.0,home,0.0,0.0,True,27.0
2024-11-09,Stonehill Skyhawks,49.0,away,0.0,0.0,False,-27.0
2024-11-10,Abilene Christian Wildcats,56.0,home,0.0,0.0,False,-23.0
2024-11-10,Middle Tennessee Blue Raiders,79.0,away,0.0,0.0,True,23.0
2024-11-09,Richmond Spiders,72.0,home,0.0,0.0,False,-7.0
2024-11-09,Marist Red Foxes,79.0,away,0.0,0.0,True,7.0
2024-11-10,Rice Owls,65.0,home,0.0,0.0,False,-8.0
2024-11-10,Florida State Seminoles,73.0,away,0.0,0.0,True,8.0
2024-11-10,Loyola Maryland Greyhounds,83.0,home,0.0,0.0,True,41.0
2024-11-10,Lancasater Bible College Chargers,42.0,away,0.0,0.0,False,-41.0
2024-11-10,Merrimack Warriors,65.0,home,0.0,0.0,True,14.0
2024-11-10,Vermont Catamounts,51.0,away,0.0,0.0,False,-14.0
2024-11-10,Grand Canyon Lopes,74.0,home,0.0,0.0,True,2.0
2024-11-10,Western Kentucky Hilltoppers,72.0,away,0.0,0.0,False,-2.0
2024-11-10,Elon Phoenix,103.0,home,0.0,0.0,True,37.0
2024-11-10,Bluefield University Ramblin' Rams,66.0,away,0.0,0.0,False,-37.0
2024-11-10,Tarleton State Texans,62.0,home,0.0,0.0,False,-29.0
2024-11-10,Sam Houston Bearkats,91.0,away,0.0,0.0,True,29.0
2024-11-10,Le Moyne Dolphins,107.0,home,0.0,0.0,True,34.0
2024-11-10,SUNY Poly Wildcats,73.0,away,0.0,0.0,False,-34.0
2024-11-10,Wichita State Shockers,89.0,home,0.0,0.0,True,20.0
2024-11-10,Montana State Bobcats,69.0,away,0.0,0.0,False,-20.0
2024-11-10,Chicago State Cougars,60.0,home,0.0,0.0,False,-20.0
2024-11-10,Youngstown State Penguins,80.0,away,0.0,0.0,True,20.0
2024-11-10,UAlbany Great Danes,89.0,home,0.0,0.0,True,20.0
2024-11-10,SUNY-Oneonta Red Dragons,69.0,away,0.0,0.0,False,-20.0
2024-11-10,Ohio Bobcats,82.0,home,0.0,0.0,True,6.0
2024-11-10,UNC Asheville Bulldogs,76.0,away,0.0,0.0,False,-6.0
2024-11-10,Seattle U Redhawks,64.0,home,0.0,0.0,False,-2.0
2024-11-10,Liberty Flames,66.0,away,0.0,0.0,True,2.0
2024-11-10,Nebraska Cornhuskers,63.0,home,0.0,0.0,True,5.0
2024-11-10,Bethune-Cookman Wildcats,58.0,away,0.0,0.0,False,-5.0
2024-11-10,Dayton Flyers,71.0,home,0.0,0.0,True,5.0
2024-11-10,Northwestern Wildcats,66.0,away,0.0,0.0,False,-5.0
2024-11-10,Utah Tech Trailblazers,63.0,home,0.0,0.0,False,-12.0
2024-11-10,New Mexico State Aggies,75.0,away,0.0,0.0,True,12.0
2024-11-10,California Baptist Lancers,88.0,home,0.0,0.0,True,4.0
2024-11-10,Kennesaw State Owls,84.0,away,0.0,0.0,False,-4.0
2024-11-10,Southern Utah Thunderbirds,80.0,home,0.0,0.0,True,5.0
2024-11-10,Florida International Panthers,75.0,away,0.0,0.0,False,-5.0
2024-11-10,UC San Diego Tritons,94.0,home,0.0,0.0,True,18.0
2024-11-10,Pepperdine Waves,76.0,away,0.0,0.0,False,-18.0
2024-11-10,San Francisco Dons,84.0,home,0.0,0.0,True,11.0
2024-11-10,Boise State Broncos,73.0,away,0.0,0.0,False,-11.0
2024-11-10,Nevada Wolf Pack,63.0,home,0.0,0.0,True,10.0
2024-11-10,Washington Huskies,53.0,away,0.0,0.0,False,-10.0
2024-11-09,Kansas Jayhawks,92.0,home,0.0,0.0,True,3.0
2024-11-09,North Carolina Tar Heels,89.0,away,0.0,0.0,False,-3.0
2024-11-09,Texas A&M Aggies,87.0,home,0.0,0.0,True,32.0
2024-11-09,East Texas A&M Lions,55.0,away,0.0,0.0,False,-32.0
2024-11-08,Duke Blue Devils,100.0,home,0.0,0.0,True,42.0
2024-11-08,Army Black Knights,58.0,away,0.0,0.0,False,-42.0
2024-11-09,Alabama Crimson Tide,88.0,home,0.0,0.0,True,9.0
2024-11-09,Arkansas State Red Wolves,79.0,away,0.0,0.0,False,-9.0
2024-11-09,Marquette Golden Eagles,82.0,home,0.0,0.0,True,19.0
2024-11-09,George Mason Patriots,63.0,away,0.0,0.0,False,-19.0
2024-11-08,Eastern Michigan Eagles,83.0,home,0.0,0.0,True,25.0
2024-11-08,Siena Heights Saints,58.0,away,0.0,0.0,False,-25.0
2024-11-08,North Carolina Central Eagles,82.0,home,0.0,0.0,False,-6.0
2024-11-08,Gardner-Webb Runnin' Bulldogs,88.0,away,0.0,0.0,True,6.0
2024-11-08,Stanford Cardinal,80.0,home,0.0,0.0,True,27.0
2024-11-08,Cal State Fullerton Titans,53.0,away,0.0,0.0,False,-27.0
2024-11-08,Ball State Cardinals,87.0,home,0.0,0.0,True,27.0
2024-11-08,Franklin Grizzlies,60.0,away,0.0,0.0,False,-27.0
2024-11-08,Towson Tigers,89.0,home,0.0,0.0,True,55.0
2024-11-08,Penn State - Wilkes-Barre Mountain Lions,34.0,away,0.0,0.0,False,-55.0
2024-11-08,UMass Lowell River Hawks,81.0,home,0.0,0.0,True,7.0
2024-11-08,Saint Peter's Peacocks,74.0,away,0.0,0.0,False,-7.0
2024-11-08,Cornell Big Red,88.0,home,0.0,0.0,True,2.0
2024-11-08,Samford Bulldogs,86.0,away,0.0,0.0,False,-2.0
2024-11-08,Monmouth Hawks,74.0,home,0.0,0.0,False,-29.0
2024-11-08,Temple Owls,103.0,away,0.0,0.0,True,29.0
2024-11-09,Cincinnati Bearcats,83.0,home,0.0,0.0,True,27.0
2024-11-09,Morehead State Eagles,56.0,away,0.0,0.0,False,-27.0
2024-11-09,Purdue Boilermakers,72.0,home,0.0,0.0,True,22.0
2024-11-09,Northern Kentucky Norse,50.0,away,0.0,0.0,False,-22.0
2024-11-09,Texas Longhorns,90.0,home,0.0,0.0,True,31.0
2024-11-09,Houston Christian Huskies,59.0,away,0.0,0.0,False,-31.0
2024-11-08,Incarnate Word Cardinals,97.0,home,0.0,0.0,True,44.0
2024-11-08,Southwestern (TX) Pirates,53.0,away,0.0,0.0,False,-44.0
2024-11-09,UCLA Bruins,64.0,home,0.0,0.0,False,-8.0
2024-11-09,New Mexico Lobos,72.0,away,0.0,0.0,True,8.0
2024-11-09,Ole Miss Rebels,66.0,home,0.0,0.0,True,2.0
2024-11-09,Grambling Tigers,64.0,away,0.0,0.0,False,-2.0
2024-11-08,Denver Pioneers,97.0,home,0.0,0.0,True,17.0
2024-11-08,Western Colorado Mountaineers,80.0,away,0.0,0.0,False,-17.0
2024-11-08,Butler Bulldogs,66.0,home,0.0,0.0,False,-2.0
2024-11-08,Austin Peay Governors,68.0,away,0.0,0.0,True,2.0
2024-11-08,Penn State Nittany Lions,103.0,home,0.0,0.0,True,49.0
2024-11-08,UMBC Retrievers,54.0,away,0.0,0.0,False,-49.0
2024-11-09,Green Bay Phoenix,76.0,home,0.0,0.0,False,-14.0
2024-11-09,St. Thomas-Minnesota Tommies,90.0,away,0.0,0.0,True,14.0
2024-11-09,UNC Wilmington Seahawks,92.0,home,0.0,0.0,True,8.0
2024-11-09,Georgia Southern Eagles,84.0,away,0.0,0.0,False,-8.0
2024-11-09,Florida Atlantic Owls,99.0,home,0.0,0.0,True,50.0
2024-11-09,Coastal Georgia Mariner,49.0,away,0.0,0.0,False,-50.0
2024-11-09,Radford Highlanders,89.0,home,0.0,0.0,True,12.0
2024-11-09,William & Mary Tribe,77.0,away,0.0,0.0,False,-12.0
2024-11-09,Kent State Golden Flashes,98.0,home,0.0,0.0,True,45.0
2024-11-09,Miami (OH)-Hamilton Harriers,53.0,away,0.0,0.0,False,-45.0
2024-11-09,Charleston Cougars,86.0,home,0.0,0.0,True,15.0
2024-11-09,South Florida Bulls,71.0,away,0.0,0.0,False,-15.0
2024-11-08,Xavier Musketeers,94.0,home,0.0,0.0,True,14.0
2024-11-08,IU Indianapolis Jaguars,80.0,away,0.0,0.0,False,-14.0
2024-11-08,VCU Rams,80.0,home,0.0,0.0,True,25.0
2024-11-08,Boston College Eagles,55.0,away,0.0,0.0,False,-25.0
2024-11-09,Bryant Bulldogs,88.0,home,0.0,0.0,False,-2.0
2024-11-09,Siena Saints,90.0,away,0.0,0.0,True,2.0
2024-11-09,George Washington Revolutionaries,82.0,home,0.0,0.0,True,28.0
2024-11-09,Hampton Pirates,54.0,away,0.0,0.0,False,-28.0
2024-11-09,Pittsburgh Panthers,83.0,home,0.0,0.0,True,15.0
2024-11-09,Murray State Racers,68.0,away,0.0,0.0,False,-15.0
2024-11-09,Akron Zips,88.0,home,0.0,0.0,True,31.0
2024-11-09,Ohio Wesleyan Battling Bishops,57.0,away,0.0,0.0,False,-31.0
2024-11-09,Bowling Green Falcons,85.0,home,0.0,0.0,False,-6.0
2024-11-09,Davidson Wildcats,91.0,away,0.0,0.0,True,6.0
2024-11-09,UCF Knights,75.0,home,0.0,0.0,True,7.0
2024-11-09,Purdue Fort Wayne Mastodons,68.0,away,0.0,0.0,False,-7.0
2024-11-09,NC State Wolfpack,81.0,home,0.0,0.0,True,9.0
2024-11-09,Presbyterian Blue Hose,72.0,away,0.0,0.0,False,-9.0
2024-11-09,Rhode Island Rams,91.0,home,0.0,0.0,True,14.0
2024-11-09,Holy Cross Crusaders,77.0,away,0.0,0.0,False,-14.0
2024-11-09,South Carolina Gamecocks,86.0,home,0.0,0.0,True,22.0
2024-11-09,South Carolina State Bulldogs,64.0,away,0.0,0.0,False,-22.0
2024-11-09,Queens University Royals,67.0,home,0.0,0.0,True,13.0
2024-11-09,Western Carolina Catamounts,54.0,away,0.0,0.0,False,-13.0
2024-11-09,Virginia Tech Hokies,93.0,home,0.0,0.0,True,19.0
2024-11-09,South Carolina Upstate Spartans,74.0,away,0.0,0.0,False,-19.0
2024-11-09,Nicholls Colonels,64.0,home,0.0,0.0,False,-6.0
2024-11-09,South Alabama Jaguars,70.0,away,0.0,0.0,True,6.0
2024-11-09,Belmont Bruins,74.0,home,0.0,0.0,False,-2.0
2024-11-09,Furman Paladins,76.0,away,0.0,0.0,True,2.0
2024-11-09,West Virginia Mountaineers,75.0,home,0.0,0.0,True,6.0
2024-11-09,Massachusetts Minutemen,69.0,away,0.0,0.0,False,-6.0
2024-11-09,Southern Illinois Salukis,86.0,home,0.0,0.0,True,22.0
2024-11-09,Missouri S&T Miners,64.0,away,0.0,0.0,False,-22.0
2024-11-09,East Tennessee State Buccaneers,78.0,home,0.0,0.0,False,-4.0
2024-11-09,Eastern Kentucky Colonels,82.0,away,0.0,0.0,True,4.0
2024-11-09,Tulane Green Wave,80.0,home,0.0,0.0,True,16.0
2024-11-09,UL Monroe Warhawks,64.0,away,0.0,0.0,False,-16.0
2024-11-09,Oral Roberts Golden Eagles,105.0,home,0.0,0.0,True,56.0
2024-11-09,Ozark Christian Ambassadors,49.0,away,0.0,0.0,False,-56.0
2024-11-09,Kansas City Roos,124.0,home,0.0,0.0,True,88.0
2024-11-09,Kansas Christian Falcons,36.0,away,0.0,0.0,False,-88.0
2024-11-09,Hofstra Pride,90.0,home,0.0,0.0,True,14.0
2024-11-09,Iona Gaels,76.0,away,0.0,0.0,False,-14.0
2024-11-09,Saint Joseph's Hawks,67.0,home,0.0,0.0,False,-6.0
2024-11-09,Central Connecticut Blue Devils,73.0,away,0.0,0.0,True,6.0
2024-11-09,Clemson Tigers,88.0,home,0.0,0.0,True,26.0
2024-11-09,Saint Francis Red Flash,62.0,away,0.0,0.0,False,-26.0
2024-11-09,Valparaiso Beacons,111.0,home,0.0,0.0,True,65.0
2024-11-09,Concordia-Ann Arbor Cardinals,46.0,away,0.0,0.0,False,-65.0
2024-11-09,Mississippi State Bulldogs,101.0,home,0.0,0.0,True,35.0
2024-11-09,Georgia State Panthers,66.0,away,0.0,0.0,False,-35.0
2024-11-09,Buffalo Bulls,87.0,home,0.0,0.0,True,9.0
2024-11-09,Fredonia State Blue Devils,78.0,away,0.0,0.0,False,-9.0
2024-11-09,Texas State Bobcats,102.0,home,0.0,0.0,True,40.0
2024-11-09,McMurry War Hawks,62.0,away,0.0,0.0,False,-40.0
2024-11-09,Arizona State Sun Devils,81.0,home,0.0,0.0,True,7.0
2024-11-09,Santa Clara Broncos,74.0,away,0.0,0.0,False,-7.0
2024-11-09,Texas A&M-Corpus Christi Islanders,87.0,home,0.0,0.0,True,51.0
2024-11-09,Dallas Christian Crusaders,36.0,away,0.0,0.0,False,-51.0
2024-11-09,UIC Flames,91.0,home,0.0,0.0,True,12.0
2024-11-09,Yale Bulldogs,79.0,away,0.0,0.0,False,-12.0
2024-11-09,Northern Arizona Lumberjacks,115.0,home,0.0,0.0,True,48.0
2024-11-09,Nelson Lions,67.0,away,0.0,0.0,False,-48.0
2024-11-09,Maryland Terrapins,86.0,home,0.0,0.0,True,34.0
2024-11-09,Mount St. Mary's Mountaineers,52.0,away,0.0,0.0,False,-34.0
2024-11-09,Illinois Fighting Illini,90.0,home,0.0,0.0,True,32.0
2024-11-09,SIU Edwardsville Cougars,58.0,away,0.0,0.0,False,-32.0
2024-11-09,Missouri Tigers,77.0,home,0.0,0.0,True,15.0
2024-11-09,Howard Bison,62.0,away,0.0,0.0,False,-15.0
2024-11-09,Villanova Wildcats,91.0,home,0.0,0.0,True,37.0
2024-11-09,NJIT Highlanders,54.0,away,0.0,0.0,False,-37.0
2024-11-09,Navy Midshipmen,85.0,home,0.0,0.0,True,5.0
2024-11-09,Harvard Crimson,80.0,away,0.0,0.0,False,-5.0
2024-11-09,Duquesne Dukes,68.0,home,0.0,0.0,False,-7.0
2024-11-09,Princeton Tigers,75.0,away,0.0,0.0,True,7.0
2024-11-09,BYU Cougars,86.0,home,0.0,0.0,True,6.0
2024-11-09,UC Riverside Highlanders,80.0,away,0.0,0.0,False,-6.0
2024-11-09,South Dakota State Jackrabbits,80.0,home,0.0,0.0,True,1.0
2024-11-09,Long Beach State Beach,79.0,away,0.0,0.0,False,-1.0
2024-11-09,TCU Horned Frogs,67.0,home,0.0,0.0,True,16.0
2024-11-09,Florida Gulf Coast Eagles,51.0,away,0.0,0.0,False,-16.0
2024-11-09,San Diego Toreros,74.0,home,0.0,0.0,True,14.0
2024-11-09,Boston University Terriers,60.0,away,0.0,0.0,False,-14.0
2024-11-09,Loyola Marymount Lions,51.0,home,0.0,0.0,False,-15.0
2024-11-09,UC Irvine Anteaters,66.0,away,0.0,0.0,True,15.0
2024-11-09,Colorado Buffaloes,90.0,home,0.0,0.0,True,2.0
2024-11-09,Northern Colorado Bears,88.0,away,0.0,0.0,False,-2.0
2024-11-09,Oregon Ducks,79.0,home,0.0,0.0,True,31.0
2024-11-09,Montana Grizzlies,48.0,away,0.0,0.0,False,-31.0
2024-11-09,Colorado State Rams,87.0,home,0.0,0.0,True,8.0
2024-11-09,Tennessee State Tigers,79.0,away,0.0,0.0,False,-8.0
2024-11-09,Oregon State Beavers,76.0,home,0.0,0.0,True,28.0
2024-11-09,Weber State Wildcats,48.0,away,0.0,0.0,False,-28.0
2024-11-09,Texas Tech Red Raiders,86.0,home,0.0,0.0,True,21.0
2024-11-09,Northwestern State Demons,65.0,away,0.0,0.0,False,-21.0
2024-11-09,Pacific Tigers,80.0,home,0.0,0.0,True,13.0
2024-11-09,San José State Spartans,67.0,away,0.0,0.0,False,-13.0
2024-11-09,Washington State Cougars,91.0,home,0.0,0.0,True,17.0
2024-11-09,Bradley Braves,74.0,away,0.0,0.0,False,-17.0
2024-11-09,Fresno State Bulldogs,64.0,home,0.0,0.0,True,7.0
2024-11-09,Sacramento State Hornets,57.0,away,0.0,0.0,False,-7.0
2024-11-09,Hawai'i Rainbow Warriors,96.0,home,0.0,0.0,True,35.0
2024-11-09,Life Pacific Warriors,61.0,away,0.0,0.0,False,-35.0
2024-11-12,Charleston Southern Buccaneers,108.0,home,0.0,0.0,True,58.0
2024-11-12,Morris College Hornets,50.0,away,0.0,0.0,False,-58.0
2024-11-11,Howard Bison,91.0,home,0.0,0.0,True,18.0
2024-11-11,Dillard Blue Devils,73.0,away,0.0,0.0,False,-18.0
2024-11-12,Iowa State Cyclones,82.0,home,0.0,0.0,True,26.0
2024-11-12,Kansas City Roos,56.0,away,0.0,0.0,False,-26.0
2024-11-11,Ohio State Buckeyes,81.0,home,0.0,0.0,True,34.0
2024-11-11,Youngstown State Penguins,47.0,away,0.0,0.0,False,-34.0
2024-11-12,Alabama Crimson Tide,72.0,home,0.0,0.0,True,8.0
2024-11-12,McNeese Cowboys,64.0,away,0.0,0.0,False,-8.0
2024-11-12,Pittsburgh Panthers,83.0,home,0.0,0.0,True,19.0
2024-11-12,Gardner-Webb Runnin' Bulldogs,64.0,away,0.0,0.0,False,-19.0
2024-11-12,Rutgers Scarlet Knights,75.0,home,0.0,0.0,True,10.0
2024-11-12,Saint Peter's Peacocks,65.0,away,0.0,0.0,False,-10.0
2024-11-12,Central Connecticut Blue Devils,117.0,home,0.0,0.0,True,49.0
2024-11-12,Vermont State - Johnson Badgers,68.0,away,0.0,0.0,False,-49.0
2024-11-11,UMBC Retrievers,120.0,home,0.0,0.0,True,59.0
2024-11-11,Valley Forge Patriots,61.0,away,0.0,0.0,False,-59.0
2024-11-12,Bowling Green Falcons,107.0,home,0.0,0.0,True,64.0
2024-11-12,Taylor Trojans,43.0,away,0.0,0.0,False,-64.0
2024-11-11,Air Force Falcons,54.0,home,0.0,0.0,False,-9.0
2024-11-11,Long Island University Sharks,63.0,away,0.0,0.0,True,9.0
2024-11-12,Marquette Golden Eagles,70.0,home,0.0,0.0,True,8.0
2024-11-12,Central Michigan Chippewas,62.0,away,0.0,0.0,False,-8.0
2024-11-12,Texas A&M Aggies,97.0,home,0.0,0.0,True,26.0
2024-11-12,Lamar Cardinals,71.0,away,0.0,0.0,False,-26.0
2024-11-12,Florida Gators,86.0,home,0.0,0.0,True,24.0
2024-11-12,Grambling Tigers,62.0,away,0.0,0.0,False,-24.0
2024-11-12,Purdue Boilermakers,92.0,home,0.0,0.0,True,8.0
2024-11-12,Yale Bulldogs,84.0,away,0.0,0.0,False,-8.0
2024-11-12,George Mason Patriots,94.0,home,0.0,0.0,True,38.0
2024-11-12,Stony Brook Seawolves,56.0,away,0.0,0.0,False,-38.0
2024-11-12,Georgia Southern Eagles,79.0,home,0.0,0.0,True,10.0
2024-11-12,Augusta Jaguars,69.0,away,0.0,0.0,False,-10.0
2024-11-12,Marshall Thundering Herd,77.0,home,0.0,0.0,True,14.0
2024-11-12,Southern Indiana Screaming Eagles,63.0,away,0.0,0.0,False,-14.0
2024-11-12,South Carolina State Bulldogs,94.0,home,0.0,0.0,True,46.0
2024-11-12,Voorhees Tigers,48.0,away,0.0,0.0,False,-46.0
2024-11-11,The Citadel Bulldogs,74.0,home,0.0,0.0,True,22.0
2024-11-11,Stetson Hatters,52.0,away,0.0,0.0,False,-22.0
2024-11-12,Notre Dame Fighting Irish,86.0,home,0.0,0.0,True,9.0
2024-11-12,Buffalo Bulls,77.0,away,0.0,0.0,False,-9.0
2024-11-12,Maryland Terrapins,84.0,home,0.0,0.0,True,31.0
2024-11-12,Florida A&M Rattlers,53.0,away,0.0,0.0,False,-31.0
2024-11-12,Virginia Cavaliers,62.0,home,0.0,0.0,True,17.0
2024-11-12,Coppin State Eagles,45.0,away,0.0,0.0,False,-17.0
2024-11-12,Alabama A&M Bulldogs,103.0,home,0.0,0.0,True,46.0
2024-11-12,Arkansas Baptist Buffaloes,57.0,away,0.0,0.0,False,-46.0
2024-11-12,Missouri State Bears,90.0,home,0.0,0.0,True,29.0
2024-11-12,Missouri Southern State Lions,61.0,away,0.0,0.0,False,-29.0
2024-11-12,DePaul Blue Demons,95.0,home,0.0,0.0,True,31.0
2024-11-12,Mercer Bears,64.0,away,0.0,0.0,False,-31.0
2024-11-12,SMU Mustangs,81.0,home,0.0,0.0,True,13.0
2024-11-12,UNC Greensboro Spartans,68.0,away,0.0,0.0,False,-13.0
2024-11-12,Oklahoma Sooners,73.0,home,0.0,0.0,True,16.0
2024-11-12,Northwestern State Demons,57.0,away,0.0,0.0,False,-16.0
2024-11-12,Austin Peay Governors,67.0,home,0.0,0.0,True,6.0
2024-11-12,Chattanooga Mocs,61.0,away,0.0,0.0,False,-6.0
2024-11-12,Tulane Green Wave,84.0,home,0.0,0.0,True,33.0
2024-11-12,Alcorn State Braves,51.0,away,0.0,0.0,False,-33.0
2024-11-12,Missouri Tigers,84.0,home,0.0,0.0,True,7.0
2024-11-12,Eastern Washington Eagles,77.0,away,0.0,0.0,False,-7.0
2024-11-12,Virginia Tech Hokies,58.0,home,0.0,0.0,True,6.0
2024-11-12,Winthrop Eagles,52.0,away,0.0,0.0,False,-6.0
2024-11-12,Cal State Bakersfield Roadrunners,86.0,home,0.0,0.0,True,5.0
2024-11-12,North Dakota State Bison,81.0,away,0.0,0.0,False,-5.0
2024-11-12,Montana State Bobcats,93.0,home,0.0,0.0,True,58.0
2024-11-12,Northwest Indian RedHawks,35.0,away,0.0,0.0,False,-58.0
2024-11-12,North Alabama Lions,87.0,home,0.0,0.0,True,18.0
2024-11-12,UT Martin Skyhawks,69.0,away,0.0,0.0,False,-18.0
2024-11-12,Butler Bulldogs,85.0,home,0.0,0.0,True,20.0
2024-11-12,Western Michigan Broncos,65.0,away,0.0,0.0,False,-20.0
2024-11-12,Furman Paladins,78.0,home,0.0,0.0,True,9.0
2024-11-12,Jacksonville Dolphins,69.0,away,0.0,0.0,False,-9.0
2024-11-12,Washington State Cougars,90.0,home,0.0,0.0,True,23.0
2024-11-12,Idaho Vandals,67.0,away,0.0,0.0,False,-23.0
2024-11-12,Idaho State Bengals,87.0,home,0.0,0.0,True,24.0
2024-11-12,Southern Oregon Raiders,63.0,away,0.0,0.0,False,-24.0
2024-11-12,San José State Spartans,93.0,home,0.0,0.0,True,37.0
2024-11-12,Life Pacific Warriors,56.0,away,0.0,0.0,False,-37.0
2024-11-12,Hawai'i Rainbow Warriors,76.0,home,0.0,0.0,True,10.0
2024-11-12,Pacific Tigers,66.0,away,0.0,0.0,False,-10.0
2024-11-12,UCLA Bruins,71.0,home,0.0,0.0,True,31.0
2024-11-12,Boston University Terriers,40.0,away,0.0,0.0,False,-31.0
2024-11-14,North Dakota Fighting Hawks,77.0,home,0.0,0.0,True,6.0
2024-11-14,Utah Valley Wolverines,71.0,away,0.0,0.0,False,-6.0
2024-11-14,IU Indianapolis Jaguars,71.0,home,0.0,0.0,False,-3.0
2024-11-14,Eastern Michigan Eagles,74.0,away,0.0,0.0,True,3.0
2024-11-15,UMBC Retrievers,92.0,home,0.0,0.0,True,25.0
2024-11-15,Coppin State Eagles,67.0,away,0.0,0.0,False,-25.0
2024-11-15,Florida International Panthers,110.0,home,0.0,0.0,True,55.0
2024-11-15,Florida National Conquistadors,55.0,away,0.0,0.0,False,-55.0
2024-11-15,Wichita State Shockers,79.0,home,0.0,0.0,True,6.0
2024-11-15,Northern Iowa Panthers,73.0,away,0.0,0.0,False,-6.0
2024-11-15,Chattanooga Mocs,76.0,home,0.0,0.0,True,14.0
2024-11-15,Morehead State Eagles,62.0,away,0.0,0.0,False,-14.0
2024-11-15,Jacksonville Dolphins,71.0,home,0.0,0.0,True,9.0
2024-11-15,South Carolina State Bulldogs,62.0,away,0.0,0.0,False,-9.0
2024-11-15,Oklahoma State Cowboys,85.0,home,0.0,0.0,True,7.0
2024-11-15,Southern Illinois Salukis,78.0,away,0.0,0.0,False,-7.0
2024-11-15,The Citadel Bulldogs,79.0,home,0.0,0.0,True,25.0
2024-11-15,North Greenville Crusaders,54.0,away,0.0,0.0,False,-25.0
2024-11-14,New Orleans Privateers,82.0,home,0.0,0.0,True,8.0
2024-11-14,Lindenwood Lions,74.0,away,0.0,0.0,False,-8.0
2024-11-15,Buffalo Bulls,64.0,home,0.0,0.0,False,-23.0
2024-11-15,Bryant Bulldogs,87.0,away,0.0,0.0,True,23.0
2024-11-15,Missouri Tigers,111.0,home,0.0,0.0,True,72.0
2024-11-15,Mississippi Valley State Delta Devils,39.0,away,0.0,0.0,False,-72.0
2024-11-15,South Dakota Coyotes,92.0,home,0.0,0.0,True,23.0
2024-11-15,Dakota Wesleyan Tigers,69.0,away,0.0,0.0,False,-23.0
2024-11-15,Tarleton State Texans,88.0,home,0.0,0.0,True,31.0
2024-11-15,Tabor,57.0,away,0.0,0.0,False,-31.0
2024-11-15,Northern Kentucky Norse,59.0,home,0.0,0.0,False,-2.0
2024-11-15,Nicholls Colonels,61.0,away,0.0,0.0,True,2.0
2024-11-15,Robert Morris Colonials,63.0,home,0.0,0.0,True,12.0
2024-11-15,Stonehill Skyhawks,51.0,away,0.0,0.0,False,-12.0
2024-11-15,South Dakota State Jackrabbits,69.0,home,0.0,0.0,False,-9.0
2024-11-15,Northern Colorado Bears,78.0,away,0.0,0.0,True,9.0
2024-11-15,Arizona State Sun Devils,87.0,home,0.0,0.0,True,11.0
2024-11-15,Grand Canyon Lopes,76.0,away,0.0,0.0,False,-11.0
2024-11-15,Denver Pioneers,86.0,home,0.0,0.0,True,23.0
2024-11-15,Colorado Christian Cougars,63.0,away,0.0,0.0,False,-23.0
2024-11-15,UL Monroe Warhawks,110.0,home,0.0,0.0,True,62.0
2024-11-15,Ecclesia Royals,48.0,away,0.0,0.0,False,-62.0
2024-11-15,New Mexico State Aggies,83.0,home,0.0,0.0,True,1.0
2024-11-15,Texas A&M-Corpus Christi Islanders,82.0,away,0.0,0.0,False,-1.0
2024-11-15,UNLV Rebels,80.0,home,0.0,0.0,True,11.0
2024-11-15,Omaha Mavericks,69.0,away,0.0,0.0,False,-11.0
2024-11-15,UC Riverside Highlanders,79.0,home,0.0,0.0,True,28.0
2024-11-15,La Sierra Golden Eagles,51.0,away,0.0,0.0,False,-28.0
2024-11-15,Pacific Tigers,57.0,home,0.0,0.0,False,-3.0
2024-11-15,Northern Arizona Lumberjacks,60.0,away,0.0,0.0,True,3.0
2024-11-15,Cal Poly Mustangs,75.0,home,0.0,0.0,True,4.0
2024-11-15,Seattle U Redhawks,71.0,away,0.0,0.0,False,-4.0
2024-11-15,Kansas State Wildcats,65.0,home,0.0,0.0,False,-11.0
2024-11-15,LSU Tigers,76.0,away,0.0,0.0,True,11.0
2024-11-14,Jacksonville State Gamecocks,72.0,home,0.0,0.0,True,5.0
2024-11-14,Georgia State Panthers,67.0,away,0.0,0.0,False,-5.0
2024-11-13,Bellarmine Knights,69.0,home,0.0,0.0,False,-2.0
2024-11-13,Southern Indiana Screaming Eagles,71.0,away,0.0,0.0,True,2.0
2024-11-14,Arkansas Razorbacks,65.0,home,0.0,0.0,True,16.0
2024-11-14,Troy Trojans,49.0,away,0.0,0.0,False,-16.0
2024-11-14,UConn Huskies,90.0,home,0.0,0.0,True,41.0
2024-11-14,Le Moyne Dolphins,49.0,away,0.0,0.0,False,-41.0
2024-11-14,Bucknell Bison,89.0,home,0.0,0.0,False,-4.0
2024-11-14,Mount St. Mary's Mountaineers,93.0,away,0.0,0.0,True,4.0
2024-11-13,Dartmouth Big Green,73.0,home,0.0,0.0,False,-14.0
2024-11-13,UAlbany Great Danes,87.0,away,0.0,0.0,True,14.0
2024-11-14,Toledo Rockets,86.0,home,0.0,0.0,True,9.0
2024-11-14,Wright State Raiders,77.0,away,0.0,0.0,False,-9.0
2024-11-14,Mercer Bears,101.0,home,0.0,0.0,True,58.0
2024-11-14,Trinity College of Jacksonville Eagles,43.0,away,0.0,0.0,False,-58.0
2024-11-13,St. John's Red Storm,66.0,home,0.0,0.0,True,21.0
2024-11-13,Wagner Seahawks,45.0,away,0.0,0.0,False,-21.0
2024-11-14,Tennessee Volunteers,92.0,home,0.0,0.0,True,35.0
2024-11-14,Montana Grizzlies,57.0,away,0.0,0.0,False,-35.0
2024-11-14,Yale Bulldogs,100.0,home,0.0,0.0,True,54.0
2024-11-14,Emerson Lions,46.0,away,0.0,0.0,False,-54.0
2024-11-14,Auburn Tigers,79.0,home,0.0,0.0,True,23.0
2024-11-14,Kent State Golden Flashes,56.0,away,0.0,0.0,False,-23.0
2024-11-13,Massachusetts Minutemen,66.0,home,0.0,0.0,False,-10.0
2024-11-13,Louisiana Tech Bulldogs,76.0,away,0.0,0.0,True,10.0
2024-11-14,Northeastern Huskies,78.0,home,0.0,0.0,True,22.0
2024-11-14,Harvard Crimson,56.0,away,0.0,0.0,False,-22.0
2024-11-14,Campbell Fighting Camels,83.0,home,0.0,0.0,True,43.0
2024-11-14,Newberry Wolves,40.0,away,0.0,0.0,False,-43.0
2024-11-14,NC State Wolfpack,82.0,home,0.0,0.0,True,12.0
2024-11-14,Coastal Carolina Chanticleers,70.0,away,0.0,0.0,False,-12.0
2024-11-14,Houston Cougars,91.0,home,0.0,0.0,True,46.0
2024-11-14,Louisiana Ragin' Cajuns,45.0,away,0.0,0.0,False,-46.0
2024-11-14,Howard Bison,88.0,home,0.0,0.0,True,4.0
2024-11-14,Tennessee State Tigers,84.0,away,0.0,0.0,False,-4.0
2024-11-14,Western Carolina Catamounts,99.0,home,0.0,0.0,True,35.0
2024-11-14,Truett-McConnell Bears,64.0,away,0.0,0.0,False,-35.0
2024-11-14,Creighton Bluejays,78.0,home,0.0,0.0,True,35.0
2024-11-14,Houston Christian Huskies,43.0,away,0.0,0.0,False,-35.0
2024-11-14,Presbyterian Blue Hose,71.0,home,0.0,0.0,True,3.0
2024-11-14,Wofford Terriers,68.0,away,0.0,0.0,False,-3.0
2024-11-14,East Tennessee State Buccaneers,82.0,home,0.0,0.0,True,28.0
2024-11-14,Tusculum Pioneers,54.0,away,0.0,0.0,False,-28.0
2024-11-14,Mercyhurst Lakers,62.0,home,0.0,0.0,True,10.0
2024-11-14,Canisius Golden Griffins,52.0,away,0.0,0.0,False,-10.0
2024-11-14,Charlotte 49ers,65.0,home,0.0,0.0,True,17.0
2024-11-14,Richmond Spiders,48.0,away,0.0,0.0,False,-17.0
2024-11-14,Florida Gulf Coast Eagles,65.0,home,0.0,0.0,False,-9.0
2024-11-14,St. Bonaventure Bonnies,74.0,away,0.0,0.0,True,9.0
2024-11-14,Middle Tennessee Blue Raiders,80.0,home,0.0,0.0,True,17.0
2024-11-14,Evansville Purple Aces,63.0,away,0.0,0.0,False,-17.0
2024-11-14,George Mason Patriots,69.0,home,0.0,0.0,False,-1.0
2024-11-14,Central Michigan Chippewas,70.0,away,0.0,0.0,True,1.0
2024-11-14,East Texas A&M Lions,70.0,home,0.0,0.0,True,2.0
2024-11-14,Southern Jaguars,68.0,away,0.0,0.0,False,-2.0
2024-11-14,Longwood Lancers,76.0,home,0.0,0.0,True,14.0
2024-11-14,Milwaukee Panthers,62.0,away,0.0,0.0,False,-14.0
2024-11-14,Texas Tech Red Raiders,96.0,home,0.0,0.0,True,47.0
2024-11-14,Wyoming Cowboys,49.0,away,0.0,0.0,False,-47.0
2024-11-14,Dayton Flyers,77.0,home,0.0,0.0,True,8.0
2024-11-14,Ball State Cardinals,69.0,away,0.0,0.0,False,-8.0
2024-11-14,Western Illinois Leathernecks,73.0,home,0.0,0.0,False,-14.0
2024-11-14,Green Bay Phoenix,87.0,away,0.0,0.0,True,14.0
2024-11-14,Central Arkansas Bears,108.0,home,0.0,0.0,True,59.0
2024-11-14,Randall University Saints,49.0,away,0.0,0.0,False,-59.0
2024-11-14,Kennesaw State Owls,94.0,home,0.0,0.0,True,35.0
2024-11-14,Bryan (TN) Lions,59.0,away,0.0,0.0,False,-35.0
2024-11-14,Alabama A&M Bulldogs,103.0,home,0.0,0.0,True,34.0
2024-11-14,Fisk Bulldogs,69.0,away,0.0,0.0,False,-34.0
2024-11-14,VCU Rams,63.0,home,0.0,0.0,True,21.0
2024-11-14,Merrimack Warriors,42.0,away,0.0,0.0,False,-21.0
2024-11-14,Wake Forest Demon Deacons,85.0,home,0.0,0.0,True,5.0
2024-11-14,South Carolina Upstate Spartans,80.0,away,0.0,0.0,False,-5.0
2024-11-14,Tulsa Golden Hurricane,85.0,home,0.0,0.0,True,9.0
2024-11-14,Oral Roberts Golden Eagles,76.0,away,0.0,0.0,False,-9.0
2024-11-14,Vanderbilt Commodores,85.0,home,0.0,0.0,True,16.0
2024-11-14,California Golden Bears,69.0,away,0.0,0.0,False,-16.0
2024-11-14,Southeast Missouri State Redhawks,93.0,home,0.0,0.0,True,55.0
2024-11-14,Crowley's Ridge Pioneers,38.0,away,0.0,0.0,False,-55.0
2024-11-14,Minnesota Golden Gophers,51.0,home,0.0,0.0,False,-3.0
2024-11-14,North Texas Mean Green,54.0,away,0.0,0.0,True,3.0
2024-11-14,Nebraska Cornhuskers,86.0,home,0.0,0.0,True,26.0
2024-11-14,Fairleigh Dickinson Knights,60.0,away,0.0,0.0,False,-26.0
2024-11-14,Hofstra Pride,49.0,home,0.0,0.0,True,1.0
2024-11-14,Seton Hall Pirates,48.0,away,0.0,0.0,False,-1.0
2024-11-14,Illinois Fighting Illini,66.0,home,0.0,0.0,True,12.0
2024-11-14,Oakland Golden Grizzlies,54.0,away,0.0,0.0,False,-12.0
2024-11-14,Colorado Buffaloes,83.0,home,0.0,0.0,True,30.0
2024-11-14,Cal State Fullerton Titans,53.0,away,0.0,0.0,False,-30.0
2024-11-14,Cal State Northridge Matadors,98.0,home,0.0,0.0,True,48.0
2024-11-14,Nobel Knights,50.0,away,0.0,0.0,False,-48.0
2024-11-14,Utah Tech Trailblazers,90.0,home,0.0,0.0,True,31.0
2024-11-14,Bethesda University Flames,59.0,away,0.0,0.0,False,-31.0
2024-11-14,Santa Clara Broncos,80.0,home,0.0,0.0,False,-8.0
2024-11-14,North Dakota State Bison,88.0,away,0.0,0.0,True,8.0
2024-11-14,UC Santa Barbara Gauchos,91.0,home,0.0,0.0,True,5.0
2024-11-14,Fresno State Bulldogs,86.0,away,0.0,0.0,False,-5.0
2024-11-14,Washington Huskies,77.0,home,0.0,0.0,True,15.0
2024-11-14,Seattle Pacific Falcons,62.0,away,0.0,0.0,False,-15.0
2024-11-14,Nevada Wolf Pack,88.0,home,0.0,0.0,True,30.0
2024-11-14,Weber State Wildcats,58.0,away,0.0,0.0,False,-30.0
2024-11-14,Utah State Aggies,117.0,home,0.0,0.0,True,64.0
2024-11-14,Westminster (UT) Griffins,53.0,away,0.0,0.0,False,-64.0
2024-11-14,BYU Cougars,99.0,home,0.0,0.0,True,44.0
2024-11-14,Queens University Royals,55.0,away,0.0,0.0,False,-44.0
2024-11-14,San Francisco Dons,84.0,home,0.0,0.0,True,30.0
2024-11-14,Long Beach State Beach,54.0,away,0.0,0.0,False,-30.0
2024-11-14,USC Trojans,98.0,home,0.0,0.0,True,3.0
2024-11-14,UT Arlington Mavericks,95.0,away,0.0,0.0,False,-3.0
2024-11-16,Wisconsin Badgers,103.0,home,0.0,0.0,True,15.0
2024-11-16,Arizona Wildcats,88.0,away,0.0,0.0,False,-15.0
2024-11-16,Gonzaga Bulldogs,113.0,home,0.0,0.0,True,59.0
2024-11-16,UMass Lowell River Hawks,54.0,away,0.0,0.0,False,-59.0
2024-11-16,Cincinnati Bearcats,86.0,home,0.0,0.0,True,37.0
2024-11-16,Nicholls Colonels,49.0,away,0.0,0.0,False,-37.0
2024-11-15,Western Michigan Broncos,60.0,home,0.0,0.0,False,-19.0
2024-11-15,SIU Edwardsville Cougars,79.0,away,0.0,0.0,True,19.0
2024-11-15,Rutgers Scarlet Knights,98.0,home,0.0,0.0,True,17.0
2024-11-15,Monmouth Hawks,81.0,away,0.0,0.0,False,-17.0
2024-11-15,Sacred Heart Pioneers,75.0,home,0.0,0.0,False,-7.0
2024-11-15,Holy Cross Crusaders,82.0,away,0.0,0.0,True,7.0
2024-11-16,Maryland Terrapins,74.0,home,0.0,0.0,False,-4.0
2024-11-16,Marquette Golden Eagles,78.0,away,0.0,0.0,True,4.0
2024-11-16,Purdue Boilermakers,87.0,home,0.0,0.0,True,9.0
2024-11-16,Alabama Crimson Tide,78.0,away,0.0,0.0,False,-9.0
2024-11-16,North Carolina Tar Heels,107.0,home,0.0,0.0,True,52.0
2024-11-16,American University Eagles,55.0,away,0.0,0.0,False,-52.0
2024-11-15,Florida State Seminoles,74.0,home,0.0,0.0,False,-13.0
2024-11-15,Florida Gators,87.0,away,0.0,0.0,True,13.0
2024-11-15,Charleston Southern Buccaneers,76.0,home,0.0,0.0,False,-10.0
2024-11-15,UT Rio Grande Valley Vaqueros,86.0,away,0.0,0.0,True,10.0
2024-11-16,Texas A&M Aggies,78.0,home,0.0,0.0,True,14.0
2024-11-16,Ohio State Buckeyes,64.0,away,0.0,0.0,False,-14.0
2024-11-15,Stonehill Skyhawks,80.0,home,0.0,0.0,True,26.0
2024-11-15,New Orleans Privateers,54.0,away,0.0,0.0,False,-26.0
2024-11-15,Villanova Wildcats,60.0,home,0.0,0.0,False,-10.0
2024-11-15,Virginia Cavaliers,70.0,away,0.0,0.0,True,10.0
2024-11-15,VMI Keydets,71.0,home,0.0,0.0,False,-1.0
2024-11-15,Tennessee Tech Golden Eagles,72.0,away,0.0,0.0,True,1.0
2024-11-16,Fairfield Stags,93.0,home,0.0,0.0,True,49.0
2024-11-16,John Jay College Bloodhounds,44.0,away,0.0,0.0,False,-49.0
2024-11-15,Winthrop Eagles,86.0,home,0.0,0.0,True,1.0
2024-11-15,William & Mary Tribe,85.0,away,0.0,0.0,False,-1.0
2024-11-16,Gardner-Webb Runnin' Bulldogs,80.0,home,0.0,0.0,True,1.0
2024-11-16,Elon Phoenix,79.0,away,0.0,0.0,False,-1.0
2024-11-16,Old Dominion Monarchs,73.0,home,0.0,0.0,True,2.0
2024-11-16,Maryland Eastern Shore Hawks,71.0,away,0.0,0.0,False,-2.0
2024-11-15,Michigan Wolverines,76.0,home,0.0,0.0,True,12.0
2024-11-15,TCU Horned Frogs,64.0,away,0.0,0.0,False,-12.0
2024-11-16,Charleston Cougars,119.0,home,0.0,0.0,True,3.0
2024-11-16,Florida Atlantic Owls,116.0,away,0.0,0.0,False,-3.0
2024-11-16,Furman Paladins,75.0,home,0.0,0.0,True,8.0
2024-11-16,Tulane Green Wave,67.0,away,0.0,0.0,False,-8.0
2024-11-16,South Florida Bulls,74.0,home,0.0,0.0,True,19.0
2024-11-16,West Georgia Wolves,55.0,away,0.0,0.0,False,-19.0
2024-11-16,Air Force Falcons,71.0,home,0.0,0.0,False,-8.0
2024-11-16,Belmont Bruins,79.0,away,0.0,0.0,True,8.0
2024-11-16,South Carolina Upstate Spartans,85.0,home,0.0,0.0,False,-4.0
2024-11-16,UNC Wilmington Seahawks,89.0,away,0.0,0.0,True,4.0
2024-11-16,Manhattan Jaspers,78.0,home,0.0,0.0,True,2.0
2024-11-16,Fordham Rams,76.0,away,0.0,0.0,False,-2.0
2024-11-16,Robert Morris Colonials,67.0,home,0.0,0.0,True,14.0
2024-11-16,Lindenwood Lions,53.0,away,0.0,0.0,False,-14.0
2024-11-16,Butler Bulldogs,81.0,home,0.0,0.0,True,11.0
2024-11-16,SMU Mustangs,70.0,away,0.0,0.0,False,-11.0
2024-11-16,Georgia Southern Eagles,80.0,home,0.0,0.0,True,5.0
2024-11-16,North Carolina Central Eagles,75.0,away,0.0,0.0,False,-5.0
2024-11-16,Marist Red Foxes,91.0,home,0.0,0.0,True,3.0
2024-11-16,Army Black Knights,88.0,away,0.0,0.0,False,-3.0
2024-11-16,Penn State Nittany Lions,86.0,home,0.0,0.0,True,22.0
2024-11-16,Virginia Tech Hokies,64.0,away,0.0,0.0,False,-22.0
2024-11-16,Quinnipiac Bobcats,58.0,home,0.0,0.0,True,3.0
2024-11-16,Maine Black Bears,55.0,away,0.0,0.0,False,-3.0
2024-11-16,Boston College Eagles,72.0,home,0.0,0.0,True,3.0
2024-11-16,Temple Owls,69.0,away,0.0,0.0,False,-3.0
2024-11-16,Brown Bears,76.0,home,0.0,0.0,True,18.0
2024-11-16,New Hampshire Wildcats,58.0,away,0.0,0.0,False,-18.0
2024-11-16,Princeton Tigers,68.0,home,0.0,0.0,False,-5.0
2024-11-16,Loyola Chicago Ramblers,73.0,away,0.0,0.0,True,5.0
2024-11-16,Iona Gaels,62.0,home,0.0,0.0,True,3.0
2024-11-16,Vermont Catamounts,59.0,away,0.0,0.0,False,-3.0
2024-11-16,St. Thomas-Minnesota Tommies,102.0,home,0.0,0.0,True,48.0
2024-11-16,St. Norbert Green Knights,54.0,away,0.0,0.0,False,-48.0
2024-11-16,High Point Panthers,68.0,home,0.0,0.0,True,3.0
2024-11-16,UAB Blazers,65.0,away,0.0,0.0,False,-3.0
2024-11-16,Memphis Tigers,94.0,home,0.0,0.0,True,24.0
2024-11-16,Ohio Bobcats,70.0,away,0.0,0.0,False,-24.0
2024-11-16,UT Arlington Mavericks,95.0,home,0.0,0.0,True,26.0
2024-11-16,Texas College Steers,69.0,away,0.0,0.0,False,-26.0
2024-11-16,Georgia Tech Yellow Jackets,69.0,home,0.0,0.0,False,-8.0
2024-11-16,Georgia Bulldogs,77.0,away,0.0,0.0,True,8.0
2024-11-16,Northwestern Wildcats,67.0,home,0.0,0.0,True,9.0
2024-11-16,Eastern Illinois Panthers,58.0,away,0.0,0.0,False,-9.0
2024-11-16,Oregon State Beavers,70.0,home,0.0,0.0,True,19.0
2024-11-16,Cal State Fullerton Titans,51.0,away,0.0,0.0,False,-19.0
2024-11-16,California Baptist Lancers,90.0,home,0.0,0.0,True,13.0
2024-11-16,Long Island University Sharks,77.0,away,0.0,0.0,False,-13.0
2024-11-16,DePaul Blue Demons,84.0,home,0.0,0.0,True,26.0
2024-11-16,Duquesne Dukes,58.0,away,0.0,0.0,False,-26.0
2024-11-16,Pennsylvania Quakers,69.0,home,0.0,0.0,False,-17.0
2024-11-16,Saint Joseph's Hawks,86.0,away,0.0,0.0,True,17.0
2024-11-16,Iowa Hawkeyes,76.0,home,0.0,0.0,True,10.0
2024-11-16,Washington State Cougars,66.0,away,0.0,0.0,False,-10.0
2024-11-16,Pittsburgh Panthers,86.0,home,0.0,0.0,True,24.0
2024-11-16,West Virginia Mountaineers,62.0,away,0.0,0.0,False,-24.0
2024-11-16,North Alabama Lions,96.0,home,0.0,0.0,False,-1.0
2024-11-16,Samford Bulldogs,97.0,away,0.0,0.0,True,1.0
2024-11-16,UCLA Bruins,85.0,home,0.0,0.0,True,40.0
2024-11-16,Lehigh Mountain Hawks,45.0,away,0.0,0.0,False,-40.0
2024-11-17,Saint Mary's Gaels,77.0,home,0.0,0.0,True,3.0
2024-11-17,Nebraska Cornhuskers,74.0,away,0.0,0.0,False,-3.0
2024-11-18,Baylor Bears,104.0,home,0.0,0.0,True,63.0
2024-11-18,Tarleton State Texans,41.0,away,0.0,0.0,False,-63.0
2024-11-17,Lindenwood Lions,75.0,home,0.0,0.0,True,1.0
2024-11-17,Stonehill Skyhawks,74.0,away,0.0,0.0,False,-1.0
2024-11-17,Merrimack Warriors,57.0,home,0.0,0.0,False,-11.0
2024-11-17,Princeton Tigers,68.0,away,0.0,0.0,True,11.0
2024-11-17,Western Michigan Broncos,92.0,home,0.0,0.0,True,23.0
2024-11-17,Canisius Golden Griffins,69.0,away,0.0,0.0,False,-23.0
2024-11-17,Boise State Broncos,84.0,home,0.0,0.0,True,13.0
2024-11-17,Clemson Tigers,71.0,away,0.0,0.0,False,-13.0
2024-11-17,Navy Midshipmen,66.0,home,0.0,0.0,False,-20.0
2024-11-17,Campbell Fighting Camels,86.0,away,0.0,0.0,True,20.0
2024-11-17,William & Mary Tribe,102.0,home,0.0,0.0,True,15.0
2024-11-17,Georgia Southern Eagles,87.0,away,0.0,0.0,False,-15.0
2024-11-17,Tennessee Volunteers,103.0,home,0.0,0.0,True,35.0
2024-11-17,Austin Peay Governors,68.0,away,0.0,0.0,False,-35.0
2024-11-17,St. John's Red Storm,85.0,home,0.0,0.0,True,14.0
2024-11-17,New Mexico Lobos,71.0,away,0.0,0.0,False,-14.0
2024-11-17,Colorado Buffaloes,88.0,home,0.0,0.0,True,22.0
2024-11-17,Harvard Crimson,66.0,away,0.0,0.0,False,-22.0
2024-11-17,Fairleigh Dickinson Knights,85.0,home,0.0,0.0,True,3.0
2024-11-17,Manhattan Jaspers,82.0,away,0.0,0.0,False,-3.0
2024-11-17,The Citadel Bulldogs,73.0,home,0.0,0.0,False,-9.0
2024-11-17,North Carolina A&T Aggies,82.0,away,0.0,0.0,True,9.0
2024-11-17,Miami Hurricanes,93.0,home,0.0,0.0,True,30.0
2024-11-17,Coppin State Eagles,63.0,away,0.0,0.0,False,-30.0
2024-11-17,Samford Bulldogs,97.0,home,0.0,0.0,True,15.0
2024-11-17,Texas Southern Tigers,82.0,away,0.0,0.0,False,-15.0
2024-11-17,Southeast Missouri State Redhawks,82.0,home,0.0,0.0,False,-5.0
2024-11-17,Chattanooga Mocs,87.0,away,0.0,0.0,True,5.0
2024-11-17,Holy Cross Crusaders,74.0,home,0.0,0.0,True,2.0
2024-11-17,New Hampshire Wildcats,72.0,away,0.0,0.0,False,-2.0
2024-11-17,Western Kentucky Hilltoppers,66.0,home,0.0,0.0,True,5.0
2024-11-17,Lipscomb Bisons,61.0,away,0.0,0.0,False,-5.0
2024-11-17,Winthrop Eagles,77.0,home,0.0,0.0,True,2.0
2024-11-17,North Carolina Central Eagles,75.0,away,0.0,0.0,False,-2.0
2024-11-17,Coastal Carolina Chanticleers,53.0,home,0.0,0.0,False,-18.0
2024-11-17,Jacksonville State Gamecocks,71.0,away,0.0,0.0,True,18.0
2024-11-17,Charleston Cougars,47.0,home,0.0,0.0,False,-21.0
2024-11-17,Liberty Flames,68.0,away,0.0,0.0,True,21.0
2024-11-17,San José State Spartans,59.0,home,0.0,0.0,False,-5.0
2024-11-17,UC Santa Barbara Gauchos,64.0,away,0.0,0.0,True,5.0
2024-11-17,Oregon Ducks,82.0,home,0.0,0.0,True,21.0
2024-11-17,Troy Trojans,61.0,away,0.0,0.0,False,-21.0
2024-11-18,Eastern Washington Eagles,78.0,home,0.0,0.0,False,-4.0
2024-11-18,Cal Poly Mustangs,82.0,away,0.0,0.0,True,4.0
2024-11-17,Brown Bears,89.0,home,0.0,0.0,True,19.0
2024-11-17,Sacred Heart Pioneers,70.0,away,0.0,0.0,False,-19.0
2024-11-17,Southern Jaguars,131.0,home,0.0,0.0,True,89.0
2024-11-17,Ecclesia Royals,42.0,away,0.0,0.0,False,-89.0
2024-11-17,Denver Pioneers,79.0,home,0.0,0.0,True,1.0
2024-11-17,Montana State Bobcats,78.0,away,0.0,0.0,False,-1.0
2024-11-17,Robert Morris Colonials,73.0,home,0.0,0.0,True,11.0
2024-11-17,New Orleans Privateers,62.0,away,0.0,0.0,False,-11.0
2024-11-17,Mississippi State Bulldogs,78.0,home,0.0,0.0,True,5.0
2024-11-17,Utah Utes,73.0,away,0.0,0.0,False,-5.0
2024-11-17,Lamar Cardinals,72.0,home,0.0,0.0,False,-13.0
2024-11-17,Sam Houston Bearkats,85.0,away,0.0,0.0,True,13.0
2024-11-18,USC Trojans,66.0,home,0.0,0.0,False,-5.0
2024-11-18,California Golden Bears,71.0,away,0.0,0.0,True,5.0
2024-11-17,Stanford Cardinal,79.0,home,0.0,0.0,True,14.0
2024-11-17,UC Davis Aggies,65.0,away,0.0,0.0,False,-14.0
2024-11-17,Illinois State Redbirds,107.0,home,0.0,0.0,True,55.0
2024-11-17,Trinity Christian (IL) Trolls,52.0,away,0.0,0.0,False,-55.0
2024-11-18,Arizona State Sun Devils,81.0,home,0.0,0.0,True,15.0
2024-11-18,St. Thomas-Minnesota Tommies,66.0,away,0.0,0.0,False,-15.0
2024-11-18,Hawai'i Rainbow Warriors,73.0,home,0.0,0.0,True,5.0
2024-11-18,Weber State Wildcats,68.0,away,0.0,0.0,False,-5.0
2024-11-18,Washington Huskies,74.0,home,0.0,0.0,True,5.0
2024-11-18,UMass Lowell River Hawks,69.0,away,0.0,0.0,False,-5.0
2024-11-19,Wisconsin Badgers,87.0,home,0.0,0.0,True,3.0
2024-11-19,UT Rio Grande Valley Vaqueros,84.0,away,0.0,0.0,False,-3.0
2024-11-19,McNeese Cowboys,68.0,home,0.0,0.0,True,7.0
2024-11-19,North Texas Mean Green,61.0,away,0.0,0.0,False,-7.0
2024-11-19,Florida International Panthers,70.0,home,0.0,0.0,False,-5.0
2024-11-19,Howard Bison,75.0,away,0.0,0.0,True,5.0
2024-11-19,Auburn Tigers,102.0,home,0.0,0.0,True,33.0
2024-11-19,North Alabama Lions,69.0,away,0.0,0.0,False,-33.0
2024-11-19,Maryland Eastern Shore Hawks,113.0,home,0.0,0.0,True,55.0
2024-11-19,Gallaudet Bison,58.0,away,0.0,0.0,False,-55.0
2024-11-19,NC State Wolfpack,72.0,home,0.0,0.0,True,23.0
2024-11-19,Colgate Raiders,49.0,away,0.0,0.0,False,-23.0
2024-11-19,Louisiana Tech Bulldogs,105.0,home,0.0,0.0,True,38.0
2024-11-19,Mississippi College Choctaws,67.0,away,0.0,0.0,False,-38.0
2024-11-18,Michigan Wolverines,94.0,home,0.0,0.0,True,27.0
2024-11-18,Miami (OH) RedHawks,67.0,away,0.0,0.0,False,-27.0
2024-11-19,Wichita State Shockers,70.0,home,0.0,0.0,True,4.0
2024-11-19,Monmouth Hawks,66.0,away,0.0,0.0,False,-4.0
2024-11-19,Iowa State Cyclones,87.0,home,0.0,0.0,True,35.0
2024-11-19,IU Indianapolis Jaguars,52.0,away,0.0,0.0,False,-35.0
2024-11-19,San Diego State Aztecs,67.0,home,0.0,0.0,False,-13.0
2024-11-19,Gonzaga Bulldogs,80.0,away,0.0,0.0,True,13.0
2024-11-19,Arkansas Razorbacks,91.0,home,0.0,0.0,True,19.0
2024-11-19,Pacific Tigers,72.0,away,0.0,0.0,False,-19.0
2024-11-18,Delaware Blue Hens,84.0,home,0.0,0.0,False,-1.0
2024-11-18,Bryant Bulldogs,85.0,away,0.0,0.0,True,1.0
2024-11-19,Radford Highlanders,96.0,home,0.0,0.0,True,46.0
2024-11-19,Southern Virginia Knights,50.0,away,0.0,0.0,False,-46.0
2024-11-19,Alabama State Hornets,115.0,home,0.0,0.0,True,51.0
2024-11-19,Virginia-Lynchburg Dragons,64.0,away,0.0,0.0,False,-51.0
2024-11-19,George Washington Revolutionaries,84.0,home,0.0,0.0,True,20.0
2024-11-19,NJIT Highlanders,64.0,away,0.0,0.0,False,-20.0
2024-11-19,Georgia State Panthers,106.0,home,0.0,0.0,True,40.0
2024-11-19,Toccoa Falls Eagles,66.0,away,0.0,0.0,False,-40.0
2024-11-19,Pittsburgh Panthers,93.0,home,0.0,0.0,True,45.0
2024-11-19,VMI Keydets,48.0,away,0.0,0.0,False,-45.0
2024-11-19,North Florida Ospreys,75.0,home,0.0,0.0,False,-14.0
2024-11-19,UNC Asheville Bulldogs,89.0,away,0.0,0.0,True,14.0
2024-11-19,High Point Panthers,80.0,home,0.0,0.0,True,7.0
2024-11-19,American University Eagles,73.0,away,0.0,0.0,False,-7.0
2024-11-19,UAB Blazers,109.0,home,0.0,0.0,True,45.0
2024-11-19,Auburn-Montgomery Senators,64.0,away,0.0,0.0,False,-45.0
2024-11-19,SMU Mustangs,110.0,home,0.0,0.0,True,41.0
2024-11-19,Prairie View A&M Panthers,69.0,away,0.0,0.0,False,-41.0
2024-11-19,Washington State Cougars,83.0,home,0.0,0.0,True,14.0
2024-11-19,Northern Colorado Bears,69.0,away,0.0,0.0,False,-14.0
2024-11-19,Cal State Fullerton Titans,62.0,home,0.0,0.0,True,1.0
2024-11-19,Idaho State Bengals,61.0,away,0.0,0.0,False,-1.0
2024-11-19,South Dakota State Jackrabbits,89.0,home,0.0,0.0,True,48.0
2024-11-19,Mount Marty College Lancers,41.0,away,0.0,0.0,False,-48.0
2024-11-19,UL Monroe Warhawks,67.0,home,0.0,0.0,False,-3.0
2024-11-19,SE Louisiana Lions,70.0,away,0.0,0.0,True,3.0
2024-11-19,Utah State Aggies,95.0,home,0.0,0.0,True,12.0
2024-11-19,Montana Grizzlies,83.0,away,0.0,0.0,False,-12.0
2024-11-19,Kansas City Roos,119.0,home,0.0,0.0,True,100.0
2024-11-19,Calvary Warriors,19.0,away,0.0,0.0,False,-100.0
2024-11-19,Southern Illinois Salukis,69.0,home,0.0,0.0,True,25.0
2024-11-19,North Dakota State Bison,44.0,away,0.0,0.0,False,-25.0
2024-11-19,Texas Tech Red Raiders,98.0,home,0.0,0.0,True,34.0
2024-11-19,Arkansas-Pine Bluff Golden Lions,64.0,away,0.0,0.0,False,-34.0
2024-11-19,South Alabama Jaguars,95.0,home,0.0,0.0,True,34.0
2024-11-19,Spring Hill Badgers,61.0,away,0.0,0.0,False,-34.0
2024-11-13,Baylor Bears,104.0,home,0.0,0.0,True,37.0
2024-11-13,Sam Houston Bearkats,67.0,away,0.0,0.0,False,-37.0
2024-11-13,Kentucky Wildcats,77.0,home,0.0,0.0,True,5.0
2024-11-13,Duke Blue Devils,72.0,away,0.0,0.0,False,-5.0
2024-11-12,La Salle Explorers,93.0,home,0.0,0.0,True,16.0
2024-11-12,Cornell Big Red,77.0,away,0.0,0.0,False,-16.0
2024-11-13,Ole Miss Rebels,64.0,home,0.0,0.0,True,10.0
2024-11-13,South Alabama Jaguars,54.0,away,0.0,0.0,False,-10.0
2024-11-13,Manhattan Jaspers,88.0,home,0.0,0.0,True,17.0
2024-11-13,Mercy Mavericks,71.0,away,0.0,0.0,False,-17.0
2024-11-13,Indiana State Sycamores,72.0,home,0.0,0.0,False,-5.0
2024-11-13,SIU Edwardsville Cougars,77.0,away,0.0,0.0,True,5.0
2024-11-12,North Dakota Fighting Hawks,85.0,home,0.0,0.0,True,31.0
2024-11-12,Dickinson State (ND) Blue Hawks,54.0,away,0.0,0.0,False,-31.0
2024-11-13,South Florida Bulls,85.0,home,0.0,0.0,True,16.0
2024-11-13,Arkansas-Pine Bluff Golden Lions,69.0,away,0.0,0.0,False,-16.0
2024-11-12,Saint Joseph's Hawks,83.0,home,0.0,0.0,True,7.0
2024-11-12,Villanova Wildcats,76.0,away,0.0,0.0,False,-7.0
2024-11-13,Temple Owls,69.0,home,0.0,0.0,True,8.0
2024-11-13,Drexel Dragons,61.0,away,0.0,0.0,False,-8.0
2024-11-12,Kansas Jayhawks,77.0,home,0.0,0.0,True,8.0
2024-11-12,Michigan State Spartans,69.0,away,0.0,0.0,False,-8.0
2024-11-12,IU Indianapolis Jaguars,97.0,home,0.0,0.0,True,42.0
2024-11-12,Goshen Maple Leafs,55.0,away,0.0,0.0,False,-42.0
2024-11-12,Army Black Knights,101.0,home,0.0,0.0,True,53.0
2024-11-12,Mount Saint Mary (NY) Knights,48.0,away,0.0,0.0,False,-53.0
2024-11-12,Providence Friars,60.0,home,0.0,0.0,True,9.0
2024-11-12,Hampton Pirates,51.0,away,0.0,0.0,False,-9.0
2024-11-13,VMI Keydets,102.0,home,0.0,0.0,True,46.0
2024-11-13,Christendom Crusaders,56.0,away,0.0,0.0,False,-46.0
2024-11-13,Delaware State Hornets,70.0,home,0.0,0.0,True,16.0
2024-11-13,Gwynedd-Mercy Griffins,54.0,away,0.0,0.0,False,-16.0
2024-11-12,Morgan State Bears,90.0,home,0.0,0.0,True,26.0
2024-11-12,District Of Columbia Firebirds,64.0,away,0.0,0.0,False,-26.0
2024-11-13,James Madison Dukes,100.0,home,0.0,0.0,True,48.0
2024-11-13,Mary Baldwin Fighting Squirrels,52.0,away,0.0,0.0,False,-48.0
2024-11-13,William & Mary Tribe,84.0,home,0.0,0.0,True,11.0
2024-11-13,Norfolk State Spartans,73.0,away,0.0,0.0,False,-11.0
2024-11-13,Radford Highlanders,87.0,home,0.0,0.0,True,12.0
2024-11-13,Old Dominion Monarchs,75.0,away,0.0,0.0,False,-12.0
2024-11-13,East Carolina Pirates,110.0,home,0.0,0.0,True,37.0
2024-11-13,Mount Olive Trojans,73.0,away,0.0,0.0,False,-37.0
2024-11-13,Miami (OH) RedHawks,88.0,home,0.0,0.0,True,18.0
2024-11-13,Maryland Eastern Shore Hawks,70.0,away,0.0,0.0,False,-18.0
2024-11-13,Northern Illinois Huskies,79.0,home,0.0,0.0,True,13.0
2024-11-13,Monmouth Hawks,66.0,away,0.0,0.0,False,-13.0
2024-11-13,Siena Saints,74.0,home,0.0,0.0,True,8.0
2024-11-13,American University Eagles,66.0,away,0.0,0.0,False,-8.0
2024-11-13,Columbia Lions,76.0,home,0.0,0.0,True,1.0
2024-11-13,Lehigh Mountain Hawks,75.0,away,0.0,0.0,False,-1.0
2024-11-13,High Point Panthers,76.0,home,0.0,0.0,True,16.0
2024-11-13,North Carolina Central Eagles,60.0,away,0.0,0.0,False,-16.0
2024-11-13,Florida State Seminoles,72.0,home,0.0,0.0,True,20.0
2024-11-13,Tarleton State Texans,52.0,away,0.0,0.0,False,-20.0
2024-11-13,Liberty Flames,81.0,home,0.0,0.0,True,36.0
2024-11-13,Carolina University Bruins,45.0,away,0.0,0.0,False,-36.0
2024-11-13,Rhode Island Rams,105.0,home,0.0,0.0,True,32.0
2024-11-13,Franklin Pierce Ravens,73.0,away,0.0,0.0,False,-32.0
2024-11-13,Tennessee Tech Golden Eagles,76.0,home,0.0,0.0,True,3.0
2024-11-13,West Georgia Wolves,73.0,away,0.0,0.0,False,-3.0
2024-11-13,New Hampshire Wildcats,56.0,home,0.0,0.0,False,-6.0
2024-11-13,Fairfield Stags,62.0,away,0.0,0.0,True,6.0
2024-11-13,NJIT Highlanders,50.0,home,0.0,0.0,False,-18.0
2024-11-13,Loyola Maryland Greyhounds,68.0,away,0.0,0.0,True,18.0
2024-11-13,Lafayette Leopards,65.0,home,0.0,0.0,True,2.0
2024-11-13,Pennsylvania Quakers,63.0,away,0.0,0.0,False,-2.0
2024-11-13,Purdue Fort Wayne Mastodons,91.0,home,0.0,0.0,True,22.0
2024-11-13,Bethune-Cookman Wildcats,69.0,away,0.0,0.0,False,-22.0
2024-11-13,Penn State Nittany Lions,92.0,home,0.0,0.0,True,30.0
2024-11-13,Saint Francis Red Flash,62.0,away,0.0,0.0,False,-30.0
2024-11-13,George Washington Revolutionaries,85.0,home,0.0,0.0,True,5.0
2024-11-13,North Carolina A&T Aggies,80.0,away,0.0,0.0,False,-5.0
2024-11-13,Northwestern Wildcats,83.0,home,0.0,0.0,True,9.0
2024-11-13,UIC Flames,74.0,away,0.0,0.0,False,-9.0
2024-11-13,UCF Knights,100.0,home,0.0,0.0,True,6.0
2024-11-13,Florida Atlantic Owls,94.0,away,0.0,0.0,False,-6.0
2024-11-13,South Carolina Gamecocks,80.0,home,0.0,0.0,True,26.0
2024-11-13,Towson Tigers,54.0,away,0.0,0.0,False,-26.0
2024-11-13,Fordham Rams,78.0,home,0.0,0.0,True,15.0
2024-11-13,Binghamton Bearcats,63.0,away,0.0,0.0,False,-15.0
2024-11-13,Georgia Bulldogs,90.0,home,0.0,0.0,True,13.0
2024-11-13,North Florida Ospreys,77.0,away,0.0,0.0,False,-13.0
2024-11-13,Mississippi State Bulldogs,80.0,home,0.0,0.0,True,21.0
2024-11-13,SE Louisiana Lions,59.0,away,0.0,0.0,False,-21.0
2024-11-13,Stephen F. Austin Lumberjacks,87.0,home,0.0,0.0,True,19.0
2024-11-13,LeTourneau Yellow Jackets,68.0,away,0.0,0.0,False,-19.0
2024-11-13,Syracuse Orange,74.0,home,0.0,0.0,True,2.0
2024-11-13,Colgate Raiders,72.0,away,0.0,0.0,False,-2.0
2024-11-13,Georgia Tech Yellow Jackets,81.0,home,0.0,0.0,True,19.0
2024-11-13,Texas Southern Tigers,62.0,away,0.0,0.0,False,-19.0
2024-11-13,Iona Gaels,58.0,home,0.0,0.0,False,-6.0
2024-11-13,Delaware Blue Hens,64.0,away,0.0,0.0,True,6.0
2024-11-13,Rice Owls,66.0,home,0.0,0.0,True,16.0
2024-11-13,UL Monroe Warhawks,50.0,away,0.0,0.0,False,-16.0
2024-11-13,Valparaiso Beacons,67.0,home,0.0,0.0,False,-8.0
2024-11-13,Cleveland State Vikings,75.0,away,0.0,0.0,True,8.0
2024-11-13,Navy Midshipmen,79.0,home,0.0,0.0,False,-11.0
2024-11-13,Rider Broncs,90.0,away,0.0,0.0,True,11.0
2024-11-13,Clemson Tigers,75.0,home,0.0,0.0,True,13.0
2024-11-13,Eastern Kentucky Colonels,62.0,away,0.0,0.0,False,-13.0
2024-11-13,Samford Bulldogs,108.0,home,0.0,0.0,True,56.0
2024-11-13,Rhodes Lynx,52.0,away,0.0,0.0,False,-56.0
2024-11-13,Southern Miss Golden Eagles,104.0,home,0.0,0.0,True,39.0
2024-11-13,Loyola New Orleans Wolfpack,65.0,away,0.0,0.0,False,-39.0
2024-11-13,Abilene Christian Wildcats,101.0,home,0.0,0.0,True,46.0
2024-11-13,McMurry War Hawks,55.0,away,0.0,0.0,False,-46.0
2024-11-13,Bradley Braves,85.0,home,0.0,0.0,True,13.0
2024-11-13,UTSA Roadrunners,72.0,away,0.0,0.0,False,-13.0
2024-11-13,Western Kentucky Hilltoppers,104.0,home,0.0,0.0,True,28.0
2024-11-13,Campbellsville Tigers,76.0,away,0.0,0.0,False,-28.0
2024-11-13,Arkansas State Red Wolves,80.0,home,0.0,0.0,True,17.0
2024-11-13,Little Rock Trojans,63.0,away,0.0,0.0,False,-17.0
2024-11-13,Incarnate Word Cardinals,84.0,home,0.0,0.0,True,3.0
2024-11-13,Prairie View A&M Panthers,81.0,away,0.0,0.0,False,-3.0
2024-11-13,Illinois State Redbirds,85.0,home,0.0,0.0,True,10.0
2024-11-13,Ohio Bobcats,75.0,away,0.0,0.0,False,-10.0
2024-11-13,Northern Colorado Bears,113.0,home,0.0,0.0,True,57.0
2024-11-13,Colorado Christian Cougars,56.0,away,0.0,0.0,False,-57.0
2024-11-13,Texas Longhorns,105.0,home,0.0,0.0,True,47.0
2024-11-13,Chicago State Cougars,58.0,away,0.0,0.0,False,-47.0
2024-11-13,UTEP Miners,78.0,home,0.0,0.0,True,20.0
2024-11-13,UT Permian Basin Falcons,58.0,away,0.0,0.0,False,-20.0
2024-11-13,Xavier Musketeers,94.0,home,0.0,0.0,True,37.0
2024-11-13,Jackson State Tigers,57.0,away,0.0,0.0,False,-37.0
2024-11-13,Lipscomb Bisons,79.0,home,0.0,0.0,False,-1.0
2024-11-13,Belmont Bruins,80.0,away,0.0,0.0,True,1.0
2024-11-13,Southern Utah Thunderbirds,107.0,home,0.0,0.0,True,53.0
2024-11-13,Bethesda University Flames,54.0,away,0.0,0.0,False,-53.0
2024-11-13,TCU Horned Frogs,76.0,home,0.0,0.0,True,5.0
2024-11-13,Texas State Bobcats,71.0,away,0.0,0.0,False,-5.0
2024-11-13,New Mexico Lobos,100.0,home,0.0,0.0,True,19.0
2024-11-13,Texas A&M-Corpus Christi Islanders,81.0,away,0.0,0.0,False,-19.0
2024-11-13,Utah Utes,96.0,home,0.0,0.0,True,31.0
2024-11-13,Queens University Royals,65.0,away,0.0,0.0,False,-31.0
2024-11-13,UC San Diego Tritons,64.0,home,0.0,0.0,True,10.0
2024-11-13,Sacramento State Hornets,54.0,away,0.0,0.0,False,-10.0
2024-11-13,UC Davis Aggies,80.0,home,0.0,0.0,True,10.0
2024-11-13,Menlo Oaks,70.0,away,0.0,0.0,False,-10.0
2024-11-13,Boise State Broncos,100.0,home,0.0,0.0,True,35.0
2024-11-13,Corban College Warriors,65.0,away,0.0,0.0,False,-35.0
2024-11-13,Saint Mary's Gaels,87.0,home,0.0,0.0,True,19.0
2024-11-13,Akron Zips,68.0,away,0.0,0.0,False,-19.0
2024-11-13,California Baptist Lancers,69.0,home,0.0,0.0,False,-1.0
2024-11-13,UC Riverside Highlanders,70.0,away,0.0,0.0,True,1.0
2024-11-13,Stanford Cardinal,90.0,home,0.0,0.0,True,26.0
2024-11-13,Northern Arizona Lumberjacks,64.0,away,0.0,0.0,False,-26.0
2024-11-13,Colorado State Rams,74.0,home,0.0,0.0,True,9.0
2024-11-13,Denver Pioneers,65.0,away,0.0,0.0,False,-9.0
2024-11-13,Iowa Hawkeyes,96.0,home,0.0,0.0,True,19.0
2024-11-13,South Dakota Coyotes,77.0,away,0.0,0.0,False,-19.0
2024-11-13,Oregon State Beavers,94.0,home,0.0,0.0,True,36.0
2024-11-13,Western Oregon Wolves,58.0,away,0.0,0.0,False,-36.0
2024-11-13,San Diego Toreros,76.0,home,0.0,0.0,False,-9.0
2024-11-13,Portland State Vikings,85.0,away,0.0,0.0,True,9.0
2024-11-13,San Diego State Aztecs,100.0,home,0.0,0.0,True,51.0
2024-11-13,Occidental Tigers,49.0,away,0.0,0.0,False,-51.0
2024-11-13,Oregon Ducks,80.0,home,0.0,0.0,True,10.0
2024-11-13,Portland Pilots,70.0,away,0.0,0.0,False,-10.0
2024-11-20,Marquette Golden Eagles,76.0,home,0.0,0.0,True,18.0
2024-11-20,Purdue Boilermakers,58.0,away,0.0,0.0,False,-18.0
2024-11-19,Boston College Eagles,82.0,home,0.0,0.0,True,21.0
2024-11-19,Loyola Maryland Greyhounds,61.0,away,0.0,0.0,False,-21.0
2024-11-20,West Georgia Wolves,65.0,home,0.0,0.0,False,-19.0
2024-11-20,Troy Trojans,84.0,away,0.0,0.0,True,19.0
2024-11-20,Old Dominion Monarchs,71.0,home,0.0,0.0,True,16.0
2024-11-20,Randolph-Macon Yellow Jackets,55.0,away,0.0,0.0,False,-16.0
2024-11-20,Charlotte 49ers,60.0,home,0.0,0.0,True,6.0
2024-11-20,Gardner-Webb Runnin' Bulldogs,54.0,away,0.0,0.0,False,-6.0
2024-11-20,Fairfield Stags,61.0,home,0.0,0.0,False,-6.0
2024-11-20,Drexel Dragons,67.0,away,0.0,0.0,True,6.0
2024-11-20,Boston University Terriers,58.0,home,0.0,0.0,False,-2.0
2024-11-20,Wagner Seahawks,60.0,away,0.0,0.0,True,2.0
2024-11-20,UConn Huskies,81.0,home,0.0,0.0,True,35.0
2024-11-20,East Texas A&M Lions,46.0,away,0.0,0.0,False,-35.0
2024-11-19,Northern Arizona Lumberjacks,82.0,home,0.0,0.0,True,35.0
2024-11-19,Embry-Riddle (AZ) Eagles,47.0,away,0.0,0.0,False,-35.0
2024-11-20,Green Bay Phoenix,82.0,home,0.0,0.0,True,25.0
2024-11-20,SIU Edwardsville Cougars,57.0,away,0.0,0.0,False,-25.0
2024-11-20,Florida Gators,84.0,home,0.0,0.0,True,24.0
2024-11-20,Florida A&M Rattlers,60.0,away,0.0,0.0,False,-24.0
2024-11-20,Kentucky Wildcats,97.0,home,0.0,0.0,True,29.0
2024-11-20,Lipscomb Bisons,68.0,away,0.0,0.0,False,-29.0
2024-11-20,Northern Kentucky Norse,60.0,home,0.0,0.0,False,-16.0
2024-11-20,Cincinnati Bearcats,76.0,away,0.0,0.0,True,16.0
2024-11-20,Tennessee State Tigers,110.0,home,0.0,0.0,True,77.0
2024-11-20,East-West University Phantoms,33.0,away,0.0,0.0,False,-77.0
2024-11-20,Kansas Jayhawks,84.0,home,0.0,0.0,True,18.0
2024-11-20,UNC Wilmington Seahawks,66.0,away,0.0,0.0,False,-18.0
2024-11-19,Binghamton Bearcats,60.0,home,0.0,0.0,False,-6.0
2024-11-19,Longwood Lancers,66.0,away,0.0,0.0,True,6.0
2024-11-20,Mercyhurst Lakers,98.0,home,0.0,0.0,True,53.0
2024-11-20,Mount Aloysius Mounties,45.0,away,0.0,0.0,False,-53.0
2024-11-19,Navy Midshipmen,63.0,home,0.0,0.0,False,-11.0
2024-11-19,Quinnipiac Bobcats,74.0,away,0.0,0.0,True,11.0
2024-11-19,App State Mountaineers,65.0,home,0.0,0.0,True,12.0
2024-11-19,Queens University Royals,53.0,away,0.0,0.0,False,-12.0
2024-11-20,UMBC Retrievers,68.0,home,0.0,0.0,False,-10.0
2024-11-20,Hampton Pirates,78.0,away,0.0,0.0,True,10.0
2024-11-20,South Carolina Upstate Spartans,95.0,home,0.0,0.0,True,32.0
2024-11-20,Southern Wesleyan Warriors,63.0,away,0.0,0.0,False,-32.0
2024-11-20,Bowling Green Falcons,76.0,home,0.0,0.0,True,8.0
2024-11-20,Niagara Purple Eagles,68.0,away,0.0,0.0,False,-8.0
2024-11-20,Duquesne Dukes,74.0,home,0.0,0.0,False,-6.0
2024-11-20,Milwaukee Panthers,80.0,away,0.0,0.0,True,6.0
2024-11-20,Minnesota Golden Gophers,58.0,home,0.0,0.0,True,11.0
2024-11-20,Cleveland State Vikings,47.0,away,0.0,0.0,False,-11.0
2024-11-20,Florida State Seminoles,79.0,home,0.0,0.0,True,18.0
2024-11-20,Hofstra Pride,61.0,away,0.0,0.0,False,-18.0
2024-11-20,Villanova Wildcats,93.0,home,0.0,0.0,True,44.0
2024-11-20,Pennsylvania Quakers,49.0,away,0.0,0.0,False,-44.0
2024-11-20,Belmont Bruins,90.0,home,0.0,0.0,True,10.0
2024-11-20,Oral Roberts Golden Eagles,80.0,away,0.0,0.0,False,-10.0
2024-11-20,Fordham Rams,101.0,home,0.0,0.0,True,40.0
2024-11-20,Georgian Court Lions,61.0,away,0.0,0.0,False,-40.0
2024-11-20,Marist Red Foxes,75.0,home,0.0,0.0,True,13.0
2024-11-20,Dartmouth Big Green,62.0,away,0.0,0.0,False,-13.0
2024-11-20,Providence Friars,78.0,home,0.0,0.0,True,30.0
2024-11-20,Delaware State Hornets,48.0,away,0.0,0.0,False,-30.0
2024-11-20,Chicago State Cougars,66.0,home,0.0,0.0,False,-20.0
2024-11-20,Eastern Kentucky Colonels,86.0,away,0.0,0.0,True,20.0
2024-11-20,Maryland Terrapins,108.0,home,0.0,0.0,True,71.0
2024-11-20,Canisius Golden Griffins,37.0,away,0.0,0.0,False,-71.0
2024-11-20,Georgia Bulldogs,93.0,home,0.0,0.0,True,48.0
2024-11-20,Alabama A&M Bulldogs,45.0,away,0.0,0.0,False,-48.0
2024-11-20,Vermont Catamounts,78.0,home,0.0,0.0,True,11.0
2024-11-20,Buffalo Bulls,67.0,away,0.0,0.0,False,-11.0
2024-11-20,Notre Dame Fighting Irish,75.0,home,0.0,0.0,True,17.0
2024-11-20,North Dakota Fighting Hawks,58.0,away,0.0,0.0,False,-17.0
2024-11-20,UCF Knights,80.0,home,0.0,0.0,True,11.0
2024-11-20,Tennessee Tech Golden Eagles,69.0,away,0.0,0.0,False,-11.0
2024-11-20,Tulane Green Wave,72.0,home,0.0,0.0,True,15.0
2024-11-20,Bethune-Cookman Wildcats,57.0,away,0.0,0.0,False,-15.0
2024-11-20,Ohio State Buckeyes,80.0,home,0.0,0.0,True,50.0
2024-11-20,Evansville Purple Aces,30.0,away,0.0,0.0,False,-50.0
2024-11-20,Wake Forest Demon Deacons,82.0,home,0.0,0.0,True,13.0
2024-11-20,Western Carolina Catamounts,69.0,away,0.0,0.0,False,-13.0
2024-11-20,Louisville Cardinals,100.0,home,0.0,0.0,True,32.0
2024-11-20,Bellarmine Knights,68.0,away,0.0,0.0,False,-32.0
2024-11-20,Michigan State Spartans,83.0,home,0.0,0.0,True,8.0
2024-11-20,Samford Bulldogs,75.0,away,0.0,0.0,False,-8.0
2024-11-20,Northern Iowa Panthers,82.0,home,0.0,0.0,True,26.0
2024-11-20,Western Illinois Leathernecks,56.0,away,0.0,0.0,False,-26.0
2024-11-20,Louisiana Ragin' Cajuns,61.0,home,0.0,0.0,False,-22.0
2024-11-20,Rice Owls,83.0,away,0.0,0.0,True,22.0
2024-11-20,Loyola Chicago Ramblers,76.0,home,0.0,0.0,True,4.0
2024-11-20,Southern Utah Thunderbirds,72.0,away,0.0,0.0,False,-4.0
2024-11-20,DePaul Blue Demons,78.0,home,0.0,0.0,True,9.0
2024-11-20,Eastern Illinois Panthers,69.0,away,0.0,0.0,False,-9.0
2024-11-20,Missouri State Bears,78.0,home,0.0,0.0,True,10.0
2024-11-20,UT Arlington Mavericks,68.0,away,0.0,0.0,False,-10.0
2024-11-20,Northwestern Wildcats,72.0,home,0.0,0.0,True,3.0
2024-11-20,Montana State Bobcats,69.0,away,0.0,0.0,False,-3.0
2024-11-20,TCU Horned Frogs,71.0,home,0.0,0.0,True,23.0
2024-11-20,Alcorn State Braves,48.0,away,0.0,0.0,False,-23.0
2024-11-20,Santa Clara Broncos,96.0,home,0.0,0.0,True,42.0
2024-11-20,UC Riverside Highlanders,54.0,away,0.0,0.0,False,-42.0
2024-11-20,Idaho Vandals,101.0,home,0.0,0.0,True,43.0
2024-11-20,Evergreen State Geoducks,58.0,away,0.0,0.0,False,-43.0
2024-11-20,Kansas State Wildcats,74.0,home,0.0,0.0,True,18.0
2024-11-20,Mississippi Valley State Delta Devils,56.0,away,0.0,0.0,False,-18.0
2024-11-20,LSU Tigers,77.0,home,0.0,0.0,True,9.0
2024-11-20,Charleston Southern Buccaneers,68.0,away,0.0,0.0,False,-9.0
2024-11-20,Iowa Hawkeyes,83.0,home,0.0,0.0,True,25.0
2024-11-20,Rider Broncs,58.0,away,0.0,0.0,False,-25.0
2024-11-16,Duke Blue Devils,86.0,home,0.0,0.0,True,51.0
2024-11-16,Wofford Terriers,35.0,away,0.0,0.0,False,-51.0
2024-11-16,VMI Keydets,80.0,home,0.0,0.0,True,11.0
2024-11-16,Charleston Southern Buccaneers,69.0,away,0.0,0.0,False,-11.0
2024-11-17,Creighton Bluejays,79.0,home,0.0,0.0,True,23.0
2024-11-17,Kansas City Roos,56.0,away,0.0,0.0,False,-23.0
2024-11-16,Indiana Hoosiers,87.0,home,0.0,0.0,True,16.0
2024-11-16,South Carolina Gamecocks,71.0,away,0.0,0.0,False,-16.0
2024-11-16,Cornell Big Red,81.0,home,0.0,0.0,True,10.0
2024-11-16,Lafayette Leopards,71.0,away,0.0,0.0,False,-10.0
2024-11-16,Kennesaw State Owls,85.0,home,0.0,0.0,True,18.0
2024-11-16,Presbyterian Blue Hose,67.0,away,0.0,0.0,False,-18.0
2024-11-16,Columbia Lions,77.0,home,0.0,0.0,True,14.0
2024-11-16,Mercyhurst Lakers,63.0,away,0.0,0.0,False,-14.0
2024-11-16,Ole Miss Rebels,84.0,home,0.0,0.0,True,15.0
2024-11-16,Colorado State Rams,69.0,away,0.0,0.0,False,-15.0
2024-11-16,Seton Hall Pirates,54.0,home,0.0,0.0,True,26.0
2024-11-16,Wagner Seahawks,28.0,away,0.0,0.0,False,-26.0
2024-11-16,UIC Flames,117.0,home,0.0,0.0,True,58.0
2024-11-16,Saint Mary's (MN) Cardinals,59.0,away,0.0,0.0,False,-58.0
2024-11-16,Syracuse Orange,104.0,home,0.0,0.0,True,9.0
2024-11-16,Youngstown State Penguins,95.0,away,0.0,0.0,False,-9.0
2024-11-16,Boston University Terriers,78.0,home,0.0,0.0,True,28.0
2024-11-16,Dartmouth Big Green,50.0,away,0.0,0.0,False,-28.0
2024-11-16,Georgetown Hoyas,63.0,home,0.0,0.0,False,-21.0
2024-11-16,Notre Dame Fighting Irish,84.0,away,0.0,0.0,True,21.0
2024-11-16,Missouri State Bears,111.0,home,0.0,0.0,True,5.0
2024-11-16,Tulsa Golden Hurricane,106.0,away,0.0,0.0,False,-5.0
2024-11-16,Xavier Musketeers,75.0,home,0.0,0.0,True,15.0
2024-11-16,Wake Forest Demon Deacons,60.0,away,0.0,0.0,False,-15.0
2024-11-16,Kansas Jayhawks,78.0,home,0.0,0.0,True,21.0
2024-11-16,Oakland Golden Grizzlies,57.0,away,0.0,0.0,False,-21.0
2024-11-16,Bucknell Bison,80.0,home,0.0,0.0,True,4.0
2024-11-16,Richmond Spiders,76.0,away,0.0,0.0,False,-4.0
2024-11-16,Morgan State Bears,81.0,home,0.0,0.0,True,12.0
2024-11-16,NJIT Highlanders,69.0,away,0.0,0.0,False,-12.0
2024-11-16,UNC Greensboro Spartans,99.0,home,0.0,0.0,True,45.0
2024-11-16,NC Wesleyan Battling Bishops,54.0,away,0.0,0.0,False,-45.0
2024-11-16,Longwood Lancers,64.0,home,0.0,0.0,True,2.0
2024-11-16,UT Martin Skyhawks,62.0,away,0.0,0.0,False,-2.0
2024-11-16,Oklahoma Sooners,85.0,home,0.0,0.0,True,21.0
2024-11-16,Stetson Hatters,64.0,away,0.0,0.0,False,-21.0
2024-11-16,Drexel Dragons,68.0,home,0.0,0.0,False,-3.0
2024-11-16,La Salle Explorers,71.0,away,0.0,0.0,True,3.0
2024-11-16,Arkansas State Red Wolves,59.0,home,0.0,0.0,True,10.0
2024-11-16,Stephen F. Austin Lumberjacks,49.0,away,0.0,0.0,False,-10.0
2024-11-16,BYU Cougars,95.0,home,0.0,0.0,True,24.0
2024-11-16,Idaho Vandals,71.0,away,0.0,0.0,False,-24.0
2024-11-16,Rice Owls,77.0,home,0.0,0.0,True,2.0
2024-11-16,Northwestern State Demons,75.0,away,0.0,0.0,False,-2.0
2024-11-16,Vanderbilt Commodores,94.0,home,0.0,0.0,True,13.0
2024-11-16,Jackson State Tigers,81.0,away,0.0,0.0,False,-13.0
2024-11-16,Tennessee Tech Golden Eagles,58.0,home,0.0,0.0,False,-25.0
2024-11-16,UT Rio Grande Valley Vaqueros,83.0,away,0.0,0.0,True,25.0
2024-11-16,San Diego Toreros,66.0,home,0.0,0.0,False,-12.0
2024-11-16,Idaho State Bengals,78.0,away,0.0,0.0,True,12.0
2024-11-16,Cleveland State Vikings,71.0,home,0.0,0.0,True,8.0
2024-11-16,Eastern Michigan Eagles,63.0,away,0.0,0.0,False,-8.0
2024-11-16,Canisius Golden Griffins,58.0,home,0.0,0.0,False,-18.0
2024-11-16,SIU Edwardsville Cougars,76.0,away,0.0,0.0,True,18.0
2024-11-16,Evansville Purple Aces,81.0,home,0.0,0.0,False,-11.0
2024-11-16,Radford Highlanders,92.0,away,0.0,0.0,True,11.0
2024-11-16,UMBC Retrievers,61.0,home,0.0,0.0,False,-8.0
2024-11-16,Saint Peter's Peacocks,69.0,away,0.0,0.0,True,8.0
2024-11-16,Bethune-Cookman Wildcats,75.0,home,0.0,0.0,True,13.0
2024-11-16,South Carolina State Bulldogs,62.0,away,0.0,0.0,False,-13.0
2024-11-16,Abilene Christian Wildcats,72.0,home,0.0,0.0,True,12.0
2024-11-16,Texas State Bobcats,60.0,away,0.0,0.0,False,-12.0
2024-11-16,Binghamton Bearcats,77.0,home,0.0,0.0,True,29.0
2024-11-16,Misericordia Cougars,48.0,away,0.0,0.0,False,-29.0
2024-11-16,Western Illinois Leathernecks,63.0,home,0.0,0.0,True,2.0
2024-11-16,Central Arkansas Bears,61.0,away,0.0,0.0,False,-2.0
2024-11-16,Ball State Cardinals,84.0,home,0.0,0.0,False,-10.0
2024-11-16,Indiana State Sycamores,94.0,away,0.0,0.0,True,10.0
2024-11-16,South Alabama Jaguars,75.0,home,0.0,0.0,True,9.0
2024-11-16,Mercer Bears,66.0,away,0.0,0.0,False,-9.0
2024-11-16,Delaware State Hornets,93.0,home,0.0,0.0,True,42.0
2024-11-16,Cheyney (PA) Wolves,51.0,away,0.0,0.0,False,-42.0
2024-11-16,Middle Tennessee Blue Raiders,67.0,home,0.0,0.0,False,-21.0
2024-11-16,Murray State Racers,88.0,away,0.0,0.0,True,21.0
2024-11-16,East Carolina Pirates,78.0,home,0.0,0.0,True,1.0
2024-11-16,George Mason Patriots,77.0,away,0.0,0.0,False,-1.0
2024-11-16,Sacred Heart Pioneers,80.0,home,0.0,0.0,True,17.0
2024-11-16,New Hampshire Wildcats,63.0,away,0.0,0.0,False,-17.0
2024-11-16,Detroit Mercy Titans,67.0,home,0.0,0.0,False,-15.0
2024-11-16,Toledo Rockets,82.0,away,0.0,0.0,True,15.0
2024-11-16,Minnesota Golden Gophers,59.0,home,0.0,0.0,True,3.0
2024-11-16,Yale Bulldogs,56.0,away,0.0,0.0,False,-3.0
2024-11-16,Incarnate Word Cardinals,92.0,home,0.0,0.0,True,28.0
2024-11-16,Arkansas-Pine Bluff Golden Lions,64.0,away,0.0,0.0,False,-28.0
2024-11-16,Houston Christian Huskies,84.0,home,0.0,0.0,True,20.0
2024-11-16,Rockford Regents,64.0,away,0.0,0.0,False,-20.0
2024-11-16,St. Bonaventure Bonnies,71.0,home,0.0,0.0,True,19.0
2024-11-16,Le Moyne Dolphins,52.0,away,0.0,0.0,False,-19.0
2024-11-16,Northeastern Huskies,80.0,home,0.0,0.0,True,18.0
2024-11-16,Central Connecticut Blue Devils,62.0,away,0.0,0.0,False,-18.0
2024-11-16,Texas Longhorns,89.0,home,0.0,0.0,True,46.0
2024-11-16,Mississippi Valley State Delta Devils,43.0,away,0.0,0.0,False,-46.0
2024-11-16,Stony Brook Seawolves,93.0,home,0.0,0.0,True,48.0
2024-11-16,Saint Josephs Long Island Golden Eagles,45.0,away,0.0,0.0,False,-48.0
2024-11-16,UTSA Roadrunners,64.0,home,0.0,0.0,False,-17.0
2024-11-16,Little Rock Trojans,81.0,away,0.0,0.0,True,17.0
2024-11-16,Davidson Wildcats,76.0,home,0.0,0.0,True,6.0
2024-11-16,East Tennessee State Buccaneers,70.0,away,0.0,0.0,False,-6.0
2024-11-16,Winthrop Eagles,87.0,home,0.0,0.0,False,-2.0
2024-11-16,Georgia Southern Eagles,89.0,away,0.0,0.0,True,2.0
2024-11-16,Long Beach State Beach,61.0,home,0.0,0.0,False,-2.0
2024-11-16,Portland Pilots,63.0,away,0.0,0.0,True,2.0
2024-11-17,Wright State Raiders,92.0,home,0.0,0.0,True,36.0
2024-11-17,Central State (OH) Marauders,56.0,away,0.0,0.0,False,-36.0
2024-11-16,Providence Friars,79.0,home,0.0,0.0,True,14.0
2024-11-16,Green Bay Phoenix,65.0,away,0.0,0.0,False,-14.0
2024-11-16,Florida Atlantic Owls,77.0,home,0.0,0.0,True,3.0
2024-11-16,Liberty Flames,74.0,away,0.0,0.0,False,-3.0
2024-11-16,Michigan State Spartans,86.0,home,0.0,0.0,True,14.0
2024-11-16,Bowling Green Falcons,72.0,away,0.0,0.0,False,-14.0
2024-11-17,Purdue Fort Wayne Mastodons,93.0,home,0.0,0.0,True,19.0
2024-11-17,Southern Indiana Screaming Eagles,74.0,away,0.0,0.0,False,-19.0
2024-11-17,Marshall Thundering Herd,83.0,home,0.0,0.0,True,21.0
2024-11-17,Bellarmine Knights,62.0,away,0.0,0.0,False,-21.0
2024-11-17,Brown Bears,65.0,home,0.0,0.0,False,-8.0
2024-11-17,Holy Cross Crusaders,73.0,away,0.0,0.0,True,8.0
2024-11-17,Massachusetts Minutemen,71.0,home,0.0,0.0,False,-4.0
2024-11-17,Hofstra Pride,75.0,away,0.0,0.0,True,4.0
2024-11-17,Drake Bulldogs,63.0,home,0.0,0.0,True,2.0
2024-11-17,Florida Gulf Coast Eagles,61.0,away,0.0,0.0,False,-2.0
2024-11-17,William & Mary Tribe,76.0,home,0.0,0.0,False,-2.0
2024-11-17,North Carolina Central Eagles,78.0,away,0.0,0.0,True,2.0
2024-11-17,VCU Rams,83.0,home,0.0,0.0,True,26.0
2024-11-17,Loyola Maryland Greyhounds,57.0,away,0.0,0.0,False,-26.0
2024-11-17,Mount St. Mary's Mountaineers,66.0,home,0.0,0.0,True,8.0
2024-11-17,Saint Francis Red Flash,58.0,away,0.0,0.0,False,-8.0
2024-11-17,Saint Louis Billikens,77.0,home,0.0,0.0,True,6.0
2024-11-17,Loyola Marymount Lions,71.0,away,0.0,0.0,False,-6.0
2024-11-17,Sacramento State Hornets,69.0,home,0.0,0.0,False,-10.0
2024-11-17,Cal State Northridge Matadors,79.0,away,0.0,0.0,True,10.0
2024-11-17,Dayton Flyers,76.0,home,0.0,0.0,True,21.0
2024-11-17,Capital Crusaders,55.0,away,0.0,0.0,False,-21.0
2024-11-17,Southern Utah Thunderbirds,79.0,home,0.0,0.0,True,6.0
2024-11-17,Omaha Mavericks,73.0,away,0.0,0.0,False,-6.0
2024-11-17,UAlbany Great Danes,70.0,home,0.0,0.0,True,10.0
2024-11-17,Siena Saints,60.0,away,0.0,0.0,False,-10.0
2024-11-17,Oral Roberts Golden Eagles,87.0,home,0.0,0.0,True,35.0
2024-11-17,Haskell Jayhawks,52.0,away,0.0,0.0,False,-35.0
2024-11-17,Towson Tigers,67.0,home,0.0,0.0,True,4.0
2024-11-17,James Madison Dukes,63.0,away,0.0,0.0,False,-4.0
2024-11-17,Bradley Braves,76.0,home,0.0,0.0,True,16.0
2024-11-17,Northern Illinois Huskies,60.0,away,0.0,0.0,False,-16.0
2024-11-17,Tennessee State Tigers,81.0,home,0.0,0.0,True,10.0
2024-11-17,Alabama A&M Bulldogs,71.0,away,0.0,0.0,False,-10.0
2024-11-17,Hampton Pirates,58.0,home,0.0,0.0,False,-9.0
2024-11-17,Norfolk State Spartans,67.0,away,0.0,0.0,True,9.0
2024-11-17,Nevada Wolf Pack,85.0,home,0.0,0.0,True,26.0
2024-11-17,Santa Clara Broncos,59.0,away,0.0,0.0,False,-26.0
2024-11-17,Wyoming Cowboys,86.0,home,0.0,0.0,True,17.0
2024-11-17,Utah Tech Trailblazers,69.0,away,0.0,0.0,False,-17.0
2024-11-17,Cal State Bakersfield Roadrunners,74.0,home,0.0,0.0,True,18.0
2024-11-17,Fresno State Bulldogs,56.0,away,0.0,0.0,False,-18.0
2024-11-17,UC San Diego Tritons,71.0,home,0.0,0.0,False,-13.0
2024-11-17,Seattle U Redhawks,84.0,away,0.0,0.0,True,13.0
2024-11-17,San Francisco Dons,82.0,home,0.0,0.0,True,45.0
2024-11-17,Chicago State Cougars,37.0,away,0.0,0.0,False,-45.0
2024-11-17,UC Irvine Anteaters,80.0,home,0.0,0.0,True,18.0
2024-11-17,Pepperdine Waves,62.0,away,0.0,0.0,False,-18.0
2024-11-05,Iowa State Cyclones,83.0,home,0.0,0.0,True,39.0
2024-11-05,Mississippi Valley State Delta Devils,44.0,away,0.0,0.0,False,-39.0
2024-11-05,Houston Cougars,97.0,home,0.0,0.0,True,57.0
2024-11-05,Jackson State Tigers,40.0,away,0.0,0.0,False,-57.0
2024-11-05,Duke Blue Devils,96.0,home,0.0,0.0,True,34.0
2024-11-05,Maine Black Bears,62.0,away,0.0,0.0,False,-34.0
2024-11-05,Gonzaga Bulldogs,101.0,home,0.0,0.0,True,38.0
2024-11-05,Baylor Bears,63.0,away,0.0,0.0,False,-38.0
2024-11-05,Marquette Golden Eagles,102.0,home,0.0,0.0,True,40.0
2024-11-05,Stony Brook Seawolves,62.0,away,0.0,0.0,False,-40.0
2024-11-05,Florida Gators,98.0,home,0.0,0.0,True,15.0
2024-11-05,South Florida Bulls,83.0,away,0.0,0.0,False,-15.0
2024-11-05,Cincinnati Bearcats,109.0,home,0.0,0.0,True,55.0
2024-11-05,Arkansas-Pine Bluff Golden Lions,54.0,away,0.0,0.0,False,-55.0
2024-11-04,IU Indianapolis Jaguars,100.0,home,0.0,0.0,True,56.0
2024-11-04,IU Columbus Crimson Pride,44.0,away,0.0,0.0,False,-56.0
2024-11-04,Purdue Boilermakers,90.0,home,0.0,0.0,True,17.0
2024-11-04,Texas A&M-Corpus Christi Islanders,73.0,away,0.0,0.0,False,-17.0
2024-11-05,Kentucky Wildcats,103.0,home,0.0,0.0,True,41.0
2024-11-05,Wright State Raiders,62.0,away,0.0,0.0,False,-41.0
2024-11-05,Kansas Jayhawks,87.0,home,0.0,0.0,True,30.0
2024-11-05,Howard Bison,57.0,away,0.0,0.0,False,-30.0
2024-11-05,Alabama Crimson Tide,110.0,home,0.0,0.0,True,56.0
2024-11-05,UNC Asheville Bulldogs,54.0,away,0.0,0.0,False,-56.0
2024-11-05,Texas Longhorns,72.0,home,0.0,0.0,False,-8.0
2024-11-05,Ohio State Buckeyes,80.0,away,0.0,0.0,True,8.0
2024-11-05,Tennessee Volunteers,80.0,home,0.0,0.0,True,16.0
2024-11-05,Gardner-Webb Runnin' Bulldogs,64.0,away,0.0,0.0,False,-16.0
2024-11-05,Arizona Wildcats,93.0,home,0.0,0.0,True,29.0
2024-11-05,Canisius Golden Griffins,64.0,away,0.0,0.0,False,-29.0
2024-11-05,North Carolina Tar Heels,90.0,home,0.0,0.0,True,14.0
2024-11-05,Elon Phoenix,76.0,away,0.0,0.0,False,-14.0
2024-11-05,UCF Knights,64.0,home,0.0,0.0,True,3.0
2024-11-05,Texas A&M Aggies,61.0,away,0.0,0.0,False,-3.0
2024-11-05,Ole Miss Rebels,90.0,home,0.0,0.0,True,30.0
2024-11-05,Long Island University Sharks,60.0,away,0.0,0.0,False,-30.0
2024-11-05,UCLA Bruins,85.0,home,0.0,0.0,True,35.0
2024-11-05,Rider Broncs,50.0,away,0.0,0.0,False,-35.0
2024-11-04,Middle Tennessee Blue Raiders,97.0,home,0.0,0.0,True,46.0
2024-11-04,Oglethorpe Stormy Petrels,51.0,away,0.0,0.0,False,-46.0
2024-11-04,Southern Illinois Salukis,80.0,home,0.0,0.0,False,-10.0
2024-11-04,Charleston Cougars,90.0,away,0.0,0.0,True,10.0
2024-11-04,UT Arlington Mavericks,90.0,home,0.0,0.0,True,35.0
2024-11-04,UNT Dallas Trailblazers,55.0,away,0.0,0.0,False,-35.0
2024-11-04,UMBC Retrievers,95.0,home,0.0,0.0,True,29.0
2024-11-04,Penn State-York Nittany Lions,66.0,away,0.0,0.0,False,-29.0
2024-11-04,Santa Clara Broncos,85.0,home,0.0,0.0,True,7.0
2024-11-04,Saint Louis Billikens,78.0,away,0.0,0.0,False,-7.0
2024-11-04,Jacksonville State Gamecocks,112.0,home,0.0,0.0,True,64.0
2024-11-04,LaGrange Panthers,48.0,away,0.0,0.0,False,-64.0
2024-11-04,Temple Owls,81.0,home,0.0,0.0,True,11.0
2024-11-04,Sacred Heart Pioneers,70.0,away,0.0,0.0,False,-11.0
2024-11-04,Hofstra Pride,89.0,home,0.0,0.0,True,27.0
2024-11-04,Old Westbury Panthers,62.0,away,0.0,0.0,False,-27.0
2024-11-04,Harvard Crimson,79.0,home,0.0,0.0,True,13.0
2024-11-04,Marist Red Foxes,66.0,away,0.0,0.0,False,-13.0
2024-11-04,Stonehill Skyhawks,81.0,home,0.0,0.0,True,19.0
2024-11-04,Framingham State Rams,62.0,away,0.0,0.0,False,-19.0
2024-11-04,Delaware Blue Hens,73.0,home,0.0,0.0,False,-12.0
2024-11-04,Bucknell Bison,85.0,away,0.0,0.0,True,12.0
2024-11-04,Stanford Cardinal,85.0,home,0.0,0.0,True,23.0
2024-11-04,Denver Pioneers,62.0,away,0.0,0.0,False,-23.0
2024-11-04,UMass Lowell River Hawks,115.0,home,0.0,0.0,True,56.0
2024-11-04,Rivier Raiders,59.0,away,0.0,0.0,False,-56.0
2024-11-04,Wofford Terriers,112.0,home,0.0,0.0,True,54.0
2024-11-04,Erskine Flying Fleet,58.0,away,0.0,0.0,False,-54.0
2024-11-04,Liberty Flames,83.0,home,0.0,0.0,True,20.0
2024-11-04,Valparaiso Beacons,63.0,away,0.0,0.0,False,-20.0
2024-11-04,App State Mountaineers,63.0,home,0.0,0.0,False,-14.0
2024-11-04,Miami (OH) RedHawks,77.0,away,0.0,0.0,True,14.0
2024-11-04,VMI Keydets,103.0,home,0.0,0.0,True,49.0
2024-11-04,Washington College (MD) Shoremen,54.0,away,0.0,0.0,False,-49.0
2024-11-04,South Dakota State Jackrabbits,80.0,home,0.0,0.0,True,7.0
2024-11-04,McNeese Cowboys,73.0,away,0.0,0.0,False,-7.0
2024-11-04,Drexel Dragons,95.0,home,0.0,0.0,True,52.0
2024-11-04,Georgian Court Lions,43.0,away,0.0,0.0,False,-52.0
2024-11-04,St. John's Red Storm,92.0,home,0.0,0.0,True,32.0
2024-11-04,Fordham Rams,60.0,away,0.0,0.0,False,-32.0
2024-11-04,Winthrop Eagles,125.0,home,0.0,0.0,True,60.0
2024-11-04,Piedmont Lions,65.0,away,0.0,0.0,False,-60.0
2024-11-04,Niagara Purple Eagles,100.0,home,0.0,0.0,True,35.0
2024-11-04,Houghton Highlanders,65.0,away,0.0,0.0,False,-35.0
2024-11-05,North Carolina A&T Aggies,107.0,home,0.0,0.0,True,52.0
2024-11-05,Cheyney (PA) Wolves,55.0,away,0.0,0.0,False,-52.0
2024-11-05,Eastern Kentucky Colonels,98.0,home,0.0,0.0,True,29.0
2024-11-05,Alice Lloyd College Eagles,69.0,away,0.0,0.0,False,-29.0
2024-11-05,Purdue Fort Wayne Mastodons,99.0,home,0.0,0.0,True,52.0
2024-11-05,Bluffton Beavers,47.0,away,0.0,0.0,False,-52.0
2024-11-04,Butler Bulldogs,72.0,home,0.0,0.0,True,7.0
2024-11-04,Missouri State Bears,65.0,away,0.0,0.0,False,-7.0
2024-11-05,Oakland Golden Grizzlies,75.0,home,0.0,0.0,True,23.0
2024-11-05,Defiance Yellow Jackets,52.0,away,0.0,0.0,False,-23.0
2024-11-05,William & Mary Tribe,84.0,home,0.0,0.0,True,48.0
2024-11-05,Dickinson (PA) Red Devils,36.0,away,0.0,0.0,False,-48.0
2024-11-05,Kansas City Roos,91.0,home,0.0,0.0,True,23.0
2024-11-05,Hannibal-Lagrange Trojans,68.0,away,0.0,0.0,False,-23.0
2024-11-05,Hampton Pirates,110.0,home,0.0,0.0,True,57.0
2024-11-05,Mid-Atlantic Christian Mustangs,53.0,away,0.0,0.0,False,-57.0
2024-11-05,Detroit Mercy Titans,91.0,home,0.0,0.0,True,39.0
2024-11-05,Cleary University Cougars,52.0,away,0.0,0.0,False,-39.0
2024-11-05,South Carolina State Bulldogs,137.0,home,0.0,0.0,True,82.0
2024-11-05,Morris College Hornets,55.0,away,0.0,0.0,False,-82.0
2024-11-05,Mount St. Mary's Mountaineers,98.0,home,0.0,0.0,True,36.0
2024-11-05,Notre Dame (MD) Gators,62.0,away,0.0,0.0,False,-36.0
2024-11-05,Marshall Thundering Herd,90.0,home,0.0,0.0,True,33.0
2024-11-05,Davis & Elkins Senators,57.0,away,0.0,0.0,False,-33.0
2024-11-05,East Carolina Pirates,97.0,home,0.0,0.0,True,27.0
2024-11-05,NC Wesleyan Battling Bishops,70.0,away,0.0,0.0,False,-27.0
2024-11-05,UNC Wilmington Seahawks,143.0,home,0.0,0.0,True,52.0
2024-11-05,Mount Olive Trojans,91.0,away,0.0,0.0,False,-52.0
2024-11-05,Furman Paladins,104.0,home,0.0,0.0,True,58.0
2024-11-05,Columbia International Rams,46.0,away,0.0,0.0,False,-58.0
2024-11-05,Morgan State Bears,89.0,home,0.0,0.0,True,13.0
2024-11-05,Frostburg State Bobcats,76.0,away,0.0,0.0,False,-13.0
2024-11-05,Prairie View A&M Panthers,111.0,home,0.0,0.0,True,21.0
2024-11-05,College Of Biblical Studies Ambassadors,90.0,away,0.0,0.0,False,-21.0
2024-11-05,UNC Greensboro Spartans,73.0,home,0.0,0.0,True,9.0
2024-11-05,Florida Gulf Coast Eagles,64.0,away,0.0,0.0,False,-9.0
2024-11-05,Jacksonville Dolphins,78.0,home,0.0,0.0,True,13.0
2024-11-05,Trinity College of Jacksonville Eagles,65.0,away,0.0,0.0,False,-13.0
2024-11-05,Cornell Big Red,93.0,home,0.0,0.0,True,41.0
2024-11-05,Marywood Pacers,52.0,away,0.0,0.0,False,-41.0
2024-11-05,Davidson Wildcats,88.0,home,0.0,0.0,True,41.0
2024-11-05,William Peace Pacers,47.0,away,0.0,0.0,False,-41.0
2024-11-05,Coastal Carolina Chanticleers,60.0,home,0.0,0.0,True,4.0
2024-11-05,Western Michigan Broncos,56.0,away,0.0,0.0,False,-4.0
2024-11-05,James Madison Dukes,88.0,home,0.0,0.0,True,10.0
2024-11-05,Ohio Bobcats,78.0,away,0.0,0.0,False,-10.0
2024-11-05,Loyola Maryland Greyhounds,78.0,home,0.0,0.0,False,-3.0
2024-11-05,Columbia Lions,81.0,away,0.0,0.0,True,3.0
2024-11-05,NJIT Highlanders,57.0,home,0.0,0.0,False,-1.0
2024-11-05,Pennsylvania Quakers,58.0,away,0.0,0.0,True,1.0
2024-11-05,Georgia State Panthers,71.0,home,0.0,0.0,True,5.0
2024-11-05,Ball State Cardinals,66.0,away,0.0,0.0,False,-5.0
2024-11-05,Georgia Southern Eagles,80.0,home,0.0,0.0,True,15.0
2024-11-05,Northern Illinois Huskies,65.0,away,0.0,0.0,False,-15.0
2024-11-05,Old Dominion Monarchs,82.0,home,0.0,0.0,False,-1.0
2024-11-05,Buffalo Bulls,83.0,away,0.0,0.0,True,1.0
2024-11-05,Dartmouth Big Green,129.0,home,0.0,0.0,True,82.0
2024-11-05,Vermont State - Lyndon Hornets,47.0,away,0.0,0.0,False,-82.0
2024-11-05,East Tennessee State Buccaneers,72.0,home,0.0,0.0,True,21.0
2024-11-05,Newberry Wolves,51.0,away,0.0,0.0,False,-21.0
2024-11-05,Siena Saints,72.0,home,0.0,0.0,True,1.0
2024-11-05,Brown Bears,71.0,away,0.0,0.0,False,-1.0
2024-11-05,Michigan State Spartans,81.0,home,0.0,0.0,True,24.0
2024-11-05,Monmouth Hawks,57.0,away,0.0,0.0,False,-24.0
2024-11-05,Troy Trojans,84.0,home,0.0,0.0,True,10.0
2024-11-05,Toledo Rockets,74.0,away,0.0,0.0,False,-10.0
2024-11-05,St. Bonaventure Bonnies,70.0,home,0.0,0.0,True,14.0
2024-11-05,Cal State Northridge Matadors,56.0,away,0.0,0.0,False,-14.0
2024-11-05,Massachusetts Minutemen,103.0,home,0.0,0.0,True,29.0
2024-11-05,New Hampshire Wildcats,74.0,away,0.0,0.0,False,-29.0
2024-11-05,George Mason Patriots,75.0,home,0.0,0.0,True,17.0
2024-11-05,North Carolina Central Eagles,58.0,away,0.0,0.0,False,-17.0
2024-11-05,NC State Wolfpack,97.0,home,0.0,0.0,True,31.0
2024-11-05,South Carolina Upstate Spartans,66.0,away,0.0,0.0,False,-31.0
2024-11-05,Dayton Flyers,87.0,home,0.0,0.0,True,30.0
2024-11-05,Saint Francis Red Flash,57.0,away,0.0,0.0,False,-30.0
2024-11-05,Milwaukee Panthers,118.0,home,0.0,0.0,True,56.0
2024-11-05,Lakeland Muskies,62.0,away,0.0,0.0,False,-56.0
2024-11-05,Pittsburgh Panthers,96.0,home,0.0,0.0,True,40.0
2024-11-05,Radford Highlanders,56.0,away,0.0,0.0,False,-40.0
2024-11-05,Miami Hurricanes,113.0,home,0.0,0.0,True,41.0
2024-11-05,Fairleigh Dickinson Knights,72.0,away,0.0,0.0,False,-41.0
2024-11-05,West Virginia Mountaineers,87.0,home,0.0,0.0,True,28.0
2024-11-05,Robert Morris Colonials,59.0,away,0.0,0.0,False,-28.0
2024-11-05,Stetson Hatters,94.0,home,0.0,0.0,True,19.0
2024-11-05,New College (FL) Mighty Banyans,75.0,away,0.0,0.0,False,-19.0
2024-11-05,South Carolina Gamecocks,71.0,home,0.0,0.0,False,-3.0
2024-11-05,North Florida Ospreys,74.0,away,0.0,0.0,True,3.0
2024-11-05,Florida State Seminoles,74.0,home,0.0,0.0,True,12.0
2024-11-05,Northern Kentucky Norse,62.0,away,0.0,0.0,False,-12.0
2024-11-05,Providence Friars,59.0,home,0.0,0.0,True,4.0
2024-11-05,Central Connecticut Blue Devils,55.0,away,0.0,0.0,False,-4.0
2024-11-05,Princeton Tigers,81.0,home,0.0,0.0,True,1.0
2024-11-05,Iona Gaels,80.0,away,0.0,0.0,False,-1.0
2024-11-05,Maryland Terrapins,79.0,home,0.0,0.0,True,30.0
2024-11-05,Manhattan Jaspers,49.0,away,0.0,0.0,False,-30.0
2024-11-05,Queens University Royals,90.0,home,0.0,0.0,True,51.0
2024-11-05,Lynchburg Hornets,39.0,away,0.0,0.0,False,-51.0
2024-11-05,La Salle Explorers,65.0,home,0.0,0.0,True,13.0
2024-11-05,American University Eagles,52.0,away,0.0,0.0,False,-13.0
2024-11-05,VCU Rams,84.0,home,0.0,0.0,True,19.0
2024-11-05,Bellarmine Knights,65.0,away,0.0,0.0,False,-19.0
2024-11-05,Syracuse Orange,86.0,home,0.0,0.0,True,4.0
2024-11-05,Le Moyne Dolphins,82.0,away,0.0,0.0,False,-4.0
2024-11-05,Clemson Tigers,91.0,home,0.0,0.0,True,27.0
2024-11-05,Charleston Southern Buccaneers,64.0,away,0.0,0.0,False,-27.0
2024-11-05,Louisville Cardinals,93.0,home,0.0,0.0,True,48.0
2024-11-05,Morehead State Eagles,45.0,away,0.0,0.0,False,-48.0
2024-11-05,Saint Joseph's Hawks,70.0,home,0.0,0.0,True,7.0
2024-11-05,Navy Midshipmen,63.0,away,0.0,0.0,False,-7.0
2024-11-05,Western Carolina Catamounts,100.0,home,0.0,0.0,True,39.0
2024-11-05,Bob Jones Bruins,61.0,away,0.0,0.0,False,-39.0
2024-11-05,Drake Bulldogs,93.0,home,0.0,0.0,True,52.0
2024-11-05,York College Nebraska Panthers,41.0,away,0.0,0.0,False,-52.0
2024-11-05,Samford Bulldogs,100.0,home,0.0,0.0,True,42.0
2024-11-05,Mississippi College Choctaws,58.0,away,0.0,0.0,False,-42.0
2024-11-05,Louisiana Tech Bulldogs,77.0,home,0.0,0.0,True,27.0
2024-11-05,LSU Alexandria Bull Terriers,50.0,away,0.0,0.0,False,-27.0
2024-11-05,Northwestern State Demons,96.0,home,0.0,0.0,True,41.0
2024-11-05,Dallas Christian Crusaders,55.0,away,0.0,0.0,False,-41.0
2024-11-05,Florida Atlantic Owls,97.0,home,0.0,0.0,True,33.0
2024-11-05,Indiana State Sycamores,64.0,away,0.0,0.0,False,-33.0
2024-11-05,Campbell Fighting Camels,96.0,home,0.0,0.0,True,47.0
2024-11-05,Pfeiffer Falcons,49.0,away,0.0,0.0,False,-47.0
2024-11-05,UAB Blazers,62.0,home,0.0,0.0,False,-5.0
2024-11-05,Vermont Catamounts,67.0,away,0.0,0.0,True,5.0
2024-11-05,Longwood Lancers,79.0,home,0.0,0.0,True,11.0
2024-11-05,Randolph College Wildcats,68.0,away,0.0,0.0,False,-11.0
2024-11-05,Xavier Musketeers,78.0,home,0.0,0.0,True,9.0
2024-11-05,Texas Southern Tigers,69.0,away,0.0,0.0,False,-9.0
2024-11-05,Belmont Bruins,93.0,home,0.0,0.0,True,23.0
2024-11-05,Maryville College (TN) Fighting Scots,70.0,away,0.0,0.0,False,-23.0
2024-11-05,Seton Hall Pirates,57.0,home,0.0,0.0,True,4.0
2024-11-05,Saint Peter's Peacocks,53.0,away,0.0,0.0,False,-4.0
2024-11-05,Tulane Green Wave,76.0,home,0.0,0.0,True,34.0
2024-11-05,Louisiana Christian Wildcats,42.0,away,0.0,0.0,False,-34.0
2024-11-05,Penn State Nittany Lions,108.0,home,0.0,0.0,True,42.0
2024-11-05,Binghamton Bearcats,66.0,away,0.0,0.0,False,-42.0
2024-11-05,Georgia Bulldogs,83.0,home,0.0,0.0,True,5.0
2024-11-05,Tennessee Tech Golden Eagles,78.0,away,0.0,0.0,False,-5.0
2024-11-05,Boston University Terriers,72.0,home,0.0,0.0,False,-8.0
2024-11-05,Northeastern Huskies,80.0,away,0.0,0.0,True,8.0
2024-11-05,Murray State Racers,113.0,home,0.0,0.0,True,76.0
2024-11-05,Bethel (TN) Wildcats,37.0,away,0.0,0.0,False,-76.0
2024-11-05,Mississippi State Bulldogs,95.0,home,0.0,0.0,True,35.0
2024-11-05,West Georgia Wolves,60.0,away,0.0,0.0,False,-35.0
2024-11-05,North Dakota State Bison,96.0,home,0.0,0.0,True,37.0
2024-11-05,Jamestown Jimmies,59.0,away,0.0,0.0,False,-37.0
2024-11-05,Little Rock Trojans,84.0,home,0.0,0.0,True,20.0
2024-11-05,Arkansas Baptist Buffaloes,64.0,away,0.0,0.0,False,-20.0
2024-11-05,Omaha Mavericks,85.0,home,0.0,0.0,True,16.0
2024-11-05,Mid-America Christian Evangels,69.0,away,0.0,0.0,False,-16.0
2024-11-05,Utah Valley Wolverines,92.0,home,0.0,0.0,True,35.0
2024-11-05,Western Colorado Mountaineers,57.0,away,0.0,0.0,False,-35.0
2024-11-05,Tulsa Golden Hurricane,82.0,home,0.0,0.0,True,14.0
2024-11-05,Northeastern State RiverHawks,68.0,away,0.0,0.0,False,-14.0
2024-11-05,UIC Flames,91.0,home,0.0,0.0,True,48.0
2024-11-05,St. Francis (IL) Fighting Saints,43.0,away,0.0,0.0,False,-48.0
2024-11-05,Norfolk State Spartans,96.0,home,0.0,0.0,True,55.0
2024-11-05,Penn State - Wilkes-Barre Mountain Lions,41.0,away,0.0,0.0,False,-55.0
2024-11-05,Illinois State Redbirds,65.0,home,0.0,0.0,False,-2.0
2024-11-05,UT Martin Skyhawks,67.0,away,0.0,0.0,True,2.0
2024-11-05,Bryant Bulldogs,105.0,home,0.0,0.0,True,42.0
2024-11-05,Dean College Bulldogs,63.0,away,0.0,0.0,False,-42.0
2024-11-05,Vanderbilt Commodores,102.0,home,0.0,0.0,True,39.0
2024-11-05,Maryland Eastern Shore Hawks,63.0,away,0.0,0.0,False,-39.0
2024-11-05,Yale Bulldogs,88.0,home,0.0,0.0,True,26.0
2024-11-05,Quinnipiac Bobcats,62.0,away,0.0,0.0,False,-26.0
2024-11-05,Louisiana Ragin' Cajuns,66.0,home,0.0,0.0,False,-4.0
2024-11-05,Kent State Golden Flashes,70.0,away,0.0,0.0,True,4.0
2024-11-05,Bradley Braves,88.0,home,0.0,0.0,True,28.0
2024-11-05,Southeast Missouri State Redhawks,60.0,away,0.0,0.0,False,-28.0
2024-11-05,Western Kentucky Hilltoppers,84.0,home,0.0,0.0,False,-7.0
2024-11-05,Wichita State Shockers,91.0,away,0.0,0.0,True,7.0
2024-11-05,Austin Peay Governors,95.0,home,0.0,0.0,True,20.0
2024-11-05,Union (TN) Bulldogs,75.0,away,0.0,0.0,False,-20.0
2024-11-05,Southern Miss Golden Eagles,77.0,home,0.0,0.0,True,9.0
2024-11-05,Bowling Green Falcons,68.0,away,0.0,0.0,False,-9.0
2024-11-05,Army Black Knights,67.0,home,0.0,0.0,True,8.0
2024-11-05,UAlbany Great Danes,59.0,away,0.0,0.0,False,-8.0
2024-11-05,Arkansas State Red Wolves,80.0,home,0.0,0.0,True,5.0
2024-11-05,Akron Zips,75.0,away,0.0,0.0,False,-5.0
2024-11-05,Texas State Bobcats,64.0,home,0.0,0.0,True,20.0
2024-11-05,Eastern Michigan Eagles,44.0,away,0.0,0.0,False,-20.0
2024-11-05,South Alabama Jaguars,70.0,home,0.0,0.0,False,-4.0
2024-11-05,Central Michigan Chippewas,74.0,away,0.0,0.0,True,4.0
2024-11-05,Northern Arizona Lumberjacks,100.0,home,0.0,0.0,True,51.0
2024-11-05,Park University Gilbert Buccaneers,49.0,away,0.0,0.0,False,-51.0
2024-11-05,Lamar Cardinals,113.0,home,0.0,0.0,True,71.0
2024-11-05,Paul Quinn Tigers,42.0,away,0.0,0.0,False,-71.0
2024-11-05,Charlotte 49ers,88.0,home,0.0,0.0,True,9.0
2024-11-05,Presbyterian Blue Hose,79.0,away,0.0,0.0,False,-9.0
2024-11-05,UTSA Roadrunners,103.0,home,0.0,0.0,True,26.0
2024-11-05,Trinity (TX) Tigers,77.0,away,0.0,0.0,False,-26.0
2024-11-05,Rhode Island Rams,96.0,home,0.0,0.0,True,38.0
2024-11-05,Fairfield Stags,58.0,away,0.0,0.0,False,-38.0
2024-11-05,George Washington Revolutionaries,76.0,home,0.0,0.0,True,17.0
2024-11-05,Mercyhurst Lakers,59.0,away,0.0,0.0,False,-17.0
2024-11-05,Northern Iowa Panthers,96.0,home,0.0,0.0,True,42.0
2024-11-05,Dubuque Spartans,54.0,away,0.0,0.0,False,-42.0
2024-11-05,Houston Christian Huskies,86.0,home,0.0,0.0,True,27.0
2024-11-05,Avila Eagles,59.0,away,0.0,0.0,False,-27.0
2024-11-05,Duquesne Dukes,72.0,home,0.0,0.0,False,-5.0
2024-11-05,Lipscomb Bisons,77.0,away,0.0,0.0,True,5.0
2024-11-05,Villanova Wildcats,75.0,home,0.0,0.0,True,12.0
2024-11-05,Lafayette Leopards,63.0,away,0.0,0.0,False,-12.0
2024-11-05,Illinois Fighting Illini,112.0,home,0.0,0.0,True,45.0
2024-11-05,Eastern Illinois Panthers,67.0,away,0.0,0.0,False,-45.0
2024-11-05,Nebraska Cornhuskers,87.0,home,0.0,0.0,True,20.0
2024-11-05,UT Rio Grande Valley Vaqueros,67.0,away,0.0,0.0,False,-20.0
2024-11-05,Memphis Tigers,83.0,home,0.0,0.0,True,8.0
2024-11-05,Missouri Tigers,75.0,away,0.0,0.0,False,-8.0
2024-11-05,Virginia Tech Hokies,83.0,home,0.0,0.0,True,23.0
2024-11-05,Delaware State Hornets,60.0,away,0.0,0.0,False,-23.0
2024-11-05,Iowa Hawkeyes,89.0,home,0.0,0.0,True,22.0
2024-11-05,East Texas A&M Lions,67.0,away,0.0,0.0,False,-22.0
2024-11-05,DePaul Blue Demons,80.0,home,0.0,0.0,True,2.0
2024-11-05,Southern Indiana Screaming Eagles,78.0,away,0.0,0.0,False,-2.0
2024-11-05,Northwestern Wildcats,90.0,home,0.0,0.0,True,44.0
2024-11-05,Lehigh Mountain Hawks,46.0,away,0.0,0.0,False,-44.0
2024-11-05,Wisconsin Badgers,85.0,home,0.0,0.0,True,24.0
2024-11-05,Holy Cross Crusaders,61.0,away,0.0,0.0,False,-24.0
2024-11-05,Michigan Wolverines,101.0,home,0.0,0.0,True,48.0
2024-11-05,Cleveland State Vikings,53.0,away,0.0,0.0,False,-48.0
2024-11-05,TCU Horned Frogs,105.0,home,0.0,0.0,True,46.0
2024-11-05,Florida A&M Rattlers,59.0,away,0.0,0.0,False,-46.0
2024-11-05,Tennessee State Tigers,96.0,home,0.0,0.0,True,30.0
2024-11-05,Fisk Bulldogs,66.0,away,0.0,0.0,False,-30.0
2024-11-05,Wake Forest Demon Deacons,64.0,home,0.0,0.0,True,15.0
2024-11-05,Coppin State Eagles,49.0,away,0.0,0.0,False,-15.0
2024-11-05,SIU Edwardsville Cougars,95.0,home,0.0,0.0,True,53.0
2024-11-05,Westminster (MO) Blue Jays,42.0,away,0.0,0.0,False,-53.0
2024-11-05,Boston College Eagles,69.0,home,0.0,0.0,True,9.0
2024-11-05,The Citadel Bulldogs,60.0,away,0.0,0.0,False,-9.0
2024-11-05,Stephen F. Austin Lumberjacks,85.0,home,0.0,0.0,True,34.0
2024-11-05,Dallas Crusaders,51.0,away,0.0,0.0,False,-34.0
2024-11-05,UL Monroe Warhawks,111.0,home,0.0,0.0,True,50.0
2024-11-05,Champion Christian Tigers,61.0,away,0.0,0.0,False,-50.0
2024-11-05,Southern Utah Thunderbirds,96.0,home,0.0,0.0,True,28.0
2024-11-05,Western New Mexico Mustangs,68.0,away,0.0,0.0,False,-28.0
2024-11-05,Abilene Christian Wildcats,107.0,home,0.0,0.0,True,33.0
2024-11-05,Howard Payne Yellow Jackets,74.0,away,0.0,0.0,False,-33.0
2024-11-05,Grambling Tigers,92.0,home,0.0,0.0,True,50.0
2024-11-05,Southern-New Orleans Knights,42.0,away,0.0,0.0,False,-50.0
2024-11-05,SMU Mustangs,96.0,home,0.0,0.0,True,34.0
2024-11-05,Tarleton State Texans,62.0,away,0.0,0.0,False,-34.0
2024-11-05,Loyola Chicago Ramblers,79.0,home,0.0,0.0,True,7.0
2024-11-05,Chicago State Cougars,72.0,away,0.0,0.0,False,-7.0
2024-11-05,SE Louisiana Lions,91.0,home,0.0,0.0,True,38.0
2024-11-05,William Carey Crusaders,53.0,away,0.0,0.0,False,-38.0
2024-11-05,New Mexico State Aggies,93.0,home,0.0,0.0,True,36.0
2024-11-05,New Mexico Highlands Cowboys,57.0,away,0.0,0.0,False,-36.0
2024-11-05,St. Thomas-Minnesota Tommies,96.0,home,0.0,0.0,True,25.0
2024-11-05,North Central (MN) Rams,71.0,away,0.0,0.0,False,-25.0
2024-11-05,New Mexico Lobos,91.0,home,0.0,0.0,True,7.0
2024-11-05,Nicholls Colonels,84.0,away,0.0,0.0,False,-7.0
2024-11-05,Oklahoma Sooners,93.0,home,0.0,0.0,True,33.0
2024-11-05,Lindenwood Lions,60.0,away,0.0,0.0,False,-33.0
2024-11-05,Grand Canyon Lopes,89.0,home,0.0,0.0,True,10.0
2024-11-05,Cal State Fullerton Titans,79.0,away,0.0,0.0,False,-10.0
2024-11-05,South Dakota Coyotes,93.0,home,0.0,0.0,True,14.0
2024-11-05,Southern Jaguars,79.0,away,0.0,0.0,False,-14.0
2024-11-05,Montana Grizzlies,92.0,home,0.0,0.0,True,31.0
2024-11-05,Hawai'i Hilo Vulcans,61.0,away,0.0,0.0,False,-31.0
2024-11-05,UTEP Miners,102.0,home,0.0,0.0,True,47.0
2024-11-05,Sul Ross State Lobos,55.0,away,0.0,0.0,False,-47.0
2024-11-05,Utah Utes,100.0,home,0.0,0.0,True,41.0
2024-11-05,Alcorn State Braves,59.0,away,0.0,0.0,False,-41.0
2024-11-05,Idaho Vandals,94.0,home,0.0,0.0,True,34.0
2024-11-05,Northwest University Eagles,60.0,away,0.0,0.0,False,-34.0
2024-11-05,Oklahoma State Cowboys,89.0,home,0.0,0.0,True,13.0
2024-11-05,Green Bay Phoenix,76.0,away,0.0,0.0,False,-13.0
2024-11-05,Weber State Wildcats,118.0,home,0.0,0.0,True,83.0
2024-11-05,Northwest Indian RedHawks,35.0,away,0.0,0.0,False,-83.0
2024-11-05,Colorado Buffaloes,76.0,home,0.0,0.0,True,20.0
2024-11-05,Eastern Washington Eagles,56.0,away,0.0,0.0,False,-20.0
2024-11-05,Wyoming Cowboys,108.0,home,0.0,0.0,True,23.0
2024-11-05,Concordia-St. Paul Golden Bears,85.0,away,0.0,0.0,False,-23.0
2024-11-05,Colorado State Rams,82.0,home,0.0,0.0,True,26.0
2024-11-05,North Dakota Fighting Hawks,56.0,away,0.0,0.0,False,-26.0
2024-11-05,Oregon State Beavers,80.0,home,0.0,0.0,True,23.0
2024-11-05,Utah Tech Trailblazers,57.0,away,0.0,0.0,False,-23.0
2024-11-05,Air Force Falcons,57.0,home,0.0,0.0,False,-16.0
2024-11-05,North Alabama Lions,73.0,away,0.0,0.0,True,16.0
2024-11-05,Loyola Marymount Lions,99.0,home,0.0,0.0,True,43.0
2024-11-05,Life Pacific Warriors,56.0,away,0.0,0.0,False,-43.0
2024-11-05,Pacific Tigers,92.0,home,0.0,0.0,True,27.0
2024-11-05,Jessup University Warriors,65.0,away,0.0,0.0,False,-27.0
2024-11-05,Nevada Wolf Pack,91.0,home,0.0,0.0,True,16.0
2024-11-05,Sam Houston Bearkats,75.0,away,0.0,0.0,False,-16.0
2024-11-05,UC Santa Barbara Gauchos,96.0,home,0.0,0.0,True,49.0
2024-11-05,San Francisco State Gators,47.0,away,0.0,0.0,False,-49.0
2024-11-05,California Baptist Lancers,83.0,home,0.0,0.0,True,5.0
2024-11-05,Incarnate Word Cardinals,78.0,away,0.0,0.0,False,-5.0
2024-11-05,Northern Colorado Bears,75.0,home,0.0,0.0,True,20.0
2024-11-05,Colorado College Tigers,55.0,away,0.0,0.0,False,-20.0
2024-11-05,Saint Mary's Gaels,76.0,home,0.0,0.0,True,7.0
2024-11-05,Towson Tigers,69.0,away,0.0,0.0,False,-7.0
2024-11-05,San José State Spartans,55.0,home,0.0,0.0,False,-4.0
2024-11-05,Western Illinois Leathernecks,59.0,away,0.0,0.0,True,4.0
2024-11-05,USC Trojans,77.0,home,0.0,0.0,True,26.0
2024-11-05,Chattanooga Mocs,51.0,away,0.0,0.0,False,-26.0
2024-11-05,Long Beach State Beach,93.0,home,0.0,0.0,True,45.0
2024-11-05,La Verne Leopards,48.0,away,0.0,0.0,False,-45.0
2024-11-05,UC Irvine Anteaters,82.0,home,0.0,0.0,True,30.0
2024-11-05,Chapman Panthers,52.0,away,0.0,0.0,False,-30.0
2024-11-05,Oregon Ducks,91.0,home,0.0,0.0,True,15.0
2024-11-05,UC Riverside Highlanders,76.0,away,0.0,0.0,False,-15.0
2024-11-05,UNLV Rebels,93.0,home,0.0,0.0,True,14.0
2024-11-05,Alabama State Hornets,79.0,away,0.0,0.0,False,-14.0
2024-11-05,Washington State Cougars,100.0,home,0.0,0.0,True,8.0
2024-11-05,Portland State Vikings,92.0,away,0.0,0.0,False,-8.0
2024-11-05,California Golden Bears,86.0,home,0.0,0.0,True,13.0
2024-11-05,Cal State Bakersfield Roadrunners,73.0,away,0.0,0.0,False,-13.0
2024-11-21,Gonzaga Bulldogs,84.0,home,0.0,0.0,True,43.0
2024-11-21,Long Beach State Beach,41.0,away,0.0,0.0,False,-43.0
2024-11-20,UMass Lowell River Hawks,121.0,home,0.0,0.0,True,55.0
2024-11-20,Fisher College Eagles,66.0,away,0.0,0.0,False,-55.0
2024-11-21,Texas A&M Aggies,71.0,home,0.0,0.0,True,17.0
2024-11-21,Southern Jaguars,54.0,away,0.0,0.0,False,-17.0
2024-11-21,Rutgers Scarlet Knights,74.0,home,0.0,0.0,True,11.0
2024-11-21,Merrimack Warriors,63.0,away,0.0,0.0,False,-11.0
2024-11-21,North Carolina A&T Aggies,86.0,home,0.0,0.0,True,3.0
2024-11-21,Morgan State Bears,83.0,away,0.0,0.0,False,-3.0
2024-11-20,Holy Cross Crusaders,88.0,home,0.0,0.0,True,39.0
2024-11-20,Mitchell College Mariners,49.0,away,0.0,0.0,False,-39.0
2024-11-21,Furman Paladins,124.0,home,0.0,0.0,True,76.0
2024-11-21,Oglethorpe Stormy Petrels,48.0,away,0.0,0.0,False,-76.0
2024-11-21,Lehigh Mountain Hawks,100.0,home,0.0,0.0,True,47.0
2024-11-21,Valley Forge Patriots,53.0,away,0.0,0.0,False,-47.0
2024-11-21,Army Black Knights,84.0,home,0.0,0.0,True,14.0
2024-11-21,Fairleigh Dickinson Knights,70.0,away,0.0,0.0,False,-14.0
2024-11-21,New Hampshire Wildcats,78.0,home,0.0,0.0,True,14.0
2024-11-21,Endicott College Gulls,64.0,away,0.0,0.0,False,-14.0
2024-11-21,Alabama Crimson Tide,100.0,home,0.0,0.0,True,13.0
2024-11-21,Illinois Fighting Illini,87.0,away,0.0,0.0,False,-13.0
2024-11-20,The Citadel Bulldogs,61.0,home,0.0,0.0,False,-15.0
2024-11-20,Charleston Cougars,76.0,away,0.0,0.0,True,15.0
2024-11-20,Xavier Musketeers,80.0,home,0.0,0.0,True,25.0
2024-11-20,Siena Saints,55.0,away,0.0,0.0,False,-25.0
2024-11-21,Saint Peter's Peacocks,116.0,home,0.0,0.0,True,65.0
2024-11-21,St. Elizabeth Eagles,51.0,away,0.0,0.0,False,-65.0
2024-11-21,Morehead State Eagles,63.0,home,0.0,0.0,True,5.0
2024-11-21,Austin Peay Governors,58.0,away,0.0,0.0,False,-5.0
2024-11-21,Saint Francis Red Flash,96.0,home,0.0,0.0,True,39.0
2024-11-21,Penn State-Schuylkill Nittany Lions,57.0,away,0.0,0.0,False,-39.0
2024-11-21,Central Michigan Chippewas,86.0,home,0.0,0.0,True,34.0
2024-11-21,Central State (OH) Marauders,52.0,away,0.0,0.0,False,-34.0
2024-11-21,Western Michigan Broncos,76.0,home,0.0,0.0,False,-4.0
2024-11-21,South Dakota Coyotes,80.0,away,0.0,0.0,True,4.0
2024-11-20,Stony Brook Seawolves,64.0,home,0.0,0.0,False,-22.0
2024-11-20,Yale Bulldogs,86.0,away,0.0,0.0,True,22.0
2024-11-21,Long Island University Sharks,72.0,home,0.0,0.0,False,-8.0
2024-11-21,Columbia Lions,80.0,away,0.0,0.0,True,8.0
2024-11-21,Ball State Cardinals,59.0,home,0.0,0.0,False,-11.0
2024-11-21,Detroit Mercy Titans,70.0,away,0.0,0.0,True,11.0
2024-11-21,Richmond Spiders,70.0,home,0.0,0.0,True,4.0
2024-11-21,Maine Black Bears,66.0,away,0.0,0.0,False,-4.0
2024-11-21,George Mason Patriots,93.0,home,0.0,0.0,True,38.0
2024-11-21,Coppin State Eagles,55.0,away,0.0,0.0,False,-38.0
2024-11-21,St. Bonaventure Bonnies,76.0,home,0.0,0.0,True,22.0
2024-11-21,Mansfield Mountaineers,54.0,away,0.0,0.0,False,-22.0
2024-11-21,West Virginia Mountaineers,86.0,home,0.0,0.0,True,43.0
2024-11-21,Iona Gaels,43.0,away,0.0,0.0,False,-43.0
2024-11-21,Virginia Tech Hokies,64.0,home,0.0,0.0,False,-10.0
2024-11-21,Jacksonville Dolphins,74.0,away,0.0,0.0,True,10.0
2024-11-21,Northern Illinois Huskies,48.0,home,0.0,0.0,False,-27.0
2024-11-21,Elon Phoenix,75.0,away,0.0,0.0,True,27.0
2024-11-21,South Dakota State Jackrabbits,101.0,home,0.0,0.0,True,25.0
2024-11-21,Southern Miss Golden Eagles,76.0,away,0.0,0.0,False,-25.0
2024-11-21,Tulsa Golden Hurricane,57.0,home,0.0,0.0,False,-14.0
2024-11-21,Little Rock Trojans,71.0,away,0.0,0.0,True,14.0
2024-11-21,Dayton Flyers,74.0,home,0.0,0.0,True,21.0
2024-11-21,New Mexico State Aggies,53.0,away,0.0,0.0,False,-21.0
2024-11-21,Penn State Nittany Lions,102.0,home,0.0,0.0,True,13.0
2024-11-21,Purdue Fort Wayne Mastodons,89.0,away,0.0,0.0,False,-13.0
2024-11-21,Rhode Island Rams,86.0,home,0.0,0.0,True,14.0
2024-11-21,Lafayette Leopards,72.0,away,0.0,0.0,False,-14.0
2024-11-21,Kennesaw State Owls,84.0,home,0.0,0.0,True,6.0
2024-11-21,Abilene Christian Wildcats,78.0,away,0.0,0.0,False,-6.0
2024-11-21,Grand Canyon Lopes,68.0,home,0.0,0.0,False,-7.0
2024-11-21,UC Davis Aggies,75.0,away,0.0,0.0,True,7.0
2024-11-21,Nicholls Colonels,64.0,home,0.0,0.0,False,-6.0
2024-11-21,Towson Tigers,70.0,away,0.0,0.0,True,6.0
2024-11-21,Arizona State Sun Devils,93.0,home,0.0,0.0,True,4.0
2024-11-21,Cal Poly Mustangs,89.0,away,0.0,0.0,False,-4.0
2024-11-21,Georgetown Hoyas,79.0,home,0.0,0.0,True,28.0
2024-11-21,Mount St. Mary's Mountaineers,51.0,away,0.0,0.0,False,-28.0
2024-11-21,Murray State Racers,79.0,home,0.0,0.0,True,18.0
2024-11-21,Maryland Eastern Shore Hawks,61.0,away,0.0,0.0,False,-18.0
2024-11-21,Saint Mary's Gaels,78.0,home,0.0,0.0,True,40.0
2024-11-21,Stanislaus State Warriors,38.0,away,0.0,0.0,False,-40.0
2024-11-21,Western Kentucky Hilltoppers,79.0,home,0.0,0.0,True,17.0
2024-11-21,Jackson State Tigers,62.0,away,0.0,0.0,False,-17.0
2024-11-21,USC Trojans,82.0,home,0.0,0.0,True,14.0
2024-11-21,San José State Spartans,68.0,away,0.0,0.0,False,-14.0
2024-11-21,Stanford Cardinal,70.0,home,0.0,0.0,True,7.0
2024-11-21,Norfolk State Spartans,63.0,away,0.0,0.0,False,-7.0
2024-11-21,UNLV Rebels,80.0,home,0.0,0.0,True,21.0
2024-11-21,Pepperdine Waves,59.0,away,0.0,0.0,False,-21.0
2024-11-21,Fresno State Bulldogs,94.0,home,0.0,0.0,True,11.0
2024-11-21,Prairie View A&M Panthers,83.0,away,0.0,0.0,False,-11.0
2024-11-21,UC Santa Barbara Gauchos,76.0,home,0.0,0.0,False,-3.0
2024-11-21,UTEP Miners,79.0,away,0.0,0.0,True,3.0
2024-11-21,UCLA Bruins,84.0,home,0.0,0.0,True,14.0
2024-11-21,Idaho State Bengals,70.0,away,0.0,0.0,False,-14.0
2024-11-21,California Baptist Lancers,68.0,home,0.0,0.0,False,-11.0
2024-11-21,Northern Colorado Bears,79.0,away,0.0,0.0,True,11.0
2024-11-23,Illinois Fighting Illini,87.0,home,0.0,0.0,True,47.0
2024-11-23,Maryland Eastern Shore Hawks,40.0,away,0.0,0.0,False,-47.0
2024-11-23,UMBC Retrievers,71.0,home,0.0,0.0,False,-4.0
2024-11-23,Boston University Terriers,75.0,away,0.0,0.0,True,4.0
2024-11-23,Monmouth Hawks,61.0,home,0.0,0.0,False,-10.0
2024-11-23,Presbyterian Blue Hose,71.0,away,0.0,0.0,True,10.0
2024-11-23,Marquette Golden Eagles,80.0,home,0.0,0.0,True,11.0
2024-11-23,Georgia Bulldogs,69.0,away,0.0,0.0,False,-11.0
2024-11-23,Georgia Tech Yellow Jackets,58.0,home,0.0,0.0,False,-23.0
2024-11-23,Cincinnati Bearcats,81.0,away,0.0,0.0,True,23.0
2024-11-23,Vermont Catamounts,75.0,home,0.0,0.0,True,4.0
2024-11-23,Delaware Blue Hens,71.0,away,0.0,0.0,False,-4.0
2024-11-23,UIC Flames,55.0,home,0.0,0.0,False,-17.0
2024-11-23,East Carolina Pirates,72.0,away,0.0,0.0,True,17.0
2024-11-23,Canisius Golden Griffins,76.0,home,0.0,0.0,False,-7.0
2024-11-23,Brown Bears,83.0,away,0.0,0.0,True,7.0
2024-11-23,Northern Kentucky Norse,85.0,home,0.0,0.0,True,26.0
2024-11-23,Kentucky State Thorobreds,59.0,away,0.0,0.0,False,-26.0
2024-11-23,Kansas City Roos,65.0,home,0.0,0.0,False,-2.0
2024-11-23,UAlbany Great Danes,67.0,away,0.0,0.0,True,2.0
2024-11-23,Stetson Hatters,77.0,home,0.0,0.0,False,-15.0
2024-11-23,La Salle Explorers,92.0,away,0.0,0.0,True,15.0
2024-11-23,Cal State Bakersfield Roadrunners,73.0,home,0.0,0.0,False,-3.0
2024-11-23,Florida International Panthers,76.0,away,0.0,0.0,True,3.0
2024-11-23,Georgetown Hoyas,82.0,home,0.0,0.0,True,17.0
2024-11-23,Saint Francis Red Flash,65.0,away,0.0,0.0,False,-17.0
2024-11-23,Georgia Southern Eagles,64.0,home,0.0,0.0,True,10.0
2024-11-23,West Georgia Wolves,54.0,away,0.0,0.0,False,-10.0
2024-11-23,Charlotte 49ers,76.0,home,0.0,0.0,False,-3.0
2024-11-23,Long Island University Sharks,79.0,away,0.0,0.0,True,3.0
2024-11-23,UMass Lowell River Hawks,80.0,home,0.0,0.0,True,10.0
2024-11-23,Quinnipiac Bobcats,70.0,away,0.0,0.0,False,-10.0
2024-11-23,Purdue Boilermakers,80.0,home,0.0,0.0,True,35.0
2024-11-23,Marshall Thundering Herd,45.0,away,0.0,0.0,False,-35.0
2024-11-23,Portland State Vikings,65.0,home,0.0,0.0,False,-26.0
2024-11-23,St. Thomas-Minnesota Tommies,91.0,away,0.0,0.0,True,26.0
2024-11-23,IU Indianapolis Jaguars,62.0,home,0.0,0.0,False,-10.0
2024-11-23,South Carolina State Bulldogs,72.0,away,0.0,0.0,True,10.0
2024-11-23,Florida Gulf Coast Eagles,55.0,home,0.0,0.0,False,-4.0
2024-11-23,Northeastern Huskies,59.0,away,0.0,0.0,True,4.0
2024-11-23,Marist Red Foxes,54.0,home,0.0,0.0,True,5.0
2024-11-23,New Hampshire Wildcats,49.0,away,0.0,0.0,False,-5.0
2024-11-23,Charleston Southern Buccaneers,46.0,home,0.0,0.0,False,-21.0
2024-11-23,Furman Paladins,67.0,away,0.0,0.0,True,21.0
2024-11-23,Yale Bulldogs,91.0,home,0.0,0.0,True,25.0
2024-11-23,Fairfield Stags,66.0,away,0.0,0.0,False,-25.0
2024-11-23,George Mason Patriots,100.0,home,0.0,0.0,True,45.0
2024-11-23,Ferrum Panthers,55.0,away,0.0,0.0,False,-45.0
2024-11-23,Mount St. Mary's Mountaineers,76.0,home,0.0,0.0,True,10.0
2024-11-23,Delaware State Hornets,66.0,away,0.0,0.0,False,-10.0
2024-11-23,Illinois State Redbirds,84.0,home,0.0,0.0,True,1.0
2024-11-23,UAB Blazers,83.0,away,0.0,0.0,False,-1.0
2024-11-23,Alabama A&M Bulldogs,77.0,home,0.0,0.0,True,7.0
2024-11-23,Coastal Carolina Chanticleers,70.0,away,0.0,0.0,False,-7.0
2024-11-23,Bellarmine Knights,80.0,home,0.0,0.0,True,12.0
2024-11-23,Bowling Green Falcons,68.0,away,0.0,0.0,False,-12.0
2024-11-23,Temple Owls,87.0,home,0.0,0.0,True,7.0
2024-11-23,Massachusetts Minutemen,80.0,away,0.0,0.0,False,-7.0
2024-11-23,Jacksonville State Gamecocks,65.0,home,0.0,0.0,False,-6.0
2024-11-23,James Madison Dukes,71.0,away,0.0,0.0,True,6.0
2024-11-23,Wagner Seahawks,81.0,home,0.0,0.0,True,35.0
2024-11-23,Springfield Pride,46.0,away,0.0,0.0,False,-35.0
2024-11-23,Puerto Rico-Bayamon Pirates,56.0,home,0.0,0.0,False,-17.0
2024-11-23,American University Eagles,73.0,away,0.0,0.0,True,17.0
2024-11-23,DePaul Blue Demons,98.0,home,0.0,0.0,True,46.0
2024-11-23,Northern Illinois Huskies,52.0,away,0.0,0.0,False,-46.0
2024-11-23,Milwaukee Panthers,76.0,home,0.0,0.0,True,2.0
2024-11-23,Wofford Terriers,74.0,away,0.0,0.0,False,-2.0
2024-11-23,Wake Forest Demon Deacons,67.0,home,0.0,0.0,True,10.0
2024-11-23,Detroit Mercy Titans,57.0,away,0.0,0.0,False,-10.0
2024-11-23,Southern Utah Thunderbirds,82.0,home,0.0,0.0,True,15.0
2024-11-23,Idaho Vandals,67.0,away,0.0,0.0,False,-15.0
2024-11-23,Akron Zips,92.0,home,0.0,0.0,True,8.0
2024-11-23,Omaha Mavericks,84.0,away,0.0,0.0,False,-8.0
2024-11-23,Texas A&M-Corpus Christi Islanders,82.0,home,0.0,0.0,True,21.0
2024-11-23,Le Moyne Dolphins,61.0,away,0.0,0.0,False,-21.0
2024-11-23,North Alabama Lions,74.0,home,0.0,0.0,True,12.0
2024-11-23,UL Monroe Warhawks,62.0,away,0.0,0.0,False,-12.0
2024-11-23,Long Beach State Beach,69.0,home,0.0,0.0,False,-3.0
2024-11-23,Fresno State Bulldogs,72.0,away,0.0,0.0,True,3.0
2024-11-23,George Washington Revolutionaries,83.0,home,0.0,0.0,True,9.0
2024-11-23,Louisiana Ragin' Cajuns,74.0,away,0.0,0.0,False,-9.0
2024-11-23,Alabama State Hornets,77.0,home,0.0,0.0,True,2.0
2024-11-23,Lamar Cardinals,75.0,away,0.0,0.0,False,-2.0
2024-11-23,Queens University Royals,98.0,home,0.0,0.0,True,24.0
2024-11-23,South Carolina Upstate Spartans,74.0,away,0.0,0.0,False,-24.0
2024-11-23,UC San Diego Tritons,80.0,home,0.0,0.0,True,35.0
2024-11-23,Toledo Rockets,45.0,away,0.0,0.0,False,-35.0
2024-11-23,Loyola Chicago Ramblers,89.0,home,0.0,0.0,True,36.0
2024-11-23,Tulsa Golden Hurricane,53.0,away,0.0,0.0,False,-36.0
2024-11-24,Stephen F. Austin Lumberjacks,64.0,home,0.0,0.0,True,7.0
2024-11-24,Youngstown State Penguins,57.0,away,0.0,0.0,False,-7.0
2024-11-24,Bucknell Bison,53.0,home,0.0,0.0,False,-4.0
2024-11-24,Rider Broncs,57.0,away,0.0,0.0,True,4.0
2024-11-24,Saint Mary's Gaels,80.0,home,0.0,0.0,True,14.0
2024-11-24,Cal Poly Mustangs,66.0,away,0.0,0.0,False,-14.0
2024-11-24,California Baptist Lancers,79.0,home,0.0,0.0,True,11.0
2024-11-24,Eastern Washington Eagles,68.0,away,0.0,0.0,False,-11.0
2024-11-24,Santa Clara Broncos,69.0,home,0.0,0.0,False,-2.0
2024-11-24,Stanford Cardinal,71.0,away,0.0,0.0,True,2.0
2024-11-24,BYU Cougars,87.0,home,0.0,0.0,True,44.0
2024-11-24,Mississippi Valley State Delta Devils,43.0,away,0.0,0.0,False,-44.0
2024-11-24,SIU Edwardsville Cougars,83.0,home,0.0,0.0,True,34.0
2024-11-24,St. Ambrose Fighting Bees,49.0,away,0.0,0.0,False,-34.0
2024-11-24,Columbia Lions,82.0,home,0.0,0.0,True,19.0
2024-11-24,Stony Brook Seawolves,63.0,away,0.0,0.0,False,-19.0
2024-11-24,UNLV Rebels,72.0,home,0.0,0.0,True,7.0
2024-11-24,New Mexico State Aggies,65.0,away,0.0,0.0,False,-7.0
2024-11-24,Cleveland State Vikings,52.0,home,0.0,0.0,False,-16.0
2024-11-24,Kent State Golden Flashes,68.0,away,0.0,0.0,True,16.0
2024-11-24,Northern Colorado Bears,114.0,home,0.0,0.0,True,16.0
2024-11-24,Prairie View A&M Panthers,98.0,away,0.0,0.0,False,-16.0
2024-11-21,Florida Atlantic Owls,86.0,home,0.0,0.0,True,8.0
2024-11-21,Oklahoma State Cowboys,78.0,away,0.0,0.0,False,-8.0
2024-11-22,Tennessee Volunteers,64.0,home,0.0,0.0,True,22.0
2024-11-22,Virginia Cavaliers,42.0,away,0.0,0.0,False,-22.0
2024-11-21,Portland Pilots,68.0,home,0.0,0.0,False,-6.0
2024-11-21,South Florida Bulls,74.0,away,0.0,0.0,True,6.0
2024-11-21,Jacksonville State Gamecocks,86.0,home,0.0,0.0,True,8.0
2024-11-21,East Carolina Pirates,78.0,away,0.0,0.0,False,-8.0
2024-11-21,VCU Rams,66.0,home,0.0,0.0,False,-3.0
2024-11-21,Seton Hall Pirates,69.0,away,0.0,0.0,True,3.0
2024-11-22,Chattanooga Mocs,72.0,home,0.0,0.0,True,20.0
2024-11-22,Johnson University (TN) Royals,52.0,away,0.0,0.0,False,-20.0
2024-11-22,Oakland Golden Grizzlies,64.0,home,0.0,0.0,False,-4.0
2024-11-22,Eastern Michigan Eagles,68.0,away,0.0,0.0,True,4.0
2024-11-21,Middle Tennessee Blue Raiders,83.0,home,0.0,0.0,True,2.0
2024-11-21,Ohio Bobcats,81.0,away,0.0,0.0,False,-2.0
2024-11-21,UC San Diego Tritons,72.0,home,0.0,0.0,True,5.0
2024-11-21,La Salle Explorers,67.0,away,0.0,0.0,False,-5.0
2024-11-21,Indiana Hoosiers,69.0,home,0.0,0.0,True,11.0
2024-11-21,UNC Greensboro Spartans,58.0,away,0.0,0.0,False,-11.0
2024-11-21,UIC Flames,81.0,home,0.0,0.0,False,-18.0
2024-11-21,James Madison Dukes,99.0,away,0.0,0.0,True,18.0
2024-11-21,Drake Bulldogs,80.0,home,0.0,0.0,True,11.0
2024-11-21,Miami Hurricanes,69.0,away,0.0,0.0,False,-11.0
2024-11-21,Stetson Hatters,78.0,home,0.0,0.0,False,-25.0
2024-11-21,Toledo Rockets,103.0,away,0.0,0.0,True,25.0
2024-11-22,St. John's Red Storm,98.0,home,0.0,0.0,False,-1.0
2024-11-22,Baylor Bears,99.0,away,0.0,0.0,True,1.0
2024-11-21,Monmouth Hawks,62.0,home,0.0,0.0,False,-10.0
2024-11-21,Youngstown State Penguins,72.0,away,0.0,0.0,True,10.0
2024-11-22,Bucknell Bison,81.0,home,0.0,0.0,True,17.0
2024-11-22,NJIT Highlanders,64.0,away,0.0,0.0,False,-17.0
2024-11-21,Cornell Big Red,76.0,home,0.0,0.0,False,-10.0
2024-11-21,Robert Morris Colonials,86.0,away,0.0,0.0,True,10.0
2024-11-22,Stonehill Skyhawks,67.0,home,0.0,0.0,True,1.0
2024-11-22,Bryant Bulldogs,66.0,away,0.0,0.0,False,-1.0
2024-11-22,Kent State Golden Flashes,76.0,home,0.0,0.0,True,3.0
2024-11-22,Niagara Purple Eagles,73.0,away,0.0,0.0,False,-3.0
2024-11-21,Texas State Bobcats,68.0,home,0.0,0.0,False,-14.0
2024-11-21,Bradley Braves,82.0,away,0.0,0.0,True,14.0
2024-11-22,Clemson Tigers,79.0,home,0.0,0.0,True,28.0
2024-11-22,Radford Highlanders,51.0,away,0.0,0.0,False,-28.0
2024-11-22,Stephen F. Austin Lumberjacks,55.0,home,0.0,0.0,False,-3.0
2024-11-22,Presbyterian Blue Hose,58.0,away,0.0,0.0,True,3.0
2024-11-22,North Florida Ospreys,108.0,home,0.0,0.0,True,49.0
2024-11-22,Edward Waters Tigers,59.0,away,0.0,0.0,False,-49.0
2024-11-22,Texas Longhorns,70.0,home,0.0,0.0,True,4.0
2024-11-22,Syracuse Orange,66.0,away,0.0,0.0,False,-4.0
2024-11-22,North Texas Mean Green,73.0,home,0.0,0.0,True,7.0
2024-11-22,Texas Wesleyan Rams,66.0,away,0.0,0.0,False,-7.0
2024-11-22,Valparaiso Beacons,77.0,home,0.0,0.0,True,13.0
2024-11-22,Lindenwood Lions,64.0,away,0.0,0.0,False,-13.0
2024-11-22,Texas A&M-Corpus Christi Islanders,81.0,home,0.0,0.0,True,4.0
2024-11-22,UT Martin Skyhawks,77.0,away,0.0,0.0,False,-4.0
2024-11-22,Central Arkansas Bears,73.0,home,0.0,0.0,False,-4.0
2024-11-22,Southeast Missouri State Redhawks,77.0,away,0.0,0.0,True,4.0
2024-11-22,South Carolina Gamecocks,84.0,home,0.0,0.0,True,12.0
2024-11-22,Mercer Bears,72.0,away,0.0,0.0,False,-12.0
2024-11-22,Wright State Raiders,80.0,home,0.0,0.0,True,18.0
2024-11-22,Princeton Tigers,62.0,away,0.0,0.0,False,-18.0
2024-11-22,Oklahoma Sooners,84.0,home,0.0,0.0,True,28.0
2024-11-22,East Texas A&M Lions,56.0,away,0.0,0.0,False,-28.0
2024-11-22,Sam Houston Bearkats,105.0,home,0.0,0.0,True,27.0
2024-11-22,Trinity (TX) Tigers,78.0,away,0.0,0.0,False,-27.0
2024-11-22,Ole Miss Rebels,100.0,home,0.0,0.0,True,32.0
2024-11-22,Oral Roberts Golden Eagles,68.0,away,0.0,0.0,False,-32.0
2024-11-22,Western Illinois Leathernecks,73.0,home,0.0,0.0,True,27.0
2024-11-22,Monmouth (IL) Fighting Scots,46.0,away,0.0,0.0,False,-27.0
2024-11-22,Sacred Heart Pioneers,67.0,home,0.0,0.0,True,13.0
2024-11-22,Central Connecticut Blue Devils,54.0,away,0.0,0.0,False,-13.0
2024-11-22,North Dakota State Bison,67.0,home,0.0,0.0,True,7.0
2024-11-22,Minnesota Crookston Golden Eagles,60.0,away,0.0,0.0,False,-7.0
2024-11-22,Michigan Wolverines,72.0,home,0.0,0.0,True,23.0
2024-11-22,Tarleton State Texans,49.0,away,0.0,0.0,False,-23.0
2024-11-22,New Mexico Lobos,80.0,home,0.0,0.0,True,22.0
2024-11-22,Grambling Tigers,58.0,away,0.0,0.0,False,-22.0
2024-11-22,Nevada Wolf Pack,71.0,home,0.0,0.0,False,-2.0
2024-11-22,Vanderbilt Commodores,73.0,away,0.0,0.0,True,2.0
2024-11-22,Washington State Cougars,96.0,home,0.0,0.0,True,15.0
2024-11-22,Eastern Washington Eagles,81.0,away,0.0,0.0,False,-15.0
2024-11-22,Saint Joseph's Hawks,78.0,home,0.0,0.0,True,1.0
2024-11-22,Texas Tech Red Raiders,77.0,away,0.0,0.0,False,-1.0
2024-11-22,Oregon State Beavers,75.0,home,0.0,0.0,False,-3.0
2024-11-22,Oregon Ducks,78.0,away,0.0,0.0,True,3.0
2024-11-22,San Francisco Dons,64.0,home,0.0,0.0,False,-4.0
2024-11-22,Memphis Tigers,68.0,away,0.0,0.0,True,4.0
2024-11-22,California Golden Bears,78.0,home,0.0,0.0,True,9.0
2024-11-22,Air Force Falcons,69.0,away,0.0,0.0,False,-9.0
2024-11-24,Northeastern Huskies,60.0,home,0.0,0.0,False,-8.0
2024-11-24,Cal State Bakersfield Roadrunners,68.0,away,0.0,0.0,True,8.0
2024-11-24,Boise State Broncos,83.0,home,0.0,0.0,True,14.0
2024-11-24,Hampton Pirates,69.0,away,0.0,0.0,False,-14.0
2024-11-24,Portland State Vikings,79.0,home,0.0,0.0,True,5.0
2024-11-24,Wofford Terriers,74.0,away,0.0,0.0,False,-5.0
2024-11-24,Wright State Raiders,72.0,home,0.0,0.0,False,-1.0
2024-11-24,South Florida Bulls,73.0,away,0.0,0.0,True,1.0
2024-11-24,Howard Bison,62.0,home,0.0,0.0,False,-7.0
2024-11-24,Boston University Terriers,69.0,away,0.0,0.0,True,7.0
2024-11-24,VCU Rams,77.0,home,0.0,0.0,True,7.0
2024-11-24,Miami Hurricanes,70.0,away,0.0,0.0,False,-7.0
2024-11-24,Lafayette Leopards,91.0,home,0.0,0.0,True,46.0
2024-11-24,Rosemont Ravens,45.0,away,0.0,0.0,False,-46.0
2024-11-24,Maryland Terrapins,76.0,home,0.0,0.0,True,1.0
2024-11-24,Villanova Wildcats,75.0,away,0.0,0.0,False,-1.0
2024-11-24,Kennesaw State Owls,79.0,home,0.0,0.0,True,2.0
2024-11-24,Rutgers Scarlet Knights,77.0,away,0.0,0.0,False,-2.0
2024-11-24,UAlbany Great Danes,77.0,home,0.0,0.0,False,-4.0
2024-11-24,American University Eagles,81.0,away,0.0,0.0,True,4.0
2024-11-24,Maine Black Bears,80.0,home,0.0,0.0,True,25.0
2024-11-24,Holy Cross Crusaders,55.0,away,0.0,0.0,False,-25.0
2024-11-24,Princeton Tigers,94.0,home,0.0,0.0,True,27.0
2024-11-24,Portland Pilots,67.0,away,0.0,0.0,False,-27.0
2024-11-24,Lamar Cardinals,59.0,home,0.0,0.0,False,-6.0
2024-11-24,Omaha Mavericks,65.0,away,0.0,0.0,True,6.0
2024-11-24,Rhode Island Rams,91.0,home,0.0,0.0,True,38.0
2024-11-24,Charleston Cougars,53.0,away,0.0,0.0,False,-38.0
2024-11-24,Duquesne Dukes,60.0,home,0.0,0.0,False,-11.0
2024-11-24,South Dakota State Jackrabbits,71.0,away,0.0,0.0,True,11.0
2024-11-24,Georgia Bulldogs,66.0,home,0.0,0.0,True,3.0
2024-11-24,St. John's Red Storm,63.0,away,0.0,0.0,False,-3.0
2024-11-24,Fairfield Stags,67.0,home,0.0,0.0,True,1.0
2024-11-24,Vermont Catamounts,66.0,away,0.0,0.0,False,-1.0
2024-11-24,Pittsburgh Panthers,75.0,home,0.0,0.0,False,-6.0
2024-11-24,Wisconsin Badgers,81.0,away,0.0,0.0,True,6.0
2024-11-24,App State Mountaineers,79.0,home,0.0,0.0,True,3.0
2024-11-24,William & Mary Tribe,76.0,away,0.0,0.0,False,-3.0
2024-11-24,Central Connecticut Blue Devils,64.0,home,0.0,0.0,True,8.0
2024-11-24,Binghamton Bearcats,56.0,away,0.0,0.0,False,-8.0
2024-11-24,Valparaiso Beacons,81.0,home,0.0,0.0,True,28.0
2024-11-24,Eastern Illinois Panthers,53.0,away,0.0,0.0,False,-28.0
2024-11-24,Nevada Wolf Pack,90.0,home,0.0,0.0,True,12.0
2024-11-24,Oklahoma State Cowboys,78.0,away,0.0,0.0,False,-12.0
2024-11-24,Central Arkansas Bears,92.0,home,0.0,0.0,True,9.0
2024-11-24,UNC Asheville Bulldogs,83.0,away,0.0,0.0,False,-9.0
2024-11-24,California Golden Bears,83.0,home,0.0,0.0,True,6.0
2024-11-24,Sacramento State Hornets,77.0,away,0.0,0.0,False,-6.0
2024-11-24,Utah Tech Trailblazers,79.0,home,0.0,0.0,False,-10.0
2024-11-24,Cal State Northridge Matadors,89.0,away,0.0,0.0,True,10.0
2024-11-24,High Point Panthers,61.0,home,0.0,0.0,False,-10.0
2024-11-24,Missouri State Bears,71.0,away,0.0,0.0,True,10.0
2024-11-24,Northwestern State Demons,71.0,home,0.0,0.0,True,13.0
2024-11-24,North Alabama Lions,58.0,away,0.0,0.0,False,-13.0
2024-11-24,Evansville Purple Aces,66.0,home,0.0,0.0,True,13.0
2024-11-24,Campbell Fighting Camels,53.0,away,0.0,0.0,False,-13.0
2024-11-24,Morgan State Bears,60.0,home,0.0,0.0,False,-4.0
2024-11-24,Towson Tigers,64.0,away,0.0,0.0,True,4.0
2024-11-24,Milwaukee Panthers,69.0,home,0.0,0.0,True,4.0
2024-11-24,St. Thomas-Minnesota Tommies,65.0,away,0.0,0.0,False,-4.0
2024-11-24,UC Riverside Highlanders,69.0,home,0.0,0.0,True,17.0
2024-11-24,Alcorn State Braves,52.0,away,0.0,0.0,False,-17.0
2024-11-24,Missouri Tigers,112.0,home,0.0,0.0,True,49.0
2024-11-24,Arkansas-Pine Bluff Golden Lions,63.0,away,0.0,0.0,False,-49.0
2024-11-24,Akron Zips,97.0,home,0.0,0.0,True,19.0
2024-11-24,Alabama State Hornets,78.0,away,0.0,0.0,False,-19.0
2024-11-24,St. Bonaventure Bonnies,85.0,home,0.0,0.0,True,15.0
2024-11-24,Bryant Bulldogs,70.0,away,0.0,0.0,False,-15.0
2024-11-24,Florida Gulf Coast Eagles,60.0,home,0.0,0.0,True,1.0
2024-11-24,Florida International Panthers,59.0,away,0.0,0.0,False,-1.0
2024-11-24,UCF Knights,102.0,home,0.0,0.0,False,-7.0
2024-11-24,LSU Tigers,109.0,away,0.0,0.0,True,7.0
2024-11-24,Air Force Falcons,82.0,home,0.0,0.0,True,34.0
2024-11-24,Mercyhurst Lakers,48.0,away,0.0,0.0,False,-34.0
2024-11-24,San Diego Toreros,68.0,home,0.0,0.0,True,7.0
2024-11-24,Idaho Vandals,61.0,away,0.0,0.0,False,-7.0
2024-11-24,Massachusetts Minutemen,59.0,home,0.0,0.0,False,-33.0
2024-11-24,Florida State Seminoles,92.0,away,0.0,0.0,True,33.0
2024-11-24,Puerto Rico-Rio Piedras Gallitos,55.0,home,0.0,0.0,False,-33.0
2024-11-24,Kansas City Roos,88.0,away,0.0,0.0,True,33.0
2024-11-24,East Tennessee State Buccaneers,82.0,home,0.0,0.0,True,15.0
2024-11-24,Queens University Royals,67.0,away,0.0,0.0,False,-15.0
2024-11-24,Lipscomb Bisons,77.0,home,0.0,0.0,True,24.0
2024-11-24,Jackson State Tigers,53.0,away,0.0,0.0,False,-24.0
2024-11-24,Delaware Blue Hens,100.0,home,0.0,0.0,True,6.0
2024-11-24,Yale Bulldogs,94.0,away,0.0,0.0,False,-6.0
2024-11-25,New Mexico Lobos,99.0,home,0.0,0.0,True,31.0
2024-11-25,Texas Southern Tigers,68.0,away,0.0,0.0,False,-31.0
2024-11-25,Vanderbilt Commodores,70.0,home,0.0,0.0,False,-11.0
2024-11-25,Drake Bulldogs,81.0,away,0.0,0.0,True,11.0
2024-11-25,Montana Grizzlies,83.0,home,0.0,0.0,True,10.0
2024-11-25,Denver Pioneers,73.0,away,0.0,0.0,False,-10.0
2024-11-25,Texas State Bobcats,74.0,home,0.0,0.0,True,9.0
2024-11-25,Ohio Bobcats,65.0,away,0.0,0.0,False,-9.0
2024-11-25,Boston College Eagles,82.0,home,0.0,0.0,True,30.0
2024-11-25,Old Dominion Monarchs,52.0,away,0.0,0.0,False,-30.0
2024-11-25,USC Trojans,80.0,home,0.0,0.0,True,11.0
2024-11-25,Grambling Tigers,69.0,away,0.0,0.0,False,-11.0
2024-11-24,Bradley Braves,80.0,home,0.0,0.0,True,11.0
2024-11-24,Middle Tennessee Blue Raiders,69.0,away,0.0,0.0,False,-11.0
2024-11-25,Montana State Bobcats,79.0,home,0.0,0.0,True,20.0
2024-11-25,Southern Miss Golden Eagles,59.0,away,0.0,0.0,False,-20.0
2024-11-24,McNeese Cowboys,84.0,home,0.0,0.0,True,15.0
2024-11-24,Longwood Lancers,69.0,away,0.0,0.0,False,-15.0
2024-11-24,Seton Hall Pirates,63.0,home,0.0,0.0,True,2.0
2024-11-24,Florida Atlantic Owls,61.0,away,0.0,0.0,False,-2.0
2024-11-25,Kansas State Wildcats,65.0,home,0.0,0.0,False,-2.0
2024-11-25,Liberty Flames,67.0,away,0.0,0.0,True,2.0
2024-11-23,Houston Cougars,80.0,home,0.0,0.0,True,36.0
2024-11-23,Hofstra Pride,44.0,away,0.0,0.0,False,-36.0
2024-11-23,Hawai'i Rainbow Warriors,69.0,home,0.0,0.0,False,-18.0
2024-11-23,North Carolina Tar Heels,87.0,away,0.0,0.0,True,18.0
2024-11-22,Portland Pilots,73.0,home,0.0,0.0,False,-12.0
2024-11-22,Ohio Bobcats,85.0,away,0.0,0.0,True,12.0
2024-11-23,Arizona Wildcats,55.0,home,0.0,0.0,False,-14.0
2024-11-23,Duke Blue Devils,69.0,away,0.0,0.0,True,14.0
2024-11-23,Kentucky Wildcats,108.0,home,0.0,0.0,True,49.0
2024-11-23,Jackson State Tigers,59.0,away,0.0,0.0,False,-49.0
2024-11-23,Baylor Bears,62.0,home,0.0,0.0,False,-15.0
2024-11-23,Tennessee Volunteers,77.0,away,0.0,0.0,True,15.0
2024-11-22,Stetson Hatters,64.0,home,0.0,0.0,False,-7.0
2024-11-22,East Carolina Pirates,71.0,away,0.0,0.0,True,7.0
2024-11-23,Creighton Bluejays,63.0,home,0.0,0.0,False,-11.0
2024-11-23,Nebraska Cornhuskers,74.0,away,0.0,0.0,True,11.0
2024-11-22,South Florida Bulls,88.0,home,0.0,0.0,False,-7.0
2024-11-22,Middle Tennessee Blue Raiders,95.0,away,0.0,0.0,True,7.0
2024-11-22,UAB Blazers,81.0,home,0.0,0.0,False,-8.0
2024-11-22,Longwood Lancers,89.0,away,0.0,0.0,True,8.0
2024-11-23,St. John's Red Storm,80.0,home,0.0,0.0,True,25.0
2024-11-23,Virginia Cavaliers,55.0,away,0.0,0.0,False,-25.0
2024-11-22,Florida Atlantic Owls,63.0,home,0.0,0.0,False,-12.0
2024-11-22,Drake Bulldogs,75.0,away,0.0,0.0,True,12.0
2024-11-23,Florida Gators,93.0,home,0.0,0.0,True,25.0
2024-11-23,Southern Illinois Salukis,68.0,away,0.0,0.0,False,-25.0
2024-11-22,Florida Gulf Coast Eagles,74.0,home,0.0,0.0,True,20.0
2024-11-22,Cal State Bakersfield Roadrunners,54.0,away,0.0,0.0,False,-20.0
2024-11-22,UIC Flames,96.0,home,0.0,0.0,True,13.0
2024-11-22,La Salle Explorers,83.0,away,0.0,0.0,False,-13.0
2024-11-22,Fairleigh Dickinson Knights,107.0,home,0.0,0.0,True,49.0
2024-11-22,Vermont State - Randolph Knights,58.0,away,0.0,0.0,False,-49.0
2024-11-22,Florida International Panthers,58.0,home,0.0,0.0,False,-2.0
2024-11-22,Northeastern Huskies,60.0,away,0.0,0.0,True,2.0
2024-11-22,Wisconsin Badgers,86.0,home,0.0,0.0,True,16.0
2024-11-22,UCF Knights,70.0,away,0.0,0.0,False,-16.0
2024-11-22,UAlbany Great Danes,93.0,home,0.0,0.0,True,43.0
2024-11-22,Puerto Rico-Mayaguez Bulldogs,50.0,away,0.0,0.0,False,-43.0
2024-11-23,Arkansas Razorbacks,79.0,home,0.0,0.0,True,12.0
2024-11-23,Little Rock Trojans,67.0,away,0.0,0.0,False,-12.0
2024-11-22,Oklahoma State Cowboys,80.0,home,0.0,0.0,True,6.0
2024-11-22,Miami Hurricanes,74.0,away,0.0,0.0,False,-6.0
2024-11-22,McNeese Cowboys,76.0,home,0.0,0.0,True,8.0
2024-11-22,Illinois State Redbirds,68.0,away,0.0,0.0,False,-8.0
2024-11-22,American University Eagles,64.0,home,0.0,0.0,True,4.0
2024-11-22,Kansas City Roos,60.0,away,0.0,0.0,False,-4.0
2024-11-22,UC San Diego Tritons,73.0,home,0.0,0.0,True,6.0
2024-11-22,James Madison Dukes,67.0,away,0.0,0.0,False,-6.0
2024-11-22,Pittsburgh Panthers,74.0,home,0.0,0.0,True,11.0
2024-11-22,LSU Tigers,63.0,away,0.0,0.0,False,-11.0
2024-11-22,Coastal Carolina Chanticleers,71.0,home,0.0,0.0,True,14.0
2024-11-22,IU Indianapolis Jaguars,57.0,away,0.0,0.0,False,-14.0
2024-11-22,Utah Utes,84.0,home,0.0,0.0,True,31.0
2024-11-22,Utah Tech Trailblazers,53.0,away,0.0,0.0,False,-31.0
2024-11-22,Florida State Seminoles,78.0,home,0.0,0.0,True,9.0
2024-11-22,Temple Owls,69.0,away,0.0,0.0,False,-9.0
2024-11-22,Vanderbilt Commodores,76.0,home,0.0,0.0,True,16.0
2024-11-22,Seton Hall Pirates,60.0,away,0.0,0.0,False,-16.0
2024-11-22,Youngstown State Penguins,42.0,home,0.0,0.0,False,-25.0
2024-11-22,Presbyterian Blue Hose,67.0,away,0.0,0.0,True,25.0
2024-11-22,Wofford Terriers,81.0,home,0.0,0.0,True,8.0
2024-11-22,St. Thomas-Minnesota Tommies,73.0,away,0.0,0.0,False,-8.0
2024-11-22,Florida A&M Rattlers,110.0,home,0.0,0.0,True,42.0
2024-11-22,Trinity College of Jacksonville Eagles,68.0,away,0.0,0.0,False,-42.0
2024-11-22,Wright State Raiders,74.0,home,0.0,0.0,False,-3.0
2024-11-22,Bradley Braves,77.0,away,0.0,0.0,True,3.0
2024-11-22,Akron Zips,79.0,home,0.0,0.0,True,7.0
2024-11-22,Lamar Cardinals,72.0,away,0.0,0.0,False,-7.0
2024-11-22,Ohio State Buckeyes,104.0,home,0.0,0.0,True,44.0
2024-11-22,Campbell Fighting Camels,60.0,away,0.0,0.0,False,-44.0
2024-11-22,Stephen F. Austin Lumberjacks,72.0,home,0.0,0.0,True,5.0
2024-11-22,Monmouth Hawks,67.0,away,0.0,0.0,False,-5.0
2024-11-22,Jacksonville State Gamecocks,80.0,home,0.0,0.0,False,-2.0
2024-11-22,Toledo Rockets,82.0,away,0.0,0.0,True,2.0
2024-11-22,Liberty Flames,89.0,home,0.0,0.0,True,20.0
2024-11-22,Louisiana Ragin' Cajuns,69.0,away,0.0,0.0,False,-20.0
2024-11-23,Texas Tech Red Raiders,79.0,home,0.0,0.0,True,5.0
2024-11-23,Syracuse Orange,74.0,away,0.0,0.0,False,-5.0
2024-11-22,Le Moyne Dolphins,65.0,home,0.0,0.0,True,12.0
2024-11-22,UT Martin Skyhawks,53.0,away,0.0,0.0,False,-12.0
2024-11-23,East Tennessee State Buccaneers,87.0,home,0.0,0.0,True,11.0
2024-11-23,South Carolina Upstate Spartans,76.0,away,0.0,0.0,False,-11.0
2024-11-23,Georgia State Panthers,93.0,home,0.0,0.0,True,14.0
2024-11-23,North Carolina Central Eagles,79.0,away,0.0,0.0,False,-14.0
2024-11-23,NC State Wolfpack,84.0,home,0.0,0.0,True,23.0
2024-11-23,William & Mary Tribe,61.0,away,0.0,0.0,False,-23.0
2024-11-23,Davidson Wildcats,93.0,home,0.0,0.0,True,27.0
2024-11-23,VMI Keydets,66.0,away,0.0,0.0,False,-27.0
2024-11-23,Manhattan Jaspers,80.0,home,0.0,0.0,True,1.0
2024-11-23,Army Black Knights,79.0,away,0.0,0.0,False,-1.0
2024-11-23,Butler Bulldogs,78.0,home,0.0,0.0,True,39.0
2024-11-23,Merrimack Warriors,39.0,away,0.0,0.0,False,-39.0
2024-11-23,Harvard Crimson,78.0,home,0.0,0.0,True,11.0
2024-11-23,Colgate Raiders,67.0,away,0.0,0.0,False,-11.0
2024-11-23,Indiana State Sycamores,97.0,home,0.0,0.0,True,36.0
2024-11-23,Chicago State Cougars,61.0,away,0.0,0.0,False,-36.0
2024-11-23,Princeton Tigers,80.0,home,0.0,0.0,False,-3.0
2024-11-23,Texas State Bobcats,83.0,away,0.0,0.0,True,3.0
2024-11-23,Nevada Wolf Pack,64.0,home,0.0,0.0,True,3.0
2024-11-23,VCU Rams,61.0,away,0.0,0.0,False,-3.0
2024-11-23,Buffalo Bulls,82.0,home,0.0,0.0,True,9.0
2024-11-23,Morgan State Bears,73.0,away,0.0,0.0,False,-9.0
2024-11-23,Tulane Green Wave,87.0,home,0.0,0.0,False,-6.0
2024-11-23,New Orleans Privateers,93.0,away,0.0,0.0,True,6.0
2024-11-23,Fordham Rams,71.0,home,0.0,0.0,False,-2.0
2024-11-23,Drexel Dragons,73.0,away,0.0,0.0,True,2.0
2024-11-23,Louisville Cardinals,76.0,home,0.0,0.0,True,15.0
2024-11-23,Winthrop Eagles,61.0,away,0.0,0.0,False,-15.0
2024-11-23,Southeast Missouri State Redhawks,64.0,home,0.0,0.0,False,-8.0
2024-11-23,UNC Asheville Bulldogs,72.0,away,0.0,0.0,True,8.0
2024-11-23,Northwestern State Demons,63.0,home,0.0,0.0,False,-2.0
2024-11-23,UL Monroe Warhawks,65.0,away,0.0,0.0,True,2.0
2024-11-23,Missouri Tigers,91.0,home,0.0,0.0,True,35.0
2024-11-23,Pacific Tigers,56.0,away,0.0,0.0,False,-35.0
2024-11-23,Notre Dame Fighting Irish,77.0,home,0.0,0.0,False,-7.0
2024-11-23,Elon Phoenix,84.0,away,0.0,0.0,True,7.0
2024-11-23,Southern Indiana Screaming Eagles,92.0,home,0.0,0.0,True,9.0
2024-11-23,South Dakota Coyotes,83.0,away,0.0,0.0,False,-9.0
2024-11-23,Murray State Racers,75.0,home,0.0,0.0,False,-2.0
2024-11-23,Utah Valley Wolverines,77.0,away,0.0,0.0,True,2.0
2024-11-23,Alabama A&M Bulldogs,70.0,home,0.0,0.0,False,-12.0
2024-11-23,South Carolina State Bulldogs,82.0,away,0.0,0.0,True,12.0
2024-11-23,Arkansas State Red Wolves,103.0,home,0.0,0.0,True,43.0
2024-11-23,Lane College Dragons,60.0,away,0.0,0.0,False,-43.0
2024-11-23,Northwestern Wildcats,68.0,home,0.0,0.0,True,18.0
2024-11-23,Pepperdine Waves,50.0,away,0.0,0.0,False,-18.0
2024-11-23,Northern Arizona Lumberjacks,75.0,home,0.0,0.0,True,1.0
2024-11-23,Incarnate Word Cardinals,74.0,away,0.0,0.0,False,-1.0
2024-11-23,Kansas State Wildcats,83.0,home,0.0,0.0,True,12.0
2024-11-23,George Washington Revolutionaries,71.0,away,0.0,0.0,False,-12.0
2024-11-23,Evansville Purple Aces,98.0,home,0.0,0.0,True,17.0
2024-11-23,Green Bay Phoenix,81.0,away,0.0,0.0,False,-17.0
2024-11-23,Grand Canyon Lopes,91.0,home,0.0,0.0,True,18.0
2024-11-23,Norfolk State Spartans,73.0,away,0.0,0.0,False,-18.0
2024-11-23,Milwaukee Panthers,91.0,home,0.0,0.0,True,17.0
2024-11-23,Portland State Vikings,74.0,away,0.0,0.0,False,-17.0
2024-11-23,Houston Christian Huskies,58.0,home,0.0,0.0,False,-3.0
2024-11-23,Rice Owls,61.0,away,0.0,0.0,True,3.0
2024-11-23,Alabama State Hornets,85.0,home,0.0,0.0,True,18.0
2024-11-23,Omaha Mavericks,67.0,away,0.0,0.0,False,-18.0
2024-11-23,Iowa Hawkeyes,69.0,home,0.0,0.0,False,-8.0
2024-11-23,Utah State Aggies,77.0,away,0.0,0.0,True,8.0
2024-11-23,Weber State Wildcats,87.0,home,0.0,0.0,False,-6.0
2024-11-23,UC Irvine Anteaters,93.0,away,0.0,0.0,True,6.0
2024-11-23,Saint Joseph's Hawks,58.0,home,0.0,0.0,False,-9.0
2024-11-23,Texas Longhorns,67.0,away,0.0,0.0,True,9.0
2024-11-23,SMU Mustangs,79.0,home,0.0,0.0,False,-5.0
2024-11-23,Mississippi State Bulldogs,84.0,away,0.0,0.0,True,5.0
2024-11-23,Wyoming Cowboys,64.0,home,0.0,0.0,True,3.0
2024-11-23,SE Louisiana Lions,61.0,away,0.0,0.0,False,-3.0
2024-11-23,Colorado State Rams,75.0,home,0.0,0.0,False,-2.0
2024-11-23,UC Riverside Highlanders,77.0,away,0.0,0.0,True,2.0
2024-11-23,Loyola Marymount Lions,73.0,home,0.0,0.0,False,-4.0
2024-11-23,North Dakota Fighting Hawks,77.0,away,0.0,0.0,True,4.0
2024-11-23,Seattle U Redhawks,80.0,home,0.0,0.0,True,28.0
2024-11-23,Northwest University Eagles,52.0,away,0.0,0.0,False,-28.0
2024-11-23,San Diego Toreros,67.0,home,0.0,0.0,False,-5.0
2024-11-23,Southern Utah Thunderbirds,72.0,away,0.0,0.0,True,5.0
2024-11-23,Washington Huskies,77.0,home,0.0,0.0,True,17.0
2024-11-23,Alcorn State Braves,60.0,away,0.0,0.0,False,-17.0
2024-11-23,UCLA Bruins,80.0,home,0.0,0.0,True,33.0
2024-11-23,Cal State Fullerton Titans,47.0,away,0.0,0.0,False,-33.0
2024-11-23,Saint Louis Billikens,63.0,home,0.0,0.0,False,-25.0
2024-11-23,Wichita State Shockers,88.0,away,0.0,0.0,True,25.0
2024-11-28,Purdue Boilermakers,71.0,home,0.0,0.0,True,10.0
2024-11-28,NC State Wolfpack,61.0,away,0.0,0.0,False,-10.0
2024-11-28,Wake Forest Demon Deacons,58.0,home,0.0,0.0,False,-17.0
2024-11-28,Florida Gators,75.0,away,0.0,0.0,True,17.0
2024-11-28,Arkansas Razorbacks,77.0,home,0.0,0.0,False,-13.0
2024-11-28,Illinois Fighting Illini,90.0,away,0.0,0.0,True,13.0
2024-11-28,Rhode Island Rams,83.0,home,0.0,0.0,True,5.0
2024-11-28,UT Arlington Mavericks,78.0,away,0.0,0.0,False,-5.0
2024-11-29,UNLV Rebels,58.0,home,0.0,0.0,False,-22.0
2024-11-29,Mississippi State Bulldogs,80.0,away,0.0,0.0,True,22.0
2024-11-28,TCU Horned Frogs,52.0,home,0.0,0.0,False,-17.0
2024-11-28,Santa Clara Broncos,69.0,away,0.0,0.0,True,17.0
2024-11-29,Providence Friars,58.0,home,0.0,0.0,False,-11.0
2024-11-29,Davidson Wildcats,69.0,away,0.0,0.0,True,11.0
2024-11-28,North Dakota State Bison,83.0,home,0.0,0.0,True,20.0
2024-11-28,Utah Valley Wolverines,63.0,away,0.0,0.0,False,-20.0
2024-11-28,Louisville Cardinals,79.0,home,0.0,0.0,True,9.0
2024-11-28,West Virginia Mountaineers,70.0,away,0.0,0.0,False,-9.0
2024-11-28,Ole Miss Rebels,96.0,home,0.0,0.0,True,11.0
2024-11-28,BYU Cougars,85.0,away,0.0,0.0,False,-11.0
2024-11-28,Indiana Hoosiers,73.0,home,0.0,0.0,False,-16.0
2024-11-28,Gonzaga Bulldogs,89.0,away,0.0,0.0,True,16.0
2024-11-29,Towson Tigers,54.0,home,0.0,0.0,False,-11.0
2024-11-29,Kent State Golden Flashes,65.0,away,0.0,0.0,True,11.0
2024-11-28,Oklahoma Sooners,82.0,home,0.0,0.0,True,5.0
2024-11-28,Arizona Wildcats,77.0,away,0.0,0.0,False,-5.0
2024-11-28,Colorado State Rams,67.0,home,0.0,0.0,False,-6.0
2024-11-28,Washington Huskies,73.0,away,0.0,0.0,True,6.0
2024-11-29,North Texas Mean Green,68.0,home,0.0,0.0,True,20.0
2024-11-29,Northern Iowa Panthers,48.0,away,0.0,0.0,False,-20.0
2024-11-29,Butler Bulldogs,71.0,home,0.0,0.0,True,2.0
2024-11-29,Northwestern Wildcats,69.0,away,0.0,0.0,False,-2.0
2024-11-28,St. Bonaventure Bonnies,67.0,home,0.0,0.0,False,-5.0
2024-11-28,Utah State Aggies,72.0,away,0.0,0.0,True,5.0
2024-11-29,UC Irvine Anteaters,76.0,home,0.0,0.0,True,17.0
2024-11-29,Kennesaw State Owls,59.0,away,0.0,0.0,False,-17.0
2024-11-29,USC Trojans,36.0,home,0.0,0.0,False,-35.0
2024-11-29,Saint Mary's Gaels,71.0,away,0.0,0.0,True,35.0
2024-11-28,Wichita State Shockers,68.0,home,0.0,0.0,True,2.0
2024-11-28,Minnesota Golden Gophers,66.0,away,0.0,0.0,False,-2.0
2024-11-29,New Mexico Lobos,82.0,home,0.0,0.0,False,-3.0
2024-11-29,Arizona State Sun Devils,85.0,away,0.0,0.0,True,3.0
2024-11-25,Ball State Cardinals,63.0,home,0.0,0.0,True,2.0
2024-11-25,Eastern Kentucky Colonels,61.0,away,0.0,0.0,False,-2.0
2024-11-25,Cal State Northridge Matadors,89.0,home,0.0,0.0,True,29.0
2024-11-25,Denver Pioneers,60.0,away,0.0,0.0,False,-29.0
2024-11-25,George Washington Revolutionaries,72.0,home,0.0,0.0,True,8.0
2024-11-25,Illinois State Redbirds,64.0,away,0.0,0.0,False,-8.0
2024-11-25,Louisiana Ragin' Cajuns,86.0,home,0.0,0.0,False,-12.0
2024-11-25,UAB Blazers,98.0,away,0.0,0.0,True,12.0
2024-11-25,UConn Huskies,97.0,home,0.0,0.0,False,-2.0
2024-11-25,Memphis Tigers,99.0,away,0.0,0.0,True,2.0
2024-11-25,Fordham Rams,66.0,home,0.0,0.0,False,-19.0
2024-11-25,Penn State Nittany Lions,85.0,away,0.0,0.0,True,19.0
2024-11-25,Jacksonville Dolphins,89.0,home,0.0,0.0,False,-1.0
2024-11-25,Mercer Bears,90.0,away,0.0,0.0,True,1.0
2024-11-26,North Carolina Tar Heels,92.0,home,0.0,0.0,True,2.0
2024-11-26,Dayton Flyers,90.0,away,0.0,0.0,False,-2.0
2024-11-26,Arkansas Razorbacks,109.0,home,0.0,0.0,True,74.0
2024-11-26,Maryland Eastern Shore Hawks,35.0,away,0.0,0.0,False,-74.0
2024-11-25,UMBC Retrievers,95.0,home,0.0,0.0,True,18.0
2024-11-25,Howard Bison,77.0,away,0.0,0.0,False,-18.0
2024-11-25,Chicago State Cougars,48.0,home,0.0,0.0,False,-15.0
2024-11-25,Radford Highlanders,63.0,away,0.0,0.0,True,15.0
2024-11-25,Miami (OH) RedHawks,70.0,home,0.0,0.0,True,12.0
2024-11-25,Siena Saints,58.0,away,0.0,0.0,False,-12.0
2024-11-25,Southern Jaguars,121.0,home,0.0,0.0,True,63.0
2024-11-25,Champion Christian Tigers,58.0,away,0.0,0.0,False,-63.0
2024-11-26,South Carolina Gamecocks,66.0,home,0.0,0.0,False,-9.0
2024-11-26,Xavier Musketeers,75.0,away,0.0,0.0,True,9.0
2024-11-26,Iowa State Cyclones,81.0,home,0.0,0.0,False,-2.0
2024-11-26,Auburn Tigers,83.0,away,0.0,0.0,True,2.0
2024-11-25,Duquesne Dukes,59.0,home,0.0,0.0,False,-5.0
2024-11-25,Hampton Pirates,64.0,away,0.0,0.0,True,5.0
2024-11-25,Alabama A&M Bulldogs,83.0,home,0.0,0.0,False,-5.0
2024-11-25,IU Indianapolis Jaguars,88.0,away,0.0,0.0,True,5.0
2024-11-25,Purdue Fort Wayne Mastodons,87.0,home,0.0,0.0,True,6.0
2024-11-25,Drexel Dragons,81.0,away,0.0,0.0,False,-6.0
2024-11-25,South Dakota State Jackrabbits,82.0,home,0.0,0.0,False,-1.0
2024-11-25,Boise State Broncos,83.0,away,0.0,0.0,True,1.0
2024-11-25,Louisiana Tech Bulldogs,85.0,home,0.0,0.0,True,6.0
2024-11-25,Southern Illinois Salukis,79.0,away,0.0,0.0,False,-6.0
2024-11-25,Michigan State Spartans,72.0,home,0.0,0.0,True,16.0
2024-11-25,Colorado Buffaloes,56.0,away,0.0,0.0,False,-16.0
2024-11-25,UMass Lowell River Hawks,81.0,home,0.0,0.0,True,7.0
2024-11-25,Merrimack Warriors,74.0,away,0.0,0.0,False,-7.0
2024-11-25,Virginia Tech Hokies,63.0,home,0.0,0.0,False,-12.0
2024-11-25,Michigan Wolverines,75.0,away,0.0,0.0,True,12.0
2024-11-25,Winthrop Eagles,87.0,home,0.0,0.0,True,22.0
2024-11-25,Long Island University Sharks,65.0,away,0.0,0.0,False,-22.0
2024-11-25,Kansas State Wildcats,80.0,home,0.0,0.0,True,16.0
2024-11-25,Longwood Lancers,64.0,away,0.0,0.0,False,-16.0
2024-11-25,Old Dominion Monarchs,67.0,home,0.0,0.0,False,-6.0
2024-11-25,High Point Panthers,73.0,away,0.0,0.0,True,6.0
2024-11-26,Buffalo Bulls,82.0,home,0.0,0.0,True,1.0
2024-11-26,North Carolina A&T Aggies,81.0,away,0.0,0.0,False,-1.0
2024-11-26,Stonehill Skyhawks,67.0,home,0.0,0.0,True,2.0
2024-11-26,East Texas A&M Lions,65.0,away,0.0,0.0,False,-2.0
2024-11-25,Richmond Spiders,67.0,home,0.0,0.0,True,10.0
2024-11-25,Florida Tech Panthers,57.0,away,0.0,0.0,False,-10.0
2024-11-26,UT Rio Grande Valley Vaqueros,97.0,home,0.0,0.0,True,20.0
2024-11-26,Le Moyne Dolphins,77.0,away,0.0,0.0,False,-20.0
2024-11-26,Chattanooga Mocs,85.0,home,0.0,0.0,True,7.0
2024-11-26,Tennessee State Tigers,78.0,away,0.0,0.0,False,-7.0
2024-11-25,San Francisco Dons,55.0,home,0.0,0.0,False,-15.0
2024-11-25,Clemson Tigers,70.0,away,0.0,0.0,True,15.0
2024-11-26,Ohio State Buckeyes,102.0,home,0.0,0.0,True,33.0
2024-11-26,Green Bay Phoenix,69.0,away,0.0,0.0,False,-33.0
2024-11-26,Navy Midshipmen,94.0,home,0.0,0.0,True,51.0
2024-11-26,Washington College (MD) Shoremen,43.0,away,0.0,0.0,False,-51.0
2024-11-26,North Carolina Central Eagles,91.0,home,0.0,0.0,True,55.0
2024-11-26,Carolina University Bruins,36.0,away,0.0,0.0,False,-55.0
2024-11-26,Columbia Lions,83.0,home,0.0,0.0,True,26.0
2024-11-26,New Hampshire Wildcats,57.0,away,0.0,0.0,False,-26.0
2024-11-26,Iona Gaels,68.0,home,0.0,0.0,False,-16.0
2024-11-26,Cornell Big Red,84.0,away,0.0,0.0,True,16.0
2024-11-26,Boston College Eagles,76.0,home,0.0,0.0,True,2.0
2024-11-26,Missouri State Bears,74.0,away,0.0,0.0,False,-2.0
2024-11-26,Nicholls Colonels,79.0,home,0.0,0.0,True,44.0
2024-11-26,Mississippi College Choctaws,35.0,away,0.0,0.0,False,-44.0
2024-11-26,Montana Grizzlies,69.0,home,0.0,0.0,True,3.0
2024-11-26,Utah Tech Trailblazers,66.0,away,0.0,0.0,False,-3.0
2024-11-26,North Texas Mean Green,58.0,home,0.0,0.0,True,3.0
2024-11-26,Oregon State Beavers,55.0,away,0.0,0.0,False,-3.0
2024-11-26,South Dakota Coyotes,112.0,home,0.0,0.0,True,62.0
2024-11-26,Randall University Saints,50.0,away,0.0,0.0,False,-62.0
2024-11-26,South Alabama Jaguars,84.0,home,0.0,0.0,True,21.0
2024-11-26,Incarnate Word Cardinals,63.0,away,0.0,0.0,False,-21.0
2024-11-26,Southern Indiana Screaming Eagles,87.0,home,0.0,0.0,True,10.0
2024-11-26,Indiana State Sycamores,77.0,away,0.0,0.0,False,-10.0
2024-11-26,Minnesota Golden Gophers,68.0,home,0.0,0.0,True,3.0
2024-11-26,Central Michigan Chippewas,65.0,away,0.0,0.0,False,-3.0
2024-11-26,Saint Louis Billikens,81.0,home,0.0,0.0,True,14.0
2024-11-26,Quinnipiac Bobcats,67.0,away,0.0,0.0,False,-14.0
2024-11-26,Troy Trojans,86.0,home,0.0,0.0,True,14.0
2024-11-26,UTSA Roadrunners,72.0,away,0.0,0.0,False,-14.0
2024-11-26,San José State Spartans,71.0,home,0.0,0.0,True,6.0
2024-11-26,UTEP Miners,65.0,away,0.0,0.0,False,-6.0
2024-11-26,Houston Christian Huskies,73.0,home,0.0,0.0,False,-1.0
2024-11-26,Eastern Michigan Eagles,74.0,away,0.0,0.0,True,1.0
2024-11-26,Liberty Flames,62.0,home,0.0,0.0,True,4.0
2024-11-26,McNeese Cowboys,58.0,away,0.0,0.0,False,-4.0
2024-11-26,Oral Roberts Golden Eagles,68.0,home,0.0,0.0,False,-1.0
2024-11-26,Rogers State Hillcats,69.0,away,0.0,0.0,True,1.0
2024-11-26,Weber State Wildcats,93.0,home,0.0,0.0,True,48.0
2024-11-26,Justice College Lions,45.0,away,0.0,0.0,False,-48.0
2024-11-26,Illinois Fighting Illini,92.0,home,0.0,0.0,True,58.0
2024-11-26,Little Rock Trojans,34.0,away,0.0,0.0,False,-58.0
2024-11-26,UC Davis Aggies,55.0,home,0.0,0.0,False,-21.0
2024-11-26,Norfolk State Spartans,76.0,away,0.0,0.0,True,21.0
2024-11-26,Southern Miss Golden Eagles,74.0,home,0.0,0.0,False,-8.0
2024-11-26,Abilene Christian Wildcats,82.0,away,0.0,0.0,True,8.0
2024-11-26,Long Beach State Beach,48.0,home,0.0,0.0,False,-23.0
2024-11-26,UNC Greensboro Spartans,71.0,away,0.0,0.0,True,23.0
2024-11-26,Idaho State Bengals,97.0,home,0.0,0.0,True,51.0
2024-11-26,Embry-Riddle (AZ) Eagles,46.0,away,0.0,0.0,False,-51.0
2024-12-03,UL Monroe Warhawks,70.0,home,0.0,0.0,False,-14.0
2024-12-03,UT Arlington Mavericks,84.0,away,0.0,0.0,True,14.0
2024-12-03,Rhode Island Rams,84.0,home,0.0,0.0,True,6.0
2024-12-03,Yale Bulldogs,78.0,away,0.0,0.0,False,-6.0
2024-12-03,Old Dominion Monarchs,88.0,home,0.0,0.0,True,5.0
2024-12-03,William & Mary Tribe,83.0,away,0.0,0.0,False,-5.0
2024-12-03,Tulane Green Wave,67.0,home,0.0,0.0,False,-4.0
2024-12-03,SE Louisiana Lions,71.0,away,0.0,0.0,True,4.0
2024-12-03,Miami (OH) RedHawks,73.0,home,0.0,0.0,True,13.0
2024-12-03,Air Force Falcons,60.0,away,0.0,0.0,False,-13.0
2024-12-03,Drexel Dragons,73.0,home,0.0,0.0,False,-5.0
2024-12-03,Bryant Bulldogs,78.0,away,0.0,0.0,True,5.0
2024-12-02,Georgetown Hoyas,86.0,home,0.0,0.0,True,24.0
2024-12-02,UMBC Retrievers,62.0,away,0.0,0.0,False,-24.0
2024-12-03,Nevada Wolf Pack,57.0,home,0.0,0.0,False,-11.0
2024-12-03,Washington State Cougars,68.0,away,0.0,0.0,True,11.0
2024-12-03,Southern Indiana Screaming Eagles,104.0,home,0.0,0.0,True,58.0
2024-12-03,East-West University Phantoms,46.0,away,0.0,0.0,False,-58.0
2024-12-03,South Dakota State Jackrabbits,78.0,home,0.0,0.0,True,16.0
2024-12-03,Dakota Wesleyan Tigers,62.0,away,0.0,0.0,False,-16.0
2024-12-03,St. Thomas-Minnesota Tommies,98.0,home,0.0,0.0,True,22.0
2024-12-03,Chicago State Cougars,76.0,away,0.0,0.0,False,-22.0
2024-12-03,Mississippi Valley State Delta Devils,91.0,home,0.0,0.0,True,20.0
2024-12-03,Oakwood Ambassadors,71.0,away,0.0,0.0,False,-20.0
2024-12-03,Coppin State Eagles,57.0,home,0.0,0.0,False,-11.0
2024-12-03,Loyola Maryland Greyhounds,68.0,away,0.0,0.0,True,11.0
2024-12-03,Jacksonville State Gamecocks,89.0,home,0.0,0.0,True,30.0
2024-12-03,Columbia International Rams,59.0,away,0.0,0.0,False,-30.0
2024-12-03,Colorado Buffaloes,75.0,home,0.0,0.0,True,9.0
2024-12-03,Pacific Tigers,66.0,away,0.0,0.0,False,-9.0
2024-12-03,Saint Louis Billikens,74.0,home,0.0,0.0,True,8.0
2024-12-03,Jackson State Tigers,66.0,away,0.0,0.0,False,-8.0
2024-11-26,Colorado Buffaloes,73.0,home,0.0,0.0,True,1.0
2024-11-26,UConn Huskies,72.0,away,0.0,0.0,False,-1.0
2024-11-27,North Carolina Tar Heels,72.0,home,0.0,0.0,False,-13.0
2024-11-27,Auburn Tigers,85.0,away,0.0,0.0,True,13.0
2024-11-26,Richmond Spiders,62.0,home,0.0,0.0,False,-3.0
2024-11-26,Louisiana Tech Bulldogs,65.0,away,0.0,0.0,True,3.0
2024-11-26,Kentucky Wildcats,87.0,home,0.0,0.0,True,19.0
2024-11-26,Western Kentucky Hilltoppers,68.0,away,0.0,0.0,False,-19.0
2024-11-26,Detroit Mercy Titans,44.0,home,0.0,0.0,False,-19.0
2024-11-26,Tulsa Golden Hurricane,63.0,away,0.0,0.0,True,19.0
2024-11-27,Duke Blue Devils,72.0,home,0.0,0.0,False,-3.0
2024-11-27,Kansas Jayhawks,75.0,away,0.0,0.0,True,3.0
2024-11-26,Siena Saints,64.0,home,0.0,0.0,False,-11.0
2024-11-26,Jacksonville Dolphins,75.0,away,0.0,0.0,True,11.0
2024-11-27,Dayton Flyers,84.0,home,0.0,0.0,False,-5.0
2024-11-27,Iowa State Cyclones,89.0,away,0.0,0.0,True,5.0
2024-11-26,Bethune-Cookman Wildcats,79.0,home,0.0,0.0,True,12.0
2024-11-26,North Dakota Fighting Hawks,67.0,away,0.0,0.0,False,-12.0
2024-11-26,Chicago State Cougars,71.0,home,0.0,0.0,False,-12.0
2024-11-26,Drexel Dragons,83.0,away,0.0,0.0,True,12.0
2024-11-26,Austin Peay Governors,62.0,home,0.0,0.0,True,12.0
2024-11-26,Georgia State Panthers,50.0,away,0.0,0.0,False,-12.0
2024-11-26,Southern Illinois Salukis,72.0,home,0.0,0.0,False,-5.0
2024-11-26,Eastern Kentucky Colonels,77.0,away,0.0,0.0,True,5.0
2024-11-27,Houston Cougars,80.0,home,0.0,0.0,False,-5.0
2024-11-27,Alabama Crimson Tide,85.0,away,0.0,0.0,True,5.0
2024-11-26,Fordham Rams,64.0,home,0.0,0.0,False,-21.0
2024-11-26,San Francisco Dons,85.0,away,0.0,0.0,True,21.0
2024-11-26,Gardner-Webb Runnin' Bulldogs,73.0,home,0.0,0.0,True,4.0
2024-11-26,SE Louisiana Lions,69.0,away,0.0,0.0,False,-4.0
2024-11-26,Old Dominion Monarchs,54.0,home,0.0,0.0,False,-13.0
2024-11-26,Duquesne Dukes,67.0,away,0.0,0.0,True,13.0
2024-11-26,San Diego State Aztecs,71.0,home,0.0,0.0,True,18.0
2024-11-26,Creighton Bluejays,53.0,away,0.0,0.0,False,-18.0
2024-11-26,High Point Panthers,76.0,home,0.0,0.0,True,3.0
2024-11-26,Hampton Pirates,73.0,away,0.0,0.0,False,-3.0
2024-11-26,Oregon Ducks,80.0,home,0.0,0.0,True,10.0
2024-11-26,Texas A&M Aggies,70.0,away,0.0,0.0,False,-10.0
2024-11-26,Mercer Bears,72.0,home,0.0,0.0,False,-3.0
2024-11-26,Miami (OH) RedHawks,75.0,away,0.0,0.0,True,3.0
2024-11-26,Utah Valley Wolverines,77.0,home,0.0,0.0,True,3.0
2024-11-26,West Georgia Wolves,74.0,away,0.0,0.0,False,-3.0
2024-11-26,Penn State Nittany Lions,67.0,home,0.0,0.0,False,-8.0
2024-11-26,Clemson Tigers,75.0,away,0.0,0.0,True,8.0
2024-11-26,Tennessee State Tigers,85.0,home,0.0,0.0,False,-12.0
2024-11-26,Bryant Bulldogs,97.0,away,0.0,0.0,True,12.0
2024-11-26,Michigan State Spartans,63.0,home,0.0,0.0,False,-8.0
2024-11-26,Memphis Tigers,71.0,away,0.0,0.0,True,8.0
2024-11-26,Florida Tech Panthers,57.0,home,0.0,0.0,False,-37.0
2024-11-26,Ball State Cardinals,94.0,away,0.0,0.0,True,37.0
2024-11-26,Missouri State Bears,55.0,home,0.0,0.0,False,-20.0
2024-11-26,South Dakota State Jackrabbits,75.0,away,0.0,0.0,True,20.0
2024-11-26,Tulane Green Wave,63.0,home,0.0,0.0,False,-1.0
2024-11-26,Wyoming Cowboys,64.0,away,0.0,0.0,True,1.0
2024-11-26,Purdue Fort Wayne Mastodons,56.0,home,0.0,0.0,False,-13.0
2024-11-26,Radford Highlanders,69.0,away,0.0,0.0,True,13.0
2024-11-26,Utah Tech Trailblazers,68.0,home,0.0,0.0,True,14.0
2024-11-26,Denver Pioneers,54.0,away,0.0,0.0,False,-14.0
2024-11-26,Bellarmine Knights,101.0,home,0.0,0.0,True,41.0
2024-11-26,Midway University Eagles,60.0,away,0.0,0.0,False,-41.0
2024-11-27,Grand Canyon Lopes,78.0,home,0.0,0.0,True,7.0
2024-11-27,Stanford Cardinal,71.0,away,0.0,0.0,False,-7.0
2024-11-27,Army Black Knights,91.0,home,0.0,0.0,True,39.0
2024-11-27,SUNY-Maritime Privateers,52.0,away,0.0,0.0,False,-39.0
2024-11-27,The Citadel Bulldogs,100.0,home,0.0,0.0,True,15.0
2024-11-27,St. Andrews Knights,85.0,away,0.0,0.0,False,-15.0
2024-11-26,Murray State Racers,79.0,home,0.0,0.0,True,13.0
2024-11-26,UT Arlington Mavericks,66.0,away,0.0,0.0,False,-13.0
2024-11-27,Saint Francis Red Flash,88.0,home,0.0,0.0,True,10.0
2024-11-27,Lehigh Mountain Hawks,78.0,away,0.0,0.0,False,-10.0
2024-11-27,Fairleigh Dickinson Knights,76.0,home,0.0,0.0,False,-2.0
2024-11-27,Saint Peter's Peacocks,78.0,away,0.0,0.0,True,2.0
2024-11-27,Loyola Maryland Greyhounds,70.0,home,0.0,0.0,True,3.0
2024-11-27,VMI Keydets,67.0,away,0.0,0.0,False,-3.0
2024-11-27,Florida State Seminoles,91.0,home,0.0,0.0,True,34.0
2024-11-27,Western Carolina Catamounts,57.0,away,0.0,0.0,False,-34.0
2024-11-27,Delaware State Hornets,111.0,home,0.0,0.0,True,68.0
2024-11-27,Penn State - Wilkes-Barre Mountain Lions,43.0,away,0.0,0.0,False,-68.0
2024-11-26,Cleveland State Vikings,56.0,home,0.0,0.0,True,3.0
2024-11-26,NJIT Highlanders,53.0,away,0.0,0.0,False,-3.0
2024-11-27,Virginia Cavaliers,74.0,home,0.0,0.0,True,9.0
2024-11-27,Manhattan Jaspers,65.0,away,0.0,0.0,False,-9.0
2024-11-27,Boston College Eagles,63.0,home,0.0,0.0,True,2.0
2024-11-27,Boise State Broncos,61.0,away,0.0,0.0,False,-2.0
2024-11-27,Samford Bulldogs,103.0,home,0.0,0.0,True,5.0
2024-11-27,North Dakota State Bison,98.0,away,0.0,0.0,False,-5.0
2024-11-27,Texas A&M-Corpus Christi Islanders,94.0,home,0.0,0.0,True,49.0
2024-11-27,Texas Lutheran Bulldogs,45.0,away,0.0,0.0,False,-49.0
2024-11-27,South Alabama Jaguars,63.0,home,0.0,0.0,False,-1.0
2024-11-27,Western Illinois Leathernecks,64.0,away,0.0,0.0,True,1.0
2024-11-27,Saint Joseph's Hawks,83.0,home,0.0,0.0,True,29.0
2024-11-27,Coppin State Eagles,54.0,away,0.0,0.0,False,-29.0
2024-11-27,Georgetown Hoyas,66.0,home,0.0,0.0,True,25.0
2024-11-27,Wagner Seahawks,41.0,away,0.0,0.0,False,-25.0
2024-11-27,UTEP Miners,70.0,home,0.0,0.0,True,26.0
2024-11-27,Long Beach State Beach,44.0,away,0.0,0.0,False,-26.0
2024-11-27,Northern Colorado Bears,92.0,home,0.0,0.0,True,42.0
2024-11-27,Northern New Mexico Eagles,50.0,away,0.0,0.0,False,-42.0
2024-11-27,Montana State Bobcats,85.0,home,0.0,0.0,True,26.0
2024-11-27,Abilene Christian Wildcats,59.0,away,0.0,0.0,False,-26.0
2024-11-27,Iowa Hawkeyes,110.0,home,0.0,0.0,True,33.0
2024-11-27,South Carolina Upstate Spartans,77.0,away,0.0,0.0,False,-33.0
2024-11-27,Rutgers Scarlet Knights,85.0,home,0.0,0.0,True,1.0
2024-11-27,Notre Dame Fighting Irish,84.0,away,0.0,0.0,False,-1.0
2024-11-27,UCLA Bruins,88.0,home,0.0,0.0,True,45.0
2024-11-27,Southern Utah Thunderbirds,43.0,away,0.0,0.0,False,-45.0
2024-11-27,Pepperdine Waves,63.0,home,0.0,0.0,False,-9.0
2024-11-27,Cal State Fullerton Titans,72.0,away,0.0,0.0,True,9.0
2024-11-27,Belmont Bruins,63.0,home,0.0,0.0,False,-14.0
2024-11-27,Loyola Marymount Lions,77.0,away,0.0,0.0,True,14.0
2024-11-27,Northern Arizona Lumberjacks,68.0,home,0.0,0.0,False,-4.0
2024-11-27,Eastern Michigan Eagles,72.0,away,0.0,0.0,True,4.0
2024-11-27,SMU Mustangs,79.0,home,0.0,0.0,True,2.0
2024-11-27,California Baptist Lancers,77.0,away,0.0,0.0,False,-2.0
2024-11-27,Utah Utes,94.0,home,0.0,0.0,True,46.0
2024-11-27,Mississippi Valley State Delta Devils,48.0,away,0.0,0.0,False,-46.0
2024-11-27,UC Santa Barbara Gauchos,67.0,home,0.0,0.0,True,16.0
2024-11-27,Eastern Washington Eagles,51.0,away,0.0,0.0,False,-16.0
2024-11-27,Cal Poly Mustangs,82.0,home,0.0,0.0,True,3.0
2024-11-27,Grambling Tigers,79.0,away,0.0,0.0,False,-3.0
2024-11-27,San José State Spartans,69.0,home,0.0,0.0,True,5.0
2024-11-27,UNC Greensboro Spartans,64.0,away,0.0,0.0,False,-5.0
2024-11-27,Seattle U Redhawks,56.0,home,0.0,0.0,False,-5.0
2024-11-27,Furman Paladins,61.0,away,0.0,0.0,True,5.0
2024-11-27,Washington State Cougars,84.0,home,0.0,0.0,True,11.0
2024-11-27,Fresno State Bulldogs,73.0,away,0.0,0.0,False,-11.0
2024-11-27,Hawai'i Rainbow Warriors,67.0,home,0.0,0.0,True,4.0
2024-11-27,Hawai'i Pacific Sea Warriors,63.0,away,0.0,0.0,False,-4.0
2024-12-01,Morgan State Bears,123.0,home,0.0,0.0,True,53.0
2024-12-01,Central Penn Knights,70.0,away,0.0,0.0,False,-53.0
2024-12-01,Pennsylvania Quakers,53.0,home,0.0,0.0,False,-15.0
2024-12-01,Elon Phoenix,68.0,away,0.0,0.0,True,15.0
2024-12-01,Massachusetts Minutemen,80.0,home,0.0,0.0,True,12.0
2024-12-01,NJIT Highlanders,68.0,away,0.0,0.0,False,-12.0
2024-12-01,Saint Francis Red Flash,70.0,home,0.0,0.0,False,-9.0
2024-12-01,Radford Highlanders,79.0,away,0.0,0.0,True,9.0
2024-12-01,Lafayette Leopards,81.0,home,0.0,0.0,False,-1.0
2024-12-01,Binghamton Bearcats,82.0,away,0.0,0.0,True,1.0
2024-12-01,Fairfield Stags,78.0,home,0.0,0.0,True,4.0
2024-12-01,Fairleigh Dickinson Knights,74.0,away,0.0,0.0,False,-4.0
2024-12-01,Fordham Rams,83.0,home,0.0,0.0,True,22.0
2024-12-01,New Hampshire Wildcats,61.0,away,0.0,0.0,False,-22.0
2024-12-01,Central Michigan Chippewas,115.0,home,0.0,0.0,True,46.0
2024-12-01,Purdue Northwest Pride,69.0,away,0.0,0.0,False,-46.0
2024-12-01,Iona Gaels,66.0,home,0.0,0.0,False,-4.0
2024-12-01,Rice Owls,70.0,away,0.0,0.0,True,4.0
2024-12-01,Troy Trojans,84.0,home,0.0,0.0,True,10.0
2024-12-01,Eastern Kentucky Colonels,74.0,away,0.0,0.0,False,-10.0
2024-12-01,Xavier Musketeers,71.0,home,0.0,0.0,True,3.0
2024-12-01,South Carolina State Bulldogs,68.0,away,0.0,0.0,False,-3.0
2024-12-01,Tennessee State Tigers,74.0,home,0.0,0.0,False,-18.0
2024-12-01,UNC Asheville Bulldogs,92.0,away,0.0,0.0,True,18.0
2024-12-01,Stony Brook Seawolves,66.0,home,0.0,0.0,False,-11.0
2024-12-01,Norfolk State Spartans,77.0,away,0.0,0.0,True,11.0
2024-12-01,Maryland Terrapins,96.0,home,0.0,0.0,True,38.0
2024-12-01,Alcorn State Braves,58.0,away,0.0,0.0,False,-38.0
2024-12-01,Penn State Nittany Lions,87.0,home,0.0,0.0,True,23.0
2024-12-01,Buffalo Bulls,64.0,away,0.0,0.0,False,-23.0
2024-12-01,Kansas State Wildcats,120.0,home,0.0,0.0,True,47.0
2024-12-01,Arkansas-Pine Bluff Golden Lions,73.0,away,0.0,0.0,False,-47.0
2024-12-01,Central Connecticut Blue Devils,69.0,home,0.0,0.0,True,2.0
2024-12-01,UMass Lowell River Hawks,67.0,away,0.0,0.0,False,-2.0
2024-12-01,Longwood Lancers,108.0,home,0.0,0.0,True,53.0
2024-12-01,Regent Royals,55.0,away,0.0,0.0,False,-53.0
2024-12-01,Navy Midshipmen,66.0,home,0.0,0.0,False,-5.0
2024-12-01,Maine Black Bears,71.0,away,0.0,0.0,True,5.0
2024-12-01,Niagara Purple Eagles,60.0,home,0.0,0.0,True,8.0
2024-12-01,Long Island University Sharks,52.0,away,0.0,0.0,False,-8.0
2024-12-01,Minnesota Golden Gophers,79.0,home,0.0,0.0,True,17.0
2024-12-01,Bethune-Cookman Wildcats,62.0,away,0.0,0.0,False,-17.0
2024-12-01,Stonehill Skyhawks,88.0,home,0.0,0.0,True,14.0
2024-12-01,Quinnipiac Bobcats,74.0,away,0.0,0.0,False,-14.0
2024-12-01,Portland Pilots,101.0,home,0.0,0.0,True,11.0
2024-12-01,Denver Pioneers,90.0,away,0.0,0.0,False,-11.0
2024-12-01,Wofford Terriers,74.0,home,0.0,0.0,True,20.0
2024-12-01,North Alabama Lions,54.0,away,0.0,0.0,False,-20.0
2024-12-01,Oral Roberts Golden Eagles,67.0,home,0.0,0.0,False,-5.0
2024-12-01,Missouri State Bears,72.0,away,0.0,0.0,True,5.0
2024-12-02,San Francisco Dons,87.0,home,0.0,0.0,True,28.0
2024-12-02,Mercyhurst Lakers,59.0,away,0.0,0.0,False,-28.0
2024-12-01,Texas Southern Tigers,59.0,home,0.0,0.0,False,-13.0
2024-12-01,Texas State Bobcats,72.0,away,0.0,0.0,True,13.0
2024-12-02,Indiana State Sycamores,87.0,home,0.0,0.0,True,16.0
2024-12-02,Tarleton State Texans,71.0,away,0.0,0.0,False,-16.0
2024-12-01,Hofstra Pride,68.0,home,0.0,0.0,True,2.0
2024-12-01,Arkansas State Red Wolves,66.0,away,0.0,0.0,False,-2.0
2024-12-01,UAB Blazers,69.0,home,0.0,0.0,False,-7.0
2024-12-01,Middle Tennessee Blue Raiders,76.0,away,0.0,0.0,True,7.0
2024-12-01,Boston University Terriers,65.0,home,0.0,0.0,False,-8.0
2024-12-01,Sacred Heart Pioneers,73.0,away,0.0,0.0,True,8.0
2024-12-01,American University Eagles,97.0,home,0.0,0.0,True,45.0
2024-12-01,Notre Dame (MD) Gators,52.0,away,0.0,0.0,False,-45.0
2024-12-01,Nebraska Cornhuskers,103.0,home,0.0,0.0,True,31.0
2024-12-01,North Florida Ospreys,72.0,away,0.0,0.0,False,-31.0
2024-12-01,UCF Knights,74.0,home,0.0,0.0,True,15.0
2024-12-01,California Baptist Lancers,59.0,away,0.0,0.0,False,-15.0
2024-11-29,Purdue Boilermakers,80.0,home,0.0,0.0,True,2.0
2024-11-29,Ole Miss Rebels,78.0,away,0.0,0.0,False,-2.0
2024-11-29,Florida Gators,88.0,home,0.0,0.0,True,37.0
2024-11-29,Wichita State Shockers,51.0,away,0.0,0.0,False,-37.0
2024-11-29,South Alabama Jaguars,74.0,home,0.0,0.0,True,9.0
2024-11-29,Alcorn State Braves,65.0,away,0.0,0.0,False,-9.0
2024-11-29,DePaul Blue Demons,89.0,home,0.0,0.0,True,19.0
2024-11-29,Valparaiso Beacons,70.0,away,0.0,0.0,False,-19.0
2024-11-29,West Virginia Mountaineers,83.0,home,0.0,0.0,True,7.0
2024-11-29,Arizona Wildcats,76.0,away,0.0,0.0,False,-7.0
2024-11-29,Colorado State Rams,76.0,home,0.0,0.0,True,4.0
2024-11-29,TCU Horned Frogs,72.0,away,0.0,0.0,False,-4.0
2024-11-30,Gonzaga Bulldogs,90.0,home,0.0,0.0,True,25.0
2024-11-30,Davidson Wildcats,65.0,away,0.0,0.0,False,-25.0
2024-11-30,Mississippi State Bulldogs,77.0,home,0.0,0.0,False,-10.0
2024-11-30,Butler Bulldogs,87.0,away,0.0,0.0,True,10.0
2024-11-29,Boston College Eagles,83.0,home,0.0,0.0,False,-5.0
2024-11-29,Dartmouth Big Green,88.0,away,0.0,0.0,True,5.0
2024-11-29,Binghamton Bearcats,62.0,home,0.0,0.0,False,-3.0
2024-11-29,Niagara Purple Eagles,65.0,away,0.0,0.0,True,3.0
2024-11-29,Weber State Wildcats,73.0,home,0.0,0.0,True,3.0
2024-11-29,Bowling Green Falcons,70.0,away,0.0,0.0,False,-3.0
2024-11-29,George Washington Revolutionaries,77.0,home,0.0,0.0,True,13.0
2024-11-29,VMI Keydets,64.0,away,0.0,0.0,False,-13.0
2024-11-29,Wake Forest Demon Deacons,57.0,home,0.0,0.0,True,6.0
2024-11-29,Minnesota Golden Gophers,51.0,away,0.0,0.0,False,-6.0
2024-11-29,App State Mountaineers,72.0,home,0.0,0.0,True,22.0
2024-11-29,Colgate Raiders,50.0,away,0.0,0.0,False,-22.0
2024-11-30,Kentucky Wildcats,105.0,home,0.0,0.0,True,29.0
2024-11-30,Georgia State Panthers,76.0,away,0.0,0.0,False,-29.0
2024-11-30,Duke Blue Devils,70.0,home,0.0,0.0,True,22.0
2024-11-30,Seattle U Redhawks,48.0,away,0.0,0.0,False,-22.0
2024-11-29,Elon Phoenix,56.0,home,0.0,0.0,False,-13.0
2024-11-29,Maine Black Bears,69.0,away,0.0,0.0,True,13.0
2024-11-29,Bradley Braves,107.0,home,0.0,0.0,True,66.0
2024-11-29,Judson University Eagles,41.0,away,0.0,0.0,False,-66.0
2024-11-29,Troy Trojans,68.0,home,0.0,0.0,False,-4.0
2024-11-29,Merrimack Warriors,72.0,away,0.0,0.0,True,4.0
2024-11-29,Indiana Hoosiers,89.0,home,0.0,0.0,True,16.0
2024-11-29,Providence Friars,73.0,away,0.0,0.0,False,-16.0
2024-11-29,New Mexico State Aggies,70.0,home,0.0,0.0,False,-12.0
2024-11-29,Pepperdine Waves,82.0,away,0.0,0.0,True,12.0
2024-11-29,James Madison Dukes,61.0,home,0.0,0.0,False,-5.0
2024-11-29,George Mason Patriots,66.0,away,0.0,0.0,True,5.0
2024-11-29,Eastern Illinois Panthers,72.0,home,0.0,0.0,True,13.0
2024-11-29,Northern Illinois Huskies,59.0,away,0.0,0.0,False,-13.0
2024-11-29,UNC Wilmington Seahawks,69.0,home,0.0,0.0,True,9.0
2024-11-29,Sam Houston Bearkats,60.0,away,0.0,0.0,False,-9.0
2024-11-29,BYU Cougars,72.0,home,0.0,0.0,True,11.0
2024-11-29,NC State Wolfpack,61.0,away,0.0,0.0,False,-11.0
2024-11-29,Washington Huskies,76.0,home,0.0,0.0,True,7.0
2024-11-29,Santa Clara Broncos,69.0,away,0.0,0.0,False,-7.0
2024-11-29,Cleveland State Vikings,69.0,home,0.0,0.0,False,-2.0
2024-11-29,Morehead State Eagles,71.0,away,0.0,0.0,True,2.0
2024-11-29,Belmont Bruins,83.0,home,0.0,0.0,True,9.0
2024-11-29,Gardner-Webb Runnin' Bulldogs,74.0,away,0.0,0.0,False,-9.0
2024-11-29,Liberty Flames,93.0,home,0.0,0.0,True,57.0
2024-11-29,Central Penn Knights,36.0,away,0.0,0.0,False,-57.0
2024-11-29,Samford Bulldogs,86.0,home,0.0,0.0,True,21.0
2024-11-29,West Georgia Wolves,65.0,away,0.0,0.0,False,-21.0
2024-11-29,East Carolina Pirates,93.0,home,0.0,0.0,True,24.0
2024-11-29,North Carolina A&T Aggies,69.0,away,0.0,0.0,False,-24.0
2024-11-29,Iona Gaels,62.0,home,0.0,0.0,True,11.0
2024-11-29,Tarleton State Texans,51.0,away,0.0,0.0,False,-11.0
2024-11-29,Vanderbilt Commodores,87.0,home,0.0,0.0,True,31.0
2024-11-29,Tennessee Tech Golden Eagles,56.0,away,0.0,0.0,False,-31.0
2024-11-29,Ohio State Buckeyes,90.0,home,0.0,0.0,False,-1.0
2024-11-29,Pittsburgh Panthers,91.0,away,0.0,0.0,True,1.0
2024-11-29,Virginia Cavaliers,67.0,home,0.0,0.0,True,26.0
2024-11-29,Holy Cross Crusaders,41.0,away,0.0,0.0,False,-26.0
2024-11-29,North Texas Mean Green,57.0,home,0.0,0.0,False,-4.0
2024-11-29,Utah State Aggies,61.0,away,0.0,0.0,True,4.0
2024-11-29,Lafayette Leopards,75.0,home,0.0,0.0,True,19.0
2024-11-29,Long Island University Sharks,56.0,away,0.0,0.0,False,-19.0
2024-11-29,Pennsylvania Quakers,78.0,home,0.0,0.0,False,-8.0
2024-11-29,Navy Midshipmen,86.0,away,0.0,0.0,True,8.0
2024-11-29,Arkansas State Red Wolves,86.0,home,0.0,0.0,True,5.0
2024-11-29,Indiana State Sycamores,81.0,away,0.0,0.0,False,-5.0
2024-11-29,Louisville Cardinals,64.0,home,0.0,0.0,False,-5.0
2024-11-29,Oklahoma Sooners,69.0,away,0.0,0.0,True,5.0
2024-11-30,Northwestern Wildcats,66.0,home,0.0,0.0,True,5.0
2024-11-30,UNLV Rebels,61.0,away,0.0,0.0,False,-5.0
2024-11-30,Hofstra Pride,68.0,home,0.0,0.0,True,5.0
2024-11-30,Rice Owls,63.0,away,0.0,0.0,False,-5.0
2024-11-30,Manhattan Jaspers,77.0,home,0.0,0.0,False,-4.0
2024-11-30,Le Moyne Dolphins,81.0,away,0.0,0.0,True,4.0
2024-11-30,VCU Rams,103.0,home,0.0,0.0,True,45.0
2024-11-30,Elizabeth City State Vikings,58.0,away,0.0,0.0,False,-45.0
2024-11-30,Arizona State Sun Devils,68.0,home,0.0,0.0,True,4.0
2024-11-30,Saint Mary's Gaels,64.0,away,0.0,0.0,False,-4.0
2024-11-30,Texas Longhorns,90.0,home,0.0,0.0,True,22.0
2024-11-30,Delaware State Hornets,68.0,away,0.0,0.0,False,-22.0
2024-11-30,Northern Iowa Panthers,56.0,home,0.0,0.0,False,-12.0
2024-11-30,St. Bonaventure Bonnies,68.0,away,0.0,0.0,True,12.0
2024-11-30,Kennesaw State Owls,67.0,home,0.0,0.0,True,4.0
2024-11-30,Towson Tigers,63.0,away,0.0,0.0,False,-4.0
2024-11-30,UL Monroe Warhawks,60.0,home,0.0,0.0,False,-8.0
2024-11-30,Stephen F. Austin Lumberjacks,68.0,away,0.0,0.0,True,8.0
2024-11-30,Texas Tech Red Raiders,89.0,home,0.0,0.0,True,25.0
2024-11-30,Northern Colorado Bears,64.0,away,0.0,0.0,False,-25.0
2024-11-30,LSU Tigers,77.0,home,0.0,0.0,True,24.0
2024-11-30,Northwestern State Demons,53.0,away,0.0,0.0,False,-24.0
2024-11-30,Clemson Tigers,86.0,home,0.0,0.0,True,28.0
2024-11-30,Florida A&M Rattlers,58.0,away,0.0,0.0,False,-28.0
2024-11-30,SIU Edwardsville Cougars,73.0,home,0.0,0.0,False,-5.0
2024-11-30,North Florida Ospreys,78.0,away,0.0,0.0,True,5.0
2024-11-30,UC Santa Barbara Gauchos,81.0,home,0.0,0.0,True,33.0
2024-11-30,Mississippi Valley State Delta Devils,48.0,away,0.0,0.0,False,-33.0
2024-11-30,New Mexico Lobos,83.0,home,0.0,0.0,True,10.0
2024-11-30,USC Trojans,73.0,away,0.0,0.0,False,-10.0
2024-11-30,Kent State Golden Flashes,39.0,home,0.0,0.0,False,-12.0
2024-11-30,UC Irvine Anteaters,51.0,away,0.0,0.0,True,12.0
2024-11-28,Dayton Flyers,85.0,home,0.0,0.0,True,18.0
2024-11-28,UConn Huskies,67.0,away,0.0,0.0,False,-18.0
2024-11-28,Marquette Golden Eagles,94.0,home,0.0,0.0,True,35.0
2024-11-28,Stonehill Skyhawks,59.0,away,0.0,0.0,False,-35.0
2024-11-27,West Virginia Mountaineers,86.0,home,0.0,0.0,True,8.0
2024-11-27,Gonzaga Bulldogs,78.0,away,0.0,0.0,False,-8.0
2024-11-27,Tennessee Volunteers,78.0,home,0.0,0.0,True,43.0
2024-11-27,UT Martin Skyhawks,35.0,away,0.0,0.0,False,-43.0
2024-11-27,Iowa State Cyclones,99.0,home,0.0,0.0,True,28.0
2024-11-27,Colorado Buffaloes,71.0,away,0.0,0.0,False,-28.0
2024-11-28,Notre Dame Fighting Irish,54.0,home,0.0,0.0,False,-11.0
2024-11-28,Houston Cougars,65.0,away,0.0,0.0,True,11.0
2024-11-27,Indiana Hoosiers,61.0,home,0.0,0.0,False,-28.0
2024-11-27,Louisville Cardinals,89.0,away,0.0,0.0,True,28.0
2024-11-27,Texas A&M Aggies,77.0,home,0.0,0.0,True,4.0
2024-11-27,Creighton Bluejays,73.0,away,0.0,0.0,False,-4.0
2024-11-27,UMBC Retrievers,92.0,home,0.0,0.0,True,23.0
2024-11-27,Morgan State Bears,69.0,away,0.0,0.0,False,-23.0
2024-11-28,Davidson Wildcats,71.0,home,0.0,0.0,False,-33.0
2024-11-28,Arizona Wildcats,104.0,away,0.0,0.0,True,33.0
2024-11-27,Charleston Cougars,79.0,home,0.0,0.0,True,15.0
2024-11-27,Northern Kentucky Norse,64.0,away,0.0,0.0,False,-15.0
2024-11-28,Michigan Wolverines,78.0,home,0.0,0.0,True,25.0
2024-11-28,Xavier Musketeers,53.0,away,0.0,0.0,False,-25.0
2024-11-27,Baylor Bears,91.0,home,0.0,0.0,True,31.0
2024-11-27,New Orleans Privateers,60.0,away,0.0,0.0,False,-31.0
2024-11-28,Rutgers Scarlet Knights,90.0,home,0.0,0.0,False,-5.0
2024-11-28,Alabama Crimson Tide,95.0,away,0.0,0.0,True,5.0
2024-11-27,North Dakota Fighting Hawks,60.0,home,0.0,0.0,False,-16.0
2024-11-27,SE Louisiana Lions,76.0,away,0.0,0.0,True,16.0
2024-11-27,Auburn Tigers,90.0,home,0.0,0.0,True,14.0
2024-11-27,Memphis Tigers,76.0,away,0.0,0.0,False,-14.0
2024-11-27,Louisiana Tech Bulldogs,78.0,home,0.0,0.0,True,9.0
2024-11-27,Eastern Kentucky Colonels,69.0,away,0.0,0.0,False,-9.0
2024-11-28,Cincinnati Bearcats,77.0,home,0.0,0.0,True,18.0
2024-11-28,Alabama State Hornets,59.0,away,0.0,0.0,False,-18.0
2024-11-27,Detroit Mercy Titans,75.0,home,0.0,0.0,False,-6.0
2024-11-27,Rhode Island Rams,81.0,away,0.0,0.0,True,6.0
2024-11-28,North Carolina Tar Heels,91.0,home,0.0,0.0,False,-3.0
2024-11-28,Michigan State Spartans,94.0,away,0.0,0.0,True,3.0
2024-11-27,Texas Southern Tigers,80.0,home,0.0,0.0,True,8.0
2024-11-27,Texas A&M-Kingsville Javelinas,72.0,away,0.0,0.0,False,-8.0
2024-11-27,Tennessee Tech Golden Eagles,90.0,home,0.0,0.0,True,15.0
2024-11-27,Presbyterian Blue Hose,75.0,away,0.0,0.0,False,-15.0
2024-11-27,North Alabama Lions,100.0,home,0.0,0.0,True,31.0
2024-11-27,Dalton State Roadrunners,69.0,away,0.0,0.0,False,-31.0
2024-11-27,Youngstown State Penguins,62.0,home,0.0,0.0,False,-11.0
2024-11-27,Western Michigan Broncos,73.0,away,0.0,0.0,True,11.0
2024-11-27,Charlotte 49ers,55.0,home,0.0,0.0,False,-20.0
2024-11-27,East Tennessee State Buccaneers,75.0,away,0.0,0.0,True,20.0
2024-11-27,Brown Bears,77.0,home,0.0,0.0,True,23.0
2024-11-27,Stony Brook Seawolves,54.0,away,0.0,0.0,False,-23.0
2024-11-27,Chattanooga Mocs,84.0,home,0.0,0.0,True,8.0
2024-11-27,Bryant Bulldogs,76.0,away,0.0,0.0,False,-8.0
2024-11-27,North Dakota State Bison,73.0,home,0.0,0.0,True,12.0
2024-11-27,West Georgia Wolves,61.0,away,0.0,0.0,False,-12.0
2024-11-27,Merrimack Warriors,74.0,home,0.0,0.0,False,-2.0
2024-11-27,UTSA Roadrunners,76.0,away,0.0,0.0,True,2.0
2024-11-27,Florida Tech Panthers,54.0,home,0.0,0.0,False,-27.0
2024-11-27,Southern Illinois Salukis,81.0,away,0.0,0.0,True,27.0
2024-11-27,Valparaiso Beacons,87.0,home,0.0,0.0,True,5.0
2024-11-27,Northern Illinois Huskies,82.0,away,0.0,0.0,False,-5.0
2024-11-27,Harvard Crimson,54.0,home,0.0,0.0,False,-8.0
2024-11-27,Massachusetts Minutemen,62.0,away,0.0,0.0,True,8.0
2024-11-27,Bethune-Cookman Wildcats,64.0,home,0.0,0.0,False,-15.0
2024-11-27,Gardner-Webb Runnin' Bulldogs,79.0,away,0.0,0.0,True,15.0
2024-11-27,Princeton Tigers,99.0,home,0.0,0.0,True,36.0
2024-11-27,Nazareth College Golden Flyers,63.0,away,0.0,0.0,False,-36.0
2024-11-27,App State Mountaineers,66.0,home,0.0,0.0,True,3.0
2024-11-27,Sam Houston Bearkats,63.0,away,0.0,0.0,False,-3.0
2024-11-27,Morehead State Eagles,69.0,home,0.0,0.0,False,-9.0
2024-11-27,NJIT Highlanders,78.0,away,0.0,0.0,True,9.0
2024-11-27,Oregon Ducks,78.0,home,0.0,0.0,True,10.0
2024-11-27,San Diego State Aztecs,68.0,away,0.0,0.0,False,-10.0
2024-11-27,Georgia State Panthers,74.0,home,0.0,0.0,True,3.0
2024-11-27,Tulsa Golden Hurricane,71.0,away,0.0,0.0,False,-3.0
2024-11-27,Robert Morris Colonials,72.0,home,0.0,0.0,True,8.0
2024-11-27,Canisius Golden Griffins,64.0,away,0.0,0.0,False,-8.0
2024-11-27,Air Force Falcons,61.0,home,0.0,0.0,False,-2.0
2024-11-27,Sacramento State Hornets,63.0,away,0.0,0.0,True,2.0
2024-11-27,Maryland Terrapins,91.0,home,0.0,0.0,True,24.0
2024-11-27,Bucknell Bison,67.0,away,0.0,0.0,False,-24.0
2024-11-27,Oklahoma Sooners,79.0,home,0.0,0.0,True,2.0
2024-11-27,Providence Friars,77.0,away,0.0,0.0,False,-2.0
2024-11-27,Winthrop Eagles,99.0,home,0.0,0.0,True,43.0
2024-11-27,Averett Cougars,56.0,away,0.0,0.0,False,-43.0
2024-11-27,Missouri Tigers,81.0,home,0.0,0.0,True,20.0
2024-11-27,Lindenwood Lions,61.0,away,0.0,0.0,False,-20.0
2024-11-27,Austin Peay Governors,58.0,home,0.0,0.0,False,-10.0
2024-11-27,UT Arlington Mavericks,68.0,away,0.0,0.0,True,10.0
2024-11-27,Western Illinois Leathernecks,75.0,home,0.0,0.0,False,-11.0
2024-11-27,Incarnate Word Cardinals,86.0,away,0.0,0.0,True,11.0
2024-11-27,Virginia Tech Hokies,60.0,home,0.0,0.0,False,-10.0
2024-11-27,South Carolina Gamecocks,70.0,away,0.0,0.0,True,10.0
2024-11-28,Syracuse Orange,82.0,home,0.0,0.0,True,10.0
2024-11-28,Cornell Big Red,72.0,away,0.0,0.0,False,-10.0
2024-11-28,Vermont Catamounts,78.0,home,0.0,0.0,True,23.0
2024-11-28,Plattsburgh St Cardinals,55.0,away,0.0,0.0,False,-23.0
2024-11-28,UNC Wilmington Seahawks,59.0,home,0.0,0.0,False,-13.0
2024-11-28,Colgate Raiders,72.0,away,0.0,0.0,True,13.0
2024-11-27,Richmond Spiders,73.0,home,0.0,0.0,True,13.0
2024-11-27,Ball State Cardinals,60.0,away,0.0,0.0,False,-13.0
2024-11-27,Belmont Bruins,89.0,home,0.0,0.0,True,23.0
2024-11-27,Tulane Green Wave,66.0,away,0.0,0.0,False,-23.0
2024-11-27,Nebraska Cornhuskers,96.0,home,0.0,0.0,True,17.0
2024-11-27,South Dakota Coyotes,79.0,away,0.0,0.0,False,-17.0
2024-11-28,Marshall Thundering Herd,82.0,home,0.0,0.0,True,29.0
2024-11-28,South Carolina State Bulldogs,53.0,away,0.0,0.0,False,-29.0
2024-11-28,UCF Knights,84.0,home,0.0,0.0,True,8.0
2024-11-28,Milwaukee Panthers,76.0,away,0.0,0.0,False,-8.0
2024-11-28,UNC Greensboro Spartans,58.0,home,0.0,0.0,False,-6.0
2024-11-28,UTEP Miners,64.0,away,0.0,0.0,True,6.0
2024-11-28,Georgia Tech Yellow Jackets,91.0,home,0.0,0.0,True,24.0
2024-11-28,Charleston Southern Buccaneers,67.0,away,0.0,0.0,False,-24.0
2024-11-28,Villanova Wildcats,72.0,home,0.0,0.0,True,24.0
2024-11-28,Rider Broncs,48.0,away,0.0,0.0,False,-24.0
2024-11-28,Samford Bulldogs,84.0,home,0.0,0.0,True,8.0
2024-11-28,Utah Valley Wolverines,76.0,away,0.0,0.0,False,-8.0
2024-11-28,Little Rock Trojans,78.0,home,0.0,0.0,True,19.0
2024-11-28,Maryland Eastern Shore Hawks,59.0,away,0.0,0.0,False,-19.0
2024-11-28,Houston Christian Huskies,71.0,home,0.0,0.0,False,-3.0
2024-11-28,Northern Arizona Lumberjacks,74.0,away,0.0,0.0,True,3.0
2024-11-28,San Diego Toreros,69.0,home,0.0,0.0,True,5.0
2024-11-28,MARIAN Sabres,64.0,away,0.0,0.0,False,-5.0
2024-11-28,Long Beach State Beach,66.0,home,0.0,0.0,False,-16.0
2024-11-28,San José State Spartans,82.0,away,0.0,0.0,True,16.0
2024-11-28,Saint Louis Billikens,93.0,home,0.0,0.0,True,3.0
2024-11-28,UMass Lowell River Hawks,90.0,away,0.0,0.0,False,-3.0
2024-11-28,Fresno State Bulldogs,81.0,home,0.0,0.0,False,-5.0
2024-11-28,California Baptist Lancers,86.0,away,0.0,0.0,True,5.0
2024-11-28,Pacific Tigers,83.0,home,0.0,0.0,True,12.0
2024-11-28,Arkansas-Pine Bluff Golden Lions,71.0,away,0.0,0.0,False,-12.0
2024-11-28,Loyola Marymount Lions,73.0,home,0.0,0.0,True,3.0
2024-11-28,Wyoming Cowboys,70.0,away,0.0,0.0,False,-3.0
2024-11-28,Montana Grizzlies,83.0,home,0.0,0.0,True,8.0
2024-11-28,Cal State Northridge Matadors,75.0,away,0.0,0.0,False,-8.0
2024-11-28,Washington State Cougars,60.0,home,0.0,0.0,False,-17.0
2024-11-28,SMU Mustangs,77.0,away,0.0,0.0,True,17.0
2024-11-28,California Golden Bears,81.0,home,0.0,0.0,True,26.0
2024-11-28,Mercyhurst Lakers,55.0,away,0.0,0.0,False,-26.0
2024-12-05,Detroit Mercy Titans,79.0,home,0.0,0.0,True,1.0
2024-12-05,Purdue Fort Wayne Mastodons,78.0,away,0.0,0.0,False,-1.0
2024-12-06,UT Rio Grande Valley Vaqueros,68.0,home,0.0,0.0,True,3.0
2024-12-06,Stephen F. Austin Lumberjacks,65.0,away,0.0,0.0,False,-3.0
2024-12-06,North Carolina Central Eagles,67.0,home,0.0,0.0,False,-3.0
2024-12-06,Radford Highlanders,70.0,away,0.0,0.0,True,3.0
2024-12-06,TCU Horned Frogs,76.0,home,0.0,0.0,True,4.0
2024-12-06,Xavier Musketeers,72.0,away,0.0,0.0,False,-4.0
2024-12-06,Incarnate Word Cardinals,70.0,home,0.0,0.0,False,-2.0
2024-12-06,Northwestern State Demons,72.0,away,0.0,0.0,True,2.0
2024-12-06,Texas A&M-Corpus Christi Islanders,61.0,home,0.0,0.0,False,-4.0
2024-12-06,Lamar Cardinals,65.0,away,0.0,0.0,True,4.0
2024-12-05,Lipscomb Bisons,78.0,home,0.0,0.0,True,18.0
2024-12-05,Southeast Missouri State Redhawks,60.0,away,0.0,0.0,False,-18.0
2024-12-06,Longwood Lancers,80.0,home,0.0,0.0,True,4.0
2024-12-06,Maryland Eastern Shore Hawks,76.0,away,0.0,0.0,False,-4.0
2024-12-05,Southern Miss Golden Eagles,81.0,home,0.0,0.0,True,17.0
2024-12-05,Alabama State Hornets,64.0,away,0.0,0.0,False,-17.0
2024-12-05,Penn State Nittany Lions,81.0,home,0.0,0.0,True,11.0
2024-12-05,Purdue Boilermakers,70.0,away,0.0,0.0,False,-11.0
2024-12-06,Oakland Golden Grizzlies,66.0,home,0.0,0.0,True,2.0
2024-12-06,Wright State Raiders,64.0,away,0.0,0.0,False,-2.0
2024-12-06,South Carolina State Bulldogs,81.0,home,0.0,0.0,False,-7.0
2024-12-06,Samford Bulldogs,88.0,away,0.0,0.0,True,7.0
2024-12-06,Aquinas Saints,69.0,home,0.0,0.0,False,-24.0
2024-12-06,Central Michigan Chippewas,93.0,away,0.0,0.0,True,24.0
2024-12-06,North Florida Ospreys,115.0,home,0.0,0.0,True,32.0
2024-12-06,Warner University Royals,83.0,away,0.0,0.0,False,-32.0
2024-12-06,Jacksonville Dolphins,88.0,home,0.0,0.0,True,21.0
2024-12-06,Florida Tech Panthers,67.0,away,0.0,0.0,False,-21.0
2024-12-06,Houston Christian Huskies,83.0,home,0.0,0.0,True,4.0
2024-12-06,East Texas A&M Lions,79.0,away,0.0,0.0,False,-4.0
2024-12-06,Nicholls Colonels,67.0,home,0.0,0.0,True,3.0
2024-12-06,SE Louisiana Lions,64.0,away,0.0,0.0,False,-3.0
2024-12-06,Arkansas State Red Wolves,66.0,home,0.0,0.0,True,2.0
2024-12-06,Jackson State Tigers,64.0,away,0.0,0.0,False,-2.0
2024-12-06,Valparaiso Beacons,60.0,home,0.0,0.0,False,-6.0
2024-12-06,Drake Bulldogs,66.0,away,0.0,0.0,True,6.0
2024-12-06,Milwaukee Panthers,79.0,home,0.0,0.0,True,12.0
2024-12-06,Cleveland State Vikings,67.0,away,0.0,0.0,False,-12.0
2024-12-06,UC Davis Aggies,77.0,home,0.0,0.0,True,11.0
2024-12-06,Cal Poly Mustangs,66.0,away,0.0,0.0,False,-11.0
2024-12-06,Cal State Northridge Matadors,64.0,home,0.0,0.0,False,-4.0
2024-12-06,UC Riverside Highlanders,68.0,away,0.0,0.0,True,4.0
2024-12-06,UC Santa Barbara Gauchos,76.0,home,0.0,0.0,False,-8.0
2024-12-06,UC San Diego Tritons,84.0,away,0.0,0.0,True,8.0
2024-12-06,San Francisco Dons,78.0,home,0.0,0.0,True,17.0
2024-12-06,Saint Louis Billikens,61.0,away,0.0,0.0,False,-17.0
2024-12-06,Cal State Fullerton Titans,56.0,home,0.0,0.0,False,-17.0
2024-12-06,Long Beach State Beach,73.0,away,0.0,0.0,True,17.0
2024-12-06,UC Irvine Anteaters,82.0,home,0.0,0.0,True,16.0
2024-12-06,Cal State Bakersfield Roadrunners,66.0,away,0.0,0.0,False,-16.0
2024-12-07,Saint Peter's Peacocks,67.0,home,0.0,0.0,False,-3.0
2024-12-07,Manhattan Jaspers,70.0,away,0.0,0.0,True,3.0
2024-12-06,Duquesne Dukes,80.0,home,0.0,0.0,True,14.0
2024-12-06,Delaware Blue Hens,66.0,away,0.0,0.0,False,-14.0
2024-12-07,Northwestern Wildcats,70.0,home,0.0,0.0,True,4.0
2024-12-07,Illinois Fighting Illini,66.0,away,0.0,0.0,False,-4.0
2024-12-07,Sacred Heart Pioneers,83.0,home,0.0,0.0,True,24.0
2024-12-07,Iona Gaels,59.0,away,0.0,0.0,False,-24.0
2024-12-06,Hofstra Pride,114.0,home,0.0,0.0,True,68.0
2024-12-06,Saint Josephs Long Island Golden Eagles,46.0,away,0.0,0.0,False,-68.0
2024-12-07,Florida International Panthers,70.0,home,0.0,0.0,True,7.0
2024-12-07,New College (FL) Mighty Banyans,63.0,away,0.0,0.0,False,-7.0
2024-12-07,Georgia State Panthers,77.0,home,0.0,0.0,False,-4.0
2024-12-07,Kennesaw State Owls,81.0,away,0.0,0.0,True,4.0
2024-12-07,Rider Broncs,67.0,home,0.0,0.0,False,-5.0
2024-12-07,Quinnipiac Bobcats,72.0,away,0.0,0.0,True,5.0
2024-12-07,Indiana Hoosiers,76.0,home,0.0,0.0,True,19.0
2024-12-07,Miami (OH) RedHawks,57.0,away,0.0,0.0,False,-19.0
2024-12-07,Florida A&M Rattlers,130.0,home,0.0,0.0,True,72.0
2024-12-07,Trinity (FL) Tigers,58.0,away,0.0,0.0,False,-72.0
2024-12-07,Canisius Golden Griffins,52.0,home,0.0,0.0,False,-8.0
2024-12-07,Merrimack Warriors,60.0,away,0.0,0.0,True,8.0
2024-12-07,West Virginia Mountaineers,73.0,home,0.0,0.0,True,13.0
2024-12-07,Georgetown Hoyas,60.0,away,0.0,0.0,False,-13.0
2024-12-07,Davidson Wildcats,73.0,home,0.0,0.0,True,1.0
2024-12-07,Charleston Southern Buccaneers,72.0,away,0.0,0.0,False,-1.0
2024-12-07,UAB Blazers,95.0,home,0.0,0.0,True,29.0
2024-12-07,Prairie View A&M Panthers,66.0,away,0.0,0.0,False,-29.0
2024-12-07,Kent State Golden Flashes,76.0,home,0.0,0.0,True,19.0
2024-12-07,Portland Pilots,57.0,away,0.0,0.0,False,-19.0
2024-12-07,Marist Red Foxes,53.0,home,0.0,0.0,True,3.0
2024-12-07,Mount St. Mary's Mountaineers,50.0,away,0.0,0.0,False,-3.0
2024-12-06,Niagara Purple Eagles,69.0,home,0.0,0.0,True,1.0
2024-12-06,Siena Saints,68.0,away,0.0,0.0,False,-1.0
2024-12-06,Bryant Bulldogs,75.0,home,0.0,0.0,False,-1.0
2024-12-06,Brown Bears,76.0,away,0.0,0.0,True,1.0
2024-12-07,Eastern Kentucky Colonels,98.0,home,0.0,0.0,True,36.0
2024-12-07,Campbellsville-Harrodsburg Pioneers,62.0,away,0.0,0.0,False,-36.0
2024-12-06,Eastern Illinois Panthers,87.0,home,0.0,0.0,True,30.0
2024-12-06,Calumet Crimson Wave,57.0,away,0.0,0.0,False,-30.0
2024-12-07,Western Illinois Leathernecks,96.0,home,0.0,0.0,True,47.0
2024-12-07,East-West University Phantoms,49.0,away,0.0,0.0,False,-47.0
2024-12-07,High Point Panthers,76.0,home,0.0,0.0,True,5.0
2024-12-07,North Texas Mean Green,71.0,away,0.0,0.0,False,-5.0
2024-11-30,Bowling Green Falcons,61.0,home,0.0,0.0,True,1.0
2024-11-30,New Mexico State Aggies,60.0,away,0.0,0.0,False,-1.0
2024-11-30,Rutgers Scarlet Knights,77.0,home,0.0,0.0,False,-4.0
2024-11-30,Texas A&M Aggies,81.0,away,0.0,0.0,True,4.0
2024-11-30,Kansas Jayhawks,86.0,home,0.0,0.0,True,35.0
2024-11-30,Furman Paladins,51.0,away,0.0,0.0,False,-35.0
2024-11-30,Marquette Golden Eagles,94.0,home,0.0,0.0,True,32.0
2024-11-30,Western Carolina Catamounts,62.0,away,0.0,0.0,False,-32.0
2024-12-01,UConn Huskies,99.0,home,0.0,0.0,True,54.0
2024-12-01,Maryland Eastern Shore Hawks,45.0,away,0.0,0.0,False,-54.0
2024-11-30,Seton Hall Pirates,51.0,home,0.0,0.0,False,-12.0
2024-11-30,Monmouth Hawks,63.0,away,0.0,0.0,True,12.0
2024-11-30,Notre Dame Fighting Irish,76.0,home,0.0,0.0,False,-4.0
2024-11-30,Creighton Bluejays,80.0,away,0.0,0.0,True,4.0
2024-11-30,Wisconsin Badgers,74.0,home,0.0,0.0,True,21.0
2024-11-30,Chicago State Cougars,53.0,away,0.0,0.0,False,-21.0
2024-11-30,Howard Bison,75.0,home,0.0,0.0,False,-4.0
2024-11-30,Mount St. Mary's Mountaineers,79.0,away,0.0,0.0,True,4.0
2024-11-30,Elon Phoenix,69.0,home,0.0,0.0,True,6.0
2024-11-30,Navy Midshipmen,63.0,away,0.0,0.0,False,-6.0
2024-11-30,East Texas A&M Lions,57.0,home,0.0,0.0,False,-20.0
2024-11-30,Purdue Fort Wayne Mastodons,77.0,away,0.0,0.0,True,20.0
2024-11-30,Long Island University Sharks,70.0,home,0.0,0.0,False,-5.0
2024-11-30,Binghamton Bearcats,75.0,away,0.0,0.0,True,5.0
2024-11-30,Louisiana Tech Bulldogs,70.0,home,0.0,0.0,False,-3.0
2024-11-30,Southern Jaguars,73.0,away,0.0,0.0,True,3.0
2024-12-01,Houston Cougars,70.0,home,0.0,0.0,False,-3.0
2024-12-01,San Diego State Aztecs,73.0,away,0.0,0.0,True,3.0
2024-11-30,Georgia Tech Yellow Jackets,87.0,home,0.0,0.0,True,19.0
2024-11-30,Central Arkansas Bears,68.0,away,0.0,0.0,False,-19.0
2024-11-30,Vermont Catamounts,68.0,home,0.0,0.0,True,4.0
2024-11-30,Northeastern Huskies,64.0,away,0.0,0.0,False,-4.0
2024-12-01,Alabama Crimson Tide,81.0,home,0.0,0.0,False,-2.0
2024-12-01,Oregon Ducks,83.0,away,0.0,0.0,True,2.0
2024-11-30,IU Indianapolis Jaguars,106.0,home,0.0,0.0,True,57.0
2024-11-30,Trinity Christian (IL) Trolls,49.0,away,0.0,0.0,False,-57.0
2024-11-30,Green Bay Phoenix,66.0,home,0.0,0.0,False,-6.0
2024-11-30,Campbell Fighting Camels,72.0,away,0.0,0.0,True,6.0
2024-11-30,Sam Houston Bearkats,82.0,home,0.0,0.0,True,4.0
2024-11-30,Colgate Raiders,78.0,away,0.0,0.0,False,-4.0
2024-11-30,Miami Hurricanes,79.0,home,0.0,0.0,False,-4.0
2024-11-30,Charleston Southern Buccaneers,83.0,away,0.0,0.0,True,4.0
2024-11-30,Indiana State Sycamores,83.0,home,0.0,0.0,True,3.0
2024-11-30,Iona Gaels,80.0,away,0.0,0.0,False,-3.0
2024-11-30,High Point Panthers,81.0,home,0.0,0.0,True,31.0
2024-11-30,Pfeiffer Falcons,50.0,away,0.0,0.0,False,-31.0
2024-11-30,La Salle Explorers,83.0,home,0.0,0.0,True,8.0
2024-11-30,Temple Owls,75.0,away,0.0,0.0,False,-8.0
2024-11-30,UNC Wilmington Seahawks,76.0,home,0.0,0.0,True,15.0
2024-11-30,App State Mountaineers,61.0,away,0.0,0.0,False,-15.0
2024-11-30,East Tennessee State Buccaneers,79.0,home,0.0,0.0,True,22.0
2024-11-30,Austin Peay Governors,57.0,away,0.0,0.0,False,-22.0
2024-11-30,Georgetown Hoyas,100.0,home,0.0,0.0,True,32.0
2024-11-30,UAlbany Great Danes,68.0,away,0.0,0.0,False,-32.0
2024-11-30,Texas A&M-Corpus Christi Islanders,109.0,home,0.0,0.0,True,35.0
2024-11-30,Prairie View A&M Panthers,74.0,away,0.0,0.0,False,-35.0
2024-11-30,Tarleton State Texans,61.0,home,0.0,0.0,True,2.0
2024-11-30,Hofstra Pride,59.0,away,0.0,0.0,False,-2.0
2024-11-30,Rider Broncs,66.0,home,0.0,0.0,False,-6.0
2024-11-30,Delaware Blue Hens,72.0,away,0.0,0.0,True,6.0
2024-11-30,Pennsylvania Quakers,77.0,home,0.0,0.0,True,13.0
2024-11-30,Maine Black Bears,64.0,away,0.0,0.0,False,-13.0
2024-11-30,Lafayette Leopards,59.0,home,0.0,0.0,True,12.0
2024-11-30,Niagara Purple Eagles,47.0,away,0.0,0.0,False,-12.0
2024-11-30,Ohio Bobcats,84.0,home,0.0,0.0,True,16.0
2024-11-30,Robert Morris Colonials,68.0,away,0.0,0.0,False,-16.0
2024-11-30,Louisiana Ragin' Cajuns,75.0,home,0.0,0.0,False,-1.0
2024-11-30,Nicholls Colonels,76.0,away,0.0,0.0,True,1.0
2024-11-30,Coastal Carolina Chanticleers,73.0,home,0.0,0.0,True,22.0
2024-11-30,South Carolina Upstate Spartans,51.0,away,0.0,0.0,False,-22.0
2024-11-30,Southern Miss Golden Eagles,66.0,home,0.0,0.0,True,1.0
2024-11-30,Milwaukee Panthers,65.0,away,0.0,0.0,False,-1.0
2024-11-30,Montana State Bobcats,69.0,home,0.0,0.0,False,-3.0
2024-11-30,Cal State Northridge Matadors,72.0,away,0.0,0.0,True,3.0
2024-11-30,UTSA Roadrunners,78.0,home,0.0,0.0,True,7.0
2024-11-30,Houston Christian Huskies,71.0,away,0.0,0.0,False,-7.0
2024-11-30,North Carolina Central Eagles,131.0,home,0.0,0.0,True,80.0
2024-11-30,Virginia-Lynchburg Dragons,51.0,away,0.0,0.0,False,-80.0
2024-11-30,Pepperdine Waves,53.0,home,0.0,0.0,False,-15.0
2024-11-30,Weber State Wildcats,68.0,away,0.0,0.0,True,15.0
2024-11-30,Northern Kentucky Norse,86.0,home,0.0,0.0,True,16.0
2024-11-30,Bellarmine Knights,70.0,away,0.0,0.0,False,-16.0
2024-11-30,Youngstown State Penguins,128.0,home,0.0,0.0,True,68.0
2024-11-30,Bethany (WV) Bison,60.0,away,0.0,0.0,False,-68.0
2024-11-30,Bucknell Bison,58.0,home,0.0,0.0,False,-13.0
2024-11-30,Siena Saints,71.0,away,0.0,0.0,True,13.0
2024-11-30,Idaho Vandals,80.0,home,0.0,0.0,True,12.0
2024-11-30,UC Riverside Highlanders,68.0,away,0.0,0.0,False,-12.0
2024-11-30,Utah Utes,88.0,home,0.0,0.0,True,8.0
2024-11-30,Eastern Washington Eagles,80.0,away,0.0,0.0,False,-8.0
2024-12-01,UC San Diego Tritons,109.0,home,0.0,0.0,True,76.0
2024-12-01,La Verne Leopards,33.0,away,0.0,0.0,False,-76.0
2024-11-30,St. John's Red Storm,77.0,home,0.0,0.0,True,13.0
2024-11-30,Harvard Crimson,64.0,away,0.0,0.0,False,-13.0
2024-12-01,Toledo Rockets,52.0,home,0.0,0.0,False,-33.0
2024-12-01,Oakland Golden Grizzlies,85.0,away,0.0,0.0,True,33.0
2024-11-30,Florida Atlantic Owls,78.0,home,0.0,0.0,False,-2.0
2024-11-30,Florida Gulf Coast Eagles,80.0,away,0.0,0.0,True,2.0
2024-11-30,Drake Bulldogs,61.0,home,0.0,0.0,True,14.0
2024-11-30,Georgia Southern Eagles,47.0,away,0.0,0.0,False,-14.0
2024-12-01,Wright State Raiders,70.0,home,0.0,0.0,True,13.0
2024-12-01,Air Force Falcons,57.0,away,0.0,0.0,False,-13.0
2024-12-01,Lehigh Mountain Hawks,74.0,home,0.0,0.0,True,5.0
2024-12-01,Marist Red Foxes,69.0,away,0.0,0.0,False,-5.0
2024-12-01,Georgia Bulldogs,102.0,home,0.0,0.0,True,46.0
2024-12-01,Jacksonville Dolphins,56.0,away,0.0,0.0,False,-46.0
2024-12-01,Omaha Mavericks,55.0,home,0.0,0.0,False,-16.0
2024-12-01,Abilene Christian Wildcats,71.0,away,0.0,0.0,True,16.0
2024-12-01,Rice Owls,75.0,home,0.0,0.0,True,8.0
2024-12-01,Arkansas State Red Wolves,67.0,away,0.0,0.0,False,-8.0
2024-12-01,Eastern Michigan Eagles,89.0,home,0.0,0.0,False,-9.0
2024-12-01,Detroit Mercy Titans,98.0,away,0.0,0.0,True,9.0
2024-12-01,Pacific Tigers,64.0,home,0.0,0.0,True,9.0
2024-12-01,Cal State Fullerton Titans,55.0,away,0.0,0.0,False,-9.0
2024-12-01,Western Kentucky Hilltoppers,90.0,home,0.0,0.0,True,8.0
2024-12-01,Marshall Thundering Herd,82.0,away,0.0,0.0,False,-8.0
2024-12-01,Kennesaw State Owls,60.0,home,0.0,0.0,False,-7.0
2024-12-01,Kent State Golden Flashes,67.0,away,0.0,0.0,True,7.0
2024-12-01,Lamar Cardinals,88.0,home,0.0,0.0,True,34.0
2024-12-01,Our Lady Of The Lake Saints,54.0,away,0.0,0.0,False,-34.0
2024-12-01,Alabama A&M Bulldogs,44.0,home,0.0,0.0,False,-38.0
2024-12-01,Lipscomb Bisons,82.0,away,0.0,0.0,True,38.0
2024-12-01,Oregon State Beavers,90.0,home,0.0,0.0,True,33.0
2024-12-01,UC Davis Aggies,57.0,away,0.0,0.0,False,-33.0
2024-12-01,Stanford Cardinal,90.0,home,0.0,0.0,False,-7.0
2024-12-01,Cal Poly Mustangs,97.0,away,0.0,0.0,True,7.0
2024-12-01,Portland State Vikings,71.0,home,0.0,0.0,True,3.0
2024-12-01,Utah Tech Trailblazers,68.0,away,0.0,0.0,False,-3.0
2024-12-01,Sacramento State Hornets,60.0,home,0.0,0.0,False,-6.0
2024-12-01,Mercyhurst Lakers,66.0,away,0.0,0.0,True,6.0
2024-12-01,Southern Utah Thunderbirds,74.0,home,0.0,0.0,True,10.0
2024-12-01,Cal State Bakersfield Roadrunners,64.0,away,0.0,0.0,False,-10.0
2024-12-01,Southeast Missouri State Redhawks,80.0,home,0.0,0.0,True,21.0
2024-12-01,Kansas City Roos,59.0,away,0.0,0.0,False,-21.0
2024-12-01,Towson Tigers,60.0,home,0.0,0.0,False,-7.0
2024-12-01,UC Irvine Anteaters,67.0,away,0.0,0.0,True,7.0
2024-12-09,Indiana Hoosiers,82.0,home,0.0,0.0,True,15.0
2024-12-09,Minnesota Golden Gophers,67.0,away,0.0,0.0,False,-15.0
2024-12-10,Norfolk State Spartans,67.0,home,0.0,0.0,False,-13.0
2024-12-10,Hofstra Pride,80.0,away,0.0,0.0,True,13.0
2024-12-09,Boston University Terriers,113.0,home,0.0,0.0,True,38.0
2024-12-09,Thomas (ME) Terriers,75.0,away,0.0,0.0,False,-38.0
2024-12-10,Columbia Lions,92.0,home,0.0,0.0,True,46.0
2024-12-10,Sarah Lawrence Gryphons,46.0,away,0.0,0.0,False,-46.0
2024-12-10,South Carolina State Bulldogs,82.0,home,0.0,0.0,True,19.0
2024-12-10,Charleston Southern Buccaneers,63.0,away,0.0,0.0,False,-19.0
2024-12-10,VCU Rams,66.0,home,0.0,0.0,True,19.0
2024-12-10,Pennsylvania Quakers,47.0,away,0.0,0.0,False,-19.0
2024-12-10,Baylor Bears,88.0,home,0.0,0.0,True,31.0
2024-12-10,Abilene Christian Wildcats,57.0,away,0.0,0.0,False,-31.0
2024-12-10,San José State Spartans,117.0,home,0.0,0.0,True,37.0
2024-12-10,Lincoln University (CA) Oaklanders,80.0,away,0.0,0.0,False,-37.0
2024-12-04,Louisville Cardinals,63.0,home,0.0,0.0,False,-23.0
2024-12-04,Ole Miss Rebels,86.0,away,0.0,0.0,True,23.0
2024-12-04,Vermont Catamounts,53.0,home,0.0,0.0,False,-7.0
2024-12-04,Brown Bears,60.0,away,0.0,0.0,True,7.0
2024-12-03,Villanova Wildcats,68.0,home,0.0,0.0,True,8.0
2024-12-03,Cincinnati Bearcats,60.0,away,0.0,0.0,False,-8.0
2024-12-03,Maine Black Bears,103.0,home,0.0,0.0,True,52.0
2024-12-03,Maine-Augusta Moose,51.0,away,0.0,0.0,False,-52.0
2024-12-04,Wisconsin Badgers,64.0,home,0.0,0.0,False,-3.0
2024-12-04,Michigan Wolverines,67.0,away,0.0,0.0,True,3.0
2024-12-04,Clemson Tigers,70.0,home,0.0,0.0,True,4.0
2024-12-04,Kentucky Wildcats,66.0,away,0.0,0.0,False,-4.0
2024-12-04,Grambling Tigers,82.0,home,0.0,0.0,True,26.0
2024-12-04,Arkansas Baptist Buffaloes,56.0,away,0.0,0.0,False,-26.0
2024-12-03,App State Mountaineers,85.0,home,0.0,0.0,True,42.0
2024-12-03,Mid-Atlantic Christian Mustangs,43.0,away,0.0,0.0,False,-42.0
2024-12-04,Charleston Cougars,94.0,home,0.0,0.0,True,23.0
2024-12-04,Tusculum Pioneers,71.0,away,0.0,0.0,False,-23.0
2024-12-04,East Carolina Pirates,53.0,home,0.0,0.0,False,-14.0
2024-12-04,UNC Wilmington Seahawks,67.0,away,0.0,0.0,True,14.0
2024-12-04,Texas A&M Aggies,57.0,home,0.0,0.0,True,13.0
2024-12-04,Wake Forest Demon Deacons,44.0,away,0.0,0.0,False,-13.0
2024-12-03,VMI Keydets,113.0,home,0.0,0.0,True,62.0
2024-12-03,Virginia-Lynchburg Dragons,51.0,away,0.0,0.0,False,-62.0
2024-12-04,Tennessee Volunteers,96.0,home,0.0,0.0,True,26.0
2024-12-04,Syracuse Orange,70.0,away,0.0,0.0,False,-26.0
2024-12-03,Butler Bulldogs,73.0,home,0.0,0.0,True,15.0
2024-12-03,Eastern Illinois Panthers,58.0,away,0.0,0.0,False,-15.0
2024-12-04,The Citadel Bulldogs,94.0,home,0.0,0.0,True,37.0
2024-12-04,Toccoa Falls Eagles,57.0,away,0.0,0.0,False,-37.0
2024-12-04,Oklahoma Sooners,76.0,home,0.0,0.0,True,15.0
2024-12-04,Georgia Tech Yellow Jackets,61.0,away,0.0,0.0,False,-15.0
2024-12-04,Iowa Hawkeyes,80.0,home,0.0,0.0,True,1.0
2024-12-04,Northwestern Wildcats,79.0,away,0.0,0.0,False,-1.0
2024-12-03,Delaware Blue Hens,93.0,home,0.0,0.0,True,13.0
2024-12-03,Delaware State Hornets,80.0,away,0.0,0.0,False,-13.0
2024-12-04,Le Moyne Dolphins,100.0,home,0.0,0.0,False,-3.0
2024-12-04,Army Black Knights,103.0,away,0.0,0.0,True,3.0
2024-12-04,Duquesne Dukes,59.0,home,0.0,0.0,False,-3.0
2024-12-04,Saint Peter's Peacocks,62.0,away,0.0,0.0,True,3.0
2024-12-04,Northern Illinois Huskies,89.0,home,0.0,0.0,True,19.0
2024-12-04,Benedictine University (IL) Eagles,70.0,away,0.0,0.0,False,-19.0
2024-12-04,Akron Zips,86.0,home,0.0,0.0,True,13.0
2024-12-04,Northern Kentucky Norse,73.0,away,0.0,0.0,False,-13.0
2024-12-04,UNC Greensboro Spartans,72.0,home,0.0,0.0,True,4.0
2024-12-04,High Point Panthers,68.0,away,0.0,0.0,False,-4.0
2024-12-04,Buffalo Bulls,100.0,home,0.0,0.0,True,35.0
2024-12-04,Pittsburgh-Bradford Panthers,65.0,away,0.0,0.0,False,-35.0
2024-12-04,McNeese Cowboys,67.0,home,0.0,0.0,False,-7.0
2024-12-04,Santa Clara Broncos,74.0,away,0.0,0.0,True,7.0
2024-12-04,Chattanooga Mocs,62.0,home,0.0,0.0,False,-18.0
2024-12-04,Lipscomb Bisons,80.0,away,0.0,0.0,True,18.0
2024-12-04,Georgia Bulldogs,69.0,home,0.0,0.0,True,21.0
2024-12-04,Notre Dame Fighting Irish,48.0,away,0.0,0.0,False,-21.0
2024-12-04,Saint Joseph's Hawks,69.0,home,0.0,0.0,False,-8.0
2024-12-04,Princeton Tigers,77.0,away,0.0,0.0,True,8.0
2024-12-04,James Madison Dukes,71.0,home,0.0,0.0,True,10.0
2024-12-04,East Tennessee State Buccaneers,61.0,away,0.0,0.0,False,-10.0
2024-12-04,George Mason Patriots,74.0,home,0.0,0.0,True,22.0
2024-12-04,UNC Asheville Bulldogs,52.0,away,0.0,0.0,False,-22.0
2024-12-04,Miami Hurricanes,73.0,home,0.0,0.0,False,-3.0
2024-12-04,Arkansas Razorbacks,76.0,away,0.0,0.0,True,3.0
2024-12-04,Dayton Flyers,77.0,home,0.0,0.0,True,8.0
2024-12-04,Western Michigan Broncos,69.0,away,0.0,0.0,False,-8.0
2024-12-04,South Florida Bulls,74.0,home,0.0,0.0,True,2.0
2024-12-04,Stetson Hatters,72.0,away,0.0,0.0,False,-2.0
2024-12-04,Boston College Eagles,51.0,home,0.0,0.0,False,-22.0
2024-12-04,South Carolina Gamecocks,73.0,away,0.0,0.0,True,22.0
2024-12-04,New Hampshire Wildcats,65.0,home,0.0,0.0,False,-4.0
2024-12-04,Dartmouth Big Green,69.0,away,0.0,0.0,True,4.0
2024-12-04,Queens University Royals,78.0,home,0.0,0.0,False,-8.0
2024-12-04,Winthrop Eagles,86.0,away,0.0,0.0,True,8.0
2024-12-04,Hampton Pirates,82.0,home,0.0,0.0,True,11.0
2024-12-04,North Carolina A&T Aggies,71.0,away,0.0,0.0,False,-11.0
2024-12-04,Florida A&M Rattlers,66.0,home,0.0,0.0,True,3.0
2024-12-04,Presbyterian Blue Hose,63.0,away,0.0,0.0,False,-3.0
2024-12-04,Northeastern Huskies,82.0,home,0.0,0.0,True,14.0
2024-12-04,La Salle Explorers,68.0,away,0.0,0.0,False,-14.0
2024-12-04,Missouri Tigers,98.0,home,0.0,0.0,True,5.0
2024-12-04,California Golden Bears,93.0,away,0.0,0.0,False,-5.0
2024-12-04,Charleston Southern Buccaneers,83.0,home,0.0,0.0,True,15.0
2024-12-04,UT Martin Skyhawks,68.0,away,0.0,0.0,False,-15.0
2024-12-04,Indiana Hoosiers,97.0,home,0.0,0.0,True,26.0
2024-12-04,Sam Houston Bearkats,71.0,away,0.0,0.0,False,-26.0
2024-12-04,Tarleton State Texans,90.0,home,0.0,0.0,True,40.0
2024-12-04,Dallas Christian Crusaders,50.0,away,0.0,0.0,False,-40.0
2024-12-04,Southern Utah Thunderbirds,90.0,home,0.0,0.0,True,35.0
2024-12-04,Park University Gilbert Buccaneers,55.0,away,0.0,0.0,False,-35.0
2024-12-04,Grand Canyon Lopes,78.0,home,0.0,0.0,True,6.0
2024-12-04,Hawai'i Rainbow Warriors,72.0,away,0.0,0.0,False,-6.0
2024-12-04,SMU Mustangs,101.0,home,0.0,0.0,True,29.0
2024-12-04,Alabama State Hornets,72.0,away,0.0,0.0,False,-29.0
2024-12-04,Southern Illinois Salukis,60.0,home,0.0,0.0,False,-23.0
2024-12-04,Bradley Braves,83.0,away,0.0,0.0,True,23.0
2024-12-04,Murray State Racers,63.0,home,0.0,0.0,True,2.0
2024-12-04,Evansville Purple Aces,61.0,away,0.0,0.0,False,-2.0
2024-12-04,Providence Friars,83.0,home,0.0,0.0,True,19.0
2024-12-04,BYU Cougars,64.0,away,0.0,0.0,False,-19.0
2024-12-04,Boise State Broncos,87.0,home,0.0,0.0,True,23.0
2024-12-04,Utah Tech Trailblazers,64.0,away,0.0,0.0,False,-23.0
2024-12-04,Loyola Chicago Ramblers,76.0,home,0.0,0.0,True,22.0
2024-12-04,Eastern Michigan Eagles,54.0,away,0.0,0.0,False,-22.0
2024-12-04,Arizona State Sun Devils,90.0,home,0.0,0.0,True,37.0
2024-12-04,San Diego Toreros,53.0,away,0.0,0.0,False,-37.0
2024-12-04,LSU Tigers,85.0,home,0.0,0.0,True,10.0
2024-12-04,Florida State Seminoles,75.0,away,0.0,0.0,False,-10.0
2024-12-04,Saint Mary's Gaels,82.0,home,0.0,0.0,True,8.0
2024-12-04,UTSA Roadrunners,74.0,away,0.0,0.0,False,-8.0
2024-12-04,UCLA Bruins,69.0,home,0.0,0.0,True,11.0
2024-12-04,Washington Huskies,58.0,away,0.0,0.0,False,-11.0
2024-12-04,Stanford Cardinal,77.0,home,0.0,0.0,True,14.0
2024-12-04,Utah Valley Wolverines,63.0,away,0.0,0.0,False,-14.0
2024-12-08,Oregon Ducks,71.0,home,0.0,0.0,False,-2.0
2024-12-08,UCLA Bruins,73.0,away,0.0,0.0,True,2.0
2024-12-08,Auburn Tigers,98.0,home,0.0,0.0,True,44.0
2024-12-08,Richmond Spiders,54.0,away,0.0,0.0,False,-44.0
2024-12-08,UCF Knights,66.0,home,0.0,0.0,True,15.0
2024-12-08,Tarleton State Texans,51.0,away,0.0,0.0,False,-15.0
2024-12-08,Seton Hall Pirates,76.0,home,0.0,0.0,False,-9.0
2024-12-08,Oklahoma State Cowboys,85.0,away,0.0,0.0,True,9.0
2024-12-08,Canisius Golden Griffins,53.0,home,0.0,0.0,False,-13.0
2024-12-08,Siena Saints,66.0,away,0.0,0.0,True,13.0
2024-12-08,Louisville Cardinals,65.0,home,0.0,0.0,False,-11.0
2024-12-08,Duke Blue Devils,76.0,away,0.0,0.0,True,11.0
2024-12-08,Army Black Knights,84.0,home,0.0,0.0,False,-19.0
2024-12-08,Cornell Big Red,103.0,away,0.0,0.0,True,19.0
2024-12-08,Fordham Rams,87.0,home,0.0,0.0,True,15.0
2024-12-08,Maine Black Bears,72.0,away,0.0,0.0,False,-15.0
2024-12-08,Iowa State Cyclones,100.0,home,0.0,0.0,True,42.0
2024-12-08,Jackson State Tigers,58.0,away,0.0,0.0,False,-42.0
2024-12-08,Purdue Boilermakers,83.0,home,0.0,0.0,True,5.0
2024-12-08,Maryland Terrapins,78.0,away,0.0,0.0,False,-5.0
2024-12-08,Cincinnati Bearcats,84.0,home,0.0,0.0,True,17.0
2024-12-08,Howard Bison,67.0,away,0.0,0.0,False,-17.0
2024-12-08,Missouri Tigers,76.0,home,0.0,0.0,True,9.0
2024-12-08,Kansas Jayhawks,67.0,away,0.0,0.0,False,-9.0
2024-12-08,Texas Longhorns,65.0,home,0.0,0.0,False,-11.0
2024-12-08,UConn Huskies,76.0,away,0.0,0.0,True,11.0
2024-12-08,Texas Tech Red Raiders,67.0,home,0.0,0.0,False,-5.0
2024-12-08,Texas A&M Aggies,72.0,away,0.0,0.0,True,5.0
2024-12-08,Maryland Eastern Shore Hawks,61.0,home,0.0,0.0,False,-2.0
2024-12-08,Wagner Seahawks,63.0,away,0.0,0.0,True,2.0
2024-12-08,Iona Gaels,72.0,home,0.0,0.0,True,9.0
2024-12-08,Saint Peter's Peacocks,63.0,away,0.0,0.0,False,-9.0
2024-12-08,Memphis Tigers,72.0,home,0.0,0.0,False,-13.0
2024-12-08,Arkansas State Red Wolves,85.0,away,0.0,0.0,True,13.0
2024-12-08,Niagara Purple Eagles,62.0,home,0.0,0.0,False,-18.0
2024-12-08,Merrimack Warriors,80.0,away,0.0,0.0,True,18.0
2024-12-08,New Hampshire Wildcats,62.0,home,0.0,0.0,False,-10.0
2024-12-08,Harvard Crimson,72.0,away,0.0,0.0,True,10.0
2024-12-08,TCU Horned Frogs,74.0,home,0.0,0.0,False,-9.0
2024-12-08,Vanderbilt Commodores,83.0,away,0.0,0.0,True,9.0
2024-12-08,Bryant Bulldogs,122.0,home,0.0,0.0,True,59.0
2024-12-08,Vermont State - Johnson Badgers,63.0,away,0.0,0.0,False,-59.0
2024-12-08,Radford Highlanders,74.0,home,0.0,0.0,True,4.0
2024-12-08,Bucknell Bison,70.0,away,0.0,0.0,False,-4.0
2024-12-08,Manhattan Jaspers,75.0,home,0.0,0.0,False,-7.0
2024-12-08,Marist Red Foxes,82.0,away,0.0,0.0,True,7.0
2024-12-08,Northeastern Huskies,78.0,home,0.0,0.0,True,3.0
2024-12-08,Colgate Raiders,75.0,away,0.0,0.0,False,-3.0
2024-12-08,Stetson Hatters,83.0,home,0.0,0.0,False,-6.0
2024-12-08,Mercer Bears,89.0,away,0.0,0.0,True,6.0
2024-12-08,Saint Louis Billikens,85.0,home,0.0,0.0,True,23.0
2024-12-08,Chicago State Cougars,62.0,away,0.0,0.0,False,-23.0
2024-12-08,Samford Bulldogs,72.0,home,0.0,0.0,True,25.0
2024-12-08,Austin Peay Governors,47.0,away,0.0,0.0,False,-25.0
2024-12-08,Mount St. Mary's Mountaineers,101.0,home,0.0,0.0,True,7.0
2024-12-08,Fairfield Stags,94.0,away,0.0,0.0,False,-7.0
2024-12-08,SIU Edwardsville Cougars,82.0,home,0.0,0.0,True,13.0
2024-12-08,Ball State Cardinals,69.0,away,0.0,0.0,False,-13.0
2024-12-08,Quinnipiac Bobcats,83.0,home,0.0,0.0,True,10.0
2024-12-08,Sacred Heart Pioneers,73.0,away,0.0,0.0,False,-10.0
2024-12-08,Purdue Fort Wayne Mastodons,82.0,home,0.0,0.0,True,5.0
2024-12-08,Robert Morris Colonials,77.0,away,0.0,0.0,False,-5.0
2024-12-08,Longwood Lancers,97.0,home,0.0,0.0,True,57.0
2024-12-08,Mary Baldwin Fighting Squirrels,40.0,away,0.0,0.0,False,-57.0
2024-12-08,LSU Tigers,80.0,home,0.0,0.0,True,9.0
2024-12-08,Florida Gulf Coast Eagles,71.0,away,0.0,0.0,False,-9.0
2024-12-08,South Alabama Jaguars,76.0,home,0.0,0.0,True,2.0
2024-12-08,Jacksonville State Gamecocks,74.0,away,0.0,0.0,False,-2.0
2024-12-08,Murray State Racers,73.0,home,0.0,0.0,True,20.0
2024-12-08,Southeast Missouri State Redhawks,53.0,away,0.0,0.0,False,-20.0
2024-12-08,Mississippi State Bulldogs,91.0,home,0.0,0.0,True,7.0
2024-12-08,Prairie View A&M Panthers,84.0,away,0.0,0.0,False,-7.0
2024-12-08,UIC Flames,69.0,home,0.0,0.0,True,1.0
2024-12-08,Dartmouth Big Green,68.0,away,0.0,0.0,False,-1.0
2024-12-08,Louisiana Ragin' Cajuns,58.0,home,0.0,0.0,False,-11.0
2024-12-08,Louisiana Tech Bulldogs,69.0,away,0.0,0.0,True,11.0
2024-12-08,Texas State Bobcats,75.0,home,0.0,0.0,True,9.0
2024-12-08,Rice Owls,66.0,away,0.0,0.0,False,-9.0
2024-12-05,Iowa State Cyclones,81.0,home,0.0,0.0,True,11.0
2024-12-05,Marquette Golden Eagles,70.0,away,0.0,0.0,False,-11.0
2024-12-05,North Carolina Tar Heels,79.0,home,0.0,0.0,False,-15.0
2024-12-05,Alabama Crimson Tide,94.0,away,0.0,0.0,True,15.0
2024-12-04,Morgan State Bears,124.0,home,0.0,0.0,True,67.0
2024-12-04,Cheyney (PA) Wolves,57.0,away,0.0,0.0,False,-67.0
2024-12-05,USC Trojans,60.0,home,0.0,0.0,False,-8.0
2024-12-05,Oregon Ducks,68.0,away,0.0,0.0,True,8.0
2024-12-04,Florida International Panthers,77.0,home,0.0,0.0,False,-11.0
2024-12-04,Florida Atlantic Owls,88.0,away,0.0,0.0,True,11.0
2024-12-05,Marshall Thundering Herd,80.0,home,0.0,0.0,True,3.0
2024-12-05,Morehead State Eagles,77.0,away,0.0,0.0,False,-3.0
2024-12-05,Creighton Bluejays,76.0,home,0.0,0.0,True,13.0
2024-12-05,Kansas Jayhawks,63.0,away,0.0,0.0,False,-13.0
2024-12-05,Duke Blue Devils,84.0,home,0.0,0.0,True,6.0
2024-12-05,Auburn Tigers,78.0,away,0.0,0.0,False,-6.0
2024-12-05,Florida Gators,87.0,home,0.0,0.0,True,18.0
2024-12-05,Virginia Cavaliers,69.0,away,0.0,0.0,False,-18.0
2024-12-04,Maryland Terrapins,83.0,home,0.0,0.0,True,24.0
2024-12-04,Ohio State Buckeyes,59.0,away,0.0,0.0,False,-24.0
2024-12-04,UAlbany Great Danes,88.0,home,0.0,0.0,True,15.0
2024-12-04,Columbia Lions,73.0,away,0.0,0.0,False,-15.0
2024-12-05,Fresno State Bulldogs,62.0,home,0.0,0.0,False,-22.0
2024-12-05,San Diego State Aztecs,84.0,away,0.0,0.0,True,22.0
2024-12-05,Mississippi State Bulldogs,90.0,home,0.0,0.0,True,33.0
2024-12-05,Pittsburgh Panthers,57.0,away,0.0,0.0,False,-33.0
2024-12-04,IU Indianapolis Jaguars,84.0,home,0.0,0.0,True,9.0
2024-12-04,Green Bay Phoenix,75.0,away,0.0,0.0,False,-9.0
2024-12-04,Mercer Bears,86.0,home,0.0,0.0,True,14.0
2024-12-04,West Georgia Wolves,72.0,away,0.0,0.0,False,-14.0
2024-12-04,UConn Huskies,76.0,home,0.0,0.0,True,4.0
2024-12-04,Baylor Bears,72.0,away,0.0,0.0,False,-4.0
2024-12-04,Holy Cross Crusaders,68.0,home,0.0,0.0,True,1.0
2024-12-04,Harvard Crimson,67.0,away,0.0,0.0,False,-1.0
2024-12-05,Memphis Tigers,81.0,home,0.0,0.0,True,10.0
2024-12-05,Louisiana Tech Bulldogs,71.0,away,0.0,0.0,False,-10.0
2024-12-05,Lindenwood Lions,102.0,home,0.0,0.0,True,57.0
2024-12-05,East-West University Phantoms,45.0,away,0.0,0.0,False,-57.0
2024-12-05,Wofford Terriers,88.0,home,0.0,0.0,True,24.0
2024-12-05,Gardner-Webb Runnin' Bulldogs,64.0,away,0.0,0.0,False,-24.0
2024-12-05,Belmont Bruins,99.0,home,0.0,0.0,True,2.0
2024-12-05,Illinois State Redbirds,97.0,away,0.0,0.0,False,-2.0
2024-12-05,Wagner Seahawks,65.0,home,0.0,0.0,True,13.0
2024-12-05,Coppin State Eagles,52.0,away,0.0,0.0,False,-13.0
2024-12-05,William & Mary Tribe,109.0,home,0.0,0.0,True,54.0
2024-12-05,Virginia-Lynchburg Dragons,55.0,away,0.0,0.0,False,-54.0
2024-12-05,Saint Francis Red Flash,107.0,home,0.0,0.0,True,52.0
2024-12-05,Penn State-Shenango Nittany Lions,55.0,away,0.0,0.0,False,-52.0
2024-12-05,Campbell Fighting Camels,57.0,home,0.0,0.0,False,-1.0
2024-12-05,Coastal Carolina Chanticleers,58.0,away,0.0,0.0,True,1.0
2024-12-05,Western Carolina Catamounts,86.0,home,0.0,0.0,True,12.0
2024-12-05,Bellarmine Knights,74.0,away,0.0,0.0,False,-12.0
2024-12-05,Long Island University Sharks,103.0,home,0.0,0.0,True,50.0
2024-12-05,York (NY) Cardinals,53.0,away,0.0,0.0,False,-50.0
2024-12-05,North Alabama Lions,82.0,home,0.0,0.0,True,23.0
2024-12-05,Tennessee Tech Golden Eagles,59.0,away,0.0,0.0,False,-23.0
2024-12-05,South Carolina Upstate Spartans,91.0,home,0.0,0.0,True,31.0
2024-12-05,Brevard Tornados,60.0,away,0.0,0.0,False,-31.0
2024-12-05,Charlotte 49ers,83.0,home,0.0,0.0,True,22.0
2024-12-05,Livingstone Blue Bears,61.0,away,0.0,0.0,False,-22.0
2024-12-05,Florida Gulf Coast Eagles,73.0,home,0.0,0.0,False,-3.0
2024-12-05,Furman Paladins,76.0,away,0.0,0.0,True,3.0
2024-12-05,Lehigh Mountain Hawks,90.0,home,0.0,0.0,True,27.0
2024-12-05,Monmouth Hawks,63.0,away,0.0,0.0,False,-27.0
2024-12-05,Colgate Raiders,57.0,home,0.0,0.0,False,-27.0
2024-12-05,Cornell Big Red,84.0,away,0.0,0.0,True,27.0
2024-12-05,Fordham Rams,84.0,home,0.0,0.0,True,9.0
2024-12-05,Fairleigh Dickinson Knights,75.0,away,0.0,0.0,False,-9.0
2024-12-05,VCU Rams,89.0,home,0.0,0.0,True,35.0
2024-12-05,Georgia Southern Eagles,54.0,away,0.0,0.0,False,-35.0
2024-12-05,Massachusetts Minutemen,69.0,home,0.0,0.0,False,-4.0
2024-12-05,Central Connecticut Blue Devils,73.0,away,0.0,0.0,True,4.0
2024-12-05,Bucknell Bison,47.0,home,0.0,0.0,False,-17.0
2024-12-05,St. Bonaventure Bonnies,64.0,away,0.0,0.0,True,17.0
2024-12-05,American University Eagles,81.0,home,0.0,0.0,True,10.0
2024-12-05,George Washington Revolutionaries,71.0,away,0.0,0.0,False,-10.0
2024-12-05,Fairfield Stags,78.0,home,0.0,0.0,True,3.0
2024-12-05,Rider Broncs,75.0,away,0.0,0.0,False,-3.0
2024-12-05,Robert Morris Colonials,58.0,home,0.0,0.0,False,-14.0
2024-12-05,Youngstown State Penguins,72.0,away,0.0,0.0,True,14.0
2024-12-05,Middle Tennessee Blue Raiders,103.0,home,0.0,0.0,True,48.0
2024-12-05,Rhodes Lynx,55.0,away,0.0,0.0,False,-48.0
2024-12-05,Wichita State Shockers,78.0,home,0.0,0.0,True,24.0
2024-12-05,Alcorn State Braves,54.0,away,0.0,0.0,False,-24.0
2024-12-05,Tulsa Golden Hurricane,55.0,home,0.0,0.0,False,-21.0
2024-12-05,Oklahoma State Cowboys,76.0,away,0.0,0.0,True,21.0
2024-12-05,Little Rock Trojans,63.0,home,0.0,0.0,True,6.0
2024-12-05,Central Arkansas Bears,57.0,away,0.0,0.0,False,-6.0
2024-12-05,UIC Flames,56.0,home,0.0,0.0,False,-27.0
2024-12-05,Northern Iowa Panthers,83.0,away,0.0,0.0,True,27.0
2024-12-05,South Dakota Coyotes,94.0,home,0.0,0.0,True,14.0
2024-12-05,Idaho State Bengals,80.0,away,0.0,0.0,False,-14.0
2024-12-05,Omaha Mavericks,65.0,home,0.0,0.0,False,-11.0
2024-12-05,Montana State Bobcats,76.0,away,0.0,0.0,True,11.0
2024-12-05,Western Illinois Leathernecks,97.0,home,0.0,0.0,True,33.0
2024-12-05,St. Ambrose Fighting Bees,64.0,away,0.0,0.0,False,-33.0
2024-12-05,Texas State Bobcats,97.0,home,0.0,0.0,True,48.0
2024-12-05,Arlington Baptist Patriots,49.0,away,0.0,0.0,False,-48.0
2024-12-05,Pepperdine Waves,119.0,home,0.0,0.0,True,62.0
2024-12-05,Life Pacific Warriors,57.0,away,0.0,0.0,False,-62.0
2024-12-05,Seton Hall Pirates,67.0,home,0.0,0.0,True,11.0
2024-12-05,NJIT Highlanders,56.0,away,0.0,0.0,False,-11.0
2024-12-05,Kansas City Roos,77.0,home,0.0,0.0,False,-5.0
2024-12-05,Idaho Vandals,82.0,away,0.0,0.0,True,5.0
2024-12-05,New Mexico State Aggies,70.0,home,0.0,0.0,False,-8.0
2024-12-05,Abilene Christian Wildcats,78.0,away,0.0,0.0,True,8.0
2024-12-05,Oral Roberts Golden Eagles,83.0,home,0.0,0.0,True,7.0
2024-12-05,Northern Arizona Lumberjacks,76.0,away,0.0,0.0,False,-7.0
2024-12-05,Minnesota Golden Gophers,72.0,home,0.0,0.0,False,-18.0
2024-12-05,Michigan State Spartans,90.0,away,0.0,0.0,True,18.0
2024-12-05,New Mexico Lobos,83.0,home,0.0,0.0,True,6.0
2024-12-05,San José State Spartans,77.0,away,0.0,0.0,False,-6.0
2024-12-05,Utah State Aggies,70.0,home,0.0,0.0,True,3.0
2024-12-05,Wyoming Cowboys,67.0,away,0.0,0.0,False,-3.0
2024-12-05,Colorado State Rams,83.0,home,0.0,0.0,True,29.0
2024-12-05,Loyola Marymount Lions,54.0,away,0.0,0.0,False,-29.0
2024-12-05,Northern Colorado Bears,75.0,home,0.0,0.0,False,-12.0
2024-12-05,St. Thomas-Minnesota Tommies,87.0,away,0.0,0.0,True,12.0
2024-12-05,Denver Pioneers,80.0,home,0.0,0.0,True,21.0
2024-12-05,Sacramento State Hornets,59.0,away,0.0,0.0,False,-21.0
2024-12-05,Virginia Tech Hokies,64.0,home,0.0,0.0,False,-16.0
2024-12-05,Vanderbilt Commodores,80.0,away,0.0,0.0,True,16.0
2024-12-05,Montana Grizzlies,71.0,home,0.0,0.0,True,4.0
2024-12-05,South Dakota State Jackrabbits,67.0,away,0.0,0.0,False,-4.0
2024-12-05,Texas Tech Red Raiders,76.0,home,0.0,0.0,True,14.0
2024-12-05,DePaul Blue Demons,62.0,away,0.0,0.0,False,-14.0
2024-12-05,Weber State Wildcats,73.0,home,0.0,0.0,False,-4.0
2024-12-05,North Dakota State Bison,77.0,away,0.0,0.0,True,4.0
2024-12-05,Eastern Washington Eagles,87.0,home,0.0,0.0,True,6.0
2024-12-05,North Dakota Fighting Hawks,81.0,away,0.0,0.0,False,-6.0
2024-12-05,NC State Wolfpack,59.0,home,0.0,0.0,False,-4.0
2024-12-05,Texas Longhorns,63.0,away,0.0,0.0,True,4.0
2024-12-05,Seattle U Redhawks,91.0,home,0.0,0.0,True,17.0
2024-12-05,Portland State Vikings,74.0,away,0.0,0.0,False,-17.0
2024-12-12,Winthrop Eagles,103.0,home,0.0,0.0,True,48.0
2024-12-12,Bob Jones Bruins,55.0,away,0.0,0.0,False,-48.0
2024-12-13,Iowa Hawkeyes,80.0,home,0.0,0.0,False,-9.0
2024-12-13,Iowa State Cyclones,89.0,away,0.0,0.0,True,9.0
2024-12-13,Texas Longhorns,91.0,home,0.0,0.0,True,24.0
2024-12-13,New Mexico State Aggies,67.0,away,0.0,0.0,False,-24.0
2024-12-13,Virginia Tech Hokies,95.0,home,0.0,0.0,True,28.0
2024-12-13,North Carolina A&T Aggies,67.0,away,0.0,0.0,False,-28.0
2024-12-13,The Citadel Bulldogs,58.0,home,0.0,0.0,False,-28.0
2024-12-13,Campbell Fighting Camels,86.0,away,0.0,0.0,True,28.0
2024-12-12,VMI Keydets,100.0,home,0.0,0.0,True,39.0
2024-12-12,Regent Royals,61.0,away,0.0,0.0,False,-39.0
2024-12-13,Evansville Purple Aces,67.0,home,0.0,0.0,False,-8.0
2024-12-13,Chattanooga Mocs,75.0,away,0.0,0.0,True,8.0
2024-12-13,Virginia Cavaliers,59.0,home,0.0,0.0,True,18.0
2024-12-13,Bethune-Cookman Wildcats,41.0,away,0.0,0.0,False,-18.0
2024-12-13,Arkansas State Red Wolves,83.0,home,0.0,0.0,True,4.0
2024-12-13,UT Arlington Mavericks,79.0,away,0.0,0.0,False,-4.0
2024-12-13,Drake Bulldogs,90.0,home,0.0,0.0,True,55.0
2024-12-13,St. Ambrose Fighting Bees,35.0,away,0.0,0.0,False,-55.0
2024-12-13,North Dakota State Bison,91.0,home,0.0,0.0,True,29.0
2024-12-13,Wisconsin-Stout Blue Devils,62.0,away,0.0,0.0,False,-29.0
2024-12-14,Merrimack Warriors,64.0,home,0.0,0.0,True,3.0
2024-12-14,Boston University Terriers,61.0,away,0.0,0.0,False,-3.0
2024-12-14,Utah Tech Trailblazers,71.0,home,0.0,0.0,False,-2.0
2024-12-14,Weber State Wildcats,73.0,away,0.0,0.0,True,2.0
2024-12-14,Northern Iowa Panthers,78.0,home,0.0,0.0,True,20.0
2024-12-14,Omaha Mavericks,58.0,away,0.0,0.0,False,-20.0
2024-12-14,Nebraska Cornhuskers,85.0,home,0.0,0.0,True,17.0
2024-12-14,Indiana Hoosiers,68.0,away,0.0,0.0,False,-17.0
2024-12-14,Colorado Buffaloes,81.0,home,0.0,0.0,True,11.0
2024-12-14,South Dakota State Jackrabbits,70.0,away,0.0,0.0,False,-11.0
2024-12-14,UTSA Roadrunners,80.0,home,0.0,0.0,True,4.0
2024-12-14,North Dakota Fighting Hawks,76.0,away,0.0,0.0,False,-4.0
2024-12-14,St. Thomas-Minnesota Tommies,77.0,home,0.0,0.0,True,6.0
2024-12-14,Western Michigan Broncos,71.0,away,0.0,0.0,False,-6.0
2024-12-14,George Washington Revolutionaries,75.0,home,0.0,0.0,True,15.0
2024-12-14,Army Black Knights,60.0,away,0.0,0.0,False,-15.0
2024-12-14,Louisiana Tech Bulldogs,77.0,home,0.0,0.0,True,14.0
2024-12-14,Georgia Southern Eagles,63.0,away,0.0,0.0,False,-14.0
2024-12-12,Alabama State Hornets,103.0,home,0.0,0.0,True,10.0
2024-12-12,UT Martin Skyhawks,93.0,away,0.0,0.0,False,-10.0
2024-12-12,Wright State Raiders,88.0,home,0.0,0.0,True,9.0
2024-12-12,Marshall Thundering Herd,79.0,away,0.0,0.0,False,-9.0
2024-12-12,Green Bay Phoenix,67.0,home,0.0,0.0,False,-21.0
2024-12-12,Milwaukee Panthers,88.0,away,0.0,0.0,True,21.0
2024-12-12,Delaware State Hornets,71.0,home,0.0,0.0,True,12.0
2024-12-12,NJIT Highlanders,59.0,away,0.0,0.0,False,-12.0
2024-12-11,UMass Lowell River Hawks,69.0,home,0.0,0.0,True,7.0
2024-12-11,Long Island University Sharks,62.0,away,0.0,0.0,False,-7.0
2024-12-12,Kentucky Wildcats,78.0,home,0.0,0.0,True,11.0
2024-12-12,Colgate Raiders,67.0,away,0.0,0.0,False,-11.0
2024-12-12,Duquesne Dukes,56.0,home,0.0,0.0,False,-5.0
2024-12-12,Maine Black Bears,61.0,away,0.0,0.0,True,5.0
2024-12-12,Purdue Fort Wayne Mastodons,78.0,home,0.0,0.0,True,2.0
2024-12-12,IU Indianapolis Jaguars,76.0,away,0.0,0.0,False,-2.0
2024-12-12,Villanova Wildcats,86.0,home,0.0,0.0,True,14.0
2024-12-12,Fairleigh Dickinson Knights,72.0,away,0.0,0.0,False,-14.0
2024-12-12,San Diego State Aztecs,81.0,home,0.0,0.0,True,6.0
2024-12-12,California Baptist Lancers,75.0,away,0.0,0.0,False,-6.0
2024-12-11,Presbyterian Blue Hose,97.0,home,0.0,0.0,True,40.0
2024-12-11,Columbia College (SC) Fighting Koalas,57.0,away,0.0,0.0,False,-40.0
2024-12-12,Northern Kentucky Norse,98.0,home,0.0,0.0,True,19.0
2024-12-12,Cumberland (KY) Patriots,79.0,away,0.0,0.0,False,-19.0
2024-12-11,Baylor Bears,94.0,home,0.0,0.0,True,25.0
2024-12-11,Norfolk State Spartans,69.0,away,0.0,0.0,False,-25.0
2024-12-12,Howard Bison,124.0,home,0.0,0.0,True,74.0
2024-12-12,Virginia-Lynchburg Dragons,50.0,away,0.0,0.0,False,-74.0
2024-12-12,Coastal Carolina Chanticleers,82.0,home,0.0,0.0,True,25.0
2024-12-12,Southern Virginia Knights,57.0,away,0.0,0.0,False,-25.0
2024-12-11,UNC Asheville Bulldogs,92.0,home,0.0,0.0,True,46.0
2024-12-11,Bluefield University Ramblin' Rams,46.0,away,0.0,0.0,False,-46.0
2024-12-12,Stonehill Skyhawks,97.0,home,0.0,0.0,True,44.0
2024-12-12,Lesley University Lynx,53.0,away,0.0,0.0,False,-44.0
2024-12-12,Notre Dame Fighting Irish,77.0,home,0.0,0.0,True,12.0
2024-12-12,Dartmouth Big Green,65.0,away,0.0,0.0,False,-12.0
2024-12-12,East Carolina Pirates,67.0,home,0.0,0.0,False,-7.0
2024-12-12,North Alabama Lions,74.0,away,0.0,0.0,True,7.0
2024-12-12,St. John's Red Storm,99.0,home,0.0,0.0,True,22.0
2024-12-12,Bryant Bulldogs,77.0,away,0.0,0.0,False,-22.0
2024-12-12,San Francisco Dons,68.0,home,0.0,0.0,True,16.0
2024-12-12,Stanislaus State Warriors,52.0,away,0.0,0.0,False,-16.0
2024-12-12,Louisiana Ragin' Cajuns,68.0,home,0.0,0.0,True,7.0
2024-12-12,SE Louisiana Lions,61.0,away,0.0,0.0,False,-7.0
2024-12-12,BYU Cougars,95.0,home,0.0,0.0,True,28.0
2024-12-12,Fresno State Bulldogs,67.0,away,0.0,0.0,False,-28.0
2024-12-12,Utah Valley Wolverines,80.0,home,0.0,0.0,True,23.0
2024-12-12,North Dakota Fighting Hawks,57.0,away,0.0,0.0,False,-23.0
2024-12-12,Louisville Cardinals,77.0,home,0.0,0.0,True,3.0
2024-12-12,UTEP Miners,74.0,away,0.0,0.0,False,-3.0
2024-12-12,UL Monroe Warhawks,89.0,home,0.0,0.0,True,16.0
2024-12-12,Arkansas-Pine Bluff Golden Lions,73.0,away,0.0,0.0,False,-16.0
2024-12-12,Pittsburgh Panthers,96.0,home,0.0,0.0,True,40.0
2024-12-12,Eastern Kentucky Colonels,56.0,away,0.0,0.0,False,-40.0
2024-12-12,Nevada Wolf Pack,77.0,home,0.0,0.0,True,14.0
2024-12-12,South Dakota State Jackrabbits,63.0,away,0.0,0.0,False,-14.0
2024-12-11,Duke Blue Devils,72.0,home,0.0,0.0,True,26.0
2024-12-11,Incarnate Word Cardinals,46.0,away,0.0,0.0,False,-26.0
2024-12-11,Illinois Fighting Illini,86.0,home,0.0,0.0,True,6.0
2024-12-11,Wisconsin Badgers,80.0,away,0.0,0.0,False,-6.0
2024-12-11,Rutgers Scarlet Knights,80.0,home,0.0,0.0,True,4.0
2024-12-11,Penn State Nittany Lions,76.0,away,0.0,0.0,False,-4.0
2024-12-11,Arkansas Razorbacks,89.0,home,0.0,0.0,True,2.0
2024-12-11,Michigan Wolverines,87.0,away,0.0,0.0,False,-2.0
2024-12-10,Butler Bulldogs,68.0,home,0.0,0.0,False,-3.0
2024-12-10,North Dakota State Bison,71.0,away,0.0,0.0,True,3.0
2024-12-10,Tennessee Volunteers,75.0,home,0.0,0.0,True,13.0
2024-12-10,Miami Hurricanes,62.0,away,0.0,0.0,False,-13.0
2024-12-11,Xavier Musketeers,119.0,home,0.0,0.0,True,61.0
2024-12-11,Morgan State Bears,58.0,away,0.0,0.0,False,-61.0
2024-12-10,Southern Jaguars,94.0,home,0.0,0.0,True,25.0
2024-12-10,Lindsey Wilson Blue Raiders,69.0,away,0.0,0.0,False,-25.0
2024-12-10,Delaware Blue Hens,78.0,home,0.0,0.0,True,27.0
2024-12-10,Chestnut Hill College Griffins,51.0,away,0.0,0.0,False,-27.0
2024-12-11,Davidson Wildcats,75.0,home,0.0,0.0,True,4.0
2024-12-11,Charlotte 49ers,71.0,away,0.0,0.0,False,-4.0
2024-12-11,Brown Bears,84.0,home,0.0,0.0,True,4.0
2024-12-11,Rhode Island Rams,80.0,away,0.0,0.0,False,-4.0
2024-12-10,UMBC Retrievers,103.0,home,0.0,0.0,True,46.0
2024-12-10,Cairn University Highlanders,57.0,away,0.0,0.0,False,-46.0
2024-12-11,Princeton Tigers,71.0,home,0.0,0.0,True,4.0
2024-12-11,Monmouth Hawks,67.0,away,0.0,0.0,False,-4.0
2024-12-11,Temple Owls,110.0,home,0.0,0.0,True,29.0
2024-12-11,Holy Family University Tigers,81.0,away,0.0,0.0,False,-29.0
2024-12-11,Houston Cougars,62.0,home,0.0,0.0,True,20.0
2024-12-11,Troy Trojans,42.0,away,0.0,0.0,False,-20.0
2024-12-11,NC State Wolfpack,66.0,home,0.0,0.0,True,10.0
2024-12-11,Coppin State Eagles,56.0,away,0.0,0.0,False,-10.0
2024-12-11,Lindenwood Lions,99.0,home,0.0,0.0,True,46.0
2024-12-11,Harris-Stowe State Hornets,53.0,away,0.0,0.0,False,-46.0
2024-12-11,Mercyhurst Lakers,77.0,home,0.0,0.0,True,26.0
2024-12-11,Penn State-Altoona Nittany Lions,51.0,away,0.0,0.0,False,-26.0
2024-12-11,Hampton Pirates,86.0,home,0.0,0.0,True,18.0
2024-12-11,Apprentice School Builders,68.0,away,0.0,0.0,False,-18.0
2024-12-11,Florida Atlantic Owls,85.0,home,0.0,0.0,True,22.0
2024-12-11,Jacksonville Dolphins,63.0,away,0.0,0.0,False,-22.0
2024-12-11,Little Rock Trojans,80.0,home,0.0,0.0,True,23.0
2024-12-11,Ouachita Baptist Tigers,57.0,away,0.0,0.0,False,-23.0
2024-12-11,Tulane Green Wave,86.0,home,0.0,0.0,True,28.0
2024-12-11,Southern Miss Golden Eagles,58.0,away,0.0,0.0,False,-28.0
2024-12-11,Western Kentucky Hilltoppers,84.0,home,0.0,0.0,True,24.0
2024-12-11,Tennessee State Tigers,60.0,away,0.0,0.0,False,-24.0
2024-12-11,South Dakota Coyotes,82.0,home,0.0,0.0,True,1.0
2024-12-11,Wyoming Cowboys,81.0,away,0.0,0.0,False,-1.0
2024-12-11,DePaul Blue Demons,63.0,home,0.0,0.0,False,-7.0
2024-12-11,Providence Friars,70.0,away,0.0,0.0,True,7.0
2024-12-11,Nicholls Colonels,110.0,home,0.0,0.0,True,44.0
2024-12-11,Southern-New Orleans Knights,66.0,away,0.0,0.0,False,-44.0
2024-12-11,Queens University Royals,91.0,home,0.0,0.0,True,38.0
2024-12-11,Carolina University Bruins,53.0,away,0.0,0.0,False,-38.0
2024-12-11,West Virginia Mountaineers,79.0,home,0.0,0.0,True,34.0
2024-12-11,North Carolina Central Eagles,45.0,away,0.0,0.0,False,-34.0
2024-12-11,San Diego Toreros,70.0,home,0.0,0.0,False,-6.0
2024-12-11,Long Beach State Beach,76.0,away,0.0,0.0,True,6.0
2024-12-11,Portland Pilots,64.0,home,0.0,0.0,False,-5.0
2024-12-11,Kansas City Roos,69.0,away,0.0,0.0,True,5.0
2024-12-11,Syracuse Orange,102.0,home,0.0,0.0,True,17.0
2024-12-11,UAlbany Great Danes,85.0,away,0.0,0.0,False,-17.0
2024-12-11,Denver Pioneers,94.0,home,0.0,0.0,True,7.0
2024-12-11,Colorado-Colorado Springs Mountain Lions,87.0,away,0.0,0.0,False,-7.0
2024-12-11,Cal State Fullerton Titans,61.0,home,0.0,0.0,True,6.0
2024-12-11,La Sierra Golden Eagles,55.0,away,0.0,0.0,False,-6.0
2024-12-11,Saint Joseph's Hawks,75.0,home,0.0,0.0,False,-3.0
2024-12-11,Charleston Cougars,78.0,away,0.0,0.0,True,3.0
2024-12-11,Washington Huskies,87.0,home,0.0,0.0,True,18.0
2024-12-11,Eastern Washington Eagles,69.0,away,0.0,0.0,False,-18.0
2024-12-11,Montana Grizzlies,89.0,home,0.0,0.0,True,29.0
2024-12-11,Montana Tech Orediggers,60.0,away,0.0,0.0,False,-29.0
2024-12-11,California Golden Bears,80.0,home,0.0,0.0,False,-8.0
2024-12-11,Cornell Big Red,88.0,away,0.0,0.0,True,8.0
2024-12-17,Central Arkansas Bears,73.0,home,0.0,0.0,True,2.0
2024-12-17,The Citadel Bulldogs,71.0,away,0.0,0.0,False,-2.0
2024-12-17,Rice Owls,77.0,home,0.0,0.0,True,2.0
2024-12-17,Alcorn State Braves,75.0,away,0.0,0.0,False,-2.0
2024-12-17,Marshall Thundering Herd,93.0,home,0.0,0.0,True,30.0
2024-12-17,West Virginia Wesleyan Bobcats,63.0,away,0.0,0.0,False,-30.0
2024-12-17,Utah Tech Trailblazers,100.0,home,0.0,0.0,True,34.0
2024-12-17,Whittier Poets,66.0,away,0.0,0.0,False,-34.0
2024-12-17,Northern Iowa Panthers,104.0,home,0.0,0.0,True,28.0
2024-12-17,Montana Grizzlies,76.0,away,0.0,0.0,False,-28.0
2024-12-17,Louisiana Tech Bulldogs,74.0,home,0.0,0.0,True,8.0
2024-12-17,Grand Canyon Lopes,66.0,away,0.0,0.0,False,-8.0
2024-12-17,UTEP Miners,67.0,home,0.0,0.0,True,5.0
2024-12-17,Tarleton State Texans,62.0,away,0.0,0.0,False,-5.0
2024-12-17,New Mexico State Aggies,72.0,home,0.0,0.0,True,3.0
2024-12-17,Southern Utah Thunderbirds,69.0,away,0.0,0.0,False,-3.0
2024-12-17,Northern Colorado Bears,81.0,home,0.0,0.0,True,5.0
2024-12-17,Air Force Falcons,76.0,away,0.0,0.0,False,-5.0
2024-12-17,Portland Pilots,100.0,home,0.0,0.0,True,31.0
2024-12-17,Willamette Bearcats,69.0,away,0.0,0.0,False,-31.0
2024-12-17,Grambling Tigers,65.0,home,0.0,0.0,False,-10.0
2024-12-17,SE Louisiana Lions,75.0,away,0.0,0.0,True,10.0
2024-12-17,Charleston Cougars,77.0,home,0.0,0.0,True,10.0
2024-12-17,Wofford Terriers,67.0,away,0.0,0.0,False,-10.0
2024-12-17,Texas Tech Red Raiders,86.0,home,0.0,0.0,True,36.0
2024-12-17,Oral Roberts Golden Eagles,50.0,away,0.0,0.0,False,-36.0
2024-12-17,Maryland Eastern Shore Hawks,81.0,home,0.0,0.0,True,17.0
2024-12-17,Cairn University Highlanders,64.0,away,0.0,0.0,False,-17.0
2024-12-17,TCU Horned Frogs,58.0,home,0.0,0.0,True,9.0
2024-12-17,South Alabama Jaguars,49.0,away,0.0,0.0,False,-9.0
2024-12-17,Middle Tennessee Blue Raiders,75.0,home,0.0,0.0,True,11.0
2024-12-17,California Baptist Lancers,64.0,away,0.0,0.0,False,-11.0
2024-12-17,Sam Houston Bearkats,80.0,home,0.0,0.0,True,26.0
2024-12-17,St. Thomas (TX) Celts,54.0,away,0.0,0.0,False,-26.0
2024-12-17,Lipscomb Bisons,99.0,home,0.0,0.0,True,32.0
2024-12-17,Truett-McConnell Bears,67.0,away,0.0,0.0,False,-32.0
2024-12-15,Hofstra Pride,42.0,home,0.0,0.0,False,-18.0
2024-12-15,Temple Owls,60.0,away,0.0,0.0,True,18.0
2024-12-15,Virginia Tech Hokies,80.0,home,0.0,0.0,True,8.0
2024-12-15,Navy Midshipmen,72.0,away,0.0,0.0,False,-8.0
2024-12-15,North Dakota State Bison,98.0,home,0.0,0.0,True,36.0
2024-12-15,Western Michigan Broncos,62.0,away,0.0,0.0,False,-36.0
2024-12-15,Little Rock Trojans,69.0,home,0.0,0.0,False,-8.0
2024-12-15,UIC Flames,77.0,away,0.0,0.0,True,8.0
2024-12-15,SIU Edwardsville Cougars,100.0,home,0.0,0.0,True,48.0
2024-12-15,Eureka Red Devils,52.0,away,0.0,0.0,False,-48.0
2024-12-15,Iowa State Cyclones,83.0,home,0.0,0.0,True,32.0
2024-12-15,Omaha Mavericks,51.0,away,0.0,0.0,False,-32.0
2024-12-15,Oregon Ducks,79.0,home,0.0,0.0,True,18.0
2024-12-15,Stephen F. Austin Lumberjacks,61.0,away,0.0,0.0,False,-18.0
2024-12-15,Binghamton Bearcats,85.0,home,0.0,0.0,True,25.0
2024-12-15,Lancasater Bible College Chargers,60.0,away,0.0,0.0,False,-25.0
2024-12-15,Old Dominion Monarchs,71.0,home,0.0,0.0,False,-4.0
2024-12-15,Northeastern Huskies,75.0,away,0.0,0.0,True,4.0
2024-12-15,Rhode Island Rams,77.0,home,0.0,0.0,True,8.0
2024-12-15,Central Connecticut Blue Devils,69.0,away,0.0,0.0,False,-8.0
2024-12-15,Morgan State Bears,86.0,home,0.0,0.0,True,10.0
2024-12-15,Campbell Fighting Camels,76.0,away,0.0,0.0,False,-10.0
2024-12-15,Southern Indiana Screaming Eagles,91.0,home,0.0,0.0,True,35.0
2024-12-15,Shawnee State Bears,56.0,away,0.0,0.0,False,-35.0
2024-12-15,Northern Kentucky Norse,71.0,home,0.0,0.0,True,9.0
2024-12-15,Norfolk State Spartans,62.0,away,0.0,0.0,False,-9.0
2024-12-15,Morehead State Eagles,86.0,home,0.0,0.0,True,23.0
2024-12-15,Kentucky Christian Knights,63.0,away,0.0,0.0,False,-23.0
2024-12-15,Colgate Raiders,65.0,home,0.0,0.0,True,5.0
2024-12-15,Vermont Catamounts,60.0,away,0.0,0.0,False,-5.0
2024-12-15,Chattanooga Mocs,85.0,home,0.0,0.0,True,22.0
2024-12-15,Alabama A&M Bulldogs,63.0,away,0.0,0.0,False,-22.0
2024-12-15,Milwaukee Panthers,100.0,home,0.0,0.0,True,19.0
2024-12-15,Akron Zips,81.0,away,0.0,0.0,False,-19.0
2024-12-15,Miami (OH) RedHawks,112.0,home,0.0,0.0,True,42.0
2024-12-15,Bethany (WV) Bison,70.0,away,0.0,0.0,False,-42.0
2024-12-15,Mercer Bears,75.0,home,0.0,0.0,True,12.0
2024-12-15,Chicago State Cougars,63.0,away,0.0,0.0,False,-12.0
2024-12-15,East Texas A&M Lions,72.0,home,0.0,0.0,False,-9.0
2024-12-15,South Alabama Jaguars,81.0,away,0.0,0.0,True,9.0
2024-12-15,Eastern Michigan Eagles,76.0,home,0.0,0.0,False,-23.0
2024-12-15,Purdue Fort Wayne Mastodons,99.0,away,0.0,0.0,True,23.0
2024-12-15,Southeast Missouri State Redhawks,93.0,home,0.0,0.0,True,37.0
2024-12-15,Saint Mary of the Woods College Pomeroys,56.0,away,0.0,0.0,False,-37.0
2024-12-15,St. Thomas-Minnesota Tommies,100.0,home,0.0,0.0,True,39.0
2024-12-15,Crown College Polars,61.0,away,0.0,0.0,False,-39.0
2024-12-15,Incarnate Word Cardinals,93.0,home,0.0,0.0,True,24.0
2024-12-15,Our Lady Of The Lake Saints,69.0,away,0.0,0.0,False,-24.0
2024-12-15,Texas Longhorns,121.0,home,0.0,0.0,True,64.0
2024-12-15,Arkansas-Pine Bluff Golden Lions,57.0,away,0.0,0.0,False,-64.0
2024-12-15,Iowa Hawkeyes,104.0,home,0.0,0.0,True,47.0
2024-12-15,New Orleans Privateers,57.0,away,0.0,0.0,False,-47.0
2024-12-15,Northwestern Wildcats,71.0,home,0.0,0.0,True,11.0
2024-12-15,Georgia Tech Yellow Jackets,60.0,away,0.0,0.0,False,-11.0
2024-12-15,Cal State Fullerton Titans,74.0,home,0.0,0.0,True,15.0
2024-12-15,Denver Pioneers,59.0,away,0.0,0.0,False,-15.0
2024-12-15,Loyola Chicago Ramblers,66.0,home,0.0,0.0,False,-10.0
2024-12-15,San Francisco Dons,76.0,away,0.0,0.0,True,10.0
2024-12-15,Illinois State Redbirds,81.0,home,0.0,0.0,True,4.0
2024-12-15,Saint Louis Billikens,77.0,away,0.0,0.0,False,-4.0
2024-12-16,Idaho Vandals,56.0,home,0.0,0.0,False,-24.0
2024-12-16,UC San Diego Tritons,80.0,away,0.0,0.0,True,24.0
2024-12-15,North Dakota Fighting Hawks,85.0,home,0.0,0.0,False,-10.0
2024-12-15,UTSA Roadrunners,95.0,away,0.0,0.0,True,10.0
2024-12-16,USC Trojans,89.0,home,0.0,0.0,True,26.0
2024-12-16,Montana State Bobcats,63.0,away,0.0,0.0,False,-26.0
2024-12-15,Miami Hurricanes,94.0,home,0.0,0.0,True,19.0
2024-12-15,Presbyterian Blue Hose,75.0,away,0.0,0.0,False,-19.0
2024-12-15,UC Riverside Highlanders,78.0,home,0.0,0.0,True,23.0
2024-12-15,St. Francis (IL) Fighting Saints,55.0,away,0.0,0.0,False,-23.0
2024-12-15,UT Martin Skyhawks,123.0,home,0.0,0.0,True,67.0
2024-12-15,Champion Christian Tigers,56.0,away,0.0,0.0,False,-67.0
2024-12-15,Boston College Eagles,73.0,home,0.0,0.0,True,4.0
2024-12-15,Stonehill Skyhawks,69.0,away,0.0,0.0,False,-4.0
2024-12-15,Kent State Golden Flashes,82.0,home,0.0,0.0,True,25.0
2024-12-15,Mercyhurst Lakers,57.0,away,0.0,0.0,False,-25.0
2024-12-16,Cal State Bakersfield Roadrunners,96.0,home,0.0,0.0,True,49.0
2024-12-16,La Sierra Golden Eagles,47.0,away,0.0,0.0,False,-49.0
2024-12-15,UAB Blazers,89.0,home,0.0,0.0,False,-9.0
2024-12-15,Arkansas State Red Wolves,98.0,away,0.0,0.0,True,9.0
2024-12-07,Wake Forest Demon Deacons,72.0,home,0.0,0.0,True,6.0
2024-12-07,Boston College Eagles,66.0,away,0.0,0.0,False,-6.0
2024-12-07,Houston Cougars,79.0,home,0.0,0.0,True,28.0
2024-12-07,Butler Bulldogs,51.0,away,0.0,0.0,False,-28.0
2024-12-07,Marquette Golden Eagles,88.0,home,0.0,0.0,True,14.0
2024-12-07,Wisconsin Badgers,74.0,away,0.0,0.0,False,-14.0
2024-12-07,St. John's Red Storm,88.0,home,0.0,0.0,True,17.0
2024-12-07,Kansas State Wildcats,71.0,away,0.0,0.0,False,-17.0
2024-12-07,Massachusetts Minutemen,83.0,home,0.0,0.0,False,-13.0
2024-12-07,UMass Lowell River Hawks,96.0,away,0.0,0.0,True,13.0
2024-12-07,Furman Paladins,69.0,home,0.0,0.0,True,6.0
2024-12-07,Princeton Tigers,63.0,away,0.0,0.0,False,-6.0
2024-12-07,Virginia Tech Hokies,59.0,home,0.0,0.0,False,-5.0
2024-12-07,Pittsburgh Panthers,64.0,away,0.0,0.0,True,5.0
2024-12-07,Towson Tigers,71.0,home,0.0,0.0,False,-13.0
2024-12-07,UMBC Retrievers,84.0,away,0.0,0.0,True,13.0
2024-12-07,Michigan State Spartans,89.0,home,0.0,0.0,True,37.0
2024-12-07,Nebraska Cornhuskers,52.0,away,0.0,0.0,False,-37.0
2024-12-07,North Carolina Tar Heels,68.0,home,0.0,0.0,True,3.0
2024-12-07,Georgia Tech Yellow Jackets,65.0,away,0.0,0.0,False,-3.0
2024-12-08,Gonzaga Bulldogs,89.0,home,0.0,0.0,False,-1.0
2024-12-08,Kentucky Wildcats,90.0,away,0.0,0.0,True,1.0
2024-12-07,Notre Dame Fighting Irish,69.0,home,0.0,0.0,True,5.0
2024-12-07,Syracuse Orange,64.0,away,0.0,0.0,False,-5.0
2024-12-08,Oklahoma Sooners,94.0,home,0.0,0.0,True,16.0
2024-12-08,Alcorn State Braves,78.0,away,0.0,0.0,False,-16.0
2024-12-07,Incarnate Word Cardinals,65.0,home,0.0,0.0,True,12.0
2024-12-07,East Texas A&M Lions,53.0,away,0.0,0.0,False,-12.0
2024-12-08,San Diego State Aztecs,74.0,home,0.0,0.0,True,17.0
2024-12-08,San Diego Toreros,57.0,away,0.0,0.0,False,-17.0
2024-12-07,Ohio State Buckeyes,80.0,home,0.0,0.0,True,14.0
2024-12-07,Rutgers Scarlet Knights,66.0,away,0.0,0.0,False,-14.0
2024-12-08,Ole Miss Rebels,86.0,home,0.0,0.0,True,33.0
2024-12-08,Lindenwood Lions,53.0,away,0.0,0.0,False,-33.0
2024-12-07,Miami Hurricanes,55.0,home,0.0,0.0,False,-10.0
2024-12-07,Clemson Tigers,65.0,away,0.0,0.0,True,10.0
2024-12-07,Rhode Island Rams,69.0,home,0.0,0.0,True,6.0
2024-12-07,Providence Friars,63.0,away,0.0,0.0,False,-6.0
2024-12-07,Loyola Chicago Ramblers,74.0,home,0.0,0.0,True,2.0
2024-12-07,South Florida Bulls,72.0,away,0.0,0.0,False,-2.0
2024-12-07,Evansville Purple Aces,65.0,home,0.0,0.0,False,-14.0
2024-12-07,Western Kentucky Hilltoppers,79.0,away,0.0,0.0,True,14.0
2024-12-07,UNC Wilmington Seahawks,78.0,home,0.0,0.0,True,9.0
2024-12-07,Marshall Thundering Herd,69.0,away,0.0,0.0,False,-9.0
2024-12-07,Fairleigh Dickinson Knights,98.0,home,0.0,0.0,True,44.0
2024-12-07,Lehman College Bridges,54.0,away,0.0,0.0,False,-44.0
2024-12-07,Detroit Mercy Titans,72.0,home,0.0,0.0,False,-8.0
2024-12-07,Wright State Raiders,80.0,away,0.0,0.0,True,8.0
2024-12-07,West Georgia Wolves,78.0,home,0.0,0.0,True,5.0
2024-12-07,Tennessee Tech Golden Eagles,73.0,away,0.0,0.0,False,-5.0
2024-12-07,Delaware State Hornets,80.0,home,0.0,0.0,True,3.0
2024-12-07,Loyola Maryland Greyhounds,77.0,away,0.0,0.0,False,-3.0
2024-12-07,NJIT Highlanders,69.0,home,0.0,0.0,True,5.0
2024-12-07,Navy Midshipmen,64.0,away,0.0,0.0,False,-5.0
2024-12-07,Toledo Rockets,111.0,home,0.0,0.0,True,62.0
2024-12-07,Defiance Yellow Jackets,49.0,away,0.0,0.0,False,-62.0
2024-12-07,Drexel Dragons,60.0,home,0.0,0.0,True,13.0
2024-12-07,Pennsylvania Quakers,47.0,away,0.0,0.0,False,-13.0
2024-12-07,Bowling Green Falcons,102.0,home,0.0,0.0,True,21.0
2024-12-07,Morgan State Bears,81.0,away,0.0,0.0,False,-21.0
2024-12-07,Gardner-Webb Runnin' Bulldogs,77.0,home,0.0,0.0,False,-1.0
2024-12-07,North Carolina Central Eagles,78.0,away,0.0,0.0,True,1.0
2024-12-07,VMI Keydets,78.0,home,0.0,0.0,False,-3.0
2024-12-07,Queens University Royals,81.0,away,0.0,0.0,True,3.0
2024-12-07,Holy Cross Crusaders,56.0,home,0.0,0.0,False,-13.0
2024-12-07,Central Connecticut Blue Devils,69.0,away,0.0,0.0,True,13.0
2024-12-07,Boston University Terriers,80.0,home,0.0,0.0,True,6.0
2024-12-07,UAlbany Great Danes,74.0,away,0.0,0.0,False,-6.0
2024-12-07,Northern Arizona Lumberjacks,95.0,home,0.0,0.0,True,13.0
2024-12-07,South Dakota Coyotes,82.0,away,0.0,0.0,False,-13.0
2024-12-07,North Carolina A&T Aggies,55.0,home,0.0,0.0,False,-12.0
2024-12-07,UNC Greensboro Spartans,67.0,away,0.0,0.0,True,12.0
2024-12-07,Arizona Wildcats,102.0,home,0.0,0.0,True,36.0
2024-12-07,Southern Utah Thunderbirds,66.0,away,0.0,0.0,False,-36.0
2024-12-07,Columbia Lions,98.0,home,0.0,0.0,True,49.0
2024-12-07,Merchant Marine Academy Mariners,49.0,away,0.0,0.0,False,-49.0
2024-12-07,Yale Bulldogs,65.0,home,0.0,0.0,True,15.0
2024-12-07,Vermont Catamounts,50.0,away,0.0,0.0,False,-15.0
2024-12-07,Michigan Wolverines,85.0,home,0.0,0.0,True,2.0
2024-12-07,Iowa Hawkeyes,83.0,away,0.0,0.0,False,-2.0
2024-12-07,George Mason Patriots,76.0,home,0.0,0.0,True,12.0
2024-12-07,Tulane Green Wave,64.0,away,0.0,0.0,False,-12.0
2024-12-07,Dayton Flyers,86.0,home,0.0,0.0,True,24.0
2024-12-07,Lehigh Mountain Hawks,62.0,away,0.0,0.0,False,-24.0
2024-12-07,UNC Asheville Bulldogs,120.0,home,0.0,0.0,True,56.0
2024-12-07,St. Andrews Knights,64.0,away,0.0,0.0,False,-56.0
2024-12-07,Nicholls Colonels,73.0,home,0.0,0.0,True,3.0
2024-12-07,New Orleans Privateers,70.0,away,0.0,0.0,False,-3.0
2024-12-07,South Carolina Gamecocks,75.0,home,0.0,0.0,True,7.0
2024-12-07,East Carolina Pirates,68.0,away,0.0,0.0,False,-7.0
2024-12-07,SMU Mustangs,63.0,home,0.0,0.0,True,12.0
2024-12-07,Virginia Cavaliers,51.0,away,0.0,0.0,False,-12.0
2024-12-07,Bellarmine Knights,94.0,home,0.0,0.0,True,28.0
2024-12-07,Brescia Bearcats,66.0,away,0.0,0.0,False,-28.0
2024-12-07,Air Force Falcons,69.0,home,0.0,0.0,True,8.0
2024-12-07,Stony Brook Seawolves,61.0,away,0.0,0.0,False,-8.0
2024-12-07,IU Indianapolis Jaguars,64.0,home,0.0,0.0,False,-2.0
2024-12-07,Northern Kentucky Norse,66.0,away,0.0,0.0,True,2.0
2024-12-07,Tulsa Golden Hurricane,66.0,home,0.0,0.0,False,-4.0
2024-12-07,Southern Jaguars,70.0,away,0.0,0.0,True,4.0
2024-12-07,Western Carolina Catamounts,68.0,home,0.0,0.0,False,-6.0
2024-12-07,South Carolina Upstate Spartans,74.0,away,0.0,0.0,True,6.0
2024-12-07,Arkansas Razorbacks,75.0,home,0.0,0.0,True,15.0
2024-12-07,UTSA Roadrunners,60.0,away,0.0,0.0,False,-15.0
2024-12-07,Southern Illinois Salukis,73.0,home,0.0,0.0,True,3.0
2024-12-07,Southern Indiana Screaming Eagles,70.0,away,0.0,0.0,False,-3.0
2024-12-07,Youngstown State Penguins,66.0,home,0.0,0.0,True,16.0
2024-12-07,Oakland Golden Grizzlies,50.0,away,0.0,0.0,False,-16.0
2024-12-07,St. Thomas-Minnesota Tommies,88.0,home,0.0,0.0,True,7.0
2024-12-07,Montana Grizzlies,81.0,away,0.0,0.0,False,-7.0
2024-12-07,Mercyhurst Lakers,73.0,home,0.0,0.0,False,-4.0
2024-12-07,Lafayette Leopards,77.0,away,0.0,0.0,True,4.0
2024-12-07,Akron Zips,101.0,home,0.0,0.0,True,53.0
2024-12-07,SUNY-Brockport Golden Eagles,48.0,away,0.0,0.0,False,-53.0
2024-12-07,Belmont Bruins,82.0,home,0.0,0.0,True,3.0
2024-12-07,Middle Tennessee Blue Raiders,79.0,away,0.0,0.0,False,-3.0
2024-12-07,Green Bay Phoenix,61.0,home,0.0,0.0,False,-22.0
2024-12-07,Cleveland State Vikings,83.0,away,0.0,0.0,True,22.0
2024-12-07,James Madison Dukes,78.0,home,0.0,0.0,True,17.0
2024-12-07,Utah Valley Wolverines,61.0,away,0.0,0.0,False,-17.0
2024-12-07,UTEP Miners,88.0,home,0.0,0.0,True,16.0
2024-12-07,Seattle U Redhawks,72.0,away,0.0,0.0,False,-16.0
2024-12-07,NC State Wolfpack,84.0,home,0.0,0.0,True,10.0
2024-12-07,Florida State Seminoles,74.0,away,0.0,0.0,False,-10.0
2024-12-07,McNeese Cowboys,103.0,home,0.0,0.0,True,34.0
2024-12-07,LeTourneau Yellow Jackets,69.0,away,0.0,0.0,False,-34.0
2024-12-07,Old Dominion Monarchs,70.0,home,0.0,0.0,False,-8.0
2024-12-07,George Washington Revolutionaries,78.0,away,0.0,0.0,True,8.0
2024-12-07,California Golden Bears,81.0,home,0.0,0.0,False,-8.0
2024-12-07,Stanford Cardinal,89.0,away,0.0,0.0,True,8.0
2024-12-07,Long Beach State Beach,76.0,home,0.0,0.0,True,8.0
2024-12-07,Hawai'i Rainbow Warriors,68.0,away,0.0,0.0,False,-8.0
2024-12-07,Boise State Broncos,69.0,home,0.0,0.0,False,-5.0
2024-12-07,Washington State Cougars,74.0,away,0.0,0.0,True,5.0
2024-12-07,Ohio Bobcats,88.0,home,0.0,0.0,True,12.0
2024-12-07,Morehead State Eagles,76.0,away,0.0,0.0,False,-12.0
2024-12-07,Sacramento State Hornets,60.0,home,0.0,0.0,False,-10.0
2024-12-07,Omaha Mavericks,70.0,away,0.0,0.0,True,10.0
2024-12-07,Temple Owls,65.0,home,0.0,0.0,False,-29.0
2024-12-07,Villanova Wildcats,94.0,away,0.0,0.0,True,29.0
2024-12-07,St. Bonaventure Bonnies,65.0,home,0.0,0.0,True,10.0
2024-12-07,Buffalo Bulls,55.0,away,0.0,0.0,False,-10.0
2024-12-07,Creighton Bluejays,83.0,home,0.0,0.0,True,18.0
2024-12-07,UNLV Rebels,65.0,away,0.0,0.0,False,-18.0
2024-12-07,UT Martin Skyhawks,112.0,home,0.0,0.0,True,52.0
2024-12-07,Montreat Cavaliers,60.0,away,0.0,0.0,False,-52.0
2024-12-07,Portland State Vikings,67.0,home,0.0,0.0,False,-1.0
2024-12-07,Denver Pioneers,68.0,away,0.0,0.0,True,1.0
2024-12-07,Texas A&M-Corpus Christi Islanders,67.0,home,0.0,0.0,True,19.0
2024-12-07,Stephen F. Austin Lumberjacks,48.0,away,0.0,0.0,False,-19.0
2024-12-07,Houston Christian Huskies,57.0,home,0.0,0.0,False,-7.0
2024-12-07,Northwestern State Demons,64.0,away,0.0,0.0,True,7.0
2024-12-07,Pepperdine Waves,85.0,home,0.0,0.0,True,28.0
2024-12-07,Grambling Tigers,57.0,away,0.0,0.0,False,-28.0
2024-12-07,UT Rio Grande Valley Vaqueros,52.0,home,0.0,0.0,False,-32.0
2024-12-07,Lamar Cardinals,84.0,away,0.0,0.0,True,32.0
2024-12-07,Oregon State Beavers,78.0,home,0.0,0.0,True,16.0
2024-12-07,Idaho Vandals,62.0,away,0.0,0.0,False,-16.0
2024-12-07,Sam Houston Bearkats,87.0,home,0.0,0.0,True,16.0
2024-12-07,Texas Southern Tigers,71.0,away,0.0,0.0,False,-16.0
2024-12-07,Le Moyne Dolphins,62.0,home,0.0,0.0,False,-10.0
2024-12-07,Binghamton Bearcats,72.0,away,0.0,0.0,True,10.0
2024-12-08,La Salle Explorers,68.0,home,0.0,0.0,False,-14.0
2024-12-08,Saint Joseph's Hawks,82.0,away,0.0,0.0,True,14.0
2024-12-08,Santa Clara Broncos,81.0,home,0.0,0.0,True,15.0
2024-12-08,Fresno State Bulldogs,66.0,away,0.0,0.0,False,-15.0
2024-12-07,Washington Huskies,61.0,home,0.0,0.0,False,-24.0
2024-12-07,USC Trojans,85.0,away,0.0,0.0,True,24.0
2024-12-08,Utah Utes,63.0,home,0.0,0.0,False,-9.0
2024-12-08,Saint Mary's Gaels,72.0,away,0.0,0.0,True,9.0
2024-12-08,Wichita State Shockers,96.0,home,0.0,0.0,True,9.0
2024-12-08,East Tennessee State Buccaneers,87.0,away,0.0,0.0,False,-9.0
2024-12-08,Winthrop Eagles,96.0,home,0.0,0.0,True,7.0
2024-12-08,Coastal Carolina Chanticleers,89.0,away,0.0,0.0,False,-7.0
2024-12-08,Illinois State Redbirds,72.0,home,0.0,0.0,True,11.0
2024-12-08,Pacific Tigers,61.0,away,0.0,0.0,False,-11.0
2024-12-08,Elon Phoenix,79.0,home,0.0,0.0,True,23.0
2024-12-08,Wofford Terriers,56.0,away,0.0,0.0,False,-23.0
2024-12-07,Northern Iowa Panthers,101.0,home,0.0,0.0,True,44.0
2024-12-07,Northern Illinois Huskies,57.0,away,0.0,0.0,False,-44.0
2024-12-08,Arkansas-Pine Bluff Golden Lions,84.0,home,0.0,0.0,True,6.0
2024-12-08,Central Arkansas Bears,78.0,away,0.0,0.0,False,-6.0
2024-12-08,Georgia Southern Eagles,93.0,home,0.0,0.0,True,2.0
2024-12-08,North Florida Ospreys,91.0,away,0.0,0.0,False,-2.0
2024-12-08,Liberty Flames,89.0,home,0.0,0.0,True,37.0
2024-12-08,Mississippi Valley State Delta Devils,52.0,away,0.0,0.0,False,-37.0
2024-12-08,South Dakota State Jackrabbits,74.0,home,0.0,0.0,True,21.0
2024-12-08,Eastern Washington Eagles,53.0,away,0.0,0.0,False,-21.0
2024-12-08,North Dakota State Bison,82.0,home,0.0,0.0,True,12.0
2024-12-08,Northern Colorado Bears,70.0,away,0.0,0.0,False,-12.0
2024-12-08,Grand Canyon Lopes,100.0,home,0.0,0.0,True,48.0
2024-12-08,Life Pacific Warriors,52.0,away,0.0,0.0,False,-48.0
2024-12-08,Missouri State Bears,77.0,home,0.0,0.0,False,-3.0
2024-12-08,Indiana State Sycamores,80.0,away,0.0,0.0,True,3.0
2024-12-08,Idaho State Bengals,71.0,home,0.0,0.0,True,16.0
2024-12-08,Oral Roberts Golden Eagles,55.0,away,0.0,0.0,False,-16.0
2024-12-08,North Dakota Fighting Hawks,80.0,home,0.0,0.0,True,5.0
2024-12-08,Weber State Wildcats,75.0,away,0.0,0.0,False,-5.0
2024-12-08,Cal Poly Mustangs,91.0,home,0.0,0.0,False,-11.0
2024-12-08,Cal State Northridge Matadors,102.0,away,0.0,0.0,True,11.0
2024-12-08,UC Riverside Highlanders,75.0,home,0.0,0.0,True,7.0
2024-12-08,Cal State Fullerton Titans,68.0,away,0.0,0.0,False,-7.0
2024-12-08,Colorado Buffaloes,72.0,home,0.0,0.0,True,17.0
2024-12-08,Colorado State Rams,55.0,away,0.0,0.0,False,-17.0
2024-12-08,Loyola Marymount Lions,68.0,home,0.0,0.0,True,4.0
2024-12-08,Nevada Wolf Pack,64.0,away,0.0,0.0,False,-4.0
2024-12-08,UC Davis Aggies,71.0,home,0.0,0.0,True,11.0
2024-12-08,UC Santa Barbara Gauchos,60.0,away,0.0,0.0,False,-11.0
2024-12-08,Utah State Aggies,92.0,home,0.0,0.0,True,30.0
2024-12-08,Utah Tech Trailblazers,62.0,away,0.0,0.0,False,-30.0
2024-12-08,Montana State Bobcats,74.0,home,0.0,0.0,True,12.0
2024-12-08,Kansas City Roos,62.0,away,0.0,0.0,False,-12.0
2024-12-08,New Mexico Lobos,83.0,home,0.0,0.0,False,-6.0
2024-12-08,New Mexico State Aggies,89.0,away,0.0,0.0,True,6.0
2024-12-08,UC San Diego Tritons,81.0,home,0.0,0.0,True,21.0
2024-12-08,Cal State Bakersfield Roadrunners,60.0,away,0.0,0.0,False,-21.0
2024-12-19,Rice Owls,68.0,home,0.0,0.0,False,-1.0
2024-12-19,UNT Dallas Trailblazers,69.0,away,0.0,0.0,True,1.0
2024-12-19,Western Carolina Catamounts,78.0,home,0.0,0.0,True,9.0
2024-12-19,Milligan Buffaloes,69.0,away,0.0,0.0,False,-9.0
2024-12-19,UTSA Roadrunners,117.0,home,0.0,0.0,True,59.0
2024-12-19,Southwestern Adventist Knights,58.0,away,0.0,0.0,False,-59.0
2024-12-19,Norfolk State Spartans,71.0,home,0.0,0.0,True,17.0
2024-12-19,Alabama State Hornets,54.0,away,0.0,0.0,False,-17.0
2024-12-20,Wyoming Cowboys,92.0,home,0.0,0.0,True,37.0
2024-12-20,Bellarmine Knights,55.0,away,0.0,0.0,False,-37.0
2024-12-20,Cleveland State Vikings,92.0,home,0.0,0.0,True,17.0
2024-12-20,Oakland Golden Grizzlies,75.0,away,0.0,0.0,False,-17.0
2024-12-20,Saint Francis Red Flash,104.0,home,0.0,0.0,True,57.0
2024-12-20,Franciscan University Barons,47.0,away,0.0,0.0,False,-57.0
2024-12-20,Georgia Bulldogs,100.0,home,0.0,0.0,True,51.0
2024-12-20,Buffalo Bulls,49.0,away,0.0,0.0,False,-51.0
2024-12-19,Incarnate Word Cardinals,101.0,home,0.0,0.0,True,44.0
2024-12-19,Schreiner Mountaineers,57.0,away,0.0,0.0,False,-44.0
2024-12-20,Lindenwood Lions,73.0,home,0.0,0.0,False,-6.0
2024-12-20,Tennessee Tech Golden Eagles,79.0,away,0.0,0.0,True,6.0
2024-12-20,Middle Tennessee Blue Raiders,67.0,home,0.0,0.0,True,2.0
2024-12-20,Lipscomb Bisons,65.0,away,0.0,0.0,False,-2.0
2024-12-20,Morehead State Eagles,70.0,home,0.0,0.0,True,1.0
2024-12-20,UT Martin Skyhawks,69.0,away,0.0,0.0,False,-1.0
2024-12-20,Texas Longhorns,98.0,home,0.0,0.0,True,36.0
2024-12-20,New Orleans Privateers,62.0,away,0.0,0.0,False,-36.0
2024-12-19,UNC Asheville Bulldogs,114.0,home,0.0,0.0,True,54.0
2024-12-19,Virginia-Lynchburg Dragons,60.0,away,0.0,0.0,False,-54.0
2024-12-20,Southern Indiana Screaming Eagles,77.0,home,0.0,0.0,True,2.0
2024-12-20,Tennessee State Tigers,75.0,away,0.0,0.0,False,-2.0
2024-12-20,South Dakota State Jackrabbits,87.0,home,0.0,0.0,True,15.0
2024-12-20,Chadron State Eagles,72.0,away,0.0,0.0,False,-15.0
2024-12-20,North Alabama Lions,86.0,home,0.0,0.0,True,17.0
2024-12-20,Charleston Southern Buccaneers,69.0,away,0.0,0.0,False,-17.0
2024-12-20,Delaware State Hornets,73.0,home,0.0,0.0,True,13.0
2024-12-20,Grambling Tigers,60.0,away,0.0,0.0,False,-13.0
2024-12-20,Belmont Bruins,84.0,home,0.0,0.0,False,-8.0
2024-12-20,UC Irvine Anteaters,92.0,away,0.0,0.0,True,8.0
2024-12-20,Little Rock Trojans,60.0,home,0.0,0.0,True,4.0
2024-12-20,SIU Edwardsville Cougars,56.0,away,0.0,0.0,False,-4.0
2024-12-20,New Mexico State Aggies,87.0,home,0.0,0.0,True,37.0
2024-12-20,Northern New Mexico Eagles,50.0,away,0.0,0.0,False,-37.0
2024-12-20,Utah Tech Trailblazers,92.0,home,0.0,0.0,True,5.0
2024-12-20,South Dakota Coyotes,87.0,away,0.0,0.0,False,-5.0
2024-12-20,Pepperdine Waves,76.0,home,0.0,0.0,False,-3.0
2024-12-20,Long Beach State Beach,79.0,away,0.0,0.0,True,3.0
2024-12-20,Saint Mary's Gaels,73.0,home,0.0,0.0,True,5.0
2024-12-20,Merrimack Warriors,68.0,away,0.0,0.0,False,-5.0
2024-12-20,Southeast Missouri State Redhawks,79.0,home,0.0,0.0,True,7.0
2024-12-20,Eastern Illinois Panthers,72.0,away,0.0,0.0,False,-7.0
2024-12-20,Grand Canyon Lopes,74.0,home,0.0,0.0,True,23.0
2024-12-20,Chicago State Cougars,51.0,away,0.0,0.0,False,-23.0
2024-12-18,North Carolina Tar Heels,84.0,home,0.0,0.0,False,-6.0
2024-12-18,Florida Gators,90.0,away,0.0,0.0,True,6.0
2024-12-18,Auburn Tigers,100.0,home,0.0,0.0,True,41.0
2024-12-18,Georgia State Panthers,59.0,away,0.0,0.0,False,-41.0
2024-12-18,Tennessee Volunteers,84.0,home,0.0,0.0,True,48.0
2024-12-18,Western Carolina Catamounts,36.0,away,0.0,0.0,False,-48.0
2024-12-17,Delaware Blue Hens,92.0,home,0.0,0.0,True,17.0
2024-12-17,Misericordia Cougars,75.0,away,0.0,0.0,False,-17.0
2024-12-18,Georgia Southern Eagles,86.0,home,0.0,0.0,True,5.0
2024-12-18,Gardner-Webb Runnin' Bulldogs,81.0,away,0.0,0.0,False,-5.0
2024-12-18,Oakland Golden Grizzlies,58.0,home,0.0,0.0,False,-19.0
2024-12-18,Michigan State Spartans,77.0,away,0.0,0.0,True,19.0
2024-12-18,Stony Brook Seawolves,66.0,home,0.0,0.0,False,-2.0
2024-12-18,Marist Red Foxes,68.0,away,0.0,0.0,True,2.0
2024-12-17,Arkansas-Pine Bluff Golden Lions,120.0,home,0.0,0.0,True,59.0
2024-12-17,Ecclesia Royals,61.0,away,0.0,0.0,False,-59.0
2024-12-18,Robert Morris Colonials,68.0,home,0.0,0.0,True,1.0
2024-12-18,Towson Tigers,67.0,away,0.0,0.0,False,-1.0
2024-12-18,UNC Greensboro Spartans,86.0,home,0.0,0.0,True,49.0
2024-12-18,William Peace Pacers,37.0,away,0.0,0.0,False,-49.0
2024-12-18,UCLA Bruins,111.0,home,0.0,0.0,True,36.0
2024-12-18,Prairie View A&M Panthers,75.0,away,0.0,0.0,False,-36.0
2024-12-18,Duke Blue Devils,68.0,home,0.0,0.0,True,21.0
2024-12-18,George Mason Patriots,47.0,away,0.0,0.0,False,-21.0
2024-12-18,South Carolina Gamecocks,91.0,home,0.0,0.0,True,3.0
2024-12-18,Clemson Tigers,88.0,away,0.0,0.0,False,-3.0
2024-12-18,Dayton Flyers,66.0,home,0.0,0.0,True,1.0
2024-12-18,UNLV Rebels,65.0,away,0.0,0.0,False,-1.0
2024-12-18,North Carolina Central Eagles,112.0,home,0.0,0.0,True,45.0
2024-12-18,Mid-Atlantic Christian Mustangs,67.0,away,0.0,0.0,False,-45.0
2024-12-18,Troy Trojans,105.0,home,0.0,0.0,True,45.0
2024-12-18,LaGrange Panthers,60.0,away,0.0,0.0,False,-45.0
2024-12-18,Ole Miss Rebels,74.0,home,0.0,0.0,True,13.0
2024-12-18,Southern Jaguars,61.0,away,0.0,0.0,False,-13.0
2024-12-17,St. John's Red Storm,89.0,home,0.0,0.0,True,28.0
2024-12-17,DePaul Blue Demons,61.0,away,0.0,0.0,False,-28.0
2024-12-17,Howard Bison,65.0,home,0.0,0.0,False,-3.0
2024-12-17,Drexel Dragons,68.0,away,0.0,0.0,True,3.0
2024-12-17,UNC Asheville Bulldogs,95.0,home,0.0,0.0,True,14.0
2024-12-17,North Florida Ospreys,81.0,away,0.0,0.0,False,-14.0
2024-12-18,Liberty Flames,124.0,home,0.0,0.0,True,74.0
2024-12-18,St. Andrews Knights,50.0,away,0.0,0.0,False,-74.0
2024-12-18,Siena Saints,48.0,home,0.0,0.0,False,-17.0
2024-12-18,St. Bonaventure Bonnies,65.0,away,0.0,0.0,True,17.0
2024-12-18,Wake Forest Demon Deacons,75.0,home,0.0,0.0,True,17.0
2024-12-18,James Madison Dukes,58.0,away,0.0,0.0,False,-17.0
2024-12-18,Quinnipiac Bobcats,69.0,home,0.0,0.0,False,-1.0
2024-12-18,Holy Cross Crusaders,70.0,away,0.0,0.0,True,1.0
2024-12-18,Florida State Seminoles,82.0,home,0.0,0.0,True,18.0
2024-12-18,Winthrop Eagles,64.0,away,0.0,0.0,False,-18.0
2024-12-18,North Carolina A&T Aggies,68.0,home,0.0,0.0,False,-5.0
2024-12-18,Coastal Carolina Chanticleers,73.0,away,0.0,0.0,True,5.0
2024-12-18,UL Monroe Warhawks,68.0,home,0.0,0.0,False,-6.0
2024-12-18,Houston Christian Huskies,74.0,away,0.0,0.0,True,6.0
2024-12-18,High Point Panthers,99.0,home,0.0,0.0,True,68.0
2024-12-18,Carolina University Bruins,31.0,away,0.0,0.0,False,-68.0
2024-12-18,Kansas State Wildcats,70.0,home,0.0,0.0,False,-3.0
2024-12-18,Drake Bulldogs,73.0,away,0.0,0.0,True,3.0
2024-12-18,Charlotte 49ers,75.0,home,0.0,0.0,True,5.0
2024-12-18,West Georgia Wolves,70.0,away,0.0,0.0,False,-5.0
2024-12-18,East Carolina Pirates,75.0,home,0.0,0.0,True,11.0
2024-12-18,Florida International Panthers,64.0,away,0.0,0.0,False,-11.0
2024-12-18,Mississippi State Bulldogs,83.0,home,0.0,0.0,True,24.0
2024-12-18,Central Michigan Chippewas,59.0,away,0.0,0.0,False,-24.0
2024-12-18,Ohio State Buckeyes,95.0,home,0.0,0.0,True,22.0
2024-12-18,Valparaiso Beacons,73.0,away,0.0,0.0,False,-22.0
2024-12-18,Western Kentucky Hilltoppers,86.0,home,0.0,0.0,True,13.0
2024-12-18,Seattle U Redhawks,73.0,away,0.0,0.0,False,-13.0
2024-12-18,Western Illinois Leathernecks,71.0,home,0.0,0.0,True,3.0
2024-12-18,Tennessee Tech Golden Eagles,68.0,away,0.0,0.0,False,-3.0
2024-12-18,Missouri Tigers,83.0,home,0.0,0.0,True,11.0
2024-12-18,Jacksonville State Gamecocks,72.0,away,0.0,0.0,False,-11.0
2024-12-18,Wichita State Shockers,64.0,home,0.0,0.0,False,-10.0
2024-12-18,Kansas City Roos,74.0,away,0.0,0.0,True,10.0
2024-12-18,Villanova Wildcats,79.0,home,0.0,0.0,True,12.0
2024-12-18,Seton Hall Pirates,67.0,away,0.0,0.0,False,-12.0
2024-12-18,Maryland Terrapins,111.0,home,0.0,0.0,True,54.0
2024-12-18,Saint Francis Red Flash,57.0,away,0.0,0.0,False,-54.0
2024-12-18,Southern Miss Golden Eagles,65.0,home,0.0,0.0,False,-4.0
2024-12-18,Lamar Cardinals,69.0,away,0.0,0.0,True,4.0
2024-12-18,Boise State Broncos,82.0,home,0.0,0.0,True,31.0
2024-12-18,Texas Southern Tigers,51.0,away,0.0,0.0,False,-31.0
2024-12-18,Utah Utes,89.0,home,0.0,0.0,True,30.0
2024-12-18,Florida A&M Rattlers,59.0,away,0.0,0.0,False,-30.0
2024-12-18,Cal Poly Mustangs,95.0,home,0.0,0.0,True,1.0
2024-12-18,Denver Pioneers,94.0,away,0.0,0.0,False,-1.0
2024-12-18,Stanford Cardinal,74.0,home,0.0,0.0,True,6.0
2024-12-18,Merrimack Warriors,68.0,away,0.0,0.0,False,-6.0
2024-12-18,Colorado State Rams,78.0,home,0.0,0.0,True,10.0
2024-12-18,Radford Highlanders,68.0,away,0.0,0.0,False,-10.0
2024-12-18,Utah State Aggies,73.0,home,0.0,0.0,False,-2.0
2024-12-18,UC San Diego Tritons,75.0,away,0.0,0.0,True,2.0
2024-12-18,LSU Tigers,99.0,home,0.0,0.0,True,46.0
2024-12-18,Stetson Hatters,53.0,away,0.0,0.0,False,-46.0
2024-12-18,Oregon State Beavers,82.0,home,0.0,0.0,True,37.0
2024-12-18,Sacramento State Hornets,45.0,away,0.0,0.0,False,-37.0
2024-12-14,Kentucky Wildcats,93.0,home,0.0,0.0,True,8.0
2024-12-14,Louisville Cardinals,85.0,away,0.0,0.0,False,-8.0
2024-12-14,Massachusetts Minutemen,86.0,home,0.0,0.0,True,34.0
2024-12-14,Massachusetts-Boston Beacons,52.0,away,0.0,0.0,False,-34.0
2024-12-14,Illinois Fighting Illini,64.0,home,0.0,0.0,False,-2.0
2024-12-14,Tennessee Volunteers,66.0,away,0.0,0.0,True,2.0
2024-12-14,Arizona Wildcats,54.0,home,0.0,0.0,False,-3.0
2024-12-14,UCLA Bruins,57.0,away,0.0,0.0,True,3.0
2024-12-15,Dayton Flyers,71.0,home,0.0,0.0,True,8.0
2024-12-15,Marquette Golden Eagles,63.0,away,0.0,0.0,False,-8.0
2024-12-14,Kansas Jayhawks,75.0,home,0.0,0.0,True,15.0
2024-12-14,NC State Wolfpack,60.0,away,0.0,0.0,False,-15.0
2024-12-14,Purdue Boilermakers,66.0,home,0.0,0.0,False,-4.0
2024-12-14,Texas A&M Aggies,70.0,away,0.0,0.0,True,4.0
2024-12-14,Missouri Tigers,88.0,home,0.0,0.0,True,27.0
2024-12-14,Long Island University Sharks,61.0,away,0.0,0.0,False,-27.0
2024-12-14,Clemson Tigers,82.0,home,0.0,0.0,False,-5.0
2024-12-14,Memphis Tigers,87.0,away,0.0,0.0,True,5.0
2024-12-15,UConn Huskies,77.0,home,0.0,0.0,True,6.0
2024-12-15,Gonzaga Bulldogs,71.0,away,0.0,0.0,False,-6.0
2024-12-14,Ole Miss Rebels,77.0,home,0.0,0.0,True,31.0
2024-12-14,Southern Miss Golden Eagles,46.0,away,0.0,0.0,False,-31.0
2024-12-14,Auburn Tigers,91.0,home,0.0,0.0,True,38.0
2024-12-14,Ohio State Buckeyes,53.0,away,0.0,0.0,False,-38.0
2024-12-15,Alabama Crimson Tide,83.0,home,0.0,0.0,True,8.0
2024-12-15,Creighton Bluejays,75.0,away,0.0,0.0,False,-8.0
2024-12-14,Butler Bulldogs,74.0,home,0.0,0.0,False,-9.0
2024-12-14,Wisconsin Badgers,83.0,away,0.0,0.0,True,9.0
2024-12-15,Oklahoma Sooners,80.0,home,0.0,0.0,True,15.0
2024-12-15,Oklahoma State Cowboys,65.0,away,0.0,0.0,False,-15.0
2024-12-14,South Dakota Coyotes,89.0,home,0.0,0.0,True,23.0
2024-12-14,Western Illinois Leathernecks,66.0,away,0.0,0.0,False,-23.0
2024-12-14,Florida Gators,83.0,home,0.0,0.0,True,17.0
2024-12-14,Arizona State Sun Devils,66.0,away,0.0,0.0,False,-17.0
2024-12-14,Furman Paladins,68.0,home,0.0,0.0,True,4.0
2024-12-14,South Carolina State Bulldogs,64.0,away,0.0,0.0,False,-4.0
2024-12-14,Mississippi State Bulldogs,66.0,home,0.0,0.0,True,3.0
2024-12-14,McNeese Cowboys,63.0,away,0.0,0.0,False,-3.0
2024-12-14,Cincinnati Bearcats,68.0,home,0.0,0.0,True,3.0
2024-12-14,Xavier Musketeers,65.0,away,0.0,0.0,False,-3.0
2024-12-14,Penn State Nittany Lions,99.0,home,0.0,0.0,True,48.0
2024-12-14,Coppin State Eagles,51.0,away,0.0,0.0,False,-48.0
2024-12-14,Canisius Golden Griffins,79.0,home,0.0,0.0,False,-5.0
2024-12-14,Maine Black Bears,84.0,away,0.0,0.0,True,5.0
2024-12-14,Louisiana Ragin' Cajuns,45.0,home,0.0,0.0,False,-29.0
2024-12-14,Lamar Cardinals,74.0,away,0.0,0.0,True,29.0
2024-12-14,Jacksonville Dolphins,60.0,home,0.0,0.0,True,8.0
2024-12-14,East Tennessee State Buccaneers,52.0,away,0.0,0.0,False,-8.0
2024-12-14,UCF Knights,88.0,home,0.0,0.0,True,13.0
2024-12-14,Tulsa Golden Hurricane,75.0,away,0.0,0.0,False,-13.0
2024-12-14,Western Kentucky Hilltoppers,81.0,home,0.0,0.0,True,5.0
2024-12-14,Murray State Racers,76.0,away,0.0,0.0,False,-5.0
2024-12-14,DePaul Blue Demons,91.0,home,0.0,0.0,True,19.0
2024-12-14,Wichita State Shockers,72.0,away,0.0,0.0,False,-19.0
2024-12-14,Le Moyne Dolphins,106.0,home,0.0,0.0,True,55.0
2024-12-14,SUNY Delhi Broncos,51.0,away,0.0,0.0,False,-55.0
2024-12-14,Youngstown State Penguins,93.0,home,0.0,0.0,True,6.0
2024-12-14,Toledo Rockets,87.0,away,0.0,0.0,False,-6.0
2024-12-14,UMass Lowell River Hawks,92.0,home,0.0,0.0,True,9.0
2024-12-14,Dartmouth Big Green,83.0,away,0.0,0.0,False,-9.0
2024-12-14,Longwood Lancers,70.0,home,0.0,0.0,False,-7.0
2024-12-14,North Carolina Central Eagles,77.0,away,0.0,0.0,True,7.0
2024-12-14,Bryant Bulldogs,84.0,home,0.0,0.0,False,-2.0
2024-12-14,Fordham Rams,86.0,away,0.0,0.0,True,2.0
2024-12-14,High Point Panthers,65.0,home,0.0,0.0,True,6.0
2024-12-14,App State Mountaineers,59.0,away,0.0,0.0,False,-6.0
2024-12-14,Syracuse Orange,71.0,home,0.0,0.0,False,-4.0
2024-12-14,Georgetown Hoyas,75.0,away,0.0,0.0,True,4.0
2024-12-14,Rider Broncs,55.0,home,0.0,0.0,False,-17.0
2024-12-14,Stony Brook Seawolves,72.0,away,0.0,0.0,True,17.0
2024-12-14,UNC Asheville Bulldogs,78.0,home,0.0,0.0,True,17.0
2024-12-14,Western Carolina Catamounts,61.0,away,0.0,0.0,False,-17.0
2024-12-14,Florida Atlantic Owls,89.0,home,0.0,0.0,True,9.0
2024-12-14,Texas State Bobcats,80.0,away,0.0,0.0,False,-9.0
2024-12-14,Georgia State Panthers,63.0,home,0.0,0.0,False,-14.0
2024-12-14,Charlotte 49ers,77.0,away,0.0,0.0,True,14.0
2024-12-14,Gardner-Webb Runnin' Bulldogs,83.0,home,0.0,0.0,False,-2.0
2024-12-14,Queens University Royals,85.0,away,0.0,0.0,True,2.0
2024-12-14,South Carolina Gamecocks,73.0,home,0.0,0.0,True,20.0
2024-12-14,South Carolina Upstate Spartans,53.0,away,0.0,0.0,False,-20.0
2024-12-14,Tennessee State Tigers,89.0,home,0.0,0.0,True,31.0
2024-12-14,Johnson University (TN) Royals,58.0,away,0.0,0.0,False,-31.0
2024-12-14,Howard Bison,88.0,home,0.0,0.0,True,5.0
2024-12-14,UNC Wilmington Seahawks,83.0,away,0.0,0.0,False,-5.0
2024-12-14,Bellarmine Knights,82.0,home,0.0,0.0,False,-4.0
2024-12-14,Ball State Cardinals,86.0,away,0.0,0.0,True,4.0
2024-12-14,Maryland Eastern Shore Hawks,91.0,home,0.0,0.0,True,26.0
2024-12-14,Bryn Athyn Lions,65.0,away,0.0,0.0,False,-26.0
2024-12-14,Cleveland State Vikings,103.0,home,0.0,0.0,True,66.0
2024-12-14,Brescia Bearcats,37.0,away,0.0,0.0,False,-66.0
2024-12-14,UT Arlington Mavericks,77.0,home,0.0,0.0,True,9.0
2024-12-14,UL Monroe Warhawks,68.0,away,0.0,0.0,False,-9.0
2024-12-14,Arkansas Razorbacks,82.0,home,0.0,0.0,True,25.0
2024-12-14,Central Arkansas Bears,57.0,away,0.0,0.0,False,-25.0
2024-12-14,California Golden Bears,84.0,home,0.0,0.0,True,18.0
2024-12-14,Northwestern State Demons,66.0,away,0.0,0.0,False,-18.0
2024-12-14,Rutgers Scarlet Knights,66.0,home,0.0,0.0,True,3.0
2024-12-14,Seton Hall Pirates,63.0,away,0.0,0.0,False,-3.0
2024-12-14,Stetson Hatters,72.0,home,0.0,0.0,False,-9.0
2024-12-14,Florida International Panthers,81.0,away,0.0,0.0,True,9.0
2024-12-14,North Carolina Tar Heels,93.0,home,0.0,0.0,True,26.0
2024-12-14,La Salle Explorers,67.0,away,0.0,0.0,False,-26.0
2024-12-14,SMU Mustangs,74.0,home,0.0,0.0,True,10.0
2024-12-14,LSU Tigers,64.0,away,0.0,0.0,False,-10.0
2024-12-14,Valparaiso Beacons,93.0,home,0.0,0.0,True,16.0
2024-12-14,Central Michigan Chippewas,77.0,away,0.0,0.0,False,-16.0
2024-12-14,Utah State Aggies,88.0,home,0.0,0.0,True,21.0
2024-12-14,South Florida Bulls,67.0,away,0.0,0.0,False,-21.0
2024-12-14,NJIT Highlanders,43.0,home,0.0,0.0,False,-7.0
2024-12-14,Wagner Seahawks,50.0,away,0.0,0.0,True,7.0
2024-12-14,Lindenwood Lions,81.0,home,0.0,0.0,True,18.0
2024-12-14,IU Indianapolis Jaguars,63.0,away,0.0,0.0,False,-18.0
2024-12-14,Marshall Thundering Herd,79.0,home,0.0,0.0,True,9.0
2024-12-14,Ohio Bobcats,70.0,away,0.0,0.0,False,-9.0
2024-12-14,Pepperdine Waves,86.0,home,0.0,0.0,True,10.0
2024-12-14,Northern Arizona Lumberjacks,76.0,away,0.0,0.0,False,-10.0
2024-12-14,Santa Clara Broncos,84.0,home,0.0,0.0,True,10.0
2024-12-14,Bradley Braves,74.0,away,0.0,0.0,False,-10.0
2024-12-14,Florida State Seminoles,77.0,home,0.0,0.0,True,13.0
2024-12-14,Tulane Green Wave,64.0,away,0.0,0.0,False,-13.0
2024-12-14,Jacksonville State Gamecocks,70.0,home,0.0,0.0,True,4.0
2024-12-14,Utah Valley Wolverines,66.0,away,0.0,0.0,False,-4.0
2024-12-14,Washington State Cougars,91.0,home,0.0,0.0,True,13.0
2024-12-14,Missouri State Bears,78.0,away,0.0,0.0,False,-13.0
2024-12-14,Austin Peay Governors,60.0,home,0.0,0.0,False,-5.0
2024-12-14,Southern Illinois Salukis,65.0,away,0.0,0.0,True,5.0
2024-12-14,Providence Friars,70.0,home,0.0,0.0,False,-4.0
2024-12-14,St. Bonaventure Bonnies,74.0,away,0.0,0.0,True,4.0
2024-12-14,Duquesne Dukes,65.0,home,0.0,0.0,True,18.0
2024-12-14,Towson Tigers,47.0,away,0.0,0.0,False,-18.0
2024-12-14,North Florida Ospreys,89.0,home,0.0,0.0,True,12.0
2024-12-14,UNC Greensboro Spartans,77.0,away,0.0,0.0,False,-12.0
2024-12-14,Portland State Vikings,110.0,home,0.0,0.0,True,62.0
2024-12-14,Northwest Indian RedHawks,48.0,away,0.0,0.0,False,-62.0
2024-12-14,Oregon State Beavers,67.0,home,0.0,0.0,True,12.0
2024-12-14,UC Irvine Anteaters,55.0,away,0.0,0.0,False,-12.0
2024-12-15,Elon Phoenix,114.0,home,0.0,0.0,True,62.0
2024-12-15,Virginia-Lynchburg Dragons,52.0,away,0.0,0.0,False,-62.0
2024-12-14,Richmond Spiders,86.0,home,0.0,0.0,False,-7.0
2024-12-14,Belmont Bruins,93.0,away,0.0,0.0,True,7.0
2024-12-14,West Virginia Mountaineers,84.0,home,0.0,0.0,True,23.0
2024-12-14,Bethune-Cookman Wildcats,61.0,away,0.0,0.0,False,-23.0
2024-12-15,Abilene Christian Wildcats,93.0,home,0.0,0.0,True,31.0
2024-12-15,Hardin-Simmons Cowboys,62.0,away,0.0,0.0,False,-31.0
2024-12-14,Troy Trojans,87.0,home,0.0,0.0,True,34.0
2024-12-14,Middle Georgia State Knights,53.0,away,0.0,0.0,False,-34.0
2024-12-15,Fresno State Bulldogs,73.0,home,0.0,0.0,True,8.0
2024-12-15,San Diego Toreros,65.0,away,0.0,0.0,False,-8.0
2024-12-14,UT Rio Grande Valley Vaqueros,72.0,home,0.0,0.0,True,12.0
2024-12-14,Northern New Mexico Eagles,60.0,away,0.0,0.0,False,-12.0
2024-12-14,Niagara Purple Eagles,69.0,home,0.0,0.0,True,3.0
2024-12-14,Saint Francis Red Flash,66.0,away,0.0,0.0,False,-3.0
2024-12-14,Georgia Bulldogs,73.0,home,0.0,0.0,True,5.0
2024-12-14,Grand Canyon Lopes,68.0,away,0.0,0.0,False,-5.0
2024-12-15,New Mexico Lobos,122.0,home,0.0,0.0,True,52.0
2024-12-15,Western New Mexico Mustangs,70.0,away,0.0,0.0,False,-52.0
2024-12-15,UC Santa Barbara Gauchos,83.0,home,0.0,0.0,True,17.0
2024-12-15,Green Bay Phoenix,66.0,away,0.0,0.0,False,-17.0
2024-12-15,UAlbany Great Danes,70.0,home,0.0,0.0,False,-7.0
2024-12-15,Drexel Dragons,77.0,away,0.0,0.0,True,7.0
2024-12-15,Mount St. Mary's Mountaineers,69.0,home,0.0,0.0,False,-8.0
2024-12-15,Loyola Maryland Greyhounds,77.0,away,0.0,0.0,True,8.0
2024-12-15,Davidson Wildcats,86.0,home,0.0,0.0,True,35.0
2024-12-15,Detroit Mercy Titans,51.0,away,0.0,0.0,False,-35.0
2024-12-15,Colorado State Rams,68.0,home,0.0,0.0,False,-8.0
2024-12-15,VCU Rams,76.0,away,0.0,0.0,True,8.0
2024-12-15,Utah Utes,81.0,home,0.0,0.0,True,18.0
2024-12-15,Radford Highlanders,63.0,away,0.0,0.0,False,-18.0
2024-12-15,Idaho State Bengals,97.0,home,0.0,0.0,True,54.0
2024-12-15,Walla Walla Wolves,43.0,away,0.0,0.0,False,-54.0
2024-12-15,Liberty Flames,83.0,home,0.0,0.0,True,9.0
2024-12-15,North Carolina A&T Aggies,74.0,away,0.0,0.0,False,-9.0
2024-12-15,Nevada Wolf Pack,105.0,home,0.0,0.0,True,32.0
2024-12-15,Texas Southern Tigers,73.0,away,0.0,0.0,False,-32.0
2024-12-15,Kansas City Roos,85.0,home,0.0,0.0,True,8.0
2024-12-15,Bowling Green Falcons,77.0,away,0.0,0.0,False,-8.0
2024-12-15,Seattle U Redhawks,111.0,home,0.0,0.0,True,67.0
2024-12-15,Pacific (OR) Boxers,44.0,away,0.0,0.0,False,-67.0
2024-12-15,Eastern Kentucky Colonels,81.0,home,0.0,0.0,True,15.0
2024-12-15,Eastern Illinois Panthers,66.0,away,0.0,0.0,False,-15.0
2024-12-15,San José State Spartans,107.0,home,0.0,0.0,True,7.0
2024-12-15,Cal Poly Mustangs,100.0,away,0.0,0.0,False,-7.0
2024-12-15,Loyola Marymount Lions,76.0,home,0.0,0.0,True,1.0
2024-12-15,Prairie View A&M Panthers,75.0,away,0.0,0.0,False,-1.0
2024-12-15,BYU Cougars,68.0,home,0.0,0.0,True,19.0
2024-12-15,Wyoming Cowboys,49.0,away,0.0,0.0,False,-19.0
2024-12-15,Boise State Broncos,67.0,home,0.0,0.0,True,2.0
2024-12-15,Saint Mary's Gaels,65.0,away,0.0,0.0,False,-2.0
2024-12-15,Sacramento State Hornets,62.0,home,0.0,0.0,False,-7.0
2024-12-15,UC Davis Aggies,69.0,away,0.0,0.0,True,7.0
2024-12-15,Hawai'i Rainbow Warriors,71.0,home,0.0,0.0,True,9.0
2024-12-15,Texas A&M-Corpus Christi Islanders,62.0,away,0.0,0.0,False,-9.0
2024-12-15,UNLV Rebels,72.0,home,0.0,0.0,True,7.0
2024-12-15,Pacific Tigers,65.0,away,0.0,0.0,False,-7.0
2024-12-24,Oakland Golden Grizzlies,74.0,home,0.0,0.0,False,-6.0
2024-12-24,Oregon State Beavers,80.0,away,0.0,0.0,True,6.0
2024-12-23,Bowling Green Falcons,87.0,home,0.0,0.0,True,25.0
2024-12-23,Aquinas Saints,62.0,away,0.0,0.0,False,-25.0
2024-12-24,Washington Huskies,70.0,home,0.0,0.0,False,-9.0
2024-12-24,Seattle U Redhawks,79.0,away,0.0,0.0,True,9.0
2024-12-24,Hawai'i Rainbow Warriors,55.0,home,0.0,0.0,False,-14.0
2024-12-24,Nebraska Cornhuskers,69.0,away,0.0,0.0,True,14.0
2024-12-24,North Dakota State Bison,94.0,home,0.0,0.0,True,34.0
2024-12-24,Cal State Bakersfield Roadrunners,60.0,away,0.0,0.0,False,-34.0
2024-12-24,Charlotte 49ers,94.0,home,0.0,0.0,True,4.0
2024-12-24,Murray State Racers,90.0,away,0.0,0.0,False,-4.0
2024-12-23,Wagner Seahawks,120.0,home,0.0,0.0,True,90.0
2024-12-23,Penn State Scranton Nittany Lions,30.0,away,0.0,0.0,False,-90.0
2024-12-24,Tennessee Volunteers,82.0,home,0.0,0.0,True,18.0
2024-12-24,Middle Tennessee Blue Raiders,64.0,away,0.0,0.0,False,-18.0
2024-12-23,Loyola Chicago Ramblers,68.0,home,0.0,0.0,False,-9.0
2024-12-23,Charleston Cougars,77.0,away,0.0,0.0,True,9.0
2024-12-20,Western Michigan Broncos,73.0,home,0.0,0.0,False,-3.0
2024-12-20,Valparaiso Beacons,76.0,away,0.0,0.0,True,3.0
2024-12-20,Seattle U Redhawks,68.0,home,0.0,0.0,False,-11.0
2024-12-20,UIC Flames,79.0,away,0.0,0.0,True,11.0
2024-12-21,SE Louisiana Lions,96.0,home,0.0,0.0,True,34.0
2024-12-21,Loyola New Orleans Wolfpack,62.0,away,0.0,0.0,False,-34.0
2024-12-20,Northwestern State Demons,89.0,home,0.0,0.0,True,10.0
2024-12-20,Southern-New Orleans Knights,79.0,away,0.0,0.0,False,-10.0
2024-12-21,Siena Saints,70.0,home,0.0,0.0,False,-8.0
2024-12-21,Holy Cross Crusaders,78.0,away,0.0,0.0,True,8.0
2024-12-21,North Carolina Central Eagles,67.0,home,0.0,0.0,False,-15.0
2024-12-21,Longwood Lancers,82.0,away,0.0,0.0,True,15.0
2024-12-21,Providence Friars,70.0,home,0.0,0.0,False,-2.0
2024-12-21,St. John's Red Storm,72.0,away,0.0,0.0,True,2.0
2024-12-21,North Texas Mean Green,68.0,home,0.0,0.0,True,4.0
2024-12-21,App State Mountaineers,64.0,away,0.0,0.0,False,-4.0
2024-12-21,Yale Bulldogs,74.0,home,0.0,0.0,True,16.0
2024-12-21,Akron Zips,58.0,away,0.0,0.0,False,-16.0
2024-12-21,Dayton Flyers,59.0,home,0.0,0.0,False,-7.0
2024-12-21,Cincinnati Bearcats,66.0,away,0.0,0.0,True,7.0
2024-12-21,Stephen F. Austin Lumberjacks,82.0,home,0.0,0.0,True,26.0
2024-12-21,Texas Wesleyan Rams,56.0,away,0.0,0.0,False,-26.0
2024-12-21,Tulane Green Wave,99.0,home,0.0,0.0,True,43.0
2024-12-21,Dillard Blue Devils,56.0,away,0.0,0.0,False,-43.0
2024-12-20,Grambling Tigers,70.0,home,0.0,0.0,False,-6.0
2024-12-20,Norfolk State Spartans,76.0,away,0.0,0.0,True,6.0
2024-12-20,Texas A&M Aggies,77.0,home,0.0,0.0,True,32.0
2024-12-20,Houston Christian Huskies,45.0,away,0.0,0.0,False,-32.0
2024-12-21,North Dakota Fighting Hawks,80.0,home,0.0,0.0,True,32.0
2024-12-21,South Dakota Mines Hardrockers,48.0,away,0.0,0.0,False,-32.0
2024-12-20,Alabama State Hornets,80.0,home,0.0,0.0,False,-3.0
2024-12-20,Delaware State Hornets,83.0,away,0.0,0.0,True,3.0
2024-12-20,Radford Highlanders,122.0,home,0.0,0.0,True,59.0
2024-12-20,Virginia-Lynchburg Dragons,63.0,away,0.0,0.0,False,-59.0
2024-12-20,Purdue Fort Wayne Mastodons,103.0,home,0.0,0.0,True,51.0
2024-12-20,Defiance Yellow Jackets,52.0,away,0.0,0.0,False,-51.0
2024-12-21,Saint Peter's Peacocks,72.0,home,0.0,0.0,True,8.0
2024-12-21,Delaware Blue Hens,64.0,away,0.0,0.0,False,-8.0
2024-12-20,Pennsylvania Quakers,79.0,home,0.0,0.0,True,13.0
2024-12-20,Rider Broncs,66.0,away,0.0,0.0,False,-13.0
2024-12-21,BYU Cougars,103.0,home,0.0,0.0,True,46.0
2024-12-21,Florida A&M Rattlers,57.0,away,0.0,0.0,False,-46.0
2024-12-21,UTEP Miners,67.0,home,0.0,0.0,True,6.0
2024-12-21,Jackson State Tigers,61.0,away,0.0,0.0,False,-6.0
2024-12-21,Loyola Marymount Lions,89.0,home,0.0,0.0,True,16.0
2024-12-21,Southern Jaguars,73.0,away,0.0,0.0,False,-16.0
2024-12-25,Murray State Racers,71.0,home,0.0,0.0,True,3.0
2024-12-25,Loyola Chicago Ramblers,68.0,away,0.0,0.0,False,-3.0
2024-12-25,Charlotte 49ers,81.0,home,0.0,0.0,False,-3.0
2024-12-25,Charleston Cougars,84.0,away,0.0,0.0,True,3.0
2024-12-26,Nebraska Cornhuskers,78.0,home,0.0,0.0,True,12.0
2024-12-26,Oregon State Beavers,66.0,away,0.0,0.0,False,-12.0
2024-12-26,Hawai'i Rainbow Warriors,73.0,home,0.0,0.0,True,3.0
2024-12-26,Oakland Golden Grizzlies,70.0,away,0.0,0.0,False,-3.0
2024-12-28,Baylor Bears,107.0,home,0.0,0.0,True,54.0
2024-12-28,Arlington Baptist Patriots,53.0,away,0.0,0.0,False,-54.0
2024-12-28,Duquesne Dukes,93.0,home,0.0,0.0,True,48.0
2024-12-28,Cleary University Cougars,45.0,away,0.0,0.0,False,-48.0
2024-12-22,Alabama Crimson Tide,81.0,home,0.0,0.0,True,27.0
2024-12-22,Kent State Golden Flashes,54.0,away,0.0,0.0,False,-27.0
2024-12-22,Miami (OH) RedHawks,94.0,home,0.0,0.0,True,18.0
2024-12-22,Sacred Heart Pioneers,76.0,away,0.0,0.0,False,-18.0
2024-12-22,Wisconsin Badgers,76.0,home,0.0,0.0,True,23.0
2024-12-22,Detroit Mercy Titans,53.0,away,0.0,0.0,False,-23.0
2024-12-22,Army Black Knights,68.0,home,0.0,0.0,False,-10.0
2024-12-22,Binghamton Bearcats,78.0,away,0.0,0.0,True,10.0
2024-12-22,Colgate Raiders,73.0,home,0.0,0.0,False,-6.0
2024-12-22,Iona Gaels,79.0,away,0.0,0.0,True,6.0
2024-12-22,Missouri State Bears,68.0,home,0.0,0.0,True,12.0
2024-12-22,UC Santa Barbara Gauchos,56.0,away,0.0,0.0,False,-12.0
2024-12-22,Florida Gulf Coast Eagles,79.0,home,0.0,0.0,True,17.0
2024-12-22,Florida Tech Panthers,62.0,away,0.0,0.0,False,-17.0
2024-12-22,Towson Tigers,70.0,home,0.0,0.0,True,5.0
2024-12-22,Bryant Bulldogs,65.0,away,0.0,0.0,False,-5.0
2024-12-22,Kansas Jayhawks,87.0,home,0.0,0.0,True,34.0
2024-12-22,Brown Bears,53.0,away,0.0,0.0,False,-34.0
2024-12-22,Michigan Wolverines,89.0,home,0.0,0.0,True,31.0
2024-12-22,Purdue Fort Wayne Mastodons,58.0,away,0.0,0.0,False,-31.0
2024-12-22,Iowa State Cyclones,99.0,home,0.0,0.0,True,27.0
2024-12-22,Morgan State Bears,72.0,away,0.0,0.0,False,-27.0
2024-12-22,Oklahoma Sooners,89.0,home,0.0,0.0,True,23.0
2024-12-22,Central Arkansas Bears,66.0,away,0.0,0.0,False,-23.0
2024-12-22,Stonehill Skyhawks,90.0,home,0.0,0.0,True,7.0
2024-12-22,New Hampshire Wildcats,83.0,away,0.0,0.0,False,-7.0
2024-12-22,Cleveland State Vikings,116.0,home,0.0,0.0,True,56.0
2024-12-22,Midway University Eagles,60.0,away,0.0,0.0,False,-56.0
2024-12-22,Valparaiso Beacons,107.0,home,0.0,0.0,True,50.0
2024-12-22,Calumet Crimson Wave,57.0,away,0.0,0.0,False,-50.0
2024-12-22,Cincinnati Bearcats,84.0,home,0.0,0.0,True,35.0
2024-12-22,Grambling Tigers,49.0,away,0.0,0.0,False,-35.0
2024-12-22,Cornell Big Red,77.0,home,0.0,0.0,False,-3.0
2024-12-22,Illinois State Redbirds,80.0,away,0.0,0.0,True,3.0
2024-12-22,George Mason Patriots,85.0,home,0.0,0.0,True,32.0
2024-12-22,Pennsylvania Quakers,53.0,away,0.0,0.0,False,-32.0
2024-12-22,George Washington Revolutionaries,102.0,home,0.0,0.0,True,40.0
2024-12-22,UVA Wise Cavaliers,62.0,away,0.0,0.0,False,-40.0
2024-12-22,Missouri Tigers,77.0,home,0.0,0.0,False,-3.0
2024-12-22,Illinois Fighting Illini,80.0,away,0.0,0.0,True,3.0
2024-12-22,South Carolina Gamecocks,74.0,home,0.0,0.0,True,26.0
2024-12-22,Radford Highlanders,48.0,away,0.0,0.0,False,-26.0
2024-12-22,TCU Horned Frogs,82.0,home,0.0,0.0,True,34.0
2024-12-22,Montana State Bobcats,48.0,away,0.0,0.0,False,-34.0
2024-12-22,Virginia Cavaliers,63.0,home,0.0,0.0,True,5.0
2024-12-22,American University Eagles,58.0,away,0.0,0.0,False,-5.0
2024-12-22,Stetson Hatters,103.0,home,0.0,0.0,True,26.0
2024-12-22,Fort Lauderdale Eagles,77.0,away,0.0,0.0,False,-26.0
2024-12-22,Milwaukee Panthers,92.0,home,0.0,0.0,True,35.0
2024-12-22,North Central College Cardinals,57.0,away,0.0,0.0,False,-35.0
2024-12-22,VCU Rams,90.0,home,0.0,0.0,True,20.0
2024-12-22,William & Mary Tribe,70.0,away,0.0,0.0,False,-20.0
2024-12-22,North Texas Mean Green,62.0,home,0.0,0.0,True,16.0
2024-12-22,Houston Christian Huskies,46.0,away,0.0,0.0,False,-16.0
2024-12-22,West Virginia Mountaineers,67.0,home,0.0,0.0,True,21.0
2024-12-22,Mercyhurst Lakers,46.0,away,0.0,0.0,False,-21.0
2024-12-22,Rice Owls,64.0,home,0.0,0.0,True,18.0
2024-12-22,Prairie View A&M Panthers,46.0,away,0.0,0.0,False,-18.0
2024-12-22,Grand Canyon Lopes,73.0,home,0.0,0.0,True,1.0
2024-12-22,Saint Louis Billikens,72.0,away,0.0,0.0,False,-1.0
2024-12-22,Cal State Fullerton Titans,69.0,home,0.0,0.0,False,-4.0
2024-12-22,Wyoming Cowboys,73.0,away,0.0,0.0,True,4.0
2024-12-22,Georgia Bulldogs,81.0,home,0.0,0.0,True,16.0
2024-12-22,Charleston Southern Buccaneers,65.0,away,0.0,0.0,False,-16.0
2024-12-22,UAB Blazers,91.0,home,0.0,0.0,True,17.0
2024-12-22,Alcorn State Braves,74.0,away,0.0,0.0,False,-17.0
2024-12-22,Charleston Cougars,65.0,home,0.0,0.0,False,-9.0
2024-12-22,Oregon State Beavers,74.0,away,0.0,0.0,True,9.0
2024-12-22,Louisiana Ragin' Cajuns,56.0,home,0.0,0.0,False,-8.0
2024-12-22,McNeese Cowboys,64.0,away,0.0,0.0,True,8.0
2024-12-22,Oklahoma State Cowboys,86.0,home,0.0,0.0,True,12.0
2024-12-22,Oral Roberts Golden Eagles,74.0,away,0.0,0.0,False,-12.0
2024-12-22,LSU Tigers,86.0,home,0.0,0.0,True,16.0
2024-12-22,New Orleans Privateers,70.0,away,0.0,0.0,False,-16.0
2024-12-22,NC State Wolfpack,89.0,home,0.0,0.0,True,26.0
2024-12-22,Rider Broncs,63.0,away,0.0,0.0,False,-26.0
2024-12-22,USC Trojans,82.0,home,0.0,0.0,True,31.0
2024-12-22,Southern Jaguars,51.0,away,0.0,0.0,False,-31.0
2024-12-22,Sacramento State Hornets,98.0,home,0.0,0.0,True,51.0
2024-12-22,Stanislaus State Warriors,47.0,away,0.0,0.0,False,-51.0
2024-12-22,Oakland Golden Grizzlies,72.0,home,0.0,0.0,True,1.0
2024-12-22,Loyola Chicago Ramblers,71.0,away,0.0,0.0,False,-1.0
2024-12-23,Seton Hall Pirates,60.0,home,0.0,0.0,False,-1.0
2024-12-23,Georgetown Hoyas,61.0,away,0.0,0.0,True,1.0
2024-12-23,Loyola Marymount Lions,85.0,home,0.0,0.0,True,16.0
2024-12-23,North Alabama Lions,69.0,away,0.0,0.0,False,-16.0
2024-12-22,Notre Dame Fighting Irish,91.0,home,0.0,0.0,True,29.0
2024-12-22,Le Moyne Dolphins,62.0,away,0.0,0.0,False,-29.0
2024-12-22,Long Beach State Beach,83.0,home,0.0,0.0,True,26.0
2024-12-22,La Sierra Golden Eagles,57.0,away,0.0,0.0,False,-26.0
2024-12-23,Murray State Racers,49.0,home,0.0,0.0,False,-17.0
2024-12-23,Nebraska Cornhuskers,66.0,away,0.0,0.0,True,17.0
2024-12-23,Hawai'i Rainbow Warriors,78.0,home,0.0,0.0,True,17.0
2024-12-23,Charlotte 49ers,61.0,away,0.0,0.0,False,-17.0
2024-12-23,Saint Mary's Gaels,68.0,home,0.0,0.0,False,-7.0
2024-12-23,Utah State Aggies,75.0,away,0.0,0.0,True,7.0
2024-12-19,UConn Huskies,94.0,home,0.0,0.0,True,5.0
2024-12-19,Xavier Musketeers,89.0,away,0.0,0.0,False,-5.0
2024-12-18,East Texas A&M Lions,68.0,home,0.0,0.0,True,1.0
2024-12-18,Abilene Christian Wildcats,67.0,away,0.0,0.0,False,-1.0
2024-12-19,Houston Cougars,78.0,home,0.0,0.0,True,29.0
2024-12-19,Toledo Rockets,49.0,away,0.0,0.0,False,-29.0
2024-12-18,UMass Lowell River Hawks,78.0,home,0.0,0.0,True,11.0
2024-12-18,Stonehill Skyhawks,67.0,away,0.0,0.0,False,-11.0
2024-12-18,Dartmouth Big Green,76.0,home,0.0,0.0,False,-4.0
2024-12-18,Le Moyne Dolphins,80.0,away,0.0,0.0,True,4.0
2024-12-19,Virginia Cavaliers,62.0,home,0.0,0.0,False,-2.0
2024-12-19,Memphis Tigers,64.0,away,0.0,0.0,True,2.0
2024-12-19,Gonzaga Bulldogs,102.0,home,0.0,0.0,True,30.0
2024-12-19,Nicholls Colonels,72.0,away,0.0,0.0,False,-30.0
2024-12-19,Marquette Golden Eagles,80.0,home,0.0,0.0,True,10.0
2024-12-19,Butler Bulldogs,70.0,away,0.0,0.0,False,-10.0
2024-12-18,Texas A&M-Corpus Christi Islanders,117.0,home,0.0,0.0,True,54.0
2024-12-18,Southwestern Adventist Knights,63.0,away,0.0,0.0,False,-54.0
2024-12-18,Green Bay Phoenix,70.0,home,0.0,0.0,False,-2.0
2024-12-18,Michigan Tech Huskies,72.0,away,0.0,0.0,True,2.0
2024-12-18,La Salle Explorers,77.0,home,0.0,0.0,True,5.0
2024-12-18,Fairleigh Dickinson Knights,72.0,away,0.0,0.0,False,-5.0
2024-12-19,North Dakota Fighting Hawks,90.0,home,0.0,0.0,False,-7.0
2024-12-19,Alabama Crimson Tide,97.0,away,0.0,0.0,True,7.0
2024-12-18,Sacred Heart Pioneers,66.0,home,0.0,0.0,False,-8.0
2024-12-18,UAlbany Great Danes,74.0,away,0.0,0.0,True,8.0
2024-12-18,Presbyterian Blue Hose,116.0,home,0.0,0.0,True,63.0
2024-12-18,Virginia-Lynchburg Dragons,53.0,away,0.0,0.0,False,-63.0
2024-12-19,Chattanooga Mocs,99.0,home,0.0,0.0,True,47.0
2024-12-19,Tennessee Wesleyan Bulldogs,52.0,away,0.0,0.0,False,-47.0
2024-12-18,South Carolina Upstate Spartans,70.0,home,0.0,0.0,False,-15.0
2024-12-18,South Carolina State Bulldogs,85.0,away,0.0,0.0,True,15.0
2024-12-19,Oklahoma Sooners,87.0,home,0.0,0.0,True,1.0
2024-12-19,Michigan Wolverines,86.0,away,0.0,0.0,False,-1.0
2024-12-19,Furman Paladins,100.0,home,0.0,0.0,True,25.0
2024-12-19,Montreat Cavaliers,75.0,away,0.0,0.0,False,-25.0
2024-12-18,Georgetown Hoyas,81.0,home,0.0,0.0,True,24.0
2024-12-18,Creighton Bluejays,57.0,away,0.0,0.0,False,-24.0
2024-12-18,Binghamton Bearcats,62.0,home,0.0,0.0,True,2.0
2024-12-18,Mercyhurst Lakers,60.0,away,0.0,0.0,False,-2.0
2024-12-19,UNC Wilmington Seahawks,79.0,home,0.0,0.0,True,13.0
2024-12-19,Florida Gulf Coast Eagles,66.0,away,0.0,0.0,False,-13.0
2024-12-19,Hampton Pirates,108.0,home,0.0,0.0,True,43.0
2024-12-19,Regent Royals,65.0,away,0.0,0.0,False,-43.0
2024-12-19,Vermont Catamounts,75.0,home,0.0,0.0,True,8.0
2024-12-19,Miami (OH) RedHawks,67.0,away,0.0,0.0,False,-8.0
2024-12-19,Fairfield Stags,63.0,home,0.0,0.0,False,-1.0
2024-12-19,Central Connecticut Blue Devils,64.0,away,0.0,0.0,True,1.0
2024-12-19,East Tennessee State Buccaneers,84.0,home,0.0,0.0,True,26.0
2024-12-19,Elon Phoenix,58.0,away,0.0,0.0,False,-26.0
2024-12-19,South Florida Bulls,69.0,home,0.0,0.0,False,-8.0
2024-12-19,Bethune-Cookman Wildcats,77.0,away,0.0,0.0,True,8.0
2024-12-19,Ohio Bobcats,78.0,home,0.0,0.0,True,20.0
2024-12-19,Austin Peay Governors,58.0,away,0.0,0.0,False,-20.0
2024-12-19,Wagner Seahawks,66.0,home,0.0,0.0,False,-14.0
2024-12-19,Manhattan Jaspers,80.0,away,0.0,0.0,True,14.0
2024-12-19,Indiana State Sycamores,84.0,home,0.0,0.0,True,10.0
2024-12-19,Murray State Racers,74.0,away,0.0,0.0,False,-10.0
2024-12-19,Long Island University Sharks,72.0,home,0.0,0.0,False,-8.0
2024-12-19,Mount St. Mary's Mountaineers,80.0,away,0.0,0.0,True,8.0
2024-12-19,Temple Owls,62.0,home,0.0,0.0,True,1.0
2024-12-19,Davidson Wildcats,61.0,away,0.0,0.0,False,-1.0
2024-12-19,George Washington Revolutionaries,82.0,home,0.0,0.0,True,20.0
2024-12-19,Lafayette Leopards,62.0,away,0.0,0.0,False,-20.0
2024-12-19,Wright State Raiders,70.0,home,0.0,0.0,False,-10.0
2024-12-19,Youngstown State Penguins,80.0,away,0.0,0.0,True,10.0
2024-12-19,Massachusetts Minutemen,77.0,home,0.0,0.0,True,5.0
2024-12-19,Northeastern Huskies,72.0,away,0.0,0.0,False,-5.0
2024-12-19,William & Mary Tribe,93.0,home,0.0,0.0,True,6.0
2024-12-19,Richmond Spiders,87.0,away,0.0,0.0,False,-6.0
2024-12-19,Northern Kentucky Norse,73.0,home,0.0,0.0,True,13.0
2024-12-19,Detroit Mercy Titans,60.0,away,0.0,0.0,False,-13.0
2024-12-19,Campbell Fighting Camels,55.0,home,0.0,0.0,False,-22.0
2024-12-19,Longwood Lancers,77.0,away,0.0,0.0,True,22.0
2024-12-19,Queens University Royals,73.0,home,0.0,0.0,True,7.0
2024-12-19,Mercer Bears,66.0,away,0.0,0.0,False,-7.0
2024-12-19,UAB Blazers,96.0,home,0.0,0.0,True,29.0
2024-12-19,Alabama A&M Bulldogs,67.0,away,0.0,0.0,False,-29.0
2024-12-19,Saint Joseph's Hawks,84.0,home,0.0,0.0,True,27.0
2024-12-19,American University Eagles,57.0,away,0.0,0.0,False,-27.0
2024-12-19,UT Rio Grande Valley Vaqueros,78.0,home,0.0,0.0,True,5.0
2024-12-19,Southern Utah Thunderbirds,73.0,away,0.0,0.0,False,-5.0
2024-12-19,Missouri State Bears,61.0,home,0.0,0.0,True,12.0
2024-12-19,Lincoln (MO) Blue Tigers,49.0,away,0.0,0.0,False,-12.0
2024-12-19,Georgia Tech Yellow Jackets,91.0,home,0.0,0.0,True,9.0
2024-12-19,UMBC Retrievers,82.0,away,0.0,0.0,False,-9.0
2024-12-19,UT Arlington Mavericks,80.0,home,0.0,0.0,True,26.0
2024-12-19,Evansville Purple Aces,54.0,away,0.0,0.0,False,-26.0
2024-12-19,Vanderbilt Commodores,105.0,home,0.0,0.0,True,52.0
2024-12-19,The Citadel Bulldogs,53.0,away,0.0,0.0,False,-52.0
2024-12-19,Bradley Braves,66.0,home,0.0,0.0,True,2.0
2024-12-19,San Francisco Dons,64.0,away,0.0,0.0,False,-2.0
2024-12-19,Saint Louis Billikens,71.0,home,0.0,0.0,False,-3.0
2024-12-19,Wofford Terriers,74.0,away,0.0,0.0,True,3.0
2024-12-19,New Mexico Lobos,78.0,home,0.0,0.0,True,7.0
2024-12-19,VCU Rams,71.0,away,0.0,0.0,False,-7.0
2024-12-19,Oklahoma State Cowboys,66.0,home,0.0,0.0,True,5.0
2024-12-19,Tarleton State Texans,61.0,away,0.0,0.0,False,-5.0
2024-12-19,Louisiana Ragin' Cajuns,68.0,home,0.0,0.0,True,6.0
2024-12-19,App State Mountaineers,62.0,away,0.0,0.0,False,-6.0
2024-12-19,Loyola Chicago Ramblers,72.0,home,0.0,0.0,True,12.0
2024-12-19,Canisius Golden Griffins,60.0,away,0.0,0.0,False,-12.0
2024-12-19,North Texas Mean Green,83.0,home,0.0,0.0,True,41.0
2024-12-19,Mississippi Valley State Delta Devils,42.0,away,0.0,0.0,False,-41.0
2024-12-19,Idaho State Bengals,56.0,home,0.0,0.0,False,-14.0
2024-12-19,Utah Valley Wolverines,70.0,away,0.0,0.0,True,14.0
2024-12-19,Arizona Wildcats,96.0,home,0.0,0.0,True,32.0
2024-12-19,Samford Bulldogs,64.0,away,0.0,0.0,False,-32.0
2024-12-19,Illinois State Redbirds,81.0,home,0.0,0.0,True,21.0
2024-12-19,Northern Illinois Huskies,60.0,away,0.0,0.0,False,-21.0
2024-12-19,Loyola Marymount Lions,60.0,home,0.0,0.0,True,2.0
2024-12-19,UC Santa Barbara Gauchos,58.0,away,0.0,0.0,False,-2.0
2024-12-19,Portland Pilots,64.0,home,0.0,0.0,False,-17.0
2024-12-19,Cal State Bakersfield Roadrunners,81.0,away,0.0,0.0,True,17.0
2024-12-19,USC Trojans,90.0,home,0.0,0.0,True,21.0
2024-12-19,Cal State Northridge Matadors,69.0,away,0.0,0.0,False,-21.0
2024-12-19,Weber State Wildcats,128.0,home,0.0,0.0,True,70.0
2024-12-19,Lincoln University (CA) Oaklanders,58.0,away,0.0,0.0,False,-70.0
2024-12-19,UC Davis Aggies,74.0,home,0.0,0.0,True,8.0
2024-12-19,Idaho Vandals,66.0,away,0.0,0.0,False,-8.0
2024-12-19,UC Riverside Highlanders,83.0,home,0.0,0.0,True,3.0
2024-12-19,Montana State Bobcats,80.0,away,0.0,0.0,False,-3.0
2024-12-19,Pacific Tigers,75.0,home,0.0,0.0,False,-6.0
2024-12-19,Portland State Vikings,81.0,away,0.0,0.0,True,6.0
2024-12-19,Santa Clara Broncos,94.0,home,0.0,0.0,True,20.0
2024-12-19,Kennesaw State Owls,74.0,away,0.0,0.0,False,-20.0
2024-12-19,Washington Huskies,89.0,home,0.0,0.0,True,16.0
2024-12-19,Washington State Cougars,73.0,away,0.0,0.0,False,-16.0
2025-01-04,New Mexico Lobos,82.0,home,0.0,0.0,True,1.0
2025-01-04,Nevada Wolf Pack,81.0,away,0.0,0.0,False,-1.0
2025-01-04,Marquette Golden Eagles,79.0,home,0.0,0.0,True,8.0
2025-01-04,Creighton Bluejays,71.0,away,0.0,0.0,False,-8.0
2025-01-04,Mercyhurst Lakers,76.0,home,0.0,0.0,True,7.0
2025-01-04,Stonehill Skyhawks,69.0,away,0.0,0.0,False,-7.0
2025-01-04,Saint Louis Billikens,73.0,home,0.0,0.0,True,16.0
2025-01-04,Saint Joseph's Hawks,57.0,away,0.0,0.0,False,-16.0
2025-01-04,Saint Francis Red Flash,59.0,home,0.0,0.0,False,-15.0
2025-01-04,Central Connecticut Blue Devils,74.0,away,0.0,0.0,True,15.0
2025-01-04,Iona Gaels,65.0,home,0.0,0.0,False,-5.0
2025-01-04,Marist Red Foxes,70.0,away,0.0,0.0,True,5.0
2025-01-03,Merrimack Warriors,67.0,home,0.0,0.0,True,13.0
2025-01-03,Fairfield Stags,54.0,away,0.0,0.0,False,-13.0
2025-01-04,Ohio State Buckeyes,62.0,home,0.0,0.0,False,-7.0
2025-01-04,Michigan State Spartans,69.0,away,0.0,0.0,True,7.0
2025-01-04,Wagner Seahawks,52.0,home,0.0,0.0,False,-12.0
2025-01-04,Chicago State Cougars,64.0,away,0.0,0.0,True,12.0
2025-01-04,Wisconsin Badgers,116.0,home,0.0,0.0,True,31.0
2025-01-04,Iowa Hawkeyes,85.0,away,0.0,0.0,False,-31.0
2025-01-04,Temple Owls,91.0,home,0.0,0.0,True,6.0
2025-01-04,Wichita State Shockers,85.0,away,0.0,0.0,False,-6.0
2025-01-03,Bowling Green Falcons,68.0,home,0.0,0.0,False,-3.0
2025-01-03,Akron Zips,71.0,away,0.0,0.0,True,3.0
2025-01-04,Siena Saints,103.0,home,0.0,0.0,True,8.0
2025-01-04,Manhattan Jaspers,95.0,away,0.0,0.0,False,-8.0
2025-01-04,Georgetown Hoyas,69.0,home,0.0,0.0,True,6.0
2025-01-04,Xavier Musketeers,63.0,away,0.0,0.0,False,-6.0
2025-01-04,Long Island University Sharks,78.0,home,0.0,0.0,True,16.0
2025-01-04,Le Moyne Dolphins,62.0,away,0.0,0.0,False,-16.0
2025-01-04,Saint Peter's Peacocks,46.0,home,0.0,0.0,False,-13.0
2025-01-04,Quinnipiac Bobcats,59.0,away,0.0,0.0,True,13.0
2024-12-28,Memphis Tigers,87.0,home,0.0,0.0,True,17.0
2024-12-28,Ole Miss Rebels,70.0,away,0.0,0.0,False,-17.0
2024-12-28,North Carolina A&T Aggies,85.0,home,0.0,0.0,True,13.0
2024-12-28,North Carolina Central Eagles,72.0,away,0.0,0.0,False,-13.0
2024-12-28,UCLA Bruins,65.0,home,0.0,0.0,True,3.0
2024-12-28,Gonzaga Bulldogs,62.0,away,0.0,0.0,False,-3.0
2024-12-28,Morehead State Eagles,94.0,home,0.0,0.0,True,31.0
2024-12-28,Alice Lloyd College Eagles,63.0,away,0.0,0.0,False,-31.0
2024-12-28,Wofford Terriers,100.0,home,0.0,0.0,True,45.0
2024-12-28,Kentucky Christian Knights,55.0,away,0.0,0.0,False,-45.0
2024-12-28,Georgetown Hoyas,83.0,home,0.0,0.0,True,30.0
2024-12-28,Coppin State Eagles,53.0,away,0.0,0.0,False,-30.0
2024-12-28,Maryland Terrapins,81.0,home,0.0,0.0,True,15.0
2024-12-28,Maryland Eastern Shore Hawks,66.0,away,0.0,0.0,False,-15.0
2024-12-28,Louisville Cardinals,78.0,home,0.0,0.0,True,2.0
2024-12-28,Eastern Kentucky Colonels,76.0,away,0.0,0.0,False,-2.0
2024-12-28,Colorado State Rams,68.0,home,0.0,0.0,False,-8.0
2024-12-28,New Mexico Lobos,76.0,away,0.0,0.0,True,8.0
2024-12-28,Texas A&M Aggies,92.0,home,0.0,0.0,True,38.0
2024-12-28,Abilene Christian Wildcats,54.0,away,0.0,0.0,False,-38.0
2024-12-28,UNC Wilmington Seahawks,99.0,home,0.0,0.0,True,52.0
2024-12-28,Spartanburg Methodist Pioneers,47.0,away,0.0,0.0,False,-52.0
2024-12-28,Charleston Southern Buccaneers,95.0,home,0.0,0.0,True,6.0
2024-12-28,Columbia International Rams,89.0,away,0.0,0.0,False,-6.0
2024-12-28,Saint Joseph's Hawks,76.0,home,0.0,0.0,True,18.0
2024-12-28,Delaware State Hornets,58.0,away,0.0,0.0,False,-18.0
2024-12-28,San Diego State Aztecs,66.0,home,0.0,0.0,False,-1.0
2024-12-28,Utah State Aggies,67.0,away,0.0,0.0,True,1.0
2024-12-28,Georgia Tech Yellow Jackets,92.0,home,0.0,0.0,True,43.0
2024-12-28,Alabama A&M Bulldogs,49.0,away,0.0,0.0,False,-43.0
2024-12-28,DePaul Blue Demons,84.0,home,0.0,0.0,True,19.0
2024-12-28,Loyola Maryland Greyhounds,65.0,away,0.0,0.0,False,-19.0
2024-12-28,George Mason Patriots,64.0,home,0.0,0.0,True,8.0
2024-12-28,Mount St. Mary's Mountaineers,56.0,away,0.0,0.0,False,-8.0
2024-12-28,Davidson Wildcats,86.0,home,0.0,0.0,True,22.0
2024-12-28,Eastern Michigan Eagles,64.0,away,0.0,0.0,False,-22.0
2024-12-28,Georgia State Panthers,68.0,home,0.0,0.0,False,-3.0
2024-12-28,Mercer Bears,71.0,away,0.0,0.0,True,3.0
2024-12-28,Syracuse Orange,75.0,home,0.0,0.0,True,12.0
2024-12-28,Bucknell Bison,63.0,away,0.0,0.0,False,-12.0
2024-12-28,South Florida Bulls,106.0,home,0.0,0.0,True,57.0
2024-12-28,Webber International Warriors,49.0,away,0.0,0.0,False,-57.0
2024-12-28,Utah Valley Wolverines,119.0,home,0.0,0.0,True,60.0
2024-12-28,Bethesda University Flames,59.0,away,0.0,0.0,False,-60.0
2024-12-28,Wyoming Cowboys,66.0,home,0.0,0.0,True,3.0
2024-12-28,Nevada Wolf Pack,63.0,away,0.0,0.0,False,-3.0
2024-12-28,Columbia Lions,85.0,home,0.0,0.0,True,13.0
2024-12-28,Fairfield Stags,72.0,away,0.0,0.0,False,-13.0
2024-12-28,Old Dominion Monarchs,82.0,home,0.0,0.0,True,38.0
2024-12-28,Virginia Wesleyan Blue Marlins,44.0,away,0.0,0.0,False,-38.0
2024-12-28,Boston College Eagles,78.0,home,0.0,0.0,True,8.0
2024-12-28,Fairleigh Dickinson Knights,70.0,away,0.0,0.0,False,-8.0
2024-12-28,Hampton Pirates,83.0,home,0.0,0.0,True,16.0
2024-12-28,Howard Bison,67.0,away,0.0,0.0,False,-16.0
2024-12-28,Cal State Fullerton Titans,93.0,home,0.0,0.0,True,33.0
2024-12-28,Nobel Knights,60.0,away,0.0,0.0,False,-33.0
2024-12-28,Eastern Illinois Panthers,99.0,home,0.0,0.0,True,44.0
2024-12-28,Blackburn Beavers,55.0,away,0.0,0.0,False,-44.0
2024-12-28,Sam Houston Bearkats,111.0,home,0.0,0.0,True,46.0
2024-12-28,Dallas Crusaders,65.0,away,0.0,0.0,False,-46.0
2024-12-28,UNC Greensboro Spartans,105.0,home,0.0,0.0,True,55.0
2024-12-28,Virginia-Lynchburg Dragons,50.0,away,0.0,0.0,False,-55.0
2024-12-29,Texas Southern Tigers,103.0,home,0.0,0.0,True,35.0
2024-12-29,College Of Biblical Studies Ambassadors,68.0,away,0.0,0.0,False,-35.0
2024-12-28,St. John's Red Storm,97.0,home,0.0,0.0,True,21.0
2024-12-28,Delaware Blue Hens,76.0,away,0.0,0.0,False,-21.0
2024-12-28,San Diego Toreros,55.0,home,0.0,0.0,False,-13.0
2024-12-28,Grand Canyon Lopes,68.0,away,0.0,0.0,True,13.0
2024-12-28,Richmond Spiders,57.0,home,0.0,0.0,False,-18.0
2024-12-28,Florida Gulf Coast Eagles,75.0,away,0.0,0.0,True,18.0
2024-12-28,New Mexico State Aggies,85.0,home,0.0,0.0,True,33.0
2024-12-28,University of The Southwest Mustangs,52.0,away,0.0,0.0,False,-33.0
2024-12-28,McNeese Cowboys,86.0,home,0.0,0.0,True,25.0
2024-12-28,New Orleans Privateers,61.0,away,0.0,0.0,False,-25.0
2024-12-28,Tulsa Golden Hurricane,96.0,home,0.0,0.0,True,33.0
2024-12-28,Southwestern Christian Eagles,63.0,away,0.0,0.0,False,-33.0
2024-12-28,San José State Spartans,71.0,home,0.0,0.0,False,-2.0
2024-12-28,Boise State Broncos,73.0,away,0.0,0.0,True,2.0
2024-12-29,Elon Phoenix,73.0,home,0.0,0.0,True,14.0
2024-12-29,Marshall Thundering Herd,59.0,away,0.0,0.0,False,-14.0
2024-12-29,UC Davis Aggies,109.0,home,0.0,0.0,True,63.0
2024-12-29,Cal Maritime Keelhaulers,46.0,away,0.0,0.0,False,-63.0
2024-12-29,California Baptist Lancers,79.0,home,0.0,0.0,True,6.0
2024-12-29,Jackson State Tigers,73.0,away,0.0,0.0,False,-6.0
2024-12-29,Santa Clara Broncos,91.0,home,0.0,0.0,True,11.0
2024-12-29,Pepperdine Waves,80.0,away,0.0,0.0,False,-11.0
2024-12-29,UC San Diego Tritons,109.0,home,0.0,0.0,True,58.0
2024-12-29,Occidental Tigers,51.0,away,0.0,0.0,False,-58.0
2024-12-29,Omaha Mavericks,81.0,home,0.0,0.0,True,30.0
2024-12-29,Mount Marty College Lancers,51.0,away,0.0,0.0,False,-30.0
2024-12-29,Saint Mary's Gaels,70.0,home,0.0,0.0,True,10.0
2024-12-29,Pacific Tigers,60.0,away,0.0,0.0,False,-10.0
2024-12-29,Portland Pilots,73.0,home,0.0,0.0,False,-16.0
2024-12-29,Washington State Cougars,89.0,away,0.0,0.0,True,16.0
2024-12-29,UC Santa Barbara Gauchos,89.0,home,0.0,0.0,True,17.0
2024-12-29,Westcliff Warriors,72.0,away,0.0,0.0,False,-17.0
2024-12-29,UNLV Rebels,87.0,home,0.0,0.0,True,10.0
2024-12-29,Fresno State Bulldogs,77.0,away,0.0,0.0,False,-10.0
2024-12-29,UTEP Miners,79.0,home,0.0,0.0,True,19.0
2024-12-29,Northern New Mexico Eagles,60.0,away,0.0,0.0,False,-19.0
2024-12-29,Saint Louis Billikens,78.0,home,0.0,0.0,True,21.0
2024-12-29,William Woods Owls,57.0,away,0.0,0.0,False,-21.0
2024-12-29,Cal State Northridge Matadors,87.0,home,0.0,0.0,True,35.0
2024-12-29,La Sierra Golden Eagles,52.0,away,0.0,0.0,False,-35.0
2024-12-29,San Francisco Dons,70.0,home,0.0,0.0,True,15.0
2024-12-29,Loyola Marymount Lions,55.0,away,0.0,0.0,False,-15.0
2024-12-31,Tennessee Volunteers,67.0,home,0.0,0.0,True,15.0
2024-12-31,Norfolk State Spartans,52.0,away,0.0,0.0,False,-15.0
2024-12-31,St. Bonaventure Bonnies,77.0,home,0.0,0.0,True,2.0
2024-12-31,VCU Rams,75.0,away,0.0,0.0,False,-2.0
2024-12-31,Providence Friars,50.0,home,0.0,0.0,False,-28.0
2024-12-31,Marquette Golden Eagles,78.0,away,0.0,0.0,True,28.0
2024-12-31,Duquesne Dukes,67.0,home,0.0,0.0,True,12.0
2024-12-31,Rhode Island Rams,55.0,away,0.0,0.0,False,-12.0
2024-12-31,Kansas Jayhawks,61.0,home,0.0,0.0,False,-1.0
2024-12-31,West Virginia Mountaineers,62.0,away,0.0,0.0,True,1.0
2024-12-31,North Carolina Central Eagles,121.0,home,0.0,0.0,True,60.0
2024-12-31,St. Andrews Knights,61.0,away,0.0,0.0,False,-60.0
2024-12-31,Kentucky Wildcats,88.0,home,0.0,0.0,True,34.0
2024-12-31,Brown Bears,54.0,away,0.0,0.0,False,-34.0
2024-12-31,Xavier Musketeers,94.0,home,0.0,0.0,True,22.0
2024-12-31,Seton Hall Pirates,72.0,away,0.0,0.0,False,-22.0
2024-12-31,George Mason Patriots,69.0,home,0.0,0.0,True,12.0
2024-12-31,Davidson Wildcats,57.0,away,0.0,0.0,False,-12.0
2024-12-31,Duke Blue Devils,88.0,home,0.0,0.0,True,23.0
2024-12-31,Virginia Tech Hokies,65.0,away,0.0,0.0,False,-23.0
2024-12-31,Syracuse Orange,71.0,home,0.0,0.0,False,-10.0
2024-12-31,Wake Forest Demon Deacons,81.0,away,0.0,0.0,True,10.0
2024-12-31,Dayton Flyers,84.0,home,0.0,0.0,True,14.0
2024-12-31,La Salle Explorers,70.0,away,0.0,0.0,False,-14.0
2024-12-31,Ball State Cardinals,89.0,home,0.0,0.0,True,13.0
2024-12-31,Anderson (IN) Ravens,76.0,away,0.0,0.0,False,-13.0
2024-12-31,Georgia Tech Yellow Jackets,86.0,home,0.0,0.0,True,11.0
2024-12-31,Notre Dame Fighting Irish,75.0,away,0.0,0.0,False,-11.0
2024-12-31,Fordham Rams,63.0,home,0.0,0.0,False,-25.0
2024-12-31,Saint Louis Billikens,88.0,away,0.0,0.0,True,25.0
2024-12-31,Texas Tech Red Raiders,83.0,home,0.0,0.0,False,-4.0
2024-12-31,UCF Knights,87.0,away,0.0,0.0,True,4.0
2024-12-31,Charlotte 49ers,68.0,home,0.0,0.0,False,-15.0
2024-12-31,Tulane Green Wave,83.0,away,0.0,0.0,True,15.0
2024-12-31,Virginia Cavaliers,70.0,home,0.0,0.0,True,3.0
2024-12-31,NC State Wolfpack,67.0,away,0.0,0.0,False,-3.0
2024-12-31,Saint Joseph's Hawks,81.0,home,0.0,0.0,True,9.0
2024-12-31,Massachusetts Minutemen,72.0,away,0.0,0.0,False,-9.0
2024-12-31,Baylor Bears,81.0,home,0.0,0.0,True,25.0
2024-12-31,Utah Utes,56.0,away,0.0,0.0,False,-25.0
2024-12-31,Portland State Vikings,96.0,home,0.0,0.0,True,57.0
2024-12-31,Walla Walla Wolves,39.0,away,0.0,0.0,False,-57.0
2024-12-31,San José State Spartans,50.0,home,0.0,0.0,False,-22.0
2024-12-31,Colorado State Rams,72.0,away,0.0,0.0,True,22.0
2024-12-31,South Florida Bulls,75.0,home,0.0,0.0,True,6.0
2024-12-31,East Carolina Pirates,69.0,away,0.0,0.0,False,-6.0
2024-12-31,Richmond Spiders,66.0,home,0.0,0.0,True,5.0
2024-12-31,George Washington Revolutionaries,61.0,away,0.0,0.0,False,-5.0
2024-12-31,BYU Cougars,76.0,home,0.0,0.0,True,20.0
2024-12-31,Arizona State Sun Devils,56.0,away,0.0,0.0,False,-20.0
2024-12-31,Abilene Christian Wildcats,57.0,home,0.0,0.0,False,-5.0
2024-12-31,Stephen F. Austin Lumberjacks,62.0,away,0.0,0.0,True,5.0
2024-12-31,Creighton Bluejays,57.0,home,0.0,0.0,True,1.0
2024-12-31,St. John's Red Storm,56.0,away,0.0,0.0,False,-1.0
2024-12-31,Air Force Falcons,58.0,home,0.0,0.0,False,-19.0
2024-12-31,UNLV Rebels,77.0,away,0.0,0.0,True,19.0
2024-12-31,North Texas Mean Green,78.0,home,0.0,0.0,True,3.0
2024-12-31,UAB Blazers,75.0,away,0.0,0.0,False,-3.0
2025-01-01,Southern Indiana Screaming Eagles,68.0,home,0.0,0.0,False,-2.0
2025-01-01,Morehead State Eagles,70.0,away,0.0,0.0,True,2.0
2025-01-01,Fresno State Bulldogs,89.0,home,0.0,0.0,False,-14.0
2025-01-01,New Mexico Lobos,103.0,away,0.0,0.0,True,14.0
2025-01-01,Wyoming Cowboys,58.0,home,0.0,0.0,False,-9.0
2025-01-01,Boise State Broncos,67.0,away,0.0,0.0,True,9.0
2025-01-01,Nevada Wolf Pack,64.0,home,0.0,0.0,False,-5.0
2025-01-01,Utah State Aggies,69.0,away,0.0,0.0,True,5.0
2024-12-31,Arkansas Razorbacks,92.0,home,0.0,0.0,True,30.0
2024-12-31,Oakland Golden Grizzlies,62.0,away,0.0,0.0,False,-30.0
2024-12-30,Grambling Tigers,100.0,home,0.0,0.0,True,45.0
2024-12-30,College Of Biblical Studies Ambassadors,55.0,away,0.0,0.0,False,-45.0
2024-12-31,Mississippi State Bulldogs,87.0,home,0.0,0.0,True,14.0
2024-12-31,Bethune-Cookman Wildcats,73.0,away,0.0,0.0,False,-14.0
2024-12-30,Cornell Big Red,77.0,home,0.0,0.0,False,-6.0
2024-12-30,Siena Saints,83.0,away,0.0,0.0,True,6.0
2024-12-30,Florida International Panthers,80.0,home,0.0,0.0,True,14.0
2024-12-30,Utah Tech Trailblazers,66.0,away,0.0,0.0,False,-14.0
2024-12-30,Central Michigan Chippewas,85.0,home,0.0,0.0,True,46.0
2024-12-30,Cleary University Cougars,39.0,away,0.0,0.0,False,-46.0
2024-12-31,Colorado Buffaloes,69.0,home,0.0,0.0,False,-10.0
2024-12-31,Iowa State Cyclones,79.0,away,0.0,0.0,True,10.0
2024-12-30,Michigan State Spartans,80.0,home,0.0,0.0,True,18.0
2024-12-30,Western Michigan Broncos,62.0,away,0.0,0.0,False,-18.0
2024-12-31,Pepperdine Waves,82.0,home,0.0,0.0,False,-7.0
2024-12-31,Gonzaga Bulldogs,89.0,away,0.0,0.0,True,7.0
2024-12-31,Lamar Cardinals,82.0,home,0.0,0.0,True,17.0
2024-12-31,Texas A&M-San Antonio Jaguars,65.0,away,0.0,0.0,False,-17.0
2024-12-31,Kansas State Wildcats,70.0,home,0.0,0.0,True,3.0
2024-12-31,Cincinnati Bearcats,67.0,away,0.0,0.0,False,-3.0
2024-12-30,UMass Lowell River Hawks,101.0,home,0.0,0.0,True,62.0
2024-12-30,Emerson Lions,39.0,away,0.0,0.0,False,-62.0
2024-12-30,Sacramento State Hornets,78.0,home,0.0,0.0,True,40.0
2024-12-30,Bethesda University Flames,38.0,away,0.0,0.0,False,-40.0
2024-12-30,Rutgers Scarlet Knights,91.0,home,0.0,0.0,True,27.0
2024-12-30,Columbia Lions,64.0,away,0.0,0.0,False,-27.0
2024-12-30,UNC Asheville Bulldogs,95.0,home,0.0,0.0,True,42.0
2024-12-30,Columbia International Rams,53.0,away,0.0,0.0,False,-42.0
2024-12-31,Oklahoma State Cowboys,47.0,home,0.0,0.0,False,-13.0
2024-12-31,Houston Cougars,60.0,away,0.0,0.0,True,13.0
2024-12-31,Ohio Bobcats,103.0,home,0.0,0.0,True,51.0
2024-12-31,Muskingum Fighting Muskies,52.0,away,0.0,0.0,False,-51.0
2024-12-30,Auburn Tigers,87.0,home,0.0,0.0,True,29.0
2024-12-30,Monmouth Hawks,58.0,away,0.0,0.0,False,-29.0
2024-12-30,Princeton Tigers,76.0,home,0.0,0.0,True,1.0
2024-12-30,Akron Zips,75.0,away,0.0,0.0,False,-1.0
2024-12-31,Vermont Catamounts,121.0,home,0.0,0.0,True,84.0
2024-12-31,Elms College Blazers,37.0,away,0.0,0.0,False,-84.0
2024-12-31,McNeese Cowboys,79.0,home,0.0,0.0,True,28.0
2024-12-31,SE Louisiana Lions,51.0,away,0.0,0.0,False,-28.0
2024-12-31,Iowa Hawkeyes,112.0,home,0.0,0.0,True,42.0
2024-12-31,New Hampshire Wildcats,70.0,away,0.0,0.0,False,-42.0
2024-12-31,Northern Illinois Huskies,117.0,home,0.0,0.0,True,67.0
2024-12-31,East-West University Phantoms,50.0,away,0.0,0.0,False,-67.0
2024-12-31,Missouri Tigers,82.0,home,0.0,0.0,True,17.0
2024-12-31,Alabama State Hornets,65.0,away,0.0,0.0,False,-17.0
2024-12-31,Arizona Wildcats,90.0,home,0.0,0.0,True,9.0
2024-12-31,TCU Horned Frogs,81.0,away,0.0,0.0,False,-9.0
2024-12-31,South Carolina Gamecocks,69.0,home,0.0,0.0,True,10.0
2024-12-31,Presbyterian Blue Hose,59.0,away,0.0,0.0,False,-10.0
2024-12-31,Southern Miss Golden Eagles,80.0,home,0.0,0.0,True,10.0
2024-12-31,William Carey Crusaders,70.0,away,0.0,0.0,False,-10.0
2024-12-31,Oral Roberts Golden Eagles,92.0,home,0.0,0.0,True,38.0
2024-12-31,Texas A&M-Texarkana Eagles,54.0,away,0.0,0.0,False,-38.0
2024-12-31,Jacksonville State Gamecocks,111.0,home,0.0,0.0,True,41.0
2024-12-31,Fort Valley State Wildcats,70.0,away,0.0,0.0,False,-41.0
2024-12-31,Grand Canyon Lopes,112.0,home,0.0,0.0,True,46.0
2024-12-31,Bryant Bulldogs,66.0,away,0.0,0.0,False,-46.0
2024-12-31,Washington State Cougars,73.0,home,0.0,0.0,True,14.0
2024-12-31,Loyola Marymount Lions,59.0,away,0.0,0.0,False,-14.0
2024-12-31,Miami (OH) RedHawks,141.0,home,0.0,0.0,True,83.0
2024-12-31,Defiance Yellow Jackets,58.0,away,0.0,0.0,False,-83.0
2024-12-31,Seattle U Redhawks,69.0,home,0.0,0.0,False,-2.0
2024-12-31,Nicholls Colonels,71.0,away,0.0,0.0,True,2.0
2024-12-31,Vanderbilt Commodores,100.0,home,0.0,0.0,True,44.0
2024-12-31,New Orleans Privateers,56.0,away,0.0,0.0,False,-44.0
2024-12-31,UT Rio Grande Valley Vaqueros,88.0,home,0.0,0.0,True,44.0
2024-12-31,Dallas Christian Crusaders,44.0,away,0.0,0.0,False,-44.0
2024-12-31,South Alabama Jaguars,106.0,home,0.0,0.0,True,65.0
2024-12-31,Mobile Rams,41.0,away,0.0,0.0,False,-65.0
2024-12-31,Oregon State Beavers,89.0,home,0.0,0.0,True,10.0
2024-12-31,Portland Pilots,79.0,away,0.0,0.0,False,-10.0
2024-12-31,Northern Arizona Lumberjacks,110.0,home,0.0,0.0,True,36.0
2024-12-31,Benedictine (AZ) Redhawks,74.0,away,0.0,0.0,False,-36.0
2024-12-31,Eastern Washington Eagles,89.0,home,0.0,0.0,True,26.0
2024-12-31,Eastern Oregon Mountaineers,63.0,away,0.0,0.0,False,-26.0
2024-12-31,Nebraska Cornhuskers,77.0,home,0.0,0.0,True,34.0
2024-12-31,Southern Jaguars,43.0,away,0.0,0.0,False,-34.0
2024-12-31,California Baptist Lancers,63.0,home,0.0,0.0,False,-8.0
2024-12-31,UC Irvine Anteaters,71.0,away,0.0,0.0,True,8.0
2024-12-31,San Francisco Dons,97.0,home,0.0,0.0,True,3.0
2024-12-31,Santa Clara Broncos,94.0,away,0.0,0.0,False,-3.0
2024-12-31,San Diego Toreros,75.0,home,0.0,0.0,True,10.0
2024-12-31,Pacific Tigers,65.0,away,0.0,0.0,False,-10.0
2024-12-29,Oklahoma Sooners,89.0,home,0.0,0.0,True,22.0
2024-12-29,Prairie View A&M Panthers,67.0,away,0.0,0.0,False,-22.0
2024-12-29,Sacred Heart Pioneers,100.0,home,0.0,0.0,True,40.0
2024-12-29,Manhattanville Valiants,60.0,away,0.0,0.0,False,-40.0
2024-12-29,Quinnipiac Bobcats,75.0,home,0.0,0.0,True,6.0
2024-12-29,Hofstra Pride,69.0,away,0.0,0.0,False,-6.0
2024-12-29,Alabama Crimson Tide,105.0,home,0.0,0.0,True,23.0
2024-12-29,South Dakota State Jackrabbits,82.0,away,0.0,0.0,False,-23.0
2024-12-29,Iona Gaels,61.0,home,0.0,0.0,False,-6.0
2024-12-29,Harvard Crimson,67.0,away,0.0,0.0,True,6.0
2024-12-29,Tennessee Tech Golden Eagles,95.0,home,0.0,0.0,True,20.0
2024-12-29,Milligan Buffaloes,75.0,away,0.0,0.0,False,-20.0
2024-12-29,Lafayette Leopards,65.0,home,0.0,0.0,False,-5.0
2024-12-29,Stonehill Skyhawks,70.0,away,0.0,0.0,True,5.0
2024-12-29,Marist Red Foxes,69.0,home,0.0,0.0,True,18.0
2024-12-29,Binghamton Bearcats,51.0,away,0.0,0.0,False,-18.0
2024-12-29,Northwestern Wildcats,85.0,home,0.0,0.0,True,25.0
2024-12-29,Northeastern Huskies,60.0,away,0.0,0.0,False,-25.0
2024-12-29,Penn State Nittany Lions,86.0,home,0.0,0.0,True,20.0
2024-12-29,Pennsylvania Quakers,66.0,away,0.0,0.0,False,-20.0
2024-12-29,UAlbany Great Danes,77.0,home,0.0,0.0,True,7.0
2024-12-29,Stony Brook Seawolves,70.0,away,0.0,0.0,False,-7.0
2024-12-29,Purdue Boilermakers,83.0,home,0.0,0.0,True,19.0
2024-12-29,Toledo Rockets,64.0,away,0.0,0.0,False,-19.0
2024-12-29,Northern Iowa Panthers,78.0,home,0.0,0.0,True,11.0
2024-12-29,Southern Illinois Salukis,67.0,away,0.0,0.0,False,-11.0
2024-12-29,Oregon Ducks,89.0,home,0.0,0.0,True,40.0
2024-12-29,Weber State Wildcats,49.0,away,0.0,0.0,False,-40.0
2024-12-29,Ohio State Buckeyes,103.0,home,0.0,0.0,True,20.0
2024-12-29,Indiana State Sycamores,83.0,away,0.0,0.0,False,-20.0
2024-12-29,Texas Longhorns,77.0,home,0.0,0.0,True,24.0
2024-12-29,Northwestern State Demons,53.0,away,0.0,0.0,False,-24.0
2024-12-29,Florida Gators,85.0,home,0.0,0.0,True,40.0
2024-12-29,Stetson Hatters,45.0,away,0.0,0.0,False,-40.0
2024-12-29,Illinois Fighting Illini,117.0,home,0.0,0.0,True,53.0
2024-12-29,Chicago State Cougars,64.0,away,0.0,0.0,False,-53.0
2024-12-29,Central Connecticut Blue Devils,100.0,home,0.0,0.0,True,49.0
2024-12-29,Johnson & Wales (RI) Griffins,51.0,away,0.0,0.0,False,-49.0
2024-12-29,William & Mary Tribe,82.0,home,0.0,0.0,True,6.0
2024-12-29,Navy Midshipmen,76.0,away,0.0,0.0,False,-6.0
2024-12-29,Youngstown State Penguins,73.0,home,0.0,0.0,True,9.0
2024-12-29,Detroit Mercy Titans,64.0,away,0.0,0.0,False,-9.0
2024-12-29,Southeast Missouri State Redhawks,88.0,home,0.0,0.0,True,49.0
2024-12-29,Westminster (MO) Blue Jays,39.0,away,0.0,0.0,False,-49.0
2024-12-29,Milwaukee Panthers,88.0,home,0.0,0.0,True,7.0
2024-12-29,IU Indianapolis Jaguars,81.0,away,0.0,0.0,False,-7.0
2024-12-29,Maine Black Bears,56.0,home,0.0,0.0,False,-3.0
2024-12-29,Boston University Terriers,59.0,away,0.0,0.0,True,3.0
2024-12-29,North Dakota Fighting Hawks,97.0,home,0.0,0.0,True,40.0
2024-12-29,Waldorf College Warriors,57.0,away,0.0,0.0,False,-40.0
2024-12-29,Army Black Knights,78.0,home,0.0,0.0,True,3.0
2024-12-29,UTSA Roadrunners,75.0,away,0.0,0.0,False,-3.0
2024-12-29,SMU Mustangs,98.0,home,0.0,0.0,True,16.0
2024-12-29,Longwood Lancers,82.0,away,0.0,0.0,False,-16.0
2024-12-29,Niagara Purple Eagles,88.0,home,0.0,0.0,True,19.0
2024-12-29,Le Moyne Dolphins,69.0,away,0.0,0.0,False,-19.0
2024-12-29,Temple Owls,91.0,home,0.0,0.0,True,20.0
2024-12-29,Buffalo Bulls,71.0,away,0.0,0.0,False,-20.0
2024-12-29,Kennesaw State Owls,112.0,home,0.0,0.0,True,35.0
2024-12-29,Brewton-Parker Wildcats,77.0,away,0.0,0.0,False,-35.0
2024-12-29,Holy Cross Crusaders,82.0,home,0.0,0.0,True,36.0
2024-12-29,Regis Pride,46.0,away,0.0,0.0,False,-36.0
2024-12-29,Georgia Bulldogs,79.0,home,0.0,0.0,True,7.0
2024-12-29,South Carolina State Bulldogs,72.0,away,0.0,0.0,False,-7.0
2024-12-29,Robert Morris Colonials,97.0,home,0.0,0.0,True,4.0
2024-12-29,Northern Kentucky Norse,93.0,away,0.0,0.0,False,-4.0
2024-12-29,Minnesota Golden Gophers,90.0,home,0.0,0.0,True,22.0
2024-12-29,Morgan State Bears,68.0,away,0.0,0.0,False,-22.0
2024-12-29,Cleveland State Vikings,78.0,home,0.0,0.0,True,14.0
2024-12-29,Wright State Raiders,64.0,away,0.0,0.0,False,-14.0
2024-12-29,Coastal Carolina Chanticleers,75.0,home,0.0,0.0,True,22.0
2024-12-29,Warner University Royals,53.0,away,0.0,0.0,False,-22.0
2024-12-29,High Point Panthers,74.0,home,0.0,0.0,False,-3.0
2024-12-29,Norfolk State Spartans,77.0,away,0.0,0.0,True,3.0
2024-12-29,Drake Bulldogs,65.0,home,0.0,0.0,True,19.0
2024-12-29,Belmont Bruins,46.0,away,0.0,0.0,False,-19.0
2024-12-29,Washington Huskies,90.0,home,0.0,0.0,True,37.0
2024-12-29,NJIT Highlanders,53.0,away,0.0,0.0,False,-37.0
2024-12-29,Lehigh Mountain Hawks,87.0,home,0.0,0.0,True,20.0
2024-12-29,Neumann Knights,67.0,away,0.0,0.0,False,-20.0
2024-12-29,Bradley Braves,81.0,home,0.0,0.0,True,6.0
2024-12-29,Valparaiso Beacons,75.0,away,0.0,0.0,False,-6.0
2024-12-29,Texas A&M-Corpus Christi Islanders,103.0,home,0.0,0.0,True,59.0
2024-12-29,Schreiner Mountaineers,44.0,away,0.0,0.0,False,-59.0
2024-12-29,Evansville Purple Aces,57.0,home,0.0,0.0,True,17.0
2024-12-29,Missouri State Bears,40.0,away,0.0,0.0,False,-17.0
2024-12-29,Indiana Hoosiers,77.0,home,0.0,0.0,True,9.0
2024-12-29,Winthrop Eagles,68.0,away,0.0,0.0,False,-9.0
2024-12-29,Kent State Golden Flashes,84.0,home,0.0,0.0,True,4.0
2024-12-29,Heidelberg Student Princes,80.0,away,0.0,0.0,False,-4.0
2024-12-29,James Madison Dukes,96.0,home,0.0,0.0,True,32.0
2024-12-29,Midway University Eagles,64.0,away,0.0,0.0,False,-32.0
2024-12-29,Illinois State Redbirds,67.0,home,0.0,0.0,False,-6.0
2024-12-29,UIC Flames,73.0,away,0.0,0.0,True,6.0
2024-12-29,Green Bay Phoenix,67.0,home,0.0,0.0,False,-16.0
2024-12-29,Purdue Fort Wayne Mastodons,83.0,away,0.0,0.0,True,16.0
2024-12-29,Lipscomb Bisons,112.0,home,0.0,0.0,True,58.0
2024-12-29,Asbury Eagles,54.0,away,0.0,0.0,False,-58.0
2024-12-29,American University Eagles,93.0,home,0.0,0.0,False,-3.0
2024-12-29,UMBC Retrievers,96.0,away,0.0,0.0,True,3.0
2024-12-29,Incarnate Word Cardinals,99.0,home,0.0,0.0,True,51.0
2024-12-29,Texas Lutheran Bulldogs,48.0,away,0.0,0.0,False,-51.0
2024-12-29,Wichita State Shockers,87.0,home,0.0,0.0,True,15.0
2024-12-29,Friends University Falcons,72.0,away,0.0,0.0,False,-15.0
2024-12-30,Michigan Wolverines,112.0,home,0.0,0.0,True,48.0
2024-12-30,Western Kentucky Hilltoppers,64.0,away,0.0,0.0,False,-48.0
2024-12-29,UC Riverside Highlanders,81.0,home,0.0,0.0,True,2.0
2024-12-29,St. Thomas-Minnesota Tommies,79.0,away,0.0,0.0,False,-2.0
2024-12-30,LSU Tigers,110.0,home,0.0,0.0,True,65.0
2024-12-30,Mississippi Valley State Delta Devils,45.0,away,0.0,0.0,False,-65.0
2024-12-29,Central Arkansas Bears,87.0,home,0.0,0.0,True,18.0
2024-12-29,Southwestern Christian Eagles,69.0,away,0.0,0.0,False,-18.0
2024-12-29,Texas State Bobcats,72.0,home,0.0,0.0,False,-8.0
2024-12-29,UT Arlington Mavericks,80.0,away,0.0,0.0,True,8.0
2024-12-29,Austin Peay Governors,93.0,home,0.0,0.0,True,47.0
2024-12-29,Brescia Bearcats,46.0,away,0.0,0.0,False,-47.0
2024-12-29,Tarleton State Texans,70.0,home,0.0,0.0,True,10.0
2024-12-29,Florida A&M Rattlers,60.0,away,0.0,0.0,False,-10.0
2024-12-30,North Carolina Tar Heels,97.0,home,0.0,0.0,True,16.0
2024-12-30,Campbell Fighting Camels,81.0,away,0.0,0.0,False,-16.0
2025-01-01,Western Carolina Catamounts,61.0,home,0.0,0.0,False,-29.0
2025-01-01,Furman Paladins,90.0,away,0.0,0.0,True,29.0
2025-01-01,Northern Kentucky Norse,69.0,home,0.0,0.0,True,1.0
2025-01-01,Purdue Fort Wayne Mastodons,68.0,away,0.0,0.0,False,-1.0
2025-01-01,Southern Illinois Salukis,53.0,home,0.0,0.0,False,-15.0
2025-01-01,Evansville Purple Aces,68.0,away,0.0,0.0,True,15.0
2025-01-01,East Tennessee State Buccaneers,84.0,home,0.0,0.0,True,15.0
2025-01-01,VMI Keydets,69.0,away,0.0,0.0,False,-15.0
2025-01-02,Samford Bulldogs,86.0,home,0.0,0.0,True,30.0
2025-01-02,The Citadel Bulldogs,56.0,away,0.0,0.0,False,-30.0
2025-01-01,Louisville Cardinals,83.0,home,0.0,0.0,True,13.0
2025-01-01,North Carolina Tar Heels,70.0,away,0.0,0.0,False,-13.0
2025-01-01,UIC Flames,74.0,home,0.0,0.0,True,4.0
2025-01-01,Drake Bulldogs,70.0,away,0.0,0.0,False,-4.0
2025-01-01,IU Indianapolis Jaguars,61.0,home,0.0,0.0,False,-16.0
2025-01-01,Youngstown State Penguins,77.0,away,0.0,0.0,True,16.0
2025-01-02,Missouri State Bears,72.0,home,0.0,0.0,False,-1.0
2025-01-02,Valparaiso Beacons,73.0,away,0.0,0.0,True,1.0
2025-01-01,Pittsburgh Panthers,86.0,home,0.0,0.0,True,12.0
2025-01-01,California Golden Bears,74.0,away,0.0,0.0,False,-12.0
2025-01-01,Dartmouth Big Green,108.0,home,0.0,0.0,True,53.0
2025-01-01,Colby-Sawyer Chargers,55.0,away,0.0,0.0,False,-53.0
2025-01-01,DePaul Blue Demons,68.0,home,0.0,0.0,False,-13.0
2025-01-01,UConn Huskies,81.0,away,0.0,0.0,True,13.0
2025-01-01,Boston College Eagles,78.0,home,0.0,0.0,True,10.0
2025-01-01,Miami Hurricanes,68.0,away,0.0,0.0,False,-10.0
2025-01-01,Yale Bulldogs,93.0,home,0.0,0.0,True,28.0
2025-01-01,Howard Bison,65.0,away,0.0,0.0,False,-28.0
2025-01-01,Butler Bulldogs,65.0,home,0.0,0.0,False,-8.0
2025-01-01,Villanova Wildcats,73.0,away,0.0,0.0,True,8.0
2025-01-02,Indiana State Sycamores,89.0,home,0.0,0.0,False,-1.0
2025-01-02,Bradley Braves,90.0,away,0.0,0.0,True,1.0
2025-01-01,Tulsa Golden Hurricane,64.0,home,0.0,0.0,False,-6.0
2025-01-01,Rice Owls,70.0,away,0.0,0.0,True,6.0
2025-01-01,Clemson Tigers,85.0,home,0.0,0.0,True,14.0
2025-01-01,Stanford Cardinal,71.0,away,0.0,0.0,False,-14.0
2025-01-01,Wofford Terriers,66.0,home,0.0,0.0,False,-2.0
2025-01-01,UNC Greensboro Spartans,68.0,away,0.0,0.0,True,2.0
2025-01-01,Mercer Bears,99.0,home,0.0,0.0,True,5.0
2025-01-01,Chattanooga Mocs,94.0,away,0.0,0.0,False,-5.0
2025-01-02,Northern Iowa Panthers,76.0,home,0.0,0.0,True,6.0
2025-01-02,Belmont Bruins,70.0,away,0.0,0.0,False,-6.0
2024-12-21,Auburn Tigers,87.0,home,0.0,0.0,True,18.0
2024-12-21,Purdue Boilermakers,69.0,away,0.0,0.0,False,-18.0
2024-12-22,Stanford Cardinal,61.0,home,0.0,0.0,False,-15.0
2024-12-22,Oregon Ducks,76.0,away,0.0,0.0,True,15.0
2024-12-21,Rutgers Scarlet Knights,82.0,home,0.0,0.0,False,-1.0
2024-12-21,Princeton Tigers,83.0,away,0.0,0.0,True,1.0
2024-12-21,Houston Cougars,87.0,home,0.0,0.0,True,36.0
2024-12-21,Texas A&M-Corpus Christi Islanders,51.0,away,0.0,0.0,False,-36.0
2024-12-21,Northern Kentucky Norse,58.0,home,0.0,0.0,True,11.0
2024-12-21,South Carolina State Bulldogs,47.0,away,0.0,0.0,False,-11.0
2024-12-21,UCLA Bruins,74.0,home,0.0,0.0,False,-2.0
2024-12-21,North Carolina Tar Heels,76.0,away,0.0,0.0,True,2.0
2024-12-21,Ole Miss Rebels,80.0,home,0.0,0.0,True,18.0
2024-12-21,Queens University Royals,62.0,away,0.0,0.0,False,-18.0
2024-12-21,Dartmouth Big Green,84.0,home,0.0,0.0,True,30.0
2024-12-21,Vermont Catamounts,54.0,away,0.0,0.0,False,-30.0
2024-12-22,California Golden Bears,50.0,home,0.0,0.0,False,-21.0
2024-12-22,San Diego State Aztecs,71.0,away,0.0,0.0,True,21.0
2024-12-21,Boston College Eagles,77.0,home,0.0,0.0,False,-26.0
2024-12-21,SMU Mustangs,103.0,away,0.0,0.0,True,26.0
2024-12-21,Xavier Musketeers,70.0,home,0.0,0.0,False,-2.0
2024-12-21,Marquette Golden Eagles,72.0,away,0.0,0.0,True,2.0
2024-12-21,Drexel Dragons,64.0,home,0.0,0.0,False,-11.0
2024-12-21,Penn State Nittany Lions,75.0,away,0.0,0.0,True,11.0
2024-12-21,Clemson Tigers,73.0,home,0.0,0.0,True,11.0
2024-12-21,Wake Forest Demon Deacons,62.0,away,0.0,0.0,False,-11.0
2024-12-21,Florida Gators,99.0,home,0.0,0.0,True,54.0
2024-12-21,North Florida Ospreys,45.0,away,0.0,0.0,False,-54.0
2024-12-21,Georgia Tech Yellow Jackets,56.0,home,0.0,0.0,False,-26.0
2024-12-21,Duke Blue Devils,82.0,away,0.0,0.0,True,26.0
2024-12-21,Michigan State Spartans,86.0,home,0.0,0.0,True,17.0
2024-12-21,Florida Atlantic Owls,69.0,away,0.0,0.0,False,-17.0
2024-12-22,Gonzaga Bulldogs,86.0,home,0.0,0.0,True,21.0
2024-12-22,Bucknell Bison,65.0,away,0.0,0.0,False,-21.0
2024-12-21,Butler Bulldogs,74.0,home,0.0,0.0,False,-4.0
2024-12-21,UConn Huskies,78.0,away,0.0,0.0,True,4.0
2024-12-21,Ohio State Buckeyes,85.0,home,0.0,0.0,True,20.0
2024-12-21,Kentucky Wildcats,65.0,away,0.0,0.0,False,-20.0
2024-12-21,Memphis Tigers,66.0,home,0.0,0.0,False,-13.0
2024-12-21,Mississippi State Bulldogs,79.0,away,0.0,0.0,True,13.0
2024-12-21,Indiana Hoosiers,74.0,home,0.0,0.0,True,9.0
2024-12-21,Chattanooga Mocs,65.0,away,0.0,0.0,False,-9.0
2024-12-21,Maryland Terrapins,87.0,home,0.0,0.0,True,27.0
2024-12-21,Syracuse Orange,60.0,away,0.0,0.0,False,-27.0
2024-12-21,Long Island University Sharks,59.0,home,0.0,0.0,False,-1.0
2024-12-21,Lehigh Mountain Hawks,60.0,away,0.0,0.0,True,1.0
2024-12-21,Marist Red Foxes,76.0,home,0.0,0.0,True,3.0
2024-12-21,UMBC Retrievers,73.0,away,0.0,0.0,False,-3.0
2024-12-21,Saint Joseph's Hawks,82.0,home,0.0,0.0,True,20.0
2024-12-21,Virginia Tech Hokies,62.0,away,0.0,0.0,False,-20.0
2024-12-21,St. Bonaventure Bonnies,71.0,home,0.0,0.0,True,19.0
2024-12-21,Niagara Purple Eagles,52.0,away,0.0,0.0,False,-19.0
2024-12-21,Indiana State Sycamores,101.0,home,0.0,0.0,True,48.0
2024-12-21,Health Sciences & Pharmacy Eutectics,53.0,away,0.0,0.0,False,-48.0
2024-12-21,Monmouth Hawks,88.0,home,0.0,0.0,True,14.0
2024-12-21,Fairfield Stags,74.0,away,0.0,0.0,False,-14.0
2024-12-21,Pittsburgh Panthers,110.0,home,0.0,0.0,True,32.0
2024-12-21,Sam Houston Bearkats,78.0,away,0.0,0.0,False,-32.0
2024-12-21,Presbyterian Blue Hose,81.0,home,0.0,0.0,False,-5.0
2024-12-21,Manhattan Jaspers,86.0,away,0.0,0.0,True,5.0
2024-12-21,Robert Morris Colonials,90.0,home,0.0,0.0,True,13.0
2024-12-21,Saint Francis Red Flash,77.0,away,0.0,0.0,False,-13.0
2024-12-21,Loyola Maryland Greyhounds,68.0,home,0.0,0.0,False,-8.0
2024-12-21,Hampton Pirates,76.0,away,0.0,0.0,True,8.0
2024-12-21,Stony Brook Seawolves,74.0,home,0.0,0.0,True,2.0
2024-12-21,Maine Black Bears,72.0,away,0.0,0.0,False,-2.0
2024-12-21,Florida State Seminoles,76.0,home,0.0,0.0,False,-14.0
2024-12-21,Louisville Cardinals,90.0,away,0.0,0.0,True,14.0
2024-12-21,Eastern Kentucky Colonels,80.0,home,0.0,0.0,False,-11.0
2024-12-21,Jacksonville State Gamecocks,91.0,away,0.0,0.0,True,11.0
2024-12-21,Coppin State Eagles,68.0,home,0.0,0.0,True,8.0
2024-12-21,Navy Midshipmen,60.0,away,0.0,0.0,False,-8.0
2024-12-21,Texas Tech Red Raiders,101.0,home,0.0,0.0,True,44.0
2024-12-21,Lamar Cardinals,57.0,away,0.0,0.0,False,-44.0
2024-12-21,West Georgia Wolves,107.0,home,0.0,0.0,True,46.0
2024-12-21,Brewton-Parker Wildcats,61.0,away,0.0,0.0,False,-46.0
2024-12-21,South Carolina Upstate Spartans,64.0,home,0.0,0.0,False,-8.0
2024-12-21,Youngstown State Penguins,72.0,away,0.0,0.0,True,8.0
2024-12-21,Central Connecticut Blue Devils,84.0,home,0.0,0.0,True,4.0
2024-12-21,Quinnipiac Bobcats,80.0,away,0.0,0.0,False,-4.0
2024-12-21,UMass Lowell River Hawks,83.0,home,0.0,0.0,True,12.0
2024-12-21,Boston University Terriers,71.0,away,0.0,0.0,False,-12.0
2024-12-21,Cal State Northridge Matadors,81.0,home,0.0,0.0,True,24.0
2024-12-21,Chicago State Cougars,57.0,away,0.0,0.0,False,-24.0
2024-12-21,Eastern Michigan Eagles,86.0,home,0.0,0.0,True,4.0
2024-12-21,Wright State Raiders,82.0,away,0.0,0.0,False,-4.0
2024-12-21,Bowling Green Falcons,68.0,home,0.0,0.0,False,-25.0
2024-12-21,St. Thomas-Minnesota Tommies,93.0,away,0.0,0.0,True,25.0
2024-12-21,Ball State Cardinals,80.0,home,0.0,0.0,True,37.0
2024-12-21,Evansville Purple Aces,43.0,away,0.0,0.0,False,-37.0
2024-12-21,Fordham Rams,87.0,home,0.0,0.0,True,4.0
2024-12-21,UAlbany Great Danes,83.0,away,0.0,0.0,False,-4.0
2024-12-21,Troy Trojans,77.0,home,0.0,0.0,True,20.0
2024-12-21,Georgia State Panthers,57.0,away,0.0,0.0,False,-20.0
2024-12-21,Bradley Braves,92.0,home,0.0,0.0,True,33.0
2024-12-21,Canisius Golden Griffins,59.0,away,0.0,0.0,False,-33.0
2024-12-21,South Alabama Jaguars,77.0,home,0.0,0.0,True,28.0
2024-12-21,James Madison Dukes,49.0,away,0.0,0.0,False,-28.0
2024-12-21,Kansas City Roos,73.0,home,0.0,0.0,True,7.0
2024-12-21,East Tennessee State Buccaneers,66.0,away,0.0,0.0,False,-7.0
2024-12-21,Miami Hurricanes,74.0,home,0.0,0.0,False,-4.0
2024-12-21,Mount St. Mary's Mountaineers,78.0,away,0.0,0.0,True,4.0
2024-12-21,UNC Wilmington Seahawks,85.0,home,0.0,0.0,True,11.0
2024-12-21,UNC Asheville Bulldogs,74.0,away,0.0,0.0,False,-11.0
2024-12-21,Winthrop Eagles,102.0,home,0.0,0.0,True,5.0
2024-12-21,Mercer Bears,97.0,away,0.0,0.0,False,-5.0
2024-12-21,Minnesota Golden Gophers,74.0,home,0.0,0.0,True,14.0
2024-12-21,Fairleigh Dickinson Knights,60.0,away,0.0,0.0,False,-14.0
2024-12-21,Liberty Flames,79.0,home,0.0,0.0,True,23.0
2024-12-21,UT Arlington Mavericks,56.0,away,0.0,0.0,False,-23.0
2024-12-21,Southern Illinois Salukis,81.0,home,0.0,0.0,False,-13.0
2024-12-21,High Point Panthers,94.0,away,0.0,0.0,True,13.0
2024-12-21,La Salle Explorers,108.0,home,0.0,0.0,True,60.0
2024-12-21,Immaculata Mighty Macs,48.0,away,0.0,0.0,False,-60.0
2024-12-21,Arkansas Razorbacks,95.0,home,0.0,0.0,True,28.0
2024-12-21,North Carolina A&T Aggies,67.0,away,0.0,0.0,False,-28.0
2024-12-21,Duquesne Dukes,70.0,home,0.0,0.0,True,16.0
2024-12-21,UC Irvine Anteaters,54.0,away,0.0,0.0,False,-16.0
2024-12-21,Wagner Seahawks,83.0,home,0.0,0.0,True,31.0
2024-12-21,Penn State-Fayette Nittany Lions,52.0,away,0.0,0.0,False,-31.0
2024-12-21,UNLV Rebels,66.0,home,0.0,0.0,True,13.0
2024-12-21,UC Riverside Highlanders,53.0,away,0.0,0.0,False,-13.0
2024-12-21,Pepperdine Waves,85.0,home,0.0,0.0,True,39.0
2024-12-21,UC Davis Aggies,46.0,away,0.0,0.0,False,-39.0
2024-12-21,Western Kentucky Hilltoppers,91.0,home,0.0,0.0,True,20.0
2024-12-21,Kentucky Wesleyan Panthers,71.0,away,0.0,0.0,False,-20.0
2024-12-21,Tulsa Golden Hurricane,93.0,home,0.0,0.0,True,45.0
2024-12-21,Mississippi Valley State Delta Devils,48.0,away,0.0,0.0,False,-45.0
2024-12-21,East Carolina Pirates,79.0,home,0.0,0.0,False,-5.0
2024-12-21,Gardner-Webb Runnin' Bulldogs,84.0,away,0.0,0.0,True,5.0
2024-12-21,South Florida Bulls,88.0,home,0.0,0.0,True,26.0
2024-12-21,East Texas A&M Lions,62.0,away,0.0,0.0,False,-26.0
2024-12-21,Harvard Crimson,63.0,home,0.0,0.0,False,-14.0
2024-12-21,Furman Paladins,77.0,away,0.0,0.0,True,14.0
2024-12-21,Southern Miss Golden Eagles,68.0,home,0.0,0.0,True,2.0
2024-12-21,Marshall Thundering Herd,66.0,away,0.0,0.0,False,-2.0
2024-12-21,Vanderbilt Commodores,85.0,home,0.0,0.0,True,30.0
2024-12-21,Austin Peay Governors,55.0,away,0.0,0.0,False,-30.0
2024-12-21,Boise State Broncos,77.0,home,0.0,0.0,True,18.0
2024-12-21,Air Force Falcons,59.0,away,0.0,0.0,False,-18.0
2024-12-21,Portland Pilots,74.0,home,0.0,0.0,True,10.0
2024-12-21,Lafayette Leopards,64.0,away,0.0,0.0,False,-10.0
2024-12-21,UL Monroe Warhawks,75.0,home,0.0,0.0,False,-5.0
2024-12-21,Old Dominion Monarchs,80.0,away,0.0,0.0,True,5.0
2024-12-21,Texas State Bobcats,83.0,home,0.0,0.0,True,22.0
2024-12-21,Georgia Southern Eagles,61.0,away,0.0,0.0,False,-22.0
2024-12-21,Louisiana Tech Bulldogs,108.0,home,0.0,0.0,True,48.0
2024-12-21,Rust Bearcats,60.0,away,0.0,0.0,False,-48.0
2024-12-21,Abilene Christian Wildcats,69.0,home,0.0,0.0,True,4.0
2024-12-21,Texas Southern Tigers,65.0,away,0.0,0.0,False,-4.0
2024-12-21,UT Rio Grande Valley Vaqueros,106.0,home,0.0,0.0,True,50.0
2024-12-21,College Of Biblical Studies Ambassadors,56.0,away,0.0,0.0,False,-50.0
2024-12-21,Colorado Buffaloes,79.0,home,0.0,0.0,True,24.0
2024-12-21,Bellarmine Knights,55.0,away,0.0,0.0,False,-24.0
2024-12-21,Arkansas State Red Wolves,97.0,home,0.0,0.0,True,30.0
2024-12-21,Coastal Carolina Chanticleers,67.0,away,0.0,0.0,False,-30.0
2024-12-21,Morehead State Eagles,74.0,home,0.0,0.0,True,6.0
2024-12-21,Tennessee State Tigers,68.0,away,0.0,0.0,False,-6.0
2024-12-21,Arizona Wildcats,94.0,home,0.0,0.0,True,53.0
2024-12-21,Central Michigan Chippewas,41.0,away,0.0,0.0,False,-53.0
2024-12-21,Northwestern Wildcats,84.0,home,0.0,0.0,True,20.0
2024-12-21,DePaul Blue Demons,64.0,away,0.0,0.0,False,-20.0
2024-12-21,Southern Utah Thunderbirds,75.0,home,0.0,0.0,False,-8.0
2024-12-21,Northern Arizona Lumberjacks,83.0,away,0.0,0.0,True,8.0
2024-12-21,Massachusetts Minutemen,62.0,home,0.0,0.0,False,-16.0
2024-12-21,Arizona State Sun Devils,78.0,away,0.0,0.0,True,16.0
2024-12-21,Creighton Bluejays,86.0,home,0.0,0.0,True,7.0
2024-12-21,Villanova Wildcats,79.0,away,0.0,0.0,False,-7.0
2024-12-21,Lindenwood Lions,71.0,home,0.0,0.0,True,6.0
2024-12-21,Western Illinois Leathernecks,65.0,away,0.0,0.0,False,-6.0
2024-12-21,Southeast Missouri State Redhawks,80.0,home,0.0,0.0,True,16.0
2024-12-21,SIU Edwardsville Cougars,64.0,away,0.0,0.0,False,-16.0
2024-12-21,Fresno State Bulldogs,69.0,home,0.0,0.0,False,-17.0
2024-12-21,California Baptist Lancers,86.0,away,0.0,0.0,True,17.0
2024-12-21,Alabama A&M Bulldogs,90.0,home,0.0,0.0,False,-7.0
2024-12-21,Samford Bulldogs,97.0,away,0.0,0.0,True,7.0
2024-12-21,Northern Iowa Panthers,68.0,home,0.0,0.0,False,-8.0
2024-12-21,Washington State Cougars,76.0,away,0.0,0.0,True,8.0
2024-12-21,Pacific Tigers,72.0,home,0.0,0.0,False,-23.0
2024-12-21,Idaho Vandals,95.0,away,0.0,0.0,True,23.0
2024-12-21,Santa Clara Broncos,98.0,home,0.0,0.0,True,17.0
2024-12-21,South Dakota Coyotes,81.0,away,0.0,0.0,False,-17.0
2024-12-21,Southern Indiana Screaming Eagles,46.0,home,0.0,0.0,False,-31.0
2024-12-21,UT Martin Skyhawks,77.0,away,0.0,0.0,True,31.0
2024-12-21,Drake Bulldogs,72.0,home,0.0,0.0,True,10.0
2024-12-21,Green Bay Phoenix,62.0,away,0.0,0.0,False,-10.0
2024-12-21,Florida International Panthers,75.0,home,0.0,0.0,True,6.0
2024-12-21,IU Indianapolis Jaguars,69.0,away,0.0,0.0,False,-6.0
2024-12-21,Denver Pioneers,75.0,home,0.0,0.0,False,-7.0
2024-12-21,Northern Colorado Bears,82.0,away,0.0,0.0,True,7.0
2024-12-21,Davidson Wildcats,76.0,home,0.0,0.0,True,13.0
2024-12-21,Bethune-Cookman Wildcats,63.0,away,0.0,0.0,False,-13.0
2024-12-21,Nevada Wolf Pack,64.0,home,0.0,0.0,False,-2.0
2024-12-21,Colorado State Rams,66.0,away,0.0,0.0,True,2.0
2024-12-21,Tarleton State Texans,100.0,home,0.0,0.0,True,17.0
2024-12-21,Howard Payne Yellow Jackets,83.0,away,0.0,0.0,False,-17.0
2024-12-21,Eastern Washington Eagles,107.0,home,0.0,0.0,True,44.0
2024-12-21,Lincoln University (CA) Oaklanders,63.0,away,0.0,0.0,False,-44.0
2024-12-21,San Francisco Dons,71.0,home,0.0,0.0,True,4.0
2024-12-21,Montana Grizzlies,67.0,away,0.0,0.0,False,-4.0
2024-12-21,Richmond Spiders,78.0,home,0.0,0.0,True,7.0
2024-12-21,VMI Keydets,71.0,away,0.0,0.0,False,-7.0
2024-12-21,UCF Knights,86.0,home,0.0,0.0,True,20.0
2024-12-21,Jacksonville Dolphins,66.0,away,0.0,0.0,False,-20.0
2024-12-21,Iowa Hawkeyes,95.0,home,0.0,0.0,True,7.0
2024-12-21,Utah Utes,88.0,away,0.0,0.0,False,-7.0
2024-12-21,Rhode Island Rams,85.0,home,0.0,0.0,True,6.0
2024-12-21,Temple Owls,79.0,away,0.0,0.0,False,-6.0
2024-12-22,Wichita State Shockers,84.0,home,0.0,0.0,True,19.0
2024-12-22,Kansas State Wildcats,65.0,away,0.0,0.0,False,-19.0
2024-12-22,UTEP Miners,75.0,home,0.0,0.0,True,1.0
2024-12-22,Yale Bulldogs,74.0,away,0.0,0.0,False,-1.0
2024-12-22,Jackson State Tigers,50.0,home,0.0,0.0,False,-18.0
2024-12-22,Akron Zips,68.0,away,0.0,0.0,True,18.0
2024-12-22,San Diego Toreros,71.0,home,0.0,0.0,False,-6.0
2024-12-22,UC San Diego Tritons,77.0,away,0.0,0.0,True,6.0
2024-12-22,Omaha Mavericks,86.0,home,0.0,0.0,True,4.0
2024-12-22,Cal Poly Mustangs,82.0,away,0.0,0.0,False,-4.0
2024-12-22,Weber State Wildcats,62.0,home,0.0,0.0,False,-2.0
2024-12-22,Utah Valley Wolverines,64.0,away,0.0,0.0,True,2.0
2024-12-22,Elon Phoenix,73.0,home,0.0,0.0,True,4.0
2024-12-22,UNC Greensboro Spartans,69.0,away,0.0,0.0,False,-4.0
2024-12-22,San José State Spartans,89.0,home,0.0,0.0,True,24.0
2024-12-22,Kennesaw State Owls,65.0,away,0.0,0.0,False,-24.0
2024-12-22,Cal State Bakersfield Roadrunners,58.0,home,0.0,0.0,False,-1.0
2024-12-22,Portland State Vikings,59.0,away,0.0,0.0,True,1.0
2025-01-07,Wichita State Shockers,72.0,home,0.0,0.0,False,-19.0
2025-01-07,South Florida Bulls,91.0,away,0.0,0.0,True,19.0
2025-01-07,Northwestern State Demons,69.0,home,0.0,0.0,False,-23.0
2025-01-07,McNeese Cowboys,92.0,away,0.0,0.0,True,23.0
2025-01-07,Alabama State Hornets,93.0,home,0.0,0.0,True,2.0
2025-01-07,Arkansas-Pine Bluff Golden Lions,91.0,away,0.0,0.0,False,-2.0
2025-01-07,Rutgers Scarlet Knights,63.0,home,0.0,0.0,False,-12.0
2025-01-07,Wisconsin Badgers,75.0,away,0.0,0.0,True,12.0
2025-01-06,Delaware State Hornets,64.0,home,0.0,0.0,False,-9.0
2025-01-06,Norfolk State Spartans,73.0,away,0.0,0.0,True,9.0
2025-01-07,Houston Cougars,65.0,home,0.0,0.0,True,19.0
2025-01-07,TCU Horned Frogs,46.0,away,0.0,0.0,False,-19.0
2025-01-07,East Texas A&M Lions,61.0,home,0.0,0.0,False,-22.0
2025-01-07,Nicholls Colonels,83.0,away,0.0,0.0,True,22.0
2025-01-07,New Orleans Privateers,83.0,home,0.0,0.0,False,-14.0
2025-01-07,Texas A&M-Corpus Christi Islanders,97.0,away,0.0,0.0,True,14.0
2025-01-07,Coppin State Eagles,77.0,home,0.0,0.0,False,-8.0
2025-01-07,South Carolina State Bulldogs,85.0,away,0.0,0.0,True,8.0
2025-01-07,SE Louisiana Lions,79.0,home,0.0,0.0,True,4.0
2025-01-07,UT Rio Grande Valley Vaqueros,75.0,away,0.0,0.0,False,-4.0
2025-01-07,Stephen F. Austin Lumberjacks,73.0,home,0.0,0.0,False,-10.0
2025-01-07,Houston Christian Huskies,83.0,away,0.0,0.0,True,10.0
2025-01-07,Texas Southern Tigers,71.0,home,0.0,0.0,True,5.0
2025-01-07,Grambling Tigers,66.0,away,0.0,0.0,False,-5.0
2025-01-07,Prairie View A&M Panthers,80.0,home,0.0,0.0,False,-4.0
2025-01-07,Southern Jaguars,84.0,away,0.0,0.0,True,4.0
2025-01-07,Minnesota Golden Gophers,88.0,home,0.0,0.0,False,-1.0
2025-01-07,Ohio State Buckeyes,89.0,away,0.0,0.0,True,1.0
2025-01-07,Alabama A&M Bulldogs,79.0,home,0.0,0.0,True,12.0
2025-01-07,Mississippi Valley State Delta Devils,67.0,away,0.0,0.0,False,-12.0
2025-01-07,Lamar Cardinals,72.0,home,0.0,0.0,True,14.0
2025-01-07,Incarnate Word Cardinals,58.0,away,0.0,0.0,False,-14.0
2025-01-11,Maryland Terrapins,79.0,home,0.0,0.0,True,18.0
2025-01-11,UCLA Bruins,61.0,away,0.0,0.0,False,-18.0
2025-01-10,Buffalo Bulls,49.0,home,0.0,0.0,False,-19.0
2025-01-10,Kent State Golden Flashes,68.0,away,0.0,0.0,True,19.0
2025-01-10,Sacred Heart Pioneers,65.0,home,0.0,0.0,False,-1.0
2025-01-10,Merrimack Warriors,66.0,away,0.0,0.0,True,1.0
2025-01-11,Saint Francis Red Flash,73.0,home,0.0,0.0,True,14.0
2025-01-11,Mercyhurst Lakers,59.0,away,0.0,0.0,False,-14.0
2025-01-10,Niagara Purple Eagles,70.0,home,0.0,0.0,True,10.0
2025-01-10,Saint Peter's Peacocks,60.0,away,0.0,0.0,False,-10.0
2025-01-11,Wisconsin Badgers,80.0,home,0.0,0.0,True,21.0
2025-01-11,Minnesota Golden Gophers,59.0,away,0.0,0.0,False,-21.0
2025-01-11,Quinnipiac Bobcats,72.0,home,0.0,0.0,True,19.0
2025-01-11,Siena Saints,53.0,away,0.0,0.0,False,-19.0
2025-01-11,Central Connecticut Blue Devils,57.0,home,0.0,0.0,False,-5.0
2025-01-11,Wagner Seahawks,62.0,away,0.0,0.0,True,5.0
2025-01-11,Le Moyne Dolphins,86.0,home,0.0,0.0,False,-5.0
2025-01-11,Fairleigh Dickinson Knights,91.0,away,0.0,0.0,True,5.0
2025-01-11,Stonehill Skyhawks,60.0,home,0.0,0.0,False,-10.0
2025-01-11,Long Island University Sharks,70.0,away,0.0,0.0,True,10.0
2025-01-11,Toledo Rockets,69.0,home,0.0,0.0,True,2.0
2025-01-11,Central Michigan Chippewas,67.0,away,0.0,0.0,False,-2.0
2025-01-11,Canisius Golden Griffins,85.0,home,0.0,0.0,True,18.0
2025-01-11,Rider Broncs,67.0,away,0.0,0.0,False,-18.0
2025-01-11,Fairfield Stags,68.0,home,0.0,0.0,True,4.0
2025-01-11,Iona Gaels,64.0,away,0.0,0.0,False,-4.0
2025-01-11,Manhattan Jaspers,66.0,home,0.0,0.0,False,-9.0
2025-01-11,Mount St. Mary's Mountaineers,75.0,away,0.0,0.0,True,9.0
2025-01-03,Oregon Ducks,77.0,home,0.0,0.0,False,-32.0
2025-01-03,Illinois Fighting Illini,109.0,away,0.0,0.0,True,32.0
2025-01-03,Minnesota Golden Gophers,61.0,home,0.0,0.0,False,-20.0
2025-01-03,Purdue Boilermakers,81.0,away,0.0,0.0,True,20.0
2025-01-03,Gonzaga Bulldogs,81.0,home,0.0,0.0,True,31.0
2025-01-03,Portland Pilots,50.0,away,0.0,0.0,False,-31.0
2025-01-03,Lehigh Mountain Hawks,66.0,home,0.0,0.0,True,2.0
2025-01-03,Bucknell Bison,64.0,away,0.0,0.0,False,-2.0
2025-01-02,North Florida Ospreys,89.0,home,0.0,0.0,False,-8.0
2025-01-02,Austin Peay Governors,97.0,away,0.0,0.0,True,8.0
2025-01-02,Presbyterian Blue Hose,68.0,home,0.0,0.0,True,8.0
2025-01-02,Longwood Lancers,60.0,away,0.0,0.0,False,-8.0
2025-01-03,Lafayette Leopards,60.0,home,0.0,0.0,True,14.0
2025-01-03,Boston University Terriers,46.0,away,0.0,0.0,False,-14.0
2025-01-03,Navy Midshipmen,81.0,home,0.0,0.0,True,23.0
2025-01-03,American University Eagles,58.0,away,0.0,0.0,False,-23.0
2025-01-02,App State Mountaineers,61.0,home,0.0,0.0,False,-8.0
2025-01-02,Troy Trojans,69.0,away,0.0,0.0,True,8.0
2025-01-03,Marshall Thundering Herd,77.0,home,0.0,0.0,True,6.0
2025-01-03,Texas State Bobcats,71.0,away,0.0,0.0,False,-6.0
2025-01-03,James Madison Dukes,83.0,home,0.0,0.0,True,11.0
2025-01-03,Southern Miss Golden Eagles,72.0,away,0.0,0.0,False,-11.0
2025-01-03,Florida Atlantic Owls,62.0,home,0.0,0.0,False,-28.0
2025-01-03,Memphis Tigers,90.0,away,0.0,0.0,True,28.0
2025-01-02,Winthrop Eagles,95.0,home,0.0,0.0,True,19.0
2025-01-02,South Carolina Upstate Spartans,76.0,away,0.0,0.0,False,-19.0
2025-01-03,Colgate Raiders,71.0,home,0.0,0.0,True,12.0
2025-01-03,Army Black Knights,59.0,away,0.0,0.0,False,-12.0
2025-01-02,Charleston Southern Buccaneers,72.0,home,0.0,0.0,True,9.0
2025-01-02,Gardner-Webb Runnin' Bulldogs,63.0,away,0.0,0.0,False,-9.0
2025-01-03,Georgia State Panthers,51.0,home,0.0,0.0,False,-26.0
2025-01-03,South Alabama Jaguars,77.0,away,0.0,0.0,True,26.0
2025-01-03,Georgia Southern Eagles,90.0,home,0.0,0.0,True,8.0
2025-01-03,UL Monroe Warhawks,82.0,away,0.0,0.0,False,-8.0
2025-01-03,High Point Panthers,76.0,home,0.0,0.0,True,18.0
2025-01-03,Radford Highlanders,58.0,away,0.0,0.0,False,-18.0
2025-01-03,Penn State Nittany Lions,84.0,home,0.0,0.0,True,4.0
2025-01-03,Northwestern Wildcats,80.0,away,0.0,0.0,False,-4.0
2025-01-02,Holy Cross Crusaders,74.0,home,0.0,0.0,True,2.0
2025-01-02,Loyola Maryland Greyhounds,72.0,away,0.0,0.0,False,-2.0
2025-01-03,Detroit Mercy Titans,78.0,home,0.0,0.0,True,2.0
2025-01-03,Robert Morris Colonials,76.0,away,0.0,0.0,False,-2.0
2025-01-03,Coastal Carolina Chanticleers,68.0,home,0.0,0.0,False,-3.0
2025-01-03,Louisiana Ragin' Cajuns,71.0,away,0.0,0.0,True,3.0
2025-01-03,Queens University Royals,96.0,home,0.0,0.0,True,9.0
2025-01-03,Stetson Hatters,87.0,away,0.0,0.0,False,-9.0
2025-01-03,UNC Wilmington Seahawks,61.0,home,0.0,0.0,False,-4.0
2025-01-03,Towson Tigers,65.0,away,0.0,0.0,True,4.0
2025-01-03,Oakland Golden Grizzlies,65.0,home,0.0,0.0,True,16.0
2025-01-03,Milwaukee Panthers,49.0,away,0.0,0.0,False,-16.0
2025-01-03,West Georgia Wolves,68.0,home,0.0,0.0,False,-11.0
2025-01-03,Florida Gulf Coast Eagles,79.0,away,0.0,0.0,True,11.0
2025-01-03,Murray State Racers,68.0,home,0.0,0.0,False,-6.0
2025-01-03,Illinois State Redbirds,74.0,away,0.0,0.0,True,6.0
2025-01-03,Liberty Flames,70.0,home,0.0,0.0,False,-1.0
2025-01-03,Western Kentucky Hilltoppers,71.0,away,0.0,0.0,True,1.0
2025-01-03,Northern Arizona Lumberjacks,67.0,home,0.0,0.0,False,-5.0
2025-01-03,Idaho State Bengals,72.0,away,0.0,0.0,True,5.0
2025-01-03,North Alabama Lions,82.0,home,0.0,0.0,True,16.0
2025-01-03,Bellarmine Knights,66.0,away,0.0,0.0,False,-16.0
2025-01-03,North Carolina A&T Aggies,67.0,home,0.0,0.0,False,-8.0
2025-01-03,Elon Phoenix,75.0,away,0.0,0.0,True,8.0
2025-01-03,Northeastern Huskies,80.0,home,0.0,0.0,True,3.0
2025-01-03,Delaware Blue Hens,77.0,away,0.0,0.0,False,-3.0
2025-01-03,Monmouth Hawks,78.0,home,0.0,0.0,True,22.0
2025-01-03,Stony Brook Seawolves,56.0,away,0.0,0.0,False,-22.0
2025-01-03,Wright State Raiders,74.0,home,0.0,0.0,True,23.0
2025-01-03,Green Bay Phoenix,51.0,away,0.0,0.0,False,-23.0
2025-01-03,Old Dominion Monarchs,59.0,home,0.0,0.0,False,-19.0
2025-01-03,Arkansas State Red Wolves,78.0,away,0.0,0.0,True,19.0
2025-01-03,Charleston Cougars,94.0,home,0.0,0.0,True,27.0
2025-01-03,Hampton Pirates,67.0,away,0.0,0.0,False,-27.0
2025-01-03,Campbell Fighting Camels,57.0,home,0.0,0.0,True,3.0
2025-01-03,Drexel Dragons,54.0,away,0.0,0.0,False,-3.0
2025-01-03,Hofstra Pride,56.0,home,0.0,0.0,False,-18.0
2025-01-03,William & Mary Tribe,74.0,away,0.0,0.0,True,18.0
2025-01-03,Florida International Panthers,69.0,home,0.0,0.0,False,-4.0
2025-01-03,Middle Tennessee Blue Raiders,73.0,away,0.0,0.0,True,4.0
2025-01-03,Jacksonville Dolphins,65.0,home,0.0,0.0,False,-5.0
2025-01-03,Lipscomb Bisons,70.0,away,0.0,0.0,True,5.0
2025-01-03,Northern Colorado Bears,89.0,home,0.0,0.0,True,17.0
2025-01-03,Weber State Wildcats,72.0,away,0.0,0.0,False,-17.0
2025-01-03,Cal Poly Mustangs,89.0,home,0.0,0.0,False,-9.0
2025-01-03,UC Irvine Anteaters,98.0,away,0.0,0.0,True,9.0
2025-01-03,Kansas City Roos,68.0,home,0.0,0.0,True,14.0
2025-01-03,South Dakota Coyotes,54.0,away,0.0,0.0,False,-14.0
2025-01-03,North Dakota State Bison,85.0,home,0.0,0.0,False,-4.0
2025-01-03,St. Thomas-Minnesota Tommies,89.0,away,0.0,0.0,True,4.0
2025-01-03,North Dakota Fighting Hawks,85.0,home,0.0,0.0,False,-10.0
2025-01-03,Omaha Mavericks,95.0,away,0.0,0.0,True,10.0
2025-01-03,Idaho Vandals,69.0,home,0.0,0.0,True,5.0
2025-01-03,Montana State Bobcats,64.0,away,0.0,0.0,False,-5.0
2025-01-03,Eastern Washington Eagles,81.0,home,0.0,0.0,False,-11.0
2025-01-03,Montana Grizzlies,92.0,away,0.0,0.0,True,11.0
2025-01-03,South Dakota State Jackrabbits,91.0,home,0.0,0.0,True,21.0
2025-01-03,Denver Pioneers,70.0,away,0.0,0.0,False,-21.0
2025-01-03,Eastern Illinois Panthers,78.0,home,0.0,0.0,True,4.0
2025-01-03,Lindenwood Lions,74.0,away,0.0,0.0,False,-4.0
2025-01-03,UT Martin Skyhawks,56.0,home,0.0,0.0,False,-1.0
2025-01-03,Little Rock Trojans,57.0,away,0.0,0.0,True,1.0
2025-01-03,Washington Huskies,75.0,home,0.0,0.0,True,6.0
2025-01-03,Maryland Terrapins,69.0,away,0.0,0.0,False,-6.0
2025-01-03,Tennessee Tech Golden Eagles,68.0,home,0.0,0.0,True,4.0
2025-01-03,Southern Indiana Screaming Eagles,64.0,away,0.0,0.0,False,-4.0
2025-01-03,Indiana Hoosiers,84.0,home,0.0,0.0,True,10.0
2025-01-03,Rutgers Scarlet Knights,74.0,away,0.0,0.0,False,-10.0
2025-01-03,Central Arkansas Bears,83.0,home,0.0,0.0,False,-6.0
2025-01-03,Eastern Kentucky Colonels,89.0,away,0.0,0.0,True,6.0
2025-01-03,Tennessee State Tigers,65.0,home,0.0,0.0,False,-2.0
2025-01-03,Southeast Missouri State Redhawks,67.0,away,0.0,0.0,True,2.0
2025-01-03,SIU Edwardsville Cougars,77.0,home,0.0,0.0,True,11.0
2025-01-03,Western Illinois Leathernecks,66.0,away,0.0,0.0,False,-11.0
2025-01-03,UTEP Miners,70.0,home,0.0,0.0,True,10.0
2025-01-03,Louisiana Tech Bulldogs,60.0,away,0.0,0.0,False,-10.0
2025-01-03,Cal State Bakersfield Roadrunners,75.0,home,0.0,0.0,True,11.0
2025-01-03,UC Davis Aggies,64.0,away,0.0,0.0,False,-11.0
2025-01-03,New Mexico State Aggies,75.0,home,0.0,0.0,True,4.0
2025-01-03,Sam Houston Bearkats,71.0,away,0.0,0.0,False,-4.0
2025-01-03,Cal State Fullerton Titans,65.0,home,0.0,0.0,False,-30.0
2025-01-03,Cal State Northridge Matadors,95.0,away,0.0,0.0,True,30.0
2025-01-03,Long Beach State Beach,60.0,home,0.0,0.0,False,-16.0
2025-01-03,UC Riverside Highlanders,76.0,away,0.0,0.0,True,16.0
2025-01-03,Saint Mary's Gaels,71.0,home,0.0,0.0,True,30.0
2025-01-03,Pepperdine Waves,41.0,away,0.0,0.0,False,-30.0
2025-01-03,San Diego Toreros,80.0,home,0.0,0.0,False,-1.0
2025-01-03,Santa Clara Broncos,81.0,away,0.0,0.0,True,1.0
2025-01-03,Hawai'i Rainbow Warriors,61.0,home,0.0,0.0,False,-3.0
2025-01-03,UC Santa Barbara Gauchos,64.0,away,0.0,0.0,True,3.0
2025-01-03,Pacific Tigers,81.0,home,0.0,0.0,False,-8.0
2025-01-03,San Francisco Dons,89.0,away,0.0,0.0,True,8.0
2025-01-03,Loyola Marymount Lions,82.0,home,0.0,0.0,True,21.0
2025-01-03,Oregon State Beavers,61.0,away,0.0,0.0,False,-21.0
2025-01-05,UConn Huskies,87.0,home,0.0,0.0,True,3.0
2025-01-05,Providence Friars,84.0,away,0.0,0.0,False,-3.0
2025-01-05,Washington Huskies,77.0,home,0.0,0.0,False,-4.0
2025-01-05,Illinois Fighting Illini,81.0,away,0.0,0.0,True,4.0
2025-01-05,Bucknell Bison,66.0,home,0.0,0.0,True,6.0
2025-01-05,Colgate Raiders,60.0,away,0.0,0.0,False,-6.0
2025-01-05,Long Island University Sharks,53.0,home,0.0,0.0,True,14.0
2025-01-05,Chicago State Cougars,39.0,away,0.0,0.0,False,-14.0
2025-01-05,Penn State Nittany Lions,71.0,home,0.0,0.0,False,-6.0
2025-01-05,Indiana Hoosiers,77.0,away,0.0,0.0,True,6.0
2025-01-05,American University Eagles,75.0,home,0.0,0.0,True,11.0
2025-01-05,Holy Cross Crusaders,64.0,away,0.0,0.0,False,-11.0
2025-01-05,East Carolina Pirates,76.0,home,0.0,0.0,False,-2.0
2025-01-05,Florida Atlantic Owls,78.0,away,0.0,0.0,True,2.0
2025-01-05,Harvard Crimson,71.0,home,0.0,0.0,True,6.0
2025-01-05,Bowdoin Polar Bears,65.0,away,0.0,0.0,False,-6.0
2025-01-05,Wagner Seahawks,59.0,home,0.0,0.0,False,-12.0
2025-01-05,Fairleigh Dickinson Knights,71.0,away,0.0,0.0,True,12.0
2025-01-05,Mercyhurst Lakers,50.0,home,0.0,0.0,False,-12.0
2025-01-05,Central Connecticut Blue Devils,62.0,away,0.0,0.0,True,12.0
2025-01-05,Saint Francis Red Flash,60.0,home,0.0,0.0,False,-4.0
2025-01-05,Stonehill Skyhawks,64.0,away,0.0,0.0,True,4.0
2025-01-05,Memphis Tigers,68.0,home,0.0,0.0,True,4.0
2025-01-05,North Texas Mean Green,64.0,away,0.0,0.0,False,-4.0
2025-01-05,Oregon Ducks,83.0,home,0.0,0.0,True,4.0
2025-01-05,Maryland Terrapins,79.0,away,0.0,0.0,False,-4.0
2025-01-05,UCF Knights,48.0,home,0.0,0.0,False,-51.0
2025-01-05,Kansas Jayhawks,99.0,away,0.0,0.0,True,51.0
2025-01-05,Navy Midshipmen,71.0,home,0.0,0.0,True,1.0
2025-01-05,Lafayette Leopards,70.0,away,0.0,0.0,False,-1.0
2025-01-05,Cornell Big Red,123.0,home,0.0,0.0,True,52.0
2025-01-05,Penn State-Schuylkill Nittany Lions,71.0,away,0.0,0.0,False,-52.0
2025-01-05,Loyola Maryland Greyhounds,80.0,home,0.0,0.0,True,6.0
2025-01-05,Lehigh Mountain Hawks,74.0,away,0.0,0.0,False,-6.0
2025-01-05,Brown Bears,98.0,home,0.0,0.0,True,41.0
2025-01-05,Johnson & Wales (RI) Griffins,57.0,away,0.0,0.0,False,-41.0
2025-01-05,Purdue Boilermakers,79.0,home,0.0,0.0,True,18.0
2025-01-05,Northwestern Wildcats,61.0,away,0.0,0.0,False,-18.0
2025-01-05,Boston University Terriers,71.0,home,0.0,0.0,True,8.0
2025-01-05,Army Black Knights,63.0,away,0.0,0.0,False,-8.0
2025-01-05,Siena Saints,73.0,home,0.0,0.0,False,-1.0
2025-01-05,Iona Gaels,74.0,away,0.0,0.0,True,1.0
2025-01-05,Rider Broncs,79.0,home,0.0,0.0,False,-1.0
2025-01-05,Manhattan Jaspers,80.0,away,0.0,0.0,True,1.0
2025-01-05,Mount St. Mary's Mountaineers,68.0,home,0.0,0.0,True,6.0
2025-01-05,Niagara Purple Eagles,62.0,away,0.0,0.0,False,-6.0
2025-01-05,Drake Bulldogs,59.0,home,0.0,0.0,False,-7.0
2025-01-05,Murray State Racers,66.0,away,0.0,0.0,True,7.0
2025-01-05,Marist Red Foxes,69.0,home,0.0,0.0,True,7.0
2025-01-05,Quinnipiac Bobcats,62.0,away,0.0,0.0,False,-7.0
2025-01-05,Sacred Heart Pioneers,99.0,home,0.0,0.0,True,17.0
2025-01-05,Canisius Golden Griffins,82.0,away,0.0,0.0,False,-17.0
2025-01-05,Illinois State Redbirds,85.0,home,0.0,0.0,True,31.0
2025-01-05,Southern Illinois Salukis,54.0,away,0.0,0.0,False,-31.0
2025-01-08,West Virginia Mountaineers,56.0,home,0.0,0.0,False,-19.0
2025-01-08,Arizona Wildcats,75.0,away,0.0,0.0,True,19.0
2025-01-08,Georgia Bulldogs,82.0,home,0.0,0.0,True,13.0
2025-01-08,Kentucky Wildcats,69.0,away,0.0,0.0,False,-13.0
2025-01-08,San José State Spartans,78.0,home,0.0,0.0,False,-7.0
2025-01-08,Utah State Aggies,85.0,away,0.0,0.0,True,7.0
2025-01-08,Toledo Rockets,90.0,home,0.0,0.0,True,3.0
2025-01-08,Eastern Michigan Eagles,87.0,away,0.0,0.0,False,-3.0
2025-01-08,Vanderbilt Commodores,64.0,home,0.0,0.0,False,-12.0
2025-01-08,Mississippi State Bulldogs,76.0,away,0.0,0.0,True,12.0
2025-01-08,Iowa State Cyclones,82.0,home,0.0,0.0,True,23.0
2025-01-08,Utah Utes,59.0,away,0.0,0.0,False,-23.0
2025-01-08,UCLA Bruins,75.0,home,0.0,0.0,False,-19.0
2025-01-08,Michigan Wolverines,94.0,away,0.0,0.0,True,19.0
2025-01-08,Western Michigan Broncos,79.0,home,0.0,0.0,False,-4.0
2025-01-08,Bowling Green Falcons,83.0,away,0.0,0.0,True,4.0
2025-01-08,Duke Blue Devils,76.0,home,0.0,0.0,True,29.0
2025-01-08,Pittsburgh Panthers,47.0,away,0.0,0.0,False,-29.0
2025-01-08,Akron Zips,87.0,home,0.0,0.0,True,16.0
2025-01-08,Central Michigan Chippewas,71.0,away,0.0,0.0,False,-16.0
2025-01-07,Xavier Musketeers,72.0,home,0.0,0.0,False,-10.0
2025-01-07,St. John's Red Storm,82.0,away,0.0,0.0,True,10.0
2025-01-08,Syracuse Orange,62.0,home,0.0,0.0,True,7.0
2025-01-08,Georgia Tech Yellow Jackets,55.0,away,0.0,0.0,False,-7.0
2025-01-08,Marquette Golden Eagles,74.0,home,0.0,0.0,True,8.0
2025-01-08,Georgetown Hoyas,66.0,away,0.0,0.0,False,-8.0
2025-01-08,Florida Gators,73.0,home,0.0,0.0,True,30.0
2025-01-08,Tennessee Volunteers,43.0,away,0.0,0.0,False,-30.0
2025-01-08,Texas Longhorns,82.0,home,0.0,0.0,False,-5.0
2025-01-08,Auburn Tigers,87.0,away,0.0,0.0,True,5.0
2025-01-08,Louisville Cardinals,74.0,home,0.0,0.0,True,10.0
2025-01-08,Clemson Tigers,64.0,away,0.0,0.0,False,-10.0
2025-01-08,Northern Illinois Huskies,50.0,home,0.0,0.0,False,-18.0
2025-01-08,Kent State Golden Flashes,68.0,away,0.0,0.0,True,18.0
2025-01-08,Buffalo Bulls,79.0,home,0.0,0.0,False,-9.0
2025-01-08,Ohio Bobcats,88.0,away,0.0,0.0,True,9.0
2025-01-07,Morgan State Bears,102.0,home,0.0,0.0,True,4.0
2025-01-07,North Carolina Central Eagles,98.0,away,0.0,0.0,False,-4.0
2025-01-08,Ball State Cardinals,72.0,home,0.0,0.0,False,-8.0
2025-01-08,Miami (OH) RedHawks,80.0,away,0.0,0.0,True,8.0
2025-01-08,Baylor Bears,68.0,home,0.0,0.0,True,20.0
2025-01-08,Cincinnati Bearcats,48.0,away,0.0,0.0,False,-20.0
2025-01-08,UAB Blazers,81.0,home,0.0,0.0,True,12.0
2025-01-08,Tulane Green Wave,69.0,away,0.0,0.0,False,-12.0
2025-01-08,UTSA Roadrunners,77.0,home,0.0,0.0,False,-5.0
2025-01-08,Tulsa Golden Hurricane,82.0,away,0.0,0.0,True,5.0
2025-01-08,BYU Cougars,67.0,home,0.0,0.0,False,-5.0
2025-01-08,Texas Tech Red Raiders,72.0,away,0.0,0.0,True,5.0
2025-01-08,North Carolina Tar Heels,82.0,home,0.0,0.0,True,15.0
2025-01-08,SMU Mustangs,67.0,away,0.0,0.0,False,-15.0
2025-01-08,Oklahoma State Cowboys,79.0,home,0.0,0.0,True,13.0
2025-01-08,Kansas State Wildcats,66.0,away,0.0,0.0,False,-13.0
2025-01-08,Iowa Hawkeyes,97.0,home,0.0,0.0,True,10.0
2025-01-08,Nebraska Cornhuskers,87.0,away,0.0,0.0,False,-10.0
2025-01-08,Colorado State Rams,91.0,home,0.0,0.0,True,27.0
2025-01-08,Fresno State Bulldogs,64.0,away,0.0,0.0,False,-27.0
2025-01-08,Missouri State Bears,63.0,home,0.0,0.0,False,-17.0
2025-01-08,UIC Flames,80.0,away,0.0,0.0,True,17.0
2025-01-08,Eastern Illinois Panthers,57.0,home,0.0,0.0,False,-3.0
2025-01-08,SIU Edwardsville Cougars,60.0,away,0.0,0.0,True,3.0
2025-01-08,Missouri Tigers,83.0,home,0.0,0.0,True,16.0
2025-01-08,LSU Tigers,67.0,away,0.0,0.0,False,-16.0
2025-01-08,Saint Mary's Gaels,81.0,home,0.0,0.0,True,25.0
2025-01-08,Loyola Marymount Lions,56.0,away,0.0,0.0,False,-25.0
2025-01-08,Wyoming Cowboys,53.0,home,0.0,0.0,False,-8.0
2025-01-08,New Mexico Lobos,61.0,away,0.0,0.0,True,8.0
2025-01-08,Boise State Broncos,81.0,home,0.0,0.0,True,22.0
2025-01-08,UNLV Rebels,59.0,away,0.0,0.0,False,-22.0
2025-01-09,Illinois Fighting Illini,91.0,home,0.0,0.0,True,39.0
2025-01-09,Penn State Nittany Lions,52.0,away,0.0,0.0,False,-39.0
2025-01-09,Gonzaga Bulldogs,93.0,home,0.0,0.0,True,13.0
2025-01-09,San Diego Toreros,80.0,away,0.0,0.0,False,-13.0
2025-01-08,Seton Hall Pirates,85.0,home,0.0,0.0,True,5.0
2025-01-08,DePaul Blue Demons,80.0,away,0.0,0.0,False,-5.0
2025-01-09,Gardner-Webb Runnin' Bulldogs,89.0,home,0.0,0.0,True,6.0
2025-01-09,Winthrop Eagles,83.0,away,0.0,0.0,False,-6.0
2025-01-09,South Carolina Upstate Spartans,77.0,home,0.0,0.0,True,10.0
2025-01-09,Presbyterian Blue Hose,67.0,away,0.0,0.0,False,-10.0
2025-01-08,Villanova Wildcats,68.0,home,0.0,0.0,True,2.0
2025-01-08,UConn Huskies,66.0,away,0.0,0.0,False,-2.0
2025-01-09,Kansas Jayhawks,74.0,home,0.0,0.0,True,19.0
2025-01-09,Arizona State Sun Devils,55.0,away,0.0,0.0,False,-19.0
2025-01-09,Charlotte 49ers,64.0,home,0.0,0.0,False,-11.0
2025-01-09,Florida Atlantic Owls,75.0,away,0.0,0.0,True,11.0
2025-01-08,Youngstown State Penguins,72.0,home,0.0,0.0,True,11.0
2025-01-08,Northern Kentucky Norse,61.0,away,0.0,0.0,False,-11.0
2025-01-09,Longwood Lancers,85.0,home,0.0,0.0,True,9.0
2025-01-09,UNC Asheville Bulldogs,76.0,away,0.0,0.0,False,-9.0
2025-01-09,Oklahoma Sooners,78.0,home,0.0,0.0,False,-2.0
2025-01-09,Texas A&M Aggies,80.0,away,0.0,0.0,True,2.0
2025-01-09,South Carolina Gamecocks,68.0,home,0.0,0.0,False,-20.0
2025-01-09,Alabama Crimson Tide,88.0,away,0.0,0.0,True,20.0
2025-01-08,App State Mountaineers,74.0,home,0.0,0.0,True,23.0
2025-01-08,Coastal Carolina Chanticleers,51.0,away,0.0,0.0,False,-23.0
2025-01-09,UCF Knights,75.0,home,0.0,0.0,True,1.0
2025-01-09,Colorado Buffaloes,74.0,away,0.0,0.0,False,-1.0
2025-01-08,Holy Cross Crusaders,70.0,home,0.0,0.0,True,11.0
2025-01-08,Navy Midshipmen,59.0,away,0.0,0.0,False,-11.0
2025-01-09,Arkansas Razorbacks,66.0,home,0.0,0.0,False,-7.0
2025-01-09,Ole Miss Rebels,73.0,away,0.0,0.0,True,7.0
2025-01-08,Army Black Knights,74.0,home,0.0,0.0,True,2.0
2025-01-08,Loyola Maryland Greyhounds,72.0,away,0.0,0.0,False,-2.0
2025-01-08,La Salle Explorers,68.0,home,0.0,0.0,False,-11.0
2025-01-08,Loyola Chicago Ramblers,79.0,away,0.0,0.0,True,11.0
2025-01-09,Charleston Southern Buccaneers,79.0,home,0.0,0.0,False,-14.0
2025-01-09,High Point Panthers,93.0,away,0.0,0.0,True,14.0
2025-01-09,East Carolina Pirates,80.0,home,0.0,0.0,True,1.0
2025-01-09,Temple Owls,79.0,away,0.0,0.0,False,-1.0
2025-01-09,Rhode Island Rams,67.0,home,0.0,0.0,False,-8.0
2025-01-09,George Washington Revolutionaries,75.0,away,0.0,0.0,True,8.0
2025-01-09,VCU Rams,73.0,home,0.0,0.0,True,12.0
2025-01-09,Fordham Rams,61.0,away,0.0,0.0,False,-12.0
2025-01-09,Miami Hurricanes,65.0,home,0.0,0.0,False,-15.0
2025-01-09,Florida State Seminoles,80.0,away,0.0,0.0,True,15.0
2025-01-09,George Mason Patriots,64.0,home,0.0,0.0,True,6.0
2025-01-09,Richmond Spiders,58.0,away,0.0,0.0,False,-6.0
2025-01-09,NC State Wolfpack,66.0,home,0.0,0.0,True,1.0
2025-01-09,Notre Dame Fighting Irish,65.0,away,0.0,0.0,False,-1.0
2025-01-09,Mercer Bears,68.0,home,0.0,0.0,False,-2.0
2025-01-09,East Tennessee State Buccaneers,70.0,away,0.0,0.0,True,2.0
2025-01-09,Purdue Fort Wayne Mastodons,78.0,home,0.0,0.0,True,5.0
2025-01-09,Milwaukee Panthers,73.0,away,0.0,0.0,False,-5.0
2025-01-09,Robert Morris Colonials,69.0,home,0.0,0.0,False,-11.0
2025-01-09,Cleveland State Vikings,80.0,away,0.0,0.0,True,11.0
2025-01-09,Massachusetts Minutemen,76.0,home,0.0,0.0,True,4.0
2025-01-09,Dayton Flyers,72.0,away,0.0,0.0,False,-4.0
2025-01-09,Colgate Raiders,67.0,home,0.0,0.0,True,5.0
2025-01-09,Lehigh Mountain Hawks,62.0,away,0.0,0.0,False,-5.0
2025-01-09,The Citadel Bulldogs,63.0,home,0.0,0.0,False,-4.0
2025-01-09,Furman Paladins,67.0,away,0.0,0.0,True,4.0
2025-01-09,Bucknell Bison,65.0,home,0.0,0.0,True,3.0
2025-01-09,Lafayette Leopards,62.0,away,0.0,0.0,False,-3.0
2025-01-09,Northern Iowa Panthers,68.0,home,0.0,0.0,False,-3.0
2025-01-09,Murray State Racers,71.0,away,0.0,0.0,True,3.0
2025-01-09,Bradley Braves,57.0,home,0.0,0.0,False,-7.0
2025-01-09,Drake Bulldogs,64.0,away,0.0,0.0,True,7.0
2025-01-09,Belmont Bruins,90.0,home,0.0,0.0,True,4.0
2025-01-09,Southern Illinois Salukis,86.0,away,0.0,0.0,False,-4.0
2025-01-09,Duquesne Dukes,85.0,home,0.0,0.0,True,4.0
2025-01-09,Saint Joseph's Hawks,81.0,away,0.0,0.0,False,-4.0
2025-01-09,Boston University Terriers,60.0,home,0.0,0.0,True,6.0
2025-01-09,American University Eagles,54.0,away,0.0,0.0,False,-6.0
2025-01-09,Indiana Hoosiers,82.0,home,0.0,0.0,True,13.0
2025-01-09,USC Trojans,69.0,away,0.0,0.0,False,-13.0
2025-01-09,Saint Louis Billikens,73.0,home,0.0,0.0,True,5.0
2025-01-09,St. Bonaventure Bonnies,68.0,away,0.0,0.0,False,-5.0
2025-01-09,Wofford Terriers,77.0,home,0.0,0.0,True,8.0
2025-01-09,Western Carolina Catamounts,69.0,away,0.0,0.0,False,-8.0
2025-01-09,Valparaiso Beacons,98.0,home,0.0,0.0,True,3.0
2025-01-09,Indiana State Sycamores,95.0,away,0.0,0.0,False,-3.0
2025-01-09,Evansville Purple Aces,69.0,home,0.0,0.0,True,18.0
2025-01-09,Illinois State Redbirds,51.0,away,0.0,0.0,False,-18.0
2025-01-09,Georgia State Panthers,82.0,home,0.0,0.0,True,4.0
2025-01-09,Georgia Southern Eagles,78.0,away,0.0,0.0,False,-4.0
2025-01-09,Stanford Cardinal,70.0,home,0.0,0.0,True,11.0
2025-01-09,Virginia Tech Hokies,59.0,away,0.0,0.0,False,-11.0
2025-01-09,North Texas Mean Green,81.0,home,0.0,0.0,True,22.0
2025-01-09,Rice Owls,59.0,away,0.0,0.0,False,-22.0
2025-01-09,Providence Friars,84.0,home,0.0,0.0,True,19.0
2025-01-09,Butler Bulldogs,65.0,away,0.0,0.0,False,-19.0
2025-01-09,St. Thomas-Minnesota Tommies,73.0,home,0.0,0.0,True,1.0
2025-01-09,South Dakota State Jackrabbits,72.0,away,0.0,0.0,False,-1.0
2025-01-09,San Diego State Aztecs,67.0,home,0.0,0.0,True,29.0
2025-01-09,Air Force Falcons,38.0,away,0.0,0.0,False,-29.0
2025-01-09,Omaha Mavericks,77.0,home,0.0,0.0,True,19.0
2025-01-09,Kansas City Roos,58.0,away,0.0,0.0,False,-19.0
2025-01-09,California Golden Bears,75.0,home,0.0,0.0,True,14.0
2025-01-09,Virginia Cavaliers,61.0,away,0.0,0.0,False,-14.0
2025-01-12,Chicago State Cougars,52.0,home,0.0,0.0,False,-16.0
2025-01-12,Stonehill Skyhawks,68.0,away,0.0,0.0,True,16.0
2025-01-12,Central Connecticut Blue Devils,52.0,home,0.0,0.0,False,-2.0
2025-01-12,Long Island University Sharks,54.0,away,0.0,0.0,True,2.0
2025-01-12,Colorado Buffaloes,70.0,home,0.0,0.0,False,-8.0
2025-01-12,West Virginia Mountaineers,78.0,away,0.0,0.0,True,8.0
2025-01-12,Niagara Purple Eagles,65.0,home,0.0,0.0,False,-3.0
2025-01-12,Rider Broncs,68.0,away,0.0,0.0,True,3.0
2025-01-12,Northwestern Wildcats,68.0,home,0.0,0.0,False,-10.0
2025-01-12,Michigan State Spartans,78.0,away,0.0,0.0,True,10.0
2025-01-12,Fairleigh Dickinson Knights,71.0,home,0.0,0.0,False,-4.0
2025-01-12,Saint Francis Red Flash,75.0,away,0.0,0.0,True,4.0
2025-01-12,Penn State Nittany Lions,81.0,home,0.0,0.0,False,-1.0
2025-01-12,Oregon Ducks,82.0,away,0.0,0.0,True,1.0
2025-01-12,Robert Morris Colonials,75.0,home,0.0,0.0,True,3.0
2025-01-12,Wright State Raiders,72.0,away,0.0,0.0,False,-3.0
2025-01-12,Mount St. Mary's Mountaineers,73.0,home,0.0,0.0,True,2.0
2025-01-12,Sacred Heart Pioneers,71.0,away,0.0,0.0,False,-2.0
2025-01-12,Western Carolina Catamounts,85.0,home,0.0,0.0,True,3.0
2025-01-12,Mercer Bears,82.0,away,0.0,0.0,False,-3.0
2025-01-12,Michigan Wolverines,91.0,home,0.0,0.0,True,16.0
2025-01-12,Washington Huskies,75.0,away,0.0,0.0,False,-16.0
2025-01-12,Merrimack Warriors,69.0,home,0.0,0.0,True,7.0
2025-01-12,Manhattan Jaspers,62.0,away,0.0,0.0,False,-7.0
2025-01-12,Iona Gaels,62.0,home,0.0,0.0,False,-1.0
2025-01-12,Quinnipiac Bobcats,63.0,away,0.0,0.0,True,1.0
2025-01-12,Canisius Golden Griffins,49.0,home,0.0,0.0,False,-13.0
2025-01-12,Saint Peter's Peacocks,62.0,away,0.0,0.0,True,13.0
2025-01-12,Tulsa Golden Hurricane,69.0,home,0.0,0.0,True,6.0
2025-01-12,Charlotte 49ers,63.0,away,0.0,0.0,False,-6.0
2025-01-12,Marist Red Foxes,61.0,home,0.0,0.0,True,10.0
2025-01-12,Fairfield Stags,51.0,away,0.0,0.0,False,-10.0
2025-01-12,Purdue Boilermakers,104.0,home,0.0,0.0,True,36.0
2025-01-12,Nebraska Cornhuskers,68.0,away,0.0,0.0,False,-36.0
2025-01-12,Florida Atlantic Owls,76.0,home,0.0,0.0,False,-5.0
2025-01-12,UAB Blazers,81.0,away,0.0,0.0,True,5.0
2025-01-12,Le Moyne Dolphins,79.0,home,0.0,0.0,True,16.0
2025-01-12,Mercyhurst Lakers,63.0,away,0.0,0.0,False,-16.0
2025-01-12,Chattanooga Mocs,91.0,home,0.0,0.0,True,25.0
2025-01-12,VMI Keydets,66.0,away,0.0,0.0,False,-25.0
2025-01-12,Little Rock Trojans,78.0,home,0.0,0.0,True,20.0
2025-01-12,Southern Indiana Screaming Eagles,58.0,away,0.0,0.0,False,-20.0
2025-01-14,Furman Paladins,62.0,home,0.0,0.0,False,-19.0
2025-01-14,Wofford Terriers,81.0,away,0.0,0.0,True,19.0
2025-01-14,Lamar Cardinals,62.0,home,0.0,0.0,False,-6.0
2025-01-14,New Orleans Privateers,68.0,away,0.0,0.0,True,6.0
2025-01-14,UT Rio Grande Valley Vaqueros,57.0,home,0.0,0.0,True,2.0
2025-01-14,East Texas A&M Lions,55.0,away,0.0,0.0,False,-2.0
2025-01-14,Stephen F. Austin Lumberjacks,59.0,home,0.0,0.0,False,-7.0
2025-01-14,SE Louisiana Lions,66.0,away,0.0,0.0,True,7.0
2025-01-14,Southern Jaguars,69.0,home,0.0,0.0,True,16.0
2025-01-14,Bethune-Cookman Wildcats,53.0,away,0.0,0.0,False,-16.0
2025-01-14,Notre Dame Fighting Irish,78.0,home,0.0,0.0,True,18.0
2025-01-14,Boston College Eagles,60.0,away,0.0,0.0,False,-18.0
2025-01-14,Texas A&M-Corpus Christi Islanders,73.0,home,0.0,0.0,True,9.0
2025-01-14,Northwestern State Demons,64.0,away,0.0,0.0,False,-9.0
2025-01-14,Mississippi Valley State Delta Devils,53.0,home,0.0,0.0,False,-29.0
2025-01-14,Texas Southern Tigers,82.0,away,0.0,0.0,True,29.0
2025-01-14,Jackson State Tigers,103.0,home,0.0,0.0,True,10.0
2025-01-14,Alabama A&M Bulldogs,93.0,away,0.0,0.0,False,-10.0
2025-01-14,Loyola Maryland Greyhounds,54.0,home,0.0,0.0,False,-19.0
2025-01-14,American University Eagles,73.0,away,0.0,0.0,True,19.0
2025-01-13,Maryland Terrapins,77.0,home,0.0,0.0,True,6.0
2025-01-13,Minnesota Golden Gophers,71.0,away,0.0,0.0,False,-6.0
2025-01-13,Rutgers Scarlet Knights,75.0,home,0.0,0.0,True,7.0
2025-01-13,UCLA Bruins,68.0,away,0.0,0.0,False,-7.0
2025-01-14,Morgan State Bears,78.0,home,0.0,0.0,True,4.0
2025-01-14,Norfolk State Spartans,74.0,away,0.0,0.0,False,-4.0
2025-01-14,Howard Bison,90.0,home,0.0,0.0,True,15.0
2025-01-14,Coppin State Eagles,75.0,away,0.0,0.0,False,-15.0
2025-01-14,Incarnate Word Cardinals,82.0,home,0.0,0.0,False,-6.0
2025-01-14,Nicholls Colonels,88.0,away,0.0,0.0,True,6.0
2025-01-13,Arkansas-Pine Bluff Golden Lions,64.0,home,0.0,0.0,False,-11.0
2025-01-13,Prairie View A&M Panthers,75.0,away,0.0,0.0,True,11.0
2025-01-14,Houston Christian Huskies,59.0,home,0.0,0.0,False,-16.0
2025-01-14,McNeese Cowboys,75.0,away,0.0,0.0,True,16.0
2025-01-14,North Carolina Central Eagles,75.0,home,0.0,0.0,True,3.0
2025-01-14,Delaware State Hornets,72.0,away,0.0,0.0,False,-3.0
2025-01-14,South Carolina State Bulldogs,78.0,home,0.0,0.0,True,14.0
2025-01-14,Maryland Eastern Shore Hawks,64.0,away,0.0,0.0,False,-14.0
2025-01-14,Alcorn State Braves,67.0,home,0.0,0.0,True,2.0
2025-01-14,Alabama State Hornets,65.0,away,0.0,0.0,False,-2.0
2025-01-14,Elon Phoenix,81.0,home,0.0,0.0,True,13.0
2025-01-14,Campbell Fighting Camels,68.0,away,0.0,0.0,False,-13.0
2025-01-14,Grambling Tigers,79.0,home,0.0,0.0,True,7.0
2025-01-14,Florida A&M Rattlers,72.0,away,0.0,0.0,False,-7.0
2025-01-15,Duke Blue Devils,89.0,home,0.0,0.0,True,35.0
2025-01-15,Miami Hurricanes,54.0,away,0.0,0.0,False,-35.0
2025-01-15,Akron Zips,85.0,home,0.0,0.0,True,7.0
2025-01-15,Toledo Rockets,78.0,away,0.0,0.0,False,-7.0
2025-01-14,Xavier Musketeers,69.0,home,0.0,0.0,True,6.0
2025-01-14,Villanova Wildcats,63.0,away,0.0,0.0,False,-6.0
2025-01-15,Florida Gators,82.0,home,0.0,0.0,False,-1.0
2025-01-15,Missouri Tigers,83.0,away,0.0,0.0,True,1.0
2025-01-15,Auburn Tigers,88.0,home,0.0,0.0,True,22.0
2025-01-15,Mississippi State Bulldogs,66.0,away,0.0,0.0,False,-22.0
2025-01-15,Central Michigan Chippewas,82.0,home,0.0,0.0,True,19.0
2025-01-15,Eastern Michigan Eagles,63.0,away,0.0,0.0,False,-19.0
2025-01-15,Northern Illinois Huskies,69.0,home,0.0,0.0,False,-15.0
2025-01-15,Miami (OH) RedHawks,84.0,away,0.0,0.0,True,15.0
2025-01-15,Wisconsin Badgers,70.0,home,0.0,0.0,True,2.0
2025-01-15,Ohio State Buckeyes,68.0,away,0.0,0.0,False,-2.0
2025-01-15,Kent State Golden Flashes,83.0,home,0.0,0.0,False,-11.0
2025-01-15,Western Michigan Broncos,94.0,away,0.0,0.0,True,11.0
2025-01-15,Alabama Crimson Tide,64.0,home,0.0,0.0,False,-10.0
2025-01-15,Ole Miss Rebels,74.0,away,0.0,0.0,True,10.0
2025-01-15,Indiana Hoosiers,69.0,home,0.0,0.0,False,-25.0
2025-01-15,Illinois Fighting Illini,94.0,away,0.0,0.0,True,25.0
2025-01-15,DePaul Blue Demons,83.0,home,0.0,0.0,False,-2.0
2025-01-15,Marquette Golden Eagles,85.0,away,0.0,0.0,True,2.0
2025-01-15,Bowling Green Falcons,79.0,home,0.0,0.0,True,18.0
2025-01-15,Buffalo Bulls,61.0,away,0.0,0.0,False,-18.0
2025-01-15,Wichita State Shockers,68.0,home,0.0,0.0,True,9.0
2025-01-15,Charlotte 49ers,59.0,away,0.0,0.0,False,-9.0
2025-01-15,Syracuse Orange,61.0,home,0.0,0.0,False,-24.0
2025-01-15,Louisville Cardinals,85.0,away,0.0,0.0,True,24.0
2025-01-15,Kentucky Wildcats,81.0,home,0.0,0.0,True,12.0
2025-01-15,Texas A&M Aggies,69.0,away,0.0,0.0,False,-12.0
2025-01-15,VCU Rams,78.0,home,0.0,0.0,True,16.0
2025-01-15,Saint Louis Billikens,62.0,away,0.0,0.0,False,-16.0
2025-01-15,East Carolina Pirates,60.0,home,0.0,0.0,False,-9.0
2025-01-15,North Texas Mean Green,69.0,away,0.0,0.0,True,9.0
2025-01-15,Ohio Bobcats,86.0,home,0.0,0.0,True,15.0
2025-01-15,Ball State Cardinals,71.0,away,0.0,0.0,False,-15.0
2025-01-15,Arizona Wildcats,81.0,home,0.0,0.0,True,11.0
2025-01-15,Baylor Bears,70.0,away,0.0,0.0,False,-11.0
2025-01-15,Northern Iowa Panthers,73.0,home,0.0,0.0,True,17.0
2025-01-15,Evansville Purple Aces,56.0,away,0.0,0.0,False,-17.0
2025-01-15,Rice Owls,84.0,home,0.0,0.0,False,-6.0
2025-01-15,UTSA Roadrunners,90.0,away,0.0,0.0,True,6.0
2025-01-15,Georgia Tech Yellow Jackets,59.0,home,0.0,0.0,False,-11.0
2025-01-15,Clemson Tigers,70.0,away,0.0,0.0,True,11.0
2025-01-15,BYU Cougars,85.0,home,0.0,0.0,True,16.0
2025-01-15,Oklahoma State Cowboys,69.0,away,0.0,0.0,False,-16.0
2025-01-15,St. John's Red Storm,63.0,home,0.0,0.0,True,5.0
2025-01-15,Georgetown Hoyas,58.0,away,0.0,0.0,False,-5.0
2025-01-15,Belmont Bruins,71.0,home,0.0,0.0,True,7.0
2025-01-15,Valparaiso Beacons,64.0,away,0.0,0.0,False,-7.0
2025-01-15,Southeast Missouri State Redhawks,71.0,home,0.0,0.0,False,-2.0
2025-01-15,Little Rock Trojans,73.0,away,0.0,0.0,True,2.0
2025-01-15,San Diego State Aztecs,75.0,home,0.0,0.0,True,15.0
2025-01-15,Colorado State Rams,60.0,away,0.0,0.0,False,-15.0
2025-01-15,Kansas State Wildcats,57.0,home,0.0,0.0,False,-4.0
2025-01-15,Texas Tech Red Raiders,61.0,away,0.0,0.0,True,4.0
2025-01-15,Creighton Bluejays,84.0,home,0.0,0.0,True,20.0
2025-01-15,Providence Friars,64.0,away,0.0,0.0,False,-20.0
2025-01-15,San José State Spartans,71.0,home,0.0,0.0,True,1.0
2025-01-15,New Mexico Lobos,70.0,away,0.0,0.0,False,-1.0
2025-01-15,LSU Tigers,78.0,home,0.0,0.0,True,4.0
2025-01-15,Arkansas Razorbacks,74.0,away,0.0,0.0,False,-4.0
2025-01-15,Boise State Broncos,96.0,home,0.0,0.0,True,41.0
2025-01-15,Wyoming Cowboys,55.0,away,0.0,0.0,False,-41.0
2025-01-15,Arizona State Sun Devils,89.0,home,0.0,0.0,False,-6.0
2025-01-15,UCF Knights,95.0,away,0.0,0.0,True,6.0
2025-01-15,USC Trojans,99.0,home,0.0,0.0,True,10.0
2025-01-15,Iowa Hawkeyes,89.0,away,0.0,0.0,False,-10.0
2025-01-15,Nevada Wolf Pack,68.0,home,0.0,0.0,True,6.0
2025-01-15,Air Force Falcons,62.0,away,0.0,0.0,False,-6.0
2025-01-18,Fresno State Bulldogs,74.0,home,0.0,0.0,True,9.0
2025-01-18,Air Force Falcons,65.0,away,0.0,0.0,False,-9.0
2025-01-18,Ohio State Buckeyes,76.0,home,0.0,0.0,False,-1.0
2025-01-18,Indiana Hoosiers,77.0,away,0.0,0.0,True,1.0
2025-01-18,Georgetown Hoyas,68.0,home,0.0,0.0,False,-5.0
2025-01-18,DePaul Blue Demons,73.0,away,0.0,0.0,True,5.0
2025-01-18,Villanova Wildcats,75.0,home,0.0,0.0,True,2.0
2025-01-18,Providence Friars,73.0,away,0.0,0.0,False,-2.0
2025-01-18,Saint Joseph's Hawks,69.0,home,0.0,0.0,False,-9.0
2025-01-18,VCU Rams,78.0,away,0.0,0.0,True,9.0
2025-01-18,UCLA Bruins,94.0,home,0.0,0.0,True,24.0
2025-01-18,Iowa Hawkeyes,70.0,away,0.0,0.0,False,-24.0
2025-01-18,Green Bay Phoenix,67.0,home,0.0,0.0,False,-22.0
2025-01-18,Robert Morris Colonials,89.0,away,0.0,0.0,True,22.0
2025-01-18,New Mexico Lobos,84.0,home,0.0,0.0,True,19.0
2025-01-18,Boise State Broncos,65.0,away,0.0,0.0,False,-19.0
2025-01-17,Akron Zips,92.0,home,0.0,0.0,True,12.0
2025-01-17,Ohio Bobcats,80.0,away,0.0,0.0,False,-12.0
2025-01-18,Milwaukee Panthers,79.0,home,0.0,0.0,True,15.0
2025-01-18,Youngstown State Penguins,64.0,away,0.0,0.0,False,-15.0
2025-01-16,Tennessee Volunteers,74.0,home,0.0,0.0,True,18.0
2025-01-16,Georgia Bulldogs,56.0,away,0.0,0.0,False,-18.0
2025-01-15,Wake Forest Demon Deacons,80.0,home,0.0,0.0,True,13.0
2025-01-15,Stanford Cardinal,67.0,away,0.0,0.0,False,-13.0
2025-01-16,Howard Bison,73.0,home,0.0,0.0,False,-3.0
2025-01-16,Bowie State Bulldogs,76.0,away,0.0,0.0,True,3.0
2025-01-16,South Florida Bulls,83.0,home,0.0,0.0,False,-9.0
2025-01-16,UAB Blazers,92.0,away,0.0,0.0,True,9.0
2025-01-15,UNC Asheville Bulldogs,93.0,home,0.0,0.0,True,1.0
2025-01-15,South Carolina Upstate Spartans,92.0,away,0.0,0.0,False,-1.0
2025-01-16,Washington Huskies,58.0,home,0.0,0.0,False,-11.0
2025-01-16,Purdue Boilermakers,69.0,away,0.0,0.0,True,11.0
2025-01-15,La Salle Explorers,79.0,home,0.0,0.0,True,3.0
2025-01-15,Davidson Wildcats,76.0,away,0.0,0.0,False,-3.0
2025-01-16,Virginia Tech Hokies,79.0,home,0.0,0.0,True,3.0
2025-01-16,NC State Wolfpack,76.0,away,0.0,0.0,False,-3.0
2025-01-16,UNLV Rebels,65.0,home,0.0,0.0,True,3.0
2025-01-16,Utah State Aggies,62.0,away,0.0,0.0,False,-3.0
2025-01-15,VMI Keydets,66.0,home,0.0,0.0,True,16.0
2025-01-15,Western Carolina Catamounts,50.0,away,0.0,0.0,False,-16.0
2025-01-16,Houston Cougars,70.0,home,0.0,0.0,True,16.0
2025-01-16,West Virginia Mountaineers,54.0,away,0.0,0.0,False,-16.0
2025-01-16,Iowa State Cyclones,74.0,home,0.0,0.0,True,17.0
2025-01-16,Kansas Jayhawks,57.0,away,0.0,0.0,False,-17.0
2025-01-15,Boston University Terriers,63.0,home,0.0,0.0,True,5.0
2025-01-15,Lehigh Mountain Hawks,58.0,away,0.0,0.0,False,-5.0
2025-01-15,Army Black Knights,70.0,home,0.0,0.0,True,2.0
2025-01-15,Lafayette Leopards,68.0,away,0.0,0.0,False,-2.0
2025-01-16,Michigan State Spartans,90.0,home,0.0,0.0,True,5.0
2025-01-16,Penn State Nittany Lions,85.0,away,0.0,0.0,False,-5.0
2025-01-16,Radford Highlanders,79.0,home,0.0,0.0,True,4.0
2025-01-16,Gardner-Webb Runnin' Bulldogs,75.0,away,0.0,0.0,False,-4.0
2025-01-15,Winthrop Eagles,102.0,home,0.0,0.0,True,5.0
2025-01-15,Charleston Southern Buccaneers,97.0,away,0.0,0.0,False,-5.0
2025-01-16,St. Bonaventure Bonnies,63.0,home,0.0,0.0,True,14.0
2025-01-16,Richmond Spiders,49.0,away,0.0,0.0,False,-14.0
2025-01-15,Vanderbilt Commodores,66.0,home,0.0,0.0,True,3.0
2025-01-15,South Carolina Gamecocks,63.0,away,0.0,0.0,False,-3.0
2025-01-16,North Carolina Tar Heels,79.0,home,0.0,0.0,True,26.0
2025-01-16,California Golden Bears,53.0,away,0.0,0.0,False,-26.0
2025-01-16,Dayton Flyers,59.0,home,0.0,0.0,False,-8.0
2025-01-16,George Mason Patriots,67.0,away,0.0,0.0,True,8.0
2025-01-16,Missouri State Bears,51.0,home,0.0,0.0,False,-22.0
2025-01-16,Southern Illinois Salukis,73.0,away,0.0,0.0,True,22.0
2025-01-16,Wright State Raiders,113.0,home,0.0,0.0,False,-7.0
2025-01-16,Purdue Fort Wayne Mastodons,120.0,away,0.0,0.0,True,7.0
2025-01-16,Fordham Rams,118.0,home,0.0,0.0,False,-2.0
2025-01-16,Massachusetts Minutemen,120.0,away,0.0,0.0,True,2.0
2025-01-16,UNC Greensboro Spartans,70.0,home,0.0,0.0,True,13.0
2025-01-16,The Citadel Bulldogs,57.0,away,0.0,0.0,False,-13.0
2025-01-16,Cleveland State Vikings,76.0,home,0.0,0.0,True,18.0
2025-01-16,Northern Kentucky Norse,58.0,away,0.0,0.0,False,-18.0
2025-01-16,George Washington Revolutionaries,65.0,home,0.0,0.0,False,-8.0
2025-01-16,Duquesne Dukes,73.0,away,0.0,0.0,True,8.0
2025-01-16,Bucknell Bison,86.0,home,0.0,0.0,True,4.0
2025-01-16,Holy Cross Crusaders,82.0,away,0.0,0.0,False,-4.0
2025-01-16,Butler Bulldogs,82.0,home,0.0,0.0,True,5.0
2025-01-16,Seton Hall Pirates,77.0,away,0.0,0.0,False,-5.0
2025-01-16,Tulane Green Wave,80.0,home,0.0,0.0,True,15.0
2025-01-16,Florida Atlantic Owls,65.0,away,0.0,0.0,False,-15.0
2025-01-16,Mercer Bears,74.0,home,0.0,0.0,False,-1.0
2025-01-16,Samford Bulldogs,75.0,away,0.0,0.0,True,1.0
2025-01-16,TCU Horned Frogs,65.0,home,0.0,0.0,False,-8.0
2025-01-16,Utah Utes,73.0,away,0.0,0.0,True,8.0
2025-01-16,Oakland Golden Grizzlies,72.0,home,0.0,0.0,True,13.0
2025-01-16,IU Indianapolis Jaguars,59.0,away,0.0,0.0,False,-13.0
2025-01-16,UL Monroe Warhawks,58.0,home,0.0,0.0,False,-19.0
2025-01-16,Troy Trojans,77.0,away,0.0,0.0,True,19.0
2025-01-16,Bradley Braves,118.0,home,0.0,0.0,True,53.0
2025-01-16,Indiana State Sycamores,65.0,away,0.0,0.0,False,-53.0
2025-01-16,UIC Flames,97.0,home,0.0,0.0,True,4.0
2025-01-16,Murray State Racers,93.0,away,0.0,0.0,False,-4.0
2025-01-16,Navy Midshipmen,66.0,home,0.0,0.0,False,-7.0
2025-01-16,Colgate Raiders,73.0,away,0.0,0.0,True,7.0
2025-01-16,Furman Paladins,73.0,home,0.0,0.0,True,3.0
2025-01-16,East Tennessee State Buccaneers,70.0,away,0.0,0.0,False,-3.0
2025-01-16,Texas State Bobcats,94.0,home,0.0,0.0,True,14.0
2025-01-16,Georgia State Panthers,80.0,away,0.0,0.0,False,-14.0
2025-01-16,Chattanooga Mocs,83.0,home,0.0,0.0,True,2.0
2025-01-16,Wofford Terriers,81.0,away,0.0,0.0,False,-2.0
2025-01-16,Colorado Buffaloes,62.0,home,0.0,0.0,False,-6.0
2025-01-16,Cincinnati Bearcats,68.0,away,0.0,0.0,True,6.0
2025-01-16,South Alabama Jaguars,75.0,home,0.0,0.0,True,13.0
2025-01-16,Southern Miss Golden Eagles,62.0,away,0.0,0.0,False,-13.0
2025-01-16,Virginia Cavaliers,52.0,home,0.0,0.0,False,-2.0
2025-01-16,SMU Mustangs,54.0,away,0.0,0.0,True,2.0
2025-01-16,Loyola Chicago Ramblers,81.0,home,0.0,0.0,True,4.0
2025-01-16,Rhode Island Rams,77.0,away,0.0,0.0,False,-4.0
2025-01-16,Florida State Seminoles,82.0,home,0.0,0.0,True,12.0
2025-01-16,Pittsburgh Panthers,70.0,away,0.0,0.0,False,-12.0
2025-01-16,Oklahoma Sooners,73.0,home,0.0,0.0,False,-4.0
2025-01-16,Texas Longhorns,77.0,away,0.0,0.0,True,4.0
2025-01-16,Drake Bulldogs,66.0,home,0.0,0.0,True,4.0
2025-01-16,Illinois State Redbirds,62.0,away,0.0,0.0,False,-4.0
2025-01-16,Denver Pioneers,62.0,home,0.0,0.0,False,-18.0
2025-01-16,Omaha Mavericks,80.0,away,0.0,0.0,True,18.0
2025-01-10,NJIT Highlanders,64.0,home,0.0,0.0,False,-23.0
2025-01-10,UMBC Retrievers,87.0,away,0.0,0.0,True,23.0
2025-01-09,UMass Lowell River Hawks,63.0,home,0.0,0.0,False,-4.0
2025-01-09,Vermont Catamounts,67.0,away,0.0,0.0,True,4.0
2025-01-09,Rutgers Scarlet Knights,50.0,home,0.0,0.0,False,-18.0
2025-01-09,Purdue Boilermakers,68.0,away,0.0,0.0,True,18.0
2025-01-10,North Carolina A&T Aggies,88.0,home,0.0,0.0,False,-10.0
2025-01-10,Delaware Blue Hens,98.0,away,0.0,0.0,True,10.0
2025-01-10,Marshall Thundering Herd,80.0,home,0.0,0.0,True,2.0
2025-01-10,James Madison Dukes,78.0,away,0.0,0.0,False,-2.0
2025-01-09,Little Rock Trojans,53.0,home,0.0,0.0,False,-6.0
2025-01-09,Morehead State Eagles,59.0,away,0.0,0.0,True,6.0
2025-01-10,New Hampshire Wildcats,57.0,home,0.0,0.0,False,-4.0
2025-01-10,UAlbany Great Danes,61.0,away,0.0,0.0,True,4.0
2025-01-09,Ohio State Buckeyes,71.0,home,0.0,0.0,False,-2.0
2025-01-09,Oregon Ducks,73.0,away,0.0,0.0,True,2.0
2025-01-09,Chattanooga Mocs,75.0,home,0.0,0.0,False,-3.0
2025-01-09,UNC Greensboro Spartans,78.0,away,0.0,0.0,True,3.0
2025-01-10,Michigan State Spartans,88.0,home,0.0,0.0,True,34.0
2025-01-10,Washington Huskies,54.0,away,0.0,0.0,False,-34.0
2025-01-10,Stetson Hatters,75.0,home,0.0,0.0,True,10.0
2025-01-10,Central Arkansas Bears,65.0,away,0.0,0.0,False,-10.0
2025-01-09,Maine Black Bears,82.0,home,0.0,0.0,True,11.0
2025-01-09,Binghamton Bearcats,71.0,away,0.0,0.0,False,-11.0
2025-01-10,Hampton Pirates,55.0,home,0.0,0.0,False,-11.0
2025-01-10,Campbell Fighting Camels,66.0,away,0.0,0.0,True,11.0
2025-01-10,Wright State Raiders,66.0,home,0.0,0.0,True,4.0
2025-01-10,Oakland Golden Grizzlies,62.0,away,0.0,0.0,False,-4.0
2025-01-10,Monmouth Hawks,55.0,home,0.0,0.0,False,-9.0
2025-01-10,UNC Wilmington Seahawks,64.0,away,0.0,0.0,True,9.0
2025-01-10,Troy Trojans,73.0,home,0.0,0.0,False,-1.0
2025-01-10,Texas State Bobcats,74.0,away,0.0,0.0,True,1.0
2025-01-09,Bellarmine Knights,59.0,home,0.0,0.0,False,-15.0
2025-01-09,Jacksonville Dolphins,74.0,away,0.0,0.0,True,15.0
2025-01-09,IU Indianapolis Jaguars,95.0,home,0.0,0.0,True,34.0
2025-01-09,Detroit Mercy Titans,61.0,away,0.0,0.0,False,-34.0
2025-01-10,William & Mary Tribe,78.0,home,0.0,0.0,True,13.0
2025-01-10,Elon Phoenix,65.0,away,0.0,0.0,False,-13.0
2025-01-10,Hofstra Pride,61.0,home,0.0,0.0,False,-6.0
2025-01-10,Charleston Cougars,67.0,away,0.0,0.0,True,6.0
2025-01-10,Middle Tennessee Blue Raiders,84.0,home,0.0,0.0,True,5.0
2025-01-10,Kennesaw State Owls,79.0,away,0.0,0.0,False,-5.0
2025-01-10,Western Kentucky Hilltoppers,67.0,home,0.0,0.0,False,-6.0
2025-01-10,Jacksonville State Gamecocks,73.0,away,0.0,0.0,True,6.0
2025-01-10,Samford Bulldogs,81.0,home,0.0,0.0,True,13.0
2025-01-10,VMI Keydets,68.0,away,0.0,0.0,False,-13.0
2025-01-10,Stony Brook Seawolves,51.0,home,0.0,0.0,False,-16.0
2025-01-10,Drexel Dragons,67.0,away,0.0,0.0,True,16.0
2025-01-10,Towson Tigers,80.0,home,0.0,0.0,True,7.0
2025-01-10,Northeastern Huskies,73.0,away,0.0,0.0,False,-7.0
2025-01-10,Oral Roberts Golden Eagles,96.0,home,0.0,0.0,False,-14.0
2025-01-10,North Dakota State Bison,110.0,away,0.0,0.0,True,14.0
2025-01-10,Utah Valley Wolverines,72.0,home,0.0,0.0,True,8.0
2025-01-10,Grand Canyon Lopes,64.0,away,0.0,0.0,False,-8.0
2025-01-10,Florida Gulf Coast Eagles,75.0,home,0.0,0.0,True,5.0
2025-01-10,North Alabama Lions,70.0,away,0.0,0.0,False,-5.0
2025-01-10,Eastern Kentucky Colonels,79.0,home,0.0,0.0,True,5.0
2025-01-10,North Florida Ospreys,74.0,away,0.0,0.0,False,-5.0
2025-01-10,Lindenwood Lions,72.0,home,0.0,0.0,True,10.0
2025-01-10,Tennessee State Tigers,62.0,away,0.0,0.0,False,-10.0
2025-01-10,Southeast Missouri State Redhawks,77.0,home,0.0,0.0,True,11.0
2025-01-10,Southern Indiana Screaming Eagles,66.0,away,0.0,0.0,False,-11.0
2025-01-10,Western Illinois Leathernecks,83.0,home,0.0,0.0,False,-2.0
2025-01-10,UT Martin Skyhawks,85.0,away,0.0,0.0,True,2.0
2025-01-10,Louisiana Tech Bulldogs,81.0,home,0.0,0.0,True,17.0
2025-01-10,Florida International Panthers,64.0,away,0.0,0.0,False,-17.0
2025-01-10,Louisiana Ragin' Cajuns,60.0,home,0.0,0.0,False,-11.0
2025-01-10,Old Dominion Monarchs,71.0,away,0.0,0.0,True,11.0
2025-01-10,South Alabama Jaguars,76.0,home,0.0,0.0,True,14.0
2025-01-10,Arkansas State Red Wolves,62.0,away,0.0,0.0,False,-14.0
2025-01-10,Lipscomb Bisons,73.0,home,0.0,0.0,False,-2.0
2025-01-10,Queens University Royals,75.0,away,0.0,0.0,True,2.0
2025-01-10,Austin Peay Governors,68.0,home,0.0,0.0,False,-4.0
2025-01-10,West Georgia Wolves,72.0,away,0.0,0.0,True,4.0
2025-01-10,Southern Utah Thunderbirds,66.0,home,0.0,0.0,False,-8.0
2025-01-10,Tarleton State Texans,74.0,away,0.0,0.0,True,8.0
2025-01-10,Southern Miss Golden Eagles,84.0,home,0.0,0.0,True,17.0
2025-01-10,UL Monroe Warhawks,67.0,away,0.0,0.0,False,-17.0
2025-01-10,Eastern Illinois Panthers,64.0,home,0.0,0.0,False,-5.0
2025-01-10,Tennessee Tech Golden Eagles,69.0,away,0.0,0.0,True,5.0
2025-01-10,Montana Grizzlies,81.0,home,0.0,0.0,True,5.0
2025-01-10,Northern Arizona Lumberjacks,76.0,away,0.0,0.0,False,-5.0
2025-01-10,Montana State Bobcats,82.0,home,0.0,0.0,False,-1.0
2025-01-10,Northern Colorado Bears,83.0,away,0.0,0.0,True,1.0
2025-01-10,Portland State Vikings,64.0,home,0.0,0.0,True,5.0
2025-01-10,Eastern Washington Eagles,59.0,away,0.0,0.0,False,-5.0
2025-01-10,UC Santa Barbara Gauchos,78.0,home,0.0,0.0,True,12.0
2025-01-10,Cal State Bakersfield Roadrunners,66.0,away,0.0,0.0,False,-12.0
2025-01-10,UC Davis Aggies,63.0,home,0.0,0.0,True,10.0
2025-01-10,Cal State Fullerton Titans,53.0,away,0.0,0.0,False,-10.0
2025-01-10,Denver Pioneers,70.0,home,0.0,0.0,False,-25.0
2025-01-10,North Dakota Fighting Hawks,95.0,away,0.0,0.0,True,25.0
2025-01-10,Utah Tech Trailblazers,74.0,home,0.0,0.0,True,12.0
2025-01-10,UT Arlington Mavericks,62.0,away,0.0,0.0,False,-12.0
2025-01-10,Santa Clara Broncos,82.0,home,0.0,0.0,True,1.0
2025-01-10,Oregon State Beavers,81.0,away,0.0,0.0,False,-1.0
2025-01-10,Washington State Cougars,94.0,home,0.0,0.0,False,-1.0
2025-01-10,Pacific Tigers,95.0,away,0.0,0.0,True,1.0
2025-01-10,Cal State Northridge Matadors,67.0,home,0.0,0.0,False,-10.0
2025-01-10,UC Irvine Anteaters,77.0,away,0.0,0.0,True,10.0
2025-01-10,Sam Houston Bearkats,68.0,home,0.0,0.0,False,-8.0
2025-01-10,Liberty Flames,76.0,away,0.0,0.0,True,8.0
2025-01-10,San Francisco Dons,81.0,home,0.0,0.0,True,9.0
2025-01-10,Portland Pilots,72.0,away,0.0,0.0,False,-9.0
2025-01-10,Sacramento State Hornets,67.0,home,0.0,0.0,False,-13.0
2025-01-10,Idaho Vandals,80.0,away,0.0,0.0,True,13.0
2025-01-10,UC Riverside Highlanders,76.0,home,0.0,0.0,False,-7.0
2025-01-10,Hawai'i Rainbow Warriors,83.0,away,0.0,0.0,True,7.0
2025-01-10,UC San Diego Tritons,95.0,home,0.0,0.0,True,27.0
2025-01-10,Cal Poly Mustangs,68.0,away,0.0,0.0,False,-27.0
2025-01-19,Michigan State Spartans,80.0,home,0.0,0.0,True,2.0
2025-01-19,Illinois Fighting Illini,78.0,away,0.0,0.0,False,-2.0
2025-01-19,Milwaukee Panthers,79.0,home,0.0,0.0,False,-2.0
2025-01-19,Robert Morris Colonials,81.0,away,0.0,0.0,True,2.0
2025-01-19,Green Bay Phoenix,69.0,home,0.0,0.0,False,-4.0
2025-01-19,Youngstown State Penguins,73.0,away,0.0,0.0,True,4.0
2025-01-19,Temple Owls,80.0,home,0.0,0.0,True,3.0
2025-01-19,Tulane Green Wave,77.0,away,0.0,0.0,False,-3.0
2025-01-19,Maryland Terrapins,69.0,home,0.0,0.0,True,3.0
2025-01-19,Nebraska Cornhuskers,66.0,away,0.0,0.0,False,-3.0
2025-01-19,IU Indianapolis Jaguars,62.0,home,0.0,0.0,False,-11.0
2025-01-19,Cleveland State Vikings,73.0,away,0.0,0.0,True,11.0
2025-01-19,Massachusetts Minutemen,82.0,home,0.0,0.0,True,22.0
2025-01-19,La Salle Explorers,60.0,away,0.0,0.0,False,-22.0
2025-01-19,Michigan Wolverines,80.0,home,0.0,0.0,True,4.0
2025-01-19,Northwestern Wildcats,76.0,away,0.0,0.0,False,-4.0
2025-01-19,Florida Atlantic Owls,75.0,home,0.0,0.0,True,2.0
2025-01-19,Rice Owls,73.0,away,0.0,0.0,False,-2.0
2025-01-19,Charlotte 49ers,68.0,home,0.0,0.0,False,-9.0
2025-01-19,Memphis Tigers,77.0,away,0.0,0.0,True,9.0
2025-01-19,Baylor Bears,71.0,home,0.0,0.0,False,-3.0
2025-01-19,TCU Horned Frogs,74.0,away,0.0,0.0,True,3.0
2025-01-04,Auburn Tigers,84.0,home,0.0,0.0,True,16.0
2025-01-04,Missouri Tigers,68.0,away,0.0,0.0,False,-16.0
2025-01-04,Kentucky Wildcats,106.0,home,0.0,0.0,True,6.0
2025-01-04,Florida Gators,100.0,away,0.0,0.0,False,-6.0
2025-01-05,Loyola Marymount Lions,68.0,home,0.0,0.0,False,-28.0
2025-01-05,Gonzaga Bulldogs,96.0,away,0.0,0.0,True,28.0
2025-01-04,Nebraska Cornhuskers,66.0,home,0.0,0.0,True,8.0
2025-01-04,UCLA Bruins,58.0,away,0.0,0.0,False,-8.0
2025-01-04,SMU Mustangs,62.0,home,0.0,0.0,False,-27.0
2025-01-04,Duke Blue Devils,89.0,away,0.0,0.0,True,27.0
2025-01-04,Mississippi State Bulldogs,85.0,home,0.0,0.0,True,35.0
2025-01-04,South Carolina Gamecocks,50.0,away,0.0,0.0,False,-35.0
2025-01-04,Alabama Crimson Tide,107.0,home,0.0,0.0,True,28.0
2025-01-04,Oklahoma Sooners,79.0,away,0.0,0.0,False,-28.0
2025-01-04,Georgia Tech Yellow Jackets,85.0,home,0.0,0.0,True,21.0
2025-01-04,Boston College Eagles,64.0,away,0.0,0.0,False,-21.0
2025-01-04,Massachusetts Minutemen,64.0,home,0.0,0.0,False,-8.0
2025-01-04,Richmond Spiders,72.0,away,0.0,0.0,True,8.0
2025-01-04,Wake Forest Demon Deacons,77.0,home,0.0,0.0,True,18.0
2025-01-04,NC State Wolfpack,59.0,away,0.0,0.0,False,-18.0
2025-01-04,Notre Dame Fighting Irish,73.0,home,0.0,0.0,False,-1.0
2025-01-04,North Carolina Tar Heels,74.0,away,0.0,0.0,True,1.0
2025-01-04,George Washington Revolutionaries,82.0,home,0.0,0.0,True,20.0
2025-01-04,Dayton Flyers,62.0,away,0.0,0.0,False,-20.0
2025-01-04,Princeton Tigers,92.0,home,0.0,0.0,True,21.0
2025-01-04,Kean Cougars,71.0,away,0.0,0.0,False,-21.0
2025-01-04,Iowa State Cyclones,74.0,home,0.0,0.0,True,19.0
2025-01-04,Baylor Bears,55.0,away,0.0,0.0,False,-19.0
2025-01-04,Tennessee Volunteers,76.0,home,0.0,0.0,True,24.0
2025-01-04,Arkansas Razorbacks,52.0,away,0.0,0.0,False,-24.0
2025-01-04,West Virginia Mountaineers,69.0,home,0.0,0.0,True,19.0
2025-01-04,Oklahoma State Cowboys,50.0,away,0.0,0.0,False,-19.0
2025-01-04,Cincinnati Bearcats,67.0,home,0.0,0.0,False,-5.0
2025-01-04,Arizona Wildcats,72.0,away,0.0,0.0,True,5.0
2025-01-04,Houston Cougars,86.0,home,0.0,0.0,True,31.0
2025-01-04,BYU Cougars,55.0,away,0.0,0.0,False,-31.0
2025-01-04,Ole Miss Rebels,63.0,home,0.0,0.0,True,12.0
2025-01-04,Georgia Bulldogs,51.0,away,0.0,0.0,False,-12.0
2025-01-05,Texas A&M Aggies,80.0,home,0.0,0.0,True,20.0
2025-01-05,Texas Longhorns,60.0,away,0.0,0.0,False,-20.0
2025-01-04,Northeastern Huskies,37.0,home,0.0,0.0,False,-18.0
2025-01-04,Hofstra Pride,55.0,away,0.0,0.0,True,18.0
2025-01-04,Detroit Mercy Titans,56.0,home,0.0,0.0,False,-8.0
2025-01-04,Milwaukee Panthers,64.0,away,0.0,0.0,True,8.0
2025-01-04,The Citadel Bulldogs,68.0,home,0.0,0.0,False,-13.0
2025-01-04,Chattanooga Mocs,81.0,away,0.0,0.0,True,13.0
2025-01-04,UNC Asheville Bulldogs,103.0,home,0.0,0.0,True,4.0
2025-01-04,High Point Panthers,99.0,away,0.0,0.0,False,-4.0
2025-01-04,Stony Brook Seawolves,76.0,home,0.0,0.0,False,-7.0
2025-01-04,William & Mary Tribe,83.0,away,0.0,0.0,True,7.0
2025-01-04,Northern Kentucky Norse,78.0,home,0.0,0.0,True,18.0
2025-01-04,Green Bay Phoenix,60.0,away,0.0,0.0,False,-18.0
2025-01-04,App State Mountaineers,72.0,home,0.0,0.0,True,11.0
2025-01-04,Texas State Bobcats,61.0,away,0.0,0.0,False,-11.0
2025-01-04,Gardner-Webb Runnin' Bulldogs,63.0,home,0.0,0.0,True,2.0
2025-01-04,Presbyterian Blue Hose,61.0,away,0.0,0.0,False,-2.0
2025-01-04,Miami (OH) RedHawks,93.0,home,0.0,0.0,True,14.0
2025-01-04,Buffalo Bulls,79.0,away,0.0,0.0,False,-14.0
2025-01-04,Queens University Royals,92.0,home,0.0,0.0,True,9.0
2025-01-04,Florida Gulf Coast Eagles,83.0,away,0.0,0.0,False,-9.0
2025-01-04,UAB Blazers,83.0,home,0.0,0.0,True,32.0
2025-01-04,Tulsa Golden Hurricane,51.0,away,0.0,0.0,False,-32.0
2025-01-04,NJIT Highlanders,107.0,home,0.0,0.0,True,56.0
2025-01-04,Medgar Evers Cougars,51.0,away,0.0,0.0,False,-56.0
2025-01-04,Villanova Wildcats,100.0,home,0.0,0.0,True,44.0
2025-01-04,DePaul Blue Demons,56.0,away,0.0,0.0,False,-44.0
2025-01-04,Davidson Wildcats,77.0,home,0.0,0.0,True,6.0
2025-01-04,Duquesne Dukes,71.0,away,0.0,0.0,False,-6.0
2025-01-04,Western Michigan Broncos,70.0,home,0.0,0.0,False,-6.0
2025-01-04,Toledo Rockets,76.0,away,0.0,0.0,True,6.0
2025-01-04,New Hampshire Wildcats,40.0,home,0.0,0.0,False,-20.0
2025-01-04,Vermont Catamounts,60.0,away,0.0,0.0,True,20.0
2025-01-04,Loyola Chicago Ramblers,65.0,home,0.0,0.0,False,-19.0
2025-01-04,VCU Rams,84.0,away,0.0,0.0,True,19.0
2025-01-04,Rice Owls,68.0,home,0.0,0.0,True,13.0
2025-01-04,Charlotte 49ers,55.0,away,0.0,0.0,False,-13.0
2025-01-04,Virginia Tech Hokies,86.0,home,0.0,0.0,True,1.0
2025-01-04,Miami Hurricanes,85.0,away,0.0,0.0,False,-1.0
2025-01-04,Fordham Rams,66.0,home,0.0,0.0,False,-20.0
2025-01-04,St. Bonaventure Bonnies,86.0,away,0.0,0.0,True,20.0
2025-01-04,Rhode Island Rams,62.0,home,0.0,0.0,True,3.0
2025-01-04,George Mason Patriots,59.0,away,0.0,0.0,False,-3.0
2025-01-04,Coastal Carolina Chanticleers,70.0,home,0.0,0.0,True,19.0
2025-01-04,UL Monroe Warhawks,51.0,away,0.0,0.0,False,-19.0
2025-01-04,North Carolina A&T Aggies,59.0,home,0.0,0.0,False,-9.0
2025-01-04,Drexel Dragons,68.0,away,0.0,0.0,True,9.0
2025-01-04,West Georgia Wolves,62.0,home,0.0,0.0,False,-16.0
2025-01-04,Stetson Hatters,78.0,away,0.0,0.0,True,16.0
2025-01-04,Central Arkansas Bears,71.0,home,0.0,0.0,True,6.0
2025-01-04,Bellarmine Knights,65.0,away,0.0,0.0,False,-6.0
2025-01-04,St. John's Red Storm,70.0,home,0.0,0.0,True,8.0
2025-01-04,Butler Bulldogs,62.0,away,0.0,0.0,False,-8.0
2025-01-04,Bryant Bulldogs,81.0,home,0.0,0.0,True,26.0
2025-01-04,Maine Black Bears,55.0,away,0.0,0.0,False,-26.0
2025-01-04,North Dakota Fighting Hawks,80.0,home,0.0,0.0,False,-8.0
2025-01-04,St. Thomas-Minnesota Tommies,88.0,away,0.0,0.0,True,8.0
2025-01-04,Evansville Purple Aces,62.0,home,0.0,0.0,False,-4.0
2025-01-04,Indiana State Sycamores,66.0,away,0.0,0.0,True,4.0
2025-01-04,Binghamton Bearcats,87.0,home,0.0,0.0,True,5.0
2025-01-04,UMBC Retrievers,82.0,away,0.0,0.0,False,-5.0
2025-01-04,North Florida Ospreys,64.0,home,0.0,0.0,False,-32.0
2025-01-04,Lipscomb Bisons,96.0,away,0.0,0.0,True,32.0
2025-01-04,Oakland Golden Grizzlies,71.0,home,0.0,0.0,False,-8.0
2025-01-04,Robert Morris Colonials,79.0,away,0.0,0.0,True,8.0
2025-01-04,Georgia Southern Eagles,47.0,home,0.0,0.0,False,-29.0
2025-01-04,South Alabama Jaguars,76.0,away,0.0,0.0,True,29.0
2025-01-04,Eastern Michigan Eagles,75.0,home,0.0,0.0,True,4.0
2025-01-04,Northern Illinois Huskies,71.0,away,0.0,0.0,False,-4.0
2025-01-04,Florida International Panthers,85.0,home,0.0,0.0,True,19.0
2025-01-04,Western Kentucky Hilltoppers,66.0,away,0.0,0.0,False,-19.0
2025-01-04,Charleston Cougars,77.0,home,0.0,0.0,True,8.0
2025-01-04,Towson Tigers,69.0,away,0.0,0.0,False,-8.0
2025-01-04,Kent State Golden Flashes,67.0,home,0.0,0.0,False,-8.0
2025-01-04,Ball State Cardinals,75.0,away,0.0,0.0,True,8.0
2025-01-04,Alcorn State Braves,69.0,home,0.0,0.0,False,-3.0
2025-01-04,Jackson State Tigers,72.0,away,0.0,0.0,True,3.0
2025-01-04,North Dakota State Bison,80.0,home,0.0,0.0,False,-5.0
2025-01-04,Omaha Mavericks,85.0,away,0.0,0.0,True,5.0
2025-01-04,Cleveland State Vikings,67.0,home,0.0,0.0,True,6.0
2025-01-04,IU Indianapolis Jaguars,61.0,away,0.0,0.0,False,-6.0
2025-01-04,Valparaiso Beacons,80.0,home,0.0,0.0,True,7.0
2025-01-04,Northern Iowa Panthers,73.0,away,0.0,0.0,False,-7.0
2025-01-04,TCU Horned Frogs,63.0,home,0.0,0.0,True,1.0
2025-01-04,Kansas State Wildcats,62.0,away,0.0,0.0,False,-1.0
2025-01-04,Western Carolina Catamounts,69.0,home,0.0,0.0,False,-19.0
2025-01-04,Samford Bulldogs,88.0,away,0.0,0.0,True,19.0
2025-01-04,Virginia Cavaliers,50.0,home,0.0,0.0,False,-20.0
2025-01-04,Louisville Cardinals,70.0,away,0.0,0.0,True,20.0
2025-01-04,Jacksonville Dolphins,68.0,home,0.0,0.0,True,24.0
2025-01-04,Austin Peay Governors,44.0,away,0.0,0.0,False,-24.0
2025-01-04,Norfolk State Spartans,81.0,home,0.0,0.0,True,22.0
2025-01-04,Maryland Eastern Shore Hawks,59.0,away,0.0,0.0,False,-22.0
2025-01-04,UAlbany Great Danes,69.0,home,0.0,0.0,False,-4.0
2025-01-04,UMass Lowell River Hawks,73.0,away,0.0,0.0,True,4.0
2025-01-04,Alabama State Hornets,84.0,home,0.0,0.0,True,29.0
2025-01-04,Mississippi Valley State Delta Devils,55.0,away,0.0,0.0,False,-29.0
2025-01-04,East Texas A&M Lions,56.0,home,0.0,0.0,False,-19.0
2025-01-04,McNeese Cowboys,75.0,away,0.0,0.0,True,19.0
2025-01-04,Boise State Broncos,68.0,home,0.0,0.0,False,-8.0
2025-01-04,San Diego State Aztecs,76.0,away,0.0,0.0,True,8.0
2025-01-04,Marshall Thundering Herd,57.0,home,0.0,0.0,False,-1.0
2025-01-04,Troy Trojans,58.0,away,0.0,0.0,True,1.0
2025-01-04,Northern Arizona Lumberjacks,80.0,home,0.0,0.0,True,3.0
2025-01-04,Weber State Wildcats,77.0,away,0.0,0.0,False,-3.0
2025-01-04,Utah Valley Wolverines,64.0,home,0.0,0.0,True,11.0
2025-01-04,Abilene Christian Wildcats,53.0,away,0.0,0.0,False,-11.0
2025-01-04,Old Dominion Monarchs,74.0,home,0.0,0.0,True,3.0
2025-01-04,Southern Miss Golden Eagles,71.0,away,0.0,0.0,False,-3.0
2025-01-04,East Tennessee State Buccaneers,78.0,home,0.0,0.0,False,-3.0
2025-01-04,Wofford Terriers,81.0,away,0.0,0.0,True,3.0
2025-01-04,Sacramento State Hornets,56.0,home,0.0,0.0,True,3.0
2025-01-04,Portland State Vikings,53.0,away,0.0,0.0,False,-3.0
2025-01-04,Delaware Blue Hens,84.0,home,0.0,0.0,True,20.0
2025-01-04,Monmouth Hawks,64.0,away,0.0,0.0,False,-20.0
2025-01-04,UNC Greensboro Spartans,84.0,home,0.0,0.0,True,17.0
2025-01-04,Furman Paladins,67.0,away,0.0,0.0,False,-17.0
2025-01-04,Northern Colorado Bears,93.0,home,0.0,0.0,True,1.0
2025-01-04,Idaho State Bengals,92.0,away,0.0,0.0,False,-1.0
2025-01-04,James Madison Dukes,67.0,home,0.0,0.0,True,5.0
2025-01-04,Arkansas State Red Wolves,62.0,away,0.0,0.0,False,-5.0
2025-01-04,SE Louisiana Lions,71.0,home,0.0,0.0,False,-9.0
2025-01-04,Texas A&M-Corpus Christi Islanders,80.0,away,0.0,0.0,True,9.0
2025-01-04,New Mexico State Aggies,78.0,home,0.0,0.0,True,30.0
2025-01-04,Louisiana Tech Bulldogs,48.0,away,0.0,0.0,False,-30.0
2025-01-04,Tennessee Tech Golden Eagles,74.0,home,0.0,0.0,True,19.0
2025-01-04,Morehead State Eagles,55.0,away,0.0,0.0,False,-19.0
2025-01-04,Radford Highlanders,87.0,home,0.0,0.0,True,20.0
2025-01-04,Winthrop Eagles,67.0,away,0.0,0.0,False,-20.0
2025-01-04,Tennessee State Tigers,95.0,home,0.0,0.0,True,9.0
2025-01-04,Little Rock Trojans,86.0,away,0.0,0.0,False,-9.0
2025-01-04,Morgan State Bears,72.0,home,0.0,0.0,False,-14.0
2025-01-04,South Carolina State Bulldogs,86.0,away,0.0,0.0,True,14.0
2025-01-04,Coppin State Eagles,63.0,home,0.0,0.0,True,2.0
2025-01-04,North Carolina Central Eagles,61.0,away,0.0,0.0,False,-2.0
2025-01-04,UT Martin Skyhawks,66.0,home,0.0,0.0,True,3.0
2025-01-04,Southeast Missouri State Redhawks,63.0,away,0.0,0.0,False,-3.0
2025-01-04,VMI Keydets,67.0,home,0.0,0.0,False,-3.0
2025-01-04,Mercer Bears,70.0,away,0.0,0.0,True,3.0
2025-01-04,Northwestern State Demons,68.0,home,0.0,0.0,True,2.0
2025-01-04,Nicholls Colonels,66.0,away,0.0,0.0,False,-2.0
2025-01-04,Alabama A&M Bulldogs,89.0,home,0.0,0.0,True,10.0
2025-01-04,Arkansas-Pine Bluff Golden Lions,79.0,away,0.0,0.0,False,-10.0
2025-01-04,LSU Tigers,72.0,home,0.0,0.0,False,-8.0
2025-01-04,Vanderbilt Commodores,80.0,away,0.0,0.0,True,8.0
2025-01-04,Belmont Bruins,92.0,home,0.0,0.0,True,5.0
2025-01-04,UIC Flames,87.0,away,0.0,0.0,False,-5.0
2025-01-04,Eastern Illinois Panthers,67.0,home,0.0,0.0,False,-8.0
2025-01-04,Western Illinois Leathernecks,75.0,away,0.0,0.0,True,8.0
2025-01-04,Air Force Falcons,65.0,home,0.0,0.0,False,-5.0
2025-01-04,Wyoming Cowboys,70.0,away,0.0,0.0,True,5.0
2025-01-04,SIU Edwardsville Cougars,58.0,home,0.0,0.0,True,11.0
2025-01-04,Lindenwood Lions,47.0,away,0.0,0.0,False,-11.0
2025-01-04,Prairie View A&M Panthers,73.0,home,0.0,0.0,True,18.0
2025-01-04,Grambling Tigers,55.0,away,0.0,0.0,False,-18.0
2025-01-04,Idaho Vandals,71.0,home,0.0,0.0,False,-2.0
2025-01-04,Montana Grizzlies,73.0,away,0.0,0.0,True,2.0
2025-01-04,Kennesaw State Owls,83.0,home,0.0,0.0,True,12.0
2025-01-04,Jacksonville State Gamecocks,71.0,away,0.0,0.0,False,-12.0
2025-01-04,Eastern Washington Eagles,68.0,home,0.0,0.0,True,5.0
2025-01-04,Montana State Bobcats,63.0,away,0.0,0.0,False,-5.0
2025-01-04,Tulane Green Wave,92.0,home,0.0,0.0,True,29.0
2025-01-04,UTSA Roadrunners,63.0,away,0.0,0.0,False,-29.0
2025-01-04,UNLV Rebels,79.0,home,0.0,0.0,True,6.0
2025-01-04,San José State Spartans,73.0,away,0.0,0.0,False,-6.0
2025-01-04,New Orleans Privateers,64.0,home,0.0,0.0,False,-12.0
2025-01-04,UT Rio Grande Valley Vaqueros,76.0,away,0.0,0.0,True,12.0
2025-01-04,North Alabama Lions,88.0,home,0.0,0.0,True,21.0
2025-01-04,Eastern Kentucky Colonels,67.0,away,0.0,0.0,False,-21.0
2025-01-04,Arizona State Sun Devils,81.0,home,0.0,0.0,True,20.0
2025-01-04,Colorado Buffaloes,61.0,away,0.0,0.0,False,-20.0
2025-01-04,Florida State Seminoles,90.0,home,0.0,0.0,True,16.0
2025-01-04,Syracuse Orange,74.0,away,0.0,0.0,False,-16.0
2025-01-04,Liberty Flames,73.0,home,0.0,0.0,True,10.0
2025-01-04,Middle Tennessee Blue Raiders,63.0,away,0.0,0.0,False,-10.0
2025-01-04,Stephen F. Austin Lumberjacks,49.0,home,0.0,0.0,False,-6.0
2025-01-04,Incarnate Word Cardinals,55.0,away,0.0,0.0,True,6.0
2025-01-04,Texas Southern Tigers,58.0,home,0.0,0.0,False,-9.0
2025-01-04,Southern Jaguars,67.0,away,0.0,0.0,True,9.0
2025-01-04,Cal State Northridge Matadors,73.0,home,0.0,0.0,True,12.0
2025-01-04,UC Davis Aggies,61.0,away,0.0,0.0,False,-12.0
2025-01-04,Oregon State Beavers,81.0,home,0.0,0.0,True,27.0
2025-01-04,San Diego Toreros,54.0,away,0.0,0.0,False,-27.0
2025-01-04,Florida A&M Rattlers,55.0,home,0.0,0.0,False,-7.0
2025-01-04,Bethune-Cookman Wildcats,62.0,away,0.0,0.0,True,7.0
2025-01-05,Longwood Lancers,83.0,home,0.0,0.0,True,5.0
2025-01-05,Charleston Southern Buccaneers,78.0,away,0.0,0.0,False,-5.0
2025-01-04,Pittsburgh Panthers,83.0,home,0.0,0.0,True,15.0
2025-01-04,Stanford Cardinal,68.0,away,0.0,0.0,False,-15.0
2025-01-04,Kansas City Roos,90.0,home,0.0,0.0,True,23.0
2025-01-04,Oral Roberts Golden Eagles,67.0,away,0.0,0.0,False,-23.0
2025-01-05,Utah Utes,65.0,home,0.0,0.0,False,-28.0
2025-01-05,Texas Tech Red Raiders,93.0,away,0.0,0.0,True,28.0
2025-01-05,Lamar Cardinals,63.0,home,0.0,0.0,True,2.0
2025-01-05,Houston Christian Huskies,61.0,away,0.0,0.0,False,-2.0
2025-01-05,Georgia State Panthers,94.0,home,0.0,0.0,True,24.0
2025-01-05,Louisiana Ragin' Cajuns,70.0,away,0.0,0.0,False,-24.0
2025-01-05,UNC Wilmington Seahawks,77.0,home,0.0,0.0,True,8.0
2025-01-05,Campbell Fighting Camels,69.0,away,0.0,0.0,False,-8.0
2025-01-05,Purdue Fort Wayne Mastodons,90.0,home,0.0,0.0,True,9.0
2025-01-05,Youngstown State Penguins,81.0,away,0.0,0.0,False,-9.0
2025-01-05,Washington State Cougars,91.0,home,0.0,0.0,True,9.0
2025-01-05,San Francisco Dons,82.0,away,0.0,0.0,False,-9.0
2025-01-05,Central Michigan Chippewas,55.0,home,0.0,0.0,False,-2.0
2025-01-05,Ohio Bobcats,57.0,away,0.0,0.0,True,2.0
2025-01-05,Elon Phoenix,70.0,home,0.0,0.0,True,8.0
2025-01-05,Hampton Pirates,62.0,away,0.0,0.0,False,-8.0
2025-01-05,Bradley Braves,69.0,home,0.0,0.0,True,9.0
2025-01-05,Missouri State Bears,60.0,away,0.0,0.0,False,-9.0
2025-01-05,USC Trojans,74.0,home,0.0,0.0,False,-11.0
2025-01-05,Michigan Wolverines,85.0,away,0.0,0.0,True,11.0
2025-01-05,South Dakota Coyotes,91.0,home,0.0,0.0,True,7.0
2025-01-05,Denver Pioneers,84.0,away,0.0,0.0,False,-7.0
2025-01-05,Howard Bison,100.0,home,0.0,0.0,True,6.0
2025-01-05,Delaware State Hornets,94.0,away,0.0,0.0,False,-6.0
2025-01-05,Tarleton State Texans,77.0,home,0.0,0.0,True,3.0
2025-01-05,UT Arlington Mavericks,74.0,away,0.0,0.0,False,-3.0
2025-01-05,Pacific Tigers,70.0,home,0.0,0.0,False,-17.0
2025-01-05,Pepperdine Waves,87.0,away,0.0,0.0,True,17.0
2025-01-05,Cal State Fullerton Titans,51.0,home,0.0,0.0,False,-39.0
2025-01-05,UC San Diego Tritons,90.0,away,0.0,0.0,True,39.0
2025-01-05,Grand Canyon Lopes,82.0,home,0.0,0.0,True,11.0
2025-01-05,Southern Utah Thunderbirds,71.0,away,0.0,0.0,False,-11.0
2025-01-05,Cal State Bakersfield Roadrunners,80.0,home,0.0,0.0,True,15.0
2025-01-05,Long Beach State Beach,65.0,away,0.0,0.0,False,-15.0
2025-01-05,California Baptist Lancers,61.0,home,0.0,0.0,True,2.0
2025-01-05,Seattle U Redhawks,59.0,away,0.0,0.0,False,-2.0
2025-01-05,Clemson Tigers,80.0,home,0.0,0.0,True,12.0
2025-01-05,California Golden Bears,68.0,away,0.0,0.0,False,-12.0
2025-01-05,UC Irvine Anteaters,81.0,home,0.0,0.0,True,24.0
2025-01-05,UC Riverside Highlanders,57.0,away,0.0,0.0,False,-24.0
2025-01-05,Portland Pilots,58.0,home,0.0,0.0,False,-23.0
2025-01-05,Saint Mary's Gaels,81.0,away,0.0,0.0,True,23.0
2025-01-05,UTEP Miners,81.0,home,0.0,0.0,True,9.0
2025-01-05,Sam Houston Bearkats,72.0,away,0.0,0.0,False,-9.0
2025-01-05,Utah State Aggies,89.0,home,0.0,0.0,True,6.0
2025-01-05,Fresno State Bulldogs,83.0,away,0.0,0.0,False,-6.0
2025-01-05,Hawai'i Rainbow Warriors,68.0,home,0.0,0.0,True,13.0
2025-01-05,Cal Poly Mustangs,55.0,away,0.0,0.0,False,-13.0
2025-01-20,Wagner Seahawks,70.0,home,0.0,0.0,True,2.0
2025-01-20,Saint Francis Red Flash,68.0,away,0.0,0.0,False,-2.0
2025-01-20,Harvard Crimson,67.0,home,0.0,0.0,False,-15.0
2025-01-20,Pennsylvania Quakers,82.0,away,0.0,0.0,True,15.0
2025-01-20,UNC Wilmington Seahawks,85.0,home,0.0,0.0,True,11.0
2025-01-20,William & Mary Tribe,74.0,away,0.0,0.0,False,-11.0
2025-01-20,McNeese Cowboys,79.0,home,0.0,0.0,True,20.0
2025-01-20,Stephen F. Austin Lumberjacks,59.0,away,0.0,0.0,False,-20.0
2025-01-20,Howard Bison,76.0,home,0.0,0.0,False,-3.0
2025-01-20,Morehouse Maroon Tigers,79.0,away,0.0,0.0,True,3.0
2025-01-20,Northwestern State Demons,73.0,home,0.0,0.0,True,12.0
2025-01-20,New Orleans Privateers,61.0,away,0.0,0.0,False,-12.0
2025-01-20,Villanova Wildcats,63.0,home,0.0,0.0,False,-1.0
2025-01-20,Georgetown Hoyas,64.0,away,0.0,0.0,True,1.0
2025-01-20,Nicholls Colonels,74.0,home,0.0,0.0,False,-4.0
2025-01-20,Lamar Cardinals,78.0,away,0.0,0.0,True,4.0
2025-01-20,Princeton Tigers,71.0,home,0.0,0.0,True,4.0
2025-01-20,Columbia Lions,67.0,away,0.0,0.0,False,-4.0
2025-01-20,Cornell Big Red,82.0,home,0.0,0.0,False,-1.0
2025-01-20,Brown Bears,83.0,away,0.0,0.0,True,1.0
2025-01-20,Penn State Nittany Lions,80.0,home,0.0,0.0,True,8.0
2025-01-20,Rutgers Scarlet Knights,72.0,away,0.0,0.0,False,-8.0
2025-01-20,Yale Bulldogs,83.0,home,0.0,0.0,True,16.0
2025-01-20,Dartmouth Big Green,67.0,away,0.0,0.0,False,-16.0
2025-01-20,East Texas A&M Lions,68.0,home,0.0,0.0,False,-8.0
2025-01-20,SE Louisiana Lions,76.0,away,0.0,0.0,True,8.0
2025-01-20,Long Island University Sharks,72.0,home,0.0,0.0,True,9.0
2025-01-20,Mercyhurst Lakers,63.0,away,0.0,0.0,False,-9.0
2025-01-20,Prairie View A&M Panthers,70.0,home,0.0,0.0,False,-8.0
2025-01-20,Alcorn State Braves,78.0,away,0.0,0.0,True,8.0
2025-01-20,New Mexico Lobos,95.0,home,0.0,0.0,True,28.0
2025-01-20,Fresno State Bulldogs,67.0,away,0.0,0.0,False,-28.0
2025-01-20,Drexel Dragons,60.0,home,0.0,0.0,True,5.0
2025-01-20,Hofstra Pride,55.0,away,0.0,0.0,False,-5.0
2025-01-20,Incarnate Word Cardinals,78.0,home,0.0,0.0,False,-7.0
2025-01-20,UT Rio Grande Valley Vaqueros,85.0,away,0.0,0.0,True,7.0
2025-01-20,Texas Southern Tigers,81.0,home,0.0,0.0,True,8.0
2025-01-20,Jackson State Tigers,73.0,away,0.0,0.0,False,-8.0
2025-01-20,Norfolk State Spartans,105.0,home,0.0,0.0,True,63.0
2025-01-20,Washington Adventist Shock,42.0,away,0.0,0.0,False,-63.0
2025-01-21,Florida A&M Rattlers,83.0,home,0.0,0.0,True,30.0
2025-01-21,Mississippi Valley State Delta Devils,53.0,away,0.0,0.0,False,-30.0
2025-01-21,Montana State Bobcats,74.0,home,0.0,0.0,True,10.0
2025-01-21,Eastern Washington Eagles,64.0,away,0.0,0.0,False,-10.0
2025-01-21,Colgate Raiders,87.0,home,0.0,0.0,True,7.0
2025-01-21,Bucknell Bison,80.0,away,0.0,0.0,False,-7.0
2025-01-21,Le Moyne Dolphins,73.0,home,0.0,0.0,True,1.0
2025-01-21,Stonehill Skyhawks,72.0,away,0.0,0.0,False,-1.0
2025-01-21,Bethune-Cookman Wildcats,73.0,home,0.0,0.0,True,9.0
2025-01-21,Arkansas-Pine Bluff Golden Lions,64.0,away,0.0,0.0,False,-9.0
2025-01-21,North Carolina A&T Aggies,73.0,home,0.0,0.0,False,-1.0
2025-01-21,Hampton Pirates,74.0,away,0.0,0.0,True,1.0
2025-01-21,Chicago State Cougars,48.0,home,0.0,0.0,False,-10.0
2025-01-21,Fairleigh Dickinson Knights,58.0,away,0.0,0.0,True,10.0
2025-01-21,Houston Christian Huskies,76.0,home,0.0,0.0,True,4.0
2025-01-21,Texas A&M-Corpus Christi Islanders,72.0,away,0.0,0.0,False,-4.0
2025-01-21,Montana Grizzlies,72.0,home,0.0,0.0,True,5.0
2025-01-21,Idaho Vandals,67.0,away,0.0,0.0,False,-5.0
2025-01-16,Coppin State Eagles,88.0,home,0.0,0.0,True,26.0
2025-01-16,Cheyney (PA) Wolves,62.0,away,0.0,0.0,False,-26.0
2025-01-17,Coastal Carolina Chanticleers,87.0,home,0.0,0.0,False,-1.0
2025-01-17,Georgia Southern Eagles,88.0,away,0.0,0.0,True,1.0
2025-01-17,Old Dominion Monarchs,43.0,home,0.0,0.0,False,-19.0
2025-01-17,App State Mountaineers,62.0,away,0.0,0.0,True,19.0
2025-01-16,Delaware Blue Hens,84.0,home,0.0,0.0,True,10.0
2025-01-16,Stony Brook Seawolves,74.0,away,0.0,0.0,False,-10.0
2025-01-17,James Madison Dukes,67.0,home,0.0,0.0,True,3.0
2025-01-17,Marshall Thundering Herd,64.0,away,0.0,0.0,False,-3.0
2025-01-16,Florida Gulf Coast Eagles,82.0,home,0.0,0.0,True,22.0
2025-01-16,West Georgia Wolves,60.0,away,0.0,0.0,False,-22.0
2025-01-16,UAlbany Great Danes,79.0,home,0.0,0.0,False,-10.0
2025-01-16,Bryant Bulldogs,89.0,away,0.0,0.0,True,10.0
2025-01-16,NJIT Highlanders,44.0,home,0.0,0.0,False,-13.0
2025-01-16,Maine Black Bears,57.0,away,0.0,0.0,True,13.0
2025-01-17,Oregon State Beavers,97.0,home,0.0,0.0,True,8.0
2025-01-17,Gonzaga Bulldogs,89.0,away,0.0,0.0,False,-8.0
2025-01-16,UMBC Retrievers,76.0,home,0.0,0.0,False,-3.0
2025-01-16,New Hampshire Wildcats,79.0,away,0.0,0.0,True,3.0
2025-01-17,Minnesota Golden Gophers,84.0,home,0.0,0.0,True,3.0
2025-01-17,Michigan Wolverines,81.0,away,0.0,0.0,False,-3.0
2025-01-17,Temple Owls,88.0,home,0.0,0.0,True,7.0
2025-01-17,Memphis Tigers,81.0,away,0.0,0.0,False,-7.0
2025-01-17,Drexel Dragons,54.0,home,0.0,0.0,False,-11.0
2025-01-17,Elon Phoenix,65.0,away,0.0,0.0,True,11.0
2025-01-17,North Carolina A&T Aggies,63.0,home,0.0,0.0,False,-9.0
2025-01-17,Monmouth Hawks,72.0,away,0.0,0.0,True,9.0
2025-01-17,Vermont Catamounts,72.0,home,0.0,0.0,True,8.0
2025-01-17,Binghamton Bearcats,64.0,away,0.0,0.0,False,-8.0
2025-01-16,Bellarmine Knights,53.0,home,0.0,0.0,False,-34.0
2025-01-16,Lipscomb Bisons,87.0,away,0.0,0.0,True,34.0
2025-01-17,Towson Tigers,65.0,home,0.0,0.0,True,5.0
2025-01-17,Hofstra Pride,60.0,away,0.0,0.0,False,-5.0
2025-01-17,Longwood Lancers,82.0,home,0.0,0.0,True,2.0
2025-01-17,High Point Panthers,80.0,away,0.0,0.0,False,-2.0
2025-01-17,Hampton Pirates,64.0,home,0.0,0.0,False,-3.0
2025-01-17,William & Mary Tribe,67.0,away,0.0,0.0,True,3.0
2025-01-17,Campbell Fighting Camels,61.0,home,0.0,0.0,False,-6.0
2025-01-17,Charleston Cougars,67.0,away,0.0,0.0,True,6.0
2025-01-17,Saint Peter's Peacocks,51.0,home,0.0,0.0,False,-5.0
2025-01-17,Marist Red Foxes,56.0,away,0.0,0.0,True,5.0
2025-01-17,North Florida Ospreys,92.0,home,0.0,0.0,True,12.0
2025-01-17,Central Arkansas Bears,80.0,away,0.0,0.0,False,-12.0
2025-01-17,Jacksonville Dolphins,64.0,home,0.0,0.0,True,4.0
2025-01-17,North Alabama Lions,60.0,away,0.0,0.0,False,-4.0
2025-01-17,Quinnipiac Bobcats,81.0,home,0.0,0.0,True,5.0
2025-01-17,Merrimack Warriors,76.0,away,0.0,0.0,False,-5.0
2025-01-17,Stetson Hatters,60.0,home,0.0,0.0,False,-35.0
2025-01-17,Queens University Royals,95.0,away,0.0,0.0,True,35.0
2025-01-17,UNC Wilmington Seahawks,80.0,home,0.0,0.0,True,8.0
2025-01-17,Northeastern Huskies,72.0,away,0.0,0.0,False,-8.0
2025-01-17,Rider Broncs,66.0,home,0.0,0.0,True,6.0
2025-01-17,Mount St. Mary's Mountaineers,60.0,away,0.0,0.0,False,-6.0
2025-01-17,Florida International Panthers,52.0,home,0.0,0.0,False,-7.0
2025-01-17,New Mexico State Aggies,59.0,away,0.0,0.0,True,7.0
2025-01-17,Iona Gaels,82.0,home,0.0,0.0,True,21.0
2025-01-17,Canisius Golden Griffins,61.0,away,0.0,0.0,False,-21.0
2025-01-17,Tarleton State Texans,67.0,home,0.0,0.0,True,10.0
2025-01-17,California Baptist Lancers,57.0,away,0.0,0.0,False,-10.0
2025-01-17,Northern Arizona Lumberjacks,77.0,home,0.0,0.0,True,24.0
2025-01-17,Sacramento State Hornets,53.0,away,0.0,0.0,False,-24.0
2025-01-17,Morehead State Eagles,51.0,home,0.0,0.0,True,4.0
2025-01-17,Western Illinois Leathernecks,47.0,away,0.0,0.0,False,-4.0
2025-01-17,Northern Colorado Bears,72.0,home,0.0,0.0,True,3.0
2025-01-17,Portland State Vikings,69.0,away,0.0,0.0,False,-3.0
2025-01-17,Kennesaw State Owls,75.0,home,0.0,0.0,True,6.0
2025-01-17,Sam Houston Bearkats,69.0,away,0.0,0.0,False,-6.0
2025-01-17,UT Arlington Mavericks,83.0,home,0.0,0.0,False,-2.0
2025-01-17,Utah Valley Wolverines,85.0,away,0.0,0.0,True,2.0
2025-01-17,Arkansas State Red Wolves,83.0,home,0.0,0.0,True,20.0
2025-01-17,Louisiana Ragin' Cajuns,63.0,away,0.0,0.0,False,-20.0
2025-01-17,Siena Saints,93.0,home,0.0,0.0,True,18.0
2025-01-17,Sacred Heart Pioneers,75.0,away,0.0,0.0,False,-18.0
2025-01-17,Fairfield Stags,70.0,home,0.0,0.0,True,4.0
2025-01-17,Niagara Purple Eagles,66.0,away,0.0,0.0,False,-4.0
2025-01-17,Austin Peay Governors,97.0,home,0.0,0.0,True,7.0
2025-01-17,Eastern Kentucky Colonels,90.0,away,0.0,0.0,False,-7.0
2025-01-17,Jacksonville State Gamecocks,63.0,home,0.0,0.0,True,2.0
2025-01-17,Louisiana Tech Bulldogs,61.0,away,0.0,0.0,False,-2.0
2025-01-17,South Dakota Coyotes,92.0,home,0.0,0.0,True,10.0
2025-01-17,Oral Roberts Golden Eagles,82.0,away,0.0,0.0,False,-10.0
2025-01-17,Tennessee Tech Golden Eagles,70.0,home,0.0,0.0,False,-7.0
2025-01-17,Southeast Missouri State Redhawks,77.0,away,0.0,0.0,True,7.0
2025-01-17,Southern Indiana Screaming Eagles,80.0,home,0.0,0.0,True,7.0
2025-01-17,Lindenwood Lions,73.0,away,0.0,0.0,False,-7.0
2025-01-17,UT Martin Skyhawks,68.0,home,0.0,0.0,True,5.0
2025-01-17,Eastern Illinois Panthers,63.0,away,0.0,0.0,False,-5.0
2025-01-17,North Dakota State Bison,71.0,home,0.0,0.0,True,7.0
2025-01-17,Kansas City Roos,64.0,away,0.0,0.0,False,-7.0
2025-01-17,South Dakota State Jackrabbits,109.0,home,0.0,0.0,True,36.0
2025-01-17,North Dakota Fighting Hawks,73.0,away,0.0,0.0,False,-36.0
2025-01-17,Tennessee State Tigers,80.0,home,0.0,0.0,False,-7.0
2025-01-17,SIU Edwardsville Cougars,87.0,away,0.0,0.0,True,7.0
2025-01-17,Northwestern Wildcats,76.0,home,0.0,0.0,True,2.0
2025-01-17,Maryland Terrapins,74.0,away,0.0,0.0,False,-2.0
2025-01-17,Idaho State Bengals,70.0,home,0.0,0.0,True,3.0
2025-01-17,Montana State Bobcats,67.0,away,0.0,0.0,False,-3.0
2025-01-17,Grand Canyon Lopes,88.0,home,0.0,0.0,True,30.0
2025-01-17,Abilene Christian Wildcats,58.0,away,0.0,0.0,False,-30.0
2025-01-17,Cal Poly Mustangs,54.0,home,0.0,0.0,False,-11.0
2025-01-17,UC Davis Aggies,65.0,away,0.0,0.0,True,11.0
2025-01-17,Liberty Flames,70.0,home,0.0,0.0,False,-2.0
2025-01-17,UTEP Miners,72.0,away,0.0,0.0,True,2.0
2025-01-17,Pepperdine Waves,63.0,home,0.0,0.0,False,-17.0
2025-01-17,San Francisco Dons,80.0,away,0.0,0.0,True,17.0
2025-01-17,Long Beach State Beach,54.0,home,0.0,0.0,False,-26.0
2025-01-17,UC San Diego Tritons,80.0,away,0.0,0.0,True,26.0
2025-01-17,UC Santa Barbara Gauchos,66.0,home,0.0,0.0,True,3.0
2025-01-17,UC Riverside Highlanders,63.0,away,0.0,0.0,False,-3.0
2025-01-17,UC Irvine Anteaters,82.0,home,0.0,0.0,True,20.0
2025-01-17,Cal State Fullerton Titans,62.0,away,0.0,0.0,False,-20.0
2025-01-17,Portland Pilots,84.0,home,0.0,0.0,True,3.0
2025-01-17,Pacific Tigers,81.0,away,0.0,0.0,False,-3.0
2025-01-17,Nebraska Cornhuskers,82.0,home,0.0,0.0,False,-3.0
2025-01-17,Rutgers Scarlet Knights,85.0,away,0.0,0.0,True,3.0
2025-01-17,Loyola Marymount Lions,57.0,home,0.0,0.0,True,3.0
2025-01-17,Santa Clara Broncos,54.0,away,0.0,0.0,False,-3.0
2025-01-17,Weber State Wildcats,59.0,home,0.0,0.0,False,-4.0
2025-01-17,Montana Grizzlies,63.0,away,0.0,0.0,True,4.0
2025-01-17,San Diego Toreros,61.0,home,0.0,0.0,False,-4.0
2025-01-17,Washington State Cougars,65.0,away,0.0,0.0,True,4.0
2025-01-17,Seattle U Redhawks,82.0,home,0.0,0.0,True,20.0
2025-01-17,Utah Tech Trailblazers,62.0,away,0.0,0.0,False,-20.0
2025-01-17,Hawai'i Rainbow Warriors,60.0,home,0.0,0.0,False,-23.0
2025-01-17,Cal State Northridge Matadors,83.0,away,0.0,0.0,True,23.0
2025-01-25,Purdue Boilermakers,91.0,home,0.0,0.0,True,27.0
2025-01-25,Michigan Wolverines,64.0,away,0.0,0.0,False,-27.0
2025-01-25,Saint Francis Red Flash,74.0,home,0.0,0.0,True,10.0
2025-01-25,Long Island University Sharks,64.0,away,0.0,0.0,False,-10.0
2025-01-25,Stonehill Skyhawks,75.0,home,0.0,0.0,True,2.0
2025-01-25,Chicago State Cougars,73.0,away,0.0,0.0,False,-2.0
2025-01-24,Bowling Green Falcons,71.0,home,0.0,0.0,False,-13.0
2025-01-24,Toledo Rockets,84.0,away,0.0,0.0,True,13.0
2025-01-25,Dayton Flyers,77.0,home,0.0,0.0,True,5.0
2025-01-25,Saint Joseph's Hawks,72.0,away,0.0,0.0,False,-5.0
2025-01-25,Washington Huskies,60.0,home,0.0,0.0,False,-5.0
2025-01-25,UCLA Bruins,65.0,away,0.0,0.0,True,5.0
2025-01-25,Le Moyne Dolphins,70.0,home,0.0,0.0,False,-23.0
2025-01-25,Central Connecticut Blue Devils,93.0,away,0.0,0.0,True,23.0
2025-01-25,Mercyhurst Lakers,71.0,home,0.0,0.0,True,5.0
2025-01-25,Wagner Seahawks,66.0,away,0.0,0.0,False,-5.0
2025-01-24,Youngstown State Penguins,112.0,home,0.0,0.0,True,49.0
2025-01-24,Penn State-Shenango Nittany Lions,63.0,away,0.0,0.0,False,-49.0
2025-01-25,Marquette Golden Eagles,87.0,home,0.0,0.0,True,13.0
2025-01-25,Villanova Wildcats,74.0,away,0.0,0.0,False,-13.0
2025-01-25,Northern Kentucky Norse,59.0,home,0.0,0.0,False,-20.0
2025-01-25,Milwaukee Panthers,79.0,away,0.0,0.0,True,20.0
2025-01-25,Iowa Hawkeyes,76.0,home,0.0,0.0,True,1.0
2025-01-25,Penn State Nittany Lions,75.0,away,0.0,0.0,False,-1.0
2025-01-25,VCU Rams,75.0,home,0.0,0.0,True,14.0
2025-01-25,St. Bonaventure Bonnies,61.0,away,0.0,0.0,False,-14.0
2025-01-25,Ohio Bobcats,61.0,home,0.0,0.0,True,2.0
2025-01-25,Kent State Golden Flashes,59.0,away,0.0,0.0,False,-2.0
2025-01-22,Iowa State Cyclones,108.0,home,0.0,0.0,True,25.0
2025-01-22,UCF Knights,83.0,away,0.0,0.0,False,-25.0
2025-01-22,Alabama Crimson Tide,103.0,home,0.0,0.0,True,16.0
2025-01-22,Vanderbilt Commodores,87.0,away,0.0,0.0,False,-16.0
2025-01-22,Oregon Ducks,82.0,home,0.0,0.0,True,11.0
2025-01-22,Washington Huskies,71.0,away,0.0,0.0,False,-11.0
2025-01-22,Tennessee Volunteers,68.0,home,0.0,0.0,True,12.0
2025-01-22,Mississippi State Bulldogs,56.0,away,0.0,0.0,False,-12.0
2025-01-22,St. Bonaventure Bonnies,62.0,home,0.0,0.0,False,-13.0
2025-01-22,George Mason Patriots,75.0,away,0.0,0.0,True,13.0
2025-01-22,Toledo Rockets,64.0,home,0.0,0.0,False,-19.0
2025-01-22,Kent State Golden Flashes,83.0,away,0.0,0.0,True,19.0
2025-01-22,Davidson Wildcats,61.0,home,0.0,0.0,False,-17.0
2025-01-22,Saint Joseph's Hawks,78.0,away,0.0,0.0,True,17.0
2025-01-22,Duquesne Dukes,62.0,home,0.0,0.0,False,-20.0
2025-01-22,Dayton Flyers,82.0,away,0.0,0.0,True,20.0
2025-01-22,SMU Mustangs,73.0,home,0.0,0.0,False,-25.0
2025-01-22,Louisville Cardinals,98.0,away,0.0,0.0,True,25.0
2025-01-22,West Virginia Mountaineers,57.0,home,0.0,0.0,False,-8.0
2025-01-22,Arizona State Sun Devils,65.0,away,0.0,0.0,True,8.0
2025-01-22,Purdue Boilermakers,70.0,home,0.0,0.0,False,-3.0
2025-01-22,Ohio State Buckeyes,73.0,away,0.0,0.0,True,3.0
2025-01-22,UCLA Bruins,85.0,home,0.0,0.0,True,2.0
2025-01-22,Wisconsin Badgers,83.0,away,0.0,0.0,False,-2.0
2025-01-22,Virginia Cavaliers,74.0,home,0.0,0.0,True,18.0
2025-01-22,Boston College Eagles,56.0,away,0.0,0.0,False,-18.0
2025-01-22,UConn Huskies,80.0,home,0.0,0.0,True,2.0
2025-01-22,Butler Bulldogs,78.0,away,0.0,0.0,False,-2.0
2025-01-22,Seton Hall Pirates,59.0,home,0.0,0.0,False,-17.0
2025-01-22,Marquette Golden Eagles,76.0,away,0.0,0.0,True,17.0
2025-01-22,Cincinnati Bearcats,71.0,home,0.0,0.0,False,-10.0
2025-01-22,Texas Tech Red Raiders,81.0,away,0.0,0.0,True,10.0
2025-01-21,Eastern Michigan Eagles,94.0,home,0.0,0.0,True,7.0
2025-01-21,Ohio Bobcats,87.0,away,0.0,0.0,False,-7.0
2025-01-22,Rhode Island Rams,57.0,home,0.0,0.0,False,-24.0
2025-01-22,VCU Rams,81.0,away,0.0,0.0,True,24.0
2025-01-22,Texas Longhorns,61.0,home,0.0,0.0,True,8.0
2025-01-22,Missouri Tigers,53.0,away,0.0,0.0,False,-8.0
2025-01-22,Western Michigan Broncos,72.0,home,0.0,0.0,True,2.0
2025-01-22,Northern Illinois Huskies,70.0,away,0.0,0.0,False,-2.0
2025-01-22,Belmont Bruins,77.0,home,0.0,0.0,False,-12.0
2025-01-22,Bradley Braves,89.0,away,0.0,0.0,True,12.0
2025-01-22,Buffalo Bulls,58.0,home,0.0,0.0,False,-32.0
2025-01-22,Akron Zips,90.0,away,0.0,0.0,True,32.0
2025-01-22,UAB Blazers,81.0,home,0.0,0.0,True,3.0
2025-01-22,UTSA Roadrunners,78.0,away,0.0,0.0,False,-3.0
2025-01-22,Tennessee State Tigers,81.0,home,0.0,0.0,True,1.0
2025-01-22,UT Martin Skyhawks,80.0,away,0.0,0.0,False,-1.0
2025-01-22,Illinois State Redbirds,85.0,home,0.0,0.0,True,4.0
2025-01-22,Indiana State Sycamores,81.0,away,0.0,0.0,False,-4.0
2025-01-22,Oklahoma State Cowboys,78.0,home,0.0,0.0,False,-14.0
2025-01-22,Arizona Wildcats,92.0,away,0.0,0.0,True,14.0
2025-01-22,Central Michigan Chippewas,80.0,home,0.0,0.0,False,-2.0
2025-01-22,Ball State Cardinals,82.0,away,0.0,0.0,True,2.0
2025-01-22,Miami (OH) RedHawks,84.0,home,0.0,0.0,True,8.0
2025-01-22,Bowling Green Falcons,76.0,away,0.0,0.0,False,-8.0
2025-01-22,Colorado Buffaloes,67.0,home,0.0,0.0,False,-16.0
2025-01-22,BYU Cougars,83.0,away,0.0,0.0,True,16.0
2025-01-22,Wake Forest Demon Deacons,67.0,home,0.0,0.0,True,1.0
2025-01-22,North Carolina Tar Heels,66.0,away,0.0,0.0,False,-1.0
2025-01-22,Northern Iowa Panthers,79.0,home,0.0,0.0,True,11.0
2025-01-22,Missouri State Bears,68.0,away,0.0,0.0,False,-11.0
2025-01-22,Tulsa Golden Hurricane,76.0,home,0.0,0.0,False,-9.0
2025-01-22,East Carolina Pirates,85.0,away,0.0,0.0,True,9.0
2025-01-22,Iowa Hawkeyes,67.0,home,0.0,0.0,False,-5.0
2025-01-22,Minnesota Golden Gophers,72.0,away,0.0,0.0,True,5.0
2025-01-22,DePaul Blue Demons,49.0,home,0.0,0.0,False,-24.0
2025-01-22,Creighton Bluejays,73.0,away,0.0,0.0,True,24.0
2025-01-22,UNLV Rebels,61.0,home,0.0,0.0,False,-2.0
2025-01-22,Wyoming Cowboys,63.0,away,0.0,0.0,True,2.0
2025-01-11,Cincinnati Bearcats,40.0,home,0.0,0.0,False,-14.0
2025-01-11,Kansas Jayhawks,54.0,away,0.0,0.0,True,14.0
2025-01-11,Yale Bulldogs,79.0,home,0.0,0.0,True,21.0
2025-01-11,Brown Bears,58.0,away,0.0,0.0,False,-21.0
2025-01-11,St. Bonaventure Bonnies,82.0,home,0.0,0.0,False,-1.0
2025-01-11,La Salle Explorers,83.0,away,0.0,0.0,True,1.0
2025-01-11,South Carolina Gamecocks,63.0,home,0.0,0.0,False,-3.0
2025-01-11,Auburn Tigers,66.0,away,0.0,0.0,True,3.0
2025-01-12,Mississippi State Bulldogs,90.0,home,0.0,0.0,False,-5.0
2025-01-12,Kentucky Wildcats,95.0,away,0.0,0.0,True,5.0
2025-01-11,Arkansas Razorbacks,63.0,home,0.0,0.0,False,-8.0
2025-01-11,Florida Gators,71.0,away,0.0,0.0,True,8.0
2025-01-11,Texas Longhorns,70.0,home,0.0,0.0,False,-4.0
2025-01-11,Tennessee Volunteers,74.0,away,0.0,0.0,True,4.0
2025-01-12,Texas A&M Aggies,88.0,home,0.0,0.0,False,-6.0
2025-01-12,Alabama Crimson Tide,94.0,away,0.0,0.0,True,6.0
2025-01-11,Texas Tech Red Raiders,84.0,home,0.0,0.0,False,-1.0
2025-01-11,Iowa State Cyclones,85.0,away,0.0,0.0,True,1.0
2025-01-11,Illinois Fighting Illini,72.0,home,0.0,0.0,False,-10.0
2025-01-11,USC Trojans,82.0,away,0.0,0.0,True,10.0
2025-01-11,Butler Bulldogs,76.0,home,0.0,0.0,False,-4.0
2025-01-11,Creighton Bluejays,80.0,away,0.0,0.0,True,4.0
2025-01-12,Utah State Aggies,81.0,home,0.0,0.0,True,2.0
2025-01-12,Boise State Broncos,79.0,away,0.0,0.0,False,-2.0
2025-01-11,Georgia Bulldogs,72.0,home,0.0,0.0,True,10.0
2025-01-11,Oklahoma Sooners,62.0,away,0.0,0.0,False,-10.0
2025-01-11,Duke Blue Devils,86.0,home,0.0,0.0,True,8.0
2025-01-11,Notre Dame Fighting Irish,78.0,away,0.0,0.0,False,-8.0
2025-01-11,Pittsburgh Panthers,78.0,home,0.0,0.0,False,-4.0
2025-01-11,Louisville Cardinals,82.0,away,0.0,0.0,True,4.0
2025-01-11,Memphis Tigers,74.0,home,0.0,0.0,True,4.0
2025-01-11,East Carolina Pirates,70.0,away,0.0,0.0,False,-4.0
2025-01-12,Gonzaga Bulldogs,88.0,home,0.0,0.0,True,13.0
2025-01-12,Washington State Cougars,75.0,away,0.0,0.0,False,-13.0
2025-01-11,Kansas State Wildcats,57.0,home,0.0,0.0,False,-30.0
2025-01-11,Houston Cougars,87.0,away,0.0,0.0,True,30.0
2025-01-11,Ole Miss Rebels,77.0,home,0.0,0.0,True,12.0
2025-01-11,LSU Tigers,65.0,away,0.0,0.0,False,-12.0
2025-01-11,Georgetown Hoyas,60.0,home,0.0,0.0,False,-8.0
2025-01-11,UConn Huskies,68.0,away,0.0,0.0,True,8.0
2025-01-11,Monmouth Hawks,84.0,home,0.0,0.0,True,11.0
2025-01-11,Charleston Cougars,73.0,away,0.0,0.0,False,-11.0
2025-01-11,New Mexico Lobos,62.0,home,0.0,0.0,True,14.0
2025-01-11,San Diego State Aztecs,48.0,away,0.0,0.0,False,-14.0
2025-01-11,George Mason Patriots,77.0,home,0.0,0.0,True,7.0
2025-01-11,Massachusetts Minutemen,70.0,away,0.0,0.0,False,-7.0
2025-01-11,Indiana State Sycamores,79.0,home,0.0,0.0,False,-5.0
2025-01-11,Belmont Bruins,84.0,away,0.0,0.0,True,5.0
2025-01-11,New Hampshire Wildcats,79.0,home,0.0,0.0,True,7.0
2025-01-11,Binghamton Bearcats,72.0,away,0.0,0.0,False,-7.0
2025-01-11,Northwestern State Demons,75.0,home,0.0,0.0,True,8.0
2025-01-11,East Texas A&M Lions,67.0,away,0.0,0.0,False,-8.0
2025-01-11,Tulane Green Wave,73.0,home,0.0,0.0,True,3.0
2025-01-11,South Florida Bulls,70.0,away,0.0,0.0,False,-3.0
2025-01-11,Clemson Tigers,77.0,home,0.0,0.0,True,20.0
2025-01-11,Florida State Seminoles,57.0,away,0.0,0.0,False,-20.0
2025-01-11,TCU Horned Frogs,71.0,home,0.0,0.0,True,4.0
2025-01-11,BYU Cougars,67.0,away,0.0,0.0,False,-4.0
2025-01-11,Presbyterian Blue Hose,87.0,home,0.0,0.0,False,-9.0
2025-01-11,UNC Asheville Bulldogs,96.0,away,0.0,0.0,True,9.0
2025-01-11,Ohio Bobcats,108.0,home,0.0,0.0,True,38.0
2025-01-11,Northern Illinois Huskies,70.0,away,0.0,0.0,False,-38.0
2025-01-11,Rice Owls,70.0,home,0.0,0.0,False,-3.0
2025-01-11,Temple Owls,73.0,away,0.0,0.0,True,3.0
2025-01-11,South Carolina Upstate Spartans,67.0,home,0.0,0.0,False,-13.0
2025-01-11,Radford Highlanders,80.0,away,0.0,0.0,True,13.0
2025-01-11,Hofstra Pride,66.0,home,0.0,0.0,True,3.0
2025-01-11,UNC Wilmington Seahawks,63.0,away,0.0,0.0,False,-3.0
2025-01-11,Lafayette Leopards,82.0,home,0.0,0.0,True,17.0
2025-01-11,Holy Cross Crusaders,65.0,away,0.0,0.0,False,-17.0
2025-01-11,UMass Lowell River Hawks,70.0,home,0.0,0.0,True,8.0
2025-01-11,NJIT Highlanders,62.0,away,0.0,0.0,False,-8.0
2025-01-11,App State Mountaineers,86.0,home,0.0,0.0,True,20.0
2025-01-11,James Madison Dukes,66.0,away,0.0,0.0,False,-20.0
2025-01-11,Colgate Raiders,87.0,home,0.0,0.0,True,37.0
2025-01-11,Boston University Terriers,50.0,away,0.0,0.0,False,-37.0
2025-01-11,Davidson Wildcats,74.0,home,0.0,0.0,True,10.0
2025-01-11,Fordham Rams,64.0,away,0.0,0.0,False,-10.0
2025-01-11,Winthrop Eagles,95.0,home,0.0,0.0,True,19.0
2025-01-11,Longwood Lancers,76.0,away,0.0,0.0,False,-19.0
2025-01-11,Florida Gulf Coast Eagles,77.0,home,0.0,0.0,True,6.0
2025-01-11,Central Arkansas Bears,71.0,away,0.0,0.0,False,-6.0
2025-01-11,Drexel Dragons,82.0,home,0.0,0.0,False,-11.0
2025-01-11,Towson Tigers,93.0,away,0.0,0.0,True,11.0
2025-01-11,Harvard Crimson,64.0,home,0.0,0.0,False,-4.0
2025-01-11,Princeton Tigers,68.0,away,0.0,0.0,True,4.0
2025-01-11,Youngstown State Penguins,72.0,home,0.0,0.0,False,-8.0
2025-01-11,Cleveland State Vikings,80.0,away,0.0,0.0,True,8.0
2025-01-11,Lehigh Mountain Hawks,69.0,home,0.0,0.0,False,-5.0
2025-01-11,Army Black Knights,74.0,away,0.0,0.0,True,5.0
2025-01-11,Columbia Lions,83.0,home,0.0,0.0,False,-11.0
2025-01-11,Cornell Big Red,94.0,away,0.0,0.0,True,11.0
2025-01-11,William & Mary Tribe,81.0,home,0.0,0.0,True,3.0
2025-01-11,North Carolina A&T Aggies,78.0,away,0.0,0.0,False,-3.0
2025-01-11,Dartmouth Big Green,73.0,home,0.0,0.0,True,3.0
2025-01-11,Pennsylvania Quakers,70.0,away,0.0,0.0,False,-3.0
2025-01-11,South Alabama Jaguars,63.0,home,0.0,0.0,False,-8.0
2025-01-11,Old Dominion Monarchs,71.0,away,0.0,0.0,True,8.0
2025-01-11,Maine Black Bears,87.0,home,0.0,0.0,True,21.0
2025-01-11,UAlbany Great Danes,66.0,away,0.0,0.0,False,-21.0
2025-01-11,Hampton Pirates,83.0,home,0.0,0.0,True,6.0
2025-01-11,Delaware Blue Hens,77.0,away,0.0,0.0,False,-6.0
2025-01-11,Omaha Mavericks,87.0,home,0.0,0.0,True,7.0
2025-01-11,South Dakota State Jackrabbits,80.0,away,0.0,0.0,False,-7.0
2025-01-11,Denver Pioneers,50.0,home,0.0,0.0,False,-19.0
2025-01-11,North Dakota State Bison,69.0,away,0.0,0.0,True,19.0
2025-01-11,Boston College Eagles,71.0,home,0.0,0.0,False,-8.0
2025-01-11,Syracuse Orange,79.0,away,0.0,0.0,True,8.0
2025-01-11,Ball State Cardinals,91.0,home,0.0,0.0,True,22.0
2025-01-11,Bowling Green Falcons,69.0,away,0.0,0.0,False,-22.0
2025-01-11,UIC Flames,60.0,home,0.0,0.0,False,-1.0
2025-01-11,Bradley Braves,61.0,away,0.0,0.0,True,1.0
2025-01-11,Southern Miss Golden Eagles,92.0,home,0.0,0.0,True,4.0
2025-01-11,Texas State Bobcats,88.0,away,0.0,0.0,False,-4.0
2025-01-11,Air Force Falcons,62.0,home,0.0,0.0,False,-7.0
2025-01-11,San José State Spartans,69.0,away,0.0,0.0,True,7.0
2025-01-11,Western Kentucky Hilltoppers,85.0,home,0.0,0.0,True,16.0
2025-01-11,Kennesaw State Owls,69.0,away,0.0,0.0,False,-16.0
2025-01-11,Saint Joseph's Hawks,93.0,home,0.0,0.0,True,36.0
2025-01-11,Loyola Chicago Ramblers,57.0,away,0.0,0.0,False,-36.0
2025-01-11,Miami (OH) RedHawks,91.0,home,0.0,0.0,True,20.0
2025-01-11,Western Michigan Broncos,71.0,away,0.0,0.0,False,-20.0
2025-01-11,Sam Houston Bearkats,81.0,home,0.0,0.0,True,7.0
2025-01-11,Florida International Panthers,74.0,away,0.0,0.0,False,-7.0
2025-01-11,Stanford Cardinal,88.0,home,0.0,0.0,True,23.0
2025-01-11,Virginia Cavaliers,65.0,away,0.0,0.0,False,-23.0
2025-01-11,SMU Mustangs,93.0,home,0.0,0.0,True,22.0
2025-01-11,Georgia Tech Yellow Jackets,71.0,away,0.0,0.0,False,-22.0
2025-01-11,Howard Bison,100.0,home,0.0,0.0,True,5.0
2025-01-11,Morgan State Bears,95.0,away,0.0,0.0,False,-5.0
2025-01-11,Colorado State Rams,84.0,home,0.0,0.0,True,22.0
2025-01-11,UNLV Rebels,62.0,away,0.0,0.0,False,-22.0
2025-01-11,UTSA Roadrunners,88.0,home,0.0,0.0,True,13.0
2025-01-11,Wichita State Shockers,75.0,away,0.0,0.0,False,-13.0
2025-01-11,Eastern Michigan Eagles,81.0,home,0.0,0.0,False,-24.0
2025-01-11,Akron Zips,105.0,away,0.0,0.0,True,24.0
2025-01-11,Missouri Tigers,75.0,home,0.0,0.0,True,9.0
2025-01-11,Vanderbilt Commodores,66.0,away,0.0,0.0,False,-9.0
2025-01-11,NC State Wolfpack,61.0,home,0.0,0.0,False,-2.0
2025-01-11,North Carolina Tar Heels,63.0,away,0.0,0.0,True,2.0
2025-01-11,North Carolina Central Eagles,88.0,home,0.0,0.0,True,19.0
2025-01-11,Maryland Eastern Shore Hawks,69.0,away,0.0,0.0,False,-19.0
2025-01-11,South Carolina State Bulldogs,75.0,home,0.0,0.0,False,-1.0
2025-01-11,Delaware State Hornets,76.0,away,0.0,0.0,True,1.0
2025-01-11,Murray State Racers,58.0,home,0.0,0.0,True,11.0
2025-01-11,Valparaiso Beacons,47.0,away,0.0,0.0,False,-11.0
2025-01-11,American University Eagles,68.0,home,0.0,0.0,True,10.0
2025-01-11,Bucknell Bison,58.0,away,0.0,0.0,False,-10.0
2025-01-11,Alcorn State Braves,62.0,home,0.0,0.0,True,10.0
2025-01-11,Alabama A&M Bulldogs,52.0,away,0.0,0.0,False,-10.0
2025-01-11,Sacramento State Hornets,54.0,home,0.0,0.0,False,-11.0
2025-01-11,Eastern Washington Eagles,65.0,away,0.0,0.0,True,11.0
2025-01-11,Marshall Thundering Herd,81.0,home,0.0,0.0,True,12.0
2025-01-11,Georgia Southern Eagles,69.0,away,0.0,0.0,False,-12.0
2025-01-11,Bryant Bulldogs,73.0,home,0.0,0.0,True,20.0
2025-01-11,Vermont Catamounts,53.0,away,0.0,0.0,False,-20.0
2025-01-11,DePaul Blue Demons,63.0,home,0.0,0.0,False,-14.0
2025-01-11,Xavier Musketeers,77.0,away,0.0,0.0,True,14.0
2025-01-11,Georgia State Panthers,79.0,home,0.0,0.0,True,5.0
2025-01-11,Coastal Carolina Chanticleers,74.0,away,0.0,0.0,False,-5.0
2025-01-11,Norfolk State Spartans,92.0,home,0.0,0.0,True,23.0
2025-01-11,Coppin State Eagles,69.0,away,0.0,0.0,False,-23.0
2025-01-11,Stetson Hatters,64.0,home,0.0,0.0,False,-28.0
2025-01-11,North Alabama Lions,92.0,away,0.0,0.0,True,28.0
2025-01-11,Cal State Fullerton Titans,86.0,home,0.0,0.0,False,-9.0
2025-01-11,Hawai'i Rainbow Warriors,95.0,away,0.0,0.0,True,9.0
2025-01-11,Eastern Kentucky Colonels,75.0,home,0.0,0.0,False,-7.0
2025-01-11,Jacksonville Dolphins,82.0,away,0.0,0.0,True,7.0
2025-01-11,East Tennessee State Buccaneers,70.0,home,0.0,0.0,True,18.0
2025-01-11,The Citadel Bulldogs,52.0,away,0.0,0.0,False,-18.0
2025-01-11,Texas A&M-Corpus Christi Islanders,79.0,home,0.0,0.0,True,5.0
2025-01-11,UT Rio Grande Valley Vaqueros,74.0,away,0.0,0.0,False,-5.0
2025-01-11,Milwaukee Panthers,70.0,home,0.0,0.0,True,11.0
2025-01-11,Green Bay Phoenix,59.0,away,0.0,0.0,False,-11.0
2025-01-11,Jackson State Tigers,77.0,home,0.0,0.0,True,7.0
2025-01-11,Alabama State Hornets,70.0,away,0.0,0.0,False,-7.0
2025-01-11,Lindenwood Lions,82.0,home,0.0,0.0,True,1.0
2025-01-11,UT Martin Skyhawks,81.0,away,0.0,0.0,False,-1.0
2025-01-11,Loyola Maryland Greyhounds,75.0,home,0.0,0.0,True,1.0
2025-01-11,Navy Midshipmen,74.0,away,0.0,0.0,False,-1.0
2025-01-11,Houston Christian Huskies,81.0,home,0.0,0.0,True,5.0
2025-01-11,Incarnate Word Cardinals,76.0,away,0.0,0.0,False,-5.0
2025-01-11,Troy Trojans,78.0,home,0.0,0.0,False,-6.0
2025-01-11,Arkansas State Red Wolves,84.0,away,0.0,0.0,True,6.0
2025-01-11,Lipscomb Bisons,86.0,home,0.0,0.0,True,19.0
2025-01-11,West Georgia Wolves,67.0,away,0.0,0.0,False,-19.0
2025-01-11,Utah Valley Wolverines,75.0,home,0.0,0.0,True,6.0
2025-01-11,California Baptist Lancers,69.0,away,0.0,0.0,False,-6.0
2025-01-11,Western Illinois Leathernecks,52.0,home,0.0,0.0,False,-20.0
2025-01-11,Tennessee State Tigers,72.0,away,0.0,0.0,True,20.0
2025-01-11,Southeast Missouri State Redhawks,56.0,home,0.0,0.0,False,-11.0
2025-01-11,Morehead State Eagles,67.0,away,0.0,0.0,True,11.0
2025-01-11,Austin Peay Governors,60.0,home,0.0,0.0,False,-7.0
2025-01-11,Queens University Royals,67.0,away,0.0,0.0,True,7.0
2025-01-11,Portland State Vikings,75.0,home,0.0,0.0,True,12.0
2025-01-11,Idaho Vandals,63.0,away,0.0,0.0,False,-12.0
2025-01-11,McNeese Cowboys,80.0,home,0.0,0.0,True,9.0
2025-01-11,Nicholls Colonels,71.0,away,0.0,0.0,False,-9.0
2025-01-11,Providence Friars,91.0,home,0.0,0.0,True,6.0
2025-01-11,Seton Hall Pirates,85.0,away,0.0,0.0,False,-6.0
2025-01-11,Grambling Tigers,59.0,home,0.0,0.0,False,-6.0
2025-01-11,Bethune-Cookman Wildcats,65.0,away,0.0,0.0,True,6.0
2025-01-11,SIU Edwardsville Cougars,67.0,home,0.0,0.0,True,8.0
2025-01-11,Tennessee Tech Golden Eagles,59.0,away,0.0,0.0,False,-8.0
2025-01-11,California Golden Bears,68.0,home,0.0,0.0,False,-3.0
2025-01-11,Virginia Tech Hokies,71.0,away,0.0,0.0,True,3.0
2025-01-11,Richmond Spiders,64.0,home,0.0,0.0,False,-3.0
2025-01-11,Rhode Island Rams,67.0,away,0.0,0.0,True,3.0
2025-01-11,UC Davis Aggies,73.0,home,0.0,0.0,False,-11.0
2025-01-11,Long Beach State Beach,84.0,away,0.0,0.0,True,11.0
2025-01-11,Drake Bulldogs,63.0,home,0.0,0.0,True,23.0
2025-01-11,Evansville Purple Aces,40.0,away,0.0,0.0,False,-23.0
2025-01-11,Miami Hurricanes,78.0,home,0.0,0.0,False,-10.0
2025-01-11,Wake Forest Demon Deacons,88.0,away,0.0,0.0,True,10.0
2025-01-11,Southern Jaguars,91.0,home,0.0,0.0,True,34.0
2025-01-11,Florida A&M Rattlers,57.0,away,0.0,0.0,False,-34.0
2025-01-11,Samford Bulldogs,76.0,home,0.0,0.0,True,7.0
2025-01-11,UNC Greensboro Spartans,69.0,away,0.0,0.0,False,-7.0
2025-01-11,Montana Grizzlies,57.0,home,0.0,0.0,False,-24.0
2025-01-11,Northern Colorado Bears,81.0,away,0.0,0.0,True,24.0
2025-01-11,Northern Kentucky Norse,53.0,home,0.0,0.0,False,-15.0
2025-01-11,Oakland Golden Grizzlies,68.0,away,0.0,0.0,True,15.0
2025-01-11,New Orleans Privateers,71.0,home,0.0,0.0,False,-20.0
2025-01-11,SE Louisiana Lions,91.0,away,0.0,0.0,True,20.0
2025-01-12,Utah Utes,83.0,home,0.0,0.0,True,21.0
2025-01-12,Oklahoma State Cowboys,62.0,away,0.0,0.0,False,-21.0
2025-01-12,Illinois State Redbirds,84.0,home,0.0,0.0,False,-1.0
2025-01-12,Northern Iowa Panthers,85.0,away,0.0,0.0,True,1.0
2025-01-12,Fresno State Bulldogs,66.0,home,0.0,0.0,False,-11.0
2025-01-12,Nevada Wolf Pack,77.0,away,0.0,0.0,True,11.0
2025-01-12,Southern Illinois Salukis,88.0,home,0.0,0.0,True,10.0
2025-01-12,Missouri State Bears,78.0,away,0.0,0.0,False,-10.0
2025-01-11,Bellarmine Knights,83.0,home,0.0,0.0,False,-15.0
2025-01-11,North Florida Ospreys,98.0,away,0.0,0.0,True,15.0
2025-01-12,High Point Panthers,96.0,home,0.0,0.0,True,41.0
2025-01-12,Gardner-Webb Runnin' Bulldogs,55.0,away,0.0,0.0,False,-41.0
2025-01-11,Middle Tennessee Blue Raiders,81.0,home,0.0,0.0,True,17.0
2025-01-11,Jacksonville State Gamecocks,64.0,away,0.0,0.0,False,-17.0
2025-01-12,Mississippi Valley State Delta Devils,65.0,home,0.0,0.0,False,-9.0
2025-01-12,Prairie View A&M Panthers,74.0,away,0.0,0.0,True,9.0
2025-01-12,Stony Brook Seawolves,66.0,home,0.0,0.0,False,-4.0
2025-01-12,Northeastern Huskies,70.0,away,0.0,0.0,True,4.0
2025-01-12,Purdue Fort Wayne Mastodons,90.0,home,0.0,0.0,True,23.0
2025-01-12,Detroit Mercy Titans,67.0,away,0.0,0.0,False,-23.0
2025-01-12,Santa Clara Broncos,77.0,home,0.0,0.0,True,23.0
2025-01-12,San Francisco Dons,54.0,away,0.0,0.0,False,-23.0
2025-01-12,Iowa Hawkeyes,85.0,home,0.0,0.0,True,25.0
2025-01-12,Indiana Hoosiers,60.0,away,0.0,0.0,False,-25.0
2025-01-12,Lamar Cardinals,63.0,home,0.0,0.0,False,-9.0
2025-01-12,Stephen F. Austin Lumberjacks,72.0,away,0.0,0.0,True,9.0
2025-01-12,St. John's Red Storm,80.0,home,0.0,0.0,True,12.0
2025-01-12,Villanova Wildcats,68.0,away,0.0,0.0,False,-12.0
2025-01-12,Idaho State Bengals,69.0,home,0.0,0.0,False,-8.0
2025-01-12,Weber State Wildcats,77.0,away,0.0,0.0,True,8.0
2025-01-12,Cal Poly Mustangs,72.0,home,0.0,0.0,False,-3.0
2025-01-12,UC Santa Barbara Gauchos,75.0,away,0.0,0.0,True,3.0
2025-01-12,Oral Roberts Golden Eagles,83.0,home,0.0,0.0,True,4.0
2025-01-12,North Dakota Fighting Hawks,79.0,away,0.0,0.0,False,-4.0
2025-01-12,Montana State Bobcats,58.0,home,0.0,0.0,True,5.0
2025-01-12,Northern Arizona Lumberjacks,53.0,away,0.0,0.0,False,-5.0
2025-01-12,Louisiana Tech Bulldogs,79.0,home,0.0,0.0,True,5.0
2025-01-12,Liberty Flames,74.0,away,0.0,0.0,False,-5.0
2025-01-12,Louisiana Ragin' Cajuns,71.0,home,0.0,0.0,True,3.0
2025-01-12,UL Monroe Warhawks,68.0,away,0.0,0.0,False,-3.0
2025-01-12,St. Thomas-Minnesota Tommies,119.0,home,0.0,0.0,True,15.0
2025-01-12,South Dakota Coyotes,104.0,away,0.0,0.0,False,-15.0
2025-01-12,Southern Utah Thunderbirds,73.0,home,0.0,0.0,True,5.0
2025-01-12,UT Arlington Mavericks,68.0,away,0.0,0.0,False,-5.0
2025-01-12,Utah Tech Trailblazers,58.0,home,0.0,0.0,True,4.0
2025-01-12,Tarleton State Texans,54.0,away,0.0,0.0,False,-4.0
2025-01-12,Arizona State Sun Devils,66.0,home,0.0,0.0,False,-6.0
2025-01-12,Baylor Bears,72.0,away,0.0,0.0,True,6.0
2025-01-12,UC San Diego Tritons,52.0,home,0.0,0.0,False,-8.0
2025-01-12,UC Irvine Anteaters,60.0,away,0.0,0.0,True,8.0
2025-01-12,San Diego Toreros,56.0,home,0.0,0.0,False,-47.0
2025-01-12,Saint Mary's Gaels,103.0,away,0.0,0.0,True,47.0
2025-01-12,Cal State Bakersfield Roadrunners,94.0,home,0.0,0.0,True,4.0
2025-01-12,Cal State Northridge Matadors,90.0,away,0.0,0.0,False,-4.0
2025-01-12,UTEP Miners,57.0,home,0.0,0.0,False,-28.0
2025-01-12,New Mexico State Aggies,85.0,away,0.0,0.0,True,28.0
2025-01-12,Pacific Tigers,55.0,home,0.0,0.0,False,-36.0
2025-01-12,Oregon State Beavers,91.0,away,0.0,0.0,True,36.0
2025-01-12,Arizona Wildcats,88.0,home,0.0,0.0,True,8.0
2025-01-12,UCF Knights,80.0,away,0.0,0.0,False,-8.0
2025-01-12,Seattle U Redhawks,66.0,home,0.0,0.0,True,2.0
2025-01-12,Abilene Christian Wildcats,64.0,away,0.0,0.0,False,-2.0
2025-01-26,Stonehill Skyhawks,54.0,home,0.0,0.0,False,-11.0
2025-01-26,Fairleigh Dickinson Knights,65.0,away,0.0,0.0,True,11.0
2025-01-26,Memphis Tigers,100.0,home,0.0,0.0,True,23.0
2025-01-26,UAB Blazers,77.0,away,0.0,0.0,False,-23.0
2025-01-26,Illinois Fighting Illini,83.0,home,0.0,0.0,True,9.0
2025-01-26,Northwestern Wildcats,74.0,away,0.0,0.0,False,-9.0
2025-01-26,Mercyhurst Lakers,85.0,home,0.0,0.0,True,5.0
2025-01-26,Long Island University Sharks,80.0,away,0.0,0.0,False,-5.0
2025-01-26,Indiana Hoosiers,78.0,home,0.0,0.0,False,-1.0
2025-01-26,Maryland Terrapins,79.0,away,0.0,0.0,True,1.0
2025-01-26,Wisconsin Badgers,83.0,home,0.0,0.0,True,28.0
2025-01-26,Nebraska Cornhuskers,55.0,away,0.0,0.0,False,-28.0
2025-01-26,Tulsa Golden Hurricane,84.0,home,0.0,0.0,True,7.0
2025-01-26,Wichita State Shockers,77.0,away,0.0,0.0,False,-7.0
2025-01-26,Army Black Knights,53.0,home,0.0,0.0,False,-13.0
2025-01-26,Navy Midshipmen,66.0,away,0.0,0.0,True,13.0
2025-01-26,North Texas Mean Green,77.0,home,0.0,0.0,True,13.0
2025-01-26,Florida Atlantic Owls,64.0,away,0.0,0.0,False,-13.0
2025-01-26,Saint Francis Red Flash,66.0,home,0.0,0.0,False,-2.0
2025-01-26,Wagner Seahawks,68.0,away,0.0,0.0,True,2.0
2025-01-26,Texas Tech Red Raiders,64.0,home,0.0,0.0,True,10.0
2025-01-26,Oklahoma State Cowboys,54.0,away,0.0,0.0,False,-10.0
2025-01-26,Central Connecticut Blue Devils,81.0,home,0.0,0.0,True,17.0
2025-01-26,Chicago State Cougars,64.0,away,0.0,0.0,False,-17.0
2025-01-26,Fordham Rams,65.0,home,0.0,0.0,True,2.0
2025-01-26,Duquesne Dukes,63.0,away,0.0,0.0,False,-2.0
2025-01-22,Holy Cross Crusaders,71.0,home,0.0,0.0,False,-5.0
2025-01-22,Army Black Knights,76.0,away,0.0,0.0,True,5.0
2025-01-23,Clemson Tigers,86.0,home,0.0,0.0,True,14.0
2025-01-23,Syracuse Orange,72.0,away,0.0,0.0,False,-14.0
2025-01-23,Northwestern Wildcats,79.0,home,0.0,0.0,True,9.0
2025-01-23,Indiana Hoosiers,70.0,away,0.0,0.0,False,-9.0
2025-01-23,Charlotte 49ers,69.0,home,0.0,0.0,True,8.0
2025-01-23,South Florida Bulls,61.0,away,0.0,0.0,False,-8.0
2025-01-23,American University Eagles,68.0,home,0.0,0.0,True,1.0
2025-01-23,Lehigh Mountain Hawks,67.0,away,0.0,0.0,False,-1.0
2025-01-23,Massachusetts Minutemen,74.0,home,0.0,0.0,True,13.0
2025-01-23,George Washington Revolutionaries,61.0,away,0.0,0.0,False,-13.0
2025-01-23,South Carolina Upstate Spartans,77.0,home,0.0,0.0,False,-9.0
2025-01-23,High Point Panthers,86.0,away,0.0,0.0,True,9.0
2025-01-22,Houston Cougars,70.0,home,0.0,0.0,True,34.0
2025-01-22,Utah Utes,36.0,away,0.0,0.0,False,-34.0
2025-01-22,Youngstown State Penguins,70.0,home,0.0,0.0,False,-2.0
2025-01-22,Robert Morris Colonials,72.0,away,0.0,0.0,True,2.0
2025-01-22,VMI Keydets,91.0,home,0.0,0.0,True,9.0
2025-01-22,Furman Paladins,82.0,away,0.0,0.0,False,-9.0
2025-01-23,Radford Highlanders,74.0,home,0.0,0.0,False,-3.0
2025-01-23,Longwood Lancers,77.0,away,0.0,0.0,True,3.0
2025-01-23,St. John's Red Storm,79.0,home,0.0,0.0,True,8.0
2025-01-23,Xavier Musketeers,71.0,away,0.0,0.0,False,-8.0
2025-01-23,South Carolina Gamecocks,69.0,home,0.0,0.0,False,-1.0
2025-01-23,Florida Gators,70.0,away,0.0,0.0,True,1.0
2025-01-23,Loyola Maryland Greyhounds,59.0,home,0.0,0.0,False,-21.0
2025-01-23,Lafayette Leopards,80.0,away,0.0,0.0,True,21.0
2025-01-23,Southern Illinois Salukis,64.0,home,0.0,0.0,False,-10.0
2025-01-23,Murray State Racers,74.0,away,0.0,0.0,True,10.0
2025-01-23,Ole Miss Rebels,62.0,home,0.0,0.0,False,-1.0
2025-01-23,Texas A&M Aggies,63.0,away,0.0,0.0,True,1.0
2025-01-23,Navy Midshipmen,62.0,home,0.0,0.0,True,15.0
2025-01-23,Boston University Terriers,47.0,away,0.0,0.0,False,-15.0
2025-01-23,TCU Horned Frogs,61.0,home,0.0,0.0,False,-13.0
2025-01-23,Kansas Jayhawks,74.0,away,0.0,0.0,True,13.0
2025-01-23,Gardner-Webb Runnin' Bulldogs,53.0,home,0.0,0.0,False,-8.0
2025-01-23,UNC Asheville Bulldogs,61.0,away,0.0,0.0,True,8.0
2025-01-23,Georgia Tech Yellow Jackets,71.0,home,0.0,0.0,True,7.0
2025-01-23,Virginia Tech Hokies,64.0,away,0.0,0.0,False,-7.0
2025-01-23,Old Dominion Monarchs,60.0,home,0.0,0.0,False,-14.0
2025-01-23,James Madison Dukes,74.0,away,0.0,0.0,True,14.0
2025-01-23,Cleveland State Vikings,65.0,home,0.0,0.0,True,15.0
2025-01-23,Detroit Mercy Titans,50.0,away,0.0,0.0,False,-15.0
2025-01-23,Wright State Raiders,79.0,home,0.0,0.0,False,-16.0
2025-01-23,Milwaukee Panthers,95.0,away,0.0,0.0,True,16.0
2025-01-23,North Texas Mean Green,76.0,home,0.0,0.0,True,9.0
2025-01-23,Temple Owls,67.0,away,0.0,0.0,False,-9.0
2025-01-23,Green Bay Phoenix,77.0,home,0.0,0.0,False,-9.0
2025-01-23,IU Indianapolis Jaguars,86.0,away,0.0,0.0,True,9.0
2025-01-23,Oakland Golden Grizzlies,76.0,home,0.0,0.0,True,4.0
2025-01-23,Purdue Fort Wayne Mastodons,72.0,away,0.0,0.0,False,-4.0
2025-01-23,Presbyterian Blue Hose,71.0,home,0.0,0.0,True,10.0
2025-01-23,Charleston Southern Buccaneers,61.0,away,0.0,0.0,False,-10.0
2025-01-23,Baylor Bears,70.0,home,0.0,0.0,True,8.0
2025-01-23,Kansas State Wildcats,62.0,away,0.0,0.0,False,-8.0
2025-01-23,California Golden Bears,77.0,home,0.0,0.0,True,9.0
2025-01-23,Florida State Seminoles,68.0,away,0.0,0.0,False,-9.0
2025-01-23,Drake Bulldogs,81.0,home,0.0,0.0,True,10.0
2025-01-23,Valparaiso Beacons,71.0,away,0.0,0.0,False,-10.0
2025-01-23,Colorado State Rams,75.0,home,0.0,0.0,True,3.0
2025-01-23,Boise State Broncos,72.0,away,0.0,0.0,False,-3.0
2025-01-23,Wofford Terriers,79.0,home,0.0,0.0,True,11.0
2025-01-23,The Citadel Bulldogs,68.0,away,0.0,0.0,False,-11.0
2025-01-23,Evansville Purple Aces,67.0,home,0.0,0.0,False,-11.0
2025-01-23,UIC Flames,78.0,away,0.0,0.0,True,11.0
2025-01-23,UNC Greensboro Spartans,78.0,home,0.0,0.0,False,-1.0
2025-01-23,Mercer Bears,79.0,away,0.0,0.0,True,1.0
2025-01-23,East Tennessee State Buccaneers,85.0,home,0.0,0.0,True,27.0
2025-01-23,Western Carolina Catamounts,58.0,away,0.0,0.0,False,-27.0
2025-01-23,Saint Louis Billikens,64.0,home,0.0,0.0,True,12.0
2025-01-23,La Salle Explorers,52.0,away,0.0,0.0,False,-12.0
2025-01-23,Nebraska Cornhuskers,73.0,home,0.0,0.0,False,-5.0
2025-01-23,USC Trojans,78.0,away,0.0,0.0,True,5.0
2025-01-23,Utah State Aggies,90.0,home,0.0,0.0,True,21.0
2025-01-23,Nevada Wolf Pack,69.0,away,0.0,0.0,False,-21.0
2025-01-23,Loyola Chicago Ramblers,70.0,home,0.0,0.0,True,4.0
2025-01-23,Fordham Rams,66.0,away,0.0,0.0,False,-4.0
2025-01-23,Arkansas Razorbacks,68.0,home,0.0,0.0,True,3.0
2025-01-23,Georgia Bulldogs,65.0,away,0.0,0.0,False,-3.0
2025-01-23,Stanford Cardinal,88.0,home,0.0,0.0,True,37.0
2025-01-23,Miami Hurricanes,51.0,away,0.0,0.0,False,-37.0
2025-01-23,Air Force Falcons,76.0,home,0.0,0.0,False,-1.0
2025-01-23,San Diego State Aztecs,77.0,away,0.0,0.0,True,1.0
2025-01-23,Niagara Purple Eagles,65.0,home,0.0,0.0,False,-2.0
2025-01-23,Marist Red Foxes,67.0,away,0.0,0.0,True,2.0
2025-01-24,North Alabama Lions,74.0,home,0.0,0.0,True,10.0
2025-01-24,Lipscomb Bisons,64.0,away,0.0,0.0,False,-10.0
2025-01-23,William & Mary Tribe,94.0,home,0.0,0.0,True,11.0
2025-01-23,Hampton Pirates,83.0,away,0.0,0.0,False,-11.0
2025-01-23,UAlbany Great Danes,87.0,home,0.0,0.0,False,-5.0
2025-01-23,UMBC Retrievers,92.0,away,0.0,0.0,True,5.0
2025-01-24,Vermont Catamounts,68.0,home,0.0,0.0,True,4.0
2025-01-24,NJIT Highlanders,64.0,away,0.0,0.0,False,-4.0
2025-01-24,Memphis Tigers,61.0,home,0.0,0.0,True,8.0
2025-01-24,Wichita State Shockers,53.0,away,0.0,0.0,False,-8.0
2025-01-24,Illinois Fighting Illini,70.0,home,0.0,0.0,False,-21.0
2025-01-24,Maryland Terrapins,91.0,away,0.0,0.0,True,21.0
2025-01-23,Louisiana Ragin' Cajuns,74.0,home,0.0,0.0,False,-15.0
2025-01-23,Texas State Bobcats,89.0,away,0.0,0.0,True,15.0
2025-01-23,Georgia Southern Eagles,85.0,home,0.0,0.0,True,27.0
2025-01-23,Coastal Carolina Chanticleers,58.0,away,0.0,0.0,False,-27.0
2025-01-24,Georgia State Panthers,79.0,home,0.0,0.0,False,-13.0
2025-01-24,Marshall Thundering Herd,92.0,away,0.0,0.0,True,13.0
2025-01-24,Charleston Cougars,83.0,home,0.0,0.0,False,-2.0
2025-01-24,UNC Wilmington Seahawks,85.0,away,0.0,0.0,True,2.0
2025-01-24,Stony Brook Seawolves,54.0,home,0.0,0.0,False,-25.0
2025-01-24,Campbell Fighting Camels,79.0,away,0.0,0.0,True,25.0
2025-01-23,Bellarmine Knights,61.0,home,0.0,0.0,False,-16.0
2025-01-23,Florida Gulf Coast Eagles,77.0,away,0.0,0.0,True,16.0
2025-01-23,UMass Lowell River Hawks,85.0,home,0.0,0.0,False,-1.0
2025-01-23,Maine Black Bears,86.0,away,0.0,0.0,True,1.0
2025-01-24,Towson Tigers,83.0,home,0.0,0.0,True,16.0
2025-01-24,North Carolina A&T Aggies,67.0,away,0.0,0.0,False,-16.0
2025-01-24,Northeastern Huskies,70.0,home,0.0,0.0,True,9.0
2025-01-24,Drexel Dragons,61.0,away,0.0,0.0,False,-9.0
2025-01-24,Hofstra Pride,93.0,home,0.0,0.0,True,25.0
2025-01-24,Delaware Blue Hens,68.0,away,0.0,0.0,False,-25.0
2025-01-24,New Hampshire Wildcats,76.0,home,0.0,0.0,False,-19.0
2025-01-24,Bryant Bulldogs,95.0,away,0.0,0.0,True,19.0
2025-01-24,Queens University Royals,81.0,home,0.0,0.0,False,-9.0
2025-01-24,North Florida Ospreys,90.0,away,0.0,0.0,True,9.0
2025-01-24,Elon Phoenix,83.0,home,0.0,0.0,True,12.0
2025-01-24,Monmouth Hawks,71.0,away,0.0,0.0,False,-12.0
2025-01-24,Siena Saints,82.0,home,0.0,0.0,True,14.0
2025-01-24,Mount St. Mary's Mountaineers,68.0,away,0.0,0.0,False,-14.0
2025-01-24,West Georgia Wolves,62.0,home,0.0,0.0,False,-17.0
2025-01-24,Jacksonville Dolphins,79.0,away,0.0,0.0,True,17.0
2025-01-24,Louisiana Tech Bulldogs,77.0,home,0.0,0.0,True,10.0
2025-01-24,Western Kentucky Hilltoppers,67.0,away,0.0,0.0,False,-10.0
2025-01-24,Canisius Golden Griffins,84.0,home,0.0,0.0,False,-9.0
2025-01-24,Sacred Heart Pioneers,93.0,away,0.0,0.0,True,9.0
2025-01-24,UT Arlington Mavericks,65.0,home,0.0,0.0,True,9.0
2025-01-24,Seattle U Redhawks,56.0,away,0.0,0.0,False,-9.0
2025-01-24,Kansas City Roos,64.0,home,0.0,0.0,False,-1.0
2025-01-24,South Dakota State Jackrabbits,65.0,away,0.0,0.0,True,1.0
2025-01-24,North Dakota Fighting Hawks,93.0,home,0.0,0.0,False,-9.0
2025-01-24,South Dakota Coyotes,102.0,away,0.0,0.0,True,9.0
2025-01-24,Central Arkansas Bears,71.0,home,0.0,0.0,False,-2.0
2025-01-24,Austin Peay Governors,73.0,away,0.0,0.0,True,2.0
2025-01-24,Abilene Christian Wildcats,67.0,home,0.0,0.0,True,11.0
2025-01-24,Tarleton State Texans,56.0,away,0.0,0.0,False,-11.0
2025-01-24,Eastern Kentucky Colonels,66.0,home,0.0,0.0,False,-1.0
2025-01-24,Stetson Hatters,67.0,away,0.0,0.0,True,1.0
2025-01-24,Oral Roberts Golden Eagles,68.0,home,0.0,0.0,False,-2.0
2025-01-24,Denver Pioneers,70.0,away,0.0,0.0,True,2.0
2025-01-24,Chattanooga Mocs,69.0,home,0.0,0.0,False,-4.0
2025-01-24,Samford Bulldogs,73.0,away,0.0,0.0,True,4.0
2025-01-24,Saint Peter's Peacocks,37.0,home,0.0,0.0,False,-11.0
2025-01-24,Merrimack Warriors,48.0,away,0.0,0.0,True,11.0
2025-01-24,Tennessee State Tigers,89.0,home,0.0,0.0,True,12.0
2025-01-24,Tennessee Tech Golden Eagles,77.0,away,0.0,0.0,False,-12.0
2025-01-24,SIU Edwardsville Cougars,82.0,home,0.0,0.0,True,6.0
2025-01-24,Southern Indiana Screaming Eagles,76.0,away,0.0,0.0,False,-6.0
2025-01-24,Omaha Mavericks,89.0,home,0.0,0.0,True,11.0
2025-01-24,St. Thomas-Minnesota Tommies,78.0,away,0.0,0.0,False,-11.0
2025-01-24,Manhattan Jaspers,84.0,home,0.0,0.0,False,-3.0
2025-01-24,Fairfield Stags,87.0,away,0.0,0.0,True,3.0
2025-01-24,Sam Houston Bearkats,75.0,home,0.0,0.0,False,-2.0
2025-01-24,Middle Tennessee Blue Raiders,77.0,away,0.0,0.0,True,2.0
2025-01-24,Rider Broncs,67.0,home,0.0,0.0,False,-6.0
2025-01-24,Iona Gaels,73.0,away,0.0,0.0,True,6.0
2025-01-24,Southern Utah Thunderbirds,59.0,home,0.0,0.0,False,-15.0
2025-01-24,Grand Canyon Lopes,74.0,away,0.0,0.0,True,15.0
2025-01-24,Lindenwood Lions,72.0,home,0.0,0.0,True,4.0
2025-01-24,Southeast Missouri State Redhawks,68.0,away,0.0,0.0,False,-4.0
2025-01-24,Western Illinois Leathernecks,51.0,home,0.0,0.0,False,-11.0
2025-01-24,Little Rock Trojans,62.0,away,0.0,0.0,True,11.0
2025-01-24,Arkansas State Red Wolves,65.0,home,0.0,0.0,True,10.0
2025-01-24,App State Mountaineers,55.0,away,0.0,0.0,False,-10.0
2025-01-24,UC Davis Aggies,68.0,home,0.0,0.0,True,2.0
2025-01-24,Hawai'i Rainbow Warriors,66.0,away,0.0,0.0,False,-2.0
2025-01-24,Idaho Vandals,77.0,home,0.0,0.0,True,1.0
2025-01-24,Northern Colorado Bears,76.0,away,0.0,0.0,False,-1.0
2025-01-24,Oregon State Beavers,83.0,home,0.0,0.0,True,20.0
2025-01-24,Pepperdine Waves,63.0,away,0.0,0.0,False,-20.0
2025-01-24,Portland State Vikings,74.0,home,0.0,0.0,True,18.0
2025-01-24,Weber State Wildcats,56.0,away,0.0,0.0,False,-18.0
2025-01-24,UTEP Miners,66.0,home,0.0,0.0,False,-7.0
2025-01-24,Jacksonville State Gamecocks,73.0,away,0.0,0.0,True,7.0
2025-01-24,UC San Diego Tritons,77.0,home,0.0,0.0,True,14.0
2025-01-24,UC Santa Barbara Gauchos,63.0,away,0.0,0.0,False,-14.0
2025-01-24,New Mexico State Aggies,56.0,home,0.0,0.0,False,-13.0
2025-01-24,Kennesaw State Owls,69.0,away,0.0,0.0,True,13.0
2025-01-24,Sacramento State Hornets,75.0,home,0.0,0.0,True,4.0
2025-01-24,Idaho State Bengals,71.0,away,0.0,0.0,False,-4.0
2025-01-24,Cal State Fullerton Titans,68.0,home,0.0,0.0,False,-3.0
2025-01-24,Cal State Bakersfield Roadrunners,71.0,away,0.0,0.0,True,3.0
2025-01-24,Portland Pilots,92.0,home,0.0,0.0,True,10.0
2025-01-24,San Diego Toreros,82.0,away,0.0,0.0,False,-10.0
2025-01-24,Pacific Tigers,68.0,home,0.0,0.0,False,-5.0
2025-01-24,Loyola Marymount Lions,73.0,away,0.0,0.0,True,5.0
2025-01-24,Cal State Northridge Matadors,86.0,home,0.0,0.0,True,10.0
2025-01-24,Long Beach State Beach,76.0,away,0.0,0.0,False,-10.0
2025-01-24,Eastern Illinois Panthers,66.0,home,0.0,0.0,False,-7.0
2025-01-24,Morehead State Eagles,73.0,away,0.0,0.0,True,7.0
2025-01-24,Eastern Washington Eagles,61.0,home,0.0,0.0,False,-9.0
2025-01-24,Northern Arizona Lumberjacks,70.0,away,0.0,0.0,True,9.0
2025-01-24,Saint Mary's Gaels,71.0,home,0.0,0.0,True,20.0
2025-01-24,San Francisco Dons,51.0,away,0.0,0.0,False,-20.0
2025-01-24,UC Riverside Highlanders,84.0,home,0.0,0.0,True,4.0
2025-01-24,UC Irvine Anteaters,80.0,away,0.0,0.0,False,-4.0
2025-01-24,Santa Clara Broncos,93.0,home,0.0,0.0,True,28.0
2025-01-24,Washington State Cougars,65.0,away,0.0,0.0,False,-28.0
2025-01-24,California Baptist Lancers,69.0,home,0.0,0.0,False,-5.0
2025-01-24,Utah Valley Wolverines,74.0,away,0.0,0.0,True,5.0
2025-01-29,Morehead State Eagles,66.0,home,0.0,0.0,True,1.0
2025-01-29,Southern Indiana Screaming Eagles,65.0,away,0.0,0.0,False,-1.0
2025-01-29,Kent State Golden Flashes,75.0,home,0.0,0.0,True,18.0
2025-01-29,Bowling Green Falcons,57.0,away,0.0,0.0,False,-18.0
2025-01-29,Michigan State Spartans,73.0,home,0.0,0.0,True,22.0
2025-01-29,Minnesota Golden Gophers,51.0,away,0.0,0.0,False,-22.0
2025-01-29,Louisville Cardinals,72.0,home,0.0,0.0,True,13.0
2025-01-29,Wake Forest Demon Deacons,59.0,away,0.0,0.0,False,-13.0
2025-01-29,Tennessee Volunteers,73.0,home,0.0,0.0,False,-5.0
2025-01-29,Kentucky Wildcats,78.0,away,0.0,0.0,True,5.0
2025-01-29,Saint Louis Billikens,78.0,home,0.0,0.0,True,9.0
2025-01-29,VCU Rams,69.0,away,0.0,0.0,False,-9.0
2025-01-29,Kansas Jayhawks,91.0,home,0.0,0.0,True,4.0
2025-01-29,UCF Knights,87.0,away,0.0,0.0,False,-4.0
2025-01-28,Georgetown Hoyas,41.0,home,0.0,0.0,False,-25.0
2025-01-28,St. John's Red Storm,66.0,away,0.0,0.0,True,25.0
2025-01-29,South Florida Bulls,69.0,home,0.0,0.0,True,5.0
2025-01-29,Rice Owls,64.0,away,0.0,0.0,False,-5.0
2025-01-29,Georgia Bulldogs,71.0,home,0.0,0.0,True,11.0
2025-01-29,South Carolina Gamecocks,60.0,away,0.0,0.0,False,-11.0
2025-01-29,Texas A&M Aggies,75.0,home,0.0,0.0,True,7.0
2025-01-29,Oklahoma Sooners,68.0,away,0.0,0.0,False,-7.0
2025-01-29,Buffalo Bulls,75.0,home,0.0,0.0,True,6.0
2025-01-29,Central Michigan Chippewas,69.0,away,0.0,0.0,False,-6.0
2025-01-29,Seton Hall Pirates,67.0,home,0.0,0.0,False,-2.0
2025-01-29,Providence Friars,69.0,away,0.0,0.0,True,2.0
2025-01-29,Ball State Cardinals,71.0,home,0.0,0.0,False,-3.0
2025-01-29,Western Michigan Broncos,74.0,away,0.0,0.0,True,3.0
2025-01-29,Butler Bulldogs,69.0,home,0.0,0.0,False,-9.0
2025-01-29,Marquette Golden Eagles,78.0,away,0.0,0.0,True,9.0
2025-01-29,Northern Illinois Huskies,70.0,home,0.0,0.0,False,-10.0
2025-01-29,Akron Zips,80.0,away,0.0,0.0,True,10.0
2025-01-29,Miami (OH) RedHawks,89.0,home,0.0,0.0,True,9.0
2025-01-29,Eastern Michigan Eagles,80.0,away,0.0,0.0,False,-9.0
2025-01-29,Ohio Bobcats,83.0,home,0.0,0.0,False,-3.0
2025-01-29,Toledo Rockets,86.0,away,0.0,0.0,True,3.0
2025-01-29,St. Bonaventure Bonnies,75.0,home,0.0,0.0,True,22.0
2025-01-29,Dayton Flyers,53.0,away,0.0,0.0,False,-22.0
2025-01-29,Valparaiso Beacons,75.0,home,0.0,0.0,False,-4.0
2025-01-29,Southern Illinois Salukis,79.0,away,0.0,0.0,True,4.0
2025-01-29,BYU Cougars,93.0,home,0.0,0.0,True,4.0
2025-01-29,Baylor Bears,89.0,away,0.0,0.0,False,-4.0
2025-01-29,Notre Dame Fighting Irish,71.0,home,0.0,0.0,True,3.0
2025-01-29,Georgia Tech Yellow Jackets,68.0,away,0.0,0.0,False,-3.0
2025-01-29,Gonzaga Bulldogs,98.0,home,0.0,0.0,True,38.0
2025-01-29,Oregon State Beavers,60.0,away,0.0,0.0,False,-38.0
2025-01-29,Colorado State Rams,79.0,home,0.0,0.0,True,21.0
2025-01-29,Air Force Falcons,58.0,away,0.0,0.0,False,-21.0
2025-01-29,Pittsburgh Panthers,73.0,home,0.0,0.0,True,8.0
2025-01-29,North Carolina Tar Heels,65.0,away,0.0,0.0,False,-8.0
2025-01-29,Utah Utes,69.0,home,0.0,0.0,True,3.0
2025-01-29,Cincinnati Bearcats,66.0,away,0.0,0.0,False,-3.0
2025-01-29,San Diego State Aztecs,71.0,home,0.0,0.0,True,3.0
2025-01-29,San José State Spartans,68.0,away,0.0,0.0,False,-3.0
2025-01-29,Colorado Buffaloes,68.0,home,0.0,0.0,False,-2.0
2025-01-29,Arizona State Sun Devils,70.0,away,0.0,0.0,True,2.0
2025-01-29,Wyoming Cowboys,83.0,home,0.0,0.0,True,11.0
2025-01-29,Fresno State Bulldogs,72.0,away,0.0,0.0,False,-11.0
2025-01-31,Princeton Tigers,70.0,home,0.0,0.0,False,-7.0
2025-01-31,Yale Bulldogs,77.0,away,0.0,0.0,True,7.0
2025-02-01,Columbia Lions,82.0,home,0.0,0.0,False,-8.0
2025-02-01,Harvard Crimson,90.0,away,0.0,0.0,True,8.0
2025-02-01,Canisius Golden Griffins,63.0,home,0.0,0.0,False,-1.0
2025-02-01,Niagara Purple Eagles,64.0,away,0.0,0.0,True,1.0
2025-02-01,Cornell Big Red,76.0,home,0.0,0.0,True,12.0
2025-02-01,Dartmouth Big Green,64.0,away,0.0,0.0,False,-12.0
2025-02-01,Pennsylvania Quakers,79.0,home,0.0,0.0,False,-9.0
2025-02-01,Brown Bears,88.0,away,0.0,0.0,True,9.0
2025-02-01,Purdue Boilermakers,81.0,home,0.0,0.0,True,5.0
2025-02-01,Indiana Hoosiers,76.0,away,0.0,0.0,False,-5.0
2025-01-31,Georgetown Hoyas,73.0,home,0.0,0.0,True,3.0
2025-01-31,Butler Bulldogs,70.0,away,0.0,0.0,False,-3.0
2025-02-01,Rider Broncs,67.0,home,0.0,0.0,True,3.0
2025-02-01,Saint Peter's Peacocks,64.0,away,0.0,0.0,False,-3.0
2025-02-01,Quinnipiac Bobcats,81.0,home,0.0,0.0,True,12.0
2025-02-01,Fairfield Stags,69.0,away,0.0,0.0,False,-12.0
2025-02-01,Saint Louis Billikens,63.0,home,0.0,0.0,False,-8.0
2025-02-01,Dayton Flyers,71.0,away,0.0,0.0,True,8.0
2025-02-01,Manhattan Jaspers,76.0,home,0.0,0.0,True,21.0
2025-02-01,Iona Gaels,55.0,away,0.0,0.0,False,-21.0
2025-02-01,Merrimack Warriors,58.0,home,0.0,0.0,False,-8.0
2025-02-01,Mount St. Mary's Mountaineers,66.0,away,0.0,0.0,True,8.0
2025-02-01,Kent State Golden Flashes,71.0,home,0.0,0.0,False,-14.0
2025-02-01,Akron Zips,85.0,away,0.0,0.0,True,14.0
2025-02-01,Marist Red Foxes,72.0,home,0.0,0.0,True,5.0
2025-02-01,Siena Saints,67.0,away,0.0,0.0,False,-5.0
2025-01-28,Arizona Wildcats,86.0,home,0.0,0.0,True,11.0
2025-01-28,Iowa State Cyclones,75.0,away,0.0,0.0,False,-11.0
2025-01-28,SE Louisiana Lions,62.0,home,0.0,0.0,False,-8.0
2025-01-28,Houston Christian Huskies,70.0,away,0.0,0.0,True,8.0
2025-01-28,Boston University Terriers,69.0,home,0.0,0.0,True,10.0
2025-01-28,Holy Cross Crusaders,59.0,away,0.0,0.0,False,-10.0
2025-01-28,Arkansas-Pine Bluff Golden Lions,77.0,home,0.0,0.0,False,-4.0
2025-01-28,Grambling Tigers,81.0,away,0.0,0.0,True,4.0
2025-01-27,Alcorn State Braves,70.0,home,0.0,0.0,True,9.0
2025-01-27,Bethune-Cookman Wildcats,61.0,away,0.0,0.0,False,-9.0
2025-01-27,Troy Trojans,70.0,home,0.0,0.0,True,9.0
2025-01-27,Southern Miss Golden Eagles,61.0,away,0.0,0.0,False,-9.0
2025-01-28,UT Rio Grande Valley Vaqueros,75.0,home,0.0,0.0,False,-7.0
2025-01-28,Nicholls Colonels,82.0,away,0.0,0.0,True,7.0
2025-01-28,Jackson State Tigers,62.0,home,0.0,0.0,False,-10.0
2025-01-28,Florida A&M Rattlers,72.0,away,0.0,0.0,True,10.0
2025-01-28,UL Monroe Warhawks,77.0,home,0.0,0.0,True,11.0
2025-01-28,South Alabama Jaguars,66.0,away,0.0,0.0,False,-11.0
2025-01-28,Lamar Cardinals,69.0,home,0.0,0.0,True,10.0
2025-01-28,Northwestern State Demons,59.0,away,0.0,0.0,False,-10.0
2025-01-28,Alabama A&M Bulldogs,98.0,home,0.0,0.0,True,16.0
2025-01-28,Prairie View A&M Panthers,82.0,away,0.0,0.0,False,-16.0
2025-01-27,Little Rock Trojans,54.0,home,0.0,0.0,False,-2.0
2025-01-27,Eastern Illinois Panthers,56.0,away,0.0,0.0,True,2.0
2025-01-28,Texas A&M-Corpus Christi Islanders,73.0,home,0.0,0.0,False,-1.0
2025-01-28,McNeese Cowboys,74.0,away,0.0,0.0,True,1.0
2025-01-28,Ohio State Buckeyes,82.0,home,0.0,0.0,True,17.0
2025-01-28,Iowa Hawkeyes,65.0,away,0.0,0.0,False,-17.0
2025-01-27,Michigan Wolverines,76.0,home,0.0,0.0,True,4.0
2025-01-27,Penn State Nittany Lions,72.0,away,0.0,0.0,False,-4.0
2025-01-28,New Orleans Privateers,58.0,home,0.0,0.0,False,-16.0
2025-01-28,Incarnate Word Cardinals,74.0,away,0.0,0.0,True,16.0
2025-01-28,Duke Blue Devils,74.0,home,0.0,0.0,True,10.0
2025-01-28,NC State Wolfpack,64.0,away,0.0,0.0,False,-10.0
2025-01-28,Stephen F. Austin Lumberjacks,79.0,home,0.0,0.0,True,7.0
2025-01-28,East Texas A&M Lions,72.0,away,0.0,0.0,False,-7.0
2025-01-28,Mississippi Valley State Delta Devils,42.0,home,0.0,0.0,False,-21.0
2025-01-28,Southern Jaguars,63.0,away,0.0,0.0,True,21.0
2025-01-28,Alabama State Hornets,69.0,home,0.0,0.0,False,-11.0
2025-01-28,Texas Southern Tigers,80.0,away,0.0,0.0,True,11.0
2025-01-28,USC Trojans,76.0,home,0.0,0.0,False,-6.0
2025-01-28,UCLA Bruins,82.0,away,0.0,0.0,True,6.0
2025-01-28,Northeastern Huskies,65.0,home,0.0,0.0,False,-10.0
2025-01-28,Towson Tigers,75.0,away,0.0,0.0,True,10.0
2025-02-02,Belmont Bruins,75.0,home,0.0,0.0,False,-5.0
2025-02-02,Evansville Purple Aces,80.0,away,0.0,0.0,True,5.0
2025-02-02,Illinois Fighting Illini,87.0,home,0.0,0.0,True,8.0
2025-02-02,Ohio State Buckeyes,79.0,away,0.0,0.0,False,-8.0
2025-02-02,Siena Saints,84.0,home,0.0,0.0,True,9.0
2025-02-02,Quinnipiac Bobcats,75.0,away,0.0,0.0,False,-9.0
2025-02-02,TCU Horned Frogs,68.0,home,0.0,0.0,True,11.0
2025-02-02,Colorado Buffaloes,57.0,away,0.0,0.0,False,-11.0
2025-02-02,Iona Gaels,87.0,home,0.0,0.0,True,23.0
2025-02-02,Fairfield Stags,64.0,away,0.0,0.0,False,-23.0
2025-02-02,Cincinnati Bearcats,50.0,home,0.0,0.0,False,-13.0
2025-02-02,West Virginia Mountaineers,63.0,away,0.0,0.0,True,13.0
2025-02-02,St. Thomas-Minnesota Tommies,79.0,home,0.0,0.0,True,17.0
2025-02-02,North Dakota State Bison,62.0,away,0.0,0.0,False,-17.0
2025-02-02,Saint Peter's Peacocks,64.0,home,0.0,0.0,False,-15.0
2025-02-02,Mount St. Mary's Mountaineers,79.0,away,0.0,0.0,True,15.0
2025-02-02,Northern Iowa Panthers,83.0,home,0.0,0.0,True,14.0
2025-02-02,Bradley Braves,69.0,away,0.0,0.0,False,-14.0
2025-02-02,Rider Broncs,64.0,home,0.0,0.0,False,-2.0
2025-02-02,Merrimack Warriors,66.0,away,0.0,0.0,True,2.0
2025-02-02,Florida Atlantic Owls,94.0,home,0.0,0.0,True,22.0
2025-02-02,South Florida Bulls,72.0,away,0.0,0.0,False,-22.0
2025-02-02,Milwaukee Panthers,79.0,home,0.0,0.0,False,-2.0
2025-02-02,Purdue Fort Wayne Mastodons,81.0,away,0.0,0.0,True,2.0
2025-02-02,DePaul Blue Demons,74.0,home,0.0,0.0,True,17.0
2025-02-02,Seton Hall Pirates,57.0,away,0.0,0.0,False,-17.0
2025-02-02,Sacred Heart Pioneers,74.0,home,0.0,0.0,True,2.0
2025-02-02,Manhattan Jaspers,72.0,away,0.0,0.0,False,-2.0
2025-02-02,Wright State Raiders,66.0,home,0.0,0.0,True,2.0
2025-02-02,Robert Morris Colonials,64.0,away,0.0,0.0,False,-2.0
2025-02-02,East Tennessee State Buccaneers,72.0,home,0.0,0.0,True,3.0
2025-02-02,Furman Paladins,69.0,away,0.0,0.0,False,-3.0
2025-02-03,Oregon Ducks,71.0,home,0.0,0.0,False,-6.0
2025-02-03,Nebraska Cornhuskers,77.0,away,0.0,0.0,True,6.0
2025-02-02,Tulane Green Wave,59.0,home,0.0,0.0,True,3.0
2025-02-02,Tulsa Golden Hurricane,56.0,away,0.0,0.0,False,-3.0
2025-02-02,Rice Owls,83.0,home,0.0,0.0,False,-3.0
2025-02-02,Memphis Tigers,86.0,away,0.0,0.0,True,3.0
2025-01-30,Ole Miss Rebels,72.0,home,0.0,0.0,True,3.0
2025-01-30,Texas Longhorns,69.0,away,0.0,0.0,False,-3.0
2025-01-30,Texas Tech Red Raiders,71.0,home,0.0,0.0,True,14.0
2025-01-30,TCU Horned Frogs,57.0,away,0.0,0.0,False,-14.0
2025-01-30,UConn Huskies,72.0,home,0.0,0.0,True,11.0
2025-01-30,DePaul Blue Demons,61.0,away,0.0,0.0,False,-11.0
2025-01-30,Florida State Seminoles,66.0,home,0.0,0.0,False,-10.0
2025-01-30,Virginia Tech Hokies,76.0,away,0.0,0.0,True,10.0
2025-01-30,Gardner-Webb Runnin' Bulldogs,92.0,home,0.0,0.0,True,5.0
2025-01-30,Longwood Lancers,87.0,away,0.0,0.0,False,-5.0
2025-01-30,Temple Owls,90.0,home,0.0,0.0,True,1.0
2025-01-30,Charlotte 49ers,89.0,away,0.0,0.0,False,-1.0
2025-01-29,Winthrop Eagles,76.0,home,0.0,0.0,True,9.0
2025-01-29,Presbyterian Blue Hose,67.0,away,0.0,0.0,False,-9.0
2025-01-30,George Washington Revolutionaries,75.0,home,0.0,0.0,True,9.0
2025-01-30,Richmond Spiders,66.0,away,0.0,0.0,False,-9.0
2025-01-29,Army Black Knights,84.0,home,0.0,0.0,True,12.0
2025-01-29,Colgate Raiders,72.0,away,0.0,0.0,False,-12.0
2025-01-30,Miami Hurricanes,71.0,home,0.0,0.0,False,-11.0
2025-01-30,Virginia Cavaliers,82.0,away,0.0,0.0,True,11.0
2025-01-30,Florida Atlantic Owls,94.0,home,0.0,0.0,True,20.0
2025-01-30,UTSA Roadrunners,74.0,away,0.0,0.0,False,-20.0
2025-01-29,UNC Asheville Bulldogs,72.0,home,0.0,0.0,True,7.0
2025-01-29,Radford Highlanders,65.0,away,0.0,0.0,False,-7.0
2025-01-30,LSU Tigers,74.0,home,0.0,0.0,False,-13.0
2025-01-30,Auburn Tigers,87.0,away,0.0,0.0,True,13.0
2025-01-30,Mississippi State Bulldogs,84.0,home,0.0,0.0,False,-4.0
2025-01-30,Alabama Crimson Tide,88.0,away,0.0,0.0,True,4.0
2025-01-30,West Virginia Mountaineers,49.0,home,0.0,0.0,False,-14.0
2025-01-30,Houston Cougars,63.0,away,0.0,0.0,True,14.0
2025-01-30,Maryland Terrapins,76.0,home,0.0,0.0,True,8.0
2025-01-30,Wisconsin Badgers,68.0,away,0.0,0.0,False,-8.0
2025-01-29,App State Mountaineers,77.0,home,0.0,0.0,False,-1.0
2025-01-29,Old Dominion Monarchs,78.0,away,0.0,0.0,True,1.0
2025-01-30,Rhode Island Rams,88.0,home,0.0,0.0,True,6.0
2025-01-30,Massachusetts Minutemen,82.0,away,0.0,0.0,False,-6.0
2025-01-29,South Carolina Upstate Spartans,75.0,home,0.0,0.0,False,-7.0
2025-01-29,Charleston Southern Buccaneers,82.0,away,0.0,0.0,True,7.0
2025-01-29,Furman Paladins,72.0,home,0.0,0.0,True,2.0
2025-01-29,Samford Bulldogs,70.0,away,0.0,0.0,False,-2.0
2025-01-30,George Mason Patriots,58.0,home,0.0,0.0,True,5.0
2025-01-30,Loyola Chicago Ramblers,53.0,away,0.0,0.0,False,-5.0
2025-01-30,Indiana State Sycamores,72.0,home,0.0,0.0,True,5.0
2025-01-30,Missouri State Bears,67.0,away,0.0,0.0,False,-5.0
2025-01-30,Saint Joseph's Hawks,76.0,home,0.0,0.0,True,4.0
2025-01-30,Duquesne Dukes,72.0,away,0.0,0.0,False,-4.0
2025-01-30,Queens University Royals,75.0,home,0.0,0.0,True,8.0
2025-01-30,North Alabama Lions,67.0,away,0.0,0.0,False,-8.0
2025-01-30,North Florida Ospreys,101.0,home,0.0,0.0,True,1.0
2025-01-30,Stetson Hatters,100.0,away,0.0,0.0,False,-1.0
2025-01-30,Lehigh Mountain Hawks,54.0,home,0.0,0.0,False,-25.0
2025-01-30,Navy Midshipmen,79.0,away,0.0,0.0,True,25.0
2025-01-30,Wofford Terriers,67.0,home,0.0,0.0,False,-7.0
2025-01-30,VMI Keydets,74.0,away,0.0,0.0,True,7.0
2025-01-30,Jacksonville Dolphins,79.0,home,0.0,0.0,False,-4.0
2025-01-30,Florida Gulf Coast Eagles,83.0,away,0.0,0.0,True,4.0
2025-01-30,Western Carolina Catamounts,60.0,home,0.0,0.0,False,-24.0
2025-01-30,Chattanooga Mocs,84.0,away,0.0,0.0,True,24.0
2025-01-30,Drake Bulldogs,66.0,home,0.0,0.0,True,14.0
2025-01-30,Northern Iowa Panthers,52.0,away,0.0,0.0,False,-14.0
2025-01-30,La Salle Explorers,72.0,home,0.0,0.0,False,-16.0
2025-01-30,Fordham Rams,88.0,away,0.0,0.0,True,16.0
2025-01-30,Bucknell Bison,79.0,home,0.0,0.0,True,12.0
2025-01-30,Loyola Maryland Greyhounds,67.0,away,0.0,0.0,False,-12.0
2025-01-30,Wichita State Shockers,54.0,home,0.0,0.0,False,-4.0
2025-01-30,North Texas Mean Green,58.0,away,0.0,0.0,True,4.0
2025-01-30,UNC Greensboro Spartans,70.0,home,0.0,0.0,True,5.0
2025-01-30,East Tennessee State Buccaneers,65.0,away,0.0,0.0,False,-5.0
2025-01-30,Mercer Bears,80.0,home,0.0,0.0,True,34.0
2025-01-30,The Citadel Bulldogs,46.0,away,0.0,0.0,False,-34.0
2025-01-30,Lafayette Leopards,68.0,home,0.0,0.0,False,-7.0
2025-01-30,American University Eagles,75.0,away,0.0,0.0,True,7.0
2025-01-30,Central Arkansas Bears,75.0,home,0.0,0.0,True,5.0
2025-01-30,West Georgia Wolves,70.0,away,0.0,0.0,False,-5.0
2025-01-30,Kansas State Wildcats,85.0,home,0.0,0.0,True,28.0
2025-01-30,Oklahoma State Cowboys,57.0,away,0.0,0.0,False,-28.0
2025-01-30,Tulsa Golden Hurricane,68.0,home,0.0,0.0,False,-10.0
2025-01-30,UAB Blazers,78.0,away,0.0,0.0,True,10.0
2025-01-30,Bradley Braves,70.0,home,0.0,0.0,False,-23.0
2025-01-30,UIC Flames,93.0,away,0.0,0.0,True,23.0
2025-01-30,Creighton Bluejays,86.0,home,0.0,0.0,True,9.0
2025-01-30,Xavier Musketeers,77.0,away,0.0,0.0,False,-9.0
2025-01-30,Illinois State Redbirds,81.0,home,0.0,0.0,True,3.0
2025-01-30,Belmont Bruins,78.0,away,0.0,0.0,False,-3.0
2025-01-30,Santa Clara Broncos,54.0,home,0.0,0.0,False,-13.0
2025-01-30,Saint Mary's Gaels,67.0,away,0.0,0.0,True,13.0
2025-01-30,Evansville Purple Aces,78.0,home,0.0,0.0,True,4.0
2025-01-30,Murray State Racers,74.0,away,0.0,0.0,False,-4.0
2025-01-30,St. Thomas-Minnesota Tommies,86.0,home,0.0,0.0,True,15.0
2025-01-30,Oral Roberts Golden Eagles,71.0,away,0.0,0.0,False,-15.0
2025-01-30,SMU Mustangs,76.0,home,0.0,0.0,True,11.0
2025-01-30,California Golden Bears,65.0,away,0.0,0.0,False,-11.0
2025-01-30,Boise State Broncos,66.0,home,0.0,0.0,True,10.0
2025-01-30,Nevada Wolf Pack,56.0,away,0.0,0.0,False,-10.0
2025-01-30,Southern Miss Golden Eagles,68.0,home,0.0,0.0,False,-13.0
2025-01-30,Arkansas State Red Wolves,81.0,away,0.0,0.0,True,13.0
2025-01-30,Northwestern Wildcats,72.0,home,0.0,0.0,False,-7.0
2025-01-30,Rutgers Scarlet Knights,79.0,away,0.0,0.0,True,7.0
2025-01-30,Stanford Cardinal,70.0,home,0.0,0.0,True,9.0
2025-01-30,Syracuse Orange,61.0,away,0.0,0.0,False,-9.0
2025-01-30,South Dakota Coyotes,91.0,home,0.0,0.0,True,4.0
2025-01-30,Omaha Mavericks,87.0,away,0.0,0.0,False,-4.0
2025-01-30,Utah State Aggies,76.0,home,0.0,0.0,True,5.0
2025-01-30,UNLV Rebels,71.0,away,0.0,0.0,False,-5.0
2025-01-31,Stonehill Skyhawks,73.0,home,0.0,0.0,True,12.0
2025-01-31,Wagner Seahawks,61.0,away,0.0,0.0,False,-12.0
2025-01-31,NJIT Highlanders,83.0,home,0.0,0.0,True,21.0
2025-01-31,UMass Lowell River Hawks,62.0,away,0.0,0.0,False,-21.0
2025-01-31,Marshall Thundering Herd,81.0,home,0.0,0.0,False,-4.0
2025-01-31,Georgia State Panthers,85.0,away,0.0,0.0,True,4.0
2025-01-31,Mercyhurst Lakers,62.0,home,0.0,0.0,True,4.0
2025-01-31,Saint Francis Red Flash,58.0,away,0.0,0.0,False,-4.0
2025-01-30,Maine Black Bears,71.0,home,0.0,0.0,True,25.0
2025-01-30,New Hampshire Wildcats,46.0,away,0.0,0.0,False,-25.0
2025-01-30,Youngstown State Penguins,88.0,home,0.0,0.0,True,2.0
2025-01-30,Wright State Raiders,86.0,away,0.0,0.0,False,-2.0
2025-01-31,Troy Trojans,81.0,home,0.0,0.0,True,7.0
2025-01-31,Georgia Southern Eagles,74.0,away,0.0,0.0,False,-7.0
2025-01-31,UCLA Bruins,78.0,home,0.0,0.0,True,26.0
2025-01-31,Oregon Ducks,52.0,away,0.0,0.0,False,-26.0
2025-01-30,Binghamton Bearcats,75.0,home,0.0,0.0,True,3.0
2025-01-30,Vermont Catamounts,72.0,away,0.0,0.0,False,-3.0
2025-01-31,Long Island University Sharks,50.0,home,0.0,0.0,False,-13.0
2025-01-31,Central Connecticut Blue Devils,63.0,away,0.0,0.0,True,13.0
2025-01-31,Nebraska Cornhuskers,80.0,home,0.0,0.0,True,6.0
2025-01-31,Illinois Fighting Illini,74.0,away,0.0,0.0,False,-6.0
2025-01-31,Tulane Green Wave,56.0,home,0.0,0.0,False,-12.0
2025-01-31,Memphis Tigers,68.0,away,0.0,0.0,True,12.0
2025-01-30,Delaware Blue Hens,66.0,home,0.0,0.0,False,-10.0
2025-01-30,Towson Tigers,76.0,away,0.0,0.0,True,10.0
2025-01-30,Penn State Nittany Lions,64.0,home,0.0,0.0,False,-19.0
2025-01-30,Ohio State Buckeyes,83.0,away,0.0,0.0,True,19.0
2025-01-30,Charleston Cougars,81.0,home,0.0,0.0,True,7.0
2025-01-30,Stony Brook Seawolves,74.0,away,0.0,0.0,False,-7.0
2025-01-31,Fairleigh Dickinson Knights,78.0,home,0.0,0.0,True,4.0
2025-01-31,Le Moyne Dolphins,74.0,away,0.0,0.0,False,-4.0
2025-01-31,Detroit Mercy Titans,68.0,home,0.0,0.0,True,11.0
2025-01-31,Northern Kentucky Norse,57.0,away,0.0,0.0,False,-11.0
2025-01-31,Robert Morris Colonials,106.0,home,0.0,0.0,True,53.0
2025-01-31,IU Indianapolis Jaguars,53.0,away,0.0,0.0,False,-53.0
2025-01-31,James Madison Dukes,73.0,home,0.0,0.0,True,9.0
2025-01-31,Coastal Carolina Chanticleers,64.0,away,0.0,0.0,False,-9.0
2025-01-31,UMBC Retrievers,86.0,home,0.0,0.0,False,-6.0
2025-01-31,Bryant Bulldogs,92.0,away,0.0,0.0,True,6.0
2025-01-31,Morehead State Eagles,64.0,home,0.0,0.0,False,-8.0
2025-01-31,Tennessee Tech Golden Eagles,72.0,away,0.0,0.0,True,8.0
2025-01-31,Elon Phoenix,63.0,home,0.0,0.0,False,-11.0
2025-01-31,Hofstra Pride,74.0,away,0.0,0.0,True,11.0
2025-01-31,Oakland Golden Grizzlies,68.0,home,0.0,0.0,True,14.0
2025-01-31,Green Bay Phoenix,54.0,away,0.0,0.0,False,-14.0
2025-01-31,North Carolina A&T Aggies,59.0,home,0.0,0.0,False,-24.0
2025-01-31,UNC Wilmington Seahawks,83.0,away,0.0,0.0,True,24.0
2025-01-31,UT Arlington Mavericks,70.0,home,0.0,0.0,True,2.0
2025-01-31,Southern Utah Thunderbirds,68.0,away,0.0,0.0,False,-2.0
2025-01-31,Monmouth Hawks,104.0,home,0.0,0.0,True,7.0
2025-01-31,Drexel Dragons,97.0,away,0.0,0.0,False,-7.0
2025-01-31,Campbell Fighting Camels,96.0,home,0.0,0.0,True,41.0
2025-01-31,William & Mary Tribe,55.0,away,0.0,0.0,False,-41.0
2025-01-31,Texas State Bobcats,61.0,home,0.0,0.0,False,-9.0
2025-01-31,Louisiana Ragin' Cajuns,70.0,away,0.0,0.0,True,9.0
2025-01-31,Jacksonville State Gamecocks,71.0,home,0.0,0.0,True,4.0
2025-01-31,Florida International Panthers,67.0,away,0.0,0.0,False,-4.0
2025-01-31,Austin Peay Governors,86.0,home,0.0,0.0,True,9.0
2025-01-31,Bellarmine Knights,77.0,away,0.0,0.0,False,-9.0
2025-01-31,North Dakota State Bison,62.0,home,0.0,0.0,False,-10.0
2025-01-31,South Dakota State Jackrabbits,72.0,away,0.0,0.0,True,10.0
2025-01-31,South Alabama Jaguars,58.0,home,0.0,0.0,False,-4.0
2025-01-31,UL Monroe Warhawks,62.0,away,0.0,0.0,True,4.0
2025-01-31,Middle Tennessee Blue Raiders,57.0,home,0.0,0.0,False,-4.0
2025-01-31,New Mexico State Aggies,61.0,away,0.0,0.0,True,4.0
2025-01-31,Hampton Pirates,69.0,home,0.0,0.0,False,-9.0
2025-01-31,Northeastern Huskies,78.0,away,0.0,0.0,True,9.0
2025-01-31,Lipscomb Bisons,71.0,home,0.0,0.0,False,-9.0
2025-01-31,Eastern Kentucky Colonels,80.0,away,0.0,0.0,True,9.0
2025-01-31,Tarleton State Texans,61.0,home,0.0,0.0,True,7.0
2025-01-31,Utah Tech Trailblazers,54.0,away,0.0,0.0,False,-7.0
2025-01-31,Southeast Missouri State Redhawks,90.0,home,0.0,0.0,True,11.0
2025-01-31,UT Martin Skyhawks,79.0,away,0.0,0.0,False,-11.0
2025-01-31,Kennesaw State Owls,68.0,home,0.0,0.0,False,-8.0
2025-01-31,Liberty Flames,76.0,away,0.0,0.0,True,8.0
2025-01-31,Western Kentucky Hilltoppers,78.0,home,0.0,0.0,True,4.0
2025-01-31,UTEP Miners,74.0,away,0.0,0.0,False,-4.0
2025-01-31,Little Rock Trojans,70.0,home,0.0,0.0,False,-2.0
2025-01-31,Tennessee State Tigers,72.0,away,0.0,0.0,True,2.0
2025-01-31,Lindenwood Lions,65.0,home,0.0,0.0,True,2.0
2025-01-31,SIU Edwardsville Cougars,63.0,away,0.0,0.0,False,-2.0
2025-01-31,UC Santa Barbara Gauchos,71.0,home,0.0,0.0,False,-7.0
2025-01-31,Cal State Northridge Matadors,78.0,away,0.0,0.0,True,7.0
2025-01-31,Weber State Wildcats,74.0,home,0.0,0.0,False,-8.0
2025-01-31,Idaho Vandals,82.0,away,0.0,0.0,True,8.0
2025-01-31,Western Illinois Leathernecks,59.0,home,0.0,0.0,False,-12.0
2025-01-31,Eastern Illinois Panthers,71.0,away,0.0,0.0,True,12.0
2025-01-31,UC Riverside Highlanders,60.0,home,0.0,0.0,True,2.0
2025-01-31,UC Davis Aggies,58.0,away,0.0,0.0,False,-2.0
2025-01-31,Loyola Marymount Lions,88.0,home,0.0,0.0,True,25.0
2025-01-31,Portland Pilots,63.0,away,0.0,0.0,False,-25.0
2025-01-31,Long Beach State Beach,75.0,home,0.0,0.0,False,-5.0
2025-01-31,UC Irvine Anteaters,80.0,away,0.0,0.0,True,5.0
2025-01-31,Montana State Bobcats,70.0,home,0.0,0.0,True,12.0
2025-01-31,Sacramento State Hornets,58.0,away,0.0,0.0,False,-12.0
2025-01-31,Cal State Bakersfield Roadrunners,81.0,home,0.0,0.0,False,-9.0
2025-01-31,Cal Poly Mustangs,90.0,away,0.0,0.0,True,9.0
2025-01-31,Purdue Fort Wayne Mastodons,58.0,home,0.0,0.0,False,-10.0
2025-01-31,Cleveland State Vikings,68.0,away,0.0,0.0,True,10.0
2025-01-31,Montana Grizzlies,92.0,home,0.0,0.0,True,14.0
2025-01-31,Portland State Vikings,78.0,away,0.0,0.0,False,-14.0
2025-01-31,Idaho State Bengals,78.0,home,0.0,0.0,True,8.0
2025-01-31,Eastern Washington Eagles,70.0,away,0.0,0.0,False,-8.0
2025-01-31,Denver Pioneers,69.0,home,0.0,0.0,True,1.0
2025-01-31,Kansas City Roos,68.0,away,0.0,0.0,False,-1.0
2025-01-31,San Diego Toreros,90.0,home,0.0,0.0,False,-8.0
2025-01-31,Pepperdine Waves,98.0,away,0.0,0.0,True,8.0
2025-01-31,Hawai'i Rainbow Warriors,63.0,home,0.0,0.0,False,-11.0
2025-01-31,UC San Diego Tritons,74.0,away,0.0,0.0,True,11.0
2025-01-31,Pacific Tigers,70.0,home,0.0,0.0,True,2.0
2025-01-31,Washington State Cougars,68.0,away,0.0,0.0,False,-2.0
2025-01-31,California Baptist Lancers,83.0,home,0.0,0.0,True,23.0
2025-01-31,Abilene Christian Wildcats,60.0,away,0.0,0.0,False,-23.0
2025-01-31,Grand Canyon Lopes,83.0,home,0.0,0.0,True,9.0
2025-01-31,Seattle U Redhawks,74.0,away,0.0,0.0,False,-9.0
2025-01-18,West Virginia Mountaineers,64.0,home,0.0,0.0,True,7.0
2025-01-18,Iowa State Cyclones,57.0,away,0.0,0.0,False,-7.0
2025-01-18,Kentucky Wildcats,97.0,home,0.0,0.0,False,-5.0
2025-01-18,Alabama Crimson Tide,102.0,away,0.0,0.0,True,5.0
2025-01-18,Georgia Bulldogs,68.0,home,0.0,0.0,False,-2.0
2025-01-18,Auburn Tigers,70.0,away,0.0,0.0,True,2.0
2025-01-18,Mississippi State Bulldogs,84.0,home,0.0,0.0,True,3.0
2025-01-18,Ole Miss Rebels,81.0,away,0.0,0.0,False,-3.0
2025-01-18,Oregon Ducks,58.0,home,0.0,0.0,False,-7.0
2025-01-18,Purdue Boilermakers,65.0,away,0.0,0.0,True,7.0
2025-01-18,UConn Huskies,63.0,home,0.0,0.0,False,-5.0
2025-01-18,Creighton Bluejays,68.0,away,0.0,0.0,True,5.0
2025-01-18,Pittsburgh Panthers,75.0,home,0.0,0.0,False,-3.0
2025-01-18,Clemson Tigers,78.0,away,0.0,0.0,True,3.0
2025-01-19,Gonzaga Bulldogs,99.0,home,0.0,0.0,False,-4.0
2025-01-19,Santa Clara Broncos,103.0,away,0.0,0.0,True,4.0
2025-01-18,USC Trojans,69.0,home,0.0,0.0,False,-15.0
2025-01-18,Wisconsin Badgers,84.0,away,0.0,0.0,True,15.0
2025-01-18,Army Black Knights,68.0,home,0.0,0.0,True,6.0
2025-01-18,Boston University Terriers,62.0,away,0.0,0.0,False,-6.0
2025-01-18,UCF Knights,68.0,home,0.0,0.0,False,-1.0
2025-01-18,Houston Cougars,69.0,away,0.0,0.0,True,1.0
2025-01-18,Kansas Jayhawks,84.0,home,0.0,0.0,True,10.0
2025-01-18,Kansas State Wildcats,74.0,away,0.0,0.0,False,-10.0
2025-01-19,Boston College Eagles,63.0,home,0.0,0.0,False,-25.0
2025-01-19,Duke Blue Devils,88.0,away,0.0,0.0,True,25.0
2025-01-18,Vanderbilt Commodores,76.0,home,0.0,0.0,True,1.0
2025-01-18,Tennessee Volunteers,75.0,away,0.0,0.0,False,-1.0
2025-01-18,Florida Gators,84.0,home,0.0,0.0,True,24.0
2025-01-18,Texas Longhorns,60.0,away,0.0,0.0,False,-24.0
2025-01-18,Marquette Golden Eagles,57.0,home,0.0,0.0,False,-2.0
2025-01-18,Xavier Musketeers,59.0,away,0.0,0.0,True,2.0
2025-01-18,Florida State Seminoles,91.0,home,0.0,0.0,True,13.0
2025-01-18,Georgia Tech Yellow Jackets,78.0,away,0.0,0.0,False,-13.0
2025-01-19,Texas A&M Aggies,68.0,home,0.0,0.0,True,11.0
2025-01-19,LSU Tigers,57.0,away,0.0,0.0,False,-11.0
2025-01-18,George Mason Patriots,80.0,home,0.0,0.0,True,3.0
2025-01-18,George Washington Revolutionaries,77.0,away,0.0,0.0,False,-3.0
2025-01-18,Louisville Cardinals,81.0,home,0.0,0.0,True,14.0
2025-01-18,Virginia Cavaliers,67.0,away,0.0,0.0,False,-14.0
2025-01-18,Lafayette Leopards,67.0,home,0.0,0.0,False,-23.0
2025-01-18,Colgate Raiders,90.0,away,0.0,0.0,True,23.0
2025-01-18,UMBC Retrievers,62.0,home,0.0,0.0,False,-25.0
2025-01-18,Maine Black Bears,87.0,away,0.0,0.0,True,25.0
2025-01-18,Charleston Southern Buccaneers,58.0,home,0.0,0.0,True,4.0
2025-01-18,Radford Highlanders,54.0,away,0.0,0.0,False,-4.0
2025-01-18,Western Michigan Broncos,76.0,home,0.0,0.0,False,-9.0
2025-01-18,Buffalo Bulls,85.0,away,0.0,0.0,True,9.0
2025-01-18,The Citadel Bulldogs,70.0,home,0.0,0.0,False,-5.0
2025-01-18,VMI Keydets,75.0,away,0.0,0.0,True,5.0
2025-01-18,Wagner Seahawks,65.0,home,0.0,0.0,False,-4.0
2025-01-18,Mercyhurst Lakers,69.0,away,0.0,0.0,True,4.0
2025-01-18,Holy Cross Crusaders,65.0,home,0.0,0.0,False,-9.0
2025-01-18,American University Eagles,74.0,away,0.0,0.0,True,9.0
2025-01-18,Rhode Island Rams,92.0,home,0.0,0.0,True,2.0
2025-01-18,Davidson Wildcats,90.0,away,0.0,0.0,False,-2.0
2025-01-18,Delaware State Hornets,126.0,home,0.0,0.0,True,88.0
2025-01-18,Virginia-Lynchburg Dragons,38.0,away,0.0,0.0,False,-88.0
2025-01-18,Evansville Purple Aces,82.0,home,0.0,0.0,False,-3.0
2025-01-18,Belmont Bruins,85.0,away,0.0,0.0,True,3.0
2025-01-18,Detroit Mercy Titans,59.0,home,0.0,0.0,False,-6.0
2025-01-18,Oakland Golden Grizzlies,65.0,away,0.0,0.0,True,6.0
2025-01-18,UNC Asheville Bulldogs,93.0,home,0.0,0.0,True,9.0
2025-01-18,Winthrop Eagles,84.0,away,0.0,0.0,False,-9.0
2025-01-18,Texas Tech Red Raiders,70.0,home,0.0,0.0,True,16.0
2025-01-18,Arizona Wildcats,54.0,away,0.0,0.0,False,-16.0
2025-01-18,Cincinnati Bearcats,67.0,home,0.0,0.0,True,7.0
2025-01-18,Arizona State Sun Devils,60.0,away,0.0,0.0,False,-7.0
2025-01-18,Virginia Tech Hokies,63.0,home,0.0,0.0,False,-9.0
2025-01-18,Wake Forest Demon Deacons,72.0,away,0.0,0.0,True,9.0
2025-01-18,Miami Hurricanes,74.0,home,0.0,0.0,False,-43.0
2025-01-18,SMU Mustangs,117.0,away,0.0,0.0,True,43.0
2025-01-18,Duquesne Dukes,75.0,home,0.0,0.0,True,18.0
2025-01-18,St. Bonaventure Bonnies,57.0,away,0.0,0.0,False,-18.0
2025-01-18,Manhattan Jaspers,72.0,home,0.0,0.0,True,7.0
2025-01-18,Niagara Purple Eagles,65.0,away,0.0,0.0,False,-7.0
2025-01-18,Long Island University Sharks,64.0,home,0.0,0.0,True,13.0
2025-01-18,Saint Francis Red Flash,51.0,away,0.0,0.0,False,-13.0
2025-01-18,Lehigh Mountain Hawks,60.0,home,0.0,0.0,False,-16.0
2025-01-18,Loyola Maryland Greyhounds,76.0,away,0.0,0.0,True,16.0
2025-01-18,Columbia Lions,88.0,home,0.0,0.0,False,-4.0
2025-01-18,Yale Bulldogs,92.0,away,0.0,0.0,True,4.0
2025-01-18,Dartmouth Big Green,80.0,home,0.0,0.0,False,-1.0
2025-01-18,Princeton Tigers,81.0,away,0.0,0.0,True,1.0
2025-01-18,Pennsylvania Quakers,76.0,home,0.0,0.0,False,-10.0
2025-01-18,Cornell Big Red,86.0,away,0.0,0.0,True,10.0
2025-01-18,North Dakota Fighting Hawks,76.0,home,0.0,0.0,True,4.0
2025-01-18,Kansas City Roos,72.0,away,0.0,0.0,False,-4.0
2025-01-18,Binghamton Bearcats,65.0,home,0.0,0.0,False,-5.0
2025-01-18,UAlbany Great Danes,70.0,away,0.0,0.0,True,5.0
2025-01-18,Brown Bears,67.0,home,0.0,0.0,False,-13.0
2025-01-18,Harvard Crimson,80.0,away,0.0,0.0,True,13.0
2025-01-18,Northern Kentucky Norse,70.0,home,0.0,0.0,False,-8.0
2025-01-18,Wright State Raiders,78.0,away,0.0,0.0,True,8.0
2025-01-18,Delaware Blue Hens,79.0,home,0.0,0.0,True,2.0
2025-01-18,Elon Phoenix,77.0,away,0.0,0.0,False,-2.0
2025-01-18,Ball State Cardinals,75.0,home,0.0,0.0,False,-18.0
2025-01-18,Toledo Rockets,93.0,away,0.0,0.0,True,18.0
2025-01-18,Campbell Fighting Camels,81.0,home,0.0,0.0,True,23.0
2025-01-18,Monmouth Hawks,58.0,away,0.0,0.0,False,-23.0
2025-01-18,Fairfield Stags,67.0,home,0.0,0.0,False,-11.0
2025-01-18,Canisius Golden Griffins,78.0,away,0.0,0.0,True,11.0
2025-01-18,Florida Gulf Coast Eagles,60.0,home,0.0,0.0,True,13.0
2025-01-18,Queens University Royals,47.0,away,0.0,0.0,False,-13.0
2025-01-18,Towson Tigers,53.0,home,0.0,0.0,True,4.0
2025-01-18,Stony Brook Seawolves,49.0,away,0.0,0.0,False,-4.0
2025-01-18,North Florida Ospreys,84.0,home,0.0,0.0,False,-6.0
2025-01-18,North Alabama Lions,90.0,away,0.0,0.0,True,6.0
2025-01-18,Sacred Heart Pioneers,61.0,home,0.0,0.0,False,-5.0
2025-01-18,Saint Peter's Peacocks,66.0,away,0.0,0.0,True,5.0
2025-01-18,Northern Illinois Huskies,66.0,home,0.0,0.0,False,-5.0
2025-01-18,Central Michigan Chippewas,71.0,away,0.0,0.0,True,5.0
2025-01-18,Bowling Green Falcons,62.0,home,0.0,0.0,False,-6.0
2025-01-18,Eastern Michigan Eagles,68.0,away,0.0,0.0,True,6.0
2025-01-18,Florida International Panthers,73.0,home,0.0,0.0,False,-8.0
2025-01-18,UTEP Miners,81.0,away,0.0,0.0,True,8.0
2025-01-18,North Carolina Tar Heels,71.0,home,0.0,0.0,False,-1.0
2025-01-18,Stanford Cardinal,72.0,away,0.0,0.0,True,1.0
2025-01-18,Chicago State Cougars,88.0,home,0.0,0.0,True,16.0
2025-01-18,Le Moyne Dolphins,72.0,away,0.0,0.0,False,-16.0
2025-01-18,Richmond Spiders,59.0,home,0.0,0.0,False,-4.0
2025-01-18,Saint Louis Billikens,63.0,away,0.0,0.0,True,4.0
2025-01-18,Oklahoma State Cowboys,83.0,home,0.0,0.0,True,10.0
2025-01-18,Colorado Buffaloes,73.0,away,0.0,0.0,False,-10.0
2025-01-18,Jacksonville Dolphins,72.0,home,0.0,0.0,True,10.0
2025-01-18,Central Arkansas Bears,62.0,away,0.0,0.0,False,-10.0
2025-01-18,Kent State Golden Flashes,61.0,home,0.0,0.0,False,-9.0
2025-01-18,Miami (OH) RedHawks,70.0,away,0.0,0.0,True,9.0
2025-01-18,South Florida Bulls,63.0,home,0.0,0.0,True,7.0
2025-01-18,Tulsa Golden Hurricane,56.0,away,0.0,0.0,False,-7.0
2025-01-18,Merrimack Warriors,64.0,home,0.0,0.0,True,6.0
2025-01-18,Siena Saints,58.0,away,0.0,0.0,False,-6.0
2025-01-18,Western Carolina Catamounts,55.0,home,0.0,0.0,False,-28.0
2025-01-18,UNC Greensboro Spartans,83.0,away,0.0,0.0,True,28.0
2025-01-18,Arkansas State Red Wolves,85.0,home,0.0,0.0,True,26.0
2025-01-18,Georgia State Panthers,59.0,away,0.0,0.0,False,-26.0
2025-01-18,UL Monroe Warhawks,60.0,home,0.0,0.0,False,-5.0
2025-01-18,Louisiana Ragin' Cajuns,65.0,away,0.0,0.0,True,5.0
2025-01-18,NJIT Highlanders,64.0,home,0.0,0.0,True,5.0
2025-01-18,New Hampshire Wildcats,59.0,away,0.0,0.0,False,-5.0
2025-01-18,Morehead State Eagles,82.0,home,0.0,0.0,True,17.0
2025-01-18,Lindenwood Lions,65.0,away,0.0,0.0,False,-17.0
2025-01-18,Old Dominion Monarchs,63.0,home,0.0,0.0,False,-4.0
2025-01-18,Georgia Southern Eagles,67.0,away,0.0,0.0,True,4.0
2025-01-18,South Dakota Coyotes,77.0,home,0.0,0.0,False,-26.0
2025-01-18,North Dakota State Bison,103.0,away,0.0,0.0,True,26.0
2025-01-18,East Texas A&M Lions,73.0,home,0.0,0.0,False,-9.0
2025-01-18,New Orleans Privateers,82.0,away,0.0,0.0,True,9.0
2025-01-18,Gardner-Webb Runnin' Bulldogs,97.0,home,0.0,0.0,True,29.0
2025-01-18,South Carolina Upstate Spartans,68.0,away,0.0,0.0,False,-29.0
2025-01-18,Syracuse Orange,77.0,home,0.0,0.0,True,8.0
2025-01-18,Notre Dame Fighting Irish,69.0,away,0.0,0.0,False,-8.0
2025-01-18,Coastal Carolina Chanticleers,64.0,home,0.0,0.0,False,-13.0
2025-01-18,Marshall Thundering Herd,77.0,away,0.0,0.0,True,13.0
2025-01-18,UTSA Roadrunners,57.0,home,0.0,0.0,False,-15.0
2025-01-18,North Texas Mean Green,72.0,away,0.0,0.0,True,15.0
2025-01-18,Dayton Flyers,83.0,home,0.0,0.0,True,2.0
2025-01-18,Loyola Chicago Ramblers,81.0,away,0.0,0.0,False,-2.0
2025-01-18,Valparaiso Beacons,74.0,home,0.0,0.0,False,-7.0
2025-01-18,UIC Flames,81.0,away,0.0,0.0,True,7.0
2025-01-18,Murray State Racers,61.0,home,0.0,0.0,False,-13.0
2025-01-18,Bradley Braves,74.0,away,0.0,0.0,True,13.0
2025-01-18,Stetson Hatters,82.0,home,0.0,0.0,True,4.0
2025-01-18,West Georgia Wolves,78.0,away,0.0,0.0,False,-4.0
2025-01-18,Wyoming Cowboys,63.0,home,0.0,0.0,False,-16.0
2025-01-18,Colorado State Rams,79.0,away,0.0,0.0,True,16.0
2025-01-18,South Alabama Jaguars,64.0,home,0.0,0.0,True,1.0
2025-01-18,Troy Trojans,63.0,away,0.0,0.0,False,-1.0
2025-01-18,Mount St. Mary's Mountaineers,57.0,home,0.0,0.0,False,-34.0
2025-01-18,Quinnipiac Bobcats,91.0,away,0.0,0.0,True,34.0
2025-01-18,Utah Valley Wolverines,96.0,home,0.0,0.0,True,16.0
2025-01-18,Utah Tech Trailblazers,80.0,away,0.0,0.0,False,-16.0
2025-01-18,Nicholls Colonels,73.0,home,0.0,0.0,True,12.0
2025-01-18,Stephen F. Austin Lumberjacks,61.0,away,0.0,0.0,False,-12.0
2025-01-18,Bucknell Bison,73.0,home,0.0,0.0,True,4.0
2025-01-18,Navy Midshipmen,69.0,away,0.0,0.0,False,-4.0
2025-01-18,UC Santa Barbara Gauchos,60.0,home,0.0,0.0,False,-4.0
2025-01-18,UC Davis Aggies,64.0,away,0.0,0.0,True,4.0
2025-01-18,Oklahoma Sooners,82.0,home,0.0,0.0,True,20.0
2025-01-18,South Carolina Gamecocks,62.0,away,0.0,0.0,False,-20.0
2025-01-18,Fairleigh Dickinson Knights,60.0,home,0.0,0.0,False,-11.0
2025-01-18,Central Connecticut Blue Devils,71.0,away,0.0,0.0,True,11.0
2025-01-18,James Madison Dukes,50.0,home,0.0,0.0,False,-8.0
2025-01-18,App State Mountaineers,58.0,away,0.0,0.0,True,8.0
2025-01-18,Bryant Bulldogs,85.0,home,0.0,0.0,True,23.0
2025-01-18,UMass Lowell River Hawks,62.0,away,0.0,0.0,False,-23.0
2025-01-18,Southern Indiana Screaming Eagles,78.0,home,0.0,0.0,True,12.0
2025-01-18,Western Illinois Leathernecks,66.0,away,0.0,0.0,False,-12.0
2025-01-18,Houston Christian Huskies,66.0,home,0.0,0.0,True,9.0
2025-01-18,UT Rio Grande Valley Vaqueros,57.0,away,0.0,0.0,False,-9.0
2025-01-18,Tennessee Tech Golden Eagles,71.0,home,0.0,0.0,False,-6.0
2025-01-18,Little Rock Trojans,77.0,away,0.0,0.0,True,6.0
2025-01-18,UT Martin Skyhawks,85.0,home,0.0,0.0,True,3.0
2025-01-18,SIU Edwardsville Cougars,82.0,away,0.0,0.0,False,-3.0
2025-01-18,Tennessee State Tigers,84.0,home,0.0,0.0,True,19.0
2025-01-18,Eastern Illinois Panthers,65.0,away,0.0,0.0,False,-19.0
2025-01-18,Northwestern State Demons,64.0,home,0.0,0.0,False,-1.0
2025-01-18,SE Louisiana Lions,65.0,away,0.0,0.0,True,1.0
2025-01-18,Illinois State Redbirds,74.0,home,0.0,0.0,True,6.0
2025-01-18,Missouri State Bears,68.0,away,0.0,0.0,False,-6.0
2025-01-18,McNeese Cowboys,75.0,home,0.0,0.0,True,11.0
2025-01-18,Lamar Cardinals,64.0,away,0.0,0.0,False,-11.0
2025-01-18,Texas State Bobcats,85.0,home,0.0,0.0,True,3.0
2025-01-18,Southern Miss Golden Eagles,82.0,away,0.0,0.0,False,-3.0
2025-01-18,Charleston Cougars,87.0,home,0.0,0.0,True,2.0
2025-01-18,Northeastern Huskies,85.0,away,0.0,0.0,False,-2.0
2025-01-18,Jacksonville State Gamecocks,70.0,home,0.0,0.0,True,8.0
2025-01-18,Sam Houston Bearkats,62.0,away,0.0,0.0,False,-8.0
2025-01-18,Kennesaw State Owls,78.0,home,0.0,0.0,True,2.0
2025-01-18,Louisiana Tech Bulldogs,76.0,away,0.0,0.0,False,-2.0
2025-01-18,Alabama A&M Bulldogs,65.0,home,0.0,0.0,False,-4.0
2025-01-18,Alabama State Hornets,69.0,away,0.0,0.0,True,4.0
2025-01-18,Indiana State Sycamores,53.0,home,0.0,0.0,False,-18.0
2025-01-18,Drake Bulldogs,71.0,away,0.0,0.0,True,18.0
2025-01-18,Furman Paladins,71.0,home,0.0,0.0,False,-4.0
2025-01-18,Chattanooga Mocs,75.0,away,0.0,0.0,True,4.0
2025-01-18,NC State Wolfpack,62.0,home,0.0,0.0,False,-3.0
2025-01-18,California Golden Bears,65.0,away,0.0,0.0,True,3.0
2025-01-18,South Dakota State Jackrabbits,84.0,home,0.0,0.0,True,14.0
2025-01-18,Oral Roberts Golden Eagles,70.0,away,0.0,0.0,False,-14.0
2025-01-18,Prairie View A&M Panthers,70.0,home,0.0,0.0,False,-9.0
2025-01-18,Jackson State Tigers,79.0,away,0.0,0.0,True,9.0
2025-01-18,Bethune-Cookman Wildcats,83.0,home,0.0,0.0,True,25.0
2025-01-18,Mississippi Valley State Delta Devils,58.0,away,0.0,0.0,False,-25.0
2025-01-18,Nevada Wolf Pack,75.0,home,0.0,0.0,True,11.0
2025-01-18,San José State Spartans,64.0,away,0.0,0.0,False,-11.0
2025-01-18,Incarnate Word Cardinals,63.0,home,0.0,0.0,False,-6.0
2025-01-18,Texas A&M-Corpus Christi Islanders,69.0,away,0.0,0.0,True,6.0
2025-01-18,Southern Jaguars,67.0,home,0.0,0.0,True,7.0
2025-01-18,Grambling Tigers,60.0,away,0.0,0.0,False,-7.0
2025-01-18,Missouri Tigers,83.0,home,0.0,0.0,True,18.0
2025-01-18,Arkansas Razorbacks,65.0,away,0.0,0.0,False,-18.0
2025-01-18,Washington State Cougars,92.0,home,0.0,0.0,True,22.0
2025-01-18,Portland Pilots,70.0,away,0.0,0.0,False,-22.0
2025-01-18,Wofford Terriers,69.0,home,0.0,0.0,True,20.0
2025-01-18,Mercer Bears,49.0,away,0.0,0.0,False,-20.0
2025-01-18,Samford Bulldogs,60.0,home,0.0,0.0,False,-5.0
2025-01-18,East Tennessee State Buccaneers,65.0,away,0.0,0.0,True,5.0
2025-01-18,Florida A&M Rattlers,86.0,home,0.0,0.0,True,10.0
2025-01-18,Arkansas-Pine Bluff Golden Lions,76.0,away,0.0,0.0,False,-10.0
2025-01-18,Texas Southern Tigers,66.0,home,0.0,0.0,True,9.0
2025-01-18,Alcorn State Braves,57.0,away,0.0,0.0,False,-9.0
2025-01-19,High Point Panthers,77.0,home,0.0,0.0,True,11.0
2025-01-19,Presbyterian Blue Hose,66.0,away,0.0,0.0,False,-11.0
2025-01-19,Idaho Vandals,83.0,home,0.0,0.0,True,7.0
2025-01-19,Eastern Washington Eagles,76.0,away,0.0,0.0,False,-7.0
2025-01-19,Wichita State Shockers,72.0,home,0.0,0.0,False,-3.0
2025-01-19,East Carolina Pirates,75.0,away,0.0,0.0,True,3.0
2025-01-19,Southern Illinois Salukis,73.0,home,0.0,0.0,True,24.0
2025-01-19,Northern Iowa Panthers,49.0,away,0.0,0.0,False,-24.0
2025-01-19,Abilene Christian Wildcats,54.0,home,0.0,0.0,False,-6.0
2025-01-19,California Baptist Lancers,60.0,away,0.0,0.0,True,6.0
2025-01-19,Long Beach State Beach,67.0,home,0.0,0.0,False,-16.0
2025-01-19,Cal State Fullerton Titans,83.0,away,0.0,0.0,True,16.0
2025-01-19,Lipscomb Bisons,88.0,home,0.0,0.0,True,28.0
2025-01-19,Austin Peay Governors,60.0,away,0.0,0.0,False,-28.0
2025-01-19,Eastern Kentucky Colonels,72.0,home,0.0,0.0,True,3.0
2025-01-19,Bellarmine Knights,69.0,away,0.0,0.0,False,-3.0
2025-01-19,Liberty Flames,68.0,home,0.0,0.0,True,8.0
2025-01-19,New Mexico State Aggies,60.0,away,0.0,0.0,False,-8.0
2025-01-19,Seton Hall Pirates,51.0,home,0.0,0.0,False,-28.0
2025-01-19,St. John's Red Storm,79.0,away,0.0,0.0,True,28.0
2025-01-19,Northern Arizona Lumberjacks,69.0,home,0.0,0.0,False,-11.0
2025-01-19,Portland State Vikings,80.0,away,0.0,0.0,True,11.0
2025-01-19,Marist Red Foxes,57.0,home,0.0,0.0,False,-7.0
2025-01-19,Rider Broncs,64.0,away,0.0,0.0,True,7.0
2025-01-19,Middle Tennessee Blue Raiders,71.0,home,0.0,0.0,True,14.0
2025-01-19,Western Kentucky Hilltoppers,57.0,away,0.0,0.0,False,-14.0
2025-01-19,San Diego State Aztecs,68.0,home,0.0,0.0,False,-8.0
2025-01-19,UNLV Rebels,76.0,away,0.0,0.0,True,8.0
2025-01-19,Northern Colorado Bears,68.0,home,0.0,0.0,True,4.0
2025-01-19,Sacramento State Hornets,64.0,away,0.0,0.0,False,-4.0
2025-01-19,UC Riverside Highlanders,85.0,home,0.0,0.0,True,4.0
2025-01-19,UC San Diego Tritons,81.0,away,0.0,0.0,False,-4.0
2025-01-19,Idaho State Bengals,86.0,home,0.0,0.0,True,24.0
2025-01-19,Montana Grizzlies,62.0,away,0.0,0.0,False,-24.0
2025-01-19,Seattle U Redhawks,75.0,home,0.0,0.0,True,23.0
2025-01-19,Southern Utah Thunderbirds,52.0,away,0.0,0.0,False,-23.0
2025-01-19,Grand Canyon Lopes,88.0,home,0.0,0.0,True,24.0
2025-01-19,Tarleton State Texans,64.0,away,0.0,0.0,False,-24.0
2025-01-19,Utah Utes,73.0,home,0.0,0.0,True,1.0
2025-01-19,BYU Cougars,72.0,away,0.0,0.0,False,-1.0
2025-01-19,St. Thomas-Minnesota Tommies,74.0,home,0.0,0.0,True,12.0
2025-01-19,Denver Pioneers,62.0,away,0.0,0.0,False,-12.0
2025-01-19,Weber State Wildcats,71.0,home,0.0,0.0,False,-9.0
2025-01-19,Montana State Bobcats,80.0,away,0.0,0.0,True,9.0
2025-01-19,Loyola Marymount Lions,77.0,home,0.0,0.0,True,7.0
2025-01-19,San Diego Toreros,70.0,away,0.0,0.0,False,-7.0
2025-01-19,UC Irvine Anteaters,101.0,home,0.0,0.0,True,30.0
2025-01-19,Cal Poly Mustangs,71.0,away,0.0,0.0,False,-30.0
2025-01-19,Hawai'i Rainbow Warriors,81.0,home,0.0,0.0,True,11.0
2025-01-19,Cal State Bakersfield Roadrunners,70.0,away,0.0,0.0,False,-11.0
2025-01-19,San Francisco Dons,81.0,home,0.0,0.0,True,11.0
2025-01-19,Oregon State Beavers,70.0,away,0.0,0.0,False,-11.0
2025-01-19,Pepperdine Waves,50.0,home,0.0,0.0,False,-24.0
2025-01-19,Saint Mary's Gaels,74.0,away,0.0,0.0,True,24.0
2025-02-04,Kansas Jayhawks,69.0,home,0.0,0.0,True,17.0
2025-02-04,Iowa State Cyclones,52.0,away,0.0,0.0,False,-17.0
2025-02-04,Howard Bison,66.0,home,0.0,0.0,False,-23.0
2025-02-04,South Carolina State Bulldogs,89.0,away,0.0,0.0,True,23.0
2025-02-04,William & Mary Tribe,90.0,home,0.0,0.0,True,15.0
2025-02-04,Charleston Cougars,75.0,away,0.0,0.0,False,-15.0
2025-02-04,Northwestern State Demons,79.0,home,0.0,0.0,True,16.0
2025-02-04,UT Rio Grande Valley Vaqueros,63.0,away,0.0,0.0,False,-16.0
2025-02-04,Weber State Wildcats,77.0,home,0.0,0.0,True,4.0
2025-02-04,Northern Arizona Lumberjacks,73.0,away,0.0,0.0,False,-4.0
2025-02-04,Bethune-Cookman Wildcats,89.0,home,0.0,0.0,True,14.0
2025-02-04,Alabama A&M Bulldogs,75.0,away,0.0,0.0,False,-14.0
2025-02-04,Idaho State Bengals,72.0,home,0.0,0.0,False,-14.0
2025-02-04,Northern Colorado Bears,86.0,away,0.0,0.0,True,14.0
2025-02-04,Delaware State Hornets,84.0,home,0.0,0.0,True,2.0
2025-02-04,Morgan State Bears,82.0,away,0.0,0.0,False,-2.0
2025-02-04,McNeese Cowboys,67.0,home,0.0,0.0,True,2.0
2025-02-04,Incarnate Word Cardinals,65.0,away,0.0,0.0,False,-2.0
2025-02-03,Lehigh Mountain Hawks,94.0,home,0.0,0.0,True,26.0
2025-02-03,Colgate Raiders,68.0,away,0.0,0.0,False,-26.0
2025-02-04,SE Louisiana Lions,81.0,home,0.0,0.0,True,2.0
2025-02-04,Lamar Cardinals,79.0,away,0.0,0.0,False,-2.0
2025-02-04,Norfolk State Spartans,81.0,home,0.0,0.0,True,3.0
2025-02-04,North Carolina Central Eagles,78.0,away,0.0,0.0,False,-3.0
2025-02-04,Florida A&M Rattlers,66.0,home,0.0,0.0,False,-1.0
2025-02-04,Alabama State Hornets,67.0,away,0.0,0.0,True,1.0
2025-02-04,New Orleans Privateers,85.0,home,0.0,0.0,False,-3.0
2025-02-04,Stephen F. Austin Lumberjacks,88.0,away,0.0,0.0,True,3.0
2025-02-04,Pittsburgh Panthers,57.0,home,0.0,0.0,False,-16.0
2025-02-04,Virginia Cavaliers,73.0,away,0.0,0.0,True,16.0
2025-02-04,Maryland Eastern Shore Hawks,57.0,home,0.0,0.0,False,-5.0
2025-02-04,Coppin State Eagles,62.0,away,0.0,0.0,True,5.0
2025-02-04,Nicholls Colonels,75.0,home,0.0,0.0,True,8.0
2025-02-04,Houston Christian Huskies,67.0,away,0.0,0.0,False,-8.0
2025-02-04,East Texas A&M Lions,66.0,home,0.0,0.0,False,-12.0
2025-02-04,Texas A&M-Corpus Christi Islanders,78.0,away,0.0,0.0,True,12.0
2025-02-04,Southern Jaguars,91.0,home,0.0,0.0,True,2.0
2025-02-04,Jackson State Tigers,89.0,away,0.0,0.0,False,-2.0
2025-02-04,Grambling Tigers,53.0,home,0.0,0.0,False,-7.0
2025-02-04,Alcorn State Braves,60.0,away,0.0,0.0,True,7.0
2025-02-04,UAB Blazers,64.0,home,0.0,0.0,True,3.0
2025-02-04,North Texas Mean Green,61.0,away,0.0,0.0,False,-3.0
2025-02-05,Auburn Tigers,98.0,home,0.0,0.0,True,28.0
2025-02-05,Oklahoma Sooners,70.0,away,0.0,0.0,False,-28.0
2025-02-05,Houston Cougars,72.0,home,0.0,0.0,True,9.0
2025-02-05,Oklahoma State Cowboys,63.0,away,0.0,0.0,False,-9.0
2025-02-05,Texas Tech Red Raiders,73.0,home,0.0,0.0,True,14.0
2025-02-05,Baylor Bears,59.0,away,0.0,0.0,False,-14.0
2025-02-05,BYU Cougars,74.0,home,0.0,0.0,False,-11.0
2025-02-05,Arizona Wildcats,85.0,away,0.0,0.0,True,11.0
2025-02-05,Penn State Nittany Lions,61.0,home,0.0,0.0,False,-8.0
2025-02-05,Minnesota Golden Gophers,69.0,away,0.0,0.0,True,8.0
2025-02-04,St. John's Red Storm,70.0,home,0.0,0.0,True,6.0
2025-02-04,Marquette Golden Eagles,64.0,away,0.0,0.0,False,-6.0
2025-02-05,Murray State Racers,45.0,home,0.0,0.0,False,-10.0
2025-02-05,Drake Bulldogs,55.0,away,0.0,0.0,True,10.0
2025-02-05,Ohio Bobcats,94.0,home,0.0,0.0,True,25.0
2025-02-05,Western Michigan Broncos,69.0,away,0.0,0.0,False,-25.0
2025-02-05,Charlotte 49ers,58.0,home,0.0,0.0,False,-8.0
2025-02-05,Wichita State Shockers,66.0,away,0.0,0.0,True,8.0
2025-02-05,Dayton Flyers,69.0,home,0.0,0.0,True,6.0
2025-02-05,Davidson Wildcats,63.0,away,0.0,0.0,False,-6.0
2025-02-05,Florida Gators,86.0,home,0.0,0.0,True,11.0
2025-02-05,Vanderbilt Commodores,75.0,away,0.0,0.0,False,-11.0
2025-02-05,Iowa Hawkeyes,81.0,home,0.0,0.0,False,-9.0
2025-02-05,Purdue Boilermakers,90.0,away,0.0,0.0,True,9.0
2025-02-04,Eastern Michigan Eagles,49.0,home,0.0,0.0,False,-21.0
2025-02-04,Kent State Golden Flashes,70.0,away,0.0,0.0,True,21.0
2025-02-04,Arkansas-Pine Bluff Golden Lions,69.0,home,0.0,0.0,True,1.0
2025-02-04,Texas Southern Tigers,68.0,away,0.0,0.0,False,-1.0
2025-02-05,Wisconsin Badgers,76.0,home,0.0,0.0,True,12.0
2025-02-05,Indiana Hoosiers,64.0,away,0.0,0.0,False,-12.0
2025-02-05,Massachusetts Minutemen,71.0,home,0.0,0.0,False,-2.0
2025-02-05,Saint Louis Billikens,73.0,away,0.0,0.0,True,2.0
2025-02-05,VCU Rams,96.0,home,0.0,0.0,True,30.0
2025-02-05,La Salle Explorers,66.0,away,0.0,0.0,False,-30.0
2025-02-05,Ole Miss Rebels,98.0,home,0.0,0.0,True,14.0
2025-02-05,Kentucky Wildcats,84.0,away,0.0,0.0,False,-14.0
2025-02-05,Florida State Seminoles,67.0,home,0.0,0.0,True,7.0
2025-02-05,Notre Dame Fighting Irish,60.0,away,0.0,0.0,False,-7.0
2025-02-05,UCLA Bruins,63.0,home,0.0,0.0,True,2.0
2025-02-05,Michigan State Spartans,61.0,away,0.0,0.0,False,-2.0
2025-02-05,Central Michigan Chippewas,70.0,home,0.0,0.0,False,-6.0
2025-02-05,Miami (OH) RedHawks,76.0,away,0.0,0.0,True,6.0
2025-02-05,Clemson Tigers,86.0,home,0.0,0.0,False,-3.0
2025-02-05,Georgia Tech Yellow Jackets,89.0,away,0.0,0.0,True,3.0
2025-02-05,Xavier Musketeers,74.0,home,0.0,0.0,True,5.0
2025-02-05,Georgetown Hoyas,69.0,away,0.0,0.0,False,-5.0
2025-02-05,Bowling Green Falcons,84.0,home,0.0,0.0,True,7.0
2025-02-05,Northern Illinois Huskies,77.0,away,0.0,0.0,False,-7.0
2025-02-05,Arizona State Sun Devils,70.0,home,0.0,0.0,False,-1.0
2025-02-05,Kansas State Wildcats,71.0,away,0.0,0.0,True,1.0
2025-02-05,Fresno State Bulldogs,91.0,home,0.0,0.0,False,-3.0
2025-02-05,San José State Spartans,94.0,away,0.0,0.0,True,3.0
2025-02-05,Toledo Rockets,87.0,home,0.0,0.0,True,13.0
2025-02-05,Buffalo Bulls,74.0,away,0.0,0.0,False,-13.0
2025-02-05,Wyoming Cowboys,67.0,home,0.0,0.0,False,-4.0
2025-02-05,Utah State Aggies,71.0,away,0.0,0.0,True,4.0
2025-02-05,SIU Edwardsville Cougars,66.0,home,0.0,0.0,True,25.0
2025-02-05,Eastern Illinois Panthers,41.0,away,0.0,0.0,False,-25.0
2025-02-05,Akron Zips,81.0,home,0.0,0.0,True,8.0
2025-02-05,Ball State Cardinals,73.0,away,0.0,0.0,False,-8.0
2025-02-05,Loyola Chicago Ramblers,77.0,home,0.0,0.0,True,24.0
2025-02-05,St. Bonaventure Bonnies,53.0,away,0.0,0.0,False,-24.0
2025-02-05,Air Force Falcons,60.0,home,0.0,0.0,False,-14.0
2025-02-05,Nevada Wolf Pack,74.0,away,0.0,0.0,True,14.0
2025-02-05,Northwestern Wildcats,77.0,home,0.0,0.0,True,2.0
2025-02-05,USC Trojans,75.0,away,0.0,0.0,False,-2.0
2025-02-05,UNLV Rebels,62.0,home,0.0,0.0,False,-9.0
2025-02-05,Boise State Broncos,71.0,away,0.0,0.0,True,9.0
2025-02-08,Pennsylvania Quakers,59.0,home,0.0,0.0,False,-2.0
2025-02-08,Princeton Tigers,61.0,away,0.0,0.0,True,2.0
2025-02-08,Dayton Flyers,68.0,home,0.0,0.0,False,-5.0
2025-02-08,VCU Rams,73.0,away,0.0,0.0,True,5.0
2025-02-08,Saint Joseph's Hawks,76.0,home,0.0,0.0,True,13.0
2025-02-08,Saint Louis Billikens,63.0,away,0.0,0.0,False,-13.0
2025-02-08,Boise State Broncos,79.0,home,0.0,0.0,True,27.0
2025-02-08,San José State Spartans,52.0,away,0.0,0.0,False,-27.0
2025-02-08,Purdue Boilermakers,90.0,home,0.0,0.0,True,18.0
2025-02-08,USC Trojans,72.0,away,0.0,0.0,False,-18.0
2025-02-08,UConn Huskies,62.0,home,0.0,0.0,False,-6.0
2025-02-08,St. John's Red Storm,68.0,away,0.0,0.0,True,6.0
2025-02-08,Fresno State Bulldogs,81.0,home,0.0,0.0,False,-8.0
2025-02-08,Utah State Aggies,89.0,away,0.0,0.0,True,8.0
2025-02-09,South Florida Bulls,70.0,home,0.0,0.0,False,-5.0
2025-02-09,Wichita State Shockers,75.0,away,0.0,0.0,True,5.0
2025-02-09,Oklahoma State Cowboys,86.0,home,0.0,0.0,True,13.0
2025-02-09,Arizona State Sun Devils,73.0,away,0.0,0.0,False,-13.0
2025-02-09,Nebraska Cornhuskers,79.0,home,0.0,0.0,True,8.0
2025-02-09,Ohio State Buckeyes,71.0,away,0.0,0.0,False,-8.0
2025-02-09,La Salle Explorers,55.0,home,0.0,0.0,False,-23.0
2025-02-09,Massachusetts Minutemen,78.0,away,0.0,0.0,True,23.0
2025-02-09,Memphis Tigers,90.0,home,0.0,0.0,True,8.0
2025-02-09,Temple Owls,82.0,away,0.0,0.0,False,-8.0
2025-02-09,Villanova Wildcats,80.0,home,0.0,0.0,True,12.0
2025-02-09,Xavier Musketeers,68.0,away,0.0,0.0,False,-12.0
2025-02-09,Maryland Terrapins,90.0,home,0.0,0.0,True,9.0
2025-02-09,Rutgers Scarlet Knights,81.0,away,0.0,0.0,False,-9.0
2025-02-09,St. Bonaventure Bonnies,52.0,home,0.0,0.0,False,-10.0
2025-02-09,George Washington Revolutionaries,62.0,away,0.0,0.0,True,10.0
2025-02-11,Nicholls Colonels,60.0,home,0.0,0.0,False,-12.0
2025-02-11,Northwestern State Demons,72.0,away,0.0,0.0,True,12.0
2025-02-11,McNeese Cowboys,67.0,home,0.0,0.0,True,16.0
2025-02-11,East Texas A&M Lions,51.0,away,0.0,0.0,False,-16.0
2025-02-11,Nevada Wolf Pack,94.0,home,0.0,0.0,True,25.0
2025-02-11,Fresno State Bulldogs,69.0,away,0.0,0.0,False,-25.0
2025-02-11,Campbell Fighting Camels,66.0,home,0.0,0.0,True,4.0
2025-02-11,North Carolina A&T Aggies,62.0,away,0.0,0.0,False,-4.0
2025-02-11,Alabama State Hornets,82.0,home,0.0,0.0,True,1.0
2025-02-11,Southern Jaguars,81.0,away,0.0,0.0,False,-1.0
2025-02-11,Alabama A&M Bulldogs,61.0,home,0.0,0.0,False,-11.0
2025-02-11,Grambling Tigers,72.0,away,0.0,0.0,True,11.0
2025-02-11,Maryland Eastern Shore Hawks,57.0,home,0.0,0.0,False,-20.0
2025-02-11,Howard Bison,77.0,away,0.0,0.0,True,20.0
2025-02-11,Houston Christian Huskies,60.0,home,0.0,0.0,False,-9.0
2025-02-11,SE Louisiana Lions,69.0,away,0.0,0.0,True,9.0
2025-02-11,Florida Atlantic Owls,87.0,home,0.0,0.0,True,12.0
2025-02-11,Charlotte 49ers,75.0,away,0.0,0.0,False,-12.0
2025-02-11,Lamar Cardinals,67.0,home,0.0,0.0,True,11.0
2025-02-11,Texas A&M-Corpus Christi Islanders,56.0,away,0.0,0.0,False,-11.0
2025-02-11,Texas Southern Tigers,77.0,home,0.0,0.0,False,-3.0
2025-02-11,Bethune-Cookman Wildcats,80.0,away,0.0,0.0,True,3.0
2025-02-11,Stephen F. Austin Lumberjacks,85.0,home,0.0,0.0,True,10.0
2025-02-11,UT Rio Grande Valley Vaqueros,75.0,away,0.0,0.0,False,-10.0
2025-02-11,Clemson Tigers,85.0,home,0.0,0.0,True,20.0
2025-02-11,North Carolina Tar Heels,65.0,away,0.0,0.0,False,-20.0
2025-02-10,American University Eagles,60.0,home,0.0,0.0,True,2.0
2025-02-10,Lafayette Leopards,58.0,away,0.0,0.0,False,-2.0
2025-02-11,Incarnate Word Cardinals,75.0,home,0.0,0.0,True,10.0
2025-02-11,New Orleans Privateers,65.0,away,0.0,0.0,False,-10.0
2025-02-11,Prairie View A&M Panthers,67.0,home,0.0,0.0,False,-11.0
2025-02-11,Florida A&M Rattlers,78.0,away,0.0,0.0,True,11.0
2025-02-11,Alcorn State Braves,86.0,home,0.0,0.0,True,47.0
2025-02-11,Mississippi Valley State Delta Devils,39.0,away,0.0,0.0,False,-47.0
2025-02-11,Houston Cougars,76.0,home,0.0,0.0,True,11.0
2025-02-11,Baylor Bears,65.0,away,0.0,0.0,False,-11.0
2025-02-11,Jackson State Tigers,94.0,home,0.0,0.0,True,16.0
2025-02-11,Arkansas-Pine Bluff Golden Lions,78.0,away,0.0,0.0,False,-16.0
2025-02-06,Tennessee Volunteers,85.0,home,0.0,0.0,True,4.0
2025-02-06,Missouri Tigers,81.0,away,0.0,0.0,False,-4.0
2025-02-06,Memphis Tigers,83.0,home,0.0,0.0,True,12.0
2025-02-06,Tulsa Golden Hurricane,71.0,away,0.0,0.0,False,-12.0
2025-02-06,Syracuse Orange,54.0,home,0.0,0.0,False,-29.0
2025-02-06,Duke Blue Devils,83.0,away,0.0,0.0,True,29.0
2025-02-05,VMI Keydets,55.0,home,0.0,0.0,False,-7.0
2025-02-05,East Tennessee State Buccaneers,62.0,away,0.0,0.0,True,7.0
2025-02-05,Army Black Knights,68.0,home,0.0,0.0,True,3.0
2025-02-05,Holy Cross Crusaders,65.0,away,0.0,0.0,False,-3.0
2025-02-05,IU Indianapolis Jaguars,80.0,home,0.0,0.0,False,-4.0
2025-02-05,Milwaukee Panthers,84.0,away,0.0,0.0,True,4.0
2025-02-05,App State Mountaineers,60.0,home,0.0,0.0,True,2.0
2025-02-05,Southern Miss Golden Eagles,58.0,away,0.0,0.0,False,-2.0
2025-02-06,Presbyterian Blue Hose,75.0,home,0.0,0.0,True,11.0
2025-02-06,South Carolina Upstate Spartans,64.0,away,0.0,0.0,False,-11.0
2025-02-06,Fordham Rams,80.0,home,0.0,0.0,True,1.0
2025-02-06,Rhode Island Rams,79.0,away,0.0,0.0,False,-1.0
2025-02-06,George Washington Revolutionaries,50.0,home,0.0,0.0,False,-3.0
2025-02-06,George Mason Patriots,53.0,away,0.0,0.0,True,3.0
2025-02-06,Richmond Spiders,73.0,home,0.0,0.0,True,5.0
2025-02-06,Duquesne Dukes,68.0,away,0.0,0.0,False,-5.0
2025-02-06,Radford Highlanders,75.0,home,0.0,0.0,False,-3.0
2025-02-06,High Point Panthers,78.0,away,0.0,0.0,True,3.0
2025-02-05,Michigan Wolverines,80.0,home,0.0,0.0,True,4.0
2025-02-05,Oregon Ducks,76.0,away,0.0,0.0,False,-4.0
2025-02-06,Rutgers Scarlet Knights,82.0,home,0.0,0.0,True,9.0
2025-02-06,Illinois Fighting Illini,73.0,away,0.0,0.0,False,-9.0
2025-02-05,Seton Hall Pirates,54.0,home,0.0,0.0,False,-30.0
2025-02-05,Butler Bulldogs,84.0,away,0.0,0.0,True,30.0
2025-02-06,Charleston Southern Buccaneers,65.0,home,0.0,0.0,False,-18.0
2025-02-06,Winthrop Eagles,83.0,away,0.0,0.0,True,18.0
2025-02-06,UCF Knights,83.0,home,0.0,0.0,False,-10.0
2025-02-06,Cincinnati Bearcats,93.0,away,0.0,0.0,True,10.0
2025-02-06,Boston College Eagles,58.0,home,0.0,0.0,False,-26.0
2025-02-06,Louisville Cardinals,84.0,away,0.0,0.0,True,26.0
2025-02-06,East Carolina Pirates,60.0,home,0.0,0.0,False,-13.0
2025-02-06,Rice Owls,73.0,away,0.0,0.0,True,13.0
2025-02-06,Indiana State Sycamores,80.0,home,0.0,0.0,True,18.0
2025-02-06,Valparaiso Beacons,62.0,away,0.0,0.0,False,-18.0
2025-02-06,James Madison Dukes,64.0,home,0.0,0.0,True,3.0
2025-02-06,Troy Trojans,61.0,away,0.0,0.0,False,-3.0
2025-02-06,Georgia Southern Eagles,83.0,home,0.0,0.0,True,1.0
2025-02-06,Louisiana Ragin' Cajuns,82.0,away,0.0,0.0,False,-1.0
2025-02-06,Missouri State Bears,61.0,home,0.0,0.0,False,-5.0
2025-02-06,Northern Iowa Panthers,66.0,away,0.0,0.0,True,5.0
2025-02-06,Purdue Fort Wayne Mastodons,87.0,home,0.0,0.0,True,23.0
2025-02-06,Wright State Raiders,64.0,away,0.0,0.0,False,-23.0
2025-02-06,Northern Kentucky Norse,85.0,home,0.0,0.0,True,10.0
2025-02-06,Cleveland State Vikings,75.0,away,0.0,0.0,False,-10.0
2025-02-06,Furman Paladins,84.0,home,0.0,0.0,True,9.0
2025-02-06,Western Carolina Catamounts,75.0,away,0.0,0.0,False,-9.0
2025-02-06,Georgia State Panthers,97.0,home,0.0,0.0,True,33.0
2025-02-06,UL Monroe Warhawks,64.0,away,0.0,0.0,False,-33.0
2025-02-06,Boston University Terriers,87.0,home,0.0,0.0,True,22.0
2025-02-06,Navy Midshipmen,65.0,away,0.0,0.0,False,-22.0
2025-02-06,Old Dominion Monarchs,75.0,home,0.0,0.0,True,11.0
2025-02-06,Texas State Bobcats,64.0,away,0.0,0.0,False,-11.0
2025-02-06,Lafayette Leopards,58.0,home,0.0,0.0,False,-13.0
2025-02-06,Loyola Maryland Greyhounds,71.0,away,0.0,0.0,True,13.0
2025-02-06,Coastal Carolina Chanticleers,59.0,home,0.0,0.0,False,-25.0
2025-02-06,South Alabama Jaguars,84.0,away,0.0,0.0,True,25.0
2025-02-06,Bucknell Bison,71.0,home,0.0,0.0,True,22.0
2025-02-06,American University Eagles,49.0,away,0.0,0.0,False,-22.0
2025-02-06,Samford Bulldogs,100.0,home,0.0,0.0,True,21.0
2025-02-06,Mercer Bears,79.0,away,0.0,0.0,False,-21.0
2025-02-06,Central Arkansas Bears,47.0,home,0.0,0.0,False,-16.0
2025-02-06,Queens University Royals,63.0,away,0.0,0.0,True,16.0
2025-02-06,TCU Horned Frogs,65.0,home,0.0,0.0,True,5.0
2025-02-06,West Virginia Mountaineers,60.0,away,0.0,0.0,False,-5.0
2025-02-06,Wofford Terriers,70.0,home,0.0,0.0,False,-9.0
2025-02-06,Chattanooga Mocs,79.0,away,0.0,0.0,True,9.0
2025-02-06,The Citadel Bulldogs,61.0,home,0.0,0.0,False,-15.0
2025-02-06,UNC Greensboro Spartans,76.0,away,0.0,0.0,True,15.0
2025-02-06,UTSA Roadrunners,60.0,home,0.0,0.0,False,-1.0
2025-02-06,Tulane Green Wave,61.0,away,0.0,0.0,True,1.0
2025-02-06,West Georgia Wolves,67.0,home,0.0,0.0,False,-9.0
2025-02-06,Lipscomb Bisons,76.0,away,0.0,0.0,True,9.0
2025-02-06,Robert Morris Colonials,71.0,home,0.0,0.0,True,15.0
2025-02-06,Detroit Mercy Titans,56.0,away,0.0,0.0,False,-15.0
2025-02-06,Virginia Tech Hokies,75.0,home,0.0,0.0,False,-6.0
2025-02-06,SMU Mustangs,81.0,away,0.0,0.0,True,6.0
2025-02-06,Providence Friars,69.0,home,0.0,0.0,False,-11.0
2025-02-06,Creighton Bluejays,80.0,away,0.0,0.0,True,11.0
2025-02-06,DePaul Blue Demons,49.0,home,0.0,0.0,False,-10.0
2025-02-06,Villanova Wildcats,59.0,away,0.0,0.0,True,10.0
2025-02-06,Texas Longhorns,70.0,home,0.0,0.0,False,-8.0
2025-02-06,Arkansas Razorbacks,78.0,away,0.0,0.0,True,8.0
2025-02-06,UIC Flames,79.0,home,0.0,0.0,False,-2.0
2025-02-06,Illinois State Redbirds,81.0,away,0.0,0.0,True,2.0
2025-02-06,New Mexico Lobos,87.0,home,0.0,0.0,True,22.0
2025-02-06,Colorado State Rams,65.0,away,0.0,0.0,False,-22.0
2025-02-06,Evansville Purple Aces,59.0,home,0.0,0.0,False,-9.0
2025-02-06,Southern Illinois Salukis,68.0,away,0.0,0.0,True,9.0
2025-02-06,Utah Utes,72.0,home,0.0,0.0,True,13.0
2025-02-06,Colorado Buffaloes,59.0,away,0.0,0.0,False,-13.0
2025-02-06,Austin Peay Governors,64.0,home,0.0,0.0,False,-10.0
2025-02-06,North Alabama Lions,74.0,away,0.0,0.0,True,10.0
2025-02-06,Bradley Braves,77.0,home,0.0,0.0,False,-3.0
2025-02-06,Belmont Bruins,80.0,away,0.0,0.0,True,3.0
2025-02-06,Washington Huskies,72.0,home,0.0,0.0,False,-14.0
2025-02-06,Nebraska Cornhuskers,86.0,away,0.0,0.0,True,14.0
2025-02-06,Marshall Thundering Herd,77.0,home,0.0,0.0,True,5.0
2025-02-06,Arkansas State Red Wolves,72.0,away,0.0,0.0,False,-5.0
2025-02-06,Georgia Bulldogs,81.0,home,0.0,0.0,True,19.0
2025-02-06,LSU Tigers,62.0,away,0.0,0.0,False,-19.0
2025-02-06,Stanford Cardinal,73.0,home,0.0,0.0,False,-6.0
2025-02-06,Wake Forest Demon Deacons,79.0,away,0.0,0.0,True,6.0
2025-02-06,California Golden Bears,74.0,home,0.0,0.0,True,12.0
2025-02-06,NC State Wolfpack,62.0,away,0.0,0.0,False,-12.0
2025-02-06,Maine Black Bears,78.0,home,0.0,0.0,True,4.0
2025-02-06,NJIT Highlanders,74.0,away,0.0,0.0,False,-4.0
2025-02-06,Stony Brook Seawolves,59.0,home,0.0,0.0,False,-7.0
2025-02-06,Towson Tigers,66.0,away,0.0,0.0,True,7.0
2025-02-07,Chicago State Cougars,85.0,home,0.0,0.0,True,7.0
2025-02-07,Mercyhurst Lakers,78.0,away,0.0,0.0,False,-7.0
2025-02-06,Delaware Blue Hens,67.0,home,0.0,0.0,False,-10.0
2025-02-06,UNC Wilmington Seahawks,77.0,away,0.0,0.0,True,10.0
2025-02-07,Wagner Seahawks,47.0,home,0.0,0.0,False,-13.0
2025-02-07,Long Island University Sharks,60.0,away,0.0,0.0,True,13.0
2025-02-06,Bryant Bulldogs,63.0,home,0.0,0.0,False,-5.0
2025-02-06,UAlbany Great Danes,68.0,away,0.0,0.0,True,5.0
2025-02-07,Hofstra Pride,68.0,home,0.0,0.0,False,-9.0
2025-02-07,Northeastern Huskies,77.0,away,0.0,0.0,True,9.0
2025-02-07,New Hampshire Wildcats,79.0,home,0.0,0.0,True,1.0
2025-02-07,UMBC Retrievers,78.0,away,0.0,0.0,False,-1.0
2025-02-07,Ohio State Buckeyes,73.0,home,0.0,0.0,True,3.0
2025-02-07,Maryland Terrapins,70.0,away,0.0,0.0,False,-3.0
2025-02-07,Campbell Fighting Camels,76.0,home,0.0,0.0,True,18.0
2025-02-07,Elon Phoenix,58.0,away,0.0,0.0,False,-18.0
2025-02-07,Drexel Dragons,86.0,home,0.0,0.0,True,20.0
2025-02-07,William & Mary Tribe,66.0,away,0.0,0.0,False,-20.0
2025-02-07,Saint Francis Red Flash,86.0,home,0.0,0.0,True,8.0
2025-02-07,Le Moyne Dolphins,78.0,away,0.0,0.0,False,-8.0
2025-02-07,Florida Gulf Coast Eagles,74.0,home,0.0,0.0,False,-18.0
2025-02-07,Eastern Kentucky Colonels,92.0,away,0.0,0.0,True,18.0
2025-02-07,Oakland Golden Grizzlies,75.0,home,0.0,0.0,False,-9.0
2025-02-07,Youngstown State Penguins,84.0,away,0.0,0.0,True,9.0
2025-02-06,Binghamton Bearcats,66.0,home,0.0,0.0,True,12.0
2025-02-06,UMass Lowell River Hawks,54.0,away,0.0,0.0,False,-12.0
2025-02-07,South Florida Bulls,100.0,home,0.0,0.0,True,9.0
2025-02-07,Temple Owls,91.0,away,0.0,0.0,False,-9.0
2025-02-07,Stetson Hatters,65.0,home,0.0,0.0,False,-9.0
2025-02-07,Jacksonville Dolphins,74.0,away,0.0,0.0,True,9.0
2025-02-06,Charleston Cougars,66.0,home,0.0,0.0,True,3.0
2025-02-06,North Carolina A&T Aggies,63.0,away,0.0,0.0,False,-3.0
2025-02-07,Monmouth Hawks,68.0,home,0.0,0.0,True,5.0
2025-02-07,Hampton Pirates,63.0,away,0.0,0.0,False,-5.0
2025-02-07,Quinnipiac Bobcats,89.0,home,0.0,0.0,True,18.0
2025-02-07,Canisius Golden Griffins,71.0,away,0.0,0.0,False,-18.0
2025-02-07,Mount St. Mary's Mountaineers,67.0,home,0.0,0.0,False,-3.0
2025-02-07,Iona Gaels,70.0,away,0.0,0.0,True,3.0
2025-02-07,Fairfield Stags,59.0,home,0.0,0.0,True,3.0
2025-02-07,Marist Red Foxes,56.0,away,0.0,0.0,False,-3.0
2025-02-07,Kennesaw State Owls,76.0,home,0.0,0.0,True,7.0
2025-02-07,Western Kentucky Hilltoppers,69.0,away,0.0,0.0,False,-7.0
2025-02-07,Merrimack Warriors,64.0,home,0.0,0.0,True,5.0
2025-02-07,Niagara Purple Eagles,59.0,away,0.0,0.0,False,-5.0
2025-02-07,Florida International Panthers,85.0,home,0.0,0.0,True,3.0
2025-02-07,Sam Houston Bearkats,82.0,away,0.0,0.0,False,-3.0
2025-02-07,Sacred Heart Pioneers,89.0,home,0.0,0.0,True,12.0
2025-02-07,Rider Broncs,77.0,away,0.0,0.0,False,-12.0
2025-02-07,Siena Saints,77.0,home,0.0,0.0,True,14.0
2025-02-07,Saint Peter's Peacocks,63.0,away,0.0,0.0,False,-14.0
2025-02-07,North Florida Ospreys,95.0,home,0.0,0.0,True,7.0
2025-02-07,Bellarmine Knights,88.0,away,0.0,0.0,False,-7.0
2025-02-07,Utah Valley Wolverines,94.0,home,0.0,0.0,True,21.0
2025-02-07,UT Arlington Mavericks,73.0,away,0.0,0.0,False,-21.0
2025-02-07,Southern Indiana Screaming Eagles,56.0,home,0.0,0.0,False,-18.0
2025-02-07,Little Rock Trojans,74.0,away,0.0,0.0,True,18.0
2025-02-07,Omaha Mavericks,80.0,home,0.0,0.0,True,3.0
2025-02-07,North Dakota Fighting Hawks,77.0,away,0.0,0.0,False,-3.0
2025-02-07,Morehead State Eagles,51.0,home,0.0,0.0,False,-29.0
2025-02-07,Southeast Missouri State Redhawks,80.0,away,0.0,0.0,True,29.0
2025-02-07,South Dakota State Jackrabbits,102.0,home,0.0,0.0,True,16.0
2025-02-07,St. Thomas-Minnesota Tommies,86.0,away,0.0,0.0,False,-16.0
2025-02-07,Liberty Flames,77.0,home,0.0,0.0,True,24.0
2025-02-07,Louisiana Tech Bulldogs,53.0,away,0.0,0.0,False,-24.0
2025-02-07,Northern Arizona Lumberjacks,69.0,home,0.0,0.0,True,5.0
2025-02-07,Montana State Bobcats,64.0,away,0.0,0.0,False,-5.0
2025-02-07,Kansas City Roos,72.0,home,0.0,0.0,False,-6.0
2025-02-07,North Dakota State Bison,78.0,away,0.0,0.0,True,6.0
2025-02-07,Central Connecticut Blue Devils,87.0,home,0.0,0.0,True,21.0
2025-02-07,Fairleigh Dickinson Knights,66.0,away,0.0,0.0,False,-21.0
2025-02-07,Tennessee State Tigers,87.0,home,0.0,0.0,True,18.0
2025-02-07,Western Illinois Leathernecks,69.0,away,0.0,0.0,False,-18.0
2025-02-07,Northern Colorado Bears,78.0,home,0.0,0.0,False,-8.0
2025-02-07,Montana Grizzlies,86.0,away,0.0,0.0,True,8.0
2025-02-07,Jacksonville State Gamecocks,77.0,home,0.0,0.0,True,14.0
2025-02-07,Middle Tennessee Blue Raiders,63.0,away,0.0,0.0,False,-14.0
2025-02-07,UNC Asheville Bulldogs,78.0,home,0.0,0.0,True,8.0
2025-02-07,Gardner-Webb Runnin' Bulldogs,70.0,away,0.0,0.0,False,-8.0
2025-02-07,Idaho Vandals,69.0,home,0.0,0.0,False,-7.0
2025-02-07,Portland State Vikings,76.0,away,0.0,0.0,True,7.0
2025-02-07,Gonzaga Bulldogs,73.0,home,0.0,0.0,True,20.0
2025-02-07,Loyola Marymount Lions,53.0,away,0.0,0.0,False,-20.0
2025-02-07,Utah Tech Trailblazers,72.0,home,0.0,0.0,False,-14.0
2025-02-07,Abilene Christian Wildcats,86.0,away,0.0,0.0,True,14.0
2025-02-07,Denver Pioneers,79.0,home,0.0,0.0,False,-7.0
2025-02-07,South Dakota Coyotes,86.0,away,0.0,0.0,True,7.0
2025-02-07,Eastern Washington Eagles,83.0,home,0.0,0.0,True,3.0
2025-02-07,Sacramento State Hornets,80.0,away,0.0,0.0,False,-3.0
2025-02-07,UT Martin Skyhawks,51.0,home,0.0,0.0,False,-1.0
2025-02-07,Lindenwood Lions,52.0,away,0.0,0.0,True,1.0
2025-02-07,San Francisco Dons,65.0,home,0.0,0.0,True,1.0
2025-02-07,Saint Mary's Gaels,64.0,away,0.0,0.0,False,-1.0
2025-02-07,Cal State Bakersfield Roadrunners,75.0,home,0.0,0.0,False,-6.0
2025-02-07,UC Santa Barbara Gauchos,81.0,away,0.0,0.0,True,6.0
2025-02-07,UC San Diego Tritons,91.0,home,0.0,0.0,True,20.0
2025-02-07,UC Riverside Highlanders,71.0,away,0.0,0.0,False,-20.0
2025-02-07,Pacific Tigers,71.0,home,0.0,0.0,True,2.0
2025-02-07,San Diego Toreros,69.0,away,0.0,0.0,False,-2.0
2025-02-07,Cal State Northridge Matadors,82.0,home,0.0,0.0,True,19.0
2025-02-07,Cal State Fullerton Titans,63.0,away,0.0,0.0,False,-19.0
2025-02-07,Portland Pilots,50.0,home,0.0,0.0,False,-47.0
2025-02-07,Santa Clara Broncos,97.0,away,0.0,0.0,True,47.0
2025-02-07,Long Beach State Beach,65.0,home,0.0,0.0,False,-8.0
2025-02-07,UC Davis Aggies,73.0,away,0.0,0.0,True,8.0
2025-02-07,Oregon State Beavers,82.0,home,0.0,0.0,True,8.0
2025-02-07,Washington State Cougars,74.0,away,0.0,0.0,False,-8.0
2025-02-07,Cal Poly Mustangs,79.0,home,0.0,0.0,True,16.0
2025-02-07,Hawai'i Rainbow Warriors,63.0,away,0.0,0.0,False,-16.0
2025-02-07,Seattle U Redhawks,91.0,home,0.0,0.0,True,37.0
2025-02-07,Tarleton State Texans,54.0,away,0.0,0.0,False,-37.0
2025-02-07,California Baptist Lancers,57.0,home,0.0,0.0,False,-3.0
2025-02-07,Southern Utah Thunderbirds,60.0,away,0.0,0.0,True,3.0
2025-02-07,Tennessee Tech Golden Eagles,58.0,home,0.0,0.0,False,-17.0
2025-02-07,SIU Edwardsville Cougars,75.0,away,0.0,0.0,True,17.0
2025-01-25,Texas Longhorns,70.0,home,0.0,0.0,True,1.0
2025-01-25,Texas A&M Aggies,69.0,away,0.0,0.0,False,-1.0
2025-01-25,Arizona State Sun Devils,61.0,home,0.0,0.0,False,-15.0
2025-01-25,Iowa State Cyclones,76.0,away,0.0,0.0,True,15.0
2025-01-25,Minnesota Golden Gophers,77.0,home,0.0,0.0,True,8.0
2025-01-25,Oregon Ducks,69.0,away,0.0,0.0,False,-8.0
2025-01-26,Auburn Tigers,53.0,home,0.0,0.0,True,2.0
2025-01-26,Tennessee Volunteers,51.0,away,0.0,0.0,False,-2.0
2025-01-25,Florida Gators,89.0,home,0.0,0.0,True,30.0
2025-01-25,Georgia Bulldogs,59.0,away,0.0,0.0,False,-30.0
2025-01-25,Vanderbilt Commodores,74.0,home,0.0,0.0,True,5.0
2025-01-25,Kentucky Wildcats,69.0,away,0.0,0.0,False,-5.0
2025-01-25,Missouri Tigers,83.0,home,0.0,0.0,True,8.0
2025-01-25,Ole Miss Rebels,75.0,away,0.0,0.0,False,-8.0
2025-01-25,Hofstra Pride,67.0,home,0.0,0.0,False,-2.0
2025-01-25,Campbell Fighting Camels,69.0,away,0.0,0.0,True,2.0
2025-01-25,Norfolk State Spartans,92.0,home,0.0,0.0,True,17.0
2025-01-25,Howard Bison,75.0,away,0.0,0.0,False,-17.0
2025-01-25,NC State Wolfpack,57.0,home,0.0,0.0,False,-6.0
2025-01-25,SMU Mustangs,63.0,away,0.0,0.0,True,6.0
2025-01-25,Kansas State Wildcats,73.0,home,0.0,0.0,True,13.0
2025-01-25,West Virginia Mountaineers,60.0,away,0.0,0.0,False,-13.0
2025-01-26,Alabama Crimson Tide,80.0,home,0.0,0.0,True,7.0
2025-01-26,LSU Tigers,73.0,away,0.0,0.0,False,-7.0
2025-01-25,Syracuse Orange,73.0,home,0.0,0.0,False,-4.0
2025-01-25,Pittsburgh Panthers,77.0,away,0.0,0.0,True,4.0
2025-01-25,Rutgers Scarlet Knights,74.0,home,0.0,0.0,False,-7.0
2025-01-25,Michigan State Spartans,81.0,away,0.0,0.0,True,7.0
2025-01-25,Kansas Jayhawks,86.0,home,0.0,0.0,False,-6.0
2025-01-25,Houston Cougars,92.0,away,0.0,0.0,True,6.0
2025-01-25,Wake Forest Demon Deacons,56.0,home,0.0,0.0,False,-7.0
2025-01-25,Duke Blue Devils,63.0,away,0.0,0.0,True,7.0
2025-01-25,Providence Friars,78.0,home,0.0,0.0,True,10.0
2025-01-25,Georgetown Hoyas,68.0,away,0.0,0.0,False,-10.0
2025-01-25,Stony Brook Seawolves,89.0,home,0.0,0.0,True,15.0
2025-01-25,North Carolina A&T Aggies,74.0,away,0.0,0.0,False,-15.0
2025-01-26,Xavier Musketeers,76.0,home,0.0,0.0,True,4.0
2025-01-26,UConn Huskies,72.0,away,0.0,0.0,False,-4.0
2025-01-25,South Carolina Gamecocks,60.0,home,0.0,0.0,False,-5.0
2025-01-25,Mississippi State Bulldogs,65.0,away,0.0,0.0,True,5.0
2025-01-25,East Carolina Pirates,64.0,home,0.0,0.0,True,9.0
2025-01-25,South Florida Bulls,55.0,away,0.0,0.0,False,-9.0
2025-01-25,Canisius Golden Griffins,47.0,home,0.0,0.0,False,-23.0
2025-01-25,Marist Red Foxes,70.0,away,0.0,0.0,True,23.0
2025-01-25,Iona Gaels,72.0,home,0.0,0.0,True,4.0
2025-01-25,Siena Saints,68.0,away,0.0,0.0,False,-4.0
2025-01-25,Vermont Catamounts,63.0,home,0.0,0.0,False,-17.0
2025-01-25,UMBC Retrievers,80.0,away,0.0,0.0,True,17.0
2025-01-25,Boston University Terriers,85.0,home,0.0,0.0,True,3.0
2025-01-25,Bucknell Bison,82.0,away,0.0,0.0,False,-3.0
2025-01-25,Creighton Bluejays,79.0,home,0.0,0.0,True,25.0
2025-01-25,Seton Hall Pirates,54.0,away,0.0,0.0,False,-25.0
2025-01-25,Queens University Royals,77.0,home,0.0,0.0,False,-10.0
2025-01-25,Jacksonville Dolphins,87.0,away,0.0,0.0,True,10.0
2025-01-25,Wright State Raiders,67.0,home,0.0,0.0,True,17.0
2025-01-25,Detroit Mercy Titans,50.0,away,0.0,0.0,False,-17.0
2025-01-25,Indiana State Sycamores,56.0,home,0.0,0.0,False,-18.0
2025-01-25,Northern Iowa Panthers,74.0,away,0.0,0.0,True,18.0
2025-01-25,La Salle Explorers,70.0,home,0.0,0.0,True,6.0
2025-01-25,Rhode Island Rams,64.0,away,0.0,0.0,False,-6.0
2025-01-25,VMI Keydets,57.0,home,0.0,0.0,False,-3.0
2025-01-25,UNC Greensboro Spartans,60.0,away,0.0,0.0,True,3.0
2025-01-25,Brown Bears,83.0,home,0.0,0.0,False,-1.0
2025-01-25,Dartmouth Big Green,84.0,away,0.0,0.0,True,1.0
2025-01-25,Bradley Braves,61.0,home,0.0,0.0,True,4.0
2025-01-25,Illinois State Redbirds,57.0,away,0.0,0.0,False,-4.0
2025-01-25,The Citadel Bulldogs,78.0,home,0.0,0.0,False,-2.0
2025-01-25,Western Carolina Catamounts,80.0,away,0.0,0.0,True,2.0
2025-01-25,Pennsylvania Quakers,93.0,home,0.0,0.0,True,15.0
2025-01-25,Columbia Lions,78.0,away,0.0,0.0,False,-15.0
2025-01-25,High Point Panthers,84.0,home,0.0,0.0,True,22.0
2025-01-25,Winthrop Eagles,62.0,away,0.0,0.0,False,-22.0
2025-01-25,Loyola Maryland Greyhounds,65.0,home,0.0,0.0,False,-5.0
2025-01-25,Holy Cross Crusaders,70.0,away,0.0,0.0,True,5.0
2025-01-25,George Washington Revolutionaries,67.0,home,0.0,0.0,True,6.0
2025-01-25,Saint Louis Billikens,61.0,away,0.0,0.0,False,-6.0
2025-01-25,Yale Bulldogs,84.0,home,0.0,0.0,True,29.0
2025-01-25,Harvard Crimson,55.0,away,0.0,0.0,False,-29.0
2025-01-25,Princeton Tigers,76.0,home,0.0,0.0,False,-9.0
2025-01-25,Cornell Big Red,85.0,away,0.0,0.0,True,9.0
2025-01-25,Robert Morris Colonials,73.0,home,0.0,0.0,True,2.0
2025-01-25,Oakland Golden Grizzlies,71.0,away,0.0,0.0,False,-2.0
2025-01-25,Central Arkansas Bears,55.0,home,0.0,0.0,False,-13.0
2025-01-25,Lipscomb Bisons,68.0,away,0.0,0.0,True,13.0
2025-01-25,Bryant Bulldogs,83.0,home,0.0,0.0,True,14.0
2025-01-25,Binghamton Bearcats,69.0,away,0.0,0.0,False,-14.0
2025-01-25,IU Indianapolis Jaguars,80.0,home,0.0,0.0,False,-11.0
2025-01-25,Purdue Fort Wayne Mastodons,91.0,away,0.0,0.0,True,11.0
2025-01-25,William & Mary Tribe,78.0,home,0.0,0.0,True,5.0
2025-01-25,Monmouth Hawks,73.0,away,0.0,0.0,False,-5.0
2025-01-25,UMass Lowell River Hawks,97.0,home,0.0,0.0,True,17.0
2025-01-25,New Hampshire Wildcats,80.0,away,0.0,0.0,False,-17.0
2025-01-25,Drexel Dragons,67.0,home,0.0,0.0,True,13.0
2025-01-25,Delaware Blue Hens,54.0,away,0.0,0.0,False,-13.0
2025-01-25,Niagara Purple Eagles,77.0,home,0.0,0.0,False,-9.0
2025-01-25,Sacred Heart Pioneers,86.0,away,0.0,0.0,True,9.0
2025-01-25,Rice Owls,71.0,home,0.0,0.0,False,-11.0
2025-01-25,Tulane Green Wave,82.0,away,0.0,0.0,True,11.0
2025-01-25,West Georgia Wolves,92.0,home,0.0,0.0,True,20.0
2025-01-25,North Florida Ospreys,72.0,away,0.0,0.0,False,-20.0
2025-01-25,Arizona Wildcats,78.0,home,0.0,0.0,True,15.0
2025-01-25,Colorado Buffaloes,63.0,away,0.0,0.0,False,-15.0
2025-01-25,Akron Zips,102.0,home,0.0,0.0,True,27.0
2025-01-25,Miami (OH) RedHawks,75.0,away,0.0,0.0,False,-27.0
2025-01-25,Quinnipiac Bobcats,75.0,home,0.0,0.0,True,11.0
2025-01-25,Rider Broncs,64.0,away,0.0,0.0,False,-11.0
2025-01-25,North Carolina Tar Heels,102.0,home,0.0,0.0,True,6.0
2025-01-25,Boston College Eagles,96.0,away,0.0,0.0,False,-6.0
2025-01-25,UIC Flames,85.0,home,0.0,0.0,False,-4.0
2025-01-25,Southern Illinois Salukis,89.0,away,0.0,0.0,True,4.0
2025-01-25,UNLV Rebels,73.0,home,0.0,0.0,False,-2.0
2025-01-25,New Mexico Lobos,75.0,away,0.0,0.0,True,2.0
2025-01-25,Eastern Michigan Eagles,90.0,home,0.0,0.0,True,13.0
2025-01-25,Buffalo Bulls,77.0,away,0.0,0.0,False,-13.0
2025-01-25,Longwood Lancers,80.0,home,0.0,0.0,True,26.0
2025-01-25,South Carolina Upstate Spartans,54.0,away,0.0,0.0,False,-26.0
2025-01-25,Bellarmine Knights,76.0,home,0.0,0.0,False,-5.0
2025-01-25,Stetson Hatters,81.0,away,0.0,0.0,True,5.0
2025-01-25,Idaho Vandals,72.0,home,0.0,0.0,False,-8.0
2025-01-25,Northern Arizona Lumberjacks,80.0,away,0.0,0.0,True,8.0
2025-01-25,Georgia Southern Eagles,67.0,home,0.0,0.0,False,-4.0
2025-01-25,Marshall Thundering Herd,71.0,away,0.0,0.0,True,4.0
2025-01-25,Cleveland State Vikings,81.0,home,0.0,0.0,True,15.0
2025-01-25,Green Bay Phoenix,66.0,away,0.0,0.0,False,-15.0
2025-01-25,UL Monroe Warhawks,58.0,home,0.0,0.0,False,-8.0
2025-01-25,App State Mountaineers,66.0,away,0.0,0.0,True,8.0
2025-01-25,UCF Knights,85.0,home,0.0,0.0,True,27.0
2025-01-25,TCU Horned Frogs,58.0,away,0.0,0.0,False,-27.0
2025-01-25,Sam Houston Bearkats,66.0,home,0.0,0.0,False,-9.0
2025-01-25,Western Kentucky Hilltoppers,75.0,away,0.0,0.0,True,9.0
2025-01-25,Charleston Southern Buccaneers,61.0,home,0.0,0.0,False,-8.0
2025-01-25,UNC Asheville Bulldogs,69.0,away,0.0,0.0,True,8.0
2025-01-25,Valparaiso Beacons,68.0,home,0.0,0.0,False,-10.0
2025-01-25,Evansville Purple Aces,78.0,away,0.0,0.0,True,10.0
2025-01-25,Missouri State Bears,62.0,home,0.0,0.0,False,-7.0
2025-01-25,Drake Bulldogs,69.0,away,0.0,0.0,True,7.0
2025-01-25,Air Force Falcons,58.0,home,0.0,0.0,False,-29.0
2025-01-25,Utah State Aggies,87.0,away,0.0,0.0,True,29.0
2025-01-25,American University Eagles,81.0,home,0.0,0.0,True,4.0
2025-01-25,Colgate Raiders,77.0,away,0.0,0.0,False,-4.0
2025-01-25,Arkansas State Red Wolves,80.0,home,0.0,0.0,True,15.0
2025-01-25,Texas State Bobcats,65.0,away,0.0,0.0,False,-15.0
2025-01-25,Georgia State Panthers,79.0,home,0.0,0.0,False,-7.0
2025-01-25,James Madison Dukes,86.0,away,0.0,0.0,True,7.0
2025-01-25,UTSA Roadrunners,88.0,home,0.0,0.0,True,9.0
2025-01-25,Temple Owls,79.0,away,0.0,0.0,False,-9.0
2025-01-25,Murray State Racers,77.0,home,0.0,0.0,False,-18.0
2025-01-25,Belmont Bruins,95.0,away,0.0,0.0,True,18.0
2025-01-25,Eastern Kentucky Colonels,81.0,home,0.0,0.0,True,4.0
2025-01-25,Florida Gulf Coast Eagles,77.0,away,0.0,0.0,False,-4.0
2025-01-25,UAlbany Great Danes,68.0,home,0.0,0.0,True,6.0
2025-01-25,NJIT Highlanders,62.0,away,0.0,0.0,False,-6.0
2025-01-25,Sacramento State Hornets,81.0,home,0.0,0.0,False,-6.0
2025-01-25,Weber State Wildcats,87.0,away,0.0,0.0,True,6.0
2025-01-25,Butler Bulldogs,86.0,home,0.0,0.0,True,17.0
2025-01-25,DePaul Blue Demons,69.0,away,0.0,0.0,False,-17.0
2025-01-25,East Tennessee State Buccaneers,63.0,home,0.0,0.0,False,-8.0
2025-01-25,Chattanooga Mocs,71.0,away,0.0,0.0,True,8.0
2025-01-25,Abilene Christian Wildcats,76.0,home,0.0,0.0,False,-3.0
2025-01-25,UT Arlington Mavericks,79.0,away,0.0,0.0,True,3.0
2025-01-25,Alabama State Hornets,66.0,home,0.0,0.0,True,3.0
2025-01-25,Prairie View A&M Panthers,63.0,away,0.0,0.0,False,-3.0
2025-01-25,Morgan State Bears,80.0,home,0.0,0.0,True,16.0
2025-01-25,Coppin State Eagles,64.0,away,0.0,0.0,False,-16.0
2025-01-25,Presbyterian Blue Hose,69.0,home,0.0,0.0,False,-13.0
2025-01-25,Radford Highlanders,82.0,away,0.0,0.0,True,13.0
2025-01-25,Mount St. Mary's Mountaineers,64.0,home,0.0,0.0,False,-10.0
2025-01-25,Manhattan Jaspers,74.0,away,0.0,0.0,True,10.0
2025-01-25,Texas A&M-Corpus Christi Islanders,61.0,home,0.0,0.0,True,4.0
2025-01-25,Nicholls Colonels,57.0,away,0.0,0.0,False,-4.0
2025-01-25,Utah Utes,61.0,home,0.0,0.0,False,-15.0
2025-01-25,Baylor Bears,76.0,away,0.0,0.0,True,15.0
2025-01-25,Maryland Eastern Shore Hawks,66.0,home,0.0,0.0,False,-7.0
2025-01-25,Delaware State Hornets,73.0,away,0.0,0.0,True,7.0
2025-01-25,Jackson State Tigers,86.0,home,0.0,0.0,True,5.0
2025-01-25,Bethune-Cookman Wildcats,81.0,away,0.0,0.0,False,-5.0
2025-01-25,Northern Illinois Huskies,76.0,home,0.0,0.0,True,10.0
2025-01-25,Ball State Cardinals,66.0,away,0.0,0.0,False,-10.0
2025-01-25,SIU Edwardsville Cougars,65.0,home,0.0,0.0,True,11.0
2025-01-25,Morehead State Eagles,54.0,away,0.0,0.0,False,-11.0
2025-01-25,UT Martin Skyhawks,85.0,home,0.0,0.0,False,-4.0
2025-01-25,Tennessee Tech Golden Eagles,89.0,away,0.0,0.0,True,4.0
2025-01-25,Eastern Illinois Panthers,60.0,home,0.0,0.0,False,-4.0
2025-01-25,Southern Indiana Screaming Eagles,64.0,away,0.0,0.0,True,4.0
2025-01-25,Western Illinois Leathernecks,51.0,home,0.0,0.0,False,-21.0
2025-01-25,Southeast Missouri State Redhawks,72.0,away,0.0,0.0,True,21.0
2025-01-25,SE Louisiana Lions,86.0,home,0.0,0.0,True,23.0
2025-01-25,Incarnate Word Cardinals,63.0,away,0.0,0.0,False,-23.0
2025-01-25,Mercer Bears,74.0,home,0.0,0.0,False,-5.0
2025-01-25,Furman Paladins,79.0,away,0.0,0.0,True,5.0
2025-01-25,Alcorn State Braves,64.0,home,0.0,0.0,False,-1.0
2025-01-25,Florida A&M Rattlers,65.0,away,0.0,0.0,True,1.0
2025-01-25,Lindenwood Lions,46.0,home,0.0,0.0,False,-32.0
2025-01-25,Little Rock Trojans,78.0,away,0.0,0.0,True,32.0
2025-01-25,North Carolina Central Eagles,82.0,home,0.0,0.0,True,5.0
2025-01-25,South Carolina State Bulldogs,77.0,away,0.0,0.0,False,-5.0
2025-01-25,Portland State Vikings,76.0,home,0.0,0.0,True,17.0
2025-01-25,Idaho State Bengals,59.0,away,0.0,0.0,False,-17.0
2025-01-25,Virginia Tech Hokies,57.0,home,0.0,0.0,False,-15.0
2025-01-25,Clemson Tigers,72.0,away,0.0,0.0,True,15.0
2025-01-25,Cal Poly Mustangs,78.0,home,0.0,0.0,True,9.0
2025-01-25,Long Beach State Beach,69.0,away,0.0,0.0,False,-9.0
2025-01-25,UT Rio Grande Valley Vaqueros,63.0,home,0.0,0.0,False,-30.0
2025-01-25,McNeese Cowboys,93.0,away,0.0,0.0,True,30.0
2025-01-25,Eastern Washington Eagles,62.0,home,0.0,0.0,False,-5.0
2025-01-25,Northern Colorado Bears,67.0,away,0.0,0.0,True,5.0
2025-01-25,Richmond Spiders,66.0,home,0.0,0.0,False,-6.0
2025-01-25,Davidson Wildcats,72.0,away,0.0,0.0,True,6.0
2025-01-25,Alabama A&M Bulldogs,78.0,home,0.0,0.0,False,-4.0
2025-01-25,Texas Southern Tigers,82.0,away,0.0,0.0,True,4.0
2025-01-25,North Dakota State Bison,87.0,home,0.0,0.0,True,5.0
2025-01-25,North Dakota Fighting Hawks,82.0,away,0.0,0.0,False,-5.0
2025-01-25,Arkansas-Pine Bluff Golden Lions,67.0,home,0.0,0.0,False,-16.0
2025-01-25,Southern Jaguars,83.0,away,0.0,0.0,True,16.0
2025-01-25,South Dakota State Jackrabbits,90.0,home,0.0,0.0,True,19.0
2025-01-25,South Dakota Coyotes,71.0,away,0.0,0.0,False,-19.0
2025-01-26,Fresno State Bulldogs,64.0,home,0.0,0.0,False,-5.0
2025-01-26,Colorado State Rams,69.0,away,0.0,0.0,True,5.0
2025-01-25,Florida International Panthers,59.0,home,0.0,0.0,False,-23.0
2025-01-25,Liberty Flames,82.0,away,0.0,0.0,True,23.0
2025-01-25,Louisiana Tech Bulldogs,75.0,home,0.0,0.0,True,6.0
2025-01-25,Middle Tennessee Blue Raiders,69.0,away,0.0,0.0,False,-6.0
2025-01-25,Stephen F. Austin Lumberjacks,54.0,home,0.0,0.0,False,-3.0
2025-01-25,Northwestern State Demons,57.0,away,0.0,0.0,True,3.0
2025-01-25,Troy Trojans,65.0,home,0.0,0.0,True,10.0
2025-01-25,South Alabama Jaguars,55.0,away,0.0,0.0,False,-10.0
2025-01-25,Oregon State Beavers,83.0,home,0.0,0.0,True,14.0
2025-01-25,Santa Clara Broncos,69.0,away,0.0,0.0,False,-14.0
2025-01-25,New Orleans Privateers,76.0,home,0.0,0.0,False,-10.0
2025-01-25,Houston Christian Huskies,86.0,away,0.0,0.0,True,10.0
2025-01-25,Samford Bulldogs,77.0,home,0.0,0.0,True,16.0
2025-01-25,Wofford Terriers,61.0,away,0.0,0.0,False,-16.0
2025-01-25,Virginia Cavaliers,59.0,home,0.0,0.0,False,-15.0
2025-01-25,Notre Dame Fighting Irish,74.0,away,0.0,0.0,True,15.0
2025-01-26,Lamar Cardinals,61.0,home,0.0,0.0,True,3.0
2025-01-26,East Texas A&M Lions,58.0,away,0.0,0.0,False,-3.0
2025-01-26,Lehigh Mountain Hawks,86.0,home,0.0,0.0,True,39.0
2025-01-26,Lafayette Leopards,47.0,away,0.0,0.0,False,-39.0
2025-01-26,Stanford Cardinal,78.0,home,0.0,0.0,True,7.0
2025-01-26,Florida State Seminoles,71.0,away,0.0,0.0,False,-7.0
2025-01-26,Old Dominion Monarchs,74.0,home,0.0,0.0,True,22.0
2025-01-26,Coastal Carolina Chanticleers,52.0,away,0.0,0.0,False,-22.0
2025-01-26,UNC Wilmington Seahawks,83.0,home,0.0,0.0,True,21.0
2025-01-26,Hampton Pirates,62.0,away,0.0,0.0,False,-21.0
2025-01-26,Fairfield Stags,54.0,home,0.0,0.0,False,-21.0
2025-01-26,Merrimack Warriors,75.0,away,0.0,0.0,True,21.0
2025-01-26,Elon Phoenix,62.0,home,0.0,0.0,False,-14.0
2025-01-26,Charleston Cougars,76.0,away,0.0,0.0,True,14.0
2025-01-26,Central Michigan Chippewas,73.0,home,0.0,0.0,True,21.0
2025-01-26,Western Michigan Broncos,52.0,away,0.0,0.0,False,-21.0
2025-01-26,North Alabama Lions,88.0,home,0.0,0.0,True,4.0
2025-01-26,Austin Peay Governors,84.0,away,0.0,0.0,False,-4.0
2025-01-26,San José State Spartans,67.0,home,0.0,0.0,True,9.0
2025-01-26,Wyoming Cowboys,58.0,away,0.0,0.0,False,-9.0
2025-01-26,Louisiana Ragin' Cajuns,59.0,home,0.0,0.0,False,-8.0
2025-01-26,Southern Miss Golden Eagles,67.0,away,0.0,0.0,True,8.0
2025-01-26,Mississippi Valley State Delta Devils,54.0,home,0.0,0.0,False,-11.0
2025-01-26,Grambling Tigers,65.0,away,0.0,0.0,True,11.0
2025-01-26,Kansas City Roos,65.0,home,0.0,0.0,False,-3.0
2025-01-26,St. Thomas-Minnesota Tommies,68.0,away,0.0,0.0,True,3.0
2025-01-26,Washington State Cougars,75.0,home,0.0,0.0,False,-5.0
2025-01-26,Saint Mary's Gaels,80.0,away,0.0,0.0,True,5.0
2025-01-26,California Golden Bears,98.0,home,0.0,0.0,True,4.0
2025-01-26,Miami Hurricanes,94.0,away,0.0,0.0,False,-4.0
2025-01-26,Portland Pilots,62.0,home,0.0,0.0,False,-43.0
2025-01-26,Gonzaga Bulldogs,105.0,away,0.0,0.0,True,43.0
2025-01-26,Oral Roberts Golden Eagles,76.0,home,0.0,0.0,False,-8.0
2025-01-26,Omaha Mavericks,84.0,away,0.0,0.0,True,8.0
2025-01-26,Arkansas Razorbacks,62.0,home,0.0,0.0,False,-3.0
2025-01-26,Oklahoma Sooners,65.0,away,0.0,0.0,True,3.0
2025-01-26,Montana Grizzlies,77.0,home,0.0,0.0,True,7.0
2025-01-26,Montana State Bobcats,70.0,away,0.0,0.0,False,-7.0
2025-01-26,Southern Utah Thunderbirds,60.0,home,0.0,0.0,False,-16.0
2025-01-26,California Baptist Lancers,76.0,away,0.0,0.0,True,16.0
2025-01-26,Cal State Fullerton Titans,75.0,home,0.0,0.0,False,-8.0
2025-01-26,UC Santa Barbara Gauchos,83.0,away,0.0,0.0,True,8.0
2025-01-26,UTEP Miners,73.0,home,0.0,0.0,True,2.0
2025-01-26,Kennesaw State Owls,71.0,away,0.0,0.0,False,-2.0
2025-01-26,Utah Tech Trailblazers,66.0,home,0.0,0.0,False,-13.0
2025-01-26,Grand Canyon Lopes,79.0,away,0.0,0.0,True,13.0
2025-01-26,New Mexico State Aggies,59.0,home,0.0,0.0,False,-6.0
2025-01-26,Jacksonville State Gamecocks,65.0,away,0.0,0.0,True,6.0
2025-01-26,Cal State Bakersfield Roadrunners,79.0,home,0.0,0.0,False,-4.0
2025-01-26,UC Riverside Highlanders,83.0,away,0.0,0.0,True,4.0
2025-01-26,UC San Diego Tritons,79.0,home,0.0,0.0,True,25.0
2025-01-26,Cal State Northridge Matadors,54.0,away,0.0,0.0,False,-25.0
2025-01-26,Nevada Wolf Pack,50.0,home,0.0,0.0,False,-19.0
2025-01-26,San Diego State Aztecs,69.0,away,0.0,0.0,True,19.0
2025-01-26,UC Irvine Anteaters,71.0,home,0.0,0.0,True,16.0
2025-01-26,Hawai'i Rainbow Warriors,55.0,away,0.0,0.0,False,-16.0
2025-01-26,Seattle U Redhawks,66.0,home,0.0,0.0,False,-4.0
2025-01-26,Utah Valley Wolverines,70.0,away,0.0,0.0,True,4.0
2025-01-26,San Francisco Dons,81.0,home,0.0,0.0,True,12.0
2025-01-26,San Diego Toreros,69.0,away,0.0,0.0,False,-12.0
2025-01-26,Pepperdine Waves,60.0,home,0.0,0.0,True,16.0
2025-01-26,Pacific Tigers,44.0,away,0.0,0.0,False,-16.0
2025-01-26,BYU Cougars,80.0,home,0.0,0.0,True,28.0
2025-01-26,Cincinnati Bearcats,52.0,away,0.0,0.0,False,-28.0
2025-02-12,Texas A&M Aggies,69.0,home,0.0,0.0,True,16.0
2025-02-12,Georgia Bulldogs,53.0,away,0.0,0.0,False,-16.0
2025-02-12,Michigan Wolverines,75.0,home,0.0,0.0,True,2.0
2025-02-12,Purdue Boilermakers,73.0,away,0.0,0.0,False,-2.0
2025-02-12,Kansas State Wildcats,73.0,home,0.0,0.0,True,3.0
2025-02-12,Arizona Wildcats,70.0,away,0.0,0.0,False,-3.0
2025-02-12,Michigan State Spartans,67.0,home,0.0,0.0,False,-4.0
2025-02-12,Indiana Hoosiers,71.0,away,0.0,0.0,True,4.0
2025-02-12,Richmond Spiders,80.0,home,0.0,0.0,False,-7.0
2025-02-12,Loyola Chicago Ramblers,87.0,away,0.0,0.0,True,7.0
2025-02-12,Marquette Golden Eagles,68.0,home,0.0,0.0,True,10.0
2025-02-12,DePaul Blue Demons,58.0,away,0.0,0.0,False,-10.0
2025-02-12,Creighton Bluejays,66.0,home,0.0,0.0,False,-4.0
2025-02-12,UConn Huskies,70.0,away,0.0,0.0,True,4.0
2025-02-12,Miami Hurricanes,91.0,home,0.0,0.0,True,7.0
2025-02-12,Syracuse Orange,84.0,away,0.0,0.0,False,-7.0
2025-02-12,Bowling Green Falcons,81.0,home,0.0,0.0,False,-5.0
2025-02-12,Ohio Bobcats,86.0,away,0.0,0.0,True,5.0
2025-02-12,East Carolina Pirates,82.0,home,0.0,0.0,True,7.0
2025-02-12,UAB Blazers,75.0,away,0.0,0.0,False,-7.0
2025-02-12,Kentucky Wildcats,75.0,home,0.0,0.0,True,11.0
2025-02-12,Tennessee Volunteers,64.0,away,0.0,0.0,False,-11.0
2025-02-12,UCF Knights,65.0,home,0.0,0.0,False,-12.0
2025-02-12,Iowa State Cyclones,77.0,away,0.0,0.0,True,12.0
2025-02-12,Mississippi State Bulldogs,68.0,home,0.0,0.0,False,-13.0
2025-02-12,Florida Gators,81.0,away,0.0,0.0,True,13.0
2025-02-12,West Virginia Mountaineers,69.0,home,0.0,0.0,False,-4.0
2025-02-12,BYU Cougars,73.0,away,0.0,0.0,True,4.0
2025-02-12,Kansas Jayhawks,71.0,home,0.0,0.0,True,12.0
2025-02-12,Colorado Buffaloes,59.0,away,0.0,0.0,False,-12.0
2025-02-12,Vanderbilt Commodores,68.0,home,0.0,0.0,False,-12.0
2025-02-12,Auburn Tigers,80.0,away,0.0,0.0,True,12.0
2025-02-12,Texas Longhorns,80.0,home,0.0,0.0,False,-23.0
2025-02-12,Alabama Crimson Tide,103.0,away,0.0,0.0,True,23.0
2025-02-12,Cincinnati Bearcats,85.0,home,0.0,0.0,True,10.0
2025-02-12,Utah Utes,75.0,away,0.0,0.0,False,-10.0
2025-02-12,Miami (OH) RedHawks,92.0,home,0.0,0.0,True,12.0
2025-02-12,Toledo Rockets,80.0,away,0.0,0.0,False,-12.0
2025-02-12,Akron Zips,105.0,home,0.0,0.0,True,13.0
2025-02-12,Western Michigan Broncos,92.0,away,0.0,0.0,False,-13.0
2025-02-12,Murray State Racers,63.0,home,0.0,0.0,True,10.0
2025-02-12,UIC Flames,53.0,away,0.0,0.0,False,-10.0
2025-02-12,Little Rock Trojans,45.0,home,0.0,0.0,False,-12.0
2025-02-12,Southeast Missouri State Redhawks,57.0,away,0.0,0.0,True,12.0
2025-02-12,Northern Illinois Huskies,67.0,home,0.0,0.0,False,-6.0
2025-02-12,Buffalo Bulls,73.0,away,0.0,0.0,True,6.0
2025-02-12,Illinois Fighting Illini,83.0,home,0.0,0.0,True,5.0
2025-02-12,UCLA Bruins,78.0,away,0.0,0.0,False,-5.0
2025-02-12,Kent State Golden Flashes,91.0,home,0.0,0.0,True,8.0
2025-02-12,Central Michigan Chippewas,83.0,away,0.0,0.0,False,-8.0
2025-02-12,SMU Mustangs,83.0,home,0.0,0.0,True,20.0
2025-02-12,Pittsburgh Panthers,63.0,away,0.0,0.0,False,-20.0
2025-02-12,Ball State Cardinals,86.0,home,0.0,0.0,True,2.0
2025-02-12,Eastern Michigan Eagles,84.0,away,0.0,0.0,False,-2.0
2025-02-12,Pepperdine Waves,60.0,home,0.0,0.0,False,-9.0
2025-02-12,Loyola Marymount Lions,69.0,away,0.0,0.0,True,9.0
2025-02-12,Utah State Aggies,93.0,home,0.0,0.0,True,8.0
2025-02-12,Colorado State Rams,85.0,away,0.0,0.0,False,-8.0
2025-02-12,Oregon Ducks,81.0,home,0.0,0.0,True,6.0
2025-02-12,Northwestern Wildcats,75.0,away,0.0,0.0,False,-6.0
2025-02-12,Saint Mary's Gaels,73.0,home,0.0,0.0,True,9.0
2025-02-12,Santa Clara Broncos,64.0,away,0.0,0.0,False,-9.0
2025-02-12,Northern Iowa Panthers,88.0,home,0.0,0.0,True,15.0
2025-02-12,Indiana State Sycamores,73.0,away,0.0,0.0,False,-15.0
2025-02-12,San José State Spartans,66.0,home,0.0,0.0,False,-3.0
2025-02-12,San Diego State Aztecs,69.0,away,0.0,0.0,True,3.0
2025-02-12,Saint Louis Billikens,74.0,home,0.0,0.0,False,-2.0
2025-02-12,George Mason Patriots,76.0,away,0.0,0.0,True,2.0
2025-02-12,USC Trojans,92.0,home,0.0,0.0,True,25.0
2025-02-12,Penn State Nittany Lions,67.0,away,0.0,0.0,False,-25.0
2025-02-12,Rice Owls,61.0,home,0.0,0.0,False,-6.0
2025-02-12,North Texas Mean Green,67.0,away,0.0,0.0,True,6.0
2025-02-12,UNLV Rebels,77.0,home,0.0,0.0,True,25.0
2025-02-12,Air Force Falcons,52.0,away,0.0,0.0,False,-25.0
2025-02-15,Manhattan Jaspers,79.0,home,0.0,0.0,True,4.0
2025-02-15,Merrimack Warriors,75.0,away,0.0,0.0,False,-4.0
2025-02-15,Green Bay Phoenix,60.0,home,0.0,0.0,False,-13.0
2025-02-15,Northern Kentucky Norse,73.0,away,0.0,0.0,True,13.0
2025-02-15,Indiana Hoosiers,68.0,home,0.0,0.0,False,-4.0
2025-02-15,UCLA Bruins,72.0,away,0.0,0.0,True,4.0
2025-02-15,Yale Bulldogs,72.0,home,0.0,0.0,True,1.0
2025-02-15,Pennsylvania Quakers,71.0,away,0.0,0.0,False,-1.0
2025-02-15,Milwaukee Panthers,88.0,home,0.0,0.0,True,8.0
2025-02-15,Wright State Raiders,80.0,away,0.0,0.0,False,-8.0
2025-02-15,Harvard Crimson,75.0,home,0.0,0.0,True,2.0
2025-02-15,Cornell Big Red,73.0,away,0.0,0.0,False,-2.0
2025-02-15,Loyola Chicago Ramblers,78.0,home,0.0,0.0,True,9.0
2025-02-15,Saint Louis Billikens,69.0,away,0.0,0.0,False,-9.0
2025-02-15,Saint Peter's Peacocks,65.0,home,0.0,0.0,True,13.0
2025-02-15,Fairfield Stags,52.0,away,0.0,0.0,False,-13.0
2025-02-15,Brown Bears,70.0,home,0.0,0.0,True,14.0
2025-02-15,Princeton Tigers,56.0,away,0.0,0.0,False,-14.0
2025-02-14,Dartmouth Big Green,78.0,home,0.0,0.0,True,22.0
2025-02-14,Columbia Lions,56.0,away,0.0,0.0,False,-22.0
2025-02-14,Niagara Purple Eagles,83.0,home,0.0,0.0,False,-1.0
2025-02-14,Mount St. Mary's Mountaineers,84.0,away,0.0,0.0,True,1.0
2025-02-15,San José State Spartans,58.0,home,0.0,0.0,False,-15.0
2025-02-15,Nevada Wolf Pack,73.0,away,0.0,0.0,True,15.0
2025-02-15,Sacred Heart Pioneers,90.0,home,0.0,0.0,False,-9.0
2025-02-15,Quinnipiac Bobcats,99.0,away,0.0,0.0,True,9.0
2025-02-15,Siena Saints,64.0,home,0.0,0.0,False,-1.0
2025-02-15,Marist Red Foxes,65.0,away,0.0,0.0,True,1.0
2025-02-15,Kent State Golden Flashes,76.0,home,0.0,0.0,True,1.0
2025-02-15,Ohio Bobcats,75.0,away,0.0,0.0,False,-1.0
2025-02-15,Iona Gaels,71.0,home,0.0,0.0,False,-3.0
2025-02-15,Rider Broncs,74.0,away,0.0,0.0,True,3.0
2025-02-16,Milwaukee Panthers,92.0,home,0.0,0.0,True,22.0
2025-02-16,Northern Kentucky Norse,70.0,away,0.0,0.0,False,-22.0
2025-02-16,Merrimack Warriors,60.0,home,0.0,0.0,False,-1.0
2025-02-16,Marist Red Foxes,61.0,away,0.0,0.0,True,1.0
2025-02-16,Cleveland State Vikings,60.0,home,0.0,0.0,False,-8.0
2025-02-16,Youngstown State Penguins,68.0,away,0.0,0.0,True,8.0
2025-02-16,Wichita State Shockers,84.0,home,0.0,0.0,True,5.0
2025-02-16,Memphis Tigers,79.0,away,0.0,0.0,False,-5.0
2025-02-16,Oakland Golden Grizzlies,93.0,home,0.0,0.0,True,10.0
2025-02-16,Detroit Mercy Titans,83.0,away,0.0,0.0,False,-10.0
2025-02-16,Maryland Terrapins,101.0,home,0.0,0.0,True,26.0
2025-02-16,Iowa Hawkeyes,75.0,away,0.0,0.0,False,-26.0
2025-02-16,Fairfield Stags,67.0,home,0.0,0.0,False,-13.0
2025-02-16,Manhattan Jaspers,80.0,away,0.0,0.0,True,13.0
2025-02-16,Temple Owls,81.0,home,0.0,0.0,False,-2.0
2025-02-16,Florida Atlantic Owls,83.0,away,0.0,0.0,True,2.0
2025-02-16,Green Bay Phoenix,79.0,home,0.0,0.0,True,11.0
2025-02-16,Wright State Raiders,68.0,away,0.0,0.0,False,-11.0
2025-02-16,Drake Bulldogs,59.0,home,0.0,0.0,False,-2.0
2025-02-16,Bradley Braves,61.0,away,0.0,0.0,True,2.0
2025-02-16,Northwestern Wildcats,64.0,home,0.0,0.0,False,-4.0
2025-02-16,Nebraska Cornhuskers,68.0,away,0.0,0.0,True,4.0
2025-02-16,Quinnipiac Bobcats,79.0,home,0.0,0.0,True,5.0
2025-02-16,Iona Gaels,74.0,away,0.0,0.0,False,-5.0
2025-02-16,UAB Blazers,85.0,home,0.0,0.0,True,7.0
2025-02-16,South Florida Bulls,78.0,away,0.0,0.0,False,-7.0
2025-02-16,Ohio State Buckeyes,83.0,home,0.0,0.0,False,-3.0
2025-02-16,Michigan Wolverines,86.0,away,0.0,0.0,True,3.0
2025-02-16,UIC Flames,63.0,home,0.0,0.0,True,5.0
2025-02-16,Missouri State Bears,58.0,away,0.0,0.0,False,-5.0
2025-02-16,Saint Peter's Peacocks,66.0,home,0.0,0.0,True,1.0
2025-02-16,Rider Broncs,65.0,away,0.0,0.0,False,-1.0
2025-02-16,Sacred Heart Pioneers,73.0,home,0.0,0.0,False,-7.0
2025-02-16,Siena Saints,80.0,away,0.0,0.0,True,7.0
2025-02-16,South Dakota Coyotes,91.0,home,0.0,0.0,False,-3.0
2025-02-16,South Dakota State Jackrabbits,94.0,away,0.0,0.0,True,3.0
2025-02-16,St. John's Red Storm,79.0,home,0.0,0.0,True,6.0
2025-02-16,Creighton Bluejays,73.0,away,0.0,0.0,False,-6.0
2025-02-16,Canisius Golden Griffins,66.0,home,0.0,0.0,False,-7.0
2025-02-16,Mount St. Mary's Mountaineers,73.0,away,0.0,0.0,True,7.0
2025-02-17,Notre Dame Fighting Irish,60.0,home,0.0,0.0,False,-15.0
2025-02-17,Louisville Cardinals,75.0,away,0.0,0.0,True,15.0
2025-02-17,Evansville Purple Aces,79.0,home,0.0,0.0,True,10.0
2025-02-17,Valparaiso Beacons,69.0,away,0.0,0.0,False,-10.0
2025-02-16,New Mexico Lobos,82.0,home,0.0,0.0,True,3.0
2025-02-16,Utah State Aggies,79.0,away,0.0,0.0,False,-3.0
2025-02-17,Oregon Ducks,75.0,home,0.0,0.0,True,18.0
2025-02-17,Rutgers Scarlet Knights,57.0,away,0.0,0.0,False,-18.0
2025-02-13,Texas Tech Red Raiders,111.0,home,0.0,0.0,True,5.0
2025-02-13,Arizona State Sun Devils,106.0,away,0.0,0.0,False,-5.0
2025-02-12,Villanova Wildcats,73.0,home,0.0,0.0,True,2.0
2025-02-12,St. John's Red Storm,71.0,away,0.0,0.0,False,-2.0
2025-02-12,Niagara Purple Eagles,71.0,home,0.0,0.0,True,11.0
2025-02-12,Canisius Golden Griffins,60.0,away,0.0,0.0,False,-11.0
2025-02-13,Duke Blue Devils,78.0,home,0.0,0.0,True,21.0
2025-02-13,California Golden Bears,57.0,away,0.0,0.0,False,-21.0
2025-02-12,Youngstown State Penguins,93.0,home,0.0,0.0,True,22.0
2025-02-12,Purdue Fort Wayne Mastodons,71.0,away,0.0,0.0,False,-22.0
2025-02-12,Winthrop Eagles,78.0,home,0.0,0.0,True,4.0
2025-02-12,Radford Highlanders,74.0,away,0.0,0.0,False,-4.0
2025-02-13,Wake Forest Demon Deacons,70.0,home,0.0,0.0,False,-2.0
2025-02-13,Florida State Seminoles,72.0,away,0.0,0.0,True,2.0
2025-02-13,Temple Owls,74.0,home,0.0,0.0,False,-6.0
2025-02-13,Tulsa Golden Hurricane,80.0,away,0.0,0.0,True,6.0
2025-02-13,TCU Horned Frogs,73.0,home,0.0,0.0,True,1.0
2025-02-13,Oklahoma State Cowboys,72.0,away,0.0,0.0,False,-1.0
2025-02-13,NC State Wolfpack,66.0,home,0.0,0.0,False,-25.0
2025-02-13,Louisville Cardinals,91.0,away,0.0,0.0,True,25.0
2025-02-13,Saint Joseph's Hawks,75.0,home,0.0,0.0,True,12.0
2025-02-13,La Salle Explorers,63.0,away,0.0,0.0,False,-12.0
2025-02-13,Georgia Tech Yellow Jackets,60.0,home,0.0,0.0,True,8.0
2025-02-13,Stanford Cardinal,52.0,away,0.0,0.0,False,-8.0
2025-02-13,Missouri Tigers,82.0,home,0.0,0.0,True,24.0
2025-02-13,Oklahoma Sooners,58.0,away,0.0,0.0,False,-24.0
2025-02-12,Rutgers Scarlet Knights,73.0,home,0.0,0.0,False,-11.0
2025-02-12,Iowa Hawkeyes,84.0,away,0.0,0.0,True,11.0
2025-02-13,Rhode Island Rams,68.0,home,0.0,0.0,True,4.0
2025-02-13,St. Bonaventure Bonnies,64.0,away,0.0,0.0,False,-4.0
2025-02-13,South Carolina Upstate Spartans,85.0,home,0.0,0.0,False,-7.0
2025-02-13,UNC Asheville Bulldogs,92.0,away,0.0,0.0,True,7.0
2025-02-12,IU Indianapolis Jaguars,67.0,home,0.0,0.0,False,-15.0
2025-02-12,Oakland Golden Grizzlies,82.0,away,0.0,0.0,True,15.0
2025-02-12,Western Carolina Catamounts,76.0,home,0.0,0.0,True,9.0
2025-02-12,East Tennessee State Buccaneers,67.0,away,0.0,0.0,False,-9.0
2025-02-12,Holy Cross Crusaders,65.0,home,0.0,0.0,False,-22.0
2025-02-12,Colgate Raiders,87.0,away,0.0,0.0,True,22.0
2025-02-13,South Carolina Gamecocks,68.0,home,0.0,0.0,False,-4.0
2025-02-13,Ole Miss Rebels,72.0,away,0.0,0.0,True,4.0
2025-02-13,George Washington Revolutionaries,72.0,home,0.0,0.0,False,-8.0
2025-02-13,VCU Rams,80.0,away,0.0,0.0,True,8.0
2025-02-13,Loyola Maryland Greyhounds,60.0,home,0.0,0.0,False,-4.0
2025-02-13,Army Black Knights,64.0,away,0.0,0.0,True,4.0
2025-02-13,Bradley Braves,78.0,home,0.0,0.0,True,14.0
2025-02-13,Southern Illinois Salukis,64.0,away,0.0,0.0,False,-14.0
2025-02-13,Fordham Rams,76.0,home,0.0,0.0,False,-17.0
2025-02-13,Dayton Flyers,93.0,away,0.0,0.0,True,17.0
2025-02-13,The Citadel Bulldogs,71.0,home,0.0,0.0,False,-3.0
2025-02-13,Wofford Terriers,74.0,away,0.0,0.0,True,3.0
2025-02-13,UNC Greensboro Spartans,80.0,home,0.0,0.0,True,26.0
2025-02-13,VMI Keydets,54.0,away,0.0,0.0,False,-26.0
2025-02-13,Furman Paladins,96.0,home,0.0,0.0,True,24.0
2025-02-13,Mercer Bears,72.0,away,0.0,0.0,False,-24.0
2025-02-13,Massachusetts Minutemen,68.0,home,0.0,0.0,False,-9.0
2025-02-13,Davidson Wildcats,77.0,away,0.0,0.0,True,9.0
2025-02-13,Providence Friars,82.0,home,0.0,0.0,False,-9.0
2025-02-13,Xavier Musketeers,91.0,away,0.0,0.0,True,9.0
2025-02-13,Ohio State Buckeyes,93.0,home,0.0,0.0,True,24.0
2025-02-13,Washington Huskies,69.0,away,0.0,0.0,False,-24.0
2025-02-13,Cleveland State Vikings,59.0,home,0.0,0.0,False,-9.0
2025-02-13,Robert Morris Colonials,68.0,away,0.0,0.0,True,9.0
2025-02-13,Bucknell Bison,76.0,home,0.0,0.0,True,16.0
2025-02-13,Boston University Terriers,60.0,away,0.0,0.0,False,-16.0
2025-02-13,Navy Midshipmen,63.0,home,0.0,0.0,True,3.0
2025-02-13,Lehigh Mountain Hawks,60.0,away,0.0,0.0,False,-3.0
2025-02-13,Missouri State Bears,71.0,home,0.0,0.0,True,17.0
2025-02-13,Evansville Purple Aces,54.0,away,0.0,0.0,False,-17.0
2025-02-13,Charleston Southern Buccaneers,71.0,home,0.0,0.0,True,1.0
2025-02-13,Presbyterian Blue Hose,70.0,away,0.0,0.0,False,-1.0
2025-02-13,Valparaiso Beacons,101.0,home,0.0,0.0,True,15.0
2025-02-13,Belmont Bruins,86.0,away,0.0,0.0,False,-15.0
2025-02-13,Wichita State Shockers,69.0,home,0.0,0.0,True,5.0
2025-02-13,UTSA Roadrunners,64.0,away,0.0,0.0,False,-5.0
2025-02-13,Louisiana Ragin' Cajuns,56.0,home,0.0,0.0,False,-18.0
2025-02-13,Troy Trojans,74.0,away,0.0,0.0,True,18.0
2025-02-13,Arkansas State Red Wolves,101.0,home,0.0,0.0,True,34.0
2025-02-13,Southern Miss Golden Eagles,67.0,away,0.0,0.0,False,-34.0
2025-02-13,Samford Bulldogs,68.0,home,0.0,0.0,False,-14.0
2025-02-13,Chattanooga Mocs,82.0,away,0.0,0.0,True,14.0
2025-02-13,New Mexico Lobos,71.0,home,0.0,0.0,True,4.0
2025-02-13,Wyoming Cowboys,67.0,away,0.0,0.0,False,-4.0
2025-02-13,Illinois State Redbirds,77.0,home,0.0,0.0,False,-7.0
2025-02-13,Drake Bulldogs,84.0,away,0.0,0.0,True,7.0
2025-02-13,Arkansas Razorbacks,70.0,home,0.0,0.0,True,12.0
2025-02-13,LSU Tigers,58.0,away,0.0,0.0,False,-12.0
2025-02-13,Boston College Eagles,94.0,home,0.0,0.0,False,-3.0
2025-02-13,Notre Dame Fighting Irish,97.0,away,0.0,0.0,True,3.0
2025-02-18,Virginia Cavaliers,62.0,home,0.0,0.0,False,-18.0
2025-02-18,Duke Blue Devils,80.0,away,0.0,0.0,True,18.0
2025-02-18,UT Rio Grande Valley Vaqueros,60.0,home,0.0,0.0,False,-6.0
2025-02-18,Incarnate Word Cardinals,66.0,away,0.0,0.0,True,6.0
2025-02-18,Murray State Racers,67.0,home,0.0,0.0,False,-7.0
2025-02-18,Northern Iowa Panthers,74.0,away,0.0,0.0,True,7.0
2025-02-18,Mississippi Valley State Delta Devils,56.0,home,0.0,0.0,False,-23.0
2025-02-18,Alabama State Hornets,79.0,away,0.0,0.0,True,23.0
2025-02-18,Bethune-Cookman Wildcats,71.0,home,0.0,0.0,False,-13.0
2025-02-18,Jackson State Tigers,84.0,away,0.0,0.0,True,13.0
2025-02-18,Bucknell Bison,67.0,home,0.0,0.0,True,17.0
2025-02-18,Lehigh Mountain Hawks,50.0,away,0.0,0.0,False,-17.0
2025-02-18,South Carolina State Bulldogs,87.0,home,0.0,0.0,True,30.0
2025-02-18,Coppin State Eagles,57.0,away,0.0,0.0,False,-30.0
2025-02-18,East Texas A&M Lions,74.0,home,0.0,0.0,False,-2.0
2025-02-18,Stephen F. Austin Lumberjacks,76.0,away,0.0,0.0,True,2.0
2025-02-18,SE Louisiana Lions,82.0,home,0.0,0.0,False,-6.0
2025-02-18,McNeese Cowboys,88.0,away,0.0,0.0,True,6.0
2025-02-18,Norfolk State Spartans,96.0,home,0.0,0.0,True,12.0
2025-02-18,Delaware State Hornets,84.0,away,0.0,0.0,False,-12.0
2025-02-18,Grambling Tigers,70.0,home,0.0,0.0,True,22.0
2025-02-18,Prairie View A&M Panthers,48.0,away,0.0,0.0,False,-22.0
2025-02-18,New Orleans Privateers,62.0,home,0.0,0.0,False,-16.0
2025-02-18,Nicholls Colonels,78.0,away,0.0,0.0,True,16.0
2025-02-18,Northwestern State Demons,65.0,home,0.0,0.0,False,-10.0
2025-02-18,Lamar Cardinals,75.0,away,0.0,0.0,True,10.0
2025-02-18,Florida A&M Rattlers,85.0,home,0.0,0.0,True,9.0
2025-02-18,Alcorn State Braves,76.0,away,0.0,0.0,False,-9.0
2025-02-18,Arkansas-Pine Bluff Golden Lions,61.0,home,0.0,0.0,False,-14.0
2025-02-18,Alabama A&M Bulldogs,75.0,away,0.0,0.0,True,14.0
2025-02-18,Baylor Bears,67.0,home,0.0,0.0,False,-7.0
2025-02-18,Arizona Wildcats,74.0,away,0.0,0.0,True,7.0
2025-02-17,Howard Bison,86.0,home,0.0,0.0,True,24.0
2025-02-17,Maryland Eastern Shore Hawks,62.0,away,0.0,0.0,False,-24.0
2025-02-18,Texas A&M-Corpus Christi Islanders,68.0,home,0.0,0.0,True,6.0
2025-02-18,Houston Christian Huskies,62.0,away,0.0,0.0,False,-6.0
2025-02-18,Utah Utes,74.0,home,0.0,0.0,True,5.0
2025-02-18,Kansas State Wildcats,69.0,away,0.0,0.0,False,-5.0
2025-02-18,North Carolina Central Eagles,78.0,home,0.0,0.0,False,-14.0
2025-02-18,Morgan State Bears,92.0,away,0.0,0.0,True,14.0
2025-02-18,Southern Jaguars,66.0,home,0.0,0.0,True,9.0
2025-02-18,Texas Southern Tigers,57.0,away,0.0,0.0,False,-9.0
2025-02-01,Iowa State Cyclones,61.0,home,0.0,0.0,False,-19.0
2025-02-01,Kansas State Wildcats,80.0,away,0.0,0.0,True,19.0
2025-02-01,Oklahoma Sooners,97.0,home,0.0,0.0,True,30.0
2025-02-01,Vanderbilt Commodores,67.0,away,0.0,0.0,False,-30.0
2025-02-01,USC Trojans,70.0,home,0.0,0.0,True,6.0
2025-02-01,Michigan State Spartans,64.0,away,0.0,0.0,False,-6.0
2025-02-01,Alabama Crimson Tide,90.0,home,0.0,0.0,True,21.0
2025-02-01,Georgia Bulldogs,69.0,away,0.0,0.0,False,-21.0
2025-02-01,Houston Cougars,81.0,home,0.0,0.0,False,-1.0
2025-02-01,Texas Tech Red Raiders,82.0,away,0.0,0.0,True,1.0
2025-02-01,St. Bonaventure Bonnies,74.0,home,0.0,0.0,True,2.0
2025-02-01,Fordham Rams,72.0,away,0.0,0.0,False,-2.0
2025-02-02,Marquette Golden Eagles,69.0,home,0.0,0.0,False,-8.0
2025-02-02,UConn Huskies,77.0,away,0.0,0.0,True,8.0
2025-02-01,Wake Forest Demon Deacons,76.0,home,0.0,0.0,True,2.0
2025-02-01,Pittsburgh Panthers,74.0,away,0.0,0.0,False,-2.0
2025-02-02,South Carolina Gamecocks,72.0,home,0.0,0.0,False,-4.0
2025-02-02,Texas A&M Aggies,76.0,away,0.0,0.0,True,4.0
2025-02-01,Arizona State Sun Devils,72.0,home,0.0,0.0,False,-9.0
2025-02-01,Arizona Wildcats,81.0,away,0.0,0.0,True,9.0
2025-02-01,Ole Miss Rebels,82.0,home,0.0,0.0,False,-10.0
2025-02-01,Auburn Tigers,92.0,away,0.0,0.0,True,10.0
2025-02-01,Duke Blue Devils,87.0,home,0.0,0.0,True,17.0
2025-02-01,North Carolina Tar Heels,70.0,away,0.0,0.0,False,-17.0
2025-02-01,St. John's Red Storm,68.0,home,0.0,0.0,True,2.0
2025-02-01,Providence Friars,66.0,away,0.0,0.0,False,-2.0
2025-02-02,Kentucky Wildcats,79.0,home,0.0,0.0,False,-10.0
2025-02-02,Arkansas Razorbacks,89.0,away,0.0,0.0,True,10.0
2025-02-01,Tennessee Volunteers,64.0,home,0.0,0.0,True,20.0
2025-02-01,Florida Gators,44.0,away,0.0,0.0,False,-20.0
2025-02-01,Northwestern Wildcats,69.0,home,0.0,0.0,False,-6.0
2025-02-01,Wisconsin Badgers,75.0,away,0.0,0.0,True,6.0
2025-02-01,Mississippi State Bulldogs,61.0,home,0.0,0.0,False,-27.0
2025-02-01,Missouri Tigers,88.0,away,0.0,0.0,True,27.0
2025-02-01,Georgia Tech Yellow Jackets,77.0,home,0.0,0.0,True,7.0
2025-02-01,Louisville Cardinals,70.0,away,0.0,0.0,False,-7.0
2025-02-01,Baylor Bears,81.0,home,0.0,0.0,True,11.0
2025-02-01,Kansas Jayhawks,70.0,away,0.0,0.0,False,-11.0
2025-02-01,Minnesota Golden Gophers,68.0,home,0.0,0.0,False,-3.0
2025-02-01,Washington Huskies,71.0,away,0.0,0.0,True,3.0
2025-02-01,UMBC Retrievers,67.0,home,0.0,0.0,False,-16.0
2025-02-01,UMass Lowell River Hawks,83.0,away,0.0,0.0,True,16.0
2025-02-01,Western Michigan Broncos,61.0,home,0.0,0.0,True,7.0
2025-02-01,Eastern Michigan Eagles,54.0,away,0.0,0.0,False,-7.0
2025-02-01,Detroit Mercy Titans,67.0,home,0.0,0.0,True,10.0
2025-02-01,Green Bay Phoenix,57.0,away,0.0,0.0,False,-10.0
2025-02-01,Wagner Seahawks,73.0,home,0.0,0.0,True,12.0
2025-02-01,Le Moyne Dolphins,61.0,away,0.0,0.0,False,-12.0
2025-02-01,Presbyterian Blue Hose,72.0,home,0.0,0.0,False,-12.0
2025-02-01,High Point Panthers,84.0,away,0.0,0.0,True,12.0
2025-02-01,Villanova Wildcats,60.0,home,0.0,0.0,False,-2.0
2025-02-01,Creighton Bluejays,62.0,away,0.0,0.0,True,2.0
2025-02-01,UAB Blazers,96.0,home,0.0,0.0,True,18.0
2025-02-01,Charlotte 49ers,78.0,away,0.0,0.0,False,-18.0
2025-02-01,Charleston Southern Buccaneers,89.0,home,0.0,0.0,True,4.0
2025-02-01,Longwood Lancers,85.0,away,0.0,0.0,False,-4.0
2025-02-01,App State Mountaineers,80.0,home,0.0,0.0,True,4.0
2025-02-01,Georgia State Panthers,76.0,away,0.0,0.0,False,-4.0
2025-02-01,Campbell Fighting Camels,75.0,home,0.0,0.0,True,23.0
2025-02-01,Hofstra Pride,52.0,away,0.0,0.0,False,-23.0
2025-02-01,Queens University Royals,87.0,home,0.0,0.0,True,19.0
2025-02-01,West Georgia Wolves,68.0,away,0.0,0.0,False,-19.0
2025-02-01,The Citadel Bulldogs,58.0,home,0.0,0.0,False,-25.0
2025-02-01,Samford Bulldogs,83.0,away,0.0,0.0,True,25.0
2025-02-01,Florida Gulf Coast Eagles,82.0,home,0.0,0.0,True,26.0
2025-02-01,Stetson Hatters,56.0,away,0.0,0.0,False,-26.0
2025-02-01,Duquesne Dukes,53.0,home,0.0,0.0,False,-9.0
2025-02-01,Massachusetts Minutemen,62.0,away,0.0,0.0,True,9.0
2025-02-01,Boston College Eagles,77.0,home,0.0,0.0,True,1.0
2025-02-01,Florida State Seminoles,76.0,away,0.0,0.0,False,-1.0
2025-02-01,NC State Wolfpack,58.0,home,0.0,0.0,False,-10.0
2025-02-01,Clemson Tigers,68.0,away,0.0,0.0,True,10.0
2025-02-01,Radford Highlanders,79.0,home,0.0,0.0,True,10.0
2025-02-01,South Carolina Upstate Spartans,69.0,away,0.0,0.0,False,-10.0
2025-02-01,Southern Illinois Salukis,65.0,home,0.0,0.0,False,-10.0
2025-02-01,Drake Bulldogs,75.0,away,0.0,0.0,True,10.0
2025-02-01,Winthrop Eagles,96.0,home,0.0,0.0,True,3.0
2025-02-01,Gardner-Webb Runnin' Bulldogs,93.0,away,0.0,0.0,False,-3.0
2025-02-01,Temple Owls,98.0,home,0.0,0.0,True,4.0
2025-02-01,East Carolina Pirates,94.0,away,0.0,0.0,False,-4.0
2025-02-01,American University Eagles,71.0,home,0.0,0.0,True,3.0
2025-02-01,Army Black Knights,68.0,away,0.0,0.0,False,-3.0
2025-02-01,Navy Midshipmen,75.0,home,0.0,0.0,False,-10.0
2025-02-01,Bucknell Bison,85.0,away,0.0,0.0,True,10.0
2025-02-01,Loyola Chicago Ramblers,58.0,home,0.0,0.0,True,3.0
2025-02-01,Saint Joseph's Hawks,55.0,away,0.0,0.0,False,-3.0
2025-02-01,Chicago State Cougars,73.0,home,0.0,0.0,True,6.0
2025-02-01,Long Island University Sharks,67.0,away,0.0,0.0,False,-6.0
2025-02-01,Vermont Catamounts,55.0,home,0.0,0.0,True,6.0
2025-02-01,Maine Black Bears,49.0,away,0.0,0.0,False,-6.0
2025-02-01,Oklahoma State Cowboys,81.0,home,0.0,0.0,True,9.0
2025-02-01,Utah Utes,72.0,away,0.0,0.0,False,-9.0
2025-02-01,North Dakota Fighting Hawks,80.0,home,0.0,0.0,True,5.0
2025-02-01,South Dakota State Jackrabbits,75.0,away,0.0,0.0,False,-5.0
2025-02-01,Monmouth Hawks,92.0,home,0.0,0.0,True,9.0
2025-02-01,Delaware Blue Hens,83.0,away,0.0,0.0,False,-9.0
2025-02-01,Missouri State Bears,77.0,home,0.0,0.0,True,21.0
2025-02-01,Murray State Racers,56.0,away,0.0,0.0,False,-21.0
2025-02-01,Stephen F. Austin Lumberjacks,62.0,home,0.0,0.0,False,-5.0
2025-02-01,Lamar Cardinals,67.0,away,0.0,0.0,True,5.0
2025-02-01,Chattanooga Mocs,93.0,home,0.0,0.0,True,9.0
2025-02-01,Mercer Bears,84.0,away,0.0,0.0,False,-9.0
2025-02-01,Loyola Maryland Greyhounds,69.0,home,0.0,0.0,True,2.0
2025-02-01,Boston University Terriers,67.0,away,0.0,0.0,False,-2.0
2025-02-01,Youngstown State Penguins,79.0,home,0.0,0.0,False,-5.0
2025-02-01,IU Indianapolis Jaguars,84.0,away,0.0,0.0,True,5.0
2025-02-01,Toledo Rockets,89.0,home,0.0,0.0,True,4.0
2025-02-01,Northern Illinois Huskies,85.0,away,0.0,0.0,False,-4.0
2025-02-01,Stonehill Skyhawks,63.0,home,0.0,0.0,False,-8.0
2025-02-01,Central Connecticut Blue Devils,71.0,away,0.0,0.0,True,8.0
2025-02-01,La Salle Explorers,73.0,home,0.0,0.0,True,6.0
2025-02-01,George Washington Revolutionaries,67.0,away,0.0,0.0,False,-6.0
2025-02-01,Hampton Pirates,80.0,home,0.0,0.0,True,1.0
2025-02-01,Howard Bison,79.0,away,0.0,0.0,False,-1.0
2025-02-01,Colgate Raiders,61.0,home,0.0,0.0,False,-15.0
2025-02-01,Lafayette Leopards,76.0,away,0.0,0.0,True,15.0
2025-02-01,NJIT Highlanders,70.0,home,0.0,0.0,False,-22.0
2025-02-01,Bryant Bulldogs,92.0,away,0.0,0.0,True,22.0
2025-02-01,UIC Flames,83.0,home,0.0,0.0,False,-5.0
2025-02-01,Indiana State Sycamores,88.0,away,0.0,0.0,True,5.0
2025-02-01,UT Arlington Mavericks,73.0,home,0.0,0.0,True,2.0
2025-02-01,Utah Tech Trailblazers,71.0,away,0.0,0.0,False,-2.0
2025-02-01,Weber State Wildcats,49.0,home,0.0,0.0,False,-23.0
2025-02-01,Eastern Washington Eagles,72.0,away,0.0,0.0,True,23.0
2025-02-01,Western Kentucky Hilltoppers,101.0,home,0.0,0.0,True,32.0
2025-02-01,New Mexico State Aggies,69.0,away,0.0,0.0,False,-32.0
2025-02-01,Texas Southern Tigers,79.0,home,0.0,0.0,True,16.0
2025-02-01,Prairie View A&M Panthers,63.0,away,0.0,0.0,False,-16.0
2025-02-01,East Texas A&M Lions,72.0,home,0.0,0.0,True,22.0
2025-02-01,Northwestern State Demons,50.0,away,0.0,0.0,False,-22.0
2025-02-01,Western Carolina Catamounts,76.0,home,0.0,0.0,False,-4.0
2025-02-01,VMI Keydets,80.0,away,0.0,0.0,True,4.0
2025-02-01,Middle Tennessee Blue Raiders,71.0,home,0.0,0.0,True,3.0
2025-02-01,UTEP Miners,68.0,away,0.0,0.0,False,-3.0
2025-02-01,Boise State Broncos,82.0,home,0.0,0.0,True,22.0
2025-02-01,Fresno State Bulldogs,60.0,away,0.0,0.0,False,-22.0
2025-02-01,Fairleigh Dickinson Knights,60.0,home,0.0,0.0,False,-7.0
2025-02-01,Mercyhurst Lakers,67.0,away,0.0,0.0,True,7.0
2025-02-01,VCU Rams,90.0,home,0.0,0.0,True,41.0
2025-02-01,Richmond Spiders,49.0,away,0.0,0.0,False,-41.0
2025-02-01,Morgan State Bears,76.0,home,0.0,0.0,True,13.0
2025-02-01,Maryland Eastern Shore Hawks,63.0,away,0.0,0.0,False,-13.0
2025-02-01,Miami (OH) RedHawks,73.0,home,0.0,0.0,True,4.0
2025-02-01,Ohio Bobcats,69.0,away,0.0,0.0,False,-4.0
2025-02-01,Rutgers Scarlet Knights,63.0,home,0.0,0.0,False,-3.0
2025-02-01,Michigan Wolverines,66.0,away,0.0,0.0,True,3.0
2025-02-01,UCF Knights,75.0,home,0.0,0.0,False,-6.0
2025-02-01,BYU Cougars,81.0,away,0.0,0.0,True,6.0
2025-02-01,Virginia Cavaliers,74.0,home,0.0,0.0,False,-1.0
2025-02-01,Virginia Tech Hokies,75.0,away,0.0,0.0,True,1.0
2025-02-01,Davidson Wildcats,60.0,home,0.0,0.0,False,-4.0
2025-02-01,George Mason Patriots,64.0,away,0.0,0.0,True,4.0
2025-02-01,Northern Colorado Bears,87.0,home,0.0,0.0,True,18.0
2025-02-01,Northern Arizona Lumberjacks,69.0,away,0.0,0.0,False,-18.0
2025-02-01,James Madison Dukes,68.0,home,0.0,0.0,True,14.0
2025-02-01,Old Dominion Monarchs,54.0,away,0.0,0.0,False,-14.0
2025-02-01,Idaho State Bengals,87.0,home,0.0,0.0,True,16.0
2025-02-01,Idaho Vandals,71.0,away,0.0,0.0,False,-16.0
2025-02-01,Marshall Thundering Herd,67.0,home,0.0,0.0,True,5.0
2025-02-01,Coastal Carolina Chanticleers,62.0,away,0.0,0.0,False,-5.0
2025-02-01,Oakland Golden Grizzlies,75.0,home,0.0,0.0,False,-9.0
2025-02-01,Northern Kentucky Norse,84.0,away,0.0,0.0,True,9.0
2025-02-01,UC Irvine Anteaters,73.0,home,0.0,0.0,True,7.0
2025-02-01,UC Davis Aggies,66.0,away,0.0,0.0,False,-7.0
2025-02-01,Louisiana Tech Bulldogs,66.0,home,0.0,0.0,True,5.0
2025-02-01,Sam Houston Bearkats,61.0,away,0.0,0.0,False,-5.0
2025-02-01,Coppin State Eagles,61.0,home,0.0,0.0,False,-23.0
2025-02-01,Delaware State Hornets,84.0,away,0.0,0.0,True,23.0
2025-02-01,Eastern Kentucky Colonels,88.0,home,0.0,0.0,True,6.0
2025-02-01,Austin Peay Governors,82.0,away,0.0,0.0,False,-6.0
2025-02-01,Holy Cross Crusaders,67.0,home,0.0,0.0,False,-2.0
2025-02-01,Lehigh Mountain Hawks,69.0,away,0.0,0.0,True,2.0
2025-02-01,Southern Indiana Screaming Eagles,65.0,home,0.0,0.0,False,-13.0
2025-02-01,Tennessee Tech Golden Eagles,78.0,away,0.0,0.0,True,13.0
2025-02-01,Nicholls Colonels,71.0,home,0.0,0.0,True,8.0
2025-02-01,McNeese Cowboys,63.0,away,0.0,0.0,False,-8.0
2025-02-01,Western Illinois Leathernecks,65.0,home,0.0,0.0,False,-4.0
2025-02-01,SIU Edwardsville Cougars,69.0,away,0.0,0.0,True,4.0
2025-02-01,Norfolk State Spartans,67.0,home,0.0,0.0,True,2.0
2025-02-01,South Carolina State Bulldogs,65.0,away,0.0,0.0,False,-2.0
2025-02-01,Illinois State Redbirds,86.0,home,0.0,0.0,True,8.0
2025-02-01,Valparaiso Beacons,78.0,away,0.0,0.0,False,-8.0
2025-02-01,Texas State Bobcats,74.0,home,0.0,0.0,False,-11.0
2025-02-01,Arkansas State Red Wolves,85.0,away,0.0,0.0,True,11.0
2025-02-01,Troy Trojans,87.0,home,0.0,0.0,True,37.0
2025-02-01,UL Monroe Warhawks,50.0,away,0.0,0.0,False,-37.0
2025-02-01,SE Louisiana Lions,76.0,home,0.0,0.0,True,8.0
2025-02-01,New Orleans Privateers,68.0,away,0.0,0.0,False,-8.0
2025-02-01,Southern Miss Golden Eagles,72.0,home,0.0,0.0,True,4.0
2025-02-01,Georgia Southern Eagles,68.0,away,0.0,0.0,False,-4.0
2025-02-01,Princeton Tigers,69.0,home,0.0,0.0,True,20.0
2025-02-01,Brown Bears,49.0,away,0.0,0.0,False,-20.0
2025-02-01,Lindenwood Lions,70.0,home,0.0,0.0,False,-6.0
2025-02-01,Eastern Illinois Panthers,76.0,away,0.0,0.0,True,6.0
2025-02-01,Southeast Missouri State Redhawks,89.0,home,0.0,0.0,True,2.0
2025-02-01,Tennessee State Tigers,87.0,away,0.0,0.0,False,-2.0
2025-02-01,San José State Spartans,75.0,home,0.0,0.0,True,11.0
2025-02-01,Air Force Falcons,64.0,away,0.0,0.0,False,-11.0
2025-02-01,Lipscomb Bisons,87.0,home,0.0,0.0,True,7.0
2025-02-01,Bellarmine Knights,80.0,away,0.0,0.0,False,-7.0
2025-02-01,Grambling Tigers,50.0,home,0.0,0.0,False,-15.0
2025-02-01,Jackson State Tigers,65.0,away,0.0,0.0,True,15.0
2025-02-01,Buffalo Bulls,76.0,home,0.0,0.0,False,-13.0
2025-02-01,Ball State Cardinals,89.0,away,0.0,0.0,True,13.0
2025-02-01,Kennesaw State Owls,73.0,home,0.0,0.0,True,6.0
2025-02-01,Florida International Panthers,67.0,away,0.0,0.0,False,-6.0
2025-02-01,Jacksonville State Gamecocks,72.0,home,0.0,0.0,True,11.0
2025-02-01,Liberty Flames,61.0,away,0.0,0.0,False,-11.0
2025-02-01,Montana Grizzlies,87.0,home,0.0,0.0,True,28.0
2025-02-01,Sacramento State Hornets,59.0,away,0.0,0.0,False,-28.0
2025-02-01,Pennsylvania Quakers,61.0,home,0.0,0.0,False,-29.0
2025-02-01,Yale Bulldogs,90.0,away,0.0,0.0,True,29.0
2025-02-01,Towson Tigers,55.0,home,0.0,0.0,True,1.0
2025-02-01,Drexel Dragons,54.0,away,0.0,0.0,False,-1.0
2025-02-01,SMU Mustangs,85.0,home,0.0,0.0,True,24.0
2025-02-01,Stanford Cardinal,61.0,away,0.0,0.0,False,-24.0
2025-02-01,North Texas Mean Green,50.0,home,0.0,0.0,False,-4.0
2025-02-01,UTSA Roadrunners,54.0,away,0.0,0.0,True,4.0
2025-02-01,LSU Tigers,58.0,home,0.0,0.0,False,-31.0
2025-02-01,Texas Longhorns,89.0,away,0.0,0.0,True,31.0
2025-02-01,Cornell Big Red,75.0,home,0.0,0.0,True,15.0
2025-02-01,Harvard Crimson,60.0,away,0.0,0.0,False,-15.0
2025-02-01,Southern Jaguars,74.0,home,0.0,0.0,True,5.0
2025-02-01,Alcorn State Braves,69.0,away,0.0,0.0,False,-5.0
2025-02-01,UT Rio Grande Valley Vaqueros,83.0,home,0.0,0.0,True,10.0
2025-02-01,Texas A&M-Corpus Christi Islanders,73.0,away,0.0,0.0,False,-10.0
2025-02-01,Bethune-Cookman Wildcats,67.0,home,0.0,0.0,True,3.0
2025-02-01,Alabama State Hornets,64.0,away,0.0,0.0,False,-3.0
2025-02-01,Incarnate Word Cardinals,74.0,home,0.0,0.0,True,10.0
2025-02-01,Houston Christian Huskies,64.0,away,0.0,0.0,False,-10.0
2025-02-01,Columbia Lions,89.0,home,0.0,0.0,False,-6.0
2025-02-01,Dartmouth Big Green,95.0,away,0.0,0.0,True,6.0
2025-02-01,Jacksonville Dolphins,78.0,home,0.0,0.0,False,-3.0
2025-02-01,North Florida Ospreys,81.0,away,0.0,0.0,True,3.0
2025-02-01,UNC Greensboro Spartans,62.0,home,0.0,0.0,False,-12.0
2025-02-01,Wofford Terriers,74.0,away,0.0,0.0,True,12.0
2025-02-01,San Diego Toreros,62.0,home,0.0,0.0,False,-16.0
2025-02-01,Loyola Marymount Lions,78.0,away,0.0,0.0,True,16.0
2025-02-01,Little Rock Trojans,75.0,home,0.0,0.0,True,18.0
2025-02-01,UT Martin Skyhawks,57.0,away,0.0,0.0,False,-18.0
2025-02-01,Florida A&M Rattlers,95.0,home,0.0,0.0,True,16.0
2025-02-01,Alabama A&M Bulldogs,79.0,away,0.0,0.0,False,-16.0
2025-02-02,UAlbany Great Danes,61.0,home,0.0,0.0,False,-4.0
2025-02-02,Binghamton Bearcats,65.0,away,0.0,0.0,True,4.0
2025-02-02,UNC Wilmington Seahawks,80.0,home,0.0,0.0,True,10.0
2025-02-02,Stony Brook Seawolves,70.0,away,0.0,0.0,False,-10.0
2025-02-01,Arkansas-Pine Bluff Golden Lions,76.0,home,0.0,0.0,False,-3.0
2025-02-01,Mississippi Valley State Delta Devils,79.0,away,0.0,0.0,True,3.0
2025-02-02,Santa Clara Broncos,83.0,home,0.0,0.0,True,34.0
2025-02-02,Pacific Tigers,49.0,away,0.0,0.0,False,-34.0
2025-02-02,Montana State Bobcats,74.0,home,0.0,0.0,True,1.0
2025-02-02,Portland State Vikings,73.0,away,0.0,0.0,False,-1.0
2025-02-02,Miami Hurricanes,63.0,home,0.0,0.0,True,6.0
2025-02-02,Notre Dame Fighting Irish,57.0,away,0.0,0.0,False,-6.0
2025-02-02,San Diego State Aztecs,63.0,home,0.0,0.0,True,2.0
2025-02-02,Wyoming Cowboys,61.0,away,0.0,0.0,False,-2.0
2025-02-02,Central Michigan Chippewas,90.0,home,0.0,0.0,True,19.0
2025-02-02,Bowling Green Falcons,71.0,away,0.0,0.0,False,-19.0
2025-02-02,Omaha Mavericks,78.0,home,0.0,0.0,True,9.0
2025-02-02,Denver Pioneers,69.0,away,0.0,0.0,False,-9.0
2025-02-02,North Alabama Lions,94.0,home,0.0,0.0,True,29.0
2025-02-02,Central Arkansas Bears,65.0,away,0.0,0.0,False,-29.0
2025-02-02,Elon Phoenix,71.0,home,0.0,0.0,True,11.0
2025-02-02,Northeastern Huskies,60.0,away,0.0,0.0,False,-11.0
2025-02-02,Louisiana Ragin' Cajuns,58.0,home,0.0,0.0,False,-4.0
2025-02-02,South Alabama Jaguars,62.0,away,0.0,0.0,True,4.0
2025-02-02,Cal State Northridge Matadors,88.0,home,0.0,0.0,True,26.0
2025-02-02,Cal State Bakersfield Roadrunners,62.0,away,0.0,0.0,False,-26.0
2025-02-02,Grand Canyon Lopes,75.0,home,0.0,0.0,True,18.0
2025-02-02,Utah Valley Wolverines,57.0,away,0.0,0.0,False,-18.0
2025-02-02,Tarleton State Texans,75.0,home,0.0,0.0,True,17.0
2025-02-02,Southern Utah Thunderbirds,58.0,away,0.0,0.0,False,-17.0
2025-02-02,Oral Roberts Golden Eagles,73.0,home,0.0,0.0,True,6.0
2025-02-02,Kansas City Roos,67.0,away,0.0,0.0,False,-6.0
2025-02-02,UC Riverside Highlanders,80.0,home,0.0,0.0,True,18.0
2025-02-02,Cal Poly Mustangs,62.0,away,0.0,0.0,False,-18.0
2025-02-02,Utah State Aggies,63.0,home,0.0,0.0,False,-19.0
2025-02-02,New Mexico Lobos,82.0,away,0.0,0.0,True,19.0
2025-02-02,California Golden Bears,66.0,home,0.0,0.0,False,-9.0
2025-02-02,Syracuse Orange,75.0,away,0.0,0.0,True,9.0
2025-02-02,UC Santa Barbara Gauchos,85.0,home,0.0,0.0,True,31.0
2025-02-02,Long Beach State Beach,54.0,away,0.0,0.0,False,-31.0
2025-02-02,Nevada Wolf Pack,71.0,home,0.0,0.0,True,6.0
2025-02-02,UNLV Rebels,65.0,away,0.0,0.0,False,-6.0
2025-02-02,Hawai'i Rainbow Warriors,82.0,home,0.0,0.0,True,25.0
2025-02-02,Cal State Fullerton Titans,57.0,away,0.0,0.0,False,-25.0
2025-02-02,Pepperdine Waves,64.0,home,0.0,0.0,False,-20.0
2025-02-02,Portland Pilots,84.0,away,0.0,0.0,True,20.0
2025-02-02,San Francisco Dons,75.0,home,0.0,0.0,True,24.0
2025-02-02,Washington State Cougars,51.0,away,0.0,0.0,False,-24.0
2025-02-02,Saint Mary's Gaels,62.0,home,0.0,0.0,True,4.0
2025-02-02,Gonzaga Bulldogs,58.0,away,0.0,0.0,False,-4.0
2025-02-19,Florida Gators,85.0,home,0.0,0.0,True,22.0
2025-02-19,Oklahoma Sooners,63.0,away,0.0,0.0,False,-22.0
2025-02-19,Stetson Hatters,71.0,home,0.0,0.0,False,-8.0
2025-02-19,North Florida Ospreys,79.0,away,0.0,0.0,True,8.0
2025-02-19,Mississippi State Bulldogs,70.0,home,0.0,0.0,True,16.0
2025-02-19,Texas A&M Aggies,54.0,away,0.0,0.0,False,-16.0
2025-02-18,Florida Gulf Coast Eagles,72.0,home,0.0,0.0,True,16.0
2025-02-18,Jacksonville Dolphins,56.0,away,0.0,0.0,False,-16.0
2025-02-19,Wisconsin Badgers,95.0,home,0.0,0.0,True,21.0
2025-02-19,Illinois Fighting Illini,74.0,away,0.0,0.0,False,-21.0
2025-02-18,UConn Huskies,66.0,home,0.0,0.0,True,7.0
2025-02-18,Villanova Wildcats,59.0,away,0.0,0.0,False,-7.0
2025-02-19,Eastern Kentucky Colonels,66.0,home,0.0,0.0,True,9.0
2025-02-19,Lipscomb Bisons,57.0,away,0.0,0.0,False,-9.0
2025-02-19,Michigan State Spartans,75.0,home,0.0,0.0,True,9.0
2025-02-19,Purdue Boilermakers,66.0,away,0.0,0.0,False,-9.0
2025-02-19,Davidson Wildcats,69.0,home,0.0,0.0,False,-8.0
2025-02-19,Loyola Chicago Ramblers,77.0,away,0.0,0.0,True,8.0
2025-02-19,Pittsburgh Panthers,80.0,home,0.0,0.0,True,11.0
2025-02-19,Syracuse Orange,69.0,away,0.0,0.0,False,-11.0
2025-02-19,Buffalo Bulls,64.0,home,0.0,0.0,False,-33.0
2025-02-19,Western Michigan Broncos,97.0,away,0.0,0.0,True,33.0
2025-02-19,Queens University Royals,89.0,home,0.0,0.0,True,17.0
2025-02-19,Central Arkansas Bears,72.0,away,0.0,0.0,False,-17.0
2025-02-19,BYU Cougars,91.0,home,0.0,0.0,True,34.0
2025-02-19,Kansas Jayhawks,57.0,away,0.0,0.0,False,-34.0
2025-02-19,Iowa State Cyclones,79.0,home,0.0,0.0,True,14.0
2025-02-19,Colorado Buffaloes,65.0,away,0.0,0.0,False,-14.0
2025-02-19,TCU Horned Frogs,69.0,home,0.0,0.0,True,3.0
2025-02-19,Texas Tech Red Raiders,66.0,away,0.0,0.0,False,-3.0
2025-02-18,Eastern Michigan Eagles,76.0,home,0.0,0.0,True,10.0
2025-02-18,Miami (OH) RedHawks,66.0,away,0.0,0.0,False,-10.0
2025-02-19,North Alabama Lions,80.0,home,0.0,0.0,True,18.0
2025-02-19,West Georgia Wolves,62.0,away,0.0,0.0,False,-18.0
2025-02-19,Arizona State Sun Devils,65.0,home,0.0,0.0,False,-15.0
2025-02-19,Houston Cougars,80.0,away,0.0,0.0,True,15.0
2025-02-18,Bellarmine Knights,94.0,home,0.0,0.0,True,26.0
2025-02-18,Austin Peay Governors,68.0,away,0.0,0.0,False,-26.0
2025-02-19,Marquette Golden Eagles,80.0,home,0.0,0.0,True,24.0
2025-02-19,Seton Hall Pirates,56.0,away,0.0,0.0,False,-24.0
2025-02-19,Ohio Bobcats,84.0,home,0.0,0.0,True,2.0
2025-02-19,Central Michigan Chippewas,82.0,away,0.0,0.0,False,-2.0
2025-02-19,Xavier Musketeers,76.0,home,0.0,0.0,True,13.0
2025-02-19,Butler Bulldogs,63.0,away,0.0,0.0,False,-13.0
2025-02-19,Toledo Rockets,67.0,home,0.0,0.0,True,1.0
2025-02-19,Ball State Cardinals,66.0,away,0.0,0.0,False,-1.0
2025-02-19,San Diego State Aztecs,83.0,home,0.0,0.0,True,23.0
2025-02-19,Fresno State Bulldogs,60.0,away,0.0,0.0,False,-23.0
2025-02-19,Akron Zips,73.0,home,0.0,0.0,True,10.0
2025-02-19,Northern Illinois Huskies,63.0,away,0.0,0.0,False,-10.0
2025-02-19,Wyoming Cowboys,69.0,home,0.0,0.0,True,7.0
2025-02-19,Air Force Falcons,62.0,away,0.0,0.0,False,-7.0
2025-02-19,Bowling Green Falcons,84.0,home,0.0,0.0,False,-7.0
2025-02-19,Kent State Golden Flashes,91.0,away,0.0,0.0,True,7.0
2025-02-19,Boston College Eagles,54.0,home,0.0,0.0,True,18.0
2025-02-19,Virginia Tech Hokies,36.0,away,0.0,0.0,False,-18.0
2025-02-19,UCLA Bruins,61.0,home,0.0,0.0,False,-3.0
2025-02-19,Minnesota Golden Gophers,64.0,away,0.0,0.0,True,3.0
2025-02-19,UT Martin Skyhawks,75.0,home,0.0,0.0,False,-11.0
2025-02-19,Tennessee State Tigers,86.0,away,0.0,0.0,True,11.0
2025-02-19,Colorado State Rams,79.0,home,0.0,0.0,True,8.0
2025-02-19,Nevada Wolf Pack,71.0,away,0.0,0.0,False,-8.0
2025-02-19,LSU Tigers,81.0,home,0.0,0.0,True,14.0
2025-02-19,South Carolina Gamecocks,67.0,away,0.0,0.0,False,-14.0
2025-02-13,Stony Brook Seawolves,69.0,home,0.0,0.0,False,-10.0
2025-02-13,Monmouth Hawks,79.0,away,0.0,0.0,True,10.0
2025-02-13,Bryant Bulldogs,88.0,home,0.0,0.0,True,22.0
2025-02-13,NJIT Highlanders,66.0,away,0.0,0.0,False,-22.0
2025-02-14,Nebraska Cornhuskers,75.0,home,0.0,0.0,False,-8.0
2025-02-14,Maryland Terrapins,83.0,away,0.0,0.0,True,8.0
2025-02-14,Le Moyne Dolphins,72.0,home,0.0,0.0,True,4.0
2025-02-14,Wagner Seahawks,68.0,away,0.0,0.0,False,-4.0
2025-02-13,Bellarmine Knights,87.0,home,0.0,0.0,False,-5.0
2025-02-13,Queens University Royals,92.0,away,0.0,0.0,True,5.0
2025-02-14,South Florida Bulls,65.0,home,0.0,0.0,False,-15.0
2025-02-14,Memphis Tigers,80.0,away,0.0,0.0,True,15.0
2025-02-14,Portland State Vikings,58.0,home,0.0,0.0,True,12.0
2025-02-14,Northern Arizona Lumberjacks,46.0,away,0.0,0.0,False,-12.0
2025-02-14,Northeastern Huskies,67.0,home,0.0,0.0,True,9.0
2025-02-14,Campbell Fighting Camels,58.0,away,0.0,0.0,False,-9.0
2025-02-14,Georgia Southern Eagles,72.0,home,0.0,0.0,False,-5.0
2025-02-14,James Madison Dukes,77.0,away,0.0,0.0,True,5.0
2025-02-14,Stonehill Skyhawks,79.0,home,0.0,0.0,True,5.0
2025-02-14,Saint Francis Red Flash,74.0,away,0.0,0.0,False,-5.0
2025-02-13,UMBC Retrievers,81.0,home,0.0,0.0,True,4.0
2025-02-13,Binghamton Bearcats,77.0,away,0.0,0.0,False,-4.0
2025-02-13,UT Arlington Mavericks,82.0,home,0.0,0.0,True,3.0
2025-02-13,California Baptist Lancers,79.0,away,0.0,0.0,False,-3.0
2025-02-13,UMass Lowell River Hawks,88.0,home,0.0,0.0,False,-2.0
2025-02-13,UAlbany Great Danes,90.0,away,0.0,0.0,True,2.0
2025-02-14,High Point Panthers,83.0,home,0.0,0.0,True,11.0
2025-02-14,Longwood Lancers,72.0,away,0.0,0.0,False,-11.0
2025-02-14,Fairleigh Dickinson Knights,91.0,home,0.0,0.0,True,42.0
2025-02-14,Chicago State Cougars,49.0,away,0.0,0.0,False,-42.0
2025-02-14,Vermont Catamounts,79.0,home,0.0,0.0,True,20.0
2025-02-14,New Hampshire Wildcats,59.0,away,0.0,0.0,False,-20.0
2025-02-14,Georgia State Panthers,97.0,home,0.0,0.0,True,22.0
2025-02-14,Old Dominion Monarchs,75.0,away,0.0,0.0,False,-22.0
2025-02-14,Coastal Carolina Chanticleers,46.0,home,0.0,0.0,False,-18.0
2025-02-14,App State Mountaineers,64.0,away,0.0,0.0,True,18.0
2025-02-14,Central Connecticut Blue Devils,73.0,home,0.0,0.0,True,10.0
2025-02-14,Mercyhurst Lakers,63.0,away,0.0,0.0,False,-10.0
2025-02-14,UNC Wilmington Seahawks,86.0,home,0.0,0.0,True,20.0
2025-02-14,Charleston Cougars,66.0,away,0.0,0.0,False,-20.0
2025-02-14,Eastern Kentucky Colonels,95.0,home,0.0,0.0,True,22.0
2025-02-14,West Georgia Wolves,73.0,away,0.0,0.0,False,-22.0
2025-02-14,North Alabama Lions,83.0,home,0.0,0.0,True,13.0
2025-02-14,North Florida Ospreys,70.0,away,0.0,0.0,False,-13.0
2025-02-14,Hampton Pirates,63.0,home,0.0,0.0,True,5.0
2025-02-14,Drexel Dragons,58.0,away,0.0,0.0,False,-5.0
2025-02-14,Louisiana Tech Bulldogs,47.0,home,0.0,0.0,False,-22.0
2025-02-14,Kennesaw State Owls,69.0,away,0.0,0.0,True,22.0
2025-02-14,South Alabama Jaguars,91.0,home,0.0,0.0,True,9.0
2025-02-14,Marshall Thundering Herd,82.0,away,0.0,0.0,False,-9.0
2025-02-14,Sam Houston Bearkats,66.0,home,0.0,0.0,True,5.0
2025-02-14,Jacksonville State Gamecocks,61.0,away,0.0,0.0,False,-5.0
2025-02-14,Austin Peay Governors,73.0,home,0.0,0.0,True,13.0
2025-02-14,Florida Gulf Coast Eagles,60.0,away,0.0,0.0,False,-13.0
2025-02-14,William & Mary Tribe,61.0,home,0.0,0.0,True,1.0
2025-02-14,Hofstra Pride,60.0,away,0.0,0.0,False,-1.0
2025-02-14,Central Arkansas Bears,62.0,home,0.0,0.0,False,-15.0
2025-02-14,Jacksonville Dolphins,77.0,away,0.0,0.0,True,15.0
2025-02-14,Tarleton State Texans,60.0,home,0.0,0.0,False,-4.0
2025-02-14,Grand Canyon Lopes,64.0,away,0.0,0.0,True,4.0
2025-02-14,Towson Tigers,75.0,home,0.0,0.0,True,5.0
2025-02-14,Delaware Blue Hens,70.0,away,0.0,0.0,False,-5.0
2025-02-14,Elon Phoenix,59.0,home,0.0,0.0,False,-1.0
2025-02-14,North Carolina A&T Aggies,60.0,away,0.0,0.0,True,1.0
2025-02-14,UL Monroe Warhawks,60.0,home,0.0,0.0,False,-12.0
2025-02-14,Texas State Bobcats,72.0,away,0.0,0.0,True,12.0
2025-02-14,Lipscomb Bisons,93.0,home,0.0,0.0,True,33.0
2025-02-14,Stetson Hatters,60.0,away,0.0,0.0,False,-33.0
2025-02-14,Little Rock Trojans,79.0,home,0.0,0.0,True,4.0
2025-02-14,Tennessee Tech Golden Eagles,75.0,away,0.0,0.0,False,-4.0
2025-02-14,Abilene Christian Wildcats,75.0,home,0.0,0.0,True,16.0
2025-02-14,Seattle U Redhawks,59.0,away,0.0,0.0,False,-16.0
2025-02-14,Southern Utah Thunderbirds,76.0,home,0.0,0.0,True,2.0
2025-02-14,Utah Tech Trailblazers,74.0,away,0.0,0.0,False,-2.0
2025-02-14,South Dakota Coyotes,79.0,home,0.0,0.0,True,7.0
2025-02-14,Kansas City Roos,72.0,away,0.0,0.0,False,-7.0
2025-02-14,South Dakota State Jackrabbits,98.0,home,0.0,0.0,True,13.0
2025-02-14,Omaha Mavericks,85.0,away,0.0,0.0,False,-13.0
2025-02-14,North Dakota Fighting Hawks,64.0,home,0.0,0.0,False,-4.0
2025-02-14,Denver Pioneers,68.0,away,0.0,0.0,True,4.0
2025-02-14,Western Illinois Leathernecks,87.0,home,0.0,0.0,True,25.0
2025-02-14,Southern Indiana Screaming Eagles,62.0,away,0.0,0.0,False,-25.0
2025-02-14,Montana State Bobcats,74.0,home,0.0,0.0,True,8.0
2025-02-14,Weber State Wildcats,66.0,away,0.0,0.0,False,-8.0
2025-02-14,Cal State Bakersfield Roadrunners,54.0,home,0.0,0.0,False,-19.0
2025-02-14,UC San Diego Tritons,73.0,away,0.0,0.0,True,19.0
2025-02-14,Sacramento State Hornets,61.0,home,0.0,0.0,False,-16.0
2025-02-14,Northern Colorado Bears,77.0,away,0.0,0.0,True,16.0
2025-02-14,Lindenwood Lions,73.0,home,0.0,0.0,True,13.0
2025-02-14,Morehead State Eagles,60.0,away,0.0,0.0,False,-13.0
2025-02-14,UC Irvine Anteaters,62.0,home,0.0,0.0,True,2.0
2025-02-14,UC Santa Barbara Gauchos,60.0,away,0.0,0.0,False,-2.0
2025-02-14,Cal State Fullerton Titans,83.0,home,0.0,0.0,False,-15.0
2025-02-14,Cal Poly Mustangs,98.0,away,0.0,0.0,True,15.0
2025-02-14,Eastern Illinois Panthers,49.0,home,0.0,0.0,False,-17.0
2025-02-14,Tennessee State Tigers,66.0,away,0.0,0.0,True,17.0
2025-02-14,New Mexico State Aggies,54.0,home,0.0,0.0,False,-10.0
2025-02-14,Liberty Flames,64.0,away,0.0,0.0,True,10.0
2025-02-14,Portland Pilots,84.0,home,0.0,0.0,True,12.0
2025-02-14,Oregon State Beavers,72.0,away,0.0,0.0,False,-12.0
2025-02-14,Pepperdine Waves,88.0,home,0.0,0.0,True,7.0
2025-02-14,San Diego Toreros,81.0,away,0.0,0.0,False,-7.0
2025-02-14,SIU Edwardsville Cougars,71.0,home,0.0,0.0,False,-5.0
2025-02-14,UT Martin Skyhawks,76.0,away,0.0,0.0,True,5.0
2025-02-14,Montana Grizzlies,81.0,home,0.0,0.0,True,13.0
2025-02-14,Idaho State Bengals,68.0,away,0.0,0.0,False,-13.0
2025-02-14,UC Davis Aggies,75.0,home,0.0,0.0,True,1.0
2025-02-14,UC Riverside Highlanders,74.0,away,0.0,0.0,False,-1.0
2025-02-14,UTEP Miners,77.0,home,0.0,0.0,True,14.0
2025-02-14,Florida International Panthers,63.0,away,0.0,0.0,False,-14.0
2025-02-14,Hawai'i Rainbow Warriors,62.0,home,0.0,0.0,True,2.0
2025-02-14,Long Beach State Beach,60.0,away,0.0,0.0,False,-2.0
2025-02-14,Loyola Marymount Lions,58.0,home,0.0,0.0,False,-25.0
2025-02-14,Pacific Tigers,83.0,away,0.0,0.0,True,25.0
2025-02-14,North Dakota State Bison,94.0,home,0.0,0.0,True,6.0
2025-02-14,Oral Roberts Golden Eagles,88.0,away,0.0,0.0,False,-6.0
2025-02-14,Gonzaga Bulldogs,88.0,home,0.0,0.0,True,11.0
2025-02-14,San Francisco Dons,77.0,away,0.0,0.0,False,-11.0
2025-02-22,Mount St. Mary's Mountaineers,69.0,home,0.0,0.0,True,11.0
2025-02-22,Saint Peter's Peacocks,58.0,away,0.0,0.0,False,-11.0
2025-02-22,Villanova Wildcats,81.0,home,0.0,0.0,True,15.0
2025-02-22,Marquette Golden Eagles,66.0,away,0.0,0.0,False,-15.0
2025-02-22,Princeton Tigers,76.0,home,0.0,0.0,True,5.0
2025-02-22,Harvard Crimson,71.0,away,0.0,0.0,False,-5.0
2025-02-22,Iona Gaels,65.0,home,0.0,0.0,True,5.0
2025-02-22,Manhattan Jaspers,60.0,away,0.0,0.0,False,-5.0
2025-02-21,Toledo Rockets,68.0,home,0.0,0.0,False,-1.0
2025-02-21,Bowling Green Falcons,69.0,away,0.0,0.0,True,1.0
2025-02-22,Rider Broncs,49.0,home,0.0,0.0,False,-20.0
2025-02-22,Fairfield Stags,69.0,away,0.0,0.0,True,20.0
2025-02-22,Siena Saints,94.0,home,0.0,0.0,True,34.0
2025-02-22,Niagara Purple Eagles,60.0,away,0.0,0.0,False,-34.0
2025-02-22,Miami (OH) RedHawks,96.0,home,0.0,0.0,True,4.0
2025-02-22,Kent State Golden Flashes,92.0,away,0.0,0.0,False,-4.0
2025-02-22,Marist Red Foxes,89.0,home,0.0,0.0,True,8.0
2025-02-22,Canisius Golden Griffins,81.0,away,0.0,0.0,False,-8.0
2025-02-22,Merrimack Warriors,59.0,home,0.0,0.0,False,-1.0
2025-02-22,Sacred Heart Pioneers,60.0,away,0.0,0.0,True,1.0
2025-02-22,Brown Bears,86.0,home,0.0,0.0,True,25.0
2025-02-22,Columbia Lions,61.0,away,0.0,0.0,False,-25.0
2025-02-22,Robert Morris Colonials,94.0,home,0.0,0.0,True,9.0
2025-02-22,Green Bay Phoenix,85.0,away,0.0,0.0,False,-9.0
2025-02-22,Loyola Chicago Ramblers,76.0,home,0.0,0.0,True,4.0
2025-02-22,Dayton Flyers,72.0,away,0.0,0.0,False,-4.0
2025-02-22,Pennsylvania Quakers,88.0,home,0.0,0.0,True,13.0
2025-02-22,Dartmouth Big Green,75.0,away,0.0,0.0,False,-13.0
2025-02-22,Wright State Raiders,76.0,home,0.0,0.0,False,-4.0
2025-02-22,Northern Kentucky Norse,80.0,away,0.0,0.0,True,4.0
2025-02-22,Detroit Mercy Titans,65.0,home,0.0,0.0,False,-8.0
2025-02-22,Cleveland State Vikings,73.0,away,0.0,0.0,True,8.0
2025-02-22,Michigan Wolverines,62.0,home,0.0,0.0,False,-13.0
2025-02-22,Michigan State Spartans,75.0,away,0.0,0.0,True,13.0
2025-02-22,Yale Bulldogs,92.0,home,0.0,0.0,True,4.0
2025-02-22,Cornell Big Red,88.0,away,0.0,0.0,False,-4.0
2025-02-22,Purdue Fort Wayne Mastodons,80.0,home,0.0,0.0,True,14.0
2025-02-22,Oakland Golden Grizzlies,66.0,away,0.0,0.0,False,-14.0
2025-02-22,Youngstown State Penguins,74.0,home,0.0,0.0,False,-10.0
2025-02-22,Milwaukee Panthers,84.0,away,0.0,0.0,True,10.0
2025-02-19,Charlotte 49ers,78.0,home,0.0,0.0,True,6.0
2025-02-19,Temple Owls,72.0,away,0.0,0.0,False,-6.0
2025-02-20,DePaul Blue Demons,58.0,home,0.0,0.0,False,-24.0
2025-02-20,St. John's Red Storm,82.0,away,0.0,0.0,True,24.0
2025-02-20,High Point Panthers,83.0,home,0.0,0.0,True,23.0
2025-02-20,Charleston Southern Buccaneers,60.0,away,0.0,0.0,False,-23.0
2025-02-19,VMI Keydets,43.0,home,0.0,0.0,False,-39.0
2025-02-19,Wofford Terriers,82.0,away,0.0,0.0,True,39.0
2025-02-20,Duquesne Dukes,73.0,home,0.0,0.0,True,9.0
2025-02-20,Fordham Rams,64.0,away,0.0,0.0,False,-9.0
2025-02-19,Holy Cross Crusaders,74.0,home,0.0,0.0,True,5.0
2025-02-19,Lafayette Leopards,69.0,away,0.0,0.0,False,-5.0
2025-02-20,Missouri Tigers,110.0,home,0.0,0.0,True,12.0
2025-02-20,Alabama Crimson Tide,98.0,away,0.0,0.0,False,-12.0
2025-02-20,Auburn Tigers,67.0,home,0.0,0.0,True,7.0
2025-02-20,Arkansas Razorbacks,60.0,away,0.0,0.0,False,-7.0
2025-02-20,North Carolina Tar Heels,97.0,home,0.0,0.0,True,24.0
2025-02-20,NC State Wolfpack,73.0,away,0.0,0.0,False,-24.0
2025-02-20,Longwood Lancers,90.0,home,0.0,0.0,True,13.0
2025-02-20,Gardner-Webb Runnin' Bulldogs,77.0,away,0.0,0.0,False,-13.0
2025-02-20,Notre Dame Fighting Irish,73.0,home,0.0,0.0,False,-24.0
2025-02-20,SMU Mustangs,97.0,away,0.0,0.0,True,24.0
2025-02-19,Army Black Knights,76.0,home,0.0,0.0,True,7.0
2025-02-19,American University Eagles,69.0,away,0.0,0.0,False,-7.0
2025-02-19,La Salle Explorers,58.0,home,0.0,0.0,False,-5.0
2025-02-19,Richmond Spiders,63.0,away,0.0,0.0,True,5.0
2025-02-19,VCU Rams,80.0,home,0.0,0.0,True,29.0
2025-02-19,Massachusetts Minutemen,51.0,away,0.0,0.0,False,-29.0
2025-02-19,Penn State Nittany Lions,89.0,home,0.0,0.0,True,17.0
2025-02-19,Nebraska Cornhuskers,72.0,away,0.0,0.0,False,-17.0
2025-02-20,Murray State Racers,62.0,home,0.0,0.0,True,2.0
2025-02-20,Southern Illinois Salukis,60.0,away,0.0,0.0,False,-2.0
2025-02-20,George Washington Revolutionaries,68.0,home,0.0,0.0,False,-11.0
2025-02-20,Saint Joseph's Hawks,79.0,away,0.0,0.0,True,11.0
2025-02-20,Presbyterian Blue Hose,77.0,home,0.0,0.0,False,-4.0
2025-02-20,Winthrop Eagles,81.0,away,0.0,0.0,True,4.0
2025-02-20,Kentucky Wildcats,82.0,home,0.0,0.0,True,21.0
2025-02-20,Vanderbilt Commodores,61.0,away,0.0,0.0,False,-21.0
2025-02-20,West Virginia Mountaineers,62.0,home,0.0,0.0,True,3.0
2025-02-20,Cincinnati Bearcats,59.0,away,0.0,0.0,False,-3.0
2025-02-20,The Citadel Bulldogs,52.0,home,0.0,0.0,False,-10.0
2025-02-20,Mercer Bears,62.0,away,0.0,0.0,True,10.0
2025-02-20,Detroit Mercy Titans,71.0,home,0.0,0.0,False,-9.0
2025-02-20,IU Indianapolis Jaguars,80.0,away,0.0,0.0,True,9.0
2025-02-20,Samford Bulldogs,72.0,home,0.0,0.0,False,-8.0
2025-02-20,Furman Paladins,80.0,away,0.0,0.0,True,8.0
2025-02-20,Colgate Raiders,79.0,home,0.0,0.0,True,4.0
2025-02-20,Navy Midshipmen,75.0,away,0.0,0.0,False,-4.0
2025-02-20,Drake Bulldogs,74.0,home,0.0,0.0,True,17.0
2025-02-20,UIC Flames,57.0,away,0.0,0.0,False,-17.0
2025-02-20,UTSA Roadrunners,73.0,home,0.0,0.0,False,-5.0
2025-02-20,South Florida Bulls,78.0,away,0.0,0.0,True,5.0
2025-02-20,North Texas Mean Green,63.0,home,0.0,0.0,True,19.0
2025-02-20,Tulsa Golden Hurricane,44.0,away,0.0,0.0,False,-19.0
2025-02-20,Tulane Green Wave,86.0,home,0.0,0.0,True,5.0
2025-02-20,East Carolina Pirates,81.0,away,0.0,0.0,False,-5.0
2025-02-20,Chattanooga Mocs,91.0,home,0.0,0.0,True,5.0
2025-02-20,Western Carolina Catamounts,86.0,away,0.0,0.0,False,-5.0
2025-02-20,Boston University Terriers,68.0,home,0.0,0.0,True,2.0
2025-02-20,Loyola Maryland Greyhounds,66.0,away,0.0,0.0,False,-2.0
2025-02-20,Valparaiso Beacons,66.0,home,0.0,0.0,True,2.0
2025-02-20,Missouri State Bears,64.0,away,0.0,0.0,False,-2.0
2025-02-20,Rice Owls,89.0,home,0.0,0.0,False,-1.0
2025-02-20,UAB Blazers,90.0,away,0.0,0.0,True,1.0
2025-02-20,East Tennessee State Buccaneers,65.0,home,0.0,0.0,True,16.0
2025-02-20,UNC Greensboro Spartans,49.0,away,0.0,0.0,False,-16.0
2025-02-20,Belmont Bruins,75.0,home,0.0,0.0,False,-7.0
2025-02-20,Northern Iowa Panthers,82.0,away,0.0,0.0,True,7.0
2025-02-20,Arkansas State Red Wolves,56.0,home,0.0,0.0,False,-4.0
2025-02-20,South Alabama Jaguars,60.0,away,0.0,0.0,True,4.0
2025-02-20,Illinois State Redbirds,82.0,home,0.0,0.0,True,11.0
2025-02-20,Bradley Braves,71.0,away,0.0,0.0,False,-11.0
2025-02-20,South Dakota State Jackrabbits,68.0,home,0.0,0.0,False,-9.0
2025-02-20,North Dakota State Bison,77.0,away,0.0,0.0,True,9.0
2025-02-20,Georgetown Hoyas,93.0,home,0.0,0.0,True,21.0
2025-02-20,Providence Friars,72.0,away,0.0,0.0,False,-21.0
2025-02-20,Indiana State Sycamores,74.0,home,0.0,0.0,False,-5.0
2025-02-20,Evansville Purple Aces,79.0,away,0.0,0.0,True,5.0
2025-02-20,South Dakota Coyotes,85.0,home,0.0,0.0,True,5.0
2025-02-20,St. Thomas-Minnesota Tommies,80.0,away,0.0,0.0,False,-5.0
2025-02-20,Kansas City Roos,66.0,home,0.0,0.0,False,-12.0
2025-02-20,Omaha Mavericks,78.0,away,0.0,0.0,True,12.0
2025-02-20,Boise State Broncos,86.0,home,0.0,0.0,True,8.0
2025-02-20,New Mexico Lobos,78.0,away,0.0,0.0,False,-8.0
2025-02-20,Saint Mary's Gaels,79.0,home,0.0,0.0,True,13.0
2025-02-20,Portland Pilots,66.0,away,0.0,0.0,False,-13.0
2025-02-20,Iowa Hawkeyes,78.0,home,0.0,0.0,False,-2.0
2025-02-20,Oregon Ducks,80.0,away,0.0,0.0,True,2.0
2025-02-20,Washington State Cougars,63.0,home,0.0,0.0,False,-21.0
2025-02-20,Gonzaga Bulldogs,84.0,away,0.0,0.0,True,21.0
2025-02-20,Texas State Bobcats,80.0,home,0.0,0.0,True,17.0
2025-02-20,UL Monroe Warhawks,63.0,away,0.0,0.0,False,-17.0
2025-02-20,Denver Pioneers,71.0,home,0.0,0.0,True,11.0
2025-02-20,Oral Roberts Golden Eagles,60.0,away,0.0,0.0,False,-11.0
2025-02-20,Oklahoma State Cowboys,104.0,home,0.0,0.0,True,9.0
2025-02-20,UCF Knights,95.0,away,0.0,0.0,False,-9.0
2025-02-20,Florida State Seminoles,74.0,home,0.0,0.0,True,8.0
2025-02-20,Miami Hurricanes,66.0,away,0.0,0.0,False,-8.0
2025-02-20,Utah State Aggies,105.0,home,0.0,0.0,True,48.0
2025-02-20,San José State Spartans,57.0,away,0.0,0.0,False,-48.0
2025-02-20,Washington Huskies,85.0,home,0.0,0.0,False,-4.0
2025-02-20,Rutgers Scarlet Knights,89.0,away,0.0,0.0,True,4.0
2025-02-08,Clemson Tigers,77.0,home,0.0,0.0,True,6.0
2025-02-08,Duke Blue Devils,71.0,away,0.0,0.0,False,-6.0
2025-02-09,Arkansas Razorbacks,81.0,home,0.0,0.0,False,-4.0
2025-02-09,Alabama Crimson Tide,85.0,away,0.0,0.0,True,4.0
2025-02-08,Indiana Hoosiers,67.0,home,0.0,0.0,False,-3.0
2025-02-08,Michigan Wolverines,70.0,away,0.0,0.0,True,3.0
2025-02-08,Tulsa Golden Hurricane,55.0,home,0.0,0.0,False,-24.0
2025-02-08,Florida Atlantic Owls,79.0,away,0.0,0.0,True,24.0
2025-02-08,Holy Cross Crusaders,72.0,home,0.0,0.0,True,20.0
2025-02-08,Boston University Terriers,52.0,away,0.0,0.0,False,-20.0
2025-02-08,Oklahoma Sooners,52.0,home,0.0,0.0,False,-18.0
2025-02-08,Tennessee Volunteers,70.0,away,0.0,0.0,True,18.0
2025-02-08,Auburn Tigers,81.0,home,0.0,0.0,False,-9.0
2025-02-08,Florida Gators,90.0,away,0.0,0.0,True,9.0
2025-02-08,Michigan State Spartans,86.0,home,0.0,0.0,True,12.0
2025-02-08,Oregon Ducks,74.0,away,0.0,0.0,False,-12.0
2025-02-08,Iowa State Cyclones,82.0,home,0.0,0.0,True,30.0
2025-02-08,TCU Horned Frogs,52.0,away,0.0,0.0,False,-30.0
2025-02-08,Creighton Bluejays,77.0,home,0.0,0.0,True,10.0
2025-02-08,Marquette Golden Eagles,67.0,away,0.0,0.0,False,-10.0
2025-02-08,Missouri Tigers,64.0,home,0.0,0.0,False,-3.0
2025-02-08,Texas A&M Aggies,67.0,away,0.0,0.0,True,3.0
2025-02-08,Kansas State Wildcats,81.0,home,0.0,0.0,True,8.0
2025-02-08,Kansas Jayhawks,73.0,away,0.0,0.0,False,-8.0
2025-02-08,Kentucky Wildcats,80.0,home,0.0,0.0,True,23.0
2025-02-08,South Carolina Gamecocks,57.0,away,0.0,0.0,False,-23.0
2025-02-09,Arizona Wildcats,82.0,home,0.0,0.0,True,9.0
2025-02-09,Texas Tech Red Raiders,73.0,away,0.0,0.0,False,-9.0
2025-02-08,Colorado Buffaloes,59.0,home,0.0,0.0,False,-10.0
2025-02-08,Houston Cougars,69.0,away,0.0,0.0,True,10.0
2025-02-08,Minnesota Golden Gophers,74.0,home,0.0,0.0,False,-21.0
2025-02-08,Illinois Fighting Illini,95.0,away,0.0,0.0,True,21.0
2025-02-08,Davidson Wildcats,71.0,home,0.0,0.0,True,11.0
2025-02-08,Richmond Spiders,60.0,away,0.0,0.0,False,-11.0
2025-02-09,LSU Tigers,70.0,home,0.0,0.0,False,-2.0
2025-02-09,Ole Miss Rebels,72.0,away,0.0,0.0,True,2.0
2025-02-08,Georgia Bulldogs,75.0,home,0.0,0.0,False,-1.0
2025-02-08,Mississippi State Bulldogs,76.0,away,0.0,0.0,True,1.0
2025-02-08,Iowa Hawkeyes,63.0,home,0.0,0.0,False,-11.0
2025-02-08,Wisconsin Badgers,74.0,away,0.0,0.0,True,11.0
2025-02-08,Georgetown Hoyas,60.0,home,0.0,0.0,True,14.0
2025-02-08,Seton Hall Pirates,46.0,away,0.0,0.0,False,-14.0
2025-02-08,Western Michigan Broncos,57.0,home,0.0,0.0,False,-26.0
2025-02-08,Georgia Southern Eagles,83.0,away,0.0,0.0,True,26.0
2025-02-08,Miami (OH) RedHawks,69.0,home,0.0,0.0,True,7.0
2025-02-08,Troy Trojans,62.0,away,0.0,0.0,False,-7.0
2025-02-08,New Hampshire Wildcats,80.0,home,0.0,0.0,True,11.0
2025-02-08,NJIT Highlanders,69.0,away,0.0,0.0,False,-11.0
2025-02-08,Army Black Knights,116.0,home,0.0,0.0,True,6.0
2025-02-08,Bucknell Bison,110.0,away,0.0,0.0,False,-6.0
2025-02-08,Notre Dame Fighting Irish,63.0,home,0.0,0.0,False,-2.0
2025-02-08,Virginia Tech Hokies,65.0,away,0.0,0.0,True,2.0
2025-02-08,Detroit Mercy Titans,72.0,home,0.0,0.0,False,-15.0
2025-02-08,Youngstown State Penguins,87.0,away,0.0,0.0,True,15.0
2025-02-08,Fairleigh Dickinson Knights,69.0,home,0.0,0.0,True,11.0
2025-02-08,Wagner Seahawks,58.0,away,0.0,0.0,False,-11.0
2025-02-08,Toledo Rockets,72.0,home,0.0,0.0,True,3.0
2025-02-08,James Madison Dukes,69.0,away,0.0,0.0,False,-3.0
2025-02-08,Eastern Michigan Eagles,76.0,home,0.0,0.0,True,6.0
2025-02-08,Old Dominion Monarchs,70.0,away,0.0,0.0,False,-6.0
2025-02-08,Ball State Cardinals,77.0,home,0.0,0.0,True,1.0
2025-02-08,Southern Miss Golden Eagles,76.0,away,0.0,0.0,False,-1.0
2025-02-08,VMI Keydets,82.0,home,0.0,0.0,True,12.0
2025-02-08,The Citadel Bulldogs,70.0,away,0.0,0.0,False,-12.0
2025-02-08,Bowling Green Falcons,67.0,home,0.0,0.0,True,14.0
2025-02-08,Coastal Carolina Chanticleers,53.0,away,0.0,0.0,False,-14.0
2025-02-08,Vanderbilt Commodores,86.0,home,0.0,0.0,True,8.0
2025-02-08,Texas Longhorns,78.0,away,0.0,0.0,False,-8.0
2025-02-08,Northern Illinois Huskies,64.0,home,0.0,0.0,False,-2.0
2025-02-08,Louisiana Ragin' Cajuns,66.0,away,0.0,0.0,True,2.0
2025-02-08,Kent State Golden Flashes,76.0,home,0.0,0.0,True,1.0
2025-02-08,Arkansas State Red Wolves,75.0,away,0.0,0.0,False,-1.0
2025-02-08,Akron Zips,80.0,home,0.0,0.0,True,13.0
2025-02-08,South Alabama Jaguars,67.0,away,0.0,0.0,False,-13.0
2025-02-08,Buffalo Bulls,75.0,home,0.0,0.0,False,-5.0
2025-02-08,Georgia State Panthers,80.0,away,0.0,0.0,True,5.0
2025-02-08,Queens University Royals,81.0,home,0.0,0.0,False,-13.0
2025-02-08,Lipscomb Bisons,94.0,away,0.0,0.0,True,13.0
2025-02-08,Lafayette Leopards,61.0,home,0.0,0.0,True,10.0
2025-02-08,Navy Midshipmen,51.0,away,0.0,0.0,False,-10.0
2025-02-08,Ohio Bobcats,59.0,home,0.0,0.0,False,-13.0
2025-02-08,App State Mountaineers,72.0,away,0.0,0.0,True,13.0
2025-02-08,South Carolina State Bulldogs,114.0,home,0.0,0.0,True,39.0
2025-02-08,Mid-Atlantic Christian Mustangs,75.0,away,0.0,0.0,False,-39.0
2025-02-08,South Carolina Upstate Spartans,95.0,home,0.0,0.0,False,-10.0
2025-02-08,Winthrop Eagles,105.0,away,0.0,0.0,True,10.0
2025-02-08,Southern Illinois Salukis,79.0,home,0.0,0.0,True,12.0
2025-02-08,UIC Flames,67.0,away,0.0,0.0,False,-12.0
2025-02-08,Gardner-Webb Runnin' Bulldogs,72.0,home,0.0,0.0,False,-7.0
2025-02-08,Charleston Southern Buccaneers,79.0,away,0.0,0.0,True,7.0
2025-02-08,Cornell Big Red,88.0,home,0.0,0.0,False,-15.0
2025-02-08,Yale Bulldogs,103.0,away,0.0,0.0,True,15.0
2025-02-08,Louisville Cardinals,88.0,home,0.0,0.0,True,10.0
2025-02-08,Miami Hurricanes,78.0,away,0.0,0.0,False,-10.0
2025-02-08,Long Island University Sharks,62.0,home,0.0,0.0,True,3.0
2025-02-08,Stonehill Skyhawks,59.0,away,0.0,0.0,False,-3.0
2025-02-08,Manhattan Jaspers,84.0,home,0.0,0.0,True,1.0
2025-02-08,Saint Peter's Peacocks,83.0,away,0.0,0.0,False,-1.0
2025-02-08,Lehigh Mountain Hawks,75.0,home,0.0,0.0,False,-3.0
2025-02-08,American University Eagles,78.0,away,0.0,0.0,True,3.0
2025-02-08,Columbia Lions,74.0,home,0.0,0.0,True,2.0
2025-02-08,Brown Bears,72.0,away,0.0,0.0,False,-2.0
2025-02-08,Colgate Raiders,82.0,home,0.0,0.0,True,14.0
2025-02-08,Loyola Maryland Greyhounds,68.0,away,0.0,0.0,False,-14.0
2025-02-08,Maine Black Bears,73.0,home,0.0,0.0,True,23.0
2025-02-08,UMBC Retrievers,50.0,away,0.0,0.0,False,-23.0
2025-02-08,Baylor Bears,91.0,home,0.0,0.0,True,15.0
2025-02-08,UCF Knights,76.0,away,0.0,0.0,False,-15.0
2025-02-08,Delaware Blue Hens,74.0,home,0.0,0.0,True,10.0
2025-02-08,William & Mary Tribe,64.0,away,0.0,0.0,False,-10.0
2025-02-08,Drexel Dragons,79.0,home,0.0,0.0,False,-2.0
2025-02-08,UNC Wilmington Seahawks,81.0,away,0.0,0.0,True,2.0
2025-02-08,Dartmouth Big Green,76.0,home,0.0,0.0,True,20.0
2025-02-08,Harvard Crimson,56.0,away,0.0,0.0,False,-20.0
2025-02-08,Chicago State Cougars,69.0,home,0.0,0.0,False,-12.0
2025-02-08,Saint Francis Red Flash,81.0,away,0.0,0.0,True,12.0
2025-02-08,Binghamton Bearcats,71.0,home,0.0,0.0,False,-7.0
2025-02-08,Bryant Bulldogs,78.0,away,0.0,0.0,True,7.0
2025-02-08,Northern Kentucky Norse,76.0,home,0.0,0.0,False,-5.0
2025-02-08,Robert Morris Colonials,81.0,away,0.0,0.0,True,5.0
2025-02-08,West Georgia Wolves,61.0,home,0.0,0.0,False,-17.0
2025-02-08,North Alabama Lions,78.0,away,0.0,0.0,True,17.0
2025-02-08,Rider Broncs,61.0,home,0.0,0.0,True,2.0
2025-02-08,Siena Saints,59.0,away,0.0,0.0,False,-2.0
2025-02-08,Omaha Mavericks,85.0,home,0.0,0.0,True,11.0
2025-02-08,North Dakota State Bison,74.0,away,0.0,0.0,False,-11.0
2025-02-08,Mercer Bears,66.0,home,0.0,0.0,False,-11.0
2025-02-08,Wofford Terriers,77.0,away,0.0,0.0,True,11.0
2025-02-08,Morehead State Eagles,62.0,home,0.0,0.0,False,-14.0
2025-02-08,Little Rock Trojans,76.0,away,0.0,0.0,True,14.0
2025-02-08,Longwood Lancers,69.0,home,0.0,0.0,False,-2.0
2025-02-08,Radford Highlanders,71.0,away,0.0,0.0,True,2.0
2025-02-08,Butler Bulldogs,82.0,home,0.0,0.0,True,1.0
2025-02-08,Providence Friars,81.0,away,0.0,0.0,False,-1.0
2025-02-08,Mercyhurst Lakers,82.0,home,0.0,0.0,True,4.0
2025-02-08,Le Moyne Dolphins,78.0,away,0.0,0.0,False,-4.0
2025-02-08,Quinnipiac Bobcats,75.0,home,0.0,0.0,False,-1.0
2025-02-08,Niagara Purple Eagles,76.0,away,0.0,0.0,True,1.0
2025-02-08,Florida International Panthers,71.0,home,0.0,0.0,False,-11.0
2025-02-08,Louisiana Tech Bulldogs,82.0,away,0.0,0.0,True,11.0
2025-02-08,Charlotte 49ers,78.0,home,0.0,0.0,True,3.0
2025-02-08,Rice Owls,75.0,away,0.0,0.0,False,-3.0
2025-02-08,North Texas Mean Green,76.0,home,0.0,0.0,True,10.0
2025-02-08,Tulane Green Wave,66.0,away,0.0,0.0,False,-10.0
2025-02-08,Nicholls Colonels,81.0,home,0.0,0.0,True,16.0
2025-02-08,East Texas A&M Lions,65.0,away,0.0,0.0,False,-16.0
2025-02-08,Cleveland State Vikings,77.0,home,0.0,0.0,True,17.0
2025-02-08,Milwaukee Panthers,60.0,away,0.0,0.0,False,-17.0
2025-02-08,Merrimack Warriors,69.0,home,0.0,0.0,True,18.0
2025-02-08,Canisius Golden Griffins,51.0,away,0.0,0.0,False,-18.0
2025-02-08,Syracuse Orange,95.0,home,0.0,0.0,True,9.0
2025-02-08,Boston College Eagles,86.0,away,0.0,0.0,False,-9.0
2025-02-08,North Carolina Tar Heels,67.0,home,0.0,0.0,True,1.0
2025-02-08,Pittsburgh Panthers,66.0,away,0.0,0.0,False,-1.0
2025-02-08,Howard Bison,82.0,home,0.0,0.0,True,4.0
2025-02-08,North Carolina Central Eagles,78.0,away,0.0,0.0,False,-4.0
2025-02-08,Valparaiso Beacons,56.0,home,0.0,0.0,False,-18.0
2025-02-08,Murray State Racers,74.0,away,0.0,0.0,True,18.0
2025-02-08,George Mason Patriots,82.0,home,0.0,0.0,True,15.0
2025-02-08,Rhode Island Rams,67.0,away,0.0,0.0,False,-15.0
2025-02-08,Wyoming Cowboys,57.0,home,0.0,0.0,False,-11.0
2025-02-08,UNLV Rebels,68.0,away,0.0,0.0,True,11.0
2025-02-08,Alcorn State Braves,79.0,home,0.0,0.0,True,19.0
2025-02-08,Arkansas-Pine Bluff Golden Lions,60.0,away,0.0,0.0,False,-19.0
2025-02-08,Monmouth Hawks,67.0,home,0.0,0.0,False,-6.0
2025-02-08,Towson Tigers,73.0,away,0.0,0.0,True,6.0
2025-02-08,Jackson State Tigers,92.0,home,0.0,0.0,True,48.0
2025-02-08,Mississippi Valley State Delta Devils,44.0,away,0.0,0.0,False,-48.0
2025-02-08,Stetson Hatters,58.0,home,0.0,0.0,False,-25.0
2025-02-08,Eastern Kentucky Colonels,83.0,away,0.0,0.0,True,25.0
2025-02-08,Air Force Falcons,53.0,home,0.0,0.0,False,-35.0
2025-02-08,New Mexico Lobos,88.0,away,0.0,0.0,True,35.0
2025-02-08,UNC Greensboro Spartans,74.0,home,0.0,0.0,True,4.0
2025-02-08,Western Carolina Catamounts,70.0,away,0.0,0.0,False,-4.0
2025-02-08,East Tennessee State Buccaneers,66.0,home,0.0,0.0,True,7.0
2025-02-08,Samford Bulldogs,59.0,away,0.0,0.0,False,-7.0
2025-02-08,Northeastern Huskies,75.0,home,0.0,0.0,False,-9.0
2025-02-08,Hampton Pirates,84.0,away,0.0,0.0,True,9.0
2025-02-08,UCLA Bruins,78.0,home,0.0,0.0,True,24.0
2025-02-08,Penn State Nittany Lions,54.0,away,0.0,0.0,False,-24.0
2025-02-08,Houston Christian Huskies,81.0,home,0.0,0.0,True,13.0
2025-02-08,New Orleans Privateers,68.0,away,0.0,0.0,False,-13.0
2025-02-08,Denver Pioneers,76.0,home,0.0,0.0,False,-3.0
2025-02-08,St. Thomas-Minnesota Tommies,79.0,away,0.0,0.0,True,3.0
2025-02-08,Liberty Flames,64.0,home,0.0,0.0,True,3.0
2025-02-08,Sam Houston Bearkats,61.0,away,0.0,0.0,False,-3.0
2025-02-08,Hofstra Pride,75.0,home,0.0,0.0,False,-5.0
2025-02-08,Stony Brook Seawolves,80.0,away,0.0,0.0,True,5.0
2025-02-08,Utah Valley Wolverines,81.0,home,0.0,0.0,True,25.0
2025-02-08,Tarleton State Texans,56.0,away,0.0,0.0,False,-25.0
2025-02-08,Tennessee Tech Golden Eagles,59.0,home,0.0,0.0,True,5.0
2025-02-08,Eastern Illinois Panthers,54.0,away,0.0,0.0,False,-5.0
2025-02-08,Alabama State Hornets,67.0,home,0.0,0.0,False,-10.0
2025-02-08,Grambling Tigers,77.0,away,0.0,0.0,True,10.0
2025-02-08,Chattanooga Mocs,85.0,home,0.0,0.0,True,13.0
2025-02-08,Furman Paladins,72.0,away,0.0,0.0,False,-13.0
2025-02-08,UT Martin Skyhawks,81.0,home,0.0,0.0,True,11.0
2025-02-08,Western Illinois Leathernecks,70.0,away,0.0,0.0,False,-11.0
2025-02-08,Tennessee State Tigers,84.0,home,0.0,0.0,True,8.0
2025-02-08,Lindenwood Lions,76.0,away,0.0,0.0,False,-8.0
2025-02-08,West Virginia Mountaineers,72.0,home,0.0,0.0,True,11.0
2025-02-08,Utah Utes,61.0,away,0.0,0.0,False,-11.0
2025-02-08,California Golden Bears,66.0,home,0.0,0.0,False,-10.0
2025-02-08,Wake Forest Demon Deacons,76.0,away,0.0,0.0,True,10.0
2025-02-08,Central Michigan Chippewas,85.0,home,0.0,0.0,True,15.0
2025-02-08,Texas State Bobcats,70.0,away,0.0,0.0,False,-15.0
2025-02-08,Austin Peay Governors,90.0,home,0.0,0.0,True,23.0
2025-02-08,Central Arkansas Bears,67.0,away,0.0,0.0,False,-23.0
2025-02-08,Alabama A&M Bulldogs,68.0,home,0.0,0.0,False,-13.0
2025-02-08,Southern Jaguars,81.0,away,0.0,0.0,True,13.0
2025-02-08,Kennesaw State Owls,75.0,home,0.0,0.0,False,-1.0
2025-02-08,Middle Tennessee Blue Raiders,76.0,away,0.0,0.0,True,1.0
2025-02-08,McNeese Cowboys,65.0,home,0.0,0.0,True,15.0
2025-02-08,Northwestern State Demons,50.0,away,0.0,0.0,False,-15.0
2025-02-08,Virginia Cavaliers,75.0,home,0.0,0.0,True,14.0
2025-02-08,Georgia Tech Yellow Jackets,61.0,away,0.0,0.0,False,-14.0
2025-02-08,Eastern Washington Eagles,72.0,home,0.0,0.0,True,5.0
2025-02-08,Portland State Vikings,67.0,away,0.0,0.0,False,-5.0
2025-02-08,Jacksonville State Gamecocks,85.0,home,0.0,0.0,True,2.0
2025-02-08,Western Kentucky Hilltoppers,83.0,away,0.0,0.0,False,-2.0
2025-02-08,Belmont Bruins,85.0,home,0.0,0.0,True,17.0
2025-02-08,Missouri State Bears,68.0,away,0.0,0.0,False,-17.0
2025-02-08,Prairie View A&M Panthers,82.0,home,0.0,0.0,False,-3.0
2025-02-08,Bethune-Cookman Wildcats,85.0,away,0.0,0.0,True,3.0
2025-02-08,North Florida Ospreys,70.0,home,0.0,0.0,False,-14.0
2025-02-08,Florida Gulf Coast Eagles,84.0,away,0.0,0.0,True,14.0
2025-02-08,Idaho Vandals,78.0,home,0.0,0.0,True,2.0
2025-02-08,Sacramento State Hornets,76.0,away,0.0,0.0,False,-2.0
2025-02-08,Texas Southern Tigers,64.0,home,0.0,0.0,False,-2.0
2025-02-08,Florida A&M Rattlers,66.0,away,0.0,0.0,True,2.0
2025-02-08,Cincinnati Bearcats,84.0,home,0.0,0.0,True,18.0
2025-02-08,BYU Cougars,66.0,away,0.0,0.0,False,-18.0
2025-02-08,Duquesne Dukes,69.0,home,0.0,0.0,True,13.0
2025-02-08,Loyola Chicago Ramblers,56.0,away,0.0,0.0,False,-13.0
2025-02-08,Stephen F. Austin Lumberjacks,78.0,home,0.0,0.0,True,14.0
2025-02-08,Texas A&M-Corpus Christi Islanders,64.0,away,0.0,0.0,False,-14.0
2025-02-08,Drake Bulldogs,85.0,home,0.0,0.0,True,4.0
2025-02-08,Indiana State Sycamores,81.0,away,0.0,0.0,False,-4.0
2025-02-08,Northern Iowa Panthers,68.0,home,0.0,0.0,True,3.0
2025-02-08,Illinois State Redbirds,65.0,away,0.0,0.0,False,-3.0
2025-02-08,Incarnate Word Cardinals,66.0,home,0.0,0.0,False,-5.0
2025-02-08,SE Louisiana Lions,71.0,away,0.0,0.0,True,5.0
2025-02-08,Washington State Cougars,87.0,home,0.0,0.0,True,1.0
2025-02-08,Pepperdine Waves,86.0,away,0.0,0.0,False,-1.0
2025-02-09,High Point Panthers,104.0,home,0.0,0.0,True,4.0
2025-02-09,UNC Asheville Bulldogs,100.0,away,0.0,0.0,False,-4.0
2025-02-08,Charleston Cougars,88.0,home,0.0,0.0,True,5.0
2025-02-08,Elon Phoenix,83.0,away,0.0,0.0,False,-5.0
2025-02-09,Fairfield Stags,71.0,home,0.0,0.0,False,-6.0
2025-02-09,Sacred Heart Pioneers,77.0,away,0.0,0.0,True,6.0
2025-02-09,Stanford Cardinal,74.0,home,0.0,0.0,True,1.0
2025-02-09,NC State Wolfpack,73.0,away,0.0,0.0,False,-1.0
2025-02-09,UAlbany Great Danes,62.0,home,0.0,0.0,False,-6.0
2025-02-09,Vermont Catamounts,68.0,away,0.0,0.0,True,6.0
2025-02-09,Lamar Cardinals,70.0,home,0.0,0.0,True,2.0
2025-02-09,UT Rio Grande Valley Vaqueros,68.0,away,0.0,0.0,False,-2.0
2025-02-09,Wright State Raiders,91.0,home,0.0,0.0,True,18.0
2025-02-09,IU Indianapolis Jaguars,73.0,away,0.0,0.0,False,-18.0
2025-02-08,Kansas City Roos,80.0,home,0.0,0.0,True,11.0
2025-02-08,North Dakota Fighting Hawks,69.0,away,0.0,0.0,False,-11.0
2025-02-09,Long Beach State Beach,80.0,home,0.0,0.0,False,-1.0
2025-02-09,Cal State Northridge Matadors,81.0,away,0.0,0.0,True,1.0
2025-02-09,Jacksonville Dolphins,73.0,home,0.0,0.0,True,9.0
2025-02-09,Bellarmine Knights,64.0,away,0.0,0.0,False,-9.0
2025-02-09,UTSA Roadrunners,79.0,home,0.0,0.0,False,-1.0
2025-02-09,East Carolina Pirates,80.0,away,0.0,0.0,True,1.0
2025-02-09,Northern Arizona Lumberjacks,80.0,home,0.0,0.0,False,-3.0
2025-02-09,Montana Grizzlies,83.0,away,0.0,0.0,True,3.0
2025-02-09,Pacific Tigers,61.0,home,0.0,0.0,False,-17.0
2025-02-09,Gonzaga Bulldogs,78.0,away,0.0,0.0,True,17.0
2025-02-09,Santa Clara Broncos,93.0,home,0.0,0.0,True,23.0
2025-02-09,San Diego Toreros,70.0,away,0.0,0.0,False,-23.0
2025-02-09,Northern Colorado Bears,73.0,home,0.0,0.0,True,7.0
2025-02-09,Montana State Bobcats,66.0,away,0.0,0.0,False,-7.0
2025-02-09,Purdue Fort Wayne Mastodons,89.0,home,0.0,0.0,True,15.0
2025-02-09,Green Bay Phoenix,74.0,away,0.0,0.0,False,-15.0
2025-02-09,Marist Red Foxes,71.0,home,0.0,0.0,False,-4.0
2025-02-09,Iona Gaels,75.0,away,0.0,0.0,True,4.0
2025-02-09,Evansville Purple Aces,74.0,home,0.0,0.0,False,-6.0
2025-02-09,Bradley Braves,80.0,away,0.0,0.0,True,6.0
2025-02-09,California Baptist Lancers,85.0,home,0.0,0.0,True,14.0
2025-02-09,Grand Canyon Lopes,71.0,away,0.0,0.0,False,-14.0
2025-02-09,Weber State Wildcats,67.0,home,0.0,0.0,False,-5.0
2025-02-09,Idaho State Bengals,72.0,away,0.0,0.0,True,5.0
2025-02-09,Seattle U Redhawks,67.0,home,0.0,0.0,True,2.0
2025-02-09,UT Arlington Mavericks,65.0,away,0.0,0.0,False,-2.0
2025-02-09,Oral Roberts Golden Eagles,74.0,home,0.0,0.0,False,-1.0
2025-02-09,South Dakota Coyotes,75.0,away,0.0,0.0,True,1.0
2025-02-09,Southern Utah Thunderbirds,70.0,home,0.0,0.0,False,-14.0
2025-02-09,Abilene Christian Wildcats,84.0,away,0.0,0.0,True,14.0
2025-02-09,Southern Indiana Screaming Eagles,74.0,home,0.0,0.0,False,-5.0
2025-02-09,Southeast Missouri State Redhawks,79.0,away,0.0,0.0,True,5.0
2025-02-09,Cal State Fullerton Titans,49.0,home,0.0,0.0,False,-16.0
2025-02-09,UC Davis Aggies,65.0,away,0.0,0.0,True,16.0
2025-02-09,Loyola Marymount Lions,66.0,home,0.0,0.0,False,-6.0
2025-02-09,San Francisco Dons,72.0,away,0.0,0.0,True,6.0
2025-02-09,New Mexico State Aggies,63.0,home,0.0,0.0,False,-3.0
2025-02-09,UTEP Miners,66.0,away,0.0,0.0,True,3.0
2025-02-09,UC Irvine Anteaters,67.0,home,0.0,0.0,False,-18.0
2025-02-09,UC San Diego Tritons,85.0,away,0.0,0.0,True,18.0
2025-02-09,Colorado State Rams,68.0,home,0.0,0.0,True,5.0
2025-02-09,San Diego State Aztecs,63.0,away,0.0,0.0,False,-5.0
2025-02-09,Oregon State Beavers,49.0,home,0.0,0.0,False,-14.0
2025-02-09,Saint Mary's Gaels,63.0,away,0.0,0.0,True,14.0
2025-02-09,UC Santa Barbara Gauchos,76.0,home,0.0,0.0,True,4.0
2025-02-09,Hawai'i Rainbow Warriors,72.0,away,0.0,0.0,False,-4.0
2025-02-09,Washington Huskies,76.0,home,0.0,0.0,True,5.0
2025-02-09,Northwestern Wildcats,71.0,away,0.0,0.0,False,-5.0
2025-02-09,UC Riverside Highlanders,69.0,home,0.0,0.0,True,5.0
2025-02-09,Cal State Bakersfield Roadrunners,64.0,away,0.0,0.0,False,-5.0
2025-02-25,Jacksonville Dolphins,59.0,home,0.0,0.0,True,4.0
2025-02-25,Eastern Kentucky Colonels,55.0,away,0.0,0.0,False,-4.0
2025-02-25,New Orleans Privateers,71.0,home,0.0,0.0,False,-2.0
2025-02-25,East Texas A&M Lions,73.0,away,0.0,0.0,True,2.0
2025-02-25,Stetson Hatters,69.0,home,0.0,0.0,True,2.0
2025-02-25,Bellarmine Knights,67.0,away,0.0,0.0,False,-2.0
2025-02-25,Nicholls Colonels,71.0,home,0.0,0.0,True,2.0
2025-02-25,Texas A&M-Corpus Christi Islanders,69.0,away,0.0,0.0,False,-2.0
2025-02-24,Hampton Pirates,81.0,home,0.0,0.0,True,32.0
2025-02-24,Stony Brook Seawolves,49.0,away,0.0,0.0,False,-32.0
2025-02-25,Incarnate Word Cardinals,73.0,home,0.0,0.0,True,12.0
2025-02-25,Lamar Cardinals,61.0,away,0.0,0.0,False,-12.0
2025-02-25,Delaware State Hornets,86.0,home,0.0,0.0,True,2.0
2025-02-25,North Carolina Central Eagles,84.0,away,0.0,0.0,False,-2.0
2025-02-25,West Georgia Wolves,57.0,home,0.0,0.0,False,-15.0
2025-02-25,Queens University Royals,72.0,away,0.0,0.0,True,15.0
2025-02-25,Prairie View A&M Panthers,64.0,home,0.0,0.0,True,8.0
2025-02-25,Mississippi Valley State Delta Devils,56.0,away,0.0,0.0,False,-8.0
2025-02-25,SE Louisiana Lions,69.0,home,0.0,0.0,False,-3.0
2025-02-25,Northwestern State Demons,72.0,away,0.0,0.0,True,3.0
2025-02-25,Monmouth Hawks,78.0,home,0.0,0.0,True,5.0
2025-02-25,Northeastern Huskies,73.0,away,0.0,0.0,False,-5.0
2025-02-25,Austin Peay Governors,78.0,home,0.0,0.0,False,-17.0
2025-02-25,Lipscomb Bisons,95.0,away,0.0,0.0,True,17.0
2025-02-25,Central Arkansas Bears,70.0,home,0.0,0.0,False,-23.0
2025-02-25,North Alabama Lions,93.0,away,0.0,0.0,True,23.0
2025-02-25,Texas Tech Red Raiders,61.0,home,0.0,0.0,False,-8.0
2025-02-25,Houston Cougars,69.0,away,0.0,0.0,True,8.0
2025-02-25,Nebraska Cornhuskers,46.0,home,0.0,0.0,False,-3.0
2025-02-25,Michigan Wolverines,49.0,away,0.0,0.0,True,3.0
2025-02-25,Florida State Seminoles,85.0,home,0.0,0.0,False,-11.0
2025-02-25,North Carolina Tar Heels,96.0,away,0.0,0.0,True,11.0
2025-02-25,Florida Gulf Coast Eagles,86.0,home,0.0,0.0,True,4.0
2025-02-25,North Florida Ospreys,82.0,away,0.0,0.0,False,-4.0
2025-02-25,Alabama State Hornets,68.0,home,0.0,0.0,False,-2.0
2025-02-25,Bethune-Cookman Wildcats,70.0,away,0.0,0.0,True,2.0
2025-02-25,McNeese Cowboys,100.0,home,0.0,0.0,True,35.0
2025-02-25,UT Rio Grande Valley Vaqueros,65.0,away,0.0,0.0,False,-35.0
2025-02-24,William & Mary Tribe,70.0,home,0.0,0.0,False,-9.0
2025-02-24,UNC Wilmington Seahawks,79.0,away,0.0,0.0,True,9.0
2025-02-25,Maryland Eastern Shore Hawks,68.0,home,0.0,0.0,False,-13.0
2025-02-25,South Carolina State Bulldogs,81.0,away,0.0,0.0,True,13.0
2025-02-25,Coppin State Eagles,72.0,home,0.0,0.0,True,11.0
2025-02-25,Howard Bison,61.0,away,0.0,0.0,False,-11.0
2025-02-25,Texas Southern Tigers,81.0,home,0.0,0.0,True,25.0
2025-02-25,Arkansas-Pine Bluff Golden Lions,56.0,away,0.0,0.0,False,-25.0
2025-02-25,Alabama A&M Bulldogs,77.0,home,0.0,0.0,True,11.0
2025-02-25,Florida A&M Rattlers,66.0,away,0.0,0.0,False,-11.0
2025-02-25,Norfolk State Spartans,69.0,home,0.0,0.0,True,9.0
2025-02-25,Morgan State Bears,60.0,away,0.0,0.0,False,-9.0
2025-02-25,Houston Christian Huskies,72.0,home,0.0,0.0,True,16.0
2025-02-25,Stephen F. Austin Lumberjacks,56.0,away,0.0,0.0,False,-16.0
2025-02-25,Colorado Buffaloes,64.0,home,0.0,0.0,False,-7.0
2025-02-25,Kansas Jayhawks,71.0,away,0.0,0.0,True,7.0
2025-02-23,Memphis Tigers,84.0,home,0.0,0.0,True,19.0
2025-02-23,Florida Atlantic Owls,65.0,away,0.0,0.0,False,-19.0
2025-02-23,Wichita State Shockers,78.0,home,0.0,0.0,True,11.0
2025-02-23,Tulane Green Wave,67.0,away,0.0,0.0,False,-11.0
2025-02-23,Indiana Hoosiers,73.0,home,0.0,0.0,True,15.0
2025-02-23,Purdue Boilermakers,58.0,away,0.0,0.0,False,-15.0
2025-02-23,Iona Gaels,70.0,home,0.0,0.0,False,-7.0
2025-02-23,Merrimack Warriors,77.0,away,0.0,0.0,True,7.0
2025-02-23,UAB Blazers,80.0,home,0.0,0.0,True,16.0
2025-02-23,Temple Owls,64.0,away,0.0,0.0,False,-16.0
2025-02-23,Youngstown State Penguins,81.0,home,0.0,0.0,True,4.0
2025-02-23,Green Bay Phoenix,77.0,away,0.0,0.0,False,-4.0
2025-02-23,Siena Saints,88.0,home,0.0,0.0,False,-5.0
2025-02-23,Canisius Golden Griffins,93.0,away,0.0,0.0,True,5.0
2025-02-23,Mount St. Mary's Mountaineers,79.0,home,0.0,0.0,True,7.0
2025-02-23,Rider Broncs,72.0,away,0.0,0.0,False,-7.0
2025-02-23,Loyola Maryland Greyhounds,84.0,home,0.0,0.0,True,19.0
2025-02-23,Colgate Raiders,65.0,away,0.0,0.0,False,-19.0
2025-02-23,Robert Morris Colonials,72.0,home,0.0,0.0,True,13.0
2025-02-23,Milwaukee Panthers,59.0,away,0.0,0.0,False,-13.0
2025-02-23,Bucknell Bison,84.0,home,0.0,0.0,True,31.0
2025-02-23,Army Black Knights,53.0,away,0.0,0.0,False,-31.0
2025-02-23,Manhattan Jaspers,71.0,home,0.0,0.0,False,-3.0
2025-02-23,Quinnipiac Bobcats,74.0,away,0.0,0.0,True,3.0
2025-02-23,St. John's Red Storm,89.0,home,0.0,0.0,True,14.0
2025-02-23,UConn Huskies,75.0,away,0.0,0.0,False,-14.0
2025-02-23,South Dakota State Jackrabbits,70.0,home,0.0,0.0,True,5.0
2025-02-23,Kansas City Roos,65.0,away,0.0,0.0,False,-5.0
2025-02-23,Seton Hall Pirates,66.0,home,0.0,0.0,False,-7.0
2025-02-23,Xavier Musketeers,73.0,away,0.0,0.0,True,7.0
2025-02-23,Navy Midshipmen,83.0,home,0.0,0.0,True,6.0
2025-02-23,Holy Cross Crusaders,77.0,away,0.0,0.0,False,-6.0
2025-02-23,South Florida Bulls,57.0,home,0.0,0.0,False,-7.0
2025-02-23,North Texas Mean Green,64.0,away,0.0,0.0,True,7.0
2025-02-23,Northern Kentucky Norse,71.0,home,0.0,0.0,True,4.0
2025-02-23,IU Indianapolis Jaguars,67.0,away,0.0,0.0,False,-4.0
2025-02-23,Marist Red Foxes,64.0,home,0.0,0.0,True,3.0
2025-02-23,Niagara Purple Eagles,61.0,away,0.0,0.0,False,-3.0
2025-02-23,East Carolina Pirates,96.0,home,0.0,0.0,True,7.0
2025-02-23,UTSA Roadrunners,89.0,away,0.0,0.0,False,-7.0
2025-02-23,Oakland Golden Grizzlies,91.0,home,0.0,0.0,True,5.0
2025-02-23,Cleveland State Vikings,86.0,away,0.0,0.0,False,-5.0
2025-02-23,Saint Peter's Peacocks,85.0,home,0.0,0.0,True,6.0
2025-02-23,Sacred Heart Pioneers,79.0,away,0.0,0.0,False,-6.0
2025-02-23,UCF Knights,76.0,home,0.0,0.0,True,4.0
2025-02-23,Utah Utes,72.0,away,0.0,0.0,False,-4.0
2025-02-23,Creighton Bluejays,80.0,home,0.0,0.0,True,11.0
2025-02-23,Georgetown Hoyas,69.0,away,0.0,0.0,False,-11.0
2025-02-23,Northern Iowa Panthers,58.0,home,0.0,0.0,False,-6.0
2025-02-23,Drake Bulldogs,64.0,away,0.0,0.0,True,6.0
2025-02-23,Kansas State Wildcats,54.0,home,0.0,0.0,False,-12.0
2025-02-23,Arizona State Sun Devils,66.0,away,0.0,0.0,True,12.0
2025-02-23,UCLA Bruins,69.0,home,0.0,0.0,True,8.0
2025-02-23,Ohio State Buckeyes,61.0,away,0.0,0.0,False,-8.0
2025-02-23,Rutgers Scarlet Knights,95.0,home,0.0,0.0,True,10.0
2025-02-23,USC Trojans,85.0,away,0.0,0.0,False,-10.0
2025-02-20,Binghamton Bearcats,79.0,home,0.0,0.0,True,19.0
2025-02-20,New Hampshire Wildcats,60.0,away,0.0,0.0,False,-19.0
2025-02-20,UMass Lowell River Hawks,98.0,home,0.0,0.0,True,19.0
2025-02-20,UMBC Retrievers,79.0,away,0.0,0.0,False,-19.0
2025-02-21,North Carolina A&T Aggies,53.0,home,0.0,0.0,True,3.0
2025-02-21,Campbell Fighting Camels,50.0,away,0.0,0.0,False,-3.0
2025-02-21,Elon Phoenix,69.0,home,0.0,0.0,True,6.0
2025-02-21,Towson Tigers,63.0,away,0.0,0.0,False,-6.0
2025-02-21,Wagner Seahawks,63.0,home,0.0,0.0,True,6.0
2025-02-21,Stonehill Skyhawks,57.0,away,0.0,0.0,False,-6.0
2025-02-20,Delaware Blue Hens,74.0,home,0.0,0.0,False,-4.0
2025-02-20,Drexel Dragons,78.0,away,0.0,0.0,True,4.0
2025-02-21,Troy Trojans,69.0,home,0.0,0.0,False,-3.0
2025-02-21,Louisiana Ragin' Cajuns,72.0,away,0.0,0.0,True,3.0
2025-02-20,Bellarmine Knights,80.0,home,0.0,0.0,True,6.0
2025-02-20,Eastern Kentucky Colonels,74.0,away,0.0,0.0,False,-6.0
2025-02-20,UAlbany Great Danes,79.0,home,0.0,0.0,True,11.0
2025-02-20,Maine Black Bears,68.0,away,0.0,0.0,False,-11.0
2025-02-21,Le Moyne Dolphins,76.0,home,0.0,0.0,False,-5.0
2025-02-21,Saint Francis Red Flash,81.0,away,0.0,0.0,True,5.0
2025-02-21,Mercyhurst Lakers,65.0,home,0.0,0.0,True,5.0
2025-02-21,Fairleigh Dickinson Knights,60.0,away,0.0,0.0,False,-5.0
2025-02-21,Maryland Terrapins,88.0,home,0.0,0.0,True,17.0
2025-02-21,USC Trojans,71.0,away,0.0,0.0,False,-17.0
2025-02-20,App State Mountaineers,79.0,home,0.0,0.0,True,5.0
2025-02-20,Georgia Southern Eagles,74.0,away,0.0,0.0,False,-5.0
2025-02-21,Northeastern Huskies,62.0,home,0.0,0.0,False,-11.0
2025-02-21,Charleston Cougars,73.0,away,0.0,0.0,True,11.0
2025-02-20,Old Dominion Monarchs,77.0,home,0.0,0.0,False,-4.0
2025-02-20,Marshall Thundering Herd,81.0,away,0.0,0.0,True,4.0
2025-02-21,Vermont Catamounts,59.0,home,0.0,0.0,True,4.0
2025-02-21,Bryant Bulldogs,55.0,away,0.0,0.0,False,-4.0
2025-02-20,Ohio State Buckeyes,49.0,home,0.0,0.0,False,-21.0
2025-02-20,Northwestern Wildcats,70.0,away,0.0,0.0,True,21.0
2025-02-21,Radford Highlanders,77.0,home,0.0,0.0,True,24.0
2025-02-21,UNC Asheville Bulldogs,53.0,away,0.0,0.0,False,-24.0
2025-02-21,James Madison Dukes,83.0,home,0.0,0.0,True,20.0
2025-02-21,Georgia State Panthers,63.0,away,0.0,0.0,False,-20.0
2025-02-21,Chicago State Cougars,75.0,home,0.0,0.0,False,-6.0
2025-02-21,Central Connecticut Blue Devils,81.0,away,0.0,0.0,True,6.0
2025-02-21,Hofstra Pride,62.0,home,0.0,0.0,False,-6.0
2025-02-21,Monmouth Hawks,68.0,away,0.0,0.0,True,6.0
2025-02-21,Stetson Hatters,80.0,home,0.0,0.0,False,-3.0
2025-02-21,Florida Gulf Coast Eagles,83.0,away,0.0,0.0,True,3.0
2025-02-21,Kennesaw State Owls,83.0,home,0.0,0.0,True,10.0
2025-02-21,UTEP Miners,73.0,away,0.0,0.0,False,-10.0
2025-02-21,West Georgia Wolves,71.0,home,0.0,0.0,False,-11.0
2025-02-21,Central Arkansas Bears,82.0,away,0.0,0.0,True,11.0
2025-02-21,Northern Arizona Lumberjacks,78.0,home,0.0,0.0,False,-5.0
2025-02-21,Idaho Vandals,83.0,away,0.0,0.0,True,5.0
2025-02-21,Morehead State Eagles,62.0,home,0.0,0.0,False,-18.0
2025-02-21,SIU Edwardsville Cougars,80.0,away,0.0,0.0,True,18.0
2025-02-21,Idaho State Bengals,82.0,home,0.0,0.0,True,8.0
2025-02-21,Portland State Vikings,74.0,away,0.0,0.0,False,-8.0
2025-02-21,Queens University Royals,78.0,home,0.0,0.0,False,-14.0
2025-02-21,Austin Peay Governors,92.0,away,0.0,0.0,True,14.0
2025-02-21,Southeast Missouri State Redhawks,87.0,home,0.0,0.0,True,21.0
2025-02-21,Western Illinois Leathernecks,66.0,away,0.0,0.0,False,-21.0
2025-02-21,Lipscomb Bisons,75.0,home,0.0,0.0,True,12.0
2025-02-21,North Alabama Lions,63.0,away,0.0,0.0,False,-12.0
2025-02-21,Jacksonville State Gamecocks,52.0,home,0.0,0.0,False,-9.0
2025-02-21,New Mexico State Aggies,61.0,away,0.0,0.0,True,9.0
2025-02-21,Southern Miss Golden Eagles,78.0,home,0.0,0.0,False,-9.0
2025-02-21,Coastal Carolina Chanticleers,87.0,away,0.0,0.0,True,9.0
2025-02-21,Weber State Wildcats,77.0,home,0.0,0.0,False,-3.0
2025-02-21,Sacramento State Hornets,80.0,away,0.0,0.0,True,3.0
2025-02-21,Abilene Christian Wildcats,75.0,home,0.0,0.0,True,16.0
2025-02-21,Southern Utah Thunderbirds,59.0,away,0.0,0.0,False,-16.0
2025-02-21,North Florida Ospreys,77.0,home,0.0,0.0,True,4.0
2025-02-21,Jacksonville Dolphins,73.0,away,0.0,0.0,False,-4.0
2025-02-21,Northern Colorado Bears,95.0,home,0.0,0.0,True,19.0
2025-02-21,Eastern Washington Eagles,76.0,away,0.0,0.0,False,-19.0
2025-02-21,Tennessee Tech Golden Eagles,71.0,home,0.0,0.0,True,5.0
2025-02-21,UT Martin Skyhawks,66.0,away,0.0,0.0,False,-5.0
2025-02-21,Little Rock Trojans,92.0,home,0.0,0.0,False,-1.0
2025-02-21,Lindenwood Lions,93.0,away,0.0,0.0,True,1.0
2025-02-21,Florida Atlantic Owls,68.0,home,0.0,0.0,False,-7.0
2025-02-21,Wichita State Shockers,75.0,away,0.0,0.0,True,7.0
2025-02-21,Southern Indiana Screaming Eagles,54.0,home,0.0,0.0,False,-9.0
2025-02-21,Eastern Illinois Panthers,63.0,away,0.0,0.0,True,9.0
2025-02-21,UC Davis Aggies,66.0,home,0.0,0.0,False,-5.0
2025-02-21,Cal State Bakersfield Roadrunners,71.0,away,0.0,0.0,True,5.0
2025-02-21,Western Kentucky Hilltoppers,62.0,home,0.0,0.0,False,-16.0
2025-02-21,Sam Houston Bearkats,78.0,away,0.0,0.0,True,16.0
2025-02-21,Middle Tennessee Blue Raiders,74.0,home,0.0,0.0,False,-11.0
2025-02-21,Louisiana Tech Bulldogs,85.0,away,0.0,0.0,True,11.0
2025-02-21,Utah Tech Trailblazers,77.0,home,0.0,0.0,False,-2.0
2025-02-21,Utah Valley Wolverines,79.0,away,0.0,0.0,True,2.0
2025-02-21,UC Riverside Highlanders,87.0,home,0.0,0.0,True,21.0
2025-02-21,Long Beach State Beach,66.0,away,0.0,0.0,False,-21.0
2025-02-21,Cal Poly Mustangs,67.0,home,0.0,0.0,False,-14.0
2025-02-21,UC San Diego Tritons,81.0,away,0.0,0.0,True,14.0
2025-02-21,San Francisco Dons,71.0,home,0.0,0.0,True,13.0
2025-02-21,Pacific Tigers,58.0,away,0.0,0.0,False,-13.0
2025-02-21,Pepperdine Waves,78.0,home,0.0,0.0,False,-6.0
2025-02-21,Oregon State Beavers,84.0,away,0.0,0.0,True,6.0
2025-02-21,UC Santa Barbara Gauchos,86.0,home,0.0,0.0,True,30.0
2025-02-21,Cal State Fullerton Titans,56.0,away,0.0,0.0,False,-30.0
2025-02-21,Santa Clara Broncos,76.0,home,0.0,0.0,True,15.0
2025-02-21,Loyola Marymount Lions,61.0,away,0.0,0.0,False,-15.0
2025-02-21,UC Irvine Anteaters,72.0,home,0.0,0.0,False,-12.0
2025-02-21,Cal State Northridge Matadors,84.0,away,0.0,0.0,True,12.0
2025-02-15,Purdue Boilermakers,84.0,home,0.0,0.0,False,-10.0
2025-02-15,Wisconsin Badgers,94.0,away,0.0,0.0,True,10.0
2025-02-15,Duke Blue Devils,106.0,home,0.0,0.0,True,36.0
2025-02-15,Stanford Cardinal,70.0,away,0.0,0.0,False,-36.0
2025-02-15,Texas A&M Aggies,69.0,home,0.0,0.0,True,8.0
2025-02-15,Arkansas Razorbacks,61.0,away,0.0,0.0,False,-8.0
2025-02-16,Texas Longhorns,82.0,home,0.0,0.0,True,4.0
2025-02-16,Kentucky Wildcats,78.0,away,0.0,0.0,False,-4.0
2025-02-15,Pittsburgh Panthers,74.0,home,0.0,0.0,True,9.0
2025-02-15,Miami Hurricanes,65.0,away,0.0,0.0,False,-9.0
2025-02-15,Georgia Bulldogs,74.0,home,0.0,0.0,False,-13.0
2025-02-15,Missouri Tigers,87.0,away,0.0,0.0,True,13.0
2025-02-15,Furman Paladins,50.0,home,0.0,0.0,False,-8.0
2025-02-15,UNC Greensboro Spartans,58.0,away,0.0,0.0,True,8.0
2025-02-16,Utah Utes,74.0,home,0.0,0.0,True,7.0
2025-02-16,Kansas Jayhawks,67.0,away,0.0,0.0,False,-7.0
2025-02-15,Xavier Musketeers,85.0,home,0.0,0.0,True,17.0
2025-02-15,DePaul Blue Demons,68.0,away,0.0,0.0,False,-17.0
2025-02-15,Oklahoma State Cowboys,55.0,home,0.0,0.0,False,-38.0
2025-02-15,Texas Tech Red Raiders,93.0,away,0.0,0.0,True,38.0
2025-02-16,Illinois Fighting Illini,65.0,home,0.0,0.0,False,-14.0
2025-02-16,Michigan State Spartans,79.0,away,0.0,0.0,True,14.0
2025-02-15,Massachusetts Minutemen,59.0,home,0.0,0.0,False,-14.0
2025-02-15,St. Bonaventure Bonnies,73.0,away,0.0,0.0,True,14.0
2025-02-15,Tennessee Volunteers,81.0,home,0.0,0.0,True,5.0
2025-02-15,Vanderbilt Commodores,76.0,away,0.0,0.0,False,-5.0
2025-02-16,Florida Gators,88.0,home,0.0,0.0,True,21.0
2025-02-16,South Carolina Gamecocks,67.0,away,0.0,0.0,False,-21.0
2025-02-15,Alabama Crimson Tide,85.0,home,0.0,0.0,False,-9.0
2025-02-15,Auburn Tigers,94.0,away,0.0,0.0,True,9.0
2025-02-15,Arizona Wildcats,58.0,home,0.0,0.0,False,-4.0
2025-02-15,Houston Cougars,62.0,away,0.0,0.0,True,4.0
2025-02-15,Iowa State Cyclones,81.0,home,0.0,0.0,True,11.0
2025-02-15,Cincinnati Bearcats,70.0,away,0.0,0.0,False,-11.0
2025-02-15,Florida State Seminoles,46.0,home,0.0,0.0,False,-26.0
2025-02-15,Clemson Tigers,72.0,away,0.0,0.0,True,26.0
2025-02-15,Tulane Green Wave,81.0,home,0.0,0.0,True,3.0
2025-02-15,Rice Owls,78.0,away,0.0,0.0,False,-3.0
2025-02-15,Ole Miss Rebels,71.0,home,0.0,0.0,False,-10.0
2025-02-15,Mississippi State Bulldogs,81.0,away,0.0,0.0,True,10.0
2025-02-15,Indiana State Sycamores,85.0,home,0.0,0.0,True,9.0
2025-02-15,Illinois State Redbirds,76.0,away,0.0,0.0,False,-9.0
2025-02-15,George Mason Patriots,58.0,home,0.0,0.0,True,1.0
2025-02-15,Saint Joseph's Hawks,57.0,away,0.0,0.0,False,-1.0
2025-02-15,Boston University Terriers,93.0,home,0.0,0.0,True,2.0
2025-02-15,Colgate Raiders,91.0,away,0.0,0.0,False,-2.0
2025-02-15,Navy Midshipmen,61.0,home,0.0,0.0,True,7.0
2025-02-15,Army Black Knights,54.0,away,0.0,0.0,False,-7.0
2025-02-15,Central Connecticut Blue Devils,83.0,home,0.0,0.0,True,16.0
2025-02-15,Saint Francis Red Flash,67.0,away,0.0,0.0,False,-16.0
2025-02-15,New Hampshire Wildcats,80.0,home,0.0,0.0,True,1.0
2025-02-15,UMass Lowell River Hawks,79.0,away,0.0,0.0,False,-1.0
2025-02-15,Lafayette Leopards,69.0,home,0.0,0.0,False,-6.0
2025-02-15,Bucknell Bison,75.0,away,0.0,0.0,True,6.0
2025-02-15,Le Moyne Dolphins,80.0,home,0.0,0.0,True,5.0
2025-02-15,Chicago State Cougars,75.0,away,0.0,0.0,False,-5.0
2025-02-15,Virginia Tech Hokies,70.0,home,0.0,0.0,False,-3.0
2025-02-15,Virginia Cavaliers,73.0,away,0.0,0.0,True,3.0
2025-02-15,Butler Bulldogs,97.0,home,0.0,0.0,True,11.0
2025-02-15,Georgetown Hoyas,86.0,away,0.0,0.0,False,-11.0
2025-02-15,Baylor Bears,74.0,home,0.0,0.0,True,3.0
2025-02-15,West Virginia Mountaineers,71.0,away,0.0,0.0,False,-3.0
2025-02-15,Bryant Bulldogs,81.0,home,0.0,0.0,True,2.0
2025-02-15,UMBC Retrievers,79.0,away,0.0,0.0,False,-2.0
2025-02-15,Winthrop Eagles,66.0,home,0.0,0.0,False,-22.0
2025-02-15,High Point Panthers,88.0,away,0.0,0.0,True,22.0
2025-02-15,Penn State Nittany Lions,73.0,home,0.0,0.0,False,-2.0
2025-02-15,Washington Huskies,75.0,away,0.0,0.0,True,2.0
2025-02-15,NJIT Highlanders,71.0,home,0.0,0.0,False,-4.0
2025-02-15,Binghamton Bearcats,75.0,away,0.0,0.0,True,4.0
2025-02-15,Lehigh Mountain Hawks,72.0,home,0.0,0.0,True,12.0
2025-02-15,Holy Cross Crusaders,60.0,away,0.0,0.0,False,-12.0
2025-02-15,Long Island University Sharks,62.0,home,0.0,0.0,True,4.0
2025-02-15,Fairleigh Dickinson Knights,58.0,away,0.0,0.0,False,-4.0
2025-02-15,NC State Wolfpack,70.0,home,0.0,0.0,True,8.0
2025-02-15,Boston College Eagles,62.0,away,0.0,0.0,False,-8.0
2025-02-15,Maine Black Bears,61.0,home,0.0,0.0,False,-4.0
2025-02-15,Vermont Catamounts,65.0,away,0.0,0.0,True,4.0
2025-02-15,Coastal Carolina Chanticleers,73.0,home,0.0,0.0,False,-1.0
2025-02-15,James Madison Dukes,74.0,away,0.0,0.0,True,1.0
2025-02-15,Robert Morris Colonials,76.0,home,0.0,0.0,True,7.0
2025-02-15,Purdue Fort Wayne Mastodons,69.0,away,0.0,0.0,False,-7.0
2025-02-15,Towson Tigers,80.0,home,0.0,0.0,True,26.0
2025-02-15,Monmouth Hawks,54.0,away,0.0,0.0,False,-26.0
2025-02-15,North Carolina A&T Aggies,59.0,home,0.0,0.0,False,-10.0
2025-02-15,Charleston Cougars,69.0,away,0.0,0.0,True,10.0
2025-02-15,Georgia State Panthers,70.0,home,0.0,0.0,True,5.0
2025-02-15,App State Mountaineers,65.0,away,0.0,0.0,False,-5.0
2025-02-15,North Dakota State Bison,89.0,home,0.0,0.0,True,5.0
2025-02-15,Denver Pioneers,84.0,away,0.0,0.0,False,-5.0
2025-02-15,North Dakota Fighting Hawks,88.0,home,0.0,0.0,True,11.0
2025-02-15,Oral Roberts Golden Eagles,77.0,away,0.0,0.0,False,-11.0
2025-02-15,William & Mary Tribe,72.0,home,0.0,0.0,True,13.0
2025-02-15,Drexel Dragons,59.0,away,0.0,0.0,False,-13.0
2025-02-15,Western Michigan Broncos,78.0,home,0.0,0.0,True,8.0
2025-02-15,Miami (OH) RedHawks,70.0,away,0.0,0.0,False,-8.0
2025-02-15,Western Illinois Leathernecks,72.0,home,0.0,0.0,True,5.0
2025-02-15,Morehead State Eagles,67.0,away,0.0,0.0,False,-5.0
2025-02-15,South Carolina Upstate Spartans,87.0,home,0.0,0.0,False,-9.0
2025-02-15,Gardner-Webb Runnin' Bulldogs,96.0,away,0.0,0.0,True,9.0
2025-02-15,North Alabama Lions,92.0,home,0.0,0.0,True,13.0
2025-02-15,Jacksonville Dolphins,79.0,away,0.0,0.0,False,-13.0
2025-02-15,Hampton Pirates,67.0,home,0.0,0.0,True,18.0
2025-02-15,Hofstra Pride,49.0,away,0.0,0.0,False,-18.0
2025-02-15,Wofford Terriers,68.0,home,0.0,0.0,False,-8.0
2025-02-15,Samford Bulldogs,76.0,away,0.0,0.0,True,8.0
2025-02-15,Seton Hall Pirates,69.0,home,0.0,0.0,True,1.0
2025-02-15,UConn Huskies,68.0,away,0.0,0.0,False,-1.0
2025-02-15,Dayton Flyers,77.0,home,0.0,0.0,True,1.0
2025-02-15,Duquesne Dukes,76.0,away,0.0,0.0,False,-1.0
2025-02-15,Ball State Cardinals,89.0,home,0.0,0.0,True,6.0
2025-02-15,Northern Illinois Huskies,83.0,away,0.0,0.0,False,-6.0
2025-02-15,UL Monroe Warhawks,81.0,home,0.0,0.0,True,7.0
2025-02-15,Southern Miss Golden Eagles,74.0,away,0.0,0.0,False,-7.0
2025-02-15,Buffalo Bulls,59.0,home,0.0,0.0,False,-4.0
2025-02-15,Bowling Green Falcons,63.0,away,0.0,0.0,True,4.0
2025-02-15,Colorado Buffaloes,76.0,home,0.0,0.0,True,13.0
2025-02-15,UCF Knights,63.0,away,0.0,0.0,False,-13.0
2025-02-15,UT Arlington Mavericks,75.0,home,0.0,0.0,False,-7.0
2025-02-15,Grand Canyon Lopes,82.0,away,0.0,0.0,True,7.0
2025-02-15,Lindenwood Lions,81.0,home,0.0,0.0,True,3.0
2025-02-15,Southern Indiana Screaming Eagles,78.0,away,0.0,0.0,False,-3.0
2025-02-15,East Texas A&M Lions,55.0,home,0.0,0.0,False,-10.0
2025-02-15,Lamar Cardinals,65.0,away,0.0,0.0,True,10.0
2025-02-15,Northeastern Huskies,71.0,home,0.0,0.0,True,11.0
2025-02-15,Stony Brook Seawolves,60.0,away,0.0,0.0,False,-11.0
2025-02-15,Stonehill Skyhawks,85.0,home,0.0,0.0,True,12.0
2025-02-15,Mercyhurst Lakers,73.0,away,0.0,0.0,False,-12.0
2025-02-15,Eastern Michigan Eagles,80.0,home,0.0,0.0,True,7.0
2025-02-15,Toledo Rockets,73.0,away,0.0,0.0,False,-7.0
2025-02-15,Georgia Tech Yellow Jackets,90.0,home,0.0,0.0,True,2.0
2025-02-15,California Golden Bears,88.0,away,0.0,0.0,False,-2.0
2025-02-15,American University Eagles,72.0,home,0.0,0.0,True,21.0
2025-02-15,Loyola Maryland Greyhounds,51.0,away,0.0,0.0,False,-21.0
2025-02-15,Western Carolina Catamounts,76.0,home,0.0,0.0,True,3.0
2025-02-15,The Citadel Bulldogs,73.0,away,0.0,0.0,False,-3.0
2025-02-15,Maryland Eastern Shore Hawks,63.0,home,0.0,0.0,False,-12.0
2025-02-15,Norfolk State Spartans,75.0,away,0.0,0.0,True,12.0
2025-02-15,Sam Houston Bearkats,78.0,home,0.0,0.0,True,2.0
2025-02-15,Kennesaw State Owls,76.0,away,0.0,0.0,False,-2.0
2025-02-15,Colorado State Rams,88.0,home,0.0,0.0,True,35.0
2025-02-15,Wyoming Cowboys,53.0,away,0.0,0.0,False,-35.0
2025-02-15,Rhode Island Rams,86.0,home,0.0,0.0,True,15.0
2025-02-15,La Salle Explorers,71.0,away,0.0,0.0,False,-15.0
2025-02-15,Davidson Wildcats,67.0,home,0.0,0.0,False,-7.0
2025-02-15,George Washington Revolutionaries,74.0,away,0.0,0.0,True,7.0
2025-02-15,Delaware State Hornets,90.0,home,0.0,0.0,True,21.0
2025-02-15,Howard Bison,69.0,away,0.0,0.0,False,-21.0
2025-02-15,Georgia Southern Eagles,78.0,home,0.0,0.0,True,3.0
2025-02-15,Old Dominion Monarchs,75.0,away,0.0,0.0,False,-3.0
2025-02-15,Sacramento State Hornets,61.0,home,0.0,0.0,False,-4.0
2025-02-15,Northern Arizona Lumberjacks,65.0,away,0.0,0.0,True,4.0
2025-02-15,Cal State Bakersfield Roadrunners,91.0,home,0.0,0.0,True,37.0
2025-02-15,Cal State Fullerton Titans,54.0,away,0.0,0.0,False,-37.0
2025-02-15,South Alabama Jaguars,70.0,home,0.0,0.0,True,5.0
2025-02-15,Texas State Bobcats,65.0,away,0.0,0.0,False,-5.0
2025-02-15,Charlotte 49ers,59.0,home,0.0,0.0,False,-16.0
2025-02-15,East Carolina Pirates,75.0,away,0.0,0.0,True,16.0
2025-02-15,USC Trojans,66.0,home,0.0,0.0,False,-3.0
2025-02-15,Minnesota Golden Gophers,69.0,away,0.0,0.0,True,3.0
2025-02-15,Louisiana Tech Bulldogs,68.0,home,0.0,0.0,False,-2.0
2025-02-15,Jacksonville State Gamecocks,70.0,away,0.0,0.0,True,2.0
2025-02-15,Eastern Kentucky Colonels,86.0,home,0.0,0.0,True,6.0
2025-02-15,Queens University Royals,80.0,away,0.0,0.0,False,-6.0
2025-02-15,Delaware Blue Hens,91.0,home,0.0,0.0,False,-5.0
2025-02-15,Campbell Fighting Camels,96.0,away,0.0,0.0,True,5.0
2025-02-15,Mercer Bears,71.0,home,0.0,0.0,False,-9.0
2025-02-15,VMI Keydets,80.0,away,0.0,0.0,True,9.0
2025-02-15,Eastern Illinois Panthers,68.0,home,0.0,0.0,False,-4.0
2025-02-15,UT Martin Skyhawks,72.0,away,0.0,0.0,True,4.0
2025-02-15,SIU Edwardsville Cougars,84.0,home,0.0,0.0,True,12.0
2025-02-15,Tennessee State Tigers,72.0,away,0.0,0.0,False,-12.0
2025-02-15,Northwestern State Demons,68.0,home,0.0,0.0,False,-2.0
2025-02-15,Stephen F. Austin Lumberjacks,70.0,away,0.0,0.0,True,2.0
2025-02-15,Texas A&M-Corpus Christi Islanders,69.0,home,0.0,0.0,True,14.0
2025-02-15,Incarnate Word Cardinals,55.0,away,0.0,0.0,False,-14.0
2025-02-15,Lipscomb Bisons,82.0,home,0.0,0.0,True,14.0
2025-02-15,Florida Gulf Coast Eagles,68.0,away,0.0,0.0,False,-14.0
2025-02-15,Southeast Missouri State Redhawks,83.0,home,0.0,0.0,True,14.0
2025-02-15,Tennessee Tech Golden Eagles,69.0,away,0.0,0.0,False,-14.0
2025-02-15,UNC Asheville Bulldogs,75.0,home,0.0,0.0,True,3.0
2025-02-15,Charleston Southern Buccaneers,72.0,away,0.0,0.0,False,-3.0
2025-02-15,Dartmouth Big Green,88.0,home,0.0,0.0,True,39.0
2025-02-15,Cornell Big Red,49.0,away,0.0,0.0,False,-39.0
2025-02-15,South Carolina State Bulldogs,90.0,home,0.0,0.0,True,28.0
2025-02-15,Morgan State Bears,62.0,away,0.0,0.0,False,-28.0
2025-02-15,SE Louisiana Lions,84.0,home,0.0,0.0,True,3.0
2025-02-15,Nicholls Colonels,81.0,away,0.0,0.0,False,-3.0
2025-02-15,North Carolina Central Eagles,71.0,home,0.0,0.0,True,12.0
2025-02-15,Coppin State Eagles,59.0,away,0.0,0.0,False,-12.0
2025-02-15,Bethune-Cookman Wildcats,74.0,home,0.0,0.0,False,-4.0
2025-02-15,Alcorn State Braves,78.0,away,0.0,0.0,True,4.0
2025-02-15,Portland State Vikings,82.0,home,0.0,0.0,True,11.0
2025-02-15,Northern Colorado Bears,71.0,away,0.0,0.0,False,-11.0
2025-02-15,UT Rio Grande Valley Vaqueros,76.0,home,0.0,0.0,True,24.0
2025-02-15,Houston Christian Huskies,52.0,away,0.0,0.0,False,-24.0
2025-02-15,Austin Peay Governors,76.0,home,0.0,0.0,True,13.0
2025-02-15,Stetson Hatters,63.0,away,0.0,0.0,False,-13.0
2025-02-15,Grambling Tigers,60.0,home,0.0,0.0,False,-7.0
2025-02-15,Texas Southern Tigers,67.0,away,0.0,0.0,True,7.0
2025-02-15,Central Arkansas Bears,84.0,home,0.0,0.0,True,1.0
2025-02-15,North Florida Ospreys,83.0,away,0.0,0.0,False,-1.0
2025-02-15,Longwood Lancers,68.0,home,0.0,0.0,False,-9.0
2025-02-15,Presbyterian Blue Hose,77.0,away,0.0,0.0,True,9.0
2025-02-15,Richmond Spiders,70.0,home,0.0,0.0,True,4.0
2025-02-15,Fordham Rams,66.0,away,0.0,0.0,False,-4.0
2025-02-15,Providence Friars,75.0,home,0.0,0.0,True,13.0
2025-02-15,Villanova Wildcats,62.0,away,0.0,0.0,False,-13.0
2025-02-15,Brown Bears,82.0,home,0.0,0.0,True,10.0
2025-02-15,Pennsylvania Quakers,72.0,away,0.0,0.0,False,-10.0
2025-02-15,Syracuse Orange,82.0,home,0.0,0.0,False,-6.0
2025-02-15,North Carolina Tar Heels,88.0,away,0.0,0.0,True,6.0
2025-02-15,Tulsa Golden Hurricane,80.0,home,0.0,0.0,True,4.0
2025-02-15,UTSA Roadrunners,76.0,away,0.0,0.0,False,-4.0
2025-02-15,SMU Mustangs,66.0,home,0.0,0.0,False,-11.0
2025-02-15,Wake Forest Demon Deacons,77.0,away,0.0,0.0,True,11.0
2025-02-15,Southern Jaguars,72.0,home,0.0,0.0,True,12.0
2025-02-15,Prairie View A&M Panthers,60.0,away,0.0,0.0,False,-12.0
2025-02-15,Harvard Crimson,87.0,home,0.0,0.0,True,12.0
2025-02-15,Columbia Lions,75.0,away,0.0,0.0,False,-12.0
2025-02-15,Florida A&M Rattlers,76.0,home,0.0,0.0,True,5.0
2025-02-15,Jackson State Tigers,71.0,away,0.0,0.0,False,-5.0
2025-02-15,New Orleans Privateers,64.0,home,0.0,0.0,False,-14.0
2025-02-15,McNeese Cowboys,78.0,away,0.0,0.0,True,14.0
2025-02-15,Oklahoma Sooners,79.0,home,0.0,0.0,False,-3.0
2025-02-15,LSU Tigers,82.0,away,0.0,0.0,True,3.0
2025-02-15,Bellarmine Knights,76.0,home,0.0,0.0,False,-5.0
2025-02-15,West Georgia Wolves,81.0,away,0.0,0.0,True,5.0
2025-02-15,Oregon State Beavers,79.0,home,0.0,0.0,True,14.0
2025-02-15,Pacific Tigers,65.0,away,0.0,0.0,False,-14.0
2025-02-15,Arkansas-Pine Bluff Golden Lions,63.0,home,0.0,0.0,False,-12.0
2025-02-15,Alabama State Hornets,75.0,away,0.0,0.0,True,12.0
2025-02-16,Fresno State Bulldogs,51.0,home,0.0,0.0,False,-1.0
2025-02-16,UNLV Rebels,52.0,away,0.0,0.0,True,1.0
2025-02-16,Southern Illinois Salukis,68.0,home,0.0,0.0,False,-5.0
2025-02-16,Belmont Bruins,73.0,away,0.0,0.0,True,5.0
2025-02-16,UC San Diego Tritons,85.0,home,0.0,0.0,True,25.0
2025-02-16,UC Davis Aggies,60.0,away,0.0,0.0,False,-25.0
2025-02-16,Eastern Washington Eagles,75.0,home,0.0,0.0,True,2.0
2025-02-16,Idaho Vandals,73.0,away,0.0,0.0,False,-2.0
2025-02-16,UNC Wilmington Seahawks,70.0,home,0.0,0.0,False,-11.0
2025-02-16,Elon Phoenix,81.0,away,0.0,0.0,True,11.0
2025-02-16,Chattanooga Mocs,78.0,home,0.0,0.0,True,7.0
2025-02-16,East Tennessee State Buccaneers,71.0,away,0.0,0.0,False,-7.0
2025-02-16,Mississippi Valley State Delta Devils,70.0,home,0.0,0.0,False,-12.0
2025-02-16,Alabama A&M Bulldogs,82.0,away,0.0,0.0,True,12.0
2025-02-16,Arizona State Sun Devils,70.0,home,0.0,0.0,False,-4.0
2025-02-16,TCU Horned Frogs,74.0,away,0.0,0.0,True,4.0
2025-02-16,Arkansas State Red Wolves,70.0,home,0.0,0.0,False,-1.0
2025-02-16,Troy Trojans,71.0,away,0.0,0.0,True,1.0
2025-02-16,Central Michigan Chippewas,82.0,home,0.0,0.0,False,-3.0
2025-02-16,Akron Zips,85.0,away,0.0,0.0,True,3.0
2025-02-16,Louisiana Ragin' Cajuns,79.0,home,0.0,0.0,True,11.0
2025-02-16,Marshall Thundering Herd,68.0,away,0.0,0.0,False,-11.0
2025-02-16,Southern Utah Thunderbirds,68.0,home,0.0,0.0,False,-2.0
2025-02-16,Utah Valley Wolverines,70.0,away,0.0,0.0,True,2.0
2025-02-16,Yale Bulldogs,84.0,home,0.0,0.0,True,27.0
2025-02-16,Princeton Tigers,57.0,away,0.0,0.0,False,-27.0
2025-02-16,UC Riverside Highlanders,81.0,home,0.0,0.0,True,12.0
2025-02-16,UC Santa Barbara Gauchos,69.0,away,0.0,0.0,False,-12.0
2025-02-16,Cal State Northridge Matadors,89.0,home,0.0,0.0,True,4.0
2025-02-16,Cal Poly Mustangs,85.0,away,0.0,0.0,False,-4.0
2025-02-16,Montana State Bobcats,74.0,home,0.0,0.0,True,5.0
2025-02-16,Idaho State Bengals,69.0,away,0.0,0.0,False,-5.0
2025-02-16,St. Thomas-Minnesota Tommies,95.0,home,0.0,0.0,True,11.0
2025-02-16,Omaha Mavericks,84.0,away,0.0,0.0,False,-11.0
2025-02-16,Western Kentucky Hilltoppers,77.0,home,0.0,0.0,False,-10.0
2025-02-16,Middle Tennessee Blue Raiders,87.0,away,0.0,0.0,True,10.0
2025-02-16,Tarleton State Texans,67.0,home,0.0,0.0,True,3.0
2025-02-16,Seattle U Redhawks,64.0,away,0.0,0.0,False,-3.0
2025-02-16,California Baptist Lancers,86.0,home,0.0,0.0,True,3.0
2025-02-16,Utah Tech Trailblazers,83.0,away,0.0,0.0,False,-3.0
2025-02-16,Montana Grizzlies,65.0,home,0.0,0.0,True,7.0
2025-02-16,Weber State Wildcats,58.0,away,0.0,0.0,False,-7.0
2025-02-16,BYU Cougars,80.0,home,0.0,0.0,True,15.0
2025-02-16,Kansas State Wildcats,65.0,away,0.0,0.0,False,-15.0
2025-02-16,New Mexico State Aggies,76.0,home,0.0,0.0,True,28.0
2025-02-16,Florida International Panthers,48.0,away,0.0,0.0,False,-28.0
2025-02-16,UTEP Miners,69.0,home,0.0,0.0,False,-7.0
2025-02-16,Liberty Flames,76.0,away,0.0,0.0,True,7.0
2025-02-16,Hawai'i Rainbow Warriors,49.0,home,0.0,0.0,False,-17.0
2025-02-16,UC Irvine Anteaters,66.0,away,0.0,0.0,True,17.0
2025-02-16,San Diego Toreros,61.0,home,0.0,0.0,False,-23.0
2025-02-16,San Francisco Dons,84.0,away,0.0,0.0,True,23.0
2025-02-16,San Diego State Aztecs,64.0,home,0.0,0.0,True,17.0
2025-02-16,Boise State Broncos,47.0,away,0.0,0.0,False,-17.0
2025-02-16,Portland Pilots,89.0,home,0.0,0.0,True,11.0
2025-02-16,Loyola Marymount Lions,78.0,away,0.0,0.0,False,-11.0
2025-02-16,Saint Mary's Gaels,77.0,home,0.0,0.0,True,21.0
2025-02-16,Washington State Cougars,56.0,away,0.0,0.0,False,-21.0
2025-02-16,Gonzaga Bulldogs,107.0,home,0.0,0.0,True,52.0
2025-02-16,Pepperdine Waves,55.0,away,0.0,0.0,False,-52.0
2025-02-26,Minnesota Golden Gophers,63.0,home,0.0,0.0,False,-12.0
2025-02-26,Northwestern Wildcats,75.0,away,0.0,0.0,True,12.0
2025-02-26,Wisconsin Badgers,88.0,home,0.0,0.0,True,26.0
2025-02-26,Washington Huskies,62.0,away,0.0,0.0,False,-26.0
2025-02-26,Missouri Tigers,101.0,home,0.0,0.0,True,30.0
2025-02-26,South Carolina Gamecocks,71.0,away,0.0,0.0,False,-30.0
2025-02-26,Oklahoma State Cowboys,74.0,home,0.0,0.0,True,6.0
2025-02-26,Iowa State Cyclones,68.0,away,0.0,0.0,False,-6.0
2025-02-26,LSU Tigers,59.0,home,0.0,0.0,False,-6.0
2025-02-26,Tennessee Volunteers,65.0,away,0.0,0.0,True,6.0
2025-02-25,Eastern Michigan Eagles,60.0,home,0.0,0.0,False,-5.0
2025-02-25,Bowling Green Falcons,65.0,away,0.0,0.0,True,5.0
2025-02-26,Kent State Golden Flashes,105.0,home,0.0,0.0,True,40.0
2025-02-26,Toledo Rockets,65.0,away,0.0,0.0,False,-40.0
2025-02-26,Western Michigan Broncos,82.0,home,0.0,0.0,True,9.0
2025-02-26,Ohio Bobcats,73.0,away,0.0,0.0,False,-9.0
2025-02-26,Virginia Tech Hokies,66.0,home,0.0,0.0,False,-5.0
2025-02-26,Louisville Cardinals,71.0,away,0.0,0.0,True,5.0
2025-02-26,Marquette Golden Eagles,82.0,home,0.0,0.0,True,30.0
2025-02-26,Providence Friars,52.0,away,0.0,0.0,False,-30.0
2025-02-26,Marshall Thundering Herd,83.0,home,0.0,0.0,True,17.0
2025-02-26,Old Dominion Monarchs,66.0,away,0.0,0.0,False,-17.0
2025-02-26,Georgia Southern Eagles,61.0,home,0.0,0.0,True,2.0
2025-02-26,App State Mountaineers,59.0,away,0.0,0.0,False,-2.0
2025-02-26,Alabama Crimson Tide,111.0,home,0.0,0.0,True,38.0
2025-02-26,Mississippi State Bulldogs,73.0,away,0.0,0.0,False,-38.0
2025-02-26,Lafayette Leopards,81.0,home,0.0,0.0,True,16.0
2025-02-26,Army Black Knights,65.0,away,0.0,0.0,False,-16.0
2025-02-26,Richmond Spiders,60.0,home,0.0,0.0,False,-18.0
2025-02-26,VCU Rams,78.0,away,0.0,0.0,True,18.0
2025-02-26,Pittsburgh Panthers,67.0,home,0.0,0.0,False,-6.0
2025-02-26,Georgia Tech Yellow Jackets,73.0,away,0.0,0.0,True,6.0
2025-02-26,Davidson Wildcats,56.0,home,0.0,0.0,False,-1.0
2025-02-26,Saint Louis Billikens,57.0,away,0.0,0.0,True,1.0
2025-02-26,Miami Hurricanes,60.0,home,0.0,0.0,False,-37.0
2025-02-26,Duke Blue Devils,97.0,away,0.0,0.0,True,37.0
2025-02-26,Cincinnati Bearcats,69.0,home,0.0,0.0,True,2.0
2025-02-26,Baylor Bears,67.0,away,0.0,0.0,False,-2.0
2025-02-26,Georgia Bulldogs,88.0,home,0.0,0.0,True,5.0
2025-02-26,Florida Gators,83.0,away,0.0,0.0,False,-5.0
2025-02-26,Miami (OH) RedHawks,87.0,home,0.0,0.0,True,29.0
2025-02-26,Northern Illinois Huskies,58.0,away,0.0,0.0,False,-29.0
2025-02-26,Western Illinois Leathernecks,86.0,home,0.0,0.0,True,5.0
2025-02-26,Lindenwood Lions,81.0,away,0.0,0.0,False,-5.0
2025-02-26,UL Monroe Warhawks,79.0,home,0.0,0.0,False,-6.0
2025-02-26,James Madison Dukes,85.0,away,0.0,0.0,True,6.0
2025-02-26,Central Michigan Chippewas,73.0,home,0.0,0.0,True,4.0
2025-02-26,Buffalo Bulls,69.0,away,0.0,0.0,False,-4.0
2025-02-26,Ball State Cardinals,82.0,home,0.0,0.0,False,-5.0
2025-02-26,Akron Zips,87.0,away,0.0,0.0,True,5.0
2025-02-26,West Virginia Mountaineers,73.0,home,0.0,0.0,True,18.0
2025-02-26,TCU Horned Frogs,55.0,away,0.0,0.0,False,-18.0
2025-02-26,Air Force Falcons,55.0,home,0.0,0.0,False,-22.0
2025-02-26,Colorado State Rams,77.0,away,0.0,0.0,True,22.0
2025-02-26,Murray State Racers,85.0,home,0.0,0.0,True,10.0
2025-02-26,Indiana State Sycamores,75.0,away,0.0,0.0,False,-10.0
2025-02-26,Santa Clara Broncos,76.0,home,0.0,0.0,False,-19.0
2025-02-26,Gonzaga Bulldogs,95.0,away,0.0,0.0,True,19.0
2025-02-26,Illinois Fighting Illini,81.0,home,0.0,0.0,True,20.0
2025-02-26,Iowa Hawkeyes,61.0,away,0.0,0.0,False,-20.0
2025-02-26,Nevada Wolf Pack,84.0,home,0.0,0.0,True,23.0
2025-02-26,Wyoming Cowboys,61.0,away,0.0,0.0,False,-23.0
2025-02-26,San José State Spartans,71.0,home,0.0,0.0,False,-6.0
2025-02-26,UNLV Rebels,77.0,away,0.0,0.0,True,6.0
2025-02-26,Southern Illinois Salukis,88.0,home,0.0,0.0,True,9.0
2025-02-26,Illinois State Redbirds,79.0,away,0.0,0.0,False,-9.0
2025-02-26,Texas State Bobcats,69.0,home,0.0,0.0,False,-5.0
2025-02-26,Troy Trojans,74.0,away,0.0,0.0,True,5.0
2025-02-26,San Diego State Aztecs,73.0,home,0.0,0.0,True,8.0
2025-02-26,New Mexico Lobos,65.0,away,0.0,0.0,False,-8.0
2025-02-28,Harvard Crimson,52.0,home,0.0,0.0,False,-7.0
2025-02-28,Brown Bears,59.0,away,0.0,0.0,True,7.0
2025-03-01,Southern Miss Golden Eagles,58.0,home,0.0,0.0,False,-12.0
2025-03-01,Troy Trojans,70.0,away,0.0,0.0,True,12.0
2025-03-01,Northwestern Wildcats,68.0,home,0.0,0.0,True,11.0
2025-03-01,Iowa Hawkeyes,57.0,away,0.0,0.0,False,-11.0
2025-03-01,Coastal Carolina Chanticleers,59.0,home,0.0,0.0,False,-2.0
2025-03-01,Old Dominion Monarchs,61.0,away,0.0,0.0,True,2.0
2025-03-01,Columbia Lions,68.0,home,0.0,0.0,False,-5.0
2025-03-01,Princeton Tigers,73.0,away,0.0,0.0,True,5.0
2025-03-01,Georgia Southern Eagles,76.0,home,0.0,0.0,True,1.0
2025-03-01,Georgia State Panthers,75.0,away,0.0,0.0,False,-1.0
2025-03-01,Cornell Big Red,90.0,home,0.0,0.0,True,28.0
2025-03-01,Pennsylvania Quakers,62.0,away,0.0,0.0,False,-28.0
2025-03-01,Sacred Heart Pioneers,67.0,home,0.0,0.0,True,13.0
2025-03-01,Marist Red Foxes,54.0,away,0.0,0.0,False,-13.0
2025-02-28,Dartmouth Big Green,67.0,home,0.0,0.0,False,-5.0
2025-02-28,Yale Bulldogs,72.0,away,0.0,0.0,True,5.0
2025-02-28,Eastern Michigan Eagles,84.0,home,0.0,0.0,True,11.0
2025-02-28,Central Michigan Chippewas,73.0,away,0.0,0.0,False,-11.0
2025-03-01,Fairfield Stags,69.0,home,0.0,0.0,True,7.0
2025-03-01,Mount St. Mary's Mountaineers,62.0,away,0.0,0.0,False,-7.0
2025-03-01,Quinnipiac Bobcats,69.0,home,0.0,0.0,True,5.0
2025-03-01,Saint Peter's Peacocks,64.0,away,0.0,0.0,False,-5.0
2025-03-01,UL Monroe Warhawks,67.0,home,0.0,0.0,False,-27.0
2025-03-01,Arkansas State Red Wolves,94.0,away,0.0,0.0,True,27.0
2025-03-01,VCU Rams,80.0,home,0.0,0.0,True,24.0
2025-03-01,Davidson Wildcats,56.0,away,0.0,0.0,False,-24.0
2025-03-01,South Alabama Jaguars,65.0,home,0.0,0.0,True,23.0
2025-03-01,Louisiana Ragin' Cajuns,42.0,away,0.0,0.0,False,-23.0
2025-03-01,Texas State Bobcats,102.0,home,0.0,0.0,True,9.0
2025-03-01,James Madison Dukes,93.0,away,0.0,0.0,False,-9.0
2025-03-01,Purdue Boilermakers,76.0,home,0.0,0.0,True,10.0
2025-03-01,UCLA Bruins,66.0,away,0.0,0.0,False,-10.0
2025-03-01,Merrimack Warriors,78.0,home,0.0,0.0,False,-5.0
2025-03-01,Rider Broncs,83.0,away,0.0,0.0,True,5.0
2025-03-01,Canisius Golden Griffins,72.0,home,0.0,0.0,False,-5.0
2025-03-01,Manhattan Jaspers,77.0,away,0.0,0.0,True,5.0
2025-02-28,Niagara Purple Eagles,63.0,home,0.0,0.0,False,-2.0
2025-02-28,Iona Gaels,65.0,away,0.0,0.0,True,2.0
2025-03-01,Marshall Thundering Herd,75.0,home,0.0,0.0,True,18.0
2025-03-01,App State Mountaineers,57.0,away,0.0,0.0,False,-18.0
2025-03-01,UNLV Rebels,68.0,home,0.0,0.0,True,13.0
2025-03-01,Nevada Wolf Pack,55.0,away,0.0,0.0,False,-13.0
2025-03-01,Akron Zips,77.0,home,0.0,0.0,True,5.0
2025-03-01,Kent State Golden Flashes,72.0,away,0.0,0.0,False,-5.0
2025-03-02,Sacred Heart Pioneers,83.0,home,0.0,0.0,True,21.0
2025-03-02,Fairfield Stags,62.0,away,0.0,0.0,False,-21.0
2025-03-02,Indiana State Sycamores,95.0,home,0.0,0.0,True,18.0
2025-03-02,Southern Illinois Salukis,77.0,away,0.0,0.0,False,-18.0
2025-03-02,Michigan State Spartans,71.0,home,0.0,0.0,True,9.0
2025-03-02,Wisconsin Badgers,62.0,away,0.0,0.0,False,-9.0
2025-03-02,Mount St. Mary's Mountaineers,85.0,home,0.0,0.0,True,6.0
2025-03-02,Siena Saints,79.0,away,0.0,0.0,False,-6.0
2025-03-02,Canisius Golden Griffins,52.0,home,0.0,0.0,False,-30.0
2025-03-02,Iona Gaels,82.0,away,0.0,0.0,True,30.0
2025-03-02,Kansas State Wildcats,65.0,home,0.0,0.0,True,9.0
2025-03-02,Colorado Buffaloes,56.0,away,0.0,0.0,False,-9.0
2025-03-02,Michigan Wolverines,73.0,home,0.0,0.0,False,-20.0
2025-03-02,Illinois Fighting Illini,93.0,away,0.0,0.0,True,20.0
2025-03-02,South Florida Bulls,63.0,home,0.0,0.0,False,-6.0
2025-03-02,Florida Atlantic Owls,69.0,away,0.0,0.0,True,6.0
2025-03-02,Drake Bulldogs,68.0,home,0.0,0.0,True,8.0
2025-03-02,Missouri State Bears,60.0,away,0.0,0.0,False,-8.0
2025-03-02,UIC Flames,77.0,home,0.0,0.0,True,4.0
2025-03-02,Valparaiso Beacons,73.0,away,0.0,0.0,False,-4.0
2025-03-02,Liberty Flames,80.0,home,0.0,0.0,False,-5.0
2025-03-02,Kennesaw State Owls,85.0,away,0.0,0.0,True,5.0
2025-03-02,Merrimack Warriors,73.0,home,0.0,0.0,True,10.0
2025-03-02,Quinnipiac Bobcats,63.0,away,0.0,0.0,False,-10.0
2025-03-02,Marist Red Foxes,52.0,home,0.0,0.0,False,-5.0
2025-03-02,Saint Peter's Peacocks,57.0,away,0.0,0.0,True,5.0
2025-03-02,Niagara Purple Eagles,70.0,home,0.0,0.0,False,-15.0
2025-03-02,Manhattan Jaspers,85.0,away,0.0,0.0,True,15.0
2025-03-02,Cornell Big Red,102.0,home,0.0,0.0,True,32.0
2025-03-02,Princeton Tigers,70.0,away,0.0,0.0,False,-32.0
2025-03-02,Belmont Bruins,70.0,home,0.0,0.0,True,10.0
2025-03-02,Murray State Racers,60.0,away,0.0,0.0,False,-10.0
2025-03-02,UAB Blazers,81.0,home,0.0,0.0,False,-7.0
2025-03-02,Memphis Tigers,88.0,away,0.0,0.0,True,7.0
2025-03-02,East Carolina Pirates,78.0,home,0.0,0.0,True,2.0
2025-03-02,Charlotte 49ers,76.0,away,0.0,0.0,False,-2.0
2025-03-02,Illinois State Redbirds,62.0,home,0.0,0.0,True,9.0
2025-03-02,Evansville Purple Aces,53.0,away,0.0,0.0,False,-9.0
2025-03-02,Bradley Braves,73.0,home,0.0,0.0,True,17.0
2025-03-02,Northern Iowa Panthers,56.0,away,0.0,0.0,False,-17.0
2025-03-03,Austin Peay Governors,90.0,home,0.0,0.0,True,21.0
2025-03-03,North Florida Ospreys,69.0,away,0.0,0.0,False,-21.0
2025-03-02,UTSA Roadrunners,84.0,home,0.0,0.0,True,28.0
2025-03-02,Rice Owls,56.0,away,0.0,0.0,False,-28.0
2025-03-03,Stetson Hatters,72.0,home,0.0,0.0,False,-5.0
2025-03-03,Central Arkansas Bears,77.0,away,0.0,0.0,True,5.0
2025-02-26,Lehigh Mountain Hawks,68.0,home,0.0,0.0,False,-11.0
2025-02-26,Boston University Terriers,79.0,away,0.0,0.0,True,11.0
2025-02-26,Maryland Terrapins,55.0,home,0.0,0.0,False,-3.0
2025-02-26,Michigan State Spartans,58.0,away,0.0,0.0,True,3.0
2025-02-27,Auburn Tigers,106.0,home,0.0,0.0,True,30.0
2025-02-27,Ole Miss Rebels,76.0,away,0.0,0.0,False,-30.0
2025-02-27,Butler Bulldogs,70.0,home,0.0,0.0,False,-6.0
2025-02-27,St. John's Red Storm,76.0,away,0.0,0.0,True,6.0
2025-02-26,UConn Huskies,93.0,home,0.0,0.0,True,14.0
2025-02-26,Georgetown Hoyas,79.0,away,0.0,0.0,False,-14.0
2025-02-27,High Point Panthers,88.0,home,0.0,0.0,True,22.0
2025-02-27,South Carolina Upstate Spartans,66.0,away,0.0,0.0,False,-22.0
2025-02-27,Arizona State Sun Devils,81.0,home,0.0,0.0,False,-10.0
2025-02-27,BYU Cougars,91.0,away,0.0,0.0,True,10.0
2025-02-27,Texas A&M Aggies,84.0,home,0.0,0.0,False,-2.0
2025-02-27,Vanderbilt Commodores,86.0,away,0.0,0.0,True,2.0
2025-02-27,Memphis Tigers,84.0,home,0.0,0.0,True,12.0
2025-02-27,Rice Owls,72.0,away,0.0,0.0,False,-12.0
2025-02-27,George Mason Patriots,74.0,home,0.0,0.0,True,10.0
2025-02-27,Fordham Rams,64.0,away,0.0,0.0,False,-10.0
2025-02-27,Syracuse Orange,74.0,home,0.0,0.0,True,14.0
2025-02-27,NC State Wolfpack,60.0,away,0.0,0.0,False,-14.0
2025-02-26,La Salle Explorers,62.0,home,0.0,0.0,False,-5.0
2025-02-26,Duquesne Dukes,67.0,away,0.0,0.0,True,5.0
2025-02-27,Clemson Tigers,83.0,home,0.0,0.0,True,15.0
2025-02-27,Notre Dame Fighting Irish,68.0,away,0.0,0.0,False,-15.0
2025-02-26,East Tennessee State Buccaneers,59.0,home,0.0,0.0,True,1.0
2025-02-26,Mercer Bears,58.0,away,0.0,0.0,False,-1.0
2025-02-26,UNC Asheville Bulldogs,59.0,home,0.0,0.0,False,-5.0
2025-02-26,Presbyterian Blue Hose,64.0,away,0.0,0.0,True,5.0
2025-02-27,Oklahoma Sooners,82.0,home,0.0,0.0,False,-1.0
2025-02-27,Kentucky Wildcats,83.0,away,0.0,0.0,True,1.0
2025-02-27,Temple Owls,73.0,home,0.0,0.0,True,2.0
2025-02-27,South Florida Bulls,71.0,away,0.0,0.0,False,-2.0
2025-02-27,Gardner-Webb Runnin' Bulldogs,56.0,home,0.0,0.0,False,-7.0
2025-02-27,Radford Highlanders,63.0,away,0.0,0.0,True,7.0
2025-02-27,Arizona Wildcats,83.0,home,0.0,0.0,True,17.0
2025-02-27,Utah Utes,66.0,away,0.0,0.0,False,-17.0
2025-02-27,UCF Knights,80.0,home,0.0,0.0,True,4.0
2025-02-27,Kansas State Wildcats,76.0,away,0.0,0.0,False,-4.0
2025-02-27,Colgate Raiders,81.0,home,0.0,0.0,True,8.0
2025-02-27,Holy Cross Crusaders,73.0,away,0.0,0.0,False,-8.0
2025-02-27,Saint Joseph's Hawks,75.0,home,0.0,0.0,True,11.0
2025-02-27,St. Bonaventure Bonnies,64.0,away,0.0,0.0,False,-11.0
2025-02-27,Rhode Island Rams,77.0,home,0.0,0.0,False,-8.0
2025-02-27,Dayton Flyers,85.0,away,0.0,0.0,True,8.0
2025-02-27,Northern Iowa Panthers,74.0,home,0.0,0.0,True,22.0
2025-02-27,UIC Flames,52.0,away,0.0,0.0,False,-22.0
2025-02-27,Florida Gulf Coast Eagles,80.0,home,0.0,0.0,True,19.0
2025-02-27,Bellarmine Knights,61.0,away,0.0,0.0,False,-19.0
2025-02-27,Loyola Maryland Greyhounds,67.0,home,0.0,0.0,False,-3.0
2025-02-27,Bucknell Bison,70.0,away,0.0,0.0,True,3.0
2025-02-27,Tulane Green Wave,78.0,home,0.0,0.0,True,14.0
2025-02-27,Charlotte 49ers,64.0,away,0.0,0.0,False,-14.0
2025-02-27,Western Carolina Catamounts,67.0,home,0.0,0.0,False,-23.0
2025-02-27,Wofford Terriers,90.0,away,0.0,0.0,True,23.0
2025-02-27,American University Eagles,60.0,home,0.0,0.0,False,-8.0
2025-02-27,Navy Midshipmen,68.0,away,0.0,0.0,True,8.0
2025-02-27,North Florida Ospreys,81.0,home,0.0,0.0,False,-5.0
2025-02-27,Eastern Kentucky Colonels,86.0,away,0.0,0.0,True,5.0
2025-02-27,Furman Paladins,85.0,home,0.0,0.0,True,43.0
2025-02-27,The Citadel Bulldogs,42.0,away,0.0,0.0,False,-43.0
2025-02-27,West Georgia Wolves,73.0,home,0.0,0.0,True,3.0
2025-02-27,Austin Peay Governors,70.0,away,0.0,0.0,False,-3.0
2025-02-27,Jacksonville Dolphins,79.0,home,0.0,0.0,True,7.0
2025-02-27,Stetson Hatters,72.0,away,0.0,0.0,False,-7.0
2025-02-27,North Alabama Lions,74.0,home,0.0,0.0,True,5.0
2025-02-27,Queens University Royals,69.0,away,0.0,0.0,False,-5.0
2025-02-27,Loyola Chicago Ramblers,77.0,home,0.0,0.0,True,20.0
2025-02-27,George Washington Revolutionaries,57.0,away,0.0,0.0,False,-20.0
2025-02-27,Missouri State Bears,65.0,home,0.0,0.0,False,-9.0
2025-02-27,Belmont Bruins,74.0,away,0.0,0.0,True,9.0
2025-02-27,Evansville Purple Aces,61.0,home,0.0,0.0,False,-4.0
2025-02-27,Drake Bulldogs,65.0,away,0.0,0.0,True,4.0
2025-02-27,Maryland Eastern Shore Hawks,68.0,home,0.0,0.0,True,9.0
2025-02-27,North Carolina Central Eagles,59.0,away,0.0,0.0,False,-9.0
2025-02-27,Lipscomb Bisons,78.0,home,0.0,0.0,True,18.0
2025-02-27,Central Arkansas Bears,60.0,away,0.0,0.0,False,-18.0
2025-02-27,Coastal Carolina Chanticleers,80.0,home,0.0,0.0,True,6.0
2025-02-27,Georgia State Panthers,74.0,away,0.0,0.0,False,-6.0
2025-02-27,North Dakota State Bison,82.0,home,0.0,0.0,True,4.0
2025-02-27,South Dakota Coyotes,78.0,away,0.0,0.0,False,-4.0
2025-02-27,Indiana Hoosiers,83.0,home,0.0,0.0,True,5.0
2025-02-27,Penn State Nittany Lions,78.0,away,0.0,0.0,False,-5.0
2025-02-27,Seton Hall Pirates,54.0,home,0.0,0.0,False,-5.0
2025-02-27,Villanova Wildcats,59.0,away,0.0,0.0,True,5.0
2025-02-27,Louisiana Ragin' Cajuns,64.0,home,0.0,0.0,False,-19.0
2025-02-27,Arkansas State Red Wolves,83.0,away,0.0,0.0,True,19.0
2025-02-27,Stanford Cardinal,78.0,home,0.0,0.0,True,18.0
2025-02-27,Boston College Eagles,60.0,away,0.0,0.0,False,-18.0
2025-02-27,Southern Miss Golden Eagles,82.0,home,0.0,0.0,False,-6.0
2025-02-27,South Alabama Jaguars,88.0,away,0.0,0.0,True,6.0
2025-02-27,Valparaiso Beacons,65.0,home,0.0,0.0,False,-11.0
2025-02-27,Bradley Braves,76.0,away,0.0,0.0,True,11.0
2025-02-27,Oregon State Beavers,72.0,home,0.0,0.0,False,-2.0
2025-02-27,San Francisco Dons,74.0,away,0.0,0.0,True,2.0
2025-02-27,Wake Forest Demon Deacons,75.0,home,0.0,0.0,False,-8.0
2025-02-27,Virginia Cavaliers,83.0,away,0.0,0.0,True,8.0
2025-02-27,Creighton Bluejays,75.0,home,0.0,0.0,True,10.0
2025-02-27,DePaul Blue Demons,65.0,away,0.0,0.0,False,-10.0
2025-02-27,Arkansas Razorbacks,86.0,home,0.0,0.0,True,5.0
2025-02-27,Texas Longhorns,81.0,away,0.0,0.0,False,-5.0
2025-02-27,California Golden Bears,77.0,home,0.0,0.0,False,-4.0
2025-02-27,SMU Mustangs,81.0,away,0.0,0.0,True,4.0
2025-02-27,USC Trojans,82.0,home,0.0,0.0,False,-5.0
2025-02-27,Ohio State Buckeyes,87.0,away,0.0,0.0,True,5.0
2025-02-27,Boise State Broncos,82.0,home,0.0,0.0,True,17.0
2025-02-27,Utah State Aggies,65.0,away,0.0,0.0,False,-17.0
2025-02-22,Cincinnati Bearcats,75.0,home,0.0,0.0,True,12.0
2025-02-22,TCU Horned Frogs,63.0,away,0.0,0.0,False,-12.0
2025-02-22,Louisville Cardinals,89.0,home,0.0,0.0,True,8.0
2025-02-22,Florida State Seminoles,81.0,away,0.0,0.0,False,-8.0
2025-02-23,Arkansas Razorbacks,92.0,home,0.0,0.0,True,7.0
2025-02-23,Missouri Tigers,85.0,away,0.0,0.0,False,-7.0
2025-02-23,Illinois Fighting Illini,67.0,home,0.0,0.0,False,-43.0
2025-02-23,Duke Blue Devils,110.0,away,0.0,0.0,True,43.0
2025-02-22,Vanderbilt Commodores,77.0,home,0.0,0.0,True,5.0
2025-02-22,Ole Miss Rebels,72.0,away,0.0,0.0,False,-5.0
2025-02-22,Saint Joseph's Hawks,78.0,home,0.0,0.0,True,16.0
2025-02-22,Richmond Spiders,62.0,away,0.0,0.0,False,-16.0
2025-02-22,Wisconsin Badgers,73.0,home,0.0,0.0,False,-4.0
2025-02-22,Oregon Ducks,77.0,away,0.0,0.0,True,4.0
2025-02-22,Furman Paladins,75.0,home,0.0,0.0,True,4.0
2025-02-22,VMI Keydets,71.0,away,0.0,0.0,False,-4.0
2025-02-22,UMBC Retrievers,95.0,home,0.0,0.0,True,4.0
2025-02-22,NJIT Highlanders,91.0,away,0.0,0.0,False,-4.0
2025-02-23,Arizona Wildcats,95.0,home,0.0,0.0,False,-1.0
2025-02-23,BYU Cougars,96.0,away,0.0,0.0,True,1.0
2025-02-22,Texas Tech Red Raiders,73.0,home,0.0,0.0,True,22.0
2025-02-22,West Virginia Mountaineers,51.0,away,0.0,0.0,False,-22.0
2025-02-22,Oklahoma Sooners,93.0,home,0.0,0.0,True,6.0
2025-02-22,Mississippi State Bulldogs,87.0,away,0.0,0.0,False,-6.0
2025-02-22,Drexel Dragons,64.0,home,0.0,0.0,True,9.0
2025-02-22,Charleston Cougars,55.0,away,0.0,0.0,False,-9.0
2025-02-22,Alabama Crimson Tide,96.0,home,0.0,0.0,True,13.0
2025-02-22,Kentucky Wildcats,83.0,away,0.0,0.0,False,-13.0
2025-02-22,Houston Cougars,68.0,home,0.0,0.0,True,9.0
2025-02-22,Iowa State Cyclones,59.0,away,0.0,0.0,False,-9.0
2025-02-22,Auburn Tigers,82.0,home,0.0,0.0,True,12.0
2025-02-22,Georgia Bulldogs,70.0,away,0.0,0.0,False,-12.0
2025-02-22,SMU Mustangs,69.0,home,0.0,0.0,False,-10.0
2025-02-22,Clemson Tigers,79.0,away,0.0,0.0,True,10.0
2025-02-22,LSU Tigers,65.0,home,0.0,0.0,False,-14.0
2025-02-22,Florida Gators,79.0,away,0.0,0.0,True,14.0
2025-02-22,Texas A&M Aggies,69.0,home,0.0,0.0,False,-8.0
2025-02-22,Tennessee Volunteers,77.0,away,0.0,0.0,True,8.0
2025-02-22,Kansas Jayhawks,96.0,home,0.0,0.0,True,32.0
2025-02-22,Oklahoma State Cowboys,64.0,away,0.0,0.0,False,-32.0
2025-02-22,App State Mountaineers,59.0,home,0.0,0.0,False,-10.0
2025-02-22,Marshall Thundering Herd,69.0,away,0.0,0.0,True,10.0
2025-02-22,Western Michigan Broncos,57.0,home,0.0,0.0,False,-29.0
2025-02-22,Central Michigan Chippewas,86.0,away,0.0,0.0,True,29.0
2025-02-22,Gardner-Webb Runnin' Bulldogs,67.0,home,0.0,0.0,False,-23.0
2025-02-22,High Point Panthers,90.0,away,0.0,0.0,True,23.0
2025-02-22,Charleston Southern Buccaneers,69.0,home,0.0,0.0,False,-10.0
2025-02-22,South Carolina Upstate Spartans,79.0,away,0.0,0.0,True,10.0
2025-02-22,Minnesota Golden Gophers,60.0,home,0.0,0.0,False,-9.0
2025-02-22,Penn State Nittany Lions,69.0,away,0.0,0.0,True,9.0
2025-02-22,Boston College Eagles,69.0,home,0.0,0.0,True,15.0
2025-02-22,Georgia Tech Yellow Jackets,54.0,away,0.0,0.0,False,-15.0
2025-02-22,NC State Wolfpack,85.0,home,0.0,0.0,True,12.0
2025-02-22,Wake Forest Demon Deacons,73.0,away,0.0,0.0,False,-12.0
2025-02-22,North Carolina A&T Aggies,73.0,home,0.0,0.0,True,1.0
2025-02-22,Stony Brook Seawolves,72.0,away,0.0,0.0,False,-1.0
2025-02-22,Saint Francis Red Flash,85.0,home,0.0,0.0,True,5.0
2025-02-22,Fairleigh Dickinson Knights,80.0,away,0.0,0.0,False,-5.0
2025-02-22,Mercer Bears,61.0,home,0.0,0.0,False,-17.0
2025-02-22,UNC Greensboro Spartans,78.0,away,0.0,0.0,True,17.0
2025-02-22,Wofford Terriers,68.0,home,0.0,0.0,False,-5.0
2025-02-22,East Tennessee State Buccaneers,73.0,away,0.0,0.0,True,5.0
2025-02-22,North Dakota Fighting Hawks,79.0,home,0.0,0.0,True,2.0
2025-02-22,North Dakota State Bison,77.0,away,0.0,0.0,False,-2.0
2025-02-22,Campbell Fighting Camels,67.0,home,0.0,0.0,False,-9.0
2025-02-22,Towson Tigers,76.0,away,0.0,0.0,True,9.0
2025-02-22,Chicago State Cougars,52.0,home,0.0,0.0,False,-12.0
2025-02-22,Wagner Seahawks,64.0,away,0.0,0.0,True,12.0
2025-02-22,UNC Asheville Bulldogs,87.0,home,0.0,0.0,True,5.0
2025-02-22,Longwood Lancers,82.0,away,0.0,0.0,False,-5.0
2025-02-22,Hampton Pirates,83.0,home,0.0,0.0,True,13.0
2025-02-22,UNC Wilmington Seahawks,70.0,away,0.0,0.0,False,-13.0
2025-02-22,Fordham Rams,69.0,home,0.0,0.0,False,-11.0
2025-02-22,Davidson Wildcats,80.0,away,0.0,0.0,True,11.0
2025-02-22,Binghamton Bearcats,71.0,home,0.0,0.0,True,2.0
2025-02-22,Maine Black Bears,69.0,away,0.0,0.0,False,-2.0
2025-02-22,Rice Owls,71.0,home,0.0,0.0,True,21.0
2025-02-22,Tulsa Golden Hurricane,50.0,away,0.0,0.0,False,-21.0
2025-02-22,Chattanooga Mocs,76.0,home,0.0,0.0,True,1.0
2025-02-22,The Citadel Bulldogs,75.0,away,0.0,0.0,False,-1.0
2025-02-22,Tennessee Tech Golden Eagles,77.0,home,0.0,0.0,True,3.0
2025-02-22,Tennessee State Tigers,74.0,away,0.0,0.0,False,-3.0
2025-02-22,Liberty Flames,58.0,home,0.0,0.0,True,13.0
2025-02-22,Florida International Panthers,45.0,away,0.0,0.0,False,-13.0
2025-02-22,St. Bonaventure Bonnies,70.0,home,0.0,0.0,True,7.0
2025-02-22,Duquesne Dukes,63.0,away,0.0,0.0,False,-7.0
2025-02-22,Arkansas State Red Wolves,95.0,home,0.0,0.0,True,25.0
2025-02-22,UL Monroe Warhawks,70.0,away,0.0,0.0,False,-25.0
2025-02-22,Ball State Cardinals,80.0,home,0.0,0.0,True,14.0
2025-02-22,Buffalo Bulls,66.0,away,0.0,0.0,False,-14.0
2025-02-22,Saint Louis Billikens,81.0,home,0.0,0.0,True,15.0
2025-02-22,Rhode Island Rams,66.0,away,0.0,0.0,False,-15.0
2025-02-22,Notre Dame Fighting Irish,76.0,home,0.0,0.0,True,4.0
2025-02-22,Pittsburgh Panthers,72.0,away,0.0,0.0,False,-4.0
2025-02-22,VCU Rams,70.0,home,0.0,0.0,True,16.0
2025-02-22,George Mason Patriots,54.0,away,0.0,0.0,False,-16.0
2025-02-22,Samford Bulldogs,93.0,home,0.0,0.0,True,21.0
2025-02-22,Western Carolina Catamounts,72.0,away,0.0,0.0,False,-21.0
2025-02-22,Air Force Falcons,72.0,home,0.0,0.0,True,3.0
2025-02-22,Fresno State Bulldogs,69.0,away,0.0,0.0,False,-3.0
2025-02-22,Middle Tennessee Blue Raiders,74.0,home,0.0,0.0,True,4.0
2025-02-22,Sam Houston Bearkats,70.0,away,0.0,0.0,False,-4.0
2025-02-22,Colorado Buffaloes,76.0,home,0.0,0.0,True,2.0
2025-02-22,Baylor Bears,74.0,away,0.0,0.0,False,-2.0
2025-02-22,North Carolina Tar Heels,81.0,home,0.0,0.0,True,15.0
2025-02-22,Virginia Cavaliers,66.0,away,0.0,0.0,False,-15.0
2025-02-22,Morehead State Eagles,62.0,home,0.0,0.0,False,-5.0
2025-02-22,Eastern Illinois Panthers,67.0,away,0.0,0.0,True,5.0
2025-02-22,Morgan State Bears,81.0,home,0.0,0.0,False,-6.0
2025-02-22,Howard Bison,87.0,away,0.0,0.0,True,6.0
2025-02-22,UIC Flames,82.0,home,0.0,0.0,True,5.0
2025-02-22,Evansville Purple Aces,77.0,away,0.0,0.0,False,-5.0
2025-02-22,Wyoming Cowboys,73.0,home,0.0,0.0,False,-9.0
2025-02-22,San José State Spartans,82.0,away,0.0,0.0,True,9.0
2025-02-22,American University Eagles,48.0,home,0.0,0.0,True,4.0
2025-02-22,Boston University Terriers,44.0,away,0.0,0.0,False,-4.0
2025-02-22,Delaware State Hornets,88.0,home,0.0,0.0,False,-6.0
2025-02-22,South Carolina State Bulldogs,94.0,away,0.0,0.0,True,6.0
2025-02-22,Iowa Hawkeyes,85.0,home,0.0,0.0,True,6.0
2025-02-22,Washington Huskies,79.0,away,0.0,0.0,False,-6.0
2025-02-22,Weber State Wildcats,60.0,home,0.0,0.0,True,2.0
2025-02-22,Portland State Vikings,58.0,away,0.0,0.0,False,-2.0
2025-02-22,Jackson State Tigers,71.0,home,0.0,0.0,True,8.0
2025-02-22,Alcorn State Braves,63.0,away,0.0,0.0,False,-8.0
2025-02-22,Delaware Blue Hens,65.0,home,0.0,0.0,False,-13.0
2025-02-22,Hofstra Pride,78.0,away,0.0,0.0,True,13.0
2025-02-22,Nicholls Colonels,93.0,home,0.0,0.0,True,9.0
2025-02-22,UT Rio Grande Valley Vaqueros,84.0,away,0.0,0.0,False,-9.0
2025-02-22,Central Connecticut Blue Devils,67.0,home,0.0,0.0,True,26.0
2025-02-22,Stonehill Skyhawks,41.0,away,0.0,0.0,False,-26.0
2025-02-22,Utah Valley Wolverines,61.0,home,0.0,0.0,True,6.0
2025-02-22,Seattle U Redhawks,55.0,away,0.0,0.0,False,-6.0
2025-02-22,Northern Arizona Lumberjacks,87.0,home,0.0,0.0,True,20.0
2025-02-22,Eastern Washington Eagles,67.0,away,0.0,0.0,False,-20.0
2025-02-22,SE Louisiana Lions,83.0,home,0.0,0.0,True,18.0
2025-02-22,East Texas A&M Lions,65.0,away,0.0,0.0,False,-18.0
2025-02-22,Le Moyne Dolphins,61.0,home,0.0,0.0,False,-15.0
2025-02-22,Long Island University Sharks,76.0,away,0.0,0.0,True,15.0
2025-02-22,James Madison Dukes,78.0,home,0.0,0.0,True,5.0
2025-02-22,Georgia Southern Eagles,73.0,away,0.0,0.0,False,-5.0
2025-02-22,Vermont Catamounts,85.0,home,0.0,0.0,True,24.0
2025-02-22,UMass Lowell River Hawks,61.0,away,0.0,0.0,False,-24.0
2025-02-22,Little Rock Trojans,75.0,home,0.0,0.0,True,14.0
2025-02-22,Western Illinois Leathernecks,61.0,away,0.0,0.0,False,-14.0
2025-02-22,Southeast Missouri State Redhawks,74.0,home,0.0,0.0,True,16.0
2025-02-22,Lindenwood Lions,58.0,away,0.0,0.0,False,-16.0
2025-02-22,Alabama State Hornets,60.0,home,0.0,0.0,True,1.0
2025-02-22,Florida A&M Rattlers,59.0,away,0.0,0.0,False,-1.0
2025-02-22,Coppin State Eagles,63.0,home,0.0,0.0,False,-16.0
2025-02-22,Norfolk State Spartans,79.0,away,0.0,0.0,True,16.0
2025-02-22,Houston Christian Huskies,58.0,home,0.0,0.0,False,-8.0
2025-02-22,Lamar Cardinals,66.0,away,0.0,0.0,True,8.0
2025-02-22,Radford Highlanders,73.0,home,0.0,0.0,False,-7.0
2025-02-22,Presbyterian Blue Hose,80.0,away,0.0,0.0,True,7.0
2025-02-22,Troy Trojans,83.0,home,0.0,0.0,True,17.0
2025-02-22,Coastal Carolina Chanticleers,66.0,away,0.0,0.0,False,-17.0
2025-02-22,Lafayette Leopards,78.0,home,0.0,0.0,True,8.0
2025-02-22,Lehigh Mountain Hawks,70.0,away,0.0,0.0,False,-8.0
2025-02-22,Northern Illinois Huskies,76.0,home,0.0,0.0,False,-3.0
2025-02-22,Eastern Michigan Eagles,79.0,away,0.0,0.0,True,3.0
2025-02-22,San Diego Toreros,73.0,home,0.0,0.0,False,-10.0
2025-02-22,Oregon State Beavers,83.0,away,0.0,0.0,True,10.0
2025-02-22,UC Davis Aggies,62.0,home,0.0,0.0,False,-3.0
2025-02-22,Cal State Northridge Matadors,65.0,away,0.0,0.0,True,3.0
2025-02-22,Cal Poly Mustangs,112.0,home,0.0,0.0,True,12.0
2025-02-22,UC Riverside Highlanders,100.0,away,0.0,0.0,False,-12.0
2025-02-22,Kennesaw State Owls,49.0,home,0.0,0.0,False,-11.0
2025-02-22,New Mexico State Aggies,60.0,away,0.0,0.0,True,11.0
2025-02-22,Grambling Tigers,64.0,home,0.0,0.0,False,-7.0
2025-02-22,Southern Jaguars,71.0,away,0.0,0.0,True,7.0
2025-02-22,Jacksonville State Gamecocks,73.0,home,0.0,0.0,True,8.0
2025-02-22,UTEP Miners,65.0,away,0.0,0.0,False,-8.0
2025-02-22,McNeese Cowboys,73.0,home,0.0,0.0,True,16.0
2025-02-22,Texas A&M-Corpus Christi Islanders,57.0,away,0.0,0.0,False,-16.0
2025-02-22,Alabama A&M Bulldogs,64.0,home,0.0,0.0,False,-4.0
2025-02-22,Bethune-Cookman Wildcats,68.0,away,0.0,0.0,True,4.0
2025-02-22,Bradley Braves,85.0,home,0.0,0.0,True,2.0
2025-02-22,Murray State Racers,83.0,away,0.0,0.0,False,-2.0
2025-02-22,Texas State Bobcats,93.0,home,0.0,0.0,True,1.0
2025-02-22,South Alabama Jaguars,92.0,away,0.0,0.0,False,-1.0
2025-02-22,Nevada Wolf Pack,69.0,home,0.0,0.0,False,-1.0
2025-02-22,Boise State Broncos,70.0,away,0.0,0.0,True,1.0
2025-02-22,Prairie View A&M Panthers,64.0,home,0.0,0.0,False,-11.0
2025-02-22,Arkansas-Pine Bluff Golden Lions,75.0,away,0.0,0.0,True,11.0
2025-02-22,Incarnate Word Cardinals,63.0,home,0.0,0.0,True,2.0
2025-02-22,Stephen F. Austin Lumberjacks,61.0,away,0.0,0.0,False,-2.0
2025-02-22,Brown Bears,81.0,home,0.0,0.0,False,-4.0
2025-02-22,Cornell Big Red,85.0,away,0.0,0.0,True,4.0
2025-02-22,Pennsylvania Quakers,78.0,home,0.0,0.0,False,-1.0
2025-02-22,Harvard Crimson,79.0,away,0.0,0.0,True,1.0
2025-02-22,Washington State Cougars,79.0,home,0.0,0.0,False,-30.0
2025-02-22,Santa Clara Broncos,109.0,away,0.0,0.0,True,30.0
2025-02-22,Texas Southern Tigers,79.0,home,0.0,0.0,True,41.0
2025-02-22,Mississippi Valley State Delta Devils,38.0,away,0.0,0.0,False,-41.0
2025-02-22,George Washington Revolutionaries,74.0,home,0.0,0.0,True,22.0
2025-02-22,Massachusetts Minutemen,52.0,away,0.0,0.0,False,-22.0
2025-02-22,Belmont Bruins,77.0,home,0.0,0.0,True,2.0
2025-02-22,Indiana State Sycamores,75.0,away,0.0,0.0,False,-2.0
2025-02-22,New Orleans Privateers,66.0,home,0.0,0.0,False,-7.0
2025-02-22,Northwestern State Demons,73.0,away,0.0,0.0,True,7.0
2025-02-22,Ohio Bobcats,84.0,home,0.0,0.0,True,17.0
2025-02-22,Akron Zips,67.0,away,0.0,0.0,False,-17.0
2025-02-23,Southern Illinois Salukis,79.0,home,0.0,0.0,False,-4.0
2025-02-23,Valparaiso Beacons,83.0,away,0.0,0.0,True,4.0
2025-02-23,Yale Bulldogs,90.0,home,0.0,0.0,True,26.0
2025-02-23,Columbia Lions,64.0,away,0.0,0.0,False,-26.0
2025-02-22,Miami Hurricanes,68.0,home,0.0,0.0,False,-13.0
2025-02-22,Virginia Tech Hokies,81.0,away,0.0,0.0,True,13.0
2025-02-23,Long Beach State Beach,56.0,home,0.0,0.0,False,-2.0
2025-02-23,UC Santa Barbara Gauchos,58.0,away,0.0,0.0,True,2.0
2025-02-23,Abilene Christian Wildcats,80.0,home,0.0,0.0,True,8.0
2025-02-23,Utah Tech Trailblazers,72.0,away,0.0,0.0,False,-8.0
2025-02-23,Pacific Tigers,73.0,home,0.0,0.0,False,-8.0
2025-02-23,Portland Pilots,81.0,away,0.0,0.0,True,8.0
2025-02-23,Utah State Aggies,79.0,home,0.0,0.0,True,8.0
2025-02-23,San Diego State Aztecs,71.0,away,0.0,0.0,False,-8.0
2025-02-23,Old Dominion Monarchs,70.0,home,0.0,0.0,False,-6.0
2025-02-23,Georgia State Panthers,76.0,away,0.0,0.0,True,6.0
2025-02-23,UAlbany Great Danes,60.0,home,0.0,0.0,False,-11.0
2025-02-23,New Hampshire Wildcats,71.0,away,0.0,0.0,True,11.0
2025-02-23,Elon Phoenix,70.0,home,0.0,0.0,False,-9.0
2025-02-23,William & Mary Tribe,79.0,away,0.0,0.0,True,9.0
2025-02-23,Missouri State Bears,68.0,home,0.0,0.0,False,-2.0
2025-02-23,Illinois State Redbirds,70.0,away,0.0,0.0,True,2.0
2025-02-23,DePaul Blue Demons,72.0,home,0.0,0.0,False,-12.0
2025-02-23,Butler Bulldogs,84.0,away,0.0,0.0,True,12.0
2025-02-23,Princeton Tigers,61.0,home,0.0,0.0,False,-15.0
2025-02-23,Dartmouth Big Green,76.0,away,0.0,0.0,True,15.0
2025-02-23,Idaho State Bengals,83.0,home,0.0,0.0,True,17.0
2025-02-23,Sacramento State Hornets,66.0,away,0.0,0.0,False,-17.0
2025-02-23,Northern Colorado Bears,92.0,home,0.0,0.0,True,18.0
2025-02-23,Idaho Vandals,74.0,away,0.0,0.0,False,-18.0
2025-02-23,Southern Miss Golden Eagles,60.0,home,0.0,0.0,False,-2.0
2025-02-23,Louisiana Ragin' Cajuns,62.0,away,0.0,0.0,True,2.0
2025-02-23,UT Arlington Mavericks,67.0,home,0.0,0.0,True,10.0
2025-02-23,Tarleton State Texans,57.0,away,0.0,0.0,False,-10.0
2025-02-23,Grand Canyon Lopes,66.0,home,0.0,0.0,True,2.0
2025-02-23,California Baptist Lancers,64.0,away,0.0,0.0,False,-2.0
2025-02-23,Oral Roberts Golden Eagles,71.0,home,0.0,0.0,True,5.0
2025-02-23,St. Thomas-Minnesota Tommies,66.0,away,0.0,0.0,False,-5.0
2025-02-23,Western Kentucky Hilltoppers,64.0,home,0.0,0.0,True,1.0
2025-02-23,Louisiana Tech Bulldogs,63.0,away,0.0,0.0,False,-1.0
2025-02-23,South Carolina Gamecocks,84.0,home,0.0,0.0,True,15.0
2025-02-23,Texas Longhorns,69.0,away,0.0,0.0,False,-15.0
2025-02-23,Omaha Mavericks,93.0,home,0.0,0.0,True,8.0
2025-02-23,South Dakota Coyotes,85.0,away,0.0,0.0,False,-8.0
2025-02-23,Gonzaga Bulldogs,67.0,home,0.0,0.0,False,-7.0
2025-02-23,Saint Mary's Gaels,74.0,away,0.0,0.0,True,7.0
2025-02-23,Cal State Bakersfield Roadrunners,64.0,home,0.0,0.0,False,-9.0
2025-02-23,UC Irvine Anteaters,73.0,away,0.0,0.0,True,9.0
2025-02-23,Montana State Bobcats,85.0,home,0.0,0.0,False,-4.0
2025-02-23,Montana Grizzlies,89.0,away,0.0,0.0,True,4.0
2025-02-23,UNLV Rebels,53.0,home,0.0,0.0,False,-8.0
2025-02-23,Colorado State Rams,61.0,away,0.0,0.0,True,8.0
2025-02-23,Southern Indiana Screaming Eagles,82.0,home,0.0,0.0,True,14.0
2025-02-23,SIU Edwardsville Cougars,68.0,away,0.0,0.0,False,-14.0
2025-02-23,UC San Diego Tritons,83.0,home,0.0,0.0,True,39.0
2025-02-23,Hawai'i Rainbow Warriors,44.0,away,0.0,0.0,False,-39.0
2025-02-23,Loyola Marymount Lions,93.0,home,0.0,0.0,True,11.0
2025-02-23,Pepperdine Waves,82.0,away,0.0,0.0,False,-11.0
2025-02-23,Stanford Cardinal,66.0,home,0.0,0.0,True,5.0
2025-02-23,California Golden Bears,61.0,away,0.0,0.0,False,-5.0
2025-02-28,Monmouth Hawks,79.0,home,0.0,0.0,True,3.0
2025-02-28,Elon Phoenix,76.0,away,0.0,0.0,False,-3.0
2025-02-27,UMBC Retrievers,74.0,home,0.0,0.0,False,-4.0
2025-02-27,UAlbany Great Danes,78.0,away,0.0,0.0,True,4.0
2025-02-28,Campbell Fighting Camels,60.0,home,0.0,0.0,False,-19.0
2025-02-28,UNC Wilmington Seahawks,79.0,away,0.0,0.0,True,19.0
2025-02-28,Longwood Lancers,59.0,home,0.0,0.0,False,-26.0
2025-02-28,Winthrop Eagles,85.0,away,0.0,0.0,True,26.0
2025-02-27,VMI Keydets,83.0,home,0.0,0.0,False,-12.0
2025-02-27,Samford Bulldogs,95.0,away,0.0,0.0,True,12.0
2025-02-28,Central Connecticut Blue Devils,84.0,home,0.0,0.0,True,9.0
2025-02-28,Le Moyne Dolphins,75.0,away,0.0,0.0,False,-9.0
2025-02-28,Loyola Marymount Lions,55.0,home,0.0,0.0,False,-3.0
2025-02-28,Saint Mary's Gaels,58.0,away,0.0,0.0,True,3.0
2025-02-28,Michigan Wolverines,84.0,home,0.0,0.0,True,2.0
2025-02-28,Rutgers Scarlet Knights,82.0,away,0.0,0.0,False,-2.0
2025-02-28,Northeastern Huskies,69.0,home,0.0,0.0,True,14.0
2025-02-28,North Carolina A&T Aggies,55.0,away,0.0,0.0,False,-14.0
2025-02-28,NJIT Highlanders,61.0,home,0.0,0.0,False,-10.0
2025-02-28,Vermont Catamounts,71.0,away,0.0,0.0,True,10.0
2025-02-28,Florida Atlantic Owls,61.0,home,0.0,0.0,False,-10.0
2025-02-28,North Texas Mean Green,71.0,away,0.0,0.0,True,10.0
2025-02-28,Drexel Dragons,53.0,home,0.0,0.0,True,1.0
2025-02-28,Hampton Pirates,52.0,away,0.0,0.0,False,-1.0
2025-02-28,New Hampshire Wildcats,66.0,home,0.0,0.0,False,-7.0
2025-02-28,Maine Black Bears,73.0,away,0.0,0.0,True,7.0
2025-02-28,Green Bay Phoenix,76.0,home,0.0,0.0,True,5.0
2025-02-28,Detroit Mercy Titans,71.0,away,0.0,0.0,False,-5.0
2025-02-27,UMass Lowell River Hawks,78.0,home,0.0,0.0,False,-1.0
2025-02-27,Bryant Bulldogs,79.0,away,0.0,0.0,True,1.0
2025-02-28,Long Island University Sharks,60.0,home,0.0,0.0,True,13.0
2025-02-28,Wagner Seahawks,47.0,away,0.0,0.0,False,-13.0
2025-02-28,Fairleigh Dickinson Knights,82.0,home,0.0,0.0,True,13.0
2025-02-28,Stonehill Skyhawks,69.0,away,0.0,0.0,False,-13.0
2025-02-28,Purdue Fort Wayne Mastodons,74.0,home,0.0,0.0,False,-5.0
2025-02-28,Northern Kentucky Norse,79.0,away,0.0,0.0,True,5.0
2025-02-27,IU Indianapolis Jaguars,68.0,home,0.0,0.0,False,-14.0
2025-02-27,Robert Morris Colonials,82.0,away,0.0,0.0,True,14.0
2025-02-28,Mercyhurst Lakers,90.0,home,0.0,0.0,True,22.0
2025-02-28,Chicago State Cougars,68.0,away,0.0,0.0,False,-22.0
2025-02-28,Towson Tigers,88.0,home,0.0,0.0,True,15.0
2025-02-28,William & Mary Tribe,73.0,away,0.0,0.0,False,-15.0
2025-02-28,Tarleton State Texans,67.0,home,0.0,0.0,True,15.0
2025-02-28,Abilene Christian Wildcats,52.0,away,0.0,0.0,False,-15.0
2025-02-28,Stony Brook Seawolves,59.0,home,0.0,0.0,True,3.0
2025-02-28,Hofstra Pride,56.0,away,0.0,0.0,False,-3.0
2025-02-28,UNC Greensboro Spartans,63.0,home,0.0,0.0,False,-12.0
2025-02-28,Chattanooga Mocs,75.0,away,0.0,0.0,True,12.0
2025-02-28,Charleston Cougars,94.0,home,0.0,0.0,True,10.0
2025-02-28,Delaware Blue Hens,84.0,away,0.0,0.0,False,-10.0
2025-02-28,Florida International Panthers,76.0,home,0.0,0.0,True,15.0
2025-02-28,Kennesaw State Owls,61.0,away,0.0,0.0,False,-15.0
2025-02-28,Milwaukee Panthers,71.0,home,0.0,0.0,True,5.0
2025-02-28,Oakland Golden Grizzlies,66.0,away,0.0,0.0,False,-5.0
2025-02-28,Liberty Flames,59.0,home,0.0,0.0,True,4.0
2025-02-28,Jacksonville State Gamecocks,55.0,away,0.0,0.0,False,-4.0
2025-02-28,Wichita State Shockers,72.0,home,0.0,0.0,False,-8.0
2025-02-28,UAB Blazers,80.0,away,0.0,0.0,True,8.0
2025-02-28,Oral Roberts Golden Eagles,69.0,home,0.0,0.0,False,-8.0
2025-02-28,South Dakota State Jackrabbits,77.0,away,0.0,0.0,True,8.0
2025-02-28,Tennessee Tech Golden Eagles,69.0,home,0.0,0.0,False,-13.0
2025-02-28,Western Illinois Leathernecks,82.0,away,0.0,0.0,True,13.0
2025-02-28,SIU Edwardsville Cougars,68.0,home,0.0,0.0,False,-15.0
2025-02-28,Southeast Missouri State Redhawks,83.0,away,0.0,0.0,True,15.0
2025-02-28,Tennessee State Tigers,64.0,home,0.0,0.0,True,9.0
2025-02-28,Morehead State Eagles,55.0,away,0.0,0.0,False,-9.0
2025-02-28,St. Thomas-Minnesota Tommies,86.0,home,0.0,0.0,True,15.0
2025-02-28,North Dakota Fighting Hawks,71.0,away,0.0,0.0,False,-15.0
2025-02-28,Kansas City Roos,64.0,home,0.0,0.0,True,8.0
2025-02-28,Denver Pioneers,56.0,away,0.0,0.0,False,-8.0
2025-02-28,Wright State Raiders,82.0,home,0.0,0.0,True,6.0
2025-02-28,Cleveland State Vikings,76.0,away,0.0,0.0,False,-6.0
2025-02-28,UT Martin Skyhawks,79.0,home,0.0,0.0,True,16.0
2025-02-28,Southern Indiana Screaming Eagles,63.0,away,0.0,0.0,False,-16.0
2025-02-28,Eastern Washington Eagles,64.0,home,0.0,0.0,False,-2.0
2025-02-28,Weber State Wildcats,66.0,away,0.0,0.0,True,2.0
2025-02-28,Eastern Illinois Panthers,71.0,home,0.0,0.0,True,11.0
2025-02-28,Little Rock Trojans,60.0,away,0.0,0.0,False,-11.0
2025-02-28,Idaho Vandals,65.0,home,0.0,0.0,False,-4.0
2025-02-28,Idaho State Bengals,69.0,away,0.0,0.0,True,4.0
2025-02-28,New Mexico State Aggies,66.0,home,0.0,0.0,False,-5.0
2025-02-28,Middle Tennessee Blue Raiders,71.0,away,0.0,0.0,True,5.0
2025-02-28,Utah Tech Trailblazers,75.0,home,0.0,0.0,False,-7.0
2025-02-28,Southern Utah Thunderbirds,82.0,away,0.0,0.0,True,7.0
2025-02-28,Washington State Cougars,93.0,home,0.0,0.0,True,7.0
2025-02-28,San Diego Toreros,86.0,away,0.0,0.0,False,-7.0
2025-02-28,Long Beach State Beach,87.0,home,0.0,0.0,False,-1.0
2025-02-28,Cal State Bakersfield Roadrunners,88.0,away,0.0,0.0,True,1.0
2025-02-28,UTEP Miners,73.0,home,0.0,0.0,False,-7.0
2025-02-28,Western Kentucky Hilltoppers,80.0,away,0.0,0.0,True,7.0
2025-02-28,Hawai'i Rainbow Warriors,76.0,home,0.0,0.0,False,-6.0
2025-02-28,UC Riverside Highlanders,82.0,away,0.0,0.0,True,6.0
2025-02-28,Cal State Northridge Matadors,71.0,home,0.0,0.0,False,-6.0
2025-02-28,UC San Diego Tritons,77.0,away,0.0,0.0,True,6.0
2025-02-28,Cal State Fullerton Titans,51.0,home,0.0,0.0,False,-25.0
2025-02-28,UC Irvine Anteaters,76.0,away,0.0,0.0,True,25.0
2025-02-28,Grand Canyon Lopes,85.0,home,0.0,0.0,True,14.0
2025-02-28,UT Arlington Mavericks,71.0,away,0.0,0.0,False,-14.0
2025-02-28,Sacramento State Hornets,54.0,home,0.0,0.0,False,-6.0
2025-02-28,Montana Grizzlies,60.0,away,0.0,0.0,True,6.0
2025-02-28,UC Santa Barbara Gauchos,96.0,home,0.0,0.0,True,19.0
2025-02-28,Cal Poly Mustangs,77.0,away,0.0,0.0,False,-19.0
2025-02-28,Portland State Vikings,69.0,home,0.0,0.0,True,17.0
2025-02-28,Montana State Bobcats,52.0,away,0.0,0.0,False,-17.0
2025-02-28,Portland Pilots,87.0,home,0.0,0.0,True,20.0
2025-02-28,Pepperdine Waves,67.0,away,0.0,0.0,False,-20.0
2025-02-28,Seattle U Redhawks,72.0,home,0.0,0.0,True,24.0
2025-02-28,California Baptist Lancers,48.0,away,0.0,0.0,False,-24.0
2025-03-04,Florida A&M Rattlers,70.0,home,0.0,0.0,False,-3.0
2025-03-04,Southern Jaguars,73.0,away,0.0,0.0,True,3.0
2025-03-04,Coppin State Eagles,59.0,home,0.0,0.0,False,-13.0
2025-03-04,Maryland Eastern Shore Hawks,72.0,away,0.0,0.0,True,13.0
2025-03-04,South Carolina State Bulldogs,79.0,home,0.0,0.0,True,10.0
2025-03-04,Howard Bison,69.0,away,0.0,0.0,False,-10.0
2025-03-04,Bethune-Cookman Wildcats,78.0,home,0.0,0.0,True,7.0
2025-03-04,Grambling Tigers,71.0,away,0.0,0.0,False,-7.0
2025-03-04,Morgan State Bears,87.0,home,0.0,0.0,True,6.0
2025-03-04,Delaware State Hornets,81.0,away,0.0,0.0,False,-6.0
2025-03-04,Texas A&M-Corpus Christi Islanders,95.0,home,0.0,0.0,True,33.0
2025-03-04,New Orleans Privateers,62.0,away,0.0,0.0,False,-33.0
2025-03-04,Northwestern State Demons,73.0,home,0.0,0.0,True,16.0
2025-03-04,Incarnate Word Cardinals,57.0,away,0.0,0.0,False,-16.0
2025-03-04,North Texas Mean Green,68.0,home,0.0,0.0,True,2.0
2025-03-04,Wichita State Shockers,66.0,away,0.0,0.0,False,-2.0
2025-03-04,Duke Blue Devils,93.0,home,0.0,0.0,True,33.0
2025-03-04,Wake Forest Demon Deacons,60.0,away,0.0,0.0,False,-33.0
2025-03-04,Lamar Cardinals,65.0,home,0.0,0.0,True,12.0
2025-03-04,Nicholls Colonels,53.0,away,0.0,0.0,False,-12.0
2025-03-04,Alcorn State Braves,59.0,home,0.0,0.0,False,-16.0
2025-03-04,Texas Southern Tigers,75.0,away,0.0,0.0,True,16.0
2025-03-04,Houston Cougars,65.0,home,0.0,0.0,True,6.0
2025-03-04,Kansas Jayhawks,59.0,away,0.0,0.0,False,-6.0
2025-03-04,UT Rio Grande Valley Vaqueros,77.0,home,0.0,0.0,True,1.0
2025-03-04,SE Louisiana Lions,76.0,away,0.0,0.0,False,-1.0
2025-03-04,Jacksonville Dolphins,78.0,home,0.0,0.0,True,11.0
2025-03-04,Eastern Kentucky Colonels,67.0,away,0.0,0.0,False,-11.0
2025-03-04,East Texas A&M Lions,63.0,home,0.0,0.0,True,4.0
2025-03-04,Houston Christian Huskies,59.0,away,0.0,0.0,False,-4.0
2025-03-04,Florida Gulf Coast Eagles,65.0,home,0.0,0.0,False,-6.0
2025-03-04,Queens University Royals,71.0,away,0.0,0.0,True,6.0
2025-03-04,North Alabama Lions,90.0,home,0.0,0.0,True,26.0
2025-03-04,Austin Peay Governors,64.0,away,0.0,0.0,False,-26.0
2025-03-04,Stephen F. Austin Lumberjacks,64.0,home,0.0,0.0,False,-31.0
2025-03-04,McNeese Cowboys,95.0,away,0.0,0.0,True,31.0
2025-03-04,North Carolina Central Eagles,91.0,home,0.0,0.0,True,4.0
2025-03-04,Norfolk State Spartans,87.0,away,0.0,0.0,False,-4.0
2025-03-04,Lipscomb Bisons,84.0,home,0.0,0.0,True,18.0
2025-03-04,Central Arkansas Bears,66.0,away,0.0,0.0,False,-18.0
2025-03-04,Jackson State Tigers,88.0,home,0.0,0.0,True,14.0
2025-03-04,Prairie View A&M Panthers,74.0,away,0.0,0.0,False,-14.0
2025-03-04,Idaho State Bengals,79.0,home,0.0,0.0,False,-3.0
2025-03-04,Northern Arizona Lumberjacks,82.0,away,0.0,0.0,True,3.0
2025-03-04,Montana State Bobcats,75.0,home,0.0,0.0,True,15.0
2025-03-04,Idaho Vandals,60.0,away,0.0,0.0,False,-15.0
2025-03-04,Northwestern Wildcats,69.0,home,0.0,0.0,False,-4.0
2025-03-04,UCLA Bruins,73.0,away,0.0,0.0,True,4.0
2025-03-04,Weber State Wildcats,63.0,home,0.0,0.0,False,-5.0
2025-03-04,Northern Colorado Bears,68.0,away,0.0,0.0,True,5.0
2025-03-04,Portland State Vikings,59.0,home,0.0,0.0,True,3.0
2025-03-04,Sacramento State Hornets,56.0,away,0.0,0.0,False,-3.0
2025-03-04,Montana Grizzlies,83.0,home,0.0,0.0,True,11.0
2025-03-04,Eastern Washington Eagles,72.0,away,0.0,0.0,False,-11.0
2025-03-05,Dayton Flyers,75.0,home,0.0,0.0,True,8.0
2025-03-05,Saint Louis Billikens,67.0,away,0.0,0.0,False,-8.0
2025-03-05,Iowa State Cyclones,85.0,home,0.0,0.0,False,-3.0
2025-03-05,BYU Cougars,88.0,away,0.0,0.0,True,3.0
2025-03-05,Kentucky Wildcats,95.0,home,0.0,0.0,True,31.0
2025-03-05,LSU Tigers,64.0,away,0.0,0.0,False,-31.0
2025-03-05,Georgia Tech Yellow Jackets,89.0,home,0.0,0.0,True,15.0
2025-03-05,Miami Hurricanes,74.0,away,0.0,0.0,False,-15.0
2025-03-05,Mississippi State Bulldogs,82.0,home,0.0,0.0,False,-5.0
2025-03-05,Texas Longhorns,87.0,away,0.0,0.0,True,5.0
2025-03-05,Purdue Boilermakers,100.0,home,0.0,0.0,True,29.0
2025-03-05,Rutgers Scarlet Knights,71.0,away,0.0,0.0,False,-29.0
2025-03-05,Virginia Tech Hokies,59.0,home,0.0,0.0,False,-32.0
2025-03-05,North Carolina Tar Heels,91.0,away,0.0,0.0,True,32.0
2025-03-04,South Carolina Gamecocks,64.0,home,0.0,0.0,False,-9.0
2025-03-04,Georgia Bulldogs,73.0,away,0.0,0.0,True,9.0
2025-03-05,Binghamton Bearcats,72.0,home,0.0,0.0,False,-3.0
2025-03-05,NJIT Highlanders,75.0,away,0.0,0.0,True,3.0
2025-03-04,Southern Miss Golden Eagles,66.0,home,0.0,0.0,True,3.0
2025-03-04,Coastal Carolina Chanticleers,63.0,away,0.0,0.0,False,-3.0
2025-03-04,Maine Black Bears,71.0,home,0.0,0.0,True,1.0
2025-03-04,UMass Lowell River Hawks,70.0,away,0.0,0.0,False,-1.0
2025-03-04,Bryant Bulldogs,90.0,home,0.0,0.0,True,34.0
2025-03-04,New Hampshire Wildcats,56.0,away,0.0,0.0,False,-34.0
2025-03-05,Texas A&M Aggies,83.0,home,0.0,0.0,True,11.0
2025-03-05,Auburn Tigers,72.0,away,0.0,0.0,False,-11.0
2025-03-05,Duquesne Dukes,62.0,home,0.0,0.0,False,-9.0
2025-03-05,VCU Rams,71.0,away,0.0,0.0,True,9.0
2025-03-05,UTSA Roadrunners,70.0,home,0.0,0.0,False,-5.0
2025-03-05,Memphis Tigers,75.0,away,0.0,0.0,True,5.0
2025-03-05,Northern Kentucky Norse,99.0,home,0.0,0.0,True,24.0
2025-03-05,Detroit Mercy Titans,75.0,away,0.0,0.0,False,-24.0
2025-03-05,Loyola Maryland Greyhounds,77.0,home,0.0,0.0,True,4.0
2025-03-05,Lehigh Mountain Hawks,73.0,away,0.0,0.0,False,-4.0
2025-03-05,Oakland Golden Grizzlies,96.0,home,0.0,0.0,True,24.0
2025-03-05,Green Bay Phoenix,72.0,away,0.0,0.0,False,-24.0
2025-03-05,Arizona Wildcats,113.0,home,0.0,0.0,True,13.0
2025-03-05,Arizona State Sun Devils,100.0,away,0.0,0.0,False,-13.0
2025-03-05,Lafayette Leopards,69.0,home,0.0,0.0,True,1.0
2025-03-05,Holy Cross Crusaders,68.0,away,0.0,0.0,False,-1.0
2025-03-05,Buffalo Bulls,69.0,home,0.0,0.0,False,-15.0
2025-03-05,Miami (OH) RedHawks,84.0,away,0.0,0.0,True,15.0
2025-03-05,Vermont Catamounts,79.0,home,0.0,0.0,True,8.0
2025-03-05,UAlbany Great Danes,71.0,away,0.0,0.0,False,-8.0
2025-03-05,Western Michigan Broncos,76.0,home,0.0,0.0,False,-1.0
2025-03-05,Kent State Golden Flashes,77.0,away,0.0,0.0,True,1.0
2025-03-05,Wright State Raiders,98.0,home,0.0,0.0,True,13.0
2025-03-05,IU Indianapolis Jaguars,85.0,away,0.0,0.0,False,-13.0
2025-03-05,Ball State Cardinals,67.0,home,0.0,0.0,False,-2.0
2025-03-05,Central Michigan Chippewas,69.0,away,0.0,0.0,True,2.0
2025-03-05,Northern Illinois Huskies,58.0,home,0.0,0.0,False,-13.0
2025-03-05,Bowling Green Falcons,71.0,away,0.0,0.0,True,13.0
2025-03-05,Toledo Rockets,87.0,home,0.0,0.0,False,-9.0
2025-03-05,Akron Zips,96.0,away,0.0,0.0,True,9.0
2025-03-05,Seton Hall Pirates,61.0,home,0.0,0.0,False,-18.0
2025-03-05,Creighton Bluejays,79.0,away,0.0,0.0,True,18.0
2025-03-05,Ohio Bobcats,79.0,home,0.0,0.0,False,-4.0
2025-03-05,Eastern Michigan Eagles,83.0,away,0.0,0.0,True,4.0
2025-03-05,TCU Horned Frogs,58.0,home,0.0,0.0,False,-3.0
2025-03-05,Baylor Bears,61.0,away,0.0,0.0,True,3.0
2025-03-05,Oregon Ducks,73.0,home,0.0,0.0,True,9.0
2025-03-05,Indiana Hoosiers,64.0,away,0.0,0.0,False,-9.0
2025-03-05,Virginia Cavaliers,60.0,home,0.0,0.0,True,3.0
2025-03-05,Florida State Seminoles,57.0,away,0.0,0.0,False,-3.0
2025-03-05,Air Force Falcons,57.0,home,0.0,0.0,False,-23.0
2025-03-05,Boise State Broncos,80.0,away,0.0,0.0,True,23.0
2025-03-05,Colorado State Rams,83.0,home,0.0,0.0,True,27.0
2025-03-05,San José State Spartans,56.0,away,0.0,0.0,False,-27.0
2025-03-05,Tulsa Golden Hurricane,77.0,home,0.0,0.0,False,-4.0
2025-03-05,Temple Owls,81.0,away,0.0,0.0,True,4.0
2025-03-05,SMU Mustangs,77.0,home,0.0,0.0,True,2.0
2025-03-05,Syracuse Orange,75.0,away,0.0,0.0,False,-2.0
2025-03-05,Utah Utes,69.0,home,0.0,0.0,False,-2.0
2025-03-05,West Virginia Mountaineers,71.0,away,0.0,0.0,True,2.0
2025-03-05,Louisiana Ragin' Cajuns,73.0,home,0.0,0.0,True,4.0
2025-03-05,UL Monroe Warhawks,69.0,away,0.0,0.0,False,-4.0
2025-03-05,Nevada Wolf Pack,67.0,home,0.0,0.0,False,-4.0
2025-03-05,New Mexico Lobos,71.0,away,0.0,0.0,True,4.0
2025-03-05,Georgetown Hoyas,75.0,home,0.0,0.0,True,2.0
2025-03-05,Villanova Wildcats,73.0,away,0.0,0.0,False,-2.0
2025-03-05,Ohio State Buckeyes,116.0,home,0.0,0.0,True,2.0
2025-03-05,Nebraska Cornhuskers,114.0,away,0.0,0.0,False,-2.0
2025-03-05,Fresno State Bulldogs,62.0,home,0.0,0.0,True,4.0
2025-03-05,Wyoming Cowboys,58.0,away,0.0,0.0,False,-4.0
2025-03-05,UNLV Rebels,74.0,home,0.0,0.0,True,7.0
2025-03-05,San Diego State Aztecs,67.0,away,0.0,0.0,False,-7.0
2025-03-05,Vanderbilt Commodores,77.0,home,0.0,0.0,False,-13.0
2025-03-05,Arkansas Razorbacks,90.0,away,0.0,0.0,True,13.0
2025-03-06,Alabama Crimson Tide,94.0,home,0.0,0.0,False,-5.0
2025-03-06,Florida Gators,99.0,away,0.0,0.0,True,5.0
2025-03-06,Saint Joseph's Hawks,91.0,home,0.0,0.0,True,17.0
2025-03-06,Rhode Island Rams,74.0,away,0.0,0.0,False,-17.0
2025-03-06,Ole Miss Rebels,78.0,home,0.0,0.0,True,2.0
2025-03-06,Tennessee Volunteers,76.0,away,0.0,0.0,False,-2.0
2025-03-06,Minnesota Golden Gophers,67.0,home,0.0,0.0,False,-7.0
2025-03-06,Wisconsin Badgers,74.0,away,0.0,0.0,True,7.0
2025-03-06,Texas Tech Red Raiders,91.0,home,0.0,0.0,True,16.0
2025-03-06,Colorado Buffaloes,75.0,away,0.0,0.0,False,-16.0
2025-03-06,Fairleigh Dickinson Knights,71.0,home,0.0,0.0,True,15.0
2025-03-06,Stonehill Skyhawks,56.0,away,0.0,0.0,False,-15.0
2025-03-05,Michigan Wolverines,65.0,home,0.0,0.0,False,-6.0
2025-03-05,Maryland Terrapins,71.0,away,0.0,0.0,True,6.0
2025-03-06,Central Connecticut Blue Devils,86.0,home,0.0,0.0,True,19.0
2025-03-06,Le Moyne Dolphins,67.0,away,0.0,0.0,False,-19.0
2025-03-05,Georgia Southern Eagles,78.0,home,0.0,0.0,True,14.0
2025-03-05,Southern Miss Golden Eagles,64.0,away,0.0,0.0,False,-14.0
2025-03-06,UCF Knights,83.0,home,0.0,0.0,True,13.0
2025-03-06,Oklahoma State Cowboys,70.0,away,0.0,0.0,False,-13.0
2025-03-06,UConn Huskies,72.0,home,0.0,0.0,True,6.0
2025-03-06,Marquette Golden Eagles,66.0,away,0.0,0.0,False,-6.0
2025-03-06,Boston College Eagles,69.0,home,0.0,0.0,False,-9.0
2025-03-06,Clemson Tigers,78.0,away,0.0,0.0,True,9.0
2025-03-05,Providence Friars,77.0,home,0.0,0.0,False,-3.0
2025-03-05,DePaul Blue Demons,80.0,away,0.0,0.0,True,3.0
2025-03-06,Louisville Cardinals,85.0,home,0.0,0.0,True,17.0
2025-03-06,California Golden Bears,68.0,away,0.0,0.0,False,-17.0
2025-03-06,Oklahoma Sooners,96.0,home,0.0,0.0,True,12.0
2025-03-06,Missouri Tigers,84.0,away,0.0,0.0,False,-12.0
2025-03-06,Long Island University Sharks,68.0,home,0.0,0.0,True,11.0
2025-03-06,Chicago State Cougars,57.0,away,0.0,0.0,False,-11.0
2025-03-06,NC State Wolfpack,71.0,home,0.0,0.0,True,8.0
2025-03-06,Pittsburgh Panthers,63.0,away,0.0,0.0,False,-8.0
2025-03-06,Cincinnati Bearcats,49.0,home,0.0,0.0,False,-5.0
2025-03-06,Kansas State Wildcats,54.0,away,0.0,0.0,True,5.0
2025-03-06,Saint Francis Red Flash,58.0,home,0.0,0.0,True,3.0
2025-03-06,Wagner Seahawks,55.0,away,0.0,0.0,False,-3.0
2025-03-06,Tennessee Tech Golden Eagles,67.0,home,0.0,0.0,False,-3.0
2025-03-06,UT Martin Skyhawks,70.0,away,0.0,0.0,True,3.0
2025-03-06,George Mason Patriots,69.0,home,0.0,0.0,True,7.0
2025-03-06,La Salle Explorers,62.0,away,0.0,0.0,False,-7.0
2025-03-06,Kansas City Roos,73.0,home,0.0,0.0,True,17.0
2025-03-06,Oral Roberts Golden Eagles,56.0,away,0.0,0.0,False,-17.0
2025-03-06,USC Trojans,92.0,home,0.0,0.0,True,31.0
2025-03-06,Washington Huskies,61.0,away,0.0,0.0,False,-31.0
2025-03-06,Gardner-Webb Runnin' Bulldogs,83.0,home,0.0,0.0,True,20.0
2025-03-06,South Carolina Upstate Spartans,63.0,away,0.0,0.0,False,-20.0
2025-03-06,Loyola Chicago Ramblers,82.0,home,0.0,0.0,True,10.0
2025-03-06,Davidson Wildcats,72.0,away,0.0,0.0,False,-10.0
2025-03-06,Fordham Rams,58.0,home,0.0,0.0,False,-23.0
2025-03-06,George Washington Revolutionaries,81.0,away,0.0,0.0,True,23.0
2025-03-06,St. Bonaventure Bonnies,73.0,home,0.0,0.0,True,1.0
2025-03-06,Massachusetts Minutemen,72.0,away,0.0,0.0,False,-1.0
2025-03-06,Butler Bulldogs,78.0,home,0.0,0.0,False,-13.0
2025-03-06,Xavier Musketeers,91.0,away,0.0,0.0,True,13.0
2025-03-06,Notre Dame Fighting Irish,56.0,home,0.0,0.0,True,2.0
2025-03-06,Stanford Cardinal,54.0,away,0.0,0.0,False,-2.0
2025-03-06,Lindenwood Lions,73.0,home,0.0,0.0,True,8.0
2025-03-06,Morehead State Eagles,65.0,away,0.0,0.0,False,-8.0
2025-03-06,Old Dominion Monarchs,67.0,home,0.0,0.0,True,18.0
2025-03-06,Louisiana Ragin' Cajuns,49.0,away,0.0,0.0,False,-18.0
2025-03-10,Furman Paladins,85.0,home,0.0,0.0,False,-7.0
2025-03-10,Wofford Terriers,92.0,away,0.0,0.0,True,7.0
2025-03-11,Portland State Vikings,70.0,home,0.0,0.0,False,-10.0
2025-03-11,Idaho Vandals,80.0,away,0.0,0.0,True,10.0
2025-03-11,Gonzaga Bulldogs,85.0,home,0.0,0.0,True,9.0
2025-03-11,San Francisco Dons,76.0,away,0.0,0.0,False,-9.0
2025-03-10,Idaho State Bengals,60.0,home,0.0,0.0,False,-20.0
2025-03-10,Montana State Bobcats,80.0,away,0.0,0.0,True,20.0
2025-03-10,Towson Tigers,72.0,home,0.0,0.0,False,-10.0
2025-03-10,Delaware Blue Hens,82.0,away,0.0,0.0,True,10.0
2025-03-11,Cleveland State Vikings,54.0,home,0.0,0.0,False,-2.0
2025-03-11,Youngstown State Penguins,56.0,away,0.0,0.0,True,2.0
2025-03-11,Saint Mary's Gaels,74.0,home,0.0,0.0,True,15.0
2025-03-11,Pepperdine Waves,59.0,away,0.0,0.0,False,-15.0
2025-03-10,Robert Morris Colonials,79.0,home,0.0,0.0,True,3.0
2025-03-10,Oakland Golden Grizzlies,76.0,away,0.0,0.0,False,-3.0
2025-03-11,UNC Wilmington Seahawks,68.0,home,0.0,0.0,True,1.0
2025-03-11,Charleston Cougars,67.0,away,0.0,0.0,False,-1.0
2025-03-11,Nicholls Colonels,74.0,home,0.0,0.0,True,4.0
2025-03-11,Incarnate Word Cardinals,70.0,away,0.0,0.0,False,-4.0
2025-03-10,Northwestern State Demons,66.0,home,0.0,0.0,True,3.0
2025-03-10,Texas A&M-Corpus Christi Islanders,63.0,away,0.0,0.0,False,-3.0
2025-03-10,Troy Trojans,94.0,home,0.0,0.0,True,13.0
2025-03-10,Arkansas State Red Wolves,81.0,away,0.0,0.0,False,-13.0
2025-03-07,High Point Panthers,85.0,home,0.0,0.0,True,21.0
2025-03-07,Gardner-Webb Runnin' Bulldogs,64.0,away,0.0,0.0,False,-21.0
2025-03-07,Drake Bulldogs,70.0,home,0.0,0.0,True,17.0
2025-03-07,Southern Illinois Salukis,53.0,away,0.0,0.0,False,-17.0
2025-03-08,Toledo Rockets,96.0,home,0.0,0.0,True,14.0
2025-03-08,Ohio Bobcats,82.0,away,0.0,0.0,False,-14.0
2025-03-07,UNC Asheville Bulldogs,80.0,home,0.0,0.0,True,20.0
2025-03-07,Charleston Southern Buccaneers,60.0,away,0.0,0.0,False,-20.0
2025-03-08,Akron Zips,88.0,home,0.0,0.0,True,18.0
2025-03-08,Buffalo Bulls,70.0,away,0.0,0.0,False,-18.0
2025-03-08,North Dakota State Bison,84.0,home,0.0,0.0,False,-1.0
2025-03-08,South Dakota Coyotes,85.0,away,0.0,0.0,True,1.0
2025-03-07,Hofstra Pride,77.0,home,0.0,0.0,True,22.0
2025-03-07,North Carolina A&T Aggies,55.0,away,0.0,0.0,False,-22.0
2025-03-07,Marshall Thundering Herd,79.0,home,0.0,0.0,True,3.0
2025-03-07,Georgia State Panthers,76.0,away,0.0,0.0,False,-3.0
2025-03-07,Mercer Bears,67.0,home,0.0,0.0,True,1.0
2025-03-07,Western Carolina Catamounts,66.0,away,0.0,0.0,False,-1.0
2025-03-08,Central Michigan Chippewas,81.0,home,0.0,0.0,False,-2.0
2025-03-08,Northern Illinois Huskies,83.0,away,0.0,0.0,True,2.0
2025-03-08,Memphis Tigers,84.0,home,0.0,0.0,True,16.0
2025-03-08,South Florida Bulls,68.0,away,0.0,0.0,False,-16.0
2025-03-07,Radford Highlanders,74.0,home,0.0,0.0,True,5.0
2025-03-07,Presbyterian Blue Hose,69.0,away,0.0,0.0,False,-5.0
2025-03-08,Bowling Green Falcons,63.0,home,0.0,0.0,False,-1.0
2025-03-08,Western Michigan Broncos,64.0,away,0.0,0.0,True,1.0
2025-03-08,Kent State Golden Flashes,76.0,home,0.0,0.0,True,6.0
2025-03-08,Eastern Michigan Eagles,70.0,away,0.0,0.0,False,-6.0
2025-03-08,Illinois Fighting Illini,88.0,home,0.0,0.0,True,8.0
2025-03-08,Purdue Boilermakers,80.0,away,0.0,0.0,False,-8.0
2025-03-07,Belmont Bruins,76.0,home,0.0,0.0,True,13.0
2025-03-07,Illinois State Redbirds,63.0,away,0.0,0.0,False,-13.0
2025-03-08,Bradley Braves,70.0,home,0.0,0.0,True,8.0
2025-03-08,Murray State Racers,62.0,away,0.0,0.0,False,-8.0
2025-03-07,Miami (OH) RedHawks,79.0,home,0.0,0.0,True,13.0
2025-03-07,Ball State Cardinals,66.0,away,0.0,0.0,False,-13.0
2025-03-08,VCU Rams,76.0,home,0.0,0.0,False,-3.0
2025-03-08,Dayton Flyers,79.0,away,0.0,0.0,True,3.0
2025-03-07,Delaware Blue Hens,80.0,home,0.0,0.0,True,4.0
2025-03-07,Stony Brook Seawolves,76.0,away,0.0,0.0,False,-4.0
2025-03-08,South Dakota State Jackrabbits,69.0,home,0.0,0.0,False,-16.0
2025-03-08,North Dakota Fighting Hawks,85.0,away,0.0,0.0,True,16.0
2025-03-08,VMI Keydets,73.0,home,0.0,0.0,True,11.0
2025-03-08,The Citadel Bulldogs,62.0,away,0.0,0.0,False,-11.0
2025-03-08,Portland Pilots,73.0,home,0.0,0.0,False,-13.0
2025-03-08,Pepperdine Waves,86.0,away,0.0,0.0,True,13.0
2025-03-08,Winthrop Eagles,88.0,home,0.0,0.0,True,9.0
2025-03-08,Longwood Lancers,79.0,away,0.0,0.0,False,-9.0
2025-03-08,Northern Iowa Panthers,63.0,home,0.0,0.0,False,-1.0
2025-03-08,Valparaiso Beacons,64.0,away,0.0,0.0,True,1.0
2025-03-08,New Mexico Lobos,81.0,home,0.0,0.0,True,14.0
2025-03-08,UNLV Rebels,67.0,away,0.0,0.0,False,-14.0
2025-03-08,Boise State Broncos,73.0,home,0.0,0.0,False,-10.0
2025-03-08,Colorado State Rams,83.0,away,0.0,0.0,True,10.0
2025-03-08,Southeast Missouri State Redhawks,78.0,home,0.0,0.0,True,19.0
2025-03-08,Little Rock Trojans,59.0,away,0.0,0.0,False,-19.0
2025-03-08,Loyola Marymount Lions,100.0,home,0.0,0.0,True,26.0
2025-03-08,San Diego Toreros,74.0,away,0.0,0.0,False,-26.0
2025-03-08,SIU Edwardsville Cougars,71.0,home,0.0,0.0,True,2.0
2025-03-08,Tennessee State Tigers,69.0,away,0.0,0.0,False,-2.0
2025-03-08,App State Mountaineers,56.0,home,0.0,0.0,False,-5.0
2025-03-08,Old Dominion Monarchs,61.0,away,0.0,0.0,True,5.0
2025-03-07,Manhattan Jaspers,90.0,home,0.0,0.0,True,16.0
2025-03-07,Sacred Heart Pioneers,74.0,away,0.0,0.0,False,-16.0
2025-03-07,Marist Red Foxes,53.0,home,0.0,0.0,False,-22.0
2025-03-07,Merrimack Warriors,75.0,away,0.0,0.0,True,22.0
2025-03-07,Colgate Raiders,84.0,home,0.0,0.0,True,29.0
2025-03-07,Army Black Knights,55.0,away,0.0,0.0,False,-29.0
2025-03-07,Little Rock Trojans,82.0,home,0.0,0.0,True,5.0
2025-03-07,UT Martin Skyhawks,77.0,away,0.0,0.0,False,-5.0
2025-03-07,North Alabama Lions,78.0,home,0.0,0.0,True,15.0
2025-03-07,Jacksonville Dolphins,63.0,away,0.0,0.0,False,-15.0
2025-03-06,Pacific Tigers,77.0,home,0.0,0.0,False,-4.0
2025-03-06,San Diego Toreros,81.0,away,0.0,0.0,True,4.0
2025-03-07,American University Eagles,71.0,home,0.0,0.0,True,2.0
2025-03-07,Lafayette Leopards,69.0,away,0.0,0.0,False,-2.0
2025-03-07,East Carolina Pirates,73.0,home,0.0,0.0,True,9.0
2025-03-07,Tulane Green Wave,64.0,away,0.0,0.0,False,-9.0
2025-03-07,Quinnipiac Bobcats,79.0,home,0.0,0.0,True,9.0
2025-03-07,Mount St. Mary's Mountaineers,70.0,away,0.0,0.0,False,-9.0
2025-03-07,UAB Blazers,89.0,home,0.0,0.0,True,9.0
2025-03-07,Florida Atlantic Owls,80.0,away,0.0,0.0,False,-9.0
2025-03-07,Murray State Racers,74.0,home,0.0,0.0,True,21.0
2025-03-07,Evansville Purple Aces,53.0,away,0.0,0.0,False,-21.0
2025-03-06,Georgia State Panthers,80.0,home,0.0,0.0,True,9.0
2025-03-06,Georgia Southern Eagles,71.0,away,0.0,0.0,False,-9.0
2025-03-07,Boston University Terriers,78.0,home,0.0,0.0,False,-8.0
2025-03-07,Navy Midshipmen,86.0,away,0.0,0.0,True,8.0
2025-03-07,Youngstown State Penguins,72.0,home,0.0,0.0,True,5.0
2025-03-07,Purdue Fort Wayne Mastodons,67.0,away,0.0,0.0,False,-5.0
2025-03-07,Saint Peter's Peacocks,68.0,home,0.0,0.0,False,-10.0
2025-03-07,Niagara Purple Eagles,78.0,away,0.0,0.0,True,10.0
2025-03-06,Southern Illinois Salukis,86.0,home,0.0,0.0,True,1.0
2025-03-06,Indiana State Sycamores,85.0,away,0.0,0.0,False,-1.0
2025-03-07,Omaha Mavericks,70.0,home,0.0,0.0,True,9.0
2025-03-07,Kansas City Roos,61.0,away,0.0,0.0,False,-9.0
2025-03-07,Iowa Hawkeyes,84.0,home,0.0,0.0,False,-7.0
2025-03-07,Michigan State Spartans,91.0,away,0.0,0.0,True,7.0
2025-03-06,Illinois State Redbirds,70.0,home,0.0,0.0,True,16.0
2025-03-06,Missouri State Bears,54.0,away,0.0,0.0,False,-16.0
2025-03-07,Bucknell Bison,76.0,home,0.0,0.0,True,4.0
2025-03-07,Loyola Maryland Greyhounds,72.0,away,0.0,0.0,False,-4.0
2025-03-07,Sam Houston Bearkats,89.0,home,0.0,0.0,True,2.0
2025-03-07,UTEP Miners,87.0,away,0.0,0.0,False,-2.0
2025-03-07,Delaware State Hornets,75.0,home,0.0,0.0,True,7.0
2025-03-07,Maryland Eastern Shore Hawks,68.0,away,0.0,0.0,False,-7.0
2025-03-07,South Carolina State Bulldogs,87.0,home,0.0,0.0,True,16.0
2025-03-07,North Carolina Central Eagles,71.0,away,0.0,0.0,False,-16.0
2025-03-07,Howard Bison,69.0,home,0.0,0.0,False,-12.0
2025-03-07,Norfolk State Spartans,81.0,away,0.0,0.0,True,12.0
2025-03-07,Siena Saints,68.0,home,0.0,0.0,True,4.0
2025-03-07,Fairfield Stags,64.0,away,0.0,0.0,False,-4.0
2025-03-07,Rider Broncs,78.0,home,0.0,0.0,True,28.0
2025-03-07,Canisius Golden Griffins,50.0,away,0.0,0.0,False,-28.0
2025-03-07,Arkansas-Pine Bluff Golden Lions,69.0,home,0.0,0.0,False,-7.0
2025-03-07,Jackson State Tigers,76.0,away,0.0,0.0,True,7.0
2025-03-07,Robert Morris Colonials,83.0,home,0.0,0.0,True,21.0
2025-03-07,Wright State Raiders,62.0,away,0.0,0.0,False,-21.0
2025-03-07,Milwaukee Panthers,64.0,home,0.0,0.0,False,-8.0
2025-03-07,Oakland Golden Grizzlies,72.0,away,0.0,0.0,True,8.0
2025-03-07,Cleveland State Vikings,68.0,home,0.0,0.0,True,5.0
2025-03-07,Northern Kentucky Norse,63.0,away,0.0,0.0,False,-5.0
2025-03-07,Mississippi Valley State Delta Devils,64.0,home,0.0,0.0,False,-8.0
2025-03-07,Alcorn State Braves,72.0,away,0.0,0.0,True,8.0
2025-03-07,Coppin State Eagles,82.0,home,0.0,0.0,True,7.0
2025-03-07,Morgan State Bears,75.0,away,0.0,0.0,False,-7.0
2025-03-07,Lipscomb Bisons,81.0,home,0.0,0.0,True,6.0
2025-03-07,Queens University Royals,75.0,away,0.0,0.0,False,-6.0
2025-03-07,Rice Owls,59.0,home,0.0,0.0,False,-4.0
2025-03-07,Wichita State Shockers,63.0,away,0.0,0.0,True,4.0
2025-03-07,Texas State Bobcats,61.0,home,0.0,0.0,False,-3.0
2025-03-07,Old Dominion Monarchs,64.0,away,0.0,0.0,True,3.0
2025-03-07,Middle Tennessee Blue Raiders,81.0,home,0.0,0.0,False,-5.0
2025-03-07,Liberty Flames,86.0,away,0.0,0.0,True,5.0
2025-03-07,Abilene Christian Wildcats,60.0,home,0.0,0.0,False,-13.0
2025-03-07,Utah Valley Wolverines,73.0,away,0.0,0.0,True,13.0
2025-03-07,Louisiana Tech Bulldogs,55.0,home,0.0,0.0,False,-12.0
2025-03-07,New Mexico State Aggies,67.0,away,0.0,0.0,True,12.0
2025-03-07,Southern Utah Thunderbirds,39.0,home,0.0,0.0,False,-23.0
2025-03-07,Seattle U Redhawks,62.0,away,0.0,0.0,True,23.0
2025-03-07,Western Kentucky Hilltoppers,76.0,home,0.0,0.0,True,9.0
2025-03-07,Florida International Panthers,67.0,away,0.0,0.0,False,-9.0
2025-03-07,North Texas Mean Green,75.0,home,0.0,0.0,True,11.0
2025-03-07,Charlotte 49ers,64.0,away,0.0,0.0,False,-11.0
2025-03-07,UC Davis Aggies,59.0,home,0.0,0.0,False,-29.0
2025-03-07,UC Irvine Anteaters,88.0,away,0.0,0.0,True,29.0
2025-03-07,Southern Jaguars,65.0,home,0.0,0.0,False,-1.0
2025-03-07,Alabama State Hornets,66.0,away,0.0,0.0,True,1.0
2025-03-07,UIC Flames,50.0,home,0.0,0.0,False,-17.0
2025-03-07,Valparaiso Beacons,67.0,away,0.0,0.0,True,17.0
2025-03-07,Grambling Tigers,67.0,home,0.0,0.0,True,16.0
2025-03-07,Alabama A&M Bulldogs,51.0,away,0.0,0.0,False,-16.0
2025-03-07,St. Thomas-Minnesota Tommies,80.0,home,0.0,0.0,True,18.0
2025-03-07,Denver Pioneers,62.0,away,0.0,0.0,False,-18.0
2025-03-07,Tennessee State Tigers,69.0,home,0.0,0.0,True,14.0
2025-03-07,Lindenwood Lions,55.0,away,0.0,0.0,False,-14.0
2025-03-07,Grand Canyon Lopes,90.0,home,0.0,0.0,True,22.0
2025-03-07,Utah Tech Trailblazers,68.0,away,0.0,0.0,False,-22.0
2025-03-07,Cal State Bakersfield Roadrunners,76.0,home,0.0,0.0,True,12.0
2025-03-07,Hawai'i Rainbow Warriors,64.0,away,0.0,0.0,False,-12.0
2025-03-07,UC San Diego Tritons,70.0,home,0.0,0.0,True,7.0
2025-03-07,Long Beach State Beach,63.0,away,0.0,0.0,False,-7.0
2025-03-07,Cal Poly Mustangs,100.0,home,0.0,0.0,True,39.0
2025-03-07,Cal State Fullerton Titans,61.0,away,0.0,0.0,False,-39.0
2025-03-07,UC Riverside Highlanders,94.0,home,0.0,0.0,True,15.0
2025-03-07,Cal State Northridge Matadors,79.0,away,0.0,0.0,False,-15.0
2025-03-07,California Baptist Lancers,68.0,home,0.0,0.0,True,20.0
2025-03-07,Tarleton State Texans,48.0,away,0.0,0.0,False,-20.0
2025-03-09,William & Mary Tribe,78.0,home,0.0,0.0,False,-22.0
2025-03-09,Delaware Blue Hens,100.0,away,0.0,0.0,True,22.0
2025-03-09,Texas A&M-Corpus Christi Islanders,62.0,home,0.0,0.0,True,14.0
2025-03-09,Houston Christian Huskies,48.0,away,0.0,0.0,False,-14.0
2025-03-09,Florida Atlantic Owls,81.0,home,0.0,0.0,True,28.0
2025-03-09,East Carolina Pirates,53.0,away,0.0,0.0,False,-28.0
2025-03-09,Towson Tigers,82.0,home,0.0,0.0,True,6.0
2025-03-09,Drexel Dragons,76.0,away,0.0,0.0,False,-6.0
2025-03-09,Washington Huskies,73.0,home,0.0,0.0,False,-7.0
2025-03-09,Oregon Ducks,80.0,away,0.0,0.0,True,7.0
2025-03-09,American University Eagles,72.0,home,0.0,0.0,True,10.0
2025-03-09,Colgate Raiders,62.0,away,0.0,0.0,False,-10.0
2025-03-09,Nebraska Cornhuskers,68.0,home,0.0,0.0,False,-15.0
2025-03-09,Iowa Hawkeyes,83.0,away,0.0,0.0,True,15.0
2025-03-09,Wichita State Shockers,63.0,home,0.0,0.0,False,-10.0
2025-03-09,Tulsa Golden Hurricane,73.0,away,0.0,0.0,True,10.0
2025-03-09,South Alabama Jaguars,71.0,home,0.0,0.0,False,-3.0
2025-03-09,Arkansas State Red Wolves,74.0,away,0.0,0.0,True,3.0
2025-03-09,Rutgers Scarlet Knights,75.0,home,0.0,0.0,True,8.0
2025-03-09,Minnesota Golden Gophers,67.0,away,0.0,0.0,False,-8.0
2025-03-09,Bucknell Bison,77.0,home,0.0,0.0,False,-6.0
2025-03-09,Navy Midshipmen,83.0,away,0.0,0.0,True,6.0
2025-03-09,High Point Panthers,81.0,home,0.0,0.0,True,12.0
2025-03-09,Winthrop Eagles,69.0,away,0.0,0.0,False,-12.0
2025-03-09,Temple Owls,66.0,home,0.0,0.0,True,5.0
2025-03-09,North Texas Mean Green,61.0,away,0.0,0.0,False,-5.0
2025-03-09,Michigan State Spartans,79.0,home,0.0,0.0,True,17.0
2025-03-09,Michigan Wolverines,62.0,away,0.0,0.0,False,-17.0
2025-03-09,Lipscomb Bisons,76.0,home,0.0,0.0,True,11.0
2025-03-09,North Alabama Lions,65.0,away,0.0,0.0,False,-11.0
2025-03-09,Tulane Green Wave,85.0,home,0.0,0.0,True,17.0
2025-03-09,UAB Blazers,68.0,away,0.0,0.0,False,-17.0
2025-03-09,UNC Wilmington Seahawks,79.0,home,0.0,0.0,True,14.0
2025-03-09,Hampton Pirates,65.0,away,0.0,0.0,False,-14.0
2025-03-09,Charlotte 49ers,80.0,home,0.0,0.0,False,-3.0
2025-03-09,UTSA Roadrunners,83.0,away,0.0,0.0,True,3.0
2025-03-09,Chattanooga Mocs,77.0,home,0.0,0.0,False,-3.0
2025-03-09,Furman Paladins,80.0,away,0.0,0.0,True,3.0
2025-03-09,Drake Bulldogs,63.0,home,0.0,0.0,True,15.0
2025-03-09,Bradley Braves,48.0,away,0.0,0.0,False,-15.0
2025-03-09,Wofford Terriers,85.0,home,0.0,0.0,True,20.0
2025-03-09,VMI Keydets,65.0,away,0.0,0.0,False,-20.0
2025-03-10,Charleston Cougars,79.0,home,0.0,0.0,True,1.0
2025-03-10,Monmouth Hawks,78.0,away,0.0,0.0,False,-1.0
2025-03-10,SE Louisiana Lions,67.0,home,0.0,0.0,False,-4.0
2025-03-10,Incarnate Word Cardinals,71.0,away,0.0,0.0,True,4.0
2025-03-09,Northern Colorado Bears,76.0,home,0.0,0.0,True,24.0
2025-03-09,Weber State Wildcats,52.0,away,0.0,0.0,False,-24.0
2025-03-10,Omaha Mavericks,85.0,home,0.0,0.0,True,10.0
2025-03-10,St. Thomas-Minnesota Tommies,75.0,away,0.0,0.0,False,-10.0
2025-03-10,Montana Grizzlies,74.0,home,0.0,0.0,True,9.0
2025-03-10,Northern Arizona Lumberjacks,65.0,away,0.0,0.0,False,-9.0
2025-03-10,Santa Clara Broncos,76.0,home,0.0,0.0,False,-2.0
2025-03-10,Pepperdine Waves,78.0,away,0.0,0.0,True,2.0
2025-03-10,James Madison Dukes,60.0,home,0.0,0.0,False,-19.0
2025-03-10,Troy Trojans,79.0,away,0.0,0.0,True,19.0
2025-03-10,San Francisco Dons,86.0,home,0.0,0.0,True,11.0
2025-03-10,Washington State Cougars,75.0,away,0.0,0.0,False,-11.0
2025-03-16,Florida Gators,86.0,home,0.0,0.0,True,9.0
2025-03-16,Tennessee Volunteers,77.0,away,0.0,0.0,False,-9.0
2025-03-16,Memphis Tigers,84.0,home,0.0,0.0,True,12.0
2025-03-16,UAB Blazers,72.0,away,0.0,0.0,False,-12.0
2025-03-16,VCU Rams,68.0,home,0.0,0.0,True,5.0
2025-03-16,George Mason Patriots,63.0,away,0.0,0.0,False,-5.0
2025-03-16,Michigan Wolverines,59.0,home,0.0,0.0,True,6.0
2025-03-16,Wisconsin Badgers,53.0,away,0.0,0.0,False,-6.0
2025-03-16,Yale Bulldogs,90.0,home,0.0,0.0,True,6.0
2025-03-16,Cornell Big Red,84.0,away,0.0,0.0,False,-6.0
2025-03-01,Kentucky Wildcats,78.0,home,0.0,0.0,False,-16.0
2025-03-01,Auburn Tigers,94.0,away,0.0,0.0,True,16.0
2025-03-02,Georgetown Hoyas,61.0,home,0.0,0.0,False,-15.0
2025-03-02,Marquette Golden Eagles,76.0,away,0.0,0.0,True,15.0
2025-03-02,Florida Gators,89.0,home,0.0,0.0,True,19.0
2025-03-02,Texas A&M Aggies,70.0,away,0.0,0.0,False,-19.0
2025-03-01,Vanderbilt Commodores,97.0,home,0.0,0.0,True,4.0
2025-03-01,Missouri Tigers,93.0,away,0.0,0.0,False,-4.0
2025-03-02,Saint Mary's Gaels,74.0,home,0.0,0.0,True,10.0
2025-03-02,Oregon State Beavers,64.0,away,0.0,0.0,False,-10.0
2025-03-01,Virginia Cavaliers,58.0,home,0.0,0.0,False,-13.0
2025-03-01,Clemson Tigers,71.0,away,0.0,0.0,True,13.0
2025-03-01,Colgate Raiders,59.0,home,0.0,0.0,False,-8.0
2025-03-01,American University Eagles,67.0,away,0.0,0.0,True,8.0
2025-03-01,Louisville Cardinals,79.0,home,0.0,0.0,True,11.0
2025-03-01,Pittsburgh Panthers,68.0,away,0.0,0.0,False,-11.0
2025-03-02,BYU Cougars,77.0,home,0.0,0.0,True,21.0
2025-03-02,West Virginia Mountaineers,56.0,away,0.0,0.0,False,-21.0
2025-03-01,Penn State Nittany Lions,64.0,home,0.0,0.0,False,-4.0
2025-03-01,Maryland Terrapins,68.0,away,0.0,0.0,True,4.0
2025-03-01,St. John's Red Storm,71.0,home,0.0,0.0,True,10.0
2025-03-01,Seton Hall Pirates,61.0,away,0.0,0.0,False,-10.0
2025-03-01,North Carolina Tar Heels,92.0,home,0.0,0.0,True,19.0
2025-03-01,Miami Hurricanes,73.0,away,0.0,0.0,False,-19.0
2025-03-02,Duke Blue Devils,100.0,home,0.0,0.0,True,35.0
2025-03-02,Florida State Seminoles,65.0,away,0.0,0.0,False,-35.0
2025-03-01,Kansas Jayhawks,73.0,home,0.0,0.0,False,-5.0
2025-03-01,Texas Tech Red Raiders,78.0,away,0.0,0.0,True,5.0
2025-03-02,Iowa State Cyclones,84.0,home,0.0,0.0,True,17.0
2025-03-02,Arizona Wildcats,67.0,away,0.0,0.0,False,-17.0
2025-03-01,Fordham Rams,76.0,home,0.0,0.0,False,-14.0
2025-03-01,Saint Joseph's Hawks,90.0,away,0.0,0.0,True,14.0
2025-03-01,Tennessee Volunteers,79.0,home,0.0,0.0,True,3.0
2025-03-01,Alabama Crimson Tide,76.0,away,0.0,0.0,False,-3.0
2025-03-01,Virginia Tech Hokies,101.0,home,0.0,0.0,True,6.0
2025-03-01,Syracuse Orange,95.0,away,0.0,0.0,False,-6.0
2025-03-01,Houston Cougars,73.0,home,0.0,0.0,True,9.0
2025-03-01,Cincinnati Bearcats,64.0,away,0.0,0.0,False,-9.0
2025-03-01,Mississippi State Bulldogs,81.0,home,0.0,0.0,True,12.0
2025-03-01,LSU Tigers,69.0,away,0.0,0.0,False,-12.0
2025-03-01,South Carolina Gamecocks,72.0,home,0.0,0.0,True,19.0
2025-03-01,Arkansas Razorbacks,53.0,away,0.0,0.0,False,-19.0
2025-03-01,Boston University Terriers,66.0,home,0.0,0.0,True,2.0
2025-03-01,Lafayette Leopards,64.0,away,0.0,0.0,False,-2.0
2025-03-01,UMass Lowell River Hawks,79.0,home,0.0,0.0,True,26.0
2025-03-01,Binghamton Bearcats,53.0,away,0.0,0.0,False,-26.0
2025-03-01,Providence Friars,63.0,home,0.0,0.0,False,-12.0
2025-03-01,UConn Huskies,75.0,away,0.0,0.0,True,12.0
2025-03-01,VMI Keydets,70.0,home,0.0,0.0,False,-21.0
2025-03-01,Chattanooga Mocs,91.0,away,0.0,0.0,True,21.0
2025-03-01,Saint Francis Red Flash,80.0,home,0.0,0.0,True,9.0
2025-03-01,Chicago State Cougars,71.0,away,0.0,0.0,False,-9.0
2025-03-01,South Carolina Upstate Spartans,66.0,home,0.0,0.0,False,-17.0
2025-03-01,Longwood Lancers,83.0,away,0.0,0.0,True,17.0
2025-03-01,Villanova Wildcats,80.0,home,0.0,0.0,True,10.0
2025-03-01,Butler Bulldogs,70.0,away,0.0,0.0,False,-10.0
2025-03-01,Northern Kentucky Norse,88.0,home,0.0,0.0,True,9.0
2025-03-01,Youngstown State Penguins,79.0,away,0.0,0.0,False,-9.0
2025-03-01,Ohio Bobcats,75.0,home,0.0,0.0,True,9.0
2025-03-01,Miami (OH) RedHawks,66.0,away,0.0,0.0,False,-9.0
2025-03-01,Army Black Knights,67.0,home,0.0,0.0,False,-22.0
2025-03-01,Lehigh Mountain Hawks,89.0,away,0.0,0.0,True,22.0
2025-03-01,UMBC Retrievers,69.0,home,0.0,0.0,False,-10.0
2025-03-01,Vermont Catamounts,79.0,away,0.0,0.0,True,10.0
2025-03-01,Presbyterian Blue Hose,68.0,home,0.0,0.0,True,11.0
2025-03-01,Gardner-Webb Runnin' Bulldogs,57.0,away,0.0,0.0,False,-11.0
2025-03-01,Holy Cross Crusaders,81.0,home,0.0,0.0,False,-13.0
2025-03-01,Bucknell Bison,94.0,away,0.0,0.0,True,13.0
2025-03-01,New Mexico Lobos,92.0,home,0.0,0.0,True,21.0
2025-03-01,Air Force Falcons,71.0,away,0.0,0.0,False,-21.0
2025-03-01,Duquesne Dukes,85.0,home,0.0,0.0,True,17.0
2025-03-01,George Mason Patriots,68.0,away,0.0,0.0,False,-17.0
2025-03-01,The Citadel Bulldogs,66.0,home,0.0,0.0,False,-15.0
2025-03-01,East Tennessee State Buccaneers,81.0,away,0.0,0.0,True,15.0
2025-03-01,Radford Highlanders,76.0,home,0.0,0.0,True,16.0
2025-03-01,Charleston Southern Buccaneers,60.0,away,0.0,0.0,False,-16.0
2025-03-01,Tulsa Golden Hurricane,77.0,home,0.0,0.0,False,-2.0
2025-03-01,Tulane Green Wave,79.0,away,0.0,0.0,True,2.0
2025-03-01,Dayton Flyers,74.0,home,0.0,0.0,True,10.0
2025-03-01,Richmond Spiders,64.0,away,0.0,0.0,False,-10.0
2025-03-01,Ole Miss Rebels,87.0,home,0.0,0.0,True,3.0
2025-03-01,Oklahoma Sooners,84.0,away,0.0,0.0,False,-3.0
2025-03-01,Nebraska Cornhuskers,65.0,home,0.0,0.0,False,-2.0
2025-03-01,Minnesota Golden Gophers,67.0,away,0.0,0.0,True,2.0
2025-03-01,NJIT Highlanders,59.0,home,0.0,0.0,False,-27.0
2025-03-01,UAlbany Great Danes,86.0,away,0.0,0.0,True,27.0
2025-03-01,William & Mary Tribe,68.0,home,0.0,0.0,False,-2.0
2025-03-01,Northeastern Huskies,70.0,away,0.0,0.0,True,2.0
2025-03-01,Maine Black Bears,72.0,home,0.0,0.0,False,-8.0
2025-03-01,Bryant Bulldogs,80.0,away,0.0,0.0,True,8.0
2025-03-01,Bowling Green Falcons,61.0,home,0.0,0.0,True,9.0
2025-03-01,Ball State Cardinals,52.0,away,0.0,0.0,False,-9.0
2025-03-01,Drexel Dragons,71.0,home,0.0,0.0,True,10.0
2025-03-01,Monmouth Hawks,61.0,away,0.0,0.0,False,-10.0
2025-03-01,UT Arlington Mavericks,59.0,home,0.0,0.0,False,-11.0
2025-03-01,Abilene Christian Wildcats,70.0,away,0.0,0.0,True,11.0
2025-03-01,Hofstra Pride,70.0,home,0.0,0.0,True,21.0
2025-03-01,North Carolina A&T Aggies,49.0,away,0.0,0.0,False,-21.0
2025-03-01,IU Indianapolis Jaguars,91.0,home,0.0,0.0,True,7.0
2025-03-01,Wright State Raiders,84.0,away,0.0,0.0,False,-7.0
2025-03-01,TCU Horned Frogs,89.0,home,0.0,0.0,True,11.0
2025-03-01,UCF Knights,78.0,away,0.0,0.0,False,-11.0
2025-03-01,Wofford Terriers,75.0,home,0.0,0.0,False,-3.0
2025-03-01,Furman Paladins,78.0,away,0.0,0.0,True,3.0
2025-03-01,Omaha Mavericks,80.0,home,0.0,0.0,True,23.0
2025-03-01,Oral Roberts Golden Eagles,57.0,away,0.0,0.0,False,-23.0
2025-03-01,Florida International Panthers,79.0,home,0.0,0.0,False,-5.0
2025-03-01,Jacksonville State Gamecocks,84.0,away,0.0,0.0,True,5.0
2025-03-01,South Carolina State Bulldogs,91.0,home,0.0,0.0,True,3.0
2025-03-01,Norfolk State Spartans,88.0,away,0.0,0.0,False,-3.0
2025-03-01,East Texas A&M Lions,68.0,home,0.0,0.0,False,-7.0
2025-03-01,Incarnate Word Cardinals,75.0,away,0.0,0.0,True,7.0
2025-03-01,Georgia Tech Yellow Jackets,87.0,home,0.0,0.0,True,25.0
2025-03-01,NC State Wolfpack,62.0,away,0.0,0.0,False,-25.0
2025-03-01,Denver Pioneers,78.0,home,0.0,0.0,True,16.0
2025-03-01,South Dakota State Jackrabbits,62.0,away,0.0,0.0,False,-16.0
2025-03-01,Winthrop Eagles,103.0,home,0.0,0.0,True,13.0
2025-03-01,UNC Asheville Bulldogs,90.0,away,0.0,0.0,False,-13.0
2025-03-01,Alabama State Hornets,94.0,home,0.0,0.0,True,42.0
2025-03-01,Alabama A&M Bulldogs,52.0,away,0.0,0.0,False,-42.0
2025-03-01,Jackson State Tigers,67.0,home,0.0,0.0,True,15.0
2025-03-01,Texas Southern Tigers,52.0,away,0.0,0.0,False,-15.0
2025-03-01,Navy Midshipmen,81.0,home,0.0,0.0,True,13.0
2025-03-01,Loyola Maryland Greyhounds,68.0,away,0.0,0.0,False,-13.0
2025-03-01,Colorado State Rams,93.0,home,0.0,0.0,True,27.0
2025-03-01,Utah State Aggies,66.0,away,0.0,0.0,False,-27.0
2025-03-01,Maryland Eastern Shore Hawks,72.0,home,0.0,0.0,False,-3.0
2025-03-01,Morgan State Bears,75.0,away,0.0,0.0,True,3.0
2025-03-01,Harvard Crimson,74.0,home,0.0,0.0,True,5.0
2025-03-01,Yale Bulldogs,69.0,away,0.0,0.0,False,-5.0
2025-03-01,Saint Louis Billikens,98.0,home,0.0,0.0,True,31.0
2025-03-01,Loyola Chicago Ramblers,67.0,away,0.0,0.0,False,-31.0
2025-03-01,Oregon Ducks,82.0,home,0.0,0.0,True,21.0
2025-03-01,USC Trojans,61.0,away,0.0,0.0,False,-21.0
2025-03-01,Utah Valley Wolverines,100.0,home,0.0,0.0,True,41.0
2025-03-01,Southern Utah Thunderbirds,59.0,away,0.0,0.0,False,-41.0
2025-03-01,Milwaukee Panthers,89.0,home,0.0,0.0,True,22.0
2025-03-01,Detroit Mercy Titans,67.0,away,0.0,0.0,False,-22.0
2025-03-01,Towson Tigers,75.0,home,0.0,0.0,True,3.0
2025-03-01,Hampton Pirates,72.0,away,0.0,0.0,False,-3.0
2025-03-01,Cleveland State Vikings,68.0,home,0.0,0.0,True,11.0
2025-03-01,Purdue Fort Wayne Mastodons,57.0,away,0.0,0.0,False,-11.0
2025-03-01,Tennessee Tech Golden Eagles,74.0,home,0.0,0.0,False,-2.0
2025-03-01,Lindenwood Lions,76.0,away,0.0,0.0,True,2.0
2025-03-01,UNC Greensboro Spartans,108.0,home,0.0,0.0,True,8.0
2025-03-01,Samford Bulldogs,100.0,away,0.0,0.0,False,-8.0
2025-03-01,Dartmouth Big Green,78.0,home,0.0,0.0,True,20.0
2025-03-01,Brown Bears,58.0,away,0.0,0.0,False,-20.0
2025-03-01,Fairleigh Dickinson Knights,55.0,home,0.0,0.0,False,-19.0
2025-03-01,Long Island University Sharks,74.0,away,0.0,0.0,True,19.0
2025-03-01,Sacramento State Hornets,60.0,home,0.0,0.0,False,-27.0
2025-03-01,Montana State Bobcats,87.0,away,0.0,0.0,True,27.0
2025-03-01,Delaware State Hornets,83.0,home,0.0,0.0,True,4.0
2025-03-01,Coppin State Eagles,79.0,away,0.0,0.0,False,-4.0
2025-03-01,Alcorn State Braves,71.0,home,0.0,0.0,True,16.0
2025-03-01,Prairie View A&M Panthers,55.0,away,0.0,0.0,False,-16.0
2025-03-01,UTEP Miners,75.0,home,0.0,0.0,False,-1.0
2025-03-01,Middle Tennessee Blue Raiders,76.0,away,0.0,0.0,True,1.0
2025-03-01,Stonehill Skyhawks,85.0,home,0.0,0.0,True,6.0
2025-03-01,Le Moyne Dolphins,79.0,away,0.0,0.0,False,-6.0
2025-03-01,Xavier Musketeers,83.0,home,0.0,0.0,True,22.0
2025-03-01,Creighton Bluejays,61.0,away,0.0,0.0,False,-22.0
2025-03-01,Mercer Bears,81.0,home,0.0,0.0,True,12.0
2025-03-01,Western Carolina Catamounts,69.0,away,0.0,0.0,False,-12.0
2025-03-01,Tennessee State Tigers,74.0,home,0.0,0.0,True,5.0
2025-03-01,Southern Indiana Screaming Eagles,69.0,away,0.0,0.0,False,-5.0
2025-03-01,Northwestern State Demons,61.0,home,0.0,0.0,True,5.0
2025-03-01,Houston Christian Huskies,56.0,away,0.0,0.0,False,-5.0
2025-03-01,UT Martin Skyhawks,47.0,home,0.0,0.0,False,-12.0
2025-03-01,Morehead State Eagles,59.0,away,0.0,0.0,True,12.0
2025-03-01,Buffalo Bulls,87.0,home,0.0,0.0,True,13.0
2025-03-01,Toledo Rockets,74.0,away,0.0,0.0,False,-13.0
2025-03-01,SIU Edwardsville Cougars,73.0,home,0.0,0.0,True,8.0
2025-03-01,Little Rock Trojans,65.0,away,0.0,0.0,False,-8.0
2025-03-01,Cal Poly Mustangs,98.0,home,0.0,0.0,True,26.0
2025-03-01,Cal State Bakersfield Roadrunners,72.0,away,0.0,0.0,False,-26.0
2025-03-01,Eastern Washington Eagles,54.0,home,0.0,0.0,False,-24.0
2025-03-01,Idaho State Bengals,78.0,away,0.0,0.0,True,24.0
2025-03-01,Stanford Cardinal,73.0,home,0.0,0.0,True,5.0
2025-03-01,SMU Mustangs,68.0,away,0.0,0.0,False,-5.0
2025-03-01,Portland State Vikings,79.0,home,0.0,0.0,True,3.0
2025-03-01,Montana Grizzlies,76.0,away,0.0,0.0,False,-3.0
2025-03-01,Northern Illinois Huskies,70.0,home,0.0,0.0,False,-4.0
2025-03-01,Western Michigan Broncos,74.0,away,0.0,0.0,True,4.0
2025-03-01,North Carolina Central Eagles,72.0,home,0.0,0.0,True,4.0
2025-03-01,Howard Bison,68.0,away,0.0,0.0,False,-4.0
2025-03-01,Eastern Illinois Panthers,73.0,home,0.0,0.0,True,15.0
2025-03-01,Southeast Missouri State Redhawks,58.0,away,0.0,0.0,False,-15.0
2025-03-01,Idaho Vandals,81.0,home,0.0,0.0,True,2.0
2025-03-01,Weber State Wildcats,79.0,away,0.0,0.0,False,-2.0
2025-03-01,South Dakota Coyotes,92.0,home,0.0,0.0,True,13.0
2025-03-01,North Dakota Fighting Hawks,79.0,away,0.0,0.0,False,-13.0
2025-03-01,Wake Forest Demon Deacons,74.0,home,0.0,0.0,True,3.0
2025-03-01,Notre Dame Fighting Irish,71.0,away,0.0,0.0,False,-3.0
2025-03-01,Bethune-Cookman Wildcats,70.0,home,0.0,0.0,True,1.0
2025-03-01,Southern Jaguars,69.0,away,0.0,0.0,False,-1.0
2025-03-01,Sam Houston Bearkats,66.0,home,0.0,0.0,False,-24.0
2025-03-01,Louisiana Tech Bulldogs,90.0,away,0.0,0.0,True,24.0
2025-03-01,Texas A&M-Corpus Christi Islanders,68.0,home,0.0,0.0,True,14.0
2025-03-01,SE Louisiana Lions,54.0,away,0.0,0.0,False,-14.0
2025-03-01,UT Rio Grande Valley Vaqueros,88.0,home,0.0,0.0,True,10.0
2025-03-01,New Orleans Privateers,78.0,away,0.0,0.0,False,-10.0
2025-03-01,Stephen F. Austin Lumberjacks,70.0,home,0.0,0.0,False,-24.0
2025-03-01,Nicholls Colonels,94.0,away,0.0,0.0,True,24.0
2025-03-01,Florida A&M Rattlers,73.0,home,0.0,0.0,True,5.0
2025-03-01,Grambling Tigers,68.0,away,0.0,0.0,False,-5.0
2025-03-01,Massachusetts Minutemen,91.0,home,0.0,0.0,True,3.0
2025-03-01,Rhode Island Rams,88.0,away,0.0,0.0,False,-3.0
2025-03-01,Columbia Lions,87.0,home,0.0,0.0,False,-5.0
2025-03-01,Pennsylvania Quakers,92.0,away,0.0,0.0,True,5.0
2025-03-01,George Washington Revolutionaries,71.0,home,0.0,0.0,True,11.0
2025-03-01,La Salle Explorers,60.0,away,0.0,0.0,False,-11.0
2025-03-01,Washington Huskies,62.0,home,0.0,0.0,False,-16.0
2025-03-01,Indiana Hoosiers,78.0,away,0.0,0.0,True,16.0
2025-03-02,Fresno State Bulldogs,61.0,home,0.0,0.0,False,-5.0
2025-03-02,Boise State Broncos,66.0,away,0.0,0.0,True,5.0
2025-03-01,Wagner Seahawks,48.0,home,0.0,0.0,False,-7.0
2025-03-01,Central Connecticut Blue Devils,55.0,away,0.0,0.0,True,7.0
2025-03-01,Stony Brook Seawolves,71.0,home,0.0,0.0,True,5.0
2025-03-01,Elon Phoenix,66.0,away,0.0,0.0,False,-5.0
2025-03-01,Charleston Cougars,87.0,home,0.0,0.0,True,22.0
2025-03-01,Campbell Fighting Camels,65.0,away,0.0,0.0,False,-22.0
2025-03-01,New Mexico State Aggies,65.0,home,0.0,0.0,True,18.0
2025-03-01,Western Kentucky Hilltoppers,47.0,away,0.0,0.0,False,-18.0
2025-03-02,Green Bay Phoenix,84.0,home,0.0,0.0,False,-3.0
2025-03-02,Oakland Golden Grizzlies,87.0,away,0.0,0.0,True,3.0
2025-03-02,Mississippi Valley State Delta Devils,58.0,home,0.0,0.0,False,-25.0
2025-03-02,Arkansas-Pine Bluff Golden Lions,83.0,away,0.0,0.0,True,25.0
2025-03-02,Utah Utes,99.0,home,0.0,0.0,True,26.0
2025-03-02,Arizona State Sun Devils,73.0,away,0.0,0.0,False,-26.0
2025-03-02,UNC Wilmington Seahawks,88.0,home,0.0,0.0,True,30.0
2025-03-02,Delaware Blue Hens,58.0,away,0.0,0.0,False,-30.0
2025-03-02,Lamar Cardinals,66.0,home,0.0,0.0,False,-2.0
2025-03-02,McNeese Cowboys,68.0,away,0.0,0.0,True,2.0
2025-03-02,Cal State Northridge Matadors,103.0,home,0.0,0.0,True,26.0
2025-03-02,UC Santa Barbara Gauchos,77.0,away,0.0,0.0,False,-26.0
2025-03-02,Wyoming Cowboys,69.0,home,0.0,0.0,False,-3.0
2025-03-02,San Diego State Aztecs,72.0,away,0.0,0.0,True,3.0
2025-03-02,Baylor Bears,71.0,home,0.0,0.0,True,10.0
2025-03-02,Oklahoma State Cowboys,61.0,away,0.0,0.0,False,-10.0
2025-03-02,Texas Longhorns,67.0,home,0.0,0.0,False,-16.0
2025-03-02,Georgia Bulldogs,83.0,away,0.0,0.0,True,16.0
2025-03-02,St. Thomas-Minnesota Tommies,65.0,home,0.0,0.0,True,6.0
2025-03-02,Kansas City Roos,59.0,away,0.0,0.0,False,-6.0
2025-03-02,Pacific Tigers,66.0,home,0.0,0.0,False,-31.0
2025-03-02,Santa Clara Broncos,97.0,away,0.0,0.0,True,31.0
2025-03-02,Northern Arizona Lumberjacks,73.0,home,0.0,0.0,False,-10.0
2025-03-02,Northern Colorado Bears,83.0,away,0.0,0.0,True,10.0
2025-03-02,California Golden Bears,82.0,home,0.0,0.0,True,11.0
2025-03-02,Boston College Eagles,71.0,away,0.0,0.0,False,-11.0
2025-03-02,Utah Tech Trailblazers,57.0,home,0.0,0.0,False,-4.0
2025-03-02,California Baptist Lancers,61.0,away,0.0,0.0,True,4.0
2025-03-02,UC San Diego Tritons,100.0,home,0.0,0.0,True,45.0
2025-03-02,Cal State Fullerton Titans,55.0,away,0.0,0.0,False,-45.0
2025-03-02,San Diego Toreros,82.0,home,0.0,0.0,True,2.0
2025-03-02,Portland Pilots,80.0,away,0.0,0.0,False,-2.0
2025-03-02,San Francisco Dons,75.0,home,0.0,0.0,False,-20.0
2025-03-02,Gonzaga Bulldogs,95.0,away,0.0,0.0,True,20.0
2025-03-02,UC Irvine Anteaters,70.0,home,0.0,0.0,True,10.0
2025-03-02,Long Beach State Beach,60.0,away,0.0,0.0,False,-10.0
2025-03-02,Seattle U Redhawks,60.0,home,0.0,0.0,False,-3.0
2025-03-02,Grand Canyon Lopes,63.0,away,0.0,0.0,True,3.0
2025-03-02,Pepperdine Waves,83.0,home,0.0,0.0,False,-7.0
2025-03-02,Washington State Cougars,90.0,away,0.0,0.0,True,7.0
2025-03-02,Hawai'i Rainbow Warriors,78.0,home,0.0,0.0,True,8.0
2025-03-02,UC Davis Aggies,70.0,away,0.0,0.0,False,-8.0
2025-03-12,Minnesota Golden Gophers,64.0,home,0.0,0.0,False,-8.0
2025-03-12,Northwestern Wildcats,72.0,away,0.0,0.0,True,8.0
2025-03-12,Davidson Wildcats,69.0,home,0.0,0.0,True,4.0
2025-03-12,Richmond Spiders,65.0,away,0.0,0.0,False,-4.0
2025-03-12,Iowa State Cyclones,76.0,home,0.0,0.0,True,20.0
2025-03-12,Cincinnati Bearcats,56.0,away,0.0,0.0,False,-20.0
2025-03-12,McNeese Cowboys,63.0,home,0.0,0.0,True,9.0
2025-03-12,Lamar Cardinals,54.0,away,0.0,0.0,False,-9.0
2025-03-12,Georgia Tech Yellow Jackets,66.0,home,0.0,0.0,True,6.0
2025-03-12,Virginia Cavaliers,60.0,away,0.0,0.0,False,-6.0
2025-03-12,Providence Friars,69.0,home,0.0,0.0,False,-6.0
2025-03-12,Butler Bulldogs,75.0,away,0.0,0.0,True,6.0
2025-03-12,Nevada Wolf Pack,86.0,home,0.0,0.0,True,15.0
2025-03-12,Fresno State Bulldogs,71.0,away,0.0,0.0,False,-15.0
2025-03-12,Liberty Flames,81.0,home,0.0,0.0,True,21.0
2025-03-12,UTEP Miners,60.0,away,0.0,0.0,False,-21.0
2025-03-12,Vanderbilt Commodores,72.0,home,0.0,0.0,False,-7.0
2025-03-12,Texas Longhorns,79.0,away,0.0,0.0,True,7.0
2025-03-12,Rhode Island Rams,71.0,home,0.0,0.0,False,-17.0
2025-03-12,Fordham Rams,88.0,away,0.0,0.0,True,17.0
2025-03-12,San José State Spartans,66.0,home,0.0,0.0,True,5.0
2025-03-12,Wyoming Cowboys,61.0,away,0.0,0.0,False,-5.0
2025-03-12,North Carolina Tar Heels,76.0,home,0.0,0.0,True,20.0
2025-03-12,Notre Dame Fighting Irish,56.0,away,0.0,0.0,False,-20.0
2025-03-12,Massachusetts Minutemen,71.0,home,0.0,0.0,False,-7.0
2025-03-12,La Salle Explorers,78.0,away,0.0,0.0,True,7.0
2025-03-12,Norfolk State Spartans,77.0,home,0.0,0.0,True,7.0
2025-03-12,Maryland Eastern Shore Hawks,70.0,away,0.0,0.0,False,-7.0
2025-03-12,West Virginia Mountaineers,60.0,home,0.0,0.0,False,-7.0
2025-03-12,Colorado Buffaloes,67.0,away,0.0,0.0,True,7.0
2025-03-12,Arkansas Razorbacks,72.0,home,0.0,0.0,True,4.0
2025-03-12,South Carolina Gamecocks,68.0,away,0.0,0.0,False,-4.0
2025-03-12,Southern Jaguars,62.0,home,0.0,0.0,False,-3.0
2025-03-12,Grambling Tigers,65.0,away,0.0,0.0,True,3.0
2025-03-12,Rice Owls,61.0,home,0.0,0.0,False,-3.0
2025-03-12,Charlotte 49ers,64.0,away,0.0,0.0,True,3.0
2025-03-12,Ohio State Buckeyes,70.0,home,0.0,0.0,False,-7.0
2025-03-12,Iowa Hawkeyes,77.0,away,0.0,0.0,True,7.0
2025-03-12,Quinnipiac Bobcats,78.0,home,0.0,0.0,True,14.0
2025-03-12,Rider Broncs,64.0,away,0.0,0.0,False,-14.0
2025-03-12,Georgetown Hoyas,67.0,home,0.0,0.0,False,-4.0
2025-03-12,DePaul Blue Demons,71.0,away,0.0,0.0,True,4.0
2025-03-13,South Carolina State Bulldogs,68.0,home,0.0,0.0,True,5.0
2025-03-13,Coppin State Eagles,63.0,away,0.0,0.0,False,-5.0
2025-03-12,Stanford Cardinal,78.0,home,0.0,0.0,True,5.0
2025-03-12,California Golden Bears,73.0,away,0.0,0.0,False,-5.0
2025-03-12,Baylor Bears,70.0,home,0.0,0.0,True,14.0
2025-03-12,Kansas State Wildcats,56.0,away,0.0,0.0,False,-14.0
2025-03-13,Utah Valley Wolverines,74.0,home,0.0,0.0,True,17.0
2025-03-13,Utah Tech Trailblazers,57.0,away,0.0,0.0,False,-17.0
2025-03-13,Jackson State Tigers,91.0,home,0.0,0.0,True,15.0
2025-03-13,Florida A&M Rattlers,76.0,away,0.0,0.0,False,-15.0
2025-03-13,Merrimack Warriors,66.0,home,0.0,0.0,True,4.0
2025-03-13,Sacred Heart Pioneers,62.0,away,0.0,0.0,False,-4.0
2025-03-12,Mississippi State Bulldogs,91.0,home,0.0,0.0,True,29.0
2025-03-12,LSU Tigers,62.0,away,0.0,0.0,False,-29.0
2025-03-13,UC Santa Barbara Gauchos,71.0,home,0.0,0.0,True,5.0
2025-03-13,Cal State Bakersfield Roadrunners,66.0,away,0.0,0.0,False,-5.0
2025-03-12,American University Eagles,74.0,home,0.0,0.0,True,22.0
2025-03-12,Navy Midshipmen,52.0,away,0.0,0.0,False,-22.0
2025-03-13,Northern Colorado Bears,83.0,home,0.0,0.0,False,-8.0
2025-03-13,Montana Grizzlies,91.0,away,0.0,0.0,True,8.0
2025-03-12,UNLV Rebels,68.0,home,0.0,0.0,True,9.0
2025-03-12,Air Force Falcons,59.0,away,0.0,0.0,False,-9.0
2025-03-13,Kansas Jayhawks,98.0,home,0.0,0.0,True,4.0
2025-03-13,UCF Knights,94.0,away,0.0,0.0,False,-4.0
2025-03-13,Jacksonville State Gamecocks,65.0,home,0.0,0.0,True,9.0
2025-03-13,Florida International Panthers,56.0,away,0.0,0.0,False,-9.0
2025-03-13,Villanova Wildcats,67.0,home,0.0,0.0,True,12.0
2025-03-13,Seton Hall Pirates,55.0,away,0.0,0.0,False,-12.0
2025-03-13,SMU Mustangs,73.0,home,0.0,0.0,True,20.0
2025-03-13,Syracuse Orange,53.0,away,0.0,0.0,False,-20.0
2025-03-13,Georgia Bulldogs,75.0,home,0.0,0.0,False,-6.0
2025-03-13,Oklahoma Sooners,81.0,away,0.0,0.0,True,6.0
2025-03-13,Rutgers Scarlet Knights,89.0,home,0.0,0.0,False,-8.0
2025-03-13,USC Trojans,97.0,away,0.0,0.0,True,8.0
2025-03-13,Grand Canyon Lopes,98.0,home,0.0,0.0,True,23.0
2025-03-13,UT Arlington Mavericks,75.0,away,0.0,0.0,False,-23.0
2025-03-13,UC Davis Aggies,76.0,home,0.0,0.0,False,-10.0
2025-03-13,Cal Poly Mustangs,86.0,away,0.0,0.0,True,10.0
2025-03-11,Southern Utah Thunderbirds,65.0,home,0.0,0.0,False,-7.0
2025-03-11,Utah Tech Trailblazers,72.0,away,0.0,0.0,True,7.0
2025-03-11,UTEP Miners,79.0,home,0.0,0.0,True,14.0
2025-03-11,Sam Houston Bearkats,65.0,away,0.0,0.0,False,-14.0
2025-03-11,Notre Dame Fighting Irish,55.0,home,0.0,0.0,True,1.0
2025-03-11,Pittsburgh Panthers,54.0,away,0.0,0.0,False,-1.0
2025-03-11,TCU Horned Frogs,67.0,home,0.0,0.0,False,-2.0
2025-03-11,Colorado Buffaloes,69.0,away,0.0,0.0,True,2.0
2025-03-11,Rider Broncs,78.0,home,0.0,0.0,True,2.0
2025-03-11,Siena Saints,76.0,away,0.0,0.0,False,-2.0
2025-03-11,UNC Wilmington Seahawks,76.0,home,0.0,0.0,True,4.0
2025-03-11,Delaware Blue Hens,72.0,away,0.0,0.0,False,-4.0
2025-03-12,Northern Colorado Bears,72.0,home,0.0,0.0,True,27.0
2025-03-12,Montana State Bobcats,45.0,away,0.0,0.0,False,-27.0
2025-03-12,Sacred Heart Pioneers,71.0,home,0.0,0.0,True,13.0
2025-03-12,Fairfield Stags,58.0,away,0.0,0.0,False,-13.0
2025-03-11,Vermont Catamounts,42.0,home,0.0,0.0,False,-15.0
2025-03-11,Maine Black Bears,57.0,away,0.0,0.0,True,15.0
2025-03-12,Saint Mary's Gaels,51.0,home,0.0,0.0,False,-7.0
2025-03-12,Gonzaga Bulldogs,58.0,away,0.0,0.0,True,7.0
2025-03-11,Virginia Tech Hokies,73.0,home,0.0,0.0,False,-9.0
2025-03-11,California Golden Bears,82.0,away,0.0,0.0,True,9.0
2025-03-11,Robert Morris Colonials,89.0,home,0.0,0.0,True,11.0
2025-03-11,Youngstown State Penguins,78.0,away,0.0,0.0,False,-11.0
2025-03-11,Oklahoma State Cowboys,68.0,home,0.0,0.0,False,-19.0
2025-03-11,Cincinnati Bearcats,87.0,away,0.0,0.0,True,19.0
2025-03-11,McNeese Cowboys,83.0,home,0.0,0.0,True,19.0
2025-03-11,Northwestern State Demons,64.0,away,0.0,0.0,False,-19.0
2025-03-11,Grambling Tigers,73.0,home,0.0,0.0,True,17.0
2025-03-11,Alabama A&M Bulldogs,56.0,away,0.0,0.0,False,-17.0
2025-03-11,Kansas State Wildcats,71.0,home,0.0,0.0,True,5.0
2025-03-11,Arizona State Sun Devils,66.0,away,0.0,0.0,False,-5.0
2025-03-11,Florida State Seminoles,62.0,home,0.0,0.0,False,-4.0
2025-03-11,Syracuse Orange,66.0,away,0.0,0.0,True,4.0
2025-03-11,Central Connecticut Blue Devils,43.0,home,0.0,0.0,False,-3.0
2025-03-11,Saint Francis Red Flash,46.0,away,0.0,0.0,True,3.0
2025-03-12,Florida A&M Rattlers,75.0,home,0.0,0.0,True,9.0
2025-03-12,Prairie View A&M Panthers,66.0,away,0.0,0.0,False,-9.0
2025-03-12,Bryant Bulldogs,91.0,home,0.0,0.0,True,13.0
2025-03-12,UAlbany Great Danes,78.0,away,0.0,0.0,False,-13.0
2025-03-12,Utah Utes,72.0,home,0.0,0.0,False,-15.0
2025-03-12,UCF Knights,87.0,away,0.0,0.0,True,15.0
2025-03-12,Lamar Cardinals,58.0,home,0.0,0.0,True,3.0
2025-03-12,Nicholls Colonels,55.0,away,0.0,0.0,False,-3.0
2025-03-12,Western Kentucky Hilltoppers,61.0,home,0.0,0.0,False,-3.0
2025-03-12,Florida International Panthers,64.0,away,0.0,0.0,True,3.0
2025-03-12,Montana Grizzlies,78.0,home,0.0,0.0,True,23.0
2025-03-12,Idaho Vandals,55.0,away,0.0,0.0,False,-23.0
2025-03-14,Loyola Chicago Ramblers,72.0,home,0.0,0.0,True,8.0
2025-03-14,Saint Louis Billikens,64.0,away,0.0,0.0,False,-8.0
2025-03-14,Tennessee Volunteers,83.0,home,0.0,0.0,True,11.0
2025-03-14,Texas Longhorns,72.0,away,0.0,0.0,False,-11.0
2025-03-14,VCU Rams,76.0,home,0.0,0.0,True,17.0
2025-03-14,St. Bonaventure Bonnies,59.0,away,0.0,0.0,False,-17.0
2025-03-14,UCLA Bruins,70.0,home,0.0,0.0,False,-16.0
2025-03-14,Wisconsin Badgers,86.0,away,0.0,0.0,True,16.0
2025-03-15,Texas Tech Red Raiders,80.0,home,0.0,0.0,False,-6.0
2025-03-15,Arizona Wildcats,86.0,away,0.0,0.0,True,6.0
2025-03-14,Houston Cougars,74.0,home,0.0,0.0,True,20.0
2025-03-14,BYU Cougars,54.0,away,0.0,0.0,False,-20.0
2025-03-14,Tulane Green Wave,83.0,home,0.0,0.0,True,7.0
2025-03-14,Florida Atlantic Owls,76.0,away,0.0,0.0,False,-7.0
2025-03-15,Michigan Wolverines,86.0,home,0.0,0.0,True,18.0
2025-03-15,Purdue Boilermakers,68.0,away,0.0,0.0,False,-18.0
2025-03-14,Alabama State Hornets,64.0,home,0.0,0.0,True,2.0
2025-03-14,Grambling Tigers,62.0,away,0.0,0.0,False,-2.0
2025-03-14,Duke Blue Devils,74.0,home,0.0,0.0,True,3.0
2025-03-14,North Carolina Tar Heels,71.0,away,0.0,0.0,False,-3.0
2025-03-14,Auburn Tigers,62.0,home,0.0,0.0,True,5.0
2025-03-14,Ole Miss Rebels,57.0,away,0.0,0.0,False,-5.0
2025-03-14,Michigan State Spartans,74.0,home,0.0,0.0,True,10.0
2025-03-14,Oregon Ducks,64.0,away,0.0,0.0,False,-10.0
2025-03-15,Alabama Crimson Tide,99.0,home,0.0,0.0,True,29.0
2025-03-15,Kentucky Wildcats,70.0,away,0.0,0.0,False,-29.0
2025-03-14,Maryland Terrapins,88.0,home,0.0,0.0,True,23.0
2025-03-14,Illinois Fighting Illini,65.0,away,0.0,0.0,False,-23.0
2025-03-14,Jacksonville State Gamecocks,70.0,home,0.0,0.0,True,2.0
2025-03-14,Middle Tennessee Blue Raiders,68.0,away,0.0,0.0,False,-2.0
2025-03-15,Louisville Cardinals,76.0,home,0.0,0.0,True,3.0
2025-03-15,Clemson Tigers,73.0,away,0.0,0.0,False,-3.0
2025-03-14,St. John's Red Storm,79.0,home,0.0,0.0,True,16.0
2025-03-14,Marquette Golden Eagles,63.0,away,0.0,0.0,False,-16.0
2025-03-14,Liberty Flames,81.0,home,0.0,0.0,True,2.0
2025-03-14,Kennesaw State Owls,79.0,away,0.0,0.0,False,-2.0
2025-03-14,Florida Gators,95.0,home,0.0,0.0,True,14.0
2025-03-14,Missouri Tigers,81.0,away,0.0,0.0,False,-14.0
2025-03-14,Memphis Tigers,83.0,home,0.0,0.0,True,3.0
2025-03-14,Wichita State Shockers,80.0,away,0.0,0.0,False,-3.0
2025-03-14,North Texas Mean Green,77.0,home,0.0,0.0,True,18.0
2025-03-14,Tulsa Golden Hurricane,59.0,away,0.0,0.0,False,-18.0
2025-03-14,George Mason Patriots,80.0,home,0.0,0.0,True,15.0
2025-03-14,George Washington Revolutionaries,65.0,away,0.0,0.0,False,-15.0
2025-03-14,Norfolk State Spartans,58.0,home,0.0,0.0,True,3.0
2025-03-14,Morgan State Bears,55.0,away,0.0,0.0,False,-3.0
2025-03-15,Merrimack Warriors,55.0,home,0.0,0.0,False,-2.0
2025-03-15,Mount St. Mary's Mountaineers,57.0,away,0.0,0.0,True,2.0
2025-03-14,Quinnipiac Bobcats,73.0,home,0.0,0.0,False,-8.0
2025-03-14,Iona Gaels,81.0,away,0.0,0.0,True,8.0
2025-03-15,UC San Diego Tritons,69.0,home,0.0,0.0,True,18.0
2025-03-15,UC Santa Barbara Gauchos,51.0,away,0.0,0.0,False,-18.0
2025-03-15,Utah Valley Wolverines,68.0,home,0.0,0.0,True,13.0
2025-03-15,Seattle U Redhawks,55.0,away,0.0,0.0,False,-13.0
2025-03-15,Jackson State Tigers,71.0,home,0.0,0.0,True,21.0
2025-03-15,Bethune-Cookman Wildcats,50.0,away,0.0,0.0,False,-21.0
2025-03-14,Miami (OH) RedHawks,72.0,home,0.0,0.0,True,8.0
2025-03-14,Kent State Golden Flashes,64.0,away,0.0,0.0,False,-8.0
2025-03-15,New Mexico Lobos,69.0,home,0.0,0.0,False,-3.0
2025-03-15,Boise State Broncos,72.0,away,0.0,0.0,True,3.0
2025-03-14,Dayton Flyers,68.0,home,0.0,0.0,False,-5.0
2025-03-14,Saint Joseph's Hawks,73.0,away,0.0,0.0,True,5.0
2025-03-14,Akron Zips,100.0,home,0.0,0.0,True,10.0
2025-03-14,Toledo Rockets,90.0,away,0.0,0.0,False,-10.0
2025-03-15,UAB Blazers,94.0,home,0.0,0.0,True,17.0
2025-03-15,East Carolina Pirates,77.0,away,0.0,0.0,False,-17.0
2025-03-15,South Carolina State Bulldogs,88.0,home,0.0,0.0,True,21.0
2025-03-15,North Carolina Central Eagles,67.0,away,0.0,0.0,False,-21.0
2025-03-15,Grand Canyon Lopes,75.0,home,0.0,0.0,True,9.0
2025-03-15,California Baptist Lancers,66.0,away,0.0,0.0,False,-9.0
2025-03-15,Colorado State Rams,83.0,home,0.0,0.0,True,11.0
2025-03-15,Utah State Aggies,72.0,away,0.0,0.0,False,-11.0
2025-03-15,Creighton Bluejays,71.0,home,0.0,0.0,True,9.0
2025-03-15,UConn Huskies,62.0,away,0.0,0.0,False,-9.0
2025-03-15,UC Irvine Anteaters,96.0,home,0.0,0.0,True,18.0
2025-03-15,Cal Poly Mustangs,78.0,away,0.0,0.0,False,-18.0
2025-03-15,Yale Bulldogs,59.0,home,0.0,0.0,True,2.0
2025-03-15,Princeton Tigers,57.0,away,0.0,0.0,False,-2.0
2025-03-15,Cornell Big Red,87.0,home,0.0,0.0,True,16.0
2025-03-15,Dartmouth Big Green,71.0,away,0.0,0.0,False,-16.0
2025-03-15,Maryland Terrapins,80.0,home,0.0,0.0,False,-1.0
2025-03-15,Michigan Wolverines,81.0,away,0.0,0.0,True,1.0
2025-03-16,Duke Blue Devils,73.0,home,0.0,0.0,True,11.0
2025-03-16,Louisville Cardinals,62.0,away,0.0,0.0,False,-11.0
2025-03-15,Florida Gators,104.0,home,0.0,0.0,True,22.0
2025-03-15,Alabama Crimson Tide,82.0,away,0.0,0.0,False,-22.0
2025-03-15,St. John's Red Storm,82.0,home,0.0,0.0,True,16.0
2025-03-15,Creighton Bluejays,66.0,away,0.0,0.0,False,-16.0
2025-03-15,Michigan State Spartans,74.0,home,0.0,0.0,False,-3.0
2025-03-15,Wisconsin Badgers,77.0,away,0.0,0.0,True,3.0
2025-03-15,Colorado State Rams,69.0,home,0.0,0.0,True,13.0
2025-03-15,Boise State Broncos,56.0,away,0.0,0.0,False,-13.0
2025-03-15,VCU Rams,62.0,home,0.0,0.0,True,7.0
2025-03-15,Loyola Chicago Ramblers,55.0,away,0.0,0.0,False,-7.0
2025-03-15,Iona Gaels,49.0,home,0.0,0.0,False,-14.0
2025-03-15,Mount St. Mary's Mountaineers,63.0,away,0.0,0.0,True,14.0
2025-03-15,George Mason Patriots,74.0,home,0.0,0.0,True,10.0
2025-03-15,Saint Joseph's Hawks,64.0,away,0.0,0.0,False,-10.0
2025-03-16,Jackson State Tigers,56.0,home,0.0,0.0,False,-4.0
2025-03-16,Alabama State Hornets,60.0,away,0.0,0.0,True,4.0
2025-03-15,Norfolk State Spartans,66.0,home,0.0,0.0,True,1.0
2025-03-15,South Carolina State Bulldogs,65.0,away,0.0,0.0,False,-1.0
2025-03-15,Houston Cougars,72.0,home,0.0,0.0,True,8.0
2025-03-15,Arizona Wildcats,64.0,away,0.0,0.0,False,-8.0
2025-03-15,Bryant Bulldogs,79.0,home,0.0,0.0,True,20.0
2025-03-15,Maine Black Bears,59.0,away,0.0,0.0,False,-20.0
2025-03-15,Memphis Tigers,78.0,home,0.0,0.0,True,1.0
2025-03-15,Tulane Green Wave,77.0,away,0.0,0.0,False,-1.0
2025-03-15,Auburn Tigers,65.0,home,0.0,0.0,False,-5.0
2025-03-15,Tennessee Volunteers,70.0,away,0.0,0.0,True,5.0
2025-03-16,Liberty Flames,79.0,home,0.0,0.0,True,12.0
2025-03-16,Jacksonville State Gamecocks,67.0,away,0.0,0.0,False,-12.0
2025-03-15,Akron Zips,76.0,home,0.0,0.0,True,2.0
2025-03-15,Miami (OH) RedHawks,74.0,away,0.0,0.0,False,-2.0
2025-03-15,North Texas Mean Green,56.0,home,0.0,0.0,False,-10.0
2025-03-15,UAB Blazers,66.0,away,0.0,0.0,True,10.0
2025-03-16,UC San Diego Tritons,75.0,home,0.0,0.0,True,14.0
2025-03-16,UC Irvine Anteaters,61.0,away,0.0,0.0,False,-14.0
2025-03-16,Utah Valley Wolverines,82.0,home,0.0,0.0,False,-7.0
2025-03-16,Grand Canyon Lopes,89.0,away,0.0,0.0,True,7.0
2025-03-14,Clemson Tigers,57.0,home,0.0,0.0,True,3.0
2025-03-14,SMU Mustangs,54.0,away,0.0,0.0,False,-3.0
2025-03-13,St. John's Red Storm,78.0,home,0.0,0.0,True,21.0
2025-03-13,Butler Bulldogs,57.0,away,0.0,0.0,False,-21.0
2025-03-13,Louisville Cardinals,75.0,home,0.0,0.0,True,2.0
2025-03-13,Stanford Cardinal,73.0,away,0.0,0.0,False,-2.0
2025-03-13,Texas Tech Red Raiders,76.0,home,0.0,0.0,True,2.0
2025-03-13,Baylor Bears,74.0,away,0.0,0.0,False,-2.0
2025-03-14,Kentucky Wildcats,85.0,home,0.0,0.0,True,1.0
2025-03-14,Oklahoma Sooners,84.0,away,0.0,0.0,False,-1.0
2025-03-14,Purdue Boilermakers,76.0,home,0.0,0.0,True,5.0
2025-03-14,USC Trojans,71.0,away,0.0,0.0,False,-5.0
2025-03-13,Toledo Rockets,90.0,home,0.0,0.0,True,5.0
2025-03-13,Ohio Bobcats,85.0,away,0.0,0.0,False,-5.0
2025-03-13,Duke Blue Devils,78.0,home,0.0,0.0,True,8.0
2025-03-13,Georgia Tech Yellow Jackets,70.0,away,0.0,0.0,False,-8.0
2025-03-13,BYU Cougars,96.0,home,0.0,0.0,True,4.0
2025-03-13,Iowa State Cyclones,92.0,away,0.0,0.0,False,-4.0
2025-03-13,Houston Cougars,77.0,home,0.0,0.0,True,9.0
2025-03-13,Colorado Buffaloes,68.0,away,0.0,0.0,False,-9.0
2025-03-13,Oregon Ducks,72.0,home,0.0,0.0,True,13.0
2025-03-13,Indiana Hoosiers,59.0,away,0.0,0.0,False,-13.0
2025-03-13,Texas A&M Aggies,89.0,home,0.0,0.0,False,-5.0
2025-03-13,Texas Longhorns,94.0,away,0.0,0.0,True,5.0
2025-03-13,Akron Zips,96.0,home,0.0,0.0,True,29.0
2025-03-13,Bowling Green Falcons,67.0,away,0.0,0.0,False,-29.0
2025-03-13,Illinois Fighting Illini,106.0,home,0.0,0.0,True,12.0
2025-03-13,Iowa Hawkeyes,94.0,away,0.0,0.0,False,-12.0
2025-03-13,Missouri Tigers,85.0,home,0.0,0.0,True,12.0
2025-03-13,Mississippi State Bulldogs,73.0,away,0.0,0.0,False,-12.0
2025-03-13,Wisconsin Badgers,70.0,home,0.0,0.0,True,7.0
2025-03-13,Northwestern Wildcats,63.0,away,0.0,0.0,False,-7.0
2025-03-13,Xavier Musketeers,87.0,home,0.0,0.0,False,-2.0
2025-03-13,Marquette Golden Eagles,89.0,away,0.0,0.0,True,2.0
2025-03-13,St. Bonaventure Bonnies,64.0,home,0.0,0.0,True,5.0
2025-03-13,Duquesne Dukes,59.0,away,0.0,0.0,False,-5.0
2025-03-13,Wichita State Shockers,73.0,home,0.0,0.0,True,5.0
2025-03-13,South Florida Bulls,68.0,away,0.0,0.0,False,-5.0
2025-03-13,Ole Miss Rebels,83.0,home,0.0,0.0,True,3.0
2025-03-13,Arkansas Razorbacks,80.0,away,0.0,0.0,False,-3.0
2025-03-13,Texas Southern Tigers,79.0,home,0.0,0.0,False,-5.0
2025-03-13,Alabama State Hornets,84.0,away,0.0,0.0,True,5.0
2025-03-13,Florida Atlantic Owls,64.0,home,0.0,0.0,True,5.0
2025-03-13,Charlotte 49ers,59.0,away,0.0,0.0,False,-5.0
2025-03-13,San Diego State Aztecs,52.0,home,0.0,0.0,False,-10.0
2025-03-13,Boise State Broncos,62.0,away,0.0,0.0,True,10.0
2025-03-13,George Washington Revolutionaries,88.0,home,0.0,0.0,True,7.0
2025-03-13,Fordham Rams,81.0,away,0.0,0.0,False,-7.0
2025-03-13,Creighton Bluejays,85.0,home,0.0,0.0,True,4.0
2025-03-13,DePaul Blue Demons,81.0,away,0.0,0.0,False,-4.0
2025-03-13,Howard Bison,90.0,home,0.0,0.0,False,-1.0
2025-03-13,Morgan State Bears,91.0,away,0.0,0.0,True,1.0
2025-03-14,Bethune-Cookman Wildcats,69.0,home,0.0,0.0,True,9.0
2025-03-14,Alcorn State Braves,60.0,away,0.0,0.0,False,-9.0
2025-03-13,Kennesaw State Owls,80.0,home,0.0,0.0,True,3.0
2025-03-13,New Mexico State Aggies,77.0,away,0.0,0.0,False,-3.0
2025-03-14,Delaware State Hornets,77.0,home,0.0,0.0,False,-2.0
2025-03-14,North Carolina Central Eagles,79.0,away,0.0,0.0,True,2.0
2025-03-14,Marist Red Foxes,58.0,home,0.0,0.0,False,-4.0
2025-03-14,Mount St. Mary's Mountaineers,62.0,away,0.0,0.0,True,4.0
2025-03-13,Temple Owls,71.0,home,0.0,0.0,False,-4.0
2025-03-13,Tulsa Golden Hurricane,75.0,away,0.0,0.0,True,4.0
2025-03-14,Middle Tennessee Blue Raiders,77.0,home,0.0,0.0,True,2.0
2025-03-14,Louisiana Tech Bulldogs,75.0,away,0.0,0.0,False,-2.0
2025-03-13,New Mexico Lobos,63.0,home,0.0,0.0,True,11.0
2025-03-13,San José State Spartans,52.0,away,0.0,0.0,False,-11.0
2025-03-13,Miami (OH) RedHawks,81.0,home,0.0,0.0,True,6.0
2025-03-13,Eastern Michigan Eagles,75.0,away,0.0,0.0,False,-6.0
2025-03-13,Saint Louis Billikens,83.0,home,0.0,0.0,True,8.0
2025-03-13,Davidson Wildcats,75.0,away,0.0,0.0,False,-8.0
2025-03-13,Wake Forest Demon Deacons,59.0,home,0.0,0.0,False,-9.0
2025-03-13,North Carolina Tar Heels,68.0,away,0.0,0.0,True,9.0
2025-03-14,Abilene Christian Wildcats,63.0,home,0.0,0.0,False,-6.0
2025-03-14,Seattle U Redhawks,69.0,away,0.0,0.0,True,6.0
2025-03-13,Kent State Golden Flashes,73.0,home,0.0,0.0,True,7.0
2025-03-13,Western Michigan Broncos,66.0,away,0.0,0.0,False,-7.0
2025-03-13,Iona Gaels,77.0,home,0.0,0.0,True,12.0
2025-03-13,Manhattan Jaspers,65.0,away,0.0,0.0,False,-12.0
2025-03-13,Saint Joseph's Hawks,75.0,home,0.0,0.0,True,5.0
2025-03-13,La Salle Explorers,70.0,away,0.0,0.0,False,-5.0
2025-03-14,East Carolina Pirates,70.0,home,0.0,0.0,True,5.0
2025-03-14,UTSA Roadrunners,65.0,away,0.0,0.0,False,-5.0
2025-03-14,Colorado State Rams,67.0,home,0.0,0.0,True,8.0
2025-03-14,Nevada Wolf Pack,59.0,away,0.0,0.0,False,-8.0
2025-03-14,Arizona Wildcats,88.0,home,0.0,0.0,True,11.0
2025-03-14,Kansas Jayhawks,77.0,away,0.0,0.0,False,-11.0
2025-03-14,UConn Huskies,73.0,home,0.0,0.0,True,17.0
2025-03-14,Villanova Wildcats,56.0,away,0.0,0.0,False,-17.0
2025-03-14,Cal State Northridge Matadors,72.0,home,0.0,0.0,False,-6.0
2025-03-14,UC Santa Barbara Gauchos,78.0,away,0.0,0.0,True,6.0
2025-03-14,UC Riverside Highlanders,83.0,home,0.0,0.0,False,-13.0
2025-03-14,Cal Poly Mustangs,96.0,away,0.0,0.0,True,13.0
2025-03-14,Utah State Aggies,70.0,home,0.0,0.0,True,12.0
2025-03-14,UNLV Rebels,58.0,away,0.0,0.0,False,-12.0
2025-03-14,California Baptist Lancers,55.0,home,0.0,0.0,True,4.0
2025-03-14,Tarleton State Texans,51.0,away,0.0,0.0,False,-4.0
2025-03-19,Oklahoma State Cowboys,89.0,home,0.0,0.0,True,10.0
2025-03-19,Wichita State Shockers,79.0,away,0.0,0.0,False,-10.0
2025-03-19,Santa Clara Broncos,101.0,home,0.0,0.0,True,39.0
2025-03-19,UC Riverside Highlanders,62.0,away,0.0,0.0,False,-39.0
2025-03-19,Middle Tennessee Blue Raiders,103.0,home,0.0,0.0,False,-6.0
2025-03-19,Chattanooga Mocs,109.0,away,0.0,0.0,True,6.0
2025-03-18,Alabama State Hornets,70.0,home,0.0,0.0,True,2.0
2025-03-18,Saint Francis Red Flash,68.0,away,0.0,0.0,False,-2.0
2025-03-18,Georgia Tech Yellow Jackets,64.0,home,0.0,0.0,False,-17.0
2025-03-18,Jacksonville State Gamecocks,81.0,away,0.0,0.0,True,17.0
2025-03-19,San Diego State Aztecs,68.0,home,0.0,0.0,False,-27.0
2025-03-19,North Carolina Tar Heels,95.0,away,0.0,0.0,True,27.0
2025-03-19,Arkansas State Red Wolves,103.0,home,0.0,0.0,True,25.0
2025-03-19,Saint Louis Billikens,78.0,away,0.0,0.0,False,-25.0
2025-03-18,St. Bonaventure Bonnies,56.0,home,0.0,0.0,False,-19.0
2025-03-18,Kent State Golden Flashes,75.0,away,0.0,0.0,True,19.0
2025-03-19,Stanford Cardinal,87.0,home,0.0,0.0,True,17.0
2025-03-19,Cal State Northridge Matadors,70.0,away,0.0,0.0,False,-17.0
2025-03-20,Texas Longhorns,80.0,home,0.0,0.0,False,-6.0
2025-03-20,Xavier Musketeers,86.0,away,0.0,0.0,True,6.0
2025-03-20,SMU Mustangs,73.0,home,0.0,0.0,True,10.0
2025-03-20,Northern Iowa Panthers,63.0,away,0.0,0.0,False,-10.0
2025-03-19,Saint Joseph's Hawks,65.0,home,0.0,0.0,False,-4.0
2025-03-19,UAB Blazers,69.0,away,0.0,0.0,True,4.0
2025-03-20,UC Irvine Anteaters,82.0,home,0.0,0.0,True,10.0
2025-03-20,Northern Colorado Bears,72.0,away,0.0,0.0,False,-10.0
2025-03-20,Bradley Braves,71.0,home,0.0,0.0,True,9.0
2025-03-20,North Alabama Lions,62.0,away,0.0,0.0,False,-9.0
2025-03-19,Dayton Flyers,86.0,home,0.0,0.0,True,7.0
2025-03-19,Florida Atlantic Owls,79.0,away,0.0,0.0,False,-7.0
2025-03-20,North Texas Mean Green,75.0,home,0.0,0.0,True,11.0
2025-03-20,Furman Paladins,64.0,away,0.0,0.0,False,-11.0
2025-03-19,George Mason Patriots,86.0,home,0.0,0.0,True,17.0
2025-03-19,Samford Bulldogs,69.0,away,0.0,0.0,False,-17.0
2025-03-19,American University Eagles,72.0,home,0.0,0.0,False,-11.0
2025-03-19,Mount St. Mary's Mountaineers,83.0,away,0.0,0.0,True,11.0
2025-03-20,San José State Spartans,70.0,home,0.0,0.0,False,-3.0
2025-03-20,Loyola Chicago Ramblers,73.0,away,0.0,0.0,True,3.0
2025-03-20,San Francisco Dons,79.0,home,0.0,0.0,True,9.0
2025-03-20,Utah Valley Wolverines,70.0,away,0.0,0.0,False,-9.0
2025-03-20,Tennessee Volunteers,77.0,home,0.0,0.0,True,15.0
2025-03-20,Wofford Terriers,62.0,away,0.0,0.0,False,-15.0
2025-03-21,Michigan Wolverines,68.0,home,0.0,0.0,True,3.0
2025-03-21,UC San Diego Tritons,65.0,away,0.0,0.0,False,-3.0
2025-03-20,Auburn Tigers,83.0,home,0.0,0.0,True,20.0
2025-03-20,Alabama State Hornets,63.0,away,0.0,0.0,False,-20.0
2025-03-21,Texas Tech Red Raiders,82.0,home,0.0,0.0,True,10.0
2025-03-21,UNC Wilmington Seahawks,72.0,away,0.0,0.0,False,-10.0
2025-03-20,Clemson Tigers,67.0,home,0.0,0.0,False,-2.0
2025-03-20,McNeese Cowboys,69.0,away,0.0,0.0,True,2.0
2025-03-20,Purdue Boilermakers,75.0,home,0.0,0.0,True,12.0
2025-03-20,High Point Panthers,63.0,away,0.0,0.0,False,-12.0
2025-03-20,Kansas Jayhawks,72.0,home,0.0,0.0,False,-7.0
2025-03-20,Arkansas Razorbacks,79.0,away,0.0,0.0,True,7.0
2025-03-21,St. John's Red Storm,83.0,home,0.0,0.0,True,30.0
2025-03-21,Omaha Mavericks,53.0,away,0.0,0.0,False,-30.0
2025-03-20,Missouri Tigers,57.0,home,0.0,0.0,False,-10.0
2025-03-20,Drake Bulldogs,67.0,away,0.0,0.0,True,10.0
2025-03-20,Texas A&M Aggies,80.0,home,0.0,0.0,True,9.0
2025-03-20,Yale Bulldogs,71.0,away,0.0,0.0,False,-9.0
2025-03-20,BYU Cougars,80.0,home,0.0,0.0,True,9.0
2025-03-20,VCU Rams,71.0,away,0.0,0.0,False,-9.0
2025-03-20,Louisville Cardinals,75.0,home,0.0,0.0,False,-14.0
2025-03-20,Creighton Bluejays,89.0,away,0.0,0.0,True,14.0
2025-03-20,Wisconsin Badgers,85.0,home,0.0,0.0,True,19.0
2025-03-20,Montana Grizzlies,66.0,away,0.0,0.0,False,-19.0
2025-03-21,UCLA Bruins,72.0,home,0.0,0.0,True,25.0
2025-03-21,Utah State Aggies,47.0,away,0.0,0.0,False,-25.0
2025-03-20,Gonzaga Bulldogs,89.0,home,0.0,0.0,True,21.0
2025-03-20,Georgia Bulldogs,68.0,away,0.0,0.0,False,-21.0
2025-03-20,Houston Cougars,78.0,home,0.0,0.0,True,38.0
2025-03-20,SIU Edwardsville Cougars,40.0,away,0.0,0.0,False,-38.0
2025-03-09,Baylor Bears,61.0,home,0.0,0.0,False,-4.0
2025-03-09,Houston Cougars,65.0,away,0.0,0.0,True,4.0
2025-03-08,Chattanooga Mocs,76.0,home,0.0,0.0,True,15.0
2025-03-08,Mercer Bears,61.0,away,0.0,0.0,False,-15.0
2025-03-08,Long Island University Sharks,68.0,home,0.0,0.0,False,-3.0
2025-03-08,Saint Francis Red Flash,71.0,away,0.0,0.0,True,3.0
2025-03-08,Clemson Tigers,65.0,home,0.0,0.0,True,18.0
2025-03-08,Virginia Tech Hokies,47.0,away,0.0,0.0,False,-18.0
2025-03-08,Drexel Dragons,91.0,home,0.0,0.0,True,17.0
2025-03-08,Elon Phoenix,74.0,away,0.0,0.0,False,-17.0
2025-03-08,Tennessee Volunteers,75.0,home,0.0,0.0,True,10.0
2025-03-08,South Carolina Gamecocks,65.0,away,0.0,0.0,False,-10.0
2025-03-08,Wisconsin Badgers,75.0,home,0.0,0.0,False,-11.0
2025-03-08,Penn State Nittany Lions,86.0,away,0.0,0.0,True,11.0
2025-03-09,BYU Cougars,85.0,home,0.0,0.0,True,11.0
2025-03-09,Utah Utes,74.0,away,0.0,0.0,False,-11.0
2025-03-08,Kansas State Wildcats,57.0,home,0.0,0.0,False,-16.0
2025-03-08,Iowa State Cyclones,73.0,away,0.0,0.0,True,16.0
2025-03-08,Kansas Jayhawks,83.0,home,0.0,0.0,True,7.0
2025-03-08,Arizona Wildcats,76.0,away,0.0,0.0,False,-7.0
2025-03-09,Arizona State Sun Devils,57.0,home,0.0,0.0,False,-28.0
2025-03-09,Texas Tech Red Raiders,85.0,away,0.0,0.0,True,28.0
2025-03-08,Auburn Tigers,91.0,home,0.0,0.0,False,-2.0
2025-03-08,Alabama Crimson Tide,93.0,away,0.0,0.0,True,2.0
2025-03-08,Missouri Tigers,83.0,home,0.0,0.0,False,-8.0
2025-03-08,Kentucky Wildcats,91.0,away,0.0,0.0,True,8.0
2025-03-08,LSU Tigers,52.0,home,0.0,0.0,False,-14.0
2025-03-08,Texas A&M Aggies,66.0,away,0.0,0.0,True,14.0
2025-03-08,North Carolina Tar Heels,69.0,home,0.0,0.0,False,-13.0
2025-03-08,Duke Blue Devils,82.0,away,0.0,0.0,True,13.0
2025-03-08,Florida Gators,90.0,home,0.0,0.0,True,19.0
2025-03-08,Ole Miss Rebels,71.0,away,0.0,0.0,False,-19.0
2025-03-08,Arkansas Razorbacks,93.0,home,0.0,0.0,True,1.0
2025-03-08,Mississippi State Bulldogs,92.0,away,0.0,0.0,False,-1.0
2025-03-08,Louisville Cardinals,68.0,home,0.0,0.0,True,20.0
2025-03-08,Stanford Cardinal,48.0,away,0.0,0.0,False,-20.0
2025-03-08,Marquette Golden Eagles,84.0,home,0.0,0.0,False,-2.0
2025-03-08,St. John's Red Storm,86.0,away,0.0,0.0,True,2.0
2025-03-08,Maryland Terrapins,74.0,home,0.0,0.0,True,13.0
2025-03-08,Northwestern Wildcats,61.0,away,0.0,0.0,False,-13.0
2025-03-08,High Point Panthers,76.0,home,0.0,0.0,True,3.0
2025-03-08,Radford Highlanders,73.0,away,0.0,0.0,False,-3.0
2025-03-08,Georgia Bulldogs,79.0,home,0.0,0.0,True,11.0
2025-03-08,Vanderbilt Commodores,68.0,away,0.0,0.0,False,-11.0
2025-03-08,Central Connecticut Blue Devils,76.0,home,0.0,0.0,True,4.0
2025-03-08,Fairleigh Dickinson Knights,72.0,away,0.0,0.0,False,-4.0
2025-03-08,Rhode Island Rams,86.0,home,0.0,0.0,True,19.0
2025-03-08,Fordham Rams,67.0,away,0.0,0.0,False,-19.0
2025-03-08,Cornell Big Red,100.0,home,0.0,0.0,True,19.0
2025-03-08,Columbia Lions,81.0,away,0.0,0.0,False,-19.0
2025-03-08,DePaul Blue Demons,83.0,home,0.0,0.0,True,6.0
2025-03-08,Georgetown Hoyas,77.0,away,0.0,0.0,False,-6.0
2025-03-08,Rider Broncs,77.0,home,0.0,0.0,True,1.0
2025-03-08,Niagara Purple Eagles,76.0,away,0.0,0.0,False,-1.0
2025-03-08,Harvard Crimson,66.0,home,0.0,0.0,True,8.0
2025-03-08,Dartmouth Big Green,58.0,away,0.0,0.0,False,-8.0
2025-03-08,Massachusetts Minutemen,51.0,home,0.0,0.0,False,-23.0
2025-03-08,Loyola Chicago Ramblers,74.0,away,0.0,0.0,True,23.0
2025-03-08,Miami Hurricanes,72.0,home,0.0,0.0,True,2.0
2025-03-08,NC State Wolfpack,70.0,away,0.0,0.0,False,-2.0
2025-03-08,Saint Peter's Peacocks,70.0,home,0.0,0.0,True,8.0
2025-03-08,Canisius Golden Griffins,62.0,away,0.0,0.0,False,-8.0
2025-03-08,UNC Asheville Bulldogs,67.0,home,0.0,0.0,False,-19.0
2025-03-08,Winthrop Eagles,86.0,away,0.0,0.0,True,19.0
2025-03-08,Manhattan Jaspers,78.0,home,0.0,0.0,True,12.0
2025-03-08,Siena Saints,66.0,away,0.0,0.0,False,-12.0
2025-03-08,Wake Forest Demon Deacons,69.0,home,0.0,0.0,True,26.0
2025-03-08,Georgia Tech Yellow Jackets,43.0,away,0.0,0.0,False,-26.0
2025-03-08,Brown Bears,61.0,home,0.0,0.0,False,-9.0
2025-03-08,Yale Bulldogs,70.0,away,0.0,0.0,True,9.0
2025-03-08,UConn Huskies,81.0,home,0.0,0.0,True,31.0
2025-03-08,Seton Hall Pirates,50.0,away,0.0,0.0,False,-31.0
2025-03-08,Princeton Tigers,95.0,home,0.0,0.0,True,24.0
2025-03-08,Pennsylvania Quakers,71.0,away,0.0,0.0,False,-24.0
2025-03-08,La Salle Explorers,81.0,home,0.0,0.0,True,7.0
2025-03-08,Saint Joseph's Hawks,74.0,away,0.0,0.0,False,-7.0
2025-03-08,UNC Greensboro Spartans,57.0,home,0.0,0.0,False,-7.0
2025-03-08,VMI Keydets,64.0,away,0.0,0.0,True,7.0
2025-03-08,Davidson Wildcats,61.0,home,0.0,0.0,False,-3.0
2025-03-08,St. Bonaventure Bonnies,64.0,away,0.0,0.0,True,3.0
2025-03-08,Oklahoma State Cowboys,78.0,home,0.0,0.0,True,11.0
2025-03-08,Cincinnati Bearcats,67.0,away,0.0,0.0,False,-11.0
2025-03-08,Vermont Catamounts,64.0,home,0.0,0.0,True,7.0
2025-03-08,New Hampshire Wildcats,57.0,away,0.0,0.0,False,-7.0
2025-03-08,Campbell Fighting Camels,62.0,home,0.0,0.0,False,-17.0
2025-03-08,Delaware Blue Hens,79.0,away,0.0,0.0,True,17.0
2025-03-08,Mississippi Valley State Delta Devils,62.0,home,0.0,0.0,False,-4.0
2025-03-08,Jackson State Tigers,66.0,away,0.0,0.0,True,4.0
2025-03-08,Sam Houston Bearkats,76.0,home,0.0,0.0,True,7.0
2025-03-08,New Mexico State Aggies,69.0,away,0.0,0.0,False,-7.0
2025-03-08,Indiana Hoosiers,66.0,home,0.0,0.0,True,6.0
2025-03-08,Ohio State Buckeyes,60.0,away,0.0,0.0,False,-6.0
2025-03-08,Bryant Bulldogs,85.0,home,0.0,0.0,True,11.0
2025-03-08,UMBC Retrievers,74.0,away,0.0,0.0,False,-11.0
2025-03-08,Middle Tennessee Blue Raiders,78.0,home,0.0,0.0,True,22.0
2025-03-08,Florida International Panthers,56.0,away,0.0,0.0,False,-22.0
2025-03-08,Western Kentucky Hilltoppers,61.0,home,0.0,0.0,False,-29.0
2025-03-08,Liberty Flames,90.0,away,0.0,0.0,True,29.0
2025-03-08,Louisiana Tech Bulldogs,76.0,home,0.0,0.0,True,18.0
2025-03-08,UTEP Miners,58.0,away,0.0,0.0,False,-18.0
2025-03-08,Jacksonville State Gamecocks,70.0,home,0.0,0.0,False,-4.0
2025-03-08,Kennesaw State Owls,74.0,away,0.0,0.0,True,4.0
2025-03-08,Drake Bulldogs,57.0,home,0.0,0.0,True,7.0
2025-03-08,Belmont Bruins,50.0,away,0.0,0.0,False,-7.0
2025-03-08,Xavier Musketeers,76.0,home,0.0,0.0,True,8.0
2025-03-08,Providence Friars,68.0,away,0.0,0.0,False,-8.0
2025-03-08,Notre Dame Fighting Irish,112.0,home,0.0,0.0,True,2.0
2025-03-08,California Golden Bears,110.0,away,0.0,0.0,False,-2.0
2025-03-08,Florida State Seminoles,76.0,home,0.0,0.0,True,7.0
2025-03-08,SMU Mustangs,69.0,away,0.0,0.0,False,-7.0
2025-03-08,Iona Gaels,90.0,home,0.0,0.0,True,2.0
2025-03-08,Sacred Heart Pioneers,88.0,away,0.0,0.0,False,-2.0
2025-03-08,Colorado Buffaloes,76.0,home,0.0,0.0,True,20.0
2025-03-08,TCU Horned Frogs,56.0,away,0.0,0.0,False,-20.0
2025-03-08,Mount St. Mary's Mountaineers,62.0,home,0.0,0.0,True,10.0
2025-03-08,Marist Red Foxes,52.0,away,0.0,0.0,False,-10.0
2025-03-08,Utah State Aggies,87.0,home,0.0,0.0,True,40.0
2025-03-08,Air Force Falcons,47.0,away,0.0,0.0,False,-40.0
2025-03-08,Abilene Christian Wildcats,82.0,home,0.0,0.0,True,1.0
2025-03-08,Grand Canyon Lopes,81.0,away,0.0,0.0,False,-1.0
2025-03-08,San José State Spartans,92.0,home,0.0,0.0,True,24.0
2025-03-08,Fresno State Bulldogs,68.0,away,0.0,0.0,False,-24.0
2025-03-08,West Virginia Mountaineers,72.0,home,0.0,0.0,True,7.0
2025-03-08,UCF Knights,65.0,away,0.0,0.0,False,-7.0
2025-03-08,Northeastern Huskies,65.0,home,0.0,0.0,False,-5.0
2025-03-08,Hampton Pirates,70.0,away,0.0,0.0,True,5.0
2025-03-08,East Tennessee State Buccaneers,60.0,home,0.0,0.0,False,-12.0
2025-03-08,Wofford Terriers,72.0,away,0.0,0.0,True,12.0
2025-03-08,Prairie View A&M Panthers,68.0,home,0.0,0.0,False,-12.0
2025-03-08,Texas Southern Tigers,80.0,away,0.0,0.0,True,12.0
2025-03-08,Creighton Bluejays,87.0,home,0.0,0.0,True,13.0
2025-03-08,Butler Bulldogs,74.0,away,0.0,0.0,False,-13.0
2025-03-08,Bethune-Cookman Wildcats,76.0,home,0.0,0.0,True,1.0
2025-03-08,Florida A&M Rattlers,75.0,away,0.0,0.0,False,-1.0
2025-03-08,Arkansas State Red Wolves,77.0,home,0.0,0.0,True,3.0
2025-03-08,Marshall Thundering Herd,74.0,away,0.0,0.0,False,-3.0
2025-03-08,Pittsburgh Panthers,93.0,home,0.0,0.0,True,26.0
2025-03-08,Boston College Eagles,67.0,away,0.0,0.0,False,-26.0
2025-03-08,Bradley Braves,70.0,home,0.0,0.0,True,5.0
2025-03-08,Valparaiso Beacons,65.0,away,0.0,0.0,False,-5.0
2025-03-08,Maine Black Bears,72.0,home,0.0,0.0,True,8.0
2025-03-08,UMass Lowell River Hawks,64.0,away,0.0,0.0,False,-8.0
2025-03-09,Weber State Wildcats,83.0,home,0.0,0.0,True,13.0
2025-03-09,Sacramento State Hornets,70.0,away,0.0,0.0,False,-13.0
2025-03-08,Grambling Tigers,47.0,home,0.0,0.0,False,-12.0
2025-03-08,Alabama State Hornets,59.0,away,0.0,0.0,True,12.0
2025-03-08,Richmond Spiders,60.0,home,0.0,0.0,False,-4.0
2025-03-08,George Mason Patriots,64.0,away,0.0,0.0,True,4.0
2025-03-09,Long Beach State Beach,69.0,home,0.0,0.0,False,-14.0
2025-03-09,Cal Poly Mustangs,83.0,away,0.0,0.0,True,14.0
2025-03-08,Arkansas-Pine Bluff Golden Lions,63.0,home,0.0,0.0,False,-2.0
2025-03-08,Alcorn State Braves,65.0,away,0.0,0.0,True,2.0
2025-03-08,Southern Jaguars,71.0,home,0.0,0.0,True,14.0
2025-03-08,Alabama A&M Bulldogs,57.0,away,0.0,0.0,False,-14.0
2025-03-09,Fairfield Stags,83.0,home,0.0,0.0,True,9.0
2025-03-09,Quinnipiac Bobcats,74.0,away,0.0,0.0,False,-9.0
2025-03-09,Omaha Mavericks,100.0,home,0.0,0.0,True,25.0
2025-03-09,South Dakota Coyotes,75.0,away,0.0,0.0,False,-25.0
2025-03-09,UAlbany Great Danes,69.0,home,0.0,0.0,True,3.0
2025-03-09,Binghamton Bearcats,66.0,away,0.0,0.0,False,-3.0
2025-03-09,Saint Louis Billikens,90.0,home,0.0,0.0,True,2.0
2025-03-09,Duquesne Dukes,88.0,away,0.0,0.0,False,-2.0
2025-03-09,Cal State Northridge Matadors,82.0,home,0.0,0.0,True,9.0
2025-03-09,Hawai'i Rainbow Warriors,73.0,away,0.0,0.0,False,-9.0
2025-03-09,Syracuse Orange,84.0,home,0.0,0.0,True,14.0
2025-03-09,Virginia Cavaliers,70.0,away,0.0,0.0,False,-14.0
2025-03-09,Monmouth Hawks,65.0,home,0.0,0.0,True,5.0
2025-03-09,Hofstra Pride,60.0,away,0.0,0.0,False,-5.0
2025-03-09,UCLA Bruins,90.0,home,0.0,0.0,True,27.0
2025-03-09,USC Trojans,63.0,away,0.0,0.0,False,-27.0
2025-03-09,Troy Trojans,75.0,home,0.0,0.0,True,16.0
2025-03-09,Old Dominion Monarchs,59.0,away,0.0,0.0,False,-16.0
2025-03-09,Tarleton State Texans,66.0,home,0.0,0.0,False,-5.0
2025-03-09,Utah Valley Wolverines,71.0,away,0.0,0.0,True,5.0
2025-03-09,Texas Longhorns,72.0,home,0.0,0.0,False,-4.0
2025-03-09,Oklahoma Sooners,76.0,away,0.0,0.0,True,4.0
2025-03-09,Samford Bulldogs,78.0,home,0.0,0.0,False,-17.0
2025-03-09,Furman Paladins,95.0,away,0.0,0.0,True,17.0
2025-03-09,California Baptist Lancers,70.0,home,0.0,0.0,True,2.0
2025-03-09,UT Arlington Mavericks,68.0,away,0.0,0.0,False,-2.0
2025-03-09,Oregon State Beavers,73.0,home,0.0,0.0,False,-4.0
2025-03-09,Pepperdine Waves,77.0,away,0.0,0.0,True,4.0
2025-03-09,UC Santa Barbara Gauchos,88.0,home,0.0,0.0,False,-9.0
2025-03-09,UC Irvine Anteaters,97.0,away,0.0,0.0,True,9.0
2025-03-09,Utah Tech Trailblazers,65.0,home,0.0,0.0,False,-5.0
2025-03-09,Seattle U Redhawks,70.0,away,0.0,0.0,True,5.0
2025-03-09,Northern Arizona Lumberjacks,66.0,home,0.0,0.0,True,13.0
2025-03-09,Eastern Washington Eagles,53.0,away,0.0,0.0,False,-13.0
2025-03-09,Cal State Fullerton Titans,59.0,home,0.0,0.0,False,-5.0
2025-03-09,UC Riverside Highlanders,64.0,away,0.0,0.0,True,5.0
2025-03-09,Southeast Missouri State Redhawks,48.0,home,0.0,0.0,False,-21.0
2025-03-09,SIU Edwardsville Cougars,69.0,away,0.0,0.0,True,21.0
2025-03-09,UC Davis Aggies,57.0,home,0.0,0.0,False,-11.0
2025-03-09,UC San Diego Tritons,68.0,away,0.0,0.0,True,11.0
2025-03-09,Washington State Cougars,94.0,home,0.0,0.0,True,17.0
2025-03-09,Loyola Marymount Lions,77.0,away,0.0,0.0,False,-17.0
2025-03-09,San Diego State Aztecs,80.0,home,0.0,0.0,True,19.0
2025-03-09,Nevada Wolf Pack,61.0,away,0.0,0.0,False,-19.0
2025-03-09,St. Thomas-Minnesota Tommies,85.0,home,0.0,0.0,True,16.0
2025-03-09,North Dakota Fighting Hawks,69.0,away,0.0,0.0,False,-16.0
2025-03-21,Iowa State Cyclones,82.0,home,0.0,0.0,True,27.0
2025-03-21,Lipscomb Bisons,55.0,away,0.0,0.0,False,-27.0
2025-03-21,Alabama Crimson Tide,90.0,home,0.0,0.0,True,9.0
2025-03-21,Robert Morris Colonials,81.0,away,0.0,0.0,False,-9.0
2025-03-21,Duke Blue Devils,93.0,home,0.0,0.0,True,44.0
2025-03-21,Mount St. Mary's Mountaineers,49.0,away,0.0,0.0,False,-44.0
2025-03-21,Florida Gators,95.0,home,0.0,0.0,True,26.0
2025-03-21,Norfolk State Spartans,69.0,away,0.0,0.0,False,-26.0
2025-03-22,Oregon Ducks,81.0,home,0.0,0.0,True,29.0
2025-03-22,Liberty Flames,52.0,away,0.0,0.0,False,-29.0
2025-03-21,Marquette Golden Eagles,66.0,home,0.0,0.0,False,-9.0
2025-03-21,New Mexico Lobos,75.0,away,0.0,0.0,True,9.0
2025-03-21,Memphis Tigers,70.0,home,0.0,0.0,False,-8.0
2025-03-21,Colorado State Rams,78.0,away,0.0,0.0,True,8.0
2025-03-21,Ole Miss Rebels,71.0,home,0.0,0.0,True,7.0
2025-03-21,North Carolina Tar Heels,64.0,away,0.0,0.0,False,-7.0
2025-03-21,Saint Mary's Gaels,59.0,home,0.0,0.0,True,3.0
2025-03-21,Vanderbilt Commodores,56.0,away,0.0,0.0,False,-3.0
2025-03-22,Illinois Fighting Illini,86.0,home,0.0,0.0,True,13.0
2025-03-22,Xavier Musketeers,73.0,away,0.0,0.0,False,-13.0
2025-03-21,Arizona Wildcats,93.0,home,0.0,0.0,True,28.0
2025-03-21,Akron Zips,65.0,away,0.0,0.0,False,-28.0
2025-03-21,Mississippi State Bulldogs,72.0,home,0.0,0.0,False,-3.0
2025-03-21,Baylor Bears,75.0,away,0.0,0.0,True,3.0
2025-03-22,Michigan State Spartans,87.0,home,0.0,0.0,True,25.0
2025-03-22,Bryant Bulldogs,62.0,away,0.0,0.0,False,-25.0
2025-03-21,Maryland Terrapins,81.0,home,0.0,0.0,True,32.0
2025-03-21,Grand Canyon Lopes,49.0,away,0.0,0.0,False,-32.0
2025-03-21,Kentucky Wildcats,76.0,home,0.0,0.0,True,19.0
2025-03-21,Troy Trojans,57.0,away,0.0,0.0,False,-19.0
2025-03-22,UConn Huskies,67.0,home,0.0,0.0,True,8.0
2025-03-22,Oklahoma Sooners,59.0,away,0.0,0.0,False,-8.0
2025-03-22,Texas Tech Red Raiders,77.0,home,0.0,0.0,True,13.0
2025-03-22,Drake Bulldogs,64.0,away,0.0,0.0,False,-13.0
2025-03-22,Texas A&M Aggies,79.0,home,0.0,0.0,False,-12.0
2025-03-22,Michigan Wolverines,91.0,away,0.0,0.0,True,12.0
2025-03-22,St. John's Red Storm,66.0,home,0.0,0.0,False,-9.0
2025-03-22,Arkansas Razorbacks,75.0,away,0.0,0.0,True,9.0
2025-03-22,Chattanooga Mocs,87.0,home,0.0,0.0,True,15.0
2025-03-22,Dayton Flyers,72.0,away,0.0,0.0,False,-15.0
2025-03-22,Purdue Boilermakers,76.0,home,0.0,0.0,True,14.0
2025-03-22,McNeese Cowboys,62.0,away,0.0,0.0,False,-14.0
2025-03-23,Wisconsin Badgers,89.0,home,0.0,0.0,False,-2.0
2025-03-23,BYU Cougars,91.0,away,0.0,0.0,True,2.0
2025-03-22,Auburn Tigers,82.0,home,0.0,0.0,True,12.0
2025-03-22,Creighton Bluejays,70.0,away,0.0,0.0,False,-12.0
2025-03-23,Houston Cougars,81.0,home,0.0,0.0,True,5.0
2025-03-23,Gonzaga Bulldogs,76.0,away,0.0,0.0,False,-5.0
2025-03-23,Tennessee Volunteers,67.0,home,0.0,0.0,True,9.0
2025-03-23,UCLA Bruins,58.0,away,0.0,0.0,False,-9.0
2025-03-22,George Mason Patriots,67.0,home,0.0,0.0,False,-8.0
2025-03-22,Bradley Braves,75.0,away,0.0,0.0,True,8.0
2025-03-23,Kentucky Wildcats,84.0,home,0.0,0.0,True,9.0
2025-03-23,Illinois Fighting Illini,75.0,away,0.0,0.0,False,-9.0
2025-03-23,San Francisco Dons,76.0,home,0.0,0.0,False,-1.0
2025-03-23,Loyola Chicago Ramblers,77.0,away,0.0,0.0,True,1.0
2025-03-24,Michigan State Spartans,71.0,home,0.0,0.0,True,8.0
2025-03-24,New Mexico Lobos,63.0,away,0.0,0.0,False,-8.0
2025-03-23,Incarnate Word Cardinals,92.0,home,0.0,0.0,True,7.0
2025-03-23,Manhattan Jaspers,85.0,away,0.0,0.0,False,-7.0
2025-03-23,Alabama Crimson Tide,80.0,home,0.0,0.0,True,14.0
2025-03-23,Saint Mary's Gaels,66.0,away,0.0,0.0,False,-14.0
2025-03-23,Florida Gators,77.0,home,0.0,0.0,True,2.0
2025-03-23,UConn Huskies,75.0,away,0.0,0.0,False,-2.0
2025-03-24,Santa Clara Broncos,84.0,home,0.0,0.0,False,-4.0
2025-03-24,UAB Blazers,88.0,away,0.0,0.0,True,4.0
2025-03-24,Stanford Cardinal,75.0,home,0.0,0.0,False,-2.0
2025-03-24,Kent State Golden Flashes,77.0,away,0.0,0.0,True,2.0
2025-03-23,SMU Mustangs,83.0,home,0.0,0.0,False,-2.0
2025-03-23,Oklahoma State Cowboys,85.0,away,0.0,0.0,True,2.0
2025-03-24,Iowa State Cyclones,78.0,home,0.0,0.0,False,-13.0
2025-03-24,Ole Miss Rebels,91.0,away,0.0,0.0,True,13.0
2025-03-23,Army Black Knights,83.0,home,0.0,0.0,True,5.0
2025-03-23,Elon Phoenix,78.0,away,0.0,0.0,False,-5.0
2025-03-23,North Texas Mean Green,65.0,home,0.0,0.0,True,2.0
2025-03-23,Arkansas State Red Wolves,63.0,away,0.0,0.0,False,-2.0
2025-03-23,Presbyterian Blue Hose,70.0,home,0.0,0.0,False,-8.0
2025-03-23,Illinois State Redbirds,78.0,away,0.0,0.0,True,8.0
2025-03-24,Arizona Wildcats,87.0,home,0.0,0.0,True,4.0
2025-03-24,Oregon Ducks,83.0,away,0.0,0.0,False,-4.0
2025-03-24,UC Irvine Anteaters,66.0,home,0.0,0.0,True,5.0
2025-03-24,Jacksonville State Gamecocks,61.0,away,0.0,0.0,False,-5.0
2025-03-23,Maryland Terrapins,72.0,home,0.0,0.0,True,1.0
2025-03-23,Colorado State Rams,71.0,away,0.0,0.0,False,-1.0
2025-03-23,Duke Blue Devils,89.0,home,0.0,0.0,True,23.0
2025-03-23,Baylor Bears,66.0,away,0.0,0.0,False,-23.0
2025-03-23,Northern Arizona Lumberjacks,78.0,home,0.0,0.0,False,-7.0
2025-03-23,Queens University Royals,85.0,away,0.0,0.0,True,7.0
2025-03-24,Florida Gulf Coast Eagles,68.0,home,0.0,0.0,True,3.0
2025-03-24,Army Black Knights,65.0,away,0.0,0.0,False,-3.0
2025-03-24,Cleveland State Vikings,88.0,home,0.0,0.0,True,15.0
2025-03-24,Queens University Royals,73.0,away,0.0,0.0,False,-15.0
2025-03-24,Jacksonville Dolphins,71.0,home,0.0,0.0,False,-16.0
2025-03-24,Incarnate Word Cardinals,87.0,away,0.0,0.0,True,16.0
2025-03-25,Incarnate Word Cardinals,73.0,home,0.0,0.0,False,-5.0
2025-03-25,Illinois State Redbirds,78.0,away,0.0,0.0,True,5.0
2025-03-25,Bradley Braves,65.0,home,0.0,0.0,False,-2.0
2025-03-25,Chattanooga Mocs,67.0,away,0.0,0.0,True,2.0
2025-03-26,Oklahoma State Cowboys,59.0,home,0.0,0.0,False,-2.0
2025-03-26,North Texas Mean Green,61.0,away,0.0,0.0,True,2.0
2025-03-26,Cleveland State Vikings,72.0,home,0.0,0.0,True,7.0
2025-03-26,Florida Gulf Coast Eagles,65.0,away,0.0,0.0,False,-7.0
2025-03-27,Florida Gators,87.0,home,0.0,0.0,True,16.0
2025-03-27,Maryland Terrapins,71.0,away,0.0,0.0,False,-16.0
2025-03-28,Texas Tech Red Raiders,85.0,home,0.0,0.0,True,2.0
2025-03-28,Arkansas Razorbacks,83.0,away,0.0,0.0,False,-2.0
2025-03-27,Alabama Crimson Tide,113.0,home,0.0,0.0,True,25.0
2025-03-27,BYU Cougars,88.0,away,0.0,0.0,False,-25.0
2025-03-28,Duke Blue Devils,100.0,home,0.0,0.0,True,7.0
2025-03-28,Arizona Wildcats,93.0,away,0.0,0.0,False,-7.0
2025-03-30,Duke Blue Devils,85.0,home,0.0,0.0,True,20.0
2025-03-30,Alabama Crimson Tide,65.0,away,0.0,0.0,False,-20.0
2025-03-29,Florida Gators,84.0,home,0.0,0.0,True,5.0
2025-03-29,Texas Tech Red Raiders,79.0,away,0.0,0.0,False,-5.0
2025-03-30,Houston Cougars,69.0,home,0.0,0.0,True,19.0
2025-03-30,Tennessee Volunteers,50.0,away,0.0,0.0,False,-19.0
2025-03-30,Auburn Tigers,70.0,home,0.0,0.0,True,6.0
2025-03-30,Michigan State Spartans,64.0,away,0.0,0.0,False,-6.0
2025-03-29,Auburn Tigers,78.0,home,0.0,0.0,True,13.0
2025-03-29,Michigan Wolverines,65.0,away,0.0,0.0,False,-13.0
2025-03-28,Tennessee Volunteers,78.0,home,0.0,0.0,True,13.0
2025-03-28,Kentucky Wildcats,65.0,away,0.0,0.0,False,-13.0
2025-03-29,Houston Cougars,62.0,home,0.0,0.0,True,2.0
2025-03-29,Purdue Boilermakers,60.0,away,0.0,0.0,False,-2.0
2025-03-28,Michigan State Spartans,73.0,home,0.0,0.0,True,3.0
2025-03-28,Ole Miss Rebels,70.0,away,0.0,0.0,False,-3.0
2025-03-26,Cleveland State Vikings,68.0,home,0.0,0.0,False,-11.0
2025-03-26,Illinois State Redbirds,79.0,away,0.0,0.0,True,11.0
2025-03-27,UC Irvine Anteaters,81.0,home,0.0,0.0,True,4.0
2025-03-27,UAB Blazers,77.0,away,0.0,0.0,False,-4.0
2025-03-26,Loyola Chicago Ramblers,72.0,home,0.0,0.0,True,10.0
2025-03-26,Kent State Golden Flashes,62.0,away,0.0,0.0,False,-10.0
2025-04-01,Arizona State Sun Devils,78.0,home,0.0,0.0,False,-8.0
2025-04-01,Nebraska Cornhuskers,86.0,away,0.0,0.0,True,8.0
2025-03-31,Butler Bulldogs,86.0,home,0.0,0.0,True,2.0
2025-03-31,Utah Utes,84.0,away,0.0,0.0,False,-2.0
2025-03-31,Boise State Broncos,89.0,home,0.0,0.0,True,30.0
2025-03-31,George Washington Revolutionaries,59.0,away,0.0,0.0,False,-30.0
2025-04-01,Washington State Cougars,82.0,home,0.0,0.0,False,-3.0
2025-04-01,Georgetown Hoyas,85.0,away,0.0,0.0,True,3.0
2025-04-02,Boise State Broncos,100.0,home,0.0,0.0,True,7.0
2025-04-02,Butler Bulldogs,93.0,away,0.0,0.0,False,-7.0
2025-04-03,Georgetown Hoyas,69.0,home,0.0,0.0,False,-12.0
2025-04-03,Nebraska Cornhuskers,81.0,away,0.0,0.0,True,12.0
2025-04-02,Loyola Chicago Ramblers,73.0,home,0.0,0.0,False,-7.0
2025-04-02,Chattanooga Mocs,80.0,away,0.0,0.0,True,7.0
2025-04-02,Colorado Buffaloes,64.0,home,0.0,0.0,False,-21.0
2025-04-02,Villanova Wildcats,85.0,away,0.0,0.0,True,21.0
2025-04-01,Cincinnati Bearcats,83.0,home,0.0,0.0,True,22.0
2025-04-01,DePaul Blue Demons,61.0,away,0.0,0.0,False,-22.0
2025-04-02,USC Trojans,89.0,home,0.0,0.0,True,29.0
2025-04-02,Tulane Green Wave,60.0,away,0.0,0.0,False,-29.0
2025-04-01,UCF Knights,76.0,home,0.0,0.0,True,1.0
2025-04-01,Oregon State Beavers,75.0,away,0.0,0.0,False,-1.0
2025-04-01,UC Irvine Anteaters,69.0,home,0.0,0.0,True,2.0
2025-04-01,North Texas Mean Green,67.0,away,0.0,0.0,False,-2.0
2025-04-04,USC Trojans,59.0,home,0.0,0.0,False,-1.0
2025-04-04,Villanova Wildcats,60.0,away,0.0,0.0,True,1.0
2025-04-04,UC Irvine Anteaters,84.0,home,0.0,0.0,False,-1.0
2025-04-04,Chattanooga Mocs,85.0,away,0.0,0.0,True,1.0
2025-04-03,Cincinnati Bearcats,80.0,home,0.0,0.0,False,-8.0
2025-04-03,UCF Knights,88.0,away,0.0,0.0,True,8.0
2025-04-06,UCF Knights,66.0,home,0.0,0.0,False,-11.0
2025-04-06,Nebraska Cornhuskers,77.0,away,0.0,0.0,True,11.0
2025-04-08,Houston Cougars,63.0,home,0.0,0.0,False,-2.0
2025-04-08,Florida Gators,65.0,away,0.0,0.0,True,2.0
2025-04-06,Duke Blue Devils,67.0,home,0.0,0.0,False,-3.0
2025-04-06,Houston Cougars,70.0,away,0.0,0.0,True,3.0
2025-04-05,Auburn Tigers,73.0,home,0.0,0.0,False,-6.0
2025-04-05,Florida Gators,79.0,away,0.0,0.0,True,6.0
2025-04-05,Villanova Wildcats,98.0,home,0.0,0.0,False,-6.0
2025-04-05,UCF Knights,104.0,away,0.0,0.0,True,6.0
2025-04-05,Nebraska Cornhuskers,79.0,home,0.0,0.0,True,10.0
2025-04-05,Boise State Broncos,69.0,away,0.0,0.0,False,-10.0
