DATE,TEAM,POINTS,HOME_AWAY,WIN_PROB,PRED_SPREAD,WON,ACTUAL_SPREAD
2023-11-08,Ball State Cardinals,101.0,home,0.0,0.0,True,61.0
2023-11-08,Goshen Maple Leafs,40.0,away,0.0,0.0,False,-61.0
2023-11-08,Texas A&M-Corpus Christi Islanders,111.0,home,0.0,0.0,True,65.0
2023-11-08,Southwestern Adventist Knights,46.0,away,0.0,0.0,False,-65.0
2023-11-08,Kennesaw State Owls,93.0,home,0.0,0.0,True,47.0
2023-11-08,Oakwood Ambassadors,46.0,away,0.0,0.0,False,-47.0
2023-11-08,Creighton Bluejays,105.0,home,0.0,0.0,True,51.0
2023-11-08,Florida A&M Rattlers,54.0,away,0.0,0.0,False,-51.0
2023-11-08,Western Carolina Catamounts,106.0,home,0.0,0.0,True,41.0
2023-11-08,Dalton State Roadrunners,65.0,away,0.0,0.0,False,-41.0
2023-11-08,Rice Owls,101.0,home,0.0,0.0,True,44.0
2023-11-08,St. Thomas (TX) Celts,57.0,away,0.0,0.0,False,-44.0
2023-11-07,Indiana Hoosiers,69.0,home,0.0,0.0,True,6.0
2023-11-07,Florida Gulf Coast Eagles,63.0,away,0.0,0.0,False,-6.0
2023-11-08,North Texas Mean Green,83.0,home,0.0,0.0,True,6.0
2023-11-08,Northern Iowa Panthers,77.0,away,0.0,0.0,False,-6.0
2023-11-08,Eastern Kentucky Colonels,108.0,home,0.0,0.0,True,36.0
2023-11-08,WVU Tech Golden Bears,72.0,away,0.0,0.0,False,-36.0
2023-11-08,St. John's Red Storm,90.0,home,0.0,0.0,True,16.0
2023-11-08,Stony Brook Seawolves,74.0,away,0.0,0.0,False,-16.0
2023-11-08,Baylor Bears,88.0,home,0.0,0.0,True,6.0
2023-11-08,Auburn Tigers,82.0,away,0.0,0.0,False,-6.0
2023-11-08,Iowa Hawkeyes,110.0,home,0.0,0.0,True,42.0
2023-11-08,North Dakota Fighting Hawks,68.0,away,0.0,0.0,False,-42.0
2023-11-07,La Salle Explorers,67.0,home,0.0,0.0,True,6.0
2023-11-07,Drexel Dragons,61.0,away,0.0,0.0,False,-6.0
2023-11-08,Maryland Terrapins,68.0,home,0.0,0.0,True,15.0
2023-11-08,Mount St. Mary's Mountaineers,53.0,away,0.0,0.0,False,-15.0
2023-11-08,Georgetown Hoyas,94.0,home,0.0,0.0,True,37.0
2023-11-08,Le Moyne Dolphins,57.0,away,0.0,0.0,False,-37.0
2023-11-07,Jacksonville State Gamecocks,91.0,home,0.0,0.0,True,50.0
2023-11-07,Brescia Bearcats,41.0,away,0.0,0.0,False,-50.0
2023-11-08,Massachusetts Minutemen,92.0,home,0.0,0.0,True,21.0
2023-11-08,UAlbany Great Danes,71.0,away,0.0,0.0,False,-21.0
2023-11-07,App State Mountaineers,87.0,home,0.0,0.0,True,38.0
2023-11-07,Oakland City Mighty Oaks,49.0,away,0.0,0.0,False,-38.0
2023-11-08,Wyoming Cowboys,104.0,home,0.0,0.0,True,48.0
2023-11-08,Northern New Mexico Eagles,56.0,away,0.0,0.0,False,-48.0
2023-11-08,Vanderbilt Commodores,62.0,home,0.0,0.0,False,-6.0
2023-11-08,Presbyterian Blue Hose,68.0,away,0.0,0.0,True,6.0
2023-11-08,UC Riverside Highlanders,76.0,home,0.0,0.0,True,7.0
2023-11-08,UC Merced Bobcats,69.0,away,0.0,0.0,False,-7.0
2023-11-08,Weber State Wildcats,96.0,home,0.0,0.0,True,34.0
2023-11-08,Benedictine (AZ) Redhawks,62.0,away,0.0,0.0,False,-34.0
2023-11-08,San José State Spartans,72.0,home,0.0,0.0,True,8.0
2023-11-08,UC Irvine Anteaters,64.0,away,0.0,0.0,False,-8.0
2023-11-08,DePaul Blue Demons,74.0,home,0.0,0.0,False,-8.0
2023-11-08,Purdue Fort Wayne Mastodons,82.0,away,0.0,0.0,True,8.0
2023-11-08,Michigan Wolverines,99.0,home,0.0,0.0,True,25.0
2023-11-08,UNC Asheville Bulldogs,74.0,away,0.0,0.0,False,-25.0
2023-11-08,Nevada Wolf Pack,77.0,home,0.0,0.0,True,14.0
2023-11-08,Sacramento State Hornets,63.0,away,0.0,0.0,False,-14.0
2023-11-08,Boise State Broncos,89.0,home,0.0,0.0,True,34.0
2023-11-08,Vanguard Lions,55.0,away,0.0,0.0,False,-34.0
2023-11-08,Montana Grizzlies,107.0,home,0.0,0.0,True,48.0
2023-11-08,Northwest Indian RedHawks,59.0,away,0.0,0.0,False,-48.0
2023-11-08,Loyola Marymount Lions,109.0,home,0.0,0.0,True,41.0
2023-11-08,Westcliff Warriors,68.0,away,0.0,0.0,False,-41.0
2023-11-08,Bryant Bulldogs,140.0,home,0.0,0.0,True,61.0
2023-11-08,Fisher College Eagles,79.0,away,0.0,0.0,False,-61.0
2023-11-09,Ohio Bobcats,88.0,home,0.0,0.0,True,18.0
2023-11-09,Troy Trojans,70.0,away,0.0,0.0,False,-18.0
2023-11-09,SMU Mustangs,90.0,home,0.0,0.0,True,37.0
2023-11-09,Western Illinois Leathernecks,53.0,away,0.0,0.0,False,-37.0
2023-11-09,New Hampshire Wildcats,115.0,home,0.0,0.0,True,77.0
2023-11-09,Curry College Colonels,38.0,away,0.0,0.0,False,-77.0
2023-11-09,Fairleigh Dickinson Knights,107.0,home,0.0,0.0,True,44.0
2023-11-09,Penn State (Brandywine) Lions,63.0,away,0.0,0.0,False,-44.0
2023-11-09,Loyola Chicago Ramblers,62.0,home,0.0,0.0,False,-13.0
2023-11-09,Florida Atlantic Owls,75.0,away,0.0,0.0,True,13.0
2023-11-09,Northern Colorado Bears,81.0,home,0.0,0.0,True,21.0
2023-11-09,Northern New Mexico Eagles,60.0,away,0.0,0.0,False,-21.0
2023-11-09,Morehead State Eagles,96.0,home,0.0,0.0,True,56.0
2023-11-09,Shawnee State Bears,40.0,away,0.0,0.0,False,-56.0
2023-11-09,Cornell Big Red,107.0,home,0.0,0.0,True,21.0
2023-11-09,SUNY Morrisville Mustangs,86.0,away,0.0,0.0,False,-21.0
2023-11-08,Maine Black Bears,111.0,home,0.0,0.0,True,52.0
2023-11-08,Maine-Presque Isle Owls,59.0,away,0.0,0.0,False,-52.0
2023-11-09,North Dakota State Bison,93.0,home,0.0,0.0,True,27.0
2023-11-09,Mount Marty College Lancers,66.0,away,0.0,0.0,False,-27.0
2023-11-09,Syracuse Orange,89.0,home,0.0,0.0,True,12.0
2023-11-09,Canisius Golden Griffins,77.0,away,0.0,0.0,False,-12.0
2023-11-08,Winthrop Eagles,98.0,home,0.0,0.0,True,54.0
2023-11-08,Brevard Tornados,44.0,away,0.0,0.0,False,-54.0
2023-11-09,Cleveland State Vikings,102.0,home,0.0,0.0,True,61.0
2023-11-09,Defiance Yellow Jackets,41.0,away,0.0,0.0,False,-61.0
2023-11-09,Alcorn State Braves,70.0,home,0.0,0.0,True,8.0
2023-11-09,Xavier (LA) Gold Nuggets,62.0,away,0.0,0.0,False,-8.0
2023-11-09,Texas Tech Red Raiders,73.0,home,0.0,0.0,True,27.0
2023-11-09,East Texas A&M Lions,46.0,away,0.0,0.0,False,-27.0
2023-11-09,Saint Louis Billikens,102.0,home,0.0,0.0,True,36.0
2023-11-09,Lincoln (MO) Blue Tigers,66.0,away,0.0,0.0,False,-36.0
2023-11-09,Delaware Blue Hens,101.0,home,0.0,0.0,True,33.0
2023-11-09,Goldey-Beacom Lightning,68.0,away,0.0,0.0,False,-33.0
2023-11-09,Drake Bulldogs,85.0,home,0.0,0.0,True,15.0
2023-11-09,Lipscomb Bisons,70.0,away,0.0,0.0,False,-15.0
2023-11-09,Pennsylvania Quakers,80.0,home,0.0,0.0,True,19.0
2023-11-09,Bucknell Bison,61.0,away,0.0,0.0,False,-19.0
2023-11-09,South Dakota State Jackrabbits,83.0,home,0.0,0.0,True,28.0
2023-11-09,Dakota Wesleyan Tigers,55.0,away,0.0,0.0,False,-28.0
2023-11-09,San Diego Toreros,87.0,home,0.0,0.0,True,26.0
2023-11-09,Jackson State Tigers,61.0,away,0.0,0.0,False,-26.0
2023-11-09,Santa Clara Broncos,77.0,home,0.0,0.0,True,8.0
2023-11-09,Utah Tech Trailblazers,69.0,away,0.0,0.0,False,-8.0
2023-11-09,Eastern Illinois Panthers,91.0,home,0.0,0.0,True,46.0
2023-11-09,Monmouth (IL) Fighting Scots,45.0,away,0.0,0.0,False,-46.0
2023-11-09,Mississippi State Bulldogs,71.0,home,0.0,0.0,True,15.0
2023-11-09,Arizona State Sun Devils,56.0,away,0.0,0.0,False,-15.0
2023-11-09,New Mexico State Aggies,84.0,home,0.0,0.0,True,35.0
2023-11-09,Sul Ross State Lobos,49.0,away,0.0,0.0,False,-35.0
2023-11-09,Portland Pilots,89.0,home,0.0,0.0,True,17.0
2023-11-09,Lewis & Clark Pioneers,72.0,away,0.0,0.0,False,-17.0
2023-11-09,UNLV Rebels,71.0,home,0.0,0.0,False,-14.0
2023-11-09,Southern Jaguars,85.0,away,0.0,0.0,True,14.0
2023-11-09,Seattle U Redhawks,71.0,home,0.0,0.0,True,11.0
2023-11-09,Prairie View A&M Panthers,60.0,away,0.0,0.0,False,-11.0
2023-11-13,Youngstown State Penguins,99.0,home,0.0,0.0,True,28.0
2023-11-13,Ohio Christian Trailblazers,71.0,away,0.0,0.0,False,-28.0
2023-11-13,St. John's Red Storm,73.0,home,0.0,0.0,False,-16.0
2023-11-13,Michigan Wolverines,89.0,away,0.0,0.0,True,16.0
2023-11-14,Le Moyne Dolphins,105.0,home,0.0,0.0,True,59.0
2023-11-14,SUNY-Canton Roos,46.0,away,0.0,0.0,False,-59.0
2023-11-14,Duquesne Dukes,85.0,home,0.0,0.0,True,22.0
2023-11-14,Stony Brook Seawolves,63.0,away,0.0,0.0,False,-22.0
2023-11-14,UT Martin Skyhawks,90.0,home,0.0,0.0,True,18.0
2023-11-14,Brescia Bearcats,72.0,away,0.0,0.0,False,-18.0
2023-11-14,Central Connecticut Blue Devils,99.0,home,0.0,0.0,True,57.0
2023-11-14,Framingham State Rams,42.0,away,0.0,0.0,False,-57.0
2023-11-14,Presbyterian Blue Hose,71.0,home,0.0,0.0,True,7.0
2023-11-14,The Citadel Bulldogs,64.0,away,0.0,0.0,False,-7.0
2023-11-14,South Carolina State Bulldogs,87.0,home,0.0,0.0,True,10.0
2023-11-14,North Florida Ospreys,77.0,away,0.0,0.0,False,-10.0
2023-11-14,Miami Hurricanes,86.0,home,0.0,0.0,True,6.0
2023-11-14,Florida International Panthers,80.0,away,0.0,0.0,False,-6.0
2023-11-14,Arizona Wildcats,97.0,home,0.0,0.0,True,38.0
2023-11-14,Southern Jaguars,59.0,away,0.0,0.0,False,-38.0
2023-11-14,Houston Cougars,79.0,home,0.0,0.0,True,31.0
2023-11-14,Stetson Hatters,48.0,away,0.0,0.0,False,-31.0
2023-11-14,Purdue Boilermakers,83.0,home,0.0,0.0,True,12.0
2023-11-14,Xavier Musketeers,71.0,away,0.0,0.0,False,-12.0
2023-11-14,Pennsylvania Quakers,76.0,home,0.0,0.0,True,4.0
2023-11-14,Villanova Wildcats,72.0,away,0.0,0.0,False,-4.0
2023-11-14,Louisiana Tech Bulldogs,100.0,home,0.0,0.0,True,57.0
2023-11-14,Lyon Scots,43.0,away,0.0,0.0,False,-57.0
2023-11-14,American University Eagles,78.0,home,0.0,0.0,True,20.0
2023-11-14,Siena Saints,58.0,away,0.0,0.0,False,-20.0
2023-11-14,Charleston Southern Buccaneers,102.0,home,0.0,0.0,True,41.0
2023-11-14,Johnson & Wales (NC) JOHNSON & WALES-CHARLOTTE,61.0,away,0.0,0.0,False,-41.0
2023-11-14,Arkansas Razorbacks,86.0,home,0.0,0.0,True,9.0
2023-11-14,Old Dominion Monarchs,77.0,away,0.0,0.0,False,-9.0
2023-11-14,Butler Bulldogs,81.0,home,0.0,0.0,True,34.0
2023-11-14,East Tennessee State Buccaneers,47.0,away,0.0,0.0,False,-34.0
2023-11-14,Norfolk State Spartans,75.0,home,0.0,0.0,True,7.0
2023-11-14,Hampton Pirates,68.0,away,0.0,0.0,False,-7.0
2023-11-14,Florida State Seminoles,94.0,home,0.0,0.0,True,27.0
2023-11-14,Central Michigan Chippewas,67.0,away,0.0,0.0,False,-27.0
2023-11-14,Pittsburgh Panthers,86.0,home,0.0,0.0,True,12.0
2023-11-14,Florida Gulf Coast Eagles,74.0,away,0.0,0.0,False,-12.0
2023-11-14,Middle Tennessee Blue Raiders,64.0,home,0.0,0.0,False,-2.0
2023-11-14,Western Carolina Catamounts,66.0,away,0.0,0.0,True,2.0
2023-11-14,South Carolina Gamecocks,74.0,home,0.0,0.0,True,10.0
2023-11-14,VMI Keydets,64.0,away,0.0,0.0,False,-10.0
2023-11-14,Northern Illinois Huskies,107.0,home,0.0,0.0,True,52.0
2023-11-14,Illinois Tech Scarlet Hawks,55.0,away,0.0,0.0,False,-52.0
2023-11-14,Fairfield Stags,92.0,home,0.0,0.0,True,47.0
2023-11-14,Mount Saint Mary (NY) Knights,45.0,away,0.0,0.0,False,-47.0
2023-11-14,UC San Diego Tritons,116.0,home,0.0,0.0,True,59.0
2023-11-14,La Verne Leopards,57.0,away,0.0,0.0,False,-59.0
2023-11-14,Missouri State Bears,84.0,home,0.0,0.0,True,15.0
2023-11-14,Oral Roberts Golden Eagles,69.0,away,0.0,0.0,False,-15.0
2023-11-14,Massachusetts Minutemen,102.0,home,0.0,0.0,True,21.0
2023-11-14,Quinnipiac Bobcats,81.0,away,0.0,0.0,False,-21.0
2023-11-14,Central Arkansas Bears,83.0,home,0.0,0.0,False,-2.0
2023-11-14,Arkansas-Pine Bluff Golden Lions,85.0,away,0.0,0.0,True,2.0
2023-11-14,UTEP Miners,89.0,home,0.0,0.0,True,13.0
2023-11-14,UC Santa Barbara Gauchos,76.0,away,0.0,0.0,False,-13.0
2023-11-14,Missouri Tigers,68.0,home,0.0,0.0,True,18.0
2023-11-14,SIU Edwardsville Cougars,50.0,away,0.0,0.0,False,-18.0
2023-11-14,Northwestern State Demons,70.0,home,0.0,0.0,False,-26.0
2023-11-14,Stephen F. Austin Lumberjacks,96.0,away,0.0,0.0,True,26.0
2023-11-14,Pepperdine Waves,88.0,home,0.0,0.0,True,35.0
2023-11-14,Long Island University Sharks,53.0,away,0.0,0.0,False,-35.0
2023-11-14,Kansas State Wildcats,91.0,home,0.0,0.0,True,23.0
2023-11-14,South Dakota State Jackrabbits,68.0,away,0.0,0.0,False,-23.0
2023-11-14,Lindenwood Lions,83.0,home,0.0,0.0,True,31.0
2023-11-14,Hannibal-Lagrange Trojans,52.0,away,0.0,0.0,False,-31.0
2023-11-14,Texas A&M-Corpus Christi Islanders,104.0,home,0.0,0.0,True,59.0
2023-11-14,Dallas Christian Crusaders,45.0,away,0.0,0.0,False,-59.0
2023-11-14,McNeese Cowboys,110.0,home,0.0,0.0,True,64.0
2023-11-14,Champion Christian Tigers,46.0,away,0.0,0.0,False,-64.0
2023-11-14,Nebraska Cornhuskers,64.0,home,0.0,0.0,True,14.0
2023-11-14,Rider Broncs,50.0,away,0.0,0.0,False,-14.0
2023-11-14,California Golden Bears,83.0,home,0.0,0.0,True,20.0
2023-11-14,Cal State Bakersfield Roadrunners,63.0,away,0.0,0.0,False,-20.0
2023-11-10,USC Trojans,85.0,home,0.0,0.0,True,26.0
2023-11-10,Cal State Bakersfield Roadrunners,59.0,away,0.0,0.0,False,-26.0
2023-11-10,Tulane Green Wave,88.0,home,0.0,0.0,True,17.0
2023-11-10,Northwestern State Demons,71.0,away,0.0,0.0,False,-17.0
2023-11-09,Baylor Bears,96.0,home,0.0,0.0,True,26.0
2023-11-09,John Brown Golden Eagles,70.0,away,0.0,0.0,False,-26.0
2023-11-10,Hampton Pirates,109.0,home,0.0,0.0,True,63.0
2023-11-10,Mid-Atlantic Christian Mustangs,46.0,away,0.0,0.0,False,-63.0
2023-11-09,UC Davis Aggies,79.0,home,0.0,0.0,True,1.0
2023-11-09,Pepperdine Waves,78.0,away,0.0,0.0,False,-1.0
2023-11-10,Michigan State Spartans,74.0,home,0.0,0.0,True,23.0
2023-11-10,Southern Indiana Screaming Eagles,51.0,away,0.0,0.0,False,-23.0
2023-11-10,Green Bay Phoenix,72.0,home,0.0,0.0,True,16.0
2023-11-10,St. Francis (IL) Fighting Saints,56.0,away,0.0,0.0,False,-16.0
2023-11-10,Stonehill Skyhawks,57.0,home,0.0,0.0,True,13.0
2023-11-10,Army Black Knights,44.0,away,0.0,0.0,False,-13.0
2023-11-10,Purdue Fort Wayne Mastodons,130.0,home,0.0,0.0,True,96.0
2023-11-10,Andrews University Cardinals,34.0,away,0.0,0.0,False,-96.0
2023-11-10,William & Mary Tribe,75.0,home,0.0,0.0,True,19.0
2023-11-10,American University Eagles,56.0,away,0.0,0.0,False,-19.0
2023-11-10,Florida International Panthers,65.0,home,0.0,0.0,False,-17.0
2023-11-10,Tarleton State Texans,82.0,away,0.0,0.0,True,17.0
2023-11-10,Charleston Southern Buccaneers,70.0,home,0.0,0.0,False,-11.0
2023-11-10,North Florida Ospreys,81.0,away,0.0,0.0,True,11.0
2023-11-10,Wagner Seahawks,83.0,home,0.0,0.0,True,35.0
2023-11-10,Molloy Lions,48.0,away,0.0,0.0,False,-35.0
2023-11-10,Saint Mary's Gaels,72.0,home,0.0,0.0,True,14.0
2023-11-10,New Mexico Lobos,58.0,away,0.0,0.0,False,-14.0
2023-11-10,Elon Phoenix,79.0,home,0.0,0.0,True,3.0
2023-11-10,East Tennessee State Buccaneers,76.0,away,0.0,0.0,False,-3.0
2023-11-10,North Carolina Central Eagles,107.0,home,0.0,0.0,True,53.0
2023-11-10,Virginia-Lynchburg Dragons,54.0,away,0.0,0.0,False,-53.0
2023-11-10,Robert Morris Colonials,66.0,home,0.0,0.0,True,10.0
2023-11-10,Point Park Pioneers,56.0,away,0.0,0.0,False,-10.0
2023-11-09,Morgan State Bears,100.0,home,0.0,0.0,True,48.0
2023-11-09,Cheyney (PA) Wolves,52.0,away,0.0,0.0,False,-48.0
2023-11-10,Norfolk State Spartans,90.0,home,0.0,0.0,True,34.0
2023-11-10,Apprentice School Builders,56.0,away,0.0,0.0,False,-34.0
2023-11-10,Presbyterian Blue Hose,100.0,home,0.0,0.0,True,42.0
2023-11-10,Columbia International Rams,58.0,away,0.0,0.0,False,-42.0
2023-11-10,Merrimack Warriors,93.0,home,0.0,0.0,True,21.0
2023-11-10,Worcester State Lancers,72.0,away,0.0,0.0,False,-21.0
2023-11-10,Tennessee State Tigers,83.0,home,0.0,0.0,True,25.0
2023-11-10,Kentucky State Thorobreds,58.0,away,0.0,0.0,False,-25.0
2023-11-10,Chicago State Cougars,61.0,home,0.0,0.0,False,-5.0
2023-11-10,Mercer Bears,66.0,away,0.0,0.0,True,5.0
2023-11-10,South Florida Bulls,96.0,home,0.0,0.0,True,44.0
2023-11-10,South Carolina State Bulldogs,52.0,away,0.0,0.0,False,-44.0
2023-11-10,Arkansas-Pine Bluff Golden Lions,116.0,home,0.0,0.0,True,43.0
2023-11-10,Champion Christian Tigers,73.0,away,0.0,0.0,False,-43.0
2023-11-10,Rhode Island Rams,93.0,home,0.0,0.0,True,13.0
2023-11-10,Fairfield Stags,80.0,away,0.0,0.0,False,-13.0
2023-11-10,VMI Keydets,87.0,home,0.0,0.0,True,34.0
2023-11-10,Christendom Crusaders,53.0,away,0.0,0.0,False,-34.0
2023-11-10,Georgia Tech Yellow Jackets,88.0,home,0.0,0.0,True,3.0
2023-11-10,Howard Bison,85.0,away,0.0,0.0,False,-3.0
2023-11-10,Kent State Golden Flashes,108.0,home,0.0,0.0,False,-5.0
2023-11-10,James Madison Dukes,113.0,away,0.0,0.0,True,5.0
2023-11-10,Sam Houston Bearkats,73.0,home,0.0,0.0,False,-6.0
2023-11-10,Utah Valley Wolverines,79.0,away,0.0,0.0,True,6.0
2023-11-10,Evansville Purple Aces,116.0,home,0.0,0.0,True,70.0
2023-11-10,Health Sciences & Pharmacy Eutectics,46.0,away,0.0,0.0,False,-70.0
2023-11-10,Middle Tennessee Blue Raiders,67.0,home,0.0,0.0,True,5.0
2023-11-10,Stephen F. Austin Lumberjacks,62.0,away,0.0,0.0,False,-5.0
2023-11-10,Wichita State Shockers,71.0,home,0.0,0.0,True,10.0
2023-11-10,Western Kentucky Hilltoppers,61.0,away,0.0,0.0,False,-10.0
2023-11-10,Coppin State Eagles,49.0,home,0.0,0.0,False,-21.0
2023-11-10,Towson Tigers,70.0,away,0.0,0.0,True,21.0
2023-11-10,Nebraska Cornhuskers,81.0,home,0.0,0.0,True,27.0
2023-11-10,Florida A&M Rattlers,54.0,away,0.0,0.0,False,-27.0
2023-11-10,Iowa State Cyclones,102.0,home,0.0,0.0,True,55.0
2023-11-10,Lindenwood Lions,47.0,away,0.0,0.0,False,-55.0
2023-11-10,TCU Horned Frogs,82.0,home,0.0,0.0,True,22.0
2023-11-10,Omaha Mavericks,60.0,away,0.0,0.0,False,-22.0
2023-11-10,SMU Mustangs,78.0,home,0.0,0.0,True,11.0
2023-11-10,Lamar Cardinals,67.0,away,0.0,0.0,False,-11.0
2023-11-10,North Alabama Lions,83.0,home,0.0,0.0,True,16.0
2023-11-10,Alabama A&M Bulldogs,67.0,away,0.0,0.0,False,-16.0
2023-11-10,SIU Edwardsville Cougars,92.0,home,0.0,0.0,True,25.0
2023-11-10,North Park Vikings,67.0,away,0.0,0.0,False,-25.0
2023-11-10,Idaho Vandals,73.0,home,0.0,0.0,False,-3.0
2023-11-10,Cal State Northridge Matadors,76.0,away,0.0,0.0,True,3.0
2023-11-10,Southern Utah Thunderbirds,108.0,home,0.0,0.0,True,35.0
2023-11-10,Life Pacific Warriors,73.0,away,0.0,0.0,False,-35.0
2023-11-10,Washington Huskies,75.0,home,0.0,0.0,True,8.0
2023-11-10,Northern Kentucky Norse,67.0,away,0.0,0.0,False,-8.0
2023-11-10,Denver Pioneers,97.0,home,0.0,0.0,True,21.0
2023-11-10,Cal Poly Mustangs,76.0,away,0.0,0.0,False,-21.0
2023-11-10,San Francisco Dons,84.0,home,0.0,0.0,True,32.0
2023-11-10,Saint Francis Red Flash,52.0,away,0.0,0.0,False,-32.0
2023-11-10,San José State Spartans,117.0,home,0.0,0.0,True,45.0
2023-11-10,Bethesda University Flames,72.0,away,0.0,0.0,False,-45.0
2023-11-10,UC Santa Barbara Gauchos,76.0,home,0.0,0.0,False,-6.0
2023-11-10,Portland State Vikings,82.0,away,0.0,0.0,True,6.0
2023-11-10,UTEP Miners,123.0,home,0.0,0.0,True,51.0
2023-11-10,Science & Arts (OK) Drovers,72.0,away,0.0,0.0,False,-51.0
2023-11-12,North Carolina Tar Heels,90.0,home,0.0,0.0,True,22.0
2023-11-12,Lehigh Mountain Hawks,68.0,away,0.0,0.0,False,-22.0
2023-11-12,Morgan State Bears,78.0,home,0.0,0.0,True,18.0
2023-11-12,Penn State - Wilkes-Barre Mountain Lions,60.0,away,0.0,0.0,False,-18.0
2023-11-12,Delaware Blue Hens,65.0,home,0.0,0.0,True,8.0
2023-11-12,Air Force Falcons,57.0,away,0.0,0.0,False,-8.0
2023-11-12,Oklahoma State Cowboys,85.0,home,0.0,0.0,True,15.0
2023-11-12,Sam Houston Bearkats,70.0,away,0.0,0.0,False,-15.0
2023-11-12,Pepperdine Waves,76.0,home,0.0,0.0,True,23.0
2023-11-12,Lafayette Leopards,53.0,away,0.0,0.0,False,-23.0
2023-11-12,Wichita State Shockers,95.0,home,0.0,0.0,True,30.0
2023-11-12,Friends University Falcons,65.0,away,0.0,0.0,False,-30.0
2023-11-12,Boise State Broncos,63.0,home,0.0,0.0,True,5.0
2023-11-12,San Francisco Dons,58.0,away,0.0,0.0,False,-5.0
2023-11-12,Baylor Bears,77.0,home,0.0,0.0,True,15.0
2023-11-12,Gardner-Webb Runnin' Bulldogs,62.0,away,0.0,0.0,False,-15.0
2023-11-13,Saint Mary's Gaels,57.0,home,0.0,0.0,False,-4.0
2023-11-13,Weber State Wildcats,61.0,away,0.0,0.0,True,4.0
2023-11-12,Texas Tech Red Raiders,56.0,home,0.0,0.0,True,14.0
2023-11-12,San José State Spartans,42.0,away,0.0,0.0,False,-14.0
2023-11-12,Iowa State Cyclones,86.0,home,0.0,0.0,True,31.0
2023-11-12,Idaho State Bengals,55.0,away,0.0,0.0,False,-31.0
2023-11-12,UAB Blazers,66.0,home,0.0,0.0,True,3.0
2023-11-12,Maryland Terrapins,63.0,away,0.0,0.0,False,-3.0
2023-11-12,North Dakota Fighting Hawks,85.0,home,0.0,0.0,True,17.0
2023-11-12,Elon Phoenix,68.0,away,0.0,0.0,False,-17.0
2023-11-12,South Carolina Upstate Spartans,106.0,home,0.0,0.0,True,58.0
2023-11-12,Carolina University Bruins,48.0,away,0.0,0.0,False,-58.0
2023-11-12,Cincinnati Bearcats,85.0,home,0.0,0.0,True,12.0
2023-11-12,Eastern Washington Eagles,73.0,away,0.0,0.0,False,-12.0
2023-11-12,Purdue Fort Wayne Mastodons,86.0,home,0.0,0.0,True,22.0
2023-11-12,East Texas A&M Lions,64.0,away,0.0,0.0,False,-22.0
2023-11-12,Clemson Tigers,68.0,home,0.0,0.0,True,3.0
2023-11-12,Davidson Wildcats,65.0,away,0.0,0.0,False,-3.0
2023-11-12,James Madison Dukes,107.0,home,0.0,0.0,True,21.0
2023-11-12,Howard Bison,86.0,away,0.0,0.0,False,-21.0
2023-11-12,Rutgers Scarlet Knights,66.0,home,0.0,0.0,True,9.0
2023-11-12,Bryant Bulldogs,57.0,away,0.0,0.0,False,-9.0
2023-11-12,Maine Black Bears,65.0,home,0.0,0.0,False,-6.0
2023-11-12,Merrimack Warriors,71.0,away,0.0,0.0,True,6.0
2023-11-12,Southern Indiana Screaming Eagles,67.0,home,0.0,0.0,False,-11.0
2023-11-12,Chicago State Cougars,78.0,away,0.0,0.0,True,11.0
2023-11-12,Georgia Bulldogs,64.0,home,0.0,0.0,True,10.0
2023-11-12,North Carolina Central Eagles,54.0,away,0.0,0.0,False,-10.0
2023-11-12,Portland State Vikings,70.0,home,0.0,0.0,True,17.0
2023-11-12,Linfield College Wildcats,53.0,away,0.0,0.0,False,-17.0
2023-11-12,Radford Highlanders,84.0,home,0.0,0.0,True,37.0
2023-11-12,Eastern Mennonite Royals,47.0,away,0.0,0.0,False,-37.0
2023-11-12,Western Illinois Leathernecks,94.0,home,0.0,0.0,True,35.0
2023-11-12,St. Ambrose Fighting Bees,59.0,away,0.0,0.0,False,-35.0
2023-11-12,St. Thomas-Minnesota Tommies,100.0,home,0.0,0.0,True,46.0
2023-11-12,North Central (MN) Rams,54.0,away,0.0,0.0,False,-46.0
2023-11-13,Montana Grizzlies,78.0,home,0.0,0.0,True,13.0
2023-11-13,UC Davis Aggies,65.0,away,0.0,0.0,False,-13.0
2023-11-13,Towson Tigers,66.0,home,0.0,0.0,True,4.0
2023-11-13,Robert Morris Colonials,62.0,away,0.0,0.0,False,-4.0
2023-11-12,Binghamton Bearcats,104.0,home,0.0,0.0,True,54.0
2023-11-12,Keystone Giants,50.0,away,0.0,0.0,False,-54.0
2023-11-13,Indiana Hoosiers,72.0,home,0.0,0.0,True,8.0
2023-11-13,Army Black Knights,64.0,away,0.0,0.0,False,-8.0
2023-11-12,Grand Canyon Lopes,89.0,home,0.0,0.0,True,34.0
2023-11-12,Northern Arizona Lumberjacks,55.0,away,0.0,0.0,False,-34.0
2023-11-13,Washington Huskies,76.0,home,0.0,0.0,False,-7.0
2023-11-13,Nevada Wolf Pack,83.0,away,0.0,0.0,True,7.0
2023-11-12,Columbia Lions,86.0,home,0.0,0.0,True,50.0
2023-11-12,Bard College BARD,36.0,away,0.0,0.0,False,-50.0
2023-11-12,Portland Pilots,76.0,home,0.0,0.0,True,11.0
2023-11-12,UC Riverside Highlanders,65.0,away,0.0,0.0,False,-11.0
2023-11-12,Loyola Marymount Lions,80.0,home,0.0,0.0,False,-3.0
2023-11-12,Yale Bulldogs,83.0,away,0.0,0.0,True,3.0
2023-11-11,Houston Cougars,82.0,home,0.0,0.0,True,32.0
2023-11-11,Texas A&M-Corpus Christi Islanders,50.0,away,0.0,0.0,False,-32.0
2023-11-11,Creighton Bluejays,89.0,home,0.0,0.0,True,29.0
2023-11-11,North Dakota State Bison,60.0,away,0.0,0.0,False,-29.0
2023-11-11,Wofford Terriers,99.0,home,0.0,0.0,True,1.0
2023-11-11,High Point Panthers,98.0,away,0.0,0.0,False,-1.0
2023-11-11,Western Michigan Broncos,70.0,home,0.0,0.0,False,-7.0
2023-11-11,Georgia State Panthers,77.0,away,0.0,0.0,True,7.0
2023-11-11,East Carolina Pirates,77.0,home,0.0,0.0,True,14.0
2023-11-11,Campbell Fighting Camels,63.0,away,0.0,0.0,False,-14.0
2023-11-11,Miami (OH) RedHawks,65.0,home,0.0,0.0,False,-10.0
2023-11-11,Texas State Bobcats,75.0,away,0.0,0.0,True,10.0
2023-11-11,George Washington Revolutionaries,95.0,home,0.0,0.0,True,6.0
2023-11-11,William & Mary Tribe,89.0,away,0.0,0.0,False,-6.0
2023-11-11,Brown Bears,75.0,home,0.0,0.0,False,-2.0
2023-11-11,Loyola Maryland Greyhounds,77.0,away,0.0,0.0,True,2.0
2023-11-11,Notre Dame Fighting Irish,61.0,home,0.0,0.0,False,-10.0
2023-11-11,Western Carolina Catamounts,71.0,away,0.0,0.0,True,10.0
2023-11-11,UConn Huskies,107.0,home,0.0,0.0,True,40.0
2023-11-11,Stonehill Skyhawks,67.0,away,0.0,0.0,False,-40.0
2023-11-11,Buffalo Bulls,56.0,home,0.0,0.0,False,-14.0
2023-11-11,South Alabama Jaguars,70.0,away,0.0,0.0,True,14.0
2023-11-11,Tulsa Golden Hurricane,85.0,home,0.0,0.0,True,14.0
2023-11-11,Incarnate Word Cardinals,71.0,away,0.0,0.0,False,-14.0
2023-11-11,UNC Asheville Bulldogs,66.0,home,0.0,0.0,False,-17.0
2023-11-11,UNC Wilmington Seahawks,83.0,away,0.0,0.0,True,17.0
2023-11-11,Ball State Cardinals,73.0,home,0.0,0.0,True,5.0
2023-11-11,Old Dominion Monarchs,68.0,away,0.0,0.0,False,-5.0
2023-11-11,Fordham Rams,73.0,home,0.0,0.0,False,-5.0
2023-11-11,Cornell Big Red,78.0,away,0.0,0.0,True,5.0
2023-11-11,Bowling Green Falcons,81.0,home,0.0,0.0,True,6.0
2023-11-11,Arkansas State Red Wolves,75.0,away,0.0,0.0,False,-6.0
2023-11-11,Eastern Michigan Eagles,70.0,home,0.0,0.0,True,10.0
2023-11-11,Georgia Southern Eagles,60.0,away,0.0,0.0,False,-10.0
2023-11-11,Longwood Lancers,95.0,home,0.0,0.0,True,52.0
2023-11-11,St. Mary's (MD) Seahawks,43.0,away,0.0,0.0,False,-52.0
2023-11-11,Maryland Eastern Shore Hawks,83.0,home,0.0,0.0,True,18.0
2023-11-11,Philadelphia Biblical University Highlanders,65.0,away,0.0,0.0,False,-18.0
2023-11-11,Central Michigan Chippewas,64.0,home,0.0,0.0,False,-10.0
2023-11-11,UL Monroe Warhawks,74.0,away,0.0,0.0,True,10.0
2023-11-11,La Salle Explorers,79.0,home,0.0,0.0,True,5.0
2023-11-11,Northeastern Huskies,74.0,away,0.0,0.0,False,-5.0
2023-11-11,Arizona State Sun Devils,63.0,home,0.0,0.0,True,11.0
2023-11-11,Texas Southern Tigers,52.0,away,0.0,0.0,False,-11.0
2023-11-11,Seton Hall Pirates,85.0,home,0.0,0.0,True,30.0
2023-11-11,Fairleigh Dickinson Knights,55.0,away,0.0,0.0,False,-30.0
2023-11-11,Jacksonville State Gamecocks,79.0,home,0.0,0.0,False,-2.0
2023-11-11,Utah Tech Trailblazers,81.0,away,0.0,0.0,True,2.0
2023-11-11,Mississippi State Bulldogs,87.0,home,0.0,0.0,True,24.0
2023-11-11,UT Martin Skyhawks,63.0,away,0.0,0.0,False,-24.0
2023-11-11,Mount St. Mary's Mountaineers,74.0,home,0.0,0.0,True,14.0
2023-11-11,Coppin State Eagles,60.0,away,0.0,0.0,False,-14.0
2023-11-11,UMBC Retrievers,59.0,home,0.0,0.0,False,-6.0
2023-11-11,Marist Red Foxes,65.0,away,0.0,0.0,True,6.0
2023-11-11,Cleveland State Vikings,82.0,home,0.0,0.0,True,4.0
2023-11-11,Ohio Bobcats,78.0,away,0.0,0.0,False,-4.0
2023-11-11,NJIT Highlanders,48.0,home,0.0,0.0,False,-27.0
2023-11-11,Saint Peter's Peacocks,75.0,away,0.0,0.0,True,27.0
2023-11-11,Winthrop Eagles,72.0,home,0.0,0.0,False,-2.0
2023-11-11,Drexel Dragons,74.0,away,0.0,0.0,True,2.0
2023-11-11,St. Bonaventure Bonnies,67.0,home,0.0,0.0,False,-3.0
2023-11-11,Canisius Golden Griffins,70.0,away,0.0,0.0,True,3.0
2023-11-11,UT Arlington Mavericks,95.0,home,0.0,0.0,True,31.0
2023-11-11,UT Tyler Patriots,64.0,away,0.0,0.0,False,-31.0
2023-11-12,Kent State Golden Flashes,79.0,home,0.0,0.0,True,10.0
2023-11-12,Fresno State Bulldogs,69.0,away,0.0,0.0,False,-10.0
2023-11-12,UNLV Rebels,71.0,home,0.0,0.0,True,16.0
2023-11-12,Stetson Hatters,55.0,away,0.0,0.0,False,-16.0
2023-11-11,Northern Illinois Huskies,91.0,home,0.0,0.0,True,13.0
2023-11-11,App State Mountaineers,78.0,away,0.0,0.0,False,-13.0
2023-11-11,Lipscomb Bisons,113.0,home,0.0,0.0,True,39.0
2023-11-11,Asbury Eagles,74.0,away,0.0,0.0,False,-39.0
2023-11-11,Seattle U Redhawks,71.0,home,0.0,0.0,True,3.0
2023-11-11,Montana State Bobcats,68.0,away,0.0,0.0,False,-3.0
2023-11-11,New Orleans Privateers,106.0,home,0.0,0.0,True,37.0
2023-11-11,Southern-New Orleans Knights,69.0,away,0.0,0.0,False,-37.0
2023-11-12,Vermont Catamounts,92.0,home,0.0,0.0,True,51.0
2023-11-12,Plattsburgh St Cardinals,41.0,away,0.0,0.0,False,-51.0
2023-11-11,Providence Friars,79.0,home,0.0,0.0,True,10.0
2023-11-11,Milwaukee Panthers,69.0,away,0.0,0.0,False,-10.0
2023-11-12,Niagara Purple Eagles,64.0,home,0.0,0.0,False,-9.0
2023-11-12,Bucknell Bison,73.0,away,0.0,0.0,True,9.0
2023-11-12,Toledo Rockets,87.0,home,0.0,0.0,True,9.0
2023-11-12,Louisiana Ragin' Cajuns,78.0,away,0.0,0.0,False,-9.0
2023-11-12,Loyola Chicago Ramblers,89.0,home,0.0,0.0,True,24.0
2023-11-12,Eastern Illinois Panthers,65.0,away,0.0,0.0,False,-24.0
2023-11-12,Santa Clara Broncos,82.0,home,0.0,0.0,True,23.0
2023-11-12,Saint Francis Red Flash,59.0,away,0.0,0.0,False,-23.0
2023-11-12,Columbia Lions,75.0,home,0.0,0.0,False,-3.0
2023-11-12,UAlbany Great Danes,78.0,away,0.0,0.0,True,3.0
2023-11-12,Kansas City Roos,95.0,home,0.0,0.0,True,53.0
2023-11-12,University Of Saint Mary,42.0,away,0.0,0.0,False,-53.0
2023-11-12,Arkansas-Pine Bluff Golden Lions,112.0,home,0.0,0.0,True,44.0
2023-11-12,Southwestern Christian Eagles,68.0,away,0.0,0.0,False,-44.0
2023-11-12,UC Irvine Anteaters,91.0,home,0.0,0.0,True,17.0
2023-11-12,New Mexico State Aggies,74.0,away,0.0,0.0,False,-17.0
2023-11-12,Tarleton State Texans,93.0,home,0.0,0.0,True,41.0
2023-11-12,UNT Dallas Trailblazers,52.0,away,0.0,0.0,False,-41.0
2023-11-12,Bradley Braves,72.0,home,0.0,0.0,True,6.0
2023-11-12,Utah State Aggies,66.0,away,0.0,0.0,False,-6.0
2023-11-12,Richmond Spiders,90.0,home,0.0,0.0,True,42.0
2023-11-12,Siena Saints,48.0,away,0.0,0.0,False,-42.0
2023-11-12,DePaul Blue Demons,73.0,home,0.0,0.0,False,-4.0
2023-11-12,Long Beach State Beach,77.0,away,0.0,0.0,True,4.0
2023-11-12,North Texas Mean Green,75.0,home,0.0,0.0,True,11.0
2023-11-12,Omaha Mavericks,64.0,away,0.0,0.0,False,-11.0
2023-11-12,Georgetown Hoyas,67.0,home,0.0,0.0,False,-1.0
2023-11-12,Holy Cross Crusaders,68.0,away,0.0,0.0,True,1.0
2023-11-12,Wyoming Cowboys,80.0,home,0.0,0.0,True,14.0
2023-11-12,Cal Poly Mustangs,66.0,away,0.0,0.0,False,-14.0
2023-11-12,Cal State Fullerton Titans,78.0,home,0.0,0.0,True,30.0
2023-11-12,La Sierra Golden Eagles,48.0,away,0.0,0.0,False,-30.0
2023-11-12,Saint Louis Billikens,80.0,home,0.0,0.0,True,9.0
2023-11-12,Illinois State Redbirds,71.0,away,0.0,0.0,False,-9.0
2023-11-12,UC San Diego Tritons,69.0,home,0.0,0.0,True,6.0
2023-11-12,San Diego Toreros,63.0,away,0.0,0.0,False,-6.0
2023-11-16,Dartmouth Big Green,79.0,home,0.0,0.0,True,18.0
2023-11-16,Westfield State Owls,61.0,away,0.0,0.0,False,-18.0
2023-11-16,Delaware State Hornets,67.0,home,0.0,0.0,False,-11.0
2023-11-16,Delaware Blue Hens,78.0,away,0.0,0.0,True,11.0
2023-11-16,Cleveland State Vikings,71.0,home,0.0,0.0,True,10.0
2023-11-16,Canisius Golden Griffins,61.0,away,0.0,0.0,False,-10.0
2023-11-16,East Carolina Pirates,81.0,home,0.0,0.0,False,-2.0
2023-11-16,South Carolina Upstate Spartans,83.0,away,0.0,0.0,True,2.0
2023-11-16,Columbia Lions,105.0,home,0.0,0.0,True,45.0
2023-11-16,SUNY Delhi Broncos,60.0,away,0.0,0.0,False,-45.0
2023-11-16,Duquesne Dukes,67.0,home,0.0,0.0,False,-3.0
2023-11-16,Princeton Tigers,70.0,away,0.0,0.0,True,3.0
2023-11-16,Ohio State Buckeyes,76.0,home,0.0,0.0,True,24.0
2023-11-16,Merrimack Warriors,52.0,away,0.0,0.0,False,-24.0
2023-11-16,Fairleigh Dickinson Knights,71.0,home,0.0,0.0,True,1.0
2023-11-16,Saint Peter's Peacocks,70.0,away,0.0,0.0,False,-1.0
2023-11-16,South Florida Bulls,63.0,home,0.0,0.0,False,-5.0
2023-11-16,Central Michigan Chippewas,68.0,away,0.0,0.0,True,5.0
2023-11-16,Kennesaw State Owls,101.0,home,0.0,0.0,True,46.0
2023-11-16,Keiser Seahawks,55.0,away,0.0,0.0,False,-46.0
2023-11-16,Texas Longhorns,80.0,home,0.0,0.0,True,16.0
2023-11-16,Rice Owls,64.0,away,0.0,0.0,False,-16.0
2023-11-16,Loyola Maryland Greyhounds,57.0,home,0.0,0.0,False,-6.0
2023-11-16,Binghamton Bearcats,63.0,away,0.0,0.0,True,6.0
2023-11-16,Boston College Eagles,68.0,home,0.0,0.0,True,7.0
2023-11-16,Richmond Spiders,61.0,away,0.0,0.0,False,-7.0
2023-11-15,Seton Hall Pirates,96.0,home,0.0,0.0,True,25.0
2023-11-15,UAlbany Great Danes,71.0,away,0.0,0.0,False,-25.0
2023-11-16,Nicholls Colonels,85.0,home,0.0,0.0,False,-6.0
2023-11-16,Denver Pioneers,91.0,away,0.0,0.0,True,6.0
2023-11-16,VCU Rams,73.0,home,0.0,0.0,True,23.0
2023-11-16,Radford Highlanders,50.0,away,0.0,0.0,False,-23.0
2023-11-16,Louisville Cardinals,61.0,home,0.0,0.0,True,20.0
2023-11-16,Coppin State Eagles,41.0,away,0.0,0.0,False,-20.0
2023-11-16,Charlotte 49ers,62.0,home,0.0,0.0,True,17.0
2023-11-16,Utah Valley Wolverines,45.0,away,0.0,0.0,False,-17.0
2023-11-15,Virginia Tech Hokies,60.0,home,0.0,0.0,True,16.0
2023-11-15,Campbell Fighting Camels,44.0,away,0.0,0.0,False,-16.0
2023-11-16,Buffalo Bulls,89.0,home,0.0,0.0,True,6.0
2023-11-16,Roberts Wesleyan Redhawks,83.0,away,0.0,0.0,False,-6.0
2023-11-16,Louisiana Ragin' Cajuns,107.0,home,0.0,0.0,True,51.0
2023-11-16,Louisiana Christian Wildcats,56.0,away,0.0,0.0,False,-51.0
2023-11-16,Nebraska Cornhuskers,84.0,home,0.0,0.0,True,21.0
2023-11-16,Stony Brook Seawolves,63.0,away,0.0,0.0,False,-21.0
2023-11-16,Southeast Missouri State Redhawks,57.0,home,0.0,0.0,False,-19.0
2023-11-16,Evansville Purple Aces,76.0,away,0.0,0.0,True,19.0
2023-11-16,Southern Miss Golden Eagles,76.0,home,0.0,0.0,True,31.0
2023-11-16,Xavier (LA) Gold Nuggets,45.0,away,0.0,0.0,False,-31.0
2023-11-16,Houston Christian Huskies,74.0,home,0.0,0.0,False,-9.0
2023-11-16,Florida International Panthers,83.0,away,0.0,0.0,True,9.0
2023-11-16,Illinois State Redbirds,69.0,home,0.0,0.0,True,8.0
2023-11-16,Eastern Illinois Panthers,61.0,away,0.0,0.0,False,-8.0
2023-11-16,Rutgers Scarlet Knights,71.0,home,0.0,0.0,True,11.0
2023-11-16,Georgetown Hoyas,60.0,away,0.0,0.0,False,-11.0
2023-11-16,Bethune-Cookman Wildcats,104.0,home,0.0,0.0,True,41.0
2023-11-16,Trinity College of Jacksonville Eagles,63.0,away,0.0,0.0,False,-41.0
2023-11-16,George Mason Patriots,90.0,home,0.0,0.0,True,7.0
2023-11-16,Cornell Big Red,83.0,away,0.0,0.0,False,-7.0
2023-11-16,Fresno State Bulldogs,87.0,home,0.0,0.0,True,19.0
2023-11-16,Morgan State Bears,68.0,away,0.0,0.0,False,-19.0
2023-11-16,East Texas A&M Lions,113.0,home,0.0,0.0,True,50.0
2023-11-16,Science & Arts (OK) Drovers,63.0,away,0.0,0.0,False,-50.0
2023-11-16,Maryland Eastern Shore Hawks,61.0,home,0.0,0.0,False,-19.0
2023-11-16,Longwood Lancers,80.0,away,0.0,0.0,True,19.0
2023-11-16,BYU Cougars,105.0,home,0.0,0.0,True,57.0
2023-11-16,SE Louisiana Lions,48.0,away,0.0,0.0,False,-57.0
2023-11-16,Seattle U Redhawks,60.0,home,0.0,0.0,False,-2.0
2023-11-16,Northern Arizona Lumberjacks,62.0,away,0.0,0.0,True,2.0
2023-11-16,UCLA Bruins,78.0,home,0.0,0.0,True,20.0
2023-11-16,Long Island University Sharks,58.0,away,0.0,0.0,False,-20.0
2023-11-16,Nevada Wolf Pack,88.0,home,0.0,0.0,True,49.0
2023-11-16,Pacific Tigers,39.0,away,0.0,0.0,False,-49.0
2023-11-16,Portland Pilots,65.0,home,0.0,0.0,False,-10.0
2023-11-16,Tennessee State Tigers,75.0,away,0.0,0.0,True,10.0
2023-11-11,Purdue Boilermakers,87.0,home,0.0,0.0,True,30.0
2023-11-11,Morehead State Eagles,57.0,away,0.0,0.0,False,-30.0
2023-11-11,Arkansas Razorbacks,86.0,home,0.0,0.0,True,18.0
2023-11-11,Gardner-Webb Runnin' Bulldogs,68.0,away,0.0,0.0,False,-18.0
2023-11-11,Ohio State Buckeyes,66.0,home,0.0,0.0,False,-7.0
2023-11-11,Texas A&M Aggies,73.0,away,0.0,0.0,True,7.0
2023-11-11,Wisconsin Badgers,70.0,home,0.0,0.0,False,-10.0
2023-11-11,Tennessee Volunteers,80.0,away,0.0,0.0,True,10.0
2023-11-11,BYU Cougars,74.0,home,0.0,0.0,True,9.0
2023-11-11,San Diego State Aztecs,65.0,away,0.0,0.0,False,-9.0
2023-11-11,Duke Blue Devils,73.0,home,0.0,0.0,False,-5.0
2023-11-11,Arizona Wildcats,78.0,away,0.0,0.0,True,5.0
2023-11-11,Kansas Jayhawks,99.0,home,0.0,0.0,True,38.0
2023-11-11,Manhattan Jaspers,61.0,away,0.0,0.0,False,-38.0
2023-11-10,McNeese Cowboys,96.0,home,0.0,0.0,True,41.0
2023-11-10,College Of Biblical Studies Ambassadors,55.0,away,0.0,0.0,False,-41.0
2023-11-10,Florida State Seminoles,94.0,home,0.0,0.0,True,27.0
2023-11-10,Kennesaw State Owls,67.0,away,0.0,0.0,False,-27.0
2023-11-10,Quinnipiac Bobcats,74.0,home,0.0,0.0,True,4.0
2023-11-10,Central Connecticut Blue Devils,70.0,away,0.0,0.0,False,-4.0
2023-11-11,Gonzaga Bulldogs,86.0,home,0.0,0.0,True,15.0
2023-11-11,Yale Bulldogs,71.0,away,0.0,0.0,False,-15.0
2023-11-11,Miami Hurricanes,88.0,home,0.0,0.0,True,16.0
2023-11-11,UCF Knights,72.0,away,0.0,0.0,False,-16.0
2023-11-11,Marquette Golden Eagles,95.0,home,0.0,0.0,True,30.0
2023-11-11,Rider Broncs,65.0,away,0.0,0.0,False,-30.0
2023-11-10,Charlotte 49ers,59.0,home,0.0,0.0,False,-12.0
2023-11-10,Liberty Flames,71.0,away,0.0,0.0,True,12.0
2023-11-11,Texas Longhorns,86.0,home,0.0,0.0,True,27.0
2023-11-11,Delaware State Hornets,59.0,away,0.0,0.0,False,-27.0
2023-11-10,Villanova Wildcats,83.0,home,0.0,0.0,True,26.0
2023-11-10,Le Moyne Dolphins,57.0,away,0.0,0.0,False,-26.0
2023-11-10,Long Island University Sharks,67.0,home,0.0,0.0,False,-15.0
2023-11-10,Air Force Falcons,82.0,away,0.0,0.0,True,15.0
2023-11-11,Illinois Fighting Illini,64.0,home,0.0,0.0,True,11.0
2023-11-11,Oakland Golden Grizzlies,53.0,away,0.0,0.0,False,-11.0
2023-11-11,Kentucky Wildcats,81.0,home,0.0,0.0,True,20.0
2023-11-11,East Texas A&M Lions,61.0,away,0.0,0.0,False,-20.0
2023-11-11,Alabama Crimson Tide,102.0,home,0.0,0.0,True,22.0
2023-11-11,Indiana State Sycamores,80.0,away,0.0,0.0,False,-22.0
2023-11-10,Xavier Musketeers,79.0,home,0.0,0.0,True,23.0
2023-11-10,Jacksonville Dolphins,56.0,away,0.0,0.0,False,-23.0
2023-11-10,Stony Brook Seawolves,91.0,home,0.0,0.0,True,41.0
2023-11-10,Saint Josephs Long Island Golden Eagles,50.0,away,0.0,0.0,False,-41.0
2023-11-11,Louisville Cardinals,71.0,home,0.0,0.0,False,-10.0
2023-11-11,Chattanooga Mocs,81.0,away,0.0,0.0,True,10.0
2023-11-11,The Citadel Bulldogs,71.0,home,0.0,0.0,False,-4.0
2023-11-11,Boston College Eagles,75.0,away,0.0,0.0,True,4.0
2023-11-10,Dartmouth Big Green,48.0,home,0.0,0.0,False,-33.0
2023-11-10,UMass Lowell River Hawks,81.0,away,0.0,0.0,True,33.0
2023-11-11,Florida Gulf Coast Eagles,80.0,home,0.0,0.0,True,9.0
2023-11-11,Ave Maria Gyrenes,71.0,away,0.0,0.0,False,-9.0
2023-11-11,Rutgers Scarlet Knights,69.0,home,0.0,0.0,True,24.0
2023-11-11,Boston University Terriers,45.0,away,0.0,0.0,False,-24.0
2023-11-10,Duquesne Dukes,90.0,home,0.0,0.0,True,18.0
2023-11-10,Charleston Cougars,72.0,away,0.0,0.0,False,-18.0
2023-11-11,NC State Wolfpack,84.0,home,0.0,0.0,True,20.0
2023-11-11,Abilene Christian Wildcats,64.0,away,0.0,0.0,False,-20.0
2023-11-11,Davidson Wildcats,64.0,home,0.0,0.0,True,3.0
2023-11-11,Maryland Terrapins,61.0,away,0.0,0.0,False,-3.0
2023-11-11,Vanderbilt Commodores,74.0,home,0.0,0.0,True,7.0
2023-11-11,South Carolina Upstate Spartans,67.0,away,0.0,0.0,False,-7.0
2023-11-10,Michigan Wolverines,92.0,home,0.0,0.0,True,30.0
2023-11-10,Youngstown State Penguins,62.0,away,0.0,0.0,False,-30.0
2023-11-11,Eastern Kentucky Colonels,133.0,home,0.0,0.0,True,58.0
2023-11-11,Wilberforce Bulldogs,75.0,away,0.0,0.0,False,-58.0
2023-11-10,Saint Joseph's Hawks,69.0,home,0.0,0.0,True,8.0
2023-11-10,Pennsylvania Quakers,61.0,away,0.0,0.0,False,-8.0
2023-11-11,Oregon State Beavers,81.0,home,0.0,0.0,True,1.0
2023-11-11,Troy Trojans,80.0,away,0.0,0.0,False,-1.0
2023-11-11,Hofstra Pride,67.0,home,0.0,0.0,False,-7.0
2023-11-11,Princeton Tigers,74.0,away,0.0,0.0,True,7.0
2023-11-11,George Mason Patriots,67.0,home,0.0,0.0,True,22.0
2023-11-11,Austin Peay Governors,45.0,away,0.0,0.0,False,-22.0
2023-11-11,Cincinnati Bearcats,93.0,home,0.0,0.0,True,32.0
2023-11-11,Detroit Mercy Titans,61.0,away,0.0,0.0,False,-32.0
2023-11-11,Radford Highlanders,66.0,home,0.0,0.0,True,4.0
2023-11-11,Marshall Thundering Herd,62.0,away,0.0,0.0,False,-4.0
2023-11-11,UNC Greensboro Spartans,94.0,home,0.0,0.0,True,16.0
2023-11-11,North Carolina A&T Aggies,78.0,away,0.0,0.0,False,-16.0
2023-11-11,Georgia Bulldogs,80.0,home,0.0,0.0,True,3.0
2023-11-11,Wake Forest Demon Deacons,77.0,away,0.0,0.0,False,-3.0
2023-11-11,Furman Paladins,99.0,home,0.0,0.0,True,23.0
2023-11-11,Belmont Bruins,76.0,away,0.0,0.0,False,-23.0
2023-11-11,Florida Gators,70.0,home,0.0,0.0,False,-3.0
2023-11-11,Virginia Cavaliers,73.0,away,0.0,0.0,True,3.0
2023-11-11,VCU Rams,75.0,home,0.0,0.0,True,10.0
2023-11-11,Samford Bulldogs,65.0,away,0.0,0.0,False,-10.0
2023-11-11,Iona Gaels,88.0,home,0.0,0.0,True,7.0
2023-11-11,Sacred Heart Pioneers,81.0,away,0.0,0.0,False,-7.0
2023-11-11,Pittsburgh Panthers,89.0,home,0.0,0.0,True,29.0
2023-11-11,Binghamton Bearcats,60.0,away,0.0,0.0,False,-29.0
2023-11-11,Bethune-Cookman Wildcats,113.0,home,0.0,0.0,True,67.0
2023-11-11,Trinity (FL) Tigers,46.0,away,0.0,0.0,False,-67.0
2023-11-11,West Virginia Mountaineers,65.0,home,0.0,0.0,False,-8.0
2023-11-11,Monmouth Hawks,73.0,away,0.0,0.0,True,8.0
2023-11-11,Colorado Buffaloes,95.0,home,0.0,0.0,True,32.0
2023-11-11,Grambling Tigers,63.0,away,0.0,0.0,False,-32.0
2023-11-11,Oral Roberts Golden Eagles,74.0,home,0.0,0.0,True,5.0
2023-11-11,Mid-America Christian Evangels,69.0,away,0.0,0.0,False,-5.0
2023-11-11,Kansas State Wildcats,83.0,home,0.0,0.0,True,8.0
2023-11-11,Bellarmine Knights,75.0,away,0.0,0.0,False,-8.0
2023-11-11,Akron Zips,72.0,home,0.0,0.0,True,18.0
2023-11-11,Southern Miss Golden Eagles,54.0,away,0.0,0.0,False,-18.0
2023-11-11,Minnesota Golden Gophers,102.0,home,0.0,0.0,True,26.0
2023-11-11,UTSA Roadrunners,76.0,away,0.0,0.0,False,-26.0
2023-11-11,Central Arkansas Bears,82.0,home,0.0,0.0,True,43.0
2023-11-11,Hendrix College Warriors,39.0,away,0.0,0.0,False,-43.0
2023-11-11,Penn State Nittany Lions,74.0,home,0.0,0.0,True,9.0
2023-11-11,Lehigh Mountain Hawks,65.0,away,0.0,0.0,False,-9.0
2023-11-11,South Dakota Coyotes,100.0,home,0.0,0.0,True,21.0
2023-11-11,UT Rio Grande Valley Vaqueros,79.0,away,0.0,0.0,False,-21.0
2023-11-11,Iowa Hawkeyes,98.0,home,0.0,0.0,True,31.0
2023-11-11,Alabama State Hornets,67.0,away,0.0,0.0,False,-31.0
2023-11-11,Ole Miss Rebels,75.0,home,0.0,0.0,True,11.0
2023-11-11,Eastern Washington Eagles,64.0,away,0.0,0.0,False,-11.0
2023-11-11,Murray State Racers,78.0,home,0.0,0.0,True,6.0
2023-11-11,Tennessee Tech Golden Eagles,72.0,away,0.0,0.0,False,-6.0
2023-11-11,LSU Tigers,66.0,home,0.0,0.0,False,-2.0
2023-11-11,Nicholls Colonels,68.0,away,0.0,0.0,True,2.0
2023-11-11,Rice Owls,76.0,home,0.0,0.0,False,-13.0
2023-11-11,Harvard Crimson,89.0,away,0.0,0.0,True,13.0
2023-11-11,Southern Illinois Salukis,91.0,home,0.0,0.0,True,23.0
2023-11-11,Queens University Royals,68.0,away,0.0,0.0,False,-23.0
2023-11-11,Oklahoma Sooners,82.0,home,0.0,0.0,True,39.0
2023-11-11,Mississippi Valley State Delta Devils,43.0,away,0.0,0.0,False,-39.0
2023-11-11,St. Thomas-Minnesota Tommies,54.0,home,0.0,0.0,True,1.0
2023-11-11,Idaho State Bengals,53.0,away,0.0,0.0,False,-1.0
2023-11-11,UIC Flames,86.0,home,0.0,0.0,True,15.0
2023-11-11,Little Rock Trojans,71.0,away,0.0,0.0,False,-15.0
2023-11-11,Utah Utes,82.0,home,0.0,0.0,True,29.0
2023-11-11,UC Riverside Highlanders,53.0,away,0.0,0.0,False,-29.0
2023-11-11,UAB Blazers,76.0,home,0.0,0.0,False,-1.0
2023-11-11,Clemson Tigers,77.0,away,0.0,0.0,True,1.0
2023-11-11,Auburn Tigers,86.0,home,0.0,0.0,True,15.0
2023-11-11,SE Louisiana Lions,71.0,away,0.0,0.0,False,-15.0
2023-11-11,South Carolina Gamecocks,79.0,home,0.0,0.0,True,2.0
2023-11-11,Virginia Tech Hokies,77.0,away,0.0,0.0,False,-2.0
2023-11-11,Butler Bulldogs,91.0,home,0.0,0.0,True,35.0
2023-11-11,Southeast Missouri State Redhawks,56.0,away,0.0,0.0,False,-35.0
2023-11-11,Navy Midshipmen,68.0,home,0.0,0.0,False,-7.0
2023-11-11,Temple Owls,75.0,away,0.0,0.0,True,7.0
2023-11-11,Oregon Ducks,75.0,home,0.0,0.0,True,14.0
2023-11-11,Montana Grizzlies,61.0,away,0.0,0.0,False,-14.0
2023-11-11,Valparaiso Beacons,56.0,home,0.0,0.0,False,-10.0
2023-11-11,IU Indianapolis Jaguars,66.0,away,0.0,0.0,True,10.0
2023-11-11,Northwestern Wildcats,71.0,home,0.0,0.0,True,5.0
2023-11-11,Dayton Flyers,66.0,away,0.0,0.0,False,-5.0
2023-11-11,Colorado State Rams,105.0,home,0.0,0.0,True,28.0
2023-11-11,Wright State Raiders,77.0,away,0.0,0.0,False,-28.0
2023-11-11,Stanford Cardinal,91.0,home,0.0,0.0,True,18.0
2023-11-11,Sacramento State Hornets,73.0,away,0.0,0.0,False,-18.0
2023-11-11,Missouri Tigers,55.0,home,0.0,0.0,False,-15.0
2023-11-11,Memphis Tigers,70.0,away,0.0,0.0,True,15.0
2023-11-11,California Baptist Lancers,80.0,home,0.0,0.0,True,14.0
2023-11-11,Jackson State Tigers,66.0,away,0.0,0.0,False,-14.0
2023-11-11,Washington State Cougars,83.0,home,0.0,0.0,True,18.0
2023-11-11,Prairie View A&M Panthers,65.0,away,0.0,0.0,False,-18.0
2023-11-11,UCLA Bruins,68.0,home,0.0,0.0,True,18.0
2023-11-11,Lafayette Leopards,50.0,away,0.0,0.0,False,-18.0
2023-11-11,California Golden Bears,79.0,home,0.0,0.0,False,-8.0
2023-11-11,Pacific Tigers,87.0,away,0.0,0.0,True,8.0
2023-11-16,Cal State Bakersfield Roadrunners,77.0,home,0.0,0.0,True,33.0
2023-11-16,University of Saint Katherine Saint Katherine,44.0,away,0.0,0.0,False,-33.0
2023-11-16,SIU Edwardsville Cougars,77.0,home,0.0,0.0,True,3.0
2023-11-16,Denver Pioneers,74.0,away,0.0,0.0,False,-3.0
2023-11-16,LSU Tigers,67.0,home,0.0,0.0,False,-3.0
2023-11-16,Dayton Flyers,70.0,away,0.0,0.0,True,3.0
2023-11-16,Wyoming Cowboys,69.0,home,0.0,0.0,False,-10.0
2023-11-16,Saint Louis Billikens,79.0,away,0.0,0.0,True,10.0
2023-11-16,Coastal Carolina Chanticleers,77.0,home,0.0,0.0,False,-9.0
2023-11-16,Wichita State Shockers,86.0,away,0.0,0.0,True,9.0
2023-11-16,Maine Black Bears,78.0,home,0.0,0.0,True,13.0
2023-11-16,Northwestern State Demons,65.0,away,0.0,0.0,False,-13.0
2023-11-17,American University Eagles,87.0,home,0.0,0.0,True,14.0
2023-11-17,NJIT Highlanders,73.0,away,0.0,0.0,False,-14.0
2023-11-16,Air Force Falcons,76.0,home,0.0,0.0,True,18.0
2023-11-16,Lindenwood Lions,58.0,away,0.0,0.0,False,-18.0
2023-11-17,North Florida Ospreys,69.0,home,0.0,0.0,False,-12.0
2023-11-17,Presbyterian Blue Hose,81.0,away,0.0,0.0,True,12.0
2023-11-16,Towson Tigers,49.0,home,0.0,0.0,False,-16.0
2023-11-16,Houston Cougars,65.0,away,0.0,0.0,True,16.0
2023-11-16,North Texas Mean Green,52.0,home,0.0,0.0,False,-1.0
2023-11-16,St. John's Red Storm,53.0,away,0.0,0.0,True,1.0
2023-11-17,Boston University Terriers,95.0,home,0.0,0.0,True,16.0
2023-11-17,Bryant Bulldogs,79.0,away,0.0,0.0,False,-16.0
2023-11-16,Brown Bears,92.0,home,0.0,0.0,True,41.0
2023-11-16,Rhode Island College Anchormen,51.0,away,0.0,0.0,False,-41.0
2023-11-17,Tennessee Tech Golden Eagles,82.0,home,0.0,0.0,True,12.0
2023-11-17,Midway University Eagles,70.0,away,0.0,0.0,False,-12.0
2023-11-17,Manhattan Jaspers,79.0,home,0.0,0.0,True,12.0
2023-11-17,Felician Golden Falcons,67.0,away,0.0,0.0,False,-12.0
2023-11-17,Liberty Flames,88.0,home,0.0,0.0,True,14.0
2023-11-17,Furman Paladins,74.0,away,0.0,0.0,False,-14.0
2023-11-16,St. Bonaventure Bonnies,66.0,home,0.0,0.0,True,2.0
2023-11-16,Oklahoma State Cowboys,64.0,away,0.0,0.0,False,-2.0
2023-11-17,The Citadel Bulldogs,77.0,home,0.0,0.0,True,18.0
2023-11-17,North Greenville Crusaders,59.0,away,0.0,0.0,False,-18.0
2023-11-17,Lehigh Mountain Hawks,90.0,home,0.0,0.0,True,25.0
2023-11-17,SUNY-Oneonta Red Dragons,65.0,away,0.0,0.0,False,-25.0
2023-11-16,Vermont Catamounts,73.0,home,0.0,0.0,True,9.0
2023-11-16,Charleston Cougars,64.0,away,0.0,0.0,False,-9.0
2023-11-17,UL Monroe Warhawks,63.0,home,0.0,0.0,False,-10.0
2023-11-17,Louisiana Tech Bulldogs,73.0,away,0.0,0.0,True,10.0
2023-11-17,Indiana Hoosiers,89.0,home,0.0,0.0,True,9.0
2023-11-17,Wright State Raiders,80.0,away,0.0,0.0,False,-9.0
2023-11-17,Southern Illinois Salukis,71.0,home,0.0,0.0,True,16.0
2023-11-17,Chicago State Cougars,55.0,away,0.0,0.0,False,-16.0
2023-11-17,Tulsa Golden Hurricane,72.0,home,0.0,0.0,True,20.0
2023-11-17,Jackson State Tigers,52.0,away,0.0,0.0,False,-20.0
2023-11-17,UCF Knights,72.0,home,0.0,0.0,True,28.0
2023-11-17,Cal State Fullerton Titans,44.0,away,0.0,0.0,False,-28.0
2023-11-17,Virginia Cavaliers,62.0,home,0.0,0.0,True,29.0
2023-11-17,Texas Southern Tigers,33.0,away,0.0,0.0,False,-29.0
2023-11-17,Texas Tech Red Raiders,73.0,home,0.0,0.0,True,9.0
2023-11-17,Texas A&M-Corpus Christi Islanders,64.0,away,0.0,0.0,False,-9.0
2023-11-17,Wake Forest Demon Deacons,70.0,home,0.0,0.0,False,-7.0
2023-11-17,Utah Utes,77.0,away,0.0,0.0,True,7.0
2023-11-17,North Dakota Fighting Hawks,93.0,home,0.0,0.0,True,30.0
2023-11-17,Valley City,63.0,away,0.0,0.0,False,-30.0
2023-11-17,Minnesota Golden Gophers,68.0,home,0.0,0.0,False,-2.0
2023-11-17,Missouri Tigers,70.0,away,0.0,0.0,True,2.0
2023-11-17,New Mexico Lobos,82.0,home,0.0,0.0,True,2.0
2023-11-17,UT Arlington Mavericks,80.0,away,0.0,0.0,False,-2.0
2023-11-17,California Golden Bears,60.0,home,0.0,0.0,False,-3.0
2023-11-17,Montana State Bobcats,63.0,away,0.0,0.0,True,3.0
2023-11-17,Idaho State Bengals,85.0,home,0.0,0.0,True,34.0
2023-11-17,Northwest University Eagles,51.0,away,0.0,0.0,False,-34.0
2023-11-17,Notre Dame Fighting Irish,59.0,home,0.0,0.0,False,-24.0
2023-11-17,Auburn Tigers,83.0,away,0.0,0.0,True,24.0
2023-11-17,South Alabama Jaguars,97.0,home,0.0,0.0,False,-5.0
2023-11-17,Nicholls Colonels,102.0,away,0.0,0.0,True,5.0
2023-11-17,Omaha Mavericks,89.0,home,0.0,0.0,True,6.0
2023-11-17,William & Mary Tribe,83.0,away,0.0,0.0,False,-6.0
2023-11-17,Arizona State Sun Devils,71.0,home,0.0,0.0,True,2.0
2023-11-17,UMass Lowell River Hawks,69.0,away,0.0,0.0,False,-2.0
2023-11-17,Montana Grizzlies,69.0,home,0.0,0.0,False,-9.0
2023-11-17,North Dakota State Bison,78.0,away,0.0,0.0,True,9.0
2023-11-17,Hawai'i Rainbow Warriors,92.0,home,0.0,0.0,True,19.0
2023-11-17,Niagara Purple Eagles,73.0,away,0.0,0.0,False,-19.0
2023-11-17,UAB Blazers,80.0,home,0.0,0.0,True,3.0
2023-11-17,Alcorn State Braves,77.0,away,0.0,0.0,False,-3.0
2023-11-18,Sacred Heart Pioneers,66.0,home,0.0,0.0,True,15.0
2023-11-18,Loyola Maryland Greyhounds,51.0,away,0.0,0.0,False,-15.0
2023-11-18,Florida Atlantic Owls,52.0,home,0.0,0.0,False,-9.0
2023-11-18,Bryant Bulldogs,61.0,away,0.0,0.0,True,9.0
2023-11-18,George Washington Revolutionaries,79.0,home,0.0,0.0,True,12.0
2023-11-18,New Hampshire Wildcats,67.0,away,0.0,0.0,False,-12.0
2023-11-18,UNC Asheville Bulldogs,114.0,home,0.0,0.0,True,55.0
2023-11-18,Virginia-Lynchburg Dragons,59.0,away,0.0,0.0,False,-55.0
2023-11-18,La Salle Explorers,79.0,home,0.0,0.0,True,1.0
2023-11-18,Southern Indiana Screaming Eagles,78.0,away,0.0,0.0,False,-1.0
2023-11-18,Little Rock Trojans,93.0,home,0.0,0.0,False,-5.0
2023-11-18,Northern Illinois Huskies,98.0,away,0.0,0.0,True,5.0
2023-11-18,Lake Erie Storm,69.0,home,0.0,0.0,False,-12.0
2023-11-18,Utah Tech Trailblazers,81.0,away,0.0,0.0,True,12.0
2023-11-19,Creighton Bluejays,82.0,home,0.0,0.0,True,32.0
2023-11-19,Texas Southern Tigers,50.0,away,0.0,0.0,False,-32.0
2023-11-18,Georgetown Hoyas,83.0,home,0.0,0.0,True,11.0
2023-11-18,Mount St. Mary's Mountaineers,72.0,away,0.0,0.0,False,-11.0
2023-11-18,Eastern Michigan Eagles,69.0,home,0.0,0.0,True,7.0
2023-11-18,Cleveland State Vikings,62.0,away,0.0,0.0,False,-7.0
2023-11-18,Northwestern State Demons,75.0,home,0.0,0.0,False,-3.0
2023-11-18,Presbyterian Blue Hose,78.0,away,0.0,0.0,True,3.0
2023-11-18,Lipscomb Bisons,106.0,home,0.0,0.0,True,25.0
2023-11-18,Alabama A&M Bulldogs,81.0,away,0.0,0.0,False,-25.0
2023-11-18,Seton Hall Pirates,72.0,home,0.0,0.0,True,21.0
2023-11-18,Wagner Seahawks,51.0,away,0.0,0.0,False,-21.0
2023-11-18,Mississippi State Bulldogs,76.0,home,0.0,0.0,True,12.0
2023-11-18,Washington State Cougars,64.0,away,0.0,0.0,False,-12.0
2023-11-18,Minnesota Golden Gophers,67.0,home,0.0,0.0,True,14.0
2023-11-18,South Carolina Upstate Spartans,53.0,away,0.0,0.0,False,-14.0
2023-11-18,Temple Owls,73.0,home,0.0,0.0,False,-5.0
2023-11-18,Columbia Lions,78.0,away,0.0,0.0,True,5.0
2023-11-18,Northern Arizona Lumberjacks,78.0,home,0.0,0.0,True,9.0
2023-11-18,VMI Keydets,69.0,away,0.0,0.0,False,-9.0
2023-11-18,Fairleigh Dickinson Knights,124.0,home,0.0,0.0,True,58.0
2023-11-18,Penn State-Schuylkill Nittany Lions,66.0,away,0.0,0.0,False,-58.0
2023-11-18,Ohio Bobcats,71.0,home,0.0,0.0,True,19.0
2023-11-18,Detroit Mercy Titans,52.0,away,0.0,0.0,False,-19.0
2023-11-18,Evansville Purple Aces,74.0,home,0.0,0.0,True,24.0
2023-11-18,Ball State Cardinals,50.0,away,0.0,0.0,False,-24.0
2023-11-18,Monmouth Hawks,57.0,home,0.0,0.0,False,-25.0
2023-11-18,Princeton Tigers,82.0,away,0.0,0.0,True,25.0
2023-11-18,Longwood Lancers,73.0,home,0.0,0.0,True,7.0
2023-11-18,North Carolina Central Eagles,66.0,away,0.0,0.0,False,-7.0
2023-11-18,Maryland Eastern Shore Hawks,83.0,home,0.0,0.0,True,3.0
2023-11-18,Pennsylvania Quakers,80.0,away,0.0,0.0,False,-3.0
2023-11-18,Colgate Raiders,59.0,home,0.0,0.0,True,7.0
2023-11-18,Gardner-Webb Runnin' Bulldogs,52.0,away,0.0,0.0,False,-7.0
2023-11-18,Western Carolina Catamounts,76.0,home,0.0,0.0,True,2.0
2023-11-18,McNeese Cowboys,74.0,away,0.0,0.0,False,-2.0
2023-11-18,South Dakota Coyotes,81.0,home,0.0,0.0,False,-12.0
2023-11-18,Purdue Fort Wayne Mastodons,93.0,away,0.0,0.0,True,12.0
2023-11-18,Binghamton Bearcats,82.0,home,0.0,0.0,True,23.0
2023-11-18,Marist Red Foxes,59.0,away,0.0,0.0,False,-23.0
2023-11-18,Eastern Illinois Panthers,48.0,home,0.0,0.0,True,2.0
2023-11-18,Coppin State Eagles,46.0,away,0.0,0.0,False,-2.0
2023-11-18,VCU Rams,60.0,home,0.0,0.0,True,4.0
2023-11-18,Seattle U Redhawks,56.0,away,0.0,0.0,False,-4.0
2023-11-18,San José State Spartans,77.0,home,0.0,0.0,True,24.0
2023-11-18,Norfolk State Spartans,53.0,away,0.0,0.0,False,-24.0
2023-11-18,Rhode Island Rams,61.0,home,0.0,0.0,False,-11.0
2023-11-18,Northwestern Wildcats,72.0,away,0.0,0.0,True,11.0
2023-11-18,Boston College Eagles,73.0,home,0.0,0.0,True,9.0
2023-11-18,Harvard Crimson,64.0,away,0.0,0.0,False,-9.0
2023-11-18,Nebraska Cornhuskers,84.0,home,0.0,0.0,True,21.0
2023-11-18,Oregon State Beavers,63.0,away,0.0,0.0,False,-21.0
2023-11-18,IU Indianapolis Jaguars,61.0,home,0.0,0.0,False,-13.0
2023-11-18,Winthrop Eagles,74.0,away,0.0,0.0,True,13.0
2023-11-18,Loyola Chicago Ramblers,73.0,home,0.0,0.0,True,3.0
2023-11-18,New Orleans Privateers,70.0,away,0.0,0.0,False,-3.0
2023-11-18,Portland State Vikings,73.0,home,0.0,0.0,True,16.0
2023-11-18,Cal Poly Mustangs,57.0,away,0.0,0.0,False,-16.0
2023-11-18,Pacific Tigers,77.0,home,0.0,0.0,True,1.0
2023-11-18,Lamar Cardinals,76.0,away,0.0,0.0,False,-1.0
2023-11-18,North Florida Ospreys,67.0,home,0.0,0.0,True,9.0
2023-11-18,Maine Black Bears,58.0,away,0.0,0.0,False,-9.0
2023-11-18,Florida Gulf Coast Eagles,85.0,home,0.0,0.0,False,-7.0
2023-11-18,Hampton Pirates,92.0,away,0.0,0.0,True,7.0
2023-11-18,Rutgers Scarlet Knights,85.0,home,0.0,0.0,True,22.0
2023-11-18,Howard Bison,63.0,away,0.0,0.0,False,-22.0
2023-11-18,Fairfield Stags,63.0,home,0.0,0.0,False,-6.0
2023-11-18,Queens University Royals,69.0,away,0.0,0.0,True,6.0
2023-11-19,New Mexico State Aggies,76.0,home,0.0,0.0,True,5.0
2023-11-19,Northern Colorado Bears,71.0,away,0.0,0.0,False,-5.0
2023-11-19,Santa Clara Broncos,65.0,home,0.0,0.0,True,2.0
2023-11-19,SE Louisiana Lions,63.0,away,0.0,0.0,False,-2.0
2023-11-18,Middle Tennessee Blue Raiders,88.0,home,0.0,0.0,True,26.0
2023-11-18,Milligan Buffaloes,62.0,away,0.0,0.0,False,-26.0
2023-11-19,Holy Cross Crusaders,69.0,home,0.0,0.0,False,-14.0
2023-11-19,Elon Phoenix,83.0,away,0.0,0.0,True,14.0
2023-11-18,Weber State Wildcats,75.0,home,0.0,0.0,True,10.0
2023-11-18,Yale Bulldogs,65.0,away,0.0,0.0,False,-10.0
2023-11-19,UC San Diego Tritons,73.0,home,0.0,0.0,True,18.0
2023-11-19,Navy Midshipmen,55.0,away,0.0,0.0,False,-18.0
2023-11-19,BYU Cougars,93.0,home,0.0,0.0,True,43.0
2023-11-19,Morgan State Bears,50.0,away,0.0,0.0,False,-43.0
2023-11-19,Nevada Wolf Pack,108.0,home,0.0,0.0,True,25.0
2023-11-19,Portland Pilots,83.0,away,0.0,0.0,False,-25.0
2023-11-19,Arkansas-Pine Bluff Golden Lions,81.0,home,0.0,0.0,False,-19.0
2023-11-19,Incarnate Word Cardinals,100.0,away,0.0,0.0,True,19.0
2023-11-19,Western Kentucky Hilltoppers,95.0,home,0.0,0.0,True,20.0
2023-11-19,Kentucky State Thorobreds,75.0,away,0.0,0.0,False,-20.0
2023-11-19,North Alabama Lions,61.0,home,0.0,0.0,True,2.0
2023-11-19,Jacksonville State Gamecocks,59.0,away,0.0,0.0,False,-2.0
2023-11-19,California Baptist Lancers,66.0,home,0.0,0.0,True,4.0
2023-11-19,St. Thomas-Minnesota Tommies,62.0,away,0.0,0.0,False,-4.0
2023-11-15,Colorado Buffaloes,106.0,home,0.0,0.0,True,27.0
2023-11-15,Milwaukee Panthers,79.0,away,0.0,0.0,False,-27.0
2023-11-14,Tennessee Volunteers,82.0,home,0.0,0.0,True,21.0
2023-11-14,Wofford Terriers,61.0,away,0.0,0.0,False,-21.0
2023-11-15,SMU Mustangs,66.0,home,0.0,0.0,False,-13.0
2023-11-15,Texas A&M Aggies,79.0,away,0.0,0.0,True,13.0
2023-11-15,UConn Huskies,87.0,home,0.0,0.0,True,34.0
2023-11-15,Mississippi Valley State Delta Devils,53.0,away,0.0,0.0,False,-34.0
2023-11-14,UNC Asheville Bulldogs,117.0,home,0.0,0.0,True,63.0
2023-11-14,Carolina University Bruins,54.0,away,0.0,0.0,False,-63.0
2023-11-14,UMBC Retrievers,84.0,home,0.0,0.0,True,19.0
2023-11-14,Penn State-York Nittany Lions,65.0,away,0.0,0.0,False,-19.0
2023-11-15,Illinois Fighting Illini,64.0,home,0.0,0.0,False,-7.0
2023-11-15,Marquette Golden Eagles,71.0,away,0.0,0.0,True,7.0
2023-11-15,Creighton Bluejays,92.0,home,0.0,0.0,True,8.0
2023-11-15,Iowa Hawkeyes,84.0,away,0.0,0.0,False,-8.0
2023-11-14,UC Davis Aggies,68.0,home,0.0,0.0,True,15.0
2023-11-14,North Dakota State Bison,53.0,away,0.0,0.0,False,-15.0
2023-11-14,Incarnate Word Cardinals,104.0,home,0.0,0.0,True,41.0
2023-11-14,Schreiner Mountaineers,63.0,away,0.0,0.0,False,-41.0
2023-11-14,Providence Friars,72.0,home,0.0,0.0,True,13.0
2023-11-14,Wisconsin Badgers,59.0,away,0.0,0.0,False,-13.0
2023-11-15,Michigan State Spartans,65.0,home,0.0,0.0,False,-9.0
2023-11-15,Duke Blue Devils,74.0,away,0.0,0.0,True,9.0
2023-11-15,USC Trojans,60.0,home,0.0,0.0,False,-10.0
2023-11-15,UC Irvine Anteaters,70.0,away,0.0,0.0,True,10.0
2023-11-15,Alabama Crimson Tide,102.0,home,0.0,0.0,True,56.0
2023-11-15,South Alabama Jaguars,46.0,away,0.0,0.0,False,-56.0
2023-11-15,Kansas Jayhawks,89.0,home,0.0,0.0,True,5.0
2023-11-15,Kentucky Wildcats,84.0,away,0.0,0.0,False,-5.0
2023-11-15,Baylor Bears,99.0,home,0.0,0.0,True,38.0
2023-11-15,Kansas City Roos,61.0,away,0.0,0.0,False,-38.0
2023-11-15,Gonzaga Bulldogs,123.0,home,0.0,0.0,True,66.0
2023-11-15,Eastern Oregon Mountaineers,57.0,away,0.0,0.0,False,-66.0
2023-11-15,Florida Atlantic Owls,100.0,home,0.0,0.0,True,43.0
2023-11-15,Eastern Michigan Eagles,57.0,away,0.0,0.0,False,-43.0
2023-11-15,Grambling Tigers,113.0,home,0.0,0.0,True,40.0
2023-11-15,Champion Christian Tigers,73.0,away,0.0,0.0,False,-40.0
2023-11-14,La Salle Explorers,69.0,home,0.0,0.0,True,12.0
2023-11-14,Bucknell Bison,57.0,away,0.0,0.0,False,-12.0
2023-11-15,Northern Kentucky Norse,85.0,home,0.0,0.0,True,17.0
2023-11-15,Depauw Tigers,68.0,away,0.0,0.0,False,-17.0
2023-11-15,Chattanooga Mocs,72.0,home,0.0,0.0,True,8.0
2023-11-15,Bellarmine Knights,64.0,away,0.0,0.0,False,-8.0
2023-11-15,Morehead State Eagles,74.0,home,0.0,0.0,True,8.0
2023-11-15,Mercer Bears,66.0,away,0.0,0.0,False,-8.0
2023-11-15,UNC Wilmington Seahawks,116.0,home,0.0,0.0,True,36.0
2023-11-15,Columbia International Rams,80.0,away,0.0,0.0,False,-36.0
2023-11-15,Indiana State Sycamores,96.0,home,0.0,0.0,True,39.0
2023-11-15,IU Indianapolis Jaguars,57.0,away,0.0,0.0,False,-39.0
2023-11-15,Alabama State Hornets,115.0,home,0.0,0.0,True,64.0
2023-11-15,Oglethorpe Stormy Petrels,51.0,away,0.0,0.0,False,-64.0
2023-11-15,Jacksonville Dolphins,85.0,home,0.0,0.0,True,17.0
2023-11-15,Georgia Southern Eagles,68.0,away,0.0,0.0,False,-17.0
2023-11-15,Tennessee Tech Golden Eagles,65.0,home,0.0,0.0,False,-31.0
2023-11-15,Lipscomb Bisons,96.0,away,0.0,0.0,True,31.0
2023-11-15,Syracuse Orange,79.0,home,0.0,0.0,True,4.0
2023-11-15,Colgate Raiders,75.0,away,0.0,0.0,False,-4.0
2023-11-15,Oakland Golden Grizzlies,81.0,home,0.0,0.0,True,19.0
2023-11-15,Bowling Green Falcons,62.0,away,0.0,0.0,False,-19.0
2023-11-15,Wright State Raiders,77.0,home,0.0,0.0,False,-1.0
2023-11-15,Toledo Rockets,78.0,away,0.0,0.0,True,1.0
2023-11-15,North Carolina Central Eagles,113.0,home,0.0,0.0,True,63.0
2023-11-15,Mid-Atlantic Christian Mustangs,50.0,away,0.0,0.0,False,-63.0
2023-11-15,Drexel Dragons,64.0,home,0.0,0.0,False,-2.0
2023-11-15,Temple Owls,66.0,away,0.0,0.0,True,2.0
2023-11-15,Queens University Royals,74.0,home,0.0,0.0,True,2.0
2023-11-15,High Point Panthers,72.0,away,0.0,0.0,False,-2.0
2023-11-15,Holy Cross Crusaders,77.0,home,0.0,0.0,False,-7.0
2023-11-15,Sacred Heart Pioneers,84.0,away,0.0,0.0,True,7.0
2023-11-15,Ball State Cardinals,92.0,home,0.0,0.0,True,41.0
2023-11-15,Oakland City Mighty Oaks,51.0,away,0.0,0.0,False,-41.0
2023-11-15,George Washington Revolutionaries,71.0,home,0.0,0.0,True,11.0
2023-11-15,Hofstra Pride,60.0,away,0.0,0.0,False,-11.0
2023-11-15,Harvard Crimson,80.0,home,0.0,0.0,True,24.0
2023-11-15,Northeastern Huskies,56.0,away,0.0,0.0,False,-24.0
2023-11-15,Penn State Nittany Lions,83.0,home,0.0,0.0,True,30.0
2023-11-15,Saint Francis Red Flash,53.0,away,0.0,0.0,False,-30.0
2023-11-15,Rhode Island Rams,69.0,home,0.0,0.0,True,16.0
2023-11-15,Wagner Seahawks,53.0,away,0.0,0.0,False,-16.0
2023-11-15,Florida Gators,89.0,home,0.0,0.0,True,21.0
2023-11-15,Florida A&M Rattlers,68.0,away,0.0,0.0,False,-21.0
2023-11-15,Akron Zips,114.0,home,0.0,0.0,True,58.0
2023-11-15,Heidelberg Student Princes,56.0,away,0.0,0.0,False,-58.0
2023-11-15,Saint Joseph's Hawks,100.0,home,0.0,0.0,True,44.0
2023-11-15,Stonehill Skyhawks,56.0,away,0.0,0.0,False,-44.0
2023-11-15,Virginia Cavaliers,80.0,home,0.0,0.0,True,29.0
2023-11-15,North Carolina A&T Aggies,51.0,away,0.0,0.0,False,-29.0
2023-11-15,New Hampshire Wildcats,82.0,home,0.0,0.0,True,18.0
2023-11-15,Brown Bears,64.0,away,0.0,0.0,False,-18.0
2023-11-15,West Virginia Mountaineers,70.0,home,0.0,0.0,True,13.0
2023-11-15,Jacksonville State Gamecocks,57.0,away,0.0,0.0,False,-13.0
2023-11-15,Abilene Christian Wildcats,74.0,home,0.0,0.0,False,-5.0
2023-11-15,Prairie View A&M Panthers,79.0,away,0.0,0.0,True,5.0
2023-11-15,Georgia Tech Yellow Jackets,71.0,home,0.0,0.0,False,-3.0
2023-11-15,UMass Lowell River Hawks,74.0,away,0.0,0.0,True,3.0
2023-11-15,Belmont Bruins,93.0,home,0.0,0.0,True,34.0
2023-11-15,Berry Vikings,59.0,away,0.0,0.0,False,-34.0
2023-11-15,Howard Bison,64.0,home,0.0,0.0,True,11.0
2023-11-15,Boston University Terriers,53.0,away,0.0,0.0,False,-11.0
2023-11-15,Ole Miss Rebels,70.0,home,0.0,0.0,True,1.0
2023-11-15,Detroit Mercy Titans,69.0,away,0.0,0.0,False,-1.0
2023-11-15,Southern Indiana Screaming Eagles,68.0,home,0.0,0.0,True,3.0
2023-11-15,Tiffin Dragons,65.0,away,0.0,0.0,False,-3.0
2023-11-15,Mississippi State Bulldogs,81.0,home,0.0,0.0,True,27.0
2023-11-15,North Alabama Lions,54.0,away,0.0,0.0,False,-27.0
2023-11-15,Austin Peay Governors,79.0,home,0.0,0.0,True,27.0
2023-11-15,Fisk Bulldogs,52.0,away,0.0,0.0,False,-27.0
2023-11-15,Northern Iowa Panthers,90.0,home,0.0,0.0,True,40.0
2023-11-15,Loras Duhawks,50.0,away,0.0,0.0,False,-40.0
2023-11-15,Murray State Racers,81.0,home,0.0,0.0,False,-5.0
2023-11-15,Western Kentucky Hilltoppers,86.0,away,0.0,0.0,True,5.0
2023-11-15,Drake Bulldogs,87.0,home,0.0,0.0,True,20.0
2023-11-15,Southwest Minnesota State Mustangs,67.0,away,0.0,0.0,False,-20.0
2023-11-15,Samford Bulldogs,96.0,home,0.0,0.0,True,44.0
2023-11-15,Mississippi College Choctaws,52.0,away,0.0,0.0,False,-44.0
2023-11-15,Arkansas State Red Wolves,100.0,home,0.0,0.0,True,14.0
2023-11-15,Alcorn State Braves,86.0,away,0.0,0.0,False,-14.0
2023-11-15,Vanderbilt Commodores,74.0,home,0.0,0.0,True,4.0
2023-11-15,UNC Greensboro Spartans,70.0,away,0.0,0.0,False,-4.0
2023-11-15,Lamar Cardinals,90.0,home,0.0,0.0,True,8.0
2023-11-15,UTSA Roadrunners,82.0,away,0.0,0.0,False,-8.0
2023-11-15,Valparaiso Beacons,64.0,home,0.0,0.0,True,5.0
2023-11-15,Green Bay Phoenix,59.0,away,0.0,0.0,False,-5.0
2023-11-15,Bradley Braves,86.0,home,0.0,0.0,True,23.0
2023-11-15,Tarleton State Texans,63.0,away,0.0,0.0,False,-23.0
2023-11-15,Oklahoma Sooners,93.0,home,0.0,0.0,True,39.0
2023-11-15,Texas State Bobcats,54.0,away,0.0,0.0,False,-39.0
2023-11-15,Northwestern Wildcats,63.0,home,0.0,0.0,True,4.0
2023-11-15,Western Michigan Broncos,59.0,away,0.0,0.0,False,-4.0
2023-11-15,DePaul Blue Demons,72.0,home,0.0,0.0,True,12.0
2023-11-15,South Dakota Coyotes,60.0,away,0.0,0.0,False,-12.0
2023-11-15,TCU Horned Frogs,88.0,home,0.0,0.0,True,33.0
2023-11-15,UT Rio Grande Valley Vaqueros,55.0,away,0.0,0.0,False,-33.0
2023-11-15,Chicago State Cougars,64.0,home,0.0,0.0,False,-10.0
2023-11-15,Cal State Northridge Matadors,74.0,away,0.0,0.0,True,10.0
2023-11-15,Northern Colorado Bears,64.0,home,0.0,0.0,False,-19.0
2023-11-15,Colorado State Rams,83.0,away,0.0,0.0,True,19.0
2023-11-15,Loyola Chicago Ramblers,67.0,home,0.0,0.0,False,-5.0
2023-11-15,UIC Flames,72.0,away,0.0,0.0,True,5.0
2023-11-15,Utah State Aggies,93.0,home,0.0,0.0,True,9.0
2023-11-15,Southern Utah Thunderbirds,84.0,away,0.0,0.0,False,-9.0
2023-11-15,McNeese Cowboys,81.0,home,0.0,0.0,True,32.0
2023-11-15,LeTourneau Yellow Jackets,49.0,away,0.0,0.0,False,-32.0
2023-11-15,Troy Trojans,111.0,home,0.0,0.0,True,65.0
2023-11-15,Reinhardt Eagles,46.0,away,0.0,0.0,False,-65.0
2023-11-15,Idaho Vandals,88.0,home,0.0,0.0,True,46.0
2023-11-15,Evergreen State Geoducks,42.0,away,0.0,0.0,False,-46.0
2023-11-15,New Mexico State Aggies,78.0,home,0.0,0.0,True,35.0
2023-11-15,Western New Mexico Mustangs,43.0,away,0.0,0.0,False,-35.0
2023-11-15,Loyola Marymount Lions,88.0,home,0.0,0.0,True,22.0
2023-11-15,Jackson State Tigers,66.0,away,0.0,0.0,False,-22.0
2023-11-15,Sacramento State Hornets,128.0,home,0.0,0.0,True,62.0
2023-11-15,Pacific Union PACIFIC UNION,66.0,away,0.0,0.0,False,-62.0
2023-11-15,Stanford Cardinal,77.0,home,0.0,0.0,False,-12.0
2023-11-15,Santa Clara Broncos,89.0,away,0.0,0.0,True,12.0
2023-11-15,Oregon State Beavers,81.0,home,0.0,0.0,True,10.0
2023-11-15,App State Mountaineers,71.0,away,0.0,0.0,False,-10.0
2023-11-15,San Diego State Aztecs,88.0,home,0.0,0.0,True,12.0
2023-11-15,Long Beach State Beach,76.0,away,0.0,0.0,False,-12.0
2023-11-15,Hawai'i Rainbow Warriors,82.0,home,0.0,0.0,True,16.0
2023-11-15,Hawai'i Hilo Vulcans,66.0,away,0.0,0.0,False,-16.0
2023-11-23,Arizona Wildcats,74.0,home,0.0,0.0,True,6.0
2023-11-23,Michigan State Spartans,68.0,away,0.0,0.0,False,-6.0
2023-11-23,Texas A&M Aggies,89.0,home,0.0,0.0,True,12.0
2023-11-23,Penn State Nittany Lions,77.0,away,0.0,0.0,False,-12.0
2023-11-23,Iowa Hawkeyes,67.0,home,0.0,0.0,False,-12.0
2023-11-23,Oklahoma Sooners,79.0,away,0.0,0.0,True,12.0
2023-11-23,Memphis Tigers,84.0,home,0.0,0.0,True,5.0
2023-11-23,Arkansas Razorbacks,79.0,away,0.0,0.0,False,-5.0
2023-11-23,North Carolina Tar Heels,81.0,home,0.0,0.0,False,-2.0
2023-11-23,Villanova Wildcats,83.0,away,0.0,0.0,True,2.0
2023-11-23,Northern Iowa Panthers,70.0,home,0.0,0.0,False,-2.0
2023-11-23,Texas Tech Red Raiders,72.0,away,0.0,0.0,True,2.0
2023-11-23,Loyola Chicago Ramblers,71.0,home,0.0,0.0,True,3.0
2023-11-23,Boston College Eagles,68.0,away,0.0,0.0,False,-3.0
2023-11-24,Arizona State Sun Devils,49.0,home,0.0,0.0,False,-28.0
2023-11-24,BYU Cougars,77.0,away,0.0,0.0,True,28.0
2023-11-23,Creighton Bluejays,48.0,home,0.0,0.0,False,-21.0
2023-11-23,Colorado State Rams,69.0,away,0.0,0.0,True,21.0
2023-11-23,USC Trojans,71.0,home,0.0,0.0,True,8.0
2023-11-23,Seton Hall Pirates,63.0,away,0.0,0.0,False,-8.0
2023-11-23,Butler Bulldogs,86.0,home,0.0,0.0,False,-5.0
2023-11-23,Florida Atlantic Owls,91.0,away,0.0,0.0,True,5.0
2023-11-23,VCU Rams,64.0,home,0.0,0.0,False,-4.0
2023-11-23,Iowa State Cyclones,68.0,away,0.0,0.0,True,4.0
2023-11-24,Vanderbilt Commodores,78.0,home,0.0,0.0,False,-6.0
2023-11-24,NC State Wolfpack,84.0,away,0.0,0.0,True,6.0
2023-11-24,Michigan Wolverines,83.0,home,0.0,0.0,True,5.0
2023-11-24,Stanford Cardinal,78.0,away,0.0,0.0,False,-5.0
2023-11-24,Virginia Tech Hokies,82.0,home,0.0,0.0,True,7.0
2023-11-24,Boise State Broncos,75.0,away,0.0,0.0,False,-7.0
2023-11-17,Utah Utes,66.0,home,0.0,0.0,False,-10.0
2023-11-17,Houston Cougars,76.0,away,0.0,0.0,True,10.0
2023-11-17,Georgia State Panthers,64.0,home,0.0,0.0,False,-6.0
2023-11-17,Northern Illinois Huskies,70.0,away,0.0,0.0,True,6.0
2023-11-18,Arkansas Razorbacks,72.0,home,0.0,0.0,False,-6.0
2023-11-18,UNC Greensboro Spartans,78.0,away,0.0,0.0,True,6.0
2023-11-17,Miami Hurricanes,79.0,home,0.0,0.0,True,11.0
2023-11-17,Georgia Bulldogs,68.0,away,0.0,0.0,False,-11.0
2023-11-17,Saint Louis Billikens,68.0,home,0.0,0.0,False,-10.0
2023-11-17,Vermont Catamounts,78.0,away,0.0,0.0,True,10.0
2023-11-18,Alabama Crimson Tide,98.0,home,0.0,0.0,True,31.0
2023-11-18,Mercer Bears,67.0,away,0.0,0.0,False,-31.0
2023-11-17,UMBC Retrievers,85.0,home,0.0,0.0,True,5.0
2023-11-17,Sacred Heart Pioneers,80.0,away,0.0,0.0,False,-5.0
2023-11-18,Villanova Wildcats,57.0,home,0.0,0.0,True,17.0
2023-11-18,Maryland Terrapins,40.0,away,0.0,0.0,False,-17.0
2023-11-18,North Carolina Tar Heels,77.0,home,0.0,0.0,True,25.0
2023-11-18,UC Riverside Highlanders,52.0,away,0.0,0.0,False,-25.0
2023-11-17,LSU Tigers,66.0,home,0.0,0.0,True,4.0
2023-11-17,North Texas Mean Green,62.0,away,0.0,0.0,False,-4.0
2023-11-17,Duke Blue Devils,90.0,home,0.0,0.0,True,30.0
2023-11-17,Bucknell Bison,60.0,away,0.0,0.0,False,-30.0
2023-11-17,Fordham Rams,77.0,home,0.0,0.0,True,13.0
2023-11-17,Norfolk State Spartans,64.0,away,0.0,0.0,False,-13.0
2023-11-18,Arizona Wildcats,100.0,home,0.0,0.0,True,32.0
2023-11-18,Belmont Bruins,68.0,away,0.0,0.0,False,-32.0
2023-11-18,Kentucky Wildcats,101.0,home,0.0,0.0,True,34.0
2023-11-18,Stonehill Skyhawks,67.0,away,0.0,0.0,False,-34.0
2023-11-18,Texas A&M Aggies,74.0,home,0.0,0.0,True,8.0
2023-11-18,Oral Roberts Golden Eagles,66.0,away,0.0,0.0,False,-8.0
2023-11-18,James Madison Dukes,76.0,home,0.0,0.0,True,3.0
2023-11-18,Radford Highlanders,73.0,away,0.0,0.0,False,-3.0
2023-11-17,Michigan State Spartans,74.0,home,0.0,0.0,True,20.0
2023-11-17,Butler Bulldogs,54.0,away,0.0,0.0,False,-20.0
2023-11-18,Illinois Fighting Illini,87.0,home,0.0,0.0,True,23.0
2023-11-18,Valparaiso Beacons,64.0,away,0.0,0.0,False,-23.0
2023-11-17,South Dakota Coyotes,85.0,home,0.0,0.0,True,4.0
2023-11-17,VMI Keydets,81.0,away,0.0,0.0,False,-4.0
2023-11-17,Dayton Flyers,88.0,home,0.0,0.0,True,7.0
2023-11-17,St. John's Red Storm,81.0,away,0.0,0.0,False,-7.0
2023-11-17,South Alabama Jaguars,82.0,home,0.0,0.0,True,7.0
2023-11-17,Denver Pioneers,75.0,away,0.0,0.0,False,-7.0
2023-11-17,San José State Spartans,71.0,home,0.0,0.0,False,-6.0
2023-11-17,Abilene Christian Wildcats,77.0,away,0.0,0.0,True,6.0
2023-11-17,Northern Arizona Lumberjacks,67.0,home,0.0,0.0,False,-10.0
2023-11-17,Purdue Fort Wayne Mastodons,77.0,away,0.0,0.0,True,10.0
2023-11-17,Wyoming Cowboys,67.0,home,0.0,0.0,True,7.0
2023-11-17,Charleston Cougars,60.0,away,0.0,0.0,False,-7.0
2023-11-17,Presbyterian Blue Hose,66.0,home,0.0,0.0,False,-14.0
2023-11-17,Maine Black Bears,80.0,away,0.0,0.0,True,14.0
2023-11-17,Furman Paladins,89.0,home,0.0,0.0,True,9.0
2023-11-17,Coastal Carolina Chanticleers,80.0,away,0.0,0.0,False,-9.0
2023-11-17,Youngstown State Penguins,75.0,home,0.0,0.0,True,7.0
2023-11-17,Utah Tech Trailblazers,68.0,away,0.0,0.0,False,-7.0
2023-11-17,Omaha Mavericks,70.0,home,0.0,0.0,False,-2.0
2023-11-17,Lindenwood Lions,72.0,away,0.0,0.0,True,2.0
2023-11-18,Nicholls Colonels,51.0,home,0.0,0.0,False,-9.0
2023-11-18,SIU Edwardsville Cougars,60.0,away,0.0,0.0,True,9.0
2023-11-17,Kent State Golden Flashes,100.0,home,0.0,0.0,True,38.0
2023-11-17,Hampton Pirates,62.0,away,0.0,0.0,False,-38.0
2023-11-17,Oklahoma State Cowboys,64.0,home,0.0,0.0,False,-2.0
2023-11-17,Notre Dame Fighting Irish,66.0,away,0.0,0.0,True,2.0
2023-11-17,Gardner-Webb Runnin' Bulldogs,62.0,home,0.0,0.0,True,1.0
2023-11-17,Weber State Wildcats,61.0,away,0.0,0.0,False,-1.0
2023-11-17,Kansas State Wildcats,73.0,home,0.0,0.0,True,3.0
2023-11-17,Providence Friars,70.0,away,0.0,0.0,False,-3.0
2023-11-17,Yale Bulldogs,68.0,home,0.0,0.0,True,18.0
2023-11-17,Colgate Raiders,50.0,away,0.0,0.0,False,-18.0
2023-11-17,Army Black Knights,58.0,home,0.0,0.0,False,-9.0
2023-11-17,Quinnipiac Bobcats,67.0,away,0.0,0.0,True,9.0
2023-11-18,Eastern Kentucky Colonels,74.0,home,0.0,0.0,False,-6.0
2023-11-18,UT Martin Skyhawks,80.0,away,0.0,0.0,True,6.0
2023-11-17,Cal State Northridge Matadors,98.0,home,0.0,0.0,True,31.0
2023-11-17,Life Pacific Warriors,67.0,away,0.0,0.0,False,-31.0
2023-11-17,Winthrop Eagles,89.0,home,0.0,0.0,True,38.0
2023-11-17,Holy Cross Crusaders,51.0,away,0.0,0.0,False,-38.0
2023-11-17,Grambling Tigers,63.0,home,0.0,0.0,False,-8.0
2023-11-17,Delaware State Hornets,71.0,away,0.0,0.0,True,8.0
2023-11-17,Air Force Falcons,80.0,home,0.0,0.0,True,9.0
2023-11-17,William & Mary Tribe,71.0,away,0.0,0.0,False,-9.0
2023-11-18,East Tennessee State Buccaneers,70.0,home,0.0,0.0,True,2.0
2023-11-18,Davidson Wildcats,68.0,away,0.0,0.0,False,-2.0
2023-11-18,Penn State Nittany Lions,74.0,home,0.0,0.0,True,23.0
2023-11-18,Morehead State Eagles,51.0,away,0.0,0.0,False,-23.0
2023-11-18,St. Bonaventure Bonnies,60.0,home,0.0,0.0,False,-17.0
2023-11-18,Auburn Tigers,77.0,away,0.0,0.0,True,17.0
2023-11-18,Duquesne Dukes,77.0,home,0.0,0.0,True,19.0
2023-11-18,Rider Broncs,58.0,away,0.0,0.0,False,-19.0
2023-11-18,NC State Wolfpack,87.0,home,0.0,0.0,True,34.0
2023-11-18,Charleston Southern Buccaneers,53.0,away,0.0,0.0,False,-34.0
2023-11-18,Saint Joseph's Hawks,54.0,home,0.0,0.0,False,-3.0
2023-11-18,East Texas A&M Lions,57.0,away,0.0,0.0,True,3.0
2023-11-18,North Florida Ospreys,80.0,home,0.0,0.0,True,6.0
2023-11-18,Northwestern State Demons,74.0,away,0.0,0.0,False,-6.0
2023-11-18,Tulane Green Wave,92.0,home,0.0,0.0,True,35.0
2023-11-18,Sacramento State Hornets,57.0,away,0.0,0.0,False,-35.0
2023-11-18,Wisconsin Badgers,78.0,home,0.0,0.0,True,10.0
2023-11-18,Robert Morris Colonials,68.0,away,0.0,0.0,False,-10.0
2023-11-18,Bowling Green Falcons,67.0,home,0.0,0.0,False,-18.0
2023-11-18,Bellarmine Knights,85.0,away,0.0,0.0,True,18.0
2023-11-18,Miami (OH) RedHawks,76.0,home,0.0,0.0,True,28.0
2023-11-18,Coppin State Eagles,48.0,away,0.0,0.0,False,-28.0
2023-11-18,Pittsburgh Panthers,107.0,home,0.0,0.0,True,51.0
2023-11-18,Jacksonville Dolphins,56.0,away,0.0,0.0,False,-51.0
2023-11-18,Vanderbilt Commodores,75.0,home,0.0,0.0,True,4.0
2023-11-18,Central Arkansas Bears,71.0,away,0.0,0.0,False,-4.0
2023-11-18,Drexel Dragons,65.0,home,0.0,0.0,True,18.0
2023-11-18,Fairfield Stags,47.0,away,0.0,0.0,False,-18.0
2023-11-18,Michigan Wolverines,86.0,home,0.0,0.0,False,-8.0
2023-11-18,Long Beach State Beach,94.0,away,0.0,0.0,True,8.0
2023-11-18,Massachusetts Minutemen,75.0,home,0.0,0.0,False,-3.0
2023-11-18,Harvard Crimson,78.0,away,0.0,0.0,True,3.0
2023-11-18,Wake Forest Demon Deacons,71.0,home,0.0,0.0,True,10.0
2023-11-18,Towson Tigers,61.0,away,0.0,0.0,False,-10.0
2023-11-18,St. Thomas-Minnesota Tommies,60.0,home,0.0,0.0,False,-1.0
2023-11-18,Cal Poly Mustangs,61.0,away,0.0,0.0,True,1.0
2023-11-18,Florida Gators,89.0,home,0.0,0.0,True,21.0
2023-11-18,Florida State Seminoles,68.0,away,0.0,0.0,False,-21.0
2023-11-18,Elon Phoenix,86.0,home,0.0,0.0,True,14.0
2023-11-18,IU Indianapolis Jaguars,72.0,away,0.0,0.0,False,-14.0
2023-11-18,Samford Bulldogs,89.0,home,0.0,0.0,True,17.0
2023-11-18,South Carolina State Bulldogs,72.0,away,0.0,0.0,False,-17.0
2023-11-18,Milwaukee Panthers,85.0,home,0.0,0.0,True,29.0
2023-11-18,Luther Norse,56.0,away,0.0,0.0,False,-29.0
2023-11-18,Iowa Hawkeyes,88.0,home,0.0,0.0,True,14.0
2023-11-18,Arkansas State Red Wolves,74.0,away,0.0,0.0,False,-14.0
2023-11-18,Texas State Bobcats,72.0,home,0.0,0.0,True,10.0
2023-11-18,UTSA Roadrunners,62.0,away,0.0,0.0,False,-10.0
2023-11-18,Oklahoma Sooners,90.0,home,0.0,0.0,True,24.0
2023-11-18,UT Rio Grande Valley Vaqueros,66.0,away,0.0,0.0,False,-24.0
2023-11-18,Western Illinois Leathernecks,88.0,home,0.0,0.0,True,8.0
2023-11-18,Southern Jaguars,80.0,away,0.0,0.0,False,-8.0
2023-11-18,Memphis Tigers,92.0,home,0.0,0.0,True,17.0
2023-11-18,Alabama State Hornets,75.0,away,0.0,0.0,False,-17.0
2023-11-18,Grand Canyon Lopes,76.0,home,0.0,0.0,True,4.0
2023-11-18,San Francisco Dons,72.0,away,0.0,0.0,False,-4.0
2023-11-18,Idaho Vandals,96.0,home,0.0,0.0,True,44.0
2023-11-18,Pacific Lutheran Lutes,52.0,away,0.0,0.0,False,-44.0
2023-11-18,UC Irvine Anteaters,111.0,home,0.0,0.0,True,60.0
2023-11-18,Occidental Tigers,51.0,away,0.0,0.0,False,-60.0
2023-11-18,TCU Horned Frogs,86.0,home,0.0,0.0,True,34.0
2023-11-18,Mississippi Valley State Delta Devils,52.0,away,0.0,0.0,False,-34.0
2023-11-18,San Diego State Aztecs,79.0,home,0.0,0.0,True,25.0
2023-11-18,Saint Mary's Gaels,54.0,away,0.0,0.0,False,-25.0
2023-11-18,Florida Gulf Coast Eagles,61.0,home,0.0,0.0,False,-9.0
2023-11-18,Missouri State Bears,70.0,away,0.0,0.0,True,9.0
2023-11-18,San Diego Toreros,80.0,home,0.0,0.0,True,9.0
2023-11-18,Le Moyne Dolphins,71.0,away,0.0,0.0,False,-9.0
2023-11-18,UTEP Miners,71.0,home,0.0,0.0,True,8.0
2023-11-18,Austin Peay Governors,63.0,away,0.0,0.0,False,-8.0
2023-11-18,Stanford Cardinal,95.0,home,0.0,0.0,True,25.0
2023-11-18,Eastern Washington Eagles,70.0,away,0.0,0.0,False,-25.0
2023-11-18,Ole Miss Rebels,70.0,home,0.0,0.0,True,3.0
2023-11-18,Sam Houston Bearkats,67.0,away,0.0,0.0,False,-3.0
2023-11-18,Colorado State Rams,84.0,home,0.0,0.0,True,23.0
2023-11-18,Kansas City Roos,61.0,away,0.0,0.0,False,-23.0
2023-11-18,Liberty Flames,83.0,home,0.0,0.0,True,17.0
2023-11-18,Wichita State Shockers,66.0,away,0.0,0.0,False,-17.0
2023-11-18,Oregon Ducks,92.0,home,0.0,0.0,True,25.0
2023-11-18,Tennessee State Tigers,67.0,away,0.0,0.0,False,-25.0
2023-11-18,California Baptist Lancers,63.0,home,0.0,0.0,False,-3.0
2023-11-18,Portland State Vikings,66.0,away,0.0,0.0,True,3.0
2023-11-18,DePaul Blue Demons,68.0,home,0.0,0.0,False,-5.0
2023-11-18,South Carolina Gamecocks,73.0,away,0.0,0.0,True,5.0
2023-11-18,Xavier Musketeers,71.0,home,0.0,0.0,False,-3.0
2023-11-18,Washington Huskies,74.0,away,0.0,0.0,True,3.0
2023-11-18,Pepperdine Waves,68.0,home,0.0,0.0,False,-14.0
2023-11-18,UNLV Rebels,82.0,away,0.0,0.0,True,14.0
2023-11-21,App State Mountaineers,86.0,home,0.0,0.0,True,30.0
2023-11-21,UNC Wilmington Seahawks,56.0,away,0.0,0.0,False,-30.0
2023-11-21,Northeastern Huskies,93.0,home,0.0,0.0,True,17.0
2023-11-21,Georgia Southern Eagles,76.0,away,0.0,0.0,False,-17.0
2023-11-21,Louisiana Tech Bulldogs,67.0,home,0.0,0.0,True,14.0
2023-11-21,Southern Utah Thunderbirds,53.0,away,0.0,0.0,False,-14.0
2023-11-21,Iona Gaels,76.0,home,0.0,0.0,False,-4.0
2023-11-21,Long Beach State Beach,80.0,away,0.0,0.0,True,4.0
2023-11-21,Eastern Kentucky Colonels,64.0,home,0.0,0.0,False,-12.0
2023-11-21,Prairie View A&M Panthers,76.0,away,0.0,0.0,True,12.0
2023-11-21,Chicago State Cougars,77.0,home,0.0,0.0,False,-1.0
2023-11-21,Northern Colorado Bears,78.0,away,0.0,0.0,True,1.0
2023-11-21,Marshall Thundering Herd,71.0,home,0.0,0.0,False,-7.0
2023-11-21,Oakland Golden Grizzlies,78.0,away,0.0,0.0,True,7.0
2023-11-21,Radford Highlanders,82.0,home,0.0,0.0,True,10.0
2023-11-21,Morgan State Bears,72.0,away,0.0,0.0,False,-10.0
2023-11-22,Purdue Boilermakers,71.0,home,0.0,0.0,True,4.0
2023-11-22,Tennessee Volunteers,67.0,away,0.0,0.0,False,-4.0
2023-11-22,Marquette Golden Eagles,73.0,home,0.0,0.0,True,14.0
2023-11-22,Kansas Jayhawks,59.0,away,0.0,0.0,False,-14.0
2023-11-21,Florida International Panthers,60.0,home,0.0,0.0,False,-1.0
2023-11-21,Loyola Marymount Lions,61.0,away,0.0,0.0,True,1.0
2023-11-21,Colorado Buffaloes,71.0,home,0.0,0.0,False,-6.0
2023-11-21,Florida State Seminoles,77.0,away,0.0,0.0,True,6.0
2023-11-21,Gonzaga Bulldogs,76.0,home,0.0,0.0,True,19.0
2023-11-21,Syracuse Orange,57.0,away,0.0,0.0,False,-19.0
2023-11-21,Southern Illinois Salukis,76.0,home,0.0,0.0,False,-6.0
2023-11-21,James Madison Dukes,82.0,away,0.0,0.0,True,6.0
2023-11-21,Stetson Hatters,71.0,home,0.0,0.0,True,10.0
2023-11-21,Central Michigan Chippewas,61.0,away,0.0,0.0,False,-10.0
2023-11-22,Duke Blue Devils,95.0,home,0.0,0.0,True,29.0
2023-11-22,La Salle Explorers,66.0,away,0.0,0.0,False,-29.0
2023-11-21,Louisiana Ragin' Cajuns,68.0,home,0.0,0.0,True,8.0
2023-11-21,Buffalo Bulls,60.0,away,0.0,0.0,False,-8.0
2023-11-21,The Citadel Bulldogs,67.0,home,0.0,0.0,True,6.0
2023-11-21,North Carolina Central Eagles,61.0,away,0.0,0.0,False,-6.0
2023-11-21,Texas State Bobcats,48.0,home,0.0,0.0,False,-11.0
2023-11-21,McNeese Cowboys,59.0,away,0.0,0.0,True,11.0
2023-11-21,Sacred Heart Pioneers,89.0,home,0.0,0.0,True,14.0
2023-11-21,Binghamton Bearcats,75.0,away,0.0,0.0,False,-14.0
2023-11-21,Akron Zips,59.0,home,0.0,0.0,False,-20.0
2023-11-21,Drake Bulldogs,79.0,away,0.0,0.0,True,20.0
2023-11-21,Chaminade Silverswords,48.0,home,0.0,0.0,False,-28.0
2023-11-21,UCLA Bruins,76.0,away,0.0,0.0,True,28.0
2023-11-21,East Carolina Pirates,85.0,home,0.0,0.0,True,1.0
2023-11-21,Kennesaw State Owls,84.0,away,0.0,0.0,False,-1.0
2023-11-21,Rice Owls,88.0,home,0.0,0.0,False,-15.0
2023-11-21,Indiana State Sycamores,103.0,away,0.0,0.0,True,15.0
2023-11-21,Richmond Spiders,82.0,home,0.0,0.0,True,17.0
2023-11-21,UNLV Rebels,65.0,away,0.0,0.0,False,-17.0
2023-11-21,High Point Panthers,74.0,home,0.0,0.0,True,2.0
2023-11-21,Illinois State Redbirds,72.0,away,0.0,0.0,False,-2.0
2023-11-21,Bellarmine Knights,77.0,home,0.0,0.0,True,21.0
2023-11-21,Midway University Eagles,56.0,away,0.0,0.0,False,-21.0
2023-11-22,Davidson Wildcats,69.0,home,0.0,0.0,True,24.0
2023-11-22,Boston University Terriers,45.0,away,0.0,0.0,False,-24.0
2023-11-22,Ball State Cardinals,75.0,home,0.0,0.0,True,17.0
2023-11-22,South Carolina Upstate Spartans,58.0,away,0.0,0.0,False,-17.0
2023-11-22,Monmouth Hawks,88.0,home,0.0,0.0,True,9.0
2023-11-22,Lehigh Mountain Hawks,79.0,away,0.0,0.0,False,-9.0
2023-11-22,Campbell Fighting Camels,55.0,home,0.0,0.0,False,-14.0
2023-11-22,Idaho State Bengals,69.0,away,0.0,0.0,True,14.0
2023-11-22,Detroit Mercy Titans,72.0,home,0.0,0.0,False,-4.0
2023-11-22,Eastern Michigan Eagles,76.0,away,0.0,0.0,True,4.0
2023-11-22,Middle Tennessee Blue Raiders,57.0,home,0.0,0.0,False,-1.0
2023-11-22,UAB Blazers,58.0,away,0.0,0.0,True,1.0
2023-11-22,Nicholls Colonels,86.0,home,0.0,0.0,True,30.0
2023-11-22,Blue Mountain Toppers,56.0,away,0.0,0.0,False,-30.0
2023-11-22,New Hampshire Wildcats,74.0,home,0.0,0.0,True,3.0
2023-11-22,Marist Red Foxes,71.0,away,0.0,0.0,False,-3.0
2023-11-22,Columbia Lions,77.0,home,0.0,0.0,True,10.0
2023-11-22,Long Island University Sharks,67.0,away,0.0,0.0,False,-10.0
2023-11-22,Utah State Aggies,79.0,home,0.0,0.0,True,30.0
2023-11-22,Stephen F. Austin Lumberjacks,49.0,away,0.0,0.0,False,-30.0
2023-11-22,Maryland Terrapins,92.0,home,0.0,0.0,True,24.0
2023-11-22,UMBC Retrievers,68.0,away,0.0,0.0,False,-24.0
2023-11-22,UAlbany Great Danes,62.0,home,0.0,0.0,True,3.0
2023-11-22,Army Black Knights,59.0,away,0.0,0.0,False,-3.0
2023-11-22,Wright State Raiders,76.0,home,0.0,0.0,False,-9.0
2023-11-22,Hofstra Pride,85.0,away,0.0,0.0,True,9.0
2023-11-22,South Alabama Jaguars,74.0,home,0.0,0.0,True,12.0
2023-11-22,Lynn Fighting Knights,62.0,away,0.0,0.0,False,-12.0
2023-11-22,Auburn Tigers,84.0,home,0.0,0.0,True,30.0
2023-11-22,Alabama A&M Bulldogs,54.0,away,0.0,0.0,False,-30.0
2023-11-22,Oral Roberts Golden Eagles,65.0,home,0.0,0.0,True,2.0
2023-11-22,Texas Southern Tigers,63.0,away,0.0,0.0,False,-2.0
2023-11-22,TCU Horned Frogs,93.0,home,0.0,0.0,True,19.0
2023-11-22,Alcorn State Braves,74.0,away,0.0,0.0,False,-19.0
2023-11-22,Milwaukee Panthers,61.0,home,0.0,0.0,True,2.0
2023-11-22,Siena Saints,59.0,away,0.0,0.0,False,-2.0
2023-11-22,New Mexico State Aggies,76.0,home,0.0,0.0,False,-5.0
2023-11-22,Fresno State Bulldogs,81.0,away,0.0,0.0,True,5.0
2023-11-22,Valparaiso Beacons,73.0,home,0.0,0.0,True,7.0
2023-11-22,Western Illinois Leathernecks,66.0,away,0.0,0.0,False,-7.0
2023-11-22,Pepperdine Waves,60.0,home,0.0,0.0,False,-16.0
2023-11-22,UC Irvine Anteaters,76.0,away,0.0,0.0,True,16.0
2023-11-22,UC Riverside Highlanders,74.0,home,0.0,0.0,True,6.0
2023-11-22,Green Bay Phoenix,68.0,away,0.0,0.0,False,-6.0
2023-11-22,Toledo Rockets,84.0,home,0.0,0.0,False,-8.0
2023-11-22,New Mexico Lobos,92.0,away,0.0,0.0,True,8.0
2023-11-22,Cal State Northridge Matadors,70.0,home,0.0,0.0,False,-10.0
2023-11-22,Le Moyne Dolphins,80.0,away,0.0,0.0,True,10.0
2023-11-22,Minnesota Golden Gophers,86.0,home,0.0,0.0,True,19.0
2023-11-22,Arkansas-Pine Bluff Golden Lions,67.0,away,0.0,0.0,False,-19.0
2023-11-22,Hawai'i Rainbow Warriors,70.0,home,0.0,0.0,True,9.0
2023-11-22,Northern Arizona Lumberjacks,61.0,away,0.0,0.0,False,-9.0
2023-11-19,Indiana Hoosiers,57.0,home,0.0,0.0,False,-20.0
2023-11-19,UConn Huskies,77.0,away,0.0,0.0,True,20.0
2023-11-19,Louisville Cardinals,80.0,home,0.0,0.0,False,-1.0
2023-11-19,Texas Longhorns,81.0,away,0.0,0.0,True,1.0
2023-11-19,Drake Bulldogs,85.0,home,0.0,0.0,True,8.0
2023-11-19,Oakland Golden Grizzlies,77.0,away,0.0,0.0,False,-8.0
2023-11-19,Clemson Tigers,85.0,home,0.0,0.0,True,17.0
2023-11-19,Boise State Broncos,68.0,away,0.0,0.0,False,-17.0
2023-11-19,Lafayette Leopards,69.0,home,0.0,0.0,True,16.0
2023-11-19,Wilkes University Colonels,53.0,away,0.0,0.0,False,-16.0
2023-11-19,Utah Valley Wolverines,67.0,home,0.0,0.0,True,2.0
2023-11-19,Southern Miss Golden Eagles,65.0,away,0.0,0.0,False,-2.0
2023-11-19,Michigan State Spartans,81.0,home,0.0,0.0,True,32.0
2023-11-19,Alcorn State Braves,49.0,away,0.0,0.0,False,-32.0
2023-11-19,IU Indianapolis Jaguars,61.0,home,0.0,0.0,False,-13.0
2023-11-19,Holy Cross Crusaders,74.0,away,0.0,0.0,True,13.0
2023-11-19,Prairie View A&M Panthers,78.0,home,0.0,0.0,True,12.0
2023-11-19,UT Martin Skyhawks,66.0,away,0.0,0.0,False,-12.0
2023-11-20,Houston Cougars,69.0,home,0.0,0.0,True,14.0
2023-11-20,Dayton Flyers,55.0,away,0.0,0.0,False,-14.0
2023-11-19,Furman Paladins,71.0,home,0.0,0.0,False,-7.0
2023-11-19,Wyoming Cowboys,78.0,away,0.0,0.0,True,7.0
2023-11-19,Towson Tigers,39.0,home,0.0,0.0,False,-26.0
2023-11-19,North Texas Mean Green,65.0,away,0.0,0.0,True,26.0
2023-11-19,Miami (OH) RedHawks,76.0,home,0.0,0.0,True,12.0
2023-11-19,Eastern Illinois Panthers,64.0,away,0.0,0.0,False,-12.0
2023-11-19,Arizona Wildcats,101.0,home,0.0,0.0,True,45.0
2023-11-19,UT Arlington Mavericks,56.0,away,0.0,0.0,False,-45.0
2023-11-19,Central Connecticut Blue Devils,63.0,home,0.0,0.0,False,-4.0
2023-11-19,Manhattan Jaspers,67.0,away,0.0,0.0,True,4.0
2023-11-19,Miami Hurricanes,91.0,home,0.0,0.0,True,8.0
2023-11-19,Kansas State Wildcats,83.0,away,0.0,0.0,False,-8.0
2023-11-20,USC Trojans,81.0,home,0.0,0.0,True,11.0
2023-11-20,Brown Bears,70.0,away,0.0,0.0,False,-11.0
2023-11-19,South Alabama Jaguars,86.0,home,0.0,0.0,True,12.0
2023-11-19,SIU Edwardsville Cougars,74.0,away,0.0,0.0,False,-12.0
2023-11-20,Illinois Fighting Illini,88.0,home,0.0,0.0,True,28.0
2023-11-20,Southern Jaguars,60.0,away,0.0,0.0,False,-28.0
2023-11-19,Georgia Bulldogs,64.0,home,0.0,0.0,False,-7.0
2023-11-19,Providence Friars,71.0,away,0.0,0.0,True,7.0
2023-11-19,Stephen F. Austin Lumberjacks,86.0,home,0.0,0.0,True,10.0
2023-11-19,Loyola Marymount Lions,76.0,away,0.0,0.0,False,-10.0
2023-11-19,Mississippi State Bulldogs,66.0,home,0.0,0.0,True,9.0
2023-11-19,Northwestern Wildcats,57.0,away,0.0,0.0,False,-9.0
2023-11-19,Iowa State Cyclones,92.0,home,0.0,0.0,True,55.0
2023-11-19,Grambling Tigers,37.0,away,0.0,0.0,False,-55.0
2023-11-19,William & Mary Tribe,60.0,home,0.0,0.0,False,-11.0
2023-11-19,Lindenwood Lions,71.0,away,0.0,0.0,True,11.0
2023-11-19,Drexel Dragons,62.0,home,0.0,0.0,True,10.0
2023-11-19,Queens University Royals,52.0,away,0.0,0.0,False,-10.0
2023-11-19,Coastal Carolina Chanticleers,72.0,home,0.0,0.0,False,-8.0
2023-11-19,Charleston Cougars,80.0,away,0.0,0.0,True,8.0
2023-11-19,Cincinnati Bearcats,90.0,home,0.0,0.0,True,24.0
2023-11-19,Northern Kentucky Norse,66.0,away,0.0,0.0,False,-24.0
2023-11-19,East Carolina Pirates,76.0,home,0.0,0.0,False,-6.0
2023-11-19,Northeastern Huskies,82.0,away,0.0,0.0,True,6.0
2023-11-19,Georgia State Panthers,88.0,home,0.0,0.0,True,11.0
2023-11-19,Little Rock Trojans,77.0,away,0.0,0.0,False,-11.0
2023-11-19,UMBC Retrievers,94.0,home,0.0,0.0,True,15.0
2023-11-19,Loyola Maryland Greyhounds,79.0,away,0.0,0.0,False,-15.0
2023-11-19,Chattanooga Mocs,68.0,home,0.0,0.0,True,5.0
2023-11-19,Tennessee Tech Golden Eagles,63.0,away,0.0,0.0,False,-5.0
2023-11-19,Cal State Fullerton Titans,70.0,home,0.0,0.0,False,-18.0
2023-11-19,Cornell Big Red,88.0,away,0.0,0.0,True,18.0
2023-11-19,Youngstown State Penguins,79.0,home,0.0,0.0,True,22.0
2023-11-19,Lake Erie Storm,57.0,away,0.0,0.0,False,-22.0
2023-11-19,Colgate Raiders,57.0,home,0.0,0.0,True,2.0
2023-11-19,Weber State Wildcats,55.0,away,0.0,0.0,False,-2.0
2023-11-19,Winthrop Eagles,78.0,home,0.0,0.0,True,8.0
2023-11-19,Elon Phoenix,70.0,away,0.0,0.0,False,-8.0
2023-11-19,Air Force Falcons,58.0,home,0.0,0.0,True,2.0
2023-11-19,Omaha Mavericks,56.0,away,0.0,0.0,False,-2.0
2023-11-19,Quinnipiac Bobcats,85.0,home,0.0,0.0,True,3.0
2023-11-19,UAlbany Great Danes,82.0,away,0.0,0.0,False,-3.0
2023-11-19,Wake Forest Demon Deacons,80.0,home,0.0,0.0,False,-6.0
2023-11-19,LSU Tigers,86.0,away,0.0,0.0,True,6.0
2023-11-19,Gardner-Webb Runnin' Bulldogs,70.0,home,0.0,0.0,False,-1.0
2023-11-19,Yale Bulldogs,71.0,away,0.0,0.0,True,1.0
2023-11-19,Washington State Cougars,78.0,home,0.0,0.0,True,21.0
2023-11-19,Rhode Island Rams,57.0,away,0.0,0.0,False,-21.0
2023-11-19,Virginia Tech Hokies,98.0,home,0.0,0.0,True,22.0
2023-11-19,Wofford Terriers,76.0,away,0.0,0.0,False,-22.0
2023-11-19,UIC Flames,99.0,home,0.0,0.0,True,51.0
2023-11-19,Aurora Spartans,48.0,away,0.0,0.0,False,-51.0
2023-11-19,South Florida Bulls,74.0,home,0.0,0.0,True,9.0
2023-11-19,Northern Iowa Panthers,65.0,away,0.0,0.0,False,-9.0
2023-11-19,George Mason Patriots,49.0,home,0.0,0.0,False,-5.0
2023-11-19,Charlotte 49ers,54.0,away,0.0,0.0,True,5.0
2023-11-19,Ohio State Buckeyes,73.0,home,0.0,0.0,True,17.0
2023-11-19,Western Michigan Broncos,56.0,away,0.0,0.0,False,-17.0
2023-11-19,Abilene Christian Wildcats,59.0,home,0.0,0.0,True,14.0
2023-11-19,Fordham Rams,45.0,away,0.0,0.0,False,-14.0
2023-11-19,Georgia Southern Eagles,92.0,home,0.0,0.0,False,-4.0
2023-11-19,Kennesaw State Owls,96.0,away,0.0,0.0,True,4.0
2023-11-19,Georgetown Hoyas,88.0,home,0.0,0.0,True,5.0
2023-11-19,American University Eagles,83.0,away,0.0,0.0,False,-5.0
2023-11-19,San Francisco Dons,70.0,home,0.0,0.0,True,16.0
2023-11-19,DePaul Blue Demons,54.0,away,0.0,0.0,False,-16.0
2023-11-19,Utah State Aggies,83.0,home,0.0,0.0,True,23.0
2023-11-19,Marshall Thundering Herd,60.0,away,0.0,0.0,False,-23.0
2023-11-19,St. Thomas-Minnesota Tommies,76.0,home,0.0,0.0,True,6.0
2023-11-19,Portland State Vikings,70.0,away,0.0,0.0,False,-6.0
2023-11-19,Liberty Flames,71.0,home,0.0,0.0,True,10.0
2023-11-19,Vermont Catamounts,61.0,away,0.0,0.0,False,-10.0
2023-11-20,Grand Canyon Lopes,68.0,home,0.0,0.0,False,-7.0
2023-11-20,South Carolina Gamecocks,75.0,away,0.0,0.0,True,7.0
2023-11-20,Saint Mary's Gaels,49.0,home,0.0,0.0,False,-17.0
2023-11-20,Xavier Musketeers,66.0,away,0.0,0.0,True,17.0
2023-11-19,Missouri Tigers,72.0,home,0.0,0.0,False,-1.0
2023-11-19,Jackson State Tigers,73.0,away,0.0,0.0,True,1.0
2023-11-19,Utah Utes,82.0,home,0.0,0.0,False,-9.0
2023-11-19,St. John's Red Storm,91.0,away,0.0,0.0,True,9.0
2023-11-20,Akron Zips,77.0,home,0.0,0.0,True,6.0
2023-11-20,Florida International Panthers,71.0,away,0.0,0.0,False,-6.0
2023-11-20,Missouri State Bears,56.0,home,0.0,0.0,True,4.0
2023-11-20,Kent State Golden Flashes,52.0,away,0.0,0.0,False,-4.0
2023-11-20,South Dakota State Jackrabbits,80.0,home,0.0,0.0,False,-3.0
2023-11-20,UCF Knights,83.0,away,0.0,0.0,True,3.0
2023-11-20,California Baptist Lancers,67.0,home,0.0,0.0,True,9.0
2023-11-20,Cal Poly Mustangs,58.0,away,0.0,0.0,False,-9.0
2023-11-20,Wichita State Shockers,88.0,home,0.0,0.0,True,19.0
2023-11-20,Saint Louis Billikens,69.0,away,0.0,0.0,False,-19.0
2023-11-20,UC Santa Barbara Gauchos,96.0,home,0.0,0.0,True,24.0
2023-11-20,Le Moyne Dolphins,72.0,away,0.0,0.0,False,-24.0
2023-11-20,San Diego State Aztecs,100.0,home,0.0,0.0,True,3.0
2023-11-20,Washington Huskies,97.0,away,0.0,0.0,False,-3.0
2023-11-20,UNC Wilmington Seahawks,83.0,home,0.0,0.0,True,2.0
2023-11-20,Murray State Racers,81.0,away,0.0,0.0,False,-2.0
2023-11-21,Chaminade Silverswords,56.0,home,0.0,0.0,False,-27.0
2023-11-21,Kansas Jayhawks,83.0,away,0.0,0.0,True,27.0
2023-11-21,Texas Longhorns,71.0,home,0.0,0.0,False,-10.0
2023-11-21,UConn Huskies,81.0,away,0.0,0.0,True,10.0
2023-11-20,Kennesaw State Owls,79.0,home,0.0,0.0,True,2.0
2023-11-20,Northeastern Huskies,77.0,away,0.0,0.0,False,-2.0
2023-11-21,Marquette Golden Eagles,71.0,home,0.0,0.0,True,2.0
2023-11-21,UCLA Bruins,69.0,away,0.0,0.0,False,-2.0
2023-11-20,Iona Gaels,68.0,home,0.0,0.0,False,-14.0
2023-11-20,High Point Panthers,82.0,away,0.0,0.0,True,14.0
2023-11-20,Cal State Bakersfield Roadrunners,75.0,home,0.0,0.0,True,4.0
2023-11-20,Sacramento State Hornets,71.0,away,0.0,0.0,False,-4.0
2023-11-20,Syracuse Orange,56.0,home,0.0,0.0,False,-17.0
2023-11-20,Tennessee Volunteers,73.0,away,0.0,0.0,True,17.0
2023-11-20,Gonzaga Bulldogs,63.0,home,0.0,0.0,False,-10.0
2023-11-20,Purdue Boilermakers,73.0,away,0.0,0.0,True,10.0
2023-11-20,Virginia Cavaliers,41.0,home,0.0,0.0,False,-24.0
2023-11-20,Wisconsin Badgers,65.0,away,0.0,0.0,True,24.0
2023-11-20,Stephen F. Austin Lumberjacks,92.0,home,0.0,0.0,True,24.0
2023-11-20,Drake Bulldogs,68.0,away,0.0,0.0,False,-24.0
2023-11-21,Kentucky Wildcats,96.0,home,0.0,0.0,True,8.0
2023-11-21,Saint Joseph's Hawks,88.0,away,0.0,0.0,False,-8.0
2023-11-20,Central Michigan Chippewas,70.0,home,0.0,0.0,True,14.0
2023-11-20,Siena Saints,56.0,away,0.0,0.0,False,-14.0
2023-11-20,Stetson Hatters,85.0,home,0.0,0.0,True,18.0
2023-11-20,Milwaukee Panthers,67.0,away,0.0,0.0,False,-18.0
2023-11-20,Southern Miss Golden Eagles,67.0,home,0.0,0.0,False,-7.0
2023-11-20,Cal State Fullerton Titans,74.0,away,0.0,0.0,True,7.0
2023-11-20,Loyola Marymount Lions,69.0,home,0.0,0.0,False,-5.0
2023-11-20,Oakland Golden Grizzlies,74.0,away,0.0,0.0,True,5.0
2023-11-20,Florida Gulf Coast Eagles,66.0,home,0.0,0.0,False,-3.0
2023-11-20,Norfolk State Spartans,69.0,away,0.0,0.0,True,3.0
2023-11-20,Long Beach State Beach,52.0,home,0.0,0.0,False,-9.0
2023-11-20,Illinois State Redbirds,61.0,away,0.0,0.0,True,9.0
2023-11-21,Richmond Spiders,59.0,home,0.0,0.0,False,-5.0
2023-11-21,Colorado Buffaloes,64.0,away,0.0,0.0,True,5.0
2023-11-20,Utah Valley Wolverines,61.0,home,0.0,0.0,False,-13.0
2023-11-20,Cornell Big Red,74.0,away,0.0,0.0,True,13.0
2023-11-20,Idaho State Bengals,61.0,home,0.0,0.0,False,-1.0
2023-11-20,The Citadel Bulldogs,62.0,away,0.0,0.0,True,1.0
2023-11-20,Hampton Pirates,52.0,home,0.0,0.0,False,-19.0
2023-11-20,San José State Spartans,71.0,away,0.0,0.0,True,19.0
2023-11-20,Kent State Golden Flashes,79.0,home,0.0,0.0,True,7.0
2023-11-20,Fordham Rams,72.0,away,0.0,0.0,False,-7.0
2023-11-20,Louisiana Ragin' Cajuns,85.0,home,0.0,0.0,False,-6.0
2023-11-20,Wright State Raiders,91.0,away,0.0,0.0,True,6.0
2023-11-20,Austin Peay Governors,59.0,home,0.0,0.0,False,-7.0
2023-11-20,Tarleton State Texans,66.0,away,0.0,0.0,True,7.0
2023-11-20,East Carolina Pirates,82.0,home,0.0,0.0,True,18.0
2023-11-20,Georgia Southern Eagles,64.0,away,0.0,0.0,False,-18.0
2023-11-20,UNLV Rebels,75.0,home,0.0,0.0,False,-8.0
2023-11-20,Florida State Seminoles,83.0,away,0.0,0.0,True,8.0
2023-11-20,Bellarmine Knights,51.0,home,0.0,0.0,False,-13.0
2023-11-20,Morehead State Eagles,64.0,away,0.0,0.0,True,13.0
2023-11-20,Florida International Panthers,69.0,home,0.0,0.0,False,-11.0
2023-11-20,Marshall Thundering Herd,80.0,away,0.0,0.0,True,11.0
2023-11-20,Louisville Cardinals,66.0,home,0.0,0.0,False,-8.0
2023-11-20,Indiana Hoosiers,74.0,away,0.0,0.0,True,8.0
2023-11-20,Stony Brook Seawolves,55.0,home,0.0,0.0,True,7.0
2023-11-20,Rider Broncs,48.0,away,0.0,0.0,False,-7.0
2023-11-20,George Mason Patriots,73.0,home,0.0,0.0,True,2.0
2023-11-20,South Dakota State Jackrabbits,71.0,away,0.0,0.0,False,-2.0
2023-11-21,Bucknell Bison,67.0,home,0.0,0.0,True,11.0
2023-11-21,Southern Indiana Screaming Eagles,56.0,away,0.0,0.0,False,-11.0
2023-11-21,Troy Trojans,86.0,home,0.0,0.0,False,-2.0
2023-11-21,Sam Houston Bearkats,88.0,away,0.0,0.0,True,2.0
2023-11-21,Bryant Bulldogs,67.0,home,0.0,0.0,True,6.0
2023-11-21,Howard Bison,61.0,away,0.0,0.0,False,-6.0
2023-11-21,Campbell Fighting Camels,75.0,home,0.0,0.0,False,-3.0
2023-11-21,North Carolina Central Eagles,78.0,away,0.0,0.0,True,3.0
2023-11-21,Bethune-Cookman Wildcats,79.0,home,0.0,0.0,True,6.0
2023-11-21,Charleston Southern Buccaneers,73.0,away,0.0,0.0,False,-6.0
2023-11-21,NJIT Highlanders,81.0,home,0.0,0.0,True,9.0
2023-11-21,Delaware State Hornets,72.0,away,0.0,0.0,False,-9.0
2023-11-21,Saint Peter's Peacocks,61.0,home,0.0,0.0,False,-8.0
2023-11-21,UMass Lowell River Hawks,69.0,away,0.0,0.0,True,8.0
2023-11-21,Saint Francis Red Flash,77.0,home,0.0,0.0,True,14.0
2023-11-21,Pittsburgh - Greensburg Bobcats,63.0,away,0.0,0.0,False,-14.0
2023-11-21,Canisius Golden Griffins,109.0,home,0.0,0.0,True,40.0
2023-11-21,D'Youville Saints,69.0,away,0.0,0.0,False,-40.0
2023-11-21,UT Rio Grande Valley Vaqueros,92.0,home,0.0,0.0,True,19.0
2023-11-21,North American Stallions,73.0,away,0.0,0.0,False,-19.0
2023-11-21,Hofstra Pride,102.0,home,0.0,0.0,True,34.0
2023-11-21,Buffalo Bulls,68.0,away,0.0,0.0,False,-34.0
2023-11-21,Akron Zips,62.0,home,0.0,0.0,False,-3.0
2023-11-21,Utah State Aggies,65.0,away,0.0,0.0,True,3.0
2023-11-21,Tulsa Golden Hurricane,90.0,home,0.0,0.0,True,20.0
2023-11-21,South Carolina State Bulldogs,70.0,away,0.0,0.0,False,-20.0
2023-11-21,Florida A&M Rattlers,54.0,home,0.0,0.0,False,-13.0
2023-11-21,Oregon Ducks,67.0,away,0.0,0.0,True,13.0
2023-11-21,North Dakota State Bison,101.0,home,0.0,0.0,True,29.0
2023-11-21,Wisconsin-Stout Blue Devils,72.0,away,0.0,0.0,False,-29.0
2023-11-21,Tennessee State Tigers,87.0,home,0.0,0.0,True,17.0
2023-11-21,Midway University Eagles,70.0,away,0.0,0.0,False,-17.0
2023-11-21,UL Monroe Warhawks,103.0,home,0.0,0.0,True,29.0
2023-11-21,Ecclesia Royals,74.0,away,0.0,0.0,False,-29.0
2023-11-21,Southeast Missouri State Redhawks,70.0,home,0.0,0.0,True,2.0
2023-11-21,Central Arkansas Bears,68.0,away,0.0,0.0,False,-2.0
2023-11-21,East Texas A&M Lions,97.0,home,0.0,0.0,True,11.0
2023-11-21,Stonehill Skyhawks,86.0,away,0.0,0.0,False,-11.0
2023-11-21,Oklahoma State Cowboys,96.0,home,0.0,0.0,True,28.0
2023-11-21,New Orleans Privateers,68.0,away,0.0,0.0,False,-28.0
2023-11-21,Houston Christian Huskies,87.0,home,0.0,0.0,False,-2.0
2023-11-21,UTSA Roadrunners,89.0,away,0.0,0.0,True,2.0
2023-11-21,West Virginia Mountaineers,58.0,home,0.0,0.0,False,-12.0
2023-11-21,SMU Mustangs,70.0,away,0.0,0.0,True,12.0
2023-11-21,Charlotte 49ers,71.0,home,0.0,0.0,False,-3.0
2023-11-21,UCF Knights,74.0,away,0.0,0.0,True,3.0
2023-11-21,Montana State Bobcats,53.0,home,0.0,0.0,False,-1.0
2023-11-21,Green Bay Phoenix,54.0,away,0.0,0.0,True,1.0
2023-11-21,Missouri State Bears,87.0,home,0.0,0.0,True,18.0
2023-11-21,Abilene Christian Wildcats,69.0,away,0.0,0.0,False,-18.0
2023-11-21,Santa Clara Broncos,81.0,home,0.0,0.0,True,42.0
2023-11-21,Mississippi Valley State Delta Devils,39.0,away,0.0,0.0,False,-42.0
2023-11-21,San Diego Toreros,67.0,home,0.0,0.0,True,8.0
2023-11-21,Navy Midshipmen,59.0,away,0.0,0.0,False,-8.0
2023-11-21,Tulane Green Wave,77.0,home,0.0,0.0,False,-3.0
2023-11-21,Bradley Braves,80.0,away,0.0,0.0,True,3.0
2023-11-21,Pacific Tigers,71.0,home,0.0,0.0,False,-2.0
2023-11-21,North Dakota Fighting Hawks,73.0,away,0.0,0.0,True,2.0
2023-11-21,California Golden Bears,72.0,home,0.0,0.0,False,-3.0
2023-11-21,UTEP Miners,75.0,away,0.0,0.0,True,3.0
2023-11-07,Duke Blue Devils,92.0,home,0.0,0.0,True,38.0
2023-11-07,Dartmouth Big Green,54.0,away,0.0,0.0,False,-38.0
2023-11-07,Michigan State Spartans,76.0,home,0.0,0.0,False,-3.0
2023-11-07,James Madison Dukes,79.0,away,0.0,0.0,True,3.0
2023-11-07,Houston Cougars,84.0,home,0.0,0.0,True,53.0
2023-11-07,UL Monroe Warhawks,31.0,away,0.0,0.0,False,-53.0
2023-11-07,Texas A&M Aggies,78.0,home,0.0,0.0,True,32.0
2023-11-07,East Texas A&M Lions,46.0,away,0.0,0.0,False,-32.0
2023-11-07,Kentucky Wildcats,86.0,home,0.0,0.0,True,40.0
2023-11-07,New Mexico State Aggies,46.0,away,0.0,0.0,False,-40.0
2023-11-06,Purdue Boilermakers,98.0,home,0.0,0.0,True,53.0
2023-11-06,Samford Bulldogs,45.0,away,0.0,0.0,False,-53.0
2023-11-07,Saint Mary's Gaels,107.0,home,0.0,0.0,True,79.0
2023-11-07,Stanislaus State Warriors,28.0,away,0.0,0.0,False,-79.0
2023-11-07,Marquette Golden Eagles,92.0,home,0.0,0.0,True,22.0
2023-11-07,Northern Illinois Huskies,70.0,away,0.0,0.0,False,-22.0
2023-11-07,North Carolina Tar Heels,86.0,home,0.0,0.0,True,16.0
2023-11-07,Radford Highlanders,70.0,away,0.0,0.0,False,-16.0
2023-11-07,Alabama Crimson Tide,105.0,home,0.0,0.0,True,32.0
2023-11-07,Morehead State Eagles,73.0,away,0.0,0.0,False,-32.0
2023-11-07,Arizona Wildcats,122.0,home,0.0,0.0,True,63.0
2023-11-07,Morgan State Bears,59.0,away,0.0,0.0,False,-63.0
2023-11-07,Texas Longhorns,88.0,home,0.0,0.0,True,32.0
2023-11-07,Incarnate Word Cardinals,56.0,away,0.0,0.0,False,-32.0
2023-11-07,Villanova Wildcats,90.0,home,0.0,0.0,True,27.0
2023-11-07,American University Eagles,63.0,away,0.0,0.0,False,-27.0
2023-11-06,Tennessee Volunteers,80.0,home,0.0,0.0,True,38.0
2023-11-06,Tennessee Tech Golden Eagles,42.0,away,0.0,0.0,False,-38.0
2023-11-07,Kansas Jayhawks,99.0,home,0.0,0.0,True,43.0
2023-11-07,North Carolina Central Eagles,56.0,away,0.0,0.0,False,-43.0
2023-11-07,San Diego State Aztecs,83.0,home,0.0,0.0,True,26.0
2023-11-07,Cal State Fullerton Titans,57.0,away,0.0,0.0,False,-26.0
2023-11-07,Miami Hurricanes,101.0,home,0.0,0.0,True,41.0
2023-11-07,NJIT Highlanders,60.0,away,0.0,0.0,False,-41.0
2023-11-06,UConn Huskies,95.0,home,0.0,0.0,True,43.0
2023-11-06,Northern Arizona Lumberjacks,52.0,away,0.0,0.0,False,-43.0
2023-11-07,Arkansas Razorbacks,93.0,home,0.0,0.0,True,34.0
2023-11-07,Alcorn State Braves,59.0,away,0.0,0.0,False,-34.0
2023-11-07,USC Trojans,82.0,home,0.0,0.0,True,13.0
2023-11-07,Kansas State Wildcats,69.0,away,0.0,0.0,False,-13.0
2023-11-07,Illinois Fighting Illini,80.0,home,0.0,0.0,True,28.0
2023-11-07,Eastern Illinois Panthers,52.0,away,0.0,0.0,False,-28.0
2023-11-06,IU Indianapolis Jaguars,70.0,home,0.0,0.0,True,7.0
2023-11-06,Spalding Pelicans,63.0,away,0.0,0.0,False,-7.0
2023-11-06,Stephen F. Austin Lumberjacks,96.0,home,0.0,0.0,True,28.0
2023-11-06,North American Stallions,68.0,away,0.0,0.0,False,-28.0
2023-11-06,Hofstra Pride,101.0,home,0.0,0.0,True,53.0
2023-11-06,Saint Josephs Long Island Golden Eagles,48.0,away,0.0,0.0,False,-53.0
2023-11-06,Prairie View A&M Panthers,89.0,home,0.0,0.0,True,23.0
2023-11-06,Kansas Christian Falcons,66.0,away,0.0,0.0,False,-23.0
2023-11-07,Stetson Hatters,109.0,home,0.0,0.0,True,55.0
2023-11-07,Trinity College of Jacksonville Eagles,54.0,away,0.0,0.0,False,-55.0
2023-11-06,Oregon Ducks,82.0,home,0.0,0.0,True,11.0
2023-11-06,Georgia Bulldogs,71.0,away,0.0,0.0,False,-11.0
2023-11-06,Troy Trojans,92.0,home,0.0,0.0,True,45.0
2023-11-06,Fort Lauderdale Eagles,47.0,away,0.0,0.0,False,-45.0
2023-11-07,Penn State Nittany Lions,79.0,home,0.0,0.0,True,34.0
2023-11-07,Delaware State Hornets,45.0,away,0.0,0.0,False,-34.0
2023-11-07,Gardner-Webb Runnin' Bulldogs,98.0,home,0.0,0.0,True,40.0
2023-11-07,Erskine Flying Fleet,58.0,away,0.0,0.0,False,-40.0
2023-11-06,UMass Lowell River Hawks,96.0,home,0.0,0.0,True,45.0
2023-11-06,Rivier Raiders,51.0,away,0.0,0.0,False,-45.0
2023-11-07,East Tennessee State Buccaneers,73.0,home,0.0,0.0,True,17.0
2023-11-07,King (TN) Tornado,56.0,away,0.0,0.0,False,-17.0
2023-11-07,Furman Paladins,84.0,home,0.0,0.0,True,16.0
2023-11-07,North Greenville Crusaders,68.0,away,0.0,0.0,False,-16.0
2023-11-07,Coastal Carolina Chanticleers,88.0,home,0.0,0.0,True,2.0
2023-11-07,Piedmont Lions,86.0,away,0.0,0.0,False,-2.0
2023-11-06,Pennsylvania Quakers,102.0,home,0.0,0.0,True,45.0
2023-11-06,John Jay College Bloodhounds,57.0,away,0.0,0.0,False,-45.0
2023-11-06,Oregon State Beavers,82.0,home,0.0,0.0,True,36.0
2023-11-06,Linfield College Wildcats,46.0,away,0.0,0.0,False,-36.0
2023-11-07,UNC Wilmington Seahawks,105.0,home,0.0,0.0,True,39.0
2023-11-07,Mount Olive Trojans,66.0,away,0.0,0.0,False,-39.0
2023-11-07,UT Martin Skyhawks,104.0,home,0.0,0.0,True,28.0
2023-11-07,Champion Christian Tigers,76.0,away,0.0,0.0,False,-28.0
2023-11-07,South Carolina State Bulldogs,65.0,home,0.0,0.0,True,8.0
2023-11-07,Voorhees Tigers,57.0,away,0.0,0.0,False,-8.0
2023-11-07,Jacksonville Dolphins,113.0,home,0.0,0.0,True,67.0
2023-11-07,Johnson University Florida Suns,46.0,away,0.0,0.0,False,-67.0
2023-11-07,Mercer Bears,64.0,home,0.0,0.0,False,-7.0
2023-11-07,Clark Atlanta Panthers,71.0,away,0.0,0.0,True,7.0
2023-11-07,Charleston Southern Buccaneers,94.0,home,0.0,0.0,True,35.0
2023-11-07,Toccoa Falls Eagles,59.0,away,0.0,0.0,False,-35.0
2023-11-07,Kent State Golden Flashes,79.0,home,0.0,0.0,True,21.0
2023-11-07,Malone Pioneers,58.0,away,0.0,0.0,False,-21.0
2023-11-07,Davidson Wildcats,86.0,home,0.0,0.0,True,23.0
2023-11-07,Washington and Lee Generals,63.0,away,0.0,0.0,False,-23.0
2023-11-07,Chattanooga Mocs,89.0,home,0.0,0.0,True,45.0
2023-11-07,Covenant Fighting Scots,44.0,away,0.0,0.0,False,-45.0
2023-11-07,Siena Saints,73.0,home,0.0,0.0,True,2.0
2023-11-07,Holy Cross Crusaders,71.0,away,0.0,0.0,False,-2.0
2023-11-07,South Carolina Gamecocks,82.0,home,0.0,0.0,True,29.0
2023-11-07,South Carolina Upstate Spartans,53.0,away,0.0,0.0,False,-29.0
2023-11-07,SE Louisiana Lions,90.0,home,0.0,0.0,True,19.0
2023-11-07,Delta State Statesmen,71.0,away,0.0,0.0,False,-19.0
2023-11-07,Duquesne Dukes,79.0,home,0.0,0.0,True,2.0
2023-11-07,Cleveland State Vikings,77.0,away,0.0,0.0,False,-2.0
2023-11-07,Wofford Terriers,85.0,home,0.0,0.0,True,17.0
2023-11-07,Brevard Tornados,68.0,away,0.0,0.0,False,-17.0
2023-11-07,High Point Panthers,105.0,home,0.0,0.0,True,54.0
2023-11-07,St. Andrews Knights,51.0,away,0.0,0.0,False,-54.0
2023-11-07,Howard Bison,92.0,home,0.0,0.0,True,12.0
2023-11-07,Hampton Pirates,80.0,away,0.0,0.0,False,-12.0
2023-11-07,Rutgers Scarlet Knights,61.0,home,0.0,0.0,False,-7.0
2023-11-07,Princeton Tigers,68.0,away,0.0,0.0,True,7.0
2023-11-07,Norfolk State Spartans,102.0,home,0.0,0.0,True,47.0
2023-11-07,Penn State - Wilkes-Barre Mountain Lions,55.0,away,0.0,0.0,False,-47.0
2023-11-07,Bucknell Bison,57.0,home,0.0,0.0,False,-21.0
2023-11-07,Delaware Blue Hens,78.0,away,0.0,0.0,True,21.0
2023-11-07,Indiana State Sycamores,90.0,home,0.0,0.0,True,30.0
2023-11-07,Saint Mary of the Woods College Pomeroys,60.0,away,0.0,0.0,False,-30.0
2023-11-07,Rhode Island Rams,81.0,home,0.0,0.0,True,11.0
2023-11-07,Central Connecticut Blue Devils,70.0,away,0.0,0.0,False,-11.0
2023-11-07,Rider Broncs,113.0,home,0.0,0.0,True,46.0
2023-11-07,Immaculata Mighty Macs,67.0,away,0.0,0.0,False,-46.0
2023-11-07,Yale Bulldogs,102.0,home,0.0,0.0,True,49.0
2023-11-07,Vassar Brewers,53.0,away,0.0,0.0,False,-49.0
2023-11-07,Bowling Green Falcons,70.0,home,0.0,0.0,True,29.0
2023-11-07,Chicago State Cougars,41.0,away,0.0,0.0,False,-29.0
2023-11-07,Utah Valley Wolverines,81.0,home,0.0,0.0,True,8.0
2023-11-07,Carroll (MT) Fighting Saints,73.0,away,0.0,0.0,False,-8.0
2023-11-07,Liberty Flames,103.0,home,0.0,0.0,True,60.0
2023-11-07,Mid-Atlantic Christian Mustangs,43.0,away,0.0,0.0,False,-60.0
2023-11-07,North Florida Ospreys,92.0,home,0.0,0.0,True,37.0
2023-11-07,Coastal Georgia Mariner,55.0,away,0.0,0.0,False,-37.0
2023-11-07,George Mason Patriots,72.0,home,0.0,0.0,True,11.0
2023-11-07,Monmouth Hawks,61.0,away,0.0,0.0,False,-11.0
2023-11-07,Clemson Tigers,78.0,home,0.0,0.0,True,22.0
2023-11-07,Winthrop Eagles,56.0,away,0.0,0.0,False,-22.0
2023-11-07,Western Michigan Broncos,76.0,home,0.0,0.0,False,-4.0
2023-11-07,North Dakota State Bison,80.0,away,0.0,0.0,True,4.0
2023-11-07,Old Dominion Monarchs,71.0,home,0.0,0.0,True,14.0
2023-11-07,Virginia Wesleyan Blue Marlins,57.0,away,0.0,0.0,False,-14.0
2023-11-07,NC State Wolfpack,72.0,home,0.0,0.0,True,13.0
2023-11-07,The Citadel Bulldogs,59.0,away,0.0,0.0,False,-13.0
2023-11-07,Harvard Crimson,78.0,home,0.0,0.0,True,28.0
2023-11-07,Massachusetts-Boston Beacons,50.0,away,0.0,0.0,False,-28.0
2023-11-07,East Carolina Pirates,91.0,home,0.0,0.0,True,30.0
2023-11-07,Ferrum Panthers,61.0,away,0.0,0.0,False,-30.0
2023-11-07,Toledo Rockets,94.0,home,0.0,0.0,True,34.0
2023-11-07,Detroit Mercy Titans,60.0,away,0.0,0.0,False,-34.0
2023-11-07,Providence Friars,78.0,home,0.0,0.0,True,19.0
2023-11-07,Columbia Lions,59.0,away,0.0,0.0,False,-19.0
2023-11-07,Ohio State Buckeyes,79.0,home,0.0,0.0,True,6.0
2023-11-07,Oakland Golden Grizzlies,73.0,away,0.0,0.0,False,-6.0
2023-11-07,Notre Dame Fighting Irish,70.0,home,0.0,0.0,True,7.0
2023-11-07,Niagara Purple Eagles,63.0,away,0.0,0.0,False,-7.0
2023-11-07,Marshall Thundering Herd,89.0,home,0.0,0.0,True,16.0
2023-11-07,Queens University Royals,73.0,away,0.0,0.0,False,-16.0
2023-11-07,Sacred Heart Pioneers,95.0,home,0.0,0.0,True,44.0
2023-11-07,Sarah Lawrence Gryphons,51.0,away,0.0,0.0,False,-44.0
2023-11-07,Louisville Cardinals,94.0,home,0.0,0.0,True,1.0
2023-11-07,UMBC Retrievers,93.0,away,0.0,0.0,False,-1.0
2023-11-07,Charlotte 49ers,69.0,home,0.0,0.0,True,17.0
2023-11-07,Maine Black Bears,52.0,away,0.0,0.0,False,-17.0
2023-11-07,Charleston Cougars,71.0,home,0.0,0.0,True,2.0
2023-11-07,Iona Gaels,69.0,away,0.0,0.0,False,-2.0
2023-11-07,Colgate Raiders,72.0,home,0.0,0.0,True,2.0
2023-11-07,Brown Bears,70.0,away,0.0,0.0,False,-2.0
2023-11-07,Pittsburgh Panthers,100.0,home,0.0,0.0,True,48.0
2023-11-07,North Carolina A&T Aggies,52.0,away,0.0,0.0,False,-48.0
2023-11-07,Saint Joseph's Hawks,81.0,home,0.0,0.0,True,21.0
2023-11-07,Lafayette Leopards,60.0,away,0.0,0.0,False,-21.0
2023-11-07,Dayton Flyers,63.0,home,0.0,0.0,True,16.0
2023-11-07,SIU Edwardsville Cougars,47.0,away,0.0,0.0,False,-16.0
2023-11-07,St. Bonaventure Bonnies,73.0,home,0.0,0.0,True,4.0
2023-11-07,Longwood Lancers,69.0,away,0.0,0.0,False,-4.0
2023-11-07,West Virginia Mountaineers,67.0,home,0.0,0.0,True,8.0
2023-11-07,Missouri State Bears,59.0,away,0.0,0.0,False,-8.0
2023-11-07,Syracuse Orange,83.0,home,0.0,0.0,True,11.0
2023-11-07,New Hampshire Wildcats,72.0,away,0.0,0.0,False,-11.0
2023-11-07,Richmond Spiders,93.0,home,0.0,0.0,True,18.0
2023-11-07,VMI Keydets,75.0,away,0.0,0.0,False,-18.0
2023-11-07,UT Rio Grande Valley Vaqueros,110.0,home,0.0,0.0,True,51.0
2023-11-07,Southwestern Adventist Knights,59.0,away,0.0,0.0,False,-51.0
2023-11-07,Lehigh Mountain Hawks,78.0,home,0.0,0.0,False,-6.0
2023-11-07,Cornell Big Red,84.0,away,0.0,0.0,True,6.0
2023-11-07,Northwestern State Demons,101.0,home,0.0,0.0,True,47.0
2023-11-07,Dallas Christian Crusaders,54.0,away,0.0,0.0,False,-47.0
2023-11-07,Virginia Cavaliers,80.0,home,0.0,0.0,True,30.0
2023-11-07,Tarleton State Texans,50.0,away,0.0,0.0,False,-30.0
2023-11-07,VCU Rams,65.0,home,0.0,0.0,False,-11.0
2023-11-07,McNeese Cowboys,76.0,away,0.0,0.0,True,11.0
2023-11-07,Bryant Bulldogs,59.0,home,0.0,0.0,False,-2.0
2023-11-07,Manhattan Jaspers,61.0,away,0.0,0.0,True,2.0
2023-11-07,Georgia Tech Yellow Jackets,84.0,home,0.0,0.0,True,22.0
2023-11-07,Georgia Southern Eagles,62.0,away,0.0,0.0,False,-22.0
2023-11-07,William & Mary Tribe,84.0,home,0.0,0.0,True,55.0
2023-11-07,Regent Royals,29.0,away,0.0,0.0,False,-55.0
2023-11-07,Buffalo Bulls,86.0,home,0.0,0.0,False,-6.0
2023-11-07,Fairleigh Dickinson Knights,92.0,away,0.0,0.0,True,6.0
2023-11-07,Temple Owls,85.0,home,0.0,0.0,True,20.0
2023-11-07,Maryland Eastern Shore Hawks,65.0,away,0.0,0.0,False,-20.0
2023-11-07,Fordham Rams,68.0,home,0.0,0.0,True,4.0
2023-11-07,Wagner Seahawks,64.0,away,0.0,0.0,False,-4.0
2023-11-07,Colorado Buffaloes,75.0,home,0.0,0.0,True,18.0
2023-11-07,Towson Tigers,57.0,away,0.0,0.0,False,-18.0
2023-11-07,Seton Hall Pirates,70.0,home,0.0,0.0,True,11.0
2023-11-07,Saint Peter's Peacocks,59.0,away,0.0,0.0,False,-11.0
2023-11-07,Vermont Catamounts,67.0,home,0.0,0.0,True,12.0
2023-11-07,Merrimack Warriors,55.0,away,0.0,0.0,False,-12.0
2023-11-07,New Orleans Privateers,100.0,home,0.0,0.0,True,30.0
2023-11-07,Millsaps Majors,70.0,away,0.0,0.0,False,-30.0
2023-11-07,Quinnipiac Bobcats,116.0,home,0.0,0.0,True,68.0
2023-11-07,Coast Guard Bears,48.0,away,0.0,0.0,False,-68.0
2023-11-07,Belmont Bruins,89.0,home,0.0,0.0,True,2.0
2023-11-07,Georgia State Panthers,87.0,away,0.0,0.0,False,-2.0
2023-11-07,Wichita State Shockers,76.0,home,0.0,0.0,True,17.0
2023-11-07,Lipscomb Bisons,59.0,away,0.0,0.0,False,-17.0
2023-11-07,South Alabama Jaguars,74.0,home,0.0,0.0,False,-9.0
2023-11-07,Mobile Rams,83.0,away,0.0,0.0,True,9.0
2023-11-07,Southern Illinois Salukis,88.0,home,0.0,0.0,True,31.0
2023-11-07,Kentucky State Thorobreds,57.0,away,0.0,0.0,False,-31.0
2023-11-07,Milwaukee Panthers,91.0,home,0.0,0.0,True,18.0
2023-11-07,Wisconsin-Stout Blue Devils,73.0,away,0.0,0.0,False,-18.0
2023-11-07,Campbell Fighting Camels,59.0,home,0.0,0.0,True,11.0
2023-11-07,Navy Midshipmen,48.0,away,0.0,0.0,False,-11.0
2023-11-07,Grambling Tigers,82.0,home,0.0,0.0,True,15.0
2023-11-07,UNT Dallas Trailblazers,67.0,away,0.0,0.0,False,-15.0
2023-11-07,Ole Miss Rebels,69.0,home,0.0,0.0,True,10.0
2023-11-07,Alabama State Hornets,59.0,away,0.0,0.0,False,-10.0
2023-11-07,Valparaiso Beacons,100.0,home,0.0,0.0,True,39.0
2023-11-07,Trinity Christian (IL) Trolls,61.0,away,0.0,0.0,False,-39.0
2023-11-07,Southern Miss Golden Eagles,64.0,home,0.0,0.0,True,22.0
2023-11-07,William Carey Crusaders,42.0,away,0.0,0.0,False,-22.0
2023-11-07,Missouri Tigers,101.0,home,0.0,0.0,True,22.0
2023-11-07,Arkansas-Pine Bluff Golden Lions,79.0,away,0.0,0.0,False,-22.0
2023-11-07,Murray State Racers,91.0,home,0.0,0.0,True,33.0
2023-11-07,Midway University Eagles,58.0,away,0.0,0.0,False,-33.0
2023-11-07,Little Rock Trojans,71.0,home,0.0,0.0,True,5.0
2023-11-07,Texas State Bobcats,66.0,away,0.0,0.0,False,-5.0
2023-11-07,Saint Louis Billikens,75.0,home,0.0,0.0,True,12.0
2023-11-07,Southern Indiana Screaming Eagles,63.0,away,0.0,0.0,False,-12.0
2023-11-07,UT Arlington Mavericks,75.0,home,0.0,0.0,True,4.0
2023-11-07,Oral Roberts Golden Eagles,71.0,away,0.0,0.0,False,-4.0
2023-11-07,Northeastern Huskies,67.0,home,0.0,0.0,True,9.0
2023-11-07,Boston University Terriers,58.0,away,0.0,0.0,False,-9.0
2023-11-07,Idaho State Bengals,92.0,home,0.0,0.0,True,56.0
2023-11-07,Warner Pacific Knights,36.0,away,0.0,0.0,False,-56.0
2023-11-07,Evansville Purple Aces,72.0,home,0.0,0.0,True,8.0
2023-11-07,Miami (OH) RedHawks,64.0,away,0.0,0.0,False,-8.0
2023-11-07,UTSA Roadrunners,78.0,home,0.0,0.0,True,10.0
2023-11-07,Western Illinois Leathernecks,68.0,away,0.0,0.0,False,-10.0
2023-11-07,UAB Blazers,71.0,home,0.0,0.0,False,-2.0
2023-11-07,Bradley Braves,73.0,away,0.0,0.0,True,2.0
2023-11-07,LSU Tigers,106.0,home,0.0,0.0,True,46.0
2023-11-07,Mississippi Valley State Delta Devils,60.0,away,0.0,0.0,False,-46.0
2023-11-07,Wisconsin Badgers,105.0,home,0.0,0.0,True,29.0
2023-11-07,Arkansas State Red Wolves,76.0,away,0.0,0.0,False,-29.0
2023-11-07,Army Black Knights,55.0,home,0.0,0.0,False,-16.0
2023-11-07,Marist Red Foxes,71.0,away,0.0,0.0,True,16.0
2023-11-07,Oklahoma Sooners,89.0,home,0.0,0.0,True,30.0
2023-11-07,Central Michigan Chippewas,59.0,away,0.0,0.0,False,-30.0
2023-11-07,Lamar Cardinals,114.0,home,0.0,0.0,True,48.0
2023-11-07,Jarvis Christian Bulldogs,66.0,away,0.0,0.0,False,-48.0
2023-11-07,Memphis Tigers,94.0,home,0.0,0.0,True,17.0
2023-11-07,Jackson State Tigers,77.0,away,0.0,0.0,False,-17.0
2023-11-07,Butler Bulldogs,94.0,home,0.0,0.0,True,39.0
2023-11-07,Eastern Michigan Eagles,55.0,away,0.0,0.0,False,-39.0
2023-11-07,George Washington Revolutionaries,89.0,home,0.0,0.0,True,45.0
2023-11-07,Stonehill Skyhawks,44.0,away,0.0,0.0,False,-45.0
2023-11-07,Wake Forest Demon Deacons,101.0,home,0.0,0.0,True,23.0
2023-11-07,Elon Phoenix,78.0,away,0.0,0.0,False,-23.0
2023-11-07,Virginia Tech Hokies,100.0,home,0.0,0.0,True,45.0
2023-11-07,Coppin State Eagles,55.0,away,0.0,0.0,False,-45.0
2023-11-07,Illinois State Redbirds,75.0,home,0.0,0.0,True,19.0
2023-11-07,Lourdes University Gray Wolves,56.0,away,0.0,0.0,False,-19.0
2023-11-07,Boston College Eagles,89.0,home,0.0,0.0,True,19.0
2023-11-07,Fairfield Stags,70.0,away,0.0,0.0,False,-19.0
2023-11-07,Xavier Musketeers,77.0,home,0.0,0.0,True,14.0
2023-11-07,Robert Morris Colonials,63.0,away,0.0,0.0,False,-14.0
2023-11-07,Kansas City Roos,79.0,home,0.0,0.0,True,31.0
2023-11-07,Avila Eagles,48.0,away,0.0,0.0,False,-31.0
2023-11-07,Florida Gators,93.0,home,0.0,0.0,True,20.0
2023-11-07,Loyola Maryland Greyhounds,73.0,away,0.0,0.0,False,-20.0
2023-11-07,UCF Knights,85.0,home,0.0,0.0,True,23.0
2023-11-07,Florida International Panthers,62.0,away,0.0,0.0,False,-23.0
2023-11-07,Iowa State Cyclones,85.0,home,0.0,0.0,True,41.0
2023-11-07,Green Bay Phoenix,44.0,away,0.0,0.0,False,-41.0
2023-11-07,Nebraska Cornhuskers,84.0,home,0.0,0.0,True,32.0
2023-11-07,Lindenwood Lions,52.0,away,0.0,0.0,False,-32.0
2023-11-07,Minnesota Golden Gophers,80.0,home,0.0,0.0,True,20.0
2023-11-07,Bethune-Cookman Wildcats,60.0,away,0.0,0.0,False,-20.0
2023-11-07,Northwestern Wildcats,72.0,home,0.0,0.0,True,11.0
2023-11-07,Binghamton Bearcats,61.0,away,0.0,0.0,False,-11.0
2023-11-07,Tulsa Golden Hurricane,70.0,home,0.0,0.0,True,17.0
2023-11-07,Central Arkansas Bears,53.0,away,0.0,0.0,False,-17.0
2023-11-07,Austin Peay Governors,90.0,home,0.0,0.0,True,18.0
2023-11-07,Life University Running Eagles,72.0,away,0.0,0.0,False,-18.0
2023-11-07,Western Kentucky Hilltoppers,90.0,home,0.0,0.0,True,26.0
2023-11-07,Kentucky Wesleyan Panthers,64.0,away,0.0,0.0,False,-26.0
2023-11-07,SMU Mustangs,82.0,home,0.0,0.0,True,19.0
2023-11-07,Southwestern Assemblies of God Lions,63.0,away,0.0,0.0,False,-19.0
2023-11-07,Middle Tennessee Blue Raiders,74.0,home,0.0,0.0,True,17.0
2023-11-07,Northern Kentucky Norse,57.0,away,0.0,0.0,False,-17.0
2023-11-07,North Alabama Lions,93.0,home,0.0,0.0,True,33.0
2023-11-07,Blue Mountain Toppers,60.0,away,0.0,0.0,False,-33.0
2023-11-07,UC Davis Aggies,86.0,home,0.0,0.0,True,35.0
2023-11-07,Jessup University Warriors,51.0,away,0.0,0.0,False,-35.0
2023-11-07,Tennessee State Tigers,76.0,home,0.0,0.0,True,15.0
2023-11-07,Fisk Bulldogs,61.0,away,0.0,0.0,False,-15.0
2023-11-07,Louisiana Ragin' Cajuns,72.0,home,0.0,0.0,True,10.0
2023-11-07,Youngstown State Penguins,62.0,away,0.0,0.0,False,-10.0
2023-11-07,Oklahoma State Cowboys,59.0,home,0.0,0.0,False,-5.0
2023-11-07,Abilene Christian Wildcats,64.0,away,0.0,0.0,True,5.0
2023-11-07,UTEP Miners,120.0,home,0.0,0.0,True,49.0
2023-11-07,McMurry War Hawks,71.0,away,0.0,0.0,False,-49.0
2023-11-07,Omaha Mavericks,85.0,home,0.0,0.0,True,32.0
2023-11-07,Doane Tigers,53.0,away,0.0,0.0,False,-32.0
2023-11-07,BYU Cougars,110.0,home,0.0,0.0,True,47.0
2023-11-07,Houston Christian Huskies,63.0,away,0.0,0.0,False,-47.0
2023-11-07,South Dakota Coyotes,85.0,home,0.0,0.0,True,32.0
2023-11-07,Mount Marty College Lancers,53.0,away,0.0,0.0,False,-32.0
2023-11-07,Grand Canyon Lopes,88.0,home,0.0,0.0,True,21.0
2023-11-07,Southeast Missouri State Redhawks,67.0,away,0.0,0.0,False,-21.0
2023-11-07,California Golden Bears,71.0,home,0.0,0.0,True,5.0
2023-11-07,St. Thomas-Minnesota Tommies,66.0,away,0.0,0.0,False,-5.0
2023-11-07,Tulane Green Wave,91.0,home,0.0,0.0,True,10.0
2023-11-07,Nicholls Colonels,81.0,away,0.0,0.0,False,-10.0
2023-11-07,Montana State Bobcats,103.0,home,0.0,0.0,True,40.0
2023-11-07,Northwest Indian RedHawks,63.0,away,0.0,0.0,False,-40.0
2023-11-07,Cincinnati Bearcats,69.0,home,0.0,0.0,True,11.0
2023-11-07,UIC Flames,58.0,away,0.0,0.0,False,-11.0
2023-11-07,TCU Horned Frogs,108.0,home,0.0,0.0,True,33.0
2023-11-07,Southern Jaguars,75.0,away,0.0,0.0,False,-33.0
2023-11-07,Utah State Aggies,101.0,home,0.0,0.0,True,53.0
2023-11-07,South Dakota Mines Hardrockers,48.0,away,0.0,0.0,False,-53.0
2023-11-07,South Dakota State Jackrabbits,75.0,home,0.0,0.0,False,-6.0
2023-11-07,Akron Zips,81.0,away,0.0,0.0,True,6.0
2023-11-07,Air Force Falcons,55.0,home,0.0,0.0,False,-7.0
2023-11-07,Portland State Vikings,62.0,away,0.0,0.0,True,7.0
2023-11-07,Northern Colorado Bears,87.0,home,0.0,0.0,True,29.0
2023-11-07,Colorado College Tigers,58.0,away,0.0,0.0,False,-29.0
2023-11-07,Utah Utes,101.0,home,0.0,0.0,True,35.0
2023-11-07,Eastern Washington Eagles,66.0,away,0.0,0.0,False,-35.0
2023-11-07,Colorado State Rams,81.0,home,0.0,0.0,True,8.0
2023-11-07,Louisiana Tech Bulldogs,73.0,away,0.0,0.0,False,-8.0
2023-11-07,New Mexico Lobos,92.0,home,0.0,0.0,True,37.0
2023-11-07,Texas Southern Tigers,55.0,away,0.0,0.0,False,-37.0
2023-11-07,Cal State Bakersfield Roadrunners,73.0,home,0.0,0.0,True,1.0
2023-11-07,Southern Utah Thunderbirds,72.0,away,0.0,0.0,False,-1.0
2023-11-07,Cal Poly Mustangs,80.0,home,0.0,0.0,True,18.0
2023-11-07,La Verne Leopards,62.0,away,0.0,0.0,False,-18.0
2023-11-07,Pepperdine Waves,76.0,home,0.0,0.0,True,12.0
2023-11-07,Concordia-Irvine Eagles,64.0,away,0.0,0.0,False,-12.0
2023-11-07,San Francisco Dons,128.0,home,0.0,0.0,True,69.0
2023-11-07,Bethesda University Flames,59.0,away,0.0,0.0,False,-69.0
2023-11-07,California Baptist Lancers,74.0,home,0.0,0.0,True,17.0
2023-11-07,San Francisco State Gators,57.0,away,0.0,0.0,False,-17.0
2023-11-07,UC San Diego Tritons,95.0,home,0.0,0.0,True,8.0
2023-11-07,Denver Pioneers,87.0,away,0.0,0.0,False,-8.0
2023-11-07,Pacific Tigers,57.0,home,0.0,0.0,False,-7.0
2023-11-07,Sam Houston Bearkats,64.0,away,0.0,0.0,True,7.0
2023-11-07,Fresno State Bulldogs,77.0,home,0.0,0.0,True,11.0
2023-11-07,Fresno Pacific Sunbirds,66.0,away,0.0,0.0,False,-11.0
2023-11-07,Portland Pilots,78.0,home,0.0,0.0,True,5.0
2023-11-07,Long Beach State Beach,73.0,away,0.0,0.0,False,-5.0
2023-11-07,San Diego Toreros,68.0,home,0.0,0.0,True,4.0
2023-11-07,Sonoma State Seawolves,64.0,away,0.0,0.0,False,-4.0
2023-11-07,Washington State Cougars,84.0,home,0.0,0.0,True,25.0
2023-11-07,Idaho Vandals,59.0,away,0.0,0.0,False,-25.0
2023-11-07,Stanford Cardinal,88.0,home,0.0,0.0,True,9.0
2023-11-07,Cal State Northridge Matadors,79.0,away,0.0,0.0,False,-9.0
2023-11-07,Washington Huskies,91.0,home,0.0,0.0,True,34.0
2023-11-07,Bellarmine Knights,57.0,away,0.0,0.0,False,-34.0
2023-11-07,UCLA Bruins,75.0,home,0.0,0.0,True,31.0
2023-11-07,Saint Francis Red Flash,44.0,away,0.0,0.0,False,-31.0
2023-11-22,Marquette Golden Eagles,75.0,home,0.0,0.0,False,-3.0
2023-11-22,Purdue Boilermakers,78.0,away,0.0,0.0,True,3.0
2023-11-23,Oregon State Beavers,72.0,home,0.0,0.0,False,-16.0
2023-11-23,Baylor Bears,88.0,away,0.0,0.0,True,16.0
2023-11-23,Arkansas Razorbacks,77.0,home,0.0,0.0,True,3.0
2023-11-23,Stanford Cardinal,74.0,away,0.0,0.0,False,-3.0
2023-11-22,Creighton Bluejays,88.0,home,0.0,0.0,True,23.0
2023-11-22,Loyola Chicago Ramblers,65.0,away,0.0,0.0,False,-23.0
2023-11-22,Kansas Jayhawks,69.0,home,0.0,0.0,True,9.0
2023-11-22,Tennessee Volunteers,60.0,away,0.0,0.0,False,-9.0
2023-11-22,Virginia Cavaliers,56.0,home,0.0,0.0,True,2.0
2023-11-22,West Virginia Mountaineers,54.0,away,0.0,0.0,False,-2.0
2023-11-22,Southern Utah Thunderbirds,74.0,home,0.0,0.0,True,7.0
2023-11-22,Texas State Bobcats,67.0,away,0.0,0.0,False,-7.0
2023-11-22,South Dakota Coyotes,100.0,home,0.0,0.0,True,52.0
2023-11-22,Northland Lumberjacks,48.0,away,0.0,0.0,False,-52.0
2023-11-22,Presbyterian Blue Hose,75.0,home,0.0,0.0,False,-4.0
2023-11-22,Tennessee Tech Golden Eagles,79.0,away,0.0,0.0,True,4.0
2023-11-22,North Carolina Tar Heels,91.0,home,0.0,0.0,True,22.0
2023-11-22,Northern Iowa Panthers,69.0,away,0.0,0.0,False,-22.0
2023-11-23,Fresno State Bulldogs,64.0,home,0.0,0.0,False,-31.0
2023-11-23,James Madison Dukes,95.0,away,0.0,0.0,True,31.0
2023-11-22,Boston College Eagles,74.0,home,0.0,0.0,False,-12.0
2023-11-22,Colorado State Rams,86.0,away,0.0,0.0,True,12.0
2023-11-22,Iona Gaels,89.0,home,0.0,0.0,True,25.0
2023-11-22,Buffalo Bulls,64.0,away,0.0,0.0,False,-25.0
2023-11-23,UCLA Bruins,65.0,home,0.0,0.0,False,-4.0
2023-11-23,Gonzaga Bulldogs,69.0,away,0.0,0.0,True,4.0
2023-11-22,Murray State Racers,57.0,home,0.0,0.0,False,-10.0
2023-11-22,App State Mountaineers,67.0,away,0.0,0.0,True,10.0
2023-11-22,Morgan State Bears,83.0,home,0.0,0.0,False,-1.0
2023-11-22,Chicago State Cougars,84.0,away,0.0,0.0,True,1.0
2023-11-22,Long Beach State Beach,82.0,home,0.0,0.0,False,-10.0
2023-11-22,Louisiana Ragin' Cajuns,92.0,away,0.0,0.0,True,10.0
2023-11-22,Colgate Raiders,70.0,home,0.0,0.0,False,-6.0
2023-11-22,Harvard Crimson,76.0,away,0.0,0.0,True,6.0
2023-11-22,Rhode Island Rams,97.0,home,0.0,0.0,True,38.0
2023-11-22,Johnson & Wales (RI) Griffins,59.0,away,0.0,0.0,False,-38.0
2023-11-22,Little Rock Trojans,90.0,home,0.0,0.0,False,-3.0
2023-11-22,Georgia State Panthers,93.0,away,0.0,0.0,True,3.0
2023-11-22,Morehead State Eagles,94.0,home,0.0,0.0,True,41.0
2023-11-22,Midway University Eagles,53.0,away,0.0,0.0,False,-41.0
2023-11-22,Massachusetts Minutemen,89.0,home,0.0,0.0,True,29.0
2023-11-22,Central Connecticut Blue Devils,60.0,away,0.0,0.0,False,-29.0
2023-11-22,Radford Highlanders,79.0,home,0.0,0.0,True,11.0
2023-11-22,Northern Colorado Bears,68.0,away,0.0,0.0,False,-11.0
2023-11-22,Grambling Tigers,68.0,home,0.0,0.0,False,-18.0
2023-11-22,Sam Houston Bearkats,86.0,away,0.0,0.0,True,18.0
2023-11-22,Omaha Mavericks,76.0,home,0.0,0.0,True,17.0
2023-11-22,Mid-America Christian Evangels,59.0,away,0.0,0.0,False,-17.0
2023-11-22,Sacramento State Hornets,71.0,home,0.0,0.0,False,-3.0
2023-11-22,Austin Peay Governors,74.0,away,0.0,0.0,True,3.0
2023-11-22,Old Dominion Monarchs,56.0,home,0.0,0.0,False,-20.0
2023-11-22,Princeton Tigers,76.0,away,0.0,0.0,True,20.0
2023-11-22,Michigan Wolverines,67.0,home,0.0,0.0,False,-4.0
2023-11-22,Memphis Tigers,71.0,away,0.0,0.0,True,4.0
2023-11-22,UT Martin Skyhawks,105.0,home,0.0,0.0,True,2.0
2023-11-22,North Alabama Lions,103.0,away,0.0,0.0,False,-2.0
2023-11-22,Villanova Wildcats,85.0,home,0.0,0.0,True,16.0
2023-11-22,Texas Tech Red Raiders,69.0,away,0.0,0.0,False,-16.0
2023-11-22,Temple Owls,76.0,home,0.0,0.0,False,-1.0
2023-11-22,Ole Miss Rebels,77.0,away,0.0,0.0,True,1.0
2023-11-22,Illinois State Redbirds,49.0,home,0.0,0.0,False,-25.0
2023-11-22,Wright State Raiders,74.0,away,0.0,0.0,True,25.0
2023-11-22,Louisiana Tech Bulldogs,71.0,home,0.0,0.0,True,9.0
2023-11-22,McNeese Cowboys,62.0,away,0.0,0.0,False,-9.0
2023-11-22,Campbell Fighting Camels,65.0,home,0.0,0.0,True,7.0
2023-11-22,The Citadel Bulldogs,58.0,away,0.0,0.0,False,-7.0
2023-11-22,New Mexico State Aggies,54.0,home,0.0,0.0,False,-27.0
2023-11-22,Southern Illinois Salukis,81.0,away,0.0,0.0,True,27.0
2023-11-22,Merrimack Warriors,96.0,home,0.0,0.0,True,23.0
2023-11-22,North Carolina A&T Aggies,73.0,away,0.0,0.0,False,-23.0
2023-11-22,Air Force Falcons,64.0,home,0.0,0.0,True,10.0
2023-11-22,VMI Keydets,54.0,away,0.0,0.0,False,-10.0
2023-11-22,Cal State Bakersfield Roadrunners,40.0,home,0.0,0.0,False,-19.0
2023-11-22,Tarleton State Texans,59.0,away,0.0,0.0,True,19.0
2023-11-22,American University Eagles,68.0,home,0.0,0.0,True,3.0
2023-11-22,Mount St. Mary's Mountaineers,65.0,away,0.0,0.0,False,-3.0
2023-11-22,Northern Kentucky Norse,88.0,home,0.0,0.0,True,15.0
2023-11-22,Texas A&M-Corpus Christi Islanders,73.0,away,0.0,0.0,False,-15.0
2023-11-23,Cincinnati Bearcats,89.0,home,0.0,0.0,True,35.0
2023-11-23,Georgia Tech Yellow Jackets,54.0,away,0.0,0.0,False,-35.0
2023-11-23,Vermont Catamounts,106.0,home,0.0,0.0,True,49.0
2023-11-23,Vermont State - Johnson Badgers,57.0,away,0.0,0.0,False,-49.0
2023-11-23,Saint Francis Red Flash,107.0,home,0.0,0.0,True,53.0
2023-11-23,Franciscan University Barons,54.0,away,0.0,0.0,False,-53.0
2023-11-23,Cleveland State Vikings,72.0,home,0.0,0.0,True,2.0
2023-11-23,East Tennessee State Buccaneers,70.0,away,0.0,0.0,False,-2.0
2023-11-23,Indiana State Sycamores,90.0,home,0.0,0.0,True,8.0
2023-11-23,Pepperdine Waves,82.0,away,0.0,0.0,False,-8.0
2023-11-23,Incarnate Word Cardinals,67.0,home,0.0,0.0,True,1.0
2023-11-23,Jacksonville State Gamecocks,66.0,away,0.0,0.0,False,-1.0
2023-11-23,Seattle U Redhawks,92.0,home,0.0,0.0,True,37.0
2023-11-23,Idaho Vandals,55.0,away,0.0,0.0,False,-37.0
2023-11-23,Missouri Tigers,82.0,home,0.0,0.0,True,23.0
2023-11-23,South Carolina State Bulldogs,59.0,away,0.0,0.0,False,-23.0
2023-11-23,Nebraska Cornhuskers,89.0,home,0.0,0.0,True,10.0
2023-11-23,Duquesne Dukes,79.0,away,0.0,0.0,False,-10.0
2023-11-23,St. Bonaventure Bonnies,67.0,home,0.0,0.0,True,6.0
2023-11-23,Bucknell Bison,61.0,away,0.0,0.0,False,-6.0
2023-11-23,High Point Panthers,92.0,home,0.0,0.0,False,-5.0
2023-11-23,Hofstra Pride,97.0,away,0.0,0.0,True,5.0
2023-11-23,Queens University Royals,97.0,home,0.0,0.0,True,13.0
2023-11-23,Fairleigh Dickinson Knights,84.0,away,0.0,0.0,False,-13.0
2023-11-23,Kansas State Wildcats,100.0,home,0.0,0.0,True,44.0
2023-11-23,Central Arkansas Bears,56.0,away,0.0,0.0,False,-44.0
2023-11-23,South Florida Bulls,59.0,home,0.0,0.0,False,-11.0
2023-11-23,Maine Black Bears,70.0,away,0.0,0.0,True,11.0
2023-11-23,UT Arlington Mavericks,82.0,home,0.0,0.0,True,13.0
2023-11-23,Alcorn State Braves,69.0,away,0.0,0.0,False,-13.0
2023-11-23,Samford Bulldogs,99.0,home,0.0,0.0,True,32.0
2023-11-23,Alabama State Hornets,67.0,away,0.0,0.0,False,-32.0
2023-11-23,Notre Dame Fighting Irish,75.0,home,0.0,0.0,True,20.0
2023-11-23,Maryland Eastern Shore Hawks,55.0,away,0.0,0.0,False,-20.0
2023-11-23,Southern Miss Golden Eagles,54.0,home,0.0,0.0,False,-11.0
2023-11-23,South Dakota State Jackrabbits,65.0,away,0.0,0.0,True,11.0
2023-11-23,SMU Mustangs,61.0,home,0.0,0.0,False,-8.0
2023-11-23,Wisconsin Badgers,69.0,away,0.0,0.0,True,8.0
2023-11-23,UC Santa Barbara Gauchos,91.0,home,0.0,0.0,True,12.0
2023-11-23,Westmont Warriors,79.0,away,0.0,0.0,False,-12.0
2023-11-23,Denver Pioneers,100.0,home,0.0,0.0,True,32.0
2023-11-23,Colorado Christian Cougars,68.0,away,0.0,0.0,False,-32.0
2023-11-23,Eastern Washington Eagles,97.0,home,0.0,0.0,True,51.0
2023-11-23,Walla Walla Wolves,46.0,away,0.0,0.0,False,-51.0
2023-11-23,San Francisco Dons,76.0,home,0.0,0.0,True,16.0
2023-11-23,Purdue Fort Wayne Mastodons,60.0,away,0.0,0.0,False,-16.0
2023-11-23,Pittsburgh Panthers,71.0,home,0.0,0.0,False,-15.0
2023-11-23,Florida Gators,86.0,away,0.0,0.0,True,15.0
2023-11-23,Montana State Bobcats,69.0,home,0.0,0.0,True,1.0
2023-11-23,UC Riverside Highlanders,68.0,away,0.0,0.0,False,-1.0
2023-11-23,Bradley Braves,63.0,home,0.0,0.0,True,4.0
2023-11-23,UTEP Miners,59.0,away,0.0,0.0,False,-4.0
2023-11-23,UC Irvine Anteaters,77.0,home,0.0,0.0,True,6.0
2023-11-23,Toledo Rockets,71.0,away,0.0,0.0,False,-6.0
2023-11-23,New Mexico Lobos,90.0,home,0.0,0.0,True,34.0
2023-11-23,Rice Owls,56.0,away,0.0,0.0,False,-34.0
2023-11-23,Chaminade Silverswords,56.0,home,0.0,0.0,False,-49.0
2023-11-23,Syracuse Orange,105.0,away,0.0,0.0,True,49.0
2023-11-23,Tulane Green Wave,84.0,home,0.0,0.0,True,3.0
2023-11-23,California Golden Bears,81.0,away,0.0,0.0,False,-3.0
2023-11-28,South Dakota State Jackrabbits,92.0,home,0.0,0.0,True,22.0
2023-11-28,Mount Marty College Lancers,70.0,away,0.0,0.0,False,-22.0
2023-11-28,Eastern Kentucky Colonels,77.0,home,0.0,0.0,True,1.0
2023-11-28,Troy Trojans,76.0,away,0.0,0.0,False,-1.0
2023-11-28,Northwestern Wildcats,89.0,home,0.0,0.0,True,22.0
2023-11-28,Northern Illinois Huskies,67.0,away,0.0,0.0,False,-22.0
2023-11-28,Omaha Mavericks,104.0,home,0.0,0.0,True,36.0
2023-11-28,York College Nebraska Panthers,68.0,away,0.0,0.0,False,-36.0
2023-11-28,Elon Phoenix,82.0,home,0.0,0.0,True,3.0
2023-11-28,Presbyterian Blue Hose,79.0,away,0.0,0.0,False,-3.0
2023-11-28,TCU Horned Frogs,101.0,home,0.0,0.0,True,37.0
2023-11-28,Houston Christian Huskies,64.0,away,0.0,0.0,False,-37.0
2023-11-28,Bryant Bulldogs,108.0,home,0.0,0.0,True,34.0
2023-11-28,Springfield Pride,74.0,away,0.0,0.0,False,-34.0
2023-11-28,Fresno State Bulldogs,65.0,home,0.0,0.0,False,-4.0
2023-11-28,UC Santa Barbara Gauchos,69.0,away,0.0,0.0,True,4.0
2023-11-27,Xavier Musketeers,76.0,home,0.0,0.0,False,-2.0
2023-11-27,Oakland Golden Grizzlies,78.0,away,0.0,0.0,True,2.0
2023-11-28,Rutgers Scarlet Knights,71.0,home,0.0,0.0,True,31.0
2023-11-28,Saint Peter's Peacocks,40.0,away,0.0,0.0,False,-31.0
2023-11-28,Fordham Rams,93.0,home,0.0,0.0,True,32.0
2023-11-28,Manhattan Jaspers,61.0,away,0.0,0.0,False,-32.0
2023-11-28,UConn Huskies,84.0,home,0.0,0.0,True,20.0
2023-11-28,New Hampshire Wildcats,64.0,away,0.0,0.0,False,-20.0
2023-11-28,Wisconsin Badgers,71.0,home,0.0,0.0,True,22.0
2023-11-28,Western Illinois Leathernecks,49.0,away,0.0,0.0,False,-22.0
2023-11-28,Arkansas-Pine Bluff Golden Lions,85.0,home,0.0,0.0,True,25.0
2023-11-28,Arkansas Baptist Buffaloes,60.0,away,0.0,0.0,False,-25.0
2023-11-28,Hampton Pirates,76.0,home,0.0,0.0,False,-4.0
2023-11-28,UMBC Retrievers,80.0,away,0.0,0.0,True,4.0
2023-11-28,Washington State Cougars,82.0,home,0.0,0.0,True,10.0
2023-11-28,Eastern Washington Eagles,72.0,away,0.0,0.0,False,-10.0
2023-11-28,Lindenwood Lions,66.0,home,0.0,0.0,False,-7.0
2023-11-28,Utah Tech Trailblazers,73.0,away,0.0,0.0,True,7.0
2023-11-28,Weber State Wildcats,107.0,home,0.0,0.0,True,62.0
2023-11-28,Navajo Tech Skyhawks,45.0,away,0.0,0.0,False,-62.0
2023-11-28,Louisiana Ragin' Cajuns,78.0,home,0.0,0.0,True,24.0
2023-11-28,Loyola New Orleans Wolfpack,54.0,away,0.0,0.0,False,-24.0
2023-11-28,San Diego State Aztecs,71.0,home,0.0,0.0,True,20.0
2023-11-28,Point Loma Nazarene Sea Lions,51.0,away,0.0,0.0,False,-20.0
2023-11-28,Saint Mary's Gaels,71.0,home,0.0,0.0,False,-7.0
2023-11-28,Utah Utes,78.0,away,0.0,0.0,True,7.0
2023-11-28,San José State Spartans,78.0,home,0.0,0.0,True,13.0
2023-11-28,North Dakota State Bison,65.0,away,0.0,0.0,False,-13.0
2023-11-24,Tennessee State Tigers,59.0,home,0.0,0.0,False,-1.0
2023-11-24,Mercer Bears,60.0,away,0.0,0.0,True,1.0
2023-11-24,Duke Blue Devils,80.0,home,0.0,0.0,True,18.0
2023-11-24,Southern Indiana Screaming Eagles,62.0,away,0.0,0.0,False,-18.0
2023-11-24,North Carolina Tar Heels,87.0,home,0.0,0.0,True,15.0
2023-11-24,Arkansas Razorbacks,72.0,away,0.0,0.0,False,-15.0
2023-11-24,UTSA Roadrunners,62.0,home,0.0,0.0,False,-15.0
2023-11-24,Jacksonville State Gamecocks,77.0,away,0.0,0.0,True,15.0
2023-11-24,Mississippi State Bulldogs,74.0,home,0.0,0.0,True,13.0
2023-11-24,Nicholls Colonels,61.0,away,0.0,0.0,False,-13.0
2023-11-24,Houston Cougars,79.0,home,0.0,0.0,True,35.0
2023-11-24,Montana Grizzlies,44.0,away,0.0,0.0,False,-35.0
2023-11-24,UConn Huskies,90.0,home,0.0,0.0,True,30.0
2023-11-24,Manhattan Jaspers,60.0,away,0.0,0.0,False,-30.0
2023-11-24,Florida Atlantic Owls,96.0,home,0.0,0.0,True,7.0
2023-11-24,Texas A&M Aggies,89.0,away,0.0,0.0,False,-7.0
2023-11-24,USC Trojans,70.0,home,0.0,0.0,False,-2.0
2023-11-24,Oklahoma Sooners,72.0,away,0.0,0.0,True,2.0
2023-11-24,Chattanooga Mocs,77.0,home,0.0,0.0,False,-8.0
2023-11-24,Evansville Purple Aces,85.0,away,0.0,0.0,True,8.0
2023-11-25,Ohio State Buckeyes,92.0,home,0.0,0.0,True,11.0
2023-11-25,Alabama Crimson Tide,81.0,away,0.0,0.0,False,-11.0
2023-11-24,Florida Gators,91.0,home,0.0,0.0,False,-4.0
2023-11-24,Baylor Bears,95.0,away,0.0,0.0,True,4.0
2023-11-24,UNC Greensboro Spartans,76.0,home,0.0,0.0,True,12.0
2023-11-24,Kansas City Roos,64.0,away,0.0,0.0,False,-12.0
2023-11-24,Wake Forest Demon Deacons,71.0,home,0.0,0.0,True,15.0
2023-11-24,Charleston Southern Buccaneers,56.0,away,0.0,0.0,False,-15.0
2023-11-24,Brown Bears,59.0,home,0.0,0.0,False,-8.0
2023-11-24,Delaware Blue Hens,67.0,away,0.0,0.0,True,8.0
2023-11-24,Xavier Musketeers,100.0,home,0.0,0.0,True,25.0
2023-11-24,Bryant Bulldogs,75.0,away,0.0,0.0,False,-25.0
2023-11-25,Kentucky Wildcats,118.0,home,0.0,0.0,True,36.0
2023-11-25,Marshall Thundering Herd,82.0,away,0.0,0.0,False,-36.0
2023-11-24,Ball State Cardinals,92.0,home,0.0,0.0,True,18.0
2023-11-24,Arkansas-Pine Bluff Golden Lions,74.0,away,0.0,0.0,False,-18.0
2023-11-24,Butler Bulldogs,88.0,home,0.0,0.0,True,10.0
2023-11-24,Penn State Nittany Lions,78.0,away,0.0,0.0,False,-10.0
2023-11-24,UNC Asheville Bulldogs,75.0,home,0.0,0.0,False,-11.0
2023-11-24,Lipscomb Bisons,86.0,away,0.0,0.0,True,11.0
2023-11-24,Toledo Rockets,74.0,home,0.0,0.0,False,-2.0
2023-11-24,Indiana State Sycamores,76.0,away,0.0,0.0,True,2.0
2023-11-24,North Carolina A&T Aggies,73.0,home,0.0,0.0,False,-15.0
2023-11-24,Alabama State Hornets,88.0,away,0.0,0.0,True,15.0
2023-11-24,Western Michigan Broncos,68.0,home,0.0,0.0,True,1.0
2023-11-24,SE Louisiana Lions,67.0,away,0.0,0.0,False,-1.0
2023-11-24,Pittsburgh Panthers,76.0,home,0.0,0.0,True,25.0
2023-11-24,Oregon State Beavers,51.0,away,0.0,0.0,False,-25.0
2023-11-24,Longwood Lancers,84.0,home,0.0,0.0,True,2.0
2023-11-24,Delaware State Hornets,82.0,away,0.0,0.0,False,-2.0
2023-11-24,Texas A&M-Corpus Christi Islanders,68.0,home,0.0,0.0,False,-15.0
2023-11-24,Long Island University Sharks,83.0,away,0.0,0.0,True,15.0
2023-11-24,Georgia Bulldogs,78.0,home,0.0,0.0,True,9.0
2023-11-24,Winthrop Eagles,69.0,away,0.0,0.0,False,-9.0
2023-11-24,Pennsylvania Quakers,74.0,home,0.0,0.0,True,2.0
2023-11-24,Lafayette Leopards,72.0,away,0.0,0.0,False,-2.0
2023-11-24,Rice Owls,68.0,home,0.0,0.0,False,-15.0
2023-11-24,UC Irvine Anteaters,83.0,away,0.0,0.0,True,15.0
2023-11-24,Idaho Vandals,73.0,home,0.0,0.0,True,3.0
2023-11-24,UC San Diego Tritons,70.0,away,0.0,0.0,False,-3.0
2023-11-24,Samford Bulldogs,79.0,home,0.0,0.0,True,8.0
2023-11-24,Merrimack Warriors,71.0,away,0.0,0.0,False,-8.0
2023-11-24,Middle Tennessee Blue Raiders,40.0,home,0.0,0.0,False,-30.0
2023-11-24,UIC Flames,70.0,away,0.0,0.0,True,30.0
2023-11-24,Virginia Tech Hokies,71.0,home,0.0,0.0,True,9.0
2023-11-24,Iowa State Cyclones,62.0,away,0.0,0.0,False,-9.0
2023-11-24,Belmont Bruins,84.0,home,0.0,0.0,False,-9.0
2023-11-24,Monmouth Hawks,93.0,away,0.0,0.0,True,9.0
2023-11-24,Troy Trojans,80.0,home,0.0,0.0,True,13.0
2023-11-24,Grambling Tigers,67.0,away,0.0,0.0,False,-13.0
2023-11-24,Wofford Terriers,67.0,home,0.0,0.0,False,-9.0
2023-11-24,Canisius Golden Griffins,76.0,away,0.0,0.0,True,9.0
2023-11-24,Robert Morris Colonials,65.0,home,0.0,0.0,False,-9.0
2023-11-24,Jacksonville Dolphins,74.0,away,0.0,0.0,True,9.0
2023-11-24,Villanova Wildcats,79.0,home,0.0,0.0,True,16.0
2023-11-24,Memphis Tigers,63.0,away,0.0,0.0,False,-16.0
2023-11-24,Saint Mary's Gaels,89.0,home,0.0,0.0,True,34.0
2023-11-24,Davidson Wildcats,55.0,away,0.0,0.0,False,-34.0
2023-11-24,Washington State Cougars,93.0,home,0.0,0.0,True,40.0
2023-11-24,Utah Tech Trailblazers,53.0,away,0.0,0.0,False,-40.0
2023-11-24,Lamar Cardinals,83.0,home,0.0,0.0,True,18.0
2023-11-24,Bethune-Cookman Wildcats,65.0,away,0.0,0.0,False,-18.0
2023-11-24,Texas Tech Red Raiders,73.0,home,0.0,0.0,True,16.0
2023-11-24,Michigan Wolverines,57.0,away,0.0,0.0,False,-16.0
2023-11-24,Pepperdine Waves,71.0,home,0.0,0.0,False,-19.0
2023-11-24,New Mexico Lobos,90.0,away,0.0,0.0,True,19.0
2023-11-25,East Tennessee State Buccaneers,82.0,home,0.0,0.0,True,11.0
2023-11-25,Alabama A&M Bulldogs,71.0,away,0.0,0.0,False,-11.0
2023-11-25,Providence Friars,78.0,home,0.0,0.0,True,14.0
2023-11-25,Lehigh Mountain Hawks,64.0,away,0.0,0.0,False,-14.0
2023-11-24,Iowa Hawkeyes,85.0,home,0.0,0.0,True,13.0
2023-11-24,Seton Hall Pirates,72.0,away,0.0,0.0,False,-13.0
2023-11-25,Dayton Flyers,77.0,home,0.0,0.0,True,8.0
2023-11-25,Youngstown State Penguins,69.0,away,0.0,0.0,False,-8.0
2023-11-25,Ohio Bobcats,94.0,home,0.0,0.0,False,-5.0
2023-11-25,George Washington Revolutionaries,99.0,away,0.0,0.0,True,5.0
2023-11-25,Oklahoma State Cowboys,92.0,home,0.0,0.0,True,27.0
2023-11-25,Houston Christian Huskies,65.0,away,0.0,0.0,False,-27.0
2023-11-25,Clemson Tigers,90.0,home,0.0,0.0,True,21.0
2023-11-25,Alcorn State Braves,69.0,away,0.0,0.0,False,-21.0
2023-11-25,Western Kentucky Hilltoppers,72.0,home,0.0,0.0,True,7.0
2023-11-25,Bowling Green Falcons,65.0,away,0.0,0.0,False,-7.0
2023-11-25,Utah Valley Wolverines,87.0,home,0.0,0.0,True,35.0
2023-11-25,Western Colorado Mountaineers,52.0,away,0.0,0.0,False,-35.0
2023-11-25,Hawai'i Rainbow Warriors,76.0,home,0.0,0.0,True,19.0
2023-11-25,UT Rio Grande Valley Vaqueros,57.0,away,0.0,0.0,False,-19.0
2023-11-25,Fairfield Stags,80.0,home,0.0,0.0,False,-3.0
2023-11-25,New Hampshire Wildcats,83.0,away,0.0,0.0,True,3.0
2023-11-25,Arizona State Sun Devils,82.0,home,0.0,0.0,True,15.0
2023-11-25,Vanderbilt Commodores,67.0,away,0.0,0.0,False,-15.0
2023-11-25,LSU Tigers,75.0,home,0.0,0.0,True,12.0
2023-11-25,North Florida Ospreys,63.0,away,0.0,0.0,False,-12.0
2023-11-25,Northern Iowa Panthers,73.0,home,0.0,0.0,True,22.0
2023-11-25,Stanford Cardinal,51.0,away,0.0,0.0,False,-22.0
2023-11-25,Illinois Fighting Illini,84.0,home,0.0,0.0,True,32.0
2023-11-25,Western Illinois Leathernecks,52.0,away,0.0,0.0,False,-32.0
2023-11-25,Cal State Northridge Matadors,84.0,home,0.0,0.0,True,36.0
2023-11-25,Mississippi Valley State Delta Devils,48.0,away,0.0,0.0,False,-36.0
2023-11-25,Boise State Broncos,65.0,home,0.0,0.0,True,4.0
2023-11-25,VCU Rams,61.0,away,0.0,0.0,False,-4.0
2023-11-25,Pacific Tigers,73.0,home,0.0,0.0,True,2.0
2023-11-25,Le Moyne Dolphins,71.0,away,0.0,0.0,False,-2.0
2023-11-25,Oregon Ducks,82.0,home,0.0,0.0,False,-6.0
2023-11-25,Santa Clara Broncos,88.0,away,0.0,0.0,True,6.0
2023-11-25,Arkansas State Red Wolves,57.0,home,0.0,0.0,False,-14.0
2023-11-25,San Diego Toreros,71.0,away,0.0,0.0,True,14.0
2023-11-25,BYU Cougars,95.0,home,0.0,0.0,True,9.0
2023-11-25,NC State Wolfpack,86.0,away,0.0,0.0,False,-9.0
2023-11-29,Georgia Tech Yellow Jackets,67.0,home,0.0,0.0,True,8.0
2023-11-29,Mississippi State Bulldogs,59.0,away,0.0,0.0,False,-8.0
2023-11-29,Kansas Jayhawks,71.0,home,0.0,0.0,True,8.0
2023-11-29,Eastern Illinois Panthers,63.0,away,0.0,0.0,False,-8.0
2023-11-29,Gonzaga Bulldogs,81.0,home,0.0,0.0,True,16.0
2023-11-29,Cal State Bakersfield Roadrunners,65.0,away,0.0,0.0,False,-16.0
2023-11-28,Winthrop Eagles,90.0,home,0.0,0.0,True,41.0
2023-11-28,Bob Jones Bruins,49.0,away,0.0,0.0,False,-41.0
2023-11-29,Tennessee Tech Golden Eagles,65.0,home,0.0,0.0,False,-4.0
2023-11-29,Western Carolina Catamounts,69.0,away,0.0,0.0,True,4.0
2023-11-29,Howard Bison,81.0,home,0.0,0.0,False,-5.0
2023-11-29,Cincinnati Bearcats,86.0,away,0.0,0.0,True,5.0
2023-11-29,Norfolk State Spartans,96.0,home,0.0,0.0,True,34.0
2023-11-29,William & Mary Tribe,62.0,away,0.0,0.0,False,-34.0
2023-11-29,Miami (OH) RedHawks,82.0,home,0.0,0.0,True,39.0
2023-11-29,Spalding Pelicans,43.0,away,0.0,0.0,False,-39.0
2023-11-29,Purdue Boilermakers,99.0,home,0.0,0.0,True,32.0
2023-11-29,Texas Southern Tigers,67.0,away,0.0,0.0,False,-32.0
2023-11-29,Baylor Bears,108.0,home,0.0,0.0,True,38.0
2023-11-29,Nicholls Colonels,70.0,away,0.0,0.0,False,-38.0
2023-11-29,Providence Friars,86.0,home,0.0,0.0,True,34.0
2023-11-29,Wagner Seahawks,52.0,away,0.0,0.0,False,-34.0
2023-11-29,Kentucky Wildcats,95.0,home,0.0,0.0,True,22.0
2023-11-29,Miami Hurricanes,73.0,away,0.0,0.0,False,-22.0
2023-11-29,Alabama Crimson Tide,77.0,home,0.0,0.0,False,-8.0
2023-11-29,Clemson Tigers,85.0,away,0.0,0.0,True,8.0
2023-11-28,Michigan State Spartans,86.0,home,0.0,0.0,True,31.0
2023-11-28,Georgia Southern Eagles,55.0,away,0.0,0.0,False,-31.0
2023-11-29,Marquette Golden Eagles,93.0,home,0.0,0.0,True,37.0
2023-11-29,Southern Jaguars,56.0,away,0.0,0.0,False,-37.0
2023-11-29,Indiana State Sycamores,77.0,home,0.0,0.0,True,29.0
2023-11-29,Southern Illinois Salukis,48.0,away,0.0,0.0,False,-29.0
2023-11-29,The Citadel Bulldogs,81.0,home,0.0,0.0,True,29.0
2023-11-29,Charleston Southern Buccaneers,52.0,away,0.0,0.0,False,-29.0
2023-11-29,Maryland Terrapins,103.0,home,0.0,0.0,True,27.0
2023-11-29,Rider Broncs,76.0,away,0.0,0.0,False,-27.0
2023-11-29,SE Louisiana Lions,101.0,home,0.0,0.0,True,46.0
2023-11-29,Southern-New Orleans Knights,55.0,away,0.0,0.0,False,-46.0
2023-11-29,Furman Paladins,86.0,home,0.0,0.0,True,8.0
2023-11-29,South Carolina State Bulldogs,78.0,away,0.0,0.0,False,-8.0
2023-11-29,SIU Edwardsville Cougars,86.0,home,0.0,0.0,True,24.0
2023-11-29,Missouri Baptist Spartans,62.0,away,0.0,0.0,False,-24.0
2023-11-29,Southern Indiana Screaming Eagles,107.0,home,0.0,0.0,True,58.0
2023-11-29,East-West University Phantoms,49.0,away,0.0,0.0,False,-58.0
2023-11-29,Loyola Chicago Ramblers,62.0,home,0.0,0.0,True,9.0
2023-11-29,Chicago State Cougars,53.0,away,0.0,0.0,False,-9.0
2023-11-29,Little Rock Trojans,90.0,home,0.0,0.0,True,26.0
2023-11-29,Ball State Cardinals,64.0,away,0.0,0.0,False,-26.0
2023-11-29,Syracuse Orange,80.0,home,0.0,0.0,True,23.0
2023-11-29,LSU Tigers,57.0,away,0.0,0.0,False,-23.0
2023-11-29,South Carolina Gamecocks,65.0,home,0.0,0.0,True,12.0
2023-11-29,Notre Dame Fighting Irish,53.0,away,0.0,0.0,False,-12.0
2023-11-29,Pittsburgh Panthers,64.0,home,0.0,0.0,False,-7.0
2023-11-29,Missouri Tigers,71.0,away,0.0,0.0,True,7.0
2023-11-29,UL Monroe Warhawks,74.0,home,0.0,0.0,True,4.0
2023-11-29,Northwestern State Demons,70.0,away,0.0,0.0,False,-4.0
2023-11-29,South Dakota Coyotes,93.0,home,0.0,0.0,True,22.0
2023-11-29,Waldorf College Warriors,71.0,away,0.0,0.0,False,-22.0
2023-11-29,Saint Louis Billikens,76.0,home,0.0,0.0,False,-5.0
2023-11-29,Utah State Aggies,81.0,away,0.0,0.0,True,5.0
2023-11-29,Portland State Vikings,75.0,home,0.0,0.0,True,1.0
2023-11-29,Portland Pilots,74.0,away,0.0,0.0,False,-1.0
2023-11-29,Washington Huskies,83.0,home,0.0,0.0,True,27.0
2023-11-29,UC San Diego Tritons,56.0,away,0.0,0.0,False,-27.0
2023-11-29,Pepperdine Waves,77.0,home,0.0,0.0,True,15.0
2023-11-29,Idaho State Bengals,62.0,away,0.0,0.0,False,-15.0
2023-11-29,North Dakota Fighting Hawks,87.0,home,0.0,0.0,True,31.0
2023-11-29,Concordia-St. Paul Golden Bears,56.0,away,0.0,0.0,False,-31.0
2023-11-29,Kansas State Wildcats,88.0,home,0.0,0.0,True,10.0
2023-11-29,Oral Roberts Golden Eagles,78.0,away,0.0,0.0,False,-10.0
2023-11-29,UAB Blazers,60.0,home,0.0,0.0,False,-21.0
2023-11-29,McNeese Cowboys,81.0,away,0.0,0.0,True,21.0
2023-11-29,Arkansas State Red Wolves,71.0,home,0.0,0.0,False,-4.0
2023-11-29,Jackson State Tigers,75.0,away,0.0,0.0,True,4.0
2023-11-29,UNLV Rebels,72.0,home,0.0,0.0,True,2.0
2023-11-29,Akron Zips,70.0,away,0.0,0.0,False,-2.0
2023-11-29,New Mexico State Aggies,84.0,home,0.0,0.0,True,35.0
2023-11-29,University of The Southwest Mustangs,49.0,away,0.0,0.0,False,-35.0
2023-11-29,Ole Miss Rebels,72.0,home,0.0,0.0,True,20.0
2023-11-29,NC State Wolfpack,52.0,away,0.0,0.0,False,-20.0
2023-11-26,Virginia Tech Hokies,50.0,home,0.0,0.0,False,-34.0
2023-11-26,Florida Atlantic Owls,84.0,away,0.0,0.0,True,34.0
2023-11-26,Colorado Buffaloes,85.0,home,0.0,0.0,True,17.0
2023-11-26,Iona Gaels,68.0,away,0.0,0.0,False,-17.0
2023-11-26,VCU Rams,86.0,home,0.0,0.0,True,12.0
2023-11-26,Penn State Nittany Lions,74.0,away,0.0,0.0,False,-12.0
2023-11-26,Eastern Michigan Eagles,70.0,home,0.0,0.0,False,-2.0
2023-11-26,North Dakota Fighting Hawks,72.0,away,0.0,0.0,True,2.0
2023-11-26,Belmont Bruins,79.0,home,0.0,0.0,True,10.0
2023-11-26,Lafayette Leopards,69.0,away,0.0,0.0,False,-10.0
2023-11-26,Louisville Cardinals,90.0,home,0.0,0.0,True,6.0
2023-11-26,New Mexico State Aggies,84.0,away,0.0,0.0,False,-6.0
2023-11-26,High Point Panthers,122.0,home,0.0,0.0,True,49.0
2023-11-26,Mount Olive Trojans,73.0,away,0.0,0.0,False,-49.0
2023-11-26,East Texas A&M Lions,61.0,home,0.0,0.0,False,-10.0
2023-11-26,Denver Pioneers,71.0,away,0.0,0.0,True,10.0
2023-11-26,Wofford Terriers,78.0,home,0.0,0.0,False,-7.0
2023-11-26,Lipscomb Bisons,85.0,away,0.0,0.0,True,7.0
2023-11-26,Saint Joseph's Hawks,64.0,home,0.0,0.0,True,9.0
2023-11-26,Sacred Heart Pioneers,55.0,away,0.0,0.0,False,-9.0
2023-11-26,Kansas City Roos,59.0,home,0.0,0.0,False,-4.0
2023-11-26,Middle Tennessee Blue Raiders,63.0,away,0.0,0.0,True,4.0
2023-11-26,App State Mountaineers,78.0,home,0.0,0.0,True,20.0
2023-11-26,Austin Peay Governors,58.0,away,0.0,0.0,False,-20.0
2023-11-26,Texas Longhorns,86.0,home,0.0,0.0,True,23.0
2023-11-26,Wyoming Cowboys,63.0,away,0.0,0.0,False,-23.0
2023-11-26,La Salle Explorers,81.0,home,0.0,0.0,True,19.0
2023-11-26,Coppin State Eagles,62.0,away,0.0,0.0,False,-19.0
2023-11-26,Delaware State Hornets,81.0,home,0.0,0.0,False,-3.0
2023-11-26,Lamar Cardinals,84.0,away,0.0,0.0,True,3.0
2023-11-26,Brown Bears,77.0,home,0.0,0.0,False,-5.0
2023-11-26,Ohio Bobcats,82.0,away,0.0,0.0,True,5.0
2023-11-26,Iowa State Cyclones,69.0,home,0.0,0.0,False,-4.0
2023-11-26,Texas A&M Aggies,73.0,away,0.0,0.0,True,4.0
2023-11-26,Western Kentucky Hilltoppers,67.0,home,0.0,0.0,False,-10.0
2023-11-26,UNC Asheville Bulldogs,77.0,away,0.0,0.0,True,10.0
2023-11-26,Boston University Terriers,90.0,home,0.0,0.0,True,41.0
2023-11-26,Vermont State - Johnson Badgers,49.0,away,0.0,0.0,False,-41.0
2023-11-26,South Dakota Coyotes,57.0,home,0.0,0.0,False,-1.0
2023-11-26,Air Force Falcons,58.0,away,0.0,0.0,True,1.0
2023-11-26,Coastal Carolina Chanticleers,58.0,home,0.0,0.0,False,-12.0
2023-11-26,North Carolina Central Eagles,70.0,away,0.0,0.0,True,12.0
2023-11-26,Radford Highlanders,100.0,home,0.0,0.0,True,47.0
2023-11-26,Notre Dame (MD) Gators,53.0,away,0.0,0.0,False,-47.0
2023-11-26,Longwood Lancers,69.0,home,0.0,0.0,True,21.0
2023-11-26,Bethune-Cookman Wildcats,48.0,away,0.0,0.0,False,-21.0
2023-11-26,Robert Morris Colonials,97.0,home,0.0,0.0,True,11.0
2023-11-26,Fairleigh Dickinson Knights,86.0,away,0.0,0.0,False,-11.0
2023-11-26,Pennsylvania Quakers,76.0,home,0.0,0.0,True,15.0
2023-11-26,Monmouth Hawks,61.0,away,0.0,0.0,False,-15.0
2023-11-26,Nebraska Cornhuskers,85.0,home,0.0,0.0,True,13.0
2023-11-26,Cal State Fullerton Titans,72.0,away,0.0,0.0,False,-13.0
2023-11-26,Incarnate Word Cardinals,65.0,home,0.0,0.0,False,-2.0
2023-11-26,Jacksonville State Gamecocks,67.0,away,0.0,0.0,True,2.0
2023-11-26,Rhode Island Rams,76.0,home,0.0,0.0,True,4.0
2023-11-26,Yale Bulldogs,72.0,away,0.0,0.0,False,-4.0
2023-11-26,Towson Tigers,67.0,home,0.0,0.0,True,9.0
2023-11-26,Morgan State Bears,58.0,away,0.0,0.0,False,-9.0
2023-11-26,Bowling Green Falcons,77.0,home,0.0,0.0,True,4.0
2023-11-26,Canisius Golden Griffins,73.0,away,0.0,0.0,False,-4.0
2023-11-26,Chattanooga Mocs,72.0,home,0.0,0.0,True,16.0
2023-11-26,Southeast Missouri State Redhawks,56.0,away,0.0,0.0,False,-16.0
2023-11-26,Quinnipiac Bobcats,80.0,home,0.0,0.0,True,11.0
2023-11-26,Stonehill Skyhawks,69.0,away,0.0,0.0,False,-11.0
2023-11-26,Old Dominion Monarchs,68.0,home,0.0,0.0,True,7.0
2023-11-26,Drexel Dragons,61.0,away,0.0,0.0,False,-7.0
2023-11-26,Central Arkansas Bears,74.0,home,0.0,0.0,False,-5.0
2023-11-26,New Orleans Privateers,79.0,away,0.0,0.0,True,5.0
2023-11-26,SMU Mustangs,70.0,home,0.0,0.0,True,13.0
2023-11-26,UL Monroe Warhawks,57.0,away,0.0,0.0,False,-13.0
2023-11-26,North Texas Mean Green,79.0,home,0.0,0.0,True,29.0
2023-11-26,Angelo State Rams,50.0,away,0.0,0.0,False,-29.0
2023-11-26,Montana State Bobcats,69.0,home,0.0,0.0,False,-6.0
2023-11-26,Long Beach State Beach,75.0,away,0.0,0.0,True,6.0
2023-11-26,Boise State Broncos,56.0,home,0.0,0.0,False,-14.0
2023-11-26,Butler Bulldogs,70.0,away,0.0,0.0,True,14.0
2023-11-26,Western Carolina Catamounts,81.0,home,0.0,0.0,True,18.0
2023-11-26,North Alabama Lions,63.0,away,0.0,0.0,False,-18.0
2023-11-26,American University Eagles,103.0,home,0.0,0.0,True,29.0
2023-11-26,Hood College Blazers,74.0,away,0.0,0.0,False,-29.0
2023-11-26,UCF Knights,82.0,home,0.0,0.0,False,-3.0
2023-11-26,Stetson Hatters,85.0,away,0.0,0.0,True,3.0
2023-11-26,Pacific Tigers,68.0,home,0.0,0.0,True,3.0
2023-11-26,Mississippi Valley State Delta Devils,65.0,away,0.0,0.0,False,-3.0
2023-11-26,Kent State Golden Flashes,78.0,home,0.0,0.0,False,-6.0
2023-11-26,Charleston Cougars,84.0,away,0.0,0.0,True,6.0
2023-11-26,Seattle U Redhawks,79.0,home,0.0,0.0,True,12.0
2023-11-26,UC San Diego Tritons,67.0,away,0.0,0.0,False,-12.0
2023-11-27,UNC Greensboro Spartans,58.0,home,0.0,0.0,True,1.0
2023-11-27,UIC Flames,57.0,away,0.0,0.0,False,-1.0
2023-11-26,Florida International Panthers,91.0,home,0.0,0.0,True,7.0
2023-11-26,Kennesaw State Owls,84.0,away,0.0,0.0,False,-7.0
2023-11-26,Delaware Blue Hens,71.0,home,0.0,0.0,False,-10.0
2023-11-26,George Washington Revolutionaries,81.0,away,0.0,0.0,True,10.0
2023-11-26,Siena Saints,51.0,home,0.0,0.0,False,-35.0
2023-11-26,UAlbany Great Danes,86.0,away,0.0,0.0,True,35.0
2023-11-26,West Virginia Mountaineers,62.0,home,0.0,0.0,True,4.0
2023-11-26,Bellarmine Knights,58.0,away,0.0,0.0,False,-4.0
2023-11-26,UC Riverside Highlanders,109.0,home,0.0,0.0,True,46.0
2023-11-26,Bethesda University Flames,63.0,away,0.0,0.0,False,-46.0
2023-11-26,Indiana Hoosiers,89.0,home,0.0,0.0,True,13.0
2023-11-26,Harvard Crimson,76.0,away,0.0,0.0,False,-13.0
2023-11-27,San Francisco Dons,76.0,home,0.0,0.0,True,18.0
2023-11-27,Minnesota Golden Gophers,58.0,away,0.0,0.0,False,-18.0
2023-11-27,UC Davis Aggies,63.0,home,0.0,0.0,False,-6.0
2023-11-27,Sacramento State Hornets,69.0,away,0.0,0.0,True,6.0
2023-12-01,UIC Flames,64.0,home,0.0,0.0,False,-5.0
2023-12-01,Illinois State Redbirds,69.0,away,0.0,0.0,True,5.0
2023-12-01,Jacksonville State Gamecocks,70.0,home,0.0,0.0,True,18.0
2023-12-01,South Alabama Jaguars,52.0,away,0.0,0.0,False,-18.0
2023-12-01,Kent State Golden Flashes,103.0,home,0.0,0.0,True,42.0
2023-12-01,Shawnee State Bears,61.0,away,0.0,0.0,False,-42.0
2023-12-01,Minnesota Golden Gophers,97.0,home,0.0,0.0,True,33.0
2023-12-01,New Orleans Privateers,64.0,away,0.0,0.0,False,-33.0
2023-11-30,Omaha Mavericks,78.0,home,0.0,0.0,True,19.0
2023-11-30,Bellevue University Bruins,59.0,away,0.0,0.0,False,-19.0
2023-12-01,Hofstra Pride,82.0,home,0.0,0.0,True,19.0
2023-12-01,South Florida Bulls,63.0,away,0.0,0.0,False,-19.0
2023-12-01,Western Illinois Leathernecks,92.0,home,0.0,0.0,True,52.0
2023-12-01,Hannibal-Lagrange Trojans,40.0,away,0.0,0.0,False,-52.0
2023-12-01,Elon Phoenix,127.0,home,0.0,0.0,True,71.0
2023-12-01,Warren Wilson Owls,56.0,away,0.0,0.0,False,-71.0
2023-12-01,Sacred Heart Pioneers,84.0,home,0.0,0.0,False,-6.0
2023-12-01,New Hampshire Wildcats,90.0,away,0.0,0.0,True,6.0
2023-12-01,Rice Owls,98.0,home,0.0,0.0,True,20.0
2023-12-01,UT Martin Skyhawks,78.0,away,0.0,0.0,False,-20.0
2023-12-01,Oklahoma Sooners,107.0,home,0.0,0.0,True,21.0
2023-12-01,Arkansas-Pine Bluff Golden Lions,86.0,away,0.0,0.0,False,-21.0
2023-12-01,Oklahoma State Cowboys,65.0,home,0.0,0.0,False,-14.0
2023-12-01,Creighton Bluejays,79.0,away,0.0,0.0,True,14.0
2023-11-30,Butler Bulldogs,103.0,home,0.0,0.0,True,8.0
2023-11-30,Texas Tech Red Raiders,95.0,away,0.0,0.0,False,-8.0
2023-12-01,Texas Longhorns,77.0,home,0.0,0.0,True,19.0
2023-12-01,Texas State Bobcats,58.0,away,0.0,0.0,False,-19.0
2023-12-01,Fordham Rams,80.0,home,0.0,0.0,True,28.0
2023-12-01,Fairleigh Dickinson Knights,52.0,away,0.0,0.0,False,-28.0
2023-12-01,Coppin State Eagles,89.0,home,0.0,0.0,True,19.0
2023-12-01,UMBC Retrievers,70.0,away,0.0,0.0,False,-19.0
2023-11-30,Florida Atlantic Owls,83.0,home,0.0,0.0,True,25.0
2023-11-30,Liberty Flames,58.0,away,0.0,0.0,False,-25.0
2023-12-01,East Carolina Pirates,74.0,home,0.0,0.0,True,8.0
2023-12-01,UNC Wilmington Seahawks,66.0,away,0.0,0.0,False,-8.0
2023-12-01,Longwood Lancers,95.0,home,0.0,0.0,True,49.0
2023-12-01,Apprentice School Builders,46.0,away,0.0,0.0,False,-49.0
2023-12-01,Chicago State Cougars,69.0,home,0.0,0.0,False,-7.0
2023-12-01,Delaware State Hornets,76.0,away,0.0,0.0,True,7.0
2023-12-01,Samford Bulldogs,88.0,home,0.0,0.0,True,23.0
2023-12-01,Louisiana Ragin' Cajuns,65.0,away,0.0,0.0,False,-23.0
2023-12-01,UTSA Roadrunners,86.0,home,0.0,0.0,True,3.0
2023-12-01,Lamar Cardinals,83.0,away,0.0,0.0,False,-3.0
2023-12-01,North Alabama Lions,86.0,home,0.0,0.0,True,15.0
2023-12-01,Tennessee Tech Golden Eagles,71.0,away,0.0,0.0,False,-15.0
2023-12-01,Utah Utes,79.0,home,0.0,0.0,True,13.0
2023-12-01,Hawai'i Rainbow Warriors,66.0,away,0.0,0.0,False,-13.0
2023-12-01,Kansas City Roos,74.0,home,0.0,0.0,True,30.0
2023-12-01,Southeast Missouri State Redhawks,44.0,away,0.0,0.0,False,-30.0
2023-12-01,Oregon State Beavers,71.0,home,0.0,0.0,True,12.0
2023-12-01,UC Davis Aggies,59.0,away,0.0,0.0,False,-12.0
2023-12-01,Montana State Bobcats,62.0,home,0.0,0.0,False,-8.0
2023-12-01,Rocky Mountain Bears,70.0,away,0.0,0.0,True,8.0
2023-12-01,UCLA Bruins,66.0,home,0.0,0.0,True,1.0
2023-12-01,UC Riverside Highlanders,65.0,away,0.0,0.0,False,-1.0
2023-12-01,Xavier Musketeers,60.0,home,0.0,0.0,False,-6.0
2023-12-01,Houston Cougars,66.0,away,0.0,0.0,True,6.0
2023-12-01,Army Black Knights,74.0,home,0.0,0.0,True,35.0
2023-12-01,SUNY-Maritime Privateers,39.0,away,0.0,0.0,False,-35.0
2023-12-02,Siena Saints,67.0,home,0.0,0.0,True,2.0
2023-12-02,Rider Broncs,65.0,away,0.0,0.0,False,-2.0
2023-12-01,Queens University Royals,134.0,home,0.0,0.0,True,65.0
2023-12-01,Carolina Christian College Centurions,69.0,away,0.0,0.0,False,-65.0
2023-12-02,BYU Cougars,85.0,home,0.0,0.0,True,29.0
2023-12-02,Fresno State Bulldogs,56.0,away,0.0,0.0,False,-29.0
2023-12-02,Fairfield Stags,67.0,home,0.0,0.0,False,-11.0
2023-12-02,Iona Gaels,78.0,away,0.0,0.0,True,11.0
2023-12-01,Western Michigan Broncos,51.0,home,0.0,0.0,False,-14.0
2023-12-01,St. Thomas-Minnesota Tommies,65.0,away,0.0,0.0,True,14.0
2023-12-01,UNC Asheville Bulldogs,97.0,home,0.0,0.0,True,46.0
2023-12-01,Johnson University (TN) Royals,51.0,away,0.0,0.0,False,-46.0
2023-12-02,Eastern Michigan Eagles,68.0,home,0.0,0.0,True,15.0
2023-12-02,Lake Superior State Lakers,53.0,away,0.0,0.0,False,-15.0
2023-12-02,Canisius Golden Griffins,93.0,home,0.0,0.0,True,20.0
2023-12-02,Quinnipiac Bobcats,73.0,away,0.0,0.0,False,-20.0
2023-12-02,South Carolina Gamecocks,89.0,home,0.0,0.0,True,22.0
2023-12-02,George Washington Revolutionaries,67.0,away,0.0,0.0,False,-22.0
2023-12-02,Brown Bears,66.0,home,0.0,0.0,False,-3.0
2023-12-02,Bryant Bulldogs,69.0,away,0.0,0.0,True,3.0
2023-12-02,Indiana Hoosiers,65.0,home,0.0,0.0,True,12.0
2023-12-02,Maryland Terrapins,53.0,away,0.0,0.0,False,-12.0
2023-12-02,Northwestern Wildcats,92.0,home,0.0,0.0,True,4.0
2023-12-02,Purdue Boilermakers,88.0,away,0.0,0.0,False,-4.0
2023-12-02,UNC Greensboro Spartans,88.0,home,0.0,0.0,True,32.0
2023-12-02,William Peace Pacers,56.0,away,0.0,0.0,False,-32.0
2023-12-02,Kansas Jayhawks,69.0,home,0.0,0.0,True,4.0
2023-12-02,UConn Huskies,65.0,away,0.0,0.0,False,-4.0
2023-12-01,Liberty Flames,67.0,home,0.0,0.0,False,-9.0
2023-12-01,Charleston Cougars,76.0,away,0.0,0.0,True,9.0
2023-12-02,Georgia Bulldogs,80.0,home,0.0,0.0,True,11.0
2023-12-02,Mercer Bears,69.0,away,0.0,0.0,False,-11.0
2023-12-02,Niagara Purple Eagles,67.0,home,0.0,0.0,False,-5.0
2023-12-02,Saint Peter's Peacocks,72.0,away,0.0,0.0,True,5.0
2023-12-02,Manhattan Jaspers,75.0,home,0.0,0.0,True,1.0
2023-12-02,Mount St. Mary's Mountaineers,74.0,away,0.0,0.0,False,-1.0
2023-12-02,UAB Blazers,82.0,home,0.0,0.0,False,-3.0
2023-12-02,Southern Miss Golden Eagles,85.0,away,0.0,0.0,True,3.0
2023-12-02,South Dakota State Jackrabbits,61.0,home,0.0,0.0,True,13.0
2023-12-02,Towson Tigers,48.0,away,0.0,0.0,False,-13.0
2023-12-02,Troy Trojans,83.0,home,0.0,0.0,True,23.0
2023-12-02,SIU Edwardsville Cougars,60.0,away,0.0,0.0,False,-23.0
2023-12-02,West Virginia Mountaineers,73.0,home,0.0,0.0,False,-6.0
2023-12-02,St. John's Red Storm,79.0,away,0.0,0.0,True,6.0
2023-12-02,Boise State Broncos,63.0,home,0.0,0.0,True,3.0
2023-12-02,Saint Mary's Gaels,60.0,away,0.0,0.0,False,-3.0
2023-12-02,UC San Diego Tritons,62.0,home,0.0,0.0,False,-1.0
2023-12-02,San Diego State Aztecs,63.0,away,0.0,0.0,True,1.0
2023-12-02,Little Rock Trojans,77.0,home,0.0,0.0,True,11.0
2023-12-02,Arkansas State Red Wolves,66.0,away,0.0,0.0,False,-11.0
2023-12-02,Portland Pilots,81.0,home,0.0,0.0,True,11.0
2023-12-02,Wyoming Cowboys,70.0,away,0.0,0.0,False,-11.0
2023-12-02,DePaul Blue Demons,80.0,home,0.0,0.0,False,-19.0
2023-12-02,Iowa State Cyclones,99.0,away,0.0,0.0,True,19.0
2023-12-02,Cal State Fullerton Titans,64.0,home,0.0,0.0,True,10.0
2023-12-02,North Dakota Fighting Hawks,54.0,away,0.0,0.0,False,-10.0
2023-12-02,LSU Tigers,73.0,home,0.0,0.0,True,7.0
2023-12-02,SE Louisiana Lions,66.0,away,0.0,0.0,False,-7.0
2023-12-02,VCU Rams,60.0,home,0.0,0.0,False,-3.0
2023-12-02,Norfolk State Spartans,63.0,away,0.0,0.0,True,3.0
2023-12-02,Bethune-Cookman Wildcats,96.0,home,0.0,0.0,True,14.0
2023-12-02,Incarnate Word Cardinals,82.0,away,0.0,0.0,False,-14.0
2023-11-25,SE Louisiana Lions,77.0,home,0.0,0.0,False,-14.0
2023-11-25,Tennessee State Tigers,91.0,away,0.0,0.0,True,14.0
2023-11-25,Kansas City Roos,83.0,home,0.0,0.0,False,-10.0
2023-11-25,Brown Bears,93.0,away,0.0,0.0,True,10.0
2023-11-25,VMI Keydets,100.0,home,0.0,0.0,True,37.0
2023-11-25,Clarks Summit Defenders,63.0,away,0.0,0.0,False,-37.0
2023-11-25,North Dakota Fighting Hawks,71.0,home,0.0,0.0,True,2.0
2023-11-25,New Orleans Privateers,69.0,away,0.0,0.0,False,-2.0
2023-11-25,IU Indianapolis Jaguars,78.0,home,0.0,0.0,True,8.0
2023-11-25,Cleary University Cougars,70.0,away,0.0,0.0,False,-8.0
2023-11-25,Missouri Tigers,78.0,home,0.0,0.0,True,8.0
2023-11-25,Loyola Maryland Greyhounds,70.0,away,0.0,0.0,False,-8.0
2023-11-25,Alabama State Hornets,66.0,home,0.0,0.0,True,6.0
2023-11-25,Merrimack Warriors,60.0,away,0.0,0.0,False,-6.0
2023-11-25,Gardner-Webb Runnin' Bulldogs,92.0,home,0.0,0.0,True,41.0
2023-11-25,Limestone Saints,51.0,away,0.0,0.0,False,-41.0
2023-11-25,Middle Tennessee Blue Raiders,68.0,home,0.0,0.0,False,-12.0
2023-11-25,Ohio Bobcats,80.0,away,0.0,0.0,True,12.0
2023-11-25,Wagner Seahawks,64.0,home,0.0,0.0,True,13.0
2023-11-25,NJIT Highlanders,51.0,away,0.0,0.0,False,-13.0
2023-11-25,Western Michigan Broncos,72.0,home,0.0,0.0,True,6.0
2023-11-25,Mercer Bears,66.0,away,0.0,0.0,False,-6.0
2023-11-25,Canisius Golden Griffins,85.0,home,0.0,0.0,True,8.0
2023-11-25,Western Kentucky Hilltoppers,77.0,away,0.0,0.0,False,-8.0
2023-11-25,SIU Edwardsville Cougars,81.0,home,0.0,0.0,True,14.0
2023-11-25,Detroit Mercy Titans,67.0,away,0.0,0.0,False,-14.0
2023-11-25,Oregon Ducks,91.0,home,0.0,0.0,False,-8.0
2023-11-25,Alabama Crimson Tide,99.0,away,0.0,0.0,True,8.0
2023-11-25,Georgetown Hoyas,88.0,home,0.0,0.0,True,7.0
2023-11-25,Jackson State Tigers,81.0,away,0.0,0.0,False,-7.0
2023-11-25,Liberty Flames,99.0,home,0.0,0.0,True,37.0
2023-11-25,Maryland Eastern Shore Hawks,62.0,away,0.0,0.0,False,-37.0
2023-11-25,Evansville Purple Aces,93.0,home,0.0,0.0,True,19.0
2023-11-25,Southeast Missouri State Redhawks,74.0,away,0.0,0.0,False,-19.0
2023-11-25,Columbia Lions,75.0,home,0.0,0.0,True,19.0
2023-11-25,Maine Black Bears,56.0,away,0.0,0.0,False,-19.0
2023-11-25,Princeton Tigers,80.0,home,0.0,0.0,True,14.0
2023-11-25,Northeastern Huskies,66.0,away,0.0,0.0,False,-14.0
2023-11-25,George Mason Patriots,81.0,home,0.0,0.0,True,22.0
2023-11-25,East Carolina Pirates,59.0,away,0.0,0.0,False,-22.0
2023-11-25,Missouri State Bears,92.0,home,0.0,0.0,True,18.0
2023-11-25,South Carolina State Bulldogs,74.0,away,0.0,0.0,False,-18.0
2023-11-25,St. Bonaventure Bonnies,90.0,home,0.0,0.0,True,30.0
2023-11-25,Miami (OH) RedHawks,60.0,away,0.0,0.0,False,-30.0
2023-11-25,Green Bay Phoenix,64.0,home,0.0,0.0,True,13.0
2023-11-25,St. Thomas-Minnesota Tommies,51.0,away,0.0,0.0,False,-13.0
2023-11-25,UT Arlington Mavericks,66.0,home,0.0,0.0,False,-7.0
2023-11-25,Texas State Bobcats,73.0,away,0.0,0.0,True,7.0
2023-11-25,Milwaukee Panthers,84.0,home,0.0,0.0,False,-6.0
2023-11-25,Southern Miss Golden Eagles,90.0,away,0.0,0.0,True,6.0
2023-11-25,Little Rock Trojans,84.0,home,0.0,0.0,True,2.0
2023-11-25,Tulsa Golden Hurricane,82.0,away,0.0,0.0,False,-2.0
2023-11-25,Lafayette Leopards,53.0,home,0.0,0.0,False,-10.0
2023-11-25,Monmouth Hawks,63.0,away,0.0,0.0,True,10.0
2023-11-25,William & Mary Tribe,96.0,home,0.0,0.0,True,15.0
2023-11-25,UMBC Retrievers,81.0,away,0.0,0.0,False,-15.0
2023-11-25,UTSA Roadrunners,90.0,home,0.0,0.0,True,10.0
2023-11-25,Incarnate Word Cardinals,80.0,away,0.0,0.0,False,-10.0
2023-11-25,Central Arkansas Bears,71.0,home,0.0,0.0,False,-3.0
2023-11-25,Eastern Michigan Eagles,74.0,away,0.0,0.0,True,3.0
2023-11-25,South Carolina Upstate Spartans,79.0,home,0.0,0.0,True,35.0
2023-11-25,Voorhees Tigers,44.0,away,0.0,0.0,False,-35.0
2023-11-25,Louisiana Tech Bulldogs,105.0,home,0.0,0.0,True,40.0
2023-11-25,Dillard Blue Devils,65.0,away,0.0,0.0,False,-40.0
2023-11-25,Longwood Lancers,83.0,home,0.0,0.0,True,11.0
2023-11-25,Lamar Cardinals,72.0,away,0.0,0.0,False,-11.0
2023-11-25,Chicago State Cougars,71.0,home,0.0,0.0,False,-23.0
2023-11-25,UT Martin Skyhawks,94.0,away,0.0,0.0,True,23.0
2023-11-25,Binghamton Bearcats,75.0,home,0.0,0.0,True,7.0
2023-11-25,Army Black Knights,68.0,away,0.0,0.0,False,-7.0
2023-11-25,Eastern Illinois Panthers,85.0,home,0.0,0.0,True,46.0
2023-11-25,Eureka Red Devils,39.0,away,0.0,0.0,False,-46.0
2023-11-25,Samford Bulldogs,101.0,home,0.0,0.0,True,18.0
2023-11-25,North Carolina A&T Aggies,83.0,away,0.0,0.0,False,-18.0
2023-11-25,Valparaiso Beacons,71.0,home,0.0,0.0,True,12.0
2023-11-25,Southern Jaguars,59.0,away,0.0,0.0,False,-12.0
2023-11-25,Mount St. Mary's Mountaineers,83.0,home,0.0,0.0,False,-4.0
2023-11-25,Howard Bison,87.0,away,0.0,0.0,True,4.0
2023-11-25,Fairleigh Dickinson Knights,90.0,home,0.0,0.0,False,-1.0
2023-11-25,Jacksonville Dolphins,91.0,away,0.0,0.0,True,1.0
2023-11-25,Pennsylvania Quakers,79.0,home,0.0,0.0,False,-5.0
2023-11-25,Belmont Bruins,84.0,away,0.0,0.0,True,5.0
2023-11-25,Saint Francis Red Flash,61.0,home,0.0,0.0,False,-8.0
2023-11-25,Niagara Purple Eagles,69.0,away,0.0,0.0,True,8.0
2023-11-25,UNC Greensboro Spartans,88.0,home,0.0,0.0,True,11.0
2023-11-25,Delaware Blue Hens,77.0,away,0.0,0.0,False,-11.0
2023-11-25,Northern Kentucky Norse,72.0,home,0.0,0.0,True,8.0
2023-11-25,Long Island University Sharks,64.0,away,0.0,0.0,False,-8.0
2023-11-25,UAB Blazers,92.0,home,0.0,0.0,True,6.0
2023-11-25,Furman Paladins,86.0,away,0.0,0.0,False,-6.0
2023-11-25,Florida Gulf Coast Eagles,55.0,home,0.0,0.0,False,-16.0
2023-11-25,UNC Wilmington Seahawks,71.0,away,0.0,0.0,True,16.0
2023-11-25,UNC Asheville Bulldogs,85.0,home,0.0,0.0,True,3.0
2023-11-25,Wofford Terriers,82.0,away,0.0,0.0,False,-3.0
2023-11-25,Marist Red Foxes,73.0,home,0.0,0.0,True,24.0
2023-11-25,Bucknell Bison,49.0,away,0.0,0.0,False,-24.0
2023-11-26,Cleveland State Vikings,86.0,home,0.0,0.0,True,27.0
2023-11-26,Alabama A&M Bulldogs,59.0,away,0.0,0.0,False,-27.0
2023-11-26,Richmond Spiders,90.0,home,0.0,0.0,True,29.0
2023-11-26,Queens University Royals,61.0,away,0.0,0.0,False,-29.0
2023-11-26,Purdue Fort Wayne Mastodons,95.0,home,0.0,0.0,True,31.0
2023-11-26,Wittenberg Tigers,64.0,away,0.0,0.0,False,-31.0
2023-11-26,Santa Clara Broncos,56.0,home,0.0,0.0,False,-30.0
2023-11-26,Ohio State Buckeyes,86.0,away,0.0,0.0,True,30.0
2023-11-26,UIC Flames,89.0,home,0.0,0.0,True,10.0
2023-11-26,George Washington Revolutionaries,79.0,away,0.0,0.0,False,-10.0
2023-11-25,Bethune-Cookman Wildcats,64.0,home,0.0,0.0,False,-8.0
2023-11-25,Delaware State Hornets,72.0,away,0.0,0.0,True,8.0
2023-11-25,Charlotte 49ers,65.0,home,0.0,0.0,True,8.0
2023-11-25,Georgia State Panthers,57.0,away,0.0,0.0,False,-8.0
2023-11-26,Drake Bulldogs,77.0,home,0.0,0.0,True,6.0
2023-11-26,Texas Southern Tigers,71.0,away,0.0,0.0,False,-6.0
2023-11-26,St. John's Red Storm,91.0,home,0.0,0.0,True,46.0
2023-11-26,Holy Cross Crusaders,45.0,away,0.0,0.0,False,-46.0
2023-11-26,Loyola Marymount Lions,67.0,home,0.0,0.0,True,20.0
2023-11-26,UTEP Miners,47.0,away,0.0,0.0,False,-20.0
2023-11-26,San Diego State Aztecs,76.0,home,0.0,0.0,True,9.0
2023-11-26,California Golden Bears,67.0,away,0.0,0.0,False,-9.0
2023-11-26,Maryland Terrapins,68.0,home,0.0,0.0,True,13.0
2023-11-26,South Alabama Jaguars,55.0,away,0.0,0.0,False,-13.0
2023-11-26,Sam Houston Bearkats,78.0,home,0.0,0.0,True,17.0
2023-11-26,Paul Quinn Tigers,61.0,away,0.0,0.0,False,-17.0
2023-11-26,Lipscomb Bisons,61.0,home,0.0,0.0,False,-21.0
2023-11-26,Bowling Green Falcons,82.0,away,0.0,0.0,True,21.0
2023-11-26,UT Rio Grande Valley Vaqueros,58.0,home,0.0,0.0,False,-17.0
2023-11-26,Arkansas State Red Wolves,75.0,away,0.0,0.0,True,17.0
2023-11-26,Wichita State Shockers,80.0,home,0.0,0.0,True,13.0
2023-11-26,Norfolk State Spartans,67.0,away,0.0,0.0,False,-13.0
2023-11-26,California Baptist Lancers,69.0,home,0.0,0.0,True,10.0
2023-11-26,Vanguard Lions,59.0,away,0.0,0.0,False,-10.0
2023-11-26,Grand Canyon Lopes,86.0,home,0.0,0.0,True,15.0
2023-11-26,North Dakota State Bison,71.0,away,0.0,0.0,False,-15.0
2023-11-26,Saint Louis Billikens,66.0,home,0.0,0.0,True,1.0
2023-11-26,Dartmouth Big Green,65.0,away,0.0,0.0,False,-1.0
2023-11-26,DePaul Blue Demons,79.0,home,0.0,0.0,False,-10.0
2023-11-26,Northern Illinois Huskies,89.0,away,0.0,0.0,True,10.0
2023-11-26,Bradley Braves,79.0,home,0.0,0.0,True,9.0
2023-11-26,Vermont Catamounts,70.0,away,0.0,0.0,False,-9.0
2023-11-26,Hawai'i Rainbow Warriors,77.0,home,0.0,0.0,True,11.0
2023-11-26,San Diego Toreros,66.0,away,0.0,0.0,False,-11.0
2023-11-26,Portland Pilots,107.0,home,0.0,0.0,True,23.0
2023-11-26,Willamette Bearcats,84.0,away,0.0,0.0,False,-23.0
2023-11-30,Virginia Cavaliers,59.0,home,0.0,0.0,True,12.0
2023-11-30,Texas A&M Aggies,47.0,away,0.0,0.0,False,-12.0
2023-11-30,Arkansas Razorbacks,80.0,home,0.0,0.0,True,5.0
2023-11-30,Duke Blue Devils,75.0,away,0.0,0.0,False,-5.0
2023-11-30,North Carolina Tar Heels,100.0,home,0.0,0.0,True,8.0
2023-11-30,Tennessee Volunteers,92.0,away,0.0,0.0,False,-8.0
2023-11-29,Villanova Wildcats,65.0,home,0.0,0.0,False,-13.0
2023-11-29,Saint Joseph's Hawks,78.0,away,0.0,0.0,True,13.0
2023-11-30,Colorado State Rams,88.0,home,0.0,0.0,True,5.0
2023-11-30,Colorado Buffaloes,83.0,away,0.0,0.0,False,-5.0
2023-11-30,Stetson Hatters,94.0,home,0.0,0.0,True,45.0
2023-11-30,Coastal Georgia Mariner,49.0,away,0.0,0.0,False,-45.0
2023-11-29,Youngstown State Penguins,94.0,home,0.0,0.0,True,25.0
2023-11-29,Cleveland State Vikings,69.0,away,0.0,0.0,False,-25.0
2023-11-30,Florida A&M Rattlers,85.0,home,0.0,0.0,False,-7.0
2023-11-30,Albany St (GA) Golden Rams,92.0,away,0.0,0.0,True,7.0
2023-11-29,App State Mountaineers,72.0,home,0.0,0.0,True,11.0
2023-11-29,East Tennessee State Buccaneers,61.0,away,0.0,0.0,False,-11.0
2023-11-29,Jacksonville Dolphins,62.0,home,0.0,0.0,True,14.0
2023-11-29,Campbell Fighting Camels,48.0,away,0.0,0.0,False,-14.0
2023-11-30,High Point Panthers,77.0,home,0.0,0.0,True,18.0
2023-11-30,Morgan State Bears,59.0,away,0.0,0.0,False,-18.0
2023-11-30,Lafayette Leopards,48.0,home,0.0,0.0,False,-21.0
2023-11-30,Drexel Dragons,69.0,away,0.0,0.0,True,21.0
2023-11-30,Le Moyne Dolphins,92.0,home,0.0,0.0,True,38.0
2023-11-30,Fredonia State Blue Devils,54.0,away,0.0,0.0,False,-38.0
2023-11-29,Lipscomb Bisons,82.0,home,0.0,0.0,True,14.0
2023-11-29,Chattanooga Mocs,68.0,away,0.0,0.0,False,-14.0
2023-11-29,Seton Hall Pirates,88.0,home,0.0,0.0,True,13.0
2023-11-29,Northeastern Huskies,75.0,away,0.0,0.0,False,-13.0
2023-11-30,James Madison Dukes,81.0,home,0.0,0.0,True,15.0
2023-11-30,Buffalo Bulls,66.0,away,0.0,0.0,False,-15.0
2023-11-29,Army Black Knights,51.0,home,0.0,0.0,False,-28.0
2023-11-29,Central Connecticut Blue Devils,79.0,away,0.0,0.0,True,28.0
2023-11-29,Stonehill Skyhawks,74.0,home,0.0,0.0,False,-6.0
2023-11-29,UMass Lowell River Hawks,80.0,away,0.0,0.0,True,6.0
2023-11-30,Coastal Carolina Chanticleers,72.0,home,0.0,0.0,True,2.0
2023-11-30,South Carolina Upstate Spartans,70.0,away,0.0,0.0,False,-2.0
2023-11-30,Tulane Green Wave,98.0,home,0.0,0.0,True,21.0
2023-11-30,Prairie View A&M Panthers,77.0,away,0.0,0.0,False,-21.0
2023-11-30,Vermont Catamounts,64.0,home,0.0,0.0,True,11.0
2023-11-30,Dartmouth Big Green,53.0,away,0.0,0.0,False,-11.0
2023-11-30,Duquesne Dukes,66.0,home,0.0,0.0,True,4.0
2023-11-30,UC Irvine Anteaters,62.0,away,0.0,0.0,False,-4.0
2023-11-30,Iona Gaels,64.0,home,0.0,0.0,False,-4.0
2023-11-30,Marist Red Foxes,68.0,away,0.0,0.0,True,4.0
2023-11-30,George Mason Patriots,86.0,home,0.0,0.0,True,18.0
2023-11-30,NJIT Highlanders,68.0,away,0.0,0.0,False,-18.0
2023-11-30,Northern Kentucky Norse,77.0,home,0.0,0.0,True,18.0
2023-11-30,Robert Morris Colonials,59.0,away,0.0,0.0,False,-18.0
2023-11-30,Purdue Fort Wayne Mastodons,75.0,home,0.0,0.0,True,4.0
2023-11-30,Green Bay Phoenix,71.0,away,0.0,0.0,False,-4.0
2023-11-30,Detroit Mercy Titans,50.0,home,0.0,0.0,False,-15.0
2023-11-30,Oakland Golden Grizzlies,65.0,away,0.0,0.0,True,15.0
2023-11-30,Bucknell Bison,71.0,home,0.0,0.0,False,-14.0
2023-11-30,Princeton Tigers,85.0,away,0.0,0.0,True,14.0
2023-11-30,Florida International Panthers,65.0,home,0.0,0.0,False,-3.0
2023-11-30,Florida Gulf Coast Eagles,68.0,away,0.0,0.0,True,3.0
2023-11-30,Old Dominion Monarchs,69.0,home,0.0,0.0,True,1.0
2023-11-30,Radford Highlanders,68.0,away,0.0,0.0,False,-1.0
2023-11-30,Temple Owls,106.0,home,0.0,0.0,True,7.0
2023-11-30,La Salle Explorers,99.0,away,0.0,0.0,False,-7.0
2023-11-30,Columbia Lions,69.0,home,0.0,0.0,True,12.0
2023-11-30,Loyola Maryland Greyhounds,57.0,away,0.0,0.0,False,-12.0
2023-11-30,Wright State Raiders,103.0,home,0.0,0.0,True,29.0
2023-11-30,IU Indianapolis Jaguars,74.0,away,0.0,0.0,False,-29.0
2023-11-30,Lehigh Mountain Hawks,61.0,home,0.0,0.0,False,-1.0
2023-11-30,Saint Francis Red Flash,62.0,away,0.0,0.0,True,1.0
2023-11-30,Yale Bulldogs,79.0,home,0.0,0.0,True,8.0
2023-11-30,Stony Brook Seawolves,71.0,away,0.0,0.0,False,-8.0
2023-11-30,Harvard Crimson,80.0,home,0.0,0.0,True,5.0
2023-11-30,American University Eagles,75.0,away,0.0,0.0,False,-5.0
2023-11-30,UAlbany Great Danes,86.0,home,0.0,0.0,True,14.0
2023-11-30,Boston University Terriers,72.0,away,0.0,0.0,False,-14.0
2023-11-30,Cornell Big Red,91.0,home,0.0,0.0,True,4.0
2023-11-30,Monmouth Hawks,87.0,away,0.0,0.0,False,-4.0
2023-11-30,Queens University Royals,83.0,home,0.0,0.0,True,3.0
2023-11-30,Gardner-Webb Runnin' Bulldogs,80.0,away,0.0,0.0,False,-3.0
2023-11-30,Ohio State Buckeyes,88.0,home,0.0,0.0,True,27.0
2023-11-30,Central Michigan Chippewas,61.0,away,0.0,0.0,False,-27.0
2023-11-30,Navy Midshipmen,67.0,home,0.0,0.0,True,20.0
2023-11-30,VMI Keydets,47.0,away,0.0,0.0,False,-20.0
2023-11-30,Holy Cross Crusaders,57.0,home,0.0,0.0,False,-15.0
2023-11-30,Maine Black Bears,72.0,away,0.0,0.0,True,15.0
2023-11-30,Wake Forest Demon Deacons,82.0,home,0.0,0.0,True,11.0
2023-11-30,Florida Gators,71.0,away,0.0,0.0,False,-11.0
2023-11-30,Stephen F. Austin Lumberjacks,66.0,home,0.0,0.0,False,-2.0
2023-11-30,Tarleton State Texans,68.0,away,0.0,0.0,True,2.0
2023-11-30,Northern Iowa Panthers,70.0,home,0.0,0.0,False,-20.0
2023-11-30,Belmont Bruins,90.0,away,0.0,0.0,True,20.0
2023-11-30,Louisville Cardinals,73.0,home,0.0,0.0,True,5.0
2023-11-30,Bellarmine Knights,68.0,away,0.0,0.0,False,-5.0
2023-11-30,Utah Valley Wolverines,78.0,home,0.0,0.0,True,6.0
2023-11-30,Seattle U Redhawks,72.0,away,0.0,0.0,False,-6.0
2023-11-30,SMU Mustangs,63.0,home,0.0,0.0,False,-2.0
2023-11-30,Dayton Flyers,65.0,away,0.0,0.0,True,2.0
2023-11-30,UT Rio Grande Valley Vaqueros,69.0,home,0.0,0.0,False,-10.0
2023-11-30,Grand Canyon Lopes,79.0,away,0.0,0.0,True,10.0
2023-11-30,Charlotte 49ers,81.0,home,0.0,0.0,False,-4.0
2023-11-30,Davidson Wildcats,85.0,away,0.0,0.0,True,4.0
2023-11-30,Missouri State Bears,90.0,home,0.0,0.0,True,12.0
2023-11-30,Evansville Purple Aces,78.0,away,0.0,0.0,False,-12.0
2023-11-30,Valparaiso Beacons,65.0,home,0.0,0.0,False,-18.0
2023-11-30,Drake Bulldogs,83.0,away,0.0,0.0,True,18.0
2023-11-30,Wichita State Shockers,80.0,home,0.0,0.0,True,12.0
2023-11-30,Richmond Spiders,68.0,away,0.0,0.0,False,-12.0
2023-11-30,East Texas A&M Lions,100.0,home,0.0,0.0,True,52.0
2023-11-30,Dallas Christian Crusaders,48.0,away,0.0,0.0,False,-52.0
2023-11-30,Georgetown Hoyas,69.0,home,0.0,0.0,True,2.0
2023-11-30,Merrimack Warriors,67.0,away,0.0,0.0,False,-2.0
2023-11-30,Western Kentucky Hilltoppers,101.0,home,0.0,0.0,True,24.0
2023-11-30,Campbellsville Tigers,77.0,away,0.0,0.0,False,-24.0
2023-11-30,Murray State Racers,79.0,home,0.0,0.0,True,7.0
2023-11-30,Bradley Braves,72.0,away,0.0,0.0,False,-7.0
2023-11-30,Austin Peay Governors,50.0,home,0.0,0.0,False,-11.0
2023-11-30,Morehead State Eagles,61.0,away,0.0,0.0,True,11.0
2023-11-30,Alabama A&M Bulldogs,85.0,home,0.0,0.0,True,2.0
2023-11-30,Tennessee State Tigers,83.0,away,0.0,0.0,False,-2.0
2023-11-30,UT Arlington Mavericks,86.0,home,0.0,0.0,True,15.0
2023-11-30,Abilene Christian Wildcats,71.0,away,0.0,0.0,False,-15.0
2023-11-30,Southern Utah Thunderbirds,66.0,home,0.0,0.0,False,-25.0
2023-11-30,California Baptist Lancers,91.0,away,0.0,0.0,True,25.0
2023-11-30,UTEP Miners,63.0,home,0.0,0.0,False,-4.0
2023-11-30,Texas A&M-Corpus Christi Islanders,67.0,away,0.0,0.0,True,4.0
2023-11-30,New Mexico Lobos,74.0,home,0.0,0.0,True,9.0
2023-11-30,Louisiana Tech Bulldogs,65.0,away,0.0,0.0,False,-9.0
2023-11-30,Colgate Raiders,84.0,home,0.0,0.0,True,35.0
2023-11-30,Binghamton Bearcats,49.0,away,0.0,0.0,False,-35.0
2023-11-30,Iowa Hawkeyes,103.0,home,0.0,0.0,True,25.0
2023-11-30,North Florida Ospreys,78.0,away,0.0,0.0,False,-25.0
2023-11-30,Arizona State Sun Devils,78.0,home,0.0,0.0,True,17.0
2023-11-30,Sam Houston Bearkats,61.0,away,0.0,0.0,False,-17.0
2023-11-30,Cal Poly Mustangs,81.0,home,0.0,0.0,True,4.0
2023-11-30,San José State Spartans,77.0,away,0.0,0.0,False,-4.0
2023-11-30,Idaho Vandals,65.0,home,0.0,0.0,False,-2.0
2023-11-30,Denver Pioneers,67.0,away,0.0,0.0,True,2.0
2023-11-30,Florida State Seminoles,66.0,home,0.0,0.0,False,-2.0
2023-11-30,Georgia Bulldogs,68.0,away,0.0,0.0,True,2.0
2023-11-30,Santa Clara Broncos,106.0,home,0.0,0.0,True,37.0
2023-11-30,Menlo Oaks,69.0,away,0.0,0.0,False,-37.0
2023-11-30,USC Trojans,106.0,home,0.0,0.0,True,28.0
2023-11-30,Eastern Washington Eagles,78.0,away,0.0,0.0,False,-28.0
2023-11-30,UC Santa Barbara Gauchos,70.0,home,0.0,0.0,True,11.0
2023-11-30,Northern Arizona Lumberjacks,59.0,away,0.0,0.0,False,-11.0
2023-11-30,Auburn Tigers,74.0,home,0.0,0.0,True,17.0
2023-11-30,Virginia Tech Hokies,57.0,away,0.0,0.0,False,-17.0
2023-11-30,Vanderbilt Commodores,62.0,home,0.0,0.0,False,-18.0
2023-11-30,Boston College Eagles,80.0,away,0.0,0.0,True,18.0
2023-11-30,Nevada Wolf Pack,77.0,home,0.0,0.0,True,11.0
2023-11-30,Montana Grizzlies,66.0,away,0.0,0.0,False,-11.0
2023-11-30,San Diego Toreros,74.0,home,0.0,0.0,True,2.0
2023-11-30,Northern Colorado Bears,72.0,away,0.0,0.0,False,-2.0
2023-11-30,Loyola Marymount Lions,90.0,home,0.0,0.0,True,27.0
2023-11-30,Central Arkansas Bears,63.0,away,0.0,0.0,False,-27.0
2023-11-30,Pacific Tigers,69.0,home,0.0,0.0,False,-11.0
2023-11-30,Cal State Northridge Matadors,80.0,away,0.0,0.0,True,11.0
2023-12-04,Bellarmine Knights,88.0,home,0.0,0.0,True,34.0
2023-12-04,Boyce Bulldogs,54.0,away,0.0,0.0,False,-34.0
2023-12-05,UTEP Miners,90.0,home,0.0,0.0,True,28.0
2023-12-05,Western New Mexico Mustangs,62.0,away,0.0,0.0,False,-28.0
2023-12-05,Coastal Carolina Chanticleers,110.0,home,0.0,0.0,True,64.0
2023-12-05,St. Andrews Knights,46.0,away,0.0,0.0,False,-64.0
2023-12-05,Arkansas Razorbacks,97.0,home,0.0,0.0,True,14.0
2023-12-05,Furman Paladins,83.0,away,0.0,0.0,False,-14.0
2023-12-05,North Dakota State Bison,83.0,home,0.0,0.0,True,5.0
2023-12-05,San José State Spartans,78.0,away,0.0,0.0,False,-5.0
2023-12-05,Georgia State Panthers,89.0,home,0.0,0.0,True,32.0
2023-12-05,Middle Georgia State Knights,57.0,away,0.0,0.0,False,-32.0
2023-12-05,Purdue Boilermakers,87.0,home,0.0,0.0,True,19.0
2023-12-05,Iowa Hawkeyes,68.0,away,0.0,0.0,False,-19.0
2023-12-05,Oregon State Beavers,70.0,home,0.0,0.0,True,7.0
2023-12-05,Cal Poly Mustangs,63.0,away,0.0,0.0,False,-7.0
2023-12-05,Alabama Crimson Tide,89.0,home,0.0,0.0,True,24.0
2023-12-05,Arkansas State Red Wolves,65.0,away,0.0,0.0,False,-24.0
2023-12-04,East Carolina Pirates,63.0,home,0.0,0.0,True,11.0
2023-12-04,Maryland Eastern Shore Hawks,52.0,away,0.0,0.0,False,-11.0
2023-12-03,Mississippi State Bulldogs,59.0,home,0.0,0.0,False,-1.0
2023-12-03,Southern Jaguars,60.0,away,0.0,0.0,True,1.0
2023-12-03,App State Mountaineers,69.0,home,0.0,0.0,True,5.0
2023-12-03,Auburn Tigers,64.0,away,0.0,0.0,False,-5.0
2023-12-03,Nebraska Cornhuskers,60.0,home,0.0,0.0,False,-29.0
2023-12-03,Creighton Bluejays,89.0,away,0.0,0.0,True,29.0
2023-12-03,Chicago State Cougars,77.0,home,0.0,0.0,True,23.0
2023-12-03,Stetson Hatters,54.0,away,0.0,0.0,False,-23.0
2023-12-03,Hampton Pirates,121.0,home,0.0,0.0,True,55.0
2023-12-03,Virginia-Lynchburg Dragons,66.0,away,0.0,0.0,False,-55.0
2023-12-03,Rider Broncs,81.0,home,0.0,0.0,False,-7.0
2023-12-03,Fairfield Stags,88.0,away,0.0,0.0,True,7.0
2023-12-03,Niagara Purple Eagles,68.0,home,0.0,0.0,False,-7.0
2023-12-03,Quinnipiac Bobcats,75.0,away,0.0,0.0,True,7.0
2023-12-03,Cincinnati Bearcats,99.0,home,0.0,0.0,True,37.0
2023-12-03,Florida Gulf Coast Eagles,62.0,away,0.0,0.0,False,-37.0
2023-12-03,Pittsburgh Panthers,70.0,home,0.0,0.0,False,-9.0
2023-12-03,Clemson Tigers,79.0,away,0.0,0.0,True,9.0
2023-12-03,New Hampshire Wildcats,80.0,home,0.0,0.0,True,9.0
2023-12-03,Columbia Lions,71.0,away,0.0,0.0,False,-9.0
2023-12-03,Morgan State Bears,54.0,home,0.0,0.0,False,-34.0
2023-12-03,Longwood Lancers,88.0,away,0.0,0.0,True,34.0
2023-12-03,Radford Highlanders,82.0,home,0.0,0.0,True,10.0
2023-12-03,Elon Phoenix,72.0,away,0.0,0.0,False,-10.0
2023-12-03,James Madison Dukes,130.0,home,0.0,0.0,True,71.0
2023-12-03,Keystone Giants,59.0,away,0.0,0.0,False,-71.0
2023-12-03,Mount St. Mary's Mountaineers,80.0,home,0.0,0.0,True,32.0
2023-12-03,Siena Saints,48.0,away,0.0,0.0,False,-32.0
2023-12-03,Canisius Golden Griffins,52.0,home,0.0,0.0,False,-2.0
2023-12-03,Saint Peter's Peacocks,54.0,away,0.0,0.0,True,2.0
2023-12-03,Marist Red Foxes,70.0,home,0.0,0.0,True,14.0
2023-12-03,Manhattan Jaspers,56.0,away,0.0,0.0,False,-14.0
2023-12-03,Navy Midshipmen,75.0,home,0.0,0.0,True,23.0
2023-12-03,Coppin State Eagles,52.0,away,0.0,0.0,False,-23.0
2023-12-03,Fordham Rams,81.0,home,0.0,0.0,False,-8.0
2023-12-03,Tulane Green Wave,89.0,away,0.0,0.0,True,8.0
2023-12-03,Maine Black Bears,60.0,home,0.0,0.0,True,11.0
2023-12-03,Brown Bears,49.0,away,0.0,0.0,False,-11.0
2023-12-03,Western Illinois Leathernecks,68.0,home,0.0,0.0,False,-2.0
2023-12-03,South Dakota Coyotes,70.0,away,0.0,0.0,True,2.0
2023-12-03,Illinois State Redbirds,76.0,home,0.0,0.0,True,4.0
2023-12-03,Murray State Racers,72.0,away,0.0,0.0,False,-4.0
2023-12-03,Tennessee Tech Golden Eagles,108.0,home,0.0,0.0,True,26.0
2023-12-03,Alice Lloyd College Eagles,82.0,away,0.0,0.0,False,-26.0
2023-12-03,Morehead State Eagles,87.0,home,0.0,0.0,True,7.0
2023-12-03,Chattanooga Mocs,80.0,away,0.0,0.0,False,-7.0
2023-12-03,Arizona State Sun Devils,72.0,home,0.0,0.0,True,11.0
2023-12-03,San Francisco Dons,61.0,away,0.0,0.0,False,-11.0
2023-12-03,Missouri Tigers,82.0,home,0.0,0.0,True,10.0
2023-12-03,Wichita State Shockers,72.0,away,0.0,0.0,False,-10.0
2023-12-03,Virginia Tech Hokies,75.0,home,0.0,0.0,True,7.0
2023-12-03,Louisville Cardinals,68.0,away,0.0,0.0,False,-7.0
2023-12-03,Cal State Fullerton Titans,102.0,home,0.0,0.0,True,50.0
2023-12-03,Stanton Elks,52.0,away,0.0,0.0,False,-50.0
2023-12-03,Colorado Buffaloes,91.0,home,0.0,0.0,True,25.0
2023-12-03,Pepperdine Waves,66.0,away,0.0,0.0,False,-25.0
2023-12-04,Stanford Cardinal,88.0,home,0.0,0.0,True,24.0
2023-12-04,San Diego Toreros,64.0,away,0.0,0.0,False,-24.0
2023-12-03,Jacksonville State Gamecocks,59.0,home,0.0,0.0,False,-2.0
2023-12-03,East Tennessee State Buccaneers,61.0,away,0.0,0.0,True,2.0
2023-12-03,Southeast Missouri State Redhawks,84.0,home,0.0,0.0,True,28.0
2023-12-03,Missouri Baptist Spartans,56.0,away,0.0,0.0,False,-28.0
2023-12-03,Alabama State Hornets,80.0,home,0.0,0.0,True,20.0
2023-12-03,Mississippi University For Women Owls,60.0,away,0.0,0.0,False,-20.0
2023-12-03,SMU Mustangs,90.0,home,0.0,0.0,True,43.0
2023-12-03,East Texas A&M Lions,47.0,away,0.0,0.0,False,-43.0
2023-12-03,Samford Bulldogs,128.0,home,0.0,0.0,True,46.0
2023-12-03,LaGrange Panthers,82.0,away,0.0,0.0,False,-46.0
2023-12-03,Portland Pilots,58.0,home,0.0,0.0,False,-22.0
2023-12-03,Air Force Falcons,80.0,away,0.0,0.0,True,22.0
2023-12-03,Western Kentucky Hilltoppers,79.0,home,0.0,0.0,True,10.0
2023-12-03,Eastern Kentucky Colonels,69.0,away,0.0,0.0,False,-10.0
2023-12-03,Sam Houston Bearkats,90.0,home,0.0,0.0,True,20.0
2023-12-03,Lamar Cardinals,70.0,away,0.0,0.0,False,-20.0
2023-12-03,Ohio State Buckeyes,84.0,home,0.0,0.0,True,10.0
2023-12-03,Minnesota Golden Gophers,74.0,away,0.0,0.0,False,-10.0
2023-12-04,UC Riverside Highlanders,68.0,home,0.0,0.0,True,6.0
2023-12-04,North Dakota Fighting Hawks,62.0,away,0.0,0.0,False,-6.0
2023-12-04,Hawai'i Rainbow Warriors,95.0,home,0.0,0.0,True,19.0
2023-12-04,Central Arkansas Bears,76.0,away,0.0,0.0,False,-19.0
2023-12-07,Bellarmine Knights,98.0,home,0.0,0.0,True,39.0
2023-12-07,Berea Mountaineers,59.0,away,0.0,0.0,False,-39.0
2023-12-08,Wright State Raiders,81.0,home,0.0,0.0,True,19.0
2023-12-08,Bethel (IN) Pilots,62.0,away,0.0,0.0,False,-19.0
2023-12-08,Iowa State Cyclones,90.0,home,0.0,0.0,True,25.0
2023-12-08,Iowa Hawkeyes,65.0,away,0.0,0.0,False,-25.0
2023-12-08,Delaware State Hornets,106.0,home,0.0,0.0,True,33.0
2023-12-08,Virginia-Lynchburg Dragons,73.0,away,0.0,0.0,False,-33.0
2023-12-08,Cal State Northridge Matadors,92.0,home,0.0,0.0,True,38.0
2023-12-08,Bethesda University Flames,54.0,away,0.0,0.0,False,-38.0
2023-12-07,North Alabama Lions,109.0,home,0.0,0.0,True,44.0
2023-12-07,Rust Bearcats,65.0,away,0.0,0.0,False,-44.0
2023-12-08,Eastern Illinois Panthers,75.0,home,0.0,0.0,True,17.0
2023-12-08,IU Indianapolis Jaguars,58.0,away,0.0,0.0,False,-17.0
2023-12-08,Central Arkansas Bears,75.0,home,0.0,0.0,True,4.0
2023-12-08,Little Rock Trojans,71.0,away,0.0,0.0,False,-4.0
2023-12-08,UNC Greensboro Spartans,87.0,home,0.0,0.0,True,2.0
2023-12-08,Eastern Kentucky Colonels,85.0,away,0.0,0.0,False,-2.0
2023-12-08,North Dakota State Bison,78.0,home,0.0,0.0,True,11.0
2023-12-08,Portland Pilots,67.0,away,0.0,0.0,False,-11.0
2023-12-09,Yale Bulldogs,95.0,home,0.0,0.0,True,59.0
2023-12-09,Colby-Sawyer Chargers,36.0,away,0.0,0.0,False,-59.0
2023-12-09,Boston College Eagles,95.0,home,0.0,0.0,True,31.0
2023-12-09,Holy Cross Crusaders,64.0,away,0.0,0.0,False,-31.0
2023-12-09,Duquesne Dukes,68.0,home,0.0,0.0,True,9.0
2023-12-09,Saint Peter's Peacocks,59.0,away,0.0,0.0,False,-9.0
2023-12-09,High Point Panthers,75.0,home,0.0,0.0,True,13.0
2023-12-09,North Carolina A&T Aggies,62.0,away,0.0,0.0,False,-13.0
2023-12-09,Quinnipiac Bobcats,71.0,home,0.0,0.0,True,3.0
2023-12-09,Navy Midshipmen,68.0,away,0.0,0.0,False,-3.0
2023-12-09,Manhattan Jaspers,71.0,home,0.0,0.0,False,-5.0
2023-12-09,Fairleigh Dickinson Knights,76.0,away,0.0,0.0,True,5.0
2023-12-09,Rider Broncs,73.0,home,0.0,0.0,True,17.0
2023-12-09,Stonehill Skyhawks,56.0,away,0.0,0.0,False,-17.0
2023-12-09,Eastern Michigan Eagles,63.0,home,0.0,0.0,False,-14.0
2023-12-09,Oakland Golden Grizzlies,77.0,away,0.0,0.0,True,14.0
2023-12-09,Harvard Crimson,70.0,home,0.0,0.0,True,6.0
2023-12-09,Army Black Knights,64.0,away,0.0,0.0,False,-6.0
2023-12-09,Jacksonville State Gamecocks,49.0,home,0.0,0.0,False,-6.0
2023-12-09,UIC Flames,55.0,away,0.0,0.0,True,6.0
2023-12-05,Illinois Fighting Illini,98.0,home,0.0,0.0,True,9.0
2023-12-05,Florida Atlantic Owls,89.0,away,0.0,0.0,False,-9.0
2023-12-06,Oklahoma Sooners,72.0,home,0.0,0.0,True,21.0
2023-12-06,Providence Friars,51.0,away,0.0,0.0,False,-21.0
2023-12-06,Florida Gulf Coast Eagles,87.0,home,0.0,0.0,True,33.0
2023-12-06,New College (FL) Mighty Banyans,54.0,away,0.0,0.0,False,-33.0
2023-12-06,UConn Huskies,87.0,home,0.0,0.0,True,11.0
2023-12-06,North Carolina Tar Heels,76.0,away,0.0,0.0,False,-11.0
2023-12-06,Michigan State Spartans,57.0,home,0.0,0.0,False,-13.0
2023-12-06,Wisconsin Badgers,70.0,away,0.0,0.0,True,13.0
2023-12-06,BYU Cougars,96.0,home,0.0,0.0,True,41.0
2023-12-06,Evansville Purple Aces,55.0,away,0.0,0.0,False,-41.0
2023-12-05,Boston College Eagles,82.0,home,0.0,0.0,True,14.0
2023-12-05,Central Connecticut Blue Devils,68.0,away,0.0,0.0,False,-14.0
2023-12-06,UAlbany Great Danes,98.0,home,0.0,0.0,True,39.0
2023-12-06,SUNY-Potsdam SUNY-POTSDAM,59.0,away,0.0,0.0,False,-39.0
2023-12-05,Xavier Musketeers,80.0,home,0.0,0.0,False,-7.0
2023-12-05,Delaware Blue Hens,87.0,away,0.0,0.0,True,7.0
2023-12-06,The Citadel Bulldogs,88.0,home,0.0,0.0,True,28.0
2023-12-06,Pfeiffer Falcons,60.0,away,0.0,0.0,False,-28.0
2023-12-06,Kansas Jayhawks,88.0,home,0.0,0.0,True,19.0
2023-12-06,Kansas City Roos,69.0,away,0.0,0.0,False,-19.0
2023-12-05,Tennessee Volunteers,87.0,home,0.0,0.0,True,21.0
2023-12-05,George Mason Patriots,66.0,away,0.0,0.0,False,-21.0
2023-12-06,Baylor Bears,78.0,home,0.0,0.0,True,18.0
2023-12-06,Seton Hall Pirates,60.0,away,0.0,0.0,False,-18.0
2023-12-05,Winthrop Eagles,88.0,home,0.0,0.0,True,6.0
2023-12-05,Queens University Royals,82.0,away,0.0,0.0,False,-6.0
2023-12-06,Gonzaga Bulldogs,111.0,home,0.0,0.0,True,40.0
2023-12-06,Arkansas-Pine Bluff Golden Lions,71.0,away,0.0,0.0,False,-40.0
2023-12-06,Grand Canyon Lopes,79.0,home,0.0,0.0,True,6.0
2023-12-06,San Diego State Aztecs,73.0,away,0.0,0.0,False,-6.0
2023-12-05,Army Black Knights,68.0,home,0.0,0.0,True,17.0
2023-12-05,Le Moyne Dolphins,51.0,away,0.0,0.0,False,-17.0
2023-12-06,Charlotte 49ers,85.0,home,0.0,0.0,True,23.0
2023-12-06,Stetson Hatters,62.0,away,0.0,0.0,False,-23.0
2023-12-05,UMass Lowell River Hawks,117.0,home,0.0,0.0,True,48.0
2023-12-05,Fisher College Eagles,69.0,away,0.0,0.0,False,-48.0
2023-12-06,Delaware State Hornets,105.0,home,0.0,0.0,True,47.0
2023-12-06,Gwynedd-Mercy Griffins,58.0,away,0.0,0.0,False,-47.0
2023-12-06,Columbia Lions,83.0,home,0.0,0.0,True,11.0
2023-12-06,Lafayette Leopards,72.0,away,0.0,0.0,False,-11.0
2023-12-06,Liberty Flames,74.0,home,0.0,0.0,True,35.0
2023-12-06,Mississippi Valley State Delta Devils,39.0,away,0.0,0.0,False,-35.0
2023-12-06,Akron Zips,67.0,home,0.0,0.0,True,15.0
2023-12-06,Bradley Braves,52.0,away,0.0,0.0,False,-15.0
2023-12-06,Kennesaw State Owls,79.0,home,0.0,0.0,True,3.0
2023-12-06,UNC Asheville Bulldogs,76.0,away,0.0,0.0,False,-3.0
2023-12-06,High Point Panthers,97.0,home,0.0,0.0,True,26.0
2023-12-06,Western Carolina Catamounts,71.0,away,0.0,0.0,False,-26.0
2023-12-06,Notre Dame Fighting Irish,86.0,home,0.0,0.0,True,21.0
2023-12-06,Western Michigan Broncos,65.0,away,0.0,0.0,False,-21.0
2023-12-06,New Orleans Privateers,79.0,home,0.0,0.0,True,14.0
2023-12-06,Belhaven Blazers,65.0,away,0.0,0.0,False,-14.0
2023-12-06,North Florida Ospreys,99.0,home,0.0,0.0,True,52.0
2023-12-06,Edward Waters Tigers,47.0,away,0.0,0.0,False,-52.0
2023-12-06,UL Monroe Warhawks,110.0,home,0.0,0.0,True,47.0
2023-12-06,Champion Christian Tigers,63.0,away,0.0,0.0,False,-47.0
2023-12-06,Middle Tennessee Blue Raiders,77.0,home,0.0,0.0,True,4.0
2023-12-06,Missouri State Bears,73.0,away,0.0,0.0,False,-4.0
2023-12-06,George Washington Revolutionaries,79.0,home,0.0,0.0,True,2.0
2023-12-06,Navy Midshipmen,77.0,away,0.0,0.0,False,-2.0
2023-12-06,Princeton Tigers,81.0,home,0.0,0.0,True,11.0
2023-12-06,Drexel Dragons,70.0,away,0.0,0.0,False,-11.0
2023-12-06,Virginia Cavaliers,77.0,home,0.0,0.0,True,30.0
2023-12-06,North Carolina Central Eagles,47.0,away,0.0,0.0,False,-30.0
2023-12-06,Kansas State Wildcats,72.0,home,0.0,0.0,True,1.0
2023-12-06,Villanova Wildcats,71.0,away,0.0,0.0,False,-1.0
2023-12-06,Stephen F. Austin Lumberjacks,49.0,home,0.0,0.0,False,-7.0
2023-12-06,Louisiana Tech Bulldogs,56.0,away,0.0,0.0,True,7.0
2023-12-06,Georgia Bulldogs,76.0,home,0.0,0.0,True,14.0
2023-12-06,Georgia Tech Yellow Jackets,62.0,away,0.0,0.0,False,-14.0
2023-12-06,Florida Gators,77.0,home,0.0,0.0,True,20.0
2023-12-06,Merrimack Warriors,57.0,away,0.0,0.0,False,-20.0
2023-12-06,Austin Peay Governors,98.0,home,0.0,0.0,True,54.0
2023-12-06,Midway University Eagles,44.0,away,0.0,0.0,False,-54.0
2023-12-06,Tarleton State Texans,92.0,home,0.0,0.0,True,36.0
2023-12-06,Hardin-Simmons Cowboys,56.0,away,0.0,0.0,False,-36.0
2023-12-06,Ole Miss Rebels,77.0,home,0.0,0.0,True,9.0
2023-12-06,Mount St. Mary's Mountaineers,68.0,away,0.0,0.0,False,-9.0
2023-12-06,Northern Illinois Huskies,67.0,home,0.0,0.0,False,-23.0
2023-12-06,Indiana State Sycamores,90.0,away,0.0,0.0,True,23.0
2023-12-06,App State Mountaineers,111.0,home,0.0,0.0,True,76.0
2023-12-06,Central Penn Knights,35.0,away,0.0,0.0,False,-76.0
2023-12-06,Utah Valley Wolverines,70.0,home,0.0,0.0,True,16.0
2023-12-06,Weber State Wildcats,54.0,away,0.0,0.0,False,-16.0
2023-12-06,Syracuse Orange,81.0,home,0.0,0.0,True,11.0
2023-12-06,Cornell Big Red,70.0,away,0.0,0.0,False,-11.0
2023-12-06,Tulsa Golden Hurricane,88.0,home,0.0,0.0,True,11.0
2023-12-06,Loyola Chicago Ramblers,77.0,away,0.0,0.0,False,-11.0
2023-12-06,McNeese Cowboys,92.0,home,0.0,0.0,True,69.0
2023-12-06,Mississippi University For Women Owls,23.0,away,0.0,0.0,False,-69.0
2023-12-06,Wyoming Cowboys,80.0,home,0.0,0.0,True,21.0
2023-12-06,South Dakota Mines Hardrockers,59.0,away,0.0,0.0,False,-21.0
2023-12-06,Idaho Vandals,83.0,home,0.0,0.0,True,30.0
2023-12-06,Pacific Tigers,53.0,away,0.0,0.0,False,-30.0
2023-12-06,Montana Grizzlies,91.0,home,0.0,0.0,True,24.0
2023-12-06,Montana State-Northern Lights,67.0,away,0.0,0.0,False,-24.0
2023-12-06,Boise State Broncos,69.0,home,0.0,0.0,True,5.0
2023-12-06,North Texas Mean Green,64.0,away,0.0,0.0,False,-5.0
2023-12-06,Butler Bulldogs,72.0,home,0.0,0.0,True,13.0
2023-12-06,Buffalo Bulls,59.0,away,0.0,0.0,False,-13.0
2023-12-06,Michigan Wolverines,75.0,home,0.0,0.0,False,-3.0
2023-12-06,Indiana Hoosiers,78.0,away,0.0,0.0,True,3.0
2023-12-06,Saint Mary's Gaels,70.0,home,0.0,0.0,True,13.0
2023-12-06,Cleveland State Vikings,57.0,away,0.0,0.0,False,-13.0
2023-12-06,Utah Utes,88.0,home,0.0,0.0,True,2.0
2023-12-06,Southern Utah Thunderbirds,86.0,away,0.0,0.0,False,-2.0
2023-12-06,UC San Diego Tritons,98.0,home,0.0,0.0,True,31.0
2023-12-06,Occidental Tigers,67.0,away,0.0,0.0,False,-31.0
2023-12-06,South Dakota State Jackrabbits,73.0,home,0.0,0.0,False,-9.0
2023-12-06,Kent State Golden Flashes,82.0,away,0.0,0.0,True,9.0
2023-12-06,Washington Huskies,85.0,home,0.0,0.0,True,24.0
2023-12-06,Montana State Bobcats,61.0,away,0.0,0.0,False,-24.0
2023-12-06,Southern Illinois Salukis,70.0,home,0.0,0.0,True,2.0
2023-12-06,Oklahoma State Cowboys,68.0,away,0.0,0.0,False,-2.0
2023-12-06,Cal State Bakersfield Roadrunners,106.0,home,0.0,0.0,True,48.0
2023-12-06,Whittier Poets,58.0,away,0.0,0.0,False,-48.0
2023-12-06,Fresno State Bulldogs,79.0,home,0.0,0.0,True,12.0
2023-12-06,Idaho State Bengals,67.0,away,0.0,0.0,False,-12.0
2023-12-12,Gonzaga Bulldogs,78.0,home,0.0,0.0,True,38.0
2023-12-12,Mississippi Valley State Delta Devils,40.0,away,0.0,0.0,False,-38.0
2023-12-12,Pennsylvania Quakers,78.0,home,0.0,0.0,True,10.0
2023-12-12,Howard Bison,68.0,away,0.0,0.0,False,-10.0
2023-12-12,South Carolina State Bulldogs,86.0,home,0.0,0.0,True,1.0
2023-12-12,Jacksonville Dolphins,85.0,away,0.0,0.0,False,-1.0
2023-12-12,Robert Morris Colonials,69.0,home,0.0,0.0,False,-4.0
2023-12-12,Delaware Blue Hens,73.0,away,0.0,0.0,True,4.0
2023-12-11,Longwood Lancers,92.0,home,0.0,0.0,True,31.0
2023-12-11,Gallaudet Bison,61.0,away,0.0,0.0,False,-31.0
2023-12-12,Gardner-Webb Runnin' Bulldogs,79.0,home,0.0,0.0,True,19.0
2023-12-12,North Greenville Crusaders,60.0,away,0.0,0.0,False,-19.0
2023-12-12,New Hampshire Wildcats,75.0,home,0.0,0.0,True,13.0
2023-12-12,Stonehill Skyhawks,62.0,away,0.0,0.0,False,-13.0
2023-12-12,Samford Bulldogs,118.0,home,0.0,0.0,True,27.0
2023-12-12,Alabama A&M Bulldogs,91.0,away,0.0,0.0,False,-27.0
2023-12-12,Hampton Pirates,100.0,home,0.0,0.0,True,47.0
2023-12-12,Mary Baldwin Fighting Squirrels,53.0,away,0.0,0.0,False,-47.0
2023-12-12,Fairleigh Dickinson Knights,83.0,home,0.0,0.0,False,-4.0
2023-12-12,Columbia Lions,87.0,away,0.0,0.0,True,4.0
2023-12-11,East Texas A&M Lions,101.0,home,0.0,0.0,True,2.0
2023-12-11,Northern Colorado Bears,99.0,away,0.0,0.0,False,-2.0
2023-12-12,Quinnipiac Bobcats,66.0,home,0.0,0.0,False,-7.0
2023-12-12,Yale Bulldogs,73.0,away,0.0,0.0,True,7.0
2023-12-12,San Francisco Dons,85.0,home,0.0,0.0,True,13.0
2023-12-12,New Orleans Privateers,72.0,away,0.0,0.0,False,-13.0
2023-12-12,Texas State Bobcats,107.0,home,0.0,0.0,True,49.0
2023-12-12,Jarvis Christian Bulldogs,58.0,away,0.0,0.0,False,-49.0
2023-12-12,Cal State Northridge Matadors,80.0,home,0.0,0.0,True,5.0
2023-12-12,Utah Tech Trailblazers,75.0,away,0.0,0.0,False,-5.0
2023-12-10,Little Rock Trojans,68.0,home,0.0,0.0,False,-17.0
2023-12-10,Winthrop Eagles,85.0,away,0.0,0.0,True,17.0
2023-12-10,Niagara Purple Eagles,113.0,home,0.0,0.0,True,49.0
2023-12-10,Buffalo State Bengals,64.0,away,0.0,0.0,False,-49.0
2023-12-10,North Dakota State Bison,108.0,home,0.0,0.0,True,94.0
2023-12-10,Oak Hills Christian Wolfpack,14.0,away,0.0,0.0,False,-94.0
2023-12-10,Providence Friars,74.0,home,0.0,0.0,True,20.0
2023-12-10,Brown Bears,54.0,away,0.0,0.0,False,-20.0
2023-12-10,Wagner Seahawks,59.0,home,0.0,0.0,False,-14.0
2023-12-10,Boston University Terriers,73.0,away,0.0,0.0,True,14.0
2023-12-10,Iowa State Cyclones,107.0,home,0.0,0.0,True,51.0
2023-12-10,Prairie View A&M Panthers,56.0,away,0.0,0.0,False,-51.0
2023-12-10,Northwestern Wildcats,91.0,home,0.0,0.0,True,32.0
2023-12-10,Detroit Mercy Titans,59.0,away,0.0,0.0,False,-32.0
2023-12-10,VCU Rams,86.0,home,0.0,0.0,True,28.0
2023-12-10,Alcorn State Braves,58.0,away,0.0,0.0,False,-28.0
2023-12-10,UNC Wilmington Seahawks,119.0,home,0.0,0.0,True,69.0
2023-12-10,Montreat Cavaliers,50.0,away,0.0,0.0,False,-69.0
2023-12-10,Ball State Cardinals,83.0,home,0.0,0.0,True,12.0
2023-12-10,SIU Edwardsville Cougars,71.0,away,0.0,0.0,False,-12.0
2023-12-10,Charleston Cougars,85.0,home,0.0,0.0,True,15.0
2023-12-10,Rhode Island Rams,70.0,away,0.0,0.0,False,-15.0
2023-12-10,Saint Joseph's Hawks,74.0,home,0.0,0.0,True,4.0
2023-12-10,Princeton Tigers,70.0,away,0.0,0.0,False,-4.0
2023-12-10,Bowling Green Falcons,97.0,home,0.0,0.0,True,48.0
2023-12-10,Ohio Dominican Panthers,49.0,away,0.0,0.0,False,-48.0
2023-12-10,Miami Hurricanes,63.0,home,0.0,0.0,False,-27.0
2023-12-10,Colorado Buffaloes,90.0,away,0.0,0.0,True,27.0
2023-12-10,Texas A&M Aggies,75.0,home,0.0,0.0,False,-6.0
2023-12-10,Memphis Tigers,81.0,away,0.0,0.0,True,6.0
2023-12-10,Fordham Rams,60.0,home,0.0,0.0,True,1.0
2023-12-10,North Texas Mean Green,59.0,away,0.0,0.0,False,-1.0
2023-12-10,Stetson Hatters,123.0,home,0.0,0.0,True,80.0
2023-12-10,Johnson University Florida Suns,43.0,away,0.0,0.0,False,-80.0
2023-12-10,William & Mary Tribe,99.0,home,0.0,0.0,True,49.0
2023-12-10,Virginia-Lynchburg Dragons,50.0,away,0.0,0.0,False,-49.0
2023-12-10,Chattanooga Mocs,112.0,home,0.0,0.0,True,61.0
2023-12-10,Tennessee Wesleyan Bulldogs,51.0,away,0.0,0.0,False,-61.0
2023-12-10,UTSA Roadrunners,93.0,home,0.0,0.0,True,33.0
2023-12-10,Arkansas-Fort Smith Lions,60.0,away,0.0,0.0,False,-33.0
2023-12-10,UCF Knights,68.0,home,0.0,0.0,False,-2.0
2023-12-10,Ole Miss Rebels,70.0,away,0.0,0.0,True,2.0
2023-12-10,UNC Greensboro Spartans,82.0,home,0.0,0.0,True,9.0
2023-12-10,Elon Phoenix,73.0,away,0.0,0.0,False,-9.0
2023-12-10,Boston College Eagles,86.0,home,0.0,0.0,True,6.0
2023-12-10,St. John's Red Storm,80.0,away,0.0,0.0,False,-6.0
2023-12-10,USC Trojans,79.0,home,0.0,0.0,False,-5.0
2023-12-10,Long Beach State Beach,84.0,away,0.0,0.0,True,5.0
2023-12-10,Iowa Hawkeyes,80.0,home,0.0,0.0,False,-10.0
2023-12-10,Michigan Wolverines,90.0,away,0.0,0.0,True,10.0
2023-12-10,Eastern Illinois Panthers,70.0,home,0.0,0.0,False,-3.0
2023-12-10,Central Arkansas Bears,73.0,away,0.0,0.0,True,3.0
2023-12-10,UT Martin Skyhawks,110.0,home,0.0,0.0,True,58.0
2023-12-10,Ecclesia Royals,52.0,away,0.0,0.0,False,-58.0
2023-12-10,Abilene Christian Wildcats,120.0,home,0.0,0.0,True,51.0
2023-12-10,Howard Payne Yellow Jackets,69.0,away,0.0,0.0,False,-51.0
2023-12-10,North Alabama Lions,77.0,home,0.0,0.0,False,-9.0
2023-12-10,Morehead State Eagles,86.0,away,0.0,0.0,True,9.0
2023-12-10,Oklahoma State Cowboys,72.0,home,0.0,0.0,True,15.0
2023-12-10,Tulsa Golden Hurricane,57.0,away,0.0,0.0,False,-15.0
2023-12-10,Chicago State Cougars,50.0,home,0.0,0.0,False,-16.0
2023-12-10,St. Thomas-Minnesota Tommies,66.0,away,0.0,0.0,True,16.0
2023-12-10,Eastern Kentucky Colonels,121.0,home,0.0,0.0,True,65.0
2023-12-10,Bethany (WV) Bison,56.0,away,0.0,0.0,False,-65.0
2023-12-10,Lipscomb Bisons,78.0,home,0.0,0.0,True,7.0
2023-12-10,Tennessee State Tigers,71.0,away,0.0,0.0,False,-7.0
2023-12-10,East Tennessee State Buccaneers,73.0,home,0.0,0.0,True,1.0
2023-12-10,Tennessee Tech Golden Eagles,72.0,away,0.0,0.0,False,-1.0
2023-12-11,Washington State Cougars,83.0,home,0.0,0.0,True,18.0
2023-12-11,Grambling Tigers,65.0,away,0.0,0.0,False,-18.0
2023-12-10,Nebraska Cornhuskers,77.0,home,0.0,0.0,True,7.0
2023-12-10,Michigan State Spartans,70.0,away,0.0,0.0,False,-7.0
2023-12-10,Iona Gaels,61.0,home,0.0,0.0,True,7.0
2023-12-10,Saint Francis Red Flash,54.0,away,0.0,0.0,False,-7.0
2023-12-11,Hawai'i Rainbow Warriors,78.0,home,0.0,0.0,True,25.0
2023-12-11,Hawai'i Pacific Sea Warriors,53.0,away,0.0,0.0,False,-25.0
2023-12-11,UAlbany Great Danes,73.0,home,0.0,0.0,False,-5.0
2023-12-11,Temple Owls,78.0,away,0.0,0.0,True,5.0
2023-12-02,Arizona Wildcats,82.0,home,0.0,0.0,True,27.0
2023-12-02,Colgate Raiders,55.0,away,0.0,0.0,False,-27.0
2023-12-02,Rutgers Scarlet Knights,58.0,home,0.0,0.0,False,-18.0
2023-12-02,Illinois Fighting Illini,76.0,away,0.0,0.0,True,18.0
2023-12-02,UMBC Retrievers,92.0,home,0.0,0.0,True,5.0
2023-12-02,Lehigh Mountain Hawks,87.0,away,0.0,0.0,False,-5.0
2023-12-02,Miami Hurricanes,62.0,home,0.0,0.0,True,13.0
2023-12-02,Notre Dame Fighting Irish,49.0,away,0.0,0.0,False,-13.0
2023-12-02,Villanova Wildcats,55.0,home,0.0,0.0,False,-2.0
2023-12-02,Drexel Dragons,57.0,away,0.0,0.0,True,2.0
2023-12-02,Massachusetts Minutemen,66.0,home,0.0,0.0,True,10.0
2023-12-02,South Florida Bulls,56.0,away,0.0,0.0,False,-10.0
2023-12-02,Kentucky Wildcats,73.0,home,0.0,0.0,False,-7.0
2023-12-02,UNC Wilmington Seahawks,80.0,away,0.0,0.0,True,7.0
2023-12-02,Georgia Tech Yellow Jackets,72.0,home,0.0,0.0,True,4.0
2023-12-02,Duke Blue Devils,68.0,away,0.0,0.0,False,-4.0
2023-12-02,Wisconsin Badgers,75.0,home,0.0,0.0,True,11.0
2023-12-02,Marquette Golden Eagles,64.0,away,0.0,0.0,False,-11.0
2023-12-02,Florida Atlantic Owls,90.0,home,0.0,0.0,True,16.0
2023-12-02,Charleston Cougars,74.0,away,0.0,0.0,False,-16.0
2023-12-02,Kennesaw State Owls,88.0,home,0.0,0.0,True,11.0
2023-12-02,Georgia State Panthers,77.0,away,0.0,0.0,False,-11.0
2023-12-02,VMI Keydets,71.0,home,0.0,0.0,False,-4.0
2023-12-02,Presbyterian Blue Hose,75.0,away,0.0,0.0,True,4.0
2023-12-03,USC Trojans,76.0,home,0.0,0.0,False,-13.0
2023-12-03,Gonzaga Bulldogs,89.0,away,0.0,0.0,True,13.0
2023-12-02,Penn State Nittany Lions,67.0,home,0.0,0.0,False,-9.0
2023-12-02,Bucknell Bison,76.0,away,0.0,0.0,True,9.0
2023-12-02,North Carolina Tar Heels,78.0,home,0.0,0.0,True,8.0
2023-12-02,Florida State Seminoles,70.0,away,0.0,0.0,False,-8.0
2023-12-02,IU Indianapolis Jaguars,55.0,home,0.0,0.0,False,-16.0
2023-12-02,Northern Kentucky Norse,71.0,away,0.0,0.0,True,16.0
2023-12-02,Baylor Bears,91.0,home,0.0,0.0,True,51.0
2023-12-02,Northwestern State Demons,40.0,away,0.0,0.0,False,-51.0
2023-12-03,Colorado State Rams,86.0,home,0.0,0.0,True,5.0
2023-12-03,Washington Huskies,81.0,away,0.0,0.0,False,-5.0
2023-12-02,Virginia Cavaliers,84.0,home,0.0,0.0,True,22.0
2023-12-02,Syracuse Orange,62.0,away,0.0,0.0,False,-22.0
2023-12-02,Central Connecticut Blue Devils,78.0,home,0.0,0.0,True,11.0
2023-12-02,Holy Cross Crusaders,67.0,away,0.0,0.0,False,-11.0
2023-12-02,Evansville Purple Aces,91.0,home,0.0,0.0,True,2.0
2023-12-02,Northern Iowa Panthers,89.0,away,0.0,0.0,False,-2.0
2023-12-02,Belmont Bruins,77.0,home,0.0,0.0,True,9.0
2023-12-02,Valparaiso Beacons,68.0,away,0.0,0.0,False,-9.0
2023-12-02,Campbell Fighting Camels,87.0,home,0.0,0.0,True,31.0
2023-12-02,Southern Virginia Knights,56.0,away,0.0,0.0,False,-31.0
2023-12-02,American University Eagles,73.0,home,0.0,0.0,False,-2.0
2023-12-02,Saint Francis Red Flash,75.0,away,0.0,0.0,True,2.0
2023-12-02,North Texas Mean Green,79.0,home,0.0,0.0,True,31.0
2023-12-02,Mississippi Valley State Delta Devils,48.0,away,0.0,0.0,False,-31.0
2023-12-02,Lafayette Leopards,71.0,home,0.0,0.0,False,-8.0
2023-12-02,Cornell Big Red,79.0,away,0.0,0.0,True,8.0
2023-12-02,Bradley Braves,77.0,home,0.0,0.0,False,-8.0
2023-12-02,Indiana State Sycamores,85.0,away,0.0,0.0,True,8.0
2023-12-02,Robert Morris Colonials,57.0,home,0.0,0.0,False,-14.0
2023-12-02,Youngstown State Penguins,71.0,away,0.0,0.0,True,14.0
2023-12-02,Ball State Cardinals,67.0,home,0.0,0.0,True,9.0
2023-12-02,Bellarmine Knights,58.0,away,0.0,0.0,False,-9.0
2023-12-02,Ohio Bobcats,74.0,home,0.0,0.0,True,1.0
2023-12-02,Delaware Blue Hens,73.0,away,0.0,0.0,False,-1.0
2023-12-02,Kansas State Wildcats,75.0,home,0.0,0.0,True,1.0
2023-12-02,North Alabama Lions,74.0,away,0.0,0.0,False,-1.0
2023-12-02,North Carolina A&T Aggies,68.0,home,0.0,0.0,False,-17.0
2023-12-02,The Citadel Bulldogs,85.0,away,0.0,0.0,True,17.0
2023-12-02,Stonehill Skyhawks,64.0,home,0.0,0.0,False,-15.0
2023-12-02,Binghamton Bearcats,79.0,away,0.0,0.0,True,15.0
2023-12-02,Buffalo Bulls,65.0,home,0.0,0.0,False,-15.0
2023-12-02,St. Bonaventure Bonnies,80.0,away,0.0,0.0,True,15.0
2023-12-02,Sacred Heart Pioneers,49.0,home,0.0,0.0,False,-21.0
2023-12-02,Boston University Terriers,70.0,away,0.0,0.0,True,21.0
2023-12-02,North Florida Ospreys,79.0,home,0.0,0.0,False,-7.0
2023-12-02,High Point Panthers,86.0,away,0.0,0.0,True,7.0
2023-12-02,Ole Miss Rebels,80.0,home,0.0,0.0,True,3.0
2023-12-02,Memphis Tigers,77.0,away,0.0,0.0,False,-3.0
2023-12-02,Northeastern Huskies,81.0,home,0.0,0.0,True,13.0
2023-12-02,Old Dominion Monarchs,68.0,away,0.0,0.0,False,-13.0
2023-12-02,Princeton Tigers,70.0,home,0.0,0.0,True,1.0
2023-12-02,Furman Paladins,69.0,away,0.0,0.0,False,-1.0
2023-12-02,Dayton Flyers,76.0,home,0.0,0.0,True,30.0
2023-12-02,Grambling Tigers,46.0,away,0.0,0.0,False,-30.0
2023-12-02,Denver Pioneers,90.0,home,0.0,0.0,True,24.0
2023-12-02,Colorado College Tigers,66.0,away,0.0,0.0,False,-24.0
2023-12-02,North Carolina Central Eagles,82.0,home,0.0,0.0,False,-3.0
2023-12-02,South Carolina Upstate Spartans,85.0,away,0.0,0.0,True,3.0
2023-12-02,Montana Grizzlies,75.0,home,0.0,0.0,True,17.0
2023-12-02,San José State Spartans,58.0,away,0.0,0.0,False,-17.0
2023-12-02,Davidson Wildcats,82.0,home,0.0,0.0,True,9.0
2023-12-02,Wright State Raiders,73.0,away,0.0,0.0,False,-9.0
2023-12-02,Cleveland State Vikings,69.0,home,0.0,0.0,True,11.0
2023-12-02,Detroit Mercy Titans,58.0,away,0.0,0.0,False,-11.0
2023-12-02,Georgia Southern Eagles,79.0,home,0.0,0.0,False,-2.0
2023-12-02,Jacksonville Dolphins,81.0,away,0.0,0.0,True,2.0
2023-12-02,Louisiana Tech Bulldogs,68.0,home,0.0,0.0,True,13.0
2023-12-02,Nicholls Colonels,55.0,away,0.0,0.0,False,-13.0
2023-12-02,Oakland Golden Grizzlies,77.0,home,0.0,0.0,False,-21.0
2023-12-02,Purdue Fort Wayne Mastodons,98.0,away,0.0,0.0,True,21.0
2023-12-02,Southern Illinois Salukis,101.0,home,0.0,0.0,True,39.0
2023-12-02,Saint Louis Billikens,62.0,away,0.0,0.0,False,-39.0
2023-12-02,Stony Brook Seawolves,59.0,home,0.0,0.0,False,-1.0
2023-12-02,Wagner Seahawks,60.0,away,0.0,0.0,True,1.0
2023-12-02,Boston College Eagles,78.0,home,0.0,0.0,False,-6.0
2023-12-02,NC State Wolfpack,84.0,away,0.0,0.0,True,6.0
2023-12-02,Oregon Ducks,86.0,home,0.0,0.0,True,3.0
2023-12-02,Michigan Wolverines,83.0,away,0.0,0.0,False,-3.0
2023-12-02,Eastern Illinois Panthers,112.0,home,0.0,0.0,True,62.0
2023-12-02,Health Sciences & Pharmacy Eutectics,50.0,away,0.0,0.0,False,-62.0
2023-12-02,Northern Colorado Bears,75.0,home,0.0,0.0,True,4.0
2023-12-02,Cal State Northridge Matadors,71.0,away,0.0,0.0,False,-4.0
2023-12-02,McNeese Cowboys,91.0,home,0.0,0.0,True,11.0
2023-12-02,UT Martin Skyhawks,80.0,away,0.0,0.0,False,-11.0
2023-12-02,NJIT Highlanders,68.0,home,0.0,0.0,False,-3.0
2023-12-02,Fairleigh Dickinson Knights,71.0,away,0.0,0.0,True,3.0
2023-12-02,Drake Bulldogs,74.0,home,0.0,0.0,True,17.0
2023-12-02,Missouri State Bears,57.0,away,0.0,0.0,False,-17.0
2023-12-02,Loyola Chicago Ramblers,75.0,home,0.0,0.0,True,22.0
2023-12-02,Harvard Crimson,53.0,away,0.0,0.0,False,-22.0
2023-12-02,Coastal Carolina Chanticleers,87.0,home,0.0,0.0,False,-3.0
2023-12-02,Winthrop Eagles,90.0,away,0.0,0.0,True,3.0
2023-12-02,Southern Indiana Screaming Eagles,52.0,home,0.0,0.0,False,-2.0
2023-12-02,Bowling Green Falcons,54.0,away,0.0,0.0,True,2.0
2023-12-02,Vanderbilt Commodores,78.0,home,0.0,0.0,True,19.0
2023-12-02,Alabama A&M Bulldogs,59.0,away,0.0,0.0,False,-19.0
2023-12-02,La Salle Explorers,93.0,home,0.0,0.0,True,1.0
2023-12-02,Pennsylvania Quakers,92.0,away,0.0,0.0,False,-1.0
2023-12-02,Loyola Maryland Greyhounds,73.0,home,0.0,0.0,False,-6.0
2023-12-02,Delaware State Hornets,79.0,away,0.0,0.0,True,6.0
2023-12-02,UCF Knights,72.0,home,0.0,0.0,True,15.0
2023-12-02,Lipscomb Bisons,57.0,away,0.0,0.0,False,-15.0
2023-12-02,Northern Arizona Lumberjacks,78.0,home,0.0,0.0,True,20.0
2023-12-02,Pacific Tigers,58.0,away,0.0,0.0,False,-20.0
2023-12-02,Tarleton State Texans,77.0,home,0.0,0.0,True,2.0
2023-12-02,UT Rio Grande Valley Vaqueros,75.0,away,0.0,0.0,False,-2.0
2023-12-02,Charleston Southern Buccaneers,66.0,home,0.0,0.0,True,2.0
2023-12-02,South Carolina State Bulldogs,64.0,away,0.0,0.0,False,-2.0
2023-12-02,Rice Owls,65.0,home,0.0,0.0,True,9.0
2023-12-02,Houston Christian Huskies,56.0,away,0.0,0.0,False,-9.0
2023-12-02,Georgetown Hoyas,83.0,home,0.0,0.0,False,-1.0
2023-12-02,TCU Horned Frogs,84.0,away,0.0,0.0,True,1.0
2023-12-02,Idaho Vandals,85.0,home,0.0,0.0,True,15.0
2023-12-02,Cal Poly Mustangs,70.0,away,0.0,0.0,False,-15.0
2023-12-02,Florida International Panthers,74.0,home,0.0,0.0,True,15.0
2023-12-02,Long Island University Sharks,59.0,away,0.0,0.0,False,-15.0
2023-12-02,Richmond Spiders,88.0,home,0.0,0.0,True,19.0
2023-12-02,William & Mary Tribe,69.0,away,0.0,0.0,False,-19.0
2023-12-02,Washington State Cougars,71.0,home,0.0,0.0,True,10.0
2023-12-02,Portland State Vikings,61.0,away,0.0,0.0,False,-10.0
2023-12-02,Seattle U Redhawks,73.0,home,0.0,0.0,True,10.0
2023-12-02,Southern Utah Thunderbirds,63.0,away,0.0,0.0,False,-10.0
2023-12-02,Abilene Christian Wildcats,74.0,home,0.0,0.0,False,-5.0
2023-12-02,Stephen F. Austin Lumberjacks,79.0,away,0.0,0.0,True,5.0
2023-12-03,Tennessee State Tigers,69.0,home,0.0,0.0,True,4.0
2023-12-03,Austin Peay Governors,65.0,away,0.0,0.0,False,-4.0
2023-12-03,Gardner-Webb Runnin' Bulldogs,82.0,home,0.0,0.0,True,5.0
2023-12-03,Western Carolina Catamounts,77.0,away,0.0,0.0,False,-5.0
2023-12-03,Long Beach State Beach,83.0,home,0.0,0.0,True,10.0
2023-12-03,Sacramento State Hornets,73.0,away,0.0,0.0,False,-10.0
2023-12-03,Green Bay Phoenix,70.0,home,0.0,0.0,True,12.0
2023-12-03,Milwaukee Panthers,58.0,away,0.0,0.0,False,-12.0
2023-12-03,Vermont Catamounts,66.0,home,0.0,0.0,True,1.0
2023-12-03,Yale Bulldogs,65.0,away,0.0,0.0,False,-1.0
2023-12-03,Merrimack Warriors,74.0,home,0.0,0.0,True,6.0
2023-12-03,UMass Lowell River Hawks,68.0,away,0.0,0.0,False,-6.0
2023-12-03,California Golden Bears,84.0,home,0.0,0.0,True,15.0
2023-12-03,Santa Clara Broncos,69.0,away,0.0,0.0,False,-15.0
2023-12-03,Marshall Thundering Herd,74.0,home,0.0,0.0,False,-5.0
2023-12-03,Miami (OH) RedHawks,79.0,away,0.0,0.0,True,5.0
2023-12-03,Utah Tech Trailblazers,65.0,home,0.0,0.0,True,12.0
2023-12-03,Utah Valley Wolverines,53.0,away,0.0,0.0,False,-12.0
2023-12-03,Saint Joseph's Hawks,74.0,home,0.0,0.0,True,9.0
2023-12-03,Temple Owls,65.0,away,0.0,0.0,False,-9.0
2023-12-03,New Mexico Lobos,106.0,home,0.0,0.0,True,44.0
2023-12-03,New Mexico State Aggies,62.0,away,0.0,0.0,False,-44.0
2023-12-03,UAlbany Great Danes,73.0,home,0.0,0.0,True,5.0
2023-12-03,Dartmouth Big Green,68.0,away,0.0,0.0,False,-5.0
2023-12-03,Idaho State Bengals,76.0,home,0.0,0.0,True,6.0
2023-12-03,Lindenwood Lions,70.0,away,0.0,0.0,False,-6.0
2023-12-03,Providence Friars,84.0,home,0.0,0.0,True,15.0
2023-12-03,Rhode Island Rams,69.0,away,0.0,0.0,False,-15.0
2023-12-03,Utah State Aggies,79.0,home,0.0,0.0,True,10.0
2023-12-03,UC Irvine Anteaters,69.0,away,0.0,0.0,False,-10.0
2023-12-03,Nevada Wolf Pack,73.0,home,0.0,0.0,True,14.0
2023-12-03,Loyola Marymount Lions,59.0,away,0.0,0.0,False,-14.0
2023-12-03,Oral Roberts Golden Eagles,79.0,home,0.0,0.0,True,9.0
2023-12-03,Tulsa Golden Hurricane,70.0,away,0.0,0.0,False,-9.0
2023-12-03,Toledo Rockets,77.0,home,0.0,0.0,False,-9.0
2023-12-03,George Mason Patriots,86.0,away,0.0,0.0,True,9.0
2023-12-03,Grand Canyon Lopes,76.0,home,0.0,0.0,True,7.0
2023-12-03,UT Arlington Mavericks,69.0,away,0.0,0.0,False,-7.0
2023-12-03,Middle Tennessee Blue Raiders,64.0,home,0.0,0.0,False,-10.0
2023-12-03,Wofford Terriers,74.0,away,0.0,0.0,True,10.0
2023-12-13,Troy Trojans,110.0,home,0.0,0.0,True,47.0
2023-12-13,Southern-New Orleans Knights,63.0,away,0.0,0.0,False,-47.0
2023-12-13,Duke Blue Devils,89.0,home,0.0,0.0,True,21.0
2023-12-13,Hofstra Pride,68.0,away,0.0,0.0,False,-21.0
2023-12-12,Southern Jaguars,109.0,home,0.0,0.0,True,48.0
2023-12-12,Champion Christian Tigers,61.0,away,0.0,0.0,False,-48.0
2023-12-13,Louisiana Tech Bulldogs,89.0,home,0.0,0.0,True,29.0
2023-12-13,SE Louisiana Lions,60.0,away,0.0,0.0,False,-29.0
2023-12-12,Seton Hall Pirates,70.0,home,0.0,0.0,True,9.0
2023-12-12,Monmouth Hawks,61.0,away,0.0,0.0,False,-9.0
2023-12-12,UMass Lowell River Hawks,78.0,home,0.0,0.0,True,13.0
2023-12-12,Long Island University Sharks,65.0,away,0.0,0.0,False,-13.0
2023-12-13,Tennessee Tech Golden Eagles,81.0,home,0.0,0.0,True,7.0
2023-12-13,Bethel (TN) Wildcats,74.0,away,0.0,0.0,False,-7.0
2023-12-13,NC State Wolfpack,81.0,home,0.0,0.0,True,14.0
2023-12-13,UT Martin Skyhawks,67.0,away,0.0,0.0,False,-14.0
2023-12-13,Wright State Raiders,84.0,home,0.0,0.0,False,-7.0
2023-12-13,Western Kentucky Hilltoppers,91.0,away,0.0,0.0,True,7.0
2023-12-13,George Washington Revolutionaries,88.0,home,0.0,0.0,True,15.0
2023-12-13,Bowie State Bulldogs,73.0,away,0.0,0.0,False,-15.0
2023-12-13,Radford Highlanders,73.0,home,0.0,0.0,True,17.0
2023-12-13,VMI Keydets,56.0,away,0.0,0.0,False,-17.0
2023-12-13,Saint Peter's Peacocks,66.0,home,0.0,0.0,True,6.0
2023-12-13,UMBC Retrievers,60.0,away,0.0,0.0,False,-6.0
2023-12-13,Tarleton State Texans,85.0,home,0.0,0.0,True,38.0
2023-12-13,Sterling College (KS) Warriors,47.0,away,0.0,0.0,False,-38.0
2023-12-13,Maryland Terrapins,105.0,home,0.0,0.0,True,40.0
2023-12-13,Alcorn State Braves,65.0,away,0.0,0.0,False,-40.0
2023-12-13,Campbell Fighting Camels,88.0,home,0.0,0.0,True,29.0
2023-12-13,Pfeiffer Falcons,59.0,away,0.0,0.0,False,-29.0
2023-12-13,Cincinnati Bearcats,85.0,home,0.0,0.0,True,32.0
2023-12-13,Bryant Bulldogs,53.0,away,0.0,0.0,False,-32.0
2023-12-13,Tennessee Volunteers,74.0,home,0.0,0.0,True,18.0
2023-12-13,Georgia Southern Eagles,56.0,away,0.0,0.0,False,-18.0
2023-12-13,North Carolina A&T Aggies,62.0,home,0.0,0.0,False,-5.0
2023-12-13,North Carolina Central Eagles,67.0,away,0.0,0.0,True,5.0
2023-12-13,South Florida Bulls,104.0,home,0.0,0.0,True,18.0
2023-12-13,Arkansas-Pine Bluff Golden Lions,86.0,away,0.0,0.0,False,-18.0
2023-12-13,Sam Houston Bearkats,63.0,home,0.0,0.0,True,1.0
2023-12-13,UL Monroe Warhawks,62.0,away,0.0,0.0,False,-1.0
2023-12-13,Northern Iowa Panthers,74.0,home,0.0,0.0,True,19.0
2023-12-13,Prairie View A&M Panthers,55.0,away,0.0,0.0,False,-19.0
2023-12-13,Kansas City Roos,80.0,home,0.0,0.0,True,23.0
2023-12-13,Tabor,57.0,away,0.0,0.0,False,-23.0
2023-12-13,Oregon Ducks,76.0,home,0.0,0.0,True,21.0
2023-12-13,California Baptist Lancers,55.0,away,0.0,0.0,False,-21.0
2023-12-13,Southern Illinois Salukis,68.0,home,0.0,0.0,False,-2.0
2023-12-13,Austin Peay Governors,70.0,away,0.0,0.0,True,2.0
2023-12-13,UIC Flames,68.0,home,0.0,0.0,False,-2.0
2023-12-13,Green Bay Phoenix,70.0,away,0.0,0.0,True,2.0
2023-12-13,Lindenwood Lions,81.0,home,0.0,0.0,True,17.0
2023-12-13,Avila Eagles,64.0,away,0.0,0.0,False,-17.0
2023-12-13,Georgetown Hoyas,71.0,home,0.0,0.0,True,17.0
2023-12-13,Coppin State Eagles,54.0,away,0.0,0.0,False,-17.0
2023-12-13,North Dakota Fighting Hawks,87.0,home,0.0,0.0,True,51.0
2023-12-13,Waldorf College Warriors,36.0,away,0.0,0.0,False,-51.0
2023-12-13,Minnesota Golden Gophers,101.0,home,0.0,0.0,True,36.0
2023-12-13,IU Indianapolis Jaguars,65.0,away,0.0,0.0,False,-36.0
2023-12-13,Boise State Broncos,95.0,home,0.0,0.0,True,41.0
2023-12-13,Northwestern State Demons,54.0,away,0.0,0.0,False,-41.0
2023-12-13,Texas Tech Red Raiders,82.0,home,0.0,0.0,True,6.0
2023-12-13,Oral Roberts Golden Eagles,76.0,away,0.0,0.0,False,-6.0
2023-12-13,New Mexico State Aggies,76.0,home,0.0,0.0,True,5.0
2023-12-13,Northern New Mexico Eagles,71.0,away,0.0,0.0,False,-5.0
2023-12-07,Clemson Tigers,72.0,home,0.0,0.0,True,5.0
2023-12-07,South Carolina Gamecocks,67.0,away,0.0,0.0,False,-5.0
2023-12-07,Davidson Wildcats,62.0,home,0.0,0.0,True,12.0
2023-12-07,Campbell Fighting Camels,50.0,away,0.0,0.0,False,-12.0
2023-12-07,Siena Saints,51.0,home,0.0,0.0,False,-16.0
2023-12-07,Bryant Bulldogs,67.0,away,0.0,0.0,True,16.0
2023-12-07,Miami Hurricanes,97.0,home,0.0,0.0,True,48.0
2023-12-07,Long Island University Sharks,49.0,away,0.0,0.0,False,-48.0
2023-12-06,Mercer Bears,62.0,home,0.0,0.0,False,-21.0
2023-12-06,South Alabama Jaguars,83.0,away,0.0,0.0,True,21.0
2023-12-07,Maryland Terrapins,81.0,home,0.0,0.0,True,6.0
2023-12-07,Penn State Nittany Lions,75.0,away,0.0,0.0,False,-6.0
2023-12-07,Houston Cougars,75.0,home,0.0,0.0,True,36.0
2023-12-07,Rice Owls,39.0,away,0.0,0.0,False,-36.0
2023-12-06,Stony Brook Seawolves,81.0,home,0.0,0.0,True,18.0
2023-12-06,Stonehill Skyhawks,63.0,away,0.0,0.0,False,-18.0
2023-12-07,Presbyterian Blue Hose,60.0,home,0.0,0.0,False,-5.0
2023-12-07,Florida A&M Rattlers,65.0,away,0.0,0.0,True,5.0
2023-12-06,Morgan State Bears,92.0,home,0.0,0.0,True,12.0
2023-12-06,UMBC Retrievers,80.0,away,0.0,0.0,False,-12.0
2023-12-07,Marquette Golden Eagles,86.0,home,0.0,0.0,True,21.0
2023-12-07,Texas Longhorns,65.0,away,0.0,0.0,False,-21.0
2023-12-06,UT Arlington Mavericks,74.0,home,0.0,0.0,True,37.0
2023-12-06,UNT Dallas Trailblazers,37.0,away,0.0,0.0,False,-37.0
2023-12-07,Colgate Raiders,115.0,home,0.0,0.0,True,78.0
2023-12-07,Vermont State - Lyndon Hornets,37.0,away,0.0,0.0,False,-78.0
2023-12-07,Colorado State Rams,90.0,home,0.0,0.0,True,10.0
2023-12-07,Denver Pioneers,80.0,away,0.0,0.0,False,-10.0
2023-12-06,Pennsylvania Quakers,111.0,home,0.0,0.0,True,54.0
2023-12-06,FDU Florham Devils,57.0,away,0.0,0.0,False,-54.0
2023-12-07,Gardner-Webb Runnin' Bulldogs,66.0,home,0.0,0.0,False,-15.0
2023-12-07,Wofford Terriers,81.0,away,0.0,0.0,True,15.0
2023-12-07,Texas A&M Aggies,89.0,home,0.0,0.0,True,25.0
2023-12-07,DePaul Blue Demons,64.0,away,0.0,0.0,False,-25.0
2023-12-06,Wake Forest Demon Deacons,76.0,home,0.0,0.0,True,19.0
2023-12-06,Rutgers Scarlet Knights,57.0,away,0.0,0.0,False,-19.0
2023-12-06,La Salle Explorers,62.0,home,0.0,0.0,True,1.0
2023-12-06,Loyola Maryland Greyhounds,61.0,away,0.0,0.0,False,-1.0
2023-12-07,Central Michigan Chippewas,71.0,home,0.0,0.0,True,4.0
2023-12-07,Valparaiso Beacons,67.0,away,0.0,0.0,False,-4.0
2023-12-07,Northeastern Huskies,71.0,home,0.0,0.0,False,-2.0
2023-12-07,Vermont Catamounts,73.0,away,0.0,0.0,True,2.0
2023-12-07,Ohio Bobcats,72.0,home,0.0,0.0,False,-6.0
2023-12-07,Youngstown State Penguins,78.0,away,0.0,0.0,True,6.0
2023-12-07,Detroit Mercy Titans,65.0,home,0.0,0.0,False,-3.0
2023-12-07,Ball State Cardinals,68.0,away,0.0,0.0,True,3.0
2023-12-07,Coppin State Eagles,59.0,home,0.0,0.0,False,-3.0
2023-12-07,Wagner Seahawks,62.0,away,0.0,0.0,True,3.0
2023-12-07,NC State Wolfpack,93.0,home,0.0,0.0,True,32.0
2023-12-07,Maryland Eastern Shore Hawks,61.0,away,0.0,0.0,False,-32.0
2023-12-07,Canisius Golden Griffins,87.0,home,0.0,0.0,True,7.0
2023-12-07,Robert Morris Colonials,80.0,away,0.0,0.0,False,-7.0
2023-12-07,Fordham Rams,77.0,home,0.0,0.0,False,-3.0
2023-12-07,NJIT Highlanders,80.0,away,0.0,0.0,True,3.0
2023-12-07,Marshall Thundering Herd,72.0,home,0.0,0.0,False,-13.0
2023-12-07,Duquesne Dukes,85.0,away,0.0,0.0,True,13.0
2023-12-07,Temple Owls,85.0,home,0.0,0.0,True,30.0
2023-12-07,Bloomsburg Huskies,55.0,away,0.0,0.0,False,-30.0
2023-12-07,William & Mary Tribe,84.0,home,0.0,0.0,True,5.0
2023-12-07,Old Dominion Monarchs,79.0,away,0.0,0.0,False,-5.0
2023-12-07,Oakland Golden Grizzlies,68.0,home,0.0,0.0,False,-1.0
2023-12-07,Toledo Rockets,69.0,away,0.0,0.0,True,1.0
2023-12-07,Rhode Island Rams,64.0,home,0.0,0.0,False,-3.0
2023-12-07,Brown Bears,67.0,away,0.0,0.0,True,3.0
2023-12-07,Ohio State Buckeyes,84.0,home,0.0,0.0,True,20.0
2023-12-07,Miami (OH) RedHawks,64.0,away,0.0,0.0,False,-20.0
2023-12-07,Yale Bulldogs,71.0,home,0.0,0.0,False,-4.0
2023-12-07,Fairfield Stags,75.0,away,0.0,0.0,True,4.0
2023-12-07,Boston University Terriers,65.0,home,0.0,0.0,False,-9.0
2023-12-07,Maine Black Bears,74.0,away,0.0,0.0,True,9.0
2023-12-07,Saint Joseph's Hawks,69.0,home,0.0,0.0,True,16.0
2023-12-07,American University Eagles,53.0,away,0.0,0.0,False,-16.0
2023-12-07,VCU Rams,80.0,home,0.0,0.0,False,-5.0
2023-12-07,Memphis Tigers,85.0,away,0.0,0.0,True,5.0
2023-12-07,St. John's Red Storm,85.0,home,0.0,0.0,True,35.0
2023-12-07,Sacred Heart Pioneers,50.0,away,0.0,0.0,False,-35.0
2023-12-07,Iona Gaels,57.0,home,0.0,0.0,False,-5.0
2023-12-07,Hofstra Pride,62.0,away,0.0,0.0,True,5.0
2023-12-07,Towson Tigers,81.0,home,0.0,0.0,True,10.0
2023-12-07,Massachusetts Minutemen,71.0,away,0.0,0.0,False,-10.0
2023-12-07,Niagara Purple Eagles,60.0,home,0.0,0.0,False,-34.0
2023-12-07,St. Bonaventure Bonnies,94.0,away,0.0,0.0,True,34.0
2023-12-07,St. Thomas-Minnesota Tommies,75.0,home,0.0,0.0,True,4.0
2023-12-07,Milwaukee Panthers,71.0,away,0.0,0.0,False,-4.0
2023-12-07,Houston Christian Huskies,95.0,home,0.0,0.0,True,37.0
2023-12-07,Southwestern Adventist Knights,58.0,away,0.0,0.0,False,-37.0
2023-12-07,Southeast Missouri State Redhawks,95.0,home,0.0,0.0,True,50.0
2023-12-07,Harris-Stowe State Hornets,45.0,away,0.0,0.0,False,-50.0
2023-12-07,Dartmouth Big Green,76.0,home,0.0,0.0,True,12.0
2023-12-07,New Hampshire Wildcats,64.0,away,0.0,0.0,False,-12.0
2023-12-07,UCF Knights,94.0,home,0.0,0.0,True,42.0
2023-12-07,Jacksonville Dolphins,52.0,away,0.0,0.0,False,-42.0
2023-12-07,Texas A&M-Corpus Christi Islanders,74.0,home,0.0,0.0,False,-2.0
2023-12-07,UT Rio Grande Valley Vaqueros,76.0,away,0.0,0.0,True,2.0
2023-12-07,Vanderbilt Commodores,60.0,home,0.0,0.0,False,-13.0
2023-12-07,San Francisco Dons,73.0,away,0.0,0.0,True,13.0
2023-12-07,Southern Indiana Screaming Eagles,57.0,home,0.0,0.0,False,-13.0
2023-12-07,Purdue Fort Wayne Mastodons,70.0,away,0.0,0.0,True,13.0
2023-12-07,SIU Edwardsville Cougars,78.0,home,0.0,0.0,True,9.0
2023-12-07,Green Bay Phoenix,69.0,away,0.0,0.0,False,-9.0
2023-12-07,Northern Iowa Panthers,78.0,home,0.0,0.0,True,5.0
2023-12-07,Richmond Spiders,73.0,away,0.0,0.0,False,-5.0
2023-12-07,Belmont Bruins,72.0,home,0.0,0.0,True,1.0
2023-12-07,Lipscomb Bisons,71.0,away,0.0,0.0,False,-1.0
2023-12-07,Western Illinois Leathernecks,80.0,home,0.0,0.0,True,22.0
2023-12-07,Coe Kohawks,58.0,away,0.0,0.0,False,-22.0
2023-12-07,Minnesota Golden Gophers,76.0,home,0.0,0.0,True,11.0
2023-12-07,Nebraska Cornhuskers,65.0,away,0.0,0.0,False,-11.0
2023-12-07,Abilene Christian Wildcats,76.0,home,0.0,0.0,False,-2.0
2023-12-07,Northern Arizona Lumberjacks,78.0,away,0.0,0.0,True,2.0
2023-12-07,Drake Bulldogs,75.0,home,0.0,0.0,True,6.0
2023-12-07,Saint Louis Billikens,69.0,away,0.0,0.0,False,-6.0
2023-12-07,Texas Tech Red Raiders,87.0,home,0.0,0.0,True,29.0
2023-12-07,Omaha Mavericks,58.0,away,0.0,0.0,False,-29.0
2023-12-07,New Mexico Lobos,84.0,home,0.0,0.0,True,23.0
2023-12-07,UC Santa Barbara Gauchos,61.0,away,0.0,0.0,False,-23.0
2023-12-07,Illinois State Redbirds,62.0,home,0.0,0.0,True,3.0
2023-12-07,Northern Kentucky Norse,59.0,away,0.0,0.0,False,-3.0
2023-12-07,Utah State Aggies,108.0,home,0.0,0.0,True,27.0
2023-12-07,San Diego Toreros,81.0,away,0.0,0.0,False,-27.0
2023-12-07,West Virginia Mountaineers,63.0,home,0.0,0.0,False,-17.0
2023-12-07,Pittsburgh Panthers,80.0,away,0.0,0.0,True,17.0
2023-12-07,Nevada Wolf Pack,80.0,home,0.0,0.0,True,12.0
2023-12-07,UC Davis Aggies,68.0,away,0.0,0.0,False,-12.0
2023-12-07,Washington State Cougars,86.0,home,0.0,0.0,True,37.0
2023-12-07,UC Riverside Highlanders,49.0,away,0.0,0.0,False,-37.0
2023-12-07,Long Beach State Beach,88.0,home,0.0,0.0,True,22.0
2023-12-07,Life Pacific Warriors,66.0,away,0.0,0.0,False,-22.0
2023-12-07,Arizona State Sun Devils,76.0,home,0.0,0.0,True,2.0
2023-12-07,SMU Mustangs,74.0,away,0.0,0.0,False,-2.0
2023-12-07,Pepperdine Waves,55.0,home,0.0,0.0,False,-5.0
2023-12-07,Cal State Fullerton Titans,60.0,away,0.0,0.0,True,5.0
2023-12-07,California Baptist Lancers,69.0,home,0.0,0.0,False,-3.0
2023-12-07,Utah Tech Trailblazers,72.0,away,0.0,0.0,True,3.0
2023-12-07,Portland State Vikings,104.0,home,0.0,0.0,True,44.0
2023-12-07,Lewis & Clark Pioneers,60.0,away,0.0,0.0,False,-44.0
2023-12-15,Marquette Golden Eagles,84.0,home,0.0,0.0,True,5.0
2023-12-15,St. Thomas-Minnesota Tommies,79.0,away,0.0,0.0,False,-5.0
2023-12-15,Florida Gators,70.0,home,0.0,0.0,True,5.0
2023-12-15,East Carolina Pirates,65.0,away,0.0,0.0,False,-5.0
2023-12-14,Jacksonville Dolphins,91.0,home,0.0,0.0,True,37.0
2023-12-14,Trinity College of Jacksonville Eagles,54.0,away,0.0,0.0,False,-37.0
2023-12-15,Lamar Cardinals,97.0,home,0.0,0.0,True,24.0
2023-12-15,UL Monroe Warhawks,73.0,away,0.0,0.0,False,-24.0
2023-12-15,New Orleans Privateers,91.0,home,0.0,0.0,True,40.0
2023-12-15,Birmingham-Southern Panthers,51.0,away,0.0,0.0,False,-40.0
2023-12-15,Tulane Green Wave,117.0,home,0.0,0.0,True,7.0
2023-12-15,Furman Paladins,110.0,away,0.0,0.0,False,-7.0
2023-12-15,Campbell Fighting Camels,97.0,home,0.0,0.0,True,49.0
2023-12-15,Saint Augustine's Falcons,48.0,away,0.0,0.0,False,-49.0
2023-12-15,South Dakota State Jackrabbits,94.0,home,0.0,0.0,True,32.0
2023-12-15,Mayville St Comets,62.0,away,0.0,0.0,False,-32.0
2023-12-15,Wisconsin Badgers,75.0,home,0.0,0.0,True,15.0
2023-12-15,Jacksonville State Gamecocks,60.0,away,0.0,0.0,False,-15.0
2023-12-15,Northern Kentucky Norse,94.0,home,0.0,0.0,True,35.0
2023-12-15,Cumberland (KY) Patriots,59.0,away,0.0,0.0,False,-35.0
2023-12-15,Charleston Cougars,86.0,home,0.0,0.0,True,15.0
2023-12-15,The Citadel Bulldogs,71.0,away,0.0,0.0,False,-15.0
2023-12-14,Youngstown State Penguins,107.0,home,0.0,0.0,True,37.0
2023-12-14,Bethany (WV) Bison,70.0,away,0.0,0.0,False,-37.0
2023-12-15,Morehead State Eagles,102.0,home,0.0,0.0,True,69.0
2023-12-15,Saint Mary of the Woods College Pomeroys,33.0,away,0.0,0.0,False,-69.0
2023-12-15,Drake Bulldogs,68.0,home,0.0,0.0,True,12.0
2023-12-15,Grambling Tigers,56.0,away,0.0,0.0,False,-12.0
2023-12-16,North Carolina Central Eagles,102.0,home,0.0,0.0,True,52.0
2023-12-16,St. Andrews Knights,50.0,away,0.0,0.0,False,-52.0
2023-12-16,Elon Phoenix,104.0,home,0.0,0.0,True,34.0
2023-12-16,Bridgewater College (VA) Eagles,70.0,away,0.0,0.0,False,-34.0
2023-12-16,Saint Francis Red Flash,65.0,home,0.0,0.0,False,-7.0
2023-12-16,Mount St. Mary's Mountaineers,72.0,away,0.0,0.0,True,7.0
2023-12-16,New Mexico State Aggies,72.0,home,0.0,0.0,False,-1.0
2023-12-16,New Mexico Lobos,73.0,away,0.0,0.0,True,1.0
2023-12-16,Sam Houston Bearkats,60.0,home,0.0,0.0,False,-13.0
2023-12-16,Texas State Bobcats,73.0,away,0.0,0.0,True,13.0
2023-12-16,Bradley Braves,69.0,home,0.0,0.0,False,-7.0
2023-12-16,Cleveland State Vikings,76.0,away,0.0,0.0,True,7.0
2023-12-16,Fresno State Bulldogs,61.0,home,0.0,0.0,True,3.0
2023-12-16,Cal State Bakersfield Roadrunners,58.0,away,0.0,0.0,False,-3.0
2023-12-16,San Diego Toreros,69.0,home,0.0,0.0,True,4.0
2023-12-16,Portland State Vikings,65.0,away,0.0,0.0,False,-4.0
2023-12-16,Gonzaga Bulldogs,63.0,home,0.0,0.0,False,-13.0
2023-12-16,UConn Huskies,76.0,away,0.0,0.0,True,13.0
2023-12-16,UT Rio Grande Valley Vaqueros,76.0,home,0.0,0.0,False,-10.0
2023-12-16,Texas A&M-Corpus Christi Islanders,86.0,away,0.0,0.0,True,10.0
2023-12-16,East Tennessee State Buccaneers,105.0,home,0.0,0.0,True,62.0
2023-12-16,Tusculum Pioneers,43.0,away,0.0,0.0,False,-62.0
2023-12-16,Butler Bulldogs,96.0,home,0.0,0.0,True,26.0
2023-12-16,Saginaw Valley State Cardinals,70.0,away,0.0,0.0,False,-26.0
2023-12-16,Colorado Buffaloes,90.0,home,0.0,0.0,True,22.0
2023-12-16,Northern Colorado Bears,68.0,away,0.0,0.0,False,-22.0
2023-12-14,Florida Atlantic Owls,94.0,home,0.0,0.0,True,34.0
2023-12-14,Florida International Panthers,60.0,away,0.0,0.0,False,-34.0
2023-12-14,Auburn Tigers,87.0,home,0.0,0.0,True,25.0
2023-12-14,UNC Asheville Bulldogs,62.0,away,0.0,0.0,False,-25.0
2023-12-14,Charleston Southern Buccaneers,64.0,home,0.0,0.0,False,-12.0
2023-12-14,North Alabama Lions,76.0,away,0.0,0.0,True,12.0
2023-12-13,Presbyterian Blue Hose,118.0,home,0.0,0.0,True,67.0
2023-12-13,Mid-Atlantic Christian Mustangs,51.0,away,0.0,0.0,False,-67.0
2023-12-14,BYU Cougars,90.0,home,0.0,0.0,True,16.0
2023-12-14,Denver Pioneers,74.0,away,0.0,0.0,False,-16.0
2023-12-14,Dartmouth Big Green,63.0,home,0.0,0.0,True,9.0
2023-12-14,Boston University Terriers,54.0,away,0.0,0.0,False,-9.0
2023-12-14,LSU Tigers,74.0,home,0.0,0.0,True,18.0
2023-12-14,Alabama State Hornets,56.0,away,0.0,0.0,False,-18.0
2023-12-14,UNLV Rebels,79.0,home,0.0,0.0,True,15.0
2023-12-14,Creighton Bluejays,64.0,away,0.0,0.0,False,-15.0
2023-12-13,Stony Brook Seawolves,84.0,home,0.0,0.0,True,6.0
2023-12-13,Norfolk State Spartans,78.0,away,0.0,0.0,False,-6.0
2023-12-13,Howard Bison,88.0,home,0.0,0.0,True,39.0
2023-12-13,Regent Royals,49.0,away,0.0,0.0,False,-39.0
2023-12-13,Rice Owls,80.0,home,0.0,0.0,True,23.0
2023-12-13,Incarnate Word Cardinals,57.0,away,0.0,0.0,False,-23.0
2023-12-14,Mississippi State Bulldogs,85.0,home,0.0,0.0,True,4.0
2023-12-14,Murray State Racers,81.0,away,0.0,0.0,False,-4.0
2023-12-13,Princeton Tigers,92.0,home,0.0,0.0,True,52.0
2023-12-13,Bryn Athyn Lions,40.0,away,0.0,0.0,False,-52.0
2023-12-14,Queens University Royals,81.0,home,0.0,0.0,False,-12.0
2023-12-14,App State Mountaineers,93.0,away,0.0,0.0,True,12.0
2023-12-14,Northwestern Wildcats,73.0,home,0.0,0.0,False,-2.0
2023-12-14,Chicago State Cougars,75.0,away,0.0,0.0,True,2.0
2023-12-14,Louisville Cardinals,63.0,home,0.0,0.0,False,-12.0
2023-12-14,Arkansas State Red Wolves,75.0,away,0.0,0.0,True,12.0
2023-12-14,Milwaukee Panthers,67.0,home,0.0,0.0,False,-13.0
2023-12-14,Longwood Lancers,80.0,away,0.0,0.0,True,13.0
2023-12-14,Alabama A&M Bulldogs,82.0,home,0.0,0.0,False,-11.0
2023-12-14,UAB Blazers,93.0,away,0.0,0.0,True,11.0
2023-12-14,Little Rock Trojans,93.0,home,0.0,0.0,True,9.0
2023-12-14,UTSA Roadrunners,84.0,away,0.0,0.0,False,-9.0
2023-12-14,Toledo Rockets,88.0,home,0.0,0.0,True,1.0
2023-12-14,Marshall Thundering Herd,87.0,away,0.0,0.0,False,-1.0
2023-12-14,McNeese Cowboys,67.0,home,0.0,0.0,True,19.0
2023-12-14,Southern Miss Golden Eagles,48.0,away,0.0,0.0,False,-19.0
2023-12-14,San Francisco Dons,62.0,home,0.0,0.0,True,3.0
2023-12-14,Seattle U Redhawks,59.0,away,0.0,0.0,False,-3.0
2023-12-14,Nevada Wolf Pack,72.0,home,0.0,0.0,True,17.0
2023-12-14,Weber State Wildcats,55.0,away,0.0,0.0,False,-17.0
2023-12-14,Santa Clara Broncos,82.0,home,0.0,0.0,False,-2.0
2023-12-14,Utah State Aggies,84.0,away,0.0,0.0,True,2.0
2023-12-14,Liberty Flames,74.0,home,0.0,0.0,True,22.0
2023-12-14,Tennessee State Tigers,52.0,away,0.0,0.0,False,-22.0
2023-12-14,Eastern Washington Eagles,103.0,home,0.0,0.0,True,69.0
2023-12-14,Portland Bible Arrows,34.0,away,0.0,0.0,False,-69.0
2023-12-14,Louisiana Ragin' Cajuns,73.0,home,0.0,0.0,True,11.0
2023-12-14,Eastern Kentucky Colonels,62.0,away,0.0,0.0,False,-11.0
2023-12-17,Robert Morris Colonials,95.0,home,0.0,0.0,True,49.0
2023-12-17,Saint Vincent Bearcats,46.0,away,0.0,0.0,False,-49.0
2023-12-17,Navy Midshipmen,91.0,home,0.0,0.0,True,58.0
2023-12-17,Washington College (MD) Shoremen,33.0,away,0.0,0.0,False,-58.0
2023-12-17,Wofford Terriers,105.0,home,0.0,0.0,True,51.0
2023-12-17,Kentucky Christian Knights,54.0,away,0.0,0.0,False,-51.0
2023-12-17,Army Black Knights,74.0,home,0.0,0.0,False,-4.0
2023-12-17,Stony Brook Seawolves,78.0,away,0.0,0.0,True,4.0
2023-12-17,Colorado State Rams,86.0,home,0.0,0.0,True,32.0
2023-12-17,CSU Pueblo Thunderwolves,54.0,away,0.0,0.0,False,-32.0
2023-12-17,UAB Blazers,92.0,home,0.0,0.0,True,36.0
2023-12-17,Montevallo Falcons,56.0,away,0.0,0.0,False,-36.0
2023-12-17,Oregon State Beavers,66.0,home,0.0,0.0,True,1.0
2023-12-17,UTSA Roadrunners,65.0,away,0.0,0.0,False,-1.0
2023-12-17,Fairfield Stags,63.0,home,0.0,0.0,True,12.0
2023-12-17,Wagner Seahawks,51.0,away,0.0,0.0,False,-12.0
2023-12-17,Omaha Mavericks,88.0,home,0.0,0.0,True,8.0
2023-12-17,Stetson Hatters,80.0,away,0.0,0.0,False,-8.0
2023-12-17,Auburn Tigers,91.0,home,0.0,0.0,True,16.0
2023-12-17,USC Trojans,75.0,away,0.0,0.0,False,-16.0
2023-12-17,Oregon Ducks,63.0,home,0.0,0.0,False,-20.0
2023-12-17,Syracuse Orange,83.0,away,0.0,0.0,True,20.0
2023-12-17,St. Thomas-Minnesota Tommies,85.0,home,0.0,0.0,True,19.0
2023-12-17,Crown College Polars,66.0,away,0.0,0.0,False,-19.0
2023-12-17,Stonehill Skyhawks,71.0,home,0.0,0.0,True,27.0
2023-12-17,Hartford Hawks,44.0,away,0.0,0.0,False,-27.0
2023-12-17,Eastern Illinois Panthers,87.0,home,0.0,0.0,True,21.0
2023-12-17,Blackburn Beavers,66.0,away,0.0,0.0,False,-21.0
2023-12-17,Akron Zips,88.0,home,0.0,0.0,True,43.0
2023-12-17,Miami (OH)-Hamilton Harriers,45.0,away,0.0,0.0,False,-43.0
2023-12-17,Northern Iowa Panthers,100.0,home,0.0,0.0,True,18.0
2023-12-17,Alcorn State Braves,82.0,away,0.0,0.0,False,-18.0
2023-12-17,Kansas State Wildcats,46.0,home,0.0,0.0,False,-16.0
2023-12-17,Nebraska Cornhuskers,62.0,away,0.0,0.0,True,16.0
2023-12-17,Louisville Cardinals,85.0,home,0.0,0.0,True,22.0
2023-12-17,Pepperdine Waves,63.0,away,0.0,0.0,False,-22.0
2023-12-17,Illinois Fighting Illini,74.0,home,0.0,0.0,True,17.0
2023-12-17,Colgate Raiders,57.0,away,0.0,0.0,False,-17.0
2023-12-17,Longwood Lancers,68.0,home,0.0,0.0,True,19.0
2023-12-17,VMI Keydets,49.0,away,0.0,0.0,False,-19.0
2023-12-17,Abilene Christian Wildcats,88.0,home,0.0,0.0,True,6.0
2023-12-17,UTEP Miners,82.0,away,0.0,0.0,False,-6.0
2023-12-17,Boise State Broncos,88.0,home,0.0,0.0,True,23.0
2023-12-17,Cal State Fullerton Titans,65.0,away,0.0,0.0,False,-23.0
2023-12-17,McNeese Cowboys,74.0,home,0.0,0.0,True,2.0
2023-12-17,Louisiana Ragin' Cajuns,72.0,away,0.0,0.0,False,-2.0
2023-12-17,Southeast Missouri State Redhawks,87.0,home,0.0,0.0,True,28.0
2023-12-17,Lindsey Wilson Blue Raiders,59.0,away,0.0,0.0,False,-28.0
2023-12-17,Illinois State Redbirds,75.0,home,0.0,0.0,True,10.0
2023-12-17,North Dakota State Bison,65.0,away,0.0,0.0,False,-10.0
2023-12-17,San José State Spartans,75.0,home,0.0,0.0,False,-11.0
2023-12-17,Montana Grizzlies,86.0,away,0.0,0.0,True,11.0
2023-12-17,Eastern Kentucky Colonels,75.0,home,0.0,0.0,False,-10.0
2023-12-17,Northern Kentucky Norse,85.0,away,0.0,0.0,True,10.0
2023-12-18,Jackson State Tigers,68.0,home,0.0,0.0,True,8.0
2023-12-18,North Carolina A&T Aggies,60.0,away,0.0,0.0,False,-8.0
2023-12-17,Texas Southern Tigers,79.0,home,0.0,0.0,True,1.0
2023-12-17,Howard Bison,78.0,away,0.0,0.0,False,-1.0
2023-12-17,Mississippi State Bulldogs,72.0,home,0.0,0.0,True,18.0
2023-12-17,North Texas Mean Green,54.0,away,0.0,0.0,False,-18.0
2023-12-17,Oklahoma State Cowboys,81.0,home,0.0,0.0,True,21.0
2023-12-17,Oral Roberts Golden Eagles,60.0,away,0.0,0.0,False,-21.0
2023-12-17,Missouri Tigers,87.0,home,0.0,0.0,False,-6.0
2023-12-17,Seton Hall Pirates,93.0,away,0.0,0.0,True,6.0
2023-12-18,Hawai'i Rainbow Warriors,66.0,home,0.0,0.0,False,-6.0
2023-12-18,Nevada Wolf Pack,72.0,away,0.0,0.0,True,6.0
2023-12-17,Stanford Cardinal,82.0,home,0.0,0.0,True,18.0
2023-12-17,Idaho Vandals,64.0,away,0.0,0.0,False,-18.0
2023-12-17,Iowa State Cyclones,96.0,home,0.0,0.0,True,38.0
2023-12-17,Florida A&M Rattlers,58.0,away,0.0,0.0,False,-38.0
2023-12-18,Seattle U Redhawks,99.0,home,0.0,0.0,False,-1.0
2023-12-18,Washington Huskies,100.0,away,0.0,0.0,True,1.0
2023-12-19,Norfolk State Spartans,108.0,home,0.0,0.0,True,56.0
2023-12-19,Southern Virginia Knights,52.0,away,0.0,0.0,False,-56.0
2023-12-18,Texas A&M-Corpus Christi Islanders,102.0,home,0.0,0.0,True,52.0
2023-12-18,Texas Lutheran Bulldogs,50.0,away,0.0,0.0,False,-52.0
2023-12-18,Jacksonville Dolphins,75.0,home,0.0,0.0,True,10.0
2023-12-18,UL Monroe Warhawks,65.0,away,0.0,0.0,False,-10.0
2023-12-19,Wake Forest Demon Deacons,88.0,home,0.0,0.0,True,29.0
2023-12-19,Delaware State Hornets,59.0,away,0.0,0.0,False,-29.0
2023-12-19,Dartmouth Big Green,77.0,home,0.0,0.0,True,29.0
2023-12-19,Thomas (ME) Terriers,48.0,away,0.0,0.0,False,-29.0
2023-12-19,Marshall Thundering Herd,103.0,home,0.0,0.0,True,33.0
2023-12-19,Bluefield University Ramblin' Rams,70.0,away,0.0,0.0,False,-33.0
2023-12-19,Marist Red Foxes,76.0,home,0.0,0.0,True,24.0
2023-12-19,Maryland Eastern Shore Hawks,52.0,away,0.0,0.0,False,-24.0
2023-12-19,Duquesne Dukes,69.0,home,0.0,0.0,True,2.0
2023-12-19,Bradley Braves,67.0,away,0.0,0.0,False,-2.0
2023-12-19,Ohio Bobcats,108.0,home,0.0,0.0,True,80.0
2023-12-19,Defiance Yellow Jackets,28.0,away,0.0,0.0,False,-80.0
2023-12-19,Michigan State Spartans,79.0,home,0.0,0.0,True,17.0
2023-12-19,Oakland Golden Grizzlies,62.0,away,0.0,0.0,False,-17.0
2023-12-18,Prairie View A&M Panthers,92.0,home,0.0,0.0,True,31.0
2023-12-18,North American Stallions,61.0,away,0.0,0.0,False,-31.0
2023-12-18,Drexel Dragons,117.0,home,0.0,0.0,True,68.0
2023-12-18,Penn State-Alleghany Nittany Lions,49.0,away,0.0,0.0,False,-68.0
2023-12-18,Youngstown State Penguins,117.0,home,0.0,0.0,True,72.0
2023-12-18,Westminster (PA) Titans,45.0,away,0.0,0.0,False,-72.0
2023-12-18,East Texas A&M Lions,130.0,home,0.0,0.0,True,77.0
2023-12-18,Arlington Baptist Patriots,53.0,away,0.0,0.0,False,-77.0
2023-12-19,UCF Knights,74.0,home,0.0,0.0,True,23.0
2023-12-19,Maine Black Bears,51.0,away,0.0,0.0,False,-23.0
2023-12-19,Campbell Fighting Camels,83.0,home,0.0,0.0,True,7.0
2023-12-19,Morgan State Bears,76.0,away,0.0,0.0,False,-7.0
2023-12-18,Charleston Cougars,84.0,home,0.0,0.0,True,3.0
2023-12-18,Coastal Carolina Chanticleers,81.0,away,0.0,0.0,False,-3.0
2023-12-18,UNC Asheville Bulldogs,79.0,home,0.0,0.0,True,4.0
2023-12-18,South Carolina State Bulldogs,75.0,away,0.0,0.0,False,-4.0
2023-12-19,Le Moyne Dolphins,92.0,home,0.0,0.0,True,20.0
2023-12-19,Houghton Highlanders,72.0,away,0.0,0.0,False,-20.0
2023-12-19,Holy Cross Crusaders,57.0,home,0.0,0.0,False,-20.0
2023-12-19,Quinnipiac Bobcats,77.0,away,0.0,0.0,True,20.0
2023-12-19,Chicago State Cougars,78.0,home,0.0,0.0,True,10.0
2023-12-19,UT Rio Grande Valley Vaqueros,68.0,away,0.0,0.0,False,-10.0
2023-12-19,Tarleton State Texans,62.0,home,0.0,0.0,False,-3.0
2023-12-19,Jacksonville State Gamecocks,65.0,away,0.0,0.0,True,3.0
2023-12-19,Texas State Bobcats,110.0,home,0.0,0.0,True,42.0
2023-12-19,LeTourneau Yellow Jackets,68.0,away,0.0,0.0,False,-42.0
2023-12-19,Arkansas-Pine Bluff Golden Lions,125.0,home,0.0,0.0,True,50.0
2023-12-19,Ecclesia Royals,75.0,away,0.0,0.0,False,-50.0
2023-12-19,Evansville Purple Aces,98.0,home,0.0,0.0,True,7.0
2023-12-19,UT Martin Skyhawks,91.0,away,0.0,0.0,False,-7.0
2023-12-19,Little Rock Trojans,80.0,home,0.0,0.0,True,14.0
2023-12-19,Murray State Racers,66.0,away,0.0,0.0,False,-14.0
2023-12-19,Northern Illinois Huskies,92.0,home,0.0,0.0,True,44.0
2023-12-19,Calumet Crimson Wave,48.0,away,0.0,0.0,False,-44.0
2023-12-19,Sacramento State Hornets,52.0,home,0.0,0.0,False,-31.0
2023-12-19,UC San Diego Tritons,83.0,away,0.0,0.0,True,31.0
2023-12-19,SIU Edwardsville Cougars,99.0,home,0.0,0.0,True,43.0
2023-12-19,Central Christian College Tigers,56.0,away,0.0,0.0,False,-43.0
2023-12-19,Lamar Cardinals,79.0,home,0.0,0.0,False,-3.0
2023-12-19,Southern Miss Golden Eagles,82.0,away,0.0,0.0,True,3.0
2023-12-19,Western Illinois Leathernecks,92.0,home,0.0,0.0,True,36.0
2023-12-19,Eureka Red Devils,56.0,away,0.0,0.0,False,-36.0
2023-12-19,Denver Pioneers,89.0,home,0.0,0.0,True,6.0
2023-12-19,Adams State Grizzlies,83.0,away,0.0,0.0,False,-6.0
2023-12-19,Fresno State Bulldogs,72.0,home,0.0,0.0,False,-3.0
2023-12-19,Portland State Vikings,75.0,away,0.0,0.0,True,3.0
2023-12-19,Pacific Tigers,68.0,home,0.0,0.0,True,22.0
2023-12-19,Stanislaus State Warriors,46.0,away,0.0,0.0,False,-22.0
2023-12-19,Loyola Marymount Lions,76.0,home,0.0,0.0,True,20.0
2023-12-19,Detroit Mercy Titans,56.0,away,0.0,0.0,False,-20.0
2023-12-19,Cal Poly Mustangs,53.0,home,0.0,0.0,False,-9.0
2023-12-19,Eastern Washington Eagles,62.0,away,0.0,0.0,True,9.0
2023-12-21,Oklahoma Sooners,69.0,home,0.0,0.0,False,-12.0
2023-12-21,North Carolina Tar Heels,81.0,away,0.0,0.0,True,12.0
2023-12-21,Georgia Bulldogs,94.0,home,0.0,0.0,True,12.0
2023-12-21,Mount St. Mary's Mountaineers,82.0,away,0.0,0.0,False,-12.0
2023-12-21,Creighton Bluejays,66.0,home,0.0,0.0,False,-2.0
2023-12-21,Villanova Wildcats,68.0,away,0.0,0.0,True,2.0
2023-12-21,South Dakota State Jackrabbits,65.0,home,0.0,0.0,False,-13.0
2023-12-21,Wyoming Cowboys,78.0,away,0.0,0.0,True,13.0
2023-12-21,St. John's Red Storm,81.0,home,0.0,0.0,True,15.0
2023-12-21,Xavier Musketeers,66.0,away,0.0,0.0,False,-15.0
2023-12-21,NC State Wolfpack,82.0,home,0.0,0.0,True,12.0
2023-12-21,Saint Louis Billikens,70.0,away,0.0,0.0,False,-12.0
2023-12-21,Duke Blue Devils,78.0,home,0.0,0.0,True,8.0
2023-12-21,Baylor Bears,70.0,away,0.0,0.0,False,-8.0
2023-12-21,Gonzaga Bulldogs,100.0,home,0.0,0.0,True,24.0
2023-12-21,Jackson State Tigers,76.0,away,0.0,0.0,False,-24.0
2023-12-21,East Carolina Pirates,79.0,home,0.0,0.0,True,29.0
2023-12-21,Delaware State Hornets,50.0,away,0.0,0.0,False,-29.0
2023-12-21,Arizona Wildcats,87.0,home,0.0,0.0,True,13.0
2023-12-21,Alabama Crimson Tide,74.0,away,0.0,0.0,False,-13.0
2023-12-21,Saint Francis Red Flash,73.0,home,0.0,0.0,False,-2.0
2023-12-21,Robert Morris Colonials,75.0,away,0.0,0.0,True,2.0
2023-12-21,Seton Hall Pirates,75.0,home,0.0,0.0,True,15.0
2023-12-21,UConn Huskies,60.0,away,0.0,0.0,False,-15.0
2023-12-20,Oklahoma State Cowboys,76.0,home,0.0,0.0,True,6.0
2023-12-20,Wofford Terriers,70.0,away,0.0,0.0,False,-6.0
2023-12-20,Central Arkansas Bears,54.0,home,0.0,0.0,False,-11.0
2023-12-20,Western Illinois Leathernecks,65.0,away,0.0,0.0,True,11.0
2023-12-20,North Carolina Central Eagles,79.0,home,0.0,0.0,True,9.0
2023-12-20,Longwood Lancers,70.0,away,0.0,0.0,False,-9.0
2023-12-20,California Golden Bears,71.0,home,0.0,0.0,True,4.0
2023-12-20,UC San Diego Tritons,67.0,away,0.0,0.0,False,-4.0
2023-12-20,UT Martin Skyhawks,78.0,home,0.0,0.0,True,3.0
2023-12-20,William Woods Owls,75.0,away,0.0,0.0,False,-3.0
2023-12-21,Delaware Blue Hens,85.0,home,0.0,0.0,False,-3.0
2023-12-21,Rider Broncs,88.0,away,0.0,0.0,True,3.0
2023-12-20,Lipscomb Bisons,101.0,home,0.0,0.0,True,46.0
2023-12-20,Bryan (TN) Lions,55.0,away,0.0,0.0,False,-46.0
2023-12-21,SE Louisiana Lions,48.0,home,0.0,0.0,True,1.0
2023-12-21,Grambling Tigers,47.0,away,0.0,0.0,False,-1.0
2023-12-21,West Virginia Mountaineers,65.0,home,0.0,0.0,False,-1.0
2023-12-21,Radford Highlanders,66.0,away,0.0,0.0,True,1.0
2023-12-21,Toledo Rockets,60.0,home,0.0,0.0,False,-26.0
2023-12-21,Vermont Catamounts,86.0,away,0.0,0.0,True,26.0
2023-12-21,Pittsburgh Panthers,62.0,home,0.0,0.0,True,14.0
2023-12-21,Purdue Fort Wayne Mastodons,48.0,away,0.0,0.0,False,-14.0
2023-12-21,Rice Owls,82.0,home,0.0,0.0,True,26.0
2023-12-21,Prairie View A&M Panthers,56.0,away,0.0,0.0,False,-26.0
2023-12-21,Grand Canyon Lopes,76.0,home,0.0,0.0,True,12.0
2023-12-21,Sam Houston Bearkats,64.0,away,0.0,0.0,False,-12.0
2023-12-21,Belmont Bruins,74.0,home,0.0,0.0,True,4.0
2023-12-21,Arkansas State Red Wolves,70.0,away,0.0,0.0,False,-4.0
2023-12-21,Iowa Hawkeyes,103.0,home,0.0,0.0,True,22.0
2023-12-21,UMBC Retrievers,81.0,away,0.0,0.0,False,-22.0
2023-12-21,UC Santa Barbara Gauchos,94.0,home,0.0,0.0,True,13.0
2023-12-21,Howard Bison,81.0,away,0.0,0.0,False,-13.0
2023-12-21,Nebraska Cornhuskers,83.0,home,0.0,0.0,True,8.0
2023-12-21,North Dakota Fighting Hawks,75.0,away,0.0,0.0,False,-8.0
2023-12-21,Dayton Flyers,91.0,home,0.0,0.0,True,24.0
2023-12-21,Oakland Golden Grizzlies,67.0,away,0.0,0.0,False,-24.0
2023-12-21,Utah Utes,85.0,home,0.0,0.0,True,42.0
2023-12-21,Bellarmine Knights,43.0,away,0.0,0.0,False,-42.0
2023-12-21,Chicago State Cougars,55.0,home,0.0,0.0,True,1.0
2023-12-21,Bethune-Cookman Wildcats,54.0,away,0.0,0.0,False,-1.0
2023-12-21,New Mexico Lobos,78.0,home,0.0,0.0,True,13.0
2023-12-21,UC Irvine Anteaters,65.0,away,0.0,0.0,False,-13.0
2023-12-21,East Tennessee State Buccaneers,70.0,home,0.0,0.0,True,13.0
2023-12-21,Kansas City Roos,57.0,away,0.0,0.0,False,-13.0
2023-12-21,Denver Pioneers,90.0,home,0.0,0.0,True,33.0
2023-12-21,Northern New Mexico Eagles,57.0,away,0.0,0.0,False,-33.0
2023-12-21,UTEP Miners,67.0,home,0.0,0.0,True,2.0
2023-12-21,Norfolk State Spartans,65.0,away,0.0,0.0,False,-2.0
2023-12-21,Seattle U Redhawks,79.0,home,0.0,0.0,True,6.0
2023-12-21,Louisiana Tech Bulldogs,73.0,away,0.0,0.0,False,-6.0
2023-12-21,Utah Valley Wolverines,63.0,home,0.0,0.0,False,-16.0
2023-12-21,Liberty Flames,79.0,away,0.0,0.0,True,16.0
2023-12-21,Arizona State Sun Devils,46.0,home,0.0,0.0,False,-19.0
2023-12-21,Northwestern Wildcats,65.0,away,0.0,0.0,True,19.0
2023-12-21,Evansville Purple Aces,82.0,home,0.0,0.0,True,31.0
2023-12-21,Tennessee Tech Golden Eagles,51.0,away,0.0,0.0,False,-31.0
2023-12-21,Cal State Fullerton Titans,67.0,home,0.0,0.0,True,11.0
2023-12-21,Pacific Tigers,56.0,away,0.0,0.0,False,-11.0
2023-12-21,San Francisco Dons,91.0,home,0.0,0.0,True,40.0
2023-12-21,Northern Arizona Lumberjacks,51.0,away,0.0,0.0,False,-40.0
2023-12-21,San José State Spartans,81.0,home,0.0,0.0,True,3.0
2023-12-21,Santa Clara Broncos,78.0,away,0.0,0.0,False,-3.0
2023-12-19,Notre Dame Fighting Irish,45.0,home,0.0,0.0,False,-20.0
2023-12-19,The Citadel Bulldogs,65.0,away,0.0,0.0,True,20.0
2023-12-19,Valparaiso Beacons,61.0,home,0.0,0.0,False,-18.0
2023-12-19,Samford Bulldogs,79.0,away,0.0,0.0,True,18.0
2023-12-20,Central Michigan Chippewas,90.0,home,0.0,0.0,True,24.0
2023-12-20,Davenport Panthers,66.0,away,0.0,0.0,False,-24.0
2023-12-20,Memphis Tigers,77.0,home,0.0,0.0,True,23.0
2023-12-20,Virginia Cavaliers,54.0,away,0.0,0.0,False,-23.0
2023-12-19,Georgia Southern Eagles,42.0,home,0.0,0.0,False,-11.0
2023-12-19,Florida Gulf Coast Eagles,53.0,away,0.0,0.0,True,11.0
2023-12-20,Ole Miss Rebels,74.0,home,0.0,0.0,True,21.0
2023-12-20,Troy Trojans,53.0,away,0.0,0.0,False,-21.0
2023-12-20,Alabama State Hornets,59.0,home,0.0,0.0,False,-20.0
2023-12-20,USC Trojans,79.0,away,0.0,0.0,True,20.0
2023-12-19,Georgia State Panthers,122.0,home,0.0,0.0,True,77.0
2023-12-19,Toccoa Falls Eagles,45.0,away,0.0,0.0,False,-77.0
2023-12-19,Indiana Hoosiers,69.0,home,0.0,0.0,True,1.0
2023-12-19,Morehead State Eagles,68.0,away,0.0,0.0,False,-1.0
2023-12-20,Siena Saints,74.0,home,0.0,0.0,False,-21.0
2023-12-20,Cornell Big Red,95.0,away,0.0,0.0,True,21.0
2023-12-20,James Madison Dukes,87.0,home,0.0,0.0,True,39.0
2023-12-20,Coppin State Eagles,48.0,away,0.0,0.0,False,-39.0
2023-12-20,High Point Panthers,74.0,home,0.0,0.0,True,11.0
2023-12-20,UNC Greensboro Spartans,63.0,away,0.0,0.0,False,-11.0
2023-12-19,Southern Jaguars,82.0,home,0.0,0.0,True,33.0
2023-12-19,Wiley Wildcats,49.0,away,0.0,0.0,False,-33.0
2023-12-20,Florida International Panthers,68.0,home,0.0,0.0,False,-12.0
2023-12-20,Stetson Hatters,80.0,away,0.0,0.0,True,12.0
2023-12-19,Bowling Green Falcons,75.0,home,0.0,0.0,True,10.0
2023-12-19,Hampton Pirates,65.0,away,0.0,0.0,False,-10.0
2023-12-19,Binghamton Bearcats,74.0,home,0.0,0.0,True,5.0
2023-12-19,Niagara Purple Eagles,69.0,away,0.0,0.0,False,-5.0
2023-12-20,Providence Friars,72.0,home,0.0,0.0,True,15.0
2023-12-20,Marquette Golden Eagles,57.0,away,0.0,0.0,False,-15.0
2023-12-20,Indiana State Sycamores,90.0,home,0.0,0.0,True,21.0
2023-12-20,Tennessee State Tigers,69.0,away,0.0,0.0,False,-21.0
2023-12-20,Chattanooga Mocs,69.0,home,0.0,0.0,True,3.0
2023-12-20,Gardner-Webb Runnin' Bulldogs,66.0,away,0.0,0.0,False,-3.0
2023-12-19,Butler Bulldogs,74.0,home,0.0,0.0,True,10.0
2023-12-19,Georgetown Hoyas,64.0,away,0.0,0.0,False,-10.0
2023-12-20,South Carolina Gamecocks,72.0,home,0.0,0.0,True,10.0
2023-12-20,Winthrop Eagles,62.0,away,0.0,0.0,False,-10.0
2023-12-20,Furman Paladins,76.0,home,0.0,0.0,True,15.0
2023-12-20,Presbyterian Blue Hose,61.0,away,0.0,0.0,False,-15.0
2023-12-20,Vanderbilt Commodores,62.0,home,0.0,0.0,False,-1.0
2023-12-20,Western Carolina Catamounts,63.0,away,0.0,0.0,True,1.0
2023-12-20,George Mason Patriots,84.0,home,0.0,0.0,True,24.0
2023-12-20,Bridgewater College (VA) Eagles,60.0,away,0.0,0.0,False,-24.0
2023-12-20,UAlbany Great Danes,93.0,home,0.0,0.0,True,14.0
2023-12-20,Sacred Heart Pioneers,79.0,away,0.0,0.0,False,-14.0
2023-12-20,Cincinnati Bearcats,65.0,home,0.0,0.0,True,16.0
2023-12-20,Merrimack Warriors,49.0,away,0.0,0.0,False,-16.0
2023-12-20,Kennesaw State Owls,91.0,home,0.0,0.0,True,32.0
2023-12-20,Brescia Bearcats,59.0,away,0.0,0.0,False,-32.0
2023-12-20,Michigan Wolverines,101.0,home,0.0,0.0,False,-5.0
2023-12-20,Florida Gators,106.0,away,0.0,0.0,True,5.0
2023-12-20,Wright State Raiders,92.0,home,0.0,0.0,True,10.0
2023-12-20,Miami (OH) RedHawks,82.0,away,0.0,0.0,False,-10.0
2023-12-20,Drake Bulldogs,92.0,home,0.0,0.0,True,37.0
2023-12-20,Alcorn State Braves,55.0,away,0.0,0.0,False,-37.0
2023-12-20,Central Connecticut Blue Devils,74.0,home,0.0,0.0,False,-5.0
2023-12-20,Northeastern Huskies,79.0,away,0.0,0.0,True,5.0
2023-12-20,Northwestern State Demons,99.0,home,0.0,0.0,True,24.0
2023-12-20,Southern-New Orleans Knights,75.0,away,0.0,0.0,False,-24.0
2023-12-20,Southern Illinois Salukis,76.0,home,0.0,0.0,True,13.0
2023-12-20,North Dakota State Bison,63.0,away,0.0,0.0,False,-13.0
2023-12-20,Oral Roberts Golden Eagles,71.0,home,0.0,0.0,True,12.0
2023-12-20,John Brown Golden Eagles,59.0,away,0.0,0.0,False,-12.0
2023-12-20,Mercer Bears,84.0,home,0.0,0.0,True,19.0
2023-12-20,Queens University Royals,65.0,away,0.0,0.0,False,-19.0
2023-12-20,Stephen F. Austin Lumberjacks,75.0,home,0.0,0.0,True,3.0
2023-12-20,New Mexico State Aggies,72.0,away,0.0,0.0,False,-3.0
2023-12-20,Southern Indiana Screaming Eagles,79.0,home,0.0,0.0,True,32.0
2023-12-20,St. Francis (IL) Fighting Saints,47.0,away,0.0,0.0,False,-32.0
2023-12-20,Tulsa Golden Hurricane,79.0,home,0.0,0.0,True,29.0
2023-12-20,Mississippi Valley State Delta Devils,50.0,away,0.0,0.0,False,-29.0
2023-12-20,Loyola Chicago Ramblers,72.0,home,0.0,0.0,True,13.0
2023-12-20,Charleston Southern Buccaneers,59.0,away,0.0,0.0,False,-13.0
2023-12-20,SMU Mustangs,89.0,home,0.0,0.0,True,36.0
2023-12-20,Houston Christian Huskies,53.0,away,0.0,0.0,False,-36.0
2023-12-20,Maryland Terrapins,73.0,home,0.0,0.0,True,6.0
2023-12-20,Nicholls Colonels,67.0,away,0.0,0.0,False,-6.0
2023-12-20,Florida State Seminoles,91.0,home,0.0,0.0,True,16.0
2023-12-20,North Florida Ospreys,75.0,away,0.0,0.0,False,-16.0
2023-12-20,Missouri State Bears,79.0,home,0.0,0.0,True,22.0
2023-12-20,Lindenwood Lions,57.0,away,0.0,0.0,False,-22.0
2023-12-20,UC Davis Aggies,61.0,home,0.0,0.0,False,-12.0
2023-12-20,Montana Grizzlies,73.0,away,0.0,0.0,True,12.0
2023-12-20,San Diego State Aztecs,91.0,home,0.0,0.0,True,34.0
2023-12-20,University of Saint Katherine Saint Katherine,57.0,away,0.0,0.0,False,-34.0
2023-12-20,California Baptist Lancers,70.0,home,0.0,0.0,False,-3.0
2023-12-20,Western Kentucky Hilltoppers,73.0,away,0.0,0.0,True,3.0
2023-12-20,Montana State Bobcats,89.0,home,0.0,0.0,True,1.0
2023-12-20,Southern Utah Thunderbirds,88.0,away,0.0,0.0,False,-1.0
2023-12-20,Cal State Bakersfield Roadrunners,96.0,home,0.0,0.0,True,20.0
2023-12-20,South Dakota Coyotes,76.0,away,0.0,0.0,False,-20.0
2023-12-20,Long Beach State Beach,107.0,home,0.0,0.0,True,29.0
2023-12-20,CS Dominguez Hills Toros,78.0,away,0.0,0.0,False,-29.0
2023-12-20,UCLA Bruins,72.0,home,0.0,0.0,False,-4.0
2023-12-20,Cal State Northridge Matadors,76.0,away,0.0,0.0,True,4.0
2023-12-20,Saint Mary's Gaels,71.0,home,0.0,0.0,True,37.0
2023-12-20,Middle Tennessee Blue Raiders,34.0,away,0.0,0.0,False,-37.0
2023-12-23,Providence Friars,85.0,home,0.0,0.0,True,10.0
2023-12-23,Butler Bulldogs,75.0,away,0.0,0.0,False,-10.0
2023-12-23,Mississippi State Bulldogs,70.0,home,0.0,0.0,True,10.0
2023-12-23,Rutgers Scarlet Knights,60.0,away,0.0,0.0,False,-10.0
2023-12-23,Arizona Wildcats,95.0,home,0.0,0.0,False,-1.0
2023-12-23,Florida Atlantic Owls,96.0,away,0.0,0.0,True,1.0
2023-12-23,Rider Broncs,73.0,home,0.0,0.0,False,-4.0
2023-12-23,Pennsylvania Quakers,77.0,away,0.0,0.0,True,4.0
2023-12-23,North Texas Mean Green,78.0,home,0.0,0.0,True,26.0
2023-12-23,UT Arlington Mavericks,52.0,away,0.0,0.0,False,-26.0
2023-12-23,Xavier Musketeers,74.0,home,0.0,0.0,True,20.0
2023-12-23,Seton Hall Pirates,54.0,away,0.0,0.0,False,-20.0
2023-12-23,UNC Asheville Bulldogs,79.0,home,0.0,0.0,True,9.0
2023-12-23,Kennesaw State Owls,70.0,away,0.0,0.0,False,-9.0
2023-12-23,DePaul Blue Demons,48.0,home,0.0,0.0,False,-36.0
2023-12-23,Villanova Wildcats,84.0,away,0.0,0.0,True,36.0
2023-12-23,NC State Wolfpack,83.0,home,0.0,0.0,True,17.0
2023-12-23,Detroit Mercy Titans,66.0,away,0.0,0.0,False,-17.0
2023-12-23,Alabama Crimson Tide,111.0,home,0.0,0.0,True,44.0
2023-12-23,Eastern Kentucky Colonels,67.0,away,0.0,0.0,False,-44.0
2023-12-23,Memphis Tigers,77.0,home,0.0,0.0,True,2.0
2023-12-23,Vanderbilt Commodores,75.0,away,0.0,0.0,False,-2.0
2023-12-23,Ole Miss Rebels,89.0,home,0.0,0.0,True,17.0
2023-12-23,Southern Miss Golden Eagles,72.0,away,0.0,0.0,False,-17.0
2023-12-23,West Virginia Mountaineers,91.0,home,0.0,0.0,True,10.0
2023-12-23,Toledo Rockets,81.0,away,0.0,0.0,False,-10.0
2023-12-23,Santa Clara Broncos,81.0,home,0.0,0.0,True,8.0
2023-12-23,Duquesne Dukes,73.0,away,0.0,0.0,False,-8.0
2023-12-24,Saint Mary's Gaels,64.0,home,0.0,0.0,False,-5.0
2023-12-24,Missouri State Bears,69.0,away,0.0,0.0,True,5.0
2023-12-24,UConn Huskies,69.0,home,0.0,0.0,True,4.0
2023-12-24,St. John's Red Storm,65.0,away,0.0,0.0,False,-4.0
2023-12-23,Mount St. Mary's Mountaineers,87.0,home,0.0,0.0,True,28.0
2023-12-23,Long Island University Sharks,59.0,away,0.0,0.0,False,-28.0
2023-12-25,Georgia Tech Yellow Jackets,64.0,home,0.0,0.0,False,-8.0
2023-12-25,Nevada Wolf Pack,72.0,away,0.0,0.0,True,8.0
2023-12-24,Hawai'i Rainbow Warriors,51.0,home,0.0,0.0,False,-14.0
2023-12-24,TCU Horned Frogs,65.0,away,0.0,0.0,True,14.0
2023-12-24,Massachusetts Minutemen,87.0,home,0.0,0.0,True,22.0
2023-12-24,Old Dominion Monarchs,65.0,away,0.0,0.0,False,-22.0
2023-12-24,Portland Pilots,54.0,home,0.0,0.0,False,-1.0
2023-12-24,Temple Owls,55.0,away,0.0,0.0,True,1.0
2023-12-09,Arizona Wildcats,98.0,home,0.0,0.0,True,25.0
2023-12-09,Wisconsin Badgers,73.0,away,0.0,0.0,False,-25.0
2023-12-10,Washington Huskies,78.0,home,0.0,0.0,True,5.0
2023-12-10,Gonzaga Bulldogs,73.0,away,0.0,0.0,False,-5.0
2023-12-09,Texas Longhorns,77.0,home,0.0,0.0,True,27.0
2023-12-09,Houston Christian Huskies,50.0,away,0.0,0.0,False,-27.0
2023-12-09,Georgetown Hoyas,68.0,home,0.0,0.0,False,-12.0
2023-12-09,Syracuse Orange,80.0,away,0.0,0.0,True,12.0
2023-12-09,Tennessee Volunteers,86.0,home,0.0,0.0,True,7.0
2023-12-09,Illinois Fighting Illini,79.0,away,0.0,0.0,False,-7.0
2023-12-09,Purdue Boilermakers,92.0,home,0.0,0.0,True,6.0
2023-12-09,Alabama Crimson Tide,86.0,away,0.0,0.0,False,-6.0
2023-12-09,Clemson Tigers,74.0,home,0.0,0.0,True,8.0
2023-12-09,TCU Horned Frogs,66.0,away,0.0,0.0,False,-8.0
2023-12-10,Marquette Golden Eagles,78.0,home,0.0,0.0,True,19.0
2023-12-10,Notre Dame Fighting Irish,59.0,away,0.0,0.0,False,-19.0
2023-12-10,San Diego State Aztecs,63.0,home,0.0,0.0,True,1.0
2023-12-10,UC Irvine Anteaters,62.0,away,0.0,0.0,False,-1.0
2023-12-10,Old Dominion Monarchs,69.0,home,0.0,0.0,False,-15.0
2023-12-10,James Madison Dukes,84.0,away,0.0,0.0,True,15.0
2023-12-09,Kansas Jayhawks,73.0,home,0.0,0.0,True,9.0
2023-12-09,Missouri Tigers,64.0,away,0.0,0.0,False,-9.0
2023-12-09,Kentucky Wildcats,81.0,home,0.0,0.0,True,15.0
2023-12-09,Pennsylvania Quakers,66.0,away,0.0,0.0,False,-15.0
2023-12-09,Creighton Bluejays,109.0,home,0.0,0.0,True,45.0
2023-12-09,Central Michigan Chippewas,64.0,away,0.0,0.0,False,-45.0
2023-12-09,Mississippi State Bulldogs,106.0,home,0.0,0.0,True,30.0
2023-12-09,Tulane Green Wave,76.0,away,0.0,0.0,False,-30.0
2023-12-09,Houston Cougars,89.0,home,0.0,0.0,True,34.0
2023-12-09,Jackson State Tigers,55.0,away,0.0,0.0,False,-34.0
2023-12-09,Colorado State Rams,61.0,home,0.0,0.0,False,-3.0
2023-12-09,Saint Mary's Gaels,64.0,away,0.0,0.0,True,3.0
2023-12-09,Oklahoma Sooners,79.0,home,0.0,0.0,True,9.0
2023-12-09,Arkansas Razorbacks,70.0,away,0.0,0.0,False,-9.0
2023-12-09,Duke Blue Devils,80.0,home,0.0,0.0,True,24.0
2023-12-09,Charlotte 49ers,56.0,away,0.0,0.0,False,-24.0
2023-12-10,Utah Utes,73.0,home,0.0,0.0,True,4.0
2023-12-10,BYU Cougars,69.0,away,0.0,0.0,False,-4.0
2023-12-09,UConn Huskies,101.0,home,0.0,0.0,True,38.0
2023-12-09,Arkansas-Pine Bluff Golden Lions,63.0,away,0.0,0.0,False,-38.0
2023-12-09,Morgan State Bears,120.0,home,0.0,0.0,True,70.0
2023-12-09,Virginia-Lynchburg Dragons,50.0,away,0.0,0.0,False,-70.0
2023-12-09,Massachusetts Minutemen,91.0,home,0.0,0.0,True,14.0
2023-12-09,UMass Lowell River Hawks,77.0,away,0.0,0.0,False,-14.0
2023-12-09,Dayton Flyers,82.0,home,0.0,0.0,True,12.0
2023-12-09,Troy Trojans,70.0,away,0.0,0.0,False,-12.0
2023-12-09,UMBC Retrievers,73.0,home,0.0,0.0,False,-16.0
2023-12-09,Towson Tigers,89.0,away,0.0,0.0,True,16.0
2023-12-09,Queens University Royals,112.0,home,0.0,0.0,True,48.0
2023-12-09,Carolina University Bruins,64.0,away,0.0,0.0,False,-48.0
2023-12-09,Minnesota Golden Gophers,77.0,home,0.0,0.0,True,20.0
2023-12-09,Florida Gulf Coast Eagles,57.0,away,0.0,0.0,False,-20.0
2023-12-09,Virginia Tech Hokies,71.0,home,0.0,0.0,True,21.0
2023-12-09,Valparaiso Beacons,50.0,away,0.0,0.0,False,-21.0
2023-12-09,East Carolina Pirates,62.0,home,0.0,0.0,False,-6.0
2023-12-09,South Carolina Gamecocks,68.0,away,0.0,0.0,True,6.0
2023-12-09,LSU Tigers,60.0,home,0.0,0.0,False,-15.0
2023-12-09,Kansas State Wildcats,75.0,away,0.0,0.0,True,15.0
2023-12-09,Buffalo Bulls,65.0,home,0.0,0.0,False,-17.0
2023-12-09,Western Kentucky Hilltoppers,82.0,away,0.0,0.0,True,17.0
2023-12-09,Butler Bulldogs,97.0,home,0.0,0.0,True,7.0
2023-12-09,California Golden Bears,90.0,away,0.0,0.0,False,-7.0
2023-12-09,Lehigh Mountain Hawks,88.0,home,0.0,0.0,True,55.0
2023-12-09,Cairn University Highlanders,33.0,away,0.0,0.0,False,-55.0
2023-12-09,Western Michigan Broncos,68.0,home,0.0,0.0,False,-4.0
2023-12-09,Youngstown State Penguins,72.0,away,0.0,0.0,True,4.0
2023-12-09,DePaul Blue Demons,75.0,home,0.0,0.0,True,7.0
2023-12-09,Louisville Cardinals,68.0,away,0.0,0.0,False,-7.0
2023-12-09,VMI Keydets,69.0,home,0.0,0.0,False,-8.0
2023-12-09,American University Eagles,77.0,away,0.0,0.0,True,8.0
2023-12-09,Florida State Seminoles,72.0,home,0.0,0.0,False,-16.0
2023-12-09,South Florida Bulls,88.0,away,0.0,0.0,True,16.0
2023-12-09,Florida A&M Rattlers,108.0,home,0.0,0.0,True,30.0
2023-12-09,LeMoyne-Owen Magicians,78.0,away,0.0,0.0,False,-30.0
2023-12-09,Mercer Bears,64.0,home,0.0,0.0,True,4.0
2023-12-09,Georgia State Panthers,60.0,away,0.0,0.0,False,-4.0
2023-12-09,Delaware State Hornets,61.0,home,0.0,0.0,False,-1.0
2023-12-09,Longwood Lancers,62.0,away,0.0,0.0,True,1.0
2023-12-09,Furman Paladins,100.0,home,0.0,0.0,True,42.0
2023-12-09,Bob Jones Bruins,58.0,away,0.0,0.0,False,-42.0
2023-12-09,Vermont Catamounts,71.0,home,0.0,0.0,False,-6.0
2023-12-09,Colgate Raiders,77.0,away,0.0,0.0,True,6.0
2023-12-09,Coastal Carolina Chanticleers,80.0,home,0.0,0.0,False,-8.0
2023-12-09,Wofford Terriers,88.0,away,0.0,0.0,True,8.0
2023-12-09,Kent State Golden Flashes,83.0,home,0.0,0.0,True,6.0
2023-12-09,Cleveland State Vikings,77.0,away,0.0,0.0,False,-6.0
2023-12-09,Indiana State Sycamores,98.0,home,0.0,0.0,True,44.0
2023-12-09,Southern Indiana Screaming Eagles,54.0,away,0.0,0.0,False,-44.0
2023-12-09,Lafayette Leopards,51.0,home,0.0,0.0,False,-16.0
2023-12-09,La Salle Explorers,67.0,away,0.0,0.0,True,16.0
2023-12-09,Davidson Wildcats,79.0,home,0.0,0.0,True,18.0
2023-12-09,Miami (OH) RedHawks,61.0,away,0.0,0.0,False,-18.0
2023-12-09,North Florida Ospreys,64.0,home,0.0,0.0,True,8.0
2023-12-09,Georgia Southern Eagles,56.0,away,0.0,0.0,False,-8.0
2023-12-09,Liberty Flames,64.0,home,0.0,0.0,False,-5.0
2023-12-09,Grand Canyon Lopes,69.0,away,0.0,0.0,True,5.0
2023-12-09,Montana Grizzlies,88.0,home,0.0,0.0,True,21.0
2023-12-09,Montana Tech Orediggers,67.0,away,0.0,0.0,False,-21.0
2023-12-09,Indiana Hoosiers,76.0,home,0.0,0.0,False,-28.0
2023-12-09,Auburn Tigers,104.0,away,0.0,0.0,True,28.0
2023-12-09,Toledo Rockets,84.0,home,0.0,0.0,True,4.0
2023-12-09,Northern Iowa Panthers,80.0,away,0.0,0.0,False,-4.0
2023-12-09,South Carolina State Bulldogs,71.0,home,0.0,0.0,False,-9.0
2023-12-09,Bethune-Cookman Wildcats,80.0,away,0.0,0.0,True,9.0
2023-12-09,Saint Louis Billikens,71.0,home,0.0,0.0,True,3.0
2023-12-09,Hofstra Pride,68.0,away,0.0,0.0,False,-3.0
2023-12-09,Binghamton Bearcats,91.0,home,0.0,0.0,True,12.0
2023-12-09,Le Moyne Dolphins,79.0,away,0.0,0.0,False,-12.0
2023-12-09,North Dakota Fighting Hawks,72.0,home,0.0,0.0,False,-11.0
2023-12-09,Portland Pilots,83.0,away,0.0,0.0,True,11.0
2023-12-09,Arkansas State Red Wolves,87.0,home,0.0,0.0,True,19.0
2023-12-09,UAB Blazers,68.0,away,0.0,0.0,False,-19.0
2023-12-09,Monmouth Hawks,74.0,home,0.0,0.0,True,3.0
2023-12-09,Northern Illinois Huskies,71.0,away,0.0,0.0,False,-3.0
2023-12-09,Southern Miss Golden Eagles,83.0,home,0.0,0.0,True,9.0
2023-12-09,Northwestern State Demons,74.0,away,0.0,0.0,False,-9.0
2023-12-09,Maine Black Bears,69.0,home,0.0,0.0,True,13.0
2023-12-09,Central Connecticut Blue Devils,56.0,away,0.0,0.0,False,-13.0
2023-12-09,Louisiana Tech Bulldogs,72.0,home,0.0,0.0,True,5.0
2023-12-09,Louisiana Ragin' Cajuns,67.0,away,0.0,0.0,False,-5.0
2023-12-09,South Alabama Jaguars,91.0,home,0.0,0.0,True,17.0
2023-12-09,Spring Hill Badgers,74.0,away,0.0,0.0,False,-17.0
2023-12-09,Boise State Broncos,109.0,home,0.0,0.0,True,39.0
2023-12-09,Western Oregon Wolves,70.0,away,0.0,0.0,False,-39.0
2023-12-09,UC Santa Barbara Gauchos,126.0,home,0.0,0.0,True,50.0
2023-12-09,Bethesda University Flames,76.0,away,0.0,0.0,False,-50.0
2023-12-09,Dartmouth Big Green,53.0,home,0.0,0.0,False,-10.0
2023-12-09,Marist Red Foxes,63.0,away,0.0,0.0,True,10.0
2023-12-09,Georgia Tech Yellow Jackets,70.0,home,0.0,0.0,True,21.0
2023-12-09,Alabama A&M Bulldogs,49.0,away,0.0,0.0,False,-21.0
2023-12-09,Incarnate Word Cardinals,75.0,home,0.0,0.0,False,-1.0
2023-12-09,Northern Arizona Lumberjacks,76.0,away,0.0,0.0,True,1.0
2023-12-09,Wyoming Cowboys,78.0,home,0.0,0.0,True,8.0
2023-12-09,Stephen F. Austin Lumberjacks,70.0,away,0.0,0.0,False,-8.0
2023-12-09,Florida Gators,87.0,home,0.0,0.0,True,11.0
2023-12-09,Richmond Spiders,76.0,away,0.0,0.0,False,-11.0
2023-12-09,Nicholls Colonels,84.0,home,0.0,0.0,True,14.0
2023-12-09,Elizabeth City State Vikings,70.0,away,0.0,0.0,False,-14.0
2023-12-09,Radford Highlanders,82.0,home,0.0,0.0,True,8.0
2023-12-09,North Carolina Central Eagles,74.0,away,0.0,0.0,False,-8.0
2023-12-09,Ohio Bobcats,69.0,home,0.0,0.0,False,-5.0
2023-12-09,Marshall Thundering Herd,74.0,away,0.0,0.0,True,5.0
2023-12-09,UC Davis Aggies,79.0,home,0.0,0.0,False,-2.0
2023-12-09,Milwaukee Panthers,81.0,away,0.0,0.0,True,2.0
2023-12-09,Western Carolina Catamounts,78.0,home,0.0,0.0,True,15.0
2023-12-09,UNC Asheville Bulldogs,63.0,away,0.0,0.0,False,-15.0
2023-12-09,West Virginia Mountaineers,66.0,home,0.0,0.0,True,6.0
2023-12-09,Drexel Dragons,60.0,away,0.0,0.0,False,-6.0
2023-12-09,St. Bonaventure Bonnies,89.0,home,0.0,0.0,True,33.0
2023-12-09,Siena Saints,56.0,away,0.0,0.0,False,-33.0
2023-12-09,Loyola Maryland Greyhounds,64.0,home,0.0,0.0,False,-13.0
2023-12-09,Mount St. Mary's Mountaineers,77.0,away,0.0,0.0,True,13.0
2023-12-09,Texas A&M-Corpus Christi Islanders,62.0,home,0.0,0.0,True,4.0
2023-12-09,Omaha Mavericks,58.0,away,0.0,0.0,False,-4.0
2023-12-09,Portland State Vikings,83.0,home,0.0,0.0,True,6.0
2023-12-09,George Fox Bruins,77.0,away,0.0,0.0,False,-6.0
2023-12-09,Sacramento State Hornets,60.0,home,0.0,0.0,False,-2.0
2023-12-09,Cal State Fullerton Titans,62.0,away,0.0,0.0,True,2.0
2023-12-09,Lindenwood Lions,67.0,home,0.0,0.0,False,-5.0
2023-12-09,Kansas City Roos,72.0,away,0.0,0.0,True,5.0
2023-12-09,New Mexico Lobos,93.0,home,0.0,0.0,True,17.0
2023-12-09,Santa Clara Broncos,76.0,away,0.0,0.0,False,-17.0
2023-12-09,Oregon State Beavers,74.0,home,0.0,0.0,True,3.0
2023-12-09,Utah Valley Wolverines,71.0,away,0.0,0.0,False,-3.0
2023-12-09,Air Force Falcons,68.0,home,0.0,0.0,False,-5.0
2023-12-09,Eastern Washington Eagles,73.0,away,0.0,0.0,True,5.0
2023-12-09,Loyola Chicago Ramblers,115.0,home,0.0,0.0,True,51.0
2023-12-09,Goshen Maple Leafs,64.0,away,0.0,0.0,False,-51.0
2023-12-09,George Washington Revolutionaries,76.0,home,0.0,0.0,True,31.0
2023-12-09,Coppin State Eagles,45.0,away,0.0,0.0,False,-31.0
2023-12-09,Penn State Nittany Lions,83.0,home,0.0,0.0,True,3.0
2023-12-09,Ohio State Buckeyes,80.0,away,0.0,0.0,False,-3.0
2023-12-09,San José State Spartans,87.0,home,0.0,0.0,True,5.0
2023-12-09,New Orleans Privateers,82.0,away,0.0,0.0,False,-5.0
2023-12-09,Pittsburgh Panthers,82.0,home,0.0,0.0,True,11.0
2023-12-09,Canisius Golden Griffins,71.0,away,0.0,0.0,False,-11.0
2023-12-09,Stony Brook Seawolves,86.0,home,0.0,0.0,True,11.0
2023-12-09,Bryant Bulldogs,75.0,away,0.0,0.0,False,-11.0
2023-12-09,Sacred Heart Pioneers,57.0,home,0.0,0.0,False,-10.0
2023-12-09,Fairfield Stags,67.0,away,0.0,0.0,True,10.0
2023-12-09,Xavier Musketeers,84.0,home,0.0,0.0,True,5.0
2023-12-09,Cincinnati Bearcats,79.0,away,0.0,0.0,False,-5.0
2023-12-10,Purdue Fort Wayne Mastodons,89.0,home,0.0,0.0,True,9.0
2023-12-10,Southeast Missouri State Redhawks,80.0,away,0.0,0.0,False,-9.0
2023-12-10,Illinois State Redbirds,58.0,home,0.0,0.0,False,-6.0
2023-12-10,Norfolk State Spartans,64.0,away,0.0,0.0,True,6.0
2023-12-10,Northern Kentucky Norse,76.0,home,0.0,0.0,False,-1.0
2023-12-10,Akron Zips,77.0,away,0.0,0.0,True,1.0
2023-12-10,Green Bay Phoenix,59.0,home,0.0,0.0,False,-9.0
2023-12-10,Western Illinois Leathernecks,68.0,away,0.0,0.0,True,9.0
2023-12-09,Southern Jaguars,69.0,home,0.0,0.0,True,25.0
2023-12-09,SE Louisiana Lions,44.0,away,0.0,0.0,False,-25.0
2023-12-10,South Dakota Coyotes,78.0,home,0.0,0.0,True,5.0
2023-12-10,Cal State Bakersfield Roadrunners,73.0,away,0.0,0.0,False,-5.0
2023-12-10,South Carolina Upstate Spartans,77.0,home,0.0,0.0,False,-7.0
2023-12-10,Kennesaw State Owls,84.0,away,0.0,0.0,True,7.0
2023-12-10,Missouri State Bears,69.0,home,0.0,0.0,True,9.0
2023-12-10,Sam Houston Bearkats,60.0,away,0.0,0.0,False,-9.0
2023-12-10,Wichita State Shockers,69.0,home,0.0,0.0,False,-10.0
2023-12-10,South Dakota State Jackrabbits,79.0,away,0.0,0.0,True,10.0
2023-12-10,Fresno State Bulldogs,89.0,home,0.0,0.0,True,33.0
2023-12-10,Pacific Tigers,56.0,away,0.0,0.0,False,-33.0
2023-12-10,Villanova Wildcats,65.0,home,0.0,0.0,True,9.0
2023-12-10,UCLA Bruins,56.0,away,0.0,0.0,False,-9.0
2023-12-10,Merrimack Warriors,89.0,home,0.0,0.0,True,4.0
2023-12-10,Felician Golden Falcons,85.0,away,0.0,0.0,False,-4.0
2023-12-10,Wake Forest Demon Deacons,83.0,home,0.0,0.0,True,24.0
2023-12-10,NJIT Highlanders,59.0,away,0.0,0.0,False,-24.0
2023-12-10,Seattle U Redhawks,101.0,home,0.0,0.0,True,55.0
2023-12-10,Northwest University Eagles,46.0,away,0.0,0.0,False,-55.0
2023-12-10,Southern Utah Thunderbirds,82.0,home,0.0,0.0,True,8.0
2023-12-10,Idaho State Bengals,74.0,away,0.0,0.0,False,-8.0
2023-12-10,Seton Hall Pirates,63.0,home,0.0,0.0,False,-7.0
2023-12-10,Rutgers Scarlet Knights,70.0,away,0.0,0.0,True,7.0
2023-12-10,Austin Peay Governors,53.0,home,0.0,0.0,True,4.0
2023-12-10,Murray State Racers,49.0,away,0.0,0.0,False,-4.0
2023-12-10,Middle Tennessee Blue Raiders,65.0,home,0.0,0.0,False,-10.0
2023-12-10,Belmont Bruins,75.0,away,0.0,0.0,True,10.0
2023-12-10,Nevada Wolf Pack,53.0,home,0.0,0.0,False,-19.0
2023-12-10,Drake Bulldogs,72.0,away,0.0,0.0,True,19.0
2023-12-10,Oral Roberts Golden Eagles,110.0,home,0.0,0.0,True,59.0
2023-12-10,Ozark Christian Ambassadors,51.0,away,0.0,0.0,False,-59.0
2023-12-10,Weber State Wildcats,78.0,home,0.0,0.0,True,28.0
2023-12-10,Cal Poly Mustangs,50.0,away,0.0,0.0,False,-28.0
2023-12-10,Oregon Ducks,71.0,home,0.0,0.0,True,22.0
2023-12-10,UTEP Miners,49.0,away,0.0,0.0,False,-22.0
2023-12-10,Utah Tech Trailblazers,62.0,home,0.0,0.0,False,-1.0
2023-12-10,Idaho Vandals,63.0,away,0.0,0.0,True,1.0
2023-12-10,UNLV Rebels,75.0,home,0.0,0.0,False,-3.0
2023-12-10,Loyola Marymount Lions,78.0,away,0.0,0.0,True,3.0
2023-12-10,Utah State Aggies,84.0,home,0.0,0.0,True,31.0
2023-12-10,Northwest Nazarene Nw Nazarene,53.0,away,0.0,0.0,False,-31.0
2023-12-10,San Diego Toreros,89.0,home,0.0,0.0,True,5.0
2023-12-10,Arizona State Sun Devils,84.0,away,0.0,0.0,False,-5.0
2023-12-10,Pepperdine Waves,68.0,home,0.0,0.0,True,6.0
2023-12-10,UC San Diego Tritons,62.0,away,0.0,0.0,False,-6.0
2023-12-23,Baylor Bears,107.0,home,0.0,0.0,True,59.0
2023-12-23,Mississippi Valley State Delta Devils,48.0,away,0.0,0.0,False,-59.0
2023-12-22,Clemson Tigers,109.0,home,0.0,0.0,True,30.0
2023-12-22,Queens University Royals,79.0,away,0.0,0.0,False,-30.0
2023-12-23,Loyola Marymount Lions,67.0,home,0.0,0.0,False,-9.0
2023-12-23,Colorado State Rams,76.0,away,0.0,0.0,True,9.0
2023-12-22,Texas Longhorns,71.0,home,0.0,0.0,True,16.0
2023-12-22,Texas A&M-Corpus Christi Islanders,55.0,away,0.0,0.0,False,-16.0
2023-12-22,Miami (OH) RedHawks,70.0,home,0.0,0.0,True,1.0
2023-12-22,Vermont Catamounts,69.0,away,0.0,0.0,False,-1.0
2023-12-23,BYU Cougars,101.0,home,0.0,0.0,True,42.0
2023-12-23,Bellarmine Knights,59.0,away,0.0,0.0,False,-42.0
2023-12-22,Saint Peter's Peacocks,73.0,home,0.0,0.0,True,3.0
2023-12-22,Kean Cougars,70.0,away,0.0,0.0,False,-3.0
2023-12-22,Boston University Terriers,63.0,home,0.0,0.0,False,-8.0
2023-12-22,UMass Lowell River Hawks,71.0,away,0.0,0.0,True,8.0
2023-12-22,Charlotte 49ers,91.0,home,0.0,0.0,True,47.0
2023-12-22,Greensboro College Pride,44.0,away,0.0,0.0,False,-47.0
2023-12-23,Illinois Fighting Illini,97.0,home,0.0,0.0,True,24.0
2023-12-23,Missouri Tigers,73.0,away,0.0,0.0,False,-24.0
2023-12-23,Kansas Jayhawks,75.0,home,0.0,0.0,True,15.0
2023-12-23,Yale Bulldogs,60.0,away,0.0,0.0,False,-15.0
2023-12-22,Morgan State Bears,75.0,home,0.0,0.0,False,-14.0
2023-12-22,James Madison Dukes,89.0,away,0.0,0.0,True,14.0
2023-12-23,Marquette Golden Eagles,81.0,home,0.0,0.0,True,30.0
2023-12-23,Georgetown Hoyas,51.0,away,0.0,0.0,False,-30.0
2023-12-22,Wright State Raiders,101.0,home,0.0,0.0,True,47.0
2023-12-22,Muskingum Fighting Muskies,54.0,away,0.0,0.0,False,-47.0
2023-12-23,Wisconsin Badgers,80.0,home,0.0,0.0,True,27.0
2023-12-23,Chicago State Cougars,53.0,away,0.0,0.0,False,-27.0
2023-12-22,VMI Keydets,82.0,home,0.0,0.0,True,17.0
2023-12-22,Penn State-New Kensington Lions,65.0,away,0.0,0.0,False,-17.0
2023-12-22,South Carolina State Bulldogs,101.0,home,0.0,0.0,True,17.0
2023-12-22,Brewton-Parker Wildcats,84.0,away,0.0,0.0,False,-17.0
2023-12-22,Loyola Maryland Greyhounds,91.0,home,0.0,0.0,True,34.0
2023-12-22,St. Mary's (MD) Seahawks,57.0,away,0.0,0.0,False,-34.0
2023-12-22,NJIT Highlanders,127.0,home,0.0,0.0,True,76.0
2023-12-22,Medgar Evers Cougars,51.0,away,0.0,0.0,False,-76.0
2023-12-22,Bryant Bulldogs,104.0,home,0.0,0.0,True,18.0
2023-12-22,Drexel Dragons,86.0,away,0.0,0.0,False,-18.0
2023-12-22,Robert Morris Colonials,85.0,home,0.0,0.0,False,-5.0
2023-12-22,Cornell Big Red,90.0,away,0.0,0.0,True,5.0
2023-12-22,Stephen F. Austin Lumberjacks,115.0,home,0.0,0.0,True,57.0
2023-12-22,Paul Quinn Tigers,58.0,away,0.0,0.0,False,-57.0
2023-12-22,Merrimack Warriors,68.0,home,0.0,0.0,True,16.0
2023-12-22,Bucknell Bison,52.0,away,0.0,0.0,False,-16.0
2023-12-22,Princeton Tigers,84.0,home,0.0,0.0,True,31.0
2023-12-22,Delaware Valley Aggies,53.0,away,0.0,0.0,False,-31.0
2023-12-22,Tulane Green Wave,66.0,home,0.0,0.0,False,-3.0
2023-12-22,George Mason Patriots,69.0,away,0.0,0.0,True,3.0
2023-12-22,UAB Blazers,79.0,home,0.0,0.0,True,1.0
2023-12-22,Drake Bulldogs,78.0,away,0.0,0.0,False,-1.0
2023-12-22,South Florida Bulls,89.0,home,0.0,0.0,True,16.0
2023-12-22,UAlbany Great Danes,73.0,away,0.0,0.0,False,-16.0
2023-12-22,Wagner Seahawks,98.0,home,0.0,0.0,True,49.0
2023-12-22,Gwynedd-Mercy Griffins,49.0,away,0.0,0.0,False,-49.0
2023-12-22,Bowling Green Falcons,79.0,home,0.0,0.0,True,21.0
2023-12-22,Siena Heights Saints,58.0,away,0.0,0.0,False,-21.0
2023-12-22,Milwaukee Panthers,85.0,home,0.0,0.0,True,2.0
2023-12-22,Chattanooga Mocs,83.0,away,0.0,0.0,False,-2.0
2023-12-22,Brown Bears,71.0,home,0.0,0.0,True,4.0
2023-12-22,Siena Saints,67.0,away,0.0,0.0,False,-4.0
2023-12-22,Cal State Northridge Matadors,82.0,home,0.0,0.0,True,12.0
2023-12-22,Montana State Bobcats,70.0,away,0.0,0.0,False,-12.0
2023-12-23,Cincinnati Bearcats,83.0,home,0.0,0.0,True,8.0
2023-12-23,Stetson Hatters,75.0,away,0.0,0.0,False,-8.0
2023-12-22,TCU Horned Frogs,75.0,home,0.0,0.0,False,-13.0
2023-12-22,Nevada Wolf Pack,88.0,away,0.0,0.0,True,13.0
2023-12-22,Towson Tigers,65.0,home,0.0,0.0,True,10.0
2023-12-22,Nicholls Colonels,55.0,away,0.0,0.0,False,-10.0
2023-12-22,Georgia Bulldogs,78.0,home,0.0,0.0,True,18.0
2023-12-22,North Florida Ospreys,60.0,away,0.0,0.0,False,-18.0
2023-12-22,Murray State Racers,65.0,home,0.0,0.0,False,-27.0
2023-12-22,SMU Mustangs,92.0,away,0.0,0.0,True,27.0
2023-12-22,Florida Gators,96.0,home,0.0,0.0,True,39.0
2023-12-22,Grambling Tigers,57.0,away,0.0,0.0,False,-39.0
2023-12-22,South Carolina Gamecocks,70.0,home,0.0,0.0,True,27.0
2023-12-22,Elon Phoenix,43.0,away,0.0,0.0,False,-27.0
2023-12-23,Southern Illinois Salukis,81.0,home,0.0,0.0,True,31.0
2023-12-23,Southern Indiana Screaming Eagles,50.0,away,0.0,0.0,False,-31.0
2023-12-23,Florida State Seminoles,67.0,home,0.0,0.0,True,6.0
2023-12-23,Winthrop Eagles,61.0,away,0.0,0.0,False,-6.0
2023-12-23,Lindenwood Lions,81.0,home,0.0,0.0,True,27.0
2023-12-23,Rockford Regents,54.0,away,0.0,0.0,False,-27.0
2023-12-23,High Point Panthers,78.0,home,0.0,0.0,True,8.0
2023-12-23,Canisius Golden Griffins,70.0,away,0.0,0.0,False,-8.0
2023-12-23,Florida Gulf Coast Eagles,78.0,home,0.0,0.0,True,3.0
2023-12-23,Florida Memorial FLORIDA MEMORIAL,75.0,away,0.0,0.0,False,-3.0
2023-12-23,Old Dominion Monarchs,78.0,home,0.0,0.0,True,15.0
2023-12-23,Temple Owls,63.0,away,0.0,0.0,False,-15.0
2023-12-23,VCU Rams,75.0,home,0.0,0.0,True,24.0
2023-12-23,Maryland Eastern Shore Hawks,51.0,away,0.0,0.0,False,-24.0
2023-12-23,St. Bonaventure Bonnies,90.0,home,0.0,0.0,True,26.0
2023-12-23,Binghamton Bearcats,64.0,away,0.0,0.0,False,-26.0
2023-12-23,Tulsa Golden Hurricane,65.0,home,0.0,0.0,True,6.0
2023-12-23,New Mexico State Aggies,59.0,away,0.0,0.0,False,-6.0
2023-12-23,San Francisco Dons,77.0,home,0.0,0.0,True,20.0
2023-12-23,Fresno State Bulldogs,57.0,away,0.0,0.0,False,-20.0
2023-12-23,Rice Owls,67.0,home,0.0,0.0,False,-17.0
2023-12-23,Louisiana Ragin' Cajuns,84.0,away,0.0,0.0,True,17.0
2023-12-23,Austin Peay Governors,71.0,home,0.0,0.0,True,4.0
2023-12-23,Ohio Bobcats,67.0,away,0.0,0.0,False,-4.0
2023-12-23,Auburn Tigers,82.0,home,0.0,0.0,True,20.0
2023-12-23,Alabama State Hornets,62.0,away,0.0,0.0,False,-20.0
2023-12-23,Portland Pilots,78.0,home,0.0,0.0,False,-22.0
2023-12-23,Massachusetts Minutemen,100.0,away,0.0,0.0,True,22.0
2023-12-23,Texas A&M Aggies,79.0,home,0.0,0.0,True,27.0
2023-12-23,Houston Christian Huskies,52.0,away,0.0,0.0,False,-27.0
2023-12-23,UCLA Bruins,60.0,home,0.0,0.0,False,-9.0
2023-12-23,Maryland Terrapins,69.0,away,0.0,0.0,True,9.0
2023-12-23,Southern Utah Thunderbirds,69.0,home,0.0,0.0,True,6.0
2023-12-23,Middle Tennessee Blue Raiders,63.0,away,0.0,0.0,False,-6.0
2023-12-23,Notre Dame Fighting Irish,60.0,home,0.0,0.0,True,4.0
2023-12-23,Marist Red Foxes,56.0,away,0.0,0.0,False,-4.0
2023-12-23,Utah State Aggies,80.0,home,0.0,0.0,True,15.0
2023-12-23,East Tennessee State Buccaneers,65.0,away,0.0,0.0,False,-15.0
2023-12-23,Hawai'i Rainbow Warriors,68.0,home,0.0,0.0,False,-5.0
2023-12-23,Georgia Tech Yellow Jackets,73.0,away,0.0,0.0,True,5.0
2023-12-16,Houston Cougars,70.0,home,0.0,0.0,True,4.0
2023-12-16,Texas A&M Aggies,66.0,away,0.0,0.0,False,-4.0
2023-12-16,Virginia Cavaliers,56.0,home,0.0,0.0,True,2.0
2023-12-16,Northeastern Huskies,54.0,away,0.0,0.0,False,-2.0
2023-12-16,Kentucky Wildcats,87.0,home,0.0,0.0,True,4.0
2023-12-16,North Carolina Tar Heels,83.0,away,0.0,0.0,False,-4.0
2023-12-16,Hampton Pirates,71.0,home,0.0,0.0,False,-17.0
2023-12-16,James Madison Dukes,88.0,away,0.0,0.0,True,17.0
2023-12-16,Indiana Hoosiers,71.0,home,0.0,0.0,False,-4.0
2023-12-16,Kansas Jayhawks,75.0,away,0.0,0.0,True,4.0
2023-12-17,Tennessee Volunteers,79.0,home,0.0,0.0,True,9.0
2023-12-17,NC State Wolfpack,70.0,away,0.0,0.0,False,-9.0
2023-12-16,Penn State Nittany Lions,81.0,home,0.0,0.0,False,-1.0
2023-12-16,Georgia Tech Yellow Jackets,82.0,away,0.0,0.0,True,1.0
2023-12-17,BYU Cougars,86.0,home,0.0,0.0,True,32.0
2023-12-17,Georgia State Panthers,54.0,away,0.0,0.0,False,-32.0
2023-12-16,IU Indianapolis Jaguars,67.0,home,0.0,0.0,False,-6.0
2023-12-16,Lindenwood Lions,73.0,away,0.0,0.0,True,6.0
2023-12-16,Purdue Boilermakers,92.0,home,0.0,0.0,True,8.0
2023-12-16,Arizona Wildcats,84.0,away,0.0,0.0,False,-8.0
2023-12-16,DePaul Blue Demons,46.0,home,0.0,0.0,False,-10.0
2023-12-16,Northwestern Wildcats,56.0,away,0.0,0.0,True,10.0
2023-12-16,Michigan State Spartans,88.0,home,0.0,0.0,True,24.0
2023-12-16,Baylor Bears,64.0,away,0.0,0.0,False,-24.0
2023-12-17,Oklahoma Sooners,81.0,home,0.0,0.0,True,34.0
2023-12-17,Green Bay Phoenix,47.0,away,0.0,0.0,False,-34.0
2023-12-16,St. Bonaventure Bonnies,54.0,home,0.0,0.0,False,-10.0
2023-12-16,Florida Atlantic Owls,64.0,away,0.0,0.0,True,10.0
2023-12-16,Memphis Tigers,79.0,home,0.0,0.0,True,2.0
2023-12-16,Clemson Tigers,77.0,away,0.0,0.0,False,-2.0
2023-12-16,Miami Hurricanes,84.0,home,0.0,0.0,True,7.0
2023-12-16,La Salle Explorers,77.0,away,0.0,0.0,False,-7.0
2023-12-16,Niagara Purple Eagles,89.0,home,0.0,0.0,True,8.0
2023-12-16,NJIT Highlanders,81.0,away,0.0,0.0,False,-8.0
2023-12-16,Liberty Flames,99.0,home,0.0,0.0,True,73.0
2023-12-16,St. Andrews Knights,26.0,away,0.0,0.0,False,-73.0
2023-12-17,Creighton Bluejays,85.0,home,0.0,0.0,True,3.0
2023-12-17,Alabama Crimson Tide,82.0,away,0.0,0.0,False,-3.0
2023-12-16,Texas Longhorns,96.0,home,0.0,0.0,True,11.0
2023-12-16,LSU Tigers,85.0,away,0.0,0.0,False,-11.0
2023-12-16,Mercer Bears,70.0,home,0.0,0.0,True,5.0
2023-12-16,Florida Gulf Coast Eagles,65.0,away,0.0,0.0,False,-5.0
2023-12-16,Ball State Cardinals,72.0,home,0.0,0.0,False,-11.0
2023-12-16,Indiana State Sycamores,83.0,away,0.0,0.0,True,11.0
2023-12-16,Providence Friars,78.0,home,0.0,0.0,True,14.0
2023-12-16,Sacred Heart Pioneers,64.0,away,0.0,0.0,False,-14.0
2023-12-16,Le Moyne Dolphins,80.0,home,0.0,0.0,True,26.0
2023-12-16,Dartmouth Big Green,54.0,away,0.0,0.0,False,-26.0
2023-12-16,Presbyterian Blue Hose,84.0,home,0.0,0.0,False,-10.0
2023-12-16,Kennesaw State Owls,94.0,away,0.0,0.0,True,10.0
2023-12-16,Tulane Green Wave,105.0,home,0.0,0.0,True,24.0
2023-12-16,Southern Jaguars,81.0,away,0.0,0.0,False,-24.0
2023-12-16,Hofstra Pride,74.0,home,0.0,0.0,True,16.0
2023-12-16,Norfolk State Spartans,58.0,away,0.0,0.0,False,-16.0
2023-12-16,Bryant Bulldogs,101.0,home,0.0,0.0,True,8.0
2023-12-16,Towson Tigers,93.0,away,0.0,0.0,False,-8.0
2023-12-16,Rutgers Scarlet Knights,83.0,home,0.0,0.0,True,22.0
2023-12-16,Long Island University Sharks,61.0,away,0.0,0.0,False,-22.0
2023-12-16,Bowling Green Falcons,79.0,home,0.0,0.0,True,10.0
2023-12-16,Kansas City Roos,69.0,away,0.0,0.0,False,-10.0
2023-12-16,Notre Dame Fighting Irish,68.0,home,0.0,0.0,False,-4.0
2023-12-16,Georgetown Hoyas,72.0,away,0.0,0.0,True,4.0
2023-12-16,UIC Flames,89.0,home,0.0,0.0,True,21.0
2023-12-16,Western Michigan Broncos,68.0,away,0.0,0.0,False,-21.0
2023-12-16,Davidson Wildcats,98.0,home,0.0,0.0,True,35.0
2023-12-16,Lynchburg Hornets,63.0,away,0.0,0.0,False,-35.0
2023-12-16,VCU Rams,87.0,home,0.0,0.0,True,9.0
2023-12-16,Temple Owls,78.0,away,0.0,0.0,False,-9.0
2023-12-16,Santa Clara Broncos,69.0,home,0.0,0.0,True,8.0
2023-12-16,Washington State Cougars,61.0,away,0.0,0.0,False,-8.0
2023-12-16,Monmouth Hawks,77.0,home,0.0,0.0,True,6.0
2023-12-16,Rider Broncs,71.0,away,0.0,0.0,False,-6.0
2023-12-16,Drexel Dragons,71.0,home,0.0,0.0,True,19.0
2023-12-16,UAlbany Great Danes,52.0,away,0.0,0.0,False,-19.0
2023-12-16,North Florida Ospreys,113.0,home,0.0,0.0,True,41.0
2023-12-16,Trinity College of Jacksonville Eagles,72.0,away,0.0,0.0,False,-41.0
2023-12-16,Pittsburgh Panthers,86.0,home,0.0,0.0,True,36.0
2023-12-16,South Carolina State Bulldogs,50.0,away,0.0,0.0,False,-36.0
2023-12-16,Michigan Wolverines,83.0,home,0.0,0.0,True,17.0
2023-12-16,Eastern Michigan Eagles,66.0,away,0.0,0.0,False,-17.0
2023-12-16,Georgia Southern Eagles,77.0,home,0.0,0.0,False,-5.0
2023-12-16,UNC Wilmington Seahawks,82.0,away,0.0,0.0,True,5.0
2023-12-16,Western Kentucky Hilltoppers,65.0,home,0.0,0.0,True,1.0
2023-12-16,Austin Peay Governors,64.0,away,0.0,0.0,False,-1.0
2023-12-16,Tennessee State Tigers,117.0,home,0.0,0.0,True,58.0
2023-12-16,Boyce Bulldogs,59.0,away,0.0,0.0,False,-58.0
2023-12-16,Northwestern State Demons,51.0,home,0.0,0.0,False,-25.0
2023-12-16,Rice Owls,76.0,away,0.0,0.0,True,25.0
2023-12-16,Tulsa Golden Hurricane,73.0,home,0.0,0.0,True,1.0
2023-12-16,Missouri State Bears,72.0,away,0.0,0.0,False,-1.0
2023-12-16,Bucknell Bison,63.0,home,0.0,0.0,False,-7.0
2023-12-16,Radford Highlanders,70.0,away,0.0,0.0,True,7.0
2023-12-16,Utah State Aggies,54.0,home,0.0,0.0,True,1.0
2023-12-16,San Francisco Dons,53.0,away,0.0,0.0,False,-1.0
2023-12-16,St. John's Red Storm,77.0,home,0.0,0.0,True,22.0
2023-12-16,Fordham Rams,55.0,away,0.0,0.0,False,-22.0
2023-12-16,Samford Bulldogs,99.0,home,0.0,0.0,True,6.0
2023-12-16,Belmont Bruins,93.0,away,0.0,0.0,False,-6.0
2023-12-16,App State Mountaineers,80.0,home,0.0,0.0,True,21.0
2023-12-16,Gardner-Webb Runnin' Bulldogs,59.0,away,0.0,0.0,False,-21.0
2023-12-16,Ohio State Buckeyes,67.0,home,0.0,0.0,True,7.0
2023-12-16,UCLA Bruins,60.0,away,0.0,0.0,False,-7.0
2023-12-16,Bellarmine Knights,61.0,home,0.0,0.0,False,-9.0
2023-12-16,Evansville Purple Aces,70.0,away,0.0,0.0,True,9.0
2023-12-16,South Florida Bulls,77.0,home,0.0,0.0,True,13.0
2023-12-16,Loyola Chicago Ramblers,64.0,away,0.0,0.0,False,-13.0
2023-12-16,Murray State Racers,55.0,home,0.0,0.0,False,-6.0
2023-12-16,SE Louisiana Lions,61.0,away,0.0,0.0,True,6.0
2023-12-16,Valparaiso Beacons,62.0,home,0.0,0.0,False,-1.0
2023-12-16,Chicago State Cougars,63.0,away,0.0,0.0,True,1.0
2023-12-16,Utah Utes,76.0,home,0.0,0.0,True,14.0
2023-12-16,Utah Valley Wolverines,62.0,away,0.0,0.0,False,-14.0
2023-12-16,Tennessee Tech Golden Eagles,70.0,home,0.0,0.0,True,3.0
2023-12-16,North Alabama Lions,67.0,away,0.0,0.0,False,-3.0
2023-12-16,Northern Arizona Lumberjacks,76.0,home,0.0,0.0,True,2.0
2023-12-16,Southern Utah Thunderbirds,74.0,away,0.0,0.0,False,-2.0
2023-12-16,Virginia Tech Hokies,73.0,home,0.0,0.0,True,22.0
2023-12-16,Vermont Catamounts,51.0,away,0.0,0.0,False,-22.0
2023-12-16,Iowa Hawkeyes,88.0,home,0.0,0.0,True,36.0
2023-12-16,Florida A&M Rattlers,52.0,away,0.0,0.0,False,-36.0
2023-12-16,UT Arlington Mavericks,76.0,home,0.0,0.0,True,3.0
2023-12-16,Air Force Falcons,73.0,away,0.0,0.0,False,-3.0
2023-12-16,Pacific Tigers,61.0,home,0.0,0.0,False,-21.0
2023-12-16,UC Davis Aggies,82.0,away,0.0,0.0,True,21.0
2023-12-16,South Carolina Upstate Spartans,53.0,home,0.0,0.0,False,-17.0
2023-12-16,Western Carolina Catamounts,70.0,away,0.0,0.0,True,17.0
2023-12-16,UMass Lowell River Hawks,54.0,home,0.0,0.0,False,-3.0
2023-12-16,Central Connecticut Blue Devils,57.0,away,0.0,0.0,True,3.0
2023-12-16,Delaware Blue Hens,67.0,home,0.0,0.0,True,11.0
2023-12-16,Rhode Island Rams,56.0,away,0.0,0.0,False,-11.0
2023-12-16,Loyola Marymount Lions,59.0,home,0.0,0.0,False,-9.0
2023-12-16,UC Santa Barbara Gauchos,68.0,away,0.0,0.0,True,9.0
2023-12-16,Florida International Panthers,146.0,home,0.0,0.0,True,91.0
2023-12-16,Trinity (FL) Tigers,55.0,away,0.0,0.0,False,-91.0
2023-12-16,Arkansas Razorbacks,69.0,home,0.0,0.0,True,3.0
2023-12-16,Lipscomb Bisons,66.0,away,0.0,0.0,False,-3.0
2023-12-16,Georgia Bulldogs,66.0,home,0.0,0.0,True,8.0
2023-12-16,High Point Panthers,58.0,away,0.0,0.0,False,-8.0
2023-12-16,South Carolina Gamecocks,73.0,home,0.0,0.0,True,4.0
2023-12-16,Charleston Southern Buccaneers,69.0,away,0.0,0.0,False,-4.0
2023-12-16,George Mason Patriots,62.0,home,0.0,0.0,True,8.0
2023-12-16,Loyola Maryland Greyhounds,54.0,away,0.0,0.0,False,-8.0
2023-12-17,Iona Gaels,58.0,home,0.0,0.0,False,-25.0
2023-12-17,Saint Joseph's Hawks,83.0,away,0.0,0.0,True,25.0
2023-12-17,Wichita State Shockers,69.0,home,0.0,0.0,True,1.0
2023-12-17,Southern Illinois Salukis,68.0,away,0.0,0.0,False,-1.0
2023-12-17,UNLV Rebels,67.0,home,0.0,0.0,False,-2.0
2023-12-17,Saint Mary's Gaels,69.0,away,0.0,0.0,True,2.0
2023-12-17,Marshall Thundering Herd,72.0,home,0.0,0.0,True,7.0
2023-12-17,UNC Greensboro Spartans,65.0,away,0.0,0.0,False,-7.0
2023-12-17,Cincinnati Bearcats,68.0,home,0.0,0.0,False,-14.0
2023-12-17,Dayton Flyers,82.0,away,0.0,0.0,True,14.0
2023-12-17,Richmond Spiders,64.0,home,0.0,0.0,True,8.0
2023-12-17,Charlotte 49ers,56.0,away,0.0,0.0,False,-8.0
2023-12-16,Massachusetts Minutemen,87.0,home,0.0,0.0,True,8.0
2023-12-16,West Virginia Mountaineers,79.0,away,0.0,0.0,False,-8.0
2023-12-17,Purdue Fort Wayne Mastodons,86.0,home,0.0,0.0,True,23.0
2023-12-17,Bethune-Cookman Wildcats,63.0,away,0.0,0.0,False,-23.0
2023-12-17,Ole Miss Rebels,88.0,home,0.0,0.0,True,10.0
2023-12-17,California Golden Bears,78.0,away,0.0,0.0,False,-10.0
2023-12-17,Texas Tech Red Raiders,76.0,home,0.0,0.0,True,22.0
2023-12-17,Vanderbilt Commodores,54.0,away,0.0,0.0,False,-22.0
2023-12-17,Florida State Seminoles,57.0,home,0.0,0.0,False,-11.0
2023-12-17,SMU Mustangs,68.0,away,0.0,0.0,True,11.0
2023-12-17,Alabama A&M Bulldogs,72.0,home,0.0,0.0,False,-16.0
2023-12-17,Chattanooga Mocs,88.0,away,0.0,0.0,True,16.0
2023-12-17,Saint Louis Billikens,75.0,home,0.0,0.0,True,1.0
2023-12-17,Louisiana Tech Bulldogs,74.0,away,0.0,0.0,False,-1.0
2023-12-17,Xavier Musketeers,75.0,home,0.0,0.0,True,16.0
2023-12-17,Winthrop Eagles,59.0,away,0.0,0.0,False,-16.0
2023-12-17,Houston Christian Huskies,107.0,home,0.0,0.0,True,35.0
2023-12-17,Champion Christian Tigers,72.0,away,0.0,0.0,False,-35.0
2023-12-17,Montana State Bobcats,106.0,home,0.0,0.0,True,25.0
2023-12-17,Nelson Lions,81.0,away,0.0,0.0,False,-25.0
2023-12-17,UC Riverside Highlanders,69.0,home,0.0,0.0,False,-1.0
2023-12-17,California Baptist Lancers,70.0,away,0.0,0.0,True,1.0
2023-12-17,TCU Horned Frogs,79.0,home,0.0,0.0,True,20.0
2023-12-17,Arizona State Sun Devils,59.0,away,0.0,0.0,False,-20.0
2023-12-17,UC Irvine Anteaters,121.0,home,0.0,0.0,True,43.0
2023-12-17,South Dakota Coyotes,78.0,away,0.0,0.0,False,-43.0
2023-12-17,Grand Canyon Lopes,91.0,home,0.0,0.0,True,28.0
2023-12-17,Portland Pilots,63.0,away,0.0,0.0,False,-28.0
2023-12-17,Howard Bison,74.0,home,0.0,0.0,False,-7.0
2023-12-17,Jackson State Tigers,81.0,away,0.0,0.0,True,7.0
2023-12-17,Utah Tech Trailblazers,62.0,home,0.0,0.0,False,-17.0
2023-12-17,North Dakota Fighting Hawks,79.0,away,0.0,0.0,True,17.0
2023-12-17,Wyoming Cowboys,71.0,home,0.0,0.0,False,-13.0
2023-12-17,Weber State Wildcats,84.0,away,0.0,0.0,True,13.0
2023-12-17,North Carolina A&T Aggies,85.0,home,0.0,0.0,True,6.0
2023-12-17,Texas Southern Tigers,79.0,away,0.0,0.0,False,-6.0
2023-12-27,Bethesda University Flames,74.0,home,0.0,0.0,False,-50.0
2023-12-27,Grand Canyon Lopes,124.0,away,0.0,0.0,True,50.0
2023-12-28,Virginia Cavaliers,79.0,home,0.0,0.0,True,35.0
2023-12-28,Morgan State Bears,44.0,away,0.0,0.0,False,-35.0
2023-12-28,California Baptist Lancers,74.0,home,0.0,0.0,True,12.0
2023-12-28,Chicago State Cougars,62.0,away,0.0,0.0,False,-12.0
2023-12-21,Purdue Boilermakers,100.0,home,0.0,0.0,True,43.0
2023-12-21,Jacksonville Dolphins,57.0,away,0.0,0.0,False,-43.0
2023-12-21,Sacred Heart Pioneers,67.0,home,0.0,0.0,True,10.0
2023-12-21,Dartmouth Big Green,57.0,away,0.0,0.0,False,-10.0
2023-12-21,Tennessee Volunteers,65.0,home,0.0,0.0,True,19.0
2023-12-21,Tarleton State Texans,46.0,away,0.0,0.0,False,-19.0
2023-12-21,Youngstown State Penguins,75.0,home,0.0,0.0,True,10.0
2023-12-21,Navy Midshipmen,65.0,away,0.0,0.0,False,-10.0
2023-12-21,Mercer Bears,98.0,home,0.0,0.0,True,23.0
2023-12-21,Thomas (ME) Terriers,75.0,away,0.0,0.0,False,-23.0
2023-12-21,Monmouth Hawks,77.0,home,0.0,0.0,True,6.0
2023-12-21,Manhattan Jaspers,71.0,away,0.0,0.0,False,-6.0
2023-12-21,Fordham Rams,80.0,home,0.0,0.0,False,-2.0
2023-12-21,Central Connecticut Blue Devils,82.0,away,0.0,0.0,True,2.0
2023-12-21,Harvard Crimson,74.0,home,0.0,0.0,True,2.0
2023-12-21,Holy Cross Crusaders,72.0,away,0.0,0.0,False,-2.0
2023-12-21,George Washington Revolutionaries,79.0,home,0.0,0.0,True,4.0
2023-12-21,Alcorn State Braves,75.0,away,0.0,0.0,False,-4.0
2023-12-21,UIC Flames,66.0,home,0.0,0.0,False,-1.0
2023-12-21,Incarnate Word Cardinals,67.0,away,0.0,0.0,True,1.0
2023-12-22,Houston Cougars,72.0,home,0.0,0.0,True,35.0
2023-12-22,Texas State Bobcats,37.0,away,0.0,0.0,False,-35.0
2023-12-21,Eastern Michigan Eagles,72.0,home,0.0,0.0,True,3.0
2023-12-21,Hampton Pirates,69.0,away,0.0,0.0,False,-3.0
2023-12-21,Charleston Southern Buccaneers,103.0,home,0.0,0.0,True,24.0
2023-12-21,Kentucky Christian Knights,79.0,away,0.0,0.0,False,-24.0
2023-12-21,Morehead State Eagles,101.0,home,0.0,0.0,True,62.0
2023-12-21,Alice Lloyd College Eagles,39.0,away,0.0,0.0,False,-62.0
2023-12-21,La Salle Explorers,107.0,home,0.0,0.0,True,66.0
2023-12-21,Rosemont Ravens,41.0,away,0.0,0.0,False,-66.0
2023-12-21,Little Rock Trojans,60.0,home,0.0,0.0,False,-30.0
2023-12-21,Jacksonville State Gamecocks,90.0,away,0.0,0.0,True,30.0
2023-12-21,Lafayette Leopards,60.0,home,0.0,0.0,False,-18.0
2023-12-21,Quinnipiac Bobcats,78.0,away,0.0,0.0,True,18.0
2023-12-21,Texas Tech Red Raiders,77.0,home,0.0,0.0,True,11.0
2023-12-21,UT Arlington Mavericks,66.0,away,0.0,0.0,False,-11.0
2023-12-21,Louisville Cardinals,76.0,home,0.0,0.0,False,-19.0
2023-12-21,Kentucky Wildcats,95.0,away,0.0,0.0,True,19.0
2023-12-21,Western Carolina Catamounts,85.0,home,0.0,0.0,True,38.0
2023-12-21,Brescia Bearcats,47.0,away,0.0,0.0,False,-38.0
2023-12-21,Weber State Wildcats,90.0,home,0.0,0.0,True,51.0
2023-12-21,Park University Gilbert Buccaneers,39.0,away,0.0,0.0,False,-51.0
2023-12-21,Virginia Tech Hokies,77.0,home,0.0,0.0,True,22.0
2023-12-21,American University Eagles,55.0,away,0.0,0.0,False,-22.0
2023-12-21,Boston College Eagles,85.0,home,0.0,0.0,True,16.0
2023-12-21,Lehigh Mountain Hawks,69.0,away,0.0,0.0,False,-16.0
2023-12-21,Temple Owls,56.0,home,0.0,0.0,False,-24.0
2023-12-21,Nevada Wolf Pack,80.0,away,0.0,0.0,True,24.0
2023-12-21,UNC Greensboro Spartans,135.0,home,0.0,0.0,True,78.0
2023-12-21,Virginia-Lynchburg Dragons,57.0,away,0.0,0.0,False,-78.0
2023-12-21,Air Force Falcons,79.0,home,0.0,0.0,False,-4.0
2023-12-21,Northern Colorado Bears,83.0,away,0.0,0.0,True,4.0
2023-12-21,Ohio State Buckeyes,78.0,home,0.0,0.0,True,42.0
2023-12-21,New Orleans Privateers,36.0,away,0.0,0.0,False,-42.0
2023-12-21,Syracuse Orange,83.0,home,0.0,0.0,True,12.0
2023-12-21,Niagara Purple Eagles,71.0,away,0.0,0.0,False,-12.0
2023-12-21,Coastal Carolina Chanticleers,82.0,home,0.0,0.0,False,-3.0
2023-12-21,North Carolina A&T Aggies,85.0,away,0.0,0.0,True,3.0
2023-12-21,Sacramento State Hornets,100.0,home,0.0,0.0,True,55.0
2023-12-21,Bethesda University Flames,45.0,away,0.0,0.0,False,-55.0
2023-12-21,Wake Forest Demon Deacons,91.0,home,0.0,0.0,True,23.0
2023-12-21,Presbyterian Blue Hose,68.0,away,0.0,0.0,False,-23.0
2023-12-21,Rhode Island Rams,71.0,home,0.0,0.0,False,-10.0
2023-12-21,New Hampshire Wildcats,81.0,away,0.0,0.0,True,10.0
2023-12-21,Akron Zips,94.0,home,0.0,0.0,True,4.0
2023-12-21,Gardner-Webb Runnin' Bulldogs,90.0,away,0.0,0.0,False,-4.0
2023-12-21,Old Dominion Monarchs,87.0,home,0.0,0.0,False,-24.0
2023-12-21,TCU Horned Frogs,111.0,away,0.0,0.0,True,24.0
2023-12-21,Cleveland State Vikings,90.0,home,0.0,0.0,True,13.0
2023-12-21,Western Michigan Broncos,77.0,away,0.0,0.0,False,-13.0
2023-12-22,Penn State Nittany Lions,72.0,home,0.0,0.0,True,17.0
2023-12-22,Le Moyne Dolphins,55.0,away,0.0,0.0,False,-17.0
2023-12-21,Michigan State Spartans,99.0,home,0.0,0.0,True,44.0
2023-12-21,Stony Brook Seawolves,55.0,away,0.0,0.0,False,-44.0
2023-12-22,Davidson Wildcats,62.0,home,0.0,0.0,True,3.0
2023-12-22,South Carolina Upstate Spartans,59.0,away,0.0,0.0,False,-3.0
2023-12-22,IU Indianapolis Jaguars,90.0,home,0.0,0.0,True,23.0
2023-12-22,Defiance Yellow Jackets,67.0,away,0.0,0.0,False,-23.0
2023-12-22,Arkansas Razorbacks,83.0,home,0.0,0.0,True,10.0
2023-12-22,Abilene Christian Wildcats,73.0,away,0.0,0.0,False,-10.0
2023-12-22,Oregon State Beavers,76.0,home,0.0,0.0,True,19.0
2023-12-22,Idaho State Bengals,57.0,away,0.0,0.0,False,-19.0
2023-12-22,Charleston Cougars,89.0,home,0.0,0.0,True,7.0
2023-12-22,Saint Joseph's Hawks,82.0,away,0.0,0.0,False,-7.0
2023-12-22,Fairleigh Dickinson Knights,69.0,home,0.0,0.0,False,-23.0
2023-12-22,Fairfield Stags,92.0,away,0.0,0.0,True,23.0
2023-12-22,Central Michigan Chippewas,75.0,home,0.0,0.0,True,12.0
2023-12-22,Detroit Mercy Titans,63.0,away,0.0,0.0,False,-12.0
2023-12-22,Marshall Thundering Herd,69.0,home,0.0,0.0,False,-9.0
2023-12-22,UNC Wilmington Seahawks,78.0,away,0.0,0.0,True,9.0
2023-12-22,Texas Southern Tigers,65.0,home,0.0,0.0,False,-22.0
2023-12-22,Samford Bulldogs,87.0,away,0.0,0.0,True,22.0
2023-12-22,Green Bay Phoenix,79.0,home,0.0,0.0,True,33.0
2023-12-22,Milwaukee School Of Engineering Raiders,46.0,away,0.0,0.0,False,-33.0
2023-12-22,Colorado Buffaloes,98.0,home,0.0,0.0,True,27.0
2023-12-22,Utah Tech Trailblazers,71.0,away,0.0,0.0,False,-27.0
2023-12-22,Pepperdine Waves,71.0,home,0.0,0.0,True,12.0
2023-12-22,William & Mary Tribe,59.0,away,0.0,0.0,False,-12.0
2023-12-22,Richmond Spiders,72.0,home,0.0,0.0,True,6.0
2023-12-22,Buffalo Bulls,66.0,away,0.0,0.0,False,-6.0
2023-12-22,Iona Gaels,85.0,home,0.0,0.0,True,20.0
2023-12-22,Colgate Raiders,65.0,away,0.0,0.0,False,-20.0
2023-12-22,Troy Trojans,88.0,home,0.0,0.0,True,7.0
2023-12-22,Eastern Kentucky Colonels,81.0,away,0.0,0.0,False,-7.0
2023-12-22,Norfolk State Spartans,84.0,home,0.0,0.0,True,19.0
2023-12-22,South Dakota State Jackrabbits,65.0,away,0.0,0.0,False,-19.0
2023-12-22,App State Mountaineers,63.0,home,0.0,0.0,False,-13.0
2023-12-22,UNC Asheville Bulldogs,76.0,away,0.0,0.0,True,13.0
2023-12-22,Florida International Panthers,82.0,home,0.0,0.0,True,8.0
2023-12-22,Maine Black Bears,74.0,away,0.0,0.0,False,-8.0
2023-12-22,Miami Hurricanes,97.0,home,0.0,0.0,True,38.0
2023-12-22,Stonehill Skyhawks,59.0,away,0.0,0.0,False,-38.0
2023-12-22,Northern Illinois Huskies,63.0,home,0.0,0.0,False,-13.0
2023-12-22,Northern Iowa Panthers,76.0,away,0.0,0.0,True,13.0
2023-12-22,UCF Knights,69.0,home,0.0,0.0,True,13.0
2023-12-22,Florida A&M Rattlers,56.0,away,0.0,0.0,False,-13.0
2023-12-22,St. Thomas-Minnesota Tommies,104.0,home,0.0,0.0,True,53.0
2023-12-22,University of Wisconsin River Falls Falcons,51.0,away,0.0,0.0,False,-53.0
2023-12-22,South Alabama Jaguars,83.0,home,0.0,0.0,True,16.0
2023-12-22,Alabama A&M Bulldogs,67.0,away,0.0,0.0,False,-16.0
2023-12-22,Minnesota Golden Gophers,80.0,home,0.0,0.0,True,17.0
2023-12-22,Ball State Cardinals,63.0,away,0.0,0.0,False,-17.0
2023-12-22,UTSA Roadrunners,53.0,home,0.0,0.0,False,-10.0
2023-12-22,Army Black Knights,63.0,away,0.0,0.0,True,10.0
2023-12-22,Illinois State Redbirds,85.0,home,0.0,0.0,True,21.0
2023-12-22,Southeast Missouri State Redhawks,64.0,away,0.0,0.0,False,-21.0
2023-12-22,UC Davis Aggies,80.0,home,0.0,0.0,True,23.0
2023-12-22,UC Merced Bobcats,57.0,away,0.0,0.0,False,-23.0
2023-12-22,Oregon Ducks,84.0,home,0.0,0.0,True,14.0
2023-12-22,Kent State Golden Flashes,70.0,away,0.0,0.0,False,-14.0
2023-12-22,Kansas State Wildcats,69.0,home,0.0,0.0,True,9.0
2023-12-22,Wichita State Shockers,60.0,away,0.0,0.0,False,-9.0
2023-12-22,Washington Huskies,73.0,home,0.0,0.0,True,7.0
2023-12-22,Eastern Washington Eagles,66.0,away,0.0,0.0,False,-7.0
2023-12-22,Iowa State Cyclones,80.0,home,0.0,0.0,True,32.0
2023-12-22,Eastern Illinois Panthers,48.0,away,0.0,0.0,False,-32.0
2023-12-22,Massachusetts Minutemen,70.0,home,0.0,0.0,False,-3.0
2023-12-22,Georgia Tech Yellow Jackets,73.0,away,0.0,0.0,True,3.0
2023-12-22,San Diego State Aztecs,74.0,home,0.0,0.0,True,14.0
2023-12-22,Stanford Cardinal,60.0,away,0.0,0.0,False,-14.0
2023-12-22,Indiana Hoosiers,83.0,home,0.0,0.0,True,17.0
2023-12-22,North Alabama Lions,66.0,away,0.0,0.0,False,-17.0
2023-12-22,Bradley Braves,75.0,home,0.0,0.0,True,11.0
2023-12-22,SIU Edwardsville Cougars,64.0,away,0.0,0.0,False,-11.0
2023-12-22,UC Riverside Highlanders,82.0,home,0.0,0.0,True,15.0
2023-12-22,Idaho Vandals,67.0,away,0.0,0.0,False,-15.0
2023-12-22,LSU Tigers,87.0,home,0.0,0.0,True,21.0
2023-12-22,Lamar Cardinals,66.0,away,0.0,0.0,False,-21.0
2023-12-22,UTEP Miners,78.0,home,0.0,0.0,True,11.0
2023-12-22,Wyoming Cowboys,67.0,away,0.0,0.0,False,-11.0
2023-12-22,Saint Mary's Gaels,92.0,home,0.0,0.0,True,36.0
2023-12-22,Northern Kentucky Norse,56.0,away,0.0,0.0,False,-36.0
2023-12-22,San Diego Toreros,69.0,home,0.0,0.0,True,3.0
2023-12-22,South Dakota Coyotes,66.0,away,0.0,0.0,False,-3.0
2023-12-22,UNLV Rebels,74.0,home,0.0,0.0,True,18.0
2023-12-22,Hofstra Pride,56.0,away,0.0,0.0,False,-18.0
2023-12-22,Cal Poly Mustangs,66.0,home,0.0,0.0,True,13.0
2023-12-22,Omaha Mavericks,53.0,away,0.0,0.0,False,-13.0
2023-12-22,Washington State Cougars,66.0,home,0.0,0.0,True,5.0
2023-12-22,Boise State Broncos,61.0,away,0.0,0.0,False,-5.0
2023-12-22,Hawai'i Rainbow Warriors,69.0,home,0.0,0.0,True,13.0
2023-12-22,Portland Pilots,56.0,away,0.0,0.0,False,-13.0
2023-12-29,Oklahoma Sooners,88.0,home,0.0,0.0,True,16.0
2023-12-29,Central Arkansas Bears,72.0,away,0.0,0.0,False,-16.0
2023-12-29,Cleveland State Vikings,75.0,home,0.0,0.0,True,8.0
2023-12-29,Oakland Golden Grizzlies,67.0,away,0.0,0.0,False,-8.0
2023-12-29,UTSA Roadrunners,103.0,home,0.0,0.0,True,14.0
2023-12-29,Prairie View A&M Panthers,89.0,away,0.0,0.0,False,-14.0
2023-12-29,UC Davis Aggies,76.0,home,0.0,0.0,True,14.0
2023-12-29,UC Santa Barbara Gauchos,62.0,away,0.0,0.0,False,-14.0
2023-12-29,Texas Southern Tigers,108.0,home,0.0,0.0,True,36.0
2023-12-29,College Of Biblical Studies Ambassadors,72.0,away,0.0,0.0,False,-36.0
2023-12-29,Weber State Wildcats,93.0,home,0.0,0.0,True,30.0
2023-12-29,Montana Grizzlies,63.0,away,0.0,0.0,False,-30.0
2023-12-29,Idaho State Bengals,66.0,home,0.0,0.0,False,-8.0
2023-12-29,Montana State Bobcats,74.0,away,0.0,0.0,True,8.0
2023-12-29,Eastern Washington Eagles,91.0,home,0.0,0.0,True,34.0
2023-12-29,Portland State Vikings,57.0,away,0.0,0.0,False,-34.0
2023-12-29,Maryland Terrapins,75.0,home,0.0,0.0,True,22.0
2023-12-29,Coppin State Eagles,53.0,away,0.0,0.0,False,-22.0
2023-12-29,Idaho Vandals,61.0,home,0.0,0.0,True,3.0
2023-12-29,Sacramento State Hornets,58.0,away,0.0,0.0,False,-3.0
2023-12-29,Jacksonville State Gamecocks,93.0,home,0.0,0.0,True,36.0
2023-12-29,Fort Valley State Wildcats,57.0,away,0.0,0.0,False,-36.0
2023-12-29,Oregon Ducks,82.0,home,0.0,0.0,True,8.0
2023-12-29,USC Trojans,74.0,away,0.0,0.0,False,-8.0
2023-12-29,Long Island University Sharks,69.0,home,0.0,0.0,False,-17.0
2023-12-29,UAlbany Great Danes,86.0,away,0.0,0.0,True,17.0
2023-12-29,Tennessee State Tigers,75.0,home,0.0,0.0,False,-16.0
2023-12-29,UT Martin Skyhawks,91.0,away,0.0,0.0,True,16.0
2023-12-29,Texas Tech Red Raiders,96.0,home,0.0,0.0,True,36.0
2023-12-29,Sam Houston Bearkats,60.0,away,0.0,0.0,False,-36.0
2023-12-29,Bradley Braves,69.0,home,0.0,0.0,True,22.0
2023-12-29,Truman State Bulldogs,47.0,away,0.0,0.0,False,-22.0
2023-12-29,Tennessee Tech Golden Eagles,75.0,home,0.0,0.0,False,-6.0
2023-12-29,Little Rock Trojans,81.0,away,0.0,0.0,True,6.0
2023-12-29,UC San Diego Tritons,76.0,home,0.0,0.0,True,12.0
2023-12-29,Cal State Bakersfield Roadrunners,64.0,away,0.0,0.0,False,-12.0
2023-12-29,Cal Poly Mustangs,73.0,home,0.0,0.0,False,-10.0
2023-12-29,Cal State Northridge Matadors,83.0,away,0.0,0.0,True,10.0
2023-12-29,Oregon State Beavers,62.0,home,0.0,0.0,False,-7.0
2023-12-29,UCLA Bruins,69.0,away,0.0,0.0,True,7.0
2023-12-29,Cal State Fullerton Titans,71.0,home,0.0,0.0,False,-10.0
2023-12-29,Long Beach State Beach,81.0,away,0.0,0.0,True,10.0
2023-12-29,UC Irvine Anteaters,73.0,home,0.0,0.0,True,7.0
2023-12-29,UC Riverside Highlanders,66.0,away,0.0,0.0,False,-7.0
2024-01-01,TCU Horned Frogs,77.0,home,0.0,0.0,True,35.0
2024-01-01,East Texas A&M Lions,42.0,away,0.0,0.0,False,-35.0
2024-01-01,Liberty Flames,88.0,home,0.0,0.0,True,42.0
2024-01-01,Boyce Bulldogs,46.0,away,0.0,0.0,False,-42.0
2024-01-01,Texas Longhorns,79.0,home,0.0,0.0,True,17.0
2024-01-01,UT Arlington Mavericks,62.0,away,0.0,0.0,False,-17.0
2024-01-01,Texas Tech Red Raiders,85.0,home,0.0,0.0,True,28.0
2024-01-01,North Alabama Lions,57.0,away,0.0,0.0,False,-28.0
2024-01-01,Drexel Dragons,99.0,home,0.0,0.0,True,34.0
2024-01-01,Hampton Pirates,65.0,away,0.0,0.0,False,-34.0
2023-12-31,UMass Lowell River Hawks,116.0,home,0.0,0.0,True,68.0
2023-12-31,Emerson Lions,48.0,away,0.0,0.0,False,-68.0
2023-12-31,IU Indianapolis Jaguars,77.0,home,0.0,0.0,False,-9.0
2023-12-31,Cleveland State Vikings,86.0,away,0.0,0.0,True,9.0
2023-12-31,South Dakota Coyotes,51.0,home,0.0,0.0,False,-16.0
2023-12-31,Omaha Mavericks,67.0,away,0.0,0.0,True,16.0
2023-12-31,Oklahoma Sooners,72.0,home,0.0,0.0,True,16.0
2023-12-31,Monmouth Hawks,56.0,away,0.0,0.0,False,-16.0
2023-12-31,South Dakota State Jackrabbits,80.0,home,0.0,0.0,True,19.0
2023-12-31,North Dakota Fighting Hawks,61.0,away,0.0,0.0,False,-19.0
2023-12-31,Ole Miss Rebels,95.0,home,0.0,0.0,True,17.0
2023-12-31,Bryant Bulldogs,78.0,away,0.0,0.0,False,-17.0
2023-12-31,San Diego Toreros,78.0,home,0.0,0.0,True,13.0
2023-12-31,Westcliff Warriors,65.0,away,0.0,0.0,False,-13.0
2023-12-31,Lindenwood Lions,62.0,home,0.0,0.0,False,-11.0
2023-12-31,Southern Indiana Screaming Eagles,73.0,away,0.0,0.0,True,11.0
2023-12-31,Green Bay Phoenix,78.0,home,0.0,0.0,True,17.0
2023-12-31,Robert Morris Colonials,61.0,away,0.0,0.0,False,-17.0
2023-12-31,Oklahoma State Cowboys,86.0,home,0.0,0.0,True,16.0
2023-12-31,South Carolina State Bulldogs,70.0,away,0.0,0.0,False,-16.0
2023-12-31,Southern Jaguars,115.0,home,0.0,0.0,True,73.0
2023-12-31,Ecclesia Royals,42.0,away,0.0,0.0,False,-73.0
2023-12-31,Iowa State Cyclones,85.0,home,0.0,0.0,True,15.0
2023-12-31,New Hampshire Wildcats,70.0,away,0.0,0.0,False,-15.0
2023-12-31,Purdue Fort Wayne Mastodons,91.0,home,0.0,0.0,True,35.0
2023-12-31,Detroit Mercy Titans,56.0,away,0.0,0.0,False,-35.0
2023-12-31,Colorado Buffaloes,74.0,home,0.0,0.0,True,7.0
2023-12-31,Washington State Cougars,67.0,away,0.0,0.0,False,-7.0
2023-12-31,St. Thomas-Minnesota Tommies,77.0,home,0.0,0.0,True,21.0
2023-12-31,Kansas City Roos,56.0,away,0.0,0.0,False,-21.0
2023-12-31,Youngstown State Penguins,81.0,home,0.0,0.0,False,-7.0
2023-12-31,Oakland Golden Grizzlies,88.0,away,0.0,0.0,True,7.0
2023-12-31,Mississippi State Bulldogs,85.0,home,0.0,0.0,True,23.0
2023-12-31,Bethune-Cookman Wildcats,62.0,away,0.0,0.0,False,-23.0
2023-12-31,UNLV Rebels,87.0,home,0.0,0.0,True,36.0
2023-12-31,Carroll (MT) Fighting Saints,51.0,away,0.0,0.0,False,-36.0
2023-12-31,Milwaukee Panthers,91.0,home,0.0,0.0,True,8.0
2023-12-31,Wright State Raiders,83.0,away,0.0,0.0,False,-8.0
2023-12-31,Stanford Cardinal,100.0,home,0.0,0.0,True,18.0
2023-12-31,Arizona Wildcats,82.0,away,0.0,0.0,False,-18.0
2023-12-31,SIU Edwardsville Cougars,70.0,home,0.0,0.0,False,-8.0
2023-12-31,Western Illinois Leathernecks,78.0,away,0.0,0.0,True,8.0
2023-12-31,NJIT Highlanders,69.0,home,0.0,0.0,True,16.0
2023-12-31,Morgan State Bears,53.0,away,0.0,0.0,False,-16.0
2023-12-31,Denver Pioneers,86.0,home,0.0,0.0,False,-3.0
2023-12-31,Oral Roberts Golden Eagles,89.0,away,0.0,0.0,True,3.0
2023-12-31,Jacksonville State Gamecocks,107.0,home,0.0,0.0,True,40.0
2023-12-31,Trevecca Nazarene Trojans,67.0,away,0.0,0.0,False,-40.0
2023-12-31,Utah Utes,95.0,home,0.0,0.0,True,5.0
2023-12-31,Washington Huskies,90.0,away,0.0,0.0,False,-5.0
2024-01-01,California Golden Bears,69.0,home,0.0,0.0,False,-2.0
2024-01-01,Arizona State Sun Devils,71.0,away,0.0,0.0,True,2.0
2023-12-31,Southeast Missouri State Redhawks,64.0,home,0.0,0.0,False,-19.0
2023-12-31,Morehead State Eagles,83.0,away,0.0,0.0,True,19.0
2024-01-03,Maryland Terrapins,53.0,home,0.0,0.0,False,-14.0
2024-01-03,Purdue Boilermakers,67.0,away,0.0,0.0,True,14.0
2024-01-03,Illinois Fighting Illini,96.0,home,0.0,0.0,True,30.0
2024-01-03,Northwestern Wildcats,66.0,away,0.0,0.0,False,-30.0
2024-01-02,UNLV Rebels,112.0,home,0.0,0.0,True,56.0
2024-01-02,Bethesda University Flames,56.0,away,0.0,0.0,False,-56.0
2024-01-03,Duke Blue Devils,86.0,home,0.0,0.0,True,20.0
2024-01-03,Syracuse Orange,66.0,away,0.0,0.0,False,-20.0
2024-01-03,Auburn Tigers,88.0,home,0.0,0.0,True,20.0
2024-01-03,Pennsylvania Quakers,68.0,away,0.0,0.0,False,-20.0
2024-01-03,Baylor Bears,98.0,home,0.0,0.0,True,19.0
2024-01-03,Cornell Big Red,79.0,away,0.0,0.0,False,-19.0
2024-01-02,Air Force Falcons,60.0,home,0.0,0.0,False,-28.0
2024-01-02,Utah State Aggies,88.0,away,0.0,0.0,True,28.0
2024-01-03,Wisconsin Badgers,83.0,home,0.0,0.0,True,11.0
2024-01-03,Iowa Hawkeyes,72.0,away,0.0,0.0,False,-11.0
2024-01-03,Tennessee Volunteers,87.0,home,0.0,0.0,True,37.0
2024-01-03,Norfolk State Spartans,50.0,away,0.0,0.0,False,-37.0
2024-01-03,Alabama State Hornets,84.0,home,0.0,0.0,True,31.0
2024-01-03,Johnson University Florida Suns,53.0,away,0.0,0.0,False,-31.0
2024-01-03,Boston College Eagles,78.0,home,0.0,0.0,False,-6.0
2024-01-03,Wake Forest Demon Deacons,84.0,away,0.0,0.0,True,6.0
2024-01-03,Pittsburgh Panthers,57.0,home,0.0,0.0,False,-13.0
2024-01-03,North Carolina Tar Heels,70.0,away,0.0,0.0,True,13.0
2024-01-03,Kent State Golden Flashes,82.0,home,0.0,0.0,True,13.0
2024-01-03,Ball State Cardinals,69.0,away,0.0,0.0,False,-13.0
2024-01-02,Sam Houston Bearkats,93.0,home,0.0,0.0,True,40.0
2024-01-02,Dallas Crusaders,53.0,away,0.0,0.0,False,-40.0
2024-01-02,UConn Huskies,85.0,home,0.0,0.0,True,29.0
2024-01-02,DePaul Blue Demons,56.0,away,0.0,0.0,False,-29.0
2024-01-03,Georgetown Hoyas,60.0,home,0.0,0.0,False,-17.0
2024-01-03,Creighton Bluejays,77.0,away,0.0,0.0,True,17.0
2024-01-03,Florida Atlantic Owls,79.0,home,0.0,0.0,True,15.0
2024-01-03,East Carolina Pirates,64.0,away,0.0,0.0,False,-15.0
2024-01-03,Colorado State Rams,76.0,home,0.0,0.0,True,8.0
2024-01-03,New Mexico Lobos,68.0,away,0.0,0.0,False,-8.0
2024-01-02,Maryland Eastern Shore Hawks,95.0,home,0.0,0.0,True,58.0
2024-01-02,Clarks Summit Defenders,37.0,away,0.0,0.0,False,-58.0
2024-01-02,Grambling Tigers,84.0,home,0.0,0.0,True,12.0
2024-01-02,College Of Biblical Studies Ambassadors,72.0,away,0.0,0.0,False,-12.0
2024-01-03,Bowling Green Falcons,92.0,home,0.0,0.0,True,2.0
2024-01-03,Eastern Michigan Eagles,90.0,away,0.0,0.0,False,-2.0
2024-01-03,Miami (OH) RedHawks,74.0,home,0.0,0.0,False,-9.0
2024-01-03,Western Michigan Broncos,83.0,away,0.0,0.0,True,9.0
2024-01-03,Harvard Crimson,76.0,home,0.0,0.0,True,5.0
2024-01-03,UAlbany Great Danes,71.0,away,0.0,0.0,False,-5.0
2024-01-03,Murray State Racers,85.0,home,0.0,0.0,True,12.0
2024-01-03,UIC Flames,73.0,away,0.0,0.0,False,-12.0
2024-01-03,Southern Illinois Salukis,73.0,home,0.0,0.0,True,10.0
2024-01-03,Belmont Bruins,63.0,away,0.0,0.0,False,-10.0
2024-01-03,Central Michigan Chippewas,64.0,home,0.0,0.0,False,-12.0
2024-01-03,Buffalo Bulls,76.0,away,0.0,0.0,True,12.0
2024-01-03,Ohio Bobcats,77.0,home,0.0,0.0,False,-9.0
2024-01-03,Toledo Rockets,86.0,away,0.0,0.0,True,9.0
2024-01-03,Incarnate Word Cardinals,83.0,home,0.0,0.0,True,9.0
2024-01-03,Our Lady Of The Lake Saints,74.0,away,0.0,0.0,False,-9.0
2024-01-03,Wyoming Cowboys,75.0,home,0.0,0.0,True,2.0
2024-01-03,San José State Spartans,73.0,away,0.0,0.0,False,-2.0
2024-01-03,St. John's Red Storm,86.0,home,0.0,0.0,True,16.0
2024-01-03,Butler Bulldogs,70.0,away,0.0,0.0,False,-16.0
2024-01-03,Northern Illinois Huskies,51.0,home,0.0,0.0,False,-22.0
2024-01-03,Akron Zips,73.0,away,0.0,0.0,True,22.0
2024-01-03,Brown Bears,70.0,home,0.0,0.0,False,-1.0
2024-01-03,Vermont Catamounts,71.0,away,0.0,0.0,True,1.0
2024-01-03,UTSA Roadrunners,76.0,home,0.0,0.0,False,-2.0
2024-01-03,UAB Blazers,78.0,away,0.0,0.0,True,2.0
2024-01-03,Drake Bulldogs,88.0,home,0.0,0.0,True,17.0
2024-01-03,Illinois State Redbirds,71.0,away,0.0,0.0,False,-17.0
2024-01-03,Kansas State Wildcats,62.0,home,0.0,0.0,True,7.0
2024-01-03,Chicago State Cougars,55.0,away,0.0,0.0,False,-7.0
2024-01-03,SMU Mustangs,66.0,home,0.0,0.0,True,12.0
2024-01-03,Charlotte 49ers,54.0,away,0.0,0.0,False,-12.0
2023-12-30,Colorado State Rams,106.0,home,0.0,0.0,True,45.0
2023-12-30,Adams State Grizzlies,61.0,away,0.0,0.0,False,-45.0
2023-12-30,Purdue Boilermakers,80.0,home,0.0,0.0,True,27.0
2023-12-30,Eastern Kentucky Colonels,53.0,away,0.0,0.0,False,-27.0
2023-12-30,Kentucky Wildcats,96.0,home,0.0,0.0,True,26.0
2023-12-30,Illinois State Redbirds,70.0,away,0.0,0.0,False,-26.0
2023-12-29,Holy Cross Crusaders,88.0,home,0.0,0.0,True,28.0
2023-12-29,Elms College Blazers,60.0,away,0.0,0.0,False,-28.0
2023-12-30,North Carolina Tar Heels,105.0,home,0.0,0.0,True,45.0
2023-12-30,Charleston Southern Buccaneers,60.0,away,0.0,0.0,False,-45.0
2023-12-30,California Golden Bears,81.0,home,0.0,0.0,False,-19.0
2023-12-30,Arizona Wildcats,100.0,away,0.0,0.0,True,19.0
2023-12-29,Wofford Terriers,75.0,home,0.0,0.0,True,20.0
2023-12-29,Southern Wesleyan Warriors,55.0,away,0.0,0.0,False,-20.0
2023-12-29,Western Michigan Broncos,127.0,home,0.0,0.0,True,56.0
2023-12-29,Aquinas Saints,71.0,away,0.0,0.0,False,-56.0
2023-12-30,Clemson Tigers,93.0,home,0.0,0.0,True,35.0
2023-12-30,Radford Highlanders,58.0,away,0.0,0.0,False,-35.0
2023-12-29,Penn State Nittany Lions,90.0,home,0.0,0.0,True,27.0
2023-12-29,Rider Broncs,63.0,away,0.0,0.0,False,-27.0
2023-12-30,Texas Longhorns,72.0,home,0.0,0.0,True,35.0
2023-12-30,UNC Greensboro Spartans,37.0,away,0.0,0.0,False,-35.0
2023-12-30,Illinois Fighting Illini,104.0,home,0.0,0.0,True,33.0
2023-12-30,Fairleigh Dickinson Knights,71.0,away,0.0,0.0,False,-33.0
2023-12-29,Tulane Green Wave,94.0,home,0.0,0.0,True,30.0
2023-12-29,Dillard Blue Devils,64.0,away,0.0,0.0,False,-30.0
2023-12-29,Mercer Bears,74.0,home,0.0,0.0,True,24.0
2023-12-29,Talladega Tornadoes,50.0,away,0.0,0.0,False,-24.0
2023-12-29,IU Indianapolis Jaguars,67.0,home,0.0,0.0,True,12.0
2023-12-29,Detroit Mercy Titans,55.0,away,0.0,0.0,False,-12.0
2023-12-29,Miami Hurricanes,95.0,home,0.0,0.0,True,40.0
2023-12-29,North Florida Ospreys,55.0,away,0.0,0.0,False,-40.0
2023-12-29,Green Bay Phoenix,88.0,home,0.0,0.0,True,11.0
2023-12-29,Wright State Raiders,77.0,away,0.0,0.0,False,-11.0
2023-12-30,Gonzaga Bulldogs,74.0,home,0.0,0.0,False,-10.0
2023-12-30,San Diego State Aztecs,84.0,away,0.0,0.0,True,10.0
2023-12-29,Elon Phoenix,82.0,home,0.0,0.0,True,4.0
2023-12-29,Valparaiso Beacons,78.0,away,0.0,0.0,False,-4.0
2023-12-29,Winthrop Eagles,113.0,home,0.0,0.0,True,51.0
2023-12-29,Toccoa Falls Eagles,62.0,away,0.0,0.0,False,-51.0
2023-12-29,Indiana Hoosiers,100.0,home,0.0,0.0,True,13.0
2023-12-29,Kennesaw State Owls,87.0,away,0.0,0.0,False,-13.0
2023-12-29,Stony Brook Seawolves,69.0,home,0.0,0.0,True,4.0
2023-12-29,Brown Bears,65.0,away,0.0,0.0,False,-4.0
2023-12-30,Stetson Hatters,79.0,home,0.0,0.0,True,4.0
2023-12-30,Charlotte 49ers,75.0,away,0.0,0.0,False,-4.0
2023-12-30,Miami (OH) RedHawks,119.0,home,0.0,0.0,True,50.0
2023-12-30,Wilberforce Bulldogs,69.0,away,0.0,0.0,False,-50.0
2023-12-30,Michigan Wolverines,76.0,home,0.0,0.0,False,-11.0
2023-12-30,McNeese Cowboys,87.0,away,0.0,0.0,True,11.0
2023-12-30,Minnesota Golden Gophers,80.0,home,0.0,0.0,True,18.0
2023-12-30,Maine Black Bears,62.0,away,0.0,0.0,False,-18.0
2023-12-30,Saint Joseph's Hawks,97.0,home,0.0,0.0,True,41.0
2023-12-30,Loyola Maryland Greyhounds,56.0,away,0.0,0.0,False,-41.0
2023-12-30,South Florida Bulls,73.0,home,0.0,0.0,True,3.0
2023-12-30,Alabama State Hornets,70.0,away,0.0,0.0,False,-3.0
2023-12-30,Purdue Fort Wayne Mastodons,73.0,home,0.0,0.0,True,13.0
2023-12-30,Northern Kentucky Norse,60.0,away,0.0,0.0,False,-13.0
2023-12-30,UMBC Retrievers,85.0,home,0.0,0.0,False,-2.0
2023-12-30,American University Eagles,87.0,away,0.0,0.0,True,2.0
2023-12-30,Nebraska Cornhuskers,91.0,home,0.0,0.0,True,29.0
2023-12-30,South Carolina State Bulldogs,62.0,away,0.0,0.0,False,-29.0
2023-12-30,Tulsa Golden Hurricane,95.0,home,0.0,0.0,True,41.0
2023-12-30,Southwestern Oklahoma State Bulldogs,54.0,away,0.0,0.0,False,-41.0
2023-12-30,Saint Mary's Gaels,66.0,home,0.0,0.0,True,20.0
2023-12-30,Kent State Golden Flashes,46.0,away,0.0,0.0,False,-20.0
2023-12-30,Charleston Cougars,96.0,home,0.0,0.0,True,37.0
2023-12-30,Montreat Cavaliers,59.0,away,0.0,0.0,False,-37.0
2023-12-30,Buffalo Bulls,63.0,home,0.0,0.0,False,-6.0
2023-12-30,Niagara Purple Eagles,69.0,away,0.0,0.0,True,6.0
2023-12-30,UCF Knights,98.0,home,0.0,0.0,True,44.0
2023-12-30,Bethune-Cookman Wildcats,54.0,away,0.0,0.0,False,-44.0
2023-12-30,East Carolina Pirates,70.0,home,0.0,0.0,False,-16.0
2023-12-30,East Tennessee State Buccaneers,86.0,away,0.0,0.0,True,16.0
2023-12-30,Iowa Hawkeyes,103.0,home,0.0,0.0,True,29.0
2023-12-30,Northern Illinois Huskies,74.0,away,0.0,0.0,False,-29.0
2023-12-30,Cincinnati Bearcats,76.0,home,0.0,0.0,True,18.0
2023-12-30,Evansville Purple Aces,58.0,away,0.0,0.0,False,-18.0
2023-12-30,Stephen F. Austin Lumberjacks,80.0,home,0.0,0.0,True,29.0
2023-12-30,New Orleans Privateers,51.0,away,0.0,0.0,False,-29.0
2023-12-30,Milwaukee Panthers,78.0,home,0.0,0.0,True,3.0
2023-12-30,Robert Morris Colonials,75.0,away,0.0,0.0,False,-3.0
2023-12-30,UAB Blazers,90.0,home,0.0,0.0,True,5.0
2023-12-30,UNC Asheville Bulldogs,85.0,away,0.0,0.0,False,-5.0
2023-12-30,Kansas City Roos,77.0,home,0.0,0.0,True,17.0
2023-12-30,Oral Roberts Golden Eagles,60.0,away,0.0,0.0,False,-17.0
2023-12-30,Northwestern Wildcats,74.0,home,0.0,0.0,True,11.0
2023-12-30,Jackson State Tigers,63.0,away,0.0,0.0,False,-11.0
2023-12-30,Omaha Mavericks,80.0,home,0.0,0.0,False,-15.0
2023-12-30,Denver Pioneers,95.0,away,0.0,0.0,True,15.0
2023-12-30,Utah Utes,80.0,home,0.0,0.0,True,22.0
2023-12-30,Washington State Cougars,58.0,away,0.0,0.0,False,-22.0
2023-12-30,LSU Tigers,96.0,home,0.0,0.0,True,41.0
2023-12-30,Northwestern State Demons,55.0,away,0.0,0.0,False,-41.0
2023-12-30,Colorado Buffaloes,73.0,home,0.0,0.0,True,4.0
2023-12-30,Washington Huskies,69.0,away,0.0,0.0,False,-4.0
2023-12-30,North Dakota Fighting Hawks,45.0,home,0.0,0.0,False,-25.0
2023-12-30,St. Thomas-Minnesota Tommies,70.0,away,0.0,0.0,True,25.0
2023-12-30,North Dakota State Bison,66.0,home,0.0,0.0,False,-9.0
2023-12-30,South Dakota Coyotes,75.0,away,0.0,0.0,True,9.0
2023-12-30,Loyola Marymount Lions,66.0,home,0.0,0.0,False,-13.0
2023-12-30,Tarleton State Texans,79.0,away,0.0,0.0,True,13.0
2023-12-30,SIU Edwardsville Cougars,67.0,home,0.0,0.0,True,9.0
2023-12-30,Eastern Illinois Panthers,58.0,away,0.0,0.0,False,-9.0
2023-12-30,New Mexico Lobos,87.0,home,0.0,0.0,True,33.0
2023-12-30,E. New Mexico Greyhounds,54.0,away,0.0,0.0,False,-33.0
2023-12-30,Boise State Broncos,85.0,home,0.0,0.0,True,22.0
2023-12-30,Utah Valley Wolverines,63.0,away,0.0,0.0,False,-22.0
2023-12-30,Pepperdine Waves,83.0,home,0.0,0.0,True,36.0
2023-12-30,Westcliff Warriors,47.0,away,0.0,0.0,False,-36.0
2023-12-30,Southeast Missouri State Redhawks,93.0,home,0.0,0.0,True,2.0
2023-12-30,Southern Indiana Screaming Eagles,91.0,away,0.0,0.0,False,-2.0
2023-12-30,San Diego Toreros,67.0,home,0.0,0.0,False,-4.0
2023-12-30,Fresno State Bulldogs,71.0,away,0.0,0.0,True,4.0
2023-12-30,Stanford Cardinal,73.0,home,0.0,0.0,False,-3.0
2023-12-30,Arizona State Sun Devils,76.0,away,0.0,0.0,True,3.0
2024-01-06,Purdue Boilermakers,83.0,home,0.0,0.0,True,5.0
2024-01-06,Illinois Fighting Illini,78.0,away,0.0,0.0,False,-5.0
2024-01-06,Toledo Rockets,68.0,home,0.0,0.0,True,4.0
2024-01-06,Miami (OH) RedHawks,64.0,away,0.0,0.0,False,-4.0
2024-01-06,Manhattan Jaspers,67.0,home,0.0,0.0,False,-14.0
2024-01-06,Niagara Purple Eagles,81.0,away,0.0,0.0,True,14.0
2024-01-06,Mount St. Mary's Mountaineers,74.0,home,0.0,0.0,True,5.0
2024-01-06,Canisius Golden Griffins,69.0,away,0.0,0.0,False,-5.0
2024-01-06,Quinnipiac Bobcats,88.0,home,0.0,0.0,True,4.0
2024-01-06,Rider Broncs,84.0,away,0.0,0.0,False,-4.0
2024-01-05,Butler Bulldogs,81.0,home,0.0,0.0,False,-7.0
2024-01-05,UConn Huskies,88.0,away,0.0,0.0,True,7.0
2024-01-06,Akron Zips,83.0,home,0.0,0.0,True,16.0
2024-01-06,Bowling Green Falcons,67.0,away,0.0,0.0,False,-16.0
2024-01-06,Siena Saints,69.0,home,0.0,0.0,False,-24.0
2024-01-06,Fairfield Stags,93.0,away,0.0,0.0,True,24.0
2024-01-06,Saint Peter's Peacocks,69.0,home,0.0,0.0,True,12.0
2024-01-06,Iona Gaels,57.0,away,0.0,0.0,False,-12.0
2024-01-06,San José State Spartans,69.0,home,0.0,0.0,False,-9.0
2024-01-06,Boise State Broncos,78.0,away,0.0,0.0,True,9.0
2024-01-03,Central Arkansas Bears,120.0,home,0.0,0.0,True,66.0
2024-01-03,Champion Christian Tigers,54.0,away,0.0,0.0,False,-66.0
2024-01-04,Miami Hurricanes,95.0,home,0.0,0.0,True,13.0
2024-01-04,Clemson Tigers,82.0,away,0.0,0.0,False,-13.0
2024-01-04,Virginia Cavaliers,77.0,home,0.0,0.0,True,24.0
2024-01-04,Louisville Cardinals,53.0,away,0.0,0.0,False,-24.0
2024-01-03,Providence Friars,57.0,home,0.0,0.0,False,-4.0
2024-01-03,Seton Hall Pirates,61.0,away,0.0,0.0,True,4.0
2024-01-04,George Washington Revolutionaries,113.0,home,0.0,0.0,False,-6.0
2024-01-04,Fordham Rams,119.0,away,0.0,0.0,True,6.0
2024-01-04,Charleston Southern Buccaneers,61.0,home,0.0,0.0,False,-7.0
2024-01-04,Presbyterian Blue Hose,68.0,away,0.0,0.0,True,7.0
2024-01-04,Indiana State Sycamores,87.0,home,0.0,0.0,True,14.0
2024-01-04,Evansville Purple Aces,73.0,away,0.0,0.0,False,-14.0
2024-01-04,Oklahoma State Cowboys,72.0,home,0.0,0.0,True,19.0
2024-01-04,Chicago State Cougars,53.0,away,0.0,0.0,False,-19.0
2024-01-03,UNC Asheville Bulldogs,95.0,home,0.0,0.0,True,28.0
2024-01-03,South Carolina Upstate Spartans,67.0,away,0.0,0.0,False,-28.0
2024-01-04,Navy Midshipmen,62.0,home,0.0,0.0,True,2.0
2024-01-04,Boston University Terriers,60.0,away,0.0,0.0,False,-2.0
2024-01-03,La Salle Explorers,62.0,home,0.0,0.0,False,-15.0
2024-01-03,George Mason Patriots,77.0,away,0.0,0.0,True,15.0
2024-01-04,American University Eagles,75.0,home,0.0,0.0,True,9.0
2024-01-04,Lehigh Mountain Hawks,66.0,away,0.0,0.0,False,-9.0
2024-01-04,Louisiana Tech Bulldogs,96.0,home,0.0,0.0,True,41.0
2024-01-04,Dallas Christian Crusaders,55.0,away,0.0,0.0,False,-41.0
2024-01-04,Radford Highlanders,71.0,home,0.0,0.0,False,-14.0
2024-01-04,High Point Panthers,85.0,away,0.0,0.0,True,14.0
2024-01-04,Ohio State Buckeyes,76.0,home,0.0,0.0,True,4.0
2024-01-04,Rutgers Scarlet Knights,72.0,away,0.0,0.0,False,-4.0
2024-01-04,Davidson Wildcats,59.0,home,0.0,0.0,False,-13.0
2024-01-04,Dayton Flyers,72.0,away,0.0,0.0,True,13.0
2024-01-03,Winthrop Eagles,68.0,home,0.0,0.0,True,8.0
2024-01-03,Longwood Lancers,60.0,away,0.0,0.0,False,-8.0
2024-01-03,Howard Bison,78.0,home,0.0,0.0,False,-8.0
2024-01-03,Yale Bulldogs,86.0,away,0.0,0.0,True,8.0
2024-01-04,Florida State Seminoles,82.0,home,0.0,0.0,True,11.0
2024-01-04,Georgia Tech Yellow Jackets,71.0,away,0.0,0.0,False,-11.0
2024-01-04,Lafayette Leopards,52.0,home,0.0,0.0,True,5.0
2024-01-04,Army Black Knights,47.0,away,0.0,0.0,False,-5.0
2024-01-04,Rhode Island Rams,78.0,home,0.0,0.0,True,4.0
2024-01-04,Saint Joseph's Hawks,74.0,away,0.0,0.0,False,-4.0
2024-01-04,Massachusetts Minutemen,80.0,home,0.0,0.0,True,19.0
2024-01-04,Duquesne Dukes,61.0,away,0.0,0.0,False,-19.0
2024-01-04,The Citadel Bulldogs,71.0,home,0.0,0.0,False,-9.0
2024-01-04,Western Carolina Catamounts,80.0,away,0.0,0.0,True,9.0
2024-01-04,Colgate Raiders,78.0,home,0.0,0.0,True,23.0
2024-01-04,Loyola Maryland Greyhounds,55.0,away,0.0,0.0,False,-23.0
2024-01-04,Saint Louis Billikens,73.0,home,0.0,0.0,False,-7.0
2024-01-04,Loyola Chicago Ramblers,80.0,away,0.0,0.0,True,7.0
2024-01-04,Bucknell Bison,70.0,home,0.0,0.0,True,12.0
2024-01-04,Holy Cross Crusaders,58.0,away,0.0,0.0,False,-12.0
2024-01-04,Valparaiso Beacons,61.0,home,0.0,0.0,False,-25.0
2024-01-04,Bradley Braves,86.0,away,0.0,0.0,True,25.0
2024-01-04,North Dakota Fighting Hawks,87.0,home,0.0,0.0,False,-10.0
2024-01-04,Northern Colorado Bears,97.0,away,0.0,0.0,True,10.0
2024-01-04,North Dakota State Bison,86.0,home,0.0,0.0,False,-10.0
2024-01-04,Montana Grizzlies,96.0,away,0.0,0.0,True,10.0
2024-01-04,Omaha Mavericks,81.0,home,0.0,0.0,True,26.0
2024-01-04,Northern Arizona Lumberjacks,55.0,away,0.0,0.0,False,-26.0
2024-01-04,UL Monroe Warhawks,57.0,home,0.0,0.0,False,-11.0
2024-01-04,Marshall Thundering Herd,68.0,away,0.0,0.0,True,11.0
2024-01-04,North Carolina Central Eagles,112.0,home,0.0,0.0,True,42.0
2024-01-04,Truett-McConnell Bears,70.0,away,0.0,0.0,False,-42.0
2024-01-04,UNC Greensboro Spartans,79.0,home,0.0,0.0,True,11.0
2024-01-04,Furman Paladins,68.0,away,0.0,0.0,False,-11.0
2024-01-04,Middle Tennessee Blue Raiders,84.0,home,0.0,0.0,True,37.0
2024-01-04,Reinhardt Eagles,47.0,away,0.0,0.0,False,-37.0
2024-01-04,Samford Bulldogs,89.0,home,0.0,0.0,True,15.0
2024-01-04,Chattanooga Mocs,74.0,away,0.0,0.0,False,-15.0
2024-01-04,Wofford Terriers,87.0,home,0.0,0.0,True,2.0
2024-01-04,VMI Keydets,85.0,away,0.0,0.0,False,-2.0
2024-01-04,East Tennessee State Buccaneers,80.0,home,0.0,0.0,True,11.0
2024-01-04,Mercer Bears,69.0,away,0.0,0.0,False,-11.0
2024-01-04,South Dakota Coyotes,79.0,home,0.0,0.0,False,-14.0
2024-01-04,Eastern Washington Eagles,93.0,away,0.0,0.0,True,14.0
2024-01-04,UCLA Bruins,53.0,home,0.0,0.0,False,-6.0
2024-01-04,Stanford Cardinal,59.0,away,0.0,0.0,True,6.0
2024-01-04,Villanova Wildcats,66.0,home,0.0,0.0,True,1.0
2024-01-04,Xavier Musketeers,65.0,away,0.0,0.0,False,-1.0
2024-01-04,Notre Dame Fighting Irish,52.0,home,0.0,0.0,False,-2.0
2024-01-04,NC State Wolfpack,54.0,away,0.0,0.0,True,2.0
2024-01-04,Tulane Green Wave,84.0,home,0.0,0.0,True,25.0
2024-01-04,Rice Owls,59.0,away,0.0,0.0,False,-25.0
2024-01-04,Nebraska Cornhuskers,86.0,home,0.0,0.0,True,16.0
2024-01-04,Indiana Hoosiers,70.0,away,0.0,0.0,False,-16.0
2024-01-04,Missouri State Bears,62.0,home,0.0,0.0,False,-2.0
2024-01-04,Northern Iowa Panthers,64.0,away,0.0,0.0,True,2.0
2024-01-04,Idaho Vandals,67.0,home,0.0,0.0,False,-8.0
2024-01-04,St. Thomas-Minnesota Tommies,75.0,away,0.0,0.0,True,8.0
2024-01-04,Montana State Bobcats,76.0,home,0.0,0.0,False,-6.0
2024-01-04,Oral Roberts Golden Eagles,82.0,away,0.0,0.0,True,6.0
2024-01-04,Sacramento State Hornets,67.0,home,0.0,0.0,True,3.0
2024-01-04,Kansas City Roos,64.0,away,0.0,0.0,False,-3.0
2024-01-04,Weber State Wildcats,75.0,home,0.0,0.0,True,2.0
2024-01-04,South Dakota State Jackrabbits,73.0,away,0.0,0.0,False,-2.0
2024-01-04,San Diego State Aztecs,74.0,home,0.0,0.0,True,27.0
2024-01-04,Fresno State Bulldogs,47.0,away,0.0,0.0,False,-27.0
2024-01-04,VCU Rams,78.0,home,0.0,0.0,False,-11.0
2024-01-04,St. Bonaventure Bonnies,89.0,away,0.0,0.0,True,11.0
2024-01-04,USC Trojans,82.0,home,0.0,0.0,True,8.0
2024-01-04,California Golden Bears,74.0,away,0.0,0.0,False,-8.0
2024-01-04,Denver Pioneers,95.0,home,0.0,0.0,True,13.0
2024-01-04,Idaho State Bengals,82.0,away,0.0,0.0,False,-13.0
2024-01-07,Penn State Nittany Lions,79.0,home,0.0,0.0,True,6.0
2024-01-07,Michigan Wolverines,73.0,away,0.0,0.0,False,-6.0
2024-01-07,Memphis Tigers,62.0,home,0.0,0.0,True,3.0
2024-01-07,SMU Mustangs,59.0,away,0.0,0.0,False,-3.0
2024-01-07,UAB Blazers,75.0,home,0.0,0.0,True,4.0
2024-01-07,South Florida Bulls,71.0,away,0.0,0.0,False,-4.0
2024-01-07,Temple Owls,68.0,home,0.0,0.0,True,7.0
2024-01-07,Wichita State Shockers,61.0,away,0.0,0.0,False,-7.0
2024-01-07,Iona Gaels,73.0,home,0.0,0.0,False,-2.0
2024-01-07,Niagara Purple Eagles,75.0,away,0.0,0.0,True,2.0
2024-01-07,Quinnipiac Bobcats,76.0,home,0.0,0.0,True,17.0
2024-01-07,Manhattan Jaspers,59.0,away,0.0,0.0,False,-17.0
2024-01-07,UTEP Miners,74.0,home,0.0,0.0,True,5.0
2024-01-07,Chicago State Cougars,69.0,away,0.0,0.0,False,-5.0
2024-01-07,Saint Peter's Peacocks,70.0,home,0.0,0.0,True,6.0
2024-01-07,Mount St. Mary's Mountaineers,64.0,away,0.0,0.0,False,-6.0
2024-01-07,Cleveland State Vikings,88.0,home,0.0,0.0,True,3.0
2024-01-07,Northern Kentucky Norse,85.0,away,0.0,0.0,False,-3.0
2024-01-08,Northwestern Wildcats,88.0,home,0.0,0.0,True,14.0
2024-01-08,Michigan State Spartans,74.0,away,0.0,0.0,False,-14.0
2024-01-07,Youngstown State Penguins,75.0,home,0.0,0.0,True,10.0
2024-01-07,IU Indianapolis Jaguars,65.0,away,0.0,0.0,False,-10.0
2024-01-07,Northern Iowa Panthers,66.0,home,0.0,0.0,False,-11.0
2024-01-07,Indiana State Sycamores,77.0,away,0.0,0.0,True,11.0
2024-01-07,Dayton Flyers,64.0,home,0.0,0.0,True,4.0
2024-01-07,Massachusetts Minutemen,60.0,away,0.0,0.0,False,-4.0
2024-01-07,Fairfield Stags,82.0,home,0.0,0.0,True,21.0
2024-01-07,Marist Red Foxes,61.0,away,0.0,0.0,False,-21.0
2024-01-07,Minnesota Golden Gophers,65.0,home,0.0,0.0,True,3.0
2024-01-07,Maryland Terrapins,62.0,away,0.0,0.0,False,-3.0
2024-01-07,East Carolina Pirates,62.0,home,0.0,0.0,True,5.0
2024-01-07,Tulsa Golden Hurricane,57.0,away,0.0,0.0,False,-5.0
2024-01-07,Belmont Bruins,87.0,home,0.0,0.0,True,22.0
2024-01-07,Drake Bulldogs,65.0,away,0.0,0.0,False,-22.0
2024-01-07,Rider Broncs,79.0,home,0.0,0.0,True,3.0
2024-01-07,Canisius Golden Griffins,76.0,away,0.0,0.0,False,-3.0
2024-01-09,Morgan State Bears,66.0,home,0.0,0.0,False,-12.0
2024-01-09,Delaware State Hornets,78.0,away,0.0,0.0,True,12.0
2024-01-09,South Carolina State Bulldogs,78.0,home,0.0,0.0,False,-4.0
2024-01-09,Howard Bison,82.0,away,0.0,0.0,True,4.0
2024-01-09,Texas A&M-Corpus Christi Islanders,81.0,home,0.0,0.0,True,22.0
2024-01-09,Houston Christian Huskies,59.0,away,0.0,0.0,False,-22.0
2024-01-09,Northwestern State Demons,59.0,home,0.0,0.0,False,-9.0
2024-01-09,McNeese Cowboys,68.0,away,0.0,0.0,True,9.0
2024-01-09,Grambling Tigers,52.0,home,0.0,0.0,False,-2.0
2024-01-09,Texas Southern Tigers,54.0,away,0.0,0.0,True,2.0
2024-01-09,Coppin State Eagles,58.0,home,0.0,0.0,True,3.0
2024-01-09,Maryland Eastern Shore Hawks,55.0,away,0.0,0.0,False,-3.0
2024-01-09,Mississippi Valley State Delta Devils,70.0,home,0.0,0.0,False,-8.0
2024-01-09,Alabama A&M Bulldogs,78.0,away,0.0,0.0,True,8.0
2024-01-09,Monmouth Hawks,81.0,home,0.0,0.0,True,19.0
2024-01-09,Northeastern Huskies,62.0,away,0.0,0.0,False,-19.0
2024-01-09,Arkansas-Pine Bluff Golden Lions,72.0,home,0.0,0.0,False,-11.0
2024-01-09,Alabama State Hornets,83.0,away,0.0,0.0,True,11.0
2024-01-09,North Carolina Central Eagles,60.0,home,0.0,0.0,True,2.0
2024-01-09,Norfolk State Spartans,58.0,away,0.0,0.0,False,-2.0
2024-01-08,New Orleans Privateers,88.0,home,0.0,0.0,True,3.0
2024-01-08,East Texas A&M Lions,85.0,away,0.0,0.0,False,-3.0
2024-01-09,Lamar Cardinals,75.0,home,0.0,0.0,True,16.0
2024-01-09,Incarnate Word Cardinals,59.0,away,0.0,0.0,False,-16.0
2024-01-09,Southern Jaguars,79.0,home,0.0,0.0,True,21.0
2024-01-09,Prairie View A&M Panthers,58.0,away,0.0,0.0,False,-21.0
2024-01-04,UT Rio Grande Valley Vaqueros,78.0,home,0.0,0.0,False,-7.0
2024-01-04,Stephen F. Austin Lumberjacks,85.0,away,0.0,0.0,True,7.0
2024-01-05,Gonzaga Bulldogs,86.0,home,0.0,0.0,True,26.0
2024-01-05,Pepperdine Waves,60.0,away,0.0,0.0,False,-26.0
2024-01-05,William & Mary Tribe,77.0,home,0.0,0.0,True,7.0
2024-01-05,Elon Phoenix,70.0,away,0.0,0.0,False,-7.0
2024-01-05,Hofstra Pride,61.0,home,0.0,0.0,False,-12.0
2024-01-05,Charleston Cougars,73.0,away,0.0,0.0,True,12.0
2024-01-05,Columbia Lions,120.0,home,0.0,0.0,True,68.0
2024-01-05,Mount Saint Vincent,52.0,away,0.0,0.0,False,-68.0
2024-01-04,Sacred Heart Pioneers,79.0,home,0.0,0.0,True,12.0
2024-01-04,Saint Francis Red Flash,67.0,away,0.0,0.0,False,-12.0
2024-01-05,Long Island University Sharks,69.0,home,0.0,0.0,True,2.0
2024-01-05,Wagner Seahawks,67.0,away,0.0,0.0,False,-2.0
2024-01-05,Merrimack Warriors,60.0,home,0.0,0.0,True,4.0
2024-01-05,Fairleigh Dickinson Knights,56.0,away,0.0,0.0,False,-4.0
2024-01-05,Louisiana Ragin' Cajuns,61.0,home,0.0,0.0,False,-7.0
2024-01-05,James Madison Dukes,68.0,away,0.0,0.0,True,7.0
2024-01-05,South Florida Bulls,76.0,home,0.0,0.0,True,8.0
2024-01-05,Temple Owls,68.0,away,0.0,0.0,False,-8.0
2024-01-05,Florida Gulf Coast Eagles,80.0,home,0.0,0.0,True,10.0
2024-01-05,Jacksonville Dolphins,70.0,away,0.0,0.0,False,-10.0
2024-01-05,North Carolina A&T Aggies,76.0,home,0.0,0.0,True,14.0
2024-01-05,Campbell Fighting Camels,62.0,away,0.0,0.0,False,-14.0
2024-01-05,Michigan State Spartans,92.0,home,0.0,0.0,True,31.0
2024-01-05,Penn State Nittany Lions,61.0,away,0.0,0.0,False,-31.0
2024-01-05,Northeastern Huskies,53.0,home,0.0,0.0,False,-9.0
2024-01-05,Stony Brook Seawolves,62.0,away,0.0,0.0,True,9.0
2024-01-05,Tulsa Golden Hurricane,75.0,home,0.0,0.0,False,-3.0
2024-01-05,Memphis Tigers,78.0,away,0.0,0.0,True,3.0
2024-01-05,Arizona Wildcats,97.0,home,0.0,0.0,True,47.0
2024-01-05,Colorado Buffaloes,50.0,away,0.0,0.0,False,-47.0
2024-01-04,Bellarmine Knights,68.0,home,0.0,0.0,False,-16.0
2024-01-04,Austin Peay Governors,84.0,away,0.0,0.0,True,16.0
2024-01-05,Drexel Dragons,78.0,home,0.0,0.0,True,15.0
2024-01-05,UNC Wilmington Seahawks,63.0,away,0.0,0.0,False,-15.0
2024-01-05,Monmouth Hawks,51.0,home,0.0,0.0,True,8.0
2024-01-05,Towson Tigers,43.0,away,0.0,0.0,False,-8.0
2024-01-05,Delaware Blue Hens,80.0,home,0.0,0.0,True,27.0
2024-01-05,Hampton Pirates,53.0,away,0.0,0.0,False,-27.0
2024-01-05,Detroit Mercy Titans,51.0,home,0.0,0.0,False,-18.0
2024-01-05,Green Bay Phoenix,69.0,away,0.0,0.0,True,18.0
2024-01-05,Oakland Golden Grizzlies,100.0,home,0.0,0.0,True,5.0
2024-01-05,Milwaukee Panthers,95.0,away,0.0,0.0,False,-5.0
2024-01-05,Northern Kentucky Norse,79.0,home,0.0,0.0,True,3.0
2024-01-05,Youngstown State Penguins,76.0,away,0.0,0.0,False,-3.0
2024-01-05,Robert Morris Colonials,92.0,home,0.0,0.0,True,44.0
2024-01-05,IU Indianapolis Jaguars,48.0,away,0.0,0.0,False,-44.0
2024-01-05,Stonehill Skyhawks,59.0,home,0.0,0.0,False,-15.0
2024-01-05,Central Connecticut Blue Devils,74.0,away,0.0,0.0,True,15.0
2024-01-05,Stetson Hatters,75.0,home,0.0,0.0,True,1.0
2024-01-05,North Florida Ospreys,74.0,away,0.0,0.0,False,-1.0
2024-01-05,Southern Miss Golden Eagles,79.0,home,0.0,0.0,True,6.0
2024-01-05,Georgia State Panthers,73.0,away,0.0,0.0,False,-6.0
2024-01-05,Eastern Kentucky Colonels,80.0,home,0.0,0.0,True,8.0
2024-01-05,Lipscomb Bisons,72.0,away,0.0,0.0,False,-8.0
2024-01-05,Arkansas State Red Wolves,109.0,home,0.0,0.0,True,26.0
2024-01-05,Georgia Southern Eagles,83.0,away,0.0,0.0,False,-26.0
2024-01-05,Wright State Raiders,82.0,home,0.0,0.0,True,12.0
2024-01-05,Cleveland State Vikings,70.0,away,0.0,0.0,False,-12.0
2024-01-05,Troy Trojans,86.0,home,0.0,0.0,True,13.0
2024-01-05,Old Dominion Monarchs,73.0,away,0.0,0.0,False,-13.0
2024-01-05,Morehead State Eagles,82.0,home,0.0,0.0,True,25.0
2024-01-05,Tennessee Tech Golden Eagles,57.0,away,0.0,0.0,False,-25.0
2024-01-05,Little Rock Trojans,88.0,home,0.0,0.0,True,8.0
2024-01-05,SIU Edwardsville Cougars,80.0,away,0.0,0.0,False,-8.0
2024-01-05,Texas State Bobcats,63.0,home,0.0,0.0,False,-8.0
2024-01-05,Coastal Carolina Chanticleers,71.0,away,0.0,0.0,True,8.0
2024-01-05,Southern Indiana Screaming Eagles,69.0,home,0.0,0.0,True,2.0
2024-01-05,Tennessee State Tigers,67.0,away,0.0,0.0,False,-2.0
2024-01-05,South Alabama Jaguars,84.0,home,0.0,0.0,False,-7.0
2024-01-05,App State Mountaineers,91.0,away,0.0,0.0,True,7.0
2024-01-05,Western Illinois Leathernecks,68.0,home,0.0,0.0,True,7.0
2024-01-05,Southeast Missouri State Redhawks,61.0,away,0.0,0.0,False,-7.0
2024-01-05,Utah Valley Wolverines,65.0,home,0.0,0.0,True,7.0
2024-01-05,California Baptist Lancers,58.0,away,0.0,0.0,False,-7.0
2024-01-05,Tarleton State Texans,78.0,home,0.0,0.0,True,2.0
2024-01-05,UT Arlington Mavericks,76.0,away,0.0,0.0,False,-2.0
2024-01-05,Southern Utah Thunderbirds,75.0,home,0.0,0.0,False,-21.0
2024-01-05,Grand Canyon Lopes,96.0,away,0.0,0.0,True,21.0
2024-01-05,UT Martin Skyhawks,72.0,home,0.0,0.0,False,-7.0
2024-01-05,Eastern Illinois Panthers,79.0,away,0.0,0.0,True,7.0
2024-01-05,Michigan Wolverines,71.0,home,0.0,0.0,False,-2.0
2024-01-05,Minnesota Golden Gophers,73.0,away,0.0,0.0,True,2.0
2024-01-05,Washington Huskies,74.0,home,0.0,0.0,False,-2.0
2024-01-05,Oregon Ducks,76.0,away,0.0,0.0,True,2.0
2024-01-05,New Mexico State Aggies,63.0,home,0.0,0.0,True,10.0
2024-01-05,UTEP Miners,53.0,away,0.0,0.0,False,-10.0
2024-01-05,Seattle U Redhawks,70.0,home,0.0,0.0,True,17.0
2024-01-05,Utah Tech Trailblazers,53.0,away,0.0,0.0,False,-17.0
2024-01-05,Cal State Bakersfield Roadrunners,67.0,home,0.0,0.0,False,-11.0
2024-01-05,Hawai'i Rainbow Warriors,78.0,away,0.0,0.0,True,11.0
2024-01-05,Pacific Tigers,88.0,home,0.0,0.0,False,-4.0
2024-01-05,San Francisco Dons,92.0,away,0.0,0.0,True,4.0
2024-01-05,Wichita State Shockers,62.0,home,0.0,0.0,False,-12.0
2024-01-05,North Texas Mean Green,74.0,away,0.0,0.0,True,12.0
2024-01-05,Washington State Cougars,65.0,home,0.0,0.0,True,7.0
2024-01-05,Oregon State Beavers,58.0,away,0.0,0.0,False,-7.0
2024-01-05,Cal Poly Mustangs,82.0,home,0.0,0.0,False,-7.0
2024-01-05,Long Beach State Beach,89.0,away,0.0,0.0,True,7.0
2024-01-05,UC Riverside Highlanders,63.0,home,0.0,0.0,False,-20.0
2024-01-05,UC Davis Aggies,83.0,away,0.0,0.0,True,20.0
2024-01-05,Arizona State Sun Devils,82.0,home,0.0,0.0,True,12.0
2024-01-05,Utah Utes,70.0,away,0.0,0.0,False,-12.0
2024-01-05,Loyola Marymount Lions,57.0,home,0.0,0.0,False,-11.0
2024-01-05,Santa Clara Broncos,68.0,away,0.0,0.0,True,11.0
2024-01-05,San Diego Toreros,70.0,home,0.0,0.0,False,-11.0
2024-01-05,Saint Mary's Gaels,81.0,away,0.0,0.0,True,11.0
2024-01-05,UC Santa Barbara Gauchos,72.0,home,0.0,0.0,False,-7.0
2024-01-05,UC San Diego Tritons,79.0,away,0.0,0.0,True,7.0
2024-01-05,UC Irvine Anteaters,75.0,home,0.0,0.0,True,8.0
2024-01-05,Cal State Fullerton Titans,67.0,away,0.0,0.0,False,-8.0
2023-12-30,Notre Dame Fighting Irish,76.0,home,0.0,0.0,True,22.0
2023-12-30,Virginia Cavaliers,54.0,away,0.0,0.0,False,-22.0
2023-12-30,Syracuse Orange,81.0,home,0.0,0.0,True,8.0
2023-12-30,Pittsburgh Panthers,73.0,away,0.0,0.0,False,-8.0
2023-12-31,Memphis Tigers,81.0,home,0.0,0.0,True,11.0
2023-12-31,Austin Peay Governors,70.0,away,0.0,0.0,False,-11.0
2023-12-30,James Madison Dukes,82.0,home,0.0,0.0,True,17.0
2023-12-30,Texas State Bobcats,65.0,away,0.0,0.0,False,-17.0
2023-12-30,Rutgers Scarlet Knights,59.0,home,0.0,0.0,True,1.0
2023-12-30,Stonehill Skyhawks,58.0,away,0.0,0.0,False,-1.0
2023-12-31,Florida Gulf Coast Eagles,72.0,home,0.0,0.0,True,4.0
2023-12-31,Florida Atlantic Owls,68.0,away,0.0,0.0,False,-4.0
2023-12-30,Florida State Seminoles,75.0,home,0.0,0.0,False,-3.0
2023-12-30,Lipscomb Bisons,78.0,away,0.0,0.0,True,3.0
2023-12-30,Fordham Rams,87.0,home,0.0,0.0,True,9.0
2023-12-30,Columbia Lions,78.0,away,0.0,0.0,False,-9.0
2023-12-30,Kansas Jayhawks,86.0,home,0.0,0.0,True,19.0
2023-12-30,Wichita State Shockers,67.0,away,0.0,0.0,False,-19.0
2023-12-30,BYU Cougars,94.0,home,0.0,0.0,True,26.0
2023-12-30,Wyoming Cowboys,68.0,away,0.0,0.0,False,-26.0
2023-12-30,Central Connecticut Blue Devils,99.0,home,0.0,0.0,True,61.0
2023-12-30,St. Elizabeth Eagles,38.0,away,0.0,0.0,False,-61.0
2023-12-30,Delaware State Hornets,77.0,home,0.0,0.0,True,4.0
2023-12-30,Mount St. Mary's Mountaineers,73.0,away,0.0,0.0,False,-4.0
2023-12-31,Houston Cougars,81.0,home,0.0,0.0,True,39.0
2023-12-31,Pennsylvania Quakers,42.0,away,0.0,0.0,False,-39.0
2023-12-30,Navy Midshipmen,77.0,home,0.0,0.0,True,12.0
2023-12-30,William & Mary Tribe,65.0,away,0.0,0.0,False,-12.0
2023-12-30,St. John's Red Storm,84.0,home,0.0,0.0,True,5.0
2023-12-30,Hofstra Pride,79.0,away,0.0,0.0,False,-5.0
2023-12-30,The Citadel Bulldogs,106.0,home,0.0,0.0,True,30.0
2023-12-30,Toccoa Falls Eagles,76.0,away,0.0,0.0,False,-30.0
2023-12-30,App State Mountaineers,67.0,home,0.0,0.0,True,12.0
2023-12-30,UL Monroe Warhawks,55.0,away,0.0,0.0,False,-12.0
2023-12-30,Duke Blue Devils,106.0,home,0.0,0.0,True,37.0
2023-12-30,Queens University Royals,69.0,away,0.0,0.0,False,-37.0
2023-12-30,Marquette Golden Eagles,72.0,home,0.0,0.0,True,5.0
2023-12-30,Creighton Bluejays,67.0,away,0.0,0.0,False,-5.0
2023-12-30,Rhode Island Rams,82.0,home,0.0,0.0,True,11.0
2023-12-30,Northeastern Huskies,71.0,away,0.0,0.0,False,-11.0
2023-12-30,Massachusetts Minutemen,79.0,home,0.0,0.0,True,13.0
2023-12-30,Siena Saints,66.0,away,0.0,0.0,False,-13.0
2023-12-30,Florida Gators,97.0,home,0.0,0.0,True,25.0
2023-12-30,Quinnipiac Bobcats,72.0,away,0.0,0.0,False,-25.0
2023-12-30,Loyola Chicago Ramblers,73.0,home,0.0,0.0,True,38.0
2023-12-30,Central Michigan Chippewas,35.0,away,0.0,0.0,False,-38.0
2023-12-30,North Texas Mean Green,80.0,home,0.0,0.0,True,23.0
2023-12-30,LSU Shreveport Pilots,57.0,away,0.0,0.0,False,-23.0
2023-12-30,Presbyterian Blue Hose,91.0,home,0.0,0.0,True,24.0
2023-12-30,Johnson & Wales (NC) JOHNSON & WALES-CHARLOTTE,67.0,away,0.0,0.0,False,-24.0
2023-12-30,La Salle Explorers,66.0,home,0.0,0.0,False,-5.0
2023-12-30,Howard Bison,71.0,away,0.0,0.0,True,5.0
2023-12-30,Bucknell Bison,58.0,home,0.0,0.0,False,-9.0
2023-12-30,Saint Peter's Peacocks,67.0,away,0.0,0.0,True,9.0
2023-12-30,Towson Tigers,97.0,home,0.0,0.0,True,51.0
2023-12-30,Arcadia ARCADIA,46.0,away,0.0,0.0,False,-51.0
2023-12-30,South Carolina Gamecocks,94.0,home,0.0,0.0,True,32.0
2023-12-30,Florida A&M Rattlers,62.0,away,0.0,0.0,False,-32.0
2023-12-30,Eastern Michigan Eagles,67.0,home,0.0,0.0,True,3.0
2023-12-30,Northwood (MI) Timberwolves,64.0,away,0.0,0.0,False,-3.0
2023-12-30,Wake Forest Demon Deacons,86.0,home,0.0,0.0,True,23.0
2023-12-30,Virginia Tech Hokies,63.0,away,0.0,0.0,False,-23.0
2023-12-30,Ohio Bobcats,69.0,home,0.0,0.0,False,-3.0
2023-12-30,Davidson Wildcats,72.0,away,0.0,0.0,True,3.0
2023-12-30,Michigan State Spartans,87.0,home,0.0,0.0,True,12.0
2023-12-30,Indiana State Sycamores,75.0,away,0.0,0.0,False,-12.0
2023-12-30,Furman Paladins,74.0,home,0.0,0.0,False,-5.0
2023-12-30,Anderson (SC) Trojans,79.0,away,0.0,0.0,True,5.0
2023-12-30,Delaware Blue Hens,82.0,home,0.0,0.0,False,-2.0
2023-12-30,Princeton Tigers,84.0,away,0.0,0.0,True,2.0
2023-12-30,Nicholls Colonels,74.0,home,0.0,0.0,True,9.0
2023-12-30,Mobile Rams,65.0,away,0.0,0.0,False,-9.0
2023-12-30,Duquesne Dukes,95.0,home,0.0,0.0,True,48.0
2023-12-30,Cleary University Cougars,47.0,away,0.0,0.0,False,-48.0
2023-12-30,Marist Red Foxes,58.0,home,0.0,0.0,False,-7.0
2023-12-30,Lehigh Mountain Hawks,65.0,away,0.0,0.0,True,7.0
2023-12-30,Alabama Crimson Tide,101.0,home,0.0,0.0,True,45.0
2023-12-30,Liberty Flames,56.0,away,0.0,0.0,False,-45.0
2023-12-30,Army Black Knights,58.0,home,0.0,0.0,True,8.0
2023-12-30,Merchant Marine Academy Mariners,50.0,away,0.0,0.0,False,-8.0
2023-12-30,George Mason Patriots,94.0,home,0.0,0.0,True,25.0
2023-12-30,North Carolina A&T Aggies,69.0,away,0.0,0.0,False,-25.0
2023-12-30,Fairfield Stags,78.0,home,0.0,0.0,True,6.0
2023-12-30,Le Moyne Dolphins,72.0,away,0.0,0.0,False,-6.0
2023-12-30,Harvard Crimson,60.0,home,0.0,0.0,False,-9.0
2023-12-30,Iona Gaels,69.0,away,0.0,0.0,True,9.0
2023-12-30,Boston University Terriers,74.0,home,0.0,0.0,True,11.0
2023-12-30,Merrimack Warriors,63.0,away,0.0,0.0,False,-11.0
2023-12-30,Dayton Flyers,78.0,home,0.0,0.0,True,9.0
2023-12-30,Longwood Lancers,69.0,away,0.0,0.0,False,-9.0
2023-12-30,Georgia State Panthers,91.0,home,0.0,0.0,True,1.0
2023-12-30,Arkansas State Red Wolves,90.0,away,0.0,0.0,False,-1.0
2023-12-30,Missouri Tigers,92.0,home,0.0,0.0,True,33.0
2023-12-30,Central Arkansas Bears,59.0,away,0.0,0.0,False,-33.0
2023-12-30,Western Kentucky Hilltoppers,86.0,home,0.0,0.0,True,2.0
2023-12-30,Abilene Christian Wildcats,84.0,away,0.0,0.0,False,-2.0
2023-12-30,Coastal Carolina Chanticleers,65.0,home,0.0,0.0,False,-7.0
2023-12-30,Troy Trojans,72.0,away,0.0,0.0,True,7.0
2023-12-30,Sacred Heart Pioneers,92.0,home,0.0,0.0,True,29.0
2023-12-30,Mercy Mavericks,63.0,away,0.0,0.0,False,-29.0
2023-12-30,VCU Rams,87.0,home,0.0,0.0,True,14.0
2023-12-30,Gardner-Webb Runnin' Bulldogs,73.0,away,0.0,0.0,False,-14.0
2023-12-30,Cornell Big Red,77.0,home,0.0,0.0,True,13.0
2023-12-30,Colgate Raiders,64.0,away,0.0,0.0,False,-13.0
2023-12-30,Georgia Southern Eagles,88.0,home,0.0,0.0,True,21.0
2023-12-30,Southern Miss Golden Eagles,67.0,away,0.0,0.0,False,-21.0
2023-12-30,Georgia Bulldogs,93.0,home,0.0,0.0,True,20.0
2023-12-30,Alabama A&M Bulldogs,73.0,away,0.0,0.0,False,-20.0
2023-12-30,South Carolina Upstate Spartans,96.0,home,0.0,0.0,True,20.0
2023-12-30,Coker Cobras,76.0,away,0.0,0.0,False,-20.0
2023-12-30,Jacksonville Dolphins,79.0,home,0.0,0.0,True,27.0
2023-12-30,Erskine Flying Fleet,52.0,away,0.0,0.0,False,-27.0
2023-12-30,SE Louisiana Lions,87.0,home,0.0,0.0,True,23.0
2023-12-30,Loyola New Orleans Wolfpack,64.0,away,0.0,0.0,False,-23.0
2023-12-30,Binghamton Bearcats,108.0,home,0.0,0.0,True,56.0
2023-12-30,Marywood Pacers,52.0,away,0.0,0.0,False,-56.0
2023-12-30,DePaul Blue Demons,70.0,home,0.0,0.0,True,12.0
2023-12-30,Chicago State Cougars,58.0,away,0.0,0.0,False,-12.0
2023-12-30,Richmond Spiders,59.0,home,0.0,0.0,True,21.0
2023-12-30,Lafayette Leopards,38.0,away,0.0,0.0,False,-21.0
2023-12-30,Saint Francis Red Flash,78.0,home,0.0,0.0,True,2.0
2023-12-30,Campbell Fighting Camels,76.0,away,0.0,0.0,False,-2.0
2023-12-30,Northern Colorado Bears,92.0,home,0.0,0.0,True,15.0
2023-12-30,Northern Arizona Lumberjacks,77.0,away,0.0,0.0,False,-15.0
2023-12-30,Tennessee Tech Golden Eagles,73.0,home,0.0,0.0,False,-8.0
2023-12-30,UT Martin Skyhawks,81.0,away,0.0,0.0,True,8.0
2023-12-30,George Washington Revolutionaries,69.0,home,0.0,0.0,True,6.0
2023-12-30,Maryland Eastern Shore Hawks,63.0,away,0.0,0.0,False,-6.0
2023-12-30,Akron Zips,61.0,home,0.0,0.0,False,-1.0
2023-12-30,St. Bonaventure Bonnies,62.0,away,0.0,0.0,True,1.0
2023-12-30,Long Beach State Beach,68.0,home,0.0,0.0,False,-16.0
2023-12-30,Cal State Northridge Matadors,84.0,away,0.0,0.0,True,16.0
2023-12-30,Texas A&M-Corpus Christi Islanders,84.0,home,0.0,0.0,True,23.0
2023-12-30,Schreiner Mountaineers,61.0,away,0.0,0.0,False,-23.0
2023-12-30,Utah Tech Trailblazers,96.0,home,0.0,0.0,True,4.0
2023-12-30,Florida International Panthers,92.0,away,0.0,0.0,False,-4.0
2023-12-30,Oregon Ducks,64.0,home,0.0,0.0,True,5.0
2023-12-30,UCLA Bruins,59.0,away,0.0,0.0,False,-5.0
2023-12-30,Weber State Wildcats,86.0,home,0.0,0.0,True,22.0
2023-12-30,Montana State Bobcats,64.0,away,0.0,0.0,False,-22.0
2023-12-30,Vanderbilt Commodores,69.0,home,0.0,0.0,True,16.0
2023-12-30,Dartmouth Big Green,53.0,away,0.0,0.0,False,-16.0
2023-12-30,Arkansas Razorbacks,106.0,home,0.0,0.0,True,16.0
2023-12-30,UNC Wilmington Seahawks,90.0,away,0.0,0.0,False,-16.0
2023-12-30,Marshall Thundering Herd,75.0,home,0.0,0.0,True,14.0
2023-12-30,Louisiana Ragin' Cajuns,61.0,away,0.0,0.0,False,-14.0
2023-12-30,Tennessee State Tigers,90.0,home,0.0,0.0,True,8.0
2023-12-30,Little Rock Trojans,82.0,away,0.0,0.0,False,-8.0
2023-12-30,Murray State Racers,75.0,home,0.0,0.0,True,21.0
2023-12-30,Middle Tennessee Blue Raiders,54.0,away,0.0,0.0,False,-21.0
2023-12-30,Western Carolina Catamounts,90.0,home,0.0,0.0,True,28.0
2023-12-30,King (TN) Tornado,62.0,away,0.0,0.0,False,-28.0
2023-12-30,Eastern Washington Eagles,87.0,home,0.0,0.0,True,26.0
2023-12-30,Sacramento State Hornets,61.0,away,0.0,0.0,False,-26.0
2023-12-30,Pacific Tigers,80.0,home,0.0,0.0,True,14.0
2023-12-30,Cal Maritime Keelhaulers,66.0,away,0.0,0.0,False,-14.0
2023-12-30,Idaho Vandals,72.0,home,0.0,0.0,False,-5.0
2023-12-30,Portland State Vikings,77.0,away,0.0,0.0,True,5.0
2023-12-30,UC Davis Aggies,71.0,home,0.0,0.0,True,25.0
2023-12-30,Cal Poly Mustangs,46.0,away,0.0,0.0,False,-25.0
2023-12-30,Idaho State Bengals,68.0,home,0.0,0.0,False,-8.0
2023-12-30,Montana Grizzlies,76.0,away,0.0,0.0,True,8.0
2023-12-30,Lamar Cardinals,91.0,home,0.0,0.0,True,27.0
2023-12-30,Paul Quinn Tigers,64.0,away,0.0,0.0,False,-27.0
2023-12-31,High Point Panthers,90.0,home,0.0,0.0,True,5.0
2023-12-31,Bellarmine Knights,85.0,away,0.0,0.0,False,-5.0
2023-12-31,Southern Illinois Salukis,62.0,home,0.0,0.0,True,12.0
2023-12-31,UIC Flames,50.0,away,0.0,0.0,False,-12.0
2023-12-30,San Francisco Dons,92.0,home,0.0,0.0,True,50.0
2023-12-30,Mississippi Valley State Delta Devils,42.0,away,0.0,0.0,False,-50.0
2023-12-31,Santa Clara Broncos,58.0,home,0.0,0.0,False,-8.0
2023-12-31,Yale Bulldogs,66.0,away,0.0,0.0,True,8.0
2023-12-31,Texas A&M Aggies,79.0,home,0.0,0.0,True,25.0
2023-12-31,Prairie View A&M Panthers,54.0,away,0.0,0.0,False,-25.0
2023-12-31,Old Dominion Monarchs,59.0,home,0.0,0.0,False,-2.0
2023-12-31,South Alabama Jaguars,61.0,away,0.0,0.0,True,2.0
2023-12-31,Manhattan Jaspers,56.0,home,0.0,0.0,False,-12.0
2023-12-31,Wagner Seahawks,68.0,away,0.0,0.0,True,12.0
2023-12-31,Ohio State Buckeyes,78.0,home,0.0,0.0,True,3.0
2023-12-31,West Virginia Mountaineers,75.0,away,0.0,0.0,False,-3.0
2023-12-31,UT Rio Grande Valley Vaqueros,77.0,home,0.0,0.0,True,3.0
2023-12-31,Incarnate Word Cardinals,74.0,away,0.0,0.0,False,-3.0
2023-12-31,New Mexico State Aggies,66.0,home,0.0,0.0,True,5.0
2023-12-31,California Baptist Lancers,61.0,away,0.0,0.0,False,-5.0
2023-12-31,Grand Canyon Lopes,73.0,home,0.0,0.0,True,3.0
2023-12-31,Louisiana Tech Bulldogs,70.0,away,0.0,0.0,False,-3.0
2023-12-31,UTEP Miners,61.0,home,0.0,0.0,False,-12.0
2023-12-31,Seattle U Redhawks,73.0,away,0.0,0.0,True,12.0
2023-12-31,Southern Utah Thunderbirds,95.0,home,0.0,0.0,True,17.0
2023-12-31,Antelope Valley,78.0,away,0.0,0.0,False,-17.0
2023-12-31,UC Riverside Highlanders,79.0,home,0.0,0.0,True,2.0
2023-12-31,UC Santa Barbara Gauchos,77.0,away,0.0,0.0,False,-2.0
2023-12-31,Cal State Bakersfield Roadrunners,56.0,home,0.0,0.0,False,-19.0
2023-12-31,UC Irvine Anteaters,75.0,away,0.0,0.0,True,19.0
2023-12-31,Oregon State Beavers,86.0,home,0.0,0.0,True,16.0
2023-12-31,USC Trojans,70.0,away,0.0,0.0,False,-16.0
2023-12-31,Auburn Tigers,101.0,home,0.0,0.0,True,35.0
2023-12-31,Chattanooga Mocs,66.0,away,0.0,0.0,False,-35.0
2023-12-31,Nevada Wolf Pack,92.0,home,0.0,0.0,True,33.0
2023-12-31,Fresno Pacific Sunbirds,59.0,away,0.0,0.0,False,-33.0
2023-12-31,Hawai'i Rainbow Warriors,61.0,home,0.0,0.0,False,-2.0
2023-12-31,Cal State Fullerton Titans,63.0,away,0.0,0.0,True,2.0
2024-01-10,Auburn Tigers,66.0,home,0.0,0.0,True,11.0
2024-01-10,Texas A&M Aggies,55.0,away,0.0,0.0,False,-11.0
2024-01-10,Kentucky Wildcats,90.0,home,0.0,0.0,True,13.0
2024-01-10,Missouri Tigers,77.0,away,0.0,0.0,False,-13.0
2024-01-10,Utah State Aggies,83.0,home,0.0,0.0,True,24.0
2024-01-10,Wyoming Cowboys,59.0,away,0.0,0.0,False,-24.0
2024-01-10,Florida State Seminoles,87.0,home,0.0,0.0,True,5.0
2024-01-10,Wake Forest Demon Deacons,82.0,away,0.0,0.0,False,-5.0
2024-01-10,Boise State Broncos,65.0,home,0.0,0.0,True,7.0
2024-01-10,Colorado State Rams,58.0,away,0.0,0.0,False,-7.0
2024-01-10,Rutgers Scarlet Knights,66.0,home,0.0,0.0,True,9.0
2024-01-10,Indiana Hoosiers,57.0,away,0.0,0.0,False,-9.0
2024-01-10,Eastern Michigan Eagles,64.0,home,0.0,0.0,False,-16.0
2024-01-10,Central Michigan Chippewas,80.0,away,0.0,0.0,True,16.0
2024-01-10,Nebraska Cornhuskers,88.0,home,0.0,0.0,True,16.0
2024-01-10,Purdue Boilermakers,72.0,away,0.0,0.0,False,-16.0
2024-01-09,Cornell Big Red,91.0,home,0.0,0.0,True,12.0
2024-01-09,Columbia Lions,79.0,away,0.0,0.0,False,-12.0
2024-01-10,Baylor Bears,81.0,home,0.0,0.0,True,9.0
2024-01-10,BYU Cougars,72.0,away,0.0,0.0,False,-9.0
2024-01-10,Pittsburgh Panthers,53.0,home,0.0,0.0,False,-22.0
2024-01-10,Duke Blue Devils,75.0,away,0.0,0.0,True,22.0
2024-01-10,DePaul Blue Demons,58.0,home,0.0,0.0,False,-26.0
2024-01-10,Creighton Bluejays,84.0,away,0.0,0.0,True,26.0
2024-01-10,Cincinnati Bearcats,73.0,home,0.0,0.0,False,-1.0
2024-01-10,Texas Longhorns,74.0,away,0.0,0.0,True,1.0
2024-01-10,San José State Spartans,78.0,home,0.0,0.0,False,-3.0
2024-01-10,San Diego State Aztecs,81.0,away,0.0,0.0,True,3.0
2024-01-10,Iowa State Cyclones,57.0,home,0.0,0.0,True,4.0
2024-01-10,Houston Cougars,53.0,away,0.0,0.0,False,-4.0
2024-01-10,Davidson Wildcats,74.0,home,0.0,0.0,False,-5.0
2024-01-10,Rhode Island Rams,79.0,away,0.0,0.0,True,5.0
2024-01-09,Georgetown Hoyas,70.0,home,0.0,0.0,False,-4.0
2024-01-09,Seton Hall Pirates,74.0,away,0.0,0.0,True,4.0
2024-01-10,George Mason Patriots,50.0,home,0.0,0.0,False,-4.0
2024-01-10,VCU Rams,54.0,away,0.0,0.0,True,4.0
2024-01-10,Alabama Crimson Tide,74.0,home,0.0,0.0,True,27.0
2024-01-10,South Carolina Gamecocks,47.0,away,0.0,0.0,False,-27.0
2024-01-10,West Virginia Mountaineers,67.0,home,0.0,0.0,False,-14.0
2024-01-10,Kansas State Wildcats,81.0,away,0.0,0.0,True,14.0
2024-01-10,Bowling Green Falcons,83.0,home,0.0,0.0,True,5.0
2024-01-10,Ohio Bobcats,78.0,away,0.0,0.0,False,-5.0
2024-01-10,Buffalo Bulls,65.0,home,0.0,0.0,False,-21.0
2024-01-10,Miami (OH) RedHawks,86.0,away,0.0,0.0,True,21.0
2024-01-10,Nicholls Colonels,66.0,home,0.0,0.0,True,5.0
2024-01-10,SE Louisiana Lions,61.0,away,0.0,0.0,False,-5.0
2024-01-10,Brown Bears,70.0,home,0.0,0.0,False,-10.0
2024-01-10,Yale Bulldogs,80.0,away,0.0,0.0,True,10.0
2024-01-10,Loyola Chicago Ramblers,56.0,home,0.0,0.0,False,-2.0
2024-01-10,Richmond Spiders,58.0,away,0.0,0.0,True,2.0
2024-01-10,Texas Tech Red Raiders,90.0,home,0.0,0.0,True,17.0
2024-01-10,Oklahoma State Cowboys,73.0,away,0.0,0.0,False,-17.0
2024-01-10,LSU Tigers,77.0,home,0.0,0.0,True,8.0
2024-01-10,Vanderbilt Commodores,69.0,away,0.0,0.0,False,-8.0
2024-01-10,UNLV Rebels,83.0,home,0.0,0.0,True,10.0
2024-01-10,New Mexico Lobos,73.0,away,0.0,0.0,False,-10.0
2024-01-10,Nevada Wolf Pack,67.0,home,0.0,0.0,True,13.0
2024-01-10,Air Force Falcons,54.0,away,0.0,0.0,False,-13.0
2024-01-10,Ball State Cardinals,76.0,home,0.0,0.0,False,-4.0
2024-01-10,Akron Zips,80.0,away,0.0,0.0,True,4.0
2024-01-10,Kent State Golden Flashes,75.0,home,0.0,0.0,False,-14.0
2024-01-10,Toledo Rockets,89.0,away,0.0,0.0,True,14.0
2024-01-10,Western Michigan Broncos,95.0,home,0.0,0.0,True,5.0
2024-01-10,Northern Illinois Huskies,90.0,away,0.0,0.0,False,-5.0
2024-01-10,Georgia Tech Yellow Jackets,68.0,home,0.0,0.0,False,-7.0
2024-01-10,Notre Dame Fighting Irish,75.0,away,0.0,0.0,True,7.0
2024-01-12,Indiana Hoosiers,74.0,home,0.0,0.0,True,12.0
2024-01-12,Minnesota Golden Gophers,62.0,away,0.0,0.0,False,-12.0
2024-01-13,Akron Zips,76.0,home,0.0,0.0,True,17.0
2024-01-13,Buffalo Bulls,59.0,away,0.0,0.0,False,-17.0
2024-01-13,Robert Morris Colonials,91.0,home,0.0,0.0,True,3.0
2024-01-13,Purdue Fort Wayne Mastodons,88.0,away,0.0,0.0,False,-3.0
2024-01-13,Villanova Wildcats,94.0,home,0.0,0.0,True,25.0
2024-01-13,DePaul Blue Demons,69.0,away,0.0,0.0,False,-25.0
2024-01-13,South Florida Bulls,81.0,home,0.0,0.0,True,8.0
2024-01-13,Rice Owls,73.0,away,0.0,0.0,False,-8.0
2024-01-13,North Florida Ospreys,82.0,home,0.0,0.0,True,8.0
2024-01-13,Jacksonville Dolphins,74.0,away,0.0,0.0,False,-8.0
2024-01-13,Canisius Golden Griffins,67.0,home,0.0,0.0,True,4.0
2024-01-13,Siena Saints,63.0,away,0.0,0.0,False,-4.0
2024-01-13,Queens University Royals,66.0,home,0.0,0.0,False,-18.0
2024-01-13,Stetson Hatters,84.0,away,0.0,0.0,True,18.0
2024-01-13,Rider Broncs,71.0,home,0.0,0.0,True,13.0
2024-01-13,Manhattan Jaspers,58.0,away,0.0,0.0,False,-13.0
2024-01-13,Kennesaw State Owls,78.0,home,0.0,0.0,True,3.0
2024-01-13,Florida Gulf Coast Eagles,75.0,away,0.0,0.0,False,-3.0
2024-01-13,Nevada Wolf Pack,56.0,home,0.0,0.0,False,-8.0
2024-01-13,Boise State Broncos,64.0,away,0.0,0.0,True,8.0
2024-01-13,Youngstown State Penguins,81.0,home,0.0,0.0,True,10.0
2024-01-13,Wright State Raiders,71.0,away,0.0,0.0,False,-10.0
2024-01-13,Marist Red Foxes,55.0,home,0.0,0.0,False,-11.0
2024-01-13,Quinnipiac Bobcats,66.0,away,0.0,0.0,True,11.0
2024-01-12,Milwaukee Panthers,88.0,home,0.0,0.0,True,8.0
2024-01-12,Cleveland State Vikings,80.0,away,0.0,0.0,False,-8.0
2024-01-13,Duquesne Dukes,62.0,home,0.0,0.0,False,-10.0
2024-01-13,Dayton Flyers,72.0,away,0.0,0.0,True,10.0
2024-01-13,Iowa Hawkeyes,94.0,home,0.0,0.0,True,18.0
2024-01-13,Nebraska Cornhuskers,76.0,away,0.0,0.0,False,-18.0
2024-01-13,Niagara Purple Eagles,96.0,home,0.0,0.0,True,24.0
2024-01-13,Fairfield Stags,72.0,away,0.0,0.0,False,-24.0
2024-01-10,St. John's Red Storm,75.0,home,0.0,0.0,True,2.0
2024-01-10,Providence Friars,73.0,away,0.0,0.0,False,-2.0
2024-01-11,Memphis Tigers,107.0,home,0.0,0.0,True,6.0
2024-01-11,UTSA Roadrunners,101.0,away,0.0,0.0,False,-6.0
2024-01-10,Youngstown State Penguins,93.0,home,0.0,0.0,True,8.0
2024-01-10,Purdue Fort Wayne Mastodons,85.0,away,0.0,0.0,False,-8.0
2024-01-11,Marquette Golden Eagles,62.0,home,0.0,0.0,False,-7.0
2024-01-11,Butler Bulldogs,69.0,away,0.0,0.0,True,7.0
2024-01-11,Mississippi State Bulldogs,77.0,home,0.0,0.0,True,5.0
2024-01-11,Tennessee Volunteers,72.0,away,0.0,0.0,False,-5.0
2024-01-11,Virginia Tech Hokies,87.0,home,0.0,0.0,True,15.0
2024-01-11,Clemson Tigers,72.0,away,0.0,0.0,False,-15.0
2024-01-11,NC State Wolfpack,54.0,home,0.0,0.0,False,-13.0
2024-01-11,North Carolina Tar Heels,67.0,away,0.0,0.0,True,13.0
2024-01-10,IU Indianapolis Jaguars,58.0,home,0.0,0.0,False,-10.0
2024-01-10,Green Bay Phoenix,68.0,away,0.0,0.0,True,10.0
2024-01-11,Miami Hurricanes,71.0,home,0.0,0.0,False,-9.0
2024-01-11,Louisville Cardinals,80.0,away,0.0,0.0,True,9.0
2024-01-11,Ohio State Buckeyes,60.0,home,0.0,0.0,False,-11.0
2024-01-11,Wisconsin Badgers,71.0,away,0.0,0.0,True,11.0
2024-01-11,Temple Owls,62.0,home,0.0,0.0,False,-11.0
2024-01-11,East Carolina Pirates,73.0,away,0.0,0.0,True,11.0
2024-01-11,High Point Panthers,84.0,home,0.0,0.0,True,5.0
2024-01-11,UNC Asheville Bulldogs,79.0,away,0.0,0.0,False,-5.0
2024-01-11,Xavier Musketeers,75.0,home,0.0,0.0,False,-5.0
2024-01-11,UConn Huskies,80.0,away,0.0,0.0,True,5.0
2024-01-11,TCU Horned Frogs,80.0,home,0.0,0.0,True,9.0
2024-01-11,Oklahoma Sooners,71.0,away,0.0,0.0,False,-9.0
2024-01-11,Charlotte 49ers,84.0,home,0.0,0.0,True,8.0
2024-01-11,Tulsa Golden Hurricane,76.0,away,0.0,0.0,False,-8.0
2024-01-11,UCF Knights,65.0,home,0.0,0.0,True,5.0
2024-01-11,Kansas Jayhawks,60.0,away,0.0,0.0,False,-5.0
2024-01-10,Army Black Knights,65.0,home,0.0,0.0,False,-6.0
2024-01-10,Loyola Maryland Greyhounds,71.0,away,0.0,0.0,True,6.0
2024-01-10,Penn State Nittany Lions,72.0,home,0.0,0.0,False,-4.0
2024-01-10,Northwestern Wildcats,76.0,away,0.0,0.0,True,4.0
2024-01-11,Presbyterian Blue Hose,71.0,home,0.0,0.0,False,-10.0
2024-01-11,Winthrop Eagles,81.0,away,0.0,0.0,True,10.0
2024-01-11,Gardner-Webb Runnin' Bulldogs,74.0,home,0.0,0.0,False,-12.0
2024-01-11,Charleston Southern Buccaneers,86.0,away,0.0,0.0,True,12.0
2024-01-11,Holy Cross Crusaders,70.0,home,0.0,0.0,False,-10.0
2024-01-11,Navy Midshipmen,80.0,away,0.0,0.0,True,10.0
2024-01-11,Lehigh Mountain Hawks,80.0,home,0.0,0.0,False,-6.0
2024-01-11,Bucknell Bison,86.0,away,0.0,0.0,True,6.0
2024-01-11,Massachusetts Minutemen,81.0,home,0.0,0.0,True,16.0
2024-01-11,La Salle Explorers,65.0,away,0.0,0.0,False,-16.0
2024-01-11,Saint Louis Billikens,88.0,home,0.0,0.0,True,3.0
2024-01-11,Saint Joseph's Hawks,85.0,away,0.0,0.0,False,-3.0
2024-01-11,Wofford Terriers,74.0,home,0.0,0.0,True,1.0
2024-01-11,Mercer Bears,73.0,away,0.0,0.0,False,-1.0
2024-01-11,Robert Morris Colonials,76.0,home,0.0,0.0,False,-25.0
2024-01-11,Wright State Raiders,101.0,away,0.0,0.0,True,25.0
2024-01-11,Boston University Terriers,72.0,home,0.0,0.0,True,4.0
2024-01-11,American University Eagles,68.0,away,0.0,0.0,False,-4.0
2024-01-11,Colgate Raiders,64.0,home,0.0,0.0,False,-5.0
2024-01-11,Lafayette Leopards,69.0,away,0.0,0.0,True,5.0
2024-01-11,East Tennessee State Buccaneers,66.0,home,0.0,0.0,False,-14.0
2024-01-11,Western Carolina Catamounts,80.0,away,0.0,0.0,True,14.0
2024-01-11,Furman Paladins,82.0,home,0.0,0.0,True,14.0
2024-01-11,The Citadel Bulldogs,68.0,away,0.0,0.0,False,-14.0
2024-01-11,Kennesaw State Owls,88.0,home,0.0,0.0,True,18.0
2024-01-11,Stetson Hatters,70.0,away,0.0,0.0,False,-18.0
2024-01-11,Queens University Royals,78.0,home,0.0,0.0,True,3.0
2024-01-11,Florida Gulf Coast Eagles,75.0,away,0.0,0.0,False,-3.0
2024-01-11,Fairleigh Dickinson Knights,74.0,home,0.0,0.0,False,-1.0
2024-01-11,Chicago State Cougars,75.0,away,0.0,0.0,True,1.0
2024-01-11,Oakland Golden Grizzlies,70.0,home,0.0,0.0,True,5.0
2024-01-11,Northern Kentucky Norse,65.0,away,0.0,0.0,False,-5.0
2024-01-11,Belmont Bruins,67.0,home,0.0,0.0,True,7.0
2024-01-11,Illinois State Redbirds,60.0,away,0.0,0.0,False,-7.0
2024-01-11,Liberty Flames,51.0,home,0.0,0.0,False,-10.0
2024-01-11,Jacksonville State Gamecocks,61.0,away,0.0,0.0,True,10.0
2024-01-11,Marshall Thundering Herd,79.0,home,0.0,0.0,True,5.0
2024-01-11,Georgia Southern Eagles,74.0,away,0.0,0.0,False,-5.0
2024-01-11,Valparaiso Beacons,68.0,home,0.0,0.0,False,-9.0
2024-01-11,Southern Illinois Salukis,77.0,away,0.0,0.0,True,9.0
2024-01-11,Northern Iowa Panthers,67.0,home,0.0,0.0,True,8.0
2024-01-11,UIC Flames,59.0,away,0.0,0.0,False,-8.0
2024-01-11,Sam Houston Bearkats,78.0,home,0.0,0.0,True,4.0
2024-01-11,Western Kentucky Hilltoppers,74.0,away,0.0,0.0,False,-4.0
2024-01-11,Troy Trojans,79.0,home,0.0,0.0,True,6.0
2024-01-11,Louisiana Ragin' Cajuns,73.0,away,0.0,0.0,False,-6.0
2024-01-11,Missouri State Bears,53.0,home,0.0,0.0,False,-24.0
2024-01-11,Murray State Racers,77.0,away,0.0,0.0,True,24.0
2024-01-11,Drake Bulldogs,89.0,home,0.0,0.0,True,11.0
2024-01-11,Indiana State Sycamores,78.0,away,0.0,0.0,False,-11.0
2024-01-11,Bradley Braves,86.0,home,0.0,0.0,True,36.0
2024-01-11,Evansville Purple Aces,50.0,away,0.0,0.0,False,-36.0
2024-01-11,Ole Miss Rebels,103.0,home,0.0,0.0,True,18.0
2024-01-11,Florida Gators,85.0,away,0.0,0.0,False,-18.0
2024-01-11,Georgia Bulldogs,76.0,home,0.0,0.0,True,10.0
2024-01-11,Arkansas Razorbacks,66.0,away,0.0,0.0,False,-10.0
2024-01-11,Syracuse Orange,69.0,home,0.0,0.0,True,10.0
2024-01-11,Boston College Eagles,59.0,away,0.0,0.0,False,-10.0
2024-01-11,USC Trojans,64.0,home,0.0,0.0,False,-8.0
2024-01-11,Washington State Cougars,72.0,away,0.0,0.0,True,8.0
2024-01-11,California Golden Bears,82.0,home,0.0,0.0,True,4.0
2024-01-11,Colorado Buffaloes,78.0,away,0.0,0.0,False,-4.0
2024-01-14,Illinois Fighting Illini,67.0,home,0.0,0.0,False,-9.0
2024-01-14,Maryland Terrapins,76.0,away,0.0,0.0,True,9.0
2024-01-14,Florida Atlantic Owls,86.0,home,0.0,0.0,True,13.0
2024-01-14,UAB Blazers,73.0,away,0.0,0.0,False,-13.0
2024-01-14,Tulsa Golden Hurricane,87.0,home,0.0,0.0,False,-7.0
2024-01-14,Tulane Green Wave,94.0,away,0.0,0.0,True,7.0
2024-01-14,Manhattan Jaspers,68.0,home,0.0,0.0,False,-13.0
2024-01-14,Saint Peter's Peacocks,81.0,away,0.0,0.0,True,13.0
2024-01-14,Louisiana Tech Bulldogs,80.0,home,0.0,0.0,True,4.0
2024-01-14,Liberty Flames,76.0,away,0.0,0.0,False,-4.0
2024-01-14,UConn Huskies,80.0,home,0.0,0.0,True,13.0
2024-01-14,Georgetown Hoyas,67.0,away,0.0,0.0,False,-13.0
2024-01-14,Wichita State Shockers,86.0,home,0.0,0.0,False,-26.0
2024-01-14,Memphis Tigers,112.0,away,0.0,0.0,True,26.0
2024-01-14,Illinois State Redbirds,50.0,home,0.0,0.0,False,-9.0
2024-01-14,Valparaiso Beacons,59.0,away,0.0,0.0,True,9.0
2024-01-14,UNC Wilmington Seahawks,79.0,home,0.0,0.0,True,5.0
2024-01-14,Delaware Blue Hens,74.0,away,0.0,0.0,False,-5.0
2024-01-14,Marist Red Foxes,83.0,home,0.0,0.0,True,23.0
2024-01-14,Rider Broncs,60.0,away,0.0,0.0,False,-23.0
2024-01-14,Iona Gaels,87.0,home,0.0,0.0,True,17.0
2024-01-14,Mount St. Mary's Mountaineers,70.0,away,0.0,0.0,False,-17.0
2024-01-14,Michigan State Spartans,73.0,home,0.0,0.0,True,18.0
2024-01-14,Rutgers Scarlet Knights,55.0,away,0.0,0.0,False,-18.0
2024-01-14,Green Bay Phoenix,79.0,home,0.0,0.0,True,8.0
2024-01-14,Cleveland State Vikings,71.0,away,0.0,0.0,False,-8.0
2024-01-15,UCLA Bruins,73.0,home,0.0,0.0,True,12.0
2024-01-15,Washington Huskies,61.0,away,0.0,0.0,False,-12.0
2024-01-14,Stanford Cardinal,79.0,home,0.0,0.0,True,6.0
2024-01-14,Utah Utes,73.0,away,0.0,0.0,False,-6.0
2024-01-14,Murray State Racers,60.0,home,0.0,0.0,False,-10.0
2024-01-14,Northern Iowa Panthers,70.0,away,0.0,0.0,True,10.0
2024-01-11,UMass Lowell River Hawks,70.0,home,0.0,0.0,True,8.0
2024-01-11,NJIT Highlanders,62.0,away,0.0,0.0,False,-8.0
2024-01-12,Towson Tigers,73.0,home,0.0,0.0,True,9.0
2024-01-12,Stony Brook Seawolves,64.0,away,0.0,0.0,False,-9.0
2024-01-11,Maine Black Bears,74.0,home,0.0,0.0,False,-5.0
2024-01-11,New Hampshire Wildcats,79.0,away,0.0,0.0,True,5.0
2024-01-12,Coastal Carolina Chanticleers,45.0,home,0.0,0.0,False,-25.0
2024-01-12,App State Mountaineers,70.0,away,0.0,0.0,True,25.0
2024-01-12,Charleston Cougars,80.0,home,0.0,0.0,True,18.0
2024-01-12,Elon Phoenix,62.0,away,0.0,0.0,False,-18.0
2024-01-12,Georgia State Panthers,77.0,home,0.0,0.0,True,7.0
2024-01-12,Old Dominion Monarchs,70.0,away,0.0,0.0,False,-7.0
2024-01-12,Illinois Fighting Illini,71.0,home,0.0,0.0,True,3.0
2024-01-12,Michigan State Spartans,68.0,away,0.0,0.0,False,-3.0
2024-01-12,Chattanooga Mocs,109.0,home,0.0,0.0,True,48.0
2024-01-12,VMI Keydets,61.0,away,0.0,0.0,False,-48.0
2024-01-12,UNC Wilmington Seahawks,69.0,home,0.0,0.0,True,13.0
2024-01-12,Monmouth Hawks,56.0,away,0.0,0.0,False,-13.0
2024-01-12,Campbell Fighting Camels,62.0,home,0.0,0.0,False,-6.0
2024-01-12,Delaware Blue Hens,68.0,away,0.0,0.0,True,6.0
2024-01-12,Vermont Catamounts,77.0,home,0.0,0.0,True,5.0
2024-01-12,UMBC Retrievers,72.0,away,0.0,0.0,False,-5.0
2024-01-12,Florida International Panthers,77.0,home,0.0,0.0,True,10.0
2024-01-12,New Mexico State Aggies,67.0,away,0.0,0.0,False,-10.0
2024-01-12,Santa Clara Broncos,77.0,home,0.0,0.0,True,1.0
2024-01-12,Gonzaga Bulldogs,76.0,away,0.0,0.0,False,-1.0
2024-01-12,Hampton Pirates,61.0,home,0.0,0.0,False,-12.0
2024-01-12,William & Mary Tribe,73.0,away,0.0,0.0,True,12.0
2024-01-12,Maryland Terrapins,64.0,home,0.0,0.0,True,7.0
2024-01-12,Michigan Wolverines,57.0,away,0.0,0.0,False,-7.0
2024-01-12,Tulane Green Wave,84.0,home,0.0,0.0,False,-1.0
2024-01-12,Florida Atlantic Owls,85.0,away,0.0,0.0,True,1.0
2024-01-12,Northeastern Huskies,71.0,home,0.0,0.0,True,3.0
2024-01-12,Hofstra Pride,68.0,away,0.0,0.0,False,-3.0
2024-01-12,North Carolina A&T Aggies,63.0,home,0.0,0.0,False,-4.0
2024-01-12,Drexel Dragons,67.0,away,0.0,0.0,True,4.0
2024-01-12,Bryant Bulldogs,77.0,home,0.0,0.0,True,8.0
2024-01-12,Binghamton Bearcats,69.0,away,0.0,0.0,False,-8.0
2024-01-12,James Madison Dukes,89.0,home,0.0,0.0,True,34.0
2024-01-12,South Alabama Jaguars,55.0,away,0.0,0.0,False,-34.0
2024-01-12,Eastern Illinois Panthers,52.0,home,0.0,0.0,False,-26.0
2024-01-12,Morehead State Eagles,78.0,away,0.0,0.0,True,26.0
2024-01-12,Southeast Missouri State Redhawks,68.0,home,0.0,0.0,False,-6.0
2024-01-12,Lindenwood Lions,74.0,away,0.0,0.0,True,6.0
2024-01-12,UT Arlington Mavericks,83.0,home,0.0,0.0,True,14.0
2024-01-12,Utah Valley Wolverines,69.0,away,0.0,0.0,False,-14.0
2024-01-12,St. Thomas-Minnesota Tommies,80.0,home,0.0,0.0,False,-1.0
2024-01-12,South Dakota State Jackrabbits,81.0,away,0.0,0.0,True,1.0
2024-01-12,Oral Roberts Golden Eagles,84.0,home,0.0,0.0,True,18.0
2024-01-12,South Dakota Coyotes,66.0,away,0.0,0.0,False,-18.0
2024-01-12,UT Martin Skyhawks,64.0,home,0.0,0.0,False,-9.0
2024-01-12,Western Illinois Leathernecks,73.0,away,0.0,0.0,True,9.0
2024-01-12,Kansas City Roos,91.0,home,0.0,0.0,False,-1.0
2024-01-12,North Dakota State Bison,92.0,away,0.0,0.0,True,1.0
2024-01-12,Samford Bulldogs,79.0,home,0.0,0.0,True,9.0
2024-01-12,UNC Greensboro Spartans,70.0,away,0.0,0.0,False,-9.0
2024-01-12,UT Rio Grande Valley Vaqueros,81.0,home,0.0,0.0,True,1.0
2024-01-12,Seattle U Redhawks,80.0,away,0.0,0.0,False,-1.0
2024-01-12,Omaha Mavericks,79.0,home,0.0,0.0,True,18.0
2024-01-12,North Dakota Fighting Hawks,61.0,away,0.0,0.0,False,-18.0
2024-01-12,Central Arkansas Bears,63.0,home,0.0,0.0,False,-23.0
2024-01-12,Eastern Kentucky Colonels,86.0,away,0.0,0.0,True,23.0
2024-01-12,SIU Edwardsville Cougars,67.0,home,0.0,0.0,True,3.0
2024-01-12,Southern Indiana Screaming Eagles,64.0,away,0.0,0.0,False,-3.0
2024-01-12,North Alabama Lions,69.0,home,0.0,0.0,True,16.0
2024-01-12,Bellarmine Knights,53.0,away,0.0,0.0,False,-16.0
2024-01-12,Longwood Lancers,58.0,home,0.0,0.0,False,-11.0
2024-01-12,Radford Highlanders,69.0,away,0.0,0.0,True,11.0
2024-01-12,Alabama A&M Bulldogs,71.0,home,0.0,0.0,False,-3.0
2024-01-12,Alcorn State Braves,74.0,away,0.0,0.0,True,3.0
2024-01-12,Alabama State Hornets,63.0,home,0.0,0.0,False,-10.0
2024-01-12,Jackson State Tigers,73.0,away,0.0,0.0,True,10.0
2024-01-12,Arkansas State Red Wolves,85.0,home,0.0,0.0,True,3.0
2024-01-12,Texas State Bobcats,82.0,away,0.0,0.0,False,-3.0
2024-01-12,UL Monroe Warhawks,58.0,home,0.0,0.0,False,-13.0
2024-01-12,Southern Miss Golden Eagles,71.0,away,0.0,0.0,True,13.0
2024-01-12,Utah Utes,90.0,home,0.0,0.0,True,46.0
2024-01-12,UCLA Bruins,44.0,away,0.0,0.0,False,-46.0
2024-01-12,Utah Tech Trailblazers,75.0,home,0.0,0.0,True,5.0
2024-01-12,Stephen F. Austin Lumberjacks,70.0,away,0.0,0.0,False,-5.0
2024-01-12,Montana State Bobcats,79.0,home,0.0,0.0,True,29.0
2024-01-12,Northern Arizona Lumberjacks,50.0,away,0.0,0.0,False,-29.0
2024-01-12,UC Davis Aggies,95.0,home,0.0,0.0,True,20.0
2024-01-12,Cal State Northridge Matadors,75.0,away,0.0,0.0,False,-20.0
2024-01-12,Pepperdine Waves,93.0,home,0.0,0.0,True,15.0
2024-01-12,Pacific Tigers,78.0,away,0.0,0.0,False,-15.0
2024-01-12,San Diego Toreros,63.0,home,0.0,0.0,False,-20.0
2024-01-12,San Francisco Dons,83.0,away,0.0,0.0,True,20.0
2024-01-12,Portland State Vikings,63.0,home,0.0,0.0,False,-6.0
2024-01-12,Idaho State Bengals,69.0,away,0.0,0.0,True,6.0
2024-01-12,California Baptist Lancers,77.0,home,0.0,0.0,True,14.0
2024-01-12,Tarleton State Texans,63.0,away,0.0,0.0,False,-14.0
2024-01-12,Sacramento State Hornets,71.0,home,0.0,0.0,True,2.0
2024-01-12,Weber State Wildcats,69.0,away,0.0,0.0,False,-2.0
2024-01-12,Montana Grizzlies,92.0,home,0.0,0.0,False,-6.0
2024-01-12,Northern Colorado Bears,98.0,away,0.0,0.0,True,6.0
2024-01-12,Grand Canyon Lopes,74.0,home,0.0,0.0,True,10.0
2024-01-12,Abilene Christian Wildcats,64.0,away,0.0,0.0,False,-10.0
2024-01-12,UC San Diego Tritons,88.0,home,0.0,0.0,True,14.0
2024-01-12,Long Beach State Beach,74.0,away,0.0,0.0,False,-14.0
2024-01-12,Middle Tennessee Blue Raiders,52.0,home,0.0,0.0,False,-8.0
2024-01-12,Louisiana Tech Bulldogs,60.0,away,0.0,0.0,True,8.0
2024-01-12,Oregon State Beavers,84.0,home,0.0,0.0,False,-4.0
2024-01-12,Stanford Cardinal,88.0,away,0.0,0.0,True,4.0
2024-01-12,UC Riverside Highlanders,71.0,home,0.0,0.0,True,15.0
2024-01-12,Cal Poly Mustangs,56.0,away,0.0,0.0,False,-15.0
2024-01-12,UC Santa Barbara Gauchos,66.0,home,0.0,0.0,True,2.0
2024-01-12,Cal State Bakersfield Roadrunners,64.0,away,0.0,0.0,False,-2.0
2024-01-12,Hawai'i Rainbow Warriors,50.0,home,0.0,0.0,False,-10.0
2024-01-12,UC Irvine Anteaters,60.0,away,0.0,0.0,True,10.0
2024-01-12,Washington Huskies,82.0,home,0.0,0.0,True,15.0
2024-01-12,Arizona State Sun Devils,67.0,away,0.0,0.0,False,-15.0
2024-01-12,Saint Mary's Gaels,95.0,home,0.0,0.0,True,43.0
2024-01-12,Portland Pilots,52.0,away,0.0,0.0,False,-43.0
2024-01-15,Texas Southern Tigers,93.0,home,0.0,0.0,True,32.0
2024-01-15,Mississippi Valley State Delta Devils,61.0,away,0.0,0.0,False,-32.0
2024-01-15,Niagara Purple Eagles,88.0,home,0.0,0.0,False,-5.0
2024-01-15,Siena Saints,93.0,away,0.0,0.0,True,5.0
2024-01-15,Cornell Big Red,77.0,home,0.0,0.0,True,17.0
2024-01-15,Pennsylvania Quakers,60.0,away,0.0,0.0,False,-17.0
2024-01-15,Princeton Tigers,76.0,home,0.0,0.0,True,18.0
2024-01-15,Dartmouth Big Green,58.0,away,0.0,0.0,False,-18.0
2024-01-16,Stetson Hatters,70.0,home,0.0,0.0,False,-7.0
2024-01-16,Chicago State Cougars,77.0,away,0.0,0.0,True,7.0
2024-01-15,Minnesota Golden Gophers,77.0,home,0.0,0.0,False,-9.0
2024-01-15,Iowa Hawkeyes,86.0,away,0.0,0.0,True,9.0
2024-01-16,Boston College Eagles,63.0,home,0.0,0.0,True,4.0
2024-01-16,Notre Dame Fighting Irish,59.0,away,0.0,0.0,False,-4.0
2024-01-16,Norfolk State Spartans,118.0,home,0.0,0.0,True,45.0
2024-01-16,Virginia-Lynchburg Dragons,73.0,away,0.0,0.0,False,-45.0
2024-01-15,Central Connecticut Blue Devils,75.0,home,0.0,0.0,True,5.0
2024-01-15,Merrimack Warriors,70.0,away,0.0,0.0,False,-5.0
2024-01-15,Canisius Golden Griffins,63.0,home,0.0,0.0,False,-25.0
2024-01-15,Fairfield Stags,88.0,away,0.0,0.0,True,25.0
2024-01-15,Marquette Golden Eagles,87.0,home,0.0,0.0,True,13.0
2024-01-15,Villanova Wildcats,74.0,away,0.0,0.0,False,-13.0
2024-01-16,Howard Bison,78.0,home,0.0,0.0,True,6.0
2024-01-16,Morehouse Maroon Tigers,72.0,away,0.0,0.0,False,-6.0
2024-01-15,Michigan Wolverines,73.0,home,0.0,0.0,True,8.0
2024-01-15,Ohio State Buckeyes,65.0,away,0.0,0.0,False,-8.0
2024-01-15,Harvard Crimson,72.0,home,0.0,0.0,False,-2.0
2024-01-15,Brown Bears,74.0,away,0.0,0.0,True,2.0
2024-01-15,Wagner Seahawks,64.0,home,0.0,0.0,True,10.0
2024-01-15,Stonehill Skyhawks,54.0,away,0.0,0.0,False,-10.0
2024-01-15,George Washington Revolutionaries,75.0,home,0.0,0.0,True,13.0
2024-01-15,George Mason Patriots,62.0,away,0.0,0.0,False,-13.0
2024-01-15,Northwestern State Demons,69.0,home,0.0,0.0,True,5.0
2024-01-15,Houston Christian Huskies,64.0,away,0.0,0.0,False,-5.0
2024-01-15,Saint Joseph's Hawks,82.0,home,0.0,0.0,True,20.0
2024-01-15,La Salle Explorers,62.0,away,0.0,0.0,False,-20.0
2024-01-16,Loyola Maryland Greyhounds,52.0,home,0.0,0.0,False,-14.0
2024-01-16,American University Eagles,66.0,away,0.0,0.0,True,14.0
2024-01-16,Le Moyne Dolphins,73.0,home,0.0,0.0,False,-7.0
2024-01-16,Sacred Heart Pioneers,80.0,away,0.0,0.0,True,7.0
2024-01-16,Alabama State Hornets,72.0,home,0.0,0.0,True,17.0
2024-01-16,Alabama A&M Bulldogs,55.0,away,0.0,0.0,False,-17.0
2024-01-16,SE Louisiana Lions,68.0,home,0.0,0.0,False,-5.0
2024-01-16,Texas A&M-Corpus Christi Islanders,73.0,away,0.0,0.0,True,5.0
2024-01-16,Bethune-Cookman Wildcats,83.0,home,0.0,0.0,True,2.0
2024-01-16,Southern Jaguars,81.0,away,0.0,0.0,False,-2.0
2024-01-16,Yale Bulldogs,89.0,home,0.0,0.0,True,19.0
2024-01-16,Columbia Lions,70.0,away,0.0,0.0,False,-19.0
2024-01-16,Florida A&M Rattlers,52.0,home,0.0,0.0,False,-13.0
2024-01-16,Grambling Tigers,65.0,away,0.0,0.0,True,13.0
2024-01-16,McNeese Cowboys,88.0,home,0.0,0.0,True,19.0
2024-01-16,Lamar Cardinals,69.0,away,0.0,0.0,False,-19.0
2024-01-16,Hampton Pirates,80.0,home,0.0,0.0,False,-1.0
2024-01-16,North Carolina A&T Aggies,81.0,away,0.0,0.0,True,1.0
2024-01-16,Saint Francis Red Flash,71.0,home,0.0,0.0,False,-10.0
2024-01-16,Fairleigh Dickinson Knights,81.0,away,0.0,0.0,True,10.0
2024-01-16,Nicholls Colonels,78.0,home,0.0,0.0,True,3.0
2024-01-16,New Orleans Privateers,75.0,away,0.0,0.0,False,-3.0
2024-01-17,New Mexico Lobos,99.0,home,0.0,0.0,True,13.0
2024-01-17,Utah State Aggies,86.0,away,0.0,0.0,False,-13.0
2024-01-17,Miami (OH) RedHawks,73.0,home,0.0,0.0,False,-5.0
2024-01-17,Bowling Green Falcons,78.0,away,0.0,0.0,True,5.0
2024-01-17,Indiana Hoosiers,66.0,home,0.0,0.0,False,-21.0
2024-01-17,Purdue Boilermakers,87.0,away,0.0,0.0,True,21.0
2024-01-16,Tennessee Volunteers,85.0,home,0.0,0.0,True,19.0
2024-01-16,Florida Gators,66.0,away,0.0,0.0,False,-19.0
2024-01-17,Penn State Nittany Lions,87.0,home,0.0,0.0,True,4.0
2024-01-17,Wisconsin Badgers,83.0,away,0.0,0.0,False,-4.0
2024-01-17,Cincinnati Bearcats,81.0,home,0.0,0.0,True,4.0
2024-01-17,TCU Horned Frogs,77.0,away,0.0,0.0,False,-4.0
2024-01-17,Eastern Michigan Eagles,62.0,home,0.0,0.0,False,-14.0
2024-01-17,Ball State Cardinals,76.0,away,0.0,0.0,True,14.0
2024-01-17,Kansas State Wildcats,68.0,home,0.0,0.0,True,4.0
2024-01-17,Baylor Bears,64.0,away,0.0,0.0,False,-4.0
2024-01-17,Duquesne Dukes,61.0,home,0.0,0.0,False,-2.0
2024-01-17,Richmond Spiders,63.0,away,0.0,0.0,True,2.0
2024-01-17,Dayton Flyers,70.0,home,0.0,0.0,True,5.0
2024-01-17,Saint Louis Billikens,65.0,away,0.0,0.0,False,-5.0
2024-01-17,BYU Cougars,87.0,home,0.0,0.0,True,15.0
2024-01-17,Iowa State Cyclones,72.0,away,0.0,0.0,False,-15.0
2024-01-17,Pittsburgh Panthers,58.0,home,0.0,0.0,False,-11.0
2024-01-17,Syracuse Orange,69.0,away,0.0,0.0,True,11.0
2024-01-16,Xavier Musketeers,85.0,home,0.0,0.0,True,14.0
2024-01-16,Butler Bulldogs,71.0,away,0.0,0.0,False,-14.0
2024-01-17,NC State Wolfpack,83.0,home,0.0,0.0,True,7.0
2024-01-17,Wake Forest Demon Deacons,76.0,away,0.0,0.0,False,-7.0
2024-01-16,Western Carolina Catamounts,71.0,home,0.0,0.0,False,-4.0
2024-01-16,Samford Bulldogs,75.0,away,0.0,0.0,True,4.0
2024-01-17,Ohio Bobcats,73.0,home,0.0,0.0,True,12.0
2024-01-17,Central Michigan Chippewas,61.0,away,0.0,0.0,False,-12.0
2024-01-17,Indiana State Sycamores,88.0,home,0.0,0.0,True,22.0
2024-01-17,Missouri State Bears,66.0,away,0.0,0.0,False,-22.0
2024-01-17,Akron Zips,77.0,home,0.0,0.0,True,11.0
2024-01-17,Western Michigan Broncos,66.0,away,0.0,0.0,False,-11.0
2024-01-17,Oklahoma State Cowboys,66.0,home,0.0,0.0,False,-24.0
2024-01-17,Kansas Jayhawks,90.0,away,0.0,0.0,True,24.0
2024-01-17,Alabama Crimson Tide,93.0,home,0.0,0.0,True,18.0
2024-01-17,Missouri Tigers,75.0,away,0.0,0.0,False,-18.0
2024-01-17,Toledo Rockets,77.0,home,0.0,0.0,True,11.0
2024-01-17,Buffalo Bulls,66.0,away,0.0,0.0,False,-11.0
2024-01-17,Rice Owls,79.0,home,0.0,0.0,False,-2.0
2024-01-17,Charlotte 49ers,81.0,away,0.0,0.0,True,2.0
2024-01-17,Colorado State Rams,78.0,home,0.0,0.0,True,9.0
2024-01-17,Air Force Falcons,69.0,away,0.0,0.0,False,-9.0
2024-01-17,Clemson Tigers,90.0,home,0.0,0.0,False,-3.0
2024-01-17,Georgia Tech Yellow Jackets,93.0,away,0.0,0.0,True,3.0
2024-01-17,Boise State Broncos,64.0,home,0.0,0.0,False,-4.0
2024-01-17,UNLV Rebels,68.0,away,0.0,0.0,True,4.0
2024-01-17,SMU Mustangs,77.0,home,0.0,0.0,True,13.0
2024-01-17,Temple Owls,64.0,away,0.0,0.0,False,-13.0
2024-01-17,Arkansas Razorbacks,78.0,home,0.0,0.0,True,1.0
2024-01-17,Texas A&M Aggies,77.0,away,0.0,0.0,False,-1.0
2024-01-17,Northern Illinois Huskies,76.0,home,0.0,0.0,False,-7.0
2024-01-17,Kent State Golden Flashes,83.0,away,0.0,0.0,True,7.0
2024-01-17,South Carolina Gamecocks,69.0,home,0.0,0.0,False,-5.0
2024-01-17,Georgia Bulldogs,74.0,away,0.0,0.0,True,5.0
2024-01-17,Fresno State Bulldogs,85.0,home,0.0,0.0,True,3.0
2024-01-17,San José State Spartans,82.0,away,0.0,0.0,False,-3.0
2024-01-17,Seton Hall Pirates,80.0,home,0.0,0.0,True,15.0
2024-01-17,St. John's Red Storm,65.0,away,0.0,0.0,False,-15.0
2024-01-20,Central Connecticut Blue Devils,73.0,home,0.0,0.0,False,-2.0
2024-01-20,Le Moyne Dolphins,75.0,away,0.0,0.0,True,2.0
2024-01-20,VCU Rams,85.0,home,0.0,0.0,True,24.0
2024-01-20,Saint Louis Billikens,61.0,away,0.0,0.0,False,-24.0
2024-01-20,Iona Gaels,70.0,home,0.0,0.0,True,12.0
2024-01-20,Canisius Golden Griffins,58.0,away,0.0,0.0,False,-12.0
2024-01-19,Stonehill Skyhawks,69.0,home,0.0,0.0,False,-7.0
2024-01-19,Fairleigh Dickinson Knights,76.0,away,0.0,0.0,True,7.0
2024-01-20,Colorado State Rams,78.0,home,0.0,0.0,True,3.0
2024-01-20,UNLV Rebels,75.0,away,0.0,0.0,False,-3.0
2024-01-20,Mount St. Mary's Mountaineers,65.0,home,0.0,0.0,True,17.0
2024-01-20,Marist Red Foxes,48.0,away,0.0,0.0,False,-17.0
2024-01-20,Rider Broncs,74.0,home,0.0,0.0,False,-4.0
2024-01-20,Niagara Purple Eagles,78.0,away,0.0,0.0,True,4.0
2024-01-19,Xavier Musketeers,92.0,home,0.0,0.0,True,1.0
2024-01-19,Georgetown Hoyas,91.0,away,0.0,0.0,False,-1.0
2024-01-20,Wisconsin Badgers,91.0,home,0.0,0.0,True,12.0
2024-01-20,Indiana Hoosiers,79.0,away,0.0,0.0,False,-12.0
2024-01-20,Merrimack Warriors,65.0,home,0.0,0.0,False,-6.0
2024-01-20,Wagner Seahawks,71.0,away,0.0,0.0,True,6.0
2024-01-20,Siena Saints,70.0,home,0.0,0.0,False,-12.0
2024-01-20,Quinnipiac Bobcats,82.0,away,0.0,0.0,True,12.0
2024-01-20,Central Michigan Chippewas,65.0,home,0.0,0.0,True,3.0
2024-01-20,Toledo Rockets,62.0,away,0.0,0.0,False,-3.0
2024-01-20,Kent State Golden Flashes,71.0,home,0.0,0.0,False,-6.0
2024-01-20,Akron Zips,77.0,away,0.0,0.0,True,6.0
2024-01-20,Saint Francis Red Flash,72.0,home,0.0,0.0,True,6.0
2024-01-20,Long Island University Sharks,66.0,away,0.0,0.0,False,-6.0
2024-01-20,Chicago State Cougars,131.0,home,0.0,0.0,True,76.0
2024-01-20,East-West University Phantoms,55.0,away,0.0,0.0,False,-76.0
2024-01-20,Fairfield Stags,76.0,home,0.0,0.0,True,9.0
2024-01-20,Saint Peter's Peacocks,67.0,away,0.0,0.0,False,-9.0
2024-01-18,Vanderbilt Commodores,65.0,home,0.0,0.0,False,-15.0
2024-01-18,Auburn Tigers,80.0,away,0.0,0.0,True,15.0
2024-01-18,Radford Highlanders,68.0,home,0.0,0.0,False,-6.0
2024-01-18,Gardner-Webb Runnin' Bulldogs,74.0,away,0.0,0.0,True,6.0
2024-01-18,Rutgers Scarlet Knights,87.0,home,0.0,0.0,True,5.0
2024-01-18,Nebraska Cornhuskers,82.0,away,0.0,0.0,False,-5.0
2024-01-18,North Carolina Tar Heels,86.0,home,0.0,0.0,True,16.0
2024-01-18,Louisville Cardinals,70.0,away,0.0,0.0,False,-16.0
2024-01-18,East Carolina Pirates,59.0,home,0.0,0.0,False,-1.0
2024-01-18,North Texas Mean Green,60.0,away,0.0,0.0,True,1.0
2024-01-18,Presbyterian Blue Hose,83.0,home,0.0,0.0,False,-3.0
2024-01-18,High Point Panthers,86.0,away,0.0,0.0,True,3.0
2024-01-18,Virginia Cavaliers,65.0,home,0.0,0.0,True,8.0
2024-01-18,Virginia Tech Hokies,57.0,away,0.0,0.0,False,-8.0
2024-01-18,LSU Tigers,89.0,home,0.0,0.0,True,9.0
2024-01-18,Ole Miss Rebels,80.0,away,0.0,0.0,False,-9.0
2024-01-17,Army Black Knights,56.0,home,0.0,0.0,False,-8.0
2024-01-17,Colgate Raiders,64.0,away,0.0,0.0,True,8.0
2024-01-18,Navy Midshipmen,71.0,home,0.0,0.0,True,2.0
2024-01-18,Lehigh Mountain Hawks,69.0,away,0.0,0.0,False,-2.0
2024-01-18,Kentucky Wildcats,90.0,home,0.0,0.0,True,13.0
2024-01-18,Mississippi State Bulldogs,77.0,away,0.0,0.0,False,-13.0
2024-01-18,South Carolina Upstate Spartans,73.0,home,0.0,0.0,True,2.0
2024-01-18,Longwood Lancers,71.0,away,0.0,0.0,False,-2.0
2024-01-18,Miami Hurricanes,75.0,home,0.0,0.0,False,-9.0
2024-01-18,Florida State Seminoles,84.0,away,0.0,0.0,True,9.0
2024-01-18,Oklahoma Sooners,77.0,home,0.0,0.0,True,14.0
2024-01-18,West Virginia Mountaineers,63.0,away,0.0,0.0,False,-14.0
2024-01-18,Holy Cross Crusaders,68.0,home,0.0,0.0,False,-4.0
2024-01-18,Lafayette Leopards,72.0,away,0.0,0.0,True,4.0
2024-01-17,VMI Keydets,60.0,home,0.0,0.0,False,-40.0
2024-01-17,Furman Paladins,100.0,away,0.0,0.0,True,40.0
2024-01-18,Houston Cougars,77.0,home,0.0,0.0,True,23.0
2024-01-18,Texas Tech Red Raiders,54.0,away,0.0,0.0,False,-23.0
2024-01-18,Arizona Wildcats,82.0,home,0.0,0.0,True,15.0
2024-01-18,USC Trojans,67.0,away,0.0,0.0,False,-15.0
2024-01-18,UConn Huskies,62.0,home,0.0,0.0,True,14.0
2024-01-18,Creighton Bluejays,48.0,away,0.0,0.0,False,-14.0
2024-01-17,App State Mountaineers,76.0,home,0.0,0.0,True,8.0
2024-01-17,Georgia State Panthers,68.0,away,0.0,0.0,False,-8.0
2024-01-18,Loyola Chicago Ramblers,79.0,home,0.0,0.0,True,1.0
2024-01-18,Massachusetts Minutemen,78.0,away,0.0,0.0,False,-1.0
2024-01-18,Wofford Terriers,75.0,home,0.0,0.0,True,2.0
2024-01-18,East Tennessee State Buccaneers,73.0,away,0.0,0.0,False,-2.0
2024-01-18,Fordham Rams,69.0,home,0.0,0.0,False,-10.0
2024-01-18,Davidson Wildcats,79.0,away,0.0,0.0,True,10.0
2024-01-18,St. Bonaventure Bonnies,99.0,home,0.0,0.0,True,35.0
2024-01-18,Rhode Island Rams,64.0,away,0.0,0.0,False,-35.0
2024-01-18,Mercer Bears,60.0,home,0.0,0.0,False,-14.0
2024-01-18,Chattanooga Mocs,74.0,away,0.0,0.0,True,14.0
2024-01-18,Purdue Fort Wayne Mastodons,79.0,home,0.0,0.0,False,-6.0
2024-01-18,IU Indianapolis Jaguars,85.0,away,0.0,0.0,True,6.0
2024-01-18,Tulsa Golden Hurricane,107.0,home,0.0,0.0,True,29.0
2024-01-18,UTSA Roadrunners,78.0,away,0.0,0.0,False,-29.0
2024-01-18,UIC Flames,58.0,home,0.0,0.0,False,-15.0
2024-01-18,Murray State Racers,73.0,away,0.0,0.0,True,15.0
2024-01-18,Illinois State Redbirds,56.0,home,0.0,0.0,False,-21.0
2024-01-18,Drake Bulldogs,77.0,away,0.0,0.0,True,21.0
2024-01-18,Southern Illinois Salukis,69.0,home,0.0,0.0,False,-1.0
2024-01-18,Bradley Braves,70.0,away,0.0,0.0,True,1.0
2024-01-18,UNC Greensboro Spartans,73.0,home,0.0,0.0,True,6.0
2024-01-18,The Citadel Bulldogs,67.0,away,0.0,0.0,False,-6.0
2024-01-18,Boston University Terriers,57.0,home,0.0,0.0,False,-16.0
2024-01-18,Bucknell Bison,73.0,away,0.0,0.0,True,16.0
2024-01-18,Oakland Golden Grizzlies,70.0,home,0.0,0.0,True,3.0
2024-01-18,Youngstown State Penguins,67.0,away,0.0,0.0,False,-3.0
2024-01-18,Robert Morris Colonials,102.0,home,0.0,0.0,True,3.0
2024-01-18,Detroit Mercy Titans,99.0,away,0.0,0.0,False,-3.0
2024-01-18,Texas Longhorns,71.0,home,0.0,0.0,False,-6.0
2024-01-18,UCF Knights,77.0,away,0.0,0.0,True,6.0
2024-01-18,UAB Blazers,83.0,home,0.0,0.0,True,14.0
2024-01-18,Tulane Green Wave,69.0,away,0.0,0.0,False,-14.0
2024-01-18,Evansville Purple Aces,78.0,home,0.0,0.0,True,3.0
2024-01-18,Valparaiso Beacons,75.0,away,0.0,0.0,False,-3.0
2024-01-18,Southern Miss Golden Eagles,69.0,home,0.0,0.0,True,3.0
2024-01-18,Arkansas State Red Wolves,66.0,away,0.0,0.0,False,-3.0
2024-01-18,Texas State Bobcats,68.0,home,0.0,0.0,False,-18.0
2024-01-18,Louisiana Ragin' Cajuns,86.0,away,0.0,0.0,True,18.0
2024-01-18,Arizona State Sun Devils,66.0,home,0.0,0.0,False,-2.0
2024-01-18,UCLA Bruins,68.0,away,0.0,0.0,True,2.0
2024-01-18,DePaul Blue Demons,62.0,home,0.0,0.0,False,-38.0
2024-01-18,Providence Friars,100.0,away,0.0,0.0,True,38.0
2024-01-18,Northwestern Wildcats,72.0,home,0.0,0.0,True,3.0
2024-01-18,Maryland Terrapins,69.0,away,0.0,0.0,False,-3.0
2024-01-18,Belmont Bruins,72.0,home,0.0,0.0,False,-11.0
2024-01-18,Northern Iowa Panthers,83.0,away,0.0,0.0,True,11.0
2024-01-18,San Diego State Aztecs,71.0,home,0.0,0.0,True,12.0
2024-01-18,Nevada Wolf Pack,59.0,away,0.0,0.0,False,-12.0
2024-01-21,Mount St. Mary's Mountaineers,71.0,home,0.0,0.0,False,-11.0
2024-01-21,Niagara Purple Eagles,82.0,away,0.0,0.0,True,11.0
2024-01-21,Illinois Fighting Illini,86.0,home,0.0,0.0,True,23.0
2024-01-21,Rutgers Scarlet Knights,63.0,away,0.0,0.0,False,-23.0
2024-01-21,Quinnipiac Bobcats,91.0,home,0.0,0.0,True,4.0
2024-01-21,Iona Gaels,87.0,away,0.0,0.0,False,-4.0
2024-01-21,Maryland Terrapins,59.0,home,0.0,0.0,False,-2.0
2024-01-21,Michigan State Spartans,61.0,away,0.0,0.0,True,2.0
2024-01-21,South Florida Bulls,72.0,home,0.0,0.0,True,4.0
2024-01-21,Wichita State Shockers,68.0,away,0.0,0.0,False,-4.0
2024-01-21,Marist Red Foxes,50.0,home,0.0,0.0,True,2.0
2024-01-21,Siena Saints,48.0,away,0.0,0.0,False,-2.0
2024-01-21,Merrimack Warriors,63.0,home,0.0,0.0,True,16.0
2024-01-21,Stonehill Skyhawks,47.0,away,0.0,0.0,False,-16.0
2024-01-22,Long Island University Sharks,63.0,home,0.0,0.0,False,-9.0
2024-01-22,Central Connecticut Blue Devils,72.0,away,0.0,0.0,True,9.0
2024-01-21,Sacred Heart Pioneers,66.0,home,0.0,0.0,True,5.0
2024-01-21,Wagner Seahawks,61.0,away,0.0,0.0,False,-5.0
2024-01-21,Murray State Racers,63.0,home,0.0,0.0,False,-9.0
2024-01-21,Indiana State Sycamores,72.0,away,0.0,0.0,True,9.0
2024-01-21,Saint Peter's Peacocks,70.0,home,0.0,0.0,True,11.0
2024-01-21,Canisius Golden Griffins,59.0,away,0.0,0.0,False,-11.0
2024-01-21,Le Moyne Dolphins,94.0,home,0.0,0.0,True,37.0
2024-01-21,Saint Francis Red Flash,57.0,away,0.0,0.0,False,-37.0
2024-01-21,East Tennessee State Buccaneers,74.0,home,0.0,0.0,False,-7.0
2024-01-21,Chattanooga Mocs,81.0,away,0.0,0.0,True,7.0
2024-01-21,Chicago State Cougars,108.0,home,0.0,0.0,True,50.0
2024-01-21,St. Xavier  (IL) Cougars,58.0,away,0.0,0.0,False,-50.0
2024-01-21,Manhattan Jaspers,75.0,home,0.0,0.0,False,-7.0
2024-01-21,Fairfield Stags,82.0,away,0.0,0.0,True,7.0
2024-01-21,Utah Utes,80.0,home,0.0,0.0,True,3.0
2024-01-21,Oregon Ducks,77.0,away,0.0,0.0,False,-3.0
2024-01-21,Tulane Green Wave,81.0,home,0.0,0.0,True,2.0
2024-01-21,Memphis Tigers,79.0,away,0.0,0.0,False,-2.0
2024-01-21,UTSA Roadrunners,103.0,home,0.0,0.0,False,-9.0
2024-01-21,Florida Atlantic Owls,112.0,away,0.0,0.0,True,9.0
2024-01-23,Maryland Eastern Shore Hawks,71.0,home,0.0,0.0,True,10.0
2024-01-23,Queens College NY Knights,61.0,away,0.0,0.0,False,-10.0
2024-01-23,Kansas Jayhawks,74.0,home,0.0,0.0,True,5.0
2024-01-23,Cincinnati Bearcats,69.0,away,0.0,0.0,False,-5.0
2024-01-23,Houston Christian Huskies,88.0,home,0.0,0.0,True,8.0
2024-01-23,New Orleans Privateers,80.0,away,0.0,0.0,False,-8.0
2024-01-23,SE Louisiana Lions,71.0,home,0.0,0.0,True,9.0
2024-01-23,Northwestern State Demons,62.0,away,0.0,0.0,False,-9.0
2024-01-23,Jackson State Tigers,73.0,home,0.0,0.0,True,9.0
2024-01-23,Texas Southern Tigers,64.0,away,0.0,0.0,False,-9.0
2024-01-23,Montana Grizzlies,77.0,home,0.0,0.0,True,15.0
2024-01-23,Weber State Wildcats,62.0,away,0.0,0.0,False,-15.0
2024-01-23,Stony Brook Seawolves,74.0,home,0.0,0.0,False,-6.0
2024-01-23,Hofstra Pride,80.0,away,0.0,0.0,True,6.0
2024-01-23,Texas A&M-Corpus Christi Islanders,61.0,home,0.0,0.0,False,-1.0
2024-01-23,McNeese Cowboys,62.0,away,0.0,0.0,True,1.0
2024-01-23,Colgate Raiders,60.0,home,0.0,0.0,True,3.0
2024-01-23,Lehigh Mountain Hawks,57.0,away,0.0,0.0,False,-3.0
2024-01-23,Lamar Cardinals,76.0,home,0.0,0.0,True,11.0
2024-01-23,East Texas A&M Lions,65.0,away,0.0,0.0,False,-11.0
2024-01-23,Incarnate Word Cardinals,74.0,home,0.0,0.0,False,-4.0
2024-01-23,Nicholls Colonels,78.0,away,0.0,0.0,True,4.0
2024-01-23,Alcorn State Braves,90.0,home,0.0,0.0,True,12.0
2024-01-23,Prairie View A&M Panthers,78.0,away,0.0,0.0,False,-12.0
2024-01-23,Arkansas-Pine Bluff Golden Lions,76.0,home,0.0,0.0,True,4.0
2024-01-23,Bethune-Cookman Wildcats,72.0,away,0.0,0.0,False,-4.0
2024-01-23,Montana State Bobcats,77.0,home,0.0,0.0,True,7.0
2024-01-23,Idaho State Bengals,70.0,away,0.0,0.0,False,-7.0
2024-01-23,Mississippi Valley State Delta Devils,70.0,home,0.0,0.0,False,-11.0
2024-01-23,Florida A&M Rattlers,81.0,away,0.0,0.0,True,11.0
2024-01-23,North Carolina Tar Heels,85.0,home,0.0,0.0,True,21.0
2024-01-23,Wake Forest Demon Deacons,64.0,away,0.0,0.0,False,-21.0
2024-01-19,Memphis Tigers,73.0,home,0.0,0.0,False,-1.0
2024-01-19,South Florida Bulls,74.0,away,0.0,0.0,True,1.0
2024-01-19,Charleston Cougars,78.0,home,0.0,0.0,False,-4.0
2024-01-19,Towson Tigers,82.0,away,0.0,0.0,True,4.0
2024-01-18,Binghamton Bearcats,62.0,home,0.0,0.0,False,-20.0
2024-01-18,Vermont Catamounts,82.0,away,0.0,0.0,True,20.0
2024-01-19,Drexel Dragons,78.0,home,0.0,0.0,True,4.0
2024-01-19,Monmouth Hawks,74.0,away,0.0,0.0,False,-4.0
2024-01-19,Florida Atlantic Owls,86.0,home,0.0,0.0,True,9.0
2024-01-19,Wichita State Shockers,77.0,away,0.0,0.0,False,-9.0
2024-01-19,Winthrop Eagles,77.0,home,0.0,0.0,False,-5.0
2024-01-19,UNC Asheville Bulldogs,82.0,away,0.0,0.0,True,5.0
2024-01-19,Georgia Southern Eagles,73.0,home,0.0,0.0,True,3.0
2024-01-19,Coastal Carolina Chanticleers,70.0,away,0.0,0.0,False,-3.0
2024-01-19,William & Mary Tribe,64.0,home,0.0,0.0,False,-13.0
2024-01-19,Campbell Fighting Camels,77.0,away,0.0,0.0,True,13.0
2024-01-19,UMBC Retrievers,70.0,home,0.0,0.0,True,5.0
2024-01-19,Maine Black Bears,65.0,away,0.0,0.0,False,-5.0
2024-01-18,Michigan State Spartans,76.0,home,0.0,0.0,True,10.0
2024-01-18,Minnesota Golden Gophers,66.0,away,0.0,0.0,False,-10.0
2024-01-19,Hofstra Pride,86.0,home,0.0,0.0,True,9.0
2024-01-19,Hampton Pirates,77.0,away,0.0,0.0,False,-9.0
2024-01-19,Michigan Wolverines,73.0,home,0.0,0.0,False,-15.0
2024-01-19,Illinois Fighting Illini,88.0,away,0.0,0.0,True,15.0
2024-01-19,Elon Phoenix,70.0,home,0.0,0.0,False,-12.0
2024-01-19,UNC Wilmington Seahawks,82.0,away,0.0,0.0,True,12.0
2024-01-19,Old Dominion Monarchs,91.0,home,0.0,0.0,True,25.0
2024-01-19,Marshall Thundering Herd,66.0,away,0.0,0.0,False,-25.0
2024-01-19,North Carolina A&T Aggies,72.0,home,0.0,0.0,True,7.0
2024-01-19,Northeastern Huskies,65.0,away,0.0,0.0,False,-7.0
2024-01-19,Delaware Blue Hens,71.0,home,0.0,0.0,True,3.0
2024-01-19,Stony Brook Seawolves,68.0,away,0.0,0.0,False,-3.0
2024-01-19,Wright State Raiders,81.0,home,0.0,0.0,False,-7.0
2024-01-19,Green Bay Phoenix,88.0,away,0.0,0.0,True,7.0
2024-01-19,Northern Kentucky Norse,90.0,home,0.0,0.0,True,18.0
2024-01-19,Milwaukee Panthers,72.0,away,0.0,0.0,False,-18.0
2024-01-19,UAlbany Great Danes,76.0,home,0.0,0.0,False,-21.0
2024-01-19,UMass Lowell River Hawks,97.0,away,0.0,0.0,True,21.0
2024-01-19,NJIT Highlanders,62.0,home,0.0,0.0,False,-8.0
2024-01-19,New Hampshire Wildcats,70.0,away,0.0,0.0,True,8.0
2024-01-19,South Dakota Coyotes,74.0,home,0.0,0.0,True,1.0
2024-01-19,St. Thomas-Minnesota Tommies,73.0,away,0.0,0.0,False,-1.0
2024-01-19,North Florida Ospreys,84.0,home,0.0,0.0,True,9.0
2024-01-19,Kennesaw State Owls,75.0,away,0.0,0.0,False,-9.0
2024-01-19,Jacksonville Dolphins,79.0,home,0.0,0.0,True,2.0
2024-01-19,Queens University Royals,77.0,away,0.0,0.0,False,-2.0
2024-01-19,James Madison Dukes,89.0,home,0.0,0.0,True,19.0
2024-01-19,UL Monroe Warhawks,70.0,away,0.0,0.0,False,-19.0
2024-01-19,Tarleton State Texans,79.0,home,0.0,0.0,True,8.0
2024-01-19,Abilene Christian Wildcats,71.0,away,0.0,0.0,False,-8.0
2024-01-19,North Dakota Fighting Hawks,87.0,home,0.0,0.0,True,10.0
2024-01-19,Oral Roberts Golden Eagles,77.0,away,0.0,0.0,False,-10.0
2024-01-19,Morehead State Eagles,84.0,home,0.0,0.0,True,18.0
2024-01-19,UT Martin Skyhawks,66.0,away,0.0,0.0,False,-18.0
2024-01-19,Lindenwood Lions,59.0,home,0.0,0.0,False,-19.0
2024-01-19,SIU Edwardsville Cougars,78.0,away,0.0,0.0,True,19.0
2024-01-19,Stephen F. Austin Lumberjacks,89.0,home,0.0,0.0,True,5.0
2024-01-19,Seattle U Redhawks,84.0,away,0.0,0.0,False,-5.0
2024-01-19,Liberty Flames,78.0,home,0.0,0.0,True,9.0
2024-01-19,Florida International Panthers,69.0,away,0.0,0.0,False,-9.0
2024-01-19,South Alabama Jaguars,74.0,home,0.0,0.0,True,3.0
2024-01-19,Troy Trojans,71.0,away,0.0,0.0,False,-3.0
2024-01-19,South Dakota State Jackrabbits,90.0,home,0.0,0.0,True,3.0
2024-01-19,Omaha Mavericks,87.0,away,0.0,0.0,False,-3.0
2024-01-19,Northern Arizona Lumberjacks,84.0,home,0.0,0.0,True,19.0
2024-01-19,Portland State Vikings,65.0,away,0.0,0.0,False,-19.0
2024-01-19,North Dakota State Bison,70.0,home,0.0,0.0,False,-8.0
2024-01-19,Denver Pioneers,78.0,away,0.0,0.0,True,8.0
2024-01-19,UT Arlington Mavericks,91.0,home,0.0,0.0,True,18.0
2024-01-19,UT Rio Grande Valley Vaqueros,73.0,away,0.0,0.0,False,-18.0
2024-01-19,Tennessee State Tigers,85.0,home,0.0,0.0,True,32.0
2024-01-19,Tennessee Tech Golden Eagles,53.0,away,0.0,0.0,False,-32.0
2024-01-19,Lipscomb Bisons,86.0,home,0.0,0.0,False,-10.0
2024-01-19,Central Arkansas Bears,96.0,away,0.0,0.0,True,10.0
2024-01-19,Austin Peay Governors,83.0,home,0.0,0.0,True,3.0
2024-01-19,North Alabama Lions,80.0,away,0.0,0.0,False,-3.0
2024-01-19,Southern Indiana Screaming Eagles,75.0,home,0.0,0.0,False,-2.0
2024-01-19,Little Rock Trojans,77.0,away,0.0,0.0,True,2.0
2024-01-19,Northern Colorado Bears,77.0,home,0.0,0.0,True,2.0
2024-01-19,Sacramento State Hornets,75.0,away,0.0,0.0,False,-2.0
2024-01-19,Southern Utah Thunderbirds,75.0,home,0.0,0.0,True,10.0
2024-01-19,Utah Tech Trailblazers,65.0,away,0.0,0.0,False,-10.0
2024-01-19,Utah Utes,74.0,home,0.0,0.0,True,27.0
2024-01-19,Oregon State Beavers,47.0,away,0.0,0.0,False,-27.0
2024-01-19,UTEP Miners,73.0,home,0.0,0.0,True,14.0
2024-01-19,Middle Tennessee Blue Raiders,59.0,away,0.0,0.0,False,-14.0
2024-01-19,California Golden Bears,75.0,home,0.0,0.0,False,-2.0
2024-01-19,Washington Huskies,77.0,away,0.0,0.0,True,2.0
2024-01-19,Grand Canyon Lopes,78.0,home,0.0,0.0,True,13.0
2024-01-19,Utah Valley Wolverines,65.0,away,0.0,0.0,False,-13.0
2024-01-19,Cal State Northridge Matadors,69.0,home,0.0,0.0,False,-28.0
2024-01-19,UC Santa Barbara Gauchos,97.0,away,0.0,0.0,True,28.0
2024-01-19,Long Beach State Beach,79.0,home,0.0,0.0,True,8.0
2024-01-19,Hawai'i Rainbow Warriors,71.0,away,0.0,0.0,False,-8.0
2024-01-19,Idaho State Bengals,64.0,home,0.0,0.0,True,5.0
2024-01-19,Idaho Vandals,59.0,away,0.0,0.0,False,-5.0
2024-01-19,Pepperdine Waves,61.0,home,0.0,0.0,False,-25.0
2024-01-19,Gonzaga Bulldogs,86.0,away,0.0,0.0,True,25.0
2024-01-19,New Mexico State Aggies,72.0,home,0.0,0.0,True,2.0
2024-01-19,Western Kentucky Hilltoppers,70.0,away,0.0,0.0,False,-2.0
2024-01-19,Stanford Cardinal,75.0,home,0.0,0.0,False,-14.0
2024-01-19,Washington State Cougars,89.0,away,0.0,0.0,True,14.0
2024-01-19,Weber State Wildcats,78.0,home,0.0,0.0,False,-2.0
2024-01-19,Eastern Washington Eagles,80.0,away,0.0,0.0,True,2.0
2024-01-19,San Francisco Dons,90.0,home,0.0,0.0,True,16.0
2024-01-19,Loyola Marymount Lions,74.0,away,0.0,0.0,False,-16.0
2024-01-19,UC Irvine Anteaters,76.0,home,0.0,0.0,True,11.0
2024-01-19,UC San Diego Tritons,65.0,away,0.0,0.0,False,-11.0
2024-01-19,Cal State Bakersfield Roadrunners,80.0,home,0.0,0.0,True,24.0
2024-01-19,UC Riverside Highlanders,56.0,away,0.0,0.0,False,-24.0
2024-01-19,Pacific Tigers,69.0,home,0.0,0.0,False,-19.0
2024-01-19,Santa Clara Broncos,88.0,away,0.0,0.0,True,19.0
2024-01-19,Colorado Buffaloes,86.0,home,0.0,0.0,True,16.0
2024-01-19,Oregon Ducks,70.0,away,0.0,0.0,False,-16.0
2024-01-19,Cal State Fullerton Titans,65.0,home,0.0,0.0,False,-2.0
2024-01-19,UC Davis Aggies,67.0,away,0.0,0.0,True,2.0
2024-01-06,Florida Gators,85.0,home,0.0,0.0,False,-2.0
2024-01-06,Kentucky Wildcats,87.0,away,0.0,0.0,True,2.0
2024-01-06,Tennessee Volunteers,90.0,home,0.0,0.0,True,26.0
2024-01-06,Ole Miss Rebels,64.0,away,0.0,0.0,False,-26.0
2024-01-06,Clemson Tigers,55.0,home,0.0,0.0,False,-10.0
2024-01-06,North Carolina Tar Heels,65.0,away,0.0,0.0,True,10.0
2024-01-07,Utah State Aggies,77.0,home,0.0,0.0,True,5.0
2024-01-07,Colorado State Rams,72.0,away,0.0,0.0,False,-5.0
2024-01-06,Oklahoma State Cowboys,70.0,home,0.0,0.0,False,-5.0
2024-01-06,Baylor Bears,75.0,away,0.0,0.0,True,5.0
2024-01-07,Texas Longhorns,67.0,home,0.0,0.0,False,-11.0
2024-01-07,Texas Tech Red Raiders,78.0,away,0.0,0.0,True,11.0
2024-01-06,Notre Dame Fighting Irish,59.0,home,0.0,0.0,False,-8.0
2024-01-06,Duke Blue Devils,67.0,away,0.0,0.0,True,8.0
2024-01-06,Creighton Bluejays,69.0,home,0.0,0.0,True,9.0
2024-01-06,Providence Friars,60.0,away,0.0,0.0,False,-9.0
2024-01-06,Arkansas Razorbacks,51.0,home,0.0,0.0,False,-32.0
2024-01-06,Auburn Tigers,83.0,away,0.0,0.0,True,32.0
2024-01-07,Gonzaga Bulldogs,101.0,home,0.0,0.0,True,27.0
2024-01-07,San Diego Toreros,74.0,away,0.0,0.0,False,-27.0
2024-01-06,Wisconsin Badgers,88.0,home,0.0,0.0,True,16.0
2024-01-06,Nebraska Cornhuskers,72.0,away,0.0,0.0,False,-16.0
2024-01-06,Charlotte 49ers,70.0,home,0.0,0.0,True,2.0
2024-01-06,Florida Atlantic Owls,68.0,away,0.0,0.0,False,-2.0
2024-01-06,Southern Miss Golden Eagles,81.0,home,0.0,0.0,True,10.0
2024-01-06,James Madison Dukes,71.0,away,0.0,0.0,False,-10.0
2024-01-06,North Carolina Central Eagles,73.0,home,0.0,0.0,True,19.0
2024-01-06,Howard Bison,54.0,away,0.0,0.0,False,-19.0
2024-01-06,Kansas Jayhawks,83.0,home,0.0,0.0,True,2.0
2024-01-06,TCU Horned Frogs,81.0,away,0.0,0.0,False,-2.0
2024-01-06,Houston Cougars,89.0,home,0.0,0.0,True,34.0
2024-01-06,West Virginia Mountaineers,55.0,away,0.0,0.0,False,-34.0
2024-01-06,Oklahoma Sooners,71.0,home,0.0,0.0,True,8.0
2024-01-06,Iowa State Cyclones,63.0,away,0.0,0.0,False,-8.0
2024-01-06,Seton Hall Pirates,78.0,home,0.0,0.0,True,3.0
2024-01-06,Marquette Golden Eagles,75.0,away,0.0,0.0,False,-3.0
2024-01-07,Arizona Wildcats,92.0,home,0.0,0.0,True,19.0
2024-01-07,Utah Utes,73.0,away,0.0,0.0,False,-19.0
2024-01-07,BYU Cougars,60.0,home,0.0,0.0,False,-11.0
2024-01-07,Cincinnati Bearcats,71.0,away,0.0,0.0,True,11.0
2024-01-06,Georgetown Hoyas,68.0,home,0.0,0.0,True,3.0
2024-01-06,DePaul Blue Demons,65.0,away,0.0,0.0,False,-3.0
2024-01-06,Louisville Cardinals,70.0,home,0.0,0.0,False,-13.0
2024-01-06,Pittsburgh Panthers,83.0,away,0.0,0.0,True,13.0
2024-01-06,Iowa Hawkeyes,86.0,home,0.0,0.0,True,9.0
2024-01-06,Rutgers Scarlet Knights,77.0,away,0.0,0.0,False,-9.0
2024-01-06,South Carolina Gamecocks,68.0,home,0.0,0.0,True,6.0
2024-01-06,Mississippi State Bulldogs,62.0,away,0.0,0.0,False,-6.0
2024-01-06,Fordham Rams,76.0,home,0.0,0.0,False,-5.0
2024-01-06,La Salle Explorers,81.0,away,0.0,0.0,True,5.0
2024-01-06,Boston University Terriers,51.0,home,0.0,0.0,False,-8.0
2024-01-06,Lafayette Leopards,59.0,away,0.0,0.0,True,8.0
2024-01-06,Navy Midshipmen,72.0,home,0.0,0.0,False,-8.0
2024-01-06,Colgate Raiders,80.0,away,0.0,0.0,True,8.0
2024-01-06,NC State Wolfpack,76.0,home,0.0,0.0,True,16.0
2024-01-06,Virginia Cavaliers,60.0,away,0.0,0.0,False,-16.0
2024-01-06,North Texas Mean Green,70.0,home,0.0,0.0,True,14.0
2024-01-06,Tulane Green Wave,56.0,away,0.0,0.0,False,-14.0
2024-01-06,VMI Keydets,64.0,home,0.0,0.0,False,-22.0
2024-01-06,Mercer Bears,86.0,away,0.0,0.0,True,22.0
2024-01-06,New Hampshire Wildcats,75.0,home,0.0,0.0,False,-7.0
2024-01-06,UMass Lowell River Hawks,82.0,away,0.0,0.0,True,7.0
2024-01-06,UMBC Retrievers,67.0,home,0.0,0.0,False,-14.0
2024-01-06,Bryant Bulldogs,81.0,away,0.0,0.0,True,14.0
2024-01-06,Army Black Knights,70.0,home,0.0,0.0,True,13.0
2024-01-06,Holy Cross Crusaders,57.0,away,0.0,0.0,False,-13.0
2024-01-06,Detroit Mercy Titans,61.0,home,0.0,0.0,False,-23.0
2024-01-06,Milwaukee Panthers,84.0,away,0.0,0.0,True,23.0
2024-01-06,Wagner Seahawks,71.0,home,0.0,0.0,True,15.0
2024-01-06,Saint Francis Red Flash,56.0,away,0.0,0.0,False,-15.0
2024-01-06,Villanova Wildcats,71.0,home,0.0,0.0,False,-10.0
2024-01-06,St. John's Red Storm,81.0,away,0.0,0.0,True,10.0
2024-01-06,Missouri Tigers,68.0,home,0.0,0.0,False,-7.0
2024-01-06,Georgia Bulldogs,75.0,away,0.0,0.0,True,7.0
2024-01-06,Purdue Fort Wayne Mastodons,98.0,home,0.0,0.0,False,-8.0
2024-01-06,Wright State Raiders,106.0,away,0.0,0.0,True,8.0
2024-01-06,The Citadel Bulldogs,64.0,home,0.0,0.0,False,-16.0
2024-01-06,Samford Bulldogs,80.0,away,0.0,0.0,True,16.0
2024-01-06,Evansville Purple Aces,59.0,home,0.0,0.0,False,-22.0
2024-01-06,Murray State Racers,81.0,away,0.0,0.0,True,22.0
2024-01-06,Presbyterian Blue Hose,80.0,home,0.0,0.0,False,-4.0
2024-01-06,UNC Asheville Bulldogs,84.0,away,0.0,0.0,True,4.0
2024-01-06,Hofstra Pride,76.0,home,0.0,0.0,True,5.0
2024-01-06,Delaware Blue Hens,71.0,away,0.0,0.0,False,-5.0
2024-01-06,High Point Panthers,85.0,home,0.0,0.0,True,9.0
2024-01-06,Gardner-Webb Runnin' Bulldogs,76.0,away,0.0,0.0,False,-9.0
2024-01-06,Stetson Hatters,71.0,home,0.0,0.0,True,16.0
2024-01-06,Jacksonville Dolphins,55.0,away,0.0,0.0,False,-16.0
2024-01-06,William & Mary Tribe,55.0,home,0.0,0.0,False,-22.0
2024-01-06,Drexel Dragons,77.0,away,0.0,0.0,True,22.0
2024-01-06,Towson Tigers,67.0,home,0.0,0.0,True,3.0
2024-01-06,UNC Wilmington Seahawks,64.0,away,0.0,0.0,False,-3.0
2024-01-06,Buffalo Bulls,77.0,home,0.0,0.0,False,-5.0
2024-01-06,Western Michigan Broncos,82.0,away,0.0,0.0,True,5.0
2024-01-06,Pennsylvania Quakers,80.0,home,0.0,0.0,True,29.0
2024-01-06,Dartmouth Big Green,51.0,away,0.0,0.0,False,-29.0
2024-01-06,Stonehill Skyhawks,68.0,home,0.0,0.0,False,-5.0
2024-01-06,Long Island University Sharks,73.0,away,0.0,0.0,True,5.0
2024-01-06,Ohio Bobcats,78.0,home,0.0,0.0,True,12.0
2024-01-06,Northern Illinois Huskies,66.0,away,0.0,0.0,False,-12.0
2024-01-06,East Texas A&M Lions,67.0,home,0.0,0.0,False,-6.0
2024-01-06,McNeese Cowboys,73.0,away,0.0,0.0,True,6.0
2024-01-06,Wake Forest Demon Deacons,86.0,home,0.0,0.0,True,4.0
2024-01-06,Miami Hurricanes,82.0,away,0.0,0.0,False,-4.0
2024-01-06,Ball State Cardinals,65.0,home,0.0,0.0,False,-6.0
2024-01-06,Central Michigan Chippewas,71.0,away,0.0,0.0,True,6.0
2024-01-06,Fairleigh Dickinson Knights,63.0,home,0.0,0.0,False,-11.0
2024-01-06,Le Moyne Dolphins,74.0,away,0.0,0.0,True,11.0
2024-01-06,George Mason Patriots,79.0,home,0.0,0.0,True,12.0
2024-01-06,Saint Louis Billikens,67.0,away,0.0,0.0,False,-12.0
2024-01-06,Hampton Pirates,69.0,home,0.0,0.0,False,-11.0
2024-01-06,Campbell Fighting Camels,80.0,away,0.0,0.0,True,11.0
2024-01-06,Bucknell Bison,63.0,home,0.0,0.0,False,-8.0
2024-01-06,American University Eagles,71.0,away,0.0,0.0,True,8.0
2024-01-06,Princeton Tigers,89.0,home,0.0,0.0,True,31.0
2024-01-06,Harvard Crimson,58.0,away,0.0,0.0,False,-31.0
2024-01-06,Vermont Catamounts,65.0,home,0.0,0.0,True,7.0
2024-01-06,Maine Black Bears,58.0,away,0.0,0.0,False,-7.0
2024-01-06,NJIT Highlanders,73.0,home,0.0,0.0,False,-6.0
2024-01-06,UAlbany Great Danes,79.0,away,0.0,0.0,True,6.0
2024-01-06,Longwood Lancers,77.0,home,0.0,0.0,True,21.0
2024-01-06,Charleston Southern Buccaneers,56.0,away,0.0,0.0,False,-21.0
2024-01-06,UL Monroe Warhawks,68.0,home,0.0,0.0,False,-8.0
2024-01-06,Georgia Southern Eagles,76.0,away,0.0,0.0,True,8.0
2024-01-06,Oakland Golden Grizzlies,79.0,home,0.0,0.0,True,6.0
2024-01-06,Green Bay Phoenix,73.0,away,0.0,0.0,False,-6.0
2024-01-06,Eastern Michigan Eagles,71.0,home,0.0,0.0,True,2.0
2024-01-06,Kent State Golden Flashes,69.0,away,0.0,0.0,False,-2.0
2024-01-06,Vanderbilt Commodores,75.0,home,0.0,0.0,False,-3.0
2024-01-06,Alabama Crimson Tide,78.0,away,0.0,0.0,True,3.0
2024-01-06,Rice Owls,82.0,home,0.0,0.0,False,-7.0
2024-01-06,UTSA Roadrunners,89.0,away,0.0,0.0,True,7.0
2024-01-06,Merrimack Warriors,82.0,home,0.0,0.0,True,24.0
2024-01-06,Sacred Heart Pioneers,58.0,away,0.0,0.0,False,-24.0
2024-01-06,Northern Arizona Lumberjacks,74.0,home,0.0,0.0,True,1.0
2024-01-06,North Dakota Fighting Hawks,73.0,away,0.0,0.0,False,-1.0
2024-01-06,Jackson State Tigers,88.0,home,0.0,0.0,True,8.0
2024-01-06,Alcorn State Braves,80.0,away,0.0,0.0,False,-8.0
2024-01-06,Arkansas State Red Wolves,90.0,home,0.0,0.0,True,15.0
2024-01-06,Old Dominion Monarchs,75.0,away,0.0,0.0,False,-15.0
2024-01-06,Morehead State Eagles,78.0,home,0.0,0.0,True,10.0
2024-01-06,Tennessee State Tigers,68.0,away,0.0,0.0,False,-10.0
2024-01-06,Stephen F. Austin Lumberjacks,92.0,home,0.0,0.0,True,19.0
2024-01-06,UT Arlington Mavericks,73.0,away,0.0,0.0,False,-19.0
2024-01-06,Bradley Braves,86.0,home,0.0,0.0,True,26.0
2024-01-06,Missouri State Bears,60.0,away,0.0,0.0,False,-26.0
2024-01-06,Georgia Tech Yellow Jackets,87.0,home,0.0,0.0,False,-8.0
2024-01-06,Boston College Eagles,95.0,away,0.0,0.0,True,8.0
2024-01-06,Southeast Missouri State Redhawks,71.0,home,0.0,0.0,True,10.0
2024-01-06,Bethel (TN) Wildcats,61.0,away,0.0,0.0,False,-10.0
2024-01-06,Florida State Seminoles,77.0,home,0.0,0.0,True,3.0
2024-01-06,Virginia Tech Hokies,74.0,away,0.0,0.0,False,-3.0
2024-01-06,USC Trojans,93.0,home,0.0,0.0,True,14.0
2024-01-06,Stanford Cardinal,79.0,away,0.0,0.0,False,-14.0
2024-01-06,San Diego State Aztecs,72.0,home,0.0,0.0,True,11.0
2024-01-06,UNLV Rebels,61.0,away,0.0,0.0,False,-11.0
2024-01-06,Richmond Spiders,65.0,home,0.0,0.0,True,11.0
2024-01-06,St. Bonaventure Bonnies,54.0,away,0.0,0.0,False,-11.0
2024-01-06,Loyola Chicago Ramblers,72.0,home,0.0,0.0,True,5.0
2024-01-06,Duquesne Dukes,67.0,away,0.0,0.0,False,-5.0
2024-01-06,VCU Rams,82.0,home,0.0,0.0,False,-2.0
2024-01-06,George Washington Revolutionaries,84.0,away,0.0,0.0,True,2.0
2024-01-06,South Carolina State Bulldogs,72.0,home,0.0,0.0,False,-7.0
2024-01-06,Norfolk State Spartans,79.0,away,0.0,0.0,True,7.0
2024-01-06,UC Irvine Anteaters,74.0,home,0.0,0.0,True,3.0
2024-01-06,UC Davis Aggies,71.0,away,0.0,0.0,False,-3.0
2024-01-06,Western Illinois Leathernecks,68.0,home,0.0,0.0,True,11.0
2024-01-06,Lindenwood Lions,57.0,away,0.0,0.0,False,-11.0
2024-01-06,UNC Greensboro Spartans,70.0,home,0.0,0.0,True,16.0
2024-01-06,East Tennessee State Buccaneers,54.0,away,0.0,0.0,False,-16.0
2024-01-06,Delaware State Hornets,55.0,home,0.0,0.0,True,2.0
2024-01-06,Coppin State Eagles,53.0,away,0.0,0.0,False,-2.0
2024-01-06,Little Rock Trojans,88.0,home,0.0,0.0,False,-2.0
2024-01-06,Eastern Illinois Panthers,90.0,away,0.0,0.0,True,2.0
2024-01-06,Utah Valley Wolverines,80.0,home,0.0,0.0,True,18.0
2024-01-06,Southern Utah Thunderbirds,62.0,away,0.0,0.0,False,-18.0
2024-01-06,Bellarmine Knights,70.0,home,0.0,0.0,False,-11.0
2024-01-06,Lipscomb Bisons,81.0,away,0.0,0.0,True,11.0
2024-01-06,Maryland Eastern Shore Hawks,75.0,home,0.0,0.0,True,1.0
2024-01-06,Morgan State Bears,74.0,away,0.0,0.0,False,-1.0
2024-01-06,South Alabama Jaguars,76.0,home,0.0,0.0,False,-14.0
2024-01-06,Georgia State Panthers,90.0,away,0.0,0.0,True,14.0
2024-01-06,Western Carolina Catamounts,70.0,home,0.0,0.0,True,4.0
2024-01-06,Wofford Terriers,66.0,away,0.0,0.0,False,-4.0
2024-01-06,Troy Trojans,66.0,home,0.0,0.0,True,4.0
2024-01-06,App State Mountaineers,62.0,away,0.0,0.0,False,-4.0
2024-01-06,South Carolina Upstate Spartans,80.0,home,0.0,0.0,False,-2.0
2024-01-06,Winthrop Eagles,82.0,away,0.0,0.0,True,2.0
2024-01-06,Loyola Maryland Greyhounds,76.0,home,0.0,0.0,False,-12.0
2024-01-06,Lehigh Mountain Hawks,88.0,away,0.0,0.0,True,12.0
2024-01-06,Texas State Bobcats,75.0,home,0.0,0.0,False,-4.0
2024-01-06,Marshall Thundering Herd,79.0,away,0.0,0.0,True,4.0
2024-01-06,Eastern Washington Eagles,91.0,home,0.0,0.0,True,8.0
2024-01-06,North Dakota State Bison,83.0,away,0.0,0.0,False,-8.0
2024-01-06,Houston Christian Huskies,94.0,home,0.0,0.0,False,-4.0
2024-01-06,Nicholls Colonels,98.0,away,0.0,0.0,True,4.0
2024-01-06,Kennesaw State Owls,80.0,home,0.0,0.0,True,3.0
2024-01-06,Queens University Royals,77.0,away,0.0,0.0,False,-3.0
2024-01-06,Bethune-Cookman Wildcats,98.0,home,0.0,0.0,True,12.0
2024-01-06,Florida A&M Rattlers,86.0,away,0.0,0.0,False,-12.0
2024-01-06,Jacksonville State Gamecocks,70.0,home,0.0,0.0,True,7.0
2024-01-06,Florida International Panthers,63.0,away,0.0,0.0,False,-7.0
2024-01-06,New Orleans Privateers,68.0,home,0.0,0.0,False,-5.0
2024-01-06,SE Louisiana Lions,73.0,away,0.0,0.0,True,5.0
2024-01-06,South Dakota State Jackrabbits,89.0,home,0.0,0.0,True,28.0
2024-01-06,Montana State Bobcats,61.0,away,0.0,0.0,False,-28.0
2024-01-06,Sam Houston Bearkats,81.0,home,0.0,0.0,True,4.0
2024-01-06,Louisiana Tech Bulldogs,77.0,away,0.0,0.0,False,-4.0
2024-01-06,Western Kentucky Hilltoppers,70.0,home,0.0,0.0,True,2.0
2024-01-06,Liberty Flames,68.0,away,0.0,0.0,False,-2.0
2024-01-06,Abilene Christian Wildcats,91.0,home,0.0,0.0,True,2.0
2024-01-06,UT Rio Grande Valley Vaqueros,89.0,away,0.0,0.0,False,-2.0
2024-01-06,Grambling Tigers,69.0,home,0.0,0.0,True,6.0
2024-01-06,Prairie View A&M Panthers,63.0,away,0.0,0.0,False,-6.0
2024-01-06,Kansas State Wildcats,77.0,home,0.0,0.0,True,25.0
2024-01-06,UCF Knights,52.0,away,0.0,0.0,False,-25.0
2024-01-06,Stony Brook Seawolves,87.0,home,0.0,0.0,False,-6.0
2024-01-06,Charleston Cougars,93.0,away,0.0,0.0,True,6.0
2024-01-06,Seattle U Redhawks,48.0,home,0.0,0.0,True,2.0
2024-01-06,California Baptist Lancers,46.0,away,0.0,0.0,False,-2.0
2024-01-06,Southern Jaguars,58.0,home,0.0,0.0,True,7.0
2024-01-06,Texas Southern Tigers,51.0,away,0.0,0.0,False,-7.0
2024-01-06,Washington Huskies,79.0,home,0.0,0.0,True,7.0
2024-01-06,Oregon State Beavers,72.0,away,0.0,0.0,False,-7.0
2024-01-06,Incarnate Word Cardinals,65.0,home,0.0,0.0,False,-10.0
2024-01-06,Texas A&M-Corpus Christi Islanders,75.0,away,0.0,0.0,True,10.0
2024-01-06,Arkansas-Pine Bluff Golden Lions,62.0,home,0.0,0.0,False,-1.0
2024-01-06,Alabama A&M Bulldogs,63.0,away,0.0,0.0,True,1.0
2024-01-07,Illinois State Redbirds,64.0,home,0.0,0.0,False,-7.0
2024-01-07,Southern Illinois Salukis,71.0,away,0.0,0.0,True,7.0
2024-01-07,Florida Gulf Coast Eagles,58.0,home,0.0,0.0,False,-20.0
2024-01-07,North Florida Ospreys,78.0,away,0.0,0.0,True,20.0
2024-01-07,Lamar Cardinals,90.0,home,0.0,0.0,True,20.0
2024-01-07,Northwestern State Demons,70.0,away,0.0,0.0,False,-20.0
2024-01-07,Fresno State Bulldogs,57.0,home,0.0,0.0,False,-15.0
2024-01-07,Nevada Wolf Pack,72.0,away,0.0,0.0,True,15.0
2024-01-07,Elon Phoenix,77.0,home,0.0,0.0,True,18.0
2024-01-07,North Carolina A&T Aggies,59.0,away,0.0,0.0,False,-18.0
2024-01-07,Chattanooga Mocs,73.0,home,0.0,0.0,True,15.0
2024-01-07,Furman Paladins,58.0,away,0.0,0.0,False,-15.0
2024-01-07,Eastern Kentucky Colonels,69.0,home,0.0,0.0,True,10.0
2024-01-07,Austin Peay Governors,59.0,away,0.0,0.0,False,-10.0
2024-01-07,Long Beach State Beach,83.0,home,0.0,0.0,True,8.0
2024-01-07,UC Riverside Highlanders,75.0,away,0.0,0.0,False,-8.0
2024-01-07,Idaho State Bengals,63.0,home,0.0,0.0,True,1.0
2024-01-07,Omaha Mavericks,62.0,away,0.0,0.0,False,-1.0
2024-01-07,UIC Flames,70.0,home,0.0,0.0,True,6.0
2024-01-07,Valparaiso Beacons,64.0,away,0.0,0.0,False,-6.0
2024-01-07,Louisiana Ragin' Cajuns,85.0,home,0.0,0.0,True,8.0
2024-01-07,Coastal Carolina Chanticleers,77.0,away,0.0,0.0,False,-8.0
2024-01-07,Arizona State Sun Devils,76.0,home,0.0,0.0,True,3.0
2024-01-07,Colorado Buffaloes,73.0,away,0.0,0.0,False,-3.0
2024-01-07,Mississippi Valley State Delta Devils,51.0,home,0.0,0.0,False,-3.0
2024-01-07,Alabama State Hornets,54.0,away,0.0,0.0,True,3.0
2024-01-07,Indiana Hoosiers,71.0,home,0.0,0.0,True,6.0
2024-01-07,Ohio State Buckeyes,65.0,away,0.0,0.0,False,-6.0
2024-01-07,Northern Colorado Bears,86.0,home,0.0,0.0,True,4.0
2024-01-07,Denver Pioneers,82.0,away,0.0,0.0,False,-4.0
2024-01-07,Cal State Northridge Matadors,76.0,home,0.0,0.0,True,10.0
2024-01-07,Hawai'i Rainbow Warriors,66.0,away,0.0,0.0,False,-10.0
2024-01-07,St. Thomas-Minnesota Tommies,63.0,home,0.0,0.0,True,13.0
2024-01-07,Sacramento State Hornets,50.0,away,0.0,0.0,False,-13.0
2024-01-07,Kansas City Roos,83.0,home,0.0,0.0,True,16.0
2024-01-07,Portland State Vikings,67.0,away,0.0,0.0,False,-16.0
2024-01-07,Portland Pilots,78.0,home,0.0,0.0,True,14.0
2024-01-07,Pacific Tigers,64.0,away,0.0,0.0,False,-14.0
2024-01-07,Texas A&M Aggies,53.0,home,0.0,0.0,False,-15.0
2024-01-07,LSU Tigers,68.0,away,0.0,0.0,True,15.0
2024-01-07,North Alabama Lions,81.0,home,0.0,0.0,False,-3.0
2024-01-07,Central Arkansas Bears,84.0,away,0.0,0.0,True,3.0
2024-01-07,Oral Roberts Golden Eagles,78.0,home,0.0,0.0,False,-5.0
2024-01-07,Weber State Wildcats,83.0,away,0.0,0.0,True,5.0
2024-01-07,Montana Grizzlies,82.0,home,0.0,0.0,True,19.0
2024-01-07,South Dakota Coyotes,63.0,away,0.0,0.0,False,-19.0
2024-01-07,Utah Tech Trailblazers,65.0,home,0.0,0.0,False,-10.0
2024-01-07,Grand Canyon Lopes,75.0,away,0.0,0.0,True,10.0
2024-01-07,Southern Indiana Screaming Eagles,59.0,home,0.0,0.0,False,-14.0
2024-01-07,Tennessee Tech Golden Eagles,73.0,away,0.0,0.0,True,14.0
2024-01-07,Loyola Marymount Lions,64.0,home,0.0,0.0,False,-4.0
2024-01-07,Saint Mary's Gaels,68.0,away,0.0,0.0,True,4.0
2024-01-07,Cal State Fullerton Titans,58.0,home,0.0,0.0,False,-18.0
2024-01-07,UC San Diego Tritons,76.0,away,0.0,0.0,True,18.0
2024-01-07,Cal Poly Mustangs,52.0,home,0.0,0.0,False,-9.0
2024-01-07,UC Santa Barbara Gauchos,61.0,away,0.0,0.0,True,9.0
2024-01-07,Washington State Cougars,84.0,home,0.0,0.0,False,-5.0
2024-01-07,Oregon Ducks,89.0,away,0.0,0.0,True,5.0
2024-01-07,UCLA Bruins,57.0,home,0.0,0.0,False,-9.0
2024-01-07,California Golden Bears,66.0,away,0.0,0.0,True,9.0
2024-01-07,Pepperdine Waves,72.0,home,0.0,0.0,False,-6.0
2024-01-07,Santa Clara Broncos,78.0,away,0.0,0.0,True,6.0
2024-01-07,New Mexico Lobos,77.0,home,0.0,0.0,True,17.0
2024-01-07,Wyoming Cowboys,60.0,away,0.0,0.0,False,-17.0
2024-01-24,Oklahoma Sooners,60.0,home,0.0,0.0,False,-15.0
2024-01-24,Texas Longhorns,75.0,away,0.0,0.0,True,15.0
2024-01-24,Creighton Bluejays,85.0,home,0.0,0.0,True,7.0
2024-01-24,Xavier Musketeers,78.0,away,0.0,0.0,False,-7.0
2024-01-24,Georgia Tech Yellow Jackets,64.0,home,0.0,0.0,False,-8.0
2024-01-24,Pittsburgh Panthers,72.0,away,0.0,0.0,True,8.0
2024-01-23,Georgetown Hoyas,66.0,home,0.0,0.0,False,-24.0
2024-01-23,Butler Bulldogs,90.0,away,0.0,0.0,True,24.0
2024-01-24,Charlotte 49ers,76.0,home,0.0,0.0,True,6.0
2024-01-24,UAB Blazers,70.0,away,0.0,0.0,False,-6.0
2024-01-24,Nebraska Cornhuskers,83.0,home,0.0,0.0,True,14.0
2024-01-24,Ohio State Buckeyes,69.0,away,0.0,0.0,False,-14.0
2024-01-24,South Carolina Gamecocks,79.0,home,0.0,0.0,True,17.0
2024-01-24,Kentucky Wildcats,62.0,away,0.0,0.0,False,-17.0
2024-01-24,Syracuse Orange,69.0,home,0.0,0.0,False,-16.0
2024-01-24,Florida State Seminoles,85.0,away,0.0,0.0,True,16.0
2024-01-24,Louisville Cardinals,69.0,home,0.0,0.0,False,-14.0
2024-01-24,Duke Blue Devils,83.0,away,0.0,0.0,True,14.0
2024-01-24,Duquesne Dukes,54.0,home,0.0,0.0,True,4.0
2024-01-24,St. Bonaventure Bonnies,50.0,away,0.0,0.0,False,-4.0
2024-01-24,Massachusetts Minutemen,77.0,home,0.0,0.0,False,-1.0
2024-01-24,Saint Joseph's Hawks,78.0,away,0.0,0.0,True,1.0
2024-01-23,La Salle Explorers,54.0,home,0.0,0.0,False,-12.0
2024-01-23,Dayton Flyers,66.0,away,0.0,0.0,True,12.0
2024-01-24,Minnesota Golden Gophers,59.0,home,0.0,0.0,False,-2.0
2024-01-24,Wisconsin Badgers,61.0,away,0.0,0.0,True,2.0
2024-01-24,VCU Rams,74.0,home,0.0,0.0,True,7.0
2024-01-24,Loyola Chicago Ramblers,67.0,away,0.0,0.0,False,-7.0
2024-01-24,UCF Knights,72.0,home,0.0,0.0,True,13.0
2024-01-24,West Virginia Mountaineers,59.0,away,0.0,0.0,False,-13.0
2024-01-24,Buffalo Bulls,59.0,home,0.0,0.0,False,-28.0
2024-01-24,Ball State Cardinals,87.0,away,0.0,0.0,True,28.0
2024-01-24,Bowling Green Falcons,84.0,home,0.0,0.0,False,-6.0
2024-01-24,Kent State Golden Flashes,90.0,away,0.0,0.0,True,6.0
2024-01-24,Purdue Boilermakers,99.0,home,0.0,0.0,True,32.0
2024-01-24,Michigan Wolverines,67.0,away,0.0,0.0,False,-32.0
2024-01-24,Cornell Big Red,105.0,home,0.0,0.0,True,56.0
2024-01-24,Wells College Express,49.0,away,0.0,0.0,False,-56.0
2024-01-24,BYU Cougars,68.0,home,0.0,0.0,False,-7.0
2024-01-24,Houston Cougars,75.0,away,0.0,0.0,True,7.0
2024-01-24,Northern Iowa Panthers,70.0,home,0.0,0.0,True,7.0
2024-01-24,Evansville Purple Aces,63.0,away,0.0,0.0,False,-7.0
2024-01-24,Central Michigan Chippewas,71.0,home,0.0,0.0,True,16.0
2024-01-24,Miami (OH) RedHawks,55.0,away,0.0,0.0,False,-16.0
2024-01-24,Akron Zips,67.0,home,0.0,0.0,True,9.0
2024-01-24,Ohio Bobcats,58.0,away,0.0,0.0,False,-9.0
2024-01-24,Portland Pilots,81.0,home,0.0,0.0,False,-4.0
2024-01-24,San Diego Toreros,85.0,away,0.0,0.0,True,4.0
2024-01-24,Western Michigan Broncos,73.0,home,0.0,0.0,True,17.0
2024-01-24,Eastern Michigan Eagles,56.0,away,0.0,0.0,False,-17.0
2024-01-24,Illinois State Redbirds,77.0,home,0.0,0.0,True,10.0
2024-01-24,Belmont Bruins,67.0,away,0.0,0.0,False,-10.0
2024-01-24,Northern Illinois Huskies,73.0,home,0.0,0.0,False,-16.0
2024-01-24,Toledo Rockets,89.0,away,0.0,0.0,True,16.0
2024-01-24,Texas A&M Aggies,63.0,home,0.0,0.0,True,6.0
2024-01-24,Missouri Tigers,57.0,away,0.0,0.0,False,-6.0
2024-01-24,San Diego State Aztecs,81.0,home,0.0,0.0,True,16.0
2024-01-24,Wyoming Cowboys,65.0,away,0.0,0.0,False,-16.0
2024-01-24,Virginia Tech Hokies,76.0,home,0.0,0.0,True,5.0
2024-01-24,Boston College Eagles,71.0,away,0.0,0.0,False,-5.0
2024-01-24,Oklahoma State Cowboys,69.0,home,0.0,0.0,False,-5.0
2024-01-24,TCU Horned Frogs,74.0,away,0.0,0.0,True,5.0
2024-01-24,UNLV Rebels,58.0,home,0.0,0.0,False,-32.0
2024-01-24,Air Force Falcons,90.0,away,0.0,0.0,True,32.0
2024-01-24,Fresno State Bulldogs,68.0,home,0.0,0.0,False,-4.0
2024-01-24,Boise State Broncos,72.0,away,0.0,0.0,True,4.0
2024-01-27,St. Bonaventure Bonnies,91.0,home,0.0,0.0,True,19.0
2024-01-27,Saint Joseph's Hawks,72.0,away,0.0,0.0,False,-19.0
2024-01-27,Wisconsin Badgers,81.0,home,0.0,0.0,True,15.0
2024-01-27,Michigan State Spartans,66.0,away,0.0,0.0,False,-15.0
2024-01-26,Louisiana Ragin' Cajuns,81.0,home,0.0,0.0,True,6.0
2024-01-26,Arkansas State Red Wolves,75.0,away,0.0,0.0,False,-6.0
2024-01-27,California Golden Bears,73.0,home,0.0,0.0,True,2.0
2024-01-27,Stanford Cardinal,71.0,away,0.0,0.0,False,-2.0
2024-01-27,Niagara Purple Eagles,67.0,home,0.0,0.0,True,5.0
2024-01-27,Marist Red Foxes,62.0,away,0.0,0.0,False,-5.0
2024-01-27,Siena Saints,51.0,home,0.0,0.0,False,-19.0
2024-01-27,Iona Gaels,70.0,away,0.0,0.0,True,19.0
2024-01-27,Canisius Golden Griffins,82.0,home,0.0,0.0,True,12.0
2024-01-27,Manhattan Jaspers,70.0,away,0.0,0.0,False,-12.0
2024-01-27,Seattle U Redhawks,62.0,home,0.0,0.0,True,1.0
2024-01-27,Utah Valley Wolverines,61.0,away,0.0,0.0,False,-1.0
2024-01-26,Kent State Golden Flashes,64.0,home,0.0,0.0,False,-7.0
2024-01-26,Ohio Bobcats,71.0,away,0.0,0.0,True,7.0
2024-01-13,UNLV Rebels,86.0,home,0.0,0.0,False,-1.0
2024-01-13,Utah State Aggies,87.0,away,0.0,0.0,True,1.0
2024-01-13,Georgia Bulldogs,79.0,home,0.0,0.0,False,-6.0
2024-01-13,Tennessee Volunteers,85.0,away,0.0,0.0,True,6.0
2024-01-13,Wisconsin Badgers,71.0,home,0.0,0.0,True,8.0
2024-01-13,Northwestern Wildcats,63.0,away,0.0,0.0,False,-8.0
2024-01-13,Louisville Cardinals,83.0,home,0.0,0.0,False,-6.0
2024-01-13,NC State Wolfpack,89.0,away,0.0,0.0,True,6.0
2024-01-13,Washington State Cougars,73.0,home,0.0,0.0,True,3.0
2024-01-13,Arizona Wildcats,70.0,away,0.0,0.0,False,-3.0
2024-01-13,Butler Bulldogs,72.0,home,0.0,0.0,False,-6.0
2024-01-13,Seton Hall Pirates,78.0,away,0.0,0.0,True,6.0
2024-01-13,Northeastern Huskies,67.0,home,0.0,0.0,True,8.0
2024-01-13,Towson Tigers,59.0,away,0.0,0.0,False,-8.0
2024-01-13,Duke Blue Devils,84.0,home,0.0,0.0,True,5.0
2024-01-13,Georgia Tech Yellow Jackets,79.0,away,0.0,0.0,False,-5.0
2024-01-13,Kansas Jayhawks,78.0,home,0.0,0.0,True,12.0
2024-01-13,Oklahoma Sooners,66.0,away,0.0,0.0,False,-12.0
2024-01-13,Texas A&M Aggies,97.0,home,0.0,0.0,True,5.0
2024-01-13,Kentucky Wildcats,92.0,away,0.0,0.0,False,-5.0
2024-01-13,Purdue Boilermakers,95.0,home,0.0,0.0,True,17.0
2024-01-13,Penn State Nittany Lions,78.0,away,0.0,0.0,False,-17.0
2024-01-13,TCU Horned Frogs,68.0,home,0.0,0.0,True,1.0
2024-01-13,Houston Cougars,67.0,away,0.0,0.0,False,-1.0
2024-01-14,Baylor Bears,62.0,home,0.0,0.0,True,3.0
2024-01-14,Cincinnati Bearcats,59.0,away,0.0,0.0,False,-3.0
2024-01-13,North Carolina Tar Heels,103.0,home,0.0,0.0,True,36.0
2024-01-13,Syracuse Orange,67.0,away,0.0,0.0,False,-36.0
2024-01-13,Creighton Bluejays,66.0,home,0.0,0.0,True,1.0
2024-01-13,St. John's Red Storm,65.0,away,0.0,0.0,False,-1.0
2024-01-13,Auburn Tigers,93.0,home,0.0,0.0,True,15.0
2024-01-13,LSU Tigers,78.0,away,0.0,0.0,False,-15.0
2024-01-13,UCF Knights,58.0,home,0.0,0.0,False,-5.0
2024-01-13,BYU Cougars,63.0,away,0.0,0.0,True,5.0
2024-01-13,West Virginia Mountaineers,76.0,home,0.0,0.0,True,3.0
2024-01-13,Texas Longhorns,73.0,away,0.0,0.0,False,-3.0
2024-01-13,Clemson Tigers,89.0,home,0.0,0.0,True,11.0
2024-01-13,Boston College Eagles,78.0,away,0.0,0.0,False,-11.0
2024-01-13,New Mexico Lobos,88.0,home,0.0,0.0,True,18.0
2024-01-13,San Diego State Aztecs,70.0,away,0.0,0.0,False,-18.0
2024-01-13,Gardner-Webb Runnin' Bulldogs,76.0,home,0.0,0.0,True,16.0
2024-01-13,Presbyterian Blue Hose,60.0,away,0.0,0.0,False,-16.0
2024-01-13,SIU Edwardsville Cougars,61.0,home,0.0,0.0,True,13.0
2024-01-13,Morehead State Eagles,48.0,away,0.0,0.0,False,-13.0
2024-01-13,Fairleigh Dickinson Knights,81.0,home,0.0,0.0,True,7.0
2024-01-13,Stonehill Skyhawks,74.0,away,0.0,0.0,False,-7.0
2024-01-13,William & Mary Tribe,59.0,home,0.0,0.0,False,-4.0
2024-01-13,Stony Brook Seawolves,63.0,away,0.0,0.0,True,4.0
2024-01-13,Western Michigan Broncos,81.0,home,0.0,0.0,True,2.0
2024-01-13,Ohio Bobcats,79.0,away,0.0,0.0,False,-2.0
2024-01-13,UMass Lowell River Hawks,86.0,home,0.0,0.0,True,4.0
2024-01-13,UMBC Retrievers,82.0,away,0.0,0.0,False,-4.0
2024-01-13,La Salle Explorers,65.0,home,0.0,0.0,False,-6.0
2024-01-13,VCU Rams,71.0,away,0.0,0.0,True,6.0
2024-01-13,Wake Forest Demon Deacons,66.0,home,0.0,0.0,True,19.0
2024-01-13,Virginia Cavaliers,47.0,away,0.0,0.0,False,-19.0
2024-01-13,Ole Miss Rebels,69.0,home,0.0,0.0,True,13.0
2024-01-13,Vanderbilt Commodores,56.0,away,0.0,0.0,False,-13.0
2024-01-13,Miami (OH) RedHawks,71.0,home,0.0,0.0,True,17.0
2024-01-13,Eastern Michigan Eagles,54.0,away,0.0,0.0,False,-17.0
2024-01-13,Detroit Mercy Titans,76.0,home,0.0,0.0,False,-5.0
2024-01-13,Northern Kentucky Norse,81.0,away,0.0,0.0,True,5.0
2024-01-13,Providence Friars,65.0,home,0.0,0.0,False,-20.0
2024-01-13,Xavier Musketeers,85.0,away,0.0,0.0,True,20.0
2024-01-13,The Citadel Bulldogs,71.0,home,0.0,0.0,False,-1.0
2024-01-13,Wofford Terriers,72.0,away,0.0,0.0,True,1.0
2024-01-13,Winthrop Eagles,92.0,home,0.0,0.0,True,4.0
2024-01-13,Radford Highlanders,88.0,away,0.0,0.0,False,-4.0
2024-01-13,UIC Flames,59.0,home,0.0,0.0,False,-18.0
2024-01-13,Bradley Braves,77.0,away,0.0,0.0,True,18.0
2024-01-13,Lafayette Leopards,78.0,home,0.0,0.0,True,16.0
2024-01-13,Navy Midshipmen,62.0,away,0.0,0.0,False,-16.0
2024-01-13,Charleston Southern Buccaneers,77.0,home,0.0,0.0,True,7.0
2024-01-13,South Carolina Upstate Spartans,70.0,away,0.0,0.0,False,-7.0
2024-01-13,UNC Asheville Bulldogs,65.0,home,0.0,0.0,True,4.0
2024-01-13,Longwood Lancers,61.0,away,0.0,0.0,False,-4.0
2024-01-13,Indiana State Sycamores,94.0,home,0.0,0.0,True,30.0
2024-01-13,Belmont Bruins,64.0,away,0.0,0.0,False,-30.0
2024-01-13,Campbell Fighting Camels,69.0,home,0.0,0.0,True,1.0
2024-01-13,Hofstra Pride,68.0,away,0.0,0.0,False,-1.0
2024-01-13,George Washington Revolutionaries,83.0,home,0.0,0.0,True,4.0
2024-01-13,Davidson Wildcats,79.0,away,0.0,0.0,False,-4.0
2024-01-13,Rhode Island Rams,89.0,home,0.0,0.0,True,12.0
2024-01-13,Massachusetts Minutemen,77.0,away,0.0,0.0,False,-12.0
2024-01-13,Le Moyne Dolphins,62.0,home,0.0,0.0,False,-4.0
2024-01-13,Merrimack Warriors,66.0,away,0.0,0.0,True,4.0
2024-01-13,Sacred Heart Pioneers,89.0,home,0.0,0.0,True,34.0
2024-01-13,Long Island University Sharks,55.0,away,0.0,0.0,False,-34.0
2024-01-13,IU Indianapolis Jaguars,66.0,home,0.0,0.0,False,-22.0
2024-01-13,Oakland Golden Grizzlies,88.0,away,0.0,0.0,True,22.0
2024-01-13,Central Michigan Chippewas,77.0,home,0.0,0.0,True,15.0
2024-01-13,Kent State Golden Flashes,62.0,away,0.0,0.0,False,-15.0
2024-01-13,Furman Paladins,82.0,home,0.0,0.0,True,9.0
2024-01-13,East Tennessee State Buccaneers,73.0,away,0.0,0.0,False,-9.0
2024-01-13,Vermont Catamounts,76.0,home,0.0,0.0,True,21.0
2024-01-13,NJIT Highlanders,55.0,away,0.0,0.0,False,-21.0
2024-01-13,East Texas A&M Lions,65.0,home,0.0,0.0,False,-4.0
2024-01-13,Houston Christian Huskies,69.0,away,0.0,0.0,True,4.0
2024-01-13,St. Bonaventure Bonnies,74.0,home,0.0,0.0,False,-6.0
2024-01-13,Fordham Rams,80.0,away,0.0,0.0,True,6.0
2024-01-13,UL Monroe Warhawks,54.0,home,0.0,0.0,False,-13.0
2024-01-13,Texas State Bobcats,67.0,away,0.0,0.0,True,13.0
2024-01-13,Mercer Bears,52.0,home,0.0,0.0,False,-12.0
2024-01-13,Western Carolina Catamounts,64.0,away,0.0,0.0,True,12.0
2024-01-13,Denver Pioneers,99.0,home,0.0,0.0,True,19.0
2024-01-13,South Dakota State Jackrabbits,80.0,away,0.0,0.0,False,-19.0
2024-01-13,Notre Dame Fighting Irish,58.0,home,0.0,0.0,False,-9.0
2024-01-13,Florida State Seminoles,67.0,away,0.0,0.0,True,9.0
2024-01-13,UT Arlington Mavericks,80.0,home,0.0,0.0,True,5.0
2024-01-13,Seattle U Redhawks,75.0,away,0.0,0.0,False,-5.0
2024-01-13,Missouri Tigers,69.0,home,0.0,0.0,False,-2.0
2024-01-13,South Carolina Gamecocks,71.0,away,0.0,0.0,True,2.0
2024-01-13,Arkansas State Red Wolves,77.0,home,0.0,0.0,False,-7.0
2024-01-13,Louisiana Ragin' Cajuns,84.0,away,0.0,0.0,True,7.0
2024-01-13,Kansas City Roos,69.0,home,0.0,0.0,False,-13.0
2024-01-13,North Dakota Fighting Hawks,82.0,away,0.0,0.0,True,13.0
2024-01-13,Bucknell Bison,73.0,home,0.0,0.0,False,-11.0
2024-01-13,Colgate Raiders,84.0,away,0.0,0.0,True,11.0
2024-01-13,Coastal Carolina Chanticleers,79.0,home,0.0,0.0,True,4.0
2024-01-13,Old Dominion Monarchs,75.0,away,0.0,0.0,False,-4.0
2024-01-13,Howard Bison,72.0,home,0.0,0.0,True,11.0
2024-01-13,Maryland Eastern Shore Hawks,61.0,away,0.0,0.0,False,-11.0
2024-01-13,Wyoming Cowboys,68.0,home,0.0,0.0,True,1.0
2024-01-13,Fresno State Bulldogs,67.0,away,0.0,0.0,False,-1.0
2024-01-13,East Carolina Pirates,64.0,home,0.0,0.0,False,-11.0
2024-01-13,SMU Mustangs,75.0,away,0.0,0.0,True,11.0
2024-01-13,Texas Tech Red Raiders,60.0,home,0.0,0.0,True,1.0
2024-01-13,Kansas State Wildcats,59.0,away,0.0,0.0,False,-1.0
2024-01-13,Saint Joseph's Hawks,75.0,home,0.0,0.0,False,-3.0
2024-01-13,Loyola Chicago Ramblers,78.0,away,0.0,0.0,True,3.0
2024-01-13,American University Eagles,79.0,home,0.0,0.0,True,19.0
2024-01-13,Army Black Knights,60.0,away,0.0,0.0,False,-19.0
2024-01-13,Florida A&M Rattlers,65.0,home,0.0,0.0,False,-9.0
2024-01-13,Southern Jaguars,74.0,away,0.0,0.0,True,9.0
2024-01-13,Saint Francis Red Flash,61.0,home,0.0,0.0,False,-14.0
2024-01-13,Central Connecticut Blue Devils,75.0,away,0.0,0.0,True,14.0
2024-01-13,Florida Gators,90.0,home,0.0,0.0,True,22.0
2024-01-13,Arkansas Razorbacks,68.0,away,0.0,0.0,False,-22.0
2024-01-13,Northern Illinois Huskies,72.0,home,0.0,0.0,False,-11.0
2024-01-13,Bowling Green Falcons,83.0,away,0.0,0.0,True,11.0
2024-01-13,Tennessee Tech Golden Eagles,70.0,home,0.0,0.0,True,11.0
2024-01-13,Southeast Missouri State Redhawks,59.0,away,0.0,0.0,False,-11.0
2024-01-13,UAlbany Great Danes,95.0,home,0.0,0.0,True,20.0
2024-01-13,Binghamton Bearcats,75.0,away,0.0,0.0,False,-20.0
2024-01-13,Nicholls Colonels,76.0,home,0.0,0.0,False,-2.0
2024-01-13,Lamar Cardinals,78.0,away,0.0,0.0,True,2.0
2024-01-13,Bethune-Cookman Wildcats,69.0,home,0.0,0.0,False,-10.0
2024-01-13,Grambling Tigers,79.0,away,0.0,0.0,True,10.0
2024-01-13,UT Martin Skyhawks,77.0,home,0.0,0.0,True,5.0
2024-01-13,Little Rock Trojans,72.0,away,0.0,0.0,False,-5.0
2024-01-13,James Madison Dukes,55.0,home,0.0,0.0,False,-4.0
2024-01-13,App State Mountaineers,59.0,away,0.0,0.0,True,4.0
2024-01-13,Northwestern State Demons,97.0,home,0.0,0.0,True,26.0
2024-01-13,Incarnate Word Cardinals,71.0,away,0.0,0.0,False,-26.0
2024-01-13,Marshall Thundering Herd,85.0,home,0.0,0.0,False,-6.0
2024-01-13,South Alabama Jaguars,91.0,away,0.0,0.0,True,6.0
2024-01-13,Charleston Cougars,94.0,home,0.0,0.0,True,11.0
2024-01-13,Monmouth Hawks,83.0,away,0.0,0.0,False,-11.0
2024-01-13,Cal State Northridge Matadors,76.0,home,0.0,0.0,True,5.0
2024-01-13,Cal State Fullerton Titans,71.0,away,0.0,0.0,False,-5.0
2024-01-13,Eastern Illinois Panthers,60.0,home,0.0,0.0,False,-3.0
2024-01-13,Western Illinois Leathernecks,63.0,away,0.0,0.0,True,3.0
2024-01-13,Tennessee State Tigers,75.0,home,0.0,0.0,True,15.0
2024-01-13,Lindenwood Lions,60.0,away,0.0,0.0,False,-15.0
2024-01-13,Central Arkansas Bears,59.0,home,0.0,0.0,True,2.0
2024-01-13,Bellarmine Knights,57.0,away,0.0,0.0,False,-2.0
2024-01-13,Loyola Maryland Greyhounds,58.0,home,0.0,0.0,False,-2.0
2024-01-13,Boston University Terriers,60.0,away,0.0,0.0,True,2.0
2024-01-13,Troy Trojans,82.0,home,0.0,0.0,True,26.0
2024-01-13,Southern Miss Golden Eagles,56.0,away,0.0,0.0,False,-26.0
2024-01-13,McNeese Cowboys,74.0,home,0.0,0.0,True,9.0
2024-01-13,SE Louisiana Lions,65.0,away,0.0,0.0,False,-9.0
2024-01-13,Lipscomb Bisons,91.0,home,0.0,0.0,True,14.0
2024-01-13,Austin Peay Governors,77.0,away,0.0,0.0,False,-14.0
2024-01-13,Lehigh Mountain Hawks,66.0,home,0.0,0.0,False,-3.0
2024-01-13,Holy Cross Crusaders,69.0,away,0.0,0.0,True,3.0
2024-01-13,Alabama State Hornets,55.0,home,0.0,0.0,True,2.0
2024-01-13,Alcorn State Braves,53.0,away,0.0,0.0,False,-2.0
2024-01-13,Georgia State Panthers,90.0,home,0.0,0.0,True,28.0
2024-01-13,Georgia Southern Eagles,62.0,away,0.0,0.0,False,-28.0
2024-01-13,New Orleans Privateers,83.0,home,0.0,0.0,True,3.0
2024-01-13,Texas A&M-Corpus Christi Islanders,80.0,away,0.0,0.0,False,-3.0
2024-01-13,Samford Bulldogs,134.0,home,0.0,0.0,True,38.0
2024-01-13,VMI Keydets,96.0,away,0.0,0.0,False,-38.0
2024-01-13,North Texas Mean Green,69.0,home,0.0,0.0,True,18.0
2024-01-13,Temple Owls,51.0,away,0.0,0.0,False,-18.0
2024-01-13,Florida International Panthers,72.0,home,0.0,0.0,True,4.0
2024-01-13,UTEP Miners,68.0,away,0.0,0.0,False,-4.0
2024-01-13,Alabama A&M Bulldogs,67.0,home,0.0,0.0,False,-8.0
2024-01-13,Jackson State Tigers,75.0,away,0.0,0.0,True,8.0
2024-01-13,Middle Tennessee Blue Raiders,51.0,home,0.0,0.0,False,-9.0
2024-01-13,Sam Houston Bearkats,60.0,away,0.0,0.0,True,9.0
2024-01-13,Richmond Spiders,77.0,home,0.0,0.0,True,7.0
2024-01-13,George Mason Patriots,70.0,away,0.0,0.0,False,-7.0
2024-01-13,Western Kentucky Hilltoppers,80.0,home,0.0,0.0,True,11.0
2024-01-13,Jacksonville State Gamecocks,69.0,away,0.0,0.0,False,-11.0
2024-01-13,Texas Southern Tigers,67.0,home,0.0,0.0,False,-3.0
2024-01-13,Arkansas-Pine Bluff Golden Lions,70.0,away,0.0,0.0,True,3.0
2024-01-13,UC Davis Aggies,78.0,home,0.0,0.0,True,7.0
2024-01-13,Cal State Bakersfield Roadrunners,71.0,away,0.0,0.0,False,-7.0
2024-01-14,Virginia Tech Hokies,71.0,home,0.0,0.0,False,-4.0
2024-01-14,Miami Hurricanes,75.0,away,0.0,0.0,True,4.0
2024-01-14,Evansville Purple Aces,64.0,home,0.0,0.0,False,-10.0
2024-01-14,Missouri State Bears,74.0,away,0.0,0.0,True,10.0
2024-01-13,Prairie View A&M Panthers,71.0,home,0.0,0.0,True,11.0
2024-01-13,Mississippi Valley State Delta Devils,60.0,away,0.0,0.0,False,-11.0
2024-01-14,Santa Clara Broncos,49.0,home,0.0,0.0,False,-24.0
2024-01-14,Saint Mary's Gaels,73.0,away,0.0,0.0,True,24.0
2024-01-14,Chattanooga Mocs,54.0,home,0.0,0.0,False,-16.0
2024-01-14,UNC Greensboro Spartans,70.0,away,0.0,0.0,True,16.0
2024-01-14,Elon Phoenix,69.0,home,0.0,0.0,False,-20.0
2024-01-14,Drexel Dragons,89.0,away,0.0,0.0,True,20.0
2024-01-14,Idaho Vandals,58.0,home,0.0,0.0,False,-21.0
2024-01-14,Eastern Washington Eagles,79.0,away,0.0,0.0,True,21.0
2024-01-14,Toledo Rockets,77.0,home,0.0,0.0,True,5.0
2024-01-14,Ball State Cardinals,72.0,away,0.0,0.0,False,-5.0
2024-01-14,UT Rio Grande Valley Vaqueros,76.0,home,0.0,0.0,True,8.0
2024-01-14,Utah Valley Wolverines,68.0,away,0.0,0.0,False,-8.0
2024-01-14,New Hampshire Wildcats,74.0,home,0.0,0.0,False,-15.0
2024-01-14,Bryant Bulldogs,89.0,away,0.0,0.0,True,15.0
2024-01-14,Portland State Vikings,69.0,home,0.0,0.0,True,3.0
2024-01-14,Weber State Wildcats,66.0,away,0.0,0.0,False,-3.0
2024-01-14,Omaha Mavericks,96.0,home,0.0,0.0,True,4.0
2024-01-14,North Dakota State Bison,92.0,away,0.0,0.0,False,-4.0
2024-01-14,Oregon Ducks,80.0,home,0.0,0.0,True,7.0
2024-01-14,California Golden Bears,73.0,away,0.0,0.0,False,-7.0
2024-01-14,Southern Illinois Salukis,58.0,home,0.0,0.0,False,-18.0
2024-01-14,Drake Bulldogs,76.0,away,0.0,0.0,True,18.0
2024-01-14,UTSA Roadrunners,58.0,home,0.0,0.0,False,-8.0
2024-01-14,Charlotte 49ers,66.0,away,0.0,0.0,True,8.0
2024-01-14,Oral Roberts Golden Eagles,76.0,home,0.0,0.0,False,-11.0
2024-01-14,St. Thomas-Minnesota Tommies,87.0,away,0.0,0.0,True,11.0
2024-01-14,Iowa State Cyclones,66.0,home,0.0,0.0,True,24.0
2024-01-14,Oklahoma State Cowboys,42.0,away,0.0,0.0,False,-24.0
2024-01-14,Montana State Bobcats,90.0,home,0.0,0.0,True,9.0
2024-01-14,Northern Colorado Bears,81.0,away,0.0,0.0,False,-9.0
2024-01-14,Grand Canyon Lopes,74.0,home,0.0,0.0,True,26.0
2024-01-14,Tarleton State Texans,48.0,away,0.0,0.0,False,-26.0
2024-01-14,California Baptist Lancers,68.0,home,0.0,0.0,True,15.0
2024-01-14,Abilene Christian Wildcats,53.0,away,0.0,0.0,False,-15.0
2024-01-14,North Alabama Lions,72.0,home,0.0,0.0,False,-9.0
2024-01-14,Eastern Kentucky Colonels,81.0,away,0.0,0.0,True,9.0
2024-01-14,Mississippi State Bulldogs,74.0,home,0.0,0.0,False,-8.0
2024-01-14,Alabama Crimson Tide,82.0,away,0.0,0.0,True,8.0
2024-01-14,Southern Utah Thunderbirds,82.0,home,0.0,0.0,False,-2.0
2024-01-14,Stephen F. Austin Lumberjacks,84.0,away,0.0,0.0,True,2.0
2024-01-14,Montana Grizzlies,90.0,home,0.0,0.0,True,43.0
2024-01-14,Northern Arizona Lumberjacks,47.0,away,0.0,0.0,False,-43.0
2024-01-14,Loyola Marymount Lions,81.0,home,0.0,0.0,True,17.0
2024-01-14,Pacific Tigers,64.0,away,0.0,0.0,False,-17.0
2024-01-14,Sacramento State Hornets,66.0,home,0.0,0.0,True,2.0
2024-01-14,Idaho State Bengals,64.0,away,0.0,0.0,False,-2.0
2024-01-14,Air Force Falcons,67.0,home,0.0,0.0,False,-3.0
2024-01-14,San José State Spartans,70.0,away,0.0,0.0,True,3.0
2024-01-14,San Diego Toreros,77.0,home,0.0,0.0,False,-6.0
2024-01-14,Pepperdine Waves,83.0,away,0.0,0.0,True,6.0
2024-01-14,San Francisco Dons,96.0,home,0.0,0.0,True,27.0
2024-01-14,Portland Pilots,69.0,away,0.0,0.0,False,-27.0
2024-01-14,Cal Poly Mustangs,61.0,home,0.0,0.0,False,-25.0
2024-01-14,UC San Diego Tritons,86.0,away,0.0,0.0,True,25.0
2024-01-14,Colorado Buffaloes,68.0,home,0.0,0.0,True,10.0
2024-01-14,USC Trojans,58.0,away,0.0,0.0,False,-10.0
2024-01-14,Hawai'i Rainbow Warriors,63.0,home,0.0,0.0,True,7.0
2024-01-14,UC Riverside Highlanders,56.0,away,0.0,0.0,False,-7.0
2024-01-14,UC Santa Barbara Gauchos,85.0,home,0.0,0.0,True,9.0
2024-01-14,Long Beach State Beach,76.0,away,0.0,0.0,False,-9.0
2024-01-28,UConn Huskies,99.0,home,0.0,0.0,True,43.0
2024-01-28,Xavier Musketeers,56.0,away,0.0,0.0,False,-43.0
2024-01-28,UAB Blazers,97.0,home,0.0,0.0,True,9.0
2024-01-28,Memphis Tigers,88.0,away,0.0,0.0,False,-9.0
2024-01-28,Youngstown State Penguins,82.0,home,0.0,0.0,True,30.0
2024-01-28,Northern Kentucky Norse,52.0,away,0.0,0.0,False,-30.0
2024-01-28,UL Monroe Warhawks,85.0,home,0.0,0.0,True,3.0
2024-01-28,Arkansas State Red Wolves,82.0,away,0.0,0.0,False,-3.0
2024-01-28,Rutgers Scarlet Knights,60.0,home,0.0,0.0,False,-8.0
2024-01-28,Purdue Boilermakers,68.0,away,0.0,0.0,True,8.0
2024-01-28,Cleveland State Vikings,66.0,home,0.0,0.0,True,2.0
2024-01-28,Robert Morris Colonials,64.0,away,0.0,0.0,False,-2.0
2024-01-28,Fairfield Stags,64.0,home,0.0,0.0,False,-2.0
2024-01-28,Quinnipiac Bobcats,66.0,away,0.0,0.0,True,2.0
2024-01-28,Siena Saints,52.0,home,0.0,0.0,False,-11.0
2024-01-28,Saint Peter's Peacocks,63.0,away,0.0,0.0,True,11.0
2024-01-28,IU Indianapolis Jaguars,76.0,home,0.0,0.0,False,-7.0
2024-01-28,Wright State Raiders,83.0,away,0.0,0.0,True,7.0
2024-01-28,Niagara Purple Eagles,78.0,home,0.0,0.0,False,-6.0
2024-01-28,Manhattan Jaspers,84.0,away,0.0,0.0,True,6.0
2024-01-28,Florida Atlantic Owls,66.0,home,0.0,0.0,True,3.0
2024-01-28,North Texas Mean Green,63.0,away,0.0,0.0,False,-3.0
2024-01-28,Canisius Golden Griffins,71.0,home,0.0,0.0,False,-9.0
2024-01-28,Marist Red Foxes,80.0,away,0.0,0.0,True,9.0
2024-01-28,Louisiana Ragin' Cajuns,66.0,home,0.0,0.0,True,20.0
2024-01-28,Texas State Bobcats,46.0,away,0.0,0.0,False,-20.0
2024-01-29,New Mexico Lobos,89.0,home,0.0,0.0,True,34.0
2024-01-29,Nevada Wolf Pack,55.0,away,0.0,0.0,False,-34.0
2024-01-28,Wichita State Shockers,77.0,home,0.0,0.0,True,5.0
2024-01-28,SMU Mustangs,72.0,away,0.0,0.0,False,-5.0
2024-01-28,East Carolina Pirates,70.0,home,0.0,0.0,True,6.0
2024-01-28,Temple Owls,64.0,away,0.0,0.0,False,-6.0
2024-01-30,Delaware State Hornets,66.0,home,0.0,0.0,False,-3.0
2024-01-30,North Carolina Central Eagles,69.0,away,0.0,0.0,True,3.0
2024-01-30,Texas Longhorns,72.0,home,0.0,0.0,False,-4.0
2024-01-30,Houston Cougars,76.0,away,0.0,0.0,True,4.0
2024-01-30,Holy Cross Crusaders,65.0,home,0.0,0.0,True,2.0
2024-01-30,Boston University Terriers,63.0,away,0.0,0.0,False,-2.0
2024-01-30,Maryland Eastern Shore Hawks,53.0,home,0.0,0.0,False,-10.0
2024-01-30,South Carolina State Bulldogs,63.0,away,0.0,0.0,True,10.0
2024-01-30,Norfolk State Spartans,83.0,home,0.0,0.0,True,10.0
2024-01-30,Morgan State Bears,73.0,away,0.0,0.0,False,-10.0
2024-01-30,East Texas A&M Lions,54.0,home,0.0,0.0,False,-15.0
2024-01-30,Texas A&M-Corpus Christi Islanders,69.0,away,0.0,0.0,True,15.0
2024-01-30,Houston Christian Huskies,58.0,home,0.0,0.0,False,-22.0
2024-01-30,SE Louisiana Lions,80.0,away,0.0,0.0,True,22.0
2024-01-30,Virginia Tech Hokies,67.0,home,0.0,0.0,False,-10.0
2024-01-30,Duke Blue Devils,77.0,away,0.0,0.0,True,10.0
2024-01-30,Bethune-Cookman Wildcats,67.0,home,0.0,0.0,False,-3.0
2024-01-30,Alcorn State Braves,70.0,away,0.0,0.0,True,3.0
2024-01-30,Grambling Tigers,70.0,home,0.0,0.0,False,-16.0
2024-01-30,Arkansas-Pine Bluff Golden Lions,86.0,away,0.0,0.0,True,16.0
2024-01-30,Prairie View A&M Panthers,87.0,home,0.0,0.0,True,11.0
2024-01-30,Alabama A&M Bulldogs,76.0,away,0.0,0.0,False,-11.0
2024-01-30,Florida A&M Rattlers,88.0,home,0.0,0.0,True,2.0
2024-01-30,Jackson State Tigers,86.0,away,0.0,0.0,False,-2.0
2024-01-30,McNeese Cowboys,89.0,home,0.0,0.0,True,24.0
2024-01-30,Northwestern State Demons,65.0,away,0.0,0.0,False,-24.0
2024-01-30,Coppin State Eagles,66.0,home,0.0,0.0,False,-15.0
2024-01-30,Howard Bison,81.0,away,0.0,0.0,True,15.0
2024-01-30,Southern Jaguars,78.0,home,0.0,0.0,True,24.0
2024-01-30,Mississippi Valley State Delta Devils,54.0,away,0.0,0.0,False,-24.0
2024-01-30,Texas Southern Tigers,56.0,home,0.0,0.0,True,1.0
2024-01-30,Alabama State Hornets,55.0,away,0.0,0.0,False,-1.0
2024-01-30,Lamar Cardinals,98.0,home,0.0,0.0,True,25.0
2024-01-30,New Orleans Privateers,73.0,away,0.0,0.0,False,-25.0
2024-01-25,DePaul Blue Demons,73.0,home,0.0,0.0,False,-13.0
2024-01-25,Marquette Golden Eagles,86.0,away,0.0,0.0,True,13.0
2024-01-25,Rice Owls,56.0,home,0.0,0.0,False,-13.0
2024-01-25,Florida Atlantic Owls,69.0,away,0.0,0.0,True,13.0
2024-01-24,Georgia Bulldogs,68.0,home,0.0,0.0,True,2.0
2024-01-24,LSU Tigers,66.0,away,0.0,0.0,False,-2.0
2024-01-25,Northwestern Wildcats,96.0,home,0.0,0.0,True,5.0
2024-01-25,Illinois Fighting Illini,91.0,away,0.0,0.0,False,-5.0
2024-01-24,UNC Asheville Bulldogs,81.0,home,0.0,0.0,True,12.0
2024-01-24,Radford Highlanders,69.0,away,0.0,0.0,False,-12.0
2024-01-25,Nevada Wolf Pack,77.0,home,0.0,0.0,True,13.0
2024-01-25,Colorado State Rams,64.0,away,0.0,0.0,False,-13.0
2024-01-24,VMI Keydets,73.0,home,0.0,0.0,False,-1.0
2024-01-24,East Tennessee State Buccaneers,74.0,away,0.0,0.0,True,1.0
2024-01-25,Alabama Crimson Tide,79.0,home,0.0,0.0,True,4.0
2024-01-25,Auburn Tigers,75.0,away,0.0,0.0,False,-4.0
2024-01-25,Bradley Braves,71.0,home,0.0,0.0,True,8.0
2024-01-25,Murray State Racers,63.0,away,0.0,0.0,False,-8.0
2024-01-25,Temple Owls,69.0,home,0.0,0.0,False,-6.0
2024-01-25,South Florida Bulls,75.0,away,0.0,0.0,True,6.0
2024-01-25,Iowa Hawkeyes,67.0,home,0.0,0.0,False,-2.0
2024-01-25,Maryland Terrapins,69.0,away,0.0,0.0,True,2.0
2024-01-25,Virginia Cavaliers,59.0,home,0.0,0.0,True,6.0
2024-01-25,NC State Wolfpack,53.0,away,0.0,0.0,False,-6.0
2024-01-25,Iowa State Cyclones,78.0,home,0.0,0.0,True,11.0
2024-01-25,Kansas State Wildcats,67.0,away,0.0,0.0,False,-11.0
2024-01-24,Seton Hall Pirates,63.0,home,0.0,0.0,False,-4.0
2024-01-24,Providence Friars,67.0,away,0.0,0.0,True,4.0
2024-01-25,Longwood Lancers,64.0,home,0.0,0.0,False,-12.0
2024-01-25,Gardner-Webb Runnin' Bulldogs,76.0,away,0.0,0.0,True,12.0
2024-01-25,Boston University Terriers,59.0,home,0.0,0.0,False,-10.0
2024-01-25,Army Black Knights,69.0,away,0.0,0.0,True,10.0
2024-01-25,Charleston Southern Buccaneers,59.0,home,0.0,0.0,False,-19.0
2024-01-25,Winthrop Eagles,78.0,away,0.0,0.0,True,19.0
2024-01-25,San José State Spartans,75.0,home,0.0,0.0,False,-20.0
2024-01-25,New Mexico Lobos,95.0,away,0.0,0.0,True,20.0
2024-01-25,Notre Dame Fighting Irish,61.0,home,0.0,0.0,False,-12.0
2024-01-25,Miami Hurricanes,73.0,away,0.0,0.0,True,12.0
2024-01-25,South Carolina Upstate Spartans,67.0,home,0.0,0.0,False,-11.0
2024-01-25,High Point Panthers,78.0,away,0.0,0.0,True,11.0
2024-01-25,Richmond Spiders,82.0,home,0.0,0.0,True,8.0
2024-01-25,George Washington Revolutionaries,74.0,away,0.0,0.0,False,-8.0
2024-01-25,Rhode Island Rams,68.0,home,0.0,0.0,False,-3.0
2024-01-25,Fordham Rams,71.0,away,0.0,0.0,True,3.0
2024-01-25,Wofford Terriers,65.0,home,0.0,0.0,False,-14.0
2024-01-25,Chattanooga Mocs,79.0,away,0.0,0.0,True,14.0
2024-01-25,The Citadel Bulldogs,68.0,home,0.0,0.0,True,2.0
2024-01-25,Mercer Bears,66.0,away,0.0,0.0,False,-2.0
2024-01-25,Western Carolina Catamounts,82.0,home,0.0,0.0,False,-3.0
2024-01-25,UNC Greensboro Spartans,85.0,away,0.0,0.0,True,3.0
2024-01-25,Saint Louis Billikens,61.0,home,0.0,0.0,False,-23.0
2024-01-25,Davidson Wildcats,84.0,away,0.0,0.0,True,23.0
2024-01-25,Bucknell Bison,71.0,home,0.0,0.0,True,8.0
2024-01-25,Navy Midshipmen,63.0,away,0.0,0.0,False,-8.0
2024-01-25,Loyola Maryland Greyhounds,44.0,home,0.0,0.0,False,-26.0
2024-01-25,Lafayette Leopards,70.0,away,0.0,0.0,True,26.0
2024-01-25,American University Eagles,84.0,home,0.0,0.0,True,19.0
2024-01-25,Holy Cross Crusaders,65.0,away,0.0,0.0,False,-19.0
2024-01-25,Troy Trojans,78.0,home,0.0,0.0,True,13.0
2024-01-25,Texas State Bobcats,65.0,away,0.0,0.0,False,-13.0
2024-01-25,Furman Paladins,78.0,home,0.0,0.0,True,10.0
2024-01-25,Samford Bulldogs,68.0,away,0.0,0.0,False,-10.0
2024-01-25,Old Dominion Monarchs,62.0,home,0.0,0.0,False,-16.0
2024-01-25,James Madison Dukes,78.0,away,0.0,0.0,True,16.0
2024-01-25,Kennesaw State Owls,84.0,home,0.0,0.0,False,-6.0
2024-01-25,North Alabama Lions,90.0,away,0.0,0.0,True,6.0
2024-01-25,Coastal Carolina Chanticleers,63.0,home,0.0,0.0,False,-16.0
2024-01-25,Southern Miss Golden Eagles,79.0,away,0.0,0.0,True,16.0
2024-01-25,Queens University Royals,96.0,home,0.0,0.0,True,17.0
2024-01-25,Central Arkansas Bears,79.0,away,0.0,0.0,False,-17.0
2024-01-25,Middle Tennessee Blue Raiders,75.0,home,0.0,0.0,True,8.0
2024-01-25,Jacksonville State Gamecocks,67.0,away,0.0,0.0,False,-8.0
2024-01-25,Marshall Thundering Herd,77.0,home,0.0,0.0,True,9.0
2024-01-25,Georgia State Panthers,68.0,away,0.0,0.0,False,-9.0
2024-01-25,UIC Flames,83.0,home,0.0,0.0,False,-6.0
2024-01-25,Indiana State Sycamores,89.0,away,0.0,0.0,True,6.0
2024-01-25,UTSA Roadrunners,89.0,home,0.0,0.0,True,1.0
2024-01-25,Tulane Green Wave,88.0,away,0.0,0.0,False,-1.0
2024-01-25,Wichita State Shockers,52.0,home,0.0,0.0,False,-2.0
2024-01-25,East Carolina Pirates,54.0,away,0.0,0.0,True,2.0
2024-01-25,Missouri State Bears,83.0,home,0.0,0.0,True,3.0
2024-01-25,Drake Bulldogs,80.0,away,0.0,0.0,False,-3.0
2024-01-25,Florida Gators,79.0,home,0.0,0.0,True,9.0
2024-01-25,Mississippi State Bulldogs,70.0,away,0.0,0.0,False,-9.0
2024-01-25,Southern Illinois Salukis,75.0,home,0.0,0.0,True,6.0
2024-01-25,Valparaiso Beacons,69.0,away,0.0,0.0,False,-6.0
2024-01-25,Ole Miss Rebels,77.0,home,0.0,0.0,True,26.0
2024-01-25,Arkansas Razorbacks,51.0,away,0.0,0.0,False,-26.0
2024-01-25,St. John's Red Storm,70.0,home,0.0,0.0,True,20.0
2024-01-25,Villanova Wildcats,50.0,away,0.0,0.0,False,-20.0
2024-01-25,Washington State Cougars,79.0,home,0.0,0.0,True,22.0
2024-01-25,Utah Utes,57.0,away,0.0,0.0,False,-22.0
2024-01-25,Washington Huskies,81.0,home,0.0,0.0,False,-17.0
2024-01-25,Colorado Buffaloes,98.0,away,0.0,0.0,True,17.0
2024-01-26,Oregon State Beavers,83.0,home,0.0,0.0,True,3.0
2024-01-26,Arizona Wildcats,80.0,away,0.0,0.0,False,-3.0
2024-01-25,UMass Lowell River Hawks,65.0,home,0.0,0.0,False,-7.0
2024-01-25,Vermont Catamounts,72.0,away,0.0,0.0,True,7.0
2024-01-26,North Texas Mean Green,68.0,home,0.0,0.0,True,2.0
2024-01-26,SMU Mustangs,66.0,away,0.0,0.0,False,-2.0
2024-01-26,Hampton Pirates,86.0,home,0.0,0.0,False,-21.0
2024-01-26,Charleston Cougars,107.0,away,0.0,0.0,True,21.0
2024-01-25,Bellarmine Knights,63.0,home,0.0,0.0,False,-8.0
2024-01-25,North Florida Ospreys,71.0,away,0.0,0.0,True,8.0
2024-01-26,Saint Francis Red Flash,75.0,home,0.0,0.0,True,4.0
2024-01-26,Sacred Heart Pioneers,71.0,away,0.0,0.0,False,-4.0
2024-01-26,Wagner Seahawks,44.0,home,0.0,0.0,False,-16.0
2024-01-26,Merrimack Warriors,60.0,away,0.0,0.0,True,16.0
2024-01-25,App State Mountaineers,84.0,home,0.0,0.0,True,10.0
2024-01-25,Georgia Southern Eagles,74.0,away,0.0,0.0,False,-10.0
2024-01-25,Campbell Fighting Camels,78.0,home,0.0,0.0,True,10.0
2024-01-25,Elon Phoenix,68.0,away,0.0,0.0,False,-10.0
2024-01-25,Maine Black Bears,81.0,home,0.0,0.0,True,8.0
2024-01-25,UAlbany Great Danes,73.0,away,0.0,0.0,False,-8.0
2024-01-25,Stony Brook Seawolves,72.0,home,0.0,0.0,True,7.0
2024-01-25,Monmouth Hawks,65.0,away,0.0,0.0,False,-7.0
2024-01-25,Fairleigh Dickinson Knights,60.0,home,0.0,0.0,False,-16.0
2024-01-25,Central Connecticut Blue Devils,76.0,away,0.0,0.0,True,16.0
2024-01-26,Northeastern Huskies,54.0,home,0.0,0.0,False,-23.0
2024-01-26,UNC Wilmington Seahawks,77.0,away,0.0,0.0,True,23.0
2024-01-26,Saint Peter's Peacocks,57.0,home,0.0,0.0,False,-5.0
2024-01-26,Rider Broncs,62.0,away,0.0,0.0,True,5.0
2024-01-26,Towson Tigers,70.0,home,0.0,0.0,True,3.0
2024-01-26,Drexel Dragons,67.0,away,0.0,0.0,False,-3.0
2024-01-26,IU Indianapolis Jaguars,50.0,home,0.0,0.0,False,-28.0
2024-01-26,Youngstown State Penguins,78.0,away,0.0,0.0,True,28.0
2024-01-26,Long Island University Sharks,63.0,home,0.0,0.0,True,3.0
2024-01-26,Stonehill Skyhawks,60.0,away,0.0,0.0,False,-3.0
2024-01-26,Florida Gulf Coast Eagles,72.0,home,0.0,0.0,False,-26.0
2024-01-26,Lipscomb Bisons,98.0,away,0.0,0.0,True,26.0
2024-01-26,Delaware Blue Hens,90.0,home,0.0,0.0,True,19.0
2024-01-26,North Carolina A&T Aggies,71.0,away,0.0,0.0,False,-19.0
2024-01-26,Hofstra Pride,64.0,home,0.0,0.0,True,9.0
2024-01-26,William & Mary Tribe,55.0,away,0.0,0.0,False,-9.0
2024-01-26,Green Bay Phoenix,69.0,home,0.0,0.0,True,10.0
2024-01-26,Oakland Golden Grizzlies,59.0,away,0.0,0.0,False,-10.0
2024-01-26,NJIT Highlanders,55.0,home,0.0,0.0,False,-15.0
2024-01-26,Bryant Bulldogs,70.0,away,0.0,0.0,True,15.0
2024-01-26,South Dakota State Jackrabbits,75.0,home,0.0,0.0,True,9.0
2024-01-26,Kansas City Roos,66.0,away,0.0,0.0,False,-9.0
2024-01-26,Eastern Kentucky Colonels,75.0,home,0.0,0.0,True,16.0
2024-01-26,Jacksonville Dolphins,59.0,away,0.0,0.0,False,-16.0
2024-01-26,Cleveland State Vikings,99.0,home,0.0,0.0,False,-8.0
2024-01-26,Wright State Raiders,107.0,away,0.0,0.0,True,8.0
2024-01-26,New Hampshire Wildcats,79.0,home,0.0,0.0,True,6.0
2024-01-26,Binghamton Bearcats,73.0,away,0.0,0.0,False,-6.0
2024-01-26,Northern Kentucky Norse,58.0,home,0.0,0.0,False,-5.0
2024-01-26,Purdue Fort Wayne Mastodons,63.0,away,0.0,0.0,True,5.0
2024-01-26,Quinnipiac Bobcats,79.0,home,0.0,0.0,True,14.0
2024-01-26,Mount St. Mary's Mountaineers,65.0,away,0.0,0.0,False,-14.0
2024-01-26,Tarleton State Texans,70.0,home,0.0,0.0,False,-3.0
2024-01-26,Southern Utah Thunderbirds,73.0,away,0.0,0.0,True,3.0
2024-01-26,Little Rock Trojans,80.0,home,0.0,0.0,True,14.0
2024-01-26,Lindenwood Lions,66.0,away,0.0,0.0,False,-14.0
2024-01-26,Milwaukee Panthers,87.0,home,0.0,0.0,True,16.0
2024-01-26,Detroit Mercy Titans,71.0,away,0.0,0.0,False,-16.0
2024-01-26,Eastern Illinois Panthers,68.0,home,0.0,0.0,True,9.0
2024-01-26,Tennessee Tech Golden Eagles,59.0,away,0.0,0.0,False,-9.0
2024-01-26,St. Thomas-Minnesota Tommies,79.0,home,0.0,0.0,True,13.0
2024-01-26,North Dakota State Bison,66.0,away,0.0,0.0,False,-13.0
2024-01-26,Western Kentucky Hilltoppers,105.0,home,0.0,0.0,True,14.0
2024-01-26,Florida International Panthers,91.0,away,0.0,0.0,False,-14.0
2024-01-26,Stephen F. Austin Lumberjacks,51.0,home,0.0,0.0,False,-2.0
2024-01-26,Grand Canyon Lopes,53.0,away,0.0,0.0,True,2.0
2024-01-26,Stetson Hatters,83.0,home,0.0,0.0,True,1.0
2024-01-26,Austin Peay Governors,82.0,away,0.0,0.0,False,-1.0
2024-01-26,Louisiana Tech Bulldogs,68.0,home,0.0,0.0,True,14.0
2024-01-26,UTEP Miners,54.0,away,0.0,0.0,False,-14.0
2024-01-26,UT Rio Grande Valley Vaqueros,54.0,home,0.0,0.0,False,-9.0
2024-01-26,California Baptist Lancers,63.0,away,0.0,0.0,True,9.0
2024-01-26,UT Martin Skyhawks,84.0,home,0.0,0.0,True,26.0
2024-01-26,Southeast Missouri State Redhawks,58.0,away,0.0,0.0,False,-26.0
2024-01-26,Oral Roberts Golden Eagles,74.0,home,0.0,0.0,True,7.0
2024-01-26,Omaha Mavericks,67.0,away,0.0,0.0,False,-7.0
2024-01-26,UL Monroe Warhawks,80.0,home,0.0,0.0,True,14.0
2024-01-26,South Alabama Jaguars,66.0,away,0.0,0.0,False,-14.0
2024-01-26,Oregon Ducks,80.0,home,0.0,0.0,True,19.0
2024-01-26,Arizona State Sun Devils,61.0,away,0.0,0.0,False,-19.0
2024-01-26,Southern Indiana Screaming Eagles,68.0,home,0.0,0.0,False,-5.0
2024-01-26,Western Illinois Leathernecks,73.0,away,0.0,0.0,True,5.0
2024-01-26,Abilene Christian Wildcats,82.0,home,0.0,0.0,True,22.0
2024-01-26,Utah Tech Trailblazers,60.0,away,0.0,0.0,False,-22.0
2024-01-26,Sam Houston Bearkats,79.0,home,0.0,0.0,True,12.0
2024-01-26,New Mexico State Aggies,67.0,away,0.0,0.0,False,-12.0
2024-01-26,Gonzaga Bulldogs,77.0,home,0.0,0.0,True,5.0
2024-01-26,San Francisco Dons,72.0,away,0.0,0.0,False,-5.0
2024-01-26,Idaho Vandals,60.0,home,0.0,0.0,False,-15.0
2024-01-26,Northern Arizona Lumberjacks,75.0,away,0.0,0.0,True,15.0
2024-01-26,Cal State Northridge Matadors,56.0,home,0.0,0.0,False,-8.0
2024-01-26,Cal State Bakersfield Roadrunners,64.0,away,0.0,0.0,True,8.0
2024-01-26,Cal Poly Mustangs,51.0,home,0.0,0.0,False,-3.0
2024-01-26,Cal State Fullerton Titans,54.0,away,0.0,0.0,True,3.0
2024-01-26,Denver Pioneers,111.0,home,0.0,0.0,True,1.0
2024-01-26,South Dakota Coyotes,110.0,away,0.0,0.0,False,-1.0
2024-01-26,Sacramento State Hornets,62.0,home,0.0,0.0,False,-8.0
2024-01-26,Montana State Bobcats,70.0,away,0.0,0.0,True,8.0
2024-01-26,Saint Mary's Gaels,76.0,home,0.0,0.0,True,48.0
2024-01-26,Pacific Tigers,28.0,away,0.0,0.0,False,-48.0
2024-01-26,Santa Clara Broncos,94.0,home,0.0,0.0,True,23.0
2024-01-26,Pepperdine Waves,71.0,away,0.0,0.0,False,-23.0
2024-01-26,Eastern Washington Eagles,77.0,home,0.0,0.0,True,3.0
2024-01-26,Northern Colorado Bears,74.0,away,0.0,0.0,False,-3.0
2024-01-26,Loyola Marymount Lions,92.0,home,0.0,0.0,True,27.0
2024-01-26,Portland Pilots,65.0,away,0.0,0.0,False,-27.0
2024-01-26,Hawai'i Rainbow Warriors,61.0,home,0.0,0.0,False,-17.0
2024-01-26,UC Santa Barbara Gauchos,78.0,away,0.0,0.0,True,17.0
2024-01-26,Long Beach State Beach,61.0,home,0.0,0.0,False,-11.0
2024-01-26,UC Irvine Anteaters,72.0,away,0.0,0.0,True,11.0
2024-01-26,Portland State Vikings,72.0,home,0.0,0.0,True,26.0
2024-01-26,Montana Grizzlies,46.0,away,0.0,0.0,False,-26.0
2024-01-26,UC San Diego Tritons,66.0,home,0.0,0.0,True,1.0
2024-01-26,UC Riverside Highlanders,65.0,away,0.0,0.0,False,-1.0
2024-01-31,Kansas State Wildcats,53.0,home,0.0,0.0,False,-20.0
2024-01-31,Oklahoma Sooners,73.0,away,0.0,0.0,True,20.0
2024-01-31,Ohio State Buckeyes,75.0,home,0.0,0.0,False,-12.0
2024-01-31,Illinois Fighting Illini,87.0,away,0.0,0.0,True,12.0
2024-01-31,Georgia Tech Yellow Jackets,74.0,home,0.0,0.0,True,1.0
2024-01-31,North Carolina Tar Heels,73.0,away,0.0,0.0,False,-1.0
2024-01-31,Dayton Flyers,83.0,home,0.0,0.0,True,22.0
2024-01-31,George Washington Revolutionaries,61.0,away,0.0,0.0,False,-22.0
2024-01-31,Villanova Wildcats,80.0,home,0.0,0.0,False,-5.0
2024-01-31,Marquette Golden Eagles,85.0,away,0.0,0.0,True,5.0
2024-01-31,Ohio Bobcats,91.0,home,0.0,0.0,True,21.0
2024-01-31,Buffalo Bulls,70.0,away,0.0,0.0,False,-21.0
2024-01-31,Kansas Jayhawks,83.0,home,0.0,0.0,True,29.0
2024-01-31,Oklahoma State Cowboys,54.0,away,0.0,0.0,False,-29.0
2024-01-31,Eastern Michigan Eagles,46.0,home,0.0,0.0,False,-31.0
2024-01-31,Akron Zips,77.0,away,0.0,0.0,True,31.0
2024-01-31,Utah State Aggies,82.0,home,0.0,0.0,True,21.0
2024-01-31,San José State Spartans,61.0,away,0.0,0.0,False,-21.0
2024-01-31,St. Bonaventure Bonnies,67.0,home,0.0,0.0,True,5.0
2024-01-31,VCU Rams,62.0,away,0.0,0.0,False,-5.0
2024-01-31,Indiana Hoosiers,74.0,home,0.0,0.0,True,6.0
2024-01-31,Iowa Hawkeyes,68.0,away,0.0,0.0,False,-6.0
2024-01-31,Toledo Rockets,88.0,home,0.0,0.0,True,25.0
2024-01-31,Western Michigan Broncos,63.0,away,0.0,0.0,False,-25.0
2024-01-31,Boston College Eagles,80.0,home,0.0,0.0,True,5.0
2024-01-31,Syracuse Orange,75.0,away,0.0,0.0,False,-5.0
2024-01-31,Ball State Cardinals,72.0,home,0.0,0.0,False,-9.0
2024-01-31,Bowling Green Falcons,81.0,away,0.0,0.0,True,9.0
2024-01-30,Tennessee Volunteers,59.0,home,0.0,0.0,False,-4.0
2024-01-30,South Carolina Gamecocks,63.0,away,0.0,0.0,True,4.0
2024-01-31,Kent State Golden Flashes,67.0,home,0.0,0.0,False,-4.0
2024-01-31,Miami (OH) RedHawks,71.0,away,0.0,0.0,True,4.0
2024-01-31,Central Michigan Chippewas,84.0,home,0.0,0.0,True,7.0
2024-01-31,Northern Illinois Huskies,77.0,away,0.0,0.0,False,-7.0
2024-01-31,Murray State Racers,59.0,home,0.0,0.0,False,-2.0
2024-01-31,Illinois State Redbirds,61.0,away,0.0,0.0,True,2.0
2024-01-31,TCU Horned Frogs,85.0,home,0.0,0.0,True,7.0
2024-01-31,Texas Tech Red Raiders,78.0,away,0.0,0.0,False,-7.0
2024-01-31,Loyola Chicago Ramblers,77.0,home,0.0,0.0,True,15.0
2024-01-31,Saint Louis Billikens,62.0,away,0.0,0.0,False,-15.0
2024-01-31,Air Force Falcons,72.0,home,0.0,0.0,False,-11.0
2024-01-31,Wyoming Cowboys,83.0,away,0.0,0.0,True,11.0
2024-01-31,Michigan State Spartans,81.0,home,0.0,0.0,True,19.0
2024-01-31,Michigan Wolverines,62.0,away,0.0,0.0,False,-19.0
2024-01-31,UNLV Rebels,78.0,home,0.0,0.0,True,9.0
2024-01-31,Fresno State Bulldogs,69.0,away,0.0,0.0,False,-9.0
2024-01-31,NC State Wolfpack,74.0,home,0.0,0.0,True,6.0
2024-01-31,Miami Hurricanes,68.0,away,0.0,0.0,False,-6.0
2024-01-31,Lindenwood Lions,58.0,home,0.0,0.0,True,4.0
2024-01-31,Southeast Missouri State Redhawks,54.0,away,0.0,0.0,False,-4.0
2024-01-31,Clemson Tigers,70.0,home,0.0,0.0,True,6.0
2024-01-31,Louisville Cardinals,64.0,away,0.0,0.0,False,-6.0
2024-01-31,Gonzaga Bulldogs,92.0,home,0.0,0.0,True,34.0
2024-01-31,Loyola Marymount Lions,58.0,away,0.0,0.0,False,-34.0
2024-01-31,Colorado State Rams,79.0,home,0.0,0.0,True,8.0
2024-01-31,San Diego State Aztecs,71.0,away,0.0,0.0,False,-8.0
2024-01-31,Ole Miss Rebels,86.0,home,0.0,0.0,True,4.0
2024-01-31,Mississippi State Bulldogs,82.0,away,0.0,0.0,False,-4.0
2024-01-31,DePaul Blue Demons,39.0,home,0.0,0.0,False,-33.0
2024-01-31,Seton Hall Pirates,72.0,away,0.0,0.0,True,33.0
2024-02-04,Wisconsin Badgers,69.0,home,0.0,0.0,False,-6.0
2024-02-04,Purdue Boilermakers,75.0,away,0.0,0.0,True,6.0
2024-02-05,Arizona Wildcats,82.0,home,0.0,0.0,True,11.0
2024-02-05,Stanford Cardinal,71.0,away,0.0,0.0,False,-11.0
2024-02-04,Siena Saints,61.0,home,0.0,0.0,False,-7.0
2024-02-04,Mount St. Mary's Mountaineers,68.0,away,0.0,0.0,True,7.0
2024-02-04,Fairfield Stags,77.0,home,0.0,0.0,True,9.0
2024-02-04,Manhattan Jaspers,68.0,away,0.0,0.0,False,-9.0
2024-02-04,Marist Red Foxes,63.0,home,0.0,0.0,True,11.0
2024-02-04,Saint Peter's Peacocks,52.0,away,0.0,0.0,False,-11.0
2024-02-04,SMU Mustangs,72.0,home,0.0,0.0,True,3.0
2024-02-04,UAB Blazers,69.0,away,0.0,0.0,False,-3.0
2024-02-04,Illinois Fighting Illini,87.0,home,0.0,0.0,True,3.0
2024-02-04,Nebraska Cornhuskers,84.0,away,0.0,0.0,False,-3.0
2024-02-04,Furman Paladins,87.0,home,0.0,0.0,False,-2.0
2024-02-04,UNC Greensboro Spartans,89.0,away,0.0,0.0,True,2.0
2024-02-04,Quinnipiac Bobcats,88.0,home,0.0,0.0,True,25.0
2024-02-04,Canisius Golden Griffins,63.0,away,0.0,0.0,False,-25.0
2024-02-04,Loyola Chicago Ramblers,76.0,home,0.0,0.0,True,13.0
2024-02-04,Davidson Wildcats,63.0,away,0.0,0.0,False,-13.0
2024-02-04,South Dakota State Jackrabbits,70.0,home,0.0,0.0,True,3.0
2024-02-04,South Dakota Coyotes,67.0,away,0.0,0.0,False,-3.0
2024-02-04,Tulane Green Wave,92.0,home,0.0,0.0,True,12.0
2024-02-04,Temple Owls,80.0,away,0.0,0.0,False,-12.0
2024-02-04,Milwaukee Panthers,87.0,home,0.0,0.0,True,20.0
2024-02-04,IU Indianapolis Jaguars,67.0,away,0.0,0.0,False,-20.0
2024-02-04,Iona Gaels,94.0,home,0.0,0.0,True,1.0
2024-02-04,Rider Broncs,93.0,away,0.0,0.0,False,-1.0
2024-02-04,Northern Kentucky Norse,78.0,home,0.0,0.0,False,-7.0
2024-02-04,Wright State Raiders,85.0,away,0.0,0.0,True,7.0
2024-02-04,Villanova Wildcats,68.0,home,0.0,0.0,True,18.0
2024-02-04,Providence Friars,50.0,away,0.0,0.0,False,-18.0
2024-02-04,Purdue Fort Wayne Mastodons,82.0,home,0.0,0.0,True,4.0
2024-02-04,Youngstown State Penguins,78.0,away,0.0,0.0,False,-4.0
2024-02-03,Dayton Flyers,76.0,home,0.0,0.0,True,5.0
2024-02-03,St. Bonaventure Bonnies,71.0,away,0.0,0.0,False,-5.0
2024-02-03,Creighton Bluejays,98.0,home,0.0,0.0,False,-1.0
2024-02-03,Butler Bulldogs,99.0,away,0.0,0.0,True,1.0
2024-02-03,Dartmouth Big Green,53.0,home,0.0,0.0,False,-3.0
2024-02-03,Cornell Big Red,56.0,away,0.0,0.0,True,3.0
2024-02-03,Manhattan Jaspers,71.0,home,0.0,0.0,False,-6.0
2024-02-03,Quinnipiac Bobcats,77.0,away,0.0,0.0,True,6.0
2024-02-03,Iowa Hawkeyes,79.0,home,0.0,0.0,True,2.0
2024-02-03,Ohio State Buckeyes,77.0,away,0.0,0.0,False,-2.0
2024-02-03,Rider Broncs,91.0,home,0.0,0.0,True,41.0
2024-02-03,Siena Saints,50.0,away,0.0,0.0,False,-41.0
2024-02-02,Buffalo Bulls,52.0,home,0.0,0.0,False,-31.0
2024-02-02,Kent State Golden Flashes,83.0,away,0.0,0.0,True,31.0
2024-02-03,Saint Peter's Peacocks,59.0,home,0.0,0.0,False,-9.0
2024-02-03,Niagara Purple Eagles,68.0,away,0.0,0.0,True,9.0
2024-02-03,Nevada Wolf Pack,90.0,home,0.0,0.0,True,30.0
2024-02-03,San José State Spartans,60.0,away,0.0,0.0,False,-30.0
2024-02-03,Brown Bears,70.0,home,0.0,0.0,True,9.0
2024-02-03,Pennsylvania Quakers,61.0,away,0.0,0.0,False,-9.0
2024-02-03,Marist Red Foxes,58.0,home,0.0,0.0,False,-18.0
2024-02-03,Mount St. Mary's Mountaineers,76.0,away,0.0,0.0,True,18.0
2024-02-03,Yale Bulldogs,70.0,home,0.0,0.0,True,6.0
2024-02-03,Princeton Tigers,64.0,away,0.0,0.0,False,-6.0
2024-02-03,Harvard Crimson,62.0,home,0.0,0.0,True,3.0
2024-02-03,Columbia Lions,59.0,away,0.0,0.0,False,-3.0
2024-02-03,Iona Gaels,91.0,home,0.0,0.0,True,9.0
2024-02-03,Fairfield Stags,82.0,away,0.0,0.0,False,-9.0
2024-02-03,Akron Zips,77.0,home,0.0,0.0,True,7.0
2024-02-03,Toledo Rockets,70.0,away,0.0,0.0,False,-7.0
2024-02-01,UConn Huskies,74.0,home,0.0,0.0,True,9.0
2024-02-01,Providence Friars,65.0,away,0.0,0.0,False,-9.0
2024-01-31,Purdue Boilermakers,105.0,home,0.0,0.0,True,9.0
2024-01-31,Northwestern Wildcats,96.0,away,0.0,0.0,False,-9.0
2024-01-31,Georgia Bulldogs,76.0,home,0.0,0.0,False,-9.0
2024-01-31,Alabama Crimson Tide,85.0,away,0.0,0.0,True,9.0
2024-02-01,UCF Knights,69.0,home,0.0,0.0,False,-8.0
2024-02-01,Baylor Bears,77.0,away,0.0,0.0,True,8.0
2024-02-01,Lehigh Mountain Hawks,77.0,home,0.0,0.0,True,12.0
2024-02-01,Navy Midshipmen,65.0,away,0.0,0.0,False,-12.0
2024-01-31,VMI Keydets,79.0,home,0.0,0.0,False,-6.0
2024-01-31,UNC Greensboro Spartans,85.0,away,0.0,0.0,True,6.0
2024-02-01,Virginia Cavaliers,65.0,home,0.0,0.0,True,12.0
2024-02-01,Notre Dame Fighting Irish,53.0,away,0.0,0.0,False,-12.0
2024-02-01,Tulsa Golden Hurricane,79.0,home,0.0,0.0,True,11.0
2024-02-01,Wichita State Shockers,68.0,away,0.0,0.0,False,-11.0
2024-02-01,Auburn Tigers,81.0,home,0.0,0.0,True,27.0
2024-02-01,Vanderbilt Commodores,54.0,away,0.0,0.0,False,-27.0
2024-02-01,Pittsburgh Panthers,77.0,home,0.0,0.0,True,5.0
2024-02-01,Wake Forest Demon Deacons,72.0,away,0.0,0.0,False,-5.0
2024-02-01,Gardner-Webb Runnin' Bulldogs,80.0,home,0.0,0.0,True,7.0
2024-02-01,UNC Asheville Bulldogs,73.0,away,0.0,0.0,False,-7.0
2024-02-01,Duquesne Dukes,65.0,home,0.0,0.0,True,5.0
2024-02-01,Chicago State Cougars,60.0,away,0.0,0.0,False,-5.0
2024-02-01,Presbyterian Blue Hose,80.0,home,0.0,0.0,True,7.0
2024-02-01,South Carolina Upstate Spartans,73.0,away,0.0,0.0,False,-7.0
2024-02-01,Kentucky Wildcats,91.0,home,0.0,0.0,False,-3.0
2024-02-01,Florida Gators,94.0,away,0.0,0.0,True,3.0
2024-02-01,West Virginia Mountaineers,69.0,home,0.0,0.0,True,4.0
2024-02-01,Cincinnati Bearcats,65.0,away,0.0,0.0,False,-4.0
2024-01-31,Xavier Musketeers,88.0,home,0.0,0.0,True,11.0
2024-01-31,St. John's Red Storm,77.0,away,0.0,0.0,False,-11.0
2024-02-01,New Mexico Lobos,78.0,home,0.0,0.0,False,-8.0
2024-02-01,Boise State Broncos,86.0,away,0.0,0.0,True,8.0
2024-02-01,East Carolina Pirates,60.0,home,0.0,0.0,False,-11.0
2024-02-01,South Florida Bulls,71.0,away,0.0,0.0,True,11.0
2024-02-01,Radford Highlanders,60.0,home,0.0,0.0,False,-3.0
2024-02-01,Charleston Southern Buccaneers,63.0,away,0.0,0.0,True,3.0
2024-02-01,Colgate Raiders,74.0,home,0.0,0.0,True,19.0
2024-02-01,Army Black Knights,55.0,away,0.0,0.0,False,-19.0
2024-02-01,Lafayette Leopards,66.0,home,0.0,0.0,False,-3.0
2024-02-01,American University Eagles,69.0,away,0.0,0.0,True,3.0
2024-02-01,Rhode Island Rams,71.0,home,0.0,0.0,True,2.0
2024-02-01,La Salle Explorers,69.0,away,0.0,0.0,False,-2.0
2024-02-01,Western Carolina Catamounts,85.0,home,0.0,0.0,False,-6.0
2024-02-01,Chattanooga Mocs,91.0,away,0.0,0.0,True,6.0
2024-02-01,Memphis Tigers,71.0,home,0.0,0.0,False,-3.0
2024-02-01,Rice Owls,74.0,away,0.0,0.0,True,3.0
2024-02-01,The Citadel Bulldogs,79.0,home,0.0,0.0,False,-3.0
2024-02-01,Furman Paladins,82.0,away,0.0,0.0,True,3.0
2024-02-01,Louisiana Ragin' Cajuns,80.0,home,0.0,0.0,True,8.0
2024-02-01,UL Monroe Warhawks,72.0,away,0.0,0.0,False,-8.0
2024-02-01,Southern Illinois Salukis,75.0,home,0.0,0.0,False,-1.0
2024-02-01,Missouri State Bears,76.0,away,0.0,0.0,True,1.0
2024-02-01,Bradley Braves,85.0,home,0.0,0.0,True,16.0
2024-02-01,Northern Iowa Panthers,69.0,away,0.0,0.0,False,-16.0
2024-02-01,Samford Bulldogs,81.0,home,0.0,0.0,True,2.0
2024-02-01,Wofford Terriers,79.0,away,0.0,0.0,False,-2.0
2024-02-01,Mercer Bears,49.0,home,0.0,0.0,False,-5.0
2024-02-01,East Tennessee State Buccaneers,54.0,away,0.0,0.0,True,5.0
2024-02-01,North Florida Ospreys,85.0,home,0.0,0.0,True,9.0
2024-02-01,Lipscomb Bisons,76.0,away,0.0,0.0,False,-9.0
2024-02-01,Bucknell Bison,67.0,home,0.0,0.0,True,15.0
2024-02-01,Loyola Maryland Greyhounds,52.0,away,0.0,0.0,False,-15.0
2024-02-01,Saint Joseph's Hawks,75.0,home,0.0,0.0,True,2.0
2024-02-01,George Mason Patriots,73.0,away,0.0,0.0,False,-2.0
2024-02-01,Evansville Purple Aces,77.0,home,0.0,0.0,True,17.0
2024-02-01,UIC Flames,60.0,away,0.0,0.0,False,-17.0
2024-02-01,Drake Bulldogs,81.0,home,0.0,0.0,True,11.0
2024-02-01,Valparaiso Beacons,70.0,away,0.0,0.0,False,-11.0
2024-02-01,Belmont Bruins,72.0,home,0.0,0.0,False,-6.0
2024-02-01,Indiana State Sycamores,78.0,away,0.0,0.0,True,6.0
2024-02-01,Fordham Rams,69.0,home,0.0,0.0,False,-14.0
2024-02-01,Richmond Spiders,83.0,away,0.0,0.0,True,14.0
2024-02-01,Jacksonville Dolphins,63.0,home,0.0,0.0,True,20.0
2024-02-01,Austin Peay Governors,43.0,away,0.0,0.0,False,-20.0
2024-02-01,East Texas A&M Lions,71.0,home,0.0,0.0,True,5.0
2024-02-01,Incarnate Word Cardinals,66.0,away,0.0,0.0,False,-5.0
2024-02-01,Rutgers Scarlet Knights,46.0,home,0.0,0.0,False,-15.0
2024-02-01,Penn State Nittany Lions,61.0,away,0.0,0.0,True,15.0
2024-02-01,North Texas Mean Green,79.0,home,0.0,0.0,False,-3.0
2024-02-01,UAB Blazers,82.0,away,0.0,0.0,True,3.0
2024-02-01,Arkansas State Red Wolves,78.0,home,0.0,0.0,True,7.0
2024-02-01,Southern Miss Golden Eagles,71.0,away,0.0,0.0,False,-7.0
2024-02-01,Missouri Tigers,84.0,home,0.0,0.0,False,-7.0
2024-02-01,Arkansas Razorbacks,91.0,away,0.0,0.0,True,7.0
2024-02-01,Saint Mary's Gaels,82.0,home,0.0,0.0,True,5.0
2024-02-01,Santa Clara Broncos,77.0,away,0.0,0.0,False,-5.0
2024-02-06,Maryland Eastern Shore Hawks,69.0,home,0.0,0.0,True,9.0
2024-02-06,Norfolk State Spartans,60.0,away,0.0,0.0,False,-9.0
2024-02-06,McNeese Cowboys,77.0,home,0.0,0.0,True,26.0
2024-02-06,East Texas A&M Lions,51.0,away,0.0,0.0,False,-26.0
2024-02-06,Sacramento State Hornets,45.0,home,0.0,0.0,False,-16.0
2024-02-06,Idaho Vandals,61.0,away,0.0,0.0,True,16.0
2024-02-06,Delaware State Hornets,71.0,home,0.0,0.0,False,-4.0
2024-02-06,Howard Bison,75.0,away,0.0,0.0,True,4.0
2024-02-06,Alabama State Hornets,62.0,home,0.0,0.0,True,9.0
2024-02-06,Florida A&M Rattlers,53.0,away,0.0,0.0,False,-9.0
2024-02-06,Virginia Cavaliers,60.0,home,0.0,0.0,True,22.0
2024-02-06,Miami Hurricanes,38.0,away,0.0,0.0,False,-22.0
2024-02-06,Kansas State Wildcats,75.0,home,0.0,0.0,True,5.0
2024-02-06,Kansas Jayhawks,70.0,away,0.0,0.0,False,-5.0
2024-02-06,New Orleans Privateers,84.0,home,0.0,0.0,True,26.0
2024-02-06,Houston Christian Huskies,58.0,away,0.0,0.0,False,-26.0
2024-02-06,North Carolina Central Eagles,72.0,home,0.0,0.0,False,-7.0
2024-02-06,Morgan State Bears,79.0,away,0.0,0.0,True,7.0
2024-02-06,Nicholls Colonels,73.0,home,0.0,0.0,True,7.0
2024-02-06,Northwestern State Demons,66.0,away,0.0,0.0,False,-7.0
2024-02-06,SE Louisiana Lions,76.0,home,0.0,0.0,True,12.0
2024-02-06,Incarnate Word Cardinals,64.0,away,0.0,0.0,False,-12.0
2024-02-06,South Carolina State Bulldogs,77.0,home,0.0,0.0,True,12.0
2024-02-06,Coppin State Eagles,65.0,away,0.0,0.0,False,-12.0
2024-02-06,Prairie View A&M Panthers,75.0,home,0.0,0.0,True,1.0
2024-02-06,Arkansas-Pine Bluff Golden Lions,74.0,away,0.0,0.0,False,-1.0
2024-02-06,Alabama A&M Bulldogs,72.0,home,0.0,0.0,True,4.0
2024-02-06,Bethune-Cookman Wildcats,68.0,away,0.0,0.0,False,-4.0
2024-02-06,Portland State Vikings,77.0,home,0.0,0.0,False,-13.0
2024-02-06,Eastern Washington Eagles,90.0,away,0.0,0.0,True,13.0
2024-02-06,Alcorn State Braves,67.0,home,0.0,0.0,False,-11.0
2024-02-06,Grambling Tigers,78.0,away,0.0,0.0,True,11.0
2024-02-06,Jackson State Tigers,63.0,home,0.0,0.0,False,-9.0
2024-02-06,Southern Jaguars,72.0,away,0.0,0.0,True,9.0
2024-01-21,Villanova Wildcats,65.0,home,0.0,0.0,False,-1.0
2024-01-21,UConn Huskies,66.0,away,0.0,0.0,True,1.0
2024-01-20,Iowa Hawkeyes,70.0,home,0.0,0.0,False,-14.0
2024-01-20,Purdue Boilermakers,84.0,away,0.0,0.0,True,14.0
2024-01-21,Duke Blue Devils,76.0,home,0.0,0.0,False,-4.0
2024-01-21,Pittsburgh Panthers,80.0,away,0.0,0.0,True,4.0
2024-01-21,Auburn Tigers,82.0,home,0.0,0.0,True,23.0
2024-01-21,Ole Miss Rebels,59.0,away,0.0,0.0,False,-23.0
2024-01-20,West Virginia Mountaineers,91.0,home,0.0,0.0,True,6.0
2024-01-20,Kansas Jayhawks,85.0,away,0.0,0.0,False,-6.0
2024-01-20,Cincinnati Bearcats,65.0,home,0.0,0.0,False,-4.0
2024-01-20,Oklahoma Sooners,69.0,away,0.0,0.0,True,4.0
2024-01-20,Arizona Wildcats,77.0,home,0.0,0.0,True,6.0
2024-01-20,UCLA Bruins,71.0,away,0.0,0.0,False,-6.0
2024-01-20,Houston Cougars,57.0,home,0.0,0.0,True,15.0
2024-01-20,UCF Knights,42.0,away,0.0,0.0,False,-15.0
2024-01-20,Utah State Aggies,83.0,home,0.0,0.0,True,21.0
2024-01-20,Fresno State Bulldogs,62.0,away,0.0,0.0,False,-21.0
2024-01-20,St. John's Red Storm,72.0,home,0.0,0.0,False,-1.0
2024-01-20,Marquette Golden Eagles,73.0,away,0.0,0.0,True,1.0
2024-01-20,Kentucky Wildcats,105.0,home,0.0,0.0,True,9.0
2024-01-20,Georgia Bulldogs,96.0,away,0.0,0.0,False,-9.0
2024-01-20,TCU Horned Frogs,72.0,home,0.0,0.0,False,-1.0
2024-01-20,Iowa State Cyclones,73.0,away,0.0,0.0,True,1.0
2024-01-20,NC State Wolfpack,78.0,home,0.0,0.0,False,-6.0
2024-01-20,Virginia Tech Hokies,84.0,away,0.0,0.0,True,6.0
2024-01-20,Dayton Flyers,96.0,home,0.0,0.0,True,34.0
2024-01-20,Rhode Island Rams,62.0,away,0.0,0.0,False,-34.0
2024-01-20,Seton Hall Pirates,94.0,home,0.0,0.0,False,-3.0
2024-01-20,Creighton Bluejays,97.0,away,0.0,0.0,True,3.0
2024-01-20,Syracuse Orange,72.0,home,0.0,0.0,True,3.0
2024-01-20,Miami Hurricanes,69.0,away,0.0,0.0,False,-3.0
2024-01-20,Boston College Eagles,66.0,home,0.0,0.0,False,-10.0
2024-01-20,North Carolina Tar Heels,76.0,away,0.0,0.0,True,10.0
2024-01-20,Texas Longhorns,75.0,home,0.0,0.0,True,2.0
2024-01-20,Baylor Bears,73.0,away,0.0,0.0,False,-2.0
2024-01-20,Texas Tech Red Raiders,85.0,home,0.0,0.0,True,7.0
2024-01-20,BYU Cougars,78.0,away,0.0,0.0,False,-7.0
2024-01-20,Tennessee Volunteers,91.0,home,0.0,0.0,True,20.0
2024-01-20,Alabama Crimson Tide,71.0,away,0.0,0.0,False,-20.0
2024-01-20,Boise State Broncos,67.0,home,0.0,0.0,True,1.0
2024-01-20,San Diego State Aztecs,66.0,away,0.0,0.0,False,-1.0
2024-01-20,UMBC Retrievers,58.0,home,0.0,0.0,False,-6.0
2024-01-20,New Hampshire Wildcats,64.0,away,0.0,0.0,True,6.0
2024-01-20,Arkansas Razorbacks,64.0,home,0.0,0.0,False,-13.0
2024-01-20,South Carolina Gamecocks,77.0,away,0.0,0.0,True,13.0
2024-01-20,Gardner-Webb Runnin' Bulldogs,79.0,home,0.0,0.0,True,5.0
2024-01-20,Winthrop Eagles,74.0,away,0.0,0.0,False,-5.0
2024-01-20,IU Indianapolis Jaguars,63.0,home,0.0,0.0,False,-17.0
2024-01-20,Robert Morris Colonials,80.0,away,0.0,0.0,True,17.0
2024-01-20,Massachusetts Minutemen,81.0,home,0.0,0.0,True,14.0
2024-01-20,George Washington Revolutionaries,67.0,away,0.0,0.0,False,-14.0
2024-01-20,Wake Forest Demon Deacons,90.0,home,0.0,0.0,True,25.0
2024-01-20,Louisville Cardinals,65.0,away,0.0,0.0,False,-25.0
2024-01-20,VMI Keydets,70.0,home,0.0,0.0,True,7.0
2024-01-20,The Citadel Bulldogs,63.0,away,0.0,0.0,False,-7.0
2024-01-20,Missouri State Bears,60.0,home,0.0,0.0,False,-9.0
2024-01-20,Illinois State Redbirds,69.0,away,0.0,0.0,True,9.0
2024-01-20,Ohio State Buckeyes,79.0,home,0.0,0.0,True,12.0
2024-01-20,Penn State Nittany Lions,67.0,away,0.0,0.0,False,-12.0
2024-01-20,Radford Highlanders,64.0,home,0.0,0.0,True,3.0
2024-01-20,South Carolina Upstate Spartans,61.0,away,0.0,0.0,False,-3.0
2024-01-20,Fordham Rams,61.0,home,0.0,0.0,False,-4.0
2024-01-20,Loyola Chicago Ramblers,65.0,away,0.0,0.0,True,4.0
2024-01-20,North Dakota Fighting Hawks,92.0,home,0.0,0.0,True,14.0
2024-01-20,Denver Pioneers,78.0,away,0.0,0.0,False,-14.0
2024-01-20,North Carolina A&T Aggies,76.0,home,0.0,0.0,True,7.0
2024-01-20,William & Mary Tribe,69.0,away,0.0,0.0,False,-7.0
2024-01-20,Bradley Braves,95.0,home,0.0,0.0,True,23.0
2024-01-20,Belmont Bruins,72.0,away,0.0,0.0,False,-23.0
2024-01-20,Temple Owls,66.0,home,0.0,0.0,False,-3.0
2024-01-20,Rice Owls,69.0,away,0.0,0.0,True,3.0
2024-01-20,Omaha Mavericks,72.0,home,0.0,0.0,False,-2.0
2024-01-20,Kansas City Roos,74.0,away,0.0,0.0,True,2.0
2024-01-20,Navy Midshipmen,57.0,home,0.0,0.0,True,4.0
2024-01-20,Army Black Knights,53.0,away,0.0,0.0,False,-4.0
2024-01-20,Drexel Dragons,86.0,home,0.0,0.0,True,19.0
2024-01-20,Delaware Blue Hens,67.0,away,0.0,0.0,False,-19.0
2024-01-20,Monmouth Hawks,85.0,home,0.0,0.0,True,8.0
2024-01-20,Hampton Pirates,77.0,away,0.0,0.0,False,-8.0
2024-01-20,Colgate Raiders,75.0,home,0.0,0.0,True,16.0
2024-01-20,Boston University Terriers,59.0,away,0.0,0.0,False,-16.0
2024-01-20,Dartmouth Big Green,51.0,home,0.0,0.0,False,-25.0
2024-01-20,Yale Bulldogs,76.0,away,0.0,0.0,True,25.0
2024-01-20,Lafayette Leopards,75.0,home,0.0,0.0,True,3.0
2024-01-20,Bucknell Bison,72.0,away,0.0,0.0,False,-3.0
2024-01-20,Ball State Cardinals,80.0,home,0.0,0.0,False,-7.0
2024-01-20,Miami (OH) RedHawks,87.0,away,0.0,0.0,True,7.0
2024-01-20,North Dakota State Bison,72.0,home,0.0,0.0,True,5.0
2024-01-20,Oral Roberts Golden Eagles,67.0,away,0.0,0.0,False,-5.0
2024-01-20,Bowling Green Falcons,84.0,home,0.0,0.0,True,5.0
2024-01-20,Western Michigan Broncos,79.0,away,0.0,0.0,False,-5.0
2024-01-20,George Mason Patriots,69.0,home,0.0,0.0,True,9.0
2024-01-20,St. Bonaventure Bonnies,60.0,away,0.0,0.0,False,-9.0
2024-01-20,South Dakota Coyotes,55.0,home,0.0,0.0,False,-18.0
2024-01-20,South Dakota State Jackrabbits,73.0,away,0.0,0.0,True,18.0
2024-01-20,Holy Cross Crusaders,86.0,home,0.0,0.0,True,8.0
2024-01-20,Loyola Maryland Greyhounds,78.0,away,0.0,0.0,False,-8.0
2024-01-20,Furman Paladins,65.0,home,0.0,0.0,True,3.0
2024-01-20,Western Carolina Catamounts,62.0,away,0.0,0.0,False,-3.0
2024-01-20,Columbia Lions,62.0,home,0.0,0.0,False,-8.0
2024-01-20,Princeton Tigers,70.0,away,0.0,0.0,True,8.0
2024-01-20,Cleveland State Vikings,75.0,home,0.0,0.0,True,7.0
2024-01-20,Purdue Fort Wayne Mastodons,68.0,away,0.0,0.0,False,-7.0
2024-01-20,Binghamton Bearcats,60.0,home,0.0,0.0,False,-20.0
2024-01-20,UMass Lowell River Hawks,80.0,away,0.0,0.0,True,20.0
2024-01-20,NJIT Highlanders,64.0,home,0.0,0.0,False,-6.0
2024-01-20,Maine Black Bears,70.0,away,0.0,0.0,True,6.0
2024-01-20,Nebraska Cornhuskers,75.0,home,0.0,0.0,True,6.0
2024-01-20,Northwestern Wildcats,69.0,away,0.0,0.0,False,-6.0
2024-01-20,Brown Bears,83.0,home,0.0,0.0,False,-1.0
2024-01-20,Cornell Big Red,84.0,away,0.0,0.0,True,1.0
2024-01-20,Arizona State Sun Devils,82.0,home,0.0,0.0,True,15.0
2024-01-20,USC Trojans,67.0,away,0.0,0.0,False,-15.0
2024-01-20,Saint Joseph's Hawks,71.0,home,0.0,0.0,True,2.0
2024-01-20,Duquesne Dukes,69.0,away,0.0,0.0,False,-2.0
2024-01-20,SMU Mustangs,103.0,home,0.0,0.0,True,33.0
2024-01-20,Tulsa Golden Hurricane,70.0,away,0.0,0.0,False,-33.0
2024-01-20,UAB Blazers,69.0,home,0.0,0.0,True,8.0
2024-01-20,East Carolina Pirates,61.0,away,0.0,0.0,False,-8.0
2024-01-20,Longwood Lancers,80.0,home,0.0,0.0,True,10.0
2024-01-20,Presbyterian Blue Hose,70.0,away,0.0,0.0,False,-10.0
2024-01-20,Georgia Southern Eagles,86.0,home,0.0,0.0,True,16.0
2024-01-20,Georgia State Panthers,70.0,away,0.0,0.0,False,-16.0
2024-01-20,Southern Miss Golden Eagles,64.0,home,0.0,0.0,True,1.0
2024-01-20,Troy Trojans,63.0,away,0.0,0.0,False,-1.0
2024-01-20,Florida State Seminoles,67.0,home,0.0,0.0,False,-11.0
2024-01-20,Clemson Tigers,78.0,away,0.0,0.0,True,11.0
2024-01-20,Charlotte 49ers,56.0,home,0.0,0.0,True,12.0
2024-01-20,North Texas Mean Green,44.0,away,0.0,0.0,False,-12.0
2024-01-20,Jacksonville Dolphins,79.0,home,0.0,0.0,False,-4.0
2024-01-20,Kennesaw State Owls,83.0,away,0.0,0.0,True,4.0
2024-01-20,Butler Bulldogs,74.0,home,0.0,0.0,True,14.0
2024-01-20,DePaul Blue Demons,60.0,away,0.0,0.0,False,-14.0
2024-01-20,Mississippi State Bulldogs,68.0,home,0.0,0.0,True,13.0
2024-01-20,Vanderbilt Commodores,55.0,away,0.0,0.0,False,-13.0
2024-01-20,Delaware State Hornets,67.0,home,0.0,0.0,True,4.0
2024-01-20,Maryland Eastern Shore Hawks,63.0,away,0.0,0.0,False,-4.0
2024-01-20,South Carolina State Bulldogs,71.0,home,0.0,0.0,True,3.0
2024-01-20,North Carolina Central Eagles,68.0,away,0.0,0.0,False,-3.0
2024-01-20,Arkansas-Pine Bluff Golden Lions,99.0,home,0.0,0.0,True,2.0
2024-01-20,Florida A&M Rattlers,97.0,away,0.0,0.0,False,-2.0
2024-01-20,Grambling Tigers,79.0,home,0.0,0.0,True,17.0
2024-01-20,Southern Jaguars,62.0,away,0.0,0.0,False,-17.0
2024-01-20,Davidson Wildcats,64.0,home,0.0,0.0,False,-5.0
2024-01-20,Richmond Spiders,69.0,away,0.0,0.0,True,5.0
2024-01-20,LSU Tigers,69.0,home,0.0,0.0,False,-4.0
2024-01-20,Texas A&M Aggies,73.0,away,0.0,0.0,True,4.0
2024-01-20,Alcorn State Braves,61.0,home,0.0,0.0,False,-11.0
2024-01-20,Texas Southern Tigers,72.0,away,0.0,0.0,True,11.0
2024-01-20,Valparaiso Beacons,84.0,home,0.0,0.0,True,7.0
2024-01-20,UIC Flames,77.0,away,0.0,0.0,False,-7.0
2024-01-20,Air Force Falcons,66.0,home,0.0,0.0,False,-19.0
2024-01-20,New Mexico Lobos,85.0,away,0.0,0.0,True,19.0
2024-01-20,Towson Tigers,77.0,home,0.0,0.0,True,34.0
2024-01-20,Campbell Fighting Camels,43.0,away,0.0,0.0,False,-34.0
2024-01-20,Howard Bison,61.0,home,0.0,0.0,False,-4.0
2024-01-20,Norfolk State Spartans,65.0,away,0.0,0.0,True,4.0
2024-01-20,Ohio Bobcats,85.0,home,0.0,0.0,True,18.0
2024-01-20,Eastern Michigan Eagles,67.0,away,0.0,0.0,False,-18.0
2024-01-20,UNC Greensboro Spartans,82.0,home,0.0,0.0,True,23.0
2024-01-20,Wofford Terriers,59.0,away,0.0,0.0,False,-23.0
2024-01-20,South Alabama Jaguars,79.0,home,0.0,0.0,False,-9.0
2024-01-20,Louisiana Ragin' Cajuns,88.0,away,0.0,0.0,True,9.0
2024-01-20,Abilene Christian Wildcats,78.0,home,0.0,0.0,True,11.0
2024-01-20,UT Arlington Mavericks,67.0,away,0.0,0.0,False,-11.0
2024-01-20,Utah Valley Wolverines,84.0,home,0.0,0.0,True,13.0
2024-01-20,Utah Tech Trailblazers,71.0,away,0.0,0.0,False,-13.0
2024-01-20,Detroit Mercy Titans,64.0,home,0.0,0.0,False,-41.0
2024-01-20,Youngstown State Penguins,105.0,away,0.0,0.0,True,41.0
2024-01-20,UC Santa Barbara Gauchos,69.0,home,0.0,0.0,False,-4.0
2024-01-20,Cal State Fullerton Titans,73.0,away,0.0,0.0,True,4.0
2024-01-20,Coppin State Eagles,86.0,home,0.0,0.0,False,-3.0
2024-01-20,Morgan State Bears,89.0,away,0.0,0.0,True,3.0
2024-01-20,Southern Indiana Screaming Eagles,70.0,home,0.0,0.0,False,-11.0
2024-01-20,Morehead State Eagles,81.0,away,0.0,0.0,True,11.0
2024-01-20,SE Louisiana Lions,52.0,home,0.0,0.0,False,-16.0
2024-01-20,East Texas A&M Lions,68.0,away,0.0,0.0,True,16.0
2024-01-20,App State Mountaineers,88.0,home,0.0,0.0,True,29.0
2024-01-20,Coastal Carolina Chanticleers,59.0,away,0.0,0.0,False,-29.0
2024-01-20,Houston Christian Huskies,78.0,home,0.0,0.0,True,1.0
2024-01-20,Lamar Cardinals,77.0,away,0.0,0.0,False,-1.0
2024-01-20,Western Illinois Leathernecks,57.0,home,0.0,0.0,False,-1.0
2024-01-20,Tennessee State Tigers,58.0,away,0.0,0.0,True,1.0
2024-01-20,California Golden Bears,81.0,home,0.0,0.0,True,6.0
2024-01-20,Washington State Cougars,75.0,away,0.0,0.0,False,-6.0
2024-01-20,Lindenwood Lions,68.0,home,0.0,0.0,False,-10.0
2024-01-20,Eastern Illinois Panthers,78.0,away,0.0,0.0,True,10.0
2024-01-20,Southeast Missouri State Redhawks,52.0,home,0.0,0.0,True,5.0
2024-01-20,SIU Edwardsville Cougars,47.0,away,0.0,0.0,False,-5.0
2024-01-20,Lipscomb Bisons,88.0,home,0.0,0.0,True,9.0
2024-01-20,North Alabama Lions,79.0,away,0.0,0.0,False,-9.0
2024-01-20,Texas A&M-Corpus Christi Islanders,69.0,home,0.0,0.0,True,10.0
2024-01-20,Nicholls Colonels,59.0,away,0.0,0.0,False,-10.0
2024-01-20,Northern Arizona Lumberjacks,70.0,home,0.0,0.0,True,9.0
2024-01-20,Sacramento State Hornets,61.0,away,0.0,0.0,False,-9.0
2024-01-20,Lehigh Mountain Hawks,70.0,home,0.0,0.0,True,2.0
2024-01-20,American University Eagles,68.0,away,0.0,0.0,False,-2.0
2024-01-20,North Florida Ospreys,91.0,home,0.0,0.0,True,16.0
2024-01-20,Queens University Royals,75.0,away,0.0,0.0,False,-16.0
2024-01-20,UC Davis Aggies,54.0,home,0.0,0.0,True,2.0
2024-01-20,UC Irvine Anteaters,52.0,away,0.0,0.0,False,-2.0
2024-01-20,Jacksonville State Gamecocks,57.0,home,0.0,0.0,False,-17.0
2024-01-20,Louisiana Tech Bulldogs,74.0,away,0.0,0.0,True,17.0
2024-01-20,Texas State Bobcats,72.0,home,0.0,0.0,False,-7.0
2024-01-20,Arkansas State Red Wolves,79.0,away,0.0,0.0,True,7.0
2024-01-20,Austin Peay Governors,94.0,home,0.0,0.0,True,23.0
2024-01-20,Central Arkansas Bears,71.0,away,0.0,0.0,False,-23.0
2024-01-20,Georgia Tech Yellow Jackets,66.0,home,0.0,0.0,False,-9.0
2024-01-20,Virginia Cavaliers,75.0,away,0.0,0.0,True,9.0
2024-01-20,Samford Bulldogs,87.0,home,0.0,0.0,True,7.0
2024-01-20,Mercer Bears,80.0,away,0.0,0.0,False,-7.0
2024-01-20,Incarnate Word Cardinals,66.0,home,0.0,0.0,False,-14.0
2024-01-20,McNeese Cowboys,80.0,away,0.0,0.0,True,14.0
2024-01-20,Jackson State Tigers,62.0,home,0.0,0.0,False,-9.0
2024-01-20,Prairie View A&M Panthers,71.0,away,0.0,0.0,True,9.0
2024-01-20,UNC Wilmington Seahawks,78.0,home,0.0,0.0,True,9.0
2024-01-20,Charleston Cougars,69.0,away,0.0,0.0,False,-9.0
2024-01-20,New Orleans Privateers,67.0,home,0.0,0.0,False,-25.0
2024-01-20,Northwestern State Demons,92.0,away,0.0,0.0,True,25.0
2024-01-21,High Point Panthers,86.0,home,0.0,0.0,True,7.0
2024-01-21,Charleston Southern Buccaneers,79.0,away,0.0,0.0,False,-7.0
2024-01-21,Kansas State Wildcats,70.0,home,0.0,0.0,True,4.0
2024-01-21,Oklahoma State Cowboys,66.0,away,0.0,0.0,False,-4.0
2024-01-20,Drake Bulldogs,97.0,home,0.0,0.0,True,49.0
2024-01-20,Evansville Purple Aces,48.0,away,0.0,0.0,False,-49.0
2024-01-20,James Madison Dukes,67.0,home,0.0,0.0,True,15.0
2024-01-20,Marshall Thundering Herd,52.0,away,0.0,0.0,False,-15.0
2024-01-20,Pennsylvania Quakers,61.0,home,0.0,0.0,False,-9.0
2024-01-20,Harvard Crimson,70.0,away,0.0,0.0,True,9.0
2024-01-21,Colorado Buffaloes,90.0,home,0.0,0.0,True,33.0
2024-01-21,Oregon State Beavers,57.0,away,0.0,0.0,False,-33.0
2024-01-20,Northern Kentucky Norse,74.0,home,0.0,0.0,True,22.0
2024-01-20,Green Bay Phoenix,52.0,away,0.0,0.0,False,-22.0
2024-01-21,Elon Phoenix,72.0,home,0.0,0.0,False,-12.0
2024-01-21,Northeastern Huskies,84.0,away,0.0,0.0,True,12.0
2024-01-21,Florida Gulf Coast Eagles,80.0,home,0.0,0.0,True,24.0
2024-01-21,Stetson Hatters,56.0,away,0.0,0.0,False,-24.0
2024-01-21,Santa Clara Broncos,101.0,home,0.0,0.0,True,15.0
2024-01-21,Portland Pilots,86.0,away,0.0,0.0,False,-15.0
2024-01-21,Wright State Raiders,95.0,home,0.0,0.0,True,14.0
2024-01-21,Milwaukee Panthers,81.0,away,0.0,0.0,False,-14.0
2024-01-21,UAlbany Great Danes,89.0,home,0.0,0.0,False,-9.0
2024-01-21,Bryant Bulldogs,98.0,away,0.0,0.0,True,9.0
2024-01-21,Mississippi Valley State Delta Devils,64.0,home,0.0,0.0,False,-16.0
2024-01-21,Bethune-Cookman Wildcats,80.0,away,0.0,0.0,True,16.0
2024-01-21,Old Dominion Monarchs,73.0,home,0.0,0.0,False,-7.0
2024-01-21,UL Monroe Warhawks,80.0,away,0.0,0.0,True,7.0
2024-01-21,Wyoming Cowboys,98.0,home,0.0,0.0,True,5.0
2024-01-21,Nevada Wolf Pack,93.0,away,0.0,0.0,False,-5.0
2024-01-21,UT Rio Grande Valley Vaqueros,73.0,home,0.0,0.0,False,-4.0
2024-01-21,Tarleton State Texans,77.0,away,0.0,0.0,True,4.0
2024-01-21,UC San Diego Tritons,67.0,home,0.0,0.0,True,6.0
2024-01-21,Hawai'i Rainbow Warriors,61.0,away,0.0,0.0,False,-6.0
2024-01-21,Eastern Kentucky Colonels,82.0,home,0.0,0.0,True,12.0
2024-01-21,Bellarmine Knights,70.0,away,0.0,0.0,False,-12.0
2024-01-21,Liberty Flames,82.0,home,0.0,0.0,True,16.0
2024-01-21,Sam Houston Bearkats,66.0,away,0.0,0.0,False,-16.0
2024-01-21,Northern Iowa Panthers,61.0,home,0.0,0.0,True,4.0
2024-01-21,Southern Illinois Salukis,57.0,away,0.0,0.0,False,-4.0
2024-01-21,Missouri Tigers,67.0,home,0.0,0.0,False,-12.0
2024-01-21,Florida Gators,79.0,away,0.0,0.0,True,12.0
2024-01-21,Northern Colorado Bears,90.0,home,0.0,0.0,True,29.0
2024-01-21,Portland State Vikings,61.0,away,0.0,0.0,False,-29.0
2024-01-21,UC Riverside Highlanders,82.0,home,0.0,0.0,True,19.0
2024-01-21,Cal State Northridge Matadors,63.0,away,0.0,0.0,False,-19.0
2024-01-21,California Baptist Lancers,83.0,home,0.0,0.0,True,7.0
2024-01-21,Southern Utah Thunderbirds,76.0,away,0.0,0.0,False,-7.0
2024-01-21,Montana State Bobcats,77.0,home,0.0,0.0,False,-10.0
2024-01-21,Montana Grizzlies,87.0,away,0.0,0.0,True,10.0
2024-01-21,Stanford Cardinal,90.0,home,0.0,0.0,True,10.0
2024-01-21,Washington Huskies,80.0,away,0.0,0.0,False,-10.0
2024-01-21,Idaho State Bengals,67.0,home,0.0,0.0,False,-12.0
2024-01-21,Eastern Washington Eagles,79.0,away,0.0,0.0,True,12.0
2024-01-21,New Mexico State Aggies,73.0,home,0.0,0.0,True,11.0
2024-01-21,Middle Tennessee Blue Raiders,62.0,away,0.0,0.0,False,-11.0
2024-01-21,UTEP Miners,93.0,home,0.0,0.0,True,6.0
2024-01-21,Western Kentucky Hilltoppers,87.0,away,0.0,0.0,False,-6.0
2024-01-21,Weber State Wildcats,88.0,home,0.0,0.0,True,23.0
2024-01-21,Idaho Vandals,65.0,away,0.0,0.0,False,-23.0
2024-01-21,San Francisco Dons,60.0,home,0.0,0.0,False,-17.0
2024-01-21,Saint Mary's Gaels,77.0,away,0.0,0.0,True,17.0
2024-01-21,Pepperdine Waves,61.0,home,0.0,0.0,False,-7.0
2024-01-21,Loyola Marymount Lions,68.0,away,0.0,0.0,True,7.0
2024-01-21,San Diego Toreros,63.0,home,0.0,0.0,False,-42.0
2024-01-21,Gonzaga Bulldogs,105.0,away,0.0,0.0,True,42.0
2024-01-21,Cal State Bakersfield Roadrunners,65.0,home,0.0,0.0,True,12.0
2024-01-21,Cal Poly Mustangs,53.0,away,0.0,0.0,False,-12.0
2024-01-21,Seattle U Redhawks,86.0,home,0.0,0.0,True,7.0
2024-01-21,Grand Canyon Lopes,79.0,away,0.0,0.0,False,-7.0
2024-02-02,Arizona Wildcats,91.0,home,0.0,0.0,True,26.0
2024-02-02,California Golden Bears,65.0,away,0.0,0.0,False,-26.0
2024-02-01,Binghamton Bearcats,75.0,home,0.0,0.0,True,9.0
2024-02-01,NJIT Highlanders,66.0,away,0.0,0.0,False,-9.0
2024-02-02,Hofstra Pride,72.0,home,0.0,0.0,True,1.0
2024-02-02,Stony Brook Seawolves,71.0,away,0.0,0.0,False,-1.0
2024-02-02,Towson Tigers,83.0,home,0.0,0.0,True,7.0
2024-02-02,Northeastern Huskies,76.0,away,0.0,0.0,False,-7.0
2024-02-02,Oakland Golden Grizzlies,87.0,home,0.0,0.0,True,15.0
2024-02-02,Robert Morris Colonials,72.0,away,0.0,0.0,False,-15.0
2024-02-02,Fairleigh Dickinson Knights,82.0,home,0.0,0.0,True,7.0
2024-02-02,Long Island University Sharks,75.0,away,0.0,0.0,False,-7.0
2024-02-02,Central Connecticut Blue Devils,63.0,home,0.0,0.0,True,1.0
2024-02-02,Saint Francis Red Flash,62.0,away,0.0,0.0,False,-1.0
2024-02-02,Sacred Heart Pioneers,77.0,home,0.0,0.0,True,5.0
2024-02-02,Stonehill Skyhawks,72.0,away,0.0,0.0,False,-5.0
2024-02-02,Purdue Fort Wayne Mastodons,65.0,home,0.0,0.0,False,-3.0
2024-02-02,Milwaukee Panthers,68.0,away,0.0,0.0,True,3.0
2024-02-02,Nebraska Cornhuskers,80.0,home,0.0,0.0,True,8.0
2024-02-02,Wisconsin Badgers,72.0,away,0.0,0.0,False,-8.0
2024-02-01,UMass Lowell River Hawks,76.0,home,0.0,0.0,True,14.0
2024-02-01,Maine Black Bears,62.0,away,0.0,0.0,False,-14.0
2024-02-02,High Point Panthers,93.0,home,0.0,0.0,True,17.0
2024-02-02,Longwood Lancers,76.0,away,0.0,0.0,False,-17.0
2024-02-02,North Carolina A&T Aggies,59.0,home,0.0,0.0,True,1.0
2024-02-02,Hampton Pirates,58.0,away,0.0,0.0,False,-1.0
2024-02-01,Green Bay Phoenix,79.0,home,0.0,0.0,True,23.0
2024-02-01,IU Indianapolis Jaguars,56.0,away,0.0,0.0,False,-23.0
2024-02-02,SMU Mustangs,80.0,home,0.0,0.0,True,4.0
2024-02-02,Tulane Green Wave,76.0,away,0.0,0.0,False,-4.0
2024-02-02,Monmouth Hawks,67.0,home,0.0,0.0,True,5.0
2024-02-02,Drexel Dragons,62.0,away,0.0,0.0,False,-5.0
2024-02-02,Charleston Cougars,74.0,home,0.0,0.0,False,-6.0
2024-02-02,UNC Wilmington Seahawks,80.0,away,0.0,0.0,True,6.0
2024-02-02,Elon Phoenix,67.0,home,0.0,0.0,False,-2.0
2024-02-02,Campbell Fighting Camels,69.0,away,0.0,0.0,True,2.0
2024-02-02,William & Mary Tribe,53.0,home,0.0,0.0,False,-28.0
2024-02-02,Delaware Blue Hens,81.0,away,0.0,0.0,True,28.0
2024-02-02,Wagner Seahawks,80.0,home,0.0,0.0,True,23.0
2024-02-02,Le Moyne Dolphins,57.0,away,0.0,0.0,False,-23.0
2024-02-02,Vermont Catamounts,81.0,home,0.0,0.0,True,22.0
2024-02-02,UAlbany Great Danes,59.0,away,0.0,0.0,False,-22.0
2024-02-02,James Madison Dukes,105.0,home,0.0,0.0,True,38.0
2024-02-02,Coastal Carolina Chanticleers,67.0,away,0.0,0.0,False,-38.0
2024-02-02,Kennesaw State Owls,95.0,home,0.0,0.0,False,-1.0
2024-02-02,Bellarmine Knights,96.0,away,0.0,0.0,True,1.0
2024-02-02,South Dakota Coyotes,81.0,home,0.0,0.0,False,-14.0
2024-02-02,North Dakota Fighting Hawks,95.0,away,0.0,0.0,True,14.0
2024-02-02,Texas State Bobcats,74.0,home,0.0,0.0,True,8.0
2024-02-02,South Alabama Jaguars,66.0,away,0.0,0.0,False,-8.0
2024-02-02,South Dakota State Jackrabbits,73.0,home,0.0,0.0,False,-1.0
2024-02-02,North Dakota State Bison,74.0,away,0.0,0.0,True,1.0
2024-02-02,Georgia Southern Eagles,63.0,home,0.0,0.0,False,-21.0
2024-02-02,Troy Trojans,84.0,away,0.0,0.0,True,21.0
2024-02-02,Abilene Christian Wildcats,73.0,home,0.0,0.0,False,-3.0
2024-02-02,Tarleton State Texans,76.0,away,0.0,0.0,True,3.0
2024-02-02,Georgia State Panthers,71.0,home,0.0,0.0,False,-10.0
2024-02-02,App State Mountaineers,81.0,away,0.0,0.0,True,10.0
2024-02-02,Queens University Royals,94.0,home,0.0,0.0,True,18.0
2024-02-02,Eastern Kentucky Colonels,76.0,away,0.0,0.0,False,-18.0
2024-02-02,Marshall Thundering Herd,76.0,home,0.0,0.0,False,-7.0
2024-02-02,Old Dominion Monarchs,83.0,away,0.0,0.0,True,7.0
2024-02-02,Detroit Mercy Titans,65.0,home,0.0,0.0,False,-12.0
2024-02-02,Cleveland State Vikings,77.0,away,0.0,0.0,True,12.0
2024-02-02,Florida International Panthers,53.0,home,0.0,0.0,False,-40.0
2024-02-02,Louisiana Tech Bulldogs,93.0,away,0.0,0.0,True,40.0
2024-02-02,Bryant Bulldogs,99.0,home,0.0,0.0,True,4.0
2024-02-02,UMBC Retrievers,95.0,away,0.0,0.0,False,-4.0
2024-02-02,Stephen F. Austin Lumberjacks,77.0,home,0.0,0.0,True,5.0
2024-02-02,Utah Valley Wolverines,72.0,away,0.0,0.0,False,-5.0
2024-02-02,Tennessee State Tigers,49.0,home,0.0,0.0,False,-19.0
2024-02-02,Morehead State Eagles,68.0,away,0.0,0.0,True,19.0
2024-02-02,Omaha Mavericks,69.0,home,0.0,0.0,True,4.0
2024-02-02,St. Thomas-Minnesota Tommies,65.0,away,0.0,0.0,False,-4.0
2024-02-02,Kansas City Roos,85.0,home,0.0,0.0,True,14.0
2024-02-02,Denver Pioneers,71.0,away,0.0,0.0,False,-14.0
2024-02-02,Northern Arizona Lumberjacks,70.0,home,0.0,0.0,False,-2.0
2024-02-02,Weber State Wildcats,72.0,away,0.0,0.0,True,2.0
2024-02-02,Northern Colorado Bears,91.0,home,0.0,0.0,True,5.0
2024-02-02,Idaho State Bengals,86.0,away,0.0,0.0,False,-5.0
2024-02-02,Lindenwood Lions,71.0,home,0.0,0.0,False,-8.0
2024-02-02,Western Illinois Leathernecks,79.0,away,0.0,0.0,True,8.0
2024-02-02,SIU Edwardsville Cougars,68.0,home,0.0,0.0,True,2.0
2024-02-02,Little Rock Trojans,66.0,away,0.0,0.0,False,-2.0
2024-02-02,Tennessee Tech Golden Eagles,71.0,home,0.0,0.0,False,-3.0
2024-02-02,Southern Indiana Screaming Eagles,74.0,away,0.0,0.0,True,3.0
2024-02-02,North Alabama Lions,79.0,home,0.0,0.0,True,7.0
2024-02-02,Stetson Hatters,72.0,away,0.0,0.0,False,-7.0
2024-02-02,Central Arkansas Bears,59.0,home,0.0,0.0,False,-23.0
2024-02-02,Florida Gulf Coast Eagles,82.0,away,0.0,0.0,True,23.0
2024-02-02,Wright State Raiders,77.0,home,0.0,0.0,False,-11.0
2024-02-02,Youngstown State Penguins,88.0,away,0.0,0.0,True,11.0
2024-02-02,Grand Canyon Lopes,95.0,home,0.0,0.0,True,7.0
2024-02-02,Seattle U Redhawks,88.0,away,0.0,0.0,False,-7.0
2024-02-02,UTEP Miners,79.0,home,0.0,0.0,True,8.0
2024-02-02,Jacksonville State Gamecocks,71.0,away,0.0,0.0,False,-8.0
2024-02-02,Southern Utah Thunderbirds,68.0,home,0.0,0.0,False,-8.0
2024-02-02,UT Arlington Mavericks,76.0,away,0.0,0.0,True,8.0
2024-02-02,Montana Grizzlies,73.0,home,0.0,0.0,True,3.0
2024-02-02,Idaho Vandals,70.0,away,0.0,0.0,False,-3.0
2024-02-02,Western Kentucky Hilltoppers,77.0,home,0.0,0.0,False,-2.0
2024-02-02,Sam Houston Bearkats,79.0,away,0.0,0.0,True,2.0
2024-02-02,Montana State Bobcats,70.0,home,0.0,0.0,True,10.0
2024-02-02,Eastern Washington Eagles,60.0,away,0.0,0.0,False,-10.0
2024-02-02,Eastern Illinois Panthers,59.0,home,0.0,0.0,False,-17.0
2024-02-02,UT Martin Skyhawks,76.0,away,0.0,0.0,True,17.0
2024-02-02,Cal State Bakersfield Roadrunners,82.0,home,0.0,0.0,True,6.0
2024-02-02,Long Beach State Beach,76.0,away,0.0,0.0,False,-6.0
2024-02-02,Utah Tech Trailblazers,81.0,home,0.0,0.0,True,17.0
2024-02-02,UT Rio Grande Valley Vaqueros,64.0,away,0.0,0.0,False,-17.0
2024-02-02,Arizona State Sun Devils,62.0,home,0.0,0.0,False,-9.0
2024-02-02,Stanford Cardinal,71.0,away,0.0,0.0,True,9.0
2024-02-02,New Mexico State Aggies,79.0,home,0.0,0.0,True,6.0
2024-02-02,Liberty Flames,73.0,away,0.0,0.0,False,-6.0
2024-02-02,Cal Poly Mustangs,59.0,home,0.0,0.0,False,-14.0
2024-02-02,UC Irvine Anteaters,73.0,away,0.0,0.0,True,14.0
2024-02-02,Pacific Tigers,60.0,home,0.0,0.0,False,-5.0
2024-02-02,Portland Pilots,65.0,away,0.0,0.0,True,5.0
2024-02-02,UC San Diego Tritons,83.0,home,0.0,0.0,True,21.0
2024-02-02,Cal State Northridge Matadors,62.0,away,0.0,0.0,False,-21.0
2024-02-02,Cal State Fullerton Titans,68.0,home,0.0,0.0,False,-8.0
2024-02-02,Hawai'i Rainbow Warriors,76.0,away,0.0,0.0,True,8.0
2024-02-02,UCLA Bruins,71.0,home,0.0,0.0,True,8.0
2024-02-02,Oregon State Beavers,63.0,away,0.0,0.0,False,-8.0
2024-02-02,San Francisco Dons,95.0,home,0.0,0.0,True,16.0
2024-02-02,San Diego Toreros,79.0,away,0.0,0.0,False,-16.0
2024-02-02,USC Trojans,69.0,home,0.0,0.0,False,-9.0
2024-02-02,Oregon Ducks,78.0,away,0.0,0.0,True,9.0
2024-02-02,UC Santa Barbara Gauchos,69.0,home,0.0,0.0,False,-10.0
2024-02-02,UC Davis Aggies,79.0,away,0.0,0.0,True,10.0
2024-02-07,Texas Longhorns,65.0,home,0.0,0.0,False,-5.0
2024-02-07,Iowa State Cyclones,70.0,away,0.0,0.0,True,5.0
2024-02-07,Vanderbilt Commodores,77.0,home,0.0,0.0,False,-32.0
2024-02-07,Kentucky Wildcats,109.0,away,0.0,0.0,True,32.0
2024-02-07,Oklahoma Sooners,82.0,home,0.0,0.0,True,16.0
2024-02-07,BYU Cougars,66.0,away,0.0,0.0,False,-16.0
2024-02-06,St. John's Red Storm,85.0,home,0.0,0.0,True,28.0
2024-02-06,DePaul Blue Demons,57.0,away,0.0,0.0,False,-28.0
2024-02-07,North Carolina Tar Heels,76.0,home,0.0,0.0,False,-4.0
2024-02-07,Clemson Tigers,80.0,away,0.0,0.0,True,4.0
2024-02-07,Wyoming Cowboys,73.0,home,0.0,0.0,False,-18.0
2024-02-07,New Mexico Lobos,91.0,away,0.0,0.0,True,18.0
2024-02-07,Fordham Rams,60.0,home,0.0,0.0,False,-15.0
2024-02-07,VCU Rams,75.0,away,0.0,0.0,True,15.0
2024-02-07,Ohio State Buckeyes,73.0,home,0.0,0.0,False,-3.0
2024-02-07,Indiana Hoosiers,76.0,away,0.0,0.0,True,3.0
2024-02-07,Boston College Eagles,62.0,home,0.0,0.0,False,-1.0
2024-02-07,Florida State Seminoles,63.0,away,0.0,0.0,True,1.0
2024-02-07,George Washington Revolutionaries,65.0,home,0.0,0.0,False,-23.0
2024-02-07,Rhode Island Rams,88.0,away,0.0,0.0,True,23.0
2024-02-07,Houston Cougars,79.0,home,0.0,0.0,True,16.0
2024-02-07,Oklahoma State Cowboys,63.0,away,0.0,0.0,False,-16.0
2024-02-06,South Carolina Gamecocks,68.0,home,0.0,0.0,True,3.0
2024-02-06,Ole Miss Rebels,65.0,away,0.0,0.0,False,-3.0
2024-02-07,Utah State Aggies,63.0,home,0.0,0.0,False,-14.0
2024-02-07,Nevada Wolf Pack,77.0,away,0.0,0.0,True,14.0
2024-02-06,Maryland Terrapins,53.0,home,0.0,0.0,False,-3.0
2024-02-06,Rutgers Scarlet Knights,56.0,away,0.0,0.0,True,3.0
2024-02-07,Georgia Tech Yellow Jackets,51.0,home,0.0,0.0,False,-29.0
2024-02-07,Wake Forest Demon Deacons,80.0,away,0.0,0.0,True,29.0
2024-02-07,Saint Joseph's Hawks,79.0,home,0.0,0.0,False,-15.0
2024-02-07,Dayton Flyers,94.0,away,0.0,0.0,True,15.0
2024-02-07,Air Force Falcons,64.0,home,0.0,0.0,False,-13.0
2024-02-07,San Diego State Aztecs,77.0,away,0.0,0.0,True,13.0
2024-02-07,UConn Huskies,71.0,home,0.0,0.0,True,9.0
2024-02-07,Butler Bulldogs,62.0,away,0.0,0.0,False,-9.0
2024-02-07,Baylor Bears,79.0,home,0.0,0.0,True,6.0
2024-02-07,Texas Tech Red Raiders,73.0,away,0.0,0.0,False,-6.0
2024-02-07,Niagara Purple Eagles,69.0,home,0.0,0.0,True,5.0
2024-02-07,Canisius Golden Griffins,64.0,away,0.0,0.0,False,-5.0
2024-02-07,Eastern Michigan Eagles,87.0,home,0.0,0.0,False,-4.0
2024-02-07,Toledo Rockets,91.0,away,0.0,0.0,True,4.0
2024-02-07,Miami (OH) RedHawks,59.0,home,0.0,0.0,False,-3.0
2024-02-07,Northern Illinois Huskies,62.0,away,0.0,0.0,True,3.0
2024-02-07,Akron Zips,68.0,home,0.0,0.0,True,21.0
2024-02-07,Central Michigan Chippewas,47.0,away,0.0,0.0,False,-21.0
2024-02-07,Bowling Green Falcons,87.0,home,0.0,0.0,True,14.0
2024-02-07,Buffalo Bulls,73.0,away,0.0,0.0,False,-14.0
2024-02-07,Kent State Golden Flashes,63.0,home,0.0,0.0,True,2.0
2024-02-07,Western Michigan Broncos,61.0,away,0.0,0.0,False,-2.0
2024-02-07,Little Rock Trojans,77.0,home,0.0,0.0,True,20.0
2024-02-07,UT Martin Skyhawks,57.0,away,0.0,0.0,False,-20.0
2024-02-07,South Florida Bulls,72.0,home,0.0,0.0,True,3.0
2024-02-07,Charlotte 49ers,69.0,away,0.0,0.0,False,-3.0
2024-02-07,San José State Spartans,57.0,home,0.0,0.0,False,-12.0
2024-02-07,Fresno State Bulldogs,69.0,away,0.0,0.0,True,12.0
2024-02-07,Pacific Tigers,43.0,home,0.0,0.0,False,-41.0
2024-02-07,Saint Mary's Gaels,84.0,away,0.0,0.0,True,41.0
2024-02-07,Ball State Cardinals,79.0,home,0.0,0.0,False,-5.0
2024-02-07,Ohio Bobcats,84.0,away,0.0,0.0,True,5.0
2024-02-07,Minnesota Golden Gophers,59.0,home,0.0,0.0,True,3.0
2024-02-07,Michigan State Spartans,56.0,away,0.0,0.0,False,-3.0
2024-02-07,Colorado State Rams,75.0,home,0.0,0.0,True,13.0
2024-02-07,Boise State Broncos,62.0,away,0.0,0.0,False,-13.0
2024-02-10,Nevada Wolf Pack,70.0,home,0.0,0.0,True,4.0
2024-02-10,San Diego State Aztecs,66.0,away,0.0,0.0,False,-4.0
2024-02-10,Colorado State Rams,66.0,home,0.0,0.0,True,19.0
2024-02-10,San José State Spartans,47.0,away,0.0,0.0,False,-19.0
2024-02-10,VCU Rams,49.0,home,0.0,0.0,True,2.0
2024-02-10,Dayton Flyers,47.0,away,0.0,0.0,False,-2.0
2024-02-11,UIC Flames,71.0,home,0.0,0.0,True,6.0
2024-02-11,Northern Iowa Panthers,65.0,away,0.0,0.0,False,-6.0
2024-02-11,Tulsa Golden Hurricane,63.0,home,0.0,0.0,False,-7.0
2024-02-11,UAB Blazers,70.0,away,0.0,0.0,True,7.0
2024-02-11,Iowa Hawkeyes,90.0,home,0.0,0.0,True,5.0
2024-02-11,Minnesota Golden Gophers,85.0,away,0.0,0.0,False,-5.0
2024-02-11,Massachusetts Minutemen,81.0,home,0.0,0.0,True,2.0
2024-02-11,Rhode Island Rams,79.0,away,0.0,0.0,False,-2.0
2024-02-11,Louisiana Ragin' Cajuns,86.0,home,0.0,0.0,True,26.0
2024-02-11,Bowling Green Falcons,60.0,away,0.0,0.0,False,-26.0
2024-02-11,Wichita State Shockers,82.0,home,0.0,0.0,False,-13.0
2024-02-11,Florida Atlantic Owls,95.0,away,0.0,0.0,True,13.0
2024-02-11,Villanova Wildcats,80.0,home,0.0,0.0,True,26.0
2024-02-11,Seton Hall Pirates,54.0,away,0.0,0.0,False,-26.0
2024-02-11,SMU Mustangs,71.0,home,0.0,0.0,True,3.0
2024-02-11,North Texas Mean Green,68.0,away,0.0,0.0,False,-3.0
2024-02-11,Temple Owls,70.0,home,0.0,0.0,False,-3.0
2024-02-11,Charlotte 49ers,73.0,away,0.0,0.0,True,3.0
2024-02-11,Northwestern Wildcats,68.0,home,0.0,0.0,True,5.0
2024-02-11,Penn State Nittany Lions,63.0,away,0.0,0.0,False,-5.0
2024-02-11,Memphis Tigers,90.0,home,0.0,0.0,True,12.0
2024-02-11,Tulane Green Wave,78.0,away,0.0,0.0,False,-12.0
2024-01-27,Duke Blue Devils,72.0,home,0.0,0.0,True,1.0
2024-01-27,Clemson Tigers,71.0,away,0.0,0.0,False,-1.0
2024-01-27,Boise State Broncos,84.0,home,0.0,0.0,False,-6.0
2024-01-27,Utah State Aggies,90.0,away,0.0,0.0,True,6.0
2024-01-27,Richmond Spiders,69.0,home,0.0,0.0,True,5.0
2024-01-27,Dayton Flyers,64.0,away,0.0,0.0,False,-5.0
2024-01-27,Oklahoma Sooners,84.0,home,0.0,0.0,False,-1.0
2024-01-27,Texas Tech Red Raiders,85.0,away,0.0,0.0,True,1.0
2024-01-27,Marquette Golden Eagles,75.0,home,0.0,0.0,True,18.0
2024-01-27,Seton Hall Pirates,57.0,away,0.0,0.0,False,-18.0
2024-01-27,Wyoming Cowboys,79.0,home,0.0,0.0,True,3.0
2024-01-27,Colorado State Rams,76.0,away,0.0,0.0,False,-3.0
2024-01-27,Illinois Fighting Illini,70.0,home,0.0,0.0,True,8.0
2024-01-27,Indiana Hoosiers,62.0,away,0.0,0.0,False,-8.0
2024-01-27,Northeastern Huskies,68.0,home,0.0,0.0,False,-4.0
2024-01-27,William & Mary Tribe,72.0,away,0.0,0.0,True,4.0
2024-01-27,Notre Dame Fighting Irish,58.0,home,0.0,0.0,False,-3.0
2024-01-27,Boston College Eagles,61.0,away,0.0,0.0,True,3.0
2024-01-27,Louisville Cardinals,52.0,home,0.0,0.0,False,-17.0
2024-01-27,Virginia Cavaliers,69.0,away,0.0,0.0,True,17.0
2024-01-27,Houston Cougars,74.0,home,0.0,0.0,True,22.0
2024-01-27,Kansas State Wildcats,52.0,away,0.0,0.0,False,-22.0
2024-01-27,Oregon Ducks,78.0,home,0.0,0.0,False,-9.0
2024-01-27,Arizona Wildcats,87.0,away,0.0,0.0,True,9.0
2024-01-27,Florida State Seminoles,68.0,home,0.0,0.0,False,-7.0
2024-01-27,North Carolina Tar Heels,75.0,away,0.0,0.0,True,7.0
2024-01-27,Arkansas Razorbacks,57.0,home,0.0,0.0,False,-6.0
2024-01-27,Kentucky Wildcats,63.0,away,0.0,0.0,True,6.0
2024-01-28,Creighton Bluejays,85.0,home,0.0,0.0,True,23.0
2024-01-28,DePaul Blue Demons,62.0,away,0.0,0.0,False,-23.0
2024-01-27,Vanderbilt Commodores,62.0,home,0.0,0.0,False,-13.0
2024-01-27,Tennessee Volunteers,75.0,away,0.0,0.0,True,13.0
2024-01-27,Iowa State Cyclones,79.0,home,0.0,0.0,True,4.0
2024-01-27,Kansas Jayhawks,75.0,away,0.0,0.0,False,-4.0
2024-01-27,Mississippi State Bulldogs,64.0,home,0.0,0.0,True,6.0
2024-01-27,Auburn Tigers,58.0,away,0.0,0.0,False,-6.0
2024-01-27,Baylor Bears,102.0,home,0.0,0.0,False,-3.0
2024-01-27,TCU Horned Frogs,105.0,away,0.0,0.0,True,3.0
2024-01-27,BYU Cougars,84.0,home,0.0,0.0,True,12.0
2024-01-27,Texas Longhorns,72.0,away,0.0,0.0,False,-12.0
2024-01-27,Holy Cross Crusaders,72.0,home,0.0,0.0,False,-6.0
2024-01-27,Lehigh Mountain Hawks,78.0,away,0.0,0.0,True,6.0
2024-01-27,Duquesne Dukes,68.0,home,0.0,0.0,True,9.0
2024-01-27,Fordham Rams,59.0,away,0.0,0.0,False,-9.0
2024-01-27,Maryland Terrapins,73.0,home,0.0,0.0,True,22.0
2024-01-27,Nebraska Cornhuskers,51.0,away,0.0,0.0,False,-22.0
2024-01-27,Delaware Blue Hens,56.0,home,0.0,0.0,False,-11.0
2024-01-27,Towson Tigers,67.0,away,0.0,0.0,True,11.0
2024-01-27,Oklahoma State Cowboys,70.0,home,0.0,0.0,True,4.0
2024-01-27,West Virginia Mountaineers,66.0,away,0.0,0.0,False,-4.0
2024-01-27,Western Michigan Broncos,55.0,home,0.0,0.0,False,-7.0
2024-01-27,Central Michigan Chippewas,62.0,away,0.0,0.0,True,7.0
2024-01-27,Providence Friars,84.0,home,0.0,0.0,True,8.0
2024-01-27,Georgetown Hoyas,76.0,away,0.0,0.0,False,-8.0
2024-01-27,Drexel Dragons,62.0,home,0.0,0.0,True,15.0
2024-01-27,North Carolina A&T Aggies,47.0,away,0.0,0.0,False,-15.0
2024-01-27,Monmouth Hawks,81.0,home,0.0,0.0,True,3.0
2024-01-27,Hofstra Pride,78.0,away,0.0,0.0,False,-3.0
2024-01-27,Florida Gators,102.0,home,0.0,0.0,True,4.0
2024-01-27,Georgia Bulldogs,98.0,away,0.0,0.0,False,-4.0
2024-01-27,Murray State Racers,58.0,home,0.0,0.0,False,-2.0
2024-01-27,Southern Illinois Salukis,60.0,away,0.0,0.0,True,2.0
2024-01-27,Evansville Purple Aces,58.0,home,0.0,0.0,True,4.0
2024-01-27,Illinois State Redbirds,54.0,away,0.0,0.0,False,-4.0
2024-01-27,Army Black Knights,56.0,home,0.0,0.0,False,-10.0
2024-01-27,Bucknell Bison,66.0,away,0.0,0.0,True,10.0
2024-01-27,New Hampshire Wildcats,79.0,home,0.0,0.0,False,-7.0
2024-01-27,UAlbany Great Danes,86.0,away,0.0,0.0,True,7.0
2024-01-27,Miami (OH) RedHawks,70.0,home,0.0,0.0,True,2.0
2024-01-27,Akron Zips,68.0,away,0.0,0.0,False,-2.0
2024-01-27,South Carolina Gamecocks,72.0,home,0.0,0.0,True,8.0
2024-01-27,Missouri Tigers,64.0,away,0.0,0.0,False,-8.0
2024-01-27,Central Connecticut Blue Devils,69.0,home,0.0,0.0,True,1.0
2024-01-27,Wagner Seahawks,68.0,away,0.0,0.0,False,-1.0
2024-01-27,Navy Midshipmen,70.0,home,0.0,0.0,False,-4.0
2024-01-27,Loyola Maryland Greyhounds,74.0,away,0.0,0.0,True,4.0
2024-01-27,Green Bay Phoenix,78.0,home,0.0,0.0,True,14.0
2024-01-27,Detroit Mercy Titans,64.0,away,0.0,0.0,False,-14.0
2024-01-27,Hampton Pirates,74.0,home,0.0,0.0,False,-6.0
2024-01-27,Elon Phoenix,80.0,away,0.0,0.0,True,6.0
2024-01-27,Stetson Hatters,80.0,home,0.0,0.0,True,21.0
2024-01-27,Lipscomb Bisons,59.0,away,0.0,0.0,False,-21.0
2024-01-27,Le Moyne Dolphins,87.0,home,0.0,0.0,True,13.0
2024-01-27,Long Island University Sharks,74.0,away,0.0,0.0,False,-13.0
2024-01-27,Columbia Lions,84.0,home,0.0,0.0,True,3.0
2024-01-27,Pennsylvania Quakers,81.0,away,0.0,0.0,False,-3.0
2024-01-27,Campbell Fighting Camels,67.0,home,0.0,0.0,False,-23.0
2024-01-27,Charleston Cougars,90.0,away,0.0,0.0,True,23.0
2024-01-27,East Texas A&M Lions,84.0,home,0.0,0.0,False,-3.0
2024-01-27,Nicholls Colonels,87.0,away,0.0,0.0,True,3.0
2024-01-27,Maine Black Bears,50.0,home,0.0,0.0,False,-1.0
2024-01-27,Binghamton Bearcats,51.0,away,0.0,0.0,True,1.0
2024-01-27,Ball State Cardinals,81.0,home,0.0,0.0,True,10.0
2024-01-27,Northern Illinois Huskies,71.0,away,0.0,0.0,False,-10.0
2024-01-27,Harvard Crimson,65.0,home,0.0,0.0,False,-13.0
2024-01-27,Yale Bulldogs,78.0,away,0.0,0.0,True,13.0
2024-01-27,Coastal Carolina Chanticleers,85.0,home,0.0,0.0,True,2.0
2024-01-27,Georgia State Panthers,83.0,away,0.0,0.0,False,-2.0
2024-01-27,Lafayette Leopards,48.0,home,0.0,0.0,False,-14.0
2024-01-27,Boston University Terriers,62.0,away,0.0,0.0,True,14.0
2024-01-27,Fairleigh Dickinson Knights,93.0,home,0.0,0.0,True,2.0
2024-01-27,Sacred Heart Pioneers,91.0,away,0.0,0.0,False,-2.0
2024-01-27,Cornell Big Red,83.0,home,0.0,0.0,True,15.0
2024-01-27,Princeton Tigers,68.0,away,0.0,0.0,False,-15.0
2024-01-27,Chattanooga Mocs,90.0,home,0.0,0.0,True,28.0
2024-01-27,The Citadel Bulldogs,62.0,away,0.0,0.0,False,-28.0
2024-01-27,Toledo Rockets,88.0,home,0.0,0.0,True,16.0
2024-01-27,Bowling Green Falcons,72.0,away,0.0,0.0,False,-16.0
2024-01-27,Miami Hurricanes,72.0,home,0.0,0.0,True,4.0
2024-01-27,Pittsburgh Panthers,68.0,away,0.0,0.0,False,-4.0
2024-01-27,UT Arlington Mavericks,61.0,home,0.0,0.0,False,-6.0
2024-01-27,Grand Canyon Lopes,67.0,away,0.0,0.0,True,6.0
2024-01-27,Butler Bulldogs,88.0,home,0.0,0.0,True,7.0
2024-01-27,Villanova Wildcats,81.0,away,0.0,0.0,False,-7.0
2024-01-27,Dartmouth Big Green,75.0,home,0.0,0.0,True,4.0
2024-01-27,Brown Bears,71.0,away,0.0,0.0,False,-4.0
2024-01-27,Louisiana Tech Bulldogs,73.0,home,0.0,0.0,True,20.0
2024-01-27,New Mexico State Aggies,53.0,away,0.0,0.0,False,-20.0
2024-01-27,Stephen F. Austin Lumberjacks,79.0,home,0.0,0.0,False,-2.0
2024-01-27,California Baptist Lancers,81.0,away,0.0,0.0,True,2.0
2024-01-27,Texas Southern Tigers,85.0,home,0.0,0.0,True,16.0
2024-01-27,Alabama A&M Bulldogs,69.0,away,0.0,0.0,False,-16.0
2024-01-27,Tulane Green Wave,71.0,home,0.0,0.0,False,-4.0
2024-01-27,Charlotte 49ers,75.0,away,0.0,0.0,True,4.0
2024-01-27,Morehead State Eagles,64.0,home,0.0,0.0,True,14.0
2024-01-27,Western Illinois Leathernecks,50.0,away,0.0,0.0,False,-14.0
2024-01-27,Gardner-Webb Runnin' Bulldogs,75.0,home,0.0,0.0,True,5.0
2024-01-27,South Carolina Upstate Spartans,70.0,away,0.0,0.0,False,-5.0
2024-01-27,Winthrop Eagles,81.0,home,0.0,0.0,False,-2.0
2024-01-27,High Point Panthers,83.0,away,0.0,0.0,True,2.0
2024-01-27,Stony Brook Seawolves,86.0,home,0.0,0.0,True,8.0
2024-01-27,UNC Wilmington Seahawks,78.0,away,0.0,0.0,False,-8.0
2024-01-27,Eastern Michigan Eagles,75.0,home,0.0,0.0,True,10.0
2024-01-27,Buffalo Bulls,65.0,away,0.0,0.0,False,-10.0
2024-01-27,American University Eagles,54.0,home,0.0,0.0,False,-19.0
2024-01-27,Colgate Raiders,73.0,away,0.0,0.0,True,19.0
2024-01-27,Saint Francis Red Flash,55.0,home,0.0,0.0,False,-19.0
2024-01-27,Merrimack Warriors,74.0,away,0.0,0.0,True,19.0
2024-01-27,George Mason Patriots,92.0,home,0.0,0.0,True,8.0
2024-01-27,Rhode Island Rams,84.0,away,0.0,0.0,False,-8.0
2024-01-27,Valparaiso Beacons,70.0,home,0.0,0.0,False,-11.0
2024-01-27,Missouri State Bears,81.0,away,0.0,0.0,True,11.0
2024-01-27,South Florida Bulls,89.0,home,0.0,0.0,True,17.0
2024-01-27,UTSA Roadrunners,72.0,away,0.0,0.0,False,-17.0
2024-01-27,Bryant Bulldogs,57.0,home,0.0,0.0,False,-10.0
2024-01-27,Vermont Catamounts,67.0,away,0.0,0.0,True,10.0
2024-01-27,Marshall Thundering Herd,83.0,home,0.0,0.0,True,16.0
2024-01-27,Southern Miss Golden Eagles,67.0,away,0.0,0.0,False,-16.0
2024-01-27,Denver Pioneers,72.0,home,0.0,0.0,False,-19.0
2024-01-27,Omaha Mavericks,91.0,away,0.0,0.0,True,19.0
2024-01-27,Milwaukee Panthers,87.0,home,0.0,0.0,False,-4.0
2024-01-27,Oakland Golden Grizzlies,91.0,away,0.0,0.0,True,4.0
2024-01-27,East Tennessee State Buccaneers,72.0,home,0.0,0.0,False,-3.0
2024-01-27,Samford Bulldogs,75.0,away,0.0,0.0,True,3.0
2024-01-27,Norfolk State Spartans,68.0,home,0.0,0.0,True,10.0
2024-01-27,Coppin State Eagles,58.0,away,0.0,0.0,False,-10.0
2024-01-27,Bellarmine Knights,69.0,home,0.0,0.0,True,6.0
2024-01-27,Jacksonville Dolphins,63.0,away,0.0,0.0,False,-6.0
2024-01-27,Bethune-Cookman Wildcats,82.0,home,0.0,0.0,True,11.0
2024-01-27,Jackson State Tigers,71.0,away,0.0,0.0,False,-11.0
2024-01-27,Eastern Kentucky Colonels,89.0,home,0.0,0.0,True,13.0
2024-01-27,North Florida Ospreys,76.0,away,0.0,0.0,False,-13.0
2024-01-27,Central Arkansas Bears,92.0,home,0.0,0.0,True,5.0
2024-01-27,Kennesaw State Owls,87.0,away,0.0,0.0,False,-5.0
2024-01-27,Eastern Illinois Panthers,60.0,home,0.0,0.0,False,-4.0
2024-01-27,Tennessee State Tigers,64.0,away,0.0,0.0,True,4.0
2024-01-27,Radford Highlanders,73.0,home,0.0,0.0,True,15.0
2024-01-27,Presbyterian Blue Hose,58.0,away,0.0,0.0,False,-15.0
2024-01-27,Eastern Washington Eagles,85.0,home,0.0,0.0,True,15.0
2024-01-27,Northern Arizona Lumberjacks,70.0,away,0.0,0.0,False,-15.0
2024-01-27,Abilene Christian Wildcats,67.0,home,0.0,0.0,False,-15.0
2024-01-27,Southern Utah Thunderbirds,82.0,away,0.0,0.0,True,15.0
2024-01-27,Morgan State Bears,85.0,home,0.0,0.0,True,6.0
2024-01-27,Howard Bison,79.0,away,0.0,0.0,False,-6.0
2024-01-27,UC Riverside Highlanders,53.0,home,0.0,0.0,False,-12.0
2024-01-27,Long Beach State Beach,65.0,away,0.0,0.0,True,12.0
2024-01-27,Florida A&M Rattlers,67.0,home,0.0,0.0,False,-9.0
2024-01-27,Alcorn State Braves,76.0,away,0.0,0.0,True,9.0
2024-01-27,Michigan Wolverines,78.0,home,0.0,0.0,False,-10.0
2024-01-27,Iowa Hawkeyes,88.0,away,0.0,0.0,True,10.0
2024-01-27,Grambling Tigers,54.0,home,0.0,0.0,True,8.0
2024-01-27,Mississippi Valley State Delta Devils,46.0,away,0.0,0.0,False,-8.0
2024-01-27,Belmont Bruins,74.0,home,0.0,0.0,True,9.0
2024-01-27,UIC Flames,65.0,away,0.0,0.0,False,-9.0
2024-01-27,SIU Edwardsville Cougars,74.0,home,0.0,0.0,True,17.0
2024-01-27,Tennessee Tech Golden Eagles,57.0,away,0.0,0.0,False,-17.0
2024-01-27,UT Martin Skyhawks,76.0,home,0.0,0.0,True,9.0
2024-01-27,Lindenwood Lions,67.0,away,0.0,0.0,False,-9.0
2024-01-27,Northwestern State Demons,68.0,home,0.0,0.0,False,-11.0
2024-01-27,Texas A&M-Corpus Christi Islanders,79.0,away,0.0,0.0,True,11.0
2024-01-27,Little Rock Trojans,66.0,home,0.0,0.0,True,5.0
2024-01-27,Southeast Missouri State Redhawks,61.0,away,0.0,0.0,False,-5.0
2024-01-27,Washington State Cougars,78.0,home,0.0,0.0,True,9.0
2024-01-27,Colorado Buffaloes,69.0,away,0.0,0.0,False,-9.0
2024-01-27,Virginia Tech Hokies,91.0,home,0.0,0.0,True,24.0
2024-01-27,Georgia Tech Yellow Jackets,67.0,away,0.0,0.0,False,-24.0
2024-01-27,Mount St. Mary's Mountaineers,62.0,home,0.0,0.0,False,-4.0
2024-01-27,Rider Broncs,66.0,away,0.0,0.0,True,4.0
2024-01-27,Western Carolina Catamounts,102.0,home,0.0,0.0,True,25.0
2024-01-27,VMI Keydets,77.0,away,0.0,0.0,False,-25.0
2024-01-27,McNeese Cowboys,102.0,home,0.0,0.0,True,37.0
2024-01-27,New Orleans Privateers,65.0,away,0.0,0.0,False,-37.0
2024-01-27,Tarleton State Texans,86.0,home,0.0,0.0,True,18.0
2024-01-27,Utah Tech Trailblazers,68.0,away,0.0,0.0,False,-18.0
2024-01-27,Jacksonville State Gamecocks,73.0,home,0.0,0.0,True,11.0
2024-01-27,Liberty Flames,62.0,away,0.0,0.0,False,-11.0
2024-01-27,Sam Houston Bearkats,60.0,home,0.0,0.0,True,4.0
2024-01-27,UTEP Miners,56.0,away,0.0,0.0,False,-4.0
2024-01-27,Charleston Southern Buccaneers,65.0,home,0.0,0.0,False,-6.0
2024-01-27,UNC Asheville Bulldogs,71.0,away,0.0,0.0,True,6.0
2024-01-27,Drake Bulldogs,77.0,home,0.0,0.0,True,14.0
2024-01-27,Northern Iowa Panthers,63.0,away,0.0,0.0,False,-14.0
2024-01-27,Wofford Terriers,77.0,home,0.0,0.0,True,10.0
2024-01-27,Furman Paladins,67.0,away,0.0,0.0,False,-10.0
2024-01-27,Incarnate Word Cardinals,79.0,home,0.0,0.0,True,4.0
2024-01-27,Houston Christian Huskies,75.0,away,0.0,0.0,False,-4.0
2024-01-27,Troy Trojans,83.0,home,0.0,0.0,True,4.0
2024-01-27,South Alabama Jaguars,79.0,away,0.0,0.0,False,-4.0
2024-01-27,App State Mountaineers,82.0,home,0.0,0.0,True,6.0
2024-01-27,James Madison Dukes,76.0,away,0.0,0.0,False,-6.0
2024-01-27,Idaho Vandals,68.0,home,0.0,0.0,False,-21.0
2024-01-27,Northern Colorado Bears,89.0,away,0.0,0.0,True,21.0
2024-01-27,Southern Jaguars,80.0,home,0.0,0.0,True,14.0
2024-01-27,Arkansas-Pine Bluff Golden Lions,66.0,away,0.0,0.0,False,-14.0
2024-01-27,Middle Tennessee Blue Raiders,79.0,home,0.0,0.0,True,18.0
2024-01-27,Florida International Panthers,61.0,away,0.0,0.0,False,-18.0
2024-01-27,Maryland Eastern Shore Hawks,57.0,home,0.0,0.0,False,-8.0
2024-01-27,North Carolina Central Eagles,65.0,away,0.0,0.0,True,8.0
2024-01-27,Delaware State Hornets,64.0,home,0.0,0.0,False,-2.0
2024-01-27,South Carolina State Bulldogs,66.0,away,0.0,0.0,True,2.0
2024-01-27,George Washington Revolutionaries,70.0,home,0.0,0.0,False,-10.0
2024-01-27,La Salle Explorers,80.0,away,0.0,0.0,True,10.0
2024-01-27,UC Davis Aggies,59.0,home,0.0,0.0,False,-33.0
2024-01-27,UC San Diego Tritons,92.0,away,0.0,0.0,True,33.0
2024-01-27,Prairie View A&M Panthers,67.0,home,0.0,0.0,False,-7.0
2024-01-27,Alabama State Hornets,74.0,away,0.0,0.0,True,7.0
2024-01-27,Penn State Nittany Lions,74.0,home,0.0,0.0,False,-9.0
2024-01-27,Minnesota Golden Gophers,83.0,away,0.0,0.0,True,9.0
2024-01-27,Indiana State Sycamores,95.0,home,0.0,0.0,True,9.0
2024-01-27,Bradley Braves,86.0,away,0.0,0.0,False,-9.0
2024-01-28,Syracuse Orange,77.0,home,0.0,0.0,True,12.0
2024-01-28,NC State Wolfpack,65.0,away,0.0,0.0,False,-12.0
2024-01-28,Oregon State Beavers,84.0,home,0.0,0.0,True,13.0
2024-01-28,Arizona State Sun Devils,71.0,away,0.0,0.0,False,-13.0
2024-01-28,Fresno State Bulldogs,84.0,home,0.0,0.0,True,14.0
2024-01-28,Air Force Falcons,70.0,away,0.0,0.0,False,-14.0
2024-01-28,UNC Greensboro Spartans,64.0,home,0.0,0.0,False,-6.0
2024-01-28,Mercer Bears,70.0,away,0.0,0.0,True,6.0
2024-01-28,USC Trojans,50.0,home,0.0,0.0,False,-15.0
2024-01-28,UCLA Bruins,65.0,away,0.0,0.0,True,15.0
2024-01-28,Florida Gulf Coast Eagles,73.0,home,0.0,0.0,True,6.0
2024-01-28,Austin Peay Governors,67.0,away,0.0,0.0,False,-6.0
2024-01-28,Old Dominion Monarchs,70.0,home,0.0,0.0,False,-6.0
2024-01-28,Georgia Southern Eagles,76.0,away,0.0,0.0,True,6.0
2024-01-28,Cincinnati Bearcats,68.0,home,0.0,0.0,True,11.0
2024-01-28,UCF Knights,57.0,away,0.0,0.0,False,-11.0
2024-01-28,UMBC Retrievers,74.0,home,0.0,0.0,False,-1.0
2024-01-28,NJIT Highlanders,75.0,away,0.0,0.0,True,1.0
2024-01-28,Davidson Wildcats,58.0,home,0.0,0.0,False,-5.0
2024-01-28,VCU Rams,63.0,away,0.0,0.0,True,5.0
2024-01-28,Pepperdine Waves,67.0,home,0.0,0.0,False,-2.0
2024-01-28,San Diego Toreros,69.0,away,0.0,0.0,True,2.0
2024-01-28,Oral Roberts Golden Eagles,87.0,home,0.0,0.0,True,5.0
2024-01-28,South Dakota State Jackrabbits,82.0,away,0.0,0.0,False,-5.0
2024-01-28,Lamar Cardinals,74.0,home,0.0,0.0,True,10.0
2024-01-28,SE Louisiana Lions,64.0,away,0.0,0.0,False,-10.0
2024-01-28,Portland Pilots,64.0,home,0.0,0.0,False,-12.0
2024-01-28,San Francisco Dons,76.0,away,0.0,0.0,True,12.0
2024-01-28,Portland State Vikings,94.0,home,0.0,0.0,True,3.0
2024-01-28,Montana State Bobcats,91.0,away,0.0,0.0,False,-3.0
2024-01-28,Saint Louis Billikens,73.0,home,0.0,0.0,False,-11.0
2024-01-28,Massachusetts Minutemen,84.0,away,0.0,0.0,True,11.0
2024-01-28,Rice Owls,83.0,home,0.0,0.0,False,-2.0
2024-01-28,Tulsa Golden Hurricane,85.0,away,0.0,0.0,True,2.0
2024-01-28,Alabama Crimson Tide,109.0,home,0.0,0.0,True,21.0
2024-01-28,LSU Tigers,88.0,away,0.0,0.0,False,-21.0
2024-01-28,North Alabama Lions,90.0,home,0.0,0.0,True,6.0
2024-01-28,Queens University Royals,84.0,away,0.0,0.0,False,-6.0
2024-01-28,Kansas City Roos,81.0,home,0.0,0.0,True,24.0
2024-01-28,South Dakota Coyotes,57.0,away,0.0,0.0,False,-24.0
2024-01-28,St. Thomas-Minnesota Tommies,64.0,home,0.0,0.0,False,-10.0
2024-01-28,North Dakota Fighting Hawks,74.0,away,0.0,0.0,True,10.0
2024-01-28,Texas A&M Aggies,68.0,home,0.0,0.0,False,-3.0
2024-01-28,Ole Miss Rebels,71.0,away,0.0,0.0,True,3.0
2024-01-28,Northwestern Wildcats,83.0,home,0.0,0.0,True,25.0
2024-01-28,Ohio State Buckeyes,58.0,away,0.0,0.0,False,-25.0
2024-01-28,Washington Huskies,98.0,home,0.0,0.0,True,25.0
2024-01-28,Utah Utes,73.0,away,0.0,0.0,False,-25.0
2024-01-28,Weber State Wildcats,64.0,home,0.0,0.0,False,-10.0
2024-01-28,Idaho State Bengals,74.0,away,0.0,0.0,True,10.0
2024-01-28,UC Irvine Anteaters,77.0,home,0.0,0.0,True,5.0
2024-01-28,Cal State Northridge Matadors,72.0,away,0.0,0.0,False,-5.0
2024-01-28,San José State Spartans,65.0,home,0.0,0.0,False,-12.0
2024-01-28,UNLV Rebels,77.0,away,0.0,0.0,True,12.0
2024-01-28,Pacific Tigers,73.0,home,0.0,0.0,False,-9.0
2024-01-28,Gonzaga Bulldogs,82.0,away,0.0,0.0,True,9.0
2024-01-28,Sacramento State Hornets,67.0,home,0.0,0.0,False,-3.0
2024-01-28,Montana Grizzlies,70.0,away,0.0,0.0,True,3.0
2024-01-28,Saint Mary's Gaels,70.0,home,0.0,0.0,True,5.0
2024-01-28,Loyola Marymount Lions,65.0,away,0.0,0.0,False,-5.0
2024-01-28,Cal State Fullerton Titans,68.0,home,0.0,0.0,True,18.0
2024-01-28,Cal State Bakersfield Roadrunners,50.0,away,0.0,0.0,False,-18.0
2024-01-28,Hawai'i Rainbow Warriors,83.0,home,0.0,0.0,True,10.0
2024-01-28,Cal Poly Mustangs,73.0,away,0.0,0.0,False,-10.0
2024-02-13,Nicholls Colonels,67.0,home,0.0,0.0,True,4.0
2024-02-13,Texas A&M-Corpus Christi Islanders,63.0,away,0.0,0.0,False,-4.0
2024-02-12,Southern Jaguars,73.0,home,0.0,0.0,True,11.0
2024-02-12,Alabama State Hornets,62.0,away,0.0,0.0,False,-11.0
2024-02-13,Florida A&M Rattlers,58.0,home,0.0,0.0,False,-3.0
2024-02-13,Prairie View A&M Panthers,61.0,away,0.0,0.0,True,3.0
2024-02-13,Mississippi Valley State Delta Devils,55.0,home,0.0,0.0,False,-17.0
2024-02-13,Alcorn State Braves,72.0,away,0.0,0.0,True,17.0
2024-02-13,TCU Horned Frogs,81.0,home,0.0,0.0,True,16.0
2024-02-13,West Virginia Mountaineers,65.0,away,0.0,0.0,False,-16.0
2024-02-13,Towson Tigers,80.0,home,0.0,0.0,True,25.0
2024-02-13,Elon Phoenix,55.0,away,0.0,0.0,False,-25.0
2024-02-13,Bethune-Cookman Wildcats,83.0,home,0.0,0.0,True,4.0
2024-02-13,Texas Southern Tigers,79.0,away,0.0,0.0,False,-4.0
2024-02-13,Grambling Tigers,50.0,home,0.0,0.0,False,-10.0
2024-02-13,Alabama A&M Bulldogs,60.0,away,0.0,0.0,True,10.0
2024-02-13,East Texas A&M Lions,77.0,home,0.0,0.0,False,-2.0
2024-02-13,SE Louisiana Lions,79.0,away,0.0,0.0,True,2.0
2024-02-13,Bucknell Bison,63.0,home,0.0,0.0,False,-8.0
2024-02-13,Lehigh Mountain Hawks,71.0,away,0.0,0.0,True,8.0
2024-02-13,Houston Christian Huskies,54.0,home,0.0,0.0,False,-51.0
2024-02-13,McNeese Cowboys,105.0,away,0.0,0.0,True,51.0
2024-02-13,Duke Blue Devils,77.0,home,0.0,0.0,True,8.0
2024-02-13,Wake Forest Demon Deacons,69.0,away,0.0,0.0,False,-8.0
2024-02-13,Texas Tech Red Raiders,79.0,home,0.0,0.0,True,29.0
2024-02-13,Kansas Jayhawks,50.0,away,0.0,0.0,False,-29.0
2024-02-13,Northwestern State Demons,70.0,home,0.0,0.0,True,11.0
2024-02-13,New Orleans Privateers,59.0,away,0.0,0.0,False,-11.0
2024-02-13,Arkansas-Pine Bluff Golden Lions,63.0,home,0.0,0.0,False,-13.0
2024-02-13,Jackson State Tigers,76.0,away,0.0,0.0,True,13.0
2024-02-13,Incarnate Word Cardinals,76.0,home,0.0,0.0,True,9.0
2024-02-13,Lamar Cardinals,67.0,away,0.0,0.0,False,-9.0
2024-02-08,Auburn Tigers,99.0,home,0.0,0.0,True,18.0
2024-02-08,Alabama Crimson Tide,81.0,away,0.0,0.0,False,-18.0
2024-02-08,Duke Blue Devils,71.0,home,0.0,0.0,True,18.0
2024-02-08,Notre Dame Fighting Irish,53.0,away,0.0,0.0,False,-18.0
2024-02-07,Winthrop Eagles,67.0,home,0.0,0.0,True,21.0
2024-02-07,Charleston Southern Buccaneers,46.0,away,0.0,0.0,False,-21.0
2024-02-08,Providence Friars,91.0,home,0.0,0.0,True,4.0
2024-02-08,Creighton Bluejays,87.0,away,0.0,0.0,False,-4.0
2024-02-07,La Salle Explorers,84.0,home,0.0,0.0,False,-18.0
2024-02-07,Saint Louis Billikens,102.0,away,0.0,0.0,True,18.0
2024-02-08,Duquesne Dukes,59.0,home,0.0,0.0,False,-13.0
2024-02-08,Davidson Wildcats,72.0,away,0.0,0.0,True,13.0
2024-02-08,Boston University Terriers,64.0,home,0.0,0.0,False,-10.0
2024-02-08,Colgate Raiders,74.0,away,0.0,0.0,True,10.0
2024-02-08,NC State Wolfpack,64.0,home,0.0,0.0,False,-3.0
2024-02-08,Pittsburgh Panthers,67.0,away,0.0,0.0,True,3.0
2024-02-08,Presbyterian Blue Hose,77.0,home,0.0,0.0,True,2.0
2024-02-08,Gardner-Webb Runnin' Bulldogs,75.0,away,0.0,0.0,False,-2.0
2024-02-07,UNC Asheville Bulldogs,86.0,home,0.0,0.0,True,5.0
2024-02-07,High Point Panthers,81.0,away,0.0,0.0,False,-5.0
2024-02-08,Indiana State Sycamores,101.0,home,0.0,0.0,True,40.0
2024-02-08,Valparaiso Beacons,61.0,away,0.0,0.0,False,-40.0
2024-02-07,Bellarmine Knights,77.0,home,0.0,0.0,False,-7.0
2024-02-07,Stetson Hatters,84.0,away,0.0,0.0,True,7.0
2024-02-08,Syracuse Orange,94.0,home,0.0,0.0,True,2.0
2024-02-08,Louisville Cardinals,92.0,away,0.0,0.0,False,-2.0
2024-02-07,Seton Hall Pirates,76.0,home,0.0,0.0,True,6.0
2024-02-07,Georgetown Hoyas,70.0,away,0.0,0.0,False,-6.0
2024-02-08,Tennessee Volunteers,88.0,home,0.0,0.0,True,20.0
2024-02-08,LSU Tigers,68.0,away,0.0,0.0,False,-20.0
2024-02-08,Lafayette Leopards,75.0,home,0.0,0.0,True,16.0
2024-02-08,Holy Cross Crusaders,59.0,away,0.0,0.0,False,-16.0
2024-02-08,Lehigh Mountain Hawks,57.0,home,0.0,0.0,False,-11.0
2024-02-08,Army Black Knights,68.0,away,0.0,0.0,True,11.0
2024-02-08,Michigan Wolverines,72.0,home,0.0,0.0,True,4.0
2024-02-08,Wisconsin Badgers,68.0,away,0.0,0.0,False,-4.0
2024-02-08,Xavier Musketeers,56.0,home,0.0,0.0,True,3.0
2024-02-08,Villanova Wildcats,53.0,away,0.0,0.0,False,-3.0
2024-02-08,Longwood Lancers,64.0,home,0.0,0.0,False,-5.0
2024-02-08,South Carolina Upstate Spartans,69.0,away,0.0,0.0,True,5.0
2024-02-08,St. Bonaventure Bonnies,79.0,home,0.0,0.0,True,6.0
2024-02-08,Massachusetts Minutemen,73.0,away,0.0,0.0,False,-6.0
2024-02-08,Navy Midshipmen,67.0,home,0.0,0.0,False,-13.0
2024-02-08,Bucknell Bison,80.0,away,0.0,0.0,True,13.0
2024-02-08,East Tennessee State Buccaneers,57.0,home,0.0,0.0,True,7.0
2024-02-08,Wofford Terriers,50.0,away,0.0,0.0,False,-7.0
2024-02-08,Mercer Bears,78.0,home,0.0,0.0,True,9.0
2024-02-08,Furman Paladins,69.0,away,0.0,0.0,False,-9.0
2024-02-08,Western Carolina Catamounts,71.0,home,0.0,0.0,True,7.0
2024-02-08,The Citadel Bulldogs,64.0,away,0.0,0.0,False,-7.0
2024-02-08,Wichita State Shockers,84.0,home,0.0,0.0,True,20.0
2024-02-08,UTSA Roadrunners,64.0,away,0.0,0.0,False,-20.0
2024-02-08,Troy Trojans,82.0,home,0.0,0.0,True,16.0
2024-02-08,Marshall Thundering Herd,66.0,away,0.0,0.0,False,-16.0
2024-02-08,Louisiana Tech Bulldogs,76.0,home,0.0,0.0,False,-5.0
2024-02-08,Western Kentucky Hilltoppers,81.0,away,0.0,0.0,True,5.0
2024-02-08,American University Eagles,43.0,home,0.0,0.0,False,-1.0
2024-02-08,Loyola Maryland Greyhounds,44.0,away,0.0,0.0,True,1.0
2024-02-08,George Mason Patriots,79.0,home,0.0,0.0,False,-6.0
2024-02-08,Loyola Chicago Ramblers,85.0,away,0.0,0.0,True,6.0
2024-02-08,UL Monroe Warhawks,79.0,home,0.0,0.0,True,4.0
2024-02-08,Coastal Carolina Chanticleers,75.0,away,0.0,0.0,False,-4.0
2024-02-08,Illinois State Redbirds,56.0,home,0.0,0.0,False,-5.0
2024-02-08,UIC Flames,61.0,away,0.0,0.0,True,5.0
2024-02-08,Evansville Purple Aces,73.0,home,0.0,0.0,True,3.0
2024-02-08,Bradley Braves,70.0,away,0.0,0.0,False,-3.0
2024-02-08,Purdue Fort Wayne Mastodons,72.0,home,0.0,0.0,False,-3.0
2024-02-08,Cleveland State Vikings,75.0,away,0.0,0.0,True,3.0
2024-02-08,Gonzaga Bulldogs,96.0,home,0.0,0.0,True,32.0
2024-02-08,Portland Pilots,64.0,away,0.0,0.0,False,-32.0
2024-02-08,Tulsa Golden Hurricane,55.0,home,0.0,0.0,False,-13.0
2024-02-08,North Texas Mean Green,68.0,away,0.0,0.0,True,13.0
2024-02-08,Rice Owls,69.0,home,0.0,0.0,False,-26.0
2024-02-08,SMU Mustangs,95.0,away,0.0,0.0,True,26.0
2024-02-08,Belmont Bruins,69.0,home,0.0,0.0,True,5.0
2024-02-08,Murray State Racers,64.0,away,0.0,0.0,False,-5.0
2024-02-08,Northern Iowa Panthers,72.0,home,0.0,0.0,True,7.0
2024-02-08,Missouri State Bears,65.0,away,0.0,0.0,False,-7.0
2024-02-08,Drake Bulldogs,92.0,home,0.0,0.0,True,4.0
2024-02-08,Southern Illinois Salukis,88.0,away,0.0,0.0,False,-4.0
2024-02-08,Southern Miss Golden Eagles,78.0,home,0.0,0.0,True,5.0
2024-02-08,Old Dominion Monarchs,73.0,away,0.0,0.0,False,-5.0
2024-02-08,Arkansas State Red Wolves,73.0,home,0.0,0.0,False,-4.0
2024-02-08,James Madison Dukes,77.0,away,0.0,0.0,True,4.0
2024-02-08,Mississippi State Bulldogs,75.0,home,0.0,0.0,True,13.0
2024-02-08,Georgia Bulldogs,62.0,away,0.0,0.0,False,-13.0
2024-02-08,Missouri Tigers,60.0,home,0.0,0.0,False,-19.0
2024-02-08,Texas A&M Aggies,79.0,away,0.0,0.0,True,19.0
2024-02-08,Eastern Kentucky Colonels,90.0,home,0.0,0.0,True,8.0
2024-02-08,Florida Gulf Coast Eagles,82.0,away,0.0,0.0,False,-8.0
2024-02-08,South Alabama Jaguars,78.0,home,0.0,0.0,True,13.0
2024-02-08,Georgia Southern Eagles,65.0,away,0.0,0.0,False,-13.0
2024-02-08,Louisiana Ragin' Cajuns,69.0,home,0.0,0.0,False,-9.0
2024-02-08,Georgia State Panthers,78.0,away,0.0,0.0,True,9.0
2024-02-08,Texas State Bobcats,63.0,home,0.0,0.0,True,7.0
2024-02-08,App State Mountaineers,56.0,away,0.0,0.0,False,-7.0
2024-02-08,Stanford Cardinal,74.0,home,0.0,0.0,False,-8.0
2024-02-08,UCLA Bruins,82.0,away,0.0,0.0,True,8.0
2024-02-08,Northwestern Wildcats,80.0,home,0.0,0.0,True,12.0
2024-02-08,Nebraska Cornhuskers,68.0,away,0.0,0.0,False,-12.0
2024-02-08,San Diego Toreros,79.0,home,0.0,0.0,True,2.0
2024-02-08,Loyola Marymount Lions,77.0,away,0.0,0.0,False,-2.0
2024-02-08,California Golden Bears,83.0,home,0.0,0.0,True,6.0
2024-02-08,USC Trojans,77.0,away,0.0,0.0,False,-6.0
2024-02-09,Campbell Fighting Camels,76.0,home,0.0,0.0,False,-10.0
2024-02-09,Northeastern Huskies,86.0,away,0.0,0.0,True,10.0
2024-02-09,UAB Blazers,76.0,home,0.0,0.0,True,3.0
2024-02-09,Florida Atlantic Owls,73.0,away,0.0,0.0,False,-3.0
2024-02-09,Utah Utes,99.0,home,0.0,0.0,False,-6.0
2024-02-09,Arizona Wildcats,105.0,away,0.0,0.0,True,6.0
2024-02-08,Youngstown State Penguins,97.0,home,0.0,0.0,True,12.0
2024-02-08,Milwaukee Panthers,85.0,away,0.0,0.0,False,-12.0
2024-02-09,Fairfield Stags,84.0,home,0.0,0.0,True,17.0
2024-02-09,Rider Broncs,67.0,away,0.0,0.0,False,-17.0
2024-02-09,Niagara Purple Eagles,71.0,home,0.0,0.0,False,-3.0
2024-02-09,Iona Gaels,74.0,away,0.0,0.0,True,3.0
2024-02-09,Penn State Nittany Lions,89.0,home,0.0,0.0,True,10.0
2024-02-09,Iowa Hawkeyes,79.0,away,0.0,0.0,False,-10.0
2024-02-09,Temple Owls,77.0,home,0.0,0.0,False,-7.0
2024-02-09,Memphis Tigers,84.0,away,0.0,0.0,True,7.0
2024-02-08,Binghamton Bearcats,69.0,home,0.0,0.0,True,12.0
2024-02-08,UAlbany Great Danes,57.0,away,0.0,0.0,False,-12.0
2024-02-09,Monmouth Hawks,68.0,home,0.0,0.0,True,4.0
2024-02-09,William & Mary Tribe,64.0,away,0.0,0.0,False,-4.0
2024-02-08,VMI Keydets,84.0,home,0.0,0.0,False,-4.0
2024-02-08,Chattanooga Mocs,88.0,away,0.0,0.0,True,4.0
2024-02-09,Elon Phoenix,64.0,home,0.0,0.0,False,-15.0
2024-02-09,Stony Brook Seawolves,79.0,away,0.0,0.0,True,15.0
2024-02-09,UNC Wilmington Seahawks,75.0,home,0.0,0.0,True,19.0
2024-02-09,Drexel Dragons,56.0,away,0.0,0.0,False,-19.0
2024-02-09,Siena Saints,51.0,home,0.0,0.0,False,-16.0
2024-02-09,Marist Red Foxes,67.0,away,0.0,0.0,True,16.0
2024-02-09,Long Island University Sharks,79.0,home,0.0,0.0,False,-3.0
2024-02-09,Merrimack Warriors,82.0,away,0.0,0.0,True,3.0
2024-02-09,Quinnipiac Bobcats,84.0,home,0.0,0.0,True,11.0
2024-02-09,Saint Peter's Peacocks,73.0,away,0.0,0.0,False,-11.0
2024-02-09,Central Connecticut Blue Devils,77.0,home,0.0,0.0,True,7.0
2024-02-09,Sacred Heart Pioneers,70.0,away,0.0,0.0,False,-7.0
2024-02-09,Mount St. Mary's Mountaineers,82.0,home,0.0,0.0,True,4.0
2024-02-09,Manhattan Jaspers,78.0,away,0.0,0.0,False,-4.0
2024-02-09,Towson Tigers,62.0,home,0.0,0.0,False,-12.0
2024-02-09,Delaware Blue Hens,74.0,away,0.0,0.0,True,12.0
2024-02-09,Hampton Pirates,59.0,home,0.0,0.0,False,-4.0
2024-02-09,Hofstra Pride,63.0,away,0.0,0.0,True,4.0
2024-02-09,Stonehill Skyhawks,57.0,home,0.0,0.0,False,-31.0
2024-02-09,Le Moyne Dolphins,88.0,away,0.0,0.0,True,31.0
2024-02-09,Robert Morris Colonials,76.0,home,0.0,0.0,False,-5.0
2024-02-09,Green Bay Phoenix,81.0,away,0.0,0.0,True,5.0
2024-02-09,Northern Kentucky Norse,99.0,home,0.0,0.0,True,10.0
2024-02-09,Oakland Golden Grizzlies,89.0,away,0.0,0.0,False,-10.0
2024-02-09,UMBC Retrievers,80.0,home,0.0,0.0,False,-13.0
2024-02-09,UMass Lowell River Hawks,93.0,away,0.0,0.0,True,13.0
2024-02-09,Fairleigh Dickinson Knights,62.0,home,0.0,0.0,False,-4.0
2024-02-09,Wagner Seahawks,66.0,away,0.0,0.0,True,4.0
2024-02-09,Bryant Bulldogs,85.0,home,0.0,0.0,True,19.0
2024-02-09,New Hampshire Wildcats,66.0,away,0.0,0.0,False,-19.0
2024-02-09,NJIT Highlanders,63.0,home,0.0,0.0,True,2.0
2024-02-09,Vermont Catamounts,61.0,away,0.0,0.0,False,-2.0
2024-02-09,North Florida Ospreys,74.0,home,0.0,0.0,False,-5.0
2024-02-09,North Alabama Lions,79.0,away,0.0,0.0,True,5.0
2024-02-09,Stephen F. Austin Lumberjacks,92.0,home,0.0,0.0,True,8.0
2024-02-09,UT Rio Grande Valley Vaqueros,84.0,away,0.0,0.0,False,-8.0
2024-02-09,Jacksonville Dolphins,59.0,home,0.0,0.0,True,4.0
2024-02-09,Central Arkansas Bears,55.0,away,0.0,0.0,False,-4.0
2024-02-09,Wright State Raiders,92.0,home,0.0,0.0,True,7.0
2024-02-09,Detroit Mercy Titans,85.0,away,0.0,0.0,False,-7.0
2024-02-09,UNC Greensboro Spartans,69.0,home,0.0,0.0,False,-9.0
2024-02-09,Samford Bulldogs,78.0,away,0.0,0.0,True,9.0
2024-02-09,Charleston Cougars,80.0,home,0.0,0.0,True,22.0
2024-02-09,North Carolina A&T Aggies,58.0,away,0.0,0.0,False,-22.0
2024-02-09,Jacksonville State Gamecocks,79.0,home,0.0,0.0,True,11.0
2024-02-09,Sam Houston Bearkats,68.0,away,0.0,0.0,False,-11.0
2024-02-09,Colorado Buffaloes,82.0,home,0.0,0.0,True,12.0
2024-02-09,Arizona State Sun Devils,70.0,away,0.0,0.0,False,-12.0
2024-02-09,South Dakota Coyotes,92.0,home,0.0,0.0,True,6.0
2024-02-09,Denver Pioneers,86.0,away,0.0,0.0,False,-6.0
2024-02-09,Liberty Flames,88.0,home,0.0,0.0,True,35.0
2024-02-09,Middle Tennessee Blue Raiders,53.0,away,0.0,0.0,False,-35.0
2024-02-09,North Dakota State Bison,82.0,home,0.0,0.0,True,4.0
2024-02-09,Kansas City Roos,78.0,away,0.0,0.0,False,-4.0
2024-02-09,North Dakota Fighting Hawks,99.0,home,0.0,0.0,True,21.0
2024-02-09,Omaha Mavericks,78.0,away,0.0,0.0,False,-21.0
2024-02-09,St. Thomas-Minnesota Tommies,85.0,home,0.0,0.0,True,22.0
2024-02-09,Oral Roberts Golden Eagles,63.0,away,0.0,0.0,False,-22.0
2024-02-09,Western Illinois Leathernecks,60.0,home,0.0,0.0,False,-3.0
2024-02-09,Little Rock Trojans,63.0,away,0.0,0.0,True,3.0
2024-02-09,Austin Peay Governors,85.0,home,0.0,0.0,True,16.0
2024-02-09,Kennesaw State Owls,69.0,away,0.0,0.0,False,-16.0
2024-02-09,Utah Valley Wolverines,61.0,home,0.0,0.0,False,-11.0
2024-02-09,Tarleton State Texans,72.0,away,0.0,0.0,True,11.0
2024-02-09,Southeast Missouri State Redhawks,88.0,home,0.0,0.0,True,19.0
2024-02-09,Tennessee Tech Golden Eagles,69.0,away,0.0,0.0,False,-19.0
2024-02-09,Lipscomb Bisons,90.0,home,0.0,0.0,True,2.0
2024-02-09,Queens University Royals,88.0,away,0.0,0.0,False,-2.0
2024-02-09,Lindenwood Lions,55.0,home,0.0,0.0,False,-10.0
2024-02-09,Tennessee State Tigers,65.0,away,0.0,0.0,True,10.0
2024-02-09,Weber State Wildcats,84.0,home,0.0,0.0,True,12.0
2024-02-09,Portland State Vikings,72.0,away,0.0,0.0,False,-12.0
2024-02-09,UC Davis Aggies,71.0,home,0.0,0.0,True,13.0
2024-02-09,Cal State Fullerton Titans,58.0,away,0.0,0.0,False,-13.0
2024-02-09,Northern Colorado Bears,73.0,home,0.0,0.0,True,3.0
2024-02-09,Montana State Bobcats,70.0,away,0.0,0.0,False,-3.0
2024-02-09,Morehead State Eagles,79.0,home,0.0,0.0,True,11.0
2024-02-09,SIU Edwardsville Cougars,68.0,away,0.0,0.0,False,-11.0
2024-02-09,Southern Indiana Screaming Eagles,71.0,home,0.0,0.0,False,-10.0
2024-02-09,Eastern Illinois Panthers,81.0,away,0.0,0.0,True,10.0
2024-02-09,Utah Tech Trailblazers,70.0,home,0.0,0.0,True,2.0
2024-02-09,Southern Utah Thunderbirds,68.0,away,0.0,0.0,False,-2.0
2024-02-09,Northern Arizona Lumberjacks,66.0,home,0.0,0.0,False,-28.0
2024-02-09,Montana Grizzlies,94.0,away,0.0,0.0,True,28.0
2024-02-09,Cal State Northridge Matadors,78.0,home,0.0,0.0,True,13.0
2024-02-09,Cal Poly Mustangs,65.0,away,0.0,0.0,False,-13.0
2024-02-09,Idaho State Bengals,68.0,home,0.0,0.0,True,28.0
2024-02-09,Sacramento State Hornets,40.0,away,0.0,0.0,False,-28.0
2024-02-09,California Baptist Lancers,64.0,home,0.0,0.0,True,1.0
2024-02-09,UT Arlington Mavericks,63.0,away,0.0,0.0,False,-1.0
2024-02-09,Oregon State Beavers,58.0,home,0.0,0.0,False,-6.0
2024-02-09,Washington State Cougars,64.0,away,0.0,0.0,True,6.0
2024-02-09,Oregon Ducks,85.0,home,0.0,0.0,True,5.0
2024-02-09,Washington Huskies,80.0,away,0.0,0.0,False,-5.0
2024-02-09,Seattle U Redhawks,75.0,home,0.0,0.0,True,23.0
2024-02-09,Abilene Christian Wildcats,52.0,away,0.0,0.0,False,-23.0
2024-02-09,UC Riverside Highlanders,65.0,home,0.0,0.0,True,2.0
2024-02-09,Cal State Bakersfield Roadrunners,63.0,away,0.0,0.0,False,-2.0
2024-02-09,Pepperdine Waves,74.0,home,0.0,0.0,False,-6.0
2024-02-09,San Francisco Dons,80.0,away,0.0,0.0,True,6.0
2024-02-09,UC Santa Barbara Gauchos,61.0,home,0.0,0.0,False,-15.0
2024-02-09,UC Irvine Anteaters,76.0,away,0.0,0.0,True,15.0
2024-02-09,Hawai'i Rainbow Warriors,94.0,home,0.0,0.0,True,8.0
2024-02-09,UC San Diego Tritons,86.0,away,0.0,0.0,False,-8.0
2024-02-13,Butler Bulldogs,72.0,home,0.0,0.0,False,-6.0
2024-02-13,Marquette Golden Eagles,78.0,away,0.0,0.0,True,6.0
2024-02-14,Cincinnati Bearcats,59.0,home,0.0,0.0,False,-9.0
2024-02-14,Iowa State Cyclones,68.0,away,0.0,0.0,True,9.0
2024-02-14,Wisconsin Badgers,62.0,home,0.0,0.0,True,8.0
2024-02-14,Ohio State Buckeyes,54.0,away,0.0,0.0,False,-8.0
2024-02-14,Syracuse Orange,86.0,home,0.0,0.0,True,7.0
2024-02-14,North Carolina Tar Heels,79.0,away,0.0,0.0,False,-7.0
2024-02-14,Virginia Cavaliers,63.0,home,0.0,0.0,False,-11.0
2024-02-14,Pittsburgh Panthers,74.0,away,0.0,0.0,True,11.0
2024-02-14,Illinois Fighting Illini,97.0,home,0.0,0.0,True,29.0
2024-02-14,Michigan Wolverines,68.0,away,0.0,0.0,False,-29.0
2024-02-14,Northern Illinois Huskies,72.0,home,0.0,0.0,True,4.0
2024-02-14,Buffalo Bulls,68.0,away,0.0,0.0,False,-4.0
2024-02-14,George Mason Patriots,90.0,home,0.0,0.0,True,23.0
2024-02-14,George Washington Revolutionaries,67.0,away,0.0,0.0,False,-23.0
2024-02-14,Florida Gators,82.0,home,0.0,0.0,True,2.0
2024-02-14,LSU Tigers,80.0,away,0.0,0.0,False,-2.0
2024-02-14,Dayton Flyers,75.0,home,0.0,0.0,True,16.0
2024-02-14,Duquesne Dukes,59.0,away,0.0,0.0,False,-16.0
2024-02-14,Evansville Purple Aces,75.0,home,0.0,0.0,False,-3.0
2024-02-14,Drake Bulldogs,78.0,away,0.0,0.0,True,3.0
2024-02-14,Creighton Bluejays,94.0,home,0.0,0.0,True,22.0
2024-02-14,Georgetown Hoyas,72.0,away,0.0,0.0,False,-22.0
2024-02-14,Vanderbilt Commodores,74.0,home,0.0,0.0,True,1.0
2024-02-14,Texas A&M Aggies,73.0,away,0.0,0.0,False,-1.0
2024-02-14,Indiana State Sycamores,67.0,home,0.0,0.0,False,-13.0
2024-02-14,Illinois State Redbirds,80.0,away,0.0,0.0,True,13.0
2024-02-14,BYU Cougars,90.0,home,0.0,0.0,True,2.0
2024-02-14,UCF Knights,88.0,away,0.0,0.0,False,-2.0
2024-02-14,Davidson Wildcats,71.0,home,0.0,0.0,True,15.0
2024-02-14,La Salle Explorers,56.0,away,0.0,0.0,False,-15.0
2024-02-14,Baylor Bears,79.0,home,0.0,0.0,True,17.0
2024-02-14,Oklahoma Sooners,62.0,away,0.0,0.0,False,-17.0
2024-02-14,Kentucky Wildcats,75.0,home,0.0,0.0,True,12.0
2024-02-14,Ole Miss Rebels,63.0,away,0.0,0.0,False,-12.0
2024-02-14,Tennessee Tech Golden Eagles,70.0,home,0.0,0.0,True,20.0
2024-02-14,Tennessee State Tigers,50.0,away,0.0,0.0,False,-20.0
2024-02-14,Providence Friars,75.0,home,0.0,0.0,True,3.0
2024-02-14,St. John's Red Storm,72.0,away,0.0,0.0,False,-3.0
2024-02-14,Nevada Wolf Pack,82.0,home,0.0,0.0,False,-1.0
2024-02-14,New Mexico Lobos,83.0,away,0.0,0.0,True,1.0
2024-02-14,Virginia Tech Hokies,83.0,home,0.0,0.0,True,8.0
2024-02-14,Florida State Seminoles,75.0,away,0.0,0.0,False,-8.0
2024-02-14,Boston College Eagles,89.0,home,0.0,0.0,True,12.0
2024-02-14,Louisville Cardinals,77.0,away,0.0,0.0,False,-12.0
2024-02-14,San Diego State Aztecs,71.0,home,0.0,0.0,True,16.0
2024-02-14,Colorado State Rams,55.0,away,0.0,0.0,False,-16.0
2024-02-14,San José State Spartans,73.0,home,0.0,0.0,True,7.0
2024-02-14,Air Force Falcons,66.0,away,0.0,0.0,False,-7.0
2024-02-16,Cornell Big Red,75.0,home,0.0,0.0,True,13.0
2024-02-16,Harvard Crimson,62.0,away,0.0,0.0,False,-13.0
2024-02-17,Fairfield Stags,63.0,home,0.0,0.0,False,-2.0
2024-02-17,Niagara Purple Eagles,65.0,away,0.0,0.0,True,2.0
2024-02-17,Columbia Lions,73.0,home,0.0,0.0,True,10.0
2024-02-17,Dartmouth Big Green,63.0,away,0.0,0.0,False,-10.0
2024-02-17,Iona Gaels,73.0,home,0.0,0.0,True,10.0
2024-02-17,Manhattan Jaspers,63.0,away,0.0,0.0,False,-10.0
2024-02-17,Kennesaw State Owls,81.0,home,0.0,0.0,False,-1.0
2024-02-17,North Florida Ospreys,82.0,away,0.0,0.0,True,1.0
2024-02-17,Rider Broncs,61.0,home,0.0,0.0,True,4.0
2024-02-17,Mount St. Mary's Mountaineers,57.0,away,0.0,0.0,False,-4.0
2024-02-17,Princeton Tigers,72.0,home,0.0,0.0,True,9.0
2024-02-17,Brown Bears,63.0,away,0.0,0.0,False,-9.0
2024-02-17,San Diego State Aztecs,81.0,home,0.0,0.0,True,11.0
2024-02-17,New Mexico Lobos,70.0,away,0.0,0.0,False,-11.0
2024-02-17,Pennsylvania Quakers,62.0,home,0.0,0.0,False,-14.0
2024-02-17,Yale Bulldogs,76.0,away,0.0,0.0,True,14.0
2024-02-17,Marist Red Foxes,78.0,home,0.0,0.0,True,23.0
2024-02-17,Canisius Golden Griffins,55.0,away,0.0,0.0,False,-23.0
2024-02-17,Saint Louis Billikens,85.0,home,0.0,0.0,False,-10.0
2024-02-17,VCU Rams,95.0,away,0.0,0.0,True,10.0
2024-02-17,Toledo Rockets,85.0,home,0.0,0.0,True,2.0
2024-02-17,Ohio Bobcats,83.0,away,0.0,0.0,False,-2.0
2024-02-17,Queens University Royals,74.0,home,0.0,0.0,True,9.0
2024-02-17,Jacksonville Dolphins,65.0,away,0.0,0.0,False,-9.0
2024-02-17,Saint Peter's Peacocks,75.0,home,0.0,0.0,True,22.0
2024-02-17,Siena Saints,53.0,away,0.0,0.0,False,-22.0
2024-02-17,Georgetown Hoyas,54.0,home,0.0,0.0,False,-16.0
2024-02-17,Villanova Wildcats,70.0,away,0.0,0.0,True,16.0
2024-02-03,St. John's Red Storm,64.0,home,0.0,0.0,False,-13.0
2024-02-03,UConn Huskies,77.0,away,0.0,0.0,True,13.0
2024-02-04,Kentucky Wildcats,92.0,home,0.0,0.0,False,-11.0
2024-02-04,Tennessee Volunteers,103.0,away,0.0,0.0,True,11.0
2024-02-03,TCU Horned Frogs,66.0,home,0.0,0.0,False,-11.0
2024-02-03,Texas Longhorns,77.0,away,0.0,0.0,True,11.0
2024-02-03,Georgetown Hoyas,57.0,home,0.0,0.0,False,-34.0
2024-02-03,Marquette Golden Eagles,91.0,away,0.0,0.0,True,34.0
2024-02-03,Florida Atlantic Owls,102.0,home,0.0,0.0,True,32.0
2024-02-03,Tulsa Golden Hurricane,70.0,away,0.0,0.0,False,-32.0
2024-02-03,North Carolina Tar Heels,93.0,home,0.0,0.0,True,9.0
2024-02-03,Duke Blue Devils,84.0,away,0.0,0.0,False,-9.0
2024-02-04,Alabama Crimson Tide,99.0,home,0.0,0.0,True,32.0
2024-02-04,Mississippi State Bulldogs,67.0,away,0.0,0.0,False,-32.0
2024-02-03,Massachusetts Minutemen,66.0,home,0.0,0.0,True,1.0
2024-02-03,George Mason Patriots,65.0,away,0.0,0.0,False,-1.0
2024-02-03,West Virginia Mountaineers,73.0,home,0.0,0.0,False,-13.0
2024-02-03,BYU Cougars,86.0,away,0.0,0.0,True,13.0
2024-02-03,Colgate Raiders,88.0,home,0.0,0.0,True,24.0
2024-02-03,Navy Midshipmen,64.0,away,0.0,0.0,False,-24.0
2024-02-03,UCF Knights,74.0,home,0.0,0.0,True,11.0
2024-02-03,Oklahoma Sooners,63.0,away,0.0,0.0,False,-11.0
2024-02-03,Indiana Hoosiers,71.0,home,0.0,0.0,False,-14.0
2024-02-03,Penn State Nittany Lions,85.0,away,0.0,0.0,True,14.0
2024-02-03,San Diego State Aztecs,81.0,home,0.0,0.0,True,14.0
2024-02-03,Utah State Aggies,67.0,away,0.0,0.0,False,-14.0
2024-02-03,Kansas Jayhawks,78.0,home,0.0,0.0,True,13.0
2024-02-03,Houston Cougars,65.0,away,0.0,0.0,False,-13.0
2024-02-04,Baylor Bears,70.0,home,0.0,0.0,True,2.0
2024-02-04,Iowa State Cyclones,68.0,away,0.0,0.0,False,-2.0
2024-02-03,Ole Miss Rebels,77.0,home,0.0,0.0,False,-14.0
2024-02-03,Auburn Tigers,91.0,away,0.0,0.0,True,14.0
2024-02-03,Texas Tech Red Raiders,72.0,home,0.0,0.0,False,-3.0
2024-02-03,Cincinnati Bearcats,75.0,away,0.0,0.0,True,3.0
2024-02-03,LSU Tigers,95.0,home,0.0,0.0,True,21.0
2024-02-03,Arkansas Razorbacks,74.0,away,0.0,0.0,False,-21.0
2024-02-03,Miami Hurricanes,82.0,home,0.0,0.0,True,8.0
2024-02-03,Virginia Tech Hokies,74.0,away,0.0,0.0,False,-8.0
2024-02-03,La Salle Explorers,82.0,home,0.0,0.0,False,-6.0
2024-02-03,Saint Joseph's Hawks,88.0,away,0.0,0.0,True,6.0
2024-02-03,Boston University Terriers,72.0,home,0.0,0.0,True,1.0
2024-02-03,Lehigh Mountain Hawks,71.0,away,0.0,0.0,False,-1.0
2024-02-03,Rhode Island Rams,71.0,home,0.0,0.0,False,-14.0
2024-02-03,Duquesne Dukes,85.0,away,0.0,0.0,True,14.0
2024-02-03,Memphis Tigers,65.0,home,0.0,0.0,True,2.0
2024-02-03,Wichita State Shockers,63.0,away,0.0,0.0,False,-2.0
2024-02-03,Detroit Mercy Titans,67.0,home,0.0,0.0,False,-8.0
2024-02-03,Robert Morris Colonials,75.0,away,0.0,0.0,True,8.0
2024-02-03,Georgia Bulldogs,62.0,home,0.0,0.0,False,-10.0
2024-02-03,South Carolina Gamecocks,72.0,away,0.0,0.0,True,10.0
2024-02-03,Jackson State Tigers,62.0,home,0.0,0.0,False,-8.0
2024-02-03,Grambling Tigers,70.0,away,0.0,0.0,True,8.0
2024-02-03,Oklahoma State Cowboys,75.0,home,0.0,0.0,True,3.0
2024-02-03,Kansas State Wildcats,72.0,away,0.0,0.0,False,-3.0
2024-02-03,UIC Flames,71.0,home,0.0,0.0,False,-3.0
2024-02-03,Southern Illinois Salukis,74.0,away,0.0,0.0,True,3.0
2024-02-03,Missouri State Bears,87.0,home,0.0,0.0,True,7.0
2024-02-03,Belmont Bruins,80.0,away,0.0,0.0,False,-7.0
2024-02-03,Clemson Tigers,65.0,home,0.0,0.0,False,-1.0
2024-02-03,Virginia Cavaliers,66.0,away,0.0,0.0,True,1.0
2024-02-03,Charlotte 49ers,67.0,home,0.0,0.0,True,15.0
2024-02-03,East Carolina Pirates,52.0,away,0.0,0.0,False,-15.0
2024-02-03,Western Michigan Broncos,67.0,home,0.0,0.0,False,-10.0
2024-02-03,Ball State Cardinals,77.0,away,0.0,0.0,True,10.0
2024-02-03,Oakland Golden Grizzlies,83.0,home,0.0,0.0,True,12.0
2024-02-03,Cleveland State Vikings,71.0,away,0.0,0.0,False,-12.0
2024-02-03,Illinois State Redbirds,60.0,home,0.0,0.0,False,-13.0
2024-02-03,Bradley Braves,73.0,away,0.0,0.0,True,13.0
2024-02-03,Northern Iowa Panthers,43.0,home,0.0,0.0,False,-28.0
2024-02-03,Murray State Racers,71.0,away,0.0,0.0,True,28.0
2024-02-03,UNC Asheville Bulldogs,82.0,home,0.0,0.0,True,4.0
2024-02-03,Winthrop Eagles,78.0,away,0.0,0.0,False,-4.0
2024-02-03,Charleston Southern Buccaneers,83.0,home,0.0,0.0,True,6.0
2024-02-03,Longwood Lancers,77.0,away,0.0,0.0,False,-6.0
2024-02-03,William & Mary Tribe,83.0,home,0.0,0.0,False,-1.0
2024-02-03,Charleston Cougars,84.0,away,0.0,0.0,True,1.0
2024-02-03,Delaware Blue Hens,84.0,home,0.0,0.0,True,4.0
2024-02-03,Monmouth Hawks,80.0,away,0.0,0.0,False,-4.0
2024-02-03,Minnesota Golden Gophers,75.0,home,0.0,0.0,True,9.0
2024-02-03,Northwestern Wildcats,66.0,away,0.0,0.0,False,-9.0
2024-02-03,Vermont Catamounts,62.0,home,0.0,0.0,True,13.0
2024-02-03,Binghamton Bearcats,49.0,away,0.0,0.0,False,-13.0
2024-02-03,Florida International Panthers,68.0,home,0.0,0.0,True,7.0
2024-02-03,Sam Houston Bearkats,61.0,away,0.0,0.0,False,-7.0
2024-02-03,Arizona State Sun Devils,66.0,home,0.0,0.0,False,-15.0
2024-02-03,California Golden Bears,81.0,away,0.0,0.0,True,15.0
2024-02-03,Ohio Bobcats,78.0,home,0.0,0.0,True,9.0
2024-02-03,Miami (OH) RedHawks,69.0,away,0.0,0.0,False,-9.0
2024-02-03,Mercer Bears,90.0,home,0.0,0.0,True,21.0
2024-02-03,VMI Keydets,69.0,away,0.0,0.0,False,-21.0
2024-02-03,Sacred Heart Pioneers,87.0,home,0.0,0.0,True,6.0
2024-02-03,Le Moyne Dolphins,81.0,away,0.0,0.0,False,-6.0
2024-02-03,Stonehill Skyhawks,71.0,home,0.0,0.0,True,10.0
2024-02-03,Wagner Seahawks,61.0,away,0.0,0.0,False,-10.0
2024-02-03,Saint Louis Billikens,65.0,home,0.0,0.0,False,-2.0
2024-02-03,Fordham Rams,67.0,away,0.0,0.0,True,2.0
2024-02-03,Vanderbilt Commodores,68.0,home,0.0,0.0,True,7.0
2024-02-03,Missouri Tigers,61.0,away,0.0,0.0,False,-7.0
2024-02-03,Howard Bison,61.0,home,0.0,0.0,False,-2.0
2024-02-03,Hampton Pirates,63.0,away,0.0,0.0,True,2.0
2024-02-03,Valparaiso Beacons,62.0,home,0.0,0.0,False,-1.0
2024-02-03,Evansville Purple Aces,63.0,away,0.0,0.0,True,1.0
2024-02-03,North Carolina A&T Aggies,65.0,home,0.0,0.0,False,-4.0
2024-02-03,Elon Phoenix,69.0,away,0.0,0.0,True,4.0
2024-02-03,Michigan Wolverines,59.0,home,0.0,0.0,False,-10.0
2024-02-03,Rutgers Scarlet Knights,69.0,away,0.0,0.0,True,10.0
2024-02-03,Maine Black Bears,79.0,home,0.0,0.0,True,7.0
2024-02-03,Bryant Bulldogs,72.0,away,0.0,0.0,False,-7.0
2024-02-03,Georgia Southern Eagles,84.0,home,0.0,0.0,False,-1.0
2024-02-03,App State Mountaineers,85.0,away,0.0,0.0,True,1.0
2024-02-03,UTSA Roadrunners,76.0,home,0.0,0.0,False,-4.0
2024-02-03,Rice Owls,80.0,away,0.0,0.0,True,4.0
2024-02-03,Merrimack Warriors,71.0,home,0.0,0.0,True,3.0
2024-02-03,Central Connecticut Blue Devils,68.0,away,0.0,0.0,False,-3.0
2024-02-03,South Carolina Upstate Spartans,78.0,home,0.0,0.0,True,9.0
2024-02-03,Radford Highlanders,69.0,away,0.0,0.0,False,-9.0
2024-02-03,Alabama State Hornets,68.0,home,0.0,0.0,False,-11.0
2024-02-03,Bethune-Cookman Wildcats,79.0,away,0.0,0.0,True,11.0
2024-02-03,Arkansas State Red Wolves,95.0,home,0.0,0.0,True,15.0
2024-02-03,UL Monroe Warhawks,80.0,away,0.0,0.0,False,-15.0
2024-02-03,American University Eagles,75.0,home,0.0,0.0,True,9.0
2024-02-03,Bucknell Bison,66.0,away,0.0,0.0,False,-9.0
2024-02-03,VCU Rams,63.0,home,0.0,0.0,True,11.0
2024-02-03,Richmond Spiders,52.0,away,0.0,0.0,False,-11.0
2024-02-03,Boise State Broncos,94.0,home,0.0,0.0,True,38.0
2024-02-03,Air Force Falcons,56.0,away,0.0,0.0,False,-38.0
2024-02-03,Wofford Terriers,88.0,home,0.0,0.0,True,2.0
2024-02-03,Western Carolina Catamounts,86.0,away,0.0,0.0,False,-2.0
2024-02-03,East Tennessee State Buccaneers,62.0,home,0.0,0.0,True,2.0
2024-02-03,The Citadel Bulldogs,60.0,away,0.0,0.0,False,-2.0
2024-02-03,Texas A&M Aggies,67.0,home,0.0,0.0,True,1.0
2024-02-03,Florida Gators,66.0,away,0.0,0.0,False,-1.0
2024-02-03,Northern Illinois Huskies,76.0,home,0.0,0.0,True,10.0
2024-02-03,Eastern Michigan Eagles,66.0,away,0.0,0.0,False,-10.0
2024-02-03,Queens University Royals,85.0,home,0.0,0.0,True,10.0
2024-02-03,Bellarmine Knights,75.0,away,0.0,0.0,False,-10.0
2024-02-03,Marshall Thundering Herd,91.0,home,0.0,0.0,True,17.0
2024-02-03,Coastal Carolina Chanticleers,74.0,away,0.0,0.0,False,-17.0
2024-02-03,James Madison Dukes,78.0,home,0.0,0.0,True,15.0
2024-02-03,Old Dominion Monarchs,63.0,away,0.0,0.0,False,-15.0
2024-02-03,Utah Valley Wolverines,67.0,home,0.0,0.0,False,-19.0
2024-02-03,Grand Canyon Lopes,86.0,away,0.0,0.0,True,19.0
2024-02-03,Northern Arizona Lumberjacks,79.0,home,0.0,0.0,False,-2.0
2024-02-03,Idaho State Bengals,81.0,away,0.0,0.0,True,2.0
2024-02-03,Alcorn State Braves,70.0,home,0.0,0.0,False,-1.0
2024-02-03,Southern Jaguars,71.0,away,0.0,0.0,True,1.0
2024-02-03,Georgia State Panthers,74.0,home,0.0,0.0,False,-4.0
2024-02-03,Troy Trojans,78.0,away,0.0,0.0,True,4.0
2024-02-03,Northwestern State Demons,70.0,home,0.0,0.0,True,13.0
2024-02-03,East Texas A&M Lions,57.0,away,0.0,0.0,False,-13.0
2024-02-03,Nicholls Colonels,83.0,home,0.0,0.0,True,10.0
2024-02-03,Houston Christian Huskies,73.0,away,0.0,0.0,False,-10.0
2024-02-03,South Carolina State Bulldogs,70.0,home,0.0,0.0,False,-2.0
2024-02-03,Morgan State Bears,72.0,away,0.0,0.0,True,2.0
2024-02-03,Norfolk State Spartans,65.0,home,0.0,0.0,True,1.0
2024-02-03,Delaware State Hornets,64.0,away,0.0,0.0,False,-1.0
2024-02-03,Tennessee Tech Golden Eagles,60.0,home,0.0,0.0,False,-7.0
2024-02-03,Morehead State Eagles,67.0,away,0.0,0.0,True,7.0
2024-02-03,North Carolina Central Eagles,77.0,home,0.0,0.0,True,31.0
2024-02-03,Coppin State Eagles,46.0,away,0.0,0.0,False,-31.0
2024-02-03,Chattanooga Mocs,56.0,home,0.0,0.0,False,-22.0
2024-02-03,Samford Bulldogs,78.0,away,0.0,0.0,True,22.0
2024-02-03,Eastern Illinois Panthers,47.0,home,0.0,0.0,False,-24.0
2024-02-03,Little Rock Trojans,71.0,away,0.0,0.0,True,24.0
2024-02-03,Texas A&M-Corpus Christi Islanders,79.0,home,0.0,0.0,True,8.0
2024-02-03,Lamar Cardinals,71.0,away,0.0,0.0,False,-8.0
2024-02-03,SIU Edwardsville Cougars,79.0,home,0.0,0.0,False,-11.0
2024-02-03,UT Martin Skyhawks,90.0,away,0.0,0.0,True,11.0
2024-02-03,Tennessee State Tigers,79.0,home,0.0,0.0,True,5.0
2024-02-03,Southern Indiana Screaming Eagles,74.0,away,0.0,0.0,False,-5.0
2024-02-03,North Dakota Fighting Hawks,60.0,home,0.0,0.0,True,2.0
2024-02-03,North Dakota State Bison,58.0,away,0.0,0.0,False,-2.0
2024-02-03,SE Louisiana Lions,77.0,home,0.0,0.0,True,3.0
2024-02-03,McNeese Cowboys,74.0,away,0.0,0.0,False,-3.0
2024-02-03,Central Arkansas Bears,62.0,home,0.0,0.0,False,-11.0
2024-02-03,Stetson Hatters,73.0,away,0.0,0.0,True,11.0
2024-02-03,Southeast Missouri State Redhawks,55.0,home,0.0,0.0,False,-21.0
2024-02-03,Western Illinois Leathernecks,76.0,away,0.0,0.0,True,21.0
2024-02-03,Lipscomb Bisons,84.0,home,0.0,0.0,True,2.0
2024-02-03,Jacksonville Dolphins,82.0,away,0.0,0.0,False,-2.0
2024-02-03,Bowling Green Falcons,76.0,home,0.0,0.0,False,-1.0
2024-02-03,Central Michigan Chippewas,77.0,away,0.0,0.0,True,1.0
2024-02-03,Utah Utes,73.0,home,0.0,0.0,True,5.0
2024-02-03,Colorado Buffaloes,68.0,away,0.0,0.0,False,-5.0
2024-02-03,Loyola Maryland Greyhounds,67.0,home,0.0,0.0,False,-3.0
2024-02-03,Holy Cross Crusaders,70.0,away,0.0,0.0,True,3.0
2024-02-03,Alabama A&M Bulldogs,73.0,home,0.0,0.0,True,12.0
2024-02-03,Florida A&M Rattlers,61.0,away,0.0,0.0,False,-12.0
2024-02-03,Texas State Bobcats,60.0,home,0.0,0.0,True,5.0
2024-02-03,Southern Miss Golden Eagles,55.0,away,0.0,0.0,False,-5.0
2024-02-03,New Orleans Privateers,80.0,home,0.0,0.0,False,-2.0
2024-02-03,Incarnate Word Cardinals,82.0,away,0.0,0.0,True,2.0
2024-02-03,UMass Lowell River Hawks,73.0,home,0.0,0.0,False,-16.0
2024-02-03,New Hampshire Wildcats,89.0,away,0.0,0.0,True,16.0
2024-02-03,Kennesaw State Owls,76.0,home,0.0,0.0,False,-10.0
2024-02-03,Eastern Kentucky Colonels,86.0,away,0.0,0.0,True,10.0
2024-02-03,Utah Tech Trailblazers,66.0,home,0.0,0.0,False,-21.0
2024-02-03,UT Arlington Mavericks,87.0,away,0.0,0.0,True,21.0
2024-02-03,Tarleton State Texans,75.0,home,0.0,0.0,True,11.0
2024-02-03,Stephen F. Austin Lumberjacks,64.0,away,0.0,0.0,False,-11.0
2024-02-03,Austin Peay Governors,95.0,home,0.0,0.0,True,4.0
2024-02-03,North Florida Ospreys,91.0,away,0.0,0.0,False,-4.0
2024-02-03,NC State Wolfpack,82.0,home,0.0,0.0,True,6.0
2024-02-03,Georgia Tech Yellow Jackets,76.0,away,0.0,0.0,False,-6.0
2024-02-03,Michigan State Spartans,63.0,home,0.0,0.0,True,9.0
2024-02-03,Maryland Terrapins,54.0,away,0.0,0.0,False,-9.0
2024-02-03,Army Black Knights,56.0,home,0.0,0.0,False,-8.0
2024-02-03,Lafayette Leopards,64.0,away,0.0,0.0,True,8.0
2024-02-03,Pittsburgh Panthers,70.0,home,0.0,0.0,True,10.0
2024-02-03,Notre Dame Fighting Irish,60.0,away,0.0,0.0,False,-10.0
2024-02-03,Indiana State Sycamores,75.0,home,0.0,0.0,True,8.0
2024-02-03,Drake Bulldogs,67.0,away,0.0,0.0,False,-8.0
2024-02-03,Dartmouth Big Green,56.0,home,0.0,0.0,False,-16.0
2024-02-03,Columbia Lions,72.0,away,0.0,0.0,True,16.0
2024-02-03,North Texas Mean Green,55.0,home,0.0,0.0,False,-5.0
2024-02-03,South Florida Bulls,60.0,away,0.0,0.0,True,5.0
2024-02-03,Hofstra Pride,59.0,home,0.0,0.0,True,3.0
2024-02-03,Towson Tigers,56.0,away,0.0,0.0,False,-3.0
2024-02-03,Brown Bears,60.0,home,0.0,0.0,False,-10.0
2024-02-03,Princeton Tigers,70.0,away,0.0,0.0,True,10.0
2024-02-03,Stony Brook Seawolves,59.0,home,0.0,0.0,True,4.0
2024-02-03,Northeastern Huskies,55.0,away,0.0,0.0,False,-4.0
2024-02-04,USC Trojans,82.0,home,0.0,0.0,True,28.0
2024-02-04,Oregon State Beavers,54.0,away,0.0,0.0,False,-28.0
2024-02-03,Cal Poly Mustangs,52.0,home,0.0,0.0,False,-7.0
2024-02-03,UC Davis Aggies,59.0,away,0.0,0.0,True,7.0
2024-02-03,Prairie View A&M Panthers,69.0,home,0.0,0.0,False,-11.0
2024-02-03,Texas Southern Tigers,80.0,away,0.0,0.0,True,11.0
2024-02-04,Santa Clara Broncos,59.0,home,0.0,0.0,False,-11.0
2024-02-04,San Diego Toreros,70.0,away,0.0,0.0,True,11.0
2024-02-04,Mississippi Valley State Delta Devils,77.0,home,0.0,0.0,False,-6.0
2024-02-04,Arkansas-Pine Bluff Golden Lions,83.0,away,0.0,0.0,True,6.0
2024-02-04,High Point Panthers,78.0,home,0.0,0.0,True,10.0
2024-02-04,Presbyterian Blue Hose,68.0,away,0.0,0.0,False,-10.0
2024-02-04,Long Island University Sharks,70.0,home,0.0,0.0,True,3.0
2024-02-04,Saint Francis Red Flash,67.0,away,0.0,0.0,False,-3.0
2024-02-04,UNC Wilmington Seahawks,77.0,home,0.0,0.0,True,3.0
2024-02-04,Campbell Fighting Camels,74.0,away,0.0,0.0,False,-3.0
2024-02-04,Yale Bulldogs,74.0,home,0.0,0.0,True,16.0
2024-02-04,Pennsylvania Quakers,58.0,away,0.0,0.0,False,-16.0
2024-02-04,Long Beach State Beach,85.0,home,0.0,0.0,True,9.0
2024-02-04,UC San Diego Tritons,76.0,away,0.0,0.0,False,-9.0
2024-02-04,UAlbany Great Danes,102.0,home,0.0,0.0,False,-12.0
2024-02-04,UMBC Retrievers,114.0,away,0.0,0.0,True,12.0
2024-02-04,Harvard Crimson,76.0,home,0.0,0.0,False,-13.0
2024-02-04,Cornell Big Red,89.0,away,0.0,0.0,True,13.0
2024-02-04,UNLV Rebels,62.0,home,0.0,0.0,True,14.0
2024-02-04,Wyoming Cowboys,48.0,away,0.0,0.0,False,-14.0
2024-02-04,Wake Forest Demon Deacons,99.0,home,0.0,0.0,True,29.0
2024-02-04,Syracuse Orange,70.0,away,0.0,0.0,False,-29.0
2024-02-04,Louisiana Ragin' Cajuns,80.0,home,0.0,0.0,True,20.0
2024-02-04,South Alabama Jaguars,60.0,away,0.0,0.0,False,-20.0
2024-02-04,Kansas City Roos,56.0,home,0.0,0.0,False,-15.0
2024-02-04,St. Thomas-Minnesota Tommies,71.0,away,0.0,0.0,True,15.0
2024-02-04,Portland Pilots,93.0,home,0.0,0.0,True,4.0
2024-02-04,Pepperdine Waves,89.0,away,0.0,0.0,False,-4.0
2024-02-04,Portland State Vikings,58.0,home,0.0,0.0,True,7.0
2024-02-04,Sacramento State Hornets,51.0,away,0.0,0.0,False,-7.0
2024-02-04,Louisville Cardinals,101.0,home,0.0,0.0,True,9.0
2024-02-04,Florida State Seminoles,92.0,away,0.0,0.0,False,-9.0
2024-02-04,Oral Roberts Golden Eagles,82.0,home,0.0,0.0,True,6.0
2024-02-04,Denver Pioneers,76.0,away,0.0,0.0,False,-6.0
2024-02-04,Cal State Northridge Matadors,76.0,home,0.0,0.0,True,6.0
2024-02-04,UC Riverside Highlanders,70.0,away,0.0,0.0,False,-6.0
2024-02-04,California Baptist Lancers,60.0,home,0.0,0.0,False,-1.0
2024-02-04,Seattle U Redhawks,61.0,away,0.0,0.0,True,1.0
2024-02-04,Montana State Bobcats,75.0,home,0.0,0.0,False,-6.0
2024-02-04,Idaho Vandals,81.0,away,0.0,0.0,True,6.0
2024-02-04,Northern Colorado Bears,63.0,home,0.0,0.0,False,-19.0
2024-02-04,Weber State Wildcats,82.0,away,0.0,0.0,True,19.0
2024-02-04,Western Kentucky Hilltoppers,88.0,home,0.0,0.0,True,23.0
2024-02-04,Middle Tennessee Blue Raiders,65.0,away,0.0,0.0,False,-23.0
2024-02-04,Southern Utah Thunderbirds,79.0,home,0.0,0.0,True,20.0
2024-02-04,UT Rio Grande Valley Vaqueros,59.0,away,0.0,0.0,False,-20.0
2024-02-04,New Mexico State Aggies,67.0,home,0.0,0.0,True,2.0
2024-02-04,Jacksonville State Gamecocks,65.0,away,0.0,0.0,False,-2.0
2024-02-04,North Alabama Lions,70.0,home,0.0,0.0,True,1.0
2024-02-04,Florida Gulf Coast Eagles,69.0,away,0.0,0.0,False,-1.0
2024-02-04,Washington Huskies,87.0,home,0.0,0.0,False,-3.0
2024-02-04,Washington State Cougars,90.0,away,0.0,0.0,True,3.0
2024-02-04,Montana Grizzlies,65.0,home,0.0,0.0,False,-13.0
2024-02-04,Eastern Washington Eagles,78.0,away,0.0,0.0,True,13.0
2024-02-04,UTEP Miners,65.0,home,0.0,0.0,False,-2.0
2024-02-04,Liberty Flames,67.0,away,0.0,0.0,True,2.0
2024-02-04,DePaul Blue Demons,68.0,home,0.0,0.0,False,-25.0
2024-02-04,Xavier Musketeers,93.0,away,0.0,0.0,True,25.0
2024-02-04,Fresno State Bulldogs,61.0,home,0.0,0.0,False,-12.0
2024-02-04,Colorado State Rams,73.0,away,0.0,0.0,True,12.0
2024-02-04,San Francisco Dons,79.0,home,0.0,0.0,True,6.0
2024-02-04,Pacific Tigers,73.0,away,0.0,0.0,False,-6.0
2024-02-04,Cal State Bakersfield Roadrunners,59.0,home,0.0,0.0,False,-11.0
2024-02-04,UC Santa Barbara Gauchos,70.0,away,0.0,0.0,True,11.0
2024-02-04,UCLA Bruins,71.0,home,0.0,0.0,True,8.0
2024-02-04,Oregon Ducks,63.0,away,0.0,0.0,False,-8.0
2024-02-04,UC Irvine Anteaters,93.0,home,0.0,0.0,True,25.0
2024-02-04,Hawai'i Rainbow Warriors,68.0,away,0.0,0.0,False,-25.0
2024-02-04,Gonzaga Bulldogs,62.0,home,0.0,0.0,False,-2.0
2024-02-04,Saint Mary's Gaels,64.0,away,0.0,0.0,True,2.0
2024-02-15,Auburn Tigers,101.0,home,0.0,0.0,True,40.0
2024-02-15,South Carolina Gamecocks,61.0,away,0.0,0.0,False,-40.0
2024-02-15,DePaul Blue Demons,65.0,home,0.0,0.0,False,-36.0
2024-02-15,UConn Huskies,101.0,away,0.0,0.0,True,36.0
2024-02-15,Arkansas Razorbacks,63.0,home,0.0,0.0,False,-29.0
2024-02-15,Tennessee Volunteers,92.0,away,0.0,0.0,True,29.0
2024-02-15,Eastern Kentucky Colonels,86.0,home,0.0,0.0,True,13.0
2024-02-15,Chicago State Cougars,73.0,away,0.0,0.0,False,-13.0
2024-02-14,Penn State Nittany Lions,72.0,home,0.0,0.0,False,-8.0
2024-02-14,Michigan State Spartans,80.0,away,0.0,0.0,True,8.0
2024-02-15,Seton Hall Pirates,88.0,home,0.0,0.0,True,18.0
2024-02-15,Xavier Musketeers,70.0,away,0.0,0.0,False,-18.0
2024-02-14,UNC Asheville Bulldogs,71.0,home,0.0,0.0,True,2.0
2024-02-14,Presbyterian Blue Hose,69.0,away,0.0,0.0,False,-2.0
2024-02-15,Colgate Raiders,85.0,home,0.0,0.0,True,30.0
2024-02-15,Holy Cross Crusaders,55.0,away,0.0,0.0,False,-30.0
2024-02-14,Youngstown State Penguins,87.0,home,0.0,0.0,True,10.0
2024-02-14,Robert Morris Colonials,77.0,away,0.0,0.0,False,-10.0
2024-02-15,Richmond Spiders,59.0,home,0.0,0.0,False,-10.0
2024-02-15,Massachusetts Minutemen,69.0,away,0.0,0.0,True,10.0
2024-02-15,Lafayette Leopards,64.0,home,0.0,0.0,False,-15.0
2024-02-15,Loyola Maryland Greyhounds,79.0,away,0.0,0.0,True,15.0
2024-02-15,High Point Panthers,81.0,home,0.0,0.0,False,-5.0
2024-02-15,South Carolina Upstate Spartans,86.0,away,0.0,0.0,True,5.0
2024-02-15,Notre Dame Fighting Irish,58.0,home,0.0,0.0,True,3.0
2024-02-15,Georgia Tech Yellow Jackets,55.0,away,0.0,0.0,False,-3.0
2024-02-15,South Florida Bulls,69.0,home,0.0,0.0,True,19.0
2024-02-15,Tulsa Golden Hurricane,50.0,away,0.0,0.0,False,-19.0
2024-02-14,Army Black Knights,65.0,home,0.0,0.0,True,15.0
2024-02-14,Boston University Terriers,50.0,away,0.0,0.0,False,-15.0
2024-02-15,Charleston Southern Buccaneers,77.0,home,0.0,0.0,False,-8.0
2024-02-15,Gardner-Webb Runnin' Bulldogs,85.0,away,0.0,0.0,True,8.0
2024-02-15,Clemson Tigers,77.0,home,0.0,0.0,True,17.0
2024-02-15,Miami Hurricanes,60.0,away,0.0,0.0,False,-17.0
2024-02-15,Navy Midshipmen,42.0,home,0.0,0.0,False,-17.0
2024-02-15,American University Eagles,59.0,away,0.0,0.0,True,17.0
2024-02-15,Fordham Rams,67.0,home,0.0,0.0,False,-18.0
2024-02-15,St. Bonaventure Bonnies,85.0,away,0.0,0.0,True,18.0
2024-02-15,Furman Paladins,75.0,home,0.0,0.0,True,13.0
2024-02-15,VMI Keydets,62.0,away,0.0,0.0,False,-13.0
2024-02-15,Mercer Bears,60.0,home,0.0,0.0,False,-13.0
2024-02-15,Wofford Terriers,73.0,away,0.0,0.0,True,13.0
2024-02-15,Detroit Mercy Titans,81.0,home,0.0,0.0,True,15.0
2024-02-15,IU Indianapolis Jaguars,66.0,away,0.0,0.0,False,-15.0
2024-02-15,The Citadel Bulldogs,61.0,home,0.0,0.0,False,-15.0
2024-02-15,UNC Greensboro Spartans,76.0,away,0.0,0.0,True,15.0
2024-02-15,Kennesaw State Owls,66.0,home,0.0,0.0,True,5.0
2024-02-15,Jacksonville Dolphins,61.0,away,0.0,0.0,False,-5.0
2024-02-15,Purdue Fort Wayne Mastodons,63.0,home,0.0,0.0,False,-8.0
2024-02-15,Oakland Golden Grizzlies,71.0,away,0.0,0.0,True,8.0
2024-02-15,Queens University Royals,79.0,home,0.0,0.0,False,-14.0
2024-02-15,North Florida Ospreys,93.0,away,0.0,0.0,True,14.0
2024-02-15,Loyola Chicago Ramblers,64.0,home,0.0,0.0,True,5.0
2024-02-15,Saint Joseph's Hawks,59.0,away,0.0,0.0,False,-5.0
2024-02-15,Green Bay Phoenix,57.0,home,0.0,0.0,False,-1.0
2024-02-15,Northern Kentucky Norse,58.0,away,0.0,0.0,True,1.0
2024-02-15,Maryland Terrapins,78.0,home,0.0,0.0,True,12.0
2024-02-15,Iowa Hawkeyes,66.0,away,0.0,0.0,False,-12.0
2024-02-15,Chattanooga Mocs,84.0,home,0.0,0.0,True,13.0
2024-02-15,East Tennessee State Buccaneers,71.0,away,0.0,0.0,False,-13.0
2024-02-15,Arizona State Sun Devils,79.0,home,0.0,0.0,True,18.0
2024-02-15,Oregon State Beavers,61.0,away,0.0,0.0,False,-18.0
2024-02-15,Valparaiso Beacons,67.0,home,0.0,0.0,False,-19.0
2024-02-15,Northern Iowa Panthers,86.0,away,0.0,0.0,True,19.0
2024-02-15,Cleveland State Vikings,68.0,home,0.0,0.0,False,-3.0
2024-02-15,Milwaukee Panthers,71.0,away,0.0,0.0,True,3.0
2024-02-15,Belmont Bruins,82.0,home,0.0,0.0,True,14.0
2024-02-15,Southern Illinois Salukis,68.0,away,0.0,0.0,False,-14.0
2024-02-15,Murray State Racers,82.0,home,0.0,0.0,True,10.0
2024-02-15,Missouri State Bears,72.0,away,0.0,0.0,False,-10.0
2024-02-15,Bradley Braves,85.0,home,0.0,0.0,True,12.0
2024-02-15,UIC Flames,73.0,away,0.0,0.0,False,-12.0
2024-02-15,Samford Bulldogs,88.0,home,0.0,0.0,True,26.0
2024-02-15,Western Carolina Catamounts,62.0,away,0.0,0.0,False,-26.0
2024-02-15,Wyoming Cowboys,76.0,home,0.0,0.0,False,-8.0
2024-02-15,Utah State Aggies,84.0,away,0.0,0.0,True,8.0
2024-02-15,Fresno State Bulldogs,65.0,home,0.0,0.0,False,-2.0
2024-02-15,UNLV Rebels,67.0,away,0.0,0.0,True,2.0
2024-02-20,Houston Cougars,73.0,home,0.0,0.0,True,8.0
2024-02-20,Iowa State Cyclones,65.0,away,0.0,0.0,False,-8.0
2024-02-20,Alabama State Hornets,61.0,home,0.0,0.0,True,15.0
2024-02-20,Mississippi Valley State Delta Devils,46.0,away,0.0,0.0,False,-15.0
2024-02-20,Virginia Tech Hokies,75.0,home,0.0,0.0,True,34.0
2024-02-20,Virginia Cavaliers,41.0,away,0.0,0.0,False,-34.0
2024-02-20,SE Louisiana Lions,72.0,home,0.0,0.0,False,-5.0
2024-02-20,Lamar Cardinals,77.0,away,0.0,0.0,True,5.0
2024-02-20,Alabama A&M Bulldogs,75.0,home,0.0,0.0,True,8.0
2024-02-20,Arkansas-Pine Bluff Golden Lions,67.0,away,0.0,0.0,False,-8.0
2024-02-20,Jackson State Tigers,61.0,home,0.0,0.0,True,1.0
2024-02-20,Bethune-Cookman Wildcats,60.0,away,0.0,0.0,False,-1.0
2024-02-20,Texas Southern Tigers,68.0,home,0.0,0.0,True,12.0
2024-02-20,Southern Jaguars,56.0,away,0.0,0.0,False,-12.0
2024-02-20,Alcorn State Braves,79.0,home,0.0,0.0,True,11.0
2024-02-20,Florida A&M Rattlers,68.0,away,0.0,0.0,False,-11.0
2024-02-20,Texas A&M-Corpus Christi Islanders,72.0,home,0.0,0.0,True,11.0
2024-02-20,Northwestern State Demons,61.0,away,0.0,0.0,False,-11.0
2024-02-19,Chicago State Cougars,93.0,home,0.0,0.0,True,23.0
2024-02-19,Indiana University Northwest Indiana-Northwest,70.0,away,0.0,0.0,False,-23.0
2024-02-20,Howard Bison,68.0,home,0.0,0.0,False,-7.0
2024-02-20,South Carolina State Bulldogs,75.0,away,0.0,0.0,True,7.0
2024-02-19,Lafayette Leopards,62.0,home,0.0,0.0,False,-5.0
2024-02-19,Colgate Raiders,67.0,away,0.0,0.0,True,5.0
2024-02-20,Charleston Cougars,65.0,home,0.0,0.0,True,8.0
2024-02-20,William & Mary Tribe,57.0,away,0.0,0.0,False,-8.0
2024-02-20,Texas Longhorns,62.0,home,0.0,0.0,True,6.0
2024-02-20,Kansas State Wildcats,56.0,away,0.0,0.0,False,-6.0
2024-02-20,Maryland Eastern Shore Hawks,75.0,home,0.0,0.0,True,8.0
2024-02-20,Coppin State Eagles,67.0,away,0.0,0.0,False,-8.0
2024-02-20,Prairie View A&M Panthers,74.0,home,0.0,0.0,False,-9.0
2024-02-20,Grambling Tigers,83.0,away,0.0,0.0,True,9.0
2024-02-20,New Orleans Privateers,77.0,home,0.0,0.0,False,-12.0
2024-02-20,Nicholls Colonels,89.0,away,0.0,0.0,True,12.0
2024-02-20,Incarnate Word Cardinals,72.0,home,0.0,0.0,False,-4.0
2024-02-20,East Texas A&M Lions,76.0,away,0.0,0.0,True,4.0
2024-02-20,Delaware State Hornets,80.0,home,0.0,0.0,True,22.0
2024-02-20,Morgan State Bears,58.0,away,0.0,0.0,False,-22.0
2024-02-20,Norfolk State Spartans,80.0,home,0.0,0.0,True,6.0
2024-02-20,North Carolina Central Eagles,74.0,away,0.0,0.0,False,-6.0
2024-02-18,Ohio State Buckeyes,73.0,home,0.0,0.0,True,4.0
2024-02-18,Purdue Boilermakers,69.0,away,0.0,0.0,False,-4.0
2024-02-18,Charlotte 49ers,72.0,home,0.0,0.0,True,11.0
2024-02-18,Wichita State Shockers,61.0,away,0.0,0.0,False,-11.0
2024-02-18,South Florida Bulls,90.0,home,0.0,0.0,True,4.0
2024-02-18,Florida Atlantic Owls,86.0,away,0.0,0.0,False,-4.0
2024-02-18,Rhode Island Rams,67.0,home,0.0,0.0,False,-10.0
2024-02-18,Loyola Chicago Ramblers,77.0,away,0.0,0.0,True,10.0
2024-02-18,Furman Paladins,82.0,home,0.0,0.0,True,17.0
2024-02-18,Chattanooga Mocs,65.0,away,0.0,0.0,False,-17.0
2024-02-18,Northern Iowa Panthers,74.0,home,0.0,0.0,True,11.0
2024-02-18,Bradley Braves,63.0,away,0.0,0.0,False,-11.0
2024-02-18,UIC Flames,60.0,home,0.0,0.0,False,-15.0
2024-02-18,Belmont Bruins,75.0,away,0.0,0.0,True,15.0
2024-02-18,Drake Bulldogs,95.0,home,0.0,0.0,True,23.0
2024-02-18,Murray State Racers,72.0,away,0.0,0.0,False,-23.0
2024-02-18,Temple Owls,83.0,home,0.0,0.0,True,6.0
2024-02-18,UTSA Roadrunners,77.0,away,0.0,0.0,False,-6.0
2024-02-18,St. John's Red Storm,62.0,home,0.0,0.0,False,-6.0
2024-02-18,Seton Hall Pirates,68.0,away,0.0,0.0,True,6.0
2024-02-18,Illinois State Redbirds,86.0,home,0.0,0.0,True,7.0
2024-02-18,Evansville Purple Aces,79.0,away,0.0,0.0,False,-7.0
2024-02-18,Indiana Hoosiers,72.0,home,0.0,0.0,False,-4.0
2024-02-18,Northwestern Wildcats,76.0,away,0.0,0.0,True,4.0
2024-02-18,Fairfield Stags,94.0,home,0.0,0.0,True,14.0
2024-02-18,Mount St. Mary's Mountaineers,80.0,away,0.0,0.0,False,-14.0
2024-02-18,East Carolina Pirates,81.0,home,0.0,0.0,True,14.0
2024-02-18,Tulane Green Wave,67.0,away,0.0,0.0,False,-14.0
2024-02-18,Siena Saints,64.0,home,0.0,0.0,False,-9.0
2024-02-18,Canisius Golden Griffins,73.0,away,0.0,0.0,True,9.0
2024-02-18,Iona Gaels,53.0,home,0.0,0.0,False,-6.0
2024-02-18,Saint Peter's Peacocks,59.0,away,0.0,0.0,True,6.0
2024-02-18,SMU Mustangs,106.0,home,0.0,0.0,True,27.0
2024-02-18,Memphis Tigers,79.0,away,0.0,0.0,False,-27.0
2024-02-18,Manhattan Jaspers,62.0,home,0.0,0.0,False,-42.0
2024-02-18,Rider Broncs,104.0,away,0.0,0.0,True,42.0
2024-02-18,Quinnipiac Bobcats,66.0,home,0.0,0.0,False,-14.0
2024-02-18,Niagara Purple Eagles,80.0,away,0.0,0.0,True,14.0
2024-02-18,UAB Blazers,71.0,home,0.0,0.0,True,9.0
2024-02-18,North Texas Mean Green,62.0,away,0.0,0.0,False,-9.0
2024-02-18,Minnesota Golden Gophers,81.0,home,0.0,0.0,True,11.0
2024-02-18,Rutgers Scarlet Knights,70.0,away,0.0,0.0,False,-11.0
2024-02-19,UCLA Bruins,69.0,home,0.0,0.0,False,-1.0
2024-02-19,Utah Utes,70.0,away,0.0,0.0,True,1.0
2024-02-16,Purdue Boilermakers,84.0,home,0.0,0.0,True,8.0
2024-02-16,Minnesota Golden Gophers,76.0,away,0.0,0.0,False,-8.0
2024-02-16,Tulane Green Wave,79.0,home,0.0,0.0,False,-8.0
2024-02-16,SMU Mustangs,87.0,away,0.0,0.0,True,8.0
2024-02-15,Stony Brook Seawolves,93.0,home,0.0,0.0,True,20.0
2024-02-15,Hampton Pirates,73.0,away,0.0,0.0,False,-20.0
2024-02-16,William & Mary Tribe,52.0,home,0.0,0.0,False,-9.0
2024-02-16,Towson Tigers,61.0,away,0.0,0.0,True,9.0
2024-02-15,Binghamton Bearcats,78.0,home,0.0,0.0,False,-11.0
2024-02-15,UMBC Retrievers,89.0,away,0.0,0.0,True,11.0
2024-02-16,Long Island University Sharks,82.0,home,0.0,0.0,False,-2.0
2024-02-16,Fairleigh Dickinson Knights,84.0,away,0.0,0.0,True,2.0
2024-02-16,Drexel Dragons,79.0,home,0.0,0.0,True,2.0
2024-02-16,Hofstra Pride,77.0,away,0.0,0.0,False,-2.0
2024-02-16,Stonehill Skyhawks,63.0,home,0.0,0.0,False,-3.0
2024-02-16,Merrimack Warriors,66.0,away,0.0,0.0,True,3.0
2024-02-16,Saint Francis Red Flash,63.0,home,0.0,0.0,False,-2.0
2024-02-16,Wagner Seahawks,65.0,away,0.0,0.0,True,2.0
2024-02-16,Florida Atlantic Owls,80.0,home,0.0,0.0,True,12.0
2024-02-16,Temple Owls,68.0,away,0.0,0.0,False,-12.0
2024-02-15,App State Mountaineers,73.0,home,0.0,0.0,True,15.0
2024-02-15,Marshall Thundering Herd,58.0,away,0.0,0.0,False,-15.0
2024-02-16,East Carolina Pirates,68.0,home,0.0,0.0,True,13.0
2024-02-16,Wichita State Shockers,55.0,away,0.0,0.0,False,-13.0
2024-02-16,Charlotte 49ers,79.0,home,0.0,0.0,True,9.0
2024-02-16,UTSA Roadrunners,70.0,away,0.0,0.0,False,-9.0
2024-02-16,Saint Mary's Gaels,103.0,home,0.0,0.0,True,44.0
2024-02-16,Pepperdine Waves,59.0,away,0.0,0.0,False,-44.0
2024-02-15,Rutgers Scarlet Knights,63.0,home,0.0,0.0,True,3.0
2024-02-15,Northwestern Wildcats,60.0,away,0.0,0.0,False,-3.0
2024-02-16,UNC Wilmington Seahawks,73.0,home,0.0,0.0,True,19.0
2024-02-16,North Carolina A&T Aggies,54.0,away,0.0,0.0,False,-19.0
2024-02-16,Elon Phoenix,73.0,home,0.0,0.0,True,6.0
2024-02-16,Delaware Blue Hens,67.0,away,0.0,0.0,False,-6.0
2024-02-16,Le Moyne Dolphins,69.0,home,0.0,0.0,True,5.0
2024-02-16,Central Connecticut Blue Devils,64.0,away,0.0,0.0,False,-5.0
2024-02-16,Monmouth Hawks,88.0,home,0.0,0.0,True,1.0
2024-02-16,Campbell Fighting Camels,87.0,away,0.0,0.0,False,-1.0
2024-02-16,Northeastern Huskies,73.0,home,0.0,0.0,False,-4.0
2024-02-16,Charleston Cougars,77.0,away,0.0,0.0,True,4.0
2024-02-16,Coastal Carolina Chanticleers,82.0,home,0.0,0.0,True,7.0
2024-02-16,Georgia Southern Eagles,75.0,away,0.0,0.0,False,-7.0
2024-02-16,Old Dominion Monarchs,60.0,home,0.0,0.0,False,-8.0
2024-02-16,Louisiana Ragin' Cajuns,68.0,away,0.0,0.0,True,8.0
2024-02-16,UAlbany Great Danes,83.0,home,0.0,0.0,True,25.0
2024-02-16,NJIT Highlanders,58.0,away,0.0,0.0,False,-25.0
2024-02-16,Vermont Catamounts,70.0,home,0.0,0.0,True,16.0
2024-02-16,New Hampshire Wildcats,54.0,away,0.0,0.0,False,-16.0
2024-02-16,Louisiana Tech Bulldogs,63.0,home,0.0,0.0,True,5.0
2024-02-16,Jacksonville State Gamecocks,58.0,away,0.0,0.0,False,-5.0
2024-02-16,UT Rio Grande Valley Vaqueros,79.0,home,0.0,0.0,False,-8.0
2024-02-16,Abilene Christian Wildcats,87.0,away,0.0,0.0,True,8.0
2024-02-16,Radford Highlanders,69.0,home,0.0,0.0,False,-16.0
2024-02-16,Winthrop Eagles,85.0,away,0.0,0.0,True,16.0
2024-02-16,Little Rock Trojans,69.0,home,0.0,0.0,True,1.0
2024-02-16,Morehead State Eagles,68.0,away,0.0,0.0,False,-1.0
2024-02-16,Omaha Mavericks,91.0,home,0.0,0.0,True,7.0
2024-02-16,South Dakota Coyotes,84.0,away,0.0,0.0,False,-7.0
2024-02-16,Kansas City Roos,72.0,home,0.0,0.0,True,5.0
2024-02-16,South Dakota State Jackrabbits,67.0,away,0.0,0.0,False,-5.0
2024-02-16,Bryant Bulldogs,77.0,home,0.0,0.0,True,5.0
2024-02-16,Maine Black Bears,72.0,away,0.0,0.0,False,-5.0
2024-02-16,North Texas Mean Green,76.0,home,0.0,0.0,True,10.0
2024-02-16,Memphis Tigers,66.0,away,0.0,0.0,False,-10.0
2024-02-16,Western Kentucky Hilltoppers,90.0,home,0.0,0.0,True,10.0
2024-02-16,UTEP Miners,80.0,away,0.0,0.0,False,-10.0
2024-02-16,UT Arlington Mavericks,78.0,home,0.0,0.0,False,-2.0
2024-02-16,Tarleton State Texans,80.0,away,0.0,0.0,True,2.0
2024-02-16,Sam Houston Bearkats,70.0,home,0.0,0.0,True,14.0
2024-02-16,Florida International Panthers,56.0,away,0.0,0.0,False,-14.0
2024-02-16,Tennessee Tech Golden Eagles,55.0,home,0.0,0.0,False,-7.0
2024-02-16,Western Illinois Leathernecks,62.0,away,0.0,0.0,True,7.0
2024-02-16,Oral Roberts Golden Eagles,60.0,home,0.0,0.0,False,-13.0
2024-02-16,North Dakota State Bison,73.0,away,0.0,0.0,True,13.0
2024-02-16,Middle Tennessee Blue Raiders,76.0,home,0.0,0.0,True,7.0
2024-02-16,New Mexico State Aggies,69.0,away,0.0,0.0,False,-7.0
2024-02-16,South Alabama Jaguars,72.0,home,0.0,0.0,True,17.0
2024-02-16,Texas State Bobcats,55.0,away,0.0,0.0,False,-17.0
2024-02-16,James Madison Dukes,83.0,home,0.0,0.0,True,20.0
2024-02-16,Georgia State Panthers,63.0,away,0.0,0.0,False,-20.0
2024-02-16,SIU Edwardsville Cougars,91.0,home,0.0,0.0,True,28.0
2024-02-16,Lindenwood Lions,63.0,away,0.0,0.0,False,-28.0
2024-02-16,UT Martin Skyhawks,77.0,home,0.0,0.0,True,9.0
2024-02-16,Southern Indiana Screaming Eagles,68.0,away,0.0,0.0,False,-9.0
2024-02-16,Eastern Illinois Panthers,75.0,home,0.0,0.0,True,18.0
2024-02-16,Southeast Missouri State Redhawks,57.0,away,0.0,0.0,False,-18.0
2024-02-16,Troy Trojans,71.0,home,0.0,0.0,False,-11.0
2024-02-16,Arkansas State Red Wolves,82.0,away,0.0,0.0,True,11.0
2024-02-16,Southern Miss Golden Eagles,59.0,home,0.0,0.0,False,-9.0
2024-02-16,UL Monroe Warhawks,68.0,away,0.0,0.0,True,9.0
2024-02-16,Central Arkansas Bears,67.0,home,0.0,0.0,False,-10.0
2024-02-16,Austin Peay Governors,77.0,away,0.0,0.0,True,10.0
2024-02-16,Washington Huskies,85.0,home,0.0,0.0,True,20.0
2024-02-16,Stanford Cardinal,65.0,away,0.0,0.0,False,-20.0
2024-02-16,North Alabama Lions,75.0,home,0.0,0.0,True,5.0
2024-02-16,Lipscomb Bisons,70.0,away,0.0,0.0,False,-5.0
2024-02-16,UCLA Bruins,64.0,home,0.0,0.0,True,4.0
2024-02-16,Colorado Buffaloes,60.0,away,0.0,0.0,False,-4.0
2024-02-16,Denver Pioneers,78.0,home,0.0,0.0,False,-14.0
2024-02-16,North Dakota Fighting Hawks,92.0,away,0.0,0.0,True,14.0
2024-02-16,Grand Canyon Lopes,73.0,home,0.0,0.0,True,12.0
2024-02-16,Utah Tech Trailblazers,61.0,away,0.0,0.0,False,-12.0
2024-02-16,Loyola Marymount Lions,74.0,home,0.0,0.0,False,-17.0
2024-02-16,Gonzaga Bulldogs,91.0,away,0.0,0.0,True,17.0
2024-02-16,Sacramento State Hornets,58.0,home,0.0,0.0,False,-15.0
2024-02-16,Northern Arizona Lumberjacks,73.0,away,0.0,0.0,True,15.0
2024-02-16,Washington State Cougars,84.0,home,0.0,0.0,True,19.0
2024-02-16,California Golden Bears,65.0,away,0.0,0.0,False,-19.0
2024-02-16,Idaho Vandals,69.0,home,0.0,0.0,False,-1.0
2024-02-16,Weber State Wildcats,70.0,away,0.0,0.0,True,1.0
2024-02-16,Southern Utah Thunderbirds,68.0,home,0.0,0.0,False,-10.0
2024-02-16,Seattle U Redhawks,78.0,away,0.0,0.0,True,10.0
2024-02-16,Santa Clara Broncos,79.0,home,0.0,0.0,True,26.0
2024-02-16,Pacific Tigers,53.0,away,0.0,0.0,False,-26.0
2024-02-16,UC Davis Aggies,74.0,home,0.0,0.0,False,-4.0
2024-02-16,Long Beach State Beach,78.0,away,0.0,0.0,True,4.0
2024-02-16,Eastern Washington Eagles,88.0,home,0.0,0.0,True,6.0
2024-02-16,Idaho State Bengals,82.0,away,0.0,0.0,False,-6.0
2024-02-16,San Diego Toreros,71.0,home,0.0,0.0,True,5.0
2024-02-16,Portland Pilots,66.0,away,0.0,0.0,False,-5.0
2024-02-16,California Baptist Lancers,46.0,home,0.0,0.0,False,-23.0
2024-02-16,Utah Valley Wolverines,69.0,away,0.0,0.0,True,23.0
2024-02-16,Cal State Bakersfield Roadrunners,71.0,home,0.0,0.0,False,-5.0
2024-02-16,Cal State Northridge Matadors,76.0,away,0.0,0.0,True,5.0
2024-02-16,Cal Poly Mustangs,51.0,home,0.0,0.0,False,-29.0
2024-02-16,Hawai'i Rainbow Warriors,80.0,away,0.0,0.0,True,29.0
2024-02-16,Cal State Fullerton Titans,73.0,home,0.0,0.0,False,-8.0
2024-02-16,UC Riverside Highlanders,81.0,away,0.0,0.0,True,8.0
2024-02-16,UC San Diego Tritons,61.0,home,0.0,0.0,True,15.0
2024-02-16,UC Santa Barbara Gauchos,46.0,away,0.0,0.0,False,-15.0
2024-02-16,Portland State Vikings,82.0,home,0.0,0.0,True,10.0
2024-02-16,Northern Colorado Bears,72.0,away,0.0,0.0,False,-10.0
2024-02-16,USC Trojans,68.0,home,0.0,0.0,True,4.0
2024-02-16,Utah Utes,64.0,away,0.0,0.0,False,-4.0
2024-02-21,Creighton Bluejays,85.0,home,0.0,0.0,True,19.0
2024-02-21,UConn Huskies,66.0,away,0.0,0.0,False,-19.0
2024-02-21,Florida State Seminoles,84.0,home,0.0,0.0,True,8.0
2024-02-21,Boston College Eagles,76.0,away,0.0,0.0,False,-8.0
2024-02-21,Missouri Tigers,67.0,home,0.0,0.0,False,-5.0
2024-02-21,Tennessee Volunteers,72.0,away,0.0,0.0,True,5.0
2024-02-21,Saint Mary's Gaels,70.0,home,0.0,0.0,True,4.0
2024-02-21,San Francisco Dons,66.0,away,0.0,0.0,False,-4.0
2024-02-21,Texas Tech Red Raiders,82.0,home,0.0,0.0,True,1.0
2024-02-21,TCU Horned Frogs,81.0,away,0.0,0.0,False,-1.0
2024-02-21,Central Michigan Chippewas,62.0,home,0.0,0.0,True,2.0
2024-02-21,Bowling Green Falcons,60.0,away,0.0,0.0,False,-2.0
2024-02-21,Western Michigan Broncos,77.0,home,0.0,0.0,True,19.0
2024-02-21,Miami (OH) RedHawks,58.0,away,0.0,0.0,False,-19.0
2024-02-21,Duquesne Dukes,81.0,home,0.0,0.0,True,15.0
2024-02-21,Saint Louis Billikens,66.0,away,0.0,0.0,False,-15.0
2024-02-21,Buffalo Bulls,78.0,home,0.0,0.0,True,9.0
2024-02-21,Eastern Michigan Eagles,69.0,away,0.0,0.0,False,-9.0
2024-02-21,Michigan State Spartans,71.0,home,0.0,0.0,False,-7.0
2024-02-21,Iowa Hawkeyes,78.0,away,0.0,0.0,True,7.0
2024-02-20,Villanova Wildcats,72.0,home,0.0,0.0,True,10.0
2024-02-20,Butler Bulldogs,62.0,away,0.0,0.0,False,-10.0
2024-02-21,BYU Cougars,78.0,home,0.0,0.0,True,7.0
2024-02-21,Baylor Bears,71.0,away,0.0,0.0,False,-7.0
2024-02-21,Massachusetts Minutemen,74.0,home,0.0,0.0,True,22.0
2024-02-21,VCU Rams,52.0,away,0.0,0.0,False,-22.0
2024-02-21,Ohio Bobcats,63.0,home,0.0,0.0,True,6.0
2024-02-21,Kent State Golden Flashes,57.0,away,0.0,0.0,False,-6.0
2024-02-21,West Virginia Mountaineers,77.0,home,0.0,0.0,True,10.0
2024-02-21,UCF Knights,67.0,away,0.0,0.0,False,-10.0
2024-02-21,NC State Wolfpack,83.0,home,0.0,0.0,False,-4.0
2024-02-21,Syracuse Orange,87.0,away,0.0,0.0,True,4.0
2024-02-21,Texas A&M Aggies,71.0,home,0.0,0.0,False,-7.0
2024-02-21,Arkansas Razorbacks,78.0,away,0.0,0.0,True,7.0
2024-02-21,Davidson Wildcats,68.0,home,0.0,0.0,True,15.0
2024-02-21,Fordham Rams,53.0,away,0.0,0.0,False,-15.0
2024-02-21,Toledo Rockets,72.0,home,0.0,0.0,True,8.0
2024-02-21,Akron Zips,64.0,away,0.0,0.0,False,-8.0
2024-02-21,Utah State Aggies,68.0,home,0.0,0.0,True,5.0
2024-02-21,San Diego State Aztecs,63.0,away,0.0,0.0,False,-5.0
2024-02-21,Northern Illinois Huskies,63.0,home,0.0,0.0,False,-7.0
2024-02-21,Ball State Cardinals,70.0,away,0.0,0.0,True,7.0
2024-02-21,Morehead State Eagles,73.0,home,0.0,0.0,False,-7.0
2024-02-21,Southern Indiana Screaming Eagles,80.0,away,0.0,0.0,True,7.0
2024-02-21,Wake Forest Demon Deacons,91.0,home,0.0,0.0,True,33.0
2024-02-21,Pittsburgh Panthers,58.0,away,0.0,0.0,False,-33.0
2024-02-21,Nevada Wolf Pack,76.0,home,0.0,0.0,True,18.0
2024-02-21,Wyoming Cowboys,58.0,away,0.0,0.0,False,-18.0
2024-02-21,Wisconsin Badgers,74.0,home,0.0,0.0,True,4.0
2024-02-21,Maryland Terrapins,70.0,away,0.0,0.0,False,-4.0
2024-02-21,Boise State Broncos,82.0,home,0.0,0.0,True,32.0
2024-02-21,San José State Spartans,50.0,away,0.0,0.0,False,-32.0
2024-02-24,Jacksonville Dolphins,62.0,home,0.0,0.0,True,12.0
2024-02-24,North Florida Ospreys,50.0,away,0.0,0.0,False,-12.0
2024-02-23,Akron Zips,83.0,home,0.0,0.0,True,13.0
2024-02-23,Kent State Golden Flashes,70.0,away,0.0,0.0,False,-13.0
2024-02-24,Mount St. Mary's Mountaineers,65.0,home,0.0,0.0,False,-5.0
2024-02-24,Saint Peter's Peacocks,70.0,away,0.0,0.0,True,5.0
2024-02-24,Rider Broncs,78.0,home,0.0,0.0,True,3.0
2024-02-24,Iona Gaels,75.0,away,0.0,0.0,False,-3.0
2024-02-24,Quinnipiac Bobcats,81.0,home,0.0,0.0,False,-4.0
2024-02-24,Fairfield Stags,85.0,away,0.0,0.0,True,4.0
2024-02-24,Fordham Rams,79.0,home,0.0,0.0,True,12.0
2024-02-24,Duquesne Dukes,67.0,away,0.0,0.0,False,-12.0
2024-02-24,Milwaukee Panthers,80.0,home,0.0,0.0,False,-4.0
2024-02-24,Youngstown State Penguins,84.0,away,0.0,0.0,True,4.0
2024-02-24,Cornell Big Red,65.0,home,0.0,0.0,True,3.0
2024-02-24,Yale Bulldogs,62.0,away,0.0,0.0,False,-3.0
2024-02-24,Manhattan Jaspers,50.0,home,0.0,0.0,False,-7.0
2024-02-24,Marist Red Foxes,57.0,away,0.0,0.0,True,7.0
2024-02-24,Green Bay Phoenix,59.0,home,0.0,0.0,False,-26.0
2024-02-24,Purdue Fort Wayne Mastodons,85.0,away,0.0,0.0,True,26.0
2024-02-24,Canisius Golden Griffins,69.0,home,0.0,0.0,True,10.0
2024-02-24,Niagara Purple Eagles,59.0,away,0.0,0.0,False,-10.0
2024-02-24,Harvard Crimson,53.0,home,0.0,0.0,False,-13.0
2024-02-24,Princeton Tigers,66.0,away,0.0,0.0,True,13.0
2024-02-24,Columbia Lions,64.0,home,0.0,0.0,False,-2.0
2024-02-24,Brown Bears,66.0,away,0.0,0.0,True,2.0
2024-02-24,Dartmouth Big Green,69.0,home,0.0,0.0,False,-13.0
2024-02-24,Pennsylvania Quakers,82.0,away,0.0,0.0,True,13.0
2024-02-24,Bowling Green Falcons,76.0,home,0.0,0.0,True,8.0
2024-02-24,Toledo Rockets,68.0,away,0.0,0.0,False,-8.0
2024-02-24,San José State Spartans,63.0,home,0.0,0.0,False,-21.0
2024-02-24,Nevada Wolf Pack,84.0,away,0.0,0.0,True,21.0
2024-02-27,Bethune-Cookman Wildcats,90.0,home,0.0,0.0,True,6.0
2024-02-27,Alabama State Hornets,84.0,away,0.0,0.0,False,-6.0
2024-02-26,Delaware Blue Hens,60.0,home,0.0,0.0,False,-10.0
2024-02-26,Drexel Dragons,70.0,away,0.0,0.0,True,10.0
2024-02-27,Arkansas-Pine Bluff Golden Lions,70.0,home,0.0,0.0,False,-7.0
2024-02-27,Texas Southern Tigers,77.0,away,0.0,0.0,True,7.0
2024-02-27,Florida A&M Rattlers,76.0,home,0.0,0.0,True,18.0
2024-02-27,Alabama A&M Bulldogs,58.0,away,0.0,0.0,False,-18.0
2024-02-27,Kansas State Wildcats,94.0,home,0.0,0.0,True,4.0
2024-02-27,West Virginia Mountaineers,90.0,away,0.0,0.0,False,-4.0
2024-02-27,North Carolina Central Eagles,93.0,home,0.0,0.0,True,12.0
2024-02-27,Delaware State Hornets,81.0,away,0.0,0.0,False,-12.0
2024-02-27,Nicholls Colonels,92.0,home,0.0,0.0,True,10.0
2024-02-27,Incarnate Word Cardinals,82.0,away,0.0,0.0,False,-10.0
2024-02-27,Lamar Cardinals,56.0,home,0.0,0.0,False,-2.0
2024-02-27,McNeese Cowboys,58.0,away,0.0,0.0,True,2.0
2024-02-27,Houston Christian Huskies,79.0,home,0.0,0.0,False,-12.0
2024-02-27,Texas A&M-Corpus Christi Islanders,91.0,away,0.0,0.0,True,12.0
2024-02-27,Mississippi Valley State Delta Devils,57.0,home,0.0,0.0,True,6.0
2024-02-27,Prairie View A&M Panthers,51.0,away,0.0,0.0,False,-6.0
2024-02-27,North Carolina Tar Heels,75.0,home,0.0,0.0,True,4.0
2024-02-27,Miami Hurricanes,71.0,away,0.0,0.0,False,-4.0
2024-02-27,Morgan State Bears,82.0,home,0.0,0.0,False,-3.0
2024-02-27,Norfolk State Spartans,85.0,away,0.0,0.0,True,3.0
2024-02-27,TCU Horned Frogs,54.0,home,0.0,0.0,False,-8.0
2024-02-27,Baylor Bears,62.0,away,0.0,0.0,True,8.0
2024-02-27,South Carolina State Bulldogs,64.0,home,0.0,0.0,True,8.0
2024-02-27,Maryland Eastern Shore Hawks,56.0,away,0.0,0.0,False,-8.0
2024-02-27,Campbell Fighting Camels,105.0,home,0.0,0.0,True,5.0
2024-02-27,UNC Wilmington Seahawks,100.0,away,0.0,0.0,False,-5.0
2024-02-27,Howard Bison,78.0,home,0.0,0.0,True,9.0
2024-02-27,Coppin State Eagles,69.0,away,0.0,0.0,False,-9.0
2024-02-10,Miami Hurricanes,72.0,home,0.0,0.0,False,-3.0
2024-02-10,North Carolina Tar Heels,75.0,away,0.0,0.0,True,3.0
2024-02-11,Purdue Boilermakers,79.0,home,0.0,0.0,True,20.0
2024-02-11,Indiana Hoosiers,59.0,away,0.0,0.0,False,-20.0
2024-02-10,Cincinnati Bearcats,62.0,home,0.0,0.0,False,-5.0
2024-02-10,Houston Cougars,67.0,away,0.0,0.0,True,5.0
2024-02-10,Florida Gators,81.0,home,0.0,0.0,True,16.0
2024-02-10,Auburn Tigers,65.0,away,0.0,0.0,False,-16.0
2024-02-11,Texas A&M Aggies,85.0,home,0.0,0.0,True,16.0
2024-02-11,Tennessee Volunteers,69.0,away,0.0,0.0,False,-16.0
2024-02-10,Kentucky Wildcats,85.0,home,0.0,0.0,False,-4.0
2024-02-10,Gonzaga Bulldogs,89.0,away,0.0,0.0,True,4.0
2024-02-11,Utah State Aggies,80.0,home,0.0,0.0,True,19.0
2024-02-11,Boise State Broncos,61.0,away,0.0,0.0,False,-19.0
2024-02-10,LSU Tigers,92.0,home,0.0,0.0,False,-17.0
2024-02-10,Alabama Crimson Tide,109.0,away,0.0,0.0,True,17.0
2024-02-10,Georgetown Hoyas,64.0,home,0.0,0.0,False,-25.0
2024-02-10,UConn Huskies,89.0,away,0.0,0.0,True,25.0
2024-02-11,Colorado Buffaloes,79.0,home,0.0,0.0,False,-20.0
2024-02-11,Arizona Wildcats,99.0,away,0.0,0.0,True,20.0
2024-02-10,Marquette Golden Eagles,86.0,home,0.0,0.0,True,11.0
2024-02-10,St. John's Red Storm,75.0,away,0.0,0.0,False,-11.0
2024-02-10,Duke Blue Devils,80.0,home,0.0,0.0,True,15.0
2024-02-10,Boston College Eagles,65.0,away,0.0,0.0,False,-15.0
2024-02-10,South Carolina Gamecocks,75.0,home,0.0,0.0,True,15.0
2024-02-10,Vanderbilt Commodores,60.0,away,0.0,0.0,False,-15.0
2024-02-11,BYU Cougars,72.0,home,0.0,0.0,True,6.0
2024-02-11,Kansas State Wildcats,66.0,away,0.0,0.0,False,-6.0
2024-02-10,Kansas Jayhawks,64.0,home,0.0,0.0,True,3.0
2024-02-10,Baylor Bears,61.0,away,0.0,0.0,False,-3.0
2024-02-10,Xavier Musketeers,71.0,home,0.0,0.0,False,-7.0
2024-02-10,Creighton Bluejays,78.0,away,0.0,0.0,True,7.0
2024-02-10,Michigan State Spartans,88.0,home,0.0,0.0,True,8.0
2024-02-10,Illinois Fighting Illini,80.0,away,0.0,0.0,False,-8.0
2024-02-10,Iowa State Cyclones,71.0,home,0.0,0.0,True,12.0
2024-02-10,TCU Horned Frogs,59.0,away,0.0,0.0,False,-12.0
2024-02-10,Rutgers Scarlet Knights,78.0,home,0.0,0.0,True,22.0
2024-02-10,Wisconsin Badgers,56.0,away,0.0,0.0,False,-22.0
2024-02-10,Texas Tech Red Raiders,66.0,home,0.0,0.0,True,7.0
2024-02-10,UCF Knights,59.0,away,0.0,0.0,False,-7.0
2024-02-11,New Mexico Lobos,77.0,home,0.0,0.0,False,-3.0
2024-02-11,UNLV Rebels,80.0,away,0.0,0.0,True,3.0
2024-02-10,George Washington Revolutionaries,73.0,home,0.0,0.0,False,-8.0
2024-02-10,Loyola Chicago Ramblers,81.0,away,0.0,0.0,True,8.0
2024-02-10,IU Indianapolis Jaguars,65.0,home,0.0,0.0,False,-27.0
2024-02-10,Purdue Fort Wayne Mastodons,92.0,away,0.0,0.0,True,27.0
2024-02-10,Saint Joseph's Hawks,87.0,home,0.0,0.0,True,1.0
2024-02-10,Saint Louis Billikens,86.0,away,0.0,0.0,False,-1.0
2024-02-10,Western Illinois Leathernecks,59.0,home,0.0,0.0,False,-3.0
2024-02-10,UT Martin Skyhawks,62.0,away,0.0,0.0,True,3.0
2024-02-10,Syracuse Orange,68.0,home,0.0,0.0,False,-9.0
2024-02-10,Clemson Tigers,77.0,away,0.0,0.0,True,9.0
2024-02-10,UMBC Retrievers,70.0,home,0.0,0.0,False,-2.0
2024-02-10,Vermont Catamounts,72.0,away,0.0,0.0,True,2.0
2024-02-10,VMI Keydets,63.0,home,0.0,0.0,False,-39.0
2024-02-10,Samford Bulldogs,102.0,away,0.0,0.0,True,39.0
2024-02-10,Brown Bears,69.0,home,0.0,0.0,False,-14.0
2024-02-10,Columbia Lions,83.0,away,0.0,0.0,True,14.0
2024-02-10,App State Mountaineers,109.0,home,0.0,0.0,True,5.0
2024-02-10,Toledo Rockets,104.0,away,0.0,0.0,False,-5.0
2024-02-10,Gardner-Webb Runnin' Bulldogs,62.0,home,0.0,0.0,False,-16.0
2024-02-10,High Point Panthers,78.0,away,0.0,0.0,True,16.0
2024-02-10,Old Dominion Monarchs,57.0,home,0.0,0.0,False,-1.0
2024-02-10,Central Michigan Chippewas,58.0,away,0.0,0.0,True,1.0
2024-02-10,Central Connecticut Blue Devils,71.0,home,0.0,0.0,True,9.0
2024-02-10,Fairleigh Dickinson Knights,62.0,away,0.0,0.0,False,-9.0
2024-02-10,Army Black Knights,69.0,home,0.0,0.0,True,2.0
2024-02-10,Navy Midshipmen,67.0,away,0.0,0.0,False,-2.0
2024-02-10,Canisius Golden Griffins,73.0,home,0.0,0.0,True,4.0
2024-02-10,Iona Gaels,69.0,away,0.0,0.0,False,-4.0
2024-02-10,Youngstown State Penguins,83.0,home,0.0,0.0,False,-1.0
2024-02-10,Green Bay Phoenix,84.0,away,0.0,0.0,True,1.0
2024-02-10,Northeastern Huskies,77.0,home,0.0,0.0,True,12.0
2024-02-10,Monmouth Hawks,65.0,away,0.0,0.0,False,-12.0
2024-02-10,Southern Miss Golden Eagles,86.0,home,0.0,0.0,True,32.0
2024-02-10,Western Michigan Broncos,54.0,away,0.0,0.0,False,-32.0
2024-02-10,Missouri State Bears,71.0,home,0.0,0.0,False,-2.0
2024-02-10,Indiana State Sycamores,73.0,away,0.0,0.0,True,2.0
2024-02-10,Georgia State Panthers,73.0,home,0.0,0.0,True,20.0
2024-02-10,Miami (OH) RedHawks,53.0,away,0.0,0.0,False,-20.0
2024-02-10,Hampton Pirates,65.0,home,0.0,0.0,False,-30.0
2024-02-10,UNC Wilmington Seahawks,95.0,away,0.0,0.0,True,30.0
2024-02-10,Campbell Fighting Camels,95.0,home,0.0,0.0,True,18.0
2024-02-10,Stony Brook Seawolves,77.0,away,0.0,0.0,False,-18.0
2024-02-10,Holy Cross Crusaders,58.0,home,0.0,0.0,True,2.0
2024-02-10,American University Eagles,56.0,away,0.0,0.0,False,-2.0
2024-02-10,Saint Peter's Peacocks,62.0,home,0.0,0.0,False,-2.0
2024-02-10,Fairfield Stags,64.0,away,0.0,0.0,True,2.0
2024-02-10,St. Bonaventure Bonnies,69.0,home,0.0,0.0,False,-6.0
2024-02-10,Duquesne Dukes,75.0,away,0.0,0.0,True,6.0
2024-02-10,Butler Bulldogs,75.0,home,0.0,0.0,True,3.0
2024-02-10,Providence Friars,72.0,away,0.0,0.0,False,-3.0
2024-02-10,North Carolina A&T Aggies,49.0,home,0.0,0.0,False,-32.0
2024-02-10,Hofstra Pride,81.0,away,0.0,0.0,True,32.0
2024-02-10,Richmond Spiders,82.0,home,0.0,0.0,True,17.0
2024-02-10,La Salle Explorers,65.0,away,0.0,0.0,False,-17.0
2024-02-10,Yale Bulldogs,80.0,home,0.0,0.0,True,2.0
2024-02-10,Cornell Big Red,78.0,away,0.0,0.0,False,-2.0
2024-02-10,Robert Morris Colonials,71.0,home,0.0,0.0,True,11.0
2024-02-10,Milwaukee Panthers,60.0,away,0.0,0.0,False,-11.0
2024-02-10,Bucknell Bison,62.0,home,0.0,0.0,False,-15.0
2024-02-10,Boston University Terriers,77.0,away,0.0,0.0,True,15.0
2024-02-10,North Dakota Fighting Hawks,47.0,home,0.0,0.0,False,-18.0
2024-02-10,Kansas City Roos,65.0,away,0.0,0.0,True,18.0
2024-02-10,Davidson Wildcats,55.0,home,0.0,0.0,False,-2.0
2024-02-10,George Mason Patriots,57.0,away,0.0,0.0,True,2.0
2024-02-10,Binghamton Bearcats,69.0,home,0.0,0.0,False,-1.0
2024-02-10,Bryant Bulldogs,70.0,away,0.0,0.0,True,1.0
2024-02-10,Harvard Crimson,77.0,home,0.0,0.0,True,18.0
2024-02-10,Dartmouth Big Green,59.0,away,0.0,0.0,False,-18.0
2024-02-10,North Dakota State Bison,81.0,home,0.0,0.0,True,2.0
2024-02-10,Omaha Mavericks,79.0,away,0.0,0.0,False,-2.0
2024-02-10,East Texas A&M Lions,89.0,home,0.0,0.0,True,6.0
2024-02-10,New Orleans Privateers,83.0,away,0.0,0.0,False,-6.0
2024-02-10,North Florida Ospreys,77.0,home,0.0,0.0,False,-2.0
2024-02-10,Central Arkansas Bears,79.0,away,0.0,0.0,True,2.0
2024-02-10,Florida International Panthers,66.0,home,0.0,0.0,False,-2.0
2024-02-10,Middle Tennessee Blue Raiders,68.0,away,0.0,0.0,True,2.0
2024-02-10,Arkansas State Red Wolves,100.0,home,0.0,0.0,True,13.0
2024-02-10,Ohio Bobcats,87.0,away,0.0,0.0,False,-13.0
2024-02-10,Georgia Southern Eagles,81.0,home,0.0,0.0,False,-1.0
2024-02-10,Buffalo Bulls,82.0,away,0.0,0.0,True,1.0
2024-02-10,UL Monroe Warhawks,82.0,home,0.0,0.0,True,6.0
2024-02-10,Eastern Michigan Eagles,76.0,away,0.0,0.0,False,-6.0
2024-02-10,South Alabama Jaguars,75.0,home,0.0,0.0,True,9.0
2024-02-10,Northern Illinois Huskies,66.0,away,0.0,0.0,False,-9.0
2024-02-10,Merrimack Warriors,66.0,home,0.0,0.0,True,16.0
2024-02-10,Le Moyne Dolphins,50.0,away,0.0,0.0,False,-16.0
2024-02-10,Rice Owls,65.0,home,0.0,0.0,False,-4.0
2024-02-10,South Florida Bulls,69.0,away,0.0,0.0,True,4.0
2024-02-10,Texas Longhorns,94.0,home,0.0,0.0,True,36.0
2024-02-10,West Virginia Mountaineers,58.0,away,0.0,0.0,False,-36.0
2024-02-10,Longwood Lancers,84.0,home,0.0,0.0,True,10.0
2024-02-10,Winthrop Eagles,74.0,away,0.0,0.0,False,-10.0
2024-02-10,South Carolina State Bulldogs,78.0,home,0.0,0.0,True,23.0
2024-02-10,Chicago State Cougars,55.0,away,0.0,0.0,False,-23.0
2024-02-10,Western Carolina Catamounts,79.0,home,0.0,0.0,True,33.0
2024-02-10,Mercer Bears,46.0,away,0.0,0.0,False,-33.0
2024-02-10,Air Force Falcons,66.0,home,0.0,0.0,False,-2.0
2024-02-10,Fresno State Bulldogs,68.0,away,0.0,0.0,True,2.0
2024-02-10,Arkansas-Pine Bluff Golden Lions,56.0,home,0.0,0.0,False,-12.0
2024-02-10,Alcorn State Braves,68.0,away,0.0,0.0,True,12.0
2024-02-10,Jacksonville Dolphins,67.0,home,0.0,0.0,True,4.0
2024-02-10,North Alabama Lions,63.0,away,0.0,0.0,False,-4.0
2024-02-10,Wake Forest Demon Deacons,83.0,home,0.0,0.0,True,4.0
2024-02-10,NC State Wolfpack,79.0,away,0.0,0.0,False,-4.0
2024-02-10,UT Arlington Mavericks,71.0,home,0.0,0.0,True,8.0
2024-02-10,Stephen F. Austin Lumberjacks,63.0,away,0.0,0.0,False,-8.0
2024-02-10,UTSA Roadrunners,73.0,home,0.0,0.0,False,-11.0
2024-02-10,East Carolina Pirates,84.0,away,0.0,0.0,True,11.0
2024-02-10,Murray State Racers,73.0,home,0.0,0.0,True,3.0
2024-02-10,Evansville Purple Aces,70.0,away,0.0,0.0,False,-3.0
2024-02-10,Charleston Cougars,80.0,home,0.0,0.0,True,10.0
2024-02-10,Drexel Dragons,70.0,away,0.0,0.0,False,-10.0
2024-02-10,Valparaiso Beacons,78.0,home,0.0,0.0,False,-18.0
2024-02-10,Belmont Bruins,96.0,away,0.0,0.0,True,18.0
2024-02-10,Maryland Eastern Shore Hawks,88.0,home,0.0,0.0,True,33.0
2024-02-10,Bryn Athyn Lions,55.0,away,0.0,0.0,False,-33.0
2024-02-10,Morehead State Eagles,69.0,home,0.0,0.0,True,12.0
2024-02-10,Eastern Illinois Panthers,57.0,away,0.0,0.0,False,-12.0
2024-02-10,South Carolina Upstate Spartans,64.0,home,0.0,0.0,False,-13.0
2024-02-10,UNC Asheville Bulldogs,77.0,away,0.0,0.0,True,13.0
2024-02-10,Delaware Blue Hens,69.0,home,0.0,0.0,True,11.0
2024-02-10,William & Mary Tribe,58.0,away,0.0,0.0,False,-11.0
2024-02-10,Ohio State Buckeyes,79.0,home,0.0,0.0,True,4.0
2024-02-10,Maryland Terrapins,75.0,away,0.0,0.0,False,-4.0
2024-02-10,UNC Greensboro Spartans,61.0,home,0.0,0.0,False,-28.0
2024-02-10,Chattanooga Mocs,89.0,away,0.0,0.0,True,28.0
2024-02-10,Saint Francis Red Flash,72.0,home,0.0,0.0,True,9.0
2024-02-10,Stonehill Skyhawks,63.0,away,0.0,0.0,False,-9.0
2024-02-10,Northern Kentucky Norse,79.0,home,0.0,0.0,True,12.0
2024-02-10,Detroit Mercy Titans,67.0,away,0.0,0.0,False,-12.0
2024-02-10,NJIT Highlanders,71.0,home,0.0,0.0,True,7.0
2024-02-10,UMass Lowell River Hawks,64.0,away,0.0,0.0,False,-7.0
2024-02-10,Utah Valley Wolverines,74.0,home,0.0,0.0,True,29.0
2024-02-10,Abilene Christian Wildcats,45.0,away,0.0,0.0,False,-29.0
2024-02-10,South Dakota State Jackrabbits,83.0,home,0.0,0.0,True,11.0
2024-02-10,Oral Roberts Golden Eagles,72.0,away,0.0,0.0,False,-11.0
2024-02-10,Florida A&M Rattlers,75.0,home,0.0,0.0,False,-3.0
2024-02-10,Texas Southern Tigers,78.0,away,0.0,0.0,True,3.0
2024-02-10,Northern Colorado Bears,87.0,home,0.0,0.0,True,16.0
2024-02-10,Montana Grizzlies,71.0,away,0.0,0.0,False,-16.0
2024-02-10,Northern Arizona Lumberjacks,76.0,home,0.0,0.0,True,5.0
2024-02-10,Montana State Bobcats,71.0,away,0.0,0.0,False,-5.0
2024-02-10,Northwestern State Demons,59.0,home,0.0,0.0,False,-10.0
2024-02-10,SE Louisiana Lions,69.0,away,0.0,0.0,True,10.0
2024-02-10,Mount St. Mary's Mountaineers,96.0,home,0.0,0.0,True,17.0
2024-02-10,Quinnipiac Bobcats,79.0,away,0.0,0.0,False,-17.0
2024-02-10,Bethune-Cookman Wildcats,84.0,home,0.0,0.0,True,6.0
2024-02-10,Prairie View A&M Panthers,78.0,away,0.0,0.0,False,-6.0
2024-02-10,Cal State Bakersfield Roadrunners,73.0,home,0.0,0.0,True,2.0
2024-02-10,Cal State Fullerton Titans,71.0,away,0.0,0.0,False,-2.0
2024-02-10,Houston Christian Huskies,86.0,home,0.0,0.0,True,3.0
2024-02-10,Incarnate Word Cardinals,83.0,away,0.0,0.0,False,-3.0
2024-02-10,Troy Trojans,78.0,home,0.0,0.0,True,10.0
2024-02-10,Kent State Golden Flashes,68.0,away,0.0,0.0,False,-10.0
2024-02-10,Presbyterian Blue Hose,76.0,home,0.0,0.0,True,3.0
2024-02-10,Radford Highlanders,73.0,away,0.0,0.0,False,-3.0
2024-02-10,Lindenwood Lions,53.0,home,0.0,0.0,False,-9.0
2024-02-10,Tennessee Tech Golden Eagles,62.0,away,0.0,0.0,True,9.0
2024-02-10,Southeast Missouri State Redhawks,74.0,home,0.0,0.0,False,-3.0
2024-02-10,Tennessee State Tigers,77.0,away,0.0,0.0,True,3.0
2024-02-10,Stetson Hatters,87.0,home,0.0,0.0,True,8.0
2024-02-10,Eastern Kentucky Colonels,79.0,away,0.0,0.0,False,-8.0
2024-02-10,Texas State Bobcats,68.0,home,0.0,0.0,True,8.0
2024-02-10,Ball State Cardinals,60.0,away,0.0,0.0,False,-8.0
2024-02-10,McNeese Cowboys,74.0,home,0.0,0.0,True,7.0
2024-02-10,Texas A&M-Corpus Christi Islanders,67.0,away,0.0,0.0,False,-7.0
2024-02-10,Oregon Ducks,56.0,home,0.0,0.0,False,-6.0
2024-02-10,Washington State Cougars,62.0,away,0.0,0.0,True,6.0
2024-02-10,Grambling Tigers,74.0,home,0.0,0.0,True,6.0
2024-02-10,Alabama State Hornets,68.0,away,0.0,0.0,False,-6.0
2024-02-10,California Golden Bears,60.0,home,0.0,0.0,False,-1.0
2024-02-10,UCLA Bruins,61.0,away,0.0,0.0,True,1.0
2024-02-10,Jacksonville State Gamecocks,59.0,home,0.0,0.0,False,-11.0
2024-02-10,Western Kentucky Hilltoppers,70.0,away,0.0,0.0,True,11.0
2024-02-10,Bradley Braves,67.0,home,0.0,0.0,False,-7.0
2024-02-10,Drake Bulldogs,74.0,away,0.0,0.0,True,7.0
2024-02-10,Utah Tech Trailblazers,85.0,home,0.0,0.0,True,7.0
2024-02-10,California Baptist Lancers,78.0,away,0.0,0.0,False,-7.0
2024-02-10,James Madison Dukes,73.0,home,0.0,0.0,True,14.0
2024-02-10,Akron Zips,59.0,away,0.0,0.0,False,-14.0
2024-02-10,Loyola Maryland Greyhounds,62.0,home,0.0,0.0,False,-14.0
2024-02-10,Colgate Raiders,76.0,away,0.0,0.0,True,14.0
2024-02-10,Denver Pioneers,94.0,home,0.0,0.0,True,17.0
2024-02-10,St. Thomas-Minnesota Tommies,77.0,away,0.0,0.0,False,-17.0
2024-02-10,East Tennessee State Buccaneers,63.0,home,0.0,0.0,False,-2.0
2024-02-10,Furman Paladins,65.0,away,0.0,0.0,True,2.0
2024-02-10,Austin Peay Governors,79.0,home,0.0,0.0,True,3.0
2024-02-10,Queens University Royals,76.0,away,0.0,0.0,False,-3.0
2024-02-10,Lipscomb Bisons,101.0,home,0.0,0.0,True,6.0
2024-02-10,Kennesaw State Owls,95.0,away,0.0,0.0,False,-6.0
2024-02-10,Princeton Tigers,77.0,home,0.0,0.0,True,7.0
2024-02-10,Pennsylvania Quakers,70.0,away,0.0,0.0,False,-7.0
2024-02-10,Notre Dame Fighting Irish,74.0,home,0.0,0.0,True,8.0
2024-02-10,Virginia Tech Hokies,66.0,away,0.0,0.0,False,-8.0
2024-02-10,Arkansas Razorbacks,78.0,home,0.0,0.0,True,3.0
2024-02-10,Georgia Bulldogs,75.0,away,0.0,0.0,False,-3.0
2024-02-10,Seattle U Redhawks,77.0,home,0.0,0.0,False,-5.0
2024-02-10,Tarleton State Texans,82.0,away,0.0,0.0,True,5.0
2024-02-10,Louisville Cardinals,79.0,home,0.0,0.0,True,12.0
2024-02-10,Georgia Tech Yellow Jackets,67.0,away,0.0,0.0,False,-12.0
2024-02-10,Nebraska Cornhuskers,79.0,home,0.0,0.0,True,20.0
2024-02-10,Michigan Wolverines,59.0,away,0.0,0.0,False,-20.0
2024-02-10,Southern Jaguars,69.0,home,0.0,0.0,True,7.0
2024-02-10,Alabama A&M Bulldogs,62.0,away,0.0,0.0,False,-7.0
2024-02-11,Oregon State Beavers,55.0,home,0.0,0.0,False,-12.0
2024-02-11,Washington Huskies,67.0,away,0.0,0.0,True,12.0
2024-02-11,Rider Broncs,62.0,home,0.0,0.0,False,-15.0
2024-02-11,Marist Red Foxes,77.0,away,0.0,0.0,True,15.0
2024-02-11,Southern Illinois Salukis,69.0,home,0.0,0.0,True,3.0
2024-02-11,Illinois State Redbirds,66.0,away,0.0,0.0,False,-3.0
2024-02-11,Manhattan Jaspers,63.0,home,0.0,0.0,False,-5.0
2024-02-11,Siena Saints,68.0,away,0.0,0.0,True,5.0
2024-02-11,Oklahoma Sooners,66.0,home,0.0,0.0,True,4.0
2024-02-11,Oklahoma State Cowboys,62.0,away,0.0,0.0,False,-4.0
2024-02-11,Lehigh Mountain Hawks,94.0,home,0.0,0.0,True,4.0
2024-02-11,Lafayette Leopards,90.0,away,0.0,0.0,False,-4.0
2024-02-11,Wofford Terriers,77.0,home,0.0,0.0,True,13.0
2024-02-11,The Citadel Bulldogs,64.0,away,0.0,0.0,False,-13.0
2024-02-11,Lamar Cardinals,75.0,home,0.0,0.0,True,19.0
2024-02-11,Nicholls Colonels,56.0,away,0.0,0.0,False,-19.0
2024-02-11,Eastern Washington Eagles,87.0,home,0.0,0.0,True,8.0
2024-02-11,Idaho Vandals,79.0,away,0.0,0.0,False,-8.0
2024-02-11,New Hampshire Wildcats,60.0,home,0.0,0.0,True,3.0
2024-02-11,Maine Black Bears,57.0,away,0.0,0.0,False,-3.0
2024-02-11,Florida State Seminoles,76.0,home,0.0,0.0,False,-4.0
2024-02-11,Virginia Cavaliers,80.0,away,0.0,0.0,True,4.0
2024-02-11,Utah Utes,77.0,home,0.0,0.0,False,-8.0
2024-02-11,Arizona State Sun Devils,85.0,away,0.0,0.0,True,8.0
2024-02-11,Long Beach State Beach,77.0,home,0.0,0.0,True,9.0
2024-02-11,Cal Poly Mustangs,68.0,away,0.0,0.0,False,-9.0
2024-02-11,Wright State Raiders,60.0,home,0.0,0.0,False,-14.0
2024-02-11,Oakland Golden Grizzlies,74.0,away,0.0,0.0,True,14.0
2024-02-11,Florida Gulf Coast Eagles,63.0,home,0.0,0.0,True,11.0
2024-02-11,Bellarmine Knights,52.0,away,0.0,0.0,False,-11.0
2024-02-11,Long Island University Sharks,75.0,home,0.0,0.0,True,17.0
2024-02-11,Sacred Heart Pioneers,58.0,away,0.0,0.0,False,-17.0
2024-02-11,Mississippi Valley State Delta Devils,69.0,home,0.0,0.0,False,-8.0
2024-02-11,Jackson State Tigers,77.0,away,0.0,0.0,True,8.0
2024-02-11,Grand Canyon Lopes,94.0,home,0.0,0.0,True,29.0
2024-02-11,Southern Utah Thunderbirds,65.0,away,0.0,0.0,False,-29.0
2024-02-11,Liberty Flames,65.0,home,0.0,0.0,True,3.0
2024-02-11,Louisiana Tech Bulldogs,62.0,away,0.0,0.0,False,-3.0
2024-02-11,UC Riverside Highlanders,88.0,home,0.0,0.0,True,10.0
2024-02-11,UC Irvine Anteaters,78.0,away,0.0,0.0,False,-10.0
2024-02-11,Idaho State Bengals,68.0,home,0.0,0.0,True,3.0
2024-02-11,Portland State Vikings,65.0,away,0.0,0.0,False,-3.0
2024-02-11,Southern Indiana Screaming Eagles,84.0,home,0.0,0.0,True,17.0
2024-02-11,SIU Edwardsville Cougars,67.0,away,0.0,0.0,False,-17.0
2024-02-11,Weber State Wildcats,58.0,home,0.0,0.0,True,5.0
2024-02-11,Sacramento State Hornets,53.0,away,0.0,0.0,False,-5.0
2024-02-11,Loyola Marymount Lions,63.0,home,0.0,0.0,False,-9.0
2024-02-11,Pepperdine Waves,72.0,away,0.0,0.0,True,9.0
2024-02-11,Missouri Tigers,51.0,home,0.0,0.0,False,-24.0
2024-02-11,Mississippi State Bulldogs,75.0,away,0.0,0.0,True,24.0
2024-02-11,Portland Pilots,51.0,home,0.0,0.0,False,-25.0
2024-02-11,Saint Mary's Gaels,76.0,away,0.0,0.0,True,25.0
2024-02-11,UTEP Miners,74.0,home,0.0,0.0,True,25.0
2024-02-11,New Mexico State Aggies,49.0,away,0.0,0.0,False,-25.0
2024-02-11,Hawai'i Rainbow Warriors,87.0,home,0.0,0.0,True,17.0
2024-02-11,UC Davis Aggies,70.0,away,0.0,0.0,False,-17.0
2024-02-11,San Francisco Dons,71.0,home,0.0,0.0,True,1.0
2024-02-11,Santa Clara Broncos,70.0,away,0.0,0.0,False,-1.0
2024-02-11,Pacific Tigers,84.0,home,0.0,0.0,False,-5.0
2024-02-11,San Diego Toreros,89.0,away,0.0,0.0,True,5.0
2024-02-11,UC Santa Barbara Gauchos,74.0,home,0.0,0.0,False,-8.0
2024-02-11,Cal State Northridge Matadors,82.0,away,0.0,0.0,True,8.0
2024-02-11,Stanford Cardinal,99.0,home,0.0,0.0,True,31.0
2024-02-11,USC Trojans,68.0,away,0.0,0.0,False,-31.0
2024-02-22,LSU Tigers,75.0,home,0.0,0.0,True,1.0
2024-02-22,Kentucky Wildcats,74.0,away,0.0,0.0,False,-1.0
2024-02-21,UNC Greensboro Spartans,71.0,home,0.0,0.0,True,6.0
2024-02-21,Western Carolina Catamounts,65.0,away,0.0,0.0,False,-6.0
2024-02-22,American University Eagles,52.0,home,0.0,0.0,False,-15.0
2024-02-22,Boston University Terriers,67.0,away,0.0,0.0,True,15.0
2024-02-22,Marquette Golden Eagles,105.0,home,0.0,0.0,True,34.0
2024-02-22,DePaul Blue Demons,71.0,away,0.0,0.0,False,-34.0
2024-02-21,Army Black Knights,54.0,home,0.0,0.0,False,-31.0
2024-02-21,Lehigh Mountain Hawks,85.0,away,0.0,0.0,True,31.0
2024-02-22,Alabama Crimson Tide,98.0,home,0.0,0.0,True,5.0
2024-02-22,Florida Gators,93.0,away,0.0,0.0,False,-5.0
2024-02-21,Winthrop Eagles,55.0,home,0.0,0.0,False,-23.0
2024-02-21,Presbyterian Blue Hose,78.0,away,0.0,0.0,True,23.0
2024-02-22,Saint Joseph's Hawks,79.0,home,0.0,0.0,True,4.0
2024-02-22,George Washington Revolutionaries,75.0,away,0.0,0.0,False,-4.0
2024-02-22,South Carolina Upstate Spartans,60.0,home,0.0,0.0,False,-3.0
2024-02-22,Charleston Southern Buccaneers,63.0,away,0.0,0.0,True,3.0
2024-02-22,Cincinnati Bearcats,76.0,home,0.0,0.0,False,-4.0
2024-02-22,Oklahoma State Cowboys,80.0,away,0.0,0.0,True,4.0
2024-02-22,Georgia Tech Yellow Jackets,57.0,home,0.0,0.0,False,-24.0
2024-02-22,Clemson Tigers,81.0,away,0.0,0.0,True,24.0
2024-02-22,George Mason Patriots,71.0,home,0.0,0.0,True,4.0
2024-02-22,Dayton Flyers,67.0,away,0.0,0.0,False,-4.0
2024-02-22,Miami Hurricanes,55.0,home,0.0,0.0,False,-29.0
2024-02-22,Duke Blue Devils,84.0,away,0.0,0.0,True,29.0
2024-02-21,La Salle Explorers,72.0,home,0.0,0.0,True,13.0
2024-02-21,St. Bonaventure Bonnies,59.0,away,0.0,0.0,False,-13.0
2024-02-21,Penn State Nittany Lions,90.0,home,0.0,0.0,True,1.0
2024-02-21,Illinois Fighting Illini,89.0,away,0.0,0.0,False,-1.0
2024-02-22,Louisville Cardinals,50.0,home,0.0,0.0,False,-22.0
2024-02-22,Notre Dame Fighting Irish,72.0,away,0.0,0.0,True,22.0
2024-02-22,Rhode Island Rams,77.0,home,0.0,0.0,False,-8.0
2024-02-22,Richmond Spiders,85.0,away,0.0,0.0,True,8.0
2024-02-22,Georgetown Hoyas,85.0,home,0.0,0.0,False,-5.0
2024-02-22,St. John's Red Storm,90.0,away,0.0,0.0,True,5.0
2024-02-22,Longwood Lancers,80.0,home,0.0,0.0,True,5.0
2024-02-22,UNC Asheville Bulldogs,75.0,away,0.0,0.0,False,-5.0
2024-02-22,New Mexico Lobos,68.0,home,0.0,0.0,True,2.0
2024-02-22,Colorado State Rams,66.0,away,0.0,0.0,False,-2.0
2024-02-22,East Tennessee State Buccaneers,82.0,home,0.0,0.0,True,13.0
2024-02-22,VMI Keydets,69.0,away,0.0,0.0,False,-13.0
2024-02-22,Holy Cross Crusaders,73.0,home,0.0,0.0,True,14.0
2024-02-22,Bucknell Bison,59.0,away,0.0,0.0,False,-14.0
2024-02-22,Mercer Bears,87.0,home,0.0,0.0,True,9.0
2024-02-22,The Citadel Bulldogs,78.0,away,0.0,0.0,False,-9.0
2024-02-22,Chattanooga Mocs,81.0,home,0.0,0.0,True,16.0
2024-02-22,Wofford Terriers,65.0,away,0.0,0.0,False,-16.0
2024-02-22,UTSA Roadrunners,61.0,home,0.0,0.0,False,-5.0
2024-02-22,South Florida Bulls,66.0,away,0.0,0.0,True,5.0
2024-02-22,Samford Bulldogs,74.0,home,0.0,0.0,True,2.0
2024-02-22,Furman Paladins,72.0,away,0.0,0.0,False,-2.0
2024-02-22,Georgia State Panthers,72.0,home,0.0,0.0,True,1.0
2024-02-22,Coastal Carolina Chanticleers,71.0,away,0.0,0.0,False,-1.0
2024-02-22,Marshall Thundering Herd,58.0,home,0.0,0.0,False,-26.0
2024-02-22,James Madison Dukes,84.0,away,0.0,0.0,True,26.0
2024-02-22,Loyola Maryland Greyhounds,62.0,home,0.0,0.0,False,-7.0
2024-02-22,Navy Midshipmen,69.0,away,0.0,0.0,True,7.0
2024-02-22,Memphis Tigers,76.0,home,0.0,0.0,True,24.0
2024-02-22,Charlotte 49ers,52.0,away,0.0,0.0,False,-24.0
2024-02-22,Drake Bulldogs,84.0,home,0.0,0.0,True,15.0
2024-02-22,Belmont Bruins,69.0,away,0.0,0.0,False,-15.0
2024-02-22,Southern Illinois Salukis,72.0,home,0.0,0.0,True,4.0
2024-02-22,Murray State Racers,68.0,away,0.0,0.0,False,-4.0
2024-02-22,UIC Flames,88.0,home,0.0,0.0,True,9.0
2024-02-22,Evansville Purple Aces,79.0,away,0.0,0.0,False,-9.0
2024-02-22,Missouri State Bears,62.0,home,0.0,0.0,False,-24.0
2024-02-22,Bradley Braves,86.0,away,0.0,0.0,True,24.0
2024-02-22,Valparaiso Beacons,64.0,home,0.0,0.0,False,-19.0
2024-02-22,Indiana State Sycamores,83.0,away,0.0,0.0,True,19.0
2024-02-22,Jacksonville State Gamecocks,76.0,home,0.0,0.0,True,8.0
2024-02-22,Middle Tennessee Blue Raiders,68.0,away,0.0,0.0,False,-8.0
2024-02-22,Xavier Musketeers,75.0,home,0.0,0.0,False,-4.0
2024-02-22,Providence Friars,79.0,away,0.0,0.0,True,4.0
2024-02-22,UAB Blazers,71.0,home,0.0,0.0,False,-23.0
2024-02-22,Rice Owls,94.0,away,0.0,0.0,True,23.0
2024-02-22,Indiana Hoosiers,70.0,home,0.0,0.0,False,-15.0
2024-02-22,Nebraska Cornhuskers,85.0,away,0.0,0.0,True,15.0
2024-02-22,Illinois State Redbirds,81.0,home,0.0,0.0,True,8.0
2024-02-22,Northern Iowa Panthers,73.0,away,0.0,0.0,False,-8.0
2024-02-22,Wichita State Shockers,79.0,home,0.0,0.0,True,16.0
2024-02-22,Tulsa Golden Hurricane,63.0,away,0.0,0.0,False,-16.0
2024-02-22,Pacific Tigers,70.0,home,0.0,0.0,False,-19.0
2024-02-22,Pepperdine Waves,89.0,away,0.0,0.0,True,19.0
2024-02-22,Mississippi State Bulldogs,83.0,home,0.0,0.0,True,12.0
2024-02-22,Ole Miss Rebels,71.0,away,0.0,0.0,False,-12.0
2024-02-22,Vanderbilt Commodores,64.0,home,0.0,0.0,False,-12.0
2024-02-22,Georgia Bulldogs,76.0,away,0.0,0.0,True,12.0
2024-02-22,Air Force Falcons,43.0,home,0.0,0.0,False,-29.0
2024-02-22,UNLV Rebels,72.0,away,0.0,0.0,True,29.0
2024-02-25,Marquette Golden Eagles,88.0,home,0.0,0.0,True,24.0
2024-02-25,Xavier Musketeers,64.0,away,0.0,0.0,False,-24.0
2024-02-25,Michigan Wolverines,76.0,home,0.0,0.0,False,-8.0
2024-02-25,Purdue Boilermakers,84.0,away,0.0,0.0,True,8.0
2024-02-25,St. John's Red Storm,80.0,home,0.0,0.0,True,14.0
2024-02-25,Creighton Bluejays,66.0,away,0.0,0.0,False,-14.0
2024-02-25,Wagner Seahawks,72.0,home,0.0,0.0,True,15.0
2024-02-25,Long Island University Sharks,57.0,away,0.0,0.0,False,-15.0
2024-02-25,Boston University Terriers,82.0,home,0.0,0.0,True,3.0
2024-02-25,Loyola Maryland Greyhounds,79.0,away,0.0,0.0,False,-3.0
2024-02-25,Fairfield Stags,88.0,home,0.0,0.0,True,24.0
2024-02-25,Siena Saints,64.0,away,0.0,0.0,False,-24.0
2024-02-25,Colgate Raiders,64.0,home,0.0,0.0,False,-2.0
2024-02-25,American University Eagles,66.0,away,0.0,0.0,True,2.0
2024-02-25,Northern Kentucky Norse,80.0,home,0.0,0.0,True,16.0
2024-02-25,IU Indianapolis Jaguars,64.0,away,0.0,0.0,False,-16.0
2024-02-25,South Florida Bulls,79.0,home,0.0,0.0,True,11.0
2024-02-25,SMU Mustangs,68.0,away,0.0,0.0,False,-11.0
2024-02-25,Rutgers Scarlet Knights,46.0,home,0.0,0.0,False,-17.0
2024-02-25,Maryland Terrapins,63.0,away,0.0,0.0,True,17.0
2024-02-25,Memphis Tigers,78.0,home,0.0,0.0,True,4.0
2024-02-25,Florida Atlantic Owls,74.0,away,0.0,0.0,False,-4.0
2024-02-25,Bucknell Bison,54.0,home,0.0,0.0,True,13.0
2024-02-25,Army Black Knights,41.0,away,0.0,0.0,False,-13.0
2024-02-25,La Salle Explorers,84.0,home,0.0,0.0,True,23.0
2024-02-25,Rhode Island Rams,61.0,away,0.0,0.0,False,-23.0
2024-02-25,Navy Midshipmen,76.0,home,0.0,0.0,True,10.0
2024-02-25,Holy Cross Crusaders,66.0,away,0.0,0.0,False,-10.0
2024-02-25,Evansville Purple Aces,53.0,home,0.0,0.0,False,-12.0
2024-02-25,Southern Illinois Salukis,65.0,away,0.0,0.0,True,12.0
2024-02-25,Saint Peter's Peacocks,69.0,home,0.0,0.0,True,9.0
2024-02-25,Marist Red Foxes,60.0,away,0.0,0.0,False,-9.0
2024-02-25,Mount St. Mary's Mountaineers,72.0,home,0.0,0.0,True,7.0
2024-02-25,Iona Gaels,65.0,away,0.0,0.0,False,-7.0
2024-02-25,Rider Broncs,88.0,home,0.0,0.0,True,10.0
2024-02-25,Quinnipiac Bobcats,78.0,away,0.0,0.0,False,-10.0
2024-02-25,Robert Morris Colonials,71.0,home,0.0,0.0,False,-2.0
2024-02-25,Cleveland State Vikings,73.0,away,0.0,0.0,True,2.0
2024-02-25,Green Bay Phoenix,59.0,home,0.0,0.0,False,-12.0
2024-02-25,Youngstown State Penguins,71.0,away,0.0,0.0,True,12.0
2024-02-25,VCU Rams,73.0,home,0.0,0.0,True,4.0
2024-02-25,Saint Joseph's Hawks,69.0,away,0.0,0.0,False,-4.0
2024-02-25,Wichita State Shockers,66.0,home,0.0,0.0,False,-6.0
2024-02-25,Temple Owls,72.0,away,0.0,0.0,True,6.0
2024-02-25,Oakland Golden Grizzlies,75.0,home,0.0,0.0,False,-21.0
2024-02-25,Wright State Raiders,96.0,away,0.0,0.0,True,21.0
2024-02-25,Tulane Green Wave,67.0,home,0.0,0.0,False,-11.0
2024-02-25,UAB Blazers,78.0,away,0.0,0.0,True,11.0
2024-02-25,Milwaukee Panthers,96.0,home,0.0,0.0,True,8.0
2024-02-25,Purdue Fort Wayne Mastodons,88.0,away,0.0,0.0,False,-8.0
2024-02-25,Nebraska Cornhuskers,73.0,home,0.0,0.0,True,18.0
2024-02-25,Minnesota Golden Gophers,55.0,away,0.0,0.0,False,-18.0
2024-02-25,Michigan State Spartans,57.0,home,0.0,0.0,False,-3.0
2024-02-25,Ohio State Buckeyes,60.0,away,0.0,0.0,True,3.0
2024-02-23,Arizona Wildcats,74.0,home,0.0,0.0,False,-3.0
2024-02-23,Washington State Cougars,77.0,away,0.0,0.0,True,3.0
2024-02-23,Hofstra Pride,69.0,home,0.0,0.0,True,12.0
2024-02-23,Drexel Dragons,57.0,away,0.0,0.0,False,-12.0
2024-02-22,UMass Lowell River Hawks,87.0,home,0.0,0.0,True,7.0
2024-02-22,Binghamton Bearcats,80.0,away,0.0,0.0,False,-7.0
2024-02-23,Wagner Seahawks,72.0,home,0.0,0.0,False,-1.0
2024-02-23,Central Connecticut Blue Devils,73.0,away,0.0,0.0,True,1.0
2024-02-23,Northeastern Huskies,61.0,home,0.0,0.0,True,3.0
2024-02-23,Elon Phoenix,58.0,away,0.0,0.0,False,-3.0
2024-02-23,Merrimack Warriors,71.0,home,0.0,0.0,True,11.0
2024-02-23,Saint Francis Red Flash,60.0,away,0.0,0.0,False,-11.0
2024-02-23,Towson Tigers,80.0,home,0.0,0.0,True,19.0
2024-02-23,Monmouth Hawks,61.0,away,0.0,0.0,False,-19.0
2024-02-23,Delaware Blue Hens,71.0,home,0.0,0.0,False,-19.0
2024-02-23,Charleston Cougars,90.0,away,0.0,0.0,True,19.0
2024-02-22,Bellarmine Knights,68.0,home,0.0,0.0,True,3.0
2024-02-22,Central Arkansas Bears,65.0,away,0.0,0.0,False,-3.0
2024-02-23,Gardner-Webb Runnin' Bulldogs,74.0,home,0.0,0.0,False,-16.0
2024-02-23,Radford Highlanders,90.0,away,0.0,0.0,True,16.0
2024-02-23,Robert Morris Colonials,43.0,home,0.0,0.0,False,-20.0
2024-02-23,Oakland Golden Grizzlies,63.0,away,0.0,0.0,True,20.0
2024-02-23,Campbell Fighting Camels,68.0,home,0.0,0.0,False,-4.0
2024-02-23,Hampton Pirates,72.0,away,0.0,0.0,True,4.0
2024-02-23,Florida Atlantic Owls,80.0,home,0.0,0.0,True,10.0
2024-02-23,SMU Mustangs,70.0,away,0.0,0.0,False,-10.0
2024-02-22,Stony Brook Seawolves,80.0,home,0.0,0.0,True,16.0
2024-02-22,North Carolina A&T Aggies,64.0,away,0.0,0.0,False,-16.0
2024-02-22,Maine Black Bears,62.0,home,0.0,0.0,True,6.0
2024-02-22,UMBC Retrievers,56.0,away,0.0,0.0,False,-6.0
2024-02-23,Detroit Mercy Titans,78.0,home,0.0,0.0,False,-15.0
2024-02-23,Wright State Raiders,93.0,away,0.0,0.0,True,15.0
2024-02-23,Purdue Boilermakers,96.0,home,0.0,0.0,True,28.0
2024-02-23,Rutgers Scarlet Knights,68.0,away,0.0,0.0,False,-28.0
2024-02-23,Long Island University Sharks,76.0,home,0.0,0.0,True,12.0
2024-02-23,Le Moyne Dolphins,64.0,away,0.0,0.0,False,-12.0
2024-02-23,Sacred Heart Pioneers,99.0,home,0.0,0.0,True,8.0
2024-02-23,Fairleigh Dickinson Knights,91.0,away,0.0,0.0,False,-8.0
2024-02-23,William & Mary Tribe,65.0,home,0.0,0.0,False,-16.0
2024-02-23,UNC Wilmington Seahawks,81.0,away,0.0,0.0,True,16.0
2024-02-23,Minnesota Golden Gophers,88.0,home,0.0,0.0,True,9.0
2024-02-23,Ohio State Buckeyes,79.0,away,0.0,0.0,False,-9.0
2024-02-23,Florida International Panthers,76.0,home,0.0,0.0,True,5.0
2024-02-23,Liberty Flames,71.0,away,0.0,0.0,False,-5.0
2024-02-23,Northern Kentucky Norse,75.0,home,0.0,0.0,True,2.0
2024-02-23,Cleveland State Vikings,73.0,away,0.0,0.0,False,-2.0
2024-02-23,Florida Gulf Coast Eagles,67.0,home,0.0,0.0,False,-7.0
2024-02-23,Kennesaw State Owls,74.0,away,0.0,0.0,True,7.0
2024-02-23,Omaha Mavericks,71.0,home,0.0,0.0,True,1.0
2024-02-23,Oral Roberts Golden Eagles,70.0,away,0.0,0.0,False,-1.0
2024-02-23,Georgia Southern Eagles,84.0,home,0.0,0.0,True,8.0
2024-02-23,Texas State Bobcats,76.0,away,0.0,0.0,False,-8.0
2024-02-23,New Hampshire Wildcats,83.0,home,0.0,0.0,True,5.0
2024-02-23,NJIT Highlanders,78.0,away,0.0,0.0,False,-5.0
2024-02-23,UAlbany Great Danes,80.0,home,0.0,0.0,False,-14.0
2024-02-23,Vermont Catamounts,94.0,away,0.0,0.0,True,14.0
2024-02-23,Southern Miss Golden Eagles,64.0,home,0.0,0.0,False,-19.0
2024-02-23,South Alabama Jaguars,83.0,away,0.0,0.0,True,19.0
2024-02-23,Southeast Missouri State Redhawks,61.0,home,0.0,0.0,False,-22.0
2024-02-23,Little Rock Trojans,83.0,away,0.0,0.0,True,22.0
2024-02-23,Eastern Kentucky Colonels,75.0,home,0.0,0.0,True,3.0
2024-02-23,North Alabama Lions,72.0,away,0.0,0.0,False,-3.0
2024-02-23,Old Dominion Monarchs,67.0,home,0.0,0.0,False,-15.0
2024-02-23,App State Mountaineers,82.0,away,0.0,0.0,True,15.0
2024-02-23,North Dakota State Bison,64.0,home,0.0,0.0,True,14.0
2024-02-23,St. Thomas-Minnesota Tommies,50.0,away,0.0,0.0,False,-14.0
2024-02-23,UT Arlington Mavericks,90.0,home,0.0,0.0,True,5.0
2024-02-23,Southern Utah Thunderbirds,85.0,away,0.0,0.0,False,-5.0
2024-02-23,Stetson Hatters,75.0,home,0.0,0.0,False,-8.0
2024-02-23,Queens University Royals,83.0,away,0.0,0.0,True,8.0
2024-02-23,Abilene Christian Wildcats,71.0,home,0.0,0.0,True,6.0
2024-02-23,California Baptist Lancers,65.0,away,0.0,0.0,False,-6.0
2024-02-23,Tarleton State Texans,77.0,home,0.0,0.0,True,3.0
2024-02-23,Grand Canyon Lopes,74.0,away,0.0,0.0,False,-3.0
2024-02-23,South Dakota Coyotes,78.0,home,0.0,0.0,False,-4.0
2024-02-23,Kansas City Roos,82.0,away,0.0,0.0,True,4.0
2024-02-23,South Dakota State Jackrabbits,97.0,home,0.0,0.0,True,27.0
2024-02-23,Denver Pioneers,70.0,away,0.0,0.0,False,-27.0
2024-02-23,Utah Valley Wolverines,70.0,home,0.0,0.0,True,11.0
2024-02-23,UT Rio Grande Valley Vaqueros,59.0,away,0.0,0.0,False,-11.0
2024-02-23,Northern Arizona Lumberjacks,78.0,home,0.0,0.0,True,7.0
2024-02-23,Eastern Washington Eagles,71.0,away,0.0,0.0,False,-7.0
2024-02-23,Western Illinois Leathernecks,57.0,home,0.0,0.0,False,-21.0
2024-02-23,Morehead State Eagles,78.0,away,0.0,0.0,True,21.0
2024-02-23,Tennessee Tech Golden Eagles,77.0,home,0.0,0.0,False,-1.0
2024-02-23,SIU Edwardsville Cougars,78.0,away,0.0,0.0,True,1.0
2024-02-23,Northern Colorado Bears,76.0,home,0.0,0.0,True,14.0
2024-02-23,Idaho Vandals,62.0,away,0.0,0.0,False,-14.0
2024-02-23,UTEP Miners,59.0,home,0.0,0.0,False,-6.0
2024-02-23,Louisiana Tech Bulldogs,65.0,away,0.0,0.0,True,6.0
2024-02-23,Arizona State Sun Devils,82.0,home,0.0,0.0,False,-2.0
2024-02-23,Washington Huskies,84.0,away,0.0,0.0,True,2.0
2024-02-23,Montana State Bobcats,72.0,home,0.0,0.0,True,5.0
2024-02-23,Portland State Vikings,67.0,away,0.0,0.0,False,-5.0
2024-02-23,Lindenwood Lions,82.0,home,0.0,0.0,False,-24.0
2024-02-23,UT Martin Skyhawks,106.0,away,0.0,0.0,True,24.0
2024-02-23,California Golden Bears,81.0,home,0.0,0.0,True,8.0
2024-02-23,Oregon State Beavers,73.0,away,0.0,0.0,False,-8.0
2024-02-23,Tennessee State Tigers,78.0,home,0.0,0.0,True,5.0
2024-02-23,Eastern Illinois Panthers,73.0,away,0.0,0.0,False,-5.0
2024-02-23,Long Beach State Beach,79.0,home,0.0,0.0,True,13.0
2024-02-23,Cal State Bakersfield Roadrunners,66.0,away,0.0,0.0,False,-13.0
2024-02-23,Portland Pilots,65.0,home,0.0,0.0,False,-21.0
2024-02-23,Gonzaga Bulldogs,86.0,away,0.0,0.0,True,21.0
2024-02-23,UL Monroe Warhawks,66.0,home,0.0,0.0,True,7.0
2024-02-23,Louisiana Ragin' Cajuns,59.0,away,0.0,0.0,False,-7.0
2024-02-23,Northwestern Wildcats,76.0,home,0.0,0.0,True,14.0
2024-02-23,Michigan Wolverines,62.0,away,0.0,0.0,False,-14.0
2024-02-23,Arkansas State Red Wolves,79.0,home,0.0,0.0,True,8.0
2024-02-23,Troy Trojans,71.0,away,0.0,0.0,False,-8.0
2024-02-23,Cal State Fullerton Titans,68.0,home,0.0,0.0,True,18.0
2024-02-23,Cal Poly Mustangs,50.0,away,0.0,0.0,False,-18.0
2024-02-23,Montana Grizzlies,68.0,home,0.0,0.0,True,7.0
2024-02-23,Sacramento State Hornets,61.0,away,0.0,0.0,False,-7.0
2024-02-23,New Mexico State Aggies,58.0,home,0.0,0.0,False,-21.0
2024-02-23,Sam Houston Bearkats,79.0,away,0.0,0.0,True,21.0
2024-02-23,Seattle U Redhawks,69.0,home,0.0,0.0,True,20.0
2024-02-23,Stephen F. Austin Lumberjacks,49.0,away,0.0,0.0,False,-20.0
2024-02-23,Cal State Northridge Matadors,65.0,home,0.0,0.0,False,-1.0
2024-02-23,UC Davis Aggies,66.0,away,0.0,0.0,True,1.0
2024-02-23,UC Riverside Highlanders,65.0,home,0.0,0.0,False,-12.0
2024-02-23,UC San Diego Tritons,77.0,away,0.0,0.0,True,12.0
2024-02-23,Stanford Cardinal,65.0,home,0.0,0.0,False,-13.0
2024-02-23,Oregon Ducks,78.0,away,0.0,0.0,True,13.0
2024-02-23,UC Irvine Anteaters,81.0,home,0.0,0.0,True,12.0
2024-02-23,UC Santa Barbara Gauchos,69.0,away,0.0,0.0,False,-12.0
2024-02-23,Santa Clara Broncos,65.0,home,0.0,0.0,True,10.0
2024-02-23,Loyola Marymount Lions,55.0,away,0.0,0.0,False,-10.0
2024-02-28,Houston Cougars,67.0,home,0.0,0.0,True,8.0
2024-02-28,Cincinnati Bearcats,59.0,away,0.0,0.0,False,-8.0
2024-02-28,Fordham Rams,61.0,home,0.0,0.0,True,1.0
2024-02-28,George Mason Patriots,60.0,away,0.0,0.0,False,-1.0
2024-02-28,George Washington Revolutionaries,57.0,home,0.0,0.0,False,-12.0
2024-02-28,Massachusetts Minutemen,69.0,away,0.0,0.0,True,12.0
2024-02-28,Fresno State Bulldogs,73.0,home,0.0,0.0,False,-4.0
2024-02-28,Utah State Aggies,77.0,away,0.0,0.0,True,4.0
2024-02-28,Eastern Michigan Eagles,70.0,home,0.0,0.0,True,3.0
2024-02-28,Western Michigan Broncos,67.0,away,0.0,0.0,False,-3.0
2024-02-28,Mississippi State Bulldogs,89.0,home,0.0,0.0,False,-2.0
2024-02-28,Kentucky Wildcats,91.0,away,0.0,0.0,True,2.0
2024-02-28,Central Michigan Chippewas,71.0,home,0.0,0.0,False,-8.0
2024-02-28,Ball State Cardinals,79.0,away,0.0,0.0,True,8.0
2024-02-28,Bowling Green Falcons,58.0,home,0.0,0.0,False,-8.0
2024-02-28,Miami (OH) RedHawks,66.0,away,0.0,0.0,True,8.0
2024-02-28,Ohio Bobcats,74.0,home,0.0,0.0,True,7.0
2024-02-28,Akron Zips,67.0,away,0.0,0.0,False,-7.0
2024-02-28,Dayton Flyers,80.0,home,0.0,0.0,True,14.0
2024-02-28,Davidson Wildcats,66.0,away,0.0,0.0,False,-14.0
2024-02-28,Clemson Tigers,69.0,home,0.0,0.0,True,7.0
2024-02-28,Pittsburgh Panthers,62.0,away,0.0,0.0,False,-7.0
2024-02-28,Indiana Hoosiers,74.0,home,0.0,0.0,True,4.0
2024-02-28,Wisconsin Badgers,70.0,away,0.0,0.0,False,-4.0
2024-02-28,San Diego State Aztecs,72.0,home,0.0,0.0,True,8.0
2024-02-28,San José State Spartans,64.0,away,0.0,0.0,False,-8.0
2024-02-28,Syracuse Orange,84.0,home,0.0,0.0,True,13.0
2024-02-28,Virginia Tech Hokies,71.0,away,0.0,0.0,False,-13.0
2024-02-28,Kansas Jayhawks,68.0,home,0.0,0.0,False,-8.0
2024-02-28,BYU Cougars,76.0,away,0.0,0.0,True,8.0
2024-02-27,Villanova Wildcats,75.0,home,0.0,0.0,True,28.0
2024-02-27,Georgetown Hoyas,47.0,away,0.0,0.0,False,-28.0
2024-02-28,LSU Tigers,67.0,home,0.0,0.0,True,1.0
2024-02-28,Georgia Bulldogs,66.0,away,0.0,0.0,False,-1.0
2024-02-28,St. Bonaventure Bonnies,79.0,home,0.0,0.0,True,15.0
2024-02-28,Loyola Chicago Ramblers,64.0,away,0.0,0.0,False,-15.0
2024-02-28,Toledo Rockets,72.0,home,0.0,0.0,False,-3.0
2024-02-28,Northern Illinois Huskies,75.0,away,0.0,0.0,True,3.0
2024-02-28,Kent State Golden Flashes,76.0,home,0.0,0.0,True,12.0
2024-02-28,Buffalo Bulls,64.0,away,0.0,0.0,False,-12.0
2024-02-28,Northern Iowa Panthers,68.0,home,0.0,0.0,True,14.0
2024-02-28,Valparaiso Beacons,54.0,away,0.0,0.0,False,-14.0
2024-02-28,Florida State Seminoles,90.0,home,0.0,0.0,True,7.0
2024-02-28,NC State Wolfpack,83.0,away,0.0,0.0,False,-7.0
2024-02-28,Texas State Bobcats,73.0,home,0.0,0.0,True,18.0
2024-02-28,UL Monroe Warhawks,55.0,away,0.0,0.0,False,-18.0
2024-02-28,Notre Dame Fighting Irish,70.0,home,0.0,0.0,True,5.0
2024-02-28,Wake Forest Demon Deacons,65.0,away,0.0,0.0,False,-5.0
2024-02-28,Air Force Falcons,48.0,home,0.0,0.0,False,-31.0
2024-02-28,Boise State Broncos,79.0,away,0.0,0.0,True,31.0
2024-02-28,Texas Tech Red Raiders,69.0,home,0.0,0.0,False,-12.0
2024-02-28,Texas Longhorns,81.0,away,0.0,0.0,True,12.0
2024-02-28,Iowa Hawkeyes,90.0,home,0.0,0.0,True,9.0
2024-02-28,Penn State Nittany Lions,81.0,away,0.0,0.0,False,-9.0
2024-02-28,Eastern Illinois Panthers,84.0,home,0.0,0.0,True,5.0
2024-02-28,SIU Edwardsville Cougars,79.0,away,0.0,0.0,False,-5.0
2024-02-28,Wyoming Cowboys,69.0,home,0.0,0.0,False,-6.0
2024-02-28,UNLV Rebels,75.0,away,0.0,0.0,True,6.0
2024-02-28,Arkansas Razorbacks,82.0,home,0.0,0.0,False,-3.0
2024-02-28,Vanderbilt Commodores,85.0,away,0.0,0.0,True,3.0
2024-02-28,Colorado State Rams,74.0,home,0.0,0.0,False,-3.0
2024-02-28,Nevada Wolf Pack,77.0,away,0.0,0.0,True,3.0
2024-03-02,Iona Gaels,64.0,home,0.0,0.0,False,-18.0
2024-03-02,Quinnipiac Bobcats,82.0,away,0.0,0.0,True,18.0
2024-03-02,Queens University Royals,91.0,home,0.0,0.0,True,9.0
2024-03-02,Kennesaw State Owls,82.0,away,0.0,0.0,False,-9.0
2024-03-02,Marist Red Foxes,58.0,home,0.0,0.0,True,3.0
2024-03-02,Fairfield Stags,55.0,away,0.0,0.0,False,-3.0
2024-03-02,Georgia State Panthers,82.0,home,0.0,0.0,True,3.0
2024-03-02,Marshall Thundering Herd,79.0,away,0.0,0.0,False,-3.0
2024-03-02,North Florida Ospreys,78.0,home,0.0,0.0,True,19.0
2024-03-02,Stetson Hatters,59.0,away,0.0,0.0,False,-19.0
2024-03-02,Brown Bears,71.0,home,0.0,0.0,True,3.0
2024-03-02,Harvard Crimson,68.0,away,0.0,0.0,False,-3.0
2024-03-02,Yale Bulldogs,80.0,home,0.0,0.0,True,24.0
2024-03-02,Dartmouth Big Green,56.0,away,0.0,0.0,False,-24.0
2024-03-01,App State Mountaineers,80.0,home,0.0,0.0,True,23.0
2024-03-01,Arkansas State Red Wolves,57.0,away,0.0,0.0,False,-23.0
2024-03-02,Niagara Purple Eagles,61.0,home,0.0,0.0,False,-10.0
2024-03-02,Rider Broncs,71.0,away,0.0,0.0,True,10.0
2024-03-02,Canisius Golden Griffins,61.0,home,0.0,0.0,True,5.0
2024-03-02,Mount St. Mary's Mountaineers,56.0,away,0.0,0.0,False,-5.0
2024-03-02,Utah State Aggies,72.0,home,0.0,0.0,True,12.0
2024-03-02,Air Force Falcons,60.0,away,0.0,0.0,False,-12.0
2024-03-02,Loyola Chicago Ramblers,77.0,home,0.0,0.0,True,5.0
2024-03-02,Dayton Flyers,72.0,away,0.0,0.0,False,-5.0
2024-03-02,Siena Saints,68.0,home,0.0,0.0,False,-2.0
2024-03-02,Manhattan Jaspers,70.0,away,0.0,0.0,True,2.0
2024-03-02,Georgia Southern Eagles,92.0,home,0.0,0.0,True,17.0
2024-03-02,Old Dominion Monarchs,75.0,away,0.0,0.0,False,-17.0
2024-03-02,Jacksonville Dolphins,57.0,home,0.0,0.0,False,-2.0
2024-03-02,Florida Gulf Coast Eagles,59.0,away,0.0,0.0,True,2.0
2024-03-01,Ohio Bobcats,66.0,home,0.0,0.0,True,7.0
2024-03-01,Bowling Green Falcons,59.0,away,0.0,0.0,False,-7.0
2024-03-02,Princeton Tigers,84.0,home,0.0,0.0,True,14.0
2024-03-02,Columbia Lions,70.0,away,0.0,0.0,False,-14.0
2024-03-02,Pennsylvania Quakers,81.0,home,0.0,0.0,False,-6.0
2024-03-02,Cornell Big Red,87.0,away,0.0,0.0,True,6.0
2024-03-02,Coastal Carolina Chanticleers,76.0,home,0.0,0.0,False,-10.0
2024-03-02,James Madison Dukes,86.0,away,0.0,0.0,True,10.0
2024-03-02,Central Arkansas Bears,78.0,home,0.0,0.0,False,-4.0
2024-03-02,North Alabama Lions,82.0,away,0.0,0.0,True,4.0
2024-03-02,Nevada Wolf Pack,74.0,home,0.0,0.0,True,8.0
2024-03-02,Fresno State Bulldogs,66.0,away,0.0,0.0,False,-8.0
2024-03-02,Texas State Bobcats,82.0,home,0.0,0.0,True,3.0
2024-03-02,Troy Trojans,79.0,away,0.0,0.0,False,-3.0
2024-03-02,Louisiana Ragin' Cajuns,77.0,home,0.0,0.0,True,16.0
2024-03-02,Southern Miss Golden Eagles,61.0,away,0.0,0.0,False,-16.0
2024-03-02,South Alabama Jaguars,80.0,home,0.0,0.0,True,11.0
2024-03-02,UL Monroe Warhawks,69.0,away,0.0,0.0,False,-11.0
2024-03-02,Lipscomb Bisons,81.0,home,0.0,0.0,True,14.0
2024-03-02,Eastern Kentucky Colonels,67.0,away,0.0,0.0,False,-14.0
2024-03-02,Austin Peay Governors,90.0,home,0.0,0.0,True,3.0
2024-03-02,Bellarmine Knights,87.0,away,0.0,0.0,False,-3.0
2024-02-17,Houston Cougars,82.0,home,0.0,0.0,True,21.0
2024-02-17,Texas Longhorns,61.0,away,0.0,0.0,False,-21.0
2024-02-18,Arizona Wildcats,105.0,home,0.0,0.0,True,45.0
2024-02-18,Arizona State Sun Devils,60.0,away,0.0,0.0,False,-45.0
2024-02-17,Iowa State Cyclones,82.0,home,0.0,0.0,True,8.0
2024-02-17,Texas Tech Red Raiders,74.0,away,0.0,0.0,False,-8.0
2024-02-17,Tennessee Volunteers,88.0,home,0.0,0.0,True,35.0
2024-02-17,Vanderbilt Commodores,53.0,away,0.0,0.0,False,-35.0
2024-02-17,UConn Huskies,81.0,home,0.0,0.0,True,28.0
2024-02-17,Marquette Golden Eagles,53.0,away,0.0,0.0,False,-28.0
2024-02-17,Oklahoma State Cowboys,93.0,home,0.0,0.0,True,10.0
2024-02-17,BYU Cougars,83.0,away,0.0,0.0,False,-10.0
2024-02-17,South Carolina Gamecocks,63.0,home,0.0,0.0,False,-1.0
2024-02-17,LSU Tigers,64.0,away,0.0,0.0,True,1.0
2024-02-17,Dayton Flyers,78.0,home,0.0,0.0,True,8.0
2024-02-17,Fordham Rams,70.0,away,0.0,0.0,False,-8.0
2024-02-17,Auburn Tigers,59.0,home,0.0,0.0,False,-11.0
2024-02-17,Kentucky Wildcats,70.0,away,0.0,0.0,True,11.0
2024-02-17,Alabama Crimson Tide,100.0,home,0.0,0.0,True,25.0
2024-02-17,Texas A&M Aggies,75.0,away,0.0,0.0,False,-25.0
2024-02-17,North Carolina Tar Heels,96.0,home,0.0,0.0,True,15.0
2024-02-17,Virginia Tech Hokies,81.0,away,0.0,0.0,False,-15.0
2024-02-18,Southern Illinois Salukis,74.0,home,0.0,0.0,True,5.0
2024-02-18,Indiana State Sycamores,69.0,away,0.0,0.0,False,-5.0
2024-02-17,Virginia Cavaliers,49.0,home,0.0,0.0,True,2.0
2024-02-17,Wake Forest Demon Deacons,47.0,away,0.0,0.0,False,-2.0
2024-02-17,Oklahoma Sooners,57.0,home,0.0,0.0,False,-10.0
2024-02-17,Kansas Jayhawks,67.0,away,0.0,0.0,True,10.0
2024-02-17,Florida State Seminoles,67.0,home,0.0,0.0,False,-9.0
2024-02-17,Duke Blue Devils,76.0,away,0.0,0.0,True,9.0
2024-02-17,Iowa Hawkeyes,88.0,home,0.0,0.0,True,2.0
2024-02-17,Wisconsin Badgers,86.0,away,0.0,0.0,False,-2.0
2024-02-17,Maryland Terrapins,80.0,home,0.0,0.0,False,-5.0
2024-02-17,Illinois Fighting Illini,85.0,away,0.0,0.0,True,5.0
2024-02-17,Kansas State Wildcats,72.0,home,0.0,0.0,False,-3.0
2024-02-17,TCU Horned Frogs,75.0,away,0.0,0.0,True,3.0
2024-02-17,Butler Bulldogs,57.0,home,0.0,0.0,False,-22.0
2024-02-17,Creighton Bluejays,79.0,away,0.0,0.0,True,22.0
2024-02-17,West Virginia Mountaineers,81.0,home,0.0,0.0,False,-13.0
2024-02-17,Baylor Bears,94.0,away,0.0,0.0,True,13.0
2024-02-17,The Citadel Bulldogs,76.0,home,0.0,0.0,True,25.0
2024-02-17,VMI Keydets,51.0,away,0.0,0.0,False,-25.0
2024-02-17,Fairleigh Dickinson Knights,93.0,home,0.0,0.0,True,19.0
2024-02-17,Saint Francis Red Flash,74.0,away,0.0,0.0,False,-19.0
2024-02-17,Hampton Pirates,67.0,home,0.0,0.0,True,6.0
2024-02-17,Towson Tigers,61.0,away,0.0,0.0,False,-6.0
2024-02-17,Missouri State Bears,82.0,home,0.0,0.0,True,8.0
2024-02-17,Valparaiso Beacons,74.0,away,0.0,0.0,False,-8.0
2024-02-17,Presbyterian Blue Hose,73.0,home,0.0,0.0,False,-8.0
2024-02-17,Longwood Lancers,81.0,away,0.0,0.0,True,8.0
2024-02-17,Nebraska Cornhuskers,68.0,home,0.0,0.0,True,19.0
2024-02-17,Penn State Nittany Lions,49.0,away,0.0,0.0,False,-19.0
2024-02-17,Hofstra Pride,82.0,home,0.0,0.0,True,20.0
2024-02-17,Northeastern Huskies,62.0,away,0.0,0.0,False,-20.0
2024-02-17,Georgia Bulldogs,82.0,home,0.0,0.0,False,-6.0
2024-02-17,Florida Gators,88.0,away,0.0,0.0,True,6.0
2024-02-17,Wright State Raiders,101.0,home,0.0,0.0,True,30.0
2024-02-17,Robert Morris Colonials,71.0,away,0.0,0.0,False,-30.0
2024-02-17,Mississippi State Bulldogs,71.0,home,0.0,0.0,True,4.0
2024-02-17,Arkansas Razorbacks,67.0,away,0.0,0.0,False,-4.0
2024-02-17,UMBC Retrievers,80.0,home,0.0,0.0,True,5.0
2024-02-17,UAlbany Great Danes,75.0,away,0.0,0.0,False,-5.0
2024-02-17,George Washington Revolutionaries,74.0,home,0.0,0.0,False,-16.0
2024-02-17,Richmond Spiders,90.0,away,0.0,0.0,True,16.0
2024-02-17,Boston University Terriers,74.0,home,0.0,0.0,True,9.0
2024-02-17,Navy Midshipmen,65.0,away,0.0,0.0,False,-9.0
2024-02-17,Detroit Mercy Titans,69.0,home,0.0,0.0,False,-14.0
2024-02-17,Purdue Fort Wayne Mastodons,83.0,away,0.0,0.0,True,14.0
2024-02-17,North Carolina A&T Aggies,54.0,home,0.0,0.0,False,-8.0
2024-02-17,Delaware Blue Hens,62.0,away,0.0,0.0,True,8.0
2024-02-17,Colgate Raiders,62.0,home,0.0,0.0,True,12.0
2024-02-17,Bucknell Bison,50.0,away,0.0,0.0,False,-12.0
2024-02-17,Drexel Dragons,81.0,home,0.0,0.0,True,15.0
2024-02-17,Campbell Fighting Camels,66.0,away,0.0,0.0,False,-15.0
2024-02-17,Holy Cross Crusaders,53.0,home,0.0,0.0,False,-6.0
2024-02-17,Army Black Knights,59.0,away,0.0,0.0,True,6.0
2024-02-17,La Salle Explorers,82.0,home,0.0,0.0,True,1.0
2024-02-17,Massachusetts Minutemen,81.0,away,0.0,0.0,False,-1.0
2024-02-17,Lehigh Mountain Hawks,75.0,home,0.0,0.0,True,5.0
2024-02-17,Loyola Maryland Greyhounds,70.0,away,0.0,0.0,False,-5.0
2024-02-17,Le Moyne Dolphins,75.0,home,0.0,0.0,True,8.0
2024-02-17,Stonehill Skyhawks,67.0,away,0.0,0.0,False,-8.0
2024-02-17,Mercer Bears,88.0,home,0.0,0.0,True,4.0
2024-02-17,Samford Bulldogs,84.0,away,0.0,0.0,False,-4.0
2024-02-17,Coastal Carolina Chanticleers,74.0,home,0.0,0.0,True,7.0
2024-02-17,Marshall Thundering Herd,67.0,away,0.0,0.0,False,-7.0
2024-02-17,Duquesne Dukes,66.0,home,0.0,0.0,True,10.0
2024-02-17,Saint Joseph's Hawks,56.0,away,0.0,0.0,False,-10.0
2024-02-17,Stetson Hatters,61.0,home,0.0,0.0,True,1.0
2024-02-17,Florida Gulf Coast Eagles,60.0,away,0.0,0.0,False,-1.0
2024-02-17,Tulsa Golden Hurricane,93.0,home,0.0,0.0,True,11.0
2024-02-17,Rice Owls,82.0,away,0.0,0.0,False,-11.0
2024-02-17,Kent State Golden Flashes,85.0,home,0.0,0.0,True,38.0
2024-02-17,Northern Illinois Huskies,47.0,away,0.0,0.0,False,-38.0
2024-02-17,Buffalo Bulls,62.0,home,0.0,0.0,False,-11.0
2024-02-17,Akron Zips,73.0,away,0.0,0.0,True,11.0
2024-02-17,Alabama A&M Bulldogs,80.0,home,0.0,0.0,True,23.0
2024-02-17,Mississippi Valley State Delta Devils,57.0,away,0.0,0.0,False,-23.0
2024-02-17,Stephen F. Austin Lumberjacks,62.0,home,0.0,0.0,False,-1.0
2024-02-17,Abilene Christian Wildcats,63.0,away,0.0,0.0,True,1.0
2024-02-17,Merrimack Warriors,83.0,home,0.0,0.0,True,15.0
2024-02-17,Long Island University Sharks,68.0,away,0.0,0.0,False,-15.0
2024-02-17,Eastern Michigan Eagles,69.0,home,0.0,0.0,True,9.0
2024-02-17,Bowling Green Falcons,60.0,away,0.0,0.0,False,-9.0
2024-02-17,St. Bonaventure Bonnies,81.0,home,0.0,0.0,True,1.0
2024-02-17,Davidson Wildcats,80.0,away,0.0,0.0,False,-1.0
2024-02-17,Miami (OH) RedHawks,80.0,home,0.0,0.0,True,21.0
2024-02-17,Ball State Cardinals,59.0,away,0.0,0.0,False,-21.0
2024-02-17,NJIT Highlanders,55.0,home,0.0,0.0,False,-14.0
2024-02-17,Binghamton Bearcats,69.0,away,0.0,0.0,True,14.0
2024-02-17,Maine Black Bears,57.0,home,0.0,0.0,False,-11.0
2024-02-17,Vermont Catamounts,68.0,away,0.0,0.0,True,11.0
2024-02-17,Western Kentucky Hilltoppers,72.0,home,0.0,0.0,True,14.0
2024-02-17,New Mexico State Aggies,58.0,away,0.0,0.0,False,-14.0
2024-02-17,Oakland Golden Grizzlies,107.0,home,0.0,0.0,True,48.0
2024-02-17,IU Indianapolis Jaguars,59.0,away,0.0,0.0,False,-48.0
2024-02-17,Cleveland State Vikings,81.0,home,0.0,0.0,True,8.0
2024-02-17,Youngstown State Penguins,73.0,away,0.0,0.0,False,-8.0
2024-02-17,Louisiana Tech Bulldogs,75.0,home,0.0,0.0,True,7.0
2024-02-17,Florida International Panthers,68.0,away,0.0,0.0,False,-7.0
2024-02-17,Southern Miss Golden Eagles,78.0,home,0.0,0.0,True,4.0
2024-02-17,Texas State Bobcats,74.0,away,0.0,0.0,False,-4.0
2024-02-17,UCF Knights,74.0,home,0.0,0.0,False,-2.0
2024-02-17,Cincinnati Bearcats,76.0,away,0.0,0.0,True,2.0
2024-02-17,American University Eagles,62.0,home,0.0,0.0,False,-6.0
2024-02-17,Lafayette Leopards,68.0,away,0.0,0.0,True,6.0
2024-02-17,Howard Bison,90.0,home,0.0,0.0,True,8.0
2024-02-17,North Carolina Central Eagles,82.0,away,0.0,0.0,False,-8.0
2024-02-17,Boston College Eagles,85.0,home,0.0,0.0,True,8.0
2024-02-17,Miami Hurricanes,77.0,away,0.0,0.0,False,-8.0
2024-02-17,Little Rock Trojans,80.0,home,0.0,0.0,True,18.0
2024-02-17,Southern Indiana Screaming Eagles,62.0,away,0.0,0.0,False,-18.0
2024-02-17,Monmouth Hawks,84.0,home,0.0,0.0,True,23.0
2024-02-17,Stony Brook Seawolves,61.0,away,0.0,0.0,False,-23.0
2024-02-17,Bryant Bulldogs,77.0,home,0.0,0.0,False,-9.0
2024-02-17,UMass Lowell River Hawks,86.0,away,0.0,0.0,True,9.0
2024-02-17,Tennessee State Tigers,61.0,home,0.0,0.0,False,-7.0
2024-02-17,Western Illinois Leathernecks,68.0,away,0.0,0.0,True,7.0
2024-02-17,Norfolk State Spartans,71.0,home,0.0,0.0,True,4.0
2024-02-17,South Carolina State Bulldogs,67.0,away,0.0,0.0,False,-4.0
2024-02-17,Western Carolina Catamounts,70.0,home,0.0,0.0,True,5.0
2024-02-17,East Tennessee State Buccaneers,65.0,away,0.0,0.0,False,-5.0
2024-02-17,Wagner Seahawks,53.0,home,0.0,0.0,False,-10.0
2024-02-17,Sacred Heart Pioneers,63.0,away,0.0,0.0,True,10.0
2024-02-17,Coppin State Eagles,56.0,home,0.0,0.0,False,-10.0
2024-02-17,Delaware State Hornets,66.0,away,0.0,0.0,True,10.0
2024-02-17,UC Santa Barbara Gauchos,77.0,home,0.0,0.0,True,6.0
2024-02-17,Hawai'i Rainbow Warriors,71.0,away,0.0,0.0,False,-6.0
2024-02-17,Alcorn State Braves,69.0,home,0.0,0.0,True,15.0
2024-02-17,Bethune-Cookman Wildcats,54.0,away,0.0,0.0,False,-15.0
2024-02-17,Nicholls Colonels,47.0,home,0.0,0.0,False,-27.0
2024-02-17,McNeese Cowboys,74.0,away,0.0,0.0,True,27.0
2024-02-17,Denver Pioneers,77.0,home,0.0,0.0,True,6.0
2024-02-17,North Dakota State Bison,71.0,away,0.0,0.0,False,-6.0
2024-02-17,Morgan State Bears,70.0,home,0.0,0.0,True,5.0
2024-02-17,Maryland Eastern Shore Hawks,65.0,away,0.0,0.0,False,-5.0
2024-02-17,UNC Asheville Bulldogs,86.0,home,0.0,0.0,True,31.0
2024-02-17,Charleston Southern Buccaneers,55.0,away,0.0,0.0,False,-31.0
2024-02-17,South Carolina Upstate Spartans,65.0,home,0.0,0.0,False,-8.0
2024-02-17,Gardner-Webb Runnin' Bulldogs,73.0,away,0.0,0.0,True,8.0
2024-02-17,SIU Edwardsville Cougars,80.0,home,0.0,0.0,True,4.0
2024-02-17,Southeast Missouri State Redhawks,76.0,away,0.0,0.0,False,-4.0
2024-02-17,Texas A&M-Corpus Christi Islanders,86.0,home,0.0,0.0,True,23.0
2024-02-17,East Texas A&M Lions,63.0,away,0.0,0.0,False,-23.0
2024-02-17,UT Martin Skyhawks,88.0,home,0.0,0.0,True,6.0
2024-02-17,Morehead State Eagles,82.0,away,0.0,0.0,False,-6.0
2024-02-17,Eastern Illinois Panthers,72.0,home,0.0,0.0,True,15.0
2024-02-17,Lindenwood Lions,57.0,away,0.0,0.0,False,-15.0
2024-02-17,South Alabama Jaguars,73.0,home,0.0,0.0,False,-3.0
2024-02-17,Arkansas State Red Wolves,76.0,away,0.0,0.0,True,3.0
2024-02-17,App State Mountaineers,85.0,home,0.0,0.0,True,12.0
2024-02-17,Louisiana Ragin' Cajuns,73.0,away,0.0,0.0,False,-12.0
2024-02-17,SE Louisiana Lions,81.0,home,0.0,0.0,True,3.0
2024-02-17,Houston Christian Huskies,78.0,away,0.0,0.0,False,-3.0
2024-02-17,Central Arkansas Bears,68.0,home,0.0,0.0,False,-17.0
2024-02-17,Lipscomb Bisons,85.0,away,0.0,0.0,True,17.0
2024-02-17,Colorado State Rams,75.0,home,0.0,0.0,True,20.0
2024-02-17,Utah State Aggies,55.0,away,0.0,0.0,False,-20.0
2024-02-17,Troy Trojans,85.0,home,0.0,0.0,True,28.0
2024-02-17,UL Monroe Warhawks,57.0,away,0.0,0.0,False,-28.0
2024-02-17,Alabama State Hornets,74.0,home,0.0,0.0,False,-6.0
2024-02-17,Arkansas-Pine Bluff Golden Lions,80.0,away,0.0,0.0,True,6.0
2024-02-17,UC Davis Aggies,61.0,home,0.0,0.0,False,-6.0
2024-02-17,UC Riverside Highlanders,67.0,away,0.0,0.0,True,6.0
2024-02-17,Washington State Cougars,72.0,home,0.0,0.0,True,13.0
2024-02-17,Stanford Cardinal,59.0,away,0.0,0.0,False,-13.0
2024-02-17,Eastern Washington Eagles,84.0,home,0.0,0.0,False,-6.0
2024-02-17,Weber State Wildcats,90.0,away,0.0,0.0,True,6.0
2024-02-17,Idaho Vandals,55.0,home,0.0,0.0,True,2.0
2024-02-17,Idaho State Bengals,53.0,away,0.0,0.0,False,-2.0
2024-02-17,Georgia Tech Yellow Jackets,65.0,home,0.0,0.0,True,5.0
2024-02-17,Syracuse Orange,60.0,away,0.0,0.0,False,-5.0
2024-02-17,Sacramento State Hornets,75.0,home,0.0,0.0,False,-5.0
2024-02-17,Northern Colorado Bears,80.0,away,0.0,0.0,True,5.0
2024-02-17,Cornell Big Red,89.0,home,0.0,0.0,True,9.0
2024-02-17,Dartmouth Big Green,80.0,away,0.0,0.0,False,-9.0
2024-02-17,New Orleans Privateers,72.0,home,0.0,0.0,False,-22.0
2024-02-17,Lamar Cardinals,94.0,away,0.0,0.0,True,22.0
2024-02-17,Texas Southern Tigers,63.0,home,0.0,0.0,False,-3.0
2024-02-17,Grambling Tigers,66.0,away,0.0,0.0,True,3.0
2024-02-17,Columbia Lions,75.0,home,0.0,0.0,False,-5.0
2024-02-17,Harvard Crimson,80.0,away,0.0,0.0,True,5.0
2024-02-17,James Madison Dukes,87.0,home,0.0,0.0,True,7.0
2024-02-17,Georgia Southern Eagles,80.0,away,0.0,0.0,False,-7.0
2024-02-17,Incarnate Word Cardinals,61.0,home,0.0,0.0,False,-20.0
2024-02-17,Northwestern State Demons,81.0,away,0.0,0.0,True,20.0
2024-02-17,Pittsburgh Panthers,86.0,home,0.0,0.0,True,27.0
2024-02-17,Louisville Cardinals,59.0,away,0.0,0.0,False,-27.0
2024-02-18,Wofford Terriers,47.0,home,0.0,0.0,False,-11.0
2024-02-18,UNC Greensboro Spartans,58.0,away,0.0,0.0,True,11.0
2024-02-17,Prairie View A&M Panthers,71.0,home,0.0,0.0,False,-6.0
2024-02-17,Southern Jaguars,77.0,away,0.0,0.0,True,6.0
2024-02-18,High Point Panthers,99.0,home,0.0,0.0,True,25.0
2024-02-18,Radford Highlanders,74.0,away,0.0,0.0,False,-25.0
2024-02-17,Pennsylvania Quakers,64.0,home,0.0,0.0,False,-7.0
2024-02-17,Brown Bears,71.0,away,0.0,0.0,True,7.0
2024-02-18,Central Michigan Chippewas,69.0,home,0.0,0.0,True,27.0
2024-02-18,Western Michigan Broncos,42.0,away,0.0,0.0,False,-27.0
2024-02-17,Middle Tennessee Blue Raiders,96.0,home,0.0,0.0,True,6.0
2024-02-17,UTEP Miners,90.0,away,0.0,0.0,False,-6.0
2024-02-17,Jackson State Tigers,77.0,home,0.0,0.0,True,22.0
2024-02-17,Florida A&M Rattlers,55.0,away,0.0,0.0,False,-22.0
2024-02-18,Bellarmine Knights,65.0,home,0.0,0.0,False,-10.0
2024-02-18,Eastern Kentucky Colonels,75.0,away,0.0,0.0,True,10.0
2024-02-18,UNC Wilmington Seahawks,72.0,home,0.0,0.0,False,-1.0
2024-02-18,Elon Phoenix,73.0,away,0.0,0.0,True,1.0
2024-02-18,Boise State Broncos,90.0,home,0.0,0.0,True,24.0
2024-02-18,Fresno State Bulldogs,66.0,away,0.0,0.0,False,-24.0
2024-02-18,UC San Diego Tritons,76.0,home,0.0,0.0,True,7.0
2024-02-18,Cal State Fullerton Titans,69.0,away,0.0,0.0,False,-7.0
2024-02-18,Providence Friars,81.0,home,0.0,0.0,True,11.0
2024-02-18,DePaul Blue Demons,70.0,away,0.0,0.0,False,-11.0
2024-02-18,Portland State Vikings,83.0,home,0.0,0.0,True,15.0
2024-02-18,Northern Arizona Lumberjacks,68.0,away,0.0,0.0,False,-15.0
2024-02-18,Sam Houston Bearkats,83.0,home,0.0,0.0,True,10.0
2024-02-18,Liberty Flames,73.0,away,0.0,0.0,False,-10.0
2024-02-18,Old Dominion Monarchs,65.0,home,0.0,0.0,False,-3.0
2024-02-18,Georgia State Panthers,68.0,away,0.0,0.0,True,3.0
2024-02-18,UT Rio Grande Valley Vaqueros,70.0,home,0.0,0.0,False,-19.0
2024-02-18,UT Arlington Mavericks,89.0,away,0.0,0.0,True,19.0
2024-02-18,Clemson Tigers,77.0,home,0.0,0.0,False,-1.0
2024-02-18,NC State Wolfpack,78.0,away,0.0,0.0,True,1.0
2024-02-18,Washington Huskies,80.0,home,0.0,0.0,False,-2.0
2024-02-18,California Golden Bears,82.0,away,0.0,0.0,True,2.0
2024-02-18,Michigan Wolverines,63.0,home,0.0,0.0,False,-10.0
2024-02-18,Michigan State Spartans,73.0,away,0.0,0.0,True,10.0
2024-02-18,Grand Canyon Lopes,79.0,home,0.0,0.0,True,3.0
2024-02-18,California Baptist Lancers,76.0,away,0.0,0.0,False,-3.0
2024-02-18,Princeton Tigers,73.0,home,0.0,0.0,True,11.0
2024-02-18,Yale Bulldogs,62.0,away,0.0,0.0,False,-11.0
2024-02-18,Southern Utah Thunderbirds,75.0,home,0.0,0.0,False,-3.0
2024-02-18,Utah Valley Wolverines,78.0,away,0.0,0.0,True,3.0
2024-02-18,Gonzaga Bulldogs,102.0,home,0.0,0.0,True,26.0
2024-02-18,Pacific Tigers,76.0,away,0.0,0.0,False,-26.0
2024-02-18,Milwaukee Panthers,73.0,home,0.0,0.0,True,1.0
2024-02-18,Northern Kentucky Norse,72.0,away,0.0,0.0,False,-1.0
2024-02-18,Loyola Marymount Lions,59.0,home,0.0,0.0,False,-23.0
2024-02-18,San Francisco Dons,82.0,away,0.0,0.0,True,23.0
2024-02-18,Ole Miss Rebels,79.0,home,0.0,0.0,True,3.0
2024-02-18,Missouri Tigers,76.0,away,0.0,0.0,False,-3.0
2024-02-18,Oral Roberts Golden Eagles,65.0,home,0.0,0.0,False,-13.0
2024-02-18,North Dakota Fighting Hawks,78.0,away,0.0,0.0,True,13.0
2024-02-18,St. Thomas-Minnesota Tommies,83.0,home,0.0,0.0,True,3.0
2024-02-18,South Dakota Coyotes,80.0,away,0.0,0.0,False,-3.0
2024-02-18,Omaha Mavericks,77.0,home,0.0,0.0,False,-8.0
2024-02-18,South Dakota State Jackrabbits,85.0,away,0.0,0.0,True,8.0
2024-02-18,Utah Tech Trailblazers,65.0,home,0.0,0.0,False,-1.0
2024-02-18,Seattle U Redhawks,66.0,away,0.0,0.0,True,1.0
2024-02-18,Cal State Northridge Matadors,73.0,home,0.0,0.0,False,-14.0
2024-02-18,Long Beach State Beach,87.0,away,0.0,0.0,True,14.0
2024-02-18,North Alabama Lions,79.0,home,0.0,0.0,False,-8.0
2024-02-18,Austin Peay Governors,87.0,away,0.0,0.0,True,8.0
2024-02-18,San José State Spartans,75.0,home,0.0,0.0,False,-5.0
2024-02-18,Wyoming Cowboys,80.0,away,0.0,0.0,True,5.0
2024-02-18,Montana Grizzlies,88.0,home,0.0,0.0,True,19.0
2024-02-18,Montana State Bobcats,69.0,away,0.0,0.0,False,-19.0
2024-02-18,USC Trojans,89.0,home,0.0,0.0,False,-3.0
2024-02-18,Colorado Buffaloes,92.0,away,0.0,0.0,True,3.0
2024-02-18,Oregon State Beavers,58.0,home,0.0,0.0,False,-2.0
2024-02-18,Oregon Ducks,60.0,away,0.0,0.0,True,2.0
2024-02-18,San Diego Toreros,69.0,home,0.0,0.0,False,-13.0
2024-02-18,Santa Clara Broncos,82.0,away,0.0,0.0,True,13.0
2024-02-18,Pepperdine Waves,91.0,home,0.0,0.0,True,21.0
2024-02-18,Portland Pilots,70.0,away,0.0,0.0,False,-21.0
2024-02-18,UC Irvine Anteaters,77.0,home,0.0,0.0,True,6.0
2024-02-18,Cal State Bakersfield Roadrunners,71.0,away,0.0,0.0,False,-6.0
2024-02-18,UNLV Rebels,66.0,home,0.0,0.0,False,-3.0
2024-02-18,Nevada Wolf Pack,69.0,away,0.0,0.0,True,3.0
2024-03-03,UConn Huskies,91.0,home,0.0,0.0,True,30.0
2024-03-03,Seton Hall Pirates,61.0,away,0.0,0.0,False,-30.0
2024-03-03,Canisius Golden Griffins,61.0,home,0.0,0.0,False,-4.0
2024-03-03,Rider Broncs,65.0,away,0.0,0.0,True,4.0
2024-03-03,Southern Illinois Salukis,70.0,home,0.0,0.0,False,-12.0
2024-03-03,Northern Iowa Panthers,82.0,away,0.0,0.0,True,12.0
2024-03-03,Valparaiso Beacons,75.0,home,0.0,0.0,True,3.0
2024-03-03,Illinois State Redbirds,72.0,away,0.0,0.0,False,-3.0
2024-03-03,Quinnipiac Bobcats,71.0,home,0.0,0.0,True,14.0
2024-03-03,Siena Saints,57.0,away,0.0,0.0,False,-14.0
2024-03-03,Oral Roberts Golden Eagles,54.0,home,0.0,0.0,False,-17.0
2024-03-03,Kansas City Roos,71.0,away,0.0,0.0,True,17.0
2024-03-03,Memphis Tigers,106.0,home,0.0,0.0,True,19.0
2024-03-03,UAB Blazers,87.0,away,0.0,0.0,False,-19.0
2024-03-03,North Texas Mean Green,84.0,home,0.0,0.0,True,15.0
2024-03-03,East Carolina Pirates,69.0,away,0.0,0.0,False,-15.0
2024-03-03,Missouri State Bears,69.0,home,0.0,0.0,True,10.0
2024-03-03,UIC Flames,59.0,away,0.0,0.0,False,-10.0
2024-03-03,Maryland Terrapins,78.0,home,0.0,0.0,False,-5.0
2024-03-03,Indiana Hoosiers,83.0,away,0.0,0.0,True,5.0
2024-03-03,Saint Peter's Peacocks,89.0,home,0.0,0.0,True,32.0
2024-03-03,Manhattan Jaspers,57.0,away,0.0,0.0,False,-32.0
2024-03-03,Niagara Purple Eagles,72.0,home,0.0,0.0,False,-19.0
2024-03-03,Mount St. Mary's Mountaineers,91.0,away,0.0,0.0,True,19.0
2024-03-03,Marist Red Foxes,64.0,home,0.0,0.0,False,-7.0
2024-03-03,Iona Gaels,71.0,away,0.0,0.0,True,7.0
2024-03-03,Nebraska Cornhuskers,67.0,home,0.0,0.0,True,11.0
2024-03-03,Rutgers Scarlet Knights,56.0,away,0.0,0.0,False,-11.0
2024-03-03,Indiana State Sycamores,89.0,home,0.0,0.0,True,12.0
2024-03-03,Murray State Racers,77.0,away,0.0,0.0,False,-12.0
2024-03-03,Belmont Bruins,83.0,home,0.0,0.0,True,17.0
2024-03-03,Evansville Purple Aces,66.0,away,0.0,0.0,False,-17.0
2024-03-03,Ohio State Buckeyes,84.0,home,0.0,0.0,True,23.0
2024-03-03,Michigan Wolverines,61.0,away,0.0,0.0,False,-23.0
2024-03-04,Colorado Buffaloes,81.0,home,0.0,0.0,True,10.0
2024-03-04,Stanford Cardinal,71.0,away,0.0,0.0,False,-10.0
2024-03-03,Drake Bulldogs,74.0,home,0.0,0.0,True,8.0
2024-03-03,Bradley Braves,66.0,away,0.0,0.0,False,-8.0
2024-03-01,San Francisco Dons,68.0,home,0.0,0.0,False,-18.0
2024-03-01,Gonzaga Bulldogs,86.0,away,0.0,0.0,True,18.0
2024-03-01,Fairleigh Dickinson Knights,55.0,home,0.0,0.0,False,-19.0
2024-03-01,Merrimack Warriors,74.0,away,0.0,0.0,True,19.0
2024-02-29,Binghamton Bearcats,76.0,home,0.0,0.0,True,2.0
2024-02-29,Maine Black Bears,74.0,away,0.0,0.0,False,-2.0
2024-03-01,Le Moyne Dolphins,70.0,home,0.0,0.0,True,14.0
2024-03-01,Wagner Seahawks,56.0,away,0.0,0.0,False,-14.0
2024-03-01,NJIT Highlanders,60.0,home,0.0,0.0,False,-19.0
2024-03-01,UMBC Retrievers,79.0,away,0.0,0.0,True,19.0
2024-02-29,UMass Lowell River Hawks,89.0,home,0.0,0.0,True,22.0
2024-02-29,Bryant Bulldogs,67.0,away,0.0,0.0,False,-22.0
2024-03-01,Drexel Dragons,90.0,home,0.0,0.0,True,4.0
2024-03-01,Stony Brook Seawolves,86.0,away,0.0,0.0,False,-4.0
2024-03-01,Pepperdine Waves,57.0,home,0.0,0.0,False,-26.0
2024-03-01,Saint Mary's Gaels,83.0,away,0.0,0.0,True,26.0
2024-03-01,Washington State Cougars,75.0,home,0.0,0.0,True,3.0
2024-03-01,USC Trojans,72.0,away,0.0,0.0,False,-3.0
2024-03-01,Central Connecticut Blue Devils,78.0,home,0.0,0.0,True,14.0
2024-03-01,Long Island University Sharks,64.0,away,0.0,0.0,False,-14.0
2024-03-01,Gardner-Webb Runnin' Bulldogs,72.0,home,0.0,0.0,True,3.0
2024-03-01,Longwood Lancers,69.0,away,0.0,0.0,False,-3.0
2024-02-29,Ohio State Buckeyes,78.0,home,0.0,0.0,True,9.0
2024-02-29,Nebraska Cornhuskers,69.0,away,0.0,0.0,False,-9.0
2024-03-01,East Carolina Pirates,58.0,home,0.0,0.0,False,-24.0
2024-03-01,Memphis Tigers,82.0,away,0.0,0.0,True,24.0
2024-03-01,Elon Phoenix,76.0,home,0.0,0.0,True,5.0
2024-03-01,William & Mary Tribe,71.0,away,0.0,0.0,False,-5.0
2024-03-01,Delaware Blue Hens,73.0,home,0.0,0.0,True,6.0
2024-03-01,Northeastern Huskies,67.0,away,0.0,0.0,False,-6.0
2024-03-01,Charleston Cougars,96.0,home,0.0,0.0,True,23.0
2024-03-01,Campbell Fighting Camels,73.0,away,0.0,0.0,False,-23.0
2024-03-01,UNC Wilmington Seahawks,58.0,home,0.0,0.0,False,-11.0
2024-03-01,Hofstra Pride,69.0,away,0.0,0.0,True,11.0
2024-03-01,North Carolina A&T Aggies,58.0,home,0.0,0.0,False,-26.0
2024-03-01,Towson Tigers,84.0,away,0.0,0.0,True,26.0
2024-03-01,Stonehill Skyhawks,51.0,home,0.0,0.0,False,-28.0
2024-03-01,Sacred Heart Pioneers,79.0,away,0.0,0.0,True,28.0
2024-03-01,Hampton Pirates,64.0,home,0.0,0.0,True,8.0
2024-03-01,Monmouth Hawks,56.0,away,0.0,0.0,False,-8.0
2024-03-01,UAlbany Great Danes,91.0,home,0.0,0.0,True,24.0
2024-03-01,New Hampshire Wildcats,67.0,away,0.0,0.0,False,-24.0
2024-03-01,South Dakota Coyotes,88.0,home,0.0,0.0,True,20.0
2024-03-01,North Dakota State Bison,68.0,away,0.0,0.0,False,-20.0
2024-03-01,Rutgers Scarlet Knights,82.0,home,0.0,0.0,True,30.0
2024-03-01,Michigan Wolverines,52.0,away,0.0,0.0,False,-30.0
2024-03-01,UT Martin Skyhawks,80.0,home,0.0,0.0,True,11.0
2024-03-01,Tennessee Tech Golden Eagles,69.0,away,0.0,0.0,False,-11.0
2024-03-01,Western Illinois Leathernecks,70.0,home,0.0,0.0,True,4.0
2024-03-01,Eastern Illinois Panthers,66.0,away,0.0,0.0,False,-4.0
2024-03-01,North Dakota Fighting Hawks,62.0,home,0.0,0.0,False,-10.0
2024-03-01,South Dakota State Jackrabbits,72.0,away,0.0,0.0,True,10.0
2024-03-01,Southern Indiana Screaming Eagles,63.0,home,0.0,0.0,False,-4.0
2024-03-01,Lindenwood Lions,67.0,away,0.0,0.0,True,4.0
2024-03-01,Little Rock Trojans,85.0,home,0.0,0.0,True,25.0
2024-03-01,Tennessee State Tigers,60.0,away,0.0,0.0,False,-25.0
2024-03-01,Grand Canyon Lopes,72.0,home,0.0,0.0,True,29.0
2024-03-01,UT Rio Grande Valley Vaqueros,43.0,away,0.0,0.0,False,-29.0
2024-03-01,Weber State Wildcats,85.0,home,0.0,0.0,True,4.0
2024-03-01,Northern Colorado Bears,81.0,away,0.0,0.0,False,-4.0
2024-03-01,Jacksonville State Gamecocks,65.0,home,0.0,0.0,False,-7.0
2024-03-01,UTEP Miners,72.0,away,0.0,0.0,True,7.0
2024-03-01,Utah Utes,90.0,home,0.0,0.0,True,22.0
2024-03-01,Stanford Cardinal,68.0,away,0.0,0.0,False,-22.0
2024-03-01,Morehead State Eagles,72.0,home,0.0,0.0,True,22.0
2024-03-01,Southeast Missouri State Redhawks,50.0,away,0.0,0.0,False,-22.0
2024-03-01,St. Thomas-Minnesota Tommies,88.0,home,0.0,0.0,True,27.0
2024-03-01,Omaha Mavericks,61.0,away,0.0,0.0,False,-27.0
2024-03-01,Southern Utah Thunderbirds,68.0,home,0.0,0.0,False,-9.0
2024-03-01,Abilene Christian Wildcats,77.0,away,0.0,0.0,True,9.0
2024-03-01,Utah Tech Trailblazers,74.0,home,0.0,0.0,False,-11.0
2024-03-01,Tarleton State Texans,85.0,away,0.0,0.0,True,11.0
2024-03-01,Portland Pilots,80.0,home,0.0,0.0,True,5.0
2024-03-01,Santa Clara Broncos,75.0,away,0.0,0.0,False,-5.0
2024-03-01,Liberty Flames,83.0,home,0.0,0.0,True,25.0
2024-03-01,New Mexico State Aggies,58.0,away,0.0,0.0,False,-25.0
2024-03-01,Denver Pioneers,69.0,home,0.0,0.0,False,-15.0
2024-03-01,Kansas City Roos,84.0,away,0.0,0.0,True,15.0
2024-03-01,UC Davis Aggies,75.0,home,0.0,0.0,True,12.0
2024-03-01,Hawai'i Rainbow Warriors,63.0,away,0.0,0.0,False,-12.0
2024-03-01,Idaho State Bengals,88.0,home,0.0,0.0,False,-4.0
2024-03-01,Northern Arizona Lumberjacks,92.0,away,0.0,0.0,True,4.0
2024-03-01,Idaho Vandals,48.0,home,0.0,0.0,False,-14.0
2024-03-01,Montana State Bobcats,62.0,away,0.0,0.0,True,14.0
2024-03-01,Seattle U Redhawks,62.0,home,0.0,0.0,False,-20.0
2024-03-01,UT Arlington Mavericks,82.0,away,0.0,0.0,True,20.0
2024-03-01,California Baptist Lancers,60.0,home,0.0,0.0,False,-2.0
2024-03-01,Stephen F. Austin Lumberjacks,62.0,away,0.0,0.0,True,2.0
2024-03-01,Cal State Northridge Matadors,64.0,home,0.0,0.0,False,-25.0
2024-03-01,UC Irvine Anteaters,89.0,away,0.0,0.0,True,25.0
2024-03-01,UC Santa Barbara Gauchos,83.0,home,0.0,0.0,True,8.0
2024-03-01,Cal Poly Mustangs,75.0,away,0.0,0.0,False,-8.0
2024-03-01,Long Beach State Beach,71.0,home,0.0,0.0,False,-5.0
2024-03-01,Cal State Fullerton Titans,76.0,away,0.0,0.0,True,5.0
2024-03-01,Cal State Bakersfield Roadrunners,70.0,home,0.0,0.0,True,13.0
2024-03-01,UC San Diego Tritons,57.0,away,0.0,0.0,False,-13.0
2024-03-01,Washington Huskies,94.0,home,0.0,0.0,True,17.0
2024-03-01,UCLA Bruins,77.0,away,0.0,0.0,False,-17.0
2024-03-01,Loyola Marymount Lions,96.0,home,0.0,0.0,True,34.0
2024-03-01,San Diego Toreros,62.0,away,0.0,0.0,False,-34.0
2024-03-01,Eastern Washington Eagles,89.0,home,0.0,0.0,True,10.0
2024-03-01,Montana Grizzlies,79.0,away,0.0,0.0,False,-10.0
2024-02-29,Iowa State Cyclones,58.0,home,0.0,0.0,True,13.0
2024-02-29,Oklahoma Sooners,45.0,away,0.0,0.0,False,-13.0
2024-02-29,Creighton Bluejays,85.0,home,0.0,0.0,True,21.0
2024-02-29,Seton Hall Pirates,64.0,away,0.0,0.0,False,-21.0
2024-02-29,Duke Blue Devils,84.0,home,0.0,0.0,True,25.0
2024-02-29,Louisville Cardinals,59.0,away,0.0,0.0,False,-25.0
2024-02-29,Marquette Golden Eagles,91.0,home,0.0,0.0,True,22.0
2024-02-29,Providence Friars,69.0,away,0.0,0.0,False,-22.0
2024-02-29,Arizona State Sun Devils,67.0,home,0.0,0.0,False,-18.0
2024-02-29,Arizona Wildcats,85.0,away,0.0,0.0,True,18.0
2024-02-29,Illinois Fighting Illini,105.0,home,0.0,0.0,True,8.0
2024-02-29,Minnesota Golden Gophers,97.0,away,0.0,0.0,False,-8.0
2024-02-29,South Carolina Upstate Spartans,74.0,home,0.0,0.0,True,2.0
2024-02-29,Presbyterian Blue Hose,72.0,away,0.0,0.0,False,-2.0
2024-02-28,Lehigh Mountain Hawks,62.0,home,0.0,0.0,False,-2.0
2024-02-28,Boston University Terriers,64.0,away,0.0,0.0,True,2.0
2024-02-29,Charleston Southern Buccaneers,58.0,home,0.0,0.0,True,1.0
2024-02-29,Radford Highlanders,57.0,away,0.0,0.0,False,-1.0
2024-02-29,High Point Panthers,100.0,home,0.0,0.0,True,4.0
2024-02-29,Winthrop Eagles,96.0,away,0.0,0.0,False,-4.0
2024-02-29,Texas A&M Aggies,68.0,home,0.0,0.0,False,-2.0
2024-02-29,South Carolina Gamecocks,70.0,away,0.0,0.0,True,2.0
2024-02-29,Maryland Terrapins,61.0,home,0.0,0.0,False,-7.0
2024-02-29,Northwestern Wildcats,68.0,away,0.0,0.0,True,7.0
2024-02-28,Youngstown State Penguins,69.0,home,0.0,0.0,True,14.0
2024-02-28,Detroit Mercy Titans,55.0,away,0.0,0.0,False,-14.0
2024-02-29,Tulane Green Wave,76.0,home,0.0,0.0,False,-4.0
2024-02-29,North Texas Mean Green,80.0,away,0.0,0.0,True,4.0
2024-02-29,Tennessee Volunteers,92.0,home,0.0,0.0,True,8.0
2024-02-29,Auburn Tigers,84.0,away,0.0,0.0,False,-8.0
2024-02-29,Ole Miss Rebels,88.0,home,0.0,0.0,False,-15.0
2024-02-29,Alabama Crimson Tide,103.0,away,0.0,0.0,True,15.0
2024-02-28,Florida Gators,83.0,home,0.0,0.0,True,9.0
2024-02-28,Missouri Tigers,74.0,away,0.0,0.0,False,-9.0
2024-02-28,VCU Rams,88.0,home,0.0,0.0,True,21.0
2024-02-28,Rhode Island Rams,67.0,away,0.0,0.0,False,-21.0
2024-02-28,Army Black Knights,51.0,home,0.0,0.0,False,-22.0
2024-02-28,American University Eagles,73.0,away,0.0,0.0,True,22.0
2024-02-28,App State Mountaineers,89.0,home,0.0,0.0,True,25.0
2024-02-28,Old Dominion Monarchs,64.0,away,0.0,0.0,False,-25.0
2024-02-29,Jacksonville Dolphins,73.0,home,0.0,0.0,False,-13.0
2024-02-29,Stetson Hatters,86.0,away,0.0,0.0,True,13.0
2024-02-29,Xavier Musketeers,91.0,home,0.0,0.0,True,33.0
2024-02-29,DePaul Blue Demons,58.0,away,0.0,0.0,False,-33.0
2024-02-29,Navy Midshipmen,62.0,home,0.0,0.0,True,4.0
2024-02-29,Lafayette Leopards,58.0,away,0.0,0.0,False,-4.0
2024-02-29,UNC Greensboro Spartans,100.0,home,0.0,0.0,True,42.0
2024-02-29,VMI Keydets,58.0,away,0.0,0.0,False,-42.0
2024-02-29,Chattanooga Mocs,84.0,home,0.0,0.0,True,9.0
2024-02-29,Mercer Bears,75.0,away,0.0,0.0,False,-9.0
2024-02-29,The Citadel Bulldogs,63.0,home,0.0,0.0,False,-18.0
2024-02-29,East Tennessee State Buccaneers,81.0,away,0.0,0.0,True,18.0
2024-02-29,Western Carolina Catamounts,85.0,home,0.0,0.0,True,8.0
2024-02-29,Furman Paladins,77.0,away,0.0,0.0,False,-8.0
2024-02-29,IU Indianapolis Jaguars,70.0,home,0.0,0.0,False,-5.0
2024-02-29,Milwaukee Panthers,75.0,away,0.0,0.0,True,5.0
2024-02-29,Duquesne Dukes,75.0,home,0.0,0.0,True,12.0
2024-02-29,La Salle Explorers,63.0,away,0.0,0.0,False,-12.0
2024-02-29,Loyola Maryland Greyhounds,46.0,home,0.0,0.0,False,-22.0
2024-02-29,Bucknell Bison,68.0,away,0.0,0.0,True,22.0
2024-02-29,Holy Cross Crusaders,58.0,home,0.0,0.0,False,-19.0
2024-02-29,Colgate Raiders,77.0,away,0.0,0.0,True,19.0
2024-02-29,Wright State Raiders,77.0,home,0.0,0.0,False,-2.0
2024-02-29,Purdue Fort Wayne Mastodons,79.0,away,0.0,0.0,True,2.0
2024-02-29,Coastal Carolina Chanticleers,60.0,home,0.0,0.0,False,-11.0
2024-02-29,Arkansas State Red Wolves,71.0,away,0.0,0.0,True,11.0
2024-02-29,North Florida Ospreys,60.0,home,0.0,0.0,False,-19.0
2024-02-29,Florida Gulf Coast Eagles,79.0,away,0.0,0.0,True,19.0
2024-02-29,Robert Morris Colonials,60.0,home,0.0,0.0,False,-10.0
2024-02-29,Northern Kentucky Norse,70.0,away,0.0,0.0,True,10.0
2024-02-29,Colorado Buffaloes,88.0,home,0.0,0.0,True,10.0
2024-02-29,California Golden Bears,78.0,away,0.0,0.0,False,-10.0
2024-02-29,Georgia Southern Eagles,87.0,home,0.0,0.0,True,14.0
2024-02-29,Marshall Thundering Herd,73.0,away,0.0,0.0,False,-14.0
2024-02-29,Cleveland State Vikings,61.0,home,0.0,0.0,False,-8.0
2024-02-29,Green Bay Phoenix,69.0,away,0.0,0.0,True,8.0
2024-02-29,Wofford Terriers,91.0,home,0.0,0.0,True,22.0
2024-02-29,Samford Bulldogs,69.0,away,0.0,0.0,False,-22.0
2024-02-29,Georgia State Panthers,78.0,home,0.0,0.0,False,-6.0
2024-02-29,James Madison Dukes,84.0,away,0.0,0.0,True,6.0
2024-02-29,Oklahoma State Cowboys,71.0,home,0.0,0.0,False,-6.0
2024-02-29,UCF Knights,77.0,away,0.0,0.0,True,6.0
2024-02-29,UTSA Roadrunners,89.0,home,0.0,0.0,True,16.0
2024-02-29,Tulsa Golden Hurricane,73.0,away,0.0,0.0,False,-16.0
2024-02-29,Bradley Braves,86.0,home,0.0,0.0,True,19.0
2024-02-29,Southern Illinois Salukis,67.0,away,0.0,0.0,False,-19.0
2024-02-29,Lipscomb Bisons,90.0,home,0.0,0.0,True,16.0
2024-02-29,Bellarmine Knights,74.0,away,0.0,0.0,False,-16.0
2024-02-29,Evansville Purple Aces,67.0,home,0.0,0.0,False,-18.0
2024-02-29,Indiana State Sycamores,85.0,away,0.0,0.0,True,18.0
2024-02-29,UAB Blazers,66.0,home,0.0,0.0,False,-8.0
2024-02-29,Wichita State Shockers,74.0,away,0.0,0.0,True,8.0
2024-02-29,Rice Owls,43.0,home,0.0,0.0,False,-22.0
2024-02-29,Temple Owls,65.0,away,0.0,0.0,True,22.0
2024-02-29,Murray State Racers,61.0,home,0.0,0.0,False,-22.0
2024-02-29,Belmont Bruins,83.0,away,0.0,0.0,True,22.0
2024-02-29,UIC Flames,105.0,home,0.0,0.0,False,-2.0
2024-02-29,Drake Bulldogs,107.0,away,0.0,0.0,True,2.0
2024-02-29,Illinois State Redbirds,75.0,home,0.0,0.0,True,1.0
2024-02-29,Missouri State Bears,74.0,away,0.0,0.0,False,-1.0
2024-02-29,Austin Peay Governors,83.0,home,0.0,0.0,True,4.0
2024-02-29,Eastern Kentucky Colonels,79.0,away,0.0,0.0,False,-4.0
2024-02-29,Saint Louis Billikens,64.0,home,0.0,0.0,False,-16.0
2024-02-29,Richmond Spiders,80.0,away,0.0,0.0,True,16.0
2024-02-29,Boston College Eagles,68.0,home,0.0,0.0,False,-4.0
2024-02-29,Virginia Cavaliers,72.0,away,0.0,0.0,True,4.0
2024-02-29,South Alabama Jaguars,73.0,home,0.0,0.0,True,3.0
2024-02-29,Southern Miss Golden Eagles,70.0,away,0.0,0.0,False,-3.0
2024-02-29,Louisiana Ragin' Cajuns,73.0,home,0.0,0.0,False,-14.0
2024-02-29,Troy Trojans,87.0,away,0.0,0.0,True,14.0
2024-02-29,Western Kentucky Hilltoppers,84.0,home,0.0,0.0,False,-6.0
2024-02-29,Louisiana Tech Bulldogs,90.0,away,0.0,0.0,True,6.0
2024-02-29,Oregon Ducks,78.0,home,0.0,0.0,True,7.0
2024-02-29,Oregon State Beavers,71.0,away,0.0,0.0,False,-7.0
2024-02-29,Butler Bulldogs,59.0,home,0.0,0.0,False,-23.0
2024-02-29,St. John's Red Storm,82.0,away,0.0,0.0,True,23.0
2024-03-05,Incarnate Word Cardinals,56.0,home,0.0,0.0,False,-17.0
2024-03-05,SE Louisiana Lions,73.0,away,0.0,0.0,True,17.0
2024-03-05,Northwestern State Demons,62.0,home,0.0,0.0,False,-6.0
2024-03-05,Nicholls Colonels,68.0,away,0.0,0.0,True,6.0
2024-03-05,East Texas A&M Lions,53.0,home,0.0,0.0,False,-17.0
2024-03-05,Lamar Cardinals,70.0,away,0.0,0.0,True,17.0
2024-03-05,Kennesaw State Owls,86.0,home,0.0,0.0,False,-6.0
2024-03-05,Jacksonville Dolphins,92.0,away,0.0,0.0,True,6.0
2024-03-05,Montana Grizzlies,79.0,home,0.0,0.0,True,14.0
2024-03-05,Idaho State Bengals,65.0,away,0.0,0.0,False,-14.0
2024-03-05,Prairie View A&M Panthers,74.0,home,0.0,0.0,False,-5.0
2024-03-05,Jackson State Tigers,79.0,away,0.0,0.0,True,5.0
2024-03-05,Baylor Bears,93.0,home,0.0,0.0,True,8.0
2024-03-05,Texas Longhorns,85.0,away,0.0,0.0,False,-8.0
2024-03-05,Howard Bison,85.0,home,0.0,0.0,True,19.0
2024-03-05,Delaware State Hornets,66.0,away,0.0,0.0,False,-19.0
2024-03-05,Florida Gulf Coast Eagles,63.0,home,0.0,0.0,False,-6.0
2024-03-05,Queens University Royals,69.0,away,0.0,0.0,True,6.0
2024-03-05,Texas Southern Tigers,79.0,home,0.0,0.0,False,-3.0
2024-03-05,Alcorn State Braves,82.0,away,0.0,0.0,True,3.0
2024-03-05,Coppin State Eagles,58.0,home,0.0,0.0,False,-3.0
2024-03-05,South Carolina State Bulldogs,61.0,away,0.0,0.0,True,3.0
2024-03-05,Morgan State Bears,88.0,home,0.0,0.0,True,9.0
2024-03-05,North Carolina Central Eagles,79.0,away,0.0,0.0,False,-9.0
2024-03-05,NC State Wolfpack,64.0,home,0.0,0.0,False,-15.0
2024-03-05,Duke Blue Devils,79.0,away,0.0,0.0,True,15.0
2024-03-05,Grambling Tigers,69.0,home,0.0,0.0,True,9.0
2024-03-05,Bethune-Cookman Wildcats,60.0,away,0.0,0.0,False,-9.0
2024-03-05,Northern Arizona Lumberjacks,74.0,home,0.0,0.0,False,-8.0
2024-03-05,Northern Colorado Bears,82.0,away,0.0,0.0,True,8.0
2024-03-05,Montana State Bobcats,76.0,home,0.0,0.0,True,12.0
2024-03-05,Weber State Wildcats,64.0,away,0.0,0.0,False,-12.0
2024-03-05,Norfolk State Spartans,69.0,home,0.0,0.0,True,19.0
2024-03-05,Maryland Eastern Shore Hawks,50.0,away,0.0,0.0,False,-19.0
2024-03-05,McNeese Cowboys,87.0,home,0.0,0.0,True,18.0
2024-03-05,Houston Christian Huskies,69.0,away,0.0,0.0,False,-18.0
2024-03-05,Texas A&M-Corpus Christi Islanders,73.0,home,0.0,0.0,True,13.0
2024-03-05,New Orleans Privateers,60.0,away,0.0,0.0,False,-13.0
2024-03-05,Southern Jaguars,58.0,home,0.0,0.0,True,14.0
2024-03-05,Florida A&M Rattlers,44.0,away,0.0,0.0,False,-14.0
2024-03-05,Portland State Vikings,72.0,home,0.0,0.0,True,15.0
2024-03-05,Idaho Vandals,57.0,away,0.0,0.0,False,-15.0
2024-03-05,Sacramento State Hornets,88.0,home,0.0,0.0,False,-3.0
2024-03-05,Eastern Washington Eagles,91.0,away,0.0,0.0,True,3.0
2024-03-07,Iowa State Cyclones,68.0,home,0.0,0.0,True,5.0
2024-03-07,BYU Cougars,63.0,away,0.0,0.0,False,-5.0
2024-03-07,UCF Knights,59.0,home,0.0,0.0,False,-8.0
2024-03-07,Houston Cougars,67.0,away,0.0,0.0,True,8.0
2024-03-07,South Carolina Gamecocks,59.0,home,0.0,0.0,False,-7.0
2024-03-07,Tennessee Volunteers,66.0,away,0.0,0.0,True,7.0
2024-03-07,Marquette Golden Eagles,67.0,home,0.0,0.0,False,-7.0
2024-03-07,UConn Huskies,74.0,away,0.0,0.0,True,7.0
2024-03-07,Sacred Heart Pioneers,57.0,home,0.0,0.0,False,-3.0
2024-03-07,Wagner Seahawks,60.0,away,0.0,0.0,True,3.0
2024-03-07,Merrimack Warriors,72.0,home,0.0,0.0,True,6.0
2024-03-07,Long Island University Sharks,66.0,away,0.0,0.0,False,-6.0
2024-03-06,Seton Hall Pirates,66.0,home,0.0,0.0,True,10.0
2024-03-06,Villanova Wildcats,56.0,away,0.0,0.0,False,-10.0
2024-03-07,Davidson Wildcats,59.0,home,0.0,0.0,False,-10.0
2024-03-07,Loyola Chicago Ramblers,69.0,away,0.0,0.0,True,10.0
2024-03-07,Arkansas Razorbacks,94.0,home,0.0,0.0,True,11.0
2024-03-07,LSU Tigers,83.0,away,0.0,0.0,False,-11.0
2024-03-07,Miami Hurricanes,57.0,home,0.0,0.0,False,-10.0
2024-03-07,Boston College Eagles,67.0,away,0.0,0.0,True,10.0
2024-03-07,George Washington Revolutionaries,86.0,home,0.0,0.0,True,11.0
2024-03-07,St. Bonaventure Bonnies,75.0,away,0.0,0.0,False,-11.0
2024-03-07,Richmond Spiders,73.0,home,0.0,0.0,True,7.0
2024-03-07,Saint Joseph's Hawks,66.0,away,0.0,0.0,False,-7.0
2024-03-07,Central Connecticut Blue Devils,71.0,home,0.0,0.0,True,9.0
2024-03-07,Saint Francis Red Flash,62.0,away,0.0,0.0,False,-9.0
2024-03-07,West Virginia Mountaineers,81.0,home,0.0,0.0,False,-12.0
2024-03-07,TCU Horned Frogs,93.0,away,0.0,0.0,True,12.0
2024-03-07,Rhode Island Rams,51.0,home,0.0,0.0,False,-18.0
2024-03-07,George Mason Patriots,69.0,away,0.0,0.0,True,18.0
2024-03-07,Charlotte 49ers,69.0,home,0.0,0.0,True,5.0
2024-03-07,Rice Owls,64.0,away,0.0,0.0,False,-5.0
2024-03-07,Le Moyne Dolphins,82.0,home,0.0,0.0,True,21.0
2024-03-07,Fairleigh Dickinson Knights,61.0,away,0.0,0.0,False,-21.0
2024-03-07,Kentucky Wildcats,93.0,home,0.0,0.0,True,16.0
2024-03-07,Vanderbilt Commodores,77.0,away,0.0,0.0,False,-16.0
2024-03-07,San José State Spartans,70.0,home,0.0,0.0,False,-20.0
2024-03-07,Utah State Aggies,90.0,away,0.0,0.0,True,20.0
2024-03-07,Michigan State Spartans,53.0,home,0.0,0.0,True,4.0
2024-03-07,Northwestern Wildcats,49.0,away,0.0,0.0,False,-4.0
2024-03-07,Tennessee State Tigers,78.0,home,0.0,0.0,True,14.0
2024-03-07,Southern Indiana Screaming Eagles,64.0,away,0.0,0.0,False,-14.0
2024-03-07,Massachusetts Minutemen,66.0,home,0.0,0.0,True,2.0
2024-03-07,Fordham Rams,64.0,away,0.0,0.0,False,-2.0
2024-03-07,Hawai'i Rainbow Warriors,72.0,home,0.0,0.0,True,2.0
2024-03-07,Cal State Northridge Matadors,70.0,away,0.0,0.0,False,-2.0
2024-03-07,South Carolina Upstate Spartans,60.0,home,0.0,0.0,False,-7.0
2024-03-07,Radford Highlanders,67.0,away,0.0,0.0,True,7.0
2024-03-07,East Texas A&M Lions,83.0,home,0.0,0.0,True,3.0
2024-03-07,Northwestern State Demons,80.0,away,0.0,0.0,False,-3.0
2024-03-07,New Orleans Privateers,57.0,home,0.0,0.0,False,-24.0
2024-03-07,McNeese Cowboys,81.0,away,0.0,0.0,True,24.0
2024-03-07,North Texas Mean Green,76.0,home,0.0,0.0,False,-4.0
2024-03-07,Florida Atlantic Owls,80.0,away,0.0,0.0,True,4.0
2024-03-07,Butler Bulldogs,72.0,home,0.0,0.0,True,6.0
2024-03-07,Xavier Musketeers,66.0,away,0.0,0.0,False,-6.0
2024-03-07,Texas A&M Aggies,75.0,home,0.0,0.0,True,6.0
2024-03-07,Mississippi State Bulldogs,69.0,away,0.0,0.0,False,-6.0
2024-03-07,New Mexico Lobos,79.0,home,0.0,0.0,True,21.0
2024-03-07,Fresno State Bulldogs,58.0,away,0.0,0.0,False,-21.0
2024-03-07,Lamar Cardinals,78.0,home,0.0,0.0,True,10.0
2024-03-07,Houston Christian Huskies,68.0,away,0.0,0.0,False,-10.0
2024-03-07,SIU Edwardsville Cougars,68.0,home,0.0,0.0,True,11.0
2024-03-07,Eastern Illinois Panthers,57.0,away,0.0,0.0,False,-11.0
2024-03-07,Texas A&M-Corpus Christi Islanders,71.0,home,0.0,0.0,True,19.0
2024-03-07,Incarnate Word Cardinals,52.0,away,0.0,0.0,False,-19.0
2024-03-07,SMU Mustangs,80.0,home,0.0,0.0,True,3.0
2024-03-07,East Carolina Pirates,77.0,away,0.0,0.0,False,-3.0
2024-03-07,Minnesota Golden Gophers,58.0,home,0.0,0.0,False,-12.0
2024-03-07,Indiana Hoosiers,70.0,away,0.0,0.0,True,12.0
2024-02-24,Arizona Wildcats,91.0,home,0.0,0.0,True,16.0
2024-02-24,Washington Huskies,75.0,away,0.0,0.0,False,-16.0
2024-02-24,Kansas Jayhawks,86.0,home,0.0,0.0,True,19.0
2024-02-24,Texas Longhorns,67.0,away,0.0,0.0,False,-19.0
2024-02-24,Wake Forest Demon Deacons,83.0,home,0.0,0.0,True,4.0
2024-02-24,Duke Blue Devils,79.0,away,0.0,0.0,False,-4.0
2024-02-25,Tennessee Volunteers,86.0,home,0.0,0.0,True,35.0
2024-02-25,Texas A&M Aggies,51.0,away,0.0,0.0,False,-35.0
2024-02-24,Georgia Bulldogs,76.0,home,0.0,0.0,False,-21.0
2024-02-24,Auburn Tigers,97.0,away,0.0,0.0,True,21.0
2024-02-24,Illinois Fighting Illini,95.0,home,0.0,0.0,True,10.0
2024-02-24,Iowa Hawkeyes,85.0,away,0.0,0.0,False,-10.0
2024-02-25,Fresno State Bulldogs,41.0,home,0.0,0.0,False,-32.0
2024-02-25,San Diego State Aztecs,73.0,away,0.0,0.0,True,32.0
2024-02-25,UNLV Rebels,66.0,home,0.0,0.0,True,6.0
2024-02-25,Colorado State Rams,60.0,away,0.0,0.0,False,-6.0
2024-02-24,Kansas State Wildcats,84.0,home,0.0,0.0,True,10.0
2024-02-24,BYU Cougars,74.0,away,0.0,0.0,False,-10.0
2024-02-24,Baylor Bears,76.0,home,0.0,0.0,False,-6.0
2024-02-24,Houston Cougars,82.0,away,0.0,0.0,True,6.0
2024-02-25,UConn Huskies,78.0,home,0.0,0.0,True,24.0
2024-02-25,Villanova Wildcats,54.0,away,0.0,0.0,False,-24.0
2024-02-24,Virginia Cavaliers,44.0,home,0.0,0.0,False,-10.0
2024-02-24,North Carolina Tar Heels,54.0,away,0.0,0.0,True,10.0
2024-02-24,Iowa State Cyclones,71.0,home,0.0,0.0,True,7.0
2024-02-24,West Virginia Mountaineers,64.0,away,0.0,0.0,False,-7.0
2024-02-24,Ole Miss Rebels,59.0,home,0.0,0.0,False,-13.0
2024-02-24,South Carolina Gamecocks,72.0,away,0.0,0.0,True,13.0
2024-02-24,Kentucky Wildcats,117.0,home,0.0,0.0,True,22.0
2024-02-24,Alabama Crimson Tide,95.0,away,0.0,0.0,False,-22.0
2024-02-25,Saint Mary's Gaels,88.0,home,0.0,0.0,True,26.0
2024-02-25,San Diego Toreros,62.0,away,0.0,0.0,False,-26.0
2024-02-25,Arizona State Sun Devils,73.0,home,0.0,0.0,True,12.0
2024-02-25,Washington State Cougars,61.0,away,0.0,0.0,False,-12.0
2024-02-24,UCF Knights,75.0,home,0.0,0.0,True,14.0
2024-02-24,Texas Tech Red Raiders,61.0,away,0.0,0.0,False,-14.0
2024-02-24,Florida Gators,77.0,home,0.0,0.0,True,13.0
2024-02-24,Vanderbilt Commodores,64.0,away,0.0,0.0,False,-13.0
2024-02-24,Syracuse Orange,88.0,home,0.0,0.0,True,3.0
2024-02-24,Notre Dame Fighting Irish,85.0,away,0.0,0.0,False,-3.0
2024-02-24,Arkansas Razorbacks,88.0,home,0.0,0.0,True,15.0
2024-02-24,Missouri Tigers,73.0,away,0.0,0.0,False,-15.0
2024-02-24,New Hampshire Wildcats,68.0,home,0.0,0.0,False,-18.0
2024-02-24,UMBC Retrievers,86.0,away,0.0,0.0,True,18.0
2024-02-24,NC State Wolfpack,81.0,home,0.0,0.0,True,11.0
2024-02-24,Boston College Eagles,70.0,away,0.0,0.0,False,-11.0
2024-02-24,Towson Tigers,56.0,home,0.0,0.0,False,-16.0
2024-02-24,Charleston Cougars,72.0,away,0.0,0.0,True,16.0
2024-02-24,Penn State Nittany Lions,83.0,home,0.0,0.0,True,9.0
2024-02-24,Indiana Hoosiers,74.0,away,0.0,0.0,False,-9.0
2024-02-24,Stony Brook Seawolves,75.0,home,0.0,0.0,True,13.0
2024-02-24,William & Mary Tribe,62.0,away,0.0,0.0,False,-13.0
2024-02-24,Northeastern Huskies,70.0,home,0.0,0.0,True,8.0
2024-02-24,Hampton Pirates,62.0,away,0.0,0.0,False,-8.0
2024-02-24,VMI Keydets,51.0,home,0.0,0.0,False,-33.0
2024-02-24,Western Carolina Catamounts,84.0,away,0.0,0.0,True,33.0
2024-02-24,The Citadel Bulldogs,71.0,home,0.0,0.0,True,9.0
2024-02-24,Chattanooga Mocs,62.0,away,0.0,0.0,False,-9.0
2024-02-24,Radford Highlanders,88.0,home,0.0,0.0,True,6.0
2024-02-24,Longwood Lancers,82.0,away,0.0,0.0,False,-6.0
2024-02-24,Eastern Kentucky Colonels,95.0,home,0.0,0.0,True,13.0
2024-02-24,Central Arkansas Bears,82.0,away,0.0,0.0,False,-13.0
2024-02-24,UNC Asheville Bulldogs,77.0,home,0.0,0.0,False,-1.0
2024-02-24,Gardner-Webb Runnin' Bulldogs,78.0,away,0.0,0.0,True,1.0
2024-02-24,UMass Lowell River Hawks,104.0,home,0.0,0.0,True,9.0
2024-02-24,UAlbany Great Danes,95.0,away,0.0,0.0,False,-9.0
2024-02-24,Winthrop Eagles,83.0,home,0.0,0.0,True,9.0
2024-02-24,South Carolina Upstate Spartans,74.0,away,0.0,0.0,False,-9.0
2024-02-24,Rice Owls,70.0,home,0.0,0.0,True,18.0
2024-02-24,East Carolina Pirates,52.0,away,0.0,0.0,False,-18.0
2024-02-24,Le Moyne Dolphins,58.0,home,0.0,0.0,False,-10.0
2024-02-24,Fairleigh Dickinson Knights,68.0,away,0.0,0.0,True,10.0
2024-02-24,Lafayette Leopards,63.0,home,0.0,0.0,False,-8.0
2024-02-24,Lehigh Mountain Hawks,71.0,away,0.0,0.0,True,8.0
2024-02-24,Charleston Southern Buccaneers,59.0,home,0.0,0.0,False,-15.0
2024-02-24,High Point Panthers,74.0,away,0.0,0.0,True,15.0
2024-02-24,Monmouth Hawks,83.0,home,0.0,0.0,True,16.0
2024-02-24,North Carolina A&T Aggies,67.0,away,0.0,0.0,False,-16.0
2024-02-24,Sacred Heart Pioneers,67.0,home,0.0,0.0,False,-1.0
2024-02-24,Central Connecticut Blue Devils,68.0,away,0.0,0.0,True,1.0
2024-02-24,Stonehill Skyhawks,72.0,home,0.0,0.0,True,9.0
2024-02-24,Saint Francis Red Flash,63.0,away,0.0,0.0,False,-9.0
2024-02-24,Ball State Cardinals,56.0,home,0.0,0.0,False,-2.0
2024-02-24,Eastern Michigan Eagles,58.0,away,0.0,0.0,True,2.0
2024-02-24,South Dakota Coyotes,77.0,home,0.0,0.0,True,1.0
2024-02-24,Oral Roberts Golden Eagles,76.0,away,0.0,0.0,False,-1.0
2024-02-24,Maine Black Bears,68.0,home,0.0,0.0,True,10.0
2024-02-24,NJIT Highlanders,58.0,away,0.0,0.0,False,-10.0
2024-02-24,North Dakota State Bison,73.0,home,0.0,0.0,True,5.0
2024-02-24,North Dakota Fighting Hawks,68.0,away,0.0,0.0,False,-5.0
2024-02-24,Furman Paladins,82.0,home,0.0,0.0,True,15.0
2024-02-24,Wofford Terriers,67.0,away,0.0,0.0,False,-15.0
2024-02-24,Georgia State Panthers,59.0,home,0.0,0.0,False,-9.0
2024-02-24,Texas State Bobcats,68.0,away,0.0,0.0,True,9.0
2024-02-24,TCU Horned Frogs,75.0,home,0.0,0.0,True,18.0
2024-02-24,Cincinnati Bearcats,57.0,away,0.0,0.0,False,-18.0
2024-02-24,UL Monroe Warhawks,78.0,home,0.0,0.0,False,-6.0
2024-02-24,Troy Trojans,84.0,away,0.0,0.0,True,6.0
2024-02-24,Saint Louis Billikens,96.0,home,0.0,0.0,True,5.0
2024-02-24,George Washington Revolutionaries,91.0,away,0.0,0.0,False,-5.0
2024-02-24,Western Michigan Broncos,91.0,home,0.0,0.0,True,19.0
2024-02-24,Buffalo Bulls,72.0,away,0.0,0.0,False,-19.0
2024-02-24,Stetson Hatters,84.0,home,0.0,0.0,True,12.0
2024-02-24,Kennesaw State Owls,72.0,away,0.0,0.0,False,-12.0
2024-02-24,Arkansas State Red Wolves,95.0,home,0.0,0.0,True,17.0
2024-02-24,South Alabama Jaguars,78.0,away,0.0,0.0,False,-17.0
2024-02-24,Miami (OH) RedHawks,88.0,home,0.0,0.0,True,28.0
2024-02-24,Central Michigan Chippewas,60.0,away,0.0,0.0,False,-28.0
2024-02-24,Massachusetts Minutemen,67.0,home,0.0,0.0,False,-8.0
2024-02-24,St. Bonaventure Bonnies,75.0,away,0.0,0.0,True,8.0
2024-02-24,UT Arlington Mavericks,89.0,home,0.0,0.0,True,11.0
2024-02-24,Utah Tech Trailblazers,78.0,away,0.0,0.0,False,-11.0
2024-02-24,South Dakota State Jackrabbits,77.0,home,0.0,0.0,True,5.0
2024-02-24,St. Thomas-Minnesota Tommies,72.0,away,0.0,0.0,False,-5.0
2024-02-24,Samford Bulldogs,87.0,home,0.0,0.0,True,16.0
2024-02-24,East Tennessee State Buccaneers,71.0,away,0.0,0.0,False,-16.0
2024-02-24,North Carolina Central Eagles,88.0,home,0.0,0.0,True,33.0
2024-02-24,Maryland Eastern Shore Hawks,55.0,away,0.0,0.0,False,-33.0
2024-02-24,Howard Bison,78.0,home,0.0,0.0,True,6.0
2024-02-24,Morgan State Bears,72.0,away,0.0,0.0,False,-6.0
2024-02-24,South Carolina State Bulldogs,69.0,home,0.0,0.0,True,7.0
2024-02-24,Delaware State Hornets,62.0,away,0.0,0.0,False,-7.0
2024-02-24,Miami Hurricanes,76.0,home,0.0,0.0,False,-4.0
2024-02-24,Georgia Tech Yellow Jackets,80.0,away,0.0,0.0,True,4.0
2024-02-24,Murray State Racers,80.0,home,0.0,0.0,True,12.0
2024-02-24,Valparaiso Beacons,68.0,away,0.0,0.0,False,-12.0
2024-02-24,Florida A&M Rattlers,73.0,home,0.0,0.0,True,8.0
2024-02-24,Alabama State Hornets,65.0,away,0.0,0.0,False,-8.0
2024-02-24,Coppin State Eagles,66.0,home,0.0,0.0,False,-2.0
2024-02-24,Norfolk State Spartans,68.0,away,0.0,0.0,True,2.0
2024-02-24,North Texas Mean Green,62.0,home,0.0,0.0,False,-2.0
2024-02-24,UTSA Roadrunners,64.0,away,0.0,0.0,True,2.0
2024-02-24,Oklahoma State Cowboys,82.0,home,0.0,0.0,False,-2.0
2024-02-24,Oklahoma Sooners,84.0,away,0.0,0.0,True,2.0
2024-02-24,Tennessee Tech Golden Eagles,75.0,home,0.0,0.0,True,8.0
2024-02-24,Eastern Illinois Panthers,67.0,away,0.0,0.0,False,-8.0
2024-02-24,New Mexico Lobos,77.0,home,0.0,0.0,False,-1.0
2024-02-24,Air Force Falcons,78.0,away,0.0,0.0,True,1.0
2024-02-24,Bethune-Cookman Wildcats,63.0,home,0.0,0.0,True,2.0
2024-02-24,Alabama A&M Bulldogs,61.0,away,0.0,0.0,False,-2.0
2024-02-24,Northern Arizona Lumberjacks,76.0,home,0.0,0.0,False,-10.0
2024-02-24,Idaho Vandals,86.0,away,0.0,0.0,True,10.0
2024-02-24,Bellarmine Knights,82.0,home,0.0,0.0,True,12.0
2024-02-24,North Alabama Lions,70.0,away,0.0,0.0,False,-12.0
2024-02-24,Alcorn State Braves,87.0,home,0.0,0.0,True,14.0
2024-02-24,Jackson State Tigers,73.0,away,0.0,0.0,False,-14.0
2024-02-24,Nicholls Colonels,85.0,home,0.0,0.0,True,15.0
2024-02-24,East Texas A&M Lions,70.0,away,0.0,0.0,False,-15.0
2024-02-24,Northern Illinois Huskies,59.0,home,0.0,0.0,False,-21.0
2024-02-24,Ohio Bobcats,80.0,away,0.0,0.0,True,21.0
2024-02-24,Loyola Chicago Ramblers,80.0,home,0.0,0.0,True,21.0
2024-02-24,George Mason Patriots,59.0,away,0.0,0.0,False,-21.0
2024-02-24,Abilene Christian Wildcats,79.0,home,0.0,0.0,True,6.0
2024-02-24,Grand Canyon Lopes,73.0,away,0.0,0.0,False,-6.0
2024-02-24,UC San Diego Tritons,92.0,home,0.0,0.0,True,4.0
2024-02-24,UC Irvine Anteaters,88.0,away,0.0,0.0,False,-4.0
2024-02-24,Utah Valley Wolverines,71.0,home,0.0,0.0,True,9.0
2024-02-24,Stephen F. Austin Lumberjacks,62.0,away,0.0,0.0,False,-9.0
2024-02-24,Mercer Bears,86.0,home,0.0,0.0,True,14.0
2024-02-24,UNC Greensboro Spartans,72.0,away,0.0,0.0,False,-14.0
2024-02-24,Tennessee State Tigers,76.0,home,0.0,0.0,True,5.0
2024-02-24,SIU Edwardsville Cougars,71.0,away,0.0,0.0,False,-5.0
2024-02-24,Western Illinois Leathernecks,82.0,home,0.0,0.0,True,6.0
2024-02-24,Southern Indiana Screaming Eagles,76.0,away,0.0,0.0,False,-6.0
2024-02-24,Lindenwood Lions,73.0,home,0.0,0.0,False,-9.0
2024-02-24,Little Rock Trojans,82.0,away,0.0,0.0,True,9.0
2024-02-24,Southeast Missouri State Redhawks,72.0,home,0.0,0.0,False,-10.0
2024-02-24,UT Martin Skyhawks,82.0,away,0.0,0.0,True,10.0
2024-02-24,SE Louisiana Lions,77.0,home,0.0,0.0,True,10.0
2024-02-24,New Orleans Privateers,67.0,away,0.0,0.0,False,-10.0
2024-02-24,Stanford Cardinal,73.0,home,0.0,0.0,False,-12.0
2024-02-24,Oregon State Beavers,85.0,away,0.0,0.0,True,12.0
2024-02-24,Georgia Southern Eagles,74.0,home,0.0,0.0,False,-6.0
2024-02-24,James Madison Dukes,80.0,away,0.0,0.0,True,6.0
2024-02-24,Houston Christian Huskies,73.0,home,0.0,0.0,False,-13.0
2024-02-24,Northwestern State Demons,86.0,away,0.0,0.0,True,13.0
2024-02-24,Pittsburgh Panthers,79.0,home,0.0,0.0,True,15.0
2024-02-24,Virginia Tech Hokies,64.0,away,0.0,0.0,False,-15.0
2024-02-24,McNeese Cowboys,87.0,home,0.0,0.0,True,16.0
2024-02-24,Incarnate Word Cardinals,71.0,away,0.0,0.0,False,-16.0
2024-02-24,Northern Iowa Panthers,91.0,home,0.0,0.0,True,14.0
2024-02-24,Drake Bulldogs,77.0,away,0.0,0.0,False,-14.0
2024-02-24,Columbia Lions,76.0,home,0.0,0.0,False,-8.0
2024-02-24,Yale Bulldogs,84.0,away,0.0,0.0,True,8.0
2024-02-24,Marshall Thundering Herd,58.0,home,0.0,0.0,False,-7.0
2024-02-24,App State Mountaineers,65.0,away,0.0,0.0,True,7.0
2024-02-24,Tarleton State Texans,82.0,home,0.0,0.0,True,17.0
2024-02-24,California Baptist Lancers,65.0,away,0.0,0.0,False,-17.0
2024-02-24,Richmond Spiders,66.0,home,0.0,0.0,True,3.0
2024-02-24,Davidson Wildcats,63.0,away,0.0,0.0,False,-3.0
2024-02-24,Austin Peay Governors,85.0,home,0.0,0.0,False,-5.0
2024-02-24,Lipscomb Bisons,90.0,away,0.0,0.0,True,5.0
2024-02-24,DePaul Blue Demons,76.0,home,0.0,0.0,False,-1.0
2024-02-24,Georgetown Hoyas,77.0,away,0.0,0.0,True,1.0
2024-02-24,Belmont Bruins,93.0,home,0.0,0.0,True,15.0
2024-02-24,Missouri State Bears,78.0,away,0.0,0.0,False,-15.0
2024-02-24,Dartmouth Big Green,56.0,home,0.0,0.0,False,-12.0
2024-02-24,Princeton Tigers,68.0,away,0.0,0.0,True,12.0
2024-02-24,Cornell Big Red,74.0,home,0.0,0.0,False,-4.0
2024-02-24,Brown Bears,78.0,away,0.0,0.0,True,4.0
2024-02-24,Seattle U Redhawks,84.0,home,0.0,0.0,True,28.0
2024-02-24,UT Rio Grande Valley Vaqueros,56.0,away,0.0,0.0,False,-28.0
2024-02-24,Southern Jaguars,57.0,home,0.0,0.0,False,-6.0
2024-02-24,Grambling Tigers,63.0,away,0.0,0.0,True,6.0
2024-02-24,Florida International Panthers,75.0,home,0.0,0.0,False,-2.0
2024-02-24,Jacksonville State Gamecocks,77.0,away,0.0,0.0,True,2.0
2024-02-25,Mississippi Valley State Delta Devils,52.0,home,0.0,0.0,False,-21.0
2024-02-25,Texas Southern Tigers,73.0,away,0.0,0.0,True,21.0
2024-02-25,Hofstra Pride,87.0,home,0.0,0.0,True,23.0
2024-02-25,Elon Phoenix,64.0,away,0.0,0.0,False,-23.0
2024-02-25,Lamar Cardinals,61.0,home,0.0,0.0,False,-14.0
2024-02-25,Texas A&M-Corpus Christi Islanders,75.0,away,0.0,0.0,True,14.0
2024-02-25,California Golden Bears,69.0,home,0.0,0.0,True,5.0
2024-02-25,Oregon Ducks,64.0,away,0.0,0.0,False,-5.0
2024-02-24,Arkansas-Pine Bluff Golden Lions,72.0,home,0.0,0.0,True,13.0
2024-02-24,Prairie View A&M Panthers,59.0,away,0.0,0.0,False,-13.0
2024-02-25,Florida Gulf Coast Eagles,90.0,home,0.0,0.0,True,9.0
2024-02-25,Queens University Royals,81.0,away,0.0,0.0,False,-9.0
2024-02-25,Harvard Crimson,74.0,home,0.0,0.0,True,4.0
2024-02-25,Pennsylvania Quakers,70.0,away,0.0,0.0,False,-4.0
2024-02-25,Old Dominion Monarchs,75.0,home,0.0,0.0,True,16.0
2024-02-25,Coastal Carolina Chanticleers,59.0,away,0.0,0.0,False,-16.0
2024-02-25,Clemson Tigers,74.0,home,0.0,0.0,True,11.0
2024-02-25,Florida State Seminoles,63.0,away,0.0,0.0,False,-11.0
2024-02-25,Vermont Catamounts,65.0,home,0.0,0.0,True,17.0
2024-02-25,Bryant Bulldogs,48.0,away,0.0,0.0,False,-17.0
2024-02-25,Southern Miss Golden Eagles,82.0,home,0.0,0.0,True,11.0
2024-02-25,Louisiana Ragin' Cajuns,71.0,away,0.0,0.0,False,-11.0
2024-02-25,Tulsa Golden Hurricane,69.0,home,0.0,0.0,True,2.0
2024-02-25,Charlotte 49ers,67.0,away,0.0,0.0,False,-2.0
2024-02-25,Wyoming Cowboys,72.0,home,0.0,0.0,False,-20.0
2024-02-25,Boise State Broncos,92.0,away,0.0,0.0,True,20.0
2024-02-25,Middle Tennessee Blue Raiders,74.0,home,0.0,0.0,True,2.0
2024-02-25,Western Kentucky Hilltoppers,72.0,away,0.0,0.0,False,-2.0
2024-02-25,Indiana State Sycamores,88.0,home,0.0,0.0,True,15.0
2024-02-25,UIC Flames,73.0,away,0.0,0.0,False,-15.0
2024-02-25,Bradley Braves,48.0,home,0.0,0.0,True,3.0
2024-02-25,Illinois State Redbirds,45.0,away,0.0,0.0,False,-3.0
2024-02-25,Kansas City Roos,63.0,home,0.0,0.0,True,5.0
2024-02-25,Omaha Mavericks,58.0,away,0.0,0.0,False,-5.0
2024-02-25,Northern Colorado Bears,76.0,home,0.0,0.0,False,-9.0
2024-02-25,Eastern Washington Eagles,85.0,away,0.0,0.0,True,9.0
2024-02-25,Montana State Bobcats,63.0,home,0.0,0.0,False,-3.0
2024-02-25,Sacramento State Hornets,66.0,away,0.0,0.0,True,3.0
2024-02-25,Idaho State Bengals,80.0,home,0.0,0.0,True,18.0
2024-02-25,Weber State Wildcats,62.0,away,0.0,0.0,False,-18.0
2024-02-25,LSU Tigers,67.0,home,0.0,0.0,False,-20.0
2024-02-25,Mississippi State Bulldogs,87.0,away,0.0,0.0,True,20.0
2024-02-25,Seton Hall Pirates,76.0,home,0.0,0.0,True,12.0
2024-02-25,Butler Bulldogs,64.0,away,0.0,0.0,False,-12.0
2024-02-25,New Mexico State Aggies,58.0,home,0.0,0.0,False,-9.0
2024-02-25,Louisiana Tech Bulldogs,67.0,away,0.0,0.0,True,9.0
2024-02-25,Colorado Buffaloes,89.0,home,0.0,0.0,True,24.0
2024-02-25,Utah Utes,65.0,away,0.0,0.0,False,-24.0
2024-02-25,Montana Grizzlies,82.0,home,0.0,0.0,True,9.0
2024-02-25,Portland State Vikings,73.0,away,0.0,0.0,False,-9.0
2024-02-25,UTEP Miners,54.0,home,0.0,0.0,False,-11.0
2024-02-25,Sam Houston Bearkats,65.0,away,0.0,0.0,True,11.0
2024-02-25,Cal State Fullerton Titans,60.0,home,0.0,0.0,False,-5.0
2024-02-25,Cal State Northridge Matadors,65.0,away,0.0,0.0,True,5.0
2024-02-25,UCLA Bruins,56.0,home,0.0,0.0,False,-6.0
2024-02-25,USC Trojans,62.0,away,0.0,0.0,True,6.0
2024-02-25,Cal Poly Mustangs,78.0,home,0.0,0.0,False,-6.0
2024-02-25,UC Riverside Highlanders,84.0,away,0.0,0.0,True,6.0
2024-02-25,Hawai'i Rainbow Warriors,73.0,home,0.0,0.0,True,8.0
2024-02-25,Long Beach State Beach,65.0,away,0.0,0.0,False,-8.0
2024-02-25,San Francisco Dons,92.0,home,0.0,0.0,True,24.0
2024-02-25,Pepperdine Waves,68.0,away,0.0,0.0,False,-24.0
2024-02-25,Cal State Bakersfield Roadrunners,75.0,home,0.0,0.0,True,19.0
2024-02-25,UC Davis Aggies,56.0,away,0.0,0.0,False,-19.0
2024-02-25,Pacific Tigers,63.0,home,0.0,0.0,False,-23.0
2024-02-25,Loyola Marymount Lions,86.0,away,0.0,0.0,True,23.0
2024-02-25,Gonzaga Bulldogs,94.0,home,0.0,0.0,True,13.0
2024-02-25,Santa Clara Broncos,81.0,away,0.0,0.0,False,-13.0
2024-03-09,San Diego State Aztecs,77.0,home,0.0,0.0,False,-2.0
2024-03-09,Boise State Broncos,79.0,away,0.0,0.0,True,2.0
2024-03-09,Dayton Flyers,91.0,home,0.0,0.0,True,5.0
2024-03-09,VCU Rams,86.0,away,0.0,0.0,False,-5.0
2024-03-08,Elon Phoenix,55.0,home,0.0,0.0,False,-1.0
2024-03-08,Hampton Pirates,56.0,away,0.0,0.0,True,1.0
2024-03-08,Winthrop Eagles,56.0,home,0.0,0.0,False,-13.0
2024-03-08,Longwood Lancers,69.0,away,0.0,0.0,True,13.0
2024-03-08,North Carolina A&T Aggies,62.0,home,0.0,0.0,False,-17.0
2024-03-08,William & Mary Tribe,79.0,away,0.0,0.0,True,17.0
2024-03-08,Mercer Bears,84.0,home,0.0,0.0,True,8.0
2024-03-08,The Citadel Bulldogs,76.0,away,0.0,0.0,False,-8.0
2024-03-09,Buffalo Bulls,68.0,home,0.0,0.0,False,-10.0
2024-03-09,Northern Illinois Huskies,78.0,away,0.0,0.0,True,10.0
2024-03-09,Gardner-Webb Runnin' Bulldogs,61.0,home,0.0,0.0,True,1.0
2024-03-09,Presbyterian Blue Hose,60.0,away,0.0,0.0,False,-1.0
2024-03-09,Little Rock Trojans,82.0,home,0.0,0.0,True,25.0
2024-03-09,Western Illinois Leathernecks,57.0,away,0.0,0.0,False,-25.0
2024-03-09,Miami (OH) RedHawks,59.0,home,0.0,0.0,False,-13.0
2024-03-09,Ohio Bobcats,72.0,away,0.0,0.0,True,13.0
2024-03-08,High Point Panthers,77.0,home,0.0,0.0,True,14.0
2024-03-08,Radford Highlanders,63.0,away,0.0,0.0,False,-14.0
2024-03-08,Northern Iowa Panthers,67.0,home,0.0,0.0,True,5.0
2024-03-08,Belmont Bruins,62.0,away,0.0,0.0,False,-5.0
2024-03-08,Indiana State Sycamores,75.0,home,0.0,0.0,True,16.0
2024-03-08,Missouri State Bears,59.0,away,0.0,0.0,False,-16.0
2024-03-09,Bowling Green Falcons,80.0,home,0.0,0.0,True,10.0
2024-03-09,Ball State Cardinals,70.0,away,0.0,0.0,False,-10.0
2024-03-09,Oral Roberts Golden Eagles,77.0,home,0.0,0.0,True,15.0
2024-03-09,South Dakota Coyotes,62.0,away,0.0,0.0,False,-15.0
2024-03-08,UNC Asheville Bulldogs,60.0,home,0.0,0.0,True,5.0
2024-03-08,Charleston Southern Buccaneers,55.0,away,0.0,0.0,False,-5.0
2024-03-08,Western Michigan Broncos,90.0,home,0.0,0.0,True,6.0
2024-03-08,Akron Zips,84.0,away,0.0,0.0,False,-6.0
2024-03-09,East Tennessee State Buccaneers,98.0,home,0.0,0.0,True,32.0
2024-03-09,VMI Keydets,66.0,away,0.0,0.0,False,-32.0
2024-03-09,Drake Bulldogs,79.0,home,0.0,0.0,True,21.0
2024-03-09,Evansville Purple Aces,58.0,away,0.0,0.0,False,-21.0
2024-03-09,Central Michigan Chippewas,65.0,home,0.0,0.0,True,3.0
2024-03-09,Eastern Michigan Eagles,62.0,away,0.0,0.0,False,-3.0
2024-03-09,Toledo Rockets,86.0,home,0.0,0.0,True,15.0
2024-03-09,Kent State Golden Flashes,71.0,away,0.0,0.0,False,-15.0
2024-03-09,San Diego Toreros,57.0,home,0.0,0.0,True,5.0
2024-03-09,Pepperdine Waves,52.0,away,0.0,0.0,False,-5.0
2024-03-09,UT Martin Skyhawks,78.0,home,0.0,0.0,False,-6.0
2024-03-09,Morehead State Eagles,84.0,away,0.0,0.0,True,6.0
2024-03-09,Tulane Green Wave,85.0,home,0.0,0.0,True,10.0
2024-03-09,Wichita State Shockers,75.0,away,0.0,0.0,False,-10.0
2024-03-09,Bradley Braves,74.0,home,0.0,0.0,True,27.0
2024-03-09,UIC Flames,47.0,away,0.0,0.0,False,-27.0
2024-03-09,Portland Pilots,78.0,home,0.0,0.0,True,8.0
2024-03-09,Loyola Marymount Lions,70.0,away,0.0,0.0,False,-8.0
2024-03-08,Lafayette Leopards,61.0,home,0.0,0.0,False,-15.0
2024-03-08,Lehigh Mountain Hawks,76.0,away,0.0,0.0,True,15.0
2024-03-08,Colgate Raiders,81.0,home,0.0,0.0,True,17.0
2024-03-08,Holy Cross Crusaders,64.0,away,0.0,0.0,False,-17.0
2024-03-08,Temple Owls,72.0,home,0.0,0.0,False,-28.0
2024-03-08,UAB Blazers,100.0,away,0.0,0.0,True,28.0
2024-03-07,South Alabama Jaguars,71.0,home,0.0,0.0,False,-5.0
2024-03-07,Georgia Southern Eagles,76.0,away,0.0,0.0,True,5.0
2024-03-07,Murray State Racers,35.0,home,0.0,0.0,False,-25.0
2024-03-07,Missouri State Bears,60.0,away,0.0,0.0,True,25.0
2024-03-08,Wisconsin Badgers,78.0,home,0.0,0.0,True,12.0
2024-03-08,Rutgers Scarlet Knights,66.0,away,0.0,0.0,False,-12.0
2024-03-07,Pepperdine Waves,102.0,home,0.0,0.0,True,59.0
2024-03-07,Pacific Tigers,43.0,away,0.0,0.0,False,-59.0
2024-03-08,Illinois State Redbirds,53.0,home,0.0,0.0,False,-6.0
2024-03-08,Evansville Purple Aces,59.0,away,0.0,0.0,True,6.0
2024-03-07,Louisiana Ragin' Cajuns,80.0,home,0.0,0.0,True,14.0
2024-03-07,Coastal Carolina Chanticleers,66.0,away,0.0,0.0,False,-14.0
2024-03-07,Belmont Bruins,86.0,home,0.0,0.0,True,25.0
2024-03-07,Valparaiso Beacons,61.0,away,0.0,0.0,False,-25.0
2024-03-08,UCLA Bruins,65.0,home,0.0,0.0,False,-23.0
2024-03-08,Arizona Wildcats,88.0,away,0.0,0.0,True,23.0
2024-03-07,Southern Miss Golden Eagles,59.0,home,0.0,0.0,False,-16.0
2024-03-07,Texas State Bobcats,75.0,away,0.0,0.0,True,16.0
2024-03-08,Boston University Terriers,70.0,home,0.0,0.0,True,9.0
2024-03-08,Navy Midshipmen,61.0,away,0.0,0.0,False,-9.0
2024-03-08,American University Eagles,57.0,home,0.0,0.0,False,-23.0
2024-03-08,Bucknell Bison,80.0,away,0.0,0.0,True,23.0
2024-03-08,Washington State Cougars,68.0,home,0.0,0.0,False,-6.0
2024-03-08,Washington Huskies,74.0,away,0.0,0.0,True,6.0
2024-03-08,Stetson Hatters,88.0,home,0.0,0.0,True,1.0
2024-03-08,Jacksonville Dolphins,87.0,away,0.0,0.0,False,-1.0
2024-03-08,Quinnipiac Bobcats,73.0,home,0.0,0.0,True,9.0
2024-03-08,Marist Red Foxes,64.0,away,0.0,0.0,False,-9.0
2024-03-08,Siena Saints,59.0,home,0.0,0.0,False,-7.0
2024-03-08,Niagara Purple Eagles,66.0,away,0.0,0.0,True,7.0
2024-03-08,Oakland Golden Grizzlies,75.0,home,0.0,0.0,True,10.0
2024-03-08,Purdue Fort Wayne Mastodons,65.0,away,0.0,0.0,False,-10.0
2024-03-08,Youngstown State Penguins,70.0,home,0.0,0.0,False,-12.0
2024-03-08,Cleveland State Vikings,82.0,away,0.0,0.0,True,12.0
2024-03-08,Manhattan Jaspers,77.0,home,0.0,0.0,True,17.0
2024-03-08,Iona Gaels,60.0,away,0.0,0.0,False,-17.0
2024-03-08,Wright State Raiders,97.0,home,0.0,0.0,False,-2.0
2024-03-08,Northern Kentucky Norse,99.0,away,0.0,0.0,True,2.0
2024-03-08,North Carolina Central Eagles,79.0,home,0.0,0.0,True,11.0
2024-03-08,South Carolina State Bulldogs,68.0,away,0.0,0.0,False,-11.0
2024-03-08,Austin Peay Governors,77.0,home,0.0,0.0,True,6.0
2024-03-08,North Alabama Lions,71.0,away,0.0,0.0,False,-6.0
2024-03-08,Morgan State Bears,78.0,home,0.0,0.0,True,18.0
2024-03-08,Coppin State Eagles,60.0,away,0.0,0.0,False,-18.0
2024-03-08,Western Illinois Leathernecks,61.0,home,0.0,0.0,True,2.0
2024-03-08,Tennessee State Tigers,59.0,away,0.0,0.0,False,-2.0
2024-03-08,Fairfield Stags,74.0,home,0.0,0.0,True,12.0
2024-03-08,Canisius Golden Griffins,62.0,away,0.0,0.0,False,-12.0
2024-03-08,UT Rio Grande Valley Vaqueros,74.0,home,0.0,0.0,False,-5.0
2024-03-08,Utah Tech Trailblazers,79.0,away,0.0,0.0,True,5.0
2024-03-08,Stephen F. Austin Lumberjacks,87.0,home,0.0,0.0,True,27.0
2024-03-08,Southern Utah Thunderbirds,60.0,away,0.0,0.0,False,-27.0
2024-03-08,Maryland Eastern Shore Hawks,67.0,home,0.0,0.0,True,8.0
2024-03-08,Delaware State Hornets,59.0,away,0.0,0.0,False,-8.0
2024-03-08,Tarleton State Texans,60.0,home,0.0,0.0,False,-3.0
2024-03-08,Utah Valley Wolverines,63.0,away,0.0,0.0,True,3.0
2024-03-08,Alcorn State Braves,74.0,home,0.0,0.0,True,7.0
2024-03-08,Mississippi Valley State Delta Devils,67.0,away,0.0,0.0,False,-7.0
2024-03-08,Georgia State Panthers,74.0,home,0.0,0.0,False,-12.0
2024-03-08,Marshall Thundering Herd,86.0,away,0.0,0.0,True,12.0
2024-03-08,Alabama A&M Bulldogs,73.0,home,0.0,0.0,False,-1.0
2024-03-08,Grambling Tigers,74.0,away,0.0,0.0,True,1.0
2024-03-08,Alabama State Hornets,57.0,home,0.0,0.0,False,-8.0
2024-03-08,Southern Jaguars,65.0,away,0.0,0.0,True,8.0
2024-03-08,Rider Broncs,61.0,home,0.0,0.0,True,5.0
2024-03-08,Saint Peter's Peacocks,56.0,away,0.0,0.0,False,-5.0
2024-03-08,UT Arlington Mavericks,71.0,home,0.0,0.0,True,14.0
2024-03-08,California Baptist Lancers,57.0,away,0.0,0.0,False,-14.0
2024-03-08,Jackson State Tigers,89.0,home,0.0,0.0,True,5.0
2024-03-08,Arkansas-Pine Bluff Golden Lions,84.0,away,0.0,0.0,False,-5.0
2024-03-08,Abilene Christian Wildcats,64.0,home,0.0,0.0,True,5.0
2024-03-08,Seattle U Redhawks,59.0,away,0.0,0.0,False,-5.0
2024-03-08,SE Louisiana Lions,54.0,home,0.0,0.0,False,-26.0
2024-03-08,Nicholls Colonels,80.0,away,0.0,0.0,True,26.0
2024-03-08,Green Bay Phoenix,84.0,home,0.0,0.0,False,-11.0
2024-03-08,Milwaukee Panthers,95.0,away,0.0,0.0,True,11.0
2024-03-08,UTEP Miners,83.0,home,0.0,0.0,True,7.0
2024-03-08,Florida International Panthers,76.0,away,0.0,0.0,False,-7.0
2024-03-08,Southern Illinois Salukis,82.0,home,0.0,0.0,False,-2.0
2024-03-08,UIC Flames,84.0,away,0.0,0.0,True,2.0
2024-03-08,Louisiana Tech Bulldogs,66.0,home,0.0,0.0,False,-6.0
2024-03-08,Sam Houston Bearkats,72.0,away,0.0,0.0,True,6.0
2024-03-08,UC San Diego Tritons,63.0,home,0.0,0.0,False,-7.0
2024-03-08,UC Davis Aggies,70.0,away,0.0,0.0,True,7.0
2024-03-08,Oregon Ducks,75.0,home,0.0,0.0,False,-4.0
2024-03-08,Colorado Buffaloes,79.0,away,0.0,0.0,True,4.0
2024-03-08,Long Beach State Beach,74.0,home,0.0,0.0,False,-2.0
2024-03-08,UC Santa Barbara Gauchos,76.0,away,0.0,0.0,True,2.0
2024-03-08,Norfolk State Spartans,77.0,home,0.0,0.0,True,19.0
2024-03-08,Howard Bison,58.0,away,0.0,0.0,False,-19.0
2024-03-08,Stanford Cardinal,80.0,home,0.0,0.0,True,22.0
2024-03-08,California Golden Bears,58.0,away,0.0,0.0,False,-22.0
2024-03-08,Morehead State Eagles,78.0,home,0.0,0.0,True,15.0
2024-03-08,SIU Edwardsville Cougars,63.0,away,0.0,0.0,False,-15.0
2024-03-08,USC Trojans,81.0,home,0.0,0.0,True,8.0
2024-03-08,Arizona State Sun Devils,73.0,away,0.0,0.0,False,-8.0
2024-03-08,UC Irvine Anteaters,82.0,home,0.0,0.0,True,14.0
2024-03-08,Cal Poly Mustangs,68.0,away,0.0,0.0,False,-14.0
2024-03-08,Oregon State Beavers,92.0,home,0.0,0.0,True,7.0
2024-03-08,Utah Utes,85.0,away,0.0,0.0,False,-7.0
2024-03-08,UC Riverside Highlanders,84.0,home,0.0,0.0,True,10.0
2024-03-08,Cal State Fullerton Titans,74.0,away,0.0,0.0,False,-10.0
2024-03-11,Lamar Cardinals,71.0,home,0.0,0.0,True,14.0
2024-03-11,New Orleans Privateers,57.0,away,0.0,0.0,False,-14.0
2024-03-11,James Madison Dukes,91.0,home,0.0,0.0,True,20.0
2024-03-11,Arkansas State Red Wolves,71.0,away,0.0,0.0,False,-20.0
2024-03-11,Oakland Golden Grizzlies,74.0,home,0.0,0.0,True,3.0
2024-03-11,Cleveland State Vikings,71.0,away,0.0,0.0,False,-3.0
2024-03-11,South Dakota State Jackrabbits,59.0,home,0.0,0.0,True,10.0
2024-03-11,St. Thomas-Minnesota Tommies,49.0,away,0.0,0.0,False,-10.0
2024-03-12,Saint Mary's Gaels,79.0,home,0.0,0.0,True,14.0
2024-03-12,Santa Clara Broncos,65.0,away,0.0,0.0,False,-14.0
2024-03-11,Weber State Wildcats,82.0,home,0.0,0.0,False,-9.0
2024-03-11,Montana State Bobcats,91.0,away,0.0,0.0,True,9.0
2024-03-12,Nicholls Colonels,72.0,home,0.0,0.0,True,21.0
2024-03-12,East Texas A&M Lions,51.0,away,0.0,0.0,False,-21.0
2024-03-12,Gonzaga Bulldogs,89.0,home,0.0,0.0,True,12.0
2024-03-12,San Francisco Dons,77.0,away,0.0,0.0,False,-12.0
2024-03-12,Omaha Mavericks,63.0,home,0.0,0.0,False,-3.0
2024-03-12,Denver Pioneers,66.0,away,0.0,0.0,True,3.0
2024-03-12,Montana Grizzlies,87.0,home,0.0,0.0,True,6.0
2024-03-12,Portland State Vikings,81.0,away,0.0,0.0,False,-6.0
2024-03-12,Northern Kentucky Norse,75.0,home,0.0,0.0,False,-7.0
2024-03-12,Milwaukee Panthers,82.0,away,0.0,0.0,True,7.0
2024-03-11,Charleston Cougars,61.0,home,0.0,0.0,True,5.0
2024-03-11,Towson Tigers,56.0,away,0.0,0.0,False,-5.0
2024-03-11,Samford Bulldogs,76.0,home,0.0,0.0,True,7.0
2024-03-11,East Tennessee State Buccaneers,69.0,away,0.0,0.0,False,-7.0
2024-03-12,Hofstra Pride,59.0,home,0.0,0.0,False,-4.0
2024-03-12,Stony Brook Seawolves,63.0,away,0.0,0.0,True,4.0
2024-03-06,Illinois Fighting Illini,71.0,home,0.0,0.0,False,-6.0
2024-03-06,Purdue Boilermakers,77.0,away,0.0,0.0,True,6.0
2024-03-06,Missouri Tigers,74.0,home,0.0,0.0,False,-27.0
2024-03-06,Auburn Tigers,101.0,away,0.0,0.0,True,27.0
2024-03-05,Army Black Knights,68.0,home,0.0,0.0,False,-16.0
2024-03-05,Holy Cross Crusaders,84.0,away,0.0,0.0,True,16.0
2024-03-06,Saint Louis Billikens,83.0,home,0.0,0.0,False,-17.0
2024-03-06,Dayton Flyers,100.0,away,0.0,0.0,True,17.0
2024-03-05,UL Monroe Warhawks,71.0,home,0.0,0.0,False,-4.0
2024-03-05,Coastal Carolina Chanticleers,75.0,away,0.0,0.0,True,4.0
2024-03-06,North Carolina Tar Heels,84.0,home,0.0,0.0,True,33.0
2024-03-06,Notre Dame Fighting Irish,51.0,away,0.0,0.0,False,-33.0
2024-03-05,Maine Black Bears,71.0,home,0.0,0.0,True,6.0
2024-03-05,UMass Lowell River Hawks,65.0,away,0.0,0.0,False,-6.0
2024-03-06,Louisville Cardinals,64.0,home,0.0,0.0,False,-16.0
2024-03-06,Virginia Tech Hokies,80.0,away,0.0,0.0,True,16.0
2024-03-06,Stetson Hatters,83.0,home,0.0,0.0,True,12.0
2024-03-06,Queens University Royals,71.0,away,0.0,0.0,False,-12.0
2024-03-06,Georgia Bulldogs,69.0,home,0.0,0.0,True,3.0
2024-03-06,Ole Miss Rebels,66.0,away,0.0,0.0,False,-3.0
2024-03-06,Florida Gators,105.0,home,0.0,0.0,True,18.0
2024-03-06,Alabama Crimson Tide,87.0,away,0.0,0.0,False,-18.0
2024-03-06,Cleveland State Vikings,85.0,home,0.0,0.0,True,19.0
2024-03-06,IU Indianapolis Jaguars,66.0,away,0.0,0.0,False,-19.0
2024-03-06,Kansas Jayhawks,90.0,home,0.0,0.0,True,22.0
2024-03-06,Kansas State Wildcats,68.0,away,0.0,0.0,False,-22.0
2024-03-06,South Florida Bulls,85.0,home,0.0,0.0,True,13.0
2024-03-06,Tulane Green Wave,72.0,away,0.0,0.0,False,-13.0
2024-03-06,Georgetown Hoyas,58.0,home,0.0,0.0,False,-13.0
2024-03-06,Providence Friars,71.0,away,0.0,0.0,True,13.0
2024-03-06,UNLV Rebels,62.0,home,0.0,0.0,True,4.0
2024-03-06,San Diego State Aztecs,58.0,away,0.0,0.0,False,-4.0
2024-03-06,Eastern Kentucky Colonels,65.0,home,0.0,0.0,False,-2.0
2024-03-06,Jacksonville Dolphins,67.0,away,0.0,0.0,True,2.0
2024-03-06,Purdue Fort Wayne Mastodons,78.0,home,0.0,0.0,True,15.0
2024-03-06,Robert Morris Colonials,63.0,away,0.0,0.0,False,-15.0
2024-03-06,Clemson Tigers,90.0,home,0.0,0.0,True,15.0
2024-03-06,Syracuse Orange,75.0,away,0.0,0.0,False,-15.0
2024-03-06,Navy Midshipmen,64.0,home,0.0,0.0,True,16.0
2024-03-06,Loyola Maryland Greyhounds,48.0,away,0.0,0.0,False,-16.0
2024-03-06,Buffalo Bulls,66.0,home,0.0,0.0,False,-12.0
2024-03-06,Ohio Bobcats,78.0,away,0.0,0.0,True,12.0
2024-03-06,VCU Rams,59.0,home,0.0,0.0,False,-10.0
2024-03-06,Duquesne Dukes,69.0,away,0.0,0.0,True,10.0
2024-03-06,Miami (OH) RedHawks,63.0,home,0.0,0.0,False,-34.0
2024-03-06,Toledo Rockets,97.0,away,0.0,0.0,True,34.0
2024-03-06,Akron Zips,60.0,home,0.0,0.0,False,-1.0
2024-03-06,Eastern Michigan Eagles,61.0,away,0.0,0.0,True,1.0
2024-03-06,UMBC Retrievers,71.0,home,0.0,0.0,False,-1.0
2024-03-06,Binghamton Bearcats,72.0,away,0.0,0.0,True,1.0
2024-03-06,Bryant Bulldogs,83.0,home,0.0,0.0,True,4.0
2024-03-06,UAlbany Great Danes,79.0,away,0.0,0.0,False,-4.0
2024-03-06,Dartmouth Big Green,76.0,home,0.0,0.0,True,7.0
2024-03-06,Harvard Crimson,69.0,away,0.0,0.0,False,-7.0
2024-03-06,Milwaukee Panthers,83.0,home,0.0,0.0,True,4.0
2024-03-06,Detroit Mercy Titans,79.0,away,0.0,0.0,False,-4.0
2024-03-06,Western Michigan Broncos,65.0,home,0.0,0.0,False,-8.0
2024-03-06,Bowling Green Falcons,73.0,away,0.0,0.0,True,8.0
2024-03-06,Ball State Cardinals,76.0,home,0.0,0.0,True,7.0
2024-03-06,Kent State Golden Flashes,69.0,away,0.0,0.0,False,-7.0
2024-03-06,Middle Tennessee Blue Raiders,69.0,home,0.0,0.0,True,8.0
2024-03-06,Liberty Flames,61.0,away,0.0,0.0,False,-8.0
2024-03-06,Austin Peay Governors,101.0,home,0.0,0.0,True,3.0
2024-03-06,North Florida Ospreys,98.0,away,0.0,0.0,False,-3.0
2024-03-06,New Hampshire Wildcats,64.0,home,0.0,0.0,False,-4.0
2024-03-06,Vermont Catamounts,68.0,away,0.0,0.0,True,4.0
2024-03-06,Wake Forest Demon Deacons,69.0,home,0.0,0.0,False,-1.0
2024-03-06,Georgia Tech Yellow Jackets,70.0,away,0.0,0.0,True,1.0
2024-03-06,Lipscomb Bisons,75.0,home,0.0,0.0,False,-2.0
2024-03-06,North Alabama Lions,77.0,away,0.0,0.0,True,2.0
2024-03-06,Oklahoma State Cowboys,58.0,home,0.0,0.0,False,-17.0
2024-03-06,Texas Tech Red Raiders,75.0,away,0.0,0.0,True,17.0
2024-03-06,Oklahoma Sooners,74.0,home,0.0,0.0,True,3.0
2024-03-06,Cincinnati Bearcats,71.0,away,0.0,0.0,False,-3.0
2024-03-06,Northern Illinois Huskies,63.0,home,0.0,0.0,False,-6.0
2024-03-06,Central Michigan Chippewas,69.0,away,0.0,0.0,True,6.0
2024-03-06,Wyoming Cowboys,74.0,home,0.0,0.0,True,11.0
2024-03-06,Air Force Falcons,63.0,away,0.0,0.0,False,-11.0
2024-03-06,Texas State Bobcats,92.0,home,0.0,0.0,True,9.0
2024-03-06,Old Dominion Monarchs,83.0,away,0.0,0.0,False,-9.0
2024-03-06,Pittsburgh Panthers,88.0,home,0.0,0.0,True,15.0
2024-03-06,Florida State Seminoles,73.0,away,0.0,0.0,False,-15.0
2024-03-06,DePaul Blue Demons,77.0,home,0.0,0.0,False,-27.0
2024-03-06,St. John's Red Storm,104.0,away,0.0,0.0,True,27.0
2024-03-06,Boise State Broncos,66.0,home,0.0,0.0,False,-10.0
2024-03-06,Nevada Wolf Pack,76.0,away,0.0,0.0,True,10.0
2024-03-10,Stetson Hatters,94.0,home,0.0,0.0,True,3.0
2024-03-10,Austin Peay Governors,91.0,away,0.0,0.0,False,-3.0
2024-03-10,Colgate Raiders,68.0,home,0.0,0.0,True,3.0
2024-03-10,Bucknell Bison,65.0,away,0.0,0.0,False,-3.0
2024-03-10,Indiana Hoosiers,65.0,home,0.0,0.0,True,1.0
2024-03-10,Michigan State Spartans,64.0,away,0.0,0.0,False,-1.0
2024-03-10,UAB Blazers,74.0,home,0.0,0.0,True,4.0
2024-03-10,SMU Mustangs,70.0,away,0.0,0.0,False,-4.0
2024-03-10,UNC Wilmington Seahawks,56.0,home,0.0,0.0,False,-10.0
2024-03-10,Towson Tigers,66.0,away,0.0,0.0,True,10.0
2024-03-10,Iowa Hawkeyes,61.0,home,0.0,0.0,False,-12.0
2024-03-10,Illinois Fighting Illini,73.0,away,0.0,0.0,True,12.0
2024-03-10,SE Louisiana Lions,66.0,home,0.0,0.0,False,-12.0
2024-03-10,New Orleans Privateers,78.0,away,0.0,0.0,True,12.0
2024-03-10,Boston University Terriers,79.0,home,0.0,0.0,False,-5.0
2024-03-10,Lehigh Mountain Hawks,84.0,away,0.0,0.0,True,5.0
2024-03-10,Charleston Cougars,83.0,home,0.0,0.0,True,24.0
2024-03-10,Monmouth Hawks,59.0,away,0.0,0.0,False,-24.0
2024-03-10,App State Mountaineers,65.0,home,0.0,0.0,False,-2.0
2024-03-10,Arkansas State Red Wolves,67.0,away,0.0,0.0,True,2.0
2024-03-10,Purdue Boilermakers,78.0,home,0.0,0.0,True,8.0
2024-03-10,Wisconsin Badgers,70.0,away,0.0,0.0,False,-8.0
2024-03-10,Michigan Wolverines,70.0,home,0.0,0.0,False,-15.0
2024-03-10,Nebraska Cornhuskers,85.0,away,0.0,0.0,True,15.0
2024-03-10,UTSA Roadrunners,82.0,home,0.0,0.0,False,-2.0
2024-03-10,Temple Owls,84.0,away,0.0,0.0,True,2.0
2024-03-10,Rutgers Scarlet Knights,51.0,home,0.0,0.0,False,-22.0
2024-03-10,Ohio State Buckeyes,73.0,away,0.0,0.0,True,22.0
2024-03-10,Indiana State Sycamores,80.0,home,0.0,0.0,False,-4.0
2024-03-10,Drake Bulldogs,84.0,away,0.0,0.0,True,4.0
2024-03-10,UNC Asheville Bulldogs,59.0,home,0.0,0.0,False,-26.0
2024-03-10,Longwood Lancers,85.0,away,0.0,0.0,True,26.0
2024-03-10,Samford Bulldogs,84.0,home,0.0,0.0,True,7.0
2024-03-10,Furman Paladins,77.0,away,0.0,0.0,False,-7.0
2024-03-10,Chattanooga Mocs,84.0,home,0.0,0.0,False,-1.0
2024-03-10,East Tennessee State Buccaneers,85.0,away,0.0,0.0,True,1.0
2024-03-10,Drexel Dragons,88.0,home,0.0,0.0,False,-3.0
2024-03-10,Stony Brook Seawolves,91.0,away,0.0,0.0,True,3.0
2024-03-10,St. Thomas-Minnesota Tommies,68.0,home,0.0,0.0,True,10.0
2024-03-10,North Dakota State Bison,58.0,away,0.0,0.0,False,-10.0
2024-03-11,James Madison Dukes,73.0,home,0.0,0.0,True,5.0
2024-03-11,Texas State Bobcats,68.0,away,0.0,0.0,False,-5.0
2024-03-11,Northern Colorado Bears,76.0,home,0.0,0.0,False,-7.0
2024-03-11,Idaho State Bengals,83.0,away,0.0,0.0,True,7.0
2024-03-11,North Dakota Fighting Hawks,72.0,home,0.0,0.0,False,-1.0
2024-03-11,Omaha Mavericks,73.0,away,0.0,0.0,True,1.0
2024-03-10,Penn State Nittany Lions,85.0,home,0.0,0.0,True,16.0
2024-03-10,Maryland Terrapins,69.0,away,0.0,0.0,False,-16.0
2024-03-10,Eastern Washington Eagles,69.0,home,0.0,0.0,False,-5.0
2024-03-10,Sacramento State Hornets,74.0,away,0.0,0.0,True,5.0
2024-03-11,Northwestern State Demons,64.0,home,0.0,0.0,False,-5.0
2024-03-11,East Texas A&M Lions,69.0,away,0.0,0.0,True,5.0
2024-03-11,Hofstra Pride,73.0,home,0.0,0.0,True,15.0
2024-03-11,Delaware Blue Hens,58.0,away,0.0,0.0,False,-15.0
2024-03-12,UCF Knights,77.0,home,0.0,0.0,True,15.0
2024-03-12,Oklahoma State Cowboys,62.0,away,0.0,0.0,False,-15.0
2024-03-12,Merrimack Warriors,47.0,home,0.0,0.0,False,-7.0
2024-03-12,Wagner Seahawks,54.0,away,0.0,0.0,True,7.0
2024-03-13,Saint Mary's Gaels,69.0,home,0.0,0.0,True,9.0
2024-03-13,Gonzaga Bulldogs,60.0,away,0.0,0.0,False,-9.0
2024-03-12,NC State Wolfpack,94.0,home,0.0,0.0,True,9.0
2024-03-12,Louisville Cardinals,85.0,away,0.0,0.0,False,-9.0
2024-03-12,Vermont Catamounts,66.0,home,0.0,0.0,True,7.0
2024-03-12,New Hampshire Wildcats,59.0,away,0.0,0.0,False,-7.0
2024-03-13,Texas A&M-Corpus Christi Islanders,73.0,home,0.0,0.0,False,-8.0
2024-03-13,Nicholls Colonels,81.0,away,0.0,0.0,True,8.0
2024-03-12,Charleston Cougars,82.0,home,0.0,0.0,True,3.0
2024-03-12,Stony Brook Seawolves,79.0,away,0.0,0.0,False,-3.0
2024-03-12,Boston College Eagles,81.0,home,0.0,0.0,True,16.0
2024-03-12,Miami Hurricanes,65.0,away,0.0,0.0,False,-16.0
2024-03-12,La Salle Explorers,61.0,home,0.0,0.0,True,1.0
2024-03-12,George Washington Revolutionaries,60.0,away,0.0,0.0,False,-1.0
2024-03-12,Cincinnati Bearcats,90.0,home,0.0,0.0,True,5.0
2024-03-12,West Virginia Mountaineers,85.0,away,0.0,0.0,False,-5.0
2024-03-12,Notre Dame Fighting Irish,84.0,home,0.0,0.0,True,4.0
2024-03-12,Georgia Tech Yellow Jackets,80.0,away,0.0,0.0,False,-4.0
2024-03-12,Fordham Rams,71.0,home,0.0,0.0,True,8.0
2024-03-12,Davidson Wildcats,63.0,away,0.0,0.0,False,-8.0
2024-03-12,Rhode Island Rams,71.0,home,0.0,0.0,False,-3.0
2024-03-12,Saint Louis Billikens,74.0,away,0.0,0.0,True,3.0
2024-03-12,Oakland Golden Grizzlies,83.0,home,0.0,0.0,True,7.0
2024-03-12,Milwaukee Panthers,76.0,away,0.0,0.0,False,-7.0
2024-03-13,Jacksonville State Gamecocks,67.0,home,0.0,0.0,False,-9.0
2024-03-13,Florida International Panthers,76.0,away,0.0,0.0,True,9.0
2024-03-12,McNeese Cowboys,76.0,home,0.0,0.0,True,19.0
2024-03-12,Lamar Cardinals,57.0,away,0.0,0.0,False,-19.0
2024-03-12,Mount St. Mary's Mountaineers,61.0,home,0.0,0.0,False,-16.0
2024-03-12,Canisius Golden Griffins,77.0,away,0.0,0.0,True,16.0
2024-03-13,Montana State Bobcats,74.0,home,0.0,0.0,True,3.0
2024-03-13,Sacramento State Hornets,71.0,away,0.0,0.0,False,-3.0
2024-03-13,Iona Gaels,60.0,home,0.0,0.0,True,3.0
2024-03-13,Manhattan Jaspers,57.0,away,0.0,0.0,False,-3.0
2024-03-12,UMass Lowell River Hawks,77.0,home,0.0,0.0,True,7.0
2024-03-12,Bryant Bulldogs,70.0,away,0.0,0.0,False,-7.0
2024-03-13,South Dakota State Jackrabbits,76.0,home,0.0,0.0,True,8.0
2024-03-13,Denver Pioneers,68.0,away,0.0,0.0,False,-8.0
2024-03-13,Montana Grizzlies,72.0,home,0.0,0.0,True,14.0
2024-03-13,Idaho State Bengals,58.0,away,0.0,0.0,False,-14.0
2024-03-13,Niagara Purple Eagles,67.0,home,0.0,0.0,True,2.0
2024-03-13,Siena Saints,65.0,away,0.0,0.0,False,-2.0
2024-03-03,Alabama Crimson Tide,74.0,home,0.0,0.0,False,-7.0
2024-03-03,Tennessee Volunteers,81.0,away,0.0,0.0,True,7.0
2024-03-03,Purdue Boilermakers,80.0,home,0.0,0.0,True,6.0
2024-03-03,Michigan State Spartans,74.0,away,0.0,0.0,False,-6.0
2024-03-02,Arizona Wildcats,103.0,home,0.0,0.0,True,20.0
2024-03-02,Oregon Ducks,83.0,away,0.0,0.0,False,-20.0
2024-03-02,Creighton Bluejays,89.0,home,0.0,0.0,True,14.0
2024-03-02,Marquette Golden Eagles,75.0,away,0.0,0.0,False,-14.0
2024-03-02,Auburn Tigers,78.0,home,0.0,0.0,True,15.0
2024-03-02,Mississippi State Bulldogs,63.0,away,0.0,0.0,False,-15.0
2024-03-02,Kentucky Wildcats,111.0,home,0.0,0.0,True,9.0
2024-03-02,Arkansas Razorbacks,102.0,away,0.0,0.0,False,-9.0
2024-03-02,Wisconsin Badgers,83.0,home,0.0,0.0,False,-8.0
2024-03-02,Illinois Fighting Illini,91.0,away,0.0,0.0,True,8.0
2024-03-03,Washington State Cougars,77.0,home,0.0,0.0,True,12.0
2024-03-03,UCLA Bruins,65.0,away,0.0,0.0,False,-12.0
2024-03-02,Charlotte 49ers,61.0,home,0.0,0.0,False,-15.0
2024-03-02,South Florida Bulls,76.0,away,0.0,0.0,True,15.0
2024-03-03,Oklahoma Sooners,85.0,home,0.0,0.0,False,-2.0
2024-03-03,Houston Cougars,87.0,away,0.0,0.0,True,2.0
2024-03-02,Georgia Tech Yellow Jackets,85.0,home,0.0,0.0,True,9.0
2024-03-02,Florida State Seminoles,76.0,away,0.0,0.0,False,-9.0
2024-03-02,Baylor Bears,82.0,home,0.0,0.0,True,8.0
2024-03-02,Kansas Jayhawks,74.0,away,0.0,0.0,False,-8.0
2024-03-02,Duke Blue Devils,73.0,home,0.0,0.0,True,25.0
2024-03-02,Virginia Cavaliers,48.0,away,0.0,0.0,False,-25.0
2024-03-02,UCF Knights,52.0,home,0.0,0.0,False,-8.0
2024-03-02,Iowa State Cyclones,60.0,away,0.0,0.0,True,8.0
2024-03-03,Saint Mary's Gaels,57.0,home,0.0,0.0,False,-13.0
2024-03-03,Gonzaga Bulldogs,70.0,away,0.0,0.0,True,13.0
2024-03-02,North Carolina Tar Heels,79.0,home,0.0,0.0,True,9.0
2024-03-02,NC State Wolfpack,70.0,away,0.0,0.0,False,-9.0
2024-03-02,South Carolina Gamecocks,82.0,home,0.0,0.0,True,6.0
2024-03-02,Florida Gators,76.0,away,0.0,0.0,False,-6.0
2024-03-02,DePaul Blue Demons,63.0,home,0.0,0.0,False,-19.0
2024-03-02,Butler Bulldogs,82.0,away,0.0,0.0,True,19.0
2024-03-02,Florida Atlantic Owls,79.0,home,0.0,0.0,True,6.0
2024-03-02,Tulane Green Wave,73.0,away,0.0,0.0,False,-6.0
2024-03-02,Providence Friars,60.0,home,0.0,0.0,False,-11.0
2024-03-02,Villanova Wildcats,71.0,away,0.0,0.0,True,11.0
2024-03-02,Lehigh Mountain Hawks,60.0,home,0.0,0.0,False,-3.0
2024-03-02,Colgate Raiders,63.0,away,0.0,0.0,True,3.0
2024-03-02,Temple Owls,67.0,home,0.0,0.0,False,-5.0
2024-03-02,Tulsa Golden Hurricane,72.0,away,0.0,0.0,True,5.0
2024-03-02,Saint Joseph's Hawks,82.0,home,0.0,0.0,True,13.0
2024-03-02,Fordham Rams,69.0,away,0.0,0.0,False,-13.0
2024-03-02,UNC Wilmington Seahawks,75.0,home,0.0,0.0,True,11.0
2024-03-02,Towson Tigers,64.0,away,0.0,0.0,False,-11.0
2024-03-02,Boston University Terriers,94.0,home,0.0,0.0,True,10.0
2024-03-02,Holy Cross Crusaders,84.0,away,0.0,0.0,False,-10.0
2024-03-02,Presbyterian Blue Hose,72.0,home,0.0,0.0,True,7.0
2024-03-02,Charleston Southern Buccaneers,65.0,away,0.0,0.0,False,-7.0
2024-03-02,Charleston Cougars,87.0,home,0.0,0.0,True,11.0
2024-03-02,Hofstra Pride,76.0,away,0.0,0.0,False,-11.0
2024-03-02,Elon Phoenix,70.0,home,0.0,0.0,False,-15.0
2024-03-02,Monmouth Hawks,85.0,away,0.0,0.0,True,15.0
2024-03-02,Eastern Michigan Eagles,37.0,home,0.0,0.0,False,-15.0
2024-03-02,Miami (OH) RedHawks,52.0,away,0.0,0.0,True,15.0
2024-03-02,American University Eagles,65.0,home,0.0,0.0,False,-6.0
2024-03-02,Navy Midshipmen,71.0,away,0.0,0.0,True,6.0
2024-03-02,Texas Longhorns,81.0,home,0.0,0.0,True,16.0
2024-03-02,Oklahoma State Cowboys,65.0,away,0.0,0.0,False,-16.0
2024-03-02,La Salle Explorers,72.0,home,0.0,0.0,True,6.0
2024-03-02,George Washington Revolutionaries,66.0,away,0.0,0.0,False,-6.0
2024-03-02,Sacred Heart Pioneers,89.0,home,0.0,0.0,True,4.0
2024-03-02,Merrimack Warriors,85.0,away,0.0,0.0,False,-4.0
2024-03-02,Central Connecticut Blue Devils,79.0,home,0.0,0.0,True,12.0
2024-03-02,Stonehill Skyhawks,67.0,away,0.0,0.0,False,-12.0
2024-03-02,Ball State Cardinals,76.0,home,0.0,0.0,False,-2.0
2024-03-02,Western Michigan Broncos,78.0,away,0.0,0.0,True,2.0
2024-03-02,VMI Keydets,62.0,home,0.0,0.0,False,-12.0
2024-03-02,Wofford Terriers,74.0,away,0.0,0.0,True,12.0
2024-03-02,Winthrop Eagles,64.0,home,0.0,0.0,False,-1.0
2024-03-02,Gardner-Webb Runnin' Bulldogs,65.0,away,0.0,0.0,True,1.0
2024-03-02,William & Mary Tribe,85.0,home,0.0,0.0,True,12.0
2024-03-02,Hampton Pirates,73.0,away,0.0,0.0,False,-12.0
2024-03-02,Radford Highlanders,62.0,home,0.0,0.0,False,-9.0
2024-03-02,UNC Asheville Bulldogs,71.0,away,0.0,0.0,True,9.0
2024-03-02,George Mason Patriots,51.0,home,0.0,0.0,False,-8.0
2024-03-02,Duquesne Dukes,59.0,away,0.0,0.0,True,8.0
2024-03-02,Chattanooga Mocs,63.0,home,0.0,0.0,False,-19.0
2024-03-02,Western Carolina Catamounts,82.0,away,0.0,0.0,True,19.0
2024-03-02,Samford Bulldogs,92.0,home,0.0,0.0,True,12.0
2024-03-02,The Citadel Bulldogs,80.0,away,0.0,0.0,False,-12.0
2024-03-02,SMU Mustangs,73.0,home,0.0,0.0,False,-4.0
2024-03-02,UTSA Roadrunners,77.0,away,0.0,0.0,True,4.0
2024-03-02,Davidson Wildcats,67.0,home,0.0,0.0,False,-2.0
2024-03-02,Massachusetts Minutemen,69.0,away,0.0,0.0,True,2.0
2024-03-02,North Dakota Fighting Hawks,95.0,home,0.0,0.0,True,29.0
2024-03-02,South Dakota Coyotes,66.0,away,0.0,0.0,False,-29.0
2024-03-02,Furman Paladins,75.0,home,0.0,0.0,False,-7.0
2024-03-02,Mercer Bears,82.0,away,0.0,0.0,True,7.0
2024-03-02,Buffalo Bulls,79.0,home,0.0,0.0,False,-6.0
2024-03-02,Toledo Rockets,85.0,away,0.0,0.0,True,6.0
2024-03-02,Binghamton Bearcats,87.0,home,0.0,0.0,True,13.0
2024-03-02,New Hampshire Wildcats,74.0,away,0.0,0.0,False,-13.0
2024-03-02,Kent State Golden Flashes,79.0,home,0.0,0.0,True,6.0
2024-03-02,Central Michigan Chippewas,73.0,away,0.0,0.0,False,-6.0
2024-03-02,North Dakota State Bison,61.0,home,0.0,0.0,False,-17.0
2024-03-02,South Dakota State Jackrabbits,78.0,away,0.0,0.0,True,17.0
2024-03-02,Minnesota Golden Gophers,75.0,home,0.0,0.0,True,5.0
2024-03-02,Penn State Nittany Lions,70.0,away,0.0,0.0,False,-5.0
2024-03-02,Vermont Catamounts,74.0,home,0.0,0.0,True,12.0
2024-03-02,UMass Lowell River Hawks,62.0,away,0.0,0.0,False,-12.0
2024-03-02,Washington Huskies,75.0,home,0.0,0.0,False,-7.0
2024-03-02,USC Trojans,82.0,away,0.0,0.0,True,7.0
2024-03-02,Colorado State Rams,70.0,home,0.0,0.0,True,8.0
2024-03-02,Wyoming Cowboys,62.0,away,0.0,0.0,False,-8.0
2024-03-02,Campbell Fighting Camels,64.0,home,0.0,0.0,True,2.0
2024-03-02,North Carolina A&T Aggies,62.0,away,0.0,0.0,False,-2.0
2024-03-02,Stony Brook Seawolves,79.0,home,0.0,0.0,True,23.0
2024-03-02,Delaware Blue Hens,56.0,away,0.0,0.0,False,-23.0
2024-03-02,Vanderbilt Commodores,61.0,home,0.0,0.0,False,-14.0
2024-03-02,LSU Tigers,75.0,away,0.0,0.0,True,14.0
2024-03-02,Drexel Dragons,73.0,home,0.0,0.0,True,14.0
2024-03-02,Northeastern Huskies,59.0,away,0.0,0.0,False,-14.0
2024-03-02,Maryland Eastern Shore Hawks,66.0,home,0.0,0.0,False,-4.0
2024-03-02,Howard Bison,70.0,away,0.0,0.0,True,4.0
2024-03-02,Morehead State Eagles,67.0,home,0.0,0.0,True,18.0
2024-03-02,Lindenwood Lions,49.0,away,0.0,0.0,False,-18.0
2024-03-02,Rhode Island Rams,91.0,home,0.0,0.0,False,-3.0
2024-03-02,Saint Louis Billikens,94.0,away,0.0,0.0,True,3.0
2024-03-02,Coppin State Eagles,58.0,home,0.0,0.0,False,-25.0
2024-03-02,North Carolina Central Eagles,83.0,away,0.0,0.0,True,25.0
2024-03-02,East Tennessee State Buccaneers,66.0,home,0.0,0.0,True,1.0
2024-03-02,UNC Greensboro Spartans,65.0,away,0.0,0.0,False,-1.0
2024-03-02,Delaware State Hornets,85.0,home,0.0,0.0,True,14.0
2024-03-02,Norfolk State Spartans,71.0,away,0.0,0.0,False,-14.0
2024-03-02,Saint Francis Red Flash,58.0,home,0.0,0.0,False,-16.0
2024-03-02,Le Moyne Dolphins,74.0,away,0.0,0.0,True,16.0
2024-03-02,Bryant Bulldogs,101.0,home,0.0,0.0,True,19.0
2024-03-02,NJIT Highlanders,82.0,away,0.0,0.0,False,-19.0
2024-03-02,Little Rock Trojans,81.0,home,0.0,0.0,True,38.0
2024-03-02,Tennessee Tech Golden Eagles,43.0,away,0.0,0.0,False,-38.0
2024-03-02,Southern Jaguars,61.0,home,0.0,0.0,False,-6.0
2024-03-02,Bethune-Cookman Wildcats,67.0,away,0.0,0.0,True,6.0
2024-03-02,Northwestern State Demons,77.0,home,0.0,0.0,False,-5.0
2024-03-02,Lamar Cardinals,82.0,away,0.0,0.0,True,5.0
2024-03-02,Morgan State Bears,61.0,home,0.0,0.0,False,-11.0
2024-03-02,South Carolina State Bulldogs,72.0,away,0.0,0.0,True,11.0
2024-03-02,UAlbany Great Danes,71.0,home,0.0,0.0,False,-3.0
2024-03-02,Maine Black Bears,74.0,away,0.0,0.0,True,3.0
2024-03-02,Weber State Wildcats,85.0,home,0.0,0.0,True,27.0
2024-03-02,Northern Arizona Lumberjacks,58.0,away,0.0,0.0,False,-27.0
2024-03-02,Utah Valley Wolverines,65.0,home,0.0,0.0,False,-13.0
2024-03-02,UT Arlington Mavericks,78.0,away,0.0,0.0,True,13.0
2024-03-02,Longwood Lancers,74.0,home,0.0,0.0,True,2.0
2024-03-02,High Point Panthers,72.0,away,0.0,0.0,False,-2.0
2024-03-02,Wagner Seahawks,54.0,home,0.0,0.0,False,-3.0
2024-03-02,Fairleigh Dickinson Knights,57.0,away,0.0,0.0,True,3.0
2024-03-02,UT Martin Skyhawks,96.0,home,0.0,0.0,True,9.0
2024-03-02,Tennessee State Tigers,87.0,away,0.0,0.0,False,-9.0
2024-03-02,Texas A&M-Corpus Christi Islanders,80.0,home,0.0,0.0,True,12.0
2024-03-02,SE Louisiana Lions,68.0,away,0.0,0.0,False,-12.0
2024-03-02,Houston Christian Huskies,85.0,home,0.0,0.0,False,-13.0
2024-03-02,East Texas A&M Lions,98.0,away,0.0,0.0,True,13.0
2024-03-02,Western Illinois Leathernecks,76.0,home,0.0,0.0,True,11.0
2024-03-02,SIU Edwardsville Cougars,65.0,away,0.0,0.0,False,-11.0
2024-03-02,Alabama A&M Bulldogs,58.0,home,0.0,0.0,True,5.0
2024-03-02,Alabama State Hornets,53.0,away,0.0,0.0,False,-5.0
2024-03-02,Grambling Tigers,75.0,home,0.0,0.0,True,7.0
2024-03-02,Florida A&M Rattlers,68.0,away,0.0,0.0,False,-7.0
2024-03-02,Jacksonville State Gamecocks,64.0,home,0.0,0.0,False,-2.0
2024-03-02,New Mexico State Aggies,66.0,away,0.0,0.0,True,2.0
2024-03-02,Loyola Maryland Greyhounds,69.0,home,0.0,0.0,True,1.0
2024-03-02,Army Black Knights,68.0,away,0.0,0.0,False,-1.0
2024-03-02,McNeese Cowboys,83.0,home,0.0,0.0,True,21.0
2024-03-02,Nicholls Colonels,62.0,away,0.0,0.0,False,-21.0
2024-03-02,Sacramento State Hornets,73.0,home,0.0,0.0,True,12.0
2024-03-02,Portland State Vikings,61.0,away,0.0,0.0,False,-12.0
2024-03-02,Eastern Washington Eagles,108.0,home,0.0,0.0,True,4.0
2024-03-02,Montana State Bobcats,104.0,away,0.0,0.0,False,-4.0
2024-03-02,Cleveland State Vikings,75.0,home,0.0,0.0,True,9.0
2024-03-02,IU Indianapolis Jaguars,66.0,away,0.0,0.0,False,-9.0
2024-03-02,Idaho Vandals,57.0,home,0.0,0.0,False,-23.0
2024-03-02,Montana Grizzlies,80.0,away,0.0,0.0,True,23.0
2024-03-02,Virginia Tech Hokies,87.0,home,0.0,0.0,True,11.0
2024-03-02,Wake Forest Demon Deacons,76.0,away,0.0,0.0,False,-11.0
2024-03-02,Richmond Spiders,79.0,home,0.0,0.0,True,3.0
2024-03-02,VCU Rams,76.0,away,0.0,0.0,False,-3.0
2024-03-02,Georgia Bulldogs,56.0,home,0.0,0.0,False,-14.0
2024-03-02,Texas A&M Aggies,70.0,away,0.0,0.0,True,14.0
2024-03-02,Northwestern Wildcats,80.0,home,0.0,0.0,False,-7.0
2024-03-02,Iowa Hawkeyes,87.0,away,0.0,0.0,True,7.0
2024-03-02,Boston College Eagles,65.0,home,0.0,0.0,False,-25.0
2024-03-02,Pittsburgh Panthers,90.0,away,0.0,0.0,True,25.0
2024-03-02,Oakland Golden Grizzlies,75.0,home,0.0,0.0,True,5.0
2024-03-02,Detroit Mercy Titans,70.0,away,0.0,0.0,False,-5.0
2024-03-02,Akron Zips,80.0,home,0.0,0.0,True,7.0
2024-03-02,Northern Illinois Huskies,73.0,away,0.0,0.0,False,-7.0
2024-03-02,West Virginia Mountaineers,70.0,home,0.0,0.0,False,-11.0
2024-03-02,Texas Tech Red Raiders,81.0,away,0.0,0.0,True,11.0
2024-03-02,Texas Southern Tigers,80.0,home,0.0,0.0,True,10.0
2024-03-02,Jackson State Tigers,70.0,away,0.0,0.0,False,-10.0
2024-03-02,Milwaukee Panthers,90.0,home,0.0,0.0,True,21.0
2024-03-02,Green Bay Phoenix,69.0,away,0.0,0.0,False,-21.0
2024-03-02,Incarnate Word Cardinals,80.0,home,0.0,0.0,False,-7.0
2024-03-02,New Orleans Privateers,87.0,away,0.0,0.0,True,7.0
2024-03-02,Brown Bears,89.0,home,0.0,0.0,True,22.0
2024-03-02,Dartmouth Big Green,67.0,away,0.0,0.0,False,-22.0
2024-03-02,Florida International Panthers,85.0,home,0.0,0.0,True,2.0
2024-03-02,Western Kentucky Hilltoppers,83.0,away,0.0,0.0,False,-2.0
2024-03-03,Bucknell Bison,60.0,home,0.0,0.0,True,10.0
2024-03-03,Lafayette Leopards,50.0,away,0.0,0.0,False,-10.0
2024-03-02,Prairie View A&M Panthers,65.0,home,0.0,0.0,False,-8.0
2024-03-02,Alcorn State Braves,73.0,away,0.0,0.0,True,8.0
2024-03-03,Santa Clara Broncos,69.0,home,0.0,0.0,True,7.0
2024-03-03,San Francisco Dons,62.0,away,0.0,0.0,False,-7.0
2024-03-02,Arkansas-Pine Bluff Golden Lions,78.0,home,0.0,0.0,True,9.0
2024-03-02,Mississippi Valley State Delta Devils,69.0,away,0.0,0.0,False,-9.0
2024-03-03,Cincinnati Bearcats,74.0,home,0.0,0.0,True,2.0
2024-03-03,Kansas State Wildcats,72.0,away,0.0,0.0,False,-2.0
2024-03-03,Purdue Fort Wayne Mastodons,83.0,home,0.0,0.0,True,18.0
2024-03-03,Robert Morris Colonials,65.0,away,0.0,0.0,False,-18.0
2024-03-03,Wright State Raiders,94.0,home,0.0,0.0,True,6.0
2024-03-03,Northern Kentucky Norse,88.0,away,0.0,0.0,False,-6.0
2024-03-03,Pennsylvania Quakers,84.0,home,0.0,0.0,True,12.0
2024-03-03,Columbia Lions,72.0,away,0.0,0.0,False,-12.0
2024-03-03,Yale Bulldogs,80.0,home,0.0,0.0,True,20.0
2024-03-03,Harvard Crimson,60.0,away,0.0,0.0,False,-20.0
2024-03-03,Wichita State Shockers,87.0,home,0.0,0.0,True,21.0
2024-03-03,Rice Owls,66.0,away,0.0,0.0,False,-21.0
2024-03-03,Notre Dame Fighting Irish,69.0,home,0.0,0.0,True,7.0
2024-03-03,Clemson Tigers,62.0,away,0.0,0.0,False,-7.0
2024-03-03,Louisville Cardinals,76.0,home,0.0,0.0,False,-6.0
2024-03-03,Syracuse Orange,82.0,away,0.0,0.0,True,6.0
2024-03-03,Princeton Tigers,79.0,home,0.0,0.0,True,2.0
2024-03-03,Cornell Big Red,77.0,away,0.0,0.0,False,-2.0
2024-03-03,Boise State Broncos,89.0,home,0.0,0.0,True,10.0
2024-03-03,New Mexico Lobos,79.0,away,0.0,0.0,False,-10.0
2024-03-03,Georgetown Hoyas,93.0,home,0.0,0.0,False,-5.0
2024-03-03,Xavier Musketeers,98.0,away,0.0,0.0,True,5.0
2024-03-03,Liberty Flames,51.0,home,0.0,0.0,False,-16.0
2024-03-03,UTEP Miners,67.0,away,0.0,0.0,True,16.0
2024-03-03,Portland Pilots,70.0,home,0.0,0.0,True,10.0
2024-03-03,Loyola Marymount Lions,60.0,away,0.0,0.0,False,-10.0
2024-03-03,St. Thomas-Minnesota Tommies,83.0,home,0.0,0.0,True,25.0
2024-03-03,Denver Pioneers,58.0,away,0.0,0.0,False,-25.0
2024-03-03,California Baptist Lancers,88.0,home,0.0,0.0,True,36.0
2024-03-03,UT Rio Grande Valley Vaqueros,52.0,away,0.0,0.0,False,-36.0
2024-03-03,Sam Houston Bearkats,81.0,home,0.0,0.0,True,17.0
2024-03-03,Middle Tennessee Blue Raiders,64.0,away,0.0,0.0,False,-17.0
2024-03-03,Cal State Northridge Matadors,69.0,home,0.0,0.0,False,-10.0
2024-03-03,UC San Diego Tritons,79.0,away,0.0,0.0,True,10.0
2024-03-03,UC Riverside Highlanders,73.0,home,0.0,0.0,False,-3.0
2024-03-03,Hawai'i Rainbow Warriors,76.0,away,0.0,0.0,True,3.0
2024-03-03,Missouri Tigers,78.0,home,0.0,0.0,False,-6.0
2024-03-03,Ole Miss Rebels,84.0,away,0.0,0.0,True,6.0
2024-03-03,Southern Utah Thunderbirds,83.0,home,0.0,0.0,False,-5.0
2024-03-03,Tarleton State Texans,88.0,away,0.0,0.0,True,5.0
2024-03-03,Idaho State Bengals,79.0,home,0.0,0.0,False,-2.0
2024-03-03,Northern Colorado Bears,81.0,away,0.0,0.0,True,2.0
2024-03-03,Southern Indiana Screaming Eagles,66.0,home,0.0,0.0,False,-4.0
2024-03-03,Southeast Missouri State Redhawks,70.0,away,0.0,0.0,True,4.0
2024-03-03,UNLV Rebels,68.0,home,0.0,0.0,True,18.0
2024-03-03,San José State Spartans,50.0,away,0.0,0.0,False,-18.0
2024-03-03,San Diego Toreros,81.0,home,0.0,0.0,True,12.0
2024-03-03,Pacific Tigers,69.0,away,0.0,0.0,False,-12.0
2024-03-03,Utah Utes,88.0,home,0.0,0.0,True,29.0
2024-03-03,California Golden Bears,59.0,away,0.0,0.0,False,-29.0
2024-03-03,Utah Tech Trailblazers,79.0,home,0.0,0.0,False,-7.0
2024-03-03,Abilene Christian Wildcats,86.0,away,0.0,0.0,True,7.0
2024-03-03,BYU Cougars,87.0,home,0.0,0.0,True,12.0
2024-03-03,TCU Horned Frogs,75.0,away,0.0,0.0,False,-12.0
2024-03-03,UC Irvine Anteaters,82.0,home,0.0,0.0,True,21.0
2024-03-03,Long Beach State Beach,61.0,away,0.0,0.0,False,-21.0
2024-03-03,Cal State Fullerton Titans,79.0,home,0.0,0.0,True,9.0
2024-03-03,UC Santa Barbara Gauchos,70.0,away,0.0,0.0,False,-9.0
2024-03-03,Grand Canyon Lopes,80.0,home,0.0,0.0,True,22.0
2024-03-03,Stephen F. Austin Lumberjacks,58.0,away,0.0,0.0,False,-22.0
2024-03-03,Cal Poly Mustangs,56.0,home,0.0,0.0,False,-12.0
2024-03-03,Cal State Bakersfield Roadrunners,68.0,away,0.0,0.0,True,12.0
2024-03-17,Illinois Fighting Illini,93.0,home,0.0,0.0,True,6.0
2024-03-17,Wisconsin Badgers,87.0,away,0.0,0.0,False,-6.0
2024-03-17,Yale Bulldogs,62.0,home,0.0,0.0,True,1.0
2024-03-17,Brown Bears,61.0,away,0.0,0.0,False,-1.0
2024-03-17,VCU Rams,51.0,home,0.0,0.0,False,-6.0
2024-03-17,Duquesne Dukes,57.0,away,0.0,0.0,True,6.0
2024-03-17,Auburn Tigers,86.0,home,0.0,0.0,True,19.0
2024-03-17,Florida Gators,67.0,away,0.0,0.0,False,-19.0
2024-03-17,UAB Blazers,85.0,home,0.0,0.0,True,16.0
2024-03-17,Temple Owls,69.0,away,0.0,0.0,False,-16.0
2024-03-15,Houston Cougars,82.0,home,0.0,0.0,True,23.0
2024-03-15,Texas Tech Red Raiders,59.0,away,0.0,0.0,False,-23.0
2024-03-15,Tennessee Volunteers,56.0,home,0.0,0.0,False,-17.0
2024-03-15,Mississippi State Bulldogs,73.0,away,0.0,0.0,True,17.0
2024-03-15,UConn Huskies,95.0,home,0.0,0.0,True,5.0
2024-03-15,St. John's Red Storm,90.0,away,0.0,0.0,False,-5.0
2024-03-15,Auburn Tigers,86.0,home,0.0,0.0,True,31.0
2024-03-15,South Carolina Gamecocks,55.0,away,0.0,0.0,False,-31.0
2024-03-15,Kentucky Wildcats,87.0,home,0.0,0.0,False,-10.0
2024-03-15,Texas A&M Aggies,97.0,away,0.0,0.0,True,10.0
2024-03-16,Marquette Golden Eagles,79.0,home,0.0,0.0,True,11.0
2024-03-16,Providence Friars,68.0,away,0.0,0.0,False,-11.0
2024-03-15,Illinois Fighting Illini,77.0,home,0.0,0.0,True,3.0
2024-03-15,Ohio State Buckeyes,74.0,away,0.0,0.0,False,-3.0
2024-03-15,Grambling Tigers,65.0,home,0.0,0.0,True,12.0
2024-03-15,Bethune-Cookman Wildcats,53.0,away,0.0,0.0,False,-12.0
2024-03-15,UAB Blazers,72.0,home,0.0,0.0,True,12.0
2024-03-15,Wichita State Shockers,60.0,away,0.0,0.0,False,-12.0
2024-03-15,North Carolina Tar Heels,72.0,home,0.0,0.0,True,7.0
2024-03-15,Pittsburgh Panthers,65.0,away,0.0,0.0,False,-7.0
2024-03-15,Purdue Boilermakers,67.0,home,0.0,0.0,True,5.0
2024-03-15,Michigan State Spartans,62.0,away,0.0,0.0,False,-5.0
2024-03-16,Iowa State Cyclones,76.0,home,0.0,0.0,True,14.0
2024-03-16,Baylor Bears,62.0,away,0.0,0.0,False,-14.0
2024-03-16,Arizona Wildcats,59.0,home,0.0,0.0,False,-8.0
2024-03-16,Oregon Ducks,67.0,away,0.0,0.0,True,8.0
2024-03-16,Utah State Aggies,70.0,home,0.0,0.0,False,-16.0
2024-03-16,San Diego State Aztecs,86.0,away,0.0,0.0,True,16.0
2024-03-16,Alabama Crimson Tide,88.0,home,0.0,0.0,False,-14.0
2024-03-16,Florida Gators,102.0,away,0.0,0.0,True,14.0
2024-03-15,Sam Houston Bearkats,63.0,home,0.0,0.0,False,-2.0
2024-03-15,UTEP Miners,65.0,away,0.0,0.0,True,2.0
2024-03-15,Northwestern Wildcats,61.0,home,0.0,0.0,False,-9.0
2024-03-15,Wisconsin Badgers,70.0,away,0.0,0.0,True,9.0
2024-03-16,Washington State Cougars,52.0,home,0.0,0.0,False,-6.0
2024-03-16,Colorado Buffaloes,58.0,away,0.0,0.0,True,6.0
2024-03-15,South Florida Bulls,81.0,home,0.0,0.0,True,22.0
2024-03-15,East Carolina Pirates,59.0,away,0.0,0.0,False,-22.0
2024-03-15,Western Kentucky Hilltoppers,85.0,home,0.0,0.0,True,31.0
2024-03-15,Middle Tennessee Blue Raiders,54.0,away,0.0,0.0,False,-31.0
2024-03-15,Bowling Green Falcons,60.0,home,0.0,0.0,False,-13.0
2024-03-15,Kent State Golden Flashes,73.0,away,0.0,0.0,True,13.0
2024-03-15,Norfolk State Spartans,74.0,home,0.0,0.0,False,-6.0
2024-03-15,Howard Bison,80.0,away,0.0,0.0,True,6.0
2024-03-15,Akron Zips,65.0,home,0.0,0.0,True,3.0
2024-03-15,Ohio Bobcats,62.0,away,0.0,0.0,False,-3.0
2024-03-16,Grand Canyon Lopes,80.0,home,0.0,0.0,True,8.0
2024-03-16,Seattle U Redhawks,72.0,away,0.0,0.0,False,-8.0
2024-03-16,Nebraska Cornhuskers,93.0,home,0.0,0.0,True,27.0
2024-03-16,Indiana Hoosiers,66.0,away,0.0,0.0,False,-27.0
2024-03-16,UC Irvine Anteaters,79.0,home,0.0,0.0,False,-4.0
2024-03-16,Long Beach State Beach,83.0,away,0.0,0.0,True,4.0
2024-03-15,Florida Atlantic Owls,77.0,home,0.0,0.0,True,6.0
2024-03-15,North Texas Mean Green,71.0,away,0.0,0.0,False,-6.0
2024-03-16,North Carolina Central Eagles,58.0,home,0.0,0.0,False,-13.0
2024-03-16,Delaware State Hornets,71.0,away,0.0,0.0,True,13.0
2024-03-16,UC Davis Aggies,68.0,home,0.0,0.0,True,3.0
2024-03-16,Hawai'i Rainbow Warriors,65.0,away,0.0,0.0,False,-3.0
2024-03-16,Charlotte 49ers,54.0,home,0.0,0.0,False,-4.0
2024-03-16,Temple Owls,58.0,away,0.0,0.0,True,4.0
2024-03-15,Quinnipiac Bobcats,60.0,home,0.0,0.0,False,-2.0
2024-03-15,Saint Peter's Peacocks,62.0,away,0.0,0.0,True,2.0
2024-03-16,Fairfield Stags,65.0,home,0.0,0.0,True,4.0
2024-03-16,Marist Red Foxes,61.0,away,0.0,0.0,False,-4.0
2024-03-16,Texas Southern Tigers,72.0,home,0.0,0.0,True,7.0
2024-03-16,Alabama A&M Bulldogs,65.0,away,0.0,0.0,False,-7.0
2024-03-16,Tarleton State Texans,84.0,home,0.0,0.0,False,-3.0
2024-03-16,UT Arlington Mavericks,87.0,away,0.0,0.0,True,3.0
2024-03-16,Virginia Cavaliers,65.0,home,0.0,0.0,False,-8.0
2024-03-16,NC State Wolfpack,73.0,away,0.0,0.0,True,8.0
2024-03-16,New Mexico Lobos,74.0,home,0.0,0.0,True,13.0
2024-03-16,Colorado State Rams,61.0,away,0.0,0.0,False,-13.0
2024-03-13,George Mason Patriots,57.0,home,0.0,0.0,False,-7.0
2024-03-13,Saint Joseph's Hawks,64.0,away,0.0,0.0,True,7.0
2024-03-13,Washington Huskies,74.0,home,0.0,0.0,False,-6.0
2024-03-13,USC Trojans,80.0,away,0.0,0.0,True,6.0
2024-03-13,Temple Owls,64.0,home,0.0,0.0,True,3.0
2024-03-13,UTSA Roadrunners,61.0,away,0.0,0.0,False,-3.0
2024-03-13,TCU Horned Frogs,77.0,home,0.0,0.0,True,7.0
2024-03-13,Oklahoma Sooners,70.0,away,0.0,0.0,False,-7.0
2024-03-13,Wake Forest Demon Deacons,72.0,home,0.0,0.0,True,13.0
2024-03-13,Notre Dame Fighting Irish,59.0,away,0.0,0.0,False,-13.0
2024-03-13,Maryland Terrapins,65.0,home,0.0,0.0,True,14.0
2024-03-13,Rutgers Scarlet Knights,51.0,away,0.0,0.0,False,-14.0
2024-03-13,Norfolk State Spartans,75.0,home,0.0,0.0,True,24.0
2024-03-13,Coppin State Eagles,51.0,away,0.0,0.0,False,-24.0
2024-03-13,UCLA Bruins,67.0,home,0.0,0.0,True,10.0
2024-03-13,Oregon State Beavers,57.0,away,0.0,0.0,False,-10.0
2024-03-13,BYU Cougars,87.0,home,0.0,0.0,True,14.0
2024-03-13,UCF Knights,73.0,away,0.0,0.0,False,-14.0
2024-03-13,VCU Rams,69.0,home,0.0,0.0,True,7.0
2024-03-13,Fordham Rams,62.0,away,0.0,0.0,False,-7.0
2024-03-13,Alcorn State Braves,63.0,home,0.0,0.0,False,-12.0
2024-03-13,Alabama A&M Bulldogs,75.0,away,0.0,0.0,True,12.0
2024-03-13,Wichita State Shockers,88.0,home,0.0,0.0,True,7.0
2024-03-13,Rice Owls,81.0,away,0.0,0.0,False,-7.0
2024-03-13,McNeese Cowboys,92.0,home,0.0,0.0,True,16.0
2024-03-13,Nicholls Colonels,76.0,away,0.0,0.0,False,-16.0
2024-03-13,Virginia Tech Hokies,76.0,home,0.0,0.0,False,-10.0
2024-03-13,Florida State Seminoles,86.0,away,0.0,0.0,True,10.0
2024-03-14,Kansas Jayhawks,52.0,home,0.0,0.0,False,-20.0
2024-03-14,Cincinnati Bearcats,72.0,away,0.0,0.0,True,20.0
2024-03-13,Wyoming Cowboys,73.0,home,0.0,0.0,False,-4.0
2024-03-13,Fresno State Bulldogs,77.0,away,0.0,0.0,True,4.0
2024-03-13,Quinnipiac Bobcats,76.0,home,0.0,0.0,True,24.0
2024-03-13,Canisius Golden Griffins,52.0,away,0.0,0.0,False,-24.0
2024-03-13,St. Bonaventure Bonnies,75.0,home,0.0,0.0,True,2.0
2024-03-13,La Salle Explorers,73.0,away,0.0,0.0,False,-2.0
2024-03-13,Colorado State Rams,72.0,home,0.0,0.0,True,10.0
2024-03-13,San José State Spartans,62.0,away,0.0,0.0,False,-10.0
2024-03-13,Butler Bulldogs,72.0,home,0.0,0.0,False,-4.0
2024-03-13,Xavier Musketeers,76.0,away,0.0,0.0,True,4.0
2024-03-13,Providence Friars,74.0,home,0.0,0.0,True,18.0
2024-03-13,Georgetown Hoyas,56.0,away,0.0,0.0,False,-18.0
2024-03-13,Sam Houston Bearkats,78.0,home,0.0,0.0,True,19.0
2024-03-13,Florida International Panthers,59.0,away,0.0,0.0,False,-19.0
2024-03-13,Syracuse Orange,65.0,home,0.0,0.0,False,-18.0
2024-03-13,NC State Wolfpack,83.0,away,0.0,0.0,True,18.0
2024-03-13,New Mexico Lobos,82.0,home,0.0,0.0,True,26.0
2024-03-13,Air Force Falcons,56.0,away,0.0,0.0,False,-26.0
2024-03-13,Duquesne Dukes,83.0,home,0.0,0.0,True,10.0
2024-03-13,Saint Louis Billikens,73.0,away,0.0,0.0,False,-10.0
2024-03-14,Louisiana Tech Bulldogs,67.0,home,0.0,0.0,False,-3.0
2024-03-14,Middle Tennessee Blue Raiders,70.0,away,0.0,0.0,True,3.0
2024-03-14,UC Riverside Highlanders,83.0,home,0.0,0.0,True,5.0
2024-03-14,Cal State Bakersfield Roadrunners,78.0,away,0.0,0.0,False,-5.0
2024-03-14,Utah Valley Wolverines,63.0,home,0.0,0.0,False,-11.0
2024-03-14,California Baptist Lancers,74.0,away,0.0,0.0,True,11.0
2024-03-14,Villanova Wildcats,58.0,home,0.0,0.0,True,1.0
2024-03-14,DePaul Blue Demons,57.0,away,0.0,0.0,False,-1.0
2024-03-13,Colgate Raiders,74.0,home,0.0,0.0,True,19.0
2024-03-13,Lehigh Mountain Hawks,55.0,away,0.0,0.0,False,-19.0
2024-03-14,Georgia Bulldogs,64.0,home,0.0,0.0,True,5.0
2024-03-14,Missouri Tigers,59.0,away,0.0,0.0,False,-5.0
2024-03-13,Arkansas Razorbacks,90.0,home,0.0,0.0,True,5.0
2024-03-13,Vanderbilt Commodores,85.0,away,0.0,0.0,False,-5.0
2024-03-14,North Carolina Central Eagles,87.0,home,0.0,0.0,True,6.0
2024-03-14,Maryland Eastern Shore Hawks,81.0,away,0.0,0.0,False,-6.0
2024-03-13,Texas Longhorns,74.0,home,0.0,0.0,False,-4.0
2024-03-13,Kansas State Wildcats,78.0,away,0.0,0.0,True,4.0
2024-03-14,Penn State Nittany Lions,66.0,home,0.0,0.0,True,9.0
2024-03-14,Michigan Wolverines,57.0,away,0.0,0.0,False,-9.0
2024-03-14,California Golden Bears,76.0,home,0.0,0.0,False,-11.0
2024-03-14,Stanford Cardinal,87.0,away,0.0,0.0,True,11.0
2024-03-14,Grambling Tigers,56.0,home,0.0,0.0,True,6.0
2024-03-14,Alabama State Hornets,50.0,away,0.0,0.0,False,-6.0
2024-03-14,Fairfield Stags,68.0,home,0.0,0.0,True,5.0
2024-03-14,Iona Gaels,63.0,away,0.0,0.0,False,-5.0
2024-03-14,Montana Grizzlies,70.0,home,0.0,0.0,False,-15.0
2024-03-14,Montana State Bobcats,85.0,away,0.0,0.0,True,15.0
2024-03-14,Clemson Tigers,55.0,home,0.0,0.0,False,-21.0
2024-03-14,Boston College Eagles,76.0,away,0.0,0.0,True,21.0
2024-03-14,Stephen F. Austin Lumberjacks,60.0,home,0.0,0.0,True,3.0
2024-03-14,Abilene Christian Wildcats,57.0,away,0.0,0.0,False,-3.0
2024-03-14,Utah Utes,90.0,home,0.0,0.0,True,33.0
2024-03-14,Arizona State Sun Devils,57.0,away,0.0,0.0,False,-33.0
2024-03-14,UC Santa Barbara Gauchos,84.0,home,0.0,0.0,False,-3.0
2024-03-14,Cal State Northridge Matadors,87.0,away,0.0,0.0,True,3.0
2024-03-09,Houston Cougars,76.0,home,0.0,0.0,True,30.0
2024-03-09,Kansas Jayhawks,46.0,away,0.0,0.0,False,-30.0
2024-03-09,Tennessee Volunteers,81.0,home,0.0,0.0,False,-4.0
2024-03-09,Kentucky Wildcats,85.0,away,0.0,0.0,True,4.0
2024-03-10,Providence Friars,60.0,home,0.0,0.0,False,-14.0
2024-03-10,UConn Huskies,74.0,away,0.0,0.0,True,14.0
2024-03-09,Duke Blue Devils,79.0,home,0.0,0.0,False,-5.0
2024-03-09,North Carolina Tar Heels,84.0,away,0.0,0.0,True,5.0
2024-03-09,Texas Tech Red Raiders,78.0,home,0.0,0.0,True,10.0
2024-03-09,Baylor Bears,68.0,away,0.0,0.0,False,-10.0
2024-03-10,BYU Cougars,85.0,home,0.0,0.0,True,14.0
2024-03-10,Oklahoma State Cowboys,71.0,away,0.0,0.0,False,-14.0
2024-03-09,Mississippi State Bulldogs,89.0,home,0.0,0.0,False,-4.0
2024-03-09,South Carolina Gamecocks,93.0,away,0.0,0.0,True,4.0
2024-03-09,Tulsa Golden Hurricane,76.0,home,0.0,0.0,True,6.0
2024-03-09,South Florida Bulls,70.0,away,0.0,0.0,False,-6.0
2024-03-09,Monmouth Hawks,90.0,home,0.0,0.0,True,23.0
2024-03-09,Campbell Fighting Camels,67.0,away,0.0,0.0,False,-23.0
2024-03-09,Villanova Wildcats,67.0,home,0.0,0.0,False,-2.0
2024-03-09,Creighton Bluejays,69.0,away,0.0,0.0,True,2.0
2024-03-09,High Point Panthers,79.0,home,0.0,0.0,False,-1.0
2024-03-09,Longwood Lancers,80.0,away,0.0,0.0,True,1.0
2024-03-09,Florida Atlantic Owls,92.0,home,0.0,0.0,True,8.0
2024-03-09,Memphis Tigers,84.0,away,0.0,0.0,False,-8.0
2024-03-10,Utah State Aggies,87.0,home,0.0,0.0,True,2.0
2024-03-10,New Mexico Lobos,85.0,away,0.0,0.0,False,-2.0
2024-03-09,Alabama Crimson Tide,92.0,home,0.0,0.0,True,4.0
2024-03-09,Arkansas Razorbacks,88.0,away,0.0,0.0,False,-4.0
2024-03-10,USC Trojans,78.0,home,0.0,0.0,True,13.0
2024-03-10,Arizona Wildcats,65.0,away,0.0,0.0,False,-13.0
2024-03-09,Kansas State Wildcats,65.0,home,0.0,0.0,True,7.0
2024-03-09,Iowa State Cyclones,58.0,away,0.0,0.0,False,-7.0
2024-03-09,Merrimack Warriors,61.0,home,0.0,0.0,True,10.0
2024-03-09,Le Moyne Dolphins,51.0,away,0.0,0.0,False,-10.0
2024-03-09,Xavier Musketeers,80.0,home,0.0,0.0,False,-6.0
2024-03-09,Marquette Golden Eagles,86.0,away,0.0,0.0,True,6.0
2024-03-09,Samford Bulldogs,70.0,home,0.0,0.0,True,13.0
2024-03-09,Mercer Bears,57.0,away,0.0,0.0,False,-13.0
2024-03-09,Auburn Tigers,92.0,home,0.0,0.0,True,14.0
2024-03-09,Georgia Bulldogs,78.0,away,0.0,0.0,False,-14.0
2024-03-09,Yale Bulldogs,81.0,home,0.0,0.0,False,-3.0
2024-03-09,Brown Bears,84.0,away,0.0,0.0,True,3.0
2024-03-09,App State Mountaineers,85.0,home,0.0,0.0,True,5.0
2024-03-09,Georgia Southern Eagles,80.0,away,0.0,0.0,False,-5.0
2024-03-09,St. John's Red Storm,86.0,home,0.0,0.0,True,8.0
2024-03-09,Georgetown Hoyas,78.0,away,0.0,0.0,False,-8.0
2024-03-09,Liberty Flames,82.0,home,0.0,0.0,True,3.0
2024-03-09,Western Kentucky Hilltoppers,79.0,away,0.0,0.0,False,-3.0
2024-03-09,St. Bonaventure Bonnies,65.0,home,0.0,0.0,False,-8.0
2024-03-09,Saint Louis Billikens,73.0,away,0.0,0.0,True,8.0
2024-03-09,Iona Gaels,68.0,home,0.0,0.0,True,14.0
2024-03-09,Siena Saints,54.0,away,0.0,0.0,False,-14.0
2024-03-09,Saint Joseph's Hawks,89.0,home,0.0,0.0,True,18.0
2024-03-09,Davidson Wildcats,71.0,away,0.0,0.0,False,-18.0
2024-03-09,Fordham Rams,50.0,home,0.0,0.0,False,-8.0
2024-03-09,Rhode Island Rams,58.0,away,0.0,0.0,True,8.0
2024-03-09,Texas Longhorns,94.0,home,0.0,0.0,True,14.0
2024-03-09,Oklahoma Sooners,80.0,away,0.0,0.0,False,-14.0
2024-03-09,Duquesne Dukes,67.0,home,0.0,0.0,True,2.0
2024-03-09,George Washington Revolutionaries,65.0,away,0.0,0.0,False,-2.0
2024-03-09,Cincinnati Bearcats,92.0,home,0.0,0.0,True,36.0
2024-03-09,West Virginia Mountaineers,56.0,away,0.0,0.0,False,-36.0
2024-03-09,Central Connecticut Blue Devils,56.0,home,0.0,0.0,False,-10.0
2024-03-09,Wagner Seahawks,66.0,away,0.0,0.0,True,10.0
2024-03-09,UNC Greensboro Spartans,62.0,home,0.0,0.0,False,-11.0
2024-03-09,East Tennessee State Buccaneers,73.0,away,0.0,0.0,True,11.0
2024-03-09,Bryant Bulldogs,84.0,home,0.0,0.0,True,26.0
2024-03-09,Maine Black Bears,58.0,away,0.0,0.0,False,-26.0
2024-03-09,UNC Asheville Bulldogs,83.0,home,0.0,0.0,True,11.0
2024-03-09,Gardner-Webb Runnin' Bulldogs,72.0,away,0.0,0.0,False,-11.0
2024-03-09,Ole Miss Rebels,60.0,home,0.0,0.0,False,-26.0
2024-03-09,Texas A&M Aggies,86.0,away,0.0,0.0,True,26.0
2024-03-09,Saint Peter's Peacocks,74.0,home,0.0,0.0,False,-15.0
2024-03-09,Quinnipiac Bobcats,89.0,away,0.0,0.0,True,15.0
2024-03-09,Towson Tigers,67.0,home,0.0,0.0,True,11.0
2024-03-09,William & Mary Tribe,56.0,away,0.0,0.0,False,-11.0
2024-03-09,Columbia Lions,76.0,home,0.0,0.0,False,-22.0
2024-03-09,Cornell Big Red,98.0,away,0.0,0.0,True,22.0
2024-03-09,Marist Red Foxes,63.0,home,0.0,0.0,True,1.0
2024-03-09,Niagara Purple Eagles,62.0,away,0.0,0.0,False,-1.0
2024-03-09,George Mason Patriots,64.0,home,0.0,0.0,True,18.0
2024-03-09,Richmond Spiders,46.0,away,0.0,0.0,False,-18.0
2024-03-09,Vermont Catamounts,75.0,home,0.0,0.0,True,3.0
2024-03-09,UAlbany Great Danes,72.0,away,0.0,0.0,False,-3.0
2024-03-09,UMass Lowell River Hawks,94.0,home,0.0,0.0,True,5.0
2024-03-09,UMBC Retrievers,89.0,away,0.0,0.0,False,-5.0
2024-03-09,Arkansas State Red Wolves,89.0,home,0.0,0.0,True,27.0
2024-03-09,Louisiana Ragin' Cajuns,62.0,away,0.0,0.0,False,-27.0
2024-03-09,Virginia Tech Hokies,82.0,home,0.0,0.0,True,6.0
2024-03-09,Notre Dame Fighting Irish,76.0,away,0.0,0.0,False,-6.0
2024-03-09,Louisiana Tech Bulldogs,84.0,home,0.0,0.0,True,14.0
2024-03-09,Middle Tennessee Blue Raiders,70.0,away,0.0,0.0,False,-14.0
2024-03-09,Indiana State Sycamores,94.0,home,0.0,0.0,True,22.0
2024-03-09,Northern Iowa Panthers,72.0,away,0.0,0.0,False,-22.0
2024-03-09,New Hampshire Wildcats,77.0,home,0.0,0.0,True,13.0
2024-03-09,Binghamton Bearcats,64.0,away,0.0,0.0,False,-13.0
2024-03-09,Stephen F. Austin Lumberjacks,84.0,home,0.0,0.0,True,13.0
2024-03-09,Utah Tech Trailblazers,71.0,away,0.0,0.0,False,-13.0
2024-03-09,Sam Houston Bearkats,81.0,home,0.0,0.0,True,8.0
2024-03-09,Jacksonville State Gamecocks,73.0,away,0.0,0.0,False,-8.0
2024-03-09,East Carolina Pirates,72.0,home,0.0,0.0,False,-10.0
2024-03-09,Charlotte 49ers,82.0,away,0.0,0.0,True,10.0
2024-03-09,Loyola Chicago Ramblers,64.0,home,0.0,0.0,True,10.0
2024-03-09,La Salle Explorers,54.0,away,0.0,0.0,False,-10.0
2024-03-09,Jackson State Tigers,68.0,home,0.0,0.0,True,1.0
2024-03-09,Mississippi Valley State Delta Devils,67.0,away,0.0,0.0,False,-1.0
2024-03-09,Alcorn State Braves,104.0,home,0.0,0.0,True,9.0
2024-03-09,Arkansas-Pine Bluff Golden Lions,95.0,away,0.0,0.0,False,-9.0
2024-03-09,Mount St. Mary's Mountaineers,92.0,home,0.0,0.0,False,-4.0
2024-03-09,Fairfield Stags,96.0,away,0.0,0.0,True,4.0
2024-03-09,Florida A&M Rattlers,66.0,home,0.0,0.0,False,-1.0
2024-03-09,Bethune-Cookman Wildcats,67.0,away,0.0,0.0,True,1.0
2024-03-09,Florida State Seminoles,83.0,home,0.0,0.0,True,8.0
2024-03-09,Miami Hurricanes,75.0,away,0.0,0.0,False,-8.0
2024-03-09,Manhattan Jaspers,70.0,home,0.0,0.0,False,-3.0
2024-03-09,Canisius Golden Griffins,73.0,away,0.0,0.0,True,3.0
2024-03-09,Air Force Falcons,73.0,home,0.0,0.0,False,-9.0
2024-03-09,Colorado State Rams,82.0,away,0.0,0.0,True,9.0
2024-03-09,Abilene Christian Wildcats,67.0,home,0.0,0.0,False,-7.0
2024-03-09,Utah Valley Wolverines,74.0,away,0.0,0.0,True,7.0
2024-03-09,Vanderbilt Commodores,79.0,home,0.0,0.0,True,1.0
2024-03-09,Florida Gators,78.0,away,0.0,0.0,False,-1.0
2024-03-09,Oregon State Beavers,57.0,home,0.0,0.0,False,-16.0
2024-03-09,Colorado Buffaloes,73.0,away,0.0,0.0,True,16.0
2024-03-09,New Mexico State Aggies,77.0,home,0.0,0.0,True,7.0
2024-03-09,Florida International Panthers,70.0,away,0.0,0.0,False,-7.0
2024-03-09,Alabama State Hornets,87.0,home,0.0,0.0,True,3.0
2024-03-09,Grambling Tigers,84.0,away,0.0,0.0,False,-3.0
2024-03-09,Alabama A&M Bulldogs,66.0,home,0.0,0.0,True,10.0
2024-03-09,Southern Jaguars,56.0,away,0.0,0.0,False,-10.0
2024-03-09,Tarleton State Texans,69.0,home,0.0,0.0,True,3.0
2024-03-09,Seattle U Redhawks,66.0,away,0.0,0.0,False,-3.0
2024-03-09,Louisville Cardinals,61.0,home,0.0,0.0,False,-6.0
2024-03-09,Boston College Eagles,67.0,away,0.0,0.0,True,6.0
2024-03-09,Drake Bulldogs,72.0,home,0.0,0.0,True,5.0
2024-03-09,Bradley Braves,67.0,away,0.0,0.0,False,-5.0
2024-03-09,TCU Horned Frogs,77.0,home,0.0,0.0,False,-2.0
2024-03-09,UCF Knights,79.0,away,0.0,0.0,True,2.0
2024-03-09,Texas Southern Tigers,93.0,home,0.0,0.0,True,15.0
2024-03-09,Prairie View A&M Panthers,78.0,away,0.0,0.0,False,-15.0
2024-03-09,Stony Brook Seawolves,75.0,home,0.0,0.0,True,10.0
2024-03-09,Northeastern Huskies,65.0,away,0.0,0.0,False,-10.0
2024-03-09,Troy Trojans,68.0,home,0.0,0.0,False,-6.0
2024-03-09,Texas State Bobcats,74.0,away,0.0,0.0,True,6.0
2024-03-09,Chattanooga Mocs,75.0,home,0.0,0.0,True,18.0
2024-03-09,Wofford Terriers,57.0,away,0.0,0.0,False,-18.0
2024-03-09,Pennsylvania Quakers,83.0,home,0.0,0.0,False,-22.0
2024-03-09,Princeton Tigers,105.0,away,0.0,0.0,True,22.0
2024-03-09,Wake Forest Demon Deacons,81.0,home,0.0,0.0,True,5.0
2024-03-09,Clemson Tigers,76.0,away,0.0,0.0,False,-5.0
2024-03-10,South Dakota State Jackrabbits,79.0,home,0.0,0.0,True,16.0
2024-03-10,Oral Roberts Golden Eagles,63.0,away,0.0,0.0,False,-16.0
2024-03-09,Long Beach State Beach,78.0,home,0.0,0.0,False,-10.0
2024-03-09,UC Davis Aggies,88.0,away,0.0,0.0,True,10.0
2024-03-10,Oregon Ducks,66.0,home,0.0,0.0,True,1.0
2024-03-10,Utah Utes,65.0,away,0.0,0.0,False,-1.0
2024-03-10,Fresno State Bulldogs,47.0,home,0.0,0.0,False,-39.0
2024-03-10,Wyoming Cowboys,86.0,away,0.0,0.0,True,39.0
2024-03-10,UC San Diego Tritons,92.0,home,0.0,0.0,True,5.0
2024-03-10,Cal Poly Mustangs,87.0,away,0.0,0.0,False,-5.0
2024-03-10,UT Rio Grande Valley Vaqueros,59.0,home,0.0,0.0,False,-9.0
2024-03-10,Southern Utah Thunderbirds,68.0,away,0.0,0.0,True,9.0
2024-03-10,Idaho Vandals,64.0,home,0.0,0.0,False,-8.0
2024-03-10,Sacramento State Hornets,72.0,away,0.0,0.0,True,8.0
2024-03-10,Rice Owls,55.0,home,0.0,0.0,False,-16.0
2024-03-10,North Texas Mean Green,71.0,away,0.0,0.0,True,16.0
2024-03-10,Pittsburgh Panthers,81.0,home,0.0,0.0,True,8.0
2024-03-10,NC State Wolfpack,73.0,away,0.0,0.0,False,-8.0
2024-03-10,Little Rock Trojans,55.0,home,0.0,0.0,False,-14.0
2024-03-10,Morehead State Eagles,69.0,away,0.0,0.0,True,14.0
2024-03-10,Virginia Cavaliers,72.0,home,0.0,0.0,True,15.0
2024-03-10,Georgia Tech Yellow Jackets,57.0,away,0.0,0.0,False,-15.0
2024-03-10,California Baptist Lancers,47.0,home,0.0,0.0,False,-21.0
2024-03-10,Grand Canyon Lopes,68.0,away,0.0,0.0,True,21.0
2024-03-10,James Madison Dukes,81.0,home,0.0,0.0,True,17.0
2024-03-10,Marshall Thundering Herd,64.0,away,0.0,0.0,False,-17.0
2024-03-10,Western Carolina Catamounts,76.0,home,0.0,0.0,False,-3.0
2024-03-10,Furman Paladins,79.0,away,0.0,0.0,True,3.0
2024-03-10,Northwestern Wildcats,90.0,home,0.0,0.0,True,24.0
2024-03-10,Minnesota Golden Gophers,66.0,away,0.0,0.0,False,-24.0
2024-03-10,Cal State Fullerton Titans,71.0,home,0.0,0.0,False,-10.0
2024-03-10,UC Irvine Anteaters,81.0,away,0.0,0.0,True,10.0
2024-03-10,Delaware Blue Hens,80.0,home,0.0,0.0,True,30.0
2024-03-10,Hampton Pirates,50.0,away,0.0,0.0,False,-30.0
2024-03-10,Seton Hall Pirates,86.0,home,0.0,0.0,True,24.0
2024-03-10,DePaul Blue Demons,62.0,away,0.0,0.0,False,-24.0
2024-03-10,UC Santa Barbara Gauchos,64.0,home,0.0,0.0,False,-17.0
2024-03-10,UC Riverside Highlanders,81.0,away,0.0,0.0,True,17.0
2024-03-10,LSU Tigers,84.0,home,0.0,0.0,True,4.0
2024-03-10,Missouri Tigers,80.0,away,0.0,0.0,False,-4.0
2024-03-10,Santa Clara Broncos,104.0,home,0.0,0.0,True,25.0
2024-03-10,San Diego Toreros,79.0,away,0.0,0.0,False,-25.0
2024-03-10,Kansas City Roos,60.0,home,0.0,0.0,False,-1.0
2024-03-10,Denver Pioneers,61.0,away,0.0,0.0,True,1.0
2024-03-10,Northern Arizona Lumberjacks,60.0,home,0.0,0.0,False,-8.0
2024-03-10,Idaho State Bengals,68.0,away,0.0,0.0,True,8.0
2024-03-10,Nevada Wolf Pack,75.0,home,0.0,0.0,True,10.0
2024-03-10,UNLV Rebels,65.0,away,0.0,0.0,False,-10.0
2024-03-10,UCLA Bruins,59.0,home,0.0,0.0,True,12.0
2024-03-10,Arizona State Sun Devils,47.0,away,0.0,0.0,False,-12.0
2024-03-10,Hawai'i Rainbow Warriors,74.0,home,0.0,0.0,True,17.0
2024-03-10,Cal State Bakersfield Roadrunners,57.0,away,0.0,0.0,False,-17.0
2024-03-10,San Francisco Dons,72.0,home,0.0,0.0,True,21.0
2024-03-10,Portland Pilots,51.0,away,0.0,0.0,False,-21.0
2024-03-21,Villanova Wildcats,61.0,home,0.0,0.0,False,-9.0
2024-03-21,VCU Rams,70.0,away,0.0,0.0,True,9.0
2024-03-20,Indiana State Sycamores,101.0,home,0.0,0.0,True,9.0
2024-03-20,SMU Mustangs,92.0,away,0.0,0.0,False,-9.0
2024-03-21,Cincinnati Bearcats,73.0,home,0.0,0.0,True,1.0
2024-03-21,San Francisco Dons,72.0,away,0.0,0.0,False,-1.0
2024-03-20,Bowling Green Falcons,75.0,home,0.0,0.0,False,-2.0
2024-03-20,Purdue Fort Wayne Mastodons,77.0,away,0.0,0.0,True,2.0
2024-03-21,Wake Forest Demon Deacons,87.0,home,0.0,0.0,True,11.0
2024-03-21,App State Mountaineers,76.0,away,0.0,0.0,False,-11.0
2024-03-20,Tarleton State Texans,86.0,home,0.0,0.0,True,27.0
2024-03-20,Abilene Christian Wildcats,59.0,away,0.0,0.0,False,-27.0
2024-03-20,Bradley Braves,74.0,home,0.0,0.0,True,12.0
2024-03-20,Loyola Chicago Ramblers,62.0,away,0.0,0.0,False,-12.0
2024-03-20,Seton Hall Pirates,75.0,home,0.0,0.0,True,3.0
2024-03-20,Saint Joseph's Hawks,72.0,away,0.0,0.0,False,-3.0
2024-03-21,Boise State Broncos,53.0,home,0.0,0.0,False,-7.0
2024-03-21,Colorado Buffaloes,60.0,away,0.0,0.0,True,7.0
2024-03-20,Montana State Bobcats,81.0,home,0.0,0.0,False,-7.0
2024-03-20,Grambling Tigers,88.0,away,0.0,0.0,True,7.0
2024-03-21,Princeton Tigers,77.0,home,0.0,0.0,False,-7.0
2024-03-21,UNLV Rebels,84.0,away,0.0,0.0,True,7.0
2024-03-21,Austin Peay Governors,71.0,home,0.0,0.0,False,-10.0
2024-03-21,Alabama A&M Bulldogs,81.0,away,0.0,0.0,True,10.0
2024-03-20,Virginia Tech Hokies,74.0,home,0.0,0.0,True,16.0
2024-03-20,Richmond Spiders,58.0,away,0.0,0.0,False,-16.0
2024-03-19,Tarleton State Texans,82.0,home,0.0,0.0,True,11.0
2024-03-19,Texas Southern Tigers,71.0,away,0.0,0.0,False,-11.0
2024-03-20,Iowa Hawkeyes,91.0,home,0.0,0.0,True,9.0
2024-03-20,Kansas State Wildcats,82.0,away,0.0,0.0,False,-9.0
2024-03-20,UCF Knights,77.0,home,0.0,0.0,False,-6.0
2024-03-20,South Florida Bulls,83.0,away,0.0,0.0,True,6.0
2024-03-19,Howard Bison,68.0,home,0.0,0.0,False,-3.0
2024-03-19,Wagner Seahawks,71.0,away,0.0,0.0,True,3.0
2024-03-20,Virginia Cavaliers,42.0,home,0.0,0.0,False,-25.0
2024-03-20,Colorado State Rams,67.0,away,0.0,0.0,True,25.0
2024-03-19,Georgia Bulldogs,78.0,home,0.0,0.0,True,2.0
2024-03-19,Xavier Musketeers,76.0,away,0.0,0.0,False,-2.0
2024-03-19,LSU Tigers,77.0,home,0.0,0.0,False,-7.0
2024-03-19,North Texas Mean Green,84.0,away,0.0,0.0,True,7.0
2024-03-19,Providence Friars,57.0,home,0.0,0.0,False,-5.0
2024-03-19,Boston College Eagles,62.0,away,0.0,0.0,True,5.0
2024-03-20,Butler Bulldogs,72.0,home,0.0,0.0,False,-1.0
2024-03-20,Minnesota Golden Gophers,73.0,away,0.0,0.0,True,1.0
2024-03-19,Ohio State Buckeyes,88.0,home,0.0,0.0,True,5.0
2024-03-19,Cornell Big Red,83.0,away,0.0,0.0,False,-5.0
2024-03-20,Utah Utes,84.0,home,0.0,0.0,True,9.0
2024-03-20,UC Irvine Anteaters,75.0,away,0.0,0.0,False,-9.0
2024-03-20,Texas A&M-Corpus Christi Islanders,63.0,home,0.0,0.0,False,-10.0
2024-03-20,Abilene Christian Wildcats,73.0,away,0.0,0.0,True,10.0
2024-03-21,North Carolina Tar Heels,90.0,home,0.0,0.0,True,28.0
2024-03-21,Wagner Seahawks,62.0,away,0.0,0.0,False,-28.0
2024-03-21,Illinois Fighting Illini,85.0,home,0.0,0.0,True,16.0
2024-03-21,Morehead State Eagles,69.0,away,0.0,0.0,False,-16.0
2024-03-21,Gonzaga Bulldogs,86.0,home,0.0,0.0,True,21.0
2024-03-21,McNeese Cowboys,65.0,away,0.0,0.0,False,-21.0
2024-03-21,Dayton Flyers,63.0,home,0.0,0.0,True,3.0
2024-03-21,Nevada Wolf Pack,60.0,away,0.0,0.0,False,-3.0
2024-03-21,Iowa State Cyclones,82.0,home,0.0,0.0,True,17.0
2024-03-21,South Dakota State Jackrabbits,65.0,away,0.0,0.0,False,-17.0
2024-03-21,Kentucky Wildcats,76.0,home,0.0,0.0,False,-4.0
2024-03-21,Oakland Golden Grizzlies,80.0,away,0.0,0.0,True,4.0
2024-03-21,Arizona Wildcats,85.0,home,0.0,0.0,True,20.0
2024-03-21,Long Beach State Beach,65.0,away,0.0,0.0,False,-20.0
2024-03-21,South Carolina Gamecocks,73.0,home,0.0,0.0,False,-14.0
2024-03-21,Oregon Ducks,87.0,away,0.0,0.0,True,14.0
2024-03-22,Kansas Jayhawks,93.0,home,0.0,0.0,True,4.0
2024-03-22,Samford Bulldogs,89.0,away,0.0,0.0,False,-4.0
2024-03-22,Texas Tech Red Raiders,67.0,home,0.0,0.0,False,-13.0
2024-03-22,NC State Wolfpack,80.0,away,0.0,0.0,True,13.0
2024-03-21,Creighton Bluejays,77.0,home,0.0,0.0,True,17.0
2024-03-21,Akron Zips,60.0,away,0.0,0.0,False,-17.0
2024-03-22,Tennessee Volunteers,83.0,home,0.0,0.0,True,34.0
2024-03-22,Saint Peter's Peacocks,49.0,away,0.0,0.0,False,-34.0
2024-03-21,BYU Cougars,67.0,home,0.0,0.0,False,-4.0
2024-03-21,Duquesne Dukes,71.0,away,0.0,0.0,True,4.0
2024-03-22,Washington State Cougars,66.0,home,0.0,0.0,True,5.0
2024-03-22,Drake Bulldogs,61.0,away,0.0,0.0,False,-5.0
2024-03-21,Texas Longhorns,56.0,home,0.0,0.0,True,12.0
2024-03-21,Colorado State Rams,44.0,away,0.0,0.0,False,-12.0
2024-03-21,Mississippi State Bulldogs,51.0,home,0.0,0.0,False,-18.0
2024-03-21,Michigan State Spartans,69.0,away,0.0,0.0,True,18.0
2024-03-14,Creighton Bluejays,73.0,home,0.0,0.0,False,-5.0
2024-03-14,Providence Friars,78.0,away,0.0,0.0,True,5.0
2024-03-14,Duke Blue Devils,69.0,home,0.0,0.0,False,-5.0
2024-03-14,NC State Wolfpack,74.0,away,0.0,0.0,True,5.0
2024-03-14,Utah State Aggies,87.0,home,0.0,0.0,True,12.0
2024-03-14,Fresno State Bulldogs,75.0,away,0.0,0.0,False,-12.0
2024-03-14,North Carolina Tar Heels,92.0,home,0.0,0.0,True,25.0
2024-03-14,Florida State Seminoles,67.0,away,0.0,0.0,False,-25.0
2024-03-14,Arizona Wildcats,70.0,home,0.0,0.0,True,21.0
2024-03-14,USC Trojans,49.0,away,0.0,0.0,False,-21.0
2024-03-14,Texas Tech Red Raiders,81.0,home,0.0,0.0,True,14.0
2024-03-14,BYU Cougars,67.0,away,0.0,0.0,False,-14.0
2024-03-15,Baylor Bears,68.0,home,0.0,0.0,True,12.0
2024-03-15,Cincinnati Bearcats,56.0,away,0.0,0.0,False,-12.0
2024-03-14,Toledo Rockets,59.0,home,0.0,0.0,False,-8.0
2024-03-14,Kent State Golden Flashes,67.0,away,0.0,0.0,True,8.0
2024-03-14,Michigan State Spartans,77.0,home,0.0,0.0,True,10.0
2024-03-14,Minnesota Golden Gophers,67.0,away,0.0,0.0,False,-10.0
2024-03-14,LSU Tigers,60.0,home,0.0,0.0,False,-10.0
2024-03-14,Mississippi State Bulldogs,70.0,away,0.0,0.0,True,10.0
2024-03-14,UConn Huskies,87.0,home,0.0,0.0,True,27.0
2024-03-14,Xavier Musketeers,60.0,away,0.0,0.0,False,-27.0
2024-03-15,Marquette Golden Eagles,71.0,home,0.0,0.0,True,6.0
2024-03-15,Villanova Wildcats,65.0,away,0.0,0.0,False,-6.0
2024-03-14,South Carolina Gamecocks,80.0,home,0.0,0.0,True,14.0
2024-03-14,Arkansas Razorbacks,66.0,away,0.0,0.0,False,-14.0
2024-03-14,Iowa State Cyclones,76.0,home,0.0,0.0,True,19.0
2024-03-14,Kansas State Wildcats,57.0,away,0.0,0.0,False,-19.0
2024-03-15,Washington State Cougars,79.0,home,0.0,0.0,True,17.0
2024-03-15,Stanford Cardinal,62.0,away,0.0,0.0,False,-17.0
2024-03-14,Houston Cougars,60.0,home,0.0,0.0,True,15.0
2024-03-14,TCU Horned Frogs,45.0,away,0.0,0.0,False,-15.0
2024-03-15,Dayton Flyers,57.0,home,0.0,0.0,False,-8.0
2024-03-15,Duquesne Dukes,65.0,away,0.0,0.0,True,8.0
2024-03-14,Richmond Spiders,61.0,home,0.0,0.0,False,-5.0
2024-03-14,Saint Joseph's Hawks,66.0,away,0.0,0.0,True,5.0
2024-03-14,East Carolina Pirates,84.0,home,0.0,0.0,True,5.0
2024-03-14,Tulsa Golden Hurricane,79.0,away,0.0,0.0,False,-5.0
2024-03-15,Nevada Wolf Pack,78.0,home,0.0,0.0,False,-7.0
2024-03-15,Colorado State Rams,85.0,away,0.0,0.0,True,7.0
2024-03-14,Akron Zips,75.0,home,0.0,0.0,True,12.0
2024-03-14,Miami (OH) RedHawks,63.0,away,0.0,0.0,False,-12.0
2024-03-14,Memphis Tigers,65.0,home,0.0,0.0,False,-6.0
2024-03-14,Wichita State Shockers,71.0,away,0.0,0.0,True,6.0
2024-03-14,Pittsburgh Panthers,81.0,home,0.0,0.0,True,12.0
2024-03-14,Wake Forest Demon Deacons,69.0,away,0.0,0.0,False,-12.0
2024-03-14,UNLV Rebels,71.0,home,0.0,0.0,False,-3.0
2024-03-14,San Diego State Aztecs,74.0,away,0.0,0.0,True,3.0
2024-03-14,Wisconsin Badgers,87.0,home,0.0,0.0,True,31.0
2024-03-14,Maryland Terrapins,56.0,away,0.0,0.0,False,-31.0
2024-03-14,Iowa Hawkeyes,78.0,home,0.0,0.0,False,-12.0
2024-03-14,Ohio State Buckeyes,90.0,away,0.0,0.0,True,12.0
2024-03-14,Central Michigan Chippewas,56.0,home,0.0,0.0,False,-10.0
2024-03-14,Bowling Green Falcons,66.0,away,0.0,0.0,True,10.0
2024-03-14,Seton Hall Pirates,72.0,home,0.0,0.0,False,-19.0
2024-03-14,St. John's Red Storm,91.0,away,0.0,0.0,True,19.0
2024-03-14,Massachusetts Minutemen,59.0,home,0.0,0.0,False,-14.0
2024-03-14,VCU Rams,73.0,away,0.0,0.0,True,14.0
2024-03-14,Texas Southern Tigers,73.0,home,0.0,0.0,True,11.0
2024-03-14,Jackson State Tigers,62.0,away,0.0,0.0,False,-11.0
2024-03-14,Loyola Chicago Ramblers,74.0,home,0.0,0.0,False,-1.0
2024-03-14,St. Bonaventure Bonnies,75.0,away,0.0,0.0,True,1.0
2024-03-14,Oregon Ducks,68.0,home,0.0,0.0,True,2.0
2024-03-14,UCLA Bruins,66.0,away,0.0,0.0,False,-2.0
2024-03-14,North Texas Mean Green,81.0,home,0.0,0.0,True,10.0
2024-03-14,Tulane Green Wave,71.0,away,0.0,0.0,False,-10.0
2024-03-14,Ohio Bobcats,82.0,home,0.0,0.0,True,27.0
2024-03-14,Western Michigan Broncos,55.0,away,0.0,0.0,False,-27.0
2024-03-14,Texas A&M Aggies,80.0,home,0.0,0.0,True,9.0
2024-03-14,Ole Miss Rebels,71.0,away,0.0,0.0,False,-9.0
2024-03-14,Liberty Flames,57.0,home,0.0,0.0,False,-9.0
2024-03-14,UTEP Miners,66.0,away,0.0,0.0,True,9.0
2024-03-14,Howard Bison,78.0,home,0.0,0.0,True,13.0
2024-03-14,Morgan State Bears,65.0,away,0.0,0.0,False,-13.0
2024-03-14,Marist Red Foxes,65.0,home,0.0,0.0,True,6.0
2024-03-14,Niagara Purple Eagles,59.0,away,0.0,0.0,False,-6.0
2024-03-15,Indiana Hoosiers,61.0,home,0.0,0.0,True,2.0
2024-03-15,Penn State Nittany Lions,59.0,away,0.0,0.0,False,-2.0
2024-03-15,South Carolina State Bulldogs,58.0,home,0.0,0.0,False,-13.0
2024-03-15,Delaware State Hornets,71.0,away,0.0,0.0,True,13.0
2024-03-15,Hawai'i Rainbow Warriors,75.0,home,0.0,0.0,True,7.0
2024-03-15,Cal State Northridge Matadors,68.0,away,0.0,0.0,False,-7.0
2024-03-15,Southern Jaguars,58.0,home,0.0,0.0,False,-15.0
2024-03-15,Bethune-Cookman Wildcats,73.0,away,0.0,0.0,True,15.0
2024-03-15,Virginia Cavaliers,66.0,home,0.0,0.0,True,6.0
2024-03-15,Boston College Eagles,60.0,away,0.0,0.0,False,-6.0
2024-03-15,Western Kentucky Hilltoppers,89.0,home,0.0,0.0,True,20.0
2024-03-15,New Mexico State Aggies,69.0,away,0.0,0.0,False,-20.0
2024-03-15,Rider Broncs,48.0,home,0.0,0.0,False,-2.0
2024-03-15,Saint Peter's Peacocks,50.0,away,0.0,0.0,True,2.0
2024-03-15,SMU Mustangs,60.0,home,0.0,0.0,False,-15.0
2024-03-15,Temple Owls,75.0,away,0.0,0.0,True,15.0
2024-03-15,Florida Gators,85.0,home,0.0,0.0,True,5.0
2024-03-15,Georgia Bulldogs,80.0,away,0.0,0.0,False,-5.0
2024-03-15,Colorado Buffaloes,72.0,home,0.0,0.0,True,14.0
2024-03-15,Utah Utes,58.0,away,0.0,0.0,False,-14.0
2024-03-15,Seattle U Redhawks,81.0,home,0.0,0.0,True,24.0
2024-03-15,California Baptist Lancers,57.0,away,0.0,0.0,False,-24.0
2024-03-15,Long Beach State Beach,86.0,home,0.0,0.0,True,19.0
2024-03-15,UC Riverside Highlanders,67.0,away,0.0,0.0,False,-19.0
2024-03-15,UT Arlington Mavericks,109.0,home,0.0,0.0,True,31.0
2024-03-15,Stephen F. Austin Lumberjacks,78.0,away,0.0,0.0,False,-31.0
2024-03-15,Boise State Broncos,66.0,home,0.0,0.0,False,-10.0
2024-03-15,New Mexico Lobos,76.0,away,0.0,0.0,True,10.0
2024-03-22,Duke Blue Devils,64.0,home,0.0,0.0,True,17.0
2024-03-22,Vermont Catamounts,47.0,away,0.0,0.0,False,-17.0
2024-03-23,Wisconsin Badgers,61.0,home,0.0,0.0,False,-11.0
2024-03-23,James Madison Dukes,72.0,away,0.0,0.0,True,11.0
2024-03-22,San Diego State Aztecs,69.0,home,0.0,0.0,True,4.0
2024-03-22,UAB Blazers,65.0,away,0.0,0.0,False,-4.0
2024-03-23,Saint Mary's Gaels,66.0,home,0.0,0.0,False,-9.0
2024-03-23,Grand Canyon Lopes,75.0,away,0.0,0.0,True,9.0
2024-03-22,Marquette Golden Eagles,87.0,home,0.0,0.0,True,18.0
2024-03-22,Western Kentucky Hilltoppers,69.0,away,0.0,0.0,False,-18.0
2024-03-22,Auburn Tigers,76.0,home,0.0,0.0,False,-2.0
2024-03-22,Yale Bulldogs,78.0,away,0.0,0.0,True,2.0
2024-03-23,Houston Cougars,86.0,home,0.0,0.0,True,40.0
2024-03-23,Longwood Lancers,46.0,away,0.0,0.0,False,-40.0
2024-03-22,Florida Atlantic Owls,65.0,home,0.0,0.0,False,-12.0
2024-03-22,Northwestern Wildcats,77.0,away,0.0,0.0,True,12.0
2024-03-22,UConn Huskies,91.0,home,0.0,0.0,True,39.0
2024-03-22,Stetson Hatters,52.0,away,0.0,0.0,False,-39.0
2024-03-22,Florida Gators,100.0,home,0.0,0.0,False,-2.0
2024-03-22,Colorado Buffaloes,102.0,away,0.0,0.0,True,2.0
2024-03-23,Utah State Aggies,88.0,home,0.0,0.0,True,16.0
2024-03-23,TCU Horned Frogs,72.0,away,0.0,0.0,False,-16.0
2024-03-23,Alabama Crimson Tide,109.0,home,0.0,0.0,True,13.0
2024-03-23,Charleston Cougars,96.0,away,0.0,0.0,False,-13.0
2024-03-22,Nebraska Cornhuskers,83.0,home,0.0,0.0,False,-15.0
2024-03-22,Texas A&M Aggies,98.0,away,0.0,0.0,True,15.0
2024-03-22,Purdue Boilermakers,78.0,home,0.0,0.0,True,28.0
2024-03-22,Grambling Tigers,50.0,away,0.0,0.0,False,-28.0
2024-03-22,Baylor Bears,92.0,home,0.0,0.0,True,25.0
2024-03-22,Colgate Raiders,67.0,away,0.0,0.0,False,-25.0
2024-03-22,Clemson Tigers,77.0,home,0.0,0.0,True,21.0
2024-03-22,New Mexico Lobos,56.0,away,0.0,0.0,False,-21.0
2024-03-25,Houston Cougars,100.0,home,0.0,0.0,True,5.0
2024-03-25,Texas A&M Aggies,95.0,away,0.0,0.0,False,-5.0
2024-03-25,San Diego State Aztecs,85.0,home,0.0,0.0,True,28.0
2024-03-25,Yale Bulldogs,57.0,away,0.0,0.0,False,-28.0
2024-03-24,South Florida Bulls,65.0,home,0.0,0.0,False,-5.0
2024-03-24,VCU Rams,70.0,away,0.0,0.0,True,5.0
2024-03-24,Alabama Crimson Tide,72.0,home,0.0,0.0,True,11.0
2024-03-24,Grand Canyon Lopes,61.0,away,0.0,0.0,False,-11.0
2024-03-24,Marquette Golden Eagles,81.0,home,0.0,0.0,True,4.0
2024-03-24,Colorado Buffaloes,77.0,away,0.0,0.0,False,-4.0
2024-03-24,Indiana State Sycamores,76.0,home,0.0,0.0,True,12.0
2024-03-24,Minnesota Golden Gophers,64.0,away,0.0,0.0,False,-12.0
2024-03-24,Duke Blue Devils,93.0,home,0.0,0.0,True,38.0
2024-03-24,James Madison Dukes,55.0,away,0.0,0.0,False,-38.0
2024-03-25,Utah Utes,91.0,home,0.0,0.0,True,9.0
2024-03-25,Iowa Hawkeyes,82.0,away,0.0,0.0,False,-9.0
2024-03-24,Purdue Boilermakers,106.0,home,0.0,0.0,True,39.0
2024-03-24,Utah State Aggies,67.0,away,0.0,0.0,False,-39.0
2024-03-24,UConn Huskies,75.0,home,0.0,0.0,True,17.0
2024-03-24,Northwestern Wildcats,58.0,away,0.0,0.0,False,-17.0
2024-03-25,UNLV Rebels,79.0,home,0.0,0.0,True,9.0
2024-03-25,Boston College Eagles,70.0,away,0.0,0.0,False,-9.0
2024-03-24,Baylor Bears,64.0,home,0.0,0.0,False,-8.0
2024-03-24,Clemson Tigers,72.0,away,0.0,0.0,True,8.0
2024-03-24,Cleveland State Vikings,51.0,home,0.0,0.0,True,2.0
2024-03-24,Northern Colorado Bears,49.0,away,0.0,0.0,False,-2.0
2024-03-24,Little Rock Trojans,75.0,home,0.0,0.0,False,-7.0
2024-03-24,Fairfield Stags,82.0,away,0.0,0.0,True,7.0
2024-03-24,Presbyterian Blue Hose,79.0,home,0.0,0.0,False,-3.0
2024-03-24,Montana Grizzlies,82.0,away,0.0,0.0,True,3.0
2024-03-24,Wake Forest Demon Deacons,66.0,home,0.0,0.0,False,-6.0
2024-03-24,Georgia Bulldogs,72.0,away,0.0,0.0,True,6.0
2024-03-24,Evansville Purple Aces,64.0,home,0.0,0.0,True,1.0
2024-03-24,Quinnipiac Bobcats,63.0,away,0.0,0.0,False,-1.0
2024-03-23,Delaware State Hornets,66.0,home,0.0,0.0,False,-13.0
2024-03-23,Seattle U Redhawks,79.0,away,0.0,0.0,True,13.0
2024-03-23,Iowa State Cyclones,67.0,home,0.0,0.0,True,11.0
2024-03-23,Washington State Cougars,56.0,away,0.0,0.0,False,-11.0
2024-03-23,Seton Hall Pirates,72.0,home,0.0,0.0,True,14.0
2024-03-23,North Texas Mean Green,58.0,away,0.0,0.0,False,-14.0
2024-03-23,Kansas Jayhawks,68.0,home,0.0,0.0,False,-21.0
2024-03-23,Gonzaga Bulldogs,89.0,away,0.0,0.0,True,21.0
2024-03-24,Illinois Fighting Illini,89.0,home,0.0,0.0,True,26.0
2024-03-24,Duquesne Dukes,63.0,away,0.0,0.0,False,-26.0
2024-03-23,North Carolina Tar Heels,85.0,home,0.0,0.0,True,16.0
2024-03-23,Michigan State Spartans,69.0,away,0.0,0.0,False,-16.0
2024-03-23,Arizona Wildcats,78.0,home,0.0,0.0,True,10.0
2024-03-23,Dayton Flyers,68.0,away,0.0,0.0,False,-10.0
2024-03-24,Tennessee Volunteers,62.0,home,0.0,0.0,True,4.0
2024-03-24,Texas Longhorns,58.0,away,0.0,0.0,False,-4.0
2024-03-23,Chicago State Cougars,77.0,home,0.0,0.0,True,2.0
2024-03-23,UC San Diego Tritons,75.0,away,0.0,0.0,False,-2.0
2024-03-24,Creighton Bluejays,86.0,home,0.0,0.0,True,13.0
2024-03-24,Oregon Ducks,73.0,away,0.0,0.0,False,-13.0
2024-03-23,Norfolk State Spartans,81.0,home,0.0,0.0,True,15.0
2024-03-23,Alabama A&M Bulldogs,66.0,away,0.0,0.0,False,-15.0
2024-03-23,NC State Wolfpack,79.0,home,0.0,0.0,True,6.0
2024-03-23,Oakland Golden Grizzlies,73.0,away,0.0,0.0,False,-6.0
2024-03-23,Cincinnati Bearcats,74.0,home,0.0,0.0,True,17.0
2024-03-23,Bradley Braves,57.0,away,0.0,0.0,False,-17.0
2024-03-23,Ohio State Buckeyes,81.0,home,0.0,0.0,True,8.0
2024-03-23,Virginia Tech Hokies,73.0,away,0.0,0.0,False,-8.0
2024-03-23,Bethune-Cookman Wildcats,85.0,home,0.0,0.0,False,-1.0
2024-03-23,Arkansas State Red Wolves,86.0,away,0.0,0.0,True,1.0
2024-03-25,Montana Grizzlies,61.0,home,0.0,0.0,False,-13.0
2024-03-25,Arkansas State Red Wolves,74.0,away,0.0,0.0,True,13.0
2024-03-25,Evansville Purple Aces,57.0,home,0.0,0.0,False,-14.0
2024-03-25,Seattle U Redhawks,71.0,away,0.0,0.0,True,14.0
2024-03-25,Cleveland State Vikings,74.0,home,0.0,0.0,False,-19.0
2024-03-25,High Point Panthers,93.0,away,0.0,0.0,True,19.0
2024-03-25,Chicago State Cougars,74.0,home,0.0,0.0,False,-3.0
2024-03-25,Fairfield Stags,77.0,away,0.0,0.0,True,3.0
2024-03-25,Tarleton State Texans,72.0,home,0.0,0.0,False,-1.0
2024-03-25,Purdue Fort Wayne Mastodons,73.0,away,0.0,0.0,True,1.0
2024-03-27,Fairfield Stags,58.0,home,0.0,0.0,False,-17.0
2024-03-27,Seattle U Redhawks,75.0,away,0.0,0.0,True,17.0
2024-03-26,Arkansas State Red Wolves,80.0,home,0.0,0.0,False,-1.0
2024-03-26,High Point Panthers,81.0,away,0.0,0.0,True,1.0
2024-03-26,Ohio State Buckeyes,77.0,home,0.0,0.0,False,-2.0
2024-03-26,Georgia Bulldogs,79.0,away,0.0,0.0,True,2.0
2024-03-27,Indiana State Sycamores,85.0,home,0.0,0.0,True,4.0
2024-03-27,Cincinnati Bearcats,81.0,away,0.0,0.0,False,-4.0
2024-03-16,Auburn Tigers,73.0,home,0.0,0.0,True,7.0
2024-03-16,Mississippi State Bulldogs,66.0,away,0.0,0.0,False,-7.0
2024-03-16,Illinois Fighting Illini,98.0,home,0.0,0.0,True,11.0
2024-03-16,Nebraska Cornhuskers,87.0,away,0.0,0.0,False,-11.0
2024-03-16,VCU Rams,66.0,home,0.0,0.0,True,6.0
2024-03-16,Saint Joseph's Hawks,60.0,away,0.0,0.0,False,-6.0
2024-03-17,Western Kentucky Hilltoppers,78.0,home,0.0,0.0,True,7.0
2024-03-17,UTEP Miners,71.0,away,0.0,0.0,False,-7.0
2024-03-16,Howard Bison,70.0,home,0.0,0.0,True,3.0
2024-03-16,Delaware State Hornets,67.0,away,0.0,0.0,False,-3.0
2024-03-16,Yale Bulldogs,69.0,home,0.0,0.0,True,12.0
2024-03-16,Cornell Big Red,57.0,away,0.0,0.0,False,-12.0
2024-03-16,Princeton Tigers,81.0,home,0.0,0.0,False,-9.0
2024-03-16,Brown Bears,90.0,away,0.0,0.0,True,9.0
2024-03-16,Florida Atlantic Owls,73.0,home,0.0,0.0,False,-1.0
2024-03-16,Temple Owls,74.0,away,0.0,0.0,True,1.0
2024-03-16,Vermont Catamounts,66.0,home,0.0,0.0,True,5.0
2024-03-16,UMass Lowell River Hawks,61.0,away,0.0,0.0,False,-5.0
2024-03-16,Florida Gators,95.0,home,0.0,0.0,True,5.0
2024-03-16,Texas A&M Aggies,90.0,away,0.0,0.0,False,-5.0
2024-03-16,Fairfield Stags,63.0,home,0.0,0.0,False,-5.0
2024-03-16,Saint Peter's Peacocks,68.0,away,0.0,0.0,True,5.0
2024-03-16,South Florida Bulls,83.0,home,0.0,0.0,False,-10.0
2024-03-16,UAB Blazers,93.0,away,0.0,0.0,True,10.0
2024-03-16,Houston Cougars,41.0,home,0.0,0.0,False,-28.0
2024-03-16,Iowa State Cyclones,69.0,away,0.0,0.0,True,28.0
2024-03-17,North Carolina Tar Heels,76.0,home,0.0,0.0,False,-8.0
2024-03-17,NC State Wolfpack,84.0,away,0.0,0.0,True,8.0
2024-03-16,UConn Huskies,73.0,home,0.0,0.0,True,16.0
2024-03-16,Marquette Golden Eagles,57.0,away,0.0,0.0,False,-16.0
2024-03-16,Purdue Boilermakers,75.0,home,0.0,0.0,False,-1.0
2024-03-16,Wisconsin Badgers,76.0,away,0.0,0.0,True,1.0
2024-03-16,San Diego State Aztecs,61.0,home,0.0,0.0,False,-7.0
2024-03-16,New Mexico Lobos,68.0,away,0.0,0.0,True,7.0
2024-03-16,Akron Zips,62.0,home,0.0,0.0,True,1.0
2024-03-16,Kent State Golden Flashes,61.0,away,0.0,0.0,False,-1.0
2024-03-16,Duquesne Dukes,70.0,home,0.0,0.0,True,10.0
2024-03-16,St. Bonaventure Bonnies,60.0,away,0.0,0.0,False,-10.0
2024-03-17,Colorado Buffaloes,68.0,home,0.0,0.0,False,-7.0
2024-03-17,Oregon Ducks,75.0,away,0.0,0.0,True,7.0
2024-03-17,UC Davis Aggies,70.0,home,0.0,0.0,False,-4.0
2024-03-17,Long Beach State Beach,74.0,away,0.0,0.0,True,4.0
2024-03-17,Grambling Tigers,75.0,home,0.0,0.0,True,9.0
2024-03-17,Texas Southern Tigers,66.0,away,0.0,0.0,False,-9.0
2024-03-17,Grand Canyon Lopes,89.0,home,0.0,0.0,True,15.0
2024-03-17,UT Arlington Mavericks,74.0,away,0.0,0.0,False,-15.0
2024-03-29,North Carolina Tar Heels,87.0,home,0.0,0.0,False,-2.0
2024-03-29,Alabama Crimson Tide,89.0,away,0.0,0.0,True,2.0
2024-03-28,Arizona Wildcats,72.0,home,0.0,0.0,False,-5.0
2024-03-28,Clemson Tigers,77.0,away,0.0,0.0,True,5.0
2024-03-28,UConn Huskies,82.0,home,0.0,0.0,True,30.0
2024-03-28,San Diego State Aztecs,52.0,away,0.0,0.0,False,-30.0
2024-03-29,Iowa State Cyclones,69.0,home,0.0,0.0,False,-3.0
2024-03-29,Illinois Fighting Illini,72.0,away,0.0,0.0,True,3.0
2024-03-30,Tennessee Volunteers,82.0,home,0.0,0.0,True,7.0
2024-03-30,Creighton Bluejays,75.0,away,0.0,0.0,False,-7.0
2024-03-29,Marquette Golden Eagles,58.0,home,0.0,0.0,False,-9.0
2024-03-29,NC State Wolfpack,67.0,away,0.0,0.0,True,9.0
2024-03-29,Purdue Boilermakers,80.0,home,0.0,0.0,True,12.0
2024-03-29,Gonzaga Bulldogs,68.0,away,0.0,0.0,False,-12.0
2024-03-30,Houston Cougars,51.0,home,0.0,0.0,False,-3.0
2024-03-30,Duke Blue Devils,54.0,away,0.0,0.0,True,3.0
2024-03-30,UConn Huskies,77.0,home,0.0,0.0,True,25.0
2024-03-30,Illinois Fighting Illini,52.0,away,0.0,0.0,False,-25.0
2024-03-31,Alabama Crimson Tide,89.0,home,0.0,0.0,True,7.0
2024-03-31,Clemson Tigers,82.0,away,0.0,0.0,False,-7.0
2024-03-27,Seattle U Redhawks,77.0,home,0.0,0.0,True,10.0
2024-03-27,High Point Panthers,67.0,away,0.0,0.0,False,-10.0
2024-03-27,Norfolk State Spartans,75.0,home,0.0,0.0,True,8.0
2024-03-27,Purdue Fort Wayne Mastodons,67.0,away,0.0,0.0,False,-8.0
2024-03-27,Seton Hall Pirates,91.0,home,0.0,0.0,True,23.0
2024-03-27,UNLV Rebels,68.0,away,0.0,0.0,False,-23.0
2024-03-28,Utah Utes,74.0,home,0.0,0.0,True,20.0
2024-03-28,VCU Rams,54.0,away,0.0,0.0,False,-20.0
2024-04-04,Seton Hall Pirates,79.0,home,0.0,0.0,True,2.0
2024-04-04,Indiana State Sycamores,77.0,away,0.0,0.0,False,-2.0
2024-03-31,Purdue Boilermakers,72.0,home,0.0,0.0,True,6.0
2024-03-31,Tennessee Volunteers,66.0,away,0.0,0.0,False,-6.0
2024-03-31,Duke Blue Devils,64.0,home,0.0,0.0,False,-12.0
2024-03-31,NC State Wolfpack,76.0,away,0.0,0.0,True,12.0
2024-04-06,Purdue Boilermakers,63.0,home,0.0,0.0,True,13.0
2024-04-06,NC State Wolfpack,50.0,away,0.0,0.0,False,-13.0
2024-04-07,UConn Huskies,86.0,home,0.0,0.0,True,14.0
2024-04-07,Alabama Crimson Tide,72.0,away,0.0,0.0,False,-14.0
2024-04-02,Indiana State Sycamores,100.0,home,0.0,0.0,True,10.0
2024-04-02,Utah Utes,90.0,away,0.0,0.0,False,-10.0
2024-04-03,Seton Hall Pirates,84.0,home,0.0,0.0,True,17.0
2024-04-03,Georgia Bulldogs,67.0,away,0.0,0.0,False,-17.0
2024-04-09,UConn Huskies,75.0,home,0.0,0.0,True,15.0
2024-04-09,Purdue Boilermakers,60.0,away,0.0,0.0,False,-15.0
