DATE,TEAM,POINTS,HOME_AWAY,WIN_PROB,PRED_SPREAD,WON,ACTUAL_SPREAD
2018-11-08,Howard Bison,115.0,home,0.0,0.0,True,24.0
2018-11-08,Washington Adventist Shock,91.0,away,0.0,0.0,False,-24.0
2018-11-08,TCU Horned Frogs,66.0,home,0.0,0.0,True,5.0
2018-11-08,Cal State Bakersfield Roadrunners,61.0,away,0.0,0.0,False,-5.0
2018-11-08,Dayton Flyers,78.0,home,0.0,0.0,True,8.0
2018-11-08,North Florida Ospreys,70.0,away,0.0,0.0,False,-8.0
2018-11-08,South Dakota Coyotes,83.0,home,0.0,0.0,True,25.0
2018-11-08,York College Nebraska Panthers,58.0,away,0.0,0.0,False,-25.0
2018-11-08,Eastern Kentucky Colonels,77.0,home,0.0,0.0,False,-28.0
2018-11-08,Marshall Thundering Herd,105.0,away,0.0,0.0,True,28.0
2018-11-08,DePaul Blue Demons,80.0,home,0.0,0.0,True,22.0
2018-11-08,Bethune-Cookman Wildcats,58.0,away,0.0,0.0,False,-22.0
2018-11-08,Florida International Panthers,110.0,home,0.0,0.0,True,26.0
2018-11-08,Webber International Warriors,84.0,away,0.0,0.0,False,-26.0
2018-11-08,Bradley Braves,74.0,home,0.0,0.0,True,16.0
2018-11-08,UW-Parkside Rangers,58.0,away,0.0,0.0,False,-16.0
2018-11-08,Stetson Hatters,116.0,home,0.0,0.0,True,50.0
2018-11-08,Johnson University Florida Suns,66.0,away,0.0,0.0,False,-50.0
2018-11-08,Ohio Bobcats,97.0,home,0.0,0.0,True,36.0
2018-11-08,Wilberforce Bulldogs,61.0,away,0.0,0.0,False,-36.0
2018-11-07,Cincinnati Bearcats,56.0,home,0.0,0.0,False,-8.0
2018-11-07,Ohio State Buckeyes,64.0,away,0.0,0.0,True,8.0
2018-11-08,William & Mary Tribe,79.0,home,0.0,0.0,True,10.0
2018-11-08,High Point Panthers,69.0,away,0.0,0.0,False,-10.0
2018-11-08,Saint Peter's Peacocks,93.0,home,0.0,0.0,True,7.0
2018-11-08,Lafayette Leopards,86.0,away,0.0,0.0,False,-7.0
2018-11-08,Georgia Southern Eagles,139.0,home,0.0,0.0,True,88.0
2018-11-08,Carver College Cougars,51.0,away,0.0,0.0,False,-88.0
2018-11-08,Kennesaw State Owls,68.0,home,0.0,0.0,True,11.0
2018-11-08,Oglethorpe Stormy Petrels,57.0,away,0.0,0.0,False,-11.0
2018-11-08,UTSA Roadrunners,76.0,home,0.0,0.0,False,-1.0
2018-11-08,St. Edward's Hilltoppers,77.0,away,0.0,0.0,True,1.0
2018-11-08,St. Francis Brooklyn Terriers,92.0,home,0.0,0.0,True,50.0
2018-11-08,Medgar Evers Cougars,42.0,away,0.0,0.0,False,-50.0
2018-11-08,Florida Atlantic Owls,98.0,home,0.0,0.0,True,46.0
2018-11-08,Florida Tech Panthers,52.0,away,0.0,0.0,False,-46.0
2018-11-08,Wright State Raiders,96.0,home,0.0,0.0,True,23.0
2018-11-08,Western Carolina Catamounts,73.0,away,0.0,0.0,False,-23.0
2018-11-08,St. Bonaventure Bonnies,85.0,home,0.0,0.0,False,-3.0
2018-11-08,Bucknell Bison,88.0,away,0.0,0.0,True,3.0
2018-11-08,Saint Mary's Gaels,87.0,home,0.0,0.0,True,22.0
2018-11-08,McNeese Cowboys,65.0,away,0.0,0.0,False,-22.0
2018-11-08,San José State Spartans,89.0,home,0.0,0.0,True,17.0
2018-11-08,Life Pacific Warriors,72.0,away,0.0,0.0,False,-17.0
2018-11-08,Texas A&M Aggies,98.0,home,0.0,0.0,True,15.0
2018-11-08,Savannah State Tigers,83.0,away,0.0,0.0,False,-15.0
2018-11-08,Colorado State Rams,100.0,home,0.0,0.0,True,34.0
2018-11-08,Colorado Christian Cougars,66.0,away,0.0,0.0,False,-34.0
2018-11-08,Arizona Wildcats,90.0,home,0.0,0.0,True,30.0
2018-11-08,Houston Christian Huskies,60.0,away,0.0,0.0,False,-30.0
2018-11-08,Texas A&M-Corpus Christi Islanders,81.0,home,0.0,0.0,True,47.0
2018-11-08,Howard Payne Yellow Jackets,34.0,away,0.0,0.0,False,-47.0
2018-11-08,Cal Poly Mustangs,82.0,home,0.0,0.0,True,7.0
2018-11-08,Menlo Oaks,75.0,away,0.0,0.0,False,-7.0
2018-11-08,Pepperdine Waves,100.0,home,0.0,0.0,True,34.0
2018-11-08,CS Dominguez Hills Toros,66.0,away,0.0,0.0,False,-34.0
2018-11-09,East Tennessee State Buccaneers,109.0,home,0.0,0.0,True,65.0
2018-11-09,Hiwassee Tigers,44.0,away,0.0,0.0,False,-65.0
2018-11-09,Purdue Fort Wayne Mastodons,112.0,home,0.0,0.0,True,61.0
2018-11-09,Earlham College Quakers,51.0,away,0.0,0.0,False,-61.0
2018-11-09,UConn Huskies,80.0,home,0.0,0.0,True,10.0
2018-11-09,Morehead State Eagles,70.0,away,0.0,0.0,False,-10.0
2018-11-09,Sam Houston Bearkats,94.0,home,0.0,0.0,True,38.0
2018-11-09,Southwestern (TX) Pirates,56.0,away,0.0,0.0,False,-38.0
2018-11-09,Little Rock Trojans,101.0,home,0.0,0.0,True,9.0
2018-11-09,Southeastern Oklahoma State Savage Storm,92.0,away,0.0,0.0,False,-9.0
2018-11-09,Central Arkansas Bears,99.0,home,0.0,0.0,True,26.0
2018-11-09,Hendrix College Warriors,73.0,away,0.0,0.0,False,-26.0
2018-11-09,SMU Mustangs,69.0,home,0.0,0.0,True,11.0
2018-11-09,Northwestern State Demons,58.0,away,0.0,0.0,False,-11.0
2018-11-09,Louisville Cardinals,85.0,home,0.0,0.0,True,13.0
2018-11-09,Nicholls Colonels,72.0,away,0.0,0.0,False,-13.0
2018-11-09,Drake Bulldogs,98.0,home,0.0,0.0,True,46.0
2018-11-09,Buena Vista Beavers,52.0,away,0.0,0.0,False,-46.0
2018-11-09,Liberty Flames,89.0,home,0.0,0.0,True,49.0
2018-11-09,Maine-Fort Kent Bengals,40.0,away,0.0,0.0,False,-49.0
2018-11-09,George Washington Revolutionaries,61.0,home,0.0,0.0,False,-8.0
2018-11-09,Siena Saints,69.0,away,0.0,0.0,True,8.0
2018-11-09,UNC Asheville Bulldogs,87.0,home,0.0,0.0,True,40.0
2018-11-09,St. Andrews Knights,47.0,away,0.0,0.0,False,-40.0
2018-11-09,Stephen F. Austin Lumberjacks,68.0,home,0.0,0.0,True,1.0
2018-11-09,Southwestern Assemblies of God Lions,67.0,away,0.0,0.0,False,-1.0
2018-11-09,South Dakota State Jackrabbits,78.0,home,0.0,0.0,True,17.0
2018-11-09,Alabama State Hornets,61.0,away,0.0,0.0,False,-17.0
2018-11-09,Notre Dame Fighting Irish,89.0,home,0.0,0.0,True,27.0
2018-11-09,Chicago State Cougars,62.0,away,0.0,0.0,False,-27.0
2018-11-09,Cornell Big Red,86.0,home,0.0,0.0,True,42.0
2018-11-09,SUNY-Canton Roos,44.0,away,0.0,0.0,False,-42.0
2018-11-09,Florida Gulf Coast Eagles,81.0,home,0.0,0.0,True,27.0
2018-11-09,Southeastern Fires,54.0,away,0.0,0.0,False,-27.0
2018-11-09,Northwestern Wildcats,82.0,home,0.0,0.0,True,30.0
2018-11-09,New Orleans Privateers,52.0,away,0.0,0.0,False,-30.0
2018-11-09,Iowa Hawkeyes,77.0,home,0.0,0.0,True,14.0
2018-11-09,Kansas City Roos,63.0,away,0.0,0.0,False,-14.0
2018-11-09,Norfolk State Spartans,108.0,home,0.0,0.0,True,58.0
2018-11-09,Mid-Atlantic Christian Mustangs,50.0,away,0.0,0.0,False,-58.0
2018-11-09,Seattle U Redhawks,95.0,home,0.0,0.0,True,28.0
2018-11-09,Puget Sound Loggers,67.0,away,0.0,0.0,False,-28.0
2018-11-09,Utah Utes,75.0,home,0.0,0.0,True,14.0
2018-11-09,Maine Black Bears,61.0,away,0.0,0.0,False,-14.0
2018-11-09,Illinois Fighting Illini,99.0,home,0.0,0.0,True,39.0
2018-11-09,Evansville Purple Aces,60.0,away,0.0,0.0,False,-39.0
2018-11-11,Duke Blue Devils,94.0,home,0.0,0.0,True,22.0
2018-11-11,Army Black Knights,72.0,away,0.0,0.0,False,-22.0
2018-11-11,Boston University Terriers,94.0,home,0.0,0.0,True,37.0
2018-11-11,Emerson Lions,57.0,away,0.0,0.0,False,-37.0
2018-11-11,NJIT Highlanders,63.0,home,0.0,0.0,True,3.0
2018-11-11,Brown Bears,60.0,away,0.0,0.0,False,-3.0
2018-11-11,Rutgers Scarlet Knights,95.0,home,0.0,0.0,True,29.0
2018-11-11,Drexel Dragons,66.0,away,0.0,0.0,False,-29.0
2018-11-11,Savannah State Tigers,105.0,home,0.0,0.0,True,10.0
2018-11-11,Middle Georgia State Knights,95.0,away,0.0,0.0,False,-10.0
2018-11-11,Iowa Hawkeyes,93.0,home,0.0,0.0,True,11.0
2018-11-11,Green Bay Phoenix,82.0,away,0.0,0.0,False,-11.0
2018-11-11,Creighton Bluejays,75.0,home,0.0,0.0,True,6.0
2018-11-11,East Tennessee State Buccaneers,69.0,away,0.0,0.0,False,-6.0
2018-11-11,Virginia Cavaliers,76.0,home,0.0,0.0,True,19.0
2018-11-11,George Washington Revolutionaries,57.0,away,0.0,0.0,False,-19.0
2018-11-11,Eastern Michigan Eagles,97.0,home,0.0,0.0,True,23.0
2018-11-11,Goshen Maple Leafs,74.0,away,0.0,0.0,False,-23.0
2018-11-11,Marshall Thundering Herd,76.0,home,0.0,0.0,True,4.0
2018-11-11,Hofstra Pride,72.0,away,0.0,0.0,False,-4.0
2018-11-12,Tulane Green Wave,69.0,home,0.0,0.0,False,-11.0
2018-11-12,Florida State Seminoles,80.0,away,0.0,0.0,True,11.0
2018-11-11,TCU Horned Frogs,79.0,home,0.0,0.0,True,17.0
2018-11-11,Oral Roberts Golden Eagles,62.0,away,0.0,0.0,False,-17.0
2018-11-11,VMI Keydets,98.0,home,0.0,0.0,True,64.0
2018-11-11,Goucher Gophers,34.0,away,0.0,0.0,False,-64.0
2018-11-11,Boston College Eagles,74.0,home,0.0,0.0,True,5.0
2018-11-11,St. Francis Brooklyn Terriers,69.0,away,0.0,0.0,False,-5.0
2018-11-11,North Dakota State Bison,82.0,home,0.0,0.0,True,19.0
2018-11-11,UC Santa Barbara Gauchos,63.0,away,0.0,0.0,False,-19.0
2018-11-11,SMU Mustangs,64.0,home,0.0,0.0,False,-10.0
2018-11-11,Southern Miss Golden Eagles,74.0,away,0.0,0.0,True,10.0
2018-11-11,Cornell Big Red,57.0,home,0.0,0.0,False,-16.0
2018-11-11,Colgate Raiders,73.0,away,0.0,0.0,True,16.0
2018-11-11,UCF Knights,79.0,home,0.0,0.0,False,-1.0
2018-11-11,Florida Atlantic Owls,80.0,away,0.0,0.0,True,1.0
2018-11-11,Michigan State Spartans,106.0,home,0.0,0.0,True,24.0
2018-11-11,Florida Gulf Coast Eagles,82.0,away,0.0,0.0,False,-24.0
2018-11-11,Howard Bison,99.0,home,0.0,0.0,True,28.0
2018-11-11,Central Penn Knights,71.0,away,0.0,0.0,False,-28.0
2018-11-11,Missouri State Bears,83.0,home,0.0,0.0,True,13.0
2018-11-11,Stetson Hatters,70.0,away,0.0,0.0,False,-13.0
2018-11-11,East Carolina Pirates,84.0,home,0.0,0.0,True,6.0
2018-11-11,Lamar Cardinals,78.0,away,0.0,0.0,False,-6.0
2018-11-11,Ohio State Buckeyes,107.0,home,0.0,0.0,True,46.0
2018-11-11,Purdue Fort Wayne Mastodons,61.0,away,0.0,0.0,False,-46.0
2018-11-11,Nebraska Cornhuskers,87.0,home,0.0,0.0,True,52.0
2018-11-11,SE Louisiana Lions,35.0,away,0.0,0.0,False,-52.0
2018-11-11,Towson Tigers,93.0,home,0.0,0.0,True,27.0
2018-11-11,Wesley Wolverines,66.0,away,0.0,0.0,False,-27.0
2018-11-11,South Alabama Jaguars,106.0,home,0.0,0.0,True,30.0
2018-11-11,Huntingdon College (AL) Hawks,76.0,away,0.0,0.0,False,-30.0
2018-11-11,Louisiana Tech Bulldogs,76.0,home,0.0,0.0,True,7.0
2018-11-11,Sam Houston Bearkats,69.0,away,0.0,0.0,False,-7.0
2018-11-11,Loyola Maryland Greyhounds,80.0,home,0.0,0.0,False,-2.0
2018-11-11,Dartmouth Big Green,82.0,away,0.0,0.0,True,2.0
2018-11-11,UConn Huskies,94.0,home,0.0,0.0,True,28.0
2018-11-11,Kansas City Roos,66.0,away,0.0,0.0,False,-28.0
2018-11-11,Northern Kentucky Norse,99.0,home,0.0,0.0,True,40.0
2018-11-11,Wabash College Little Giants,59.0,away,0.0,0.0,False,-40.0
2018-11-12,Montana State Bobcats,83.0,home,0.0,0.0,True,15.0
2018-11-12,Presentation College Saints,68.0,away,0.0,0.0,False,-15.0
2018-11-11,Arizona Wildcats,82.0,home,0.0,0.0,True,21.0
2018-11-11,Cal Poly Mustangs,61.0,away,0.0,0.0,False,-21.0
2018-11-12,Washington State Cougars,89.0,home,0.0,0.0,True,17.0
2018-11-12,Nicholls Colonels,72.0,away,0.0,0.0,False,-17.0
2018-11-12,Seattle U Redhawks,82.0,home,0.0,0.0,True,23.0
2018-11-12,Bryant Bulldogs,59.0,away,0.0,0.0,False,-23.0
2018-11-12,Saint Mary's Gaels,92.0,home,0.0,0.0,True,29.0
2018-11-12,Utah Valley Wolverines,63.0,away,0.0,0.0,False,-29.0
2018-11-11,Mississippi State Bulldogs,77.0,home,0.0,0.0,True,18.0
2018-11-11,Hartford Hawks,59.0,away,0.0,0.0,False,-18.0
2018-11-11,Alabama State Hornets,97.0,home,0.0,0.0,True,34.0
2018-11-11,LaGrange Panthers,63.0,away,0.0,0.0,False,-34.0
2018-11-12,Alabama Crimson Tide,81.0,home,0.0,0.0,True,8.0
2018-11-12,App State Mountaineers,73.0,away,0.0,0.0,False,-8.0
2018-11-12,USC Trojans,78.0,home,0.0,0.0,False,-4.0
2018-11-12,Vanderbilt Commodores,82.0,away,0.0,0.0,True,4.0
2018-11-12,Hawai'i Rainbow Warriors,51.0,home,0.0,0.0,False,-17.0
2018-11-12,North Texas Mean Green,68.0,away,0.0,0.0,True,17.0
2018-11-13,Southern Illinois Salukis,53.0,home,0.0,0.0,False,-9.0
2018-11-13,Buffalo Bulls,62.0,away,0.0,0.0,True,9.0
2018-11-13,Kansas State Wildcats,64.0,home,0.0,0.0,True,8.0
2018-11-13,Denver Pioneers,56.0,away,0.0,0.0,False,-8.0
2018-11-12,Butler Bulldogs,84.0,home,0.0,0.0,True,21.0
2018-11-12,Detroit Mercy Titans,63.0,away,0.0,0.0,False,-21.0
2018-11-13,South Florida Bulls,74.0,home,0.0,0.0,True,4.0
2018-11-13,Austin Peay Governors,70.0,away,0.0,0.0,False,-4.0
2018-11-13,Pittsburgh Panthers,84.0,home,0.0,0.0,True,9.0
2018-11-13,Troy Trojans,75.0,away,0.0,0.0,False,-9.0
2018-11-13,The Citadel Bulldogs,148.0,home,0.0,0.0,True,73.0
2018-11-13,Mid-Atlantic Christian Mustangs,75.0,away,0.0,0.0,False,-73.0
2018-11-13,Penn State Nittany Lions,76.0,home,0.0,0.0,True,15.0
2018-11-13,Jacksonville State Gamecocks,61.0,away,0.0,0.0,False,-15.0
2018-11-13,North Carolina Tar Heels,90.0,home,0.0,0.0,True,18.0
2018-11-13,Stanford Cardinal,72.0,away,0.0,0.0,False,-18.0
2018-11-13,VCU Rams,72.0,home,0.0,0.0,True,11.0
2018-11-13,Bowling Green Falcons,61.0,away,0.0,0.0,False,-11.0
2018-11-12,New Hampshire Wildcats,100.0,home,0.0,0.0,True,39.0
2018-11-12,Mount Saint Vincent,61.0,away,0.0,0.0,False,-39.0
2018-11-13,Youngstown State Penguins,106.0,home,0.0,0.0,True,23.0
2018-11-13,Heidelberg Student Princes,83.0,away,0.0,0.0,False,-23.0
2018-11-13,James Madison Dukes,82.0,home,0.0,0.0,True,23.0
2018-11-13,Bridgewater College (VA) Eagles,59.0,away,0.0,0.0,False,-23.0
2018-11-13,Niagara Purple Eagles,80.0,home,0.0,0.0,True,8.0
2018-11-13,St. Bonaventure Bonnies,72.0,away,0.0,0.0,False,-8.0
2018-11-13,Binghamton Bearcats,107.0,home,0.0,0.0,True,43.0
2018-11-13,Misericordia Cougars,64.0,away,0.0,0.0,False,-43.0
2018-11-13,Maryland Terrapins,82.0,home,0.0,0.0,True,23.0
2018-11-13,North Carolina A&T Aggies,59.0,away,0.0,0.0,False,-23.0
2018-11-13,Ohio Bobcats,81.0,home,0.0,0.0,True,8.0
2018-11-13,Campbell Fighting Camels,73.0,away,0.0,0.0,False,-8.0
2018-11-13,Presbyterian Blue Hose,109.0,home,0.0,0.0,True,52.0
2018-11-13,Welch Flames,57.0,away,0.0,0.0,False,-52.0
2018-11-13,UMBC Retrievers,75.0,home,0.0,0.0,True,23.0
2018-11-13,Manhattan Jaspers,52.0,away,0.0,0.0,False,-23.0
2018-11-13,Miami (OH) RedHawks,91.0,home,0.0,0.0,True,49.0
2018-11-13,Midway University Eagles,42.0,away,0.0,0.0,False,-49.0
2018-11-13,Saint Joseph's Hawks,78.0,home,0.0,0.0,True,15.0
2018-11-13,Monmouth Hawks,63.0,away,0.0,0.0,False,-15.0
2018-11-13,Southeast Missouri State Redhawks,102.0,home,0.0,0.0,True,36.0
2018-11-13,Quincy Hawks,66.0,away,0.0,0.0,False,-36.0
2018-11-13,Samford Bulldogs,74.0,home,0.0,0.0,True,14.0
2018-11-13,Kennesaw State Owls,60.0,away,0.0,0.0,False,-14.0
2018-11-13,Incarnate Word Cardinals,70.0,home,0.0,0.0,True,11.0
2018-11-13,Texas Lutheran Bulldogs,59.0,away,0.0,0.0,False,-11.0
2018-11-13,Rice Owls,73.0,home,0.0,0.0,True,14.0
2018-11-13,Alabama A&M Bulldogs,59.0,away,0.0,0.0,False,-14.0
2018-11-13,New Orleans Privateers,87.0,home,0.0,0.0,True,28.0
2018-11-13,Pensacola Christian College PENSACOLA CHRISTIAN,59.0,away,0.0,0.0,False,-28.0
2018-11-13,UTSA Roadrunners,67.0,home,0.0,0.0,False,-20.0
2018-11-13,Oklahoma Sooners,87.0,away,0.0,0.0,True,20.0
2018-11-13,Arkansas Razorbacks,81.0,home,0.0,0.0,True,23.0
2018-11-13,UC Davis Aggies,58.0,away,0.0,0.0,False,-23.0
2018-11-13,Northwestern Wildcats,63.0,home,0.0,0.0,True,12.0
2018-11-13,American University Eagles,51.0,away,0.0,0.0,False,-12.0
2018-11-13,Iowa State Cyclones,85.0,home,0.0,0.0,True,12.0
2018-11-13,Texas Southern Tigers,73.0,away,0.0,0.0,False,-12.0
2018-11-13,Arkansas State Red Wolves,89.0,home,0.0,0.0,True,35.0
2018-11-13,Missouri Baptist Spartans,54.0,away,0.0,0.0,False,-35.0
2018-11-13,DePaul Blue Demons,91.0,home,0.0,0.0,True,28.0
2018-11-13,Morgan State Bears,63.0,away,0.0,0.0,False,-28.0
2018-11-13,Sacred Heart Pioneers,114.0,home,0.0,0.0,True,42.0
2018-11-13,Western New England Golden Bears,72.0,away,0.0,0.0,False,-42.0
2018-11-13,Central Arkansas Bears,93.0,home,0.0,0.0,True,41.0
2018-11-13,University of The Ozarks Eagles,52.0,away,0.0,0.0,False,-41.0
2018-11-13,South Dakota Coyotes,90.0,home,0.0,0.0,True,16.0
2018-11-13,Northern Arizona Lumberjacks,74.0,away,0.0,0.0,False,-16.0
2018-11-13,Belmont Bruins,92.0,home,0.0,0.0,True,19.0
2018-11-13,Middle Tennessee Blue Raiders,73.0,away,0.0,0.0,False,-19.0
2018-11-13,Duquesne Dukes,89.0,home,0.0,0.0,True,1.0
2018-11-13,UIC Flames,88.0,away,0.0,0.0,False,-1.0
2018-11-13,Texas A&M-Corpus Christi Islanders,69.0,home,0.0,0.0,False,-7.0
2018-11-13,UT Rio Grande Valley Vaqueros,76.0,away,0.0,0.0,True,7.0
2018-11-13,Baylor Bears,91.0,home,0.0,0.0,True,11.0
2018-11-13,Prairie View A&M Panthers,80.0,away,0.0,0.0,False,-11.0
2018-11-13,Texas Longhorns,65.0,home,0.0,0.0,True,10.0
2018-11-13,UL Monroe Warhawks,55.0,away,0.0,0.0,False,-10.0
2018-11-13,Arizona State Sun Devils,90.0,home,0.0,0.0,True,32.0
2018-11-13,Long Beach State Beach,58.0,away,0.0,0.0,False,-32.0
2018-11-13,Minnesota Golden Gophers,78.0,home,0.0,0.0,True,9.0
2018-11-13,Utah Utes,69.0,away,0.0,0.0,False,-9.0
2018-11-13,Kansas Jayhawks,84.0,home,0.0,0.0,True,16.0
2018-11-13,Vermont Catamounts,68.0,away,0.0,0.0,False,-16.0
2018-11-13,Montana Grizzlies,79.0,home,0.0,0.0,True,24.0
2018-11-13,Montana Tech Orediggers,55.0,away,0.0,0.0,False,-24.0
2018-11-13,Grand Canyon Lopes,76.0,home,0.0,0.0,True,17.0
2018-11-13,Jacksonville Dolphins,59.0,away,0.0,0.0,False,-17.0
2018-11-13,Washington Huskies,66.0,home,0.0,0.0,True,3.0
2018-11-13,San Diego Toreros,63.0,away,0.0,0.0,False,-3.0
2018-11-13,UC Irvine Anteaters,87.0,home,0.0,0.0,True,34.0
2018-11-13,Life Pacific Warriors,53.0,away,0.0,0.0,False,-34.0
2018-11-13,San Francisco Dons,88.0,home,0.0,0.0,True,34.0
2018-11-13,Sonoma State Seawolves,54.0,away,0.0,0.0,False,-34.0
2018-11-14,Howard Bison,108.0,home,0.0,0.0,True,57.0
2018-11-14,Regent Royals,51.0,away,0.0,0.0,False,-57.0
2018-11-14,Cincinnati Bearcats,73.0,home,0.0,0.0,True,22.0
2018-11-14,North Carolina Central Eagles,51.0,away,0.0,0.0,False,-22.0
2018-11-14,Dartmouth Big Green,100.0,home,0.0,0.0,True,46.0
2018-11-14,Elms College Blazers,54.0,away,0.0,0.0,False,-46.0
2018-11-14,Chattanooga Mocs,92.0,home,0.0,0.0,True,31.0
2018-11-14,Cumberland (TN) Phoenix,61.0,away,0.0,0.0,False,-31.0
2018-11-14,Purdue Fort Wayne Mastodons,111.0,home,0.0,0.0,True,46.0
2018-11-14,Manchester Spartans,65.0,away,0.0,0.0,False,-46.0
2018-11-14,Wagner Seahawks,90.0,home,0.0,0.0,True,32.0
2018-11-14,Cortland Red Dragons,58.0,away,0.0,0.0,False,-32.0
2018-11-14,Winthrop Eagles,134.0,home,0.0,0.0,True,35.0
2018-11-14,Pfeiffer Falcons,99.0,away,0.0,0.0,False,-35.0
2018-11-14,Maryland Eastern Shore Hawks,63.0,home,0.0,0.0,False,-3.0
2018-11-14,Longwood Lancers,66.0,away,0.0,0.0,True,3.0
2018-11-14,Furman Paladins,88.0,home,0.0,0.0,True,2.0
2018-11-14,Gardner-Webb Runnin' Bulldogs,86.0,away,0.0,0.0,False,-2.0
2018-11-14,Loyola Maryland Greyhounds,91.0,home,0.0,0.0,True,29.0
2018-11-14,Delaware State Hornets,62.0,away,0.0,0.0,False,-29.0
2018-11-14,Pennsylvania Quakers,91.0,home,0.0,0.0,True,30.0
2018-11-14,Lafayette Leopards,61.0,away,0.0,0.0,False,-30.0
2018-11-13,Xavier Musketeers,68.0,home,0.0,0.0,False,-9.0
2018-11-13,Wisconsin Badgers,77.0,away,0.0,0.0,True,9.0
2018-11-14,Georgia State Panthers,62.0,home,0.0,0.0,True,2.0
2018-11-14,Mercer Bears,60.0,away,0.0,0.0,False,-2.0
2018-11-14,Tennessee Volunteers,66.0,home,0.0,0.0,True,13.0
2018-11-14,Georgia Tech Yellow Jackets,53.0,away,0.0,0.0,False,-13.0
2018-11-14,Bethune-Cookman Wildcats,104.0,home,0.0,0.0,True,60.0
2018-11-14,Trinity College of Jacksonville Eagles,44.0,away,0.0,0.0,False,-60.0
2018-11-14,Eastern Kentucky Colonels,107.0,home,0.0,0.0,True,55.0
2018-11-14,Midway University Eagles,52.0,away,0.0,0.0,False,-55.0
2018-11-14,Cleveland State Vikings,94.0,home,0.0,0.0,True,29.0
2018-11-14,Urbana Blue Knights,65.0,away,0.0,0.0,False,-29.0
2018-11-14,Savannah State Tigers,97.0,home,0.0,0.0,True,14.0
2018-11-14,Tennessee Tech Golden Eagles,83.0,away,0.0,0.0,False,-14.0
2018-11-14,Wofford Terriers,94.0,home,0.0,0.0,True,59.0
2018-11-14,Carver College Cougars,35.0,away,0.0,0.0,False,-59.0
2018-11-14,Kent State Golden Flashes,90.0,home,0.0,0.0,True,21.0
2018-11-14,Shawnee State Bears,69.0,away,0.0,0.0,False,-21.0
2018-11-14,Texas State Bobcats,97.0,home,0.0,0.0,True,45.0
2018-11-14,Hardin-Simmons Cowboys,52.0,away,0.0,0.0,False,-45.0
2018-11-14,Florida International Panthers,86.0,home,0.0,0.0,True,3.0
2018-11-14,Milwaukee Panthers,83.0,away,0.0,0.0,False,-3.0
2018-11-14,Central Connecticut Blue Devils,86.0,home,0.0,0.0,True,12.0
2018-11-14,UMass Lowell River Hawks,74.0,away,0.0,0.0,False,-12.0
2018-11-14,Delaware Blue Hens,100.0,home,0.0,0.0,True,38.0
2018-11-14,Chestnut Hill College Griffins,62.0,away,0.0,0.0,False,-38.0
2018-11-14,Georgia Southern Eagles,98.0,home,0.0,0.0,True,9.0
2018-11-14,George Mason Patriots,89.0,away,0.0,0.0,False,-9.0
2018-11-14,Lehigh Mountain Hawks,78.0,home,0.0,0.0,True,6.0
2018-11-14,Marist Red Foxes,72.0,away,0.0,0.0,False,-6.0
2018-11-14,Oakland Golden Grizzlies,77.0,home,0.0,0.0,False,-8.0
2018-11-14,Western Michigan Broncos,85.0,away,0.0,0.0,True,8.0
2018-11-14,LSU Tigers,85.0,home,0.0,0.0,True,9.0
2018-11-14,Memphis Tigers,76.0,away,0.0,0.0,False,-9.0
2018-11-14,Miami Hurricanes,96.0,home,0.0,0.0,True,38.0
2018-11-14,Stephen F. Austin Lumberjacks,58.0,away,0.0,0.0,False,-38.0
2018-11-14,Temple Owls,81.0,home,0.0,0.0,True,4.0
2018-11-14,Georgia Bulldogs,77.0,away,0.0,0.0,False,-4.0
2018-11-14,Bucknell Bison,73.0,home,0.0,0.0,False,-9.0
2018-11-14,Canisius Golden Griffins,82.0,away,0.0,0.0,True,9.0
2018-11-14,Providence Friars,70.0,home,0.0,0.0,True,9.0
2018-11-14,Holy Cross Crusaders,61.0,away,0.0,0.0,False,-9.0
2018-11-14,NC State Wolfpack,100.0,home,0.0,0.0,True,51.0
2018-11-14,UNC Asheville Bulldogs,49.0,away,0.0,0.0,False,-51.0
2018-11-14,Massachusetts Minutemen,71.0,home,0.0,0.0,False,-3.0
2018-11-14,Harvard Crimson,74.0,away,0.0,0.0,True,3.0
2018-11-14,Charleston Southern Buccaneers,89.0,home,0.0,0.0,True,17.0
2018-11-14,South Carolina State Bulldogs,72.0,away,0.0,0.0,False,-17.0
2018-11-14,UNC Wilmington Seahawks,61.0,home,0.0,0.0,False,-21.0
2018-11-14,UNC Greensboro Spartans,82.0,away,0.0,0.0,True,21.0
2018-11-14,South Carolina Gamecocks,81.0,home,0.0,0.0,True,17.0
2018-11-14,Norfolk State Spartans,64.0,away,0.0,0.0,False,-17.0
2018-11-14,Charleston Cougars,66.0,home,0.0,0.0,True,11.0
2018-11-14,Rhode Island Rams,55.0,away,0.0,0.0,False,-11.0
2018-11-14,Louisville Cardinals,104.0,home,0.0,0.0,True,50.0
2018-11-14,Southern Jaguars,54.0,away,0.0,0.0,False,-50.0
2018-11-14,Louisiana Tech Bulldogs,89.0,home,0.0,0.0,True,31.0
2018-11-14,Harding Bisons,58.0,away,0.0,0.0,False,-31.0
2018-11-14,Tulane Green Wave,81.0,home,0.0,0.0,True,5.0
2018-11-14,Coastal Carolina Chanticleers,76.0,away,0.0,0.0,False,-5.0
2018-11-14,Texas Tech Red Raiders,59.0,home,0.0,0.0,True,19.0
2018-11-14,SE Louisiana Lions,40.0,away,0.0,0.0,False,-19.0
2018-11-14,Tennessee State Tigers,67.0,home,0.0,0.0,False,-16.0
2018-11-14,Little Rock Trojans,83.0,away,0.0,0.0,True,16.0
2018-11-14,Illinois State Redbirds,75.0,home,0.0,0.0,True,4.0
2018-11-14,Chicago State Cougars,71.0,away,0.0,0.0,False,-4.0
2018-11-14,Oral Roberts Golden Eagles,69.0,home,0.0,0.0,False,-1.0
2018-11-14,California Baptist Lancers,70.0,away,0.0,0.0,True,1.0
2018-11-14,Saint Louis Billikens,69.0,home,0.0,0.0,True,11.0
2018-11-14,North Alabama Lions,58.0,away,0.0,0.0,False,-11.0
2018-11-14,Fairfield Stags,87.0,home,0.0,0.0,False,-2.0
2018-11-14,Long Island University Sharks,89.0,away,0.0,0.0,True,2.0
2018-11-14,Colorado Buffaloes,100.0,home,0.0,0.0,True,29.0
2018-11-14,Drake Bulldogs,71.0,away,0.0,0.0,False,-29.0
2018-11-14,Liberty Flames,93.0,home,0.0,0.0,True,53.0
2018-11-14,Trevecca Nazarene Trojans,40.0,away,0.0,0.0,False,-53.0
2018-11-14,BYU Cougars,82.0,home,0.0,0.0,True,25.0
2018-11-14,Northwestern State Demons,57.0,away,0.0,0.0,False,-25.0
2018-11-14,New Mexico Lobos,90.0,home,0.0,0.0,True,7.0
2018-11-14,Iona Gaels,83.0,away,0.0,0.0,False,-7.0
2018-11-14,California Golden Bears,80.0,home,0.0,0.0,True,14.0
2018-11-14,Hampton Pirates,66.0,away,0.0,0.0,False,-14.0
2018-11-14,UNLV Rebels,72.0,home,0.0,0.0,True,21.0
2018-11-14,UC Riverside Highlanders,51.0,away,0.0,0.0,False,-21.0
2018-11-14,Northern Colorado Bears,88.0,home,0.0,0.0,True,8.0
2018-11-14,Pepperdine Waves,80.0,away,0.0,0.0,False,-8.0
2018-11-14,Loyola Marymount Lions,79.0,home,0.0,0.0,True,15.0
2018-11-14,Cal State Northridge Matadors,64.0,away,0.0,0.0,False,-15.0
2018-11-14,Illinois Fighting Illini,80.0,home,0.0,0.0,False,-8.0
2018-11-14,Georgetown Hoyas,88.0,away,0.0,0.0,True,8.0
2018-11-14,Utah State Aggies,94.0,home,0.0,0.0,True,35.0
2018-11-14,Mississippi Valley State Delta Devils,59.0,away,0.0,0.0,False,-35.0
2018-11-14,Idaho Vandals,80.0,home,0.0,0.0,False,-3.0
2018-11-14,Nicholls Colonels,83.0,away,0.0,0.0,True,3.0
2018-11-14,Pacific Tigers,91.0,home,0.0,0.0,True,25.0
2018-11-14,Stanislaus State Warriors,66.0,away,0.0,0.0,False,-25.0
2018-11-14,UC Santa Barbara Gauchos,88.0,home,0.0,0.0,True,56.0
2018-11-14,Cal Lutheran Kingsmen,32.0,away,0.0,0.0,False,-56.0
2018-11-10,IU Indianapolis Jaguars,71.0,home,0.0,0.0,True,6.0
2018-11-10,Eastern Illinois Panthers,65.0,away,0.0,0.0,False,-6.0
2018-11-10,NC State Wolfpack,95.0,home,0.0,0.0,True,46.0
2018-11-10,Maryland Eastern Shore Hawks,49.0,away,0.0,0.0,False,-46.0
2018-11-10,Northern Arizona Lumberjacks,97.0,home,0.0,0.0,True,15.0
2018-11-10,Jacksonville Dolphins,82.0,away,0.0,0.0,False,-15.0
2018-11-11,Villanova Wildcats,86.0,home,0.0,0.0,True,33.0
2018-11-11,Quinnipiac Bobcats,53.0,away,0.0,0.0,False,-33.0
2018-11-10,Western Illinois Leathernecks,84.0,home,0.0,0.0,True,28.0
2018-11-10,North Park Vikings,56.0,away,0.0,0.0,False,-28.0
2018-11-10,Western Carolina Catamounts,74.0,home,0.0,0.0,False,-3.0
2018-11-10,Charleston Cougars,77.0,away,0.0,0.0,True,3.0
2018-11-10,Florida A&M Rattlers,62.0,home,0.0,0.0,True,7.0
2018-11-10,Tuskegee Golden Tigers,55.0,away,0.0,0.0,False,-7.0
2018-11-10,Houston Cougars,101.0,home,0.0,0.0,True,47.0
2018-11-10,Alabama A&M Bulldogs,54.0,away,0.0,0.0,False,-47.0
2018-11-10,High Point Panthers,60.0,home,0.0,0.0,False,-8.0
2018-11-10,Wofford Terriers,68.0,away,0.0,0.0,True,8.0
2018-11-10,Lipscomb Bisons,86.0,home,0.0,0.0,True,7.0
2018-11-10,Tennessee State Tigers,79.0,away,0.0,0.0,False,-7.0
2018-11-10,UL Monroe Warhawks,94.0,home,0.0,0.0,True,42.0
2018-11-10,Millsaps Majors,52.0,away,0.0,0.0,False,-42.0
2018-11-10,UMBC Retrievers,93.0,home,0.0,0.0,True,48.0
2018-11-10,Shenandoah Hornets,45.0,away,0.0,0.0,False,-48.0
2018-11-10,Wake Forest Demon Deacons,90.0,home,0.0,0.0,True,12.0
2018-11-10,North Carolina A&T Aggies,78.0,away,0.0,0.0,False,-12.0
2018-11-10,Bradley Braves,68.0,home,0.0,0.0,True,11.0
2018-11-10,Southeast Missouri State Redhawks,57.0,away,0.0,0.0,False,-11.0
2018-11-10,Oregon State Beavers,83.0,home,0.0,0.0,True,19.0
2018-11-10,Wyoming Cowboys,64.0,away,0.0,0.0,False,-19.0
2018-11-10,Colorado State Rams,92.0,home,0.0,0.0,True,25.0
2018-11-10,Arkansas-Pine Bluff Golden Lions,67.0,away,0.0,0.0,False,-25.0
2018-11-10,St. Bonaventure Bonnies,67.0,home,0.0,0.0,True,31.0
2018-11-10,Jackson State Tigers,36.0,away,0.0,0.0,False,-31.0
2018-11-10,La Salle Explorers,76.0,home,0.0,0.0,False,-1.0
2018-11-10,Lafayette Leopards,77.0,away,0.0,0.0,True,1.0
2018-11-10,UMass Lowell River Hawks,88.0,home,0.0,0.0,True,4.0
2018-11-10,Wagner Seahawks,84.0,away,0.0,0.0,False,-4.0
2018-11-10,South Carolina Upstate Spartans,86.0,home,0.0,0.0,True,43.0
2018-11-10,Brevard Tornados,43.0,away,0.0,0.0,False,-43.0
2018-11-10,South Dakota State Jackrabbits,86.0,home,0.0,0.0,True,23.0
2018-11-10,Bemidji State Beavers,63.0,away,0.0,0.0,False,-23.0
2018-11-10,Xavier Musketeers,91.0,home,0.0,0.0,True,6.0
2018-11-10,Evansville Purple Aces,85.0,away,0.0,0.0,False,-6.0
2018-11-10,Marquette Golden Eagles,92.0,home,0.0,0.0,True,33.0
2018-11-10,Bethune-Cookman Wildcats,59.0,away,0.0,0.0,False,-33.0
2018-11-10,Cal State Fullerton Titans,106.0,home,0.0,0.0,True,53.0
2018-11-10,West Coast Baptist Eagles,53.0,away,0.0,0.0,False,-53.0
2018-11-10,Ole Miss Rebels,90.0,home,0.0,0.0,True,26.0
2018-11-10,Western Michigan Broncos,64.0,away,0.0,0.0,False,-26.0
2018-11-10,Charlotte 49ers,66.0,home,0.0,0.0,True,2.0
2018-11-10,Oklahoma State Cowboys,64.0,away,0.0,0.0,False,-2.0
2018-11-10,Tulsa Golden Hurricane,74.0,home,0.0,0.0,True,22.0
2018-11-10,South Carolina State Bulldogs,52.0,away,0.0,0.0,False,-22.0
2018-11-11,Chattanooga Mocs,78.0,home,0.0,0.0,False,-3.0
2018-11-11,Eastern Kentucky Colonels,81.0,away,0.0,0.0,True,3.0
2018-11-11,Milwaukee Panthers,60.0,home,0.0,0.0,False,-3.0
2018-11-11,North Dakota Fighting Hawks,63.0,away,0.0,0.0,True,3.0
2018-11-11,Cleveland State Vikings,79.0,home,0.0,0.0,False,-4.0
2018-11-11,Kent State Golden Flashes,83.0,away,0.0,0.0,True,4.0
2018-11-10,Akron Zips,98.0,home,0.0,0.0,True,29.0
2018-11-10,Youngstown State Penguins,69.0,away,0.0,0.0,False,-29.0
2018-11-10,Duquesne Dukes,84.0,home,0.0,0.0,True,14.0
2018-11-10,William & Mary Tribe,70.0,away,0.0,0.0,False,-14.0
2018-11-10,San Francisco Dons,93.0,home,0.0,0.0,True,43.0
2018-11-10,Maine Black Bears,50.0,away,0.0,0.0,False,-43.0
2018-11-11,Norfolk State Spartans,74.0,home,0.0,0.0,True,28.0
2018-11-11,Clarion Golden Eagles,46.0,away,0.0,0.0,False,-28.0
2018-11-10,Georgetown Hoyas,85.0,home,0.0,0.0,True,7.0
2018-11-10,Central Connecticut Blue Devils,78.0,away,0.0,0.0,False,-7.0
2018-11-10,Baylor Bears,80.0,home,0.0,0.0,True,27.0
2018-11-10,Southern Jaguars,53.0,away,0.0,0.0,False,-27.0
2018-11-10,Saint Peter's Peacocks,75.0,home,0.0,0.0,False,-3.0
2018-11-10,Delaware Blue Hens,78.0,away,0.0,0.0,True,3.0
2018-11-11,Tennessee Tech Golden Eagles,65.0,home,0.0,0.0,False,-15.0
2018-11-11,Presbyterian Blue Hose,80.0,away,0.0,0.0,True,15.0
2018-11-11,Western Kentucky Hilltoppers,86.0,home,0.0,0.0,True,15.0
2018-11-11,UT Martin Skyhawks,71.0,away,0.0,0.0,False,-15.0
2018-11-11,Toledo Rockets,99.0,home,0.0,0.0,True,41.0
2018-11-11,Wilberforce Bulldogs,58.0,away,0.0,0.0,False,-41.0
2018-11-11,Marist Red Foxes,82.0,home,0.0,0.0,True,6.0
2018-11-11,Columbia Lions,76.0,away,0.0,0.0,False,-6.0
2018-11-11,Bucknell Bison,58.0,home,0.0,0.0,False,-2.0
2018-11-11,Fairfield Stags,60.0,away,0.0,0.0,True,2.0
2018-11-11,Butler Bulldogs,90.0,home,0.0,0.0,True,22.0
2018-11-11,Miami (OH) RedHawks,68.0,away,0.0,0.0,False,-22.0
2018-11-11,Dayton Flyers,76.0,home,0.0,0.0,True,30.0
2018-11-11,Coppin State Eagles,46.0,away,0.0,0.0,False,-30.0
2018-11-11,Long Beach State Beach,78.0,home,0.0,0.0,True,21.0
2018-11-11,Menlo Oaks,57.0,away,0.0,0.0,False,-21.0
2018-11-11,Murray State Racers,73.0,home,0.0,0.0,True,19.0
2018-11-11,Wright State Raiders,54.0,away,0.0,0.0,False,-19.0
2018-11-11,Michigan Wolverines,56.0,home,0.0,0.0,True,19.0
2018-11-11,Holy Cross Crusaders,37.0,away,0.0,0.0,False,-19.0
2018-11-11,SIU Edwardsville Cougars,82.0,home,0.0,0.0,False,-12.0
2018-11-11,Winthrop Eagles,94.0,away,0.0,0.0,True,12.0
2018-11-11,UT Arlington Mavericks,74.0,home,0.0,0.0,True,9.0
2018-11-11,Northern Iowa Panthers,65.0,away,0.0,0.0,False,-9.0
2018-11-11,Syracuse Orange,84.0,home,0.0,0.0,True,14.0
2018-11-11,Morehead State Eagles,70.0,away,0.0,0.0,False,-14.0
2018-11-11,Incarnate Word Cardinals,66.0,home,0.0,0.0,True,12.0
2018-11-11,UT Tyler Patriots,54.0,away,0.0,0.0,False,-12.0
2018-11-11,Belmont Bruins,100.0,home,0.0,0.0,True,11.0
2018-11-11,Illinois State Redbirds,89.0,away,0.0,0.0,False,-11.0
2018-11-11,Boise State Broncos,70.0,home,0.0,0.0,False,-2.0
2018-11-11,Idaho State Bengals,72.0,away,0.0,0.0,True,2.0
2018-11-11,Houston Christian Huskies,75.0,home,0.0,0.0,True,3.0
2018-11-11,Fordham Rams,72.0,away,0.0,0.0,False,-3.0
2018-11-11,North Alabama Lions,72.0,home,0.0,0.0,True,13.0
2018-11-11,Blue Mountain Toppers,59.0,away,0.0,0.0,False,-13.0
2018-11-11,Purdue Boilermakers,84.0,home,0.0,0.0,True,9.0
2018-11-11,Ball State Cardinals,75.0,away,0.0,0.0,False,-9.0
2018-11-11,Saint Louis Billikens,62.0,home,0.0,0.0,True,4.0
2018-11-11,Troy Trojans,58.0,away,0.0,0.0,False,-4.0
2018-11-11,San José State Spartans,59.0,home,0.0,0.0,False,-7.0
2018-11-11,Southern Utah Thunderbirds,66.0,away,0.0,0.0,True,7.0
2018-11-11,North Texas Mean Green,78.0,home,0.0,0.0,True,5.0
2018-11-11,Portland Pilots,73.0,away,0.0,0.0,False,-5.0
2018-11-11,Grand Canyon Lopes,89.0,home,0.0,0.0,True,42.0
2018-11-11,Delaware State Hornets,47.0,away,0.0,0.0,False,-42.0
2018-11-11,UNLV Rebels,50.0,home,0.0,0.0,False,-11.0
2018-11-11,Loyola Marymount Lions,61.0,away,0.0,0.0,True,11.0
2018-11-11,Hawai'i Rainbow Warriors,90.0,home,0.0,0.0,True,36.0
2018-11-11,Humboldt State Lumberjacks,54.0,away,0.0,0.0,False,-36.0
2018-11-11,Portland State Vikings,71.0,home,0.0,0.0,True,7.0
2018-11-11,UC Riverside Highlanders,64.0,away,0.0,0.0,False,-7.0
2018-11-11,Gonzaga Bulldogs,104.0,home,0.0,0.0,True,37.0
2018-11-11,Texas Southern Tigers,67.0,away,0.0,0.0,False,-37.0
2018-11-15,Auburn Tigers,103.0,home,0.0,0.0,True,51.0
2018-11-15,Mississippi College Choctaws,52.0,away,0.0,0.0,False,-51.0
2018-11-15,The Citadel Bulldogs,137.0,home,0.0,0.0,True,77.0
2018-11-15,Johnson University Florida Suns,60.0,away,0.0,0.0,False,-77.0
2018-11-15,VMI Keydets,78.0,home,0.0,0.0,True,6.0
2018-11-15,South Carolina Upstate Spartans,72.0,away,0.0,0.0,False,-6.0
2018-11-15,Duke Blue Devils,84.0,home,0.0,0.0,True,38.0
2018-11-15,Eastern Michigan Eagles,46.0,away,0.0,0.0,False,-38.0
2018-11-15,Fairleigh Dickinson Knights,87.0,home,0.0,0.0,True,39.0
2018-11-15,Queens College NY Knights,48.0,away,0.0,0.0,False,-39.0
2018-11-15,Navy Midshipmen,77.0,home,0.0,0.0,True,19.0
2018-11-15,Coppin State Eagles,58.0,away,0.0,0.0,False,-19.0
2018-11-15,NJIT Highlanders,73.0,home,0.0,0.0,True,33.0
2018-11-15,Kean Cougars,40.0,away,0.0,0.0,False,-33.0
2018-11-14,Villanova Wildcats,46.0,home,0.0,0.0,False,-27.0
2018-11-14,Michigan Wolverines,73.0,away,0.0,0.0,True,27.0
2018-11-15,Drexel Dragons,118.0,home,0.0,0.0,True,77.0
2018-11-15,Bryn Athyn Lions,41.0,away,0.0,0.0,False,-77.0
2018-11-15,Marshall Thundering Herd,98.0,home,0.0,0.0,True,23.0
2018-11-15,Mount St. Mary's Mountaineers,75.0,away,0.0,0.0,False,-23.0
2018-11-15,Colgate Raiders,86.0,home,0.0,0.0,True,18.0
2018-11-15,Nazareth College Golden Flyers,68.0,away,0.0,0.0,False,-18.0
2018-11-14,Richmond Spiders,88.0,home,0.0,0.0,True,22.0
2018-11-14,St. Francis Brooklyn Terriers,66.0,away,0.0,0.0,False,-22.0
2018-11-15,Indiana State Sycamores,80.0,home,0.0,0.0,True,17.0
2018-11-15,McKendree Bearcats,63.0,away,0.0,0.0,False,-17.0
2018-11-15,Hofstra Pride,92.0,home,0.0,0.0,True,20.0
2018-11-15,North Carolina A&T Aggies,72.0,away,0.0,0.0,False,-20.0
2018-11-15,Notre Dame Fighting Irish,60.0,home,0.0,0.0,False,-3.0
2018-11-15,Radford Highlanders,63.0,away,0.0,0.0,True,3.0
2018-11-15,North Florida Ospreys,95.0,home,0.0,0.0,True,12.0
2018-11-15,Edward Waters Tigers,83.0,away,0.0,0.0,False,-12.0
2018-11-15,Wright State Raiders,84.0,home,0.0,0.0,True,10.0
2018-11-15,Toledo Rockets,74.0,away,0.0,0.0,False,-10.0
2018-11-15,Florida Gators,82.0,home,0.0,0.0,True,13.0
2018-11-15,La Salle Explorers,69.0,away,0.0,0.0,False,-13.0
2018-11-15,Bryant Bulldogs,71.0,home,0.0,0.0,True,8.0
2018-11-15,Saint Peter's Peacocks,63.0,away,0.0,0.0,False,-8.0
2018-11-15,Vermont Catamounts,122.0,home,0.0,0.0,True,66.0
2018-11-15,Vermont State - Lyndon Hornets,56.0,away,0.0,0.0,False,-66.0
2018-11-15,Robert Morris Colonials,104.0,home,0.0,0.0,True,47.0
2018-11-15,Mount Aloysius Mounties,57.0,away,0.0,0.0,False,-47.0
2018-11-15,Boston College Eagles,69.0,home,0.0,0.0,False,-7.0
2018-11-15,IU Indianapolis Jaguars,76.0,away,0.0,0.0,True,7.0
2018-11-15,Samford Bulldogs,66.0,home,0.0,0.0,True,9.0
2018-11-15,Miles Golden Bears,57.0,away,0.0,0.0,False,-9.0
2018-11-15,Nebraska Cornhuskers,80.0,home,0.0,0.0,True,23.0
2018-11-15,Seton Hall Pirates,57.0,away,0.0,0.0,False,-23.0
2018-11-15,UAlbany Great Danes,61.0,home,0.0,0.0,False,-10.0
2018-11-15,Boston University Terriers,71.0,away,0.0,0.0,True,10.0
2018-11-15,Clemson Tigers,74.0,home,0.0,0.0,True,15.0
2018-11-15,Sam Houston Bearkats,59.0,away,0.0,0.0,False,-15.0
2018-11-15,Michigan State Spartans,80.0,home,0.0,0.0,True,21.0
2018-11-15,UL Monroe Warhawks,59.0,away,0.0,0.0,False,-21.0
2018-11-15,UAB Blazers,75.0,home,0.0,0.0,True,7.0
2018-11-15,New Orleans Privateers,68.0,away,0.0,0.0,False,-7.0
2018-11-15,Alabama State Hornets,86.0,home,0.0,0.0,True,42.0
2018-11-15,Birmingham-Southern Panthers,44.0,away,0.0,0.0,False,-42.0
2018-11-15,UT Rio Grande Valley Vaqueros,70.0,home,0.0,0.0,True,13.0
2018-11-15,Prairie View A&M Panthers,57.0,away,0.0,0.0,False,-13.0
2018-11-15,Bradley Braves,74.0,home,0.0,0.0,True,9.0
2018-11-15,Jacksonville State Gamecocks,65.0,away,0.0,0.0,False,-9.0
2018-11-15,Western Illinois Leathernecks,95.0,home,0.0,0.0,True,39.0
2018-11-15,Dominican (IL) Dominican,56.0,away,0.0,0.0,False,-39.0
2018-11-15,North Texas Mean Green,102.0,home,0.0,0.0,True,49.0
2018-11-15,East Texas A&M Lions,53.0,away,0.0,0.0,False,-49.0
2018-11-15,Houston Cougars,79.0,home,0.0,0.0,True,11.0
2018-11-15,Rice Owls,68.0,away,0.0,0.0,False,-11.0
2018-11-15,Indiana Hoosiers,96.0,home,0.0,0.0,True,23.0
2018-11-15,Marquette Golden Eagles,73.0,away,0.0,0.0,False,-23.0
2018-11-15,Oklahoma State Cowboys,82.0,home,0.0,0.0,True,22.0
2018-11-15,UTSA Roadrunners,60.0,away,0.0,0.0,False,-22.0
2018-11-15,Arizona Wildcats,79.0,home,0.0,0.0,True,33.0
2018-11-15,UTEP Miners,46.0,away,0.0,0.0,False,-33.0
2018-11-15,SMU Mustangs,98.0,home,0.0,0.0,True,33.0
2018-11-15,Western Carolina Catamounts,65.0,away,0.0,0.0,False,-33.0
2018-11-15,Omaha Mavericks,66.0,home,0.0,0.0,False,-10.0
2018-11-15,Northern Arizona Lumberjacks,76.0,away,0.0,0.0,True,10.0
2018-11-15,Loyola Chicago Ramblers,75.0,home,0.0,0.0,True,13.0
2018-11-15,Niagara Purple Eagles,62.0,away,0.0,0.0,False,-13.0
2018-11-15,Kentucky Wildcats,96.0,home,0.0,0.0,True,38.0
2018-11-15,North Dakota Fighting Hawks,58.0,away,0.0,0.0,False,-38.0
2018-11-15,Colorado State Rams,81.0,home,0.0,0.0,True,4.0
2018-11-15,Montana State Bobcats,77.0,away,0.0,0.0,False,-4.0
2018-11-15,New Mexico State Aggies,58.0,home,0.0,0.0,False,-15.0
2018-11-15,Saint Mary's Gaels,73.0,away,0.0,0.0,True,15.0
2018-11-15,Wyoming Cowboys,86.0,home,0.0,0.0,True,8.0
2018-11-15,Grambling Tigers,78.0,away,0.0,0.0,False,-8.0
2018-11-15,Seattle U Redhawks,78.0,home,0.0,0.0,True,9.0
2018-11-15,Washington State Cougars,69.0,away,0.0,0.0,False,-9.0
2018-11-15,San Diego State Aztecs,103.0,home,0.0,0.0,True,39.0
2018-11-15,Texas Southern Tigers,64.0,away,0.0,0.0,False,-39.0
2018-11-15,USC Trojans,95.0,home,0.0,0.0,True,36.0
2018-11-15,Stetson Hatters,59.0,away,0.0,0.0,False,-36.0
2018-11-10,UCLA Bruins,91.0,home,0.0,0.0,True,11.0
2018-11-10,Long Beach State Beach,80.0,away,0.0,0.0,False,-11.0
2018-11-10,Auburn Tigers,88.0,home,0.0,0.0,True,22.0
2018-11-10,Washington Huskies,66.0,away,0.0,0.0,False,-22.0
2018-11-10,Nevada Wolf Pack,83.0,home,0.0,0.0,True,22.0
2018-11-10,Pacific Tigers,61.0,away,0.0,0.0,False,-22.0
2018-11-10,West Virginia Mountaineers,94.0,home,0.0,0.0,False,-5.0
2018-11-10,Buffalo Bulls,99.0,away,0.0,0.0,True,5.0
2018-11-10,Saint Francis Red Flash,80.0,home,0.0,0.0,True,20.0
2018-11-10,Morgan State Bears,60.0,away,0.0,0.0,False,-20.0
2018-11-10,Clemson Tigers,71.0,home,0.0,0.0,True,20.0
2018-11-10,North Carolina Central Eagles,51.0,away,0.0,0.0,False,-20.0
2018-11-09,Providence Friars,80.0,home,0.0,0.0,False,-3.0
2018-11-09,Wichita State Shockers,83.0,away,0.0,0.0,True,3.0
2018-11-09,Eastern Michigan Eagles,66.0,home,0.0,0.0,True,4.0
2018-11-09,Drexel Dragons,62.0,away,0.0,0.0,False,-4.0
2018-11-09,Middle Tennessee Blue Raiders,102.0,home,0.0,0.0,True,32.0
2018-11-09,Milligan Buffaloes,70.0,away,0.0,0.0,False,-32.0
2018-11-09,Green Bay Phoenix,74.0,home,0.0,0.0,False,-4.0
2018-11-09,Indiana State Sycamores,78.0,away,0.0,0.0,True,4.0
2018-11-10,Princeton Tigers,85.0,home,0.0,0.0,True,34.0
2018-11-10,DeSales Bulldogs,51.0,away,0.0,0.0,False,-34.0
2018-11-10,Kentucky Wildcats,71.0,home,0.0,0.0,True,12.0
2018-11-10,Southern Illinois Salukis,59.0,away,0.0,0.0,False,-12.0
2018-11-10,Elon Phoenix,67.0,home,0.0,0.0,False,-49.0
2018-11-10,North Carolina Tar Heels,116.0,away,0.0,0.0,True,49.0
2018-11-10,Mississippi State Bulldogs,95.0,home,0.0,0.0,True,28.0
2018-11-10,Austin Peay Governors,67.0,away,0.0,0.0,False,-28.0
2018-11-09,Cal State Bakersfield Roadrunners,111.0,home,0.0,0.0,True,36.0
2018-11-09,Antelope Valley,75.0,away,0.0,0.0,False,-36.0
2018-11-10,Virginia Tech Hokies,87.0,home,0.0,0.0,True,28.0
2018-11-10,Gardner-Webb Runnin' Bulldogs,59.0,away,0.0,0.0,False,-28.0
2018-11-10,LSU Tigers,97.0,home,0.0,0.0,True,6.0
2018-11-10,UNC Greensboro Spartans,91.0,away,0.0,0.0,False,-6.0
2018-11-10,Mercer Bears,105.0,home,0.0,0.0,True,53.0
2018-11-10,Piedmont Lions,52.0,away,0.0,0.0,False,-53.0
2018-11-09,St. John's Red Storm,84.0,home,0.0,0.0,True,4.0
2018-11-09,Bowling Green Falcons,80.0,away,0.0,0.0,False,-4.0
2018-11-09,Omaha Mavericks,94.0,home,0.0,0.0,True,36.0
2018-11-09,Buena Vista Beavers,58.0,away,0.0,0.0,False,-36.0
2018-11-10,Massachusetts Minutemen,104.0,home,0.0,0.0,True,29.0
2018-11-10,New Hampshire Wildcats,75.0,away,0.0,0.0,False,-29.0
2018-11-10,Central Michigan Chippewas,101.0,home,0.0,0.0,True,41.0
2018-11-10,Chicago State Cougars,60.0,away,0.0,0.0,False,-41.0
2018-11-10,Northern Illinois Huskies,85.0,home,0.0,0.0,False,-3.0
2018-11-10,Northern Kentucky Norse,88.0,away,0.0,0.0,True,3.0
2018-11-10,Boston University Terriers,72.0,home,0.0,0.0,False,-6.0
2018-11-10,Vermont Catamounts,78.0,away,0.0,0.0,True,6.0
2018-11-10,Colgate Raiders,87.0,home,0.0,0.0,True,13.0
2018-11-10,Monmouth Hawks,74.0,away,0.0,0.0,False,-13.0
2018-11-10,Florida Gators,76.0,home,0.0,0.0,True,30.0
2018-11-10,Charleston Southern Buccaneers,46.0,away,0.0,0.0,False,-30.0
2018-11-10,Florida International Panthers,117.0,home,0.0,0.0,True,70.0
2018-11-10,Johnson & Wales (FL) Johnson & Wales (Fl),47.0,away,0.0,0.0,False,-70.0
2018-11-10,Tennessee Volunteers,87.0,home,0.0,0.0,True,22.0
2018-11-10,Louisiana Ragin' Cajuns,65.0,away,0.0,0.0,False,-22.0
2018-11-10,Harvard Crimson,71.0,home,0.0,0.0,False,-10.0
2018-11-10,Northeastern Huskies,81.0,away,0.0,0.0,True,10.0
2018-11-10,George Mason Patriots,75.0,home,0.0,0.0,False,-3.0
2018-11-10,American University Eagles,78.0,away,0.0,0.0,True,3.0
2018-11-10,Temple Owls,83.0,home,0.0,0.0,True,16.0
2018-11-10,Detroit Mercy Titans,67.0,away,0.0,0.0,False,-16.0
2018-11-10,UNC Wilmington Seahawks,59.0,home,0.0,0.0,False,-13.0
2018-11-10,Stanford Cardinal,72.0,away,0.0,0.0,True,13.0
2018-11-10,VCU Rams,69.0,home,0.0,0.0,True,12.0
2018-11-10,Hampton Pirates,57.0,away,0.0,0.0,False,-12.0
2018-11-10,Miami Hurricanes,83.0,home,0.0,0.0,True,21.0
2018-11-10,Lehigh Mountain Hawks,62.0,away,0.0,0.0,False,-21.0
2018-11-10,Texas Longhorns,73.0,home,0.0,0.0,True,2.0
2018-11-10,Arkansas Razorbacks,71.0,away,0.0,0.0,False,-2.0
2018-11-10,Richmond Spiders,58.0,home,0.0,0.0,False,-5.0
2018-11-10,Longwood Lancers,63.0,away,0.0,0.0,True,5.0
2018-11-10,Oakland Golden Grizzlies,86.0,home,0.0,0.0,False,-1.0
2018-11-10,Toledo Rockets,87.0,away,0.0,0.0,True,1.0
2018-11-10,Davidson Wildcats,79.0,home,0.0,0.0,True,3.0
2018-11-10,Dartmouth Big Green,76.0,away,0.0,0.0,False,-3.0
2018-11-10,South Carolina Gamecocks,81.0,home,0.0,0.0,False,-2.0
2018-11-10,Stony Brook Seawolves,83.0,away,0.0,0.0,True,2.0
2018-11-10,Iowa State Cyclones,76.0,home,0.0,0.0,True,17.0
2018-11-10,Missouri Tigers,59.0,away,0.0,0.0,False,-17.0
2018-11-10,Rutgers Scarlet Knights,90.0,home,0.0,0.0,True,35.0
2018-11-10,Fairleigh Dickinson Knights,55.0,away,0.0,0.0,False,-35.0
2018-11-10,Pittsburgh Panthers,94.0,home,0.0,0.0,True,39.0
2018-11-10,VMI Keydets,55.0,away,0.0,0.0,False,-39.0
2018-11-10,Samford Bulldogs,92.0,home,0.0,0.0,True,20.0
2018-11-10,Jacksonville State Gamecocks,72.0,away,0.0,0.0,False,-20.0
2018-11-10,Saint Joseph's Hawks,79.0,home,0.0,0.0,True,15.0
2018-11-10,Old Dominion Monarchs,64.0,away,0.0,0.0,False,-15.0
2018-11-10,Long Island University Sharks,83.0,home,0.0,0.0,True,2.0
2018-11-10,Brown Bears,81.0,away,0.0,0.0,False,-2.0
2018-11-10,Hofstra Pride,79.0,home,0.0,0.0,True,18.0
2018-11-10,Mount St. Mary's Mountaineers,61.0,away,0.0,0.0,False,-18.0
2018-11-10,Georgia Tech Yellow Jackets,88.0,home,0.0,0.0,True,19.0
2018-11-10,Lamar Cardinals,69.0,away,0.0,0.0,False,-19.0
2018-11-10,Campbell Fighting Camels,75.0,home,0.0,0.0,False,-10.0
2018-11-10,Coastal Carolina Chanticleers,85.0,away,0.0,0.0,True,10.0
2018-11-10,Penn State Nittany Lions,87.0,home,0.0,0.0,True,15.0
2018-11-10,North Florida Ospreys,72.0,away,0.0,0.0,False,-15.0
2018-11-10,Oral Roberts Golden Eagles,79.0,home,0.0,0.0,True,17.0
2018-11-10,Southwestern (KS) Moundbuilders,62.0,away,0.0,0.0,False,-17.0
2018-11-10,Pennsylvania Quakers,92.0,home,0.0,0.0,True,16.0
2018-11-10,Rice Owls,76.0,away,0.0,0.0,False,-16.0
2018-11-10,SE Louisiana Lions,78.0,home,0.0,0.0,True,21.0
2018-11-10,William Carey Crusaders,57.0,away,0.0,0.0,False,-21.0
2018-11-10,Loyola Chicago Ramblers,58.0,home,0.0,0.0,False,-2.0
2018-11-10,Furman Paladins,60.0,away,0.0,0.0,True,2.0
2018-11-10,Incarnate Word Cardinals,63.0,home,0.0,0.0,True,14.0
2018-11-10,St. Francis (IL) Fighting Saints,49.0,away,0.0,0.0,False,-14.0
2018-11-10,Alcorn State Braves,79.0,home,0.0,0.0,True,24.0
2018-11-10,Blue Mountain Toppers,55.0,away,0.0,0.0,False,-24.0
2018-11-10,Texas A&M-Corpus Christi Islanders,113.0,home,0.0,0.0,True,30.0
2018-11-10,Our Lady Of The Lake Saints,83.0,away,0.0,0.0,False,-30.0
2018-11-10,East Carolina Pirates,72.0,home,0.0,0.0,False,-1.0
2018-11-10,James Madison Dukes,73.0,away,0.0,0.0,True,1.0
2018-11-10,Missouri State Bears,74.0,home,0.0,0.0,True,14.0
2018-11-10,Robert Morris Colonials,60.0,away,0.0,0.0,False,-14.0
2018-11-10,Binghamton Bearcats,57.0,home,0.0,0.0,False,-17.0
2018-11-10,NJIT Highlanders,74.0,away,0.0,0.0,True,17.0
2018-11-10,Texas State Bobcats,67.0,home,0.0,0.0,True,10.0
2018-11-10,Air Force Falcons,57.0,away,0.0,0.0,False,-10.0
2018-11-10,Iona Gaels,72.0,home,0.0,0.0,True,4.0
2018-11-10,UAlbany Great Danes,68.0,away,0.0,0.0,False,-4.0
2018-11-10,Kansas State Wildcats,56.0,home,0.0,0.0,True,15.0
2018-11-10,Kennesaw State Owls,41.0,away,0.0,0.0,False,-15.0
2018-11-10,UT Rio Grande Valley Vaqueros,76.0,home,0.0,0.0,False,-15.0
2018-11-10,Oklahoma Sooners,91.0,away,0.0,0.0,True,15.0
2018-11-10,Georgia Bulldogs,110.0,home,0.0,0.0,True,34.0
2018-11-10,Savannah State Tigers,76.0,away,0.0,0.0,False,-34.0
2018-11-10,Navy Midshipmen,57.0,home,0.0,0.0,False,-21.0
2018-11-10,Maryland Terrapins,78.0,away,0.0,0.0,True,21.0
2018-11-10,Abilene Christian Wildcats,94.0,home,0.0,0.0,True,21.0
2018-11-10,Arkansas State Red Wolves,73.0,away,0.0,0.0,False,-21.0
2018-11-10,Indiana Hoosiers,80.0,home,0.0,0.0,True,45.0
2018-11-10,Montana State Bobcats,35.0,away,0.0,0.0,False,-45.0
2018-11-10,Grambling Tigers,105.0,home,0.0,0.0,True,37.0
2018-11-10,Jarvis Christian Bulldogs,68.0,away,0.0,0.0,False,-37.0
2018-11-10,Radford Highlanders,88.0,home,0.0,0.0,True,10.0
2018-11-10,UIC Flames,78.0,away,0.0,0.0,False,-10.0
2018-11-10,Arizona State Sun Devils,80.0,home,0.0,0.0,True,28.0
2018-11-10,McNeese Cowboys,52.0,away,0.0,0.0,False,-28.0
2018-11-10,Utah State Aggies,100.0,home,0.0,0.0,True,27.0
2018-11-10,Hartford Hawks,73.0,away,0.0,0.0,False,-27.0
2018-11-10,Oregon Ducks,81.0,home,0.0,0.0,True,34.0
2018-11-10,Eastern Washington Eagles,47.0,away,0.0,0.0,False,-34.0
2018-11-10,Humboldt State Lumberjacks,48.0,home,0.0,0.0,False,-45.0
2018-11-10,North Texas Mean Green,93.0,away,0.0,0.0,True,45.0
2018-11-10,Texas Tech Red Raiders,84.0,home,0.0,0.0,True,32.0
2018-11-10,Mississippi Valley State Delta Devils,52.0,away,0.0,0.0,False,-32.0
2018-11-10,New Mexico State Aggies,96.0,home,0.0,0.0,True,27.0
2018-11-10,UTEP Miners,69.0,away,0.0,0.0,False,-27.0
2018-11-10,Montana Grizzlies,81.0,home,0.0,0.0,True,7.0
2018-11-10,Georgia State Panthers,74.0,away,0.0,0.0,False,-7.0
2018-11-10,Northern Colorado Bears,126.0,home,0.0,0.0,True,70.0
2018-11-10,Colorado College Tigers,56.0,away,0.0,0.0,False,-70.0
2018-11-10,Texas A&M Aggies,73.0,home,0.0,0.0,False,-1.0
2018-11-10,UC Irvine Anteaters,74.0,away,0.0,0.0,True,1.0
2018-11-10,Weber State Wildcats,123.0,home,0.0,0.0,True,70.0
2018-11-10,Bethesda University Flames,53.0,away,0.0,0.0,False,-70.0
2018-11-10,UC Davis Aggies,57.0,home,0.0,0.0,False,-19.0
2018-11-10,San Diego Toreros,76.0,away,0.0,0.0,True,19.0
2018-11-10,California Baptist Lancers,87.0,home,0.0,0.0,True,16.0
2018-11-10,San Diego Christian Hawks,71.0,away,0.0,0.0,False,-16.0
2018-11-10,Santa Clara Broncos,64.0,home,0.0,0.0,False,-17.0
2018-11-10,Prairie View A&M Panthers,81.0,away,0.0,0.0,True,17.0
2018-11-10,BYU Cougars,75.0,home,0.0,0.0,True,10.0
2018-11-10,Utah Valley Wolverines,65.0,away,0.0,0.0,False,-10.0
2018-11-10,California Golden Bears,59.0,home,0.0,0.0,False,-17.0
2018-11-10,Yale Bulldogs,76.0,away,0.0,0.0,True,17.0
2018-11-10,Sacramento State Hornets,76.0,home,0.0,0.0,True,24.0
2018-11-10,Simpson University (CA) Red Hawks,52.0,away,0.0,0.0,False,-24.0
2018-11-10,Hawai'i Rainbow Warriors,82.0,home,0.0,0.0,True,18.0
2018-11-10,Portland Pilots,64.0,away,0.0,0.0,False,-18.0
2018-11-15,App State Mountaineers,70.0,home,0.0,0.0,False,-22.0
2018-11-15,Purdue Boilermakers,92.0,away,0.0,0.0,True,22.0
2018-11-15,Presbyterian Blue Hose,102.0,home,0.0,0.0,True,53.0
2018-11-15,Boyce Bulldogs,49.0,away,0.0,0.0,False,-53.0
2018-11-16,Furman Paladins,107.0,home,0.0,0.0,True,40.0
2018-11-16,North Greenville Crusaders,67.0,away,0.0,0.0,False,-40.0
2018-11-16,Davidson Wildcats,57.0,home,0.0,0.0,True,4.0
2018-11-16,Wichita State Shockers,53.0,away,0.0,0.0,False,-4.0
2018-11-16,Bowling Green Falcons,75.0,home,0.0,0.0,True,15.0
2018-11-16,North Carolina Central Eagles,60.0,away,0.0,0.0,False,-15.0
2018-11-16,TCU Horned Frogs,77.0,home,0.0,0.0,True,8.0
2018-11-16,Fresno State Bulldogs,69.0,away,0.0,0.0,False,-8.0
2018-11-16,Gonzaga Bulldogs,94.0,home,0.0,0.0,True,23.0
2018-11-16,Texas A&M Aggies,71.0,away,0.0,0.0,False,-23.0
2018-11-16,Quinnipiac Bobcats,54.0,home,0.0,0.0,False,-14.0
2018-11-16,Hartford Hawks,68.0,away,0.0,0.0,True,14.0
2018-11-15,Central Michigan Chippewas,67.0,home,0.0,0.0,True,12.0
2018-11-15,Cal State Bakersfield Roadrunners,55.0,away,0.0,0.0,False,-12.0
2018-11-16,Tennessee State Tigers,92.0,home,0.0,0.0,True,35.0
2018-11-16,Carver College Cougars,57.0,away,0.0,0.0,False,-35.0
2018-11-15,Northeastern Huskies,68.0,home,0.0,0.0,True,16.0
2018-11-15,Alabama Crimson Tide,52.0,away,0.0,0.0,False,-16.0
2018-11-15,Western Kentucky Hilltoppers,83.0,home,0.0,0.0,True,12.0
2018-11-15,Valparaiso Beacons,71.0,away,0.0,0.0,False,-12.0
2018-11-16,Troy Trojans,66.0,home,0.0,0.0,False,-15.0
2018-11-16,Southern Miss Golden Eagles,81.0,away,0.0,0.0,True,15.0
2018-11-16,Bethune-Cookman Wildcats,97.0,home,0.0,0.0,True,50.0
2018-11-16,Johnson University Florida Suns,47.0,away,0.0,0.0,False,-50.0
2018-11-15,Virginia Tech Hokies,73.0,home,0.0,0.0,True,9.0
2018-11-15,Ball State Cardinals,64.0,away,0.0,0.0,False,-9.0
2018-11-16,Elon Phoenix,98.0,home,0.0,0.0,True,27.0
2018-11-16,Milligan Buffaloes,71.0,away,0.0,0.0,False,-27.0
2018-11-15,Cal State Fullerton Titans,52.0,home,0.0,0.0,False,-16.0
2018-11-15,UCF Knights,68.0,away,0.0,0.0,True,16.0
2018-11-15,Wake Forest Demon Deacons,69.0,home,0.0,0.0,False,-20.0
2018-11-15,Saint Joseph's Hawks,89.0,away,0.0,0.0,True,20.0
2018-11-16,Evansville Purple Aces,92.0,home,0.0,0.0,True,20.0
2018-11-16,Kentucky Wesleyan Panthers,72.0,away,0.0,0.0,False,-20.0
2018-11-16,Cornell Big Red,56.0,home,0.0,0.0,False,-17.0
2018-11-16,Delaware Blue Hens,73.0,away,0.0,0.0,True,17.0
2018-11-16,West Virginia Mountaineers,71.0,home,0.0,0.0,True,18.0
2018-11-16,Monmouth Hawks,53.0,away,0.0,0.0,False,-18.0
2018-11-16,Lipscomb Bisons,83.0,home,0.0,0.0,False,-4.0
2018-11-16,Belmont Bruins,87.0,away,0.0,0.0,True,4.0
2018-11-16,UIC Flames,100.0,home,0.0,0.0,True,5.0
2018-11-16,William & Mary Tribe,95.0,away,0.0,0.0,False,-5.0
2018-11-16,Utah Utes,98.0,home,0.0,0.0,True,35.0
2018-11-16,Mississippi Valley State Delta Devils,63.0,away,0.0,0.0,False,-35.0
2018-11-16,Denver Pioneers,61.0,home,0.0,0.0,False,-6.0
2018-11-16,Abilene Christian Wildcats,67.0,away,0.0,0.0,True,6.0
2018-11-16,Pittsburgh Panthers,97.0,home,0.0,0.0,True,26.0
2018-11-16,Central Arkansas Bears,71.0,away,0.0,0.0,False,-26.0
2018-11-16,UConn Huskies,83.0,home,0.0,0.0,True,7.0
2018-11-16,Syracuse Orange,76.0,away,0.0,0.0,False,-7.0
2018-11-16,San Diego Toreros,95.0,home,0.0,0.0,True,48.0
2018-11-16,San Diego Christian Hawks,47.0,away,0.0,0.0,False,-48.0
2018-11-16,Santa Clara Broncos,49.0,home,0.0,0.0,False,-12.0
2018-11-16,UC Irvine Anteaters,61.0,away,0.0,0.0,True,12.0
2018-11-16,BYU Cougars,85.0,home,0.0,0.0,True,20.0
2018-11-16,Oral Roberts Golden Eagles,65.0,away,0.0,0.0,False,-20.0
2018-11-16,DePaul Blue Demons,72.0,home,0.0,0.0,True,2.0
2018-11-16,Penn State Nittany Lions,70.0,away,0.0,0.0,False,-2.0
2018-11-16,Creighton Bluejays,60.0,home,0.0,0.0,False,-9.0
2018-11-16,Ohio State Buckeyes,69.0,away,0.0,0.0,True,9.0
2018-11-16,Weber State Wildcats,85.0,home,0.0,0.0,True,8.0
2018-11-16,San José State Spartans,77.0,away,0.0,0.0,False,-8.0
2018-11-16,Idaho State Bengals,76.0,home,0.0,0.0,False,-7.0
2018-11-16,Pacific Tigers,83.0,away,0.0,0.0,True,7.0
2018-11-16,Iowa Hawkeyes,77.0,home,0.0,0.0,True,8.0
2018-11-16,Oregon Ducks,69.0,away,0.0,0.0,False,-8.0
2018-11-06,St. John's Red Storm,76.0,home,0.0,0.0,True,21.0
2018-11-06,Loyola Maryland Greyhounds,55.0,away,0.0,0.0,False,-21.0
2018-11-07,UCLA Bruins,96.0,home,0.0,0.0,True,25.0
2018-11-07,Purdue Fort Wayne Mastodons,71.0,away,0.0,0.0,False,-25.0
2018-11-07,Tennessee Volunteers,86.0,home,0.0,0.0,True,45.0
2018-11-07,Lenoir-Rhyne Bears,41.0,away,0.0,0.0,False,-45.0
2018-11-07,Wofford Terriers,67.0,home,0.0,0.0,False,-11.0
2018-11-07,North Carolina Tar Heels,78.0,away,0.0,0.0,True,11.0
2018-11-07,Oregon Ducks,84.0,home,0.0,0.0,True,27.0
2018-11-07,Portland State Vikings,57.0,away,0.0,0.0,False,-27.0
2018-11-06,Seton Hall Pirates,89.0,home,0.0,0.0,True,40.0
2018-11-06,Wagner Seahawks,49.0,away,0.0,0.0,False,-40.0
2018-11-07,Gonzaga Bulldogs,120.0,home,0.0,0.0,True,41.0
2018-11-07,Idaho State Bengals,79.0,away,0.0,0.0,False,-41.0
2018-11-07,Auburn Tigers,101.0,home,0.0,0.0,True,43.0
2018-11-07,South Alabama Jaguars,58.0,away,0.0,0.0,False,-43.0
2018-11-06,Eastern Michigan Eagles,77.0,home,0.0,0.0,True,10.0
2018-11-06,Rochester University (MI) Warriors,67.0,away,0.0,0.0,False,-10.0
2018-11-07,Clemson Tigers,100.0,home,0.0,0.0,True,20.0
2018-11-07,The Citadel Bulldogs,80.0,away,0.0,0.0,False,-20.0
2018-11-07,Florida State Seminoles,81.0,home,0.0,0.0,True,21.0
2018-11-07,Florida Gators,60.0,away,0.0,0.0,False,-21.0
2018-11-07,Villanova Wildcats,100.0,home,0.0,0.0,True,23.0
2018-11-07,Morgan State Bears,77.0,away,0.0,0.0,False,-23.0
2018-11-06,Providence Friars,77.0,home,0.0,0.0,True,10.0
2018-11-06,Siena Saints,67.0,away,0.0,0.0,False,-10.0
2018-11-06,UCF Knights,84.0,home,0.0,0.0,True,14.0
2018-11-06,Rider Broncs,70.0,away,0.0,0.0,False,-14.0
2018-11-06,Green Bay Phoenix,110.0,home,0.0,0.0,True,56.0
2018-11-06,Wisconsin-Lutheran Warriors,54.0,away,0.0,0.0,False,-56.0
2018-11-07,Nevada Wolf Pack,86.0,home,0.0,0.0,True,16.0
2018-11-07,BYU Cougars,70.0,away,0.0,0.0,False,-16.0
2018-11-06,Buffalo Bulls,82.0,home,0.0,0.0,True,15.0
2018-11-06,Saint Francis Red Flash,67.0,away,0.0,0.0,False,-15.0
2018-11-07,Purdue Boilermakers,90.0,home,0.0,0.0,True,33.0
2018-11-07,Fairfield Stags,57.0,away,0.0,0.0,False,-33.0
2018-11-06,Morehead State Eagles,102.0,home,0.0,0.0,True,20.0
2018-11-06,Kentucky Christian Knights,82.0,away,0.0,0.0,False,-20.0
2018-11-07,LSU Tigers,94.0,home,0.0,0.0,True,31.0
2018-11-07,SE Louisiana Lions,63.0,away,0.0,0.0,False,-31.0
2018-11-07,VMI Keydets,89.0,home,0.0,0.0,True,33.0
2018-11-07,Washington College (MD) Shoremen,56.0,away,0.0,0.0,False,-33.0
2018-11-06,Indiana Hoosiers,104.0,home,0.0,0.0,True,49.0
2018-11-06,Chicago State Cougars,55.0,away,0.0,0.0,False,-49.0
2018-11-07,Northern Kentucky Norse,102.0,home,0.0,0.0,True,64.0
2018-11-07,Wilmington (OH) Fightin' Quakers,38.0,away,0.0,0.0,False,-64.0
2018-11-07,Central Michigan Chippewas,98.0,home,0.0,0.0,True,31.0
2018-11-07,Concordia-Ann Arbor Cardinals,67.0,away,0.0,0.0,False,-31.0
2018-11-07,Air Force Falcons,90.0,home,0.0,0.0,True,25.0
2018-11-07,Johnson & Wales (CO) Wildcats,65.0,away,0.0,0.0,False,-25.0
2018-11-07,New Hampshire Wildcats,108.0,home,0.0,0.0,True,54.0
2018-11-07,Rivier Raiders,54.0,away,0.0,0.0,False,-54.0
2018-11-07,Abilene Christian Wildcats,107.0,home,0.0,0.0,True,53.0
2018-11-07,Arlington Baptist Patriots,54.0,away,0.0,0.0,False,-53.0
2018-11-07,South Carolina State Bulldogs,99.0,home,0.0,0.0,True,48.0
2018-11-07,Brevard Tornados,51.0,away,0.0,0.0,False,-48.0
2018-11-07,Furman Paladins,102.0,home,0.0,0.0,True,54.0
2018-11-07,Bob Jones Bruins,48.0,away,0.0,0.0,False,-54.0
2018-11-07,Radford Highlanders,91.0,home,0.0,0.0,True,34.0
2018-11-07,Davis & Elkins Senators,57.0,away,0.0,0.0,False,-34.0
2018-11-07,App State Mountaineers,125.0,home,0.0,0.0,True,63.0
2018-11-07,Mars Hill Mountain Lions,62.0,away,0.0,0.0,False,-63.0
2018-11-07,Georgia State Panthers,74.0,home,0.0,0.0,True,6.0
2018-11-07,East Tennessee State Buccaneers,68.0,away,0.0,0.0,False,-6.0
2018-11-07,Long Island University Sharks,109.0,home,0.0,0.0,True,33.0
2018-11-07,College Of New Rochelle New Roch,76.0,away,0.0,0.0,False,-33.0
2018-11-07,Bowling Green Falcons,91.0,home,0.0,0.0,True,39.0
2018-11-07,Tiffin Dragons,52.0,away,0.0,0.0,False,-39.0
2018-11-07,Harvard Crimson,78.0,home,0.0,0.0,True,12.0
2018-11-07,MIT Engineers,66.0,away,0.0,0.0,False,-12.0
2018-11-07,Old Dominion Monarchs,67.0,home,0.0,0.0,True,23.0
2018-11-07,Navy Midshipmen,44.0,away,0.0,0.0,False,-23.0
2018-11-07,Longwood Lancers,84.0,home,0.0,0.0,True,28.0
2018-11-07,Randolph College Wildcats,56.0,away,0.0,0.0,False,-28.0
2018-11-07,Western Michigan Broncos,89.0,home,0.0,0.0,True,13.0
2018-11-07,Detroit Mercy Titans,76.0,away,0.0,0.0,False,-13.0
2018-11-07,Dartmouth Big Green,114.0,home,0.0,0.0,True,75.0
2018-11-07,Newbury College Wolves,39.0,away,0.0,0.0,False,-75.0
2018-11-07,Hampton Pirates,110.0,home,0.0,0.0,True,52.0
2018-11-07,Mid-Atlantic Christian Mustangs,58.0,away,0.0,0.0,False,-52.0
2018-11-07,Jacksonville Dolphins,50.0,home,0.0,0.0,False,-15.0
2018-11-07,Florida A&M Rattlers,65.0,away,0.0,0.0,True,15.0
2018-11-07,Illinois State Redbirds,74.0,home,0.0,0.0,True,8.0
2018-11-07,Florida Gulf Coast Eagles,66.0,away,0.0,0.0,False,-8.0
2018-11-07,Rhode Island Rams,97.0,home,0.0,0.0,True,34.0
2018-11-07,Bryant Bulldogs,63.0,away,0.0,0.0,False,-34.0
2018-11-07,Hartford Hawks,68.0,home,0.0,0.0,False,-7.0
2018-11-07,Central Connecticut Blue Devils,75.0,away,0.0,0.0,True,7.0
2018-11-07,George Washington Revolutionaries,74.0,home,0.0,0.0,False,-3.0
2018-11-07,Stony Brook Seawolves,77.0,away,0.0,0.0,True,3.0
2018-11-07,NJIT Highlanders,81.0,home,0.0,0.0,True,3.0
2018-11-07,Colgate Raiders,78.0,away,0.0,0.0,False,-3.0
2018-11-07,Charlotte 49ers,69.0,home,0.0,0.0,False,-11.0
2018-11-07,Chattanooga Mocs,80.0,away,0.0,0.0,True,11.0
2018-11-07,Ball State Cardinals,86.0,home,0.0,0.0,True,17.0
2018-11-07,Indiana State Sycamores,69.0,away,0.0,0.0,False,-17.0
2018-11-07,Army Black Knights,73.0,home,0.0,0.0,True,4.0
2018-11-07,Marist Red Foxes,69.0,away,0.0,0.0,False,-4.0
2018-11-07,George Mason Patriots,71.0,home,0.0,0.0,False,-1.0
2018-11-07,Pennsylvania Quakers,72.0,away,0.0,0.0,True,1.0
2018-11-07,Massachusetts Minutemen,83.0,home,0.0,0.0,True,8.0
2018-11-07,UMass Lowell River Hawks,75.0,away,0.0,0.0,False,-8.0
2018-11-07,Davidson Wildcats,83.0,home,0.0,0.0,True,20.0
2018-11-07,Cleveland State Vikings,63.0,away,0.0,0.0,False,-20.0
2018-11-07,South Florida Bulls,80.0,home,0.0,0.0,True,17.0
2018-11-07,Alabama A&M Bulldogs,63.0,away,0.0,0.0,False,-17.0
2018-11-07,Fordham Rams,106.0,home,0.0,0.0,True,48.0
2018-11-07,City College NY Beavers,58.0,away,0.0,0.0,False,-48.0
2018-11-07,Akron Zips,70.0,home,0.0,0.0,True,20.0
2018-11-07,Cedarville Yellow Jackets,50.0,away,0.0,0.0,False,-20.0
2018-11-07,Charleston Cougars,85.0,home,0.0,0.0,True,12.0
2018-11-07,Presbyterian Blue Hose,73.0,away,0.0,0.0,False,-12.0
2018-11-07,VCU Rams,69.0,home,0.0,0.0,True,12.0
2018-11-07,Gardner-Webb Runnin' Bulldogs,57.0,away,0.0,0.0,False,-12.0
2018-11-07,South Carolina Gamecocks,65.0,home,0.0,0.0,True,13.0
2018-11-07,South Carolina Upstate Spartans,52.0,away,0.0,0.0,False,-13.0
2018-11-07,James Madison Dukes,86.0,home,0.0,0.0,True,28.0
2018-11-07,Eastern Mennonite Royals,58.0,away,0.0,0.0,False,-28.0
2018-11-07,NC State Wolfpack,105.0,home,0.0,0.0,True,50.0
2018-11-07,Mount St. Mary's Mountaineers,55.0,away,0.0,0.0,False,-50.0
2018-11-07,Syracuse Orange,66.0,home,0.0,0.0,True,32.0
2018-11-07,Eastern Washington Eagles,34.0,away,0.0,0.0,False,-32.0
2018-11-07,Pittsburgh Panthers,69.0,home,0.0,0.0,True,16.0
2018-11-07,Youngstown State Penguins,53.0,away,0.0,0.0,False,-16.0
2018-11-07,Virginia Cavaliers,73.0,home,0.0,0.0,True,31.0
2018-11-07,Towson Tigers,42.0,away,0.0,0.0,False,-31.0
2018-11-07,Notre Dame Fighting Irish,84.0,home,0.0,0.0,True,17.0
2018-11-07,UIC Flames,67.0,away,0.0,0.0,False,-17.0
2018-11-07,Holy Cross Crusaders,93.0,home,0.0,0.0,True,12.0
2018-11-07,Sacred Heart Pioneers,81.0,away,0.0,0.0,False,-12.0
2018-11-07,Coastal Carolina Chanticleers,91.0,home,0.0,0.0,True,44.0
2018-11-07,Ferrum Panthers,47.0,away,0.0,0.0,False,-44.0
2018-11-07,Sam Houston Bearkats,85.0,home,0.0,0.0,True,21.0
2018-11-07,East Texas Baptist Tigers,64.0,away,0.0,0.0,False,-21.0
2018-11-07,Boston College Eagles,73.0,home,0.0,0.0,True,20.0
2018-11-07,Milwaukee Panthers,53.0,away,0.0,0.0,False,-20.0
2018-11-07,Kansas Jayhawks,92.0,home,0.0,0.0,True,5.0
2018-11-07,Michigan State Spartans,87.0,away,0.0,0.0,False,-5.0
2018-11-07,Middle Tennessee Blue Raiders,91.0,home,0.0,0.0,True,22.0
2018-11-07,Lees-McRae Bobcats,69.0,away,0.0,0.0,False,-22.0
2018-11-07,North Carolina A&T Aggies,66.0,home,0.0,0.0,False,-8.0
2018-11-07,UNC Greensboro Spartans,74.0,away,0.0,0.0,True,8.0
2018-11-07,Charleston Southern Buccaneers,100.0,home,0.0,0.0,True,32.0
2018-11-07,Columbia International Rams,68.0,away,0.0,0.0,False,-32.0
2018-11-07,Temple Owls,75.0,home,0.0,0.0,True,8.0
2018-11-07,La Salle Explorers,67.0,away,0.0,0.0,False,-8.0
2018-11-07,Maryland Terrapins,73.0,home,0.0,0.0,True,6.0
2018-11-07,Delaware Blue Hens,67.0,away,0.0,0.0,False,-6.0
2018-11-07,Stephen F. Austin Lumberjacks,83.0,home,0.0,0.0,True,12.0
2018-11-07,Texas Wesleyan Rams,71.0,away,0.0,0.0,False,-12.0
2018-11-07,Southern Miss Golden Eagles,111.0,home,0.0,0.0,True,45.0
2018-11-07,Southeastern Baptist College Chargers,66.0,away,0.0,0.0,False,-45.0
2018-11-07,Samford Bulldogs,91.0,home,0.0,0.0,True,17.0
2018-11-07,North Alabama Lions,74.0,away,0.0,0.0,False,-17.0
2018-11-07,Texas Tech Red Raiders,87.0,home,0.0,0.0,True,50.0
2018-11-07,Incarnate Word Cardinals,37.0,away,0.0,0.0,False,-50.0
2018-11-07,Campbell Fighting Camels,97.0,home,0.0,0.0,True,4.0
2018-11-07,UNC Wilmington Seahawks,93.0,away,0.0,0.0,False,-4.0
2018-11-07,East Carolina Pirates,81.0,home,0.0,0.0,True,25.0
2018-11-07,Delaware State Hornets,56.0,away,0.0,0.0,False,-25.0
2018-11-07,Troy Trojans,95.0,home,0.0,0.0,True,35.0
2018-11-07,Fort Valley State Wildcats,60.0,away,0.0,0.0,False,-35.0
2018-11-07,Loyola Marymount Lions,75.0,home,0.0,0.0,True,32.0
2018-11-07,Westcliff Warriors,43.0,away,0.0,0.0,False,-32.0
2018-11-07,Rice Owls,80.0,home,0.0,0.0,True,16.0
2018-11-07,Saint Leo Monarchs,64.0,away,0.0,0.0,False,-16.0
2018-11-07,North Texas Mean Green,89.0,home,0.0,0.0,True,34.0
2018-11-07,Angelo State Rams,55.0,away,0.0,0.0,False,-34.0
2018-11-07,Nicholls Colonels,86.0,home,0.0,0.0,True,28.0
2018-11-07,Mississippi College Choctaws,58.0,away,0.0,0.0,False,-28.0
2018-11-07,Missouri State Bears,84.0,home,0.0,0.0,True,34.0
2018-11-07,Oral Roberts Golden Eagles,50.0,away,0.0,0.0,False,-34.0
2018-11-07,Northern Iowa Panthers,97.0,home,0.0,0.0,True,46.0
2018-11-07,Bemidji State Beavers,51.0,away,0.0,0.0,False,-46.0
2018-11-07,UAB Blazers,75.0,home,0.0,0.0,True,8.0
2018-11-07,Mercer Bears,67.0,away,0.0,0.0,False,-8.0
2018-11-07,Austin Peay Governors,114.0,home,0.0,0.0,True,61.0
2018-11-07,Oakland City Mighty Oaks,53.0,away,0.0,0.0,False,-61.0
2018-11-07,Lamar Cardinals,79.0,home,0.0,0.0,True,20.0
2018-11-07,Huston-Tillotson Rams,59.0,away,0.0,0.0,False,-20.0
2018-11-07,North Dakota Fighting Hawks,104.0,home,0.0,0.0,True,56.0
2018-11-07,Northland Lumberjacks,48.0,away,0.0,0.0,False,-56.0
2018-11-07,Valparaiso Beacons,121.0,home,0.0,0.0,True,56.0
2018-11-07,Concordia-Chicago Cougars,65.0,away,0.0,0.0,False,-56.0
2018-11-07,Arizona State Sun Devils,102.0,home,0.0,0.0,True,8.0
2018-11-07,Cal State Fullerton Titans,94.0,away,0.0,0.0,False,-8.0
2018-11-07,UT Rio Grande Valley Vaqueros,91.0,home,0.0,0.0,True,7.0
2018-11-07,East Texas A&M Lions,84.0,away,0.0,0.0,False,-7.0
2018-11-07,Northern Illinois Huskies,93.0,home,0.0,0.0,True,39.0
2018-11-07,Rockford Regents,54.0,away,0.0,0.0,False,-39.0
2018-11-07,UT Arlington Mavericks,90.0,home,0.0,0.0,True,24.0
2018-11-07,UT Tyler Patriots,66.0,away,0.0,0.0,False,-24.0
2018-11-07,Jackson State Tigers,66.0,home,0.0,0.0,False,-9.0
2018-11-07,UL Monroe Warhawks,75.0,away,0.0,0.0,True,9.0
2018-11-07,Binghamton Bearcats,75.0,home,0.0,0.0,False,-11.0
2018-11-07,Cornell Big Red,86.0,away,0.0,0.0,True,11.0
2018-11-07,South Dakota State Jackrabbits,79.0,home,0.0,0.0,True,5.0
2018-11-07,Grand Canyon Lopes,74.0,away,0.0,0.0,False,-5.0
2018-11-07,Saint Louis Billikens,75.0,home,0.0,0.0,True,10.0
2018-11-07,Southeast Missouri State Redhawks,65.0,away,0.0,0.0,False,-10.0
2018-11-07,Wichita State Shockers,58.0,home,0.0,0.0,False,-13.0
2018-11-07,Louisiana Tech Bulldogs,71.0,away,0.0,0.0,True,13.0
2018-11-07,Tulsa Golden Hurricane,73.0,home,0.0,0.0,True,17.0
2018-11-07,Alcorn State Braves,56.0,away,0.0,0.0,False,-17.0
2018-11-07,Memphis Tigers,76.0,home,0.0,0.0,True,15.0
2018-11-07,Tennessee Tech Golden Eagles,61.0,away,0.0,0.0,False,-15.0
2018-11-07,Northeastern Huskies,74.0,home,0.0,0.0,False,-3.0
2018-11-07,Boston University Terriers,77.0,away,0.0,0.0,True,3.0
2018-11-07,Texas Longhorns,71.0,home,0.0,0.0,True,12.0
2018-11-07,Eastern Illinois Panthers,59.0,away,0.0,0.0,False,-12.0
2018-11-07,Iowa State Cyclones,79.0,home,0.0,0.0,True,26.0
2018-11-07,Alabama State Hornets,53.0,away,0.0,0.0,False,-26.0
2018-11-07,SIU Edwardsville Cougars,65.0,home,0.0,0.0,False,-9.0
2018-11-07,Pacific Tigers,74.0,away,0.0,0.0,True,9.0
2018-11-07,Alabama Crimson Tide,82.0,home,0.0,0.0,True,20.0
2018-11-07,Southern Jaguars,62.0,away,0.0,0.0,False,-20.0
2018-11-07,Missouri Tigers,68.0,home,0.0,0.0,True,13.0
2018-11-07,Central Arkansas Bears,55.0,away,0.0,0.0,False,-13.0
2018-11-07,Louisiana Ragin' Cajuns,121.0,home,0.0,0.0,True,41.0
2018-11-07,University Of The Virgin Islands VIRGIN ISLANDS,80.0,away,0.0,0.0,False,-41.0
2018-11-07,UT Martin Skyhawks,91.0,home,0.0,0.0,True,33.0
2018-11-07,Cumberland (TN) Phoenix,58.0,away,0.0,0.0,False,-33.0
2018-11-07,Monmouth Hawks,61.0,home,0.0,0.0,False,-24.0
2018-11-07,Lehigh Mountain Hawks,85.0,away,0.0,0.0,True,24.0
2018-11-07,Manhattan Jaspers,56.0,home,0.0,0.0,False,-6.0
2018-11-07,Elon Phoenix,62.0,away,0.0,0.0,True,6.0
2018-11-07,Wisconsin Badgers,85.0,home,0.0,0.0,True,22.0
2018-11-07,Coppin State Eagles,63.0,away,0.0,0.0,False,-22.0
2018-11-07,Minnesota Golden Gophers,104.0,home,0.0,0.0,True,28.0
2018-11-07,Omaha Mavericks,76.0,away,0.0,0.0,False,-28.0
2018-11-07,Nebraska Cornhuskers,106.0,home,0.0,0.0,True,69.0
2018-11-07,Mississippi Valley State Delta Devils,37.0,away,0.0,0.0,False,-69.0
2018-11-07,Lipscomb Bisons,97.0,home,0.0,0.0,True,44.0
2018-11-07,Sewanee Tigers,53.0,away,0.0,0.0,False,-44.0
2018-11-07,Southern Utah Thunderbirds,109.0,home,0.0,0.0,True,46.0
2018-11-07,West Coast Baptist Eagles,63.0,away,0.0,0.0,False,-46.0
2018-11-07,Georgetown Hoyas,68.0,home,0.0,0.0,True,15.0
2018-11-07,Maryland Eastern Shore Hawks,53.0,away,0.0,0.0,False,-15.0
2018-11-07,Xavier Musketeers,82.0,home,0.0,0.0,True,13.0
2018-11-07,IU Indianapolis Jaguars,69.0,away,0.0,0.0,False,-13.0
2018-11-07,Creighton Bluejays,78.0,home,0.0,0.0,True,11.0
2018-11-07,Western Illinois Leathernecks,67.0,away,0.0,0.0,False,-11.0
2018-11-07,Michigan Wolverines,63.0,home,0.0,0.0,True,19.0
2018-11-07,Norfolk State Spartans,44.0,away,0.0,0.0,False,-19.0
2018-11-07,New Orleans Privateers,95.0,home,0.0,0.0,True,29.0
2018-11-07,Spring Hill Badgers,66.0,away,0.0,0.0,False,-29.0
2018-11-07,UTEP Miners,90.0,home,0.0,0.0,True,27.0
2018-11-07,Texas Permian Basin Falcons,63.0,away,0.0,0.0,False,-27.0
2018-11-07,Northwestern State Demons,102.0,home,0.0,0.0,True,40.0
2018-11-07,Centenary (LA) Gentlemen,62.0,away,0.0,0.0,False,-40.0
2018-11-07,Oregon State Beavers,72.0,home,0.0,0.0,True,13.0
2018-11-07,UC Riverside Highlanders,59.0,away,0.0,0.0,False,-13.0
2018-11-07,Montana State Bobcats,71.0,home,0.0,0.0,False,-30.0
2018-11-07,Utah State Aggies,101.0,away,0.0,0.0,True,30.0
2018-11-07,Loyola Chicago Ramblers,76.0,home,0.0,0.0,True,31.0
2018-11-07,Kansas City Roos,45.0,away,0.0,0.0,False,-31.0
2018-11-07,Denver Pioneers,63.0,home,0.0,0.0,True,13.0
2018-11-07,Maine Black Bears,50.0,away,0.0,0.0,False,-13.0
2018-11-07,Baylor Bears,69.0,home,0.0,0.0,False,-3.0
2018-11-07,Texas Southern Tigers,72.0,away,0.0,0.0,True,3.0
2018-11-07,Utah Valley Wolverines,96.0,home,0.0,0.0,True,25.0
2018-11-07,Westminster (UT) Griffins,71.0,away,0.0,0.0,False,-25.0
2018-11-07,San Diego State Aztecs,76.0,home,0.0,0.0,True,16.0
2018-11-07,Arkansas-Pine Bluff Golden Lions,60.0,away,0.0,0.0,False,-16.0
2018-11-07,Vanderbilt Commodores,92.0,home,0.0,0.0,True,13.0
2018-11-07,Winthrop Eagles,79.0,away,0.0,0.0,False,-13.0
2018-11-07,Marquette Golden Eagles,67.0,home,0.0,0.0,True,25.0
2018-11-07,UMBC Retrievers,42.0,away,0.0,0.0,False,-25.0
2018-11-07,New Mexico State Aggies,73.0,home,0.0,0.0,True,17.0
2018-11-07,North Dakota State Bison,56.0,away,0.0,0.0,False,-17.0
2018-11-07,Stanford Cardinal,96.0,home,0.0,0.0,True,22.0
2018-11-07,Seattle U Redhawks,74.0,away,0.0,0.0,False,-22.0
2018-11-07,Fresno State Bulldogs,91.0,home,0.0,0.0,True,28.0
2018-11-07,Alaska Anchorage Seawolves,63.0,away,0.0,0.0,False,-28.0
2018-11-07,UC Irvine Anteaters,86.0,home,0.0,0.0,True,18.0
2018-11-07,Idaho Vandals,68.0,away,0.0,0.0,False,-18.0
2018-11-07,Wyoming Cowboys,66.0,home,0.0,0.0,False,-10.0
2018-11-07,UC Santa Barbara Gauchos,76.0,away,0.0,0.0,True,10.0
2018-11-07,San Diego Toreros,83.0,home,0.0,0.0,True,17.0
2018-11-07,Weber State Wildcats,66.0,away,0.0,0.0,False,-17.0
2018-11-07,Cal State Northridge Matadors,84.0,home,0.0,0.0,False,-3.0
2018-11-07,New Mexico Lobos,87.0,away,0.0,0.0,True,3.0
2018-11-07,UC Davis Aggies,42.0,home,0.0,0.0,False,-34.0
2018-11-07,San Francisco Dons,76.0,away,0.0,0.0,True,34.0
2018-11-07,Portland Pilots,111.0,home,0.0,0.0,True,8.0
2018-11-07,Multnomah University Lions,103.0,away,0.0,0.0,False,-8.0
2018-11-07,Kentucky Wildcats,84.0,home,0.0,0.0,False,-34.0
2018-11-07,Duke Blue Devils,118.0,away,0.0,0.0,True,34.0
2018-11-07,Washington Huskies,73.0,home,0.0,0.0,True,18.0
2018-11-07,Western Kentucky Hilltoppers,55.0,away,0.0,0.0,False,-18.0
2018-11-07,USC Trojans,83.0,home,0.0,0.0,True,21.0
2018-11-07,Robert Morris Colonials,62.0,away,0.0,0.0,False,-21.0
2018-11-18,Incarnate Word Cardinals,68.0,home,0.0,0.0,False,-3.0
2018-11-18,Florida Atlantic Owls,71.0,away,0.0,0.0,True,3.0
2018-11-18,App State Mountaineers,86.0,home,0.0,0.0,False,-8.0
2018-11-18,Ball State Cardinals,94.0,away,0.0,0.0,True,8.0
2018-11-18,Ohio State Buckeyes,89.0,home,0.0,0.0,True,28.0
2018-11-18,South Carolina State Bulldogs,61.0,away,0.0,0.0,False,-28.0
2018-11-18,UNC Wilmington Seahawks,113.0,home,0.0,0.0,True,39.0
2018-11-18,Allen University Yellow Jackets,74.0,away,0.0,0.0,False,-39.0
2018-11-18,Navy Midshipmen,83.0,home,0.0,0.0,True,4.0
2018-11-18,Bryant Bulldogs,79.0,away,0.0,0.0,False,-4.0
2018-11-18,Oklahoma Sooners,75.0,home,0.0,0.0,True,11.0
2018-11-18,Wofford Terriers,64.0,away,0.0,0.0,False,-11.0
2018-11-18,North Dakota State Bison,76.0,home,0.0,0.0,True,25.0
2018-11-18,Towson Tigers,51.0,away,0.0,0.0,False,-25.0
2018-11-18,Sacred Heart Pioneers,90.0,home,0.0,0.0,False,-4.0
2018-11-18,UMass Lowell River Hawks,94.0,away,0.0,0.0,True,4.0
2018-11-18,Lafayette Leopards,72.0,home,0.0,0.0,False,-12.0
2018-11-18,St. Francis Brooklyn Terriers,84.0,away,0.0,0.0,True,12.0
2018-11-18,North Carolina Central Eagles,123.0,home,0.0,0.0,True,66.0
2018-11-18,Warren Wilson Owls,57.0,away,0.0,0.0,False,-66.0
2018-11-18,Holy Cross Crusaders,57.0,home,0.0,0.0,True,12.0
2018-11-18,Siena Saints,45.0,away,0.0,0.0,False,-12.0
2018-11-18,Monmouth Hawks,63.0,home,0.0,0.0,False,-24.0
2018-11-18,Cal State Fullerton Titans,87.0,away,0.0,0.0,True,24.0
2018-11-18,Providence Friars,47.0,home,0.0,0.0,False,-19.0
2018-11-18,Michigan Wolverines,66.0,away,0.0,0.0,True,19.0
2018-11-18,Valparaiso Beacons,63.0,home,0.0,0.0,False,-6.0
2018-11-18,Wake Forest Demon Deacons,69.0,away,0.0,0.0,True,6.0
2018-11-18,Florida International Panthers,102.0,home,0.0,0.0,True,9.0
2018-11-18,Youngstown State Penguins,93.0,away,0.0,0.0,False,-9.0
2018-11-18,Delaware Blue Hens,70.0,home,0.0,0.0,True,30.0
2018-11-18,Wilmington (DE) Wildcats,40.0,away,0.0,0.0,False,-30.0
2018-11-18,Georgetown Hoyas,76.0,home,0.0,0.0,True,3.0
2018-11-18,South Florida Bulls,73.0,away,0.0,0.0,False,-3.0
2018-11-18,Evansville Purple Aces,85.0,home,0.0,0.0,True,22.0
2018-11-18,Texas Southern Tigers,63.0,away,0.0,0.0,False,-22.0
2018-11-18,UT Arlington Mavericks,68.0,home,0.0,0.0,True,9.0
2018-11-18,UC Davis Aggies,59.0,away,0.0,0.0,False,-9.0
2018-11-18,Wichita State Shockers,86.0,home,0.0,0.0,False,-4.0
2018-11-18,Alabama Crimson Tide,90.0,away,0.0,0.0,True,4.0
2018-11-18,Austin Peay Governors,72.0,home,0.0,0.0,False,-6.0
2018-11-18,Campbell Fighting Camels,78.0,away,0.0,0.0,True,6.0
2018-11-18,South Dakota Coyotes,62.0,home,0.0,0.0,False,-3.0
2018-11-18,Air Force Falcons,65.0,away,0.0,0.0,True,3.0
2018-11-18,Manhattan Jaspers,54.0,home,0.0,0.0,True,16.0
2018-11-18,UNC Asheville Bulldogs,38.0,away,0.0,0.0,False,-16.0
2018-11-18,Troy Trojans,82.0,home,0.0,0.0,True,5.0
2018-11-18,Central Arkansas Bears,77.0,away,0.0,0.0,False,-5.0
2018-11-18,Arkansas Razorbacks,73.0,home,0.0,0.0,True,1.0
2018-11-18,Indiana Hoosiers,72.0,away,0.0,0.0,False,-1.0
2018-11-18,South Carolina Gamecocks,90.0,home,0.0,0.0,True,35.0
2018-11-18,George Washington Revolutionaries,55.0,away,0.0,0.0,False,-35.0
2018-11-18,Maryland Terrapins,92.0,home,0.0,0.0,True,15.0
2018-11-18,Mount St. Mary's Mountaineers,77.0,away,0.0,0.0,False,-15.0
2018-11-18,West Virginia Mountaineers,97.0,home,0.0,0.0,True,7.0
2018-11-18,Saint Joseph's Hawks,90.0,away,0.0,0.0,False,-7.0
2018-11-18,UAB Blazers,77.0,home,0.0,0.0,True,30.0
2018-11-18,West Alabama Tigers,47.0,away,0.0,0.0,False,-30.0
2018-11-18,Oklahoma State Cowboys,70.0,home,0.0,0.0,True,12.0
2018-11-18,Charleston Cougars,58.0,away,0.0,0.0,False,-12.0
2018-11-18,Miami (OH) RedHawks,80.0,home,0.0,0.0,False,-6.0
2018-11-18,Pepperdine Waves,86.0,away,0.0,0.0,True,6.0
2018-11-18,San José State Spartans,74.0,home,0.0,0.0,False,-2.0
2018-11-18,Central Michigan Chippewas,76.0,away,0.0,0.0,True,2.0
2018-11-18,Idaho Vandals,87.0,home,0.0,0.0,True,28.0
2018-11-18,Bethesda University Flames,59.0,away,0.0,0.0,False,-28.0
2018-11-18,Missouri Tigers,69.0,home,0.0,0.0,True,6.0
2018-11-18,Oregon State Beavers,63.0,away,0.0,0.0,False,-6.0
2018-11-18,Seattle U Redhawks,70.0,home,0.0,0.0,False,-3.0
2018-11-18,Southern Utah Thunderbirds,73.0,away,0.0,0.0,True,3.0
2018-11-18,Kent State Golden Flashes,79.0,home,0.0,0.0,True,31.0
2018-11-18,Alcorn State Braves,48.0,away,0.0,0.0,False,-31.0
2018-11-18,Cleveland State Vikings,60.0,home,0.0,0.0,False,-13.0
2018-11-18,Samford Bulldogs,73.0,away,0.0,0.0,True,13.0
2018-11-18,Brown Bears,86.0,home,0.0,0.0,True,20.0
2018-11-18,Army Black Knights,66.0,away,0.0,0.0,False,-20.0
2018-11-18,Chattanooga Mocs,66.0,home,0.0,0.0,False,-8.0
2018-11-18,Jacksonville Dolphins,74.0,away,0.0,0.0,True,8.0
2018-11-18,Fordham Rams,70.0,home,0.0,0.0,True,1.0
2018-11-18,Columbia Lions,69.0,away,0.0,0.0,False,-1.0
2018-11-18,Davidson Wildcats,71.0,home,0.0,0.0,True,12.0
2018-11-18,Northeastern Huskies,59.0,away,0.0,0.0,False,-12.0
2018-11-18,Michigan State Spartans,101.0,home,0.0,0.0,True,68.0
2018-11-18,Tennessee Tech Golden Eagles,33.0,away,0.0,0.0,False,-68.0
2018-11-18,Loyola Marymount Lions,65.0,home,0.0,0.0,True,9.0
2018-11-18,Ohio Bobcats,56.0,away,0.0,0.0,False,-9.0
2018-11-18,Kentucky Wildcats,92.0,home,0.0,0.0,True,10.0
2018-11-18,VMI Keydets,82.0,away,0.0,0.0,False,-10.0
2018-11-19,Washington Huskies,82.0,home,0.0,0.0,True,14.0
2018-11-19,Santa Clara Broncos,68.0,away,0.0,0.0,False,-14.0
2018-11-19,Hawai'i Rainbow Warriors,85.0,home,0.0,0.0,True,17.0
2018-11-19,Northern Arizona Lumberjacks,68.0,away,0.0,0.0,False,-17.0
2018-11-19,Texas A&M Aggies,64.0,home,0.0,0.0,False,-5.0
2018-11-19,Minnesota Golden Gophers,69.0,away,0.0,0.0,True,5.0
2018-11-19,Cal State Bakersfield Roadrunners,68.0,home,0.0,0.0,True,1.0
2018-11-19,Weber State Wildcats,67.0,away,0.0,0.0,False,-1.0
2018-11-19,Montana Grizzlies,77.0,home,0.0,0.0,False,-3.0
2018-11-19,Georgia Southern Eagles,80.0,away,0.0,0.0,True,3.0
2018-11-19,Florida A&M Rattlers,75.0,home,0.0,0.0,False,-14.0
2018-11-19,Central Connecticut Blue Devils,89.0,away,0.0,0.0,True,14.0
2018-11-19,San Francisco Dons,84.0,home,0.0,0.0,True,32.0
2018-11-19,LIU Brooklyn Liu Brooklyn,52.0,away,0.0,0.0,False,-32.0
2018-11-19,Purdue Boilermakers,83.0,home,0.0,0.0,False,-6.0
2018-11-19,Virginia Tech Hokies,89.0,away,0.0,0.0,True,6.0
2018-11-18,Western Kentucky Hilltoppers,62.0,home,0.0,0.0,False,-16.0
2018-11-18,UCF Knights,78.0,away,0.0,0.0,True,16.0
2018-11-18,Northern Kentucky Norse,89.0,home,0.0,0.0,True,6.0
2018-11-18,Coastal Carolina Chanticleers,83.0,away,0.0,0.0,False,-6.0
2018-11-19,Kansas State Wildcats,64.0,home,0.0,0.0,True,16.0
2018-11-19,Pennsylvania Quakers,48.0,away,0.0,0.0,False,-16.0
2018-11-16,Miami (OH) RedHawks,89.0,home,0.0,0.0,True,11.0
2018-11-16,North Dakota State Bison,78.0,away,0.0,0.0,False,-11.0
2018-11-16,Campbell Fighting Camels,66.0,home,0.0,0.0,True,7.0
2018-11-16,Florida A&M Rattlers,59.0,away,0.0,0.0,False,-7.0
2018-11-16,Coastal Carolina Chanticleers,53.0,home,0.0,0.0,False,-2.0
2018-11-16,Manhattan Jaspers,55.0,away,0.0,0.0,True,2.0
2018-11-16,Old Dominion Monarchs,56.0,home,0.0,0.0,False,-5.0
2018-11-16,Oregon State Beavers,61.0,away,0.0,0.0,True,5.0
2018-11-16,South Florida Bulls,73.0,home,0.0,0.0,True,27.0
2018-11-16,Ohio Bobcats,46.0,away,0.0,0.0,False,-27.0
2018-11-16,Central Connecticut Blue Devils,78.0,home,0.0,0.0,False,-2.0
2018-11-16,Austin Peay Governors,80.0,away,0.0,0.0,True,2.0
2018-11-16,UMBC Retrievers,77.0,home,0.0,0.0,True,5.0
2018-11-16,Air Force Falcons,72.0,away,0.0,0.0,False,-5.0
2018-11-17,Kansas Jayhawks,89.0,home,0.0,0.0,True,13.0
2018-11-17,Louisiana Ragin' Cajuns,76.0,away,0.0,0.0,False,-13.0
2018-11-17,LSU Tigers,74.0,home,0.0,0.0,True,7.0
2018-11-17,Louisiana Tech Bulldogs,67.0,away,0.0,0.0,False,-7.0
2018-11-16,Tulsa Golden Hurricane,82.0,home,0.0,0.0,True,3.0
2018-11-16,California Baptist Lancers,79.0,away,0.0,0.0,False,-3.0
2018-11-16,Cal State Fullerton Titans,59.0,home,0.0,0.0,False,-7.0
2018-11-16,Wake Forest Demon Deacons,66.0,away,0.0,0.0,True,7.0
2018-11-16,Montana Grizzlies,93.0,home,0.0,0.0,True,27.0
2018-11-16,Incarnate Word Cardinals,66.0,away,0.0,0.0,False,-27.0
2018-11-16,Northeastern Huskies,60.0,home,0.0,0.0,False,-28.0
2018-11-16,Virginia Tech Hokies,88.0,away,0.0,0.0,True,28.0
2018-11-16,Missouri Tigers,55.0,home,0.0,0.0,True,3.0
2018-11-16,Kennesaw State Owls,52.0,away,0.0,0.0,False,-3.0
2018-11-16,UCF Knights,77.0,home,0.0,0.0,True,20.0
2018-11-16,Saint Joseph's Hawks,57.0,away,0.0,0.0,False,-20.0
2018-11-16,Baylor Bears,81.0,home,0.0,0.0,True,27.0
2018-11-16,Nicholls Colonels,54.0,away,0.0,0.0,False,-27.0
2018-11-16,Army Black Knights,78.0,home,0.0,0.0,False,-1.0
2018-11-16,Sacred Heart Pioneers,79.0,away,0.0,0.0,True,1.0
2018-11-16,Wichita State Shockers,82.0,home,0.0,0.0,True,6.0
2018-11-16,App State Mountaineers,76.0,away,0.0,0.0,False,-6.0
2018-11-16,Oregon Ducks,80.0,home,0.0,0.0,True,15.0
2018-11-16,Syracuse Orange,65.0,away,0.0,0.0,False,-15.0
2018-11-16,Alabama Crimson Tide,79.0,home,0.0,0.0,True,18.0
2018-11-16,Ball State Cardinals,61.0,away,0.0,0.0,False,-18.0
2018-11-16,Jacksonville Dolphins,71.0,home,0.0,0.0,False,-6.0
2018-11-16,Southeast Missouri State Redhawks,77.0,away,0.0,0.0,True,6.0
2018-11-16,Georgia Southern Eagles,80.0,home,0.0,0.0,True,10.0
2018-11-16,Florida Atlantic Owls,70.0,away,0.0,0.0,False,-10.0
2018-11-16,Holy Cross Crusaders,84.0,home,0.0,0.0,True,14.0
2018-11-16,Stony Brook Seawolves,70.0,away,0.0,0.0,False,-14.0
2018-11-16,South Dakota Coyotes,56.0,home,0.0,0.0,False,-4.0
2018-11-16,High Point Panthers,60.0,away,0.0,0.0,True,4.0
2018-11-16,Kansas City Roos,89.0,home,0.0,0.0,False,-10.0
2018-11-16,Morehead State Eagles,99.0,away,0.0,0.0,True,10.0
2018-11-16,Pennsylvania Quakers,78.0,home,0.0,0.0,True,7.0
2018-11-16,Northern Iowa Panthers,71.0,away,0.0,0.0,False,-7.0
2018-11-17,UNC Greensboro Spartans,105.0,home,0.0,0.0,True,48.0
2018-11-17,Johnson & Wales (NC) JOHNSON & WALES-CHARLOTTE,57.0,away,0.0,0.0,False,-48.0
2018-11-16,Davidson Wildcats,58.0,home,0.0,0.0,False,-21.0
2018-11-16,Purdue Boilermakers,79.0,away,0.0,0.0,True,21.0
2018-11-16,Monmouth Hawks,53.0,home,0.0,0.0,False,-11.0
2018-11-16,Valparaiso Beacons,64.0,away,0.0,0.0,True,11.0
2018-11-17,Northern Kentucky Norse,77.0,home,0.0,0.0,True,27.0
2018-11-17,UNC Asheville Bulldogs,50.0,away,0.0,0.0,False,-27.0
2018-11-17,Kent State Golden Flashes,70.0,home,0.0,0.0,False,-7.0
2018-11-17,Liberty Flames,77.0,away,0.0,0.0,True,7.0
2018-11-16,Iowa Hawkeyes,91.0,home,0.0,0.0,True,19.0
2018-11-16,UConn Huskies,72.0,away,0.0,0.0,False,-19.0
2018-11-16,Fordham Rams,83.0,home,0.0,0.0,True,6.0
2018-11-16,Florida International Panthers,77.0,away,0.0,0.0,False,-6.0
2018-11-17,Mercer Bears,77.0,home,0.0,0.0,True,17.0
2018-11-17,UT Martin Skyhawks,60.0,away,0.0,0.0,False,-17.0
2018-11-17,Cincinnati Bearcats,74.0,home,0.0,0.0,True,11.0
2018-11-17,Milwaukee Panthers,63.0,away,0.0,0.0,False,-11.0
2018-11-17,Longwood Lancers,89.0,home,0.0,0.0,True,16.0
2018-11-17,Delaware State Hornets,73.0,away,0.0,0.0,False,-16.0
2018-11-17,Cleveland State Vikings,84.0,home,0.0,0.0,True,15.0
2018-11-17,South Carolina State Bulldogs,69.0,away,0.0,0.0,False,-15.0
2018-11-17,Fairleigh Dickinson Knights,85.0,home,0.0,0.0,True,28.0
2018-11-17,New York Institute Of Technology Yellow Jackets,57.0,away,0.0,0.0,False,-28.0
2018-11-17,Savannah State Tigers,77.0,home,0.0,0.0,False,-20.0
2018-11-17,Gardner-Webb Runnin' Bulldogs,97.0,away,0.0,0.0,True,20.0
2018-11-17,American University Eagles,68.0,home,0.0,0.0,True,24.0
2018-11-17,New Hampshire Wildcats,44.0,away,0.0,0.0,False,-24.0
2018-11-17,Richmond Spiders,78.0,home,0.0,0.0,True,8.0
2018-11-17,IU Indianapolis Jaguars,70.0,away,0.0,0.0,False,-8.0
2018-11-17,Rhode Island Rams,76.0,home,0.0,0.0,True,2.0
2018-11-17,Harvard Crimson,74.0,away,0.0,0.0,False,-2.0
2018-11-17,Virginia Cavaliers,97.0,home,0.0,0.0,True,57.0
2018-11-17,Coppin State Eagles,40.0,away,0.0,0.0,False,-57.0
2018-11-17,North Carolina Tar Heels,108.0,home,0.0,0.0,True,50.0
2018-11-17,Tennessee Tech Golden Eagles,58.0,away,0.0,0.0,False,-50.0
2018-11-17,Dayton Flyers,91.0,home,0.0,0.0,True,11.0
2018-11-17,Purdue Fort Wayne Mastodons,80.0,away,0.0,0.0,False,-11.0
2018-11-17,Massachusetts Minutemen,63.0,home,0.0,0.0,False,-5.0
2018-11-17,Howard Bison,68.0,away,0.0,0.0,True,5.0
2018-11-17,Rutgers Scarlet Knights,65.0,home,0.0,0.0,False,-19.0
2018-11-17,St. John's Red Storm,84.0,away,0.0,0.0,True,19.0
2018-11-17,Temple Owls,81.0,home,0.0,0.0,True,14.0
2018-11-17,Loyola Maryland Greyhounds,67.0,away,0.0,0.0,False,-14.0
2018-11-17,Georgia Bulldogs,75.0,home,0.0,0.0,True,11.0
2018-11-17,Sam Houston Bearkats,64.0,away,0.0,0.0,False,-11.0
2018-11-17,Akron Zips,87.0,home,0.0,0.0,True,41.0
2018-11-17,Chicago State Cougars,46.0,away,0.0,0.0,False,-41.0
2018-11-17,Kansas State Wildcats,95.0,home,0.0,0.0,True,27.0
2018-11-17,Eastern Kentucky Colonels,68.0,away,0.0,0.0,False,-27.0
2018-11-17,Middle Tennessee Blue Raiders,76.0,home,0.0,0.0,True,3.0
2018-11-17,Charleston Southern Buccaneers,73.0,away,0.0,0.0,False,-3.0
2018-11-17,Louisville Cardinals,86.0,home,0.0,0.0,True,8.0
2018-11-17,Vermont Catamounts,78.0,away,0.0,0.0,False,-8.0
2018-11-17,Georgetown Hoyas,52.0,home,0.0,0.0,False,-13.0
2018-11-17,Loyola Marymount Lions,65.0,away,0.0,0.0,True,13.0
2018-11-17,Northwestern Wildcats,82.0,home,0.0,0.0,True,28.0
2018-11-17,Binghamton Bearcats,54.0,away,0.0,0.0,False,-28.0
2018-11-17,Maryland Terrapins,80.0,home,0.0,0.0,True,11.0
2018-11-17,Hofstra Pride,69.0,away,0.0,0.0,False,-11.0
2018-11-17,McNeese Cowboys,78.0,home,0.0,0.0,False,-1.0
2018-11-17,Loyola New Orleans Wolfpack,79.0,away,0.0,0.0,True,1.0
2018-11-17,Georgia Tech Yellow Jackets,79.0,home,0.0,0.0,True,25.0
2018-11-17,East Carolina Pirates,54.0,away,0.0,0.0,False,-25.0
2018-11-17,Charlotte 49ers,59.0,home,0.0,0.0,False,-5.0
2018-11-17,James Madison Dukes,64.0,away,0.0,0.0,True,5.0
2018-11-17,Brown Bears,82.0,home,0.0,0.0,True,8.0
2018-11-17,UMass Lowell River Hawks,74.0,away,0.0,0.0,False,-8.0
2018-11-17,Eastern Washington Eagles,78.0,home,0.0,0.0,False,-4.0
2018-11-17,Green Bay Phoenix,82.0,away,0.0,0.0,True,4.0
2018-11-17,Murray State Racers,106.0,home,0.0,0.0,True,70.0
2018-11-17,Spalding Pelicans,36.0,away,0.0,0.0,False,-70.0
2018-11-17,Loyola Chicago Ramblers,80.0,home,0.0,0.0,True,16.0
2018-11-17,Grambling Tigers,64.0,away,0.0,0.0,False,-16.0
2018-11-17,Texas Longhorns,97.0,home,0.0,0.0,True,28.0
2018-11-17,The Citadel Bulldogs,69.0,away,0.0,0.0,False,-28.0
2018-11-17,South Alabama Jaguars,73.0,home,0.0,0.0,True,19.0
2018-11-17,Chattanooga Mocs,54.0,away,0.0,0.0,False,-19.0
2018-11-17,Lehigh Mountain Hawks,72.0,home,0.0,0.0,True,15.0
2018-11-17,Princeton Tigers,57.0,away,0.0,0.0,False,-15.0
2018-11-17,UT Arlington Mavericks,67.0,home,0.0,0.0,False,-6.0
2018-11-17,Texas A&M-Corpus Christi Islanders,73.0,away,0.0,0.0,True,6.0
2018-11-17,Siena Saints,61.0,home,0.0,0.0,True,3.0
2018-11-17,Norfolk State Spartans,58.0,away,0.0,0.0,False,-3.0
2018-11-17,Utah State Aggies,65.0,home,0.0,0.0,True,19.0
2018-11-17,Utah Valley Wolverines,46.0,away,0.0,0.0,False,-19.0
2018-11-17,West Virginia Mountaineers,57.0,home,0.0,0.0,False,-6.0
2018-11-17,Western Kentucky Hilltoppers,63.0,away,0.0,0.0,True,6.0
2018-11-17,Vanderbilt Commodores,79.0,home,0.0,0.0,True,25.0
2018-11-17,Alcorn State Braves,54.0,away,0.0,0.0,False,-25.0
2018-11-17,Pepperdine Waves,74.0,home,0.0,0.0,True,9.0
2018-11-17,Towson Tigers,65.0,away,0.0,0.0,False,-9.0
2018-11-17,Florida Gulf Coast Eagles,84.0,home,0.0,0.0,True,6.0
2018-11-17,South Dakota State Jackrabbits,78.0,away,0.0,0.0,False,-6.0
2018-11-17,Colorado Buffaloes,79.0,home,0.0,0.0,True,4.0
2018-11-17,Omaha Mavericks,75.0,away,0.0,0.0,False,-4.0
2018-11-17,Mississippi State Bulldogs,79.0,home,0.0,0.0,True,28.0
2018-11-17,Long Beach State Beach,51.0,away,0.0,0.0,False,-28.0
2018-11-17,Weber State Wildcats,78.0,home,0.0,0.0,True,2.0
2018-11-17,Central Michigan Chippewas,76.0,away,0.0,0.0,False,-2.0
2018-11-17,Grand Canyon Lopes,96.0,home,0.0,0.0,True,24.0
2018-11-17,Arkansas State Red Wolves,72.0,away,0.0,0.0,False,-24.0
2018-11-17,Wyoming Cowboys,67.0,home,0.0,0.0,False,-5.0
2018-11-17,Niagara Purple Eagles,72.0,away,0.0,0.0,True,5.0
2018-11-17,Youngstown State Penguins,94.0,home,0.0,0.0,True,11.0
2018-11-17,Columbia Lions,83.0,away,0.0,0.0,False,-11.0
2018-11-17,Butler Bulldogs,83.0,home,0.0,0.0,True,7.0
2018-11-17,Ole Miss Rebels,76.0,away,0.0,0.0,False,-7.0
2018-11-17,Boise State Broncos,70.0,home,0.0,0.0,True,17.0
2018-11-17,Jackson State Tigers,53.0,away,0.0,0.0,False,-17.0
2018-11-17,UNLV Rebels,74.0,home,0.0,0.0,True,13.0
2018-11-17,Oakland Golden Grizzlies,61.0,away,0.0,0.0,False,-13.0
2018-11-17,UCLA Bruins,95.0,home,0.0,0.0,True,37.0
2018-11-17,Saint Francis Red Flash,58.0,away,0.0,0.0,False,-37.0
2018-11-17,Nevada Wolf Pack,87.0,home,0.0,0.0,True,28.0
2018-11-17,Little Rock Trojans,59.0,away,0.0,0.0,False,-28.0
2018-11-23,Utah Utes,79.0,home,0.0,0.0,False,-11.0
2018-11-23,Hawai'i Rainbow Warriors,90.0,away,0.0,0.0,True,11.0
2018-11-22,Memphis Tigers,64.0,home,0.0,0.0,False,-20.0
2018-11-22,Oklahoma State Cowboys,84.0,away,0.0,0.0,True,20.0
2018-11-23,Butler Bulldogs,84.0,home,0.0,0.0,True,31.0
2018-11-23,Middle Tennessee Blue Raiders,53.0,away,0.0,0.0,False,-31.0
2018-11-23,LSU Tigers,67.0,home,0.0,0.0,True,12.0
2018-11-23,Charleston Cougars,55.0,away,0.0,0.0,False,-12.0
2018-11-22,Canisius Golden Griffins,56.0,home,0.0,0.0,False,-27.0
2018-11-22,Villanova Wildcats,83.0,away,0.0,0.0,True,27.0
2018-11-22,Oklahoma Sooners,58.0,home,0.0,0.0,False,-20.0
2018-11-22,Wisconsin Badgers,78.0,away,0.0,0.0,True,20.0
2018-11-22,Miami Hurricanes,85.0,home,0.0,0.0,True,36.0
2018-11-22,La Salle Explorers,49.0,away,0.0,0.0,False,-36.0
2018-11-22,Abilene Christian Wildcats,72.0,home,0.0,0.0,True,16.0
2018-11-22,Elon Phoenix,56.0,away,0.0,0.0,False,-16.0
2018-11-22,Dayton Flyers,59.0,home,0.0,0.0,False,-7.0
2018-11-22,Virginia Cavaliers,66.0,away,0.0,0.0,True,7.0
2018-11-22,Nevada Wolf Pack,96.0,home,0.0,0.0,True,10.0
2018-11-22,Tulsa Golden Hurricane,86.0,away,0.0,0.0,False,-10.0
2018-11-22,Fresno State Bulldogs,78.0,home,0.0,0.0,True,19.0
2018-11-22,Northwestern Wildcats,59.0,away,0.0,0.0,False,-19.0
2018-11-23,Grand Canyon Lopes,75.0,home,0.0,0.0,False,-7.0
2018-11-23,Seton Hall Pirates,82.0,away,0.0,0.0,True,7.0
2018-11-23,Florida State Seminoles,81.0,home,0.0,0.0,True,18.0
2018-11-23,UAB Blazers,63.0,away,0.0,0.0,False,-18.0
2018-11-23,North Carolina Tar Heels,89.0,home,0.0,0.0,False,-3.0
2018-11-23,Texas Longhorns,92.0,away,0.0,0.0,True,3.0
2018-11-22,Pacific Tigers,74.0,home,0.0,0.0,True,20.0
2018-11-22,UC Riverside Highlanders,54.0,away,0.0,0.0,False,-20.0
2018-11-23,Florida Gators,72.0,home,0.0,0.0,True,23.0
2018-11-23,Stanford Cardinal,49.0,away,0.0,0.0,False,-23.0
2018-11-23,UCLA Bruins,67.0,home,0.0,0.0,False,-20.0
2018-11-23,Michigan State Spartans,87.0,away,0.0,0.0,True,20.0
2018-11-22,Massachusetts Minutemen,84.0,home,0.0,0.0,True,22.0
2018-11-22,Southern Illinois Salukis,62.0,away,0.0,0.0,False,-22.0
2018-11-19,Hartford Hawks,65.0,home,0.0,0.0,False,-7.0
2018-11-19,Utah Valley Wolverines,72.0,away,0.0,0.0,True,7.0
2018-11-19,Eastern Kentucky Colonels,100.0,home,0.0,0.0,True,19.0
2018-11-19,Kennesaw State Owls,81.0,away,0.0,0.0,False,-19.0
2018-11-19,UC Irvine Anteaters,65.0,home,0.0,0.0,True,9.0
2018-11-19,UTSA Roadrunners,56.0,away,0.0,0.0,False,-9.0
2018-11-19,South Dakota State Jackrabbits,80.0,home,0.0,0.0,False,-4.0
2018-11-19,Tulane Green Wave,84.0,away,0.0,0.0,True,4.0
2018-11-19,Xavier Musketeers,79.0,home,0.0,0.0,False,-9.0
2018-11-19,Auburn Tigers,88.0,away,0.0,0.0,True,9.0
2018-11-19,Bowling Green Falcons,81.0,home,0.0,0.0,True,2.0
2018-11-19,Hampton Pirates,79.0,away,0.0,0.0,False,-2.0
2018-11-19,Iona Gaels,85.0,home,0.0,0.0,False,-1.0
2018-11-19,Long Beach State Beach,86.0,away,0.0,0.0,True,1.0
2018-11-20,Delaware State Hornets,80.0,home,0.0,0.0,True,33.0
2018-11-20,St. Elizabeth Eagles,47.0,away,0.0,0.0,False,-33.0
2018-11-19,Loyola Chicago Ramblers,82.0,home,0.0,0.0,True,16.0
2018-11-19,Richmond Spiders,66.0,away,0.0,0.0,False,-16.0
2018-11-19,Air Force Falcons,62.0,home,0.0,0.0,False,-7.0
2018-11-19,High Point Panthers,69.0,away,0.0,0.0,True,7.0
2018-11-19,Georgia State Panthers,75.0,home,0.0,0.0,True,10.0
2018-11-19,St. Bonaventure Bonnies,65.0,away,0.0,0.0,False,-10.0
2018-11-19,Clemson Tigers,72.0,home,0.0,0.0,True,3.0
2018-11-19,Akron Zips,69.0,away,0.0,0.0,False,-3.0
2018-11-19,Illinois State Redbirds,68.0,home,0.0,0.0,False,-12.0
2018-11-19,Georgia Bulldogs,80.0,away,0.0,0.0,True,12.0
2018-11-19,Northern Iowa Panthers,54.0,home,0.0,0.0,True,1.0
2018-11-19,Old Dominion Monarchs,53.0,away,0.0,0.0,False,-1.0
2018-11-19,Louisiana Ragin' Cajuns,91.0,home,0.0,0.0,True,18.0
2018-11-19,Colorado State Rams,73.0,away,0.0,0.0,False,-18.0
2018-11-19,San Diego State Aztecs,64.0,home,0.0,0.0,False,-26.0
2018-11-19,Duke Blue Devils,90.0,away,0.0,0.0,True,26.0
2018-11-20,Oakland Golden Grizzlies,91.0,home,0.0,0.0,True,44.0
2018-11-20,Defiance Yellow Jackets,47.0,away,0.0,0.0,False,-44.0
2018-11-19,Sam Houston Bearkats,75.0,home,0.0,0.0,True,15.0
2018-11-19,Jackson State Tigers,60.0,away,0.0,0.0,False,-15.0
2018-11-19,Pennsylvania Quakers,58.0,home,0.0,0.0,False,-16.0
2018-11-19,Oregon State Beavers,74.0,away,0.0,0.0,True,16.0
2018-11-20,East Tennessee State Buccaneers,86.0,home,0.0,0.0,True,25.0
2018-11-20,Chicago State Cougars,61.0,away,0.0,0.0,False,-25.0
2018-11-20,Cincinnati Bearcats,78.0,home,0.0,0.0,True,26.0
2018-11-20,Western Michigan Broncos,52.0,away,0.0,0.0,False,-26.0
2018-11-20,Stetson Hatters,72.0,home,0.0,0.0,False,-9.0
2018-11-20,Robert Morris Colonials,81.0,away,0.0,0.0,True,9.0
2018-11-20,UNC Greensboro Spartans,74.0,home,0.0,0.0,True,8.0
2018-11-20,Prairie View A&M Panthers,66.0,away,0.0,0.0,False,-8.0
2018-11-20,East Carolina Pirates,69.0,home,0.0,0.0,True,5.0
2018-11-20,UT Rio Grande Valley Vaqueros,64.0,away,0.0,0.0,False,-5.0
2018-11-20,Charlotte 49ers,42.0,home,0.0,0.0,True,3.0
2018-11-20,Longwood Lancers,39.0,away,0.0,0.0,False,-3.0
2018-11-20,California Golden Bears,79.0,home,0.0,0.0,False,-3.0
2018-11-20,St. John's Red Storm,82.0,away,0.0,0.0,True,3.0
2018-11-20,Colgate Raiders,76.0,home,0.0,0.0,True,8.0
2018-11-20,Binghamton Bearcats,68.0,away,0.0,0.0,False,-8.0
2018-11-20,Marshall Thundering Herd,95.0,home,0.0,0.0,True,24.0
2018-11-20,North Carolina A&T Aggies,71.0,away,0.0,0.0,False,-24.0
2018-11-20,Nebraska Cornhuskers,85.0,home,0.0,0.0,True,23.0
2018-11-20,Missouri State Bears,62.0,away,0.0,0.0,False,-23.0
2018-11-20,Lamar Cardinals,105.0,home,0.0,0.0,True,65.0
2018-11-20,Arlington Baptist Patriots,40.0,away,0.0,0.0,False,-65.0
2018-11-20,Detroit Mercy Titans,91.0,home,0.0,0.0,True,28.0
2018-11-20,Loyola Maryland Greyhounds,63.0,away,0.0,0.0,False,-28.0
2018-11-20,UAlbany Great Danes,79.0,home,0.0,0.0,True,17.0
2018-11-20,SUNY-Oneonta Red Dragons,62.0,away,0.0,0.0,False,-17.0
2018-11-20,Rider Broncs,87.0,home,0.0,0.0,True,20.0
2018-11-20,Coppin State Eagles,67.0,away,0.0,0.0,False,-20.0
2018-11-20,Creighton Bluejays,94.0,home,0.0,0.0,True,12.0
2018-11-20,Boise State Broncos,82.0,away,0.0,0.0,False,-12.0
2018-11-20,Charleston Southern Buccaneers,98.0,home,0.0,0.0,True,49.0
2018-11-20,Trinity College of Jacksonville Eagles,49.0,away,0.0,0.0,False,-49.0
2018-11-20,Kansas State Wildcats,82.0,home,0.0,0.0,True,15.0
2018-11-20,Missouri Tigers,67.0,away,0.0,0.0,False,-15.0
2018-11-20,Toledo Rockets,90.0,home,0.0,0.0,True,28.0
2018-11-20,Florida Gulf Coast Eagles,62.0,away,0.0,0.0,False,-28.0
2018-11-20,Rutgers Scarlet Knights,63.0,home,0.0,0.0,True,27.0
2018-11-20,Eastern Michigan Eagles,36.0,away,0.0,0.0,False,-27.0
2018-11-20,Florida State Seminoles,93.0,home,0.0,0.0,True,32.0
2018-11-20,Canisius Golden Griffins,61.0,away,0.0,0.0,False,-32.0
2018-11-20,Massachusetts Minutemen,92.0,home,0.0,0.0,True,32.0
2018-11-20,Arkansas-Pine Bluff Golden Lions,60.0,away,0.0,0.0,False,-32.0
2018-11-20,Idaho State Bengals,115.0,home,0.0,0.0,True,55.0
2018-11-20,Bethesda University Flames,60.0,away,0.0,0.0,False,-55.0
2018-11-20,Oral Roberts Golden Eagles,109.0,home,0.0,0.0,True,37.0
2018-11-20,Ecclesia Royals,72.0,away,0.0,0.0,False,-37.0
2018-11-20,VCU Rams,57.0,home,0.0,0.0,True,6.0
2018-11-20,Temple Owls,51.0,away,0.0,0.0,False,-6.0
2018-11-20,Southern Illinois Salukis,83.0,home,0.0,0.0,True,14.0
2018-11-20,Howard Bison,69.0,away,0.0,0.0,False,-14.0
2018-11-20,Iowa State Cyclones,66.0,home,0.0,0.0,False,-5.0
2018-11-20,Arizona Wildcats,71.0,away,0.0,0.0,True,5.0
2018-11-20,Vanderbilt Commodores,79.0,home,0.0,0.0,True,9.0
2018-11-20,Liberty Flames,70.0,away,0.0,0.0,False,-9.0
2018-11-20,Tulsa Golden Hurricane,88.0,home,0.0,0.0,True,10.0
2018-11-20,Little Rock Trojans,78.0,away,0.0,0.0,False,-10.0
2018-11-20,South Alabama Jaguars,79.0,home,0.0,0.0,True,21.0
2018-11-20,Southeast Missouri State Redhawks,58.0,away,0.0,0.0,False,-21.0
2018-11-20,North Carolina Tar Heels,101.0,home,0.0,0.0,True,25.0
2018-11-20,Saint Francis Red Flash,76.0,away,0.0,0.0,False,-25.0
2018-11-20,Utah State Aggies,80.0,home,0.0,0.0,True,17.0
2018-11-20,Saint Mary's Gaels,63.0,away,0.0,0.0,False,-17.0
2018-11-20,Boston College Eagles,88.0,home,0.0,0.0,True,12.0
2018-11-20,Wyoming Cowboys,76.0,away,0.0,0.0,False,-12.0
2018-11-20,UTEP Miners,66.0,home,0.0,0.0,True,7.0
2018-11-20,E. New Mexico Greyhounds,59.0,away,0.0,0.0,False,-7.0
2018-11-20,South Dakota Coyotes,58.0,home,0.0,0.0,True,6.0
2018-11-20,UMBC Retrievers,52.0,away,0.0,0.0,False,-6.0
2018-11-20,Houston Cougars,82.0,home,0.0,0.0,True,27.0
2018-11-20,Northwestern State Demons,55.0,away,0.0,0.0,False,-27.0
2018-11-20,Washington State Cougars,84.0,home,0.0,0.0,True,14.0
2018-11-20,Cal Poly Mustangs,70.0,away,0.0,0.0,False,-14.0
2018-11-20,Portland Pilots,77.0,home,0.0,0.0,True,20.0
2018-11-20,Lewis & Clark Pioneers,57.0,away,0.0,0.0,False,-20.0
2018-11-20,UCLA Bruins,80.0,home,0.0,0.0,True,15.0
2018-11-20,Presbyterian Blue Hose,65.0,away,0.0,0.0,False,-15.0
2018-11-20,Nevada Wolf Pack,90.0,home,0.0,0.0,True,35.0
2018-11-20,California Baptist Lancers,55.0,away,0.0,0.0,False,-35.0
2018-11-20,Texas Tech Red Raiders,78.0,home,0.0,0.0,True,15.0
2018-11-20,USC Trojans,63.0,away,0.0,0.0,False,-15.0
2018-11-20,Arizona State Sun Devils,72.0,home,0.0,0.0,True,5.0
2018-11-20,Mississippi State Bulldogs,67.0,away,0.0,0.0,False,-5.0
2018-11-20,Illinois Fighting Illini,78.0,home,0.0,0.0,False,-6.0
2018-11-20,Gonzaga Bulldogs,84.0,away,0.0,0.0,True,6.0
2018-11-17,Duquesne Dukes,69.0,home,0.0,0.0,True,5.0
2018-11-17,Radford Highlanders,64.0,away,0.0,0.0,False,-5.0
2018-11-17,Miami Hurricanes,78.0,home,0.0,0.0,True,8.0
2018-11-17,Bethune-Cookman Wildcats,70.0,away,0.0,0.0,False,-8.0
2018-11-17,NC State Wolfpack,82.0,home,0.0,0.0,True,19.0
2018-11-17,Maine Black Bears,63.0,away,0.0,0.0,False,-19.0
2018-11-17,Marquette Golden Eagles,74.0,home,0.0,0.0,True,19.0
2018-11-17,Presbyterian Blue Hose,55.0,away,0.0,0.0,False,-19.0
2018-11-17,Kennesaw State Owls,47.0,home,0.0,0.0,False,-18.0
2018-11-17,Old Dominion Monarchs,65.0,away,0.0,0.0,True,18.0
2018-11-17,Providence Friars,76.0,home,0.0,0.0,True,9.0
2018-11-17,South Carolina Gamecocks,67.0,away,0.0,0.0,False,-9.0
2018-11-17,Western Michigan Broncos,99.0,home,0.0,0.0,True,47.0
2018-11-17,Aquinas Saints,52.0,away,0.0,0.0,False,-47.0
2018-11-17,Lamar Cardinals,74.0,home,0.0,0.0,True,7.0
2018-11-17,Prairie View A&M Panthers,67.0,away,0.0,0.0,False,-7.0
2018-11-17,Winthrop Eagles,74.0,home,0.0,0.0,False,-2.0
2018-11-17,East Tennessee State Buccaneers,76.0,away,0.0,0.0,True,2.0
2018-11-17,Fairfield Stags,73.0,home,0.0,0.0,False,-6.0
2018-11-17,Wagner Seahawks,79.0,away,0.0,0.0,True,6.0
2018-11-17,Notre Dame Fighting Irish,73.0,home,0.0,0.0,True,9.0
2018-11-17,William & Mary Tribe,64.0,away,0.0,0.0,False,-9.0
2018-11-17,George Washington Revolutionaries,61.0,home,0.0,0.0,False,-23.0
2018-11-17,Michigan Wolverines,84.0,away,0.0,0.0,True,23.0
2018-11-17,Florida Atlantic Owls,85.0,home,0.0,0.0,True,14.0
2018-11-17,Towson Tigers,71.0,away,0.0,0.0,False,-14.0
2018-11-17,Drake Bulldogs,75.0,home,0.0,0.0,True,6.0
2018-11-17,Texas State Bobcats,69.0,away,0.0,0.0,False,-6.0
2018-11-17,Eastern Michigan Eagles,80.0,home,0.0,0.0,True,18.0
2018-11-17,Boston University Terriers,62.0,away,0.0,0.0,False,-18.0
2018-11-17,UC Davis Aggies,57.0,home,0.0,0.0,True,3.0
2018-11-17,Texas A&M-Corpus Christi Islanders,54.0,away,0.0,0.0,False,-3.0
2018-11-17,Rice Owls,102.0,home,0.0,0.0,True,28.0
2018-11-17,Northwestern State Demons,74.0,away,0.0,0.0,False,-28.0
2018-11-17,Pittsburgh Panthers,71.0,home,0.0,0.0,True,5.0
2018-11-17,North Alabama Lions,66.0,away,0.0,0.0,False,-5.0
2018-11-17,Incarnate Word Cardinals,80.0,home,0.0,0.0,True,2.0
2018-11-17,North Dakota State Bison,78.0,away,0.0,0.0,False,-2.0
2018-11-17,Northern Illinois Huskies,73.0,home,0.0,0.0,True,7.0
2018-11-17,Illinois Tech Scarlet Hawks,66.0,away,0.0,0.0,False,-7.0
2018-11-17,Canisius Golden Griffins,66.0,home,0.0,0.0,False,-9.0
2018-11-17,UAlbany Great Danes,75.0,away,0.0,0.0,True,9.0
2018-11-17,Western Carolina Catamounts,94.0,home,0.0,0.0,True,39.0
2018-11-17,Hiwassee Tigers,55.0,away,0.0,0.0,False,-39.0
2018-11-17,UMass Lowell River Hawks,92.0,home,0.0,0.0,True,7.0
2018-11-17,Army Black Knights,85.0,away,0.0,0.0,False,-7.0
2018-11-17,Fordham Rams,67.0,home,0.0,0.0,True,6.0
2018-11-17,Youngstown State Penguins,61.0,away,0.0,0.0,False,-6.0
2018-11-17,George Mason Patriots,69.0,home,0.0,0.0,True,4.0
2018-11-17,Southern Jaguars,65.0,away,0.0,0.0,False,-4.0
2018-11-17,UNC Asheville Bulldogs,52.0,home,0.0,0.0,False,-26.0
2018-11-17,Coastal Carolina Chanticleers,78.0,away,0.0,0.0,True,26.0
2018-11-17,NJIT Highlanders,73.0,home,0.0,0.0,False,-13.0
2018-11-17,Cornell Big Red,86.0,away,0.0,0.0,True,13.0
2018-11-17,Southeast Missouri State Redhawks,63.0,home,0.0,0.0,True,21.0
2018-11-17,Chattanooga Mocs,42.0,away,0.0,0.0,False,-21.0
2018-11-17,Wright State Raiders,89.0,home,0.0,0.0,True,17.0
2018-11-17,North Florida Ospreys,72.0,away,0.0,0.0,False,-17.0
2018-11-17,Green Bay Phoenix,87.0,home,0.0,0.0,True,17.0
2018-11-17,Morehead State Eagles,70.0,away,0.0,0.0,False,-17.0
2018-11-17,North Dakota Fighting Hawks,112.0,home,0.0,0.0,True,54.0
2018-11-17,Minnesota Morris Cougars,58.0,away,0.0,0.0,False,-54.0
2018-11-17,UC Santa Barbara Gauchos,88.0,home,0.0,0.0,True,19.0
2018-11-17,Montana State Bobcats,69.0,away,0.0,0.0,False,-19.0
2018-11-17,Villanova Wildcats,68.0,home,0.0,0.0,False,-8.0
2018-11-17,Furman Paladins,76.0,away,0.0,0.0,True,8.0
2018-11-17,North Texas Mean Green,68.0,home,0.0,0.0,True,34.0
2018-11-17,Maryland Eastern Shore Hawks,34.0,away,0.0,0.0,False,-34.0
2018-11-17,La Salle Explorers,84.0,home,0.0,0.0,False,-5.0
2018-11-17,Drexel Dragons,89.0,away,0.0,0.0,True,5.0
2018-11-17,Eastern Kentucky Colonels,85.0,home,0.0,0.0,False,-5.0
2018-11-17,Northern Iowa Panthers,90.0,away,0.0,0.0,True,5.0
2018-11-17,Montana Grizzlies,73.0,home,0.0,0.0,True,2.0
2018-11-17,Miami (OH) RedHawks,71.0,away,0.0,0.0,False,-2.0
2018-11-17,San José State Spartans,72.0,home,0.0,0.0,False,-1.0
2018-11-17,Cal State Bakersfield Roadrunners,73.0,away,0.0,0.0,True,1.0
2018-11-17,SE Louisiana Lions,69.0,home,0.0,0.0,True,12.0
2018-11-17,Stetson Hatters,57.0,away,0.0,0.0,False,-12.0
2018-11-17,Brown Bears,82.0,home,0.0,0.0,True,5.0
2018-11-17,Sacred Heart Pioneers,77.0,away,0.0,0.0,False,-5.0
2018-11-17,BYU Cougars,91.0,home,0.0,0.0,True,31.0
2018-11-17,Alabama A&M Bulldogs,60.0,away,0.0,0.0,False,-31.0
2018-11-17,New Mexico Lobos,94.0,home,0.0,0.0,False,-4.0
2018-11-17,New Mexico State Aggies,98.0,away,0.0,0.0,True,4.0
2018-11-18,SMU Mustangs,73.0,home,0.0,0.0,False,-6.0
2018-11-18,Lipscomb Bisons,79.0,away,0.0,0.0,True,6.0
2018-11-18,Robert Morris Colonials,68.0,home,0.0,0.0,True,9.0
2018-11-18,Mississippi Valley State Delta Devils,59.0,away,0.0,0.0,False,-9.0
2018-11-17,Eastern Washington Eagles,87.0,home,0.0,0.0,True,7.0
2018-11-17,Kansas City Roos,80.0,away,0.0,0.0,False,-7.0
2018-11-18,Georgia Southern Eagles,88.0,home,0.0,0.0,True,10.0
2018-11-18,Pepperdine Waves,78.0,away,0.0,0.0,False,-10.0
2018-11-18,UC Riverside Highlanders,63.0,home,0.0,0.0,True,10.0
2018-11-18,UC Merced Bobcats,53.0,away,0.0,0.0,False,-10.0
2018-11-18,Eastern Illinois Panthers,68.0,home,0.0,0.0,True,2.0
2018-11-18,Western Illinois Leathernecks,66.0,away,0.0,0.0,False,-2.0
2018-11-18,Southern Illinois Salukis,78.0,home,0.0,0.0,True,30.0
2018-11-18,Arkansas-Pine Bluff Golden Lions,48.0,away,0.0,0.0,False,-30.0
2018-11-18,Northern Kentucky Norse,59.0,home,0.0,0.0,True,6.0
2018-11-18,Manhattan Jaspers,53.0,away,0.0,0.0,False,-6.0
2018-11-18,UIC Flames,71.0,home,0.0,0.0,True,1.0
2018-11-18,Bradley Braves,70.0,away,0.0,0.0,False,-1.0
2018-11-18,Tennessee State Tigers,113.0,home,0.0,0.0,True,52.0
2018-11-18,Fisk Bulldogs,61.0,away,0.0,0.0,False,-52.0
2018-11-17,Columbia Lions,87.0,home,0.0,0.0,False,-11.0
2018-11-17,Florida International Panthers,98.0,away,0.0,0.0,True,11.0
2018-11-18,Wisconsin Badgers,96.0,home,0.0,0.0,True,37.0
2018-11-18,Houston Christian Huskies,59.0,away,0.0,0.0,False,-37.0
2018-11-18,Memphis Tigers,109.0,home,0.0,0.0,True,7.0
2018-11-18,Yale Bulldogs,102.0,away,0.0,0.0,False,-7.0
2018-11-18,Stony Brook Seawolves,72.0,home,0.0,0.0,True,7.0
2018-11-18,Norfolk State Spartans,65.0,away,0.0,0.0,False,-7.0
2018-11-18,South Alabama Jaguars,48.0,home,0.0,0.0,False,-23.0
2018-11-18,Jacksonville Dolphins,71.0,away,0.0,0.0,True,23.0
2018-11-18,Cal State Northridge Matadors,77.0,home,0.0,0.0,False,-3.0
2018-11-18,Portland Pilots,80.0,away,0.0,0.0,True,3.0
2018-11-18,High Point Panthers,59.0,home,0.0,0.0,False,-9.0
2018-11-18,UMBC Retrievers,68.0,away,0.0,0.0,True,9.0
2018-11-18,Seton Hall Pirates,64.0,home,0.0,0.0,False,-2.0
2018-11-18,Saint Louis Billikens,66.0,away,0.0,0.0,True,2.0
2018-11-18,Portland State Vikings,125.0,home,0.0,0.0,True,64.0
2018-11-18,Willamette Bearcats,61.0,away,0.0,0.0,False,-64.0
2018-11-20,San Diego State Aztecs,79.0,home,0.0,0.0,True,5.0
2018-11-20,Xavier Musketeers,74.0,away,0.0,0.0,False,-5.0
2018-11-21,Norfolk State Spartans,97.0,home,0.0,0.0,True,40.0
2018-11-21,Regent Royals,57.0,away,0.0,0.0,False,-40.0
2018-11-20,Boise State Broncos,72.0,home,0.0,0.0,True,20.0
2018-11-20,St. Bonaventure Bonnies,52.0,away,0.0,0.0,False,-20.0
2018-11-20,SMU Mustangs,62.0,home,0.0,0.0,False,-13.0
2018-11-20,Bradley Braves,75.0,away,0.0,0.0,True,13.0
2018-11-21,TCU Horned Frogs,64.0,home,0.0,0.0,False,-9.0
2018-11-21,Lipscomb Bisons,73.0,away,0.0,0.0,True,9.0
2018-11-20,Loyola Maryland Greyhounds,75.0,home,0.0,0.0,True,9.0
2018-11-20,Hampton Pirates,66.0,away,0.0,0.0,False,-9.0
2018-11-20,South Dakota State Jackrabbits,99.0,home,0.0,0.0,True,20.0
2018-11-20,UTSA Roadrunners,79.0,away,0.0,0.0,False,-20.0
2018-11-20,California Golden Bears,59.0,home,0.0,0.0,False,-17.0
2018-11-20,Temple Owls,76.0,away,0.0,0.0,True,17.0
2018-11-21,Kent State Golden Flashes,104.0,home,0.0,0.0,True,20.0
2018-11-21,Savannah State Tigers,84.0,away,0.0,0.0,False,-20.0
2018-11-20,Southern Miss Golden Eagles,48.0,home,0.0,0.0,False,-16.0
2018-11-20,North Florida Ospreys,64.0,away,0.0,0.0,True,16.0
2018-11-20,Georgia Bulldogs,49.0,home,0.0,0.0,False,-15.0
2018-11-20,Clemson Tigers,64.0,away,0.0,0.0,True,15.0
2018-11-20,Tulane Green Wave,55.0,home,0.0,0.0,False,-12.0
2018-11-20,UC Irvine Anteaters,67.0,away,0.0,0.0,True,12.0
2018-11-20,Illinois Fighting Illini,68.0,home,0.0,0.0,False,-16.0
2018-11-20,Iowa State Cyclones,84.0,away,0.0,0.0,True,16.0
2018-11-20,Illinois State Redbirds,73.0,home,0.0,0.0,True,5.0
2018-11-20,Akron Zips,68.0,away,0.0,0.0,False,-5.0
2018-11-20,Jacksonville State Gamecocks,84.0,home,0.0,0.0,True,31.0
2018-11-20,Western Carolina Catamounts,53.0,away,0.0,0.0,False,-31.0
2018-11-21,Coastal Carolina Chanticleers,88.0,home,0.0,0.0,True,31.0
2018-11-21,Methodist Monarchs,57.0,away,0.0,0.0,False,-31.0
2018-11-21,East Tennessee State Buccaneers,77.0,home,0.0,0.0,True,14.0
2018-11-21,Sam Houston Bearkats,63.0,away,0.0,0.0,False,-14.0
2018-11-21,Missouri State Bears,80.0,home,0.0,0.0,False,-19.0
2018-11-21,USC Trojans,99.0,away,0.0,0.0,True,19.0
2018-11-21,Chicago State Cougars,68.0,home,0.0,0.0,False,-13.0
2018-11-21,Jackson State Tigers,81.0,away,0.0,0.0,True,13.0
2018-11-20,Colorado State Rams,82.0,home,0.0,0.0,True,8.0
2018-11-20,Florida Gulf Coast Eagles,74.0,away,0.0,0.0,False,-8.0
2018-11-21,North Alabama Lions,80.0,home,0.0,0.0,True,12.0
2018-11-21,Tennessee Southern Firehawks,68.0,away,0.0,0.0,False,-12.0
2018-11-21,Morgan State Bears,75.0,home,0.0,0.0,True,24.0
2018-11-21,Navy Midshipmen,51.0,away,0.0,0.0,False,-24.0
2018-11-21,VMI Keydets,106.0,home,0.0,0.0,True,26.0
2018-11-21,Kentucky Christian Knights,80.0,away,0.0,0.0,False,-26.0
2018-11-21,Purdue Fort Wayne Mastodons,72.0,home,0.0,0.0,True,4.0
2018-11-21,South Carolina State Bulldogs,68.0,away,0.0,0.0,False,-4.0
2018-11-21,George Mason Patriots,78.0,home,0.0,0.0,True,15.0
2018-11-21,North Carolina Central Eagles,63.0,away,0.0,0.0,False,-15.0
2018-11-21,Ohio State Buckeyes,68.0,home,0.0,0.0,True,18.0
2018-11-21,Samford Bulldogs,50.0,away,0.0,0.0,False,-18.0
2018-11-21,Louisiana Ragin' Cajuns,64.0,home,0.0,0.0,False,-13.0
2018-11-21,Toledo Rockets,77.0,away,0.0,0.0,True,13.0
2018-11-21,Notre Dame Fighting Irish,67.0,home,0.0,0.0,True,11.0
2018-11-21,Duquesne Dukes,56.0,away,0.0,0.0,False,-11.0
2018-11-21,New Hampshire Wildcats,63.0,home,0.0,0.0,False,-6.0
2018-11-21,Quinnipiac Bobcats,69.0,away,0.0,0.0,True,6.0
2018-11-21,UConn Huskies,91.0,home,0.0,0.0,True,17.0
2018-11-21,Cornell Big Red,74.0,away,0.0,0.0,False,-17.0
2018-11-21,James Madison Dukes,82.0,home,0.0,0.0,False,-9.0
2018-11-21,The Citadel Bulldogs,91.0,away,0.0,0.0,True,9.0
2018-11-21,Creighton Bluejays,93.0,home,0.0,0.0,True,25.0
2018-11-21,Georgia State Panthers,68.0,away,0.0,0.0,False,-25.0
2018-11-21,VCU Rams,86.0,home,0.0,0.0,False,-1.0
2018-11-21,St. John's Red Storm,87.0,away,0.0,0.0,True,1.0
2018-11-21,Wagner Seahawks,60.0,home,0.0,0.0,False,-11.0
2018-11-21,NJIT Highlanders,71.0,away,0.0,0.0,True,11.0
2018-11-21,Mercer Bears,80.0,home,0.0,0.0,True,38.0
2018-11-21,Maryland Eastern Shore Hawks,42.0,away,0.0,0.0,False,-38.0
2018-11-21,Ole Miss Rebels,75.0,home,0.0,0.0,True,20.0
2018-11-21,Nicholls Colonels,55.0,away,0.0,0.0,False,-20.0
2018-11-21,Indiana Hoosiers,78.0,home,0.0,0.0,True,14.0
2018-11-21,UT Arlington Mavericks,64.0,away,0.0,0.0,False,-14.0
2018-11-21,UAlbany Great Danes,65.0,home,0.0,0.0,False,-4.0
2018-11-21,Holy Cross Crusaders,69.0,away,0.0,0.0,True,4.0
2018-11-21,NC State Wolfpack,85.0,home,0.0,0.0,True,28.0
2018-11-21,Saint Peter's Peacocks,57.0,away,0.0,0.0,False,-28.0
2018-11-21,William & Mary Tribe,72.0,home,0.0,0.0,False,-9.0
2018-11-21,Radford Highlanders,81.0,away,0.0,0.0,True,9.0
2018-11-21,Detroit Mercy Titans,82.0,home,0.0,0.0,True,15.0
2018-11-21,Bowling Green Falcons,67.0,away,0.0,0.0,False,-15.0
2018-11-21,Louisiana Tech Bulldogs,87.0,home,0.0,0.0,True,19.0
2018-11-21,Tougaloo Bulldogs,68.0,away,0.0,0.0,False,-19.0
2018-11-21,Mississippi Valley State Delta Devils,69.0,home,0.0,0.0,True,10.0
2018-11-21,SE Louisiana Lions,59.0,away,0.0,0.0,False,-10.0
2018-11-21,North Dakota Fighting Hawks,89.0,home,0.0,0.0,True,33.0
2018-11-21,Concordia-Nebraska Clippers,56.0,away,0.0,0.0,False,-33.0
2018-11-21,McNeese Cowboys,74.0,home,0.0,0.0,True,14.0
2018-11-21,Mobile Rams,60.0,away,0.0,0.0,False,-14.0
2018-11-21,Grambling Tigers,99.0,home,0.0,0.0,True,41.0
2018-11-21,Champion Christian Tigers,58.0,away,0.0,0.0,False,-41.0
2018-11-21,Milwaukee Panthers,92.0,home,0.0,0.0,True,5.0
2018-11-21,LIU Brooklyn Liu Brooklyn,87.0,away,0.0,0.0,False,-5.0
2018-11-21,Duke Blue Devils,78.0,home,0.0,0.0,True,6.0
2018-11-21,Auburn Tigers,72.0,away,0.0,0.0,False,-6.0
2018-11-21,North Texas Mean Green,74.0,home,0.0,0.0,True,11.0
2018-11-21,Maine Black Bears,63.0,away,0.0,0.0,False,-11.0
2018-11-21,Bethune-Cookman Wildcats,56.0,home,0.0,0.0,False,-20.0
2018-11-21,Omaha Mavericks,76.0,away,0.0,0.0,True,20.0
2018-11-21,Belmont Bruins,104.0,home,0.0,0.0,True,54.0
2018-11-21,Trevecca Nazarene Trojans,50.0,away,0.0,0.0,False,-54.0
2018-11-21,Penn State Nittany Lions,77.0,home,0.0,0.0,True,18.0
2018-11-21,Wright State Raiders,59.0,away,0.0,0.0,False,-18.0
2018-11-21,Stephen F. Austin Lumberjacks,64.0,home,0.0,0.0,True,4.0
2018-11-21,Marist Red Foxes,60.0,away,0.0,0.0,False,-4.0
2018-11-21,Oregon Ducks,83.0,home,0.0,0.0,True,11.0
2018-11-21,Green Bay Phoenix,72.0,away,0.0,0.0,False,-11.0
2018-11-21,Santa Clara Broncos,66.0,home,0.0,0.0,False,-14.0
2018-11-21,Minnesota Golden Gophers,80.0,away,0.0,0.0,True,14.0
2018-11-21,Nebraska Cornhuskers,52.0,home,0.0,0.0,False,-18.0
2018-11-21,Texas Tech Red Raiders,70.0,away,0.0,0.0,True,18.0
2018-11-21,Cal State Northridge Matadors,80.0,home,0.0,0.0,True,3.0
2018-11-21,Tennessee State Tigers,77.0,away,0.0,0.0,False,-3.0
2018-11-21,Sacramento State Hornets,58.0,home,0.0,0.0,True,3.0
2018-11-21,UC Davis Aggies,55.0,away,0.0,0.0,False,-3.0
2018-11-21,San Diego Toreros,70.0,home,0.0,0.0,True,6.0
2018-11-21,Colorado Buffaloes,64.0,away,0.0,0.0,False,-6.0
2018-11-21,UNLV Rebels,96.0,home,0.0,0.0,True,26.0
2018-11-21,Pacific Tigers,70.0,away,0.0,0.0,False,-26.0
2018-11-21,Gonzaga Bulldogs,91.0,home,0.0,0.0,True,17.0
2018-11-21,Arizona Wildcats,74.0,away,0.0,0.0,False,-17.0
2018-11-21,Washington Huskies,71.0,home,0.0,0.0,True,4.0
2018-11-21,Texas A&M Aggies,67.0,away,0.0,0.0,False,-4.0
2018-11-21,Jacksonville State Gamecocks,83.0,home,0.0,0.0,True,5.0
2018-11-21,North Florida Ospreys,78.0,away,0.0,0.0,False,-5.0
2018-11-21,St. Bonaventure Bonnies,49.0,home,0.0,0.0,False,-12.0
2018-11-21,Akron Zips,61.0,away,0.0,0.0,True,12.0
2018-11-21,Western Carolina Catamounts,63.0,home,0.0,0.0,False,-5.0
2018-11-21,Southern Miss Golden Eagles,68.0,away,0.0,0.0,True,5.0
2018-11-22,Iowa Hawkeyes,105.0,home,0.0,0.0,True,27.0
2018-11-22,Alabama State Hornets,78.0,away,0.0,0.0,False,-27.0
2018-11-21,Wyoming Cowboys,68.0,home,0.0,0.0,True,2.0
2018-11-21,Richmond Spiders,66.0,away,0.0,0.0,False,-2.0
2018-11-21,Pittsburgh Panthers,75.0,home,0.0,0.0,True,2.0
2018-11-21,Saint Louis Billikens,73.0,away,0.0,0.0,False,-2.0
2018-11-21,UTSA Roadrunners,76.0,home,0.0,0.0,True,11.0
2018-11-21,Florida Gulf Coast Eagles,65.0,away,0.0,0.0,False,-11.0
2018-11-21,Brown Bears,96.0,home,0.0,0.0,True,32.0
2018-11-21,Salve Regina Seahawks,64.0,away,0.0,0.0,False,-32.0
2018-11-21,Tulane Green Wave,61.0,home,0.0,0.0,False,-7.0
2018-11-21,Louisiana Ragin' Cajuns,68.0,away,0.0,0.0,True,7.0
2018-11-21,South Dakota State Jackrabbits,78.0,home,0.0,0.0,True,13.0
2018-11-21,Colorado State Rams,65.0,away,0.0,0.0,False,-13.0
2018-11-21,UT Martin Skyhawks,92.0,home,0.0,0.0,True,2.0
2018-11-21,Western Illinois Leathernecks,90.0,away,0.0,0.0,False,-2.0
2018-11-21,Wisconsin Badgers,62.0,home,0.0,0.0,True,16.0
2018-11-21,Stanford Cardinal,46.0,away,0.0,0.0,False,-16.0
2018-11-21,Boise State Broncos,70.0,home,0.0,0.0,False,-3.0
2018-11-21,Illinois State Redbirds,73.0,away,0.0,0.0,True,3.0
2018-11-21,Drexel Dragons,86.0,home,0.0,0.0,True,19.0
2018-11-21,Boston University Terriers,67.0,away,0.0,0.0,False,-19.0
2018-11-22,Buffalo Bulls,110.0,home,0.0,0.0,True,39.0
2018-11-22,Dartmouth Big Green,71.0,away,0.0,0.0,False,-39.0
2018-11-21,Kentucky Wildcats,87.0,home,0.0,0.0,True,13.0
2018-11-21,Winthrop Eagles,74.0,away,0.0,0.0,False,-13.0
2018-11-21,Florida Gators,60.0,home,0.0,0.0,False,-5.0
2018-11-21,Oklahoma Sooners,65.0,away,0.0,0.0,True,5.0
2018-11-21,Hartford Hawks,75.0,home,0.0,0.0,False,-5.0
2018-11-21,Iona Gaels,80.0,away,0.0,0.0,True,5.0
2018-11-21,Iowa State Cyclones,87.0,home,0.0,0.0,True,30.0
2018-11-21,San Diego State Aztecs,57.0,away,0.0,0.0,False,-30.0
2018-11-21,Georgia State Panthers,91.0,home,0.0,0.0,True,24.0
2018-11-21,Georgia Bulldogs,67.0,away,0.0,0.0,False,-24.0
2018-11-21,Mount St. Mary's Mountaineers,60.0,home,0.0,0.0,False,-14.0
2018-11-21,North Carolina A&T Aggies,74.0,away,0.0,0.0,True,14.0
2018-11-21,Tennessee Volunteers,92.0,home,0.0,0.0,True,11.0
2018-11-21,Louisville Cardinals,81.0,away,0.0,0.0,False,-11.0
2018-11-21,Utah Valley Wolverines,87.0,home,0.0,0.0,True,15.0
2018-11-21,Long Beach State Beach,72.0,away,0.0,0.0,False,-15.0
2018-11-21,Stony Brook Seawolves,97.0,home,0.0,0.0,True,36.0
2018-11-21,Molloy Lions,61.0,away,0.0,0.0,False,-36.0
2018-11-21,Siena Saints,69.0,home,0.0,0.0,False,-11.0
2018-11-21,Lehigh Mountain Hawks,80.0,away,0.0,0.0,True,11.0
2018-11-22,Youngstown State Penguins,104.0,home,0.0,0.0,True,38.0
2018-11-22,Westminster (PA) Titans,66.0,away,0.0,0.0,False,-38.0
2018-11-22,Princeton Tigers,66.0,home,0.0,0.0,False,-11.0
2018-11-22,Fairleigh Dickinson Knights,77.0,away,0.0,0.0,True,11.0
2018-11-21,Furman Paladins,74.0,home,0.0,0.0,True,17.0
2018-11-21,Southern Wesleyan Warriors,57.0,away,0.0,0.0,False,-17.0
2018-11-21,SMU Mustangs,77.0,home,0.0,0.0,True,1.0
2018-11-21,Wright State Raiders,76.0,away,0.0,0.0,False,-1.0
2018-11-21,Gonzaga Bulldogs,89.0,home,0.0,0.0,True,2.0
2018-11-21,Duke Blue Devils,87.0,away,0.0,0.0,False,-2.0
2018-11-22,Florida Atlantic Owls,73.0,home,0.0,0.0,True,11.0
2018-11-22,Palm Beach Atlantic Sailfish,62.0,away,0.0,0.0,False,-11.0
2018-11-22,Butler Bulldogs,64.0,home,0.0,0.0,False,-5.0
2018-11-22,Dayton Flyers,69.0,away,0.0,0.0,True,5.0
2018-11-21,Minnesota Golden Gophers,68.0,home,0.0,0.0,True,2.0
2018-11-21,Washington Huskies,66.0,away,0.0,0.0,False,-2.0
2018-11-22,East Carolina Pirates,76.0,home,0.0,0.0,True,12.0
2018-11-22,Prairie View A&M Panthers,64.0,away,0.0,0.0,False,-12.0
2018-11-22,Wofford Terriers,99.0,home,0.0,0.0,True,34.0
2018-11-22,Coppin State Eagles,65.0,away,0.0,0.0,False,-34.0
2018-11-22,Kansas City Roos,63.0,home,0.0,0.0,False,-3.0
2018-11-22,Drake Bulldogs,66.0,away,0.0,0.0,True,3.0
2018-11-22,Hofstra Pride,80.0,home,0.0,0.0,True,9.0
2018-11-22,Cal State Fullerton Titans,71.0,away,0.0,0.0,False,-9.0
2018-11-22,Jacksonville Dolphins,123.0,home,0.0,0.0,True,46.0
2018-11-22,Florida Memorial FLORIDA MEMORIAL,77.0,away,0.0,0.0,False,-46.0
2018-11-22,Vermont Catamounts,79.0,home,0.0,0.0,True,9.0
2018-11-22,Yale Bulldogs,70.0,away,0.0,0.0,False,-9.0
2018-11-22,South Florida Bulls,69.0,home,0.0,0.0,True,10.0
2018-11-22,Florida A&M Rattlers,59.0,away,0.0,0.0,False,-10.0
2018-11-22,Syracuse Orange,77.0,home,0.0,0.0,True,21.0
2018-11-22,Colgate Raiders,56.0,away,0.0,0.0,False,-21.0
2018-11-22,Creighton Bluejays,87.0,home,0.0,0.0,True,5.0
2018-11-22,Clemson Tigers,82.0,away,0.0,0.0,False,-5.0
2018-11-22,UC Irvine Anteaters,60.0,home,0.0,0.0,False,-7.0
2018-11-22,Toledo Rockets,67.0,away,0.0,0.0,True,7.0
2018-11-22,Kansas Jayhawks,77.0,home,0.0,0.0,True,9.0
2018-11-22,Marquette Golden Eagles,68.0,away,0.0,0.0,False,-9.0
2018-11-22,Boston College Eagles,78.0,home,0.0,0.0,True,12.0
2018-11-22,Loyola Chicago Ramblers,66.0,away,0.0,0.0,False,-12.0
2018-11-22,Cal Poly Mustangs,42.0,home,0.0,0.0,False,-12.0
2018-11-22,Texas State Bobcats,54.0,away,0.0,0.0,True,12.0
2018-11-22,Incarnate Word Cardinals,64.0,home,0.0,0.0,False,-26.0
2018-11-22,Northern Colorado Bears,90.0,away,0.0,0.0,True,26.0
2018-11-22,Texas A&M-Corpus Christi Islanders,61.0,home,0.0,0.0,True,3.0
2018-11-22,St. Mary's (TX) Rattlers,58.0,away,0.0,0.0,False,-3.0
2018-11-22,Army Black Knights,91.0,home,0.0,0.0,True,51.0
2018-11-22,SUNY-Maritime Privateers,40.0,away,0.0,0.0,False,-51.0
2018-11-22,Saint Mary's Gaels,57.0,home,0.0,0.0,False,-4.0
2018-11-22,Mississippi State Bulldogs,61.0,away,0.0,0.0,True,4.0
2018-11-22,New Mexico State Aggies,92.0,home,0.0,0.0,True,27.0
2018-11-22,E. New Mexico Greyhounds,65.0,away,0.0,0.0,False,-27.0
2018-11-22,Arkansas Razorbacks,90.0,home,0.0,0.0,True,22.0
2018-11-22,Montana State Bobcats,68.0,away,0.0,0.0,False,-22.0
2018-11-22,Bradley Braves,59.0,home,0.0,0.0,True,3.0
2018-11-22,Penn State Nittany Lions,56.0,away,0.0,0.0,False,-3.0
2018-11-22,Valparaiso Beacons,75.0,home,0.0,0.0,True,5.0
2018-11-22,SIU Edwardsville Cougars,70.0,away,0.0,0.0,False,-5.0
2018-11-22,Georgia Tech Yellow Jackets,72.0,home,0.0,0.0,True,28.0
2018-11-22,UT Rio Grande Valley Vaqueros,44.0,away,0.0,0.0,False,-28.0
2018-11-22,Loyola Marymount Lions,76.0,home,0.0,0.0,True,2.0
2018-11-22,Central Connecticut Blue Devils,74.0,away,0.0,0.0,False,-2.0
2018-11-22,Illinois Fighting Illini,74.0,home,0.0,0.0,False,-9.0
2018-11-22,Xavier Musketeers,83.0,away,0.0,0.0,True,9.0
2018-11-22,San Francisco Dons,61.0,home,0.0,0.0,True,4.0
2018-11-22,Harvard Crimson,57.0,away,0.0,0.0,False,-4.0
2018-11-22,Virginia Cavaliers,74.0,home,0.0,0.0,True,22.0
2018-11-22,Middle Tennessee Blue Raiders,52.0,away,0.0,0.0,False,-22.0
2018-11-22,BYU Cougars,105.0,home,0.0,0.0,True,27.0
2018-11-22,Rice Owls,78.0,away,0.0,0.0,False,-27.0
2018-11-22,Utah State Aggies,82.0,home,0.0,0.0,False,-5.0
2018-11-22,Arizona State Sun Devils,87.0,away,0.0,0.0,True,5.0
2018-11-22,Portland Pilots,73.0,home,0.0,0.0,True,17.0
2018-11-22,South Carolina Upstate Spartans,56.0,away,0.0,0.0,False,-17.0
2018-11-22,Arizona Wildcats,57.0,home,0.0,0.0,False,-16.0
2018-11-22,Auburn Tigers,73.0,away,0.0,0.0,True,16.0
2018-11-27,Oregon Ducks,84.0,home,0.0,0.0,False,-5.0
2018-11-27,Texas Southern Tigers,89.0,away,0.0,0.0,True,5.0
2018-11-27,Gonzaga Bulldogs,102.0,home,0.0,0.0,True,42.0
2018-11-27,North Dakota State Bison,60.0,away,0.0,0.0,False,-42.0
2018-11-27,Bethune-Cookman Wildcats,84.0,home,0.0,0.0,True,10.0
2018-11-27,Stetson Hatters,74.0,away,0.0,0.0,False,-10.0
2018-11-27,Iowa State Cyclones,82.0,home,0.0,0.0,True,27.0
2018-11-27,Omaha Mavericks,55.0,away,0.0,0.0,False,-27.0
2018-11-27,UT Rio Grande Valley Vaqueros,68.0,home,0.0,0.0,True,9.0
2018-11-27,Texas A&M-Corpus Christi Islanders,59.0,away,0.0,0.0,False,-9.0
2018-11-27,Boston College Eagles,68.0,home,0.0,0.0,True,12.0
2018-11-27,Minnesota Golden Gophers,56.0,away,0.0,0.0,False,-12.0
2018-11-27,Alabama Crimson Tide,78.0,home,0.0,0.0,True,6.0
2018-11-27,Murray State Racers,72.0,away,0.0,0.0,False,-6.0
2018-11-27,California Golden Bears,78.0,home,0.0,0.0,True,12.0
2018-11-27,Santa Clara Broncos,66.0,away,0.0,0.0,False,-12.0
2018-11-27,Delaware Blue Hens,75.0,home,0.0,0.0,True,4.0
2018-11-27,Louisiana Tech Bulldogs,71.0,away,0.0,0.0,False,-4.0
2018-11-27,South Carolina Gamecocks,61.0,home,0.0,0.0,False,-20.0
2018-11-27,Wofford Terriers,81.0,away,0.0,0.0,True,20.0
2018-11-27,Radford Highlanders,102.0,home,0.0,0.0,True,33.0
2018-11-27,Glenville State Pioneers,69.0,away,0.0,0.0,False,-33.0
2018-11-27,Clemson Tigers,66.0,home,0.0,0.0,False,-2.0
2018-11-27,Nebraska Cornhuskers,68.0,away,0.0,0.0,True,2.0
2018-11-27,Houston Christian Huskies,82.0,home,0.0,0.0,False,-4.0
2018-11-27,UTSA Roadrunners,86.0,away,0.0,0.0,True,4.0
2018-11-27,Mississippi State Bulldogs,88.0,home,0.0,0.0,True,23.0
2018-11-27,Alcorn State Braves,65.0,away,0.0,0.0,False,-23.0
2018-11-27,SE Louisiana Lions,86.0,home,0.0,0.0,True,15.0
2018-11-27,Louisiana Christian Wildcats,71.0,away,0.0,0.0,False,-15.0
2018-11-27,TCU Horned Frogs,87.0,home,0.0,0.0,True,18.0
2018-11-27,Eastern Michigan Eagles,69.0,away,0.0,0.0,False,-18.0
2018-11-27,Pepperdine Waves,97.0,home,0.0,0.0,True,15.0
2018-11-27,Idaho State Bengals,82.0,away,0.0,0.0,False,-15.0
2018-11-27,App State Mountaineers,91.0,home,0.0,0.0,True,27.0
2018-11-27,Winston-Salem Rams,64.0,away,0.0,0.0,False,-27.0
2018-11-25,UAB Blazers,68.0,home,0.0,0.0,True,10.0
2018-11-25,Canisius Golden Griffins,58.0,away,0.0,0.0,False,-10.0
2018-11-25,Morgan State Bears,78.0,home,0.0,0.0,True,10.0
2018-11-25,Mount St. Mary's Mountaineers,68.0,away,0.0,0.0,False,-10.0
2018-11-25,Southern Miss Golden Eagles,72.0,home,0.0,0.0,False,-6.0
2018-11-25,William Carey Crusaders,78.0,away,0.0,0.0,True,6.0
2018-11-25,Fordham Rams,77.0,home,0.0,0.0,True,31.0
2018-11-25,Alabama A&M Bulldogs,46.0,away,0.0,0.0,False,-31.0
2018-11-25,Illinois Fighting Illini,86.0,home,0.0,0.0,True,19.0
2018-11-25,Mississippi Valley State Delta Devils,67.0,away,0.0,0.0,False,-19.0
2018-11-25,Quinnipiac Bobcats,58.0,home,0.0,0.0,True,8.0
2018-11-25,Maine Black Bears,50.0,away,0.0,0.0,False,-8.0
2018-11-25,Oakland Golden Grizzlies,72.0,home,0.0,0.0,False,-20.0
2018-11-25,Northern Illinois Huskies,92.0,away,0.0,0.0,True,20.0
2018-11-25,Utah Utes,57.0,home,0.0,0.0,False,-22.0
2018-11-25,Northwestern Wildcats,79.0,away,0.0,0.0,True,22.0
2018-11-25,Vermont Catamounts,61.0,home,0.0,0.0,False,-8.0
2018-11-25,Bucknell Bison,69.0,away,0.0,0.0,True,8.0
2018-11-25,Oral Roberts Golden Eagles,78.0,home,0.0,0.0,True,9.0
2018-11-25,James Madison Dukes,69.0,away,0.0,0.0,False,-9.0
2018-11-25,UNC Wilmington Seahawks,82.0,home,0.0,0.0,True,17.0
2018-11-25,Eastern Illinois Panthers,65.0,away,0.0,0.0,False,-17.0
2018-11-25,Columbia Lions,85.0,home,0.0,0.0,True,47.0
2018-11-25,St. Joseph's (NY) Bears,38.0,away,0.0,0.0,False,-47.0
2018-11-25,Florida State Seminoles,60.0,home,0.0,0.0,False,-6.0
2018-11-25,Villanova Wildcats,66.0,away,0.0,0.0,True,6.0
2018-11-25,Fairleigh Dickinson Knights,76.0,home,0.0,0.0,False,-4.0
2018-11-25,Lafayette Leopards,80.0,away,0.0,0.0,True,4.0
2018-11-25,Morehead State Eagles,55.0,home,0.0,0.0,False,-32.0
2018-11-25,Lipscomb Bisons,87.0,away,0.0,0.0,True,32.0
2018-11-25,Fairfield Stags,86.0,home,0.0,0.0,True,1.0
2018-11-25,Denver Pioneers,85.0,away,0.0,0.0,False,-1.0
2018-11-25,SIU Edwardsville Cougars,80.0,home,0.0,0.0,True,12.0
2018-11-25,Incarnate Word Cardinals,68.0,away,0.0,0.0,False,-12.0
2018-11-25,Liberty Flames,82.0,home,0.0,0.0,True,26.0
2018-11-25,Savannah State Tigers,56.0,away,0.0,0.0,False,-26.0
2018-11-25,Central Michigan Chippewas,103.0,home,0.0,0.0,True,28.0
2018-11-25,Siena Heights Saints,75.0,away,0.0,0.0,False,-28.0
2018-11-25,Duquesne Dukes,83.0,home,0.0,0.0,True,12.0
2018-11-25,UMass Lowell River Hawks,71.0,away,0.0,0.0,False,-12.0
2018-11-25,Florida Atlantic Owls,85.0,home,0.0,0.0,True,17.0
2018-11-25,Florida Gulf Coast Eagles,68.0,away,0.0,0.0,False,-17.0
2018-11-25,Gardner-Webb Runnin' Bulldogs,69.0,home,0.0,0.0,False,-8.0
2018-11-25,Arkansas State Red Wolves,77.0,away,0.0,0.0,True,8.0
2018-11-25,UNC Asheville Bulldogs,51.0,home,0.0,0.0,False,-14.0
2018-11-25,Furman Paladins,65.0,away,0.0,0.0,True,14.0
2018-11-25,LSU Tigers,77.0,home,0.0,0.0,False,-13.0
2018-11-25,Oklahoma State Cowboys,90.0,away,0.0,0.0,True,13.0
2018-11-25,Hawai'i Rainbow Warriors,64.0,home,0.0,0.0,False,-15.0
2018-11-25,Fresno State Bulldogs,79.0,away,0.0,0.0,True,15.0
2018-11-25,Long Beach State Beach,72.0,home,0.0,0.0,False,-3.0
2018-11-25,Oregon State Beavers,75.0,away,0.0,0.0,True,3.0
2018-11-25,Bowling Green Falcons,81.0,home,0.0,0.0,True,10.0
2018-11-25,Drexel Dragons,71.0,away,0.0,0.0,False,-10.0
2018-11-25,Towson Tigers,85.0,home,0.0,0.0,True,16.0
2018-11-25,Loyola Maryland Greyhounds,69.0,away,0.0,0.0,False,-16.0
2018-11-25,Cleveland State Vikings,79.0,home,0.0,0.0,False,-3.0
2018-11-25,Purdue Fort Wayne Mastodons,82.0,away,0.0,0.0,True,3.0
2018-11-25,Central Connecticut Blue Devils,88.0,home,0.0,0.0,True,29.0
2018-11-25,Pine Manor,59.0,away,0.0,0.0,False,-29.0
2018-11-25,Wichita State Shockers,90.0,home,0.0,0.0,True,29.0
2018-11-25,Rice Owls,61.0,away,0.0,0.0,False,-29.0
2018-11-25,Stephen F. Austin Lumberjacks,73.0,home,0.0,0.0,True,13.0
2018-11-25,St. Edward's Hilltoppers,60.0,away,0.0,0.0,False,-13.0
2018-11-25,Richmond Spiders,66.0,home,0.0,0.0,False,-20.0
2018-11-25,Hampton Pirates,86.0,away,0.0,0.0,True,20.0
2018-11-25,Charleston Cougars,78.0,home,0.0,0.0,True,3.0
2018-11-25,Memphis Tigers,75.0,away,0.0,0.0,False,-3.0
2018-11-26,USC Trojans,90.0,home,0.0,0.0,True,15.0
2018-11-26,Cal State Bakersfield Roadrunners,75.0,away,0.0,0.0,False,-15.0
2018-11-26,Grand Canyon Lopes,82.0,home,0.0,0.0,True,12.0
2018-11-26,La Salle Explorers,70.0,away,0.0,0.0,False,-12.0
2018-11-25,Brown Bears,84.0,home,0.0,0.0,True,24.0
2018-11-25,Bryant Bulldogs,60.0,away,0.0,0.0,False,-24.0
2018-11-25,Seattle U Redhawks,70.0,home,0.0,0.0,True,20.0
2018-11-25,Longwood Lancers,50.0,away,0.0,0.0,False,-20.0
2018-11-26,Samford Bulldogs,77.0,home,0.0,0.0,True,17.0
2018-11-26,South Carolina State Bulldogs,60.0,away,0.0,0.0,False,-17.0
2018-11-26,Seton Hall Pirates,83.0,home,0.0,0.0,True,2.0
2018-11-26,Miami Hurricanes,81.0,away,0.0,0.0,False,-2.0
2018-11-23,Northern Illinois Huskies,87.0,home,0.0,0.0,True,21.0
2018-11-23,Oral Roberts Golden Eagles,66.0,away,0.0,0.0,False,-21.0
2018-11-23,Michigan Wolverines,83.0,home,0.0,0.0,True,28.0
2018-11-23,Chattanooga Mocs,55.0,away,0.0,0.0,False,-28.0
2018-11-23,Liberty Flames,76.0,home,0.0,0.0,True,22.0
2018-11-23,Alcorn State Braves,54.0,away,0.0,0.0,False,-22.0
2018-11-23,Wofford Terriers,97.0,home,0.0,0.0,True,51.0
2018-11-23,Mars Hill Mountain Lions,46.0,away,0.0,0.0,False,-51.0
2018-11-23,Seattle U Redhawks,82.0,home,0.0,0.0,True,19.0
2018-11-23,Denver Pioneers,63.0,away,0.0,0.0,False,-19.0
2018-11-23,North Carolina Central Eagles,63.0,home,0.0,0.0,False,-14.0
2018-11-23,Nicholls Colonels,77.0,away,0.0,0.0,True,14.0
2018-11-23,Charleston Southern Buccaneers,93.0,home,0.0,0.0,True,26.0
2018-11-23,Coppin State Eagles,67.0,away,0.0,0.0,False,-26.0
2018-11-23,Fresno State Bulldogs,76.0,home,0.0,0.0,False,-2.0
2018-11-23,Miami Hurricanes,78.0,away,0.0,0.0,True,2.0
2018-11-23,Western Michigan Broncos,85.0,home,0.0,0.0,True,15.0
2018-11-23,Southern Jaguars,70.0,away,0.0,0.0,False,-15.0
2018-11-23,Oklahoma State Cowboys,58.0,home,0.0,0.0,False,-19.0
2018-11-23,Villanova Wildcats,77.0,away,0.0,0.0,True,19.0
2018-11-23,Oklahoma Sooners,65.0,home,0.0,0.0,True,11.0
2018-11-23,Dayton Flyers,54.0,away,0.0,0.0,False,-11.0
2018-11-23,Oakland Golden Grizzlies,77.0,home,0.0,0.0,True,8.0
2018-11-23,James Madison Dukes,69.0,away,0.0,0.0,False,-8.0
2018-11-23,Stetson Hatters,79.0,home,0.0,0.0,False,-8.0
2018-11-23,VMI Keydets,87.0,away,0.0,0.0,True,8.0
2018-11-23,Memphis Tigers,71.0,home,0.0,0.0,True,8.0
2018-11-23,Canisius Golden Griffins,63.0,away,0.0,0.0,False,-8.0
2018-11-23,UMass Lowell River Hawks,88.0,home,0.0,0.0,True,29.0
2018-11-23,Massachusetts-Boston Beacons,59.0,away,0.0,0.0,False,-29.0
2018-11-23,Wake Forest Demon Deacons,91.0,home,0.0,0.0,False,-2.0
2018-11-23,Houston Christian Huskies,93.0,away,0.0,0.0,True,2.0
2018-11-23,Purdue Boilermakers,84.0,home,0.0,0.0,True,38.0
2018-11-23,Robert Morris Colonials,46.0,away,0.0,0.0,False,-38.0
2018-11-23,Arkansas-Pine Bluff Golden Lions,115.0,home,0.0,0.0,True,8.0
2018-11-23,California Baptist Lancers,107.0,away,0.0,0.0,False,-8.0
2018-11-23,Wisconsin Badgers,46.0,home,0.0,0.0,False,-7.0
2018-11-23,Virginia Cavaliers,53.0,away,0.0,0.0,True,7.0
2018-11-23,Rutgers Scarlet Knights,54.0,home,0.0,0.0,True,10.0
2018-11-23,Boston University Terriers,44.0,away,0.0,0.0,False,-10.0
2018-11-23,Florida State Seminoles,79.0,home,0.0,0.0,True,3.0
2018-11-23,LSU Tigers,76.0,away,0.0,0.0,False,-3.0
2018-11-23,North Carolina Tar Heels,94.0,home,0.0,0.0,True,16.0
2018-11-23,UCLA Bruins,78.0,away,0.0,0.0,False,-16.0
2018-11-23,Georgia Tech Yellow Jackets,65.0,home,0.0,0.0,True,11.0
2018-11-23,Prairie View A&M Panthers,54.0,away,0.0,0.0,False,-11.0
2018-11-23,Gardner-Webb Runnin' Bulldogs,78.0,home,0.0,0.0,False,-1.0
2018-11-23,Eastern Illinois Panthers,79.0,away,0.0,0.0,True,1.0
2018-11-23,Florida International Panthers,104.0,home,0.0,0.0,True,20.0
2018-11-23,Ave Maria Gyrenes,84.0,away,0.0,0.0,False,-20.0
2018-11-23,Niagara Purple Eagles,68.0,home,0.0,0.0,False,-6.0
2018-11-23,Grambling Tigers,74.0,away,0.0,0.0,True,6.0
2018-11-23,Texas Longhorns,68.0,home,0.0,0.0,False,-10.0
2018-11-23,Michigan State Spartans,78.0,away,0.0,0.0,True,10.0
2018-11-23,Longwood Lancers,67.0,home,0.0,0.0,True,2.0
2018-11-23,Fairfield Stags,65.0,away,0.0,0.0,False,-2.0
2018-11-23,Maryland Terrapins,104.0,home,0.0,0.0,True,37.0
2018-11-23,Marshall Thundering Herd,67.0,away,0.0,0.0,False,-37.0
2018-11-24,Stanford Cardinal,67.0,home,0.0,0.0,True,13.0
2018-11-24,Middle Tennessee Blue Raiders,54.0,away,0.0,0.0,False,-13.0
2018-11-24,Marquette Golden Eagles,77.0,home,0.0,0.0,True,3.0
2018-11-24,Louisville Cardinals,74.0,away,0.0,0.0,False,-3.0
2018-11-24,UC Santa Barbara Gauchos,76.0,home,0.0,0.0,True,7.0
2018-11-24,Portland State Vikings,69.0,away,0.0,0.0,False,-7.0
2018-11-23,Northwestern Wildcats,91.0,home,0.0,0.0,True,17.0
2018-11-23,La Salle Explorers,74.0,away,0.0,0.0,False,-17.0
2018-11-23,Little Rock Trojans,97.0,home,0.0,0.0,True,21.0
2018-11-23,Howard Bison,76.0,away,0.0,0.0,False,-21.0
2018-11-24,Tennessee Tech Golden Eagles,79.0,home,0.0,0.0,True,6.0
2018-11-24,UL Monroe Warhawks,73.0,away,0.0,0.0,False,-6.0
2018-11-24,UAB Blazers,51.0,home,0.0,0.0,False,-23.0
2018-11-24,Charleston Cougars,74.0,away,0.0,0.0,True,23.0
2018-11-24,IU Indianapolis Jaguars,68.0,home,0.0,0.0,True,20.0
2018-11-24,St. Francis Brooklyn Terriers,48.0,away,0.0,0.0,False,-20.0
2018-11-24,Purdue Fort Wayne Mastodons,66.0,home,0.0,0.0,False,-8.0
2018-11-24,Samford Bulldogs,74.0,away,0.0,0.0,True,8.0
2018-11-23,Vanderbilt Commodores,75.0,home,0.0,0.0,False,-2.0
2018-11-23,Kent State Golden Flashes,77.0,away,0.0,0.0,True,2.0
2018-11-24,Old Dominion Monarchs,72.0,home,0.0,0.0,True,7.0
2018-11-24,Northern Iowa Panthers,65.0,away,0.0,0.0,False,-7.0
2018-11-24,Cincinnati Bearcats,71.0,home,0.0,0.0,True,16.0
2018-11-24,George Mason Patriots,55.0,away,0.0,0.0,False,-16.0
2018-11-24,Kentucky Wildcats,77.0,home,0.0,0.0,True,15.0
2018-11-24,Tennessee State Tigers,62.0,away,0.0,0.0,False,-15.0
2018-11-24,Delaware Blue Hens,65.0,home,0.0,0.0,False,-19.0
2018-11-24,UNC Greensboro Spartans,84.0,away,0.0,0.0,True,19.0
2018-11-24,Indiana Hoosiers,76.0,home,0.0,0.0,True,14.0
2018-11-24,UC Davis Aggies,62.0,away,0.0,0.0,False,-14.0
2018-11-24,McNeese Cowboys,80.0,home,0.0,0.0,True,38.0
2018-11-24,Mississippi College Choctaws,42.0,away,0.0,0.0,False,-38.0
2018-11-24,Texas A&M Aggies,74.0,home,0.0,0.0,True,12.0
2018-11-24,South Alabama Jaguars,62.0,away,0.0,0.0,False,-12.0
2018-11-24,South Carolina Upstate Spartans,50.0,home,0.0,0.0,False,-32.0
2018-11-24,Texas State Bobcats,82.0,away,0.0,0.0,True,32.0
2018-11-24,Pacific Tigers,71.0,home,0.0,0.0,False,-2.0
2018-11-24,Abilene Christian Wildcats,73.0,away,0.0,0.0,True,2.0
2018-11-24,UT Rio Grande Valley Vaqueros,77.0,home,0.0,0.0,True,2.0
2018-11-24,Lamar Cardinals,75.0,away,0.0,0.0,False,-2.0
2018-11-24,Arkansas Razorbacks,78.0,home,0.0,0.0,True,18.0
2018-11-24,UT Arlington Mavericks,60.0,away,0.0,0.0,False,-18.0
2018-11-24,Florida Gators,54.0,home,0.0,0.0,False,-7.0
2018-11-24,Butler Bulldogs,61.0,away,0.0,0.0,True,7.0
2018-11-24,Ole Miss Rebels,78.0,home,0.0,0.0,True,8.0
2018-11-24,Baylor Bears,70.0,away,0.0,0.0,False,-8.0
2018-11-24,Northwestern State Demons,70.0,home,0.0,0.0,True,4.0
2018-11-24,Alabama A&M Bulldogs,66.0,away,0.0,0.0,False,-4.0
2018-11-24,Nevada Wolf Pack,110.0,home,0.0,0.0,True,23.0
2018-11-24,Massachusetts Minutemen,87.0,away,0.0,0.0,False,-23.0
2018-11-24,Utah Utes,75.0,home,0.0,0.0,True,9.0
2018-11-24,Grand Canyon Lopes,66.0,away,0.0,0.0,False,-9.0
2018-11-24,Ohio State Buckeyes,89.0,home,0.0,0.0,True,27.0
2018-11-24,Cleveland State Vikings,62.0,away,0.0,0.0,False,-27.0
2018-11-24,Milwaukee Panthers,79.0,home,0.0,0.0,True,9.0
2018-11-24,UAlbany Great Danes,70.0,away,0.0,0.0,False,-9.0
2018-11-24,Arkansas State Red Wolves,64.0,home,0.0,0.0,False,-14.0
2018-11-24,UNC Wilmington Seahawks,78.0,away,0.0,0.0,True,14.0
2018-11-24,Idaho Vandals,73.0,home,0.0,0.0,False,-4.0
2018-11-24,Northwest Nazarene Nw Nazarene,77.0,away,0.0,0.0,True,4.0
2018-11-24,Kansas Jayhawks,87.0,home,0.0,0.0,True,6.0
2018-11-24,Tennessee Volunteers,81.0,away,0.0,0.0,False,-6.0
2018-11-24,UNLV Rebels,76.0,home,0.0,0.0,True,5.0
2018-11-24,Southern Utah Thunderbirds,71.0,away,0.0,0.0,False,-5.0
2018-11-24,Portland Pilots,72.0,home,0.0,0.0,True,5.0
2018-11-24,Cal Poly Mustangs,67.0,away,0.0,0.0,False,-5.0
2018-11-24,Hawai'i Rainbow Warriors,54.0,home,0.0,0.0,False,-10.0
2018-11-24,Seton Hall Pirates,64.0,away,0.0,0.0,True,10.0
2018-11-24,Tulsa Golden Hurricane,69.0,home,0.0,0.0,False,-10.0
2018-11-24,Southern Illinois Salukis,79.0,away,0.0,0.0,True,10.0
2018-11-24,Elon Phoenix,64.0,home,0.0,0.0,False,-13.0
2018-11-24,UC Riverside Highlanders,77.0,away,0.0,0.0,True,13.0
2018-11-30,Boston College Eagles,81.0,home,0.0,0.0,True,8.0
2018-11-30,Sacred Heart Pioneers,73.0,away,0.0,0.0,False,-8.0
2018-11-30,James Madison Dukes,81.0,home,0.0,0.0,True,10.0
2018-11-30,Coppin State Eagles,71.0,away,0.0,0.0,False,-10.0
2018-11-30,Loyola Marymount Lions,106.0,home,0.0,0.0,True,56.0
2018-11-30,Bethesda University Flames,50.0,away,0.0,0.0,False,-56.0
2018-11-30,North Florida Ospreys,81.0,home,0.0,0.0,True,19.0
2018-11-30,Florida A&M Rattlers,62.0,away,0.0,0.0,False,-19.0
2018-11-30,Norfolk State Spartans,94.0,home,0.0,0.0,True,5.0
2018-11-30,Hampton Pirates,89.0,away,0.0,0.0,False,-5.0
2018-11-30,Alabama A&M Bulldogs,57.0,home,0.0,0.0,False,-10.0
2018-11-30,UAB Blazers,67.0,away,0.0,0.0,True,10.0
2018-11-29,Marist Red Foxes,76.0,home,0.0,0.0,True,18.0
2018-11-29,Dartmouth Big Green,58.0,away,0.0,0.0,False,-18.0
2018-11-30,Troy Trojans,74.0,home,0.0,0.0,False,-5.0
2018-11-30,Austin Peay Governors,79.0,away,0.0,0.0,True,5.0
2018-11-30,Texas Southern Tigers,81.0,home,0.0,0.0,True,5.0
2018-11-30,Huston-Tillotson Rams,76.0,away,0.0,0.0,False,-5.0
2018-11-30,Samford Bulldogs,93.0,home,0.0,0.0,False,-6.0
2018-11-30,Belmont Bruins,99.0,away,0.0,0.0,True,6.0
2018-11-30,Southern Utah Thunderbirds,111.0,home,0.0,0.0,True,47.0
2018-11-30,San Diego Christian Hawks,64.0,away,0.0,0.0,False,-47.0
2018-11-30,Idaho State Bengals,74.0,home,0.0,0.0,True,8.0
2018-11-30,Montana-Western Bulldogs,66.0,away,0.0,0.0,False,-8.0
2018-11-30,UC Santa Barbara Gauchos,75.0,home,0.0,0.0,True,17.0
2018-11-30,Sacramento State Hornets,58.0,away,0.0,0.0,False,-17.0
2018-11-30,Arizona Wildcats,100.0,home,0.0,0.0,True,30.0
2018-11-30,Georgia Southern Eagles,70.0,away,0.0,0.0,False,-30.0
2018-11-30,SMU Mustangs,91.0,home,0.0,0.0,True,32.0
2018-11-30,McNeese Cowboys,59.0,away,0.0,0.0,False,-32.0
2018-11-30,Chicago State Cougars,90.0,home,0.0,0.0,True,23.0
2018-11-30,East-West University Phantoms,67.0,away,0.0,0.0,False,-23.0
2018-11-30,UCF Knights,70.0,home,0.0,0.0,True,6.0
2018-11-30,Alabama Crimson Tide,64.0,away,0.0,0.0,False,-6.0
2018-11-30,North Carolina A&T Aggies,72.0,home,0.0,0.0,True,12.0
2018-11-30,Central Connecticut Blue Devils,60.0,away,0.0,0.0,False,-12.0
2018-11-29,LIU Brooklyn Liu Brooklyn,80.0,home,0.0,0.0,True,3.0
2018-11-29,UAlbany Great Danes,77.0,away,0.0,0.0,False,-3.0
2018-11-30,Campbell Fighting Camels,79.0,home,0.0,0.0,True,50.0
2018-11-30,Trinity College of Jacksonville Eagles,29.0,away,0.0,0.0,False,-50.0
2018-11-30,UC Riverside Highlanders,70.0,home,0.0,0.0,False,-10.0
2018-11-30,California Baptist Lancers,80.0,away,0.0,0.0,True,10.0
2018-11-30,UC Davis Aggies,73.0,home,0.0,0.0,True,16.0
2018-11-30,Northern Arizona Lumberjacks,57.0,away,0.0,0.0,False,-16.0
2018-11-30,Santa Clara Broncos,81.0,home,0.0,0.0,True,11.0
2018-11-30,Jackson State Tigers,70.0,away,0.0,0.0,False,-11.0
2018-11-30,Dartmouth Big Green,91.0,home,0.0,0.0,True,14.0
2018-11-30,UAlbany Great Danes,77.0,away,0.0,0.0,False,-14.0
2018-11-30,Marist Red Foxes,70.0,home,0.0,0.0,True,17.0
2018-11-30,LIU Brooklyn Liu Brooklyn,53.0,away,0.0,0.0,False,-17.0
2018-12-01,Texas Longhorns,59.0,home,0.0,0.0,False,-3.0
2018-12-01,Radford Highlanders,62.0,away,0.0,0.0,True,3.0
2018-12-01,TCU Horned Frogs,89.0,home,0.0,0.0,True,27.0
2018-12-01,Central Michigan Chippewas,62.0,away,0.0,0.0,False,-27.0
2018-12-01,Northern Kentucky Norse,78.0,home,0.0,0.0,True,18.0
2018-12-01,UMBC Retrievers,60.0,away,0.0,0.0,False,-18.0
2018-12-01,Maryland Eastern Shore Hawks,62.0,home,0.0,0.0,False,-9.0
2018-12-01,Delaware Blue Hens,71.0,away,0.0,0.0,True,9.0
2018-12-01,Saint Francis Red Flash,79.0,home,0.0,0.0,True,4.0
2018-12-01,Niagara Purple Eagles,75.0,away,0.0,0.0,False,-4.0
2018-12-01,South Carolina Gamecocks,85.0,home,0.0,0.0,True,6.0
2018-12-01,Coastal Carolina Chanticleers,79.0,away,0.0,0.0,False,-6.0
2018-12-01,Pittsburgh Panthers,74.0,home,0.0,0.0,True,21.0
2018-12-01,Duquesne Dukes,53.0,away,0.0,0.0,False,-21.0
2018-11-30,Rutgers Scarlet Knights,67.0,home,0.0,0.0,False,-11.0
2018-11-30,Michigan State Spartans,78.0,away,0.0,0.0,True,11.0
2018-12-01,Dayton Flyers,58.0,home,0.0,0.0,False,-7.0
2018-12-01,Mississippi State Bulldogs,65.0,away,0.0,0.0,True,7.0
2018-11-30,Morehead State Eagles,103.0,home,0.0,0.0,True,53.0
2018-11-30,Ohio-Chillicothe Hilltoppers,50.0,away,0.0,0.0,False,-53.0
2018-12-01,Towson Tigers,64.0,home,0.0,0.0,False,-6.0
2018-12-01,Vermont Catamounts,70.0,away,0.0,0.0,True,6.0
2018-11-30,Milwaukee Panthers,77.0,home,0.0,0.0,False,-19.0
2018-11-30,Buffalo Bulls,96.0,away,0.0,0.0,True,19.0
2018-12-01,South Florida Bulls,73.0,home,0.0,0.0,True,10.0
2018-12-01,Colgate Raiders,63.0,away,0.0,0.0,False,-10.0
2018-12-01,American University Eagles,58.0,home,0.0,0.0,False,-6.0
2018-12-01,Wagner Seahawks,64.0,away,0.0,0.0,True,6.0
2018-11-30,San Francisco Dons,76.0,home,0.0,0.0,True,18.0
2018-11-30,Stephen F. Austin Lumberjacks,58.0,away,0.0,0.0,False,-18.0
2018-12-01,Minnesota Golden Gophers,83.0,home,0.0,0.0,True,7.0
2018-12-01,Oklahoma State Cowboys,76.0,away,0.0,0.0,False,-7.0
2018-12-01,East Carolina Pirates,83.0,home,0.0,0.0,True,2.0
2018-12-01,App State Mountaineers,81.0,away,0.0,0.0,False,-2.0
2018-12-01,Iowa Hawkeyes,66.0,home,0.0,0.0,False,-6.0
2018-12-01,Wisconsin Badgers,72.0,away,0.0,0.0,True,6.0
2018-11-27,Sacred Heart Pioneers,98.0,home,0.0,0.0,True,9.0
2018-11-27,Hartford Hawks,89.0,away,0.0,0.0,False,-9.0
2018-11-28,Abilene Christian Wildcats,90.0,home,0.0,0.0,True,37.0
2018-11-28,Howard Payne Yellow Jackets,53.0,away,0.0,0.0,False,-37.0
2018-11-28,UNC Wilmington Seahawks,95.0,home,0.0,0.0,True,9.0
2018-11-28,East Carolina Pirates,86.0,away,0.0,0.0,False,-9.0
2018-11-28,UNC Greensboro Spartans,111.0,home,0.0,0.0,True,78.0
2018-11-28,Greensboro College Pride,33.0,away,0.0,0.0,False,-78.0
2018-11-28,Southern Jaguars,74.0,home,0.0,0.0,True,9.0
2018-11-28,Wiley Wildcats,65.0,away,0.0,0.0,False,-9.0
2018-11-28,The Citadel Bulldogs,112.0,home,0.0,0.0,True,25.0
2018-11-28,High Point Panthers,87.0,away,0.0,0.0,False,-25.0
2018-11-28,Elon Phoenix,92.0,home,0.0,0.0,True,33.0
2018-11-28,Central Penn Knights,59.0,away,0.0,0.0,False,-33.0
2018-11-28,Cincinnati Bearcats,105.0,home,0.0,0.0,True,56.0
2018-11-28,Arkansas-Pine Bluff Golden Lions,49.0,away,0.0,0.0,False,-56.0
2018-11-28,Mercer Bears,90.0,home,0.0,0.0,True,25.0
2018-11-28,Brewton-Parker Wildcats,65.0,away,0.0,0.0,False,-25.0
2018-11-28,Georgia Southern Eagles,64.0,home,0.0,0.0,False,-5.0
2018-11-28,East Tennessee State Buccaneers,69.0,away,0.0,0.0,True,5.0
2018-11-28,VMI Keydets,64.0,home,0.0,0.0,False,-10.0
2018-11-28,American University Eagles,74.0,away,0.0,0.0,True,10.0
2018-11-27,Saint Francis Red Flash,113.0,home,0.0,0.0,True,54.0
2018-11-27,Bloomsburg Huskies,59.0,away,0.0,0.0,False,-54.0
2018-11-28,Wright State Raiders,58.0,home,0.0,0.0,True,19.0
2018-11-28,Cedarville Yellow Jackets,39.0,away,0.0,0.0,False,-19.0
2018-11-28,Ohio Bobcats,89.0,home,0.0,0.0,True,24.0
2018-11-28,Iona Gaels,65.0,away,0.0,0.0,False,-24.0
2018-11-28,Norfolk State Spartans,73.0,home,0.0,0.0,False,-6.0
2018-11-28,Stony Brook Seawolves,79.0,away,0.0,0.0,True,6.0
2018-11-27,St. John's Red Storm,85.0,home,0.0,0.0,True,21.0
2018-11-27,Maryland Eastern Shore Hawks,64.0,away,0.0,0.0,False,-21.0
2018-11-28,UConn Huskies,97.0,home,0.0,0.0,True,22.0
2018-11-28,UMass Lowell River Hawks,75.0,away,0.0,0.0,False,-22.0
2018-11-28,Ball State Cardinals,108.0,home,0.0,0.0,True,46.0
2018-11-28,Tiffin Dragons,62.0,away,0.0,0.0,False,-46.0
2018-11-28,Chattanooga Mocs,95.0,home,0.0,0.0,True,33.0
2018-11-28,Hiwassee Tigers,62.0,away,0.0,0.0,False,-33.0
2018-11-28,Davidson Wildcats,76.0,home,0.0,0.0,True,20.0
2018-11-28,Charlotte 49ers,56.0,away,0.0,0.0,False,-20.0
2018-11-28,Florida Gators,98.0,home,0.0,0.0,True,32.0
2018-11-28,North Florida Ospreys,66.0,away,0.0,0.0,False,-32.0
2018-11-28,Louisville Cardinals,82.0,home,0.0,0.0,True,4.0
2018-11-28,Michigan State Spartans,78.0,away,0.0,0.0,False,-4.0
2018-11-28,Southeast Missouri State Redhawks,72.0,home,0.0,0.0,True,3.0
2018-11-28,Missouri S&T Miners,69.0,away,0.0,0.0,False,-3.0
2018-11-28,Notre Dame Fighting Irish,76.0,home,0.0,0.0,True,2.0
2018-11-28,Illinois Fighting Illini,74.0,away,0.0,0.0,False,-2.0
2018-11-28,Wake Forest Demon Deacons,71.0,home,0.0,0.0,True,7.0
2018-11-28,Western Carolina Catamounts,64.0,away,0.0,0.0,False,-7.0
2018-11-28,Northwestern State Demons,52.0,home,0.0,0.0,False,-28.0
2018-11-28,UL Monroe Warhawks,80.0,away,0.0,0.0,True,28.0
2018-11-28,Providence Friars,69.0,home,0.0,0.0,True,10.0
2018-11-28,Fairleigh Dickinson Knights,59.0,away,0.0,0.0,False,-10.0
2018-11-28,Colorado State Rams,67.0,home,0.0,0.0,False,-15.0
2018-11-28,Southern Illinois Salukis,82.0,away,0.0,0.0,True,15.0
2018-11-28,Georgia Bulldogs,84.0,home,0.0,0.0,True,33.0
2018-11-28,Kennesaw State Owls,51.0,away,0.0,0.0,False,-33.0
2018-11-28,SMU Mustangs,79.0,home,0.0,0.0,True,14.0
2018-11-28,Lamar Cardinals,65.0,away,0.0,0.0,False,-14.0
2018-11-28,Delaware State Hornets,48.0,home,0.0,0.0,False,-28.0
2018-11-28,Pennsylvania Quakers,76.0,away,0.0,0.0,True,28.0
2018-11-28,Penn State Nittany Lions,63.0,home,0.0,0.0,True,1.0
2018-11-28,Virginia Tech Hokies,62.0,away,0.0,0.0,False,-1.0
2018-11-28,Marquette Golden Eagles,76.0,home,0.0,0.0,True,21.0
2018-11-28,Charleston Southern Buccaneers,55.0,away,0.0,0.0,False,-21.0
2018-11-28,Baylor Bears,63.0,home,0.0,0.0,True,6.0
2018-11-28,South Dakota Coyotes,57.0,away,0.0,0.0,False,-6.0
2018-11-28,Drake Bulldogs,83.0,home,0.0,0.0,True,9.0
2018-11-28,Boise State Broncos,74.0,away,0.0,0.0,False,-9.0
2018-11-28,Morehead State Eagles,71.0,home,0.0,0.0,False,-22.0
2018-11-28,Northern Kentucky Norse,93.0,away,0.0,0.0,True,22.0
2018-11-28,Oklahoma Sooners,73.0,home,0.0,0.0,True,16.0
2018-11-28,North Texas Mean Green,57.0,away,0.0,0.0,False,-16.0
2018-11-28,Vanderbilt Commodores,120.0,home,0.0,0.0,True,35.0
2018-11-28,Savannah State Tigers,85.0,away,0.0,0.0,False,-35.0
2018-11-28,Loyola Chicago Ramblers,65.0,home,0.0,0.0,False,-14.0
2018-11-28,Nevada Wolf Pack,79.0,away,0.0,0.0,True,14.0
2018-11-28,Tulsa Golden Hurricane,72.0,home,0.0,0.0,True,14.0
2018-11-28,UT Arlington Mavericks,58.0,away,0.0,0.0,False,-14.0
2018-11-28,Iowa Hawkeyes,69.0,home,0.0,0.0,True,1.0
2018-11-28,Pittsburgh Panthers,68.0,away,0.0,0.0,False,-1.0
2018-11-28,Missouri Tigers,77.0,home,0.0,0.0,False,-2.0
2018-11-28,Temple Owls,79.0,away,0.0,0.0,True,2.0
2018-11-28,Duke Blue Devils,90.0,home,0.0,0.0,True,21.0
2018-11-28,Indiana Hoosiers,69.0,away,0.0,0.0,False,-21.0
2018-11-28,Weber State Wildcats,100.0,home,0.0,0.0,True,39.0
2018-11-28,Benedictine (AZ) Redhawks,61.0,away,0.0,0.0,False,-39.0
2018-11-28,Washington Huskies,83.0,home,0.0,0.0,True,24.0
2018-11-28,Eastern Washington Eagles,59.0,away,0.0,0.0,False,-24.0
2018-11-28,Wisconsin Badgers,79.0,home,0.0,0.0,True,4.0
2018-11-28,NC State Wolfpack,75.0,away,0.0,0.0,False,-4.0
2018-11-28,Montana State Bobcats,81.0,home,0.0,0.0,True,5.0
2018-11-28,North Dakota Fighting Hawks,76.0,away,0.0,0.0,False,-5.0
2018-11-28,Idaho Vandals,98.0,home,0.0,0.0,True,54.0
2018-11-28,West Coast Baptist Eagles,44.0,away,0.0,0.0,False,-54.0
2018-11-28,Washington State Cougars,103.0,home,0.0,0.0,True,9.0
2018-11-28,Cal State Northridge Matadors,94.0,away,0.0,0.0,False,-9.0
2018-11-28,San Diego State Aztecs,87.0,home,0.0,0.0,True,43.0
2018-11-28,Jackson State Tigers,44.0,away,0.0,0.0,False,-43.0
2018-11-24,Nicholls Colonels,62.0,home,0.0,0.0,True,1.0
2018-11-24,Western Michigan Broncos,61.0,away,0.0,0.0,False,-1.0
2018-11-24,North Carolina Central Eagles,83.0,home,0.0,0.0,True,12.0
2018-11-24,Southern Jaguars,71.0,away,0.0,0.0,False,-12.0
2018-11-24,Ohio Bobcats,85.0,home,0.0,0.0,True,3.0
2018-11-24,Austin Peay Governors,82.0,away,0.0,0.0,False,-3.0
2018-11-24,Miami (OH) RedHawks,85.0,home,0.0,0.0,True,30.0
2018-11-24,Army Black Knights,55.0,away,0.0,0.0,False,-30.0
2018-11-24,UMBC Retrievers,69.0,home,0.0,0.0,False,-4.0
2018-11-24,American University Eagles,73.0,away,0.0,0.0,True,4.0
2018-11-24,Troy Trojans,77.0,home,0.0,0.0,True,19.0
2018-11-24,North Alabama Lions,58.0,away,0.0,0.0,False,-19.0
2018-11-24,UConn Huskies,91.0,home,0.0,0.0,True,25.0
2018-11-24,New Hampshire Wildcats,66.0,away,0.0,0.0,False,-25.0
2018-11-24,James Madison Dukes,78.0,home,0.0,0.0,True,4.0
2018-11-24,Northern Illinois Huskies,74.0,away,0.0,0.0,False,-4.0
2018-11-24,Alcorn State Braves,75.0,home,0.0,0.0,False,-5.0
2018-11-24,Savannah State Tigers,80.0,away,0.0,0.0,True,5.0
2018-11-24,Kansas State Wildcats,77.0,home,0.0,0.0,True,19.0
2018-11-24,Lehigh Mountain Hawks,58.0,away,0.0,0.0,False,-19.0
2018-11-24,Pennsylvania Quakers,112.0,home,0.0,0.0,True,49.0
2018-11-24,Stockton,63.0,away,0.0,0.0,False,-49.0
2018-11-24,Virginia Tech Hokies,75.0,home,0.0,0.0,True,38.0
2018-11-24,Saint Francis Red Flash,37.0,away,0.0,0.0,False,-38.0
2018-11-24,Howard Bison,86.0,home,0.0,0.0,True,2.0
2018-11-24,California Baptist Lancers,84.0,away,0.0,0.0,False,-2.0
2018-11-24,Davidson Wildcats,78.0,home,0.0,0.0,True,9.0
2018-11-24,Northeastern Huskies,69.0,away,0.0,0.0,False,-9.0
2018-11-24,Georgetown Hoyas,93.0,home,0.0,0.0,True,8.0
2018-11-24,Campbell Fighting Camels,85.0,away,0.0,0.0,False,-8.0
2018-11-24,New Orleans Privateers,97.0,home,0.0,0.0,True,44.0
2018-11-24,University Park Jaguars,53.0,away,0.0,0.0,False,-44.0
2018-11-24,Indiana State Sycamores,63.0,home,0.0,0.0,True,9.0
2018-11-24,Western Kentucky Hilltoppers,54.0,away,0.0,0.0,False,-9.0
2018-11-24,Notre Dame Fighting Irish,95.0,home,0.0,0.0,True,25.0
2018-11-24,DePaul Blue Demons,70.0,away,0.0,0.0,False,-25.0
2018-11-24,Winthrop Eagles,116.0,home,0.0,0.0,True,40.0
2018-11-24,Warren Wilson Owls,76.0,away,0.0,0.0,False,-40.0
2018-11-24,Eastern Michigan Eagles,74.0,home,0.0,0.0,False,-4.0
2018-11-24,Detroit Mercy Titans,78.0,away,0.0,0.0,True,4.0
2018-11-24,Binghamton Bearcats,78.0,home,0.0,0.0,True,5.0
2018-11-24,Sacred Heart Pioneers,73.0,away,0.0,0.0,False,-5.0
2018-11-24,Western Carolina Catamounts,77.0,home,0.0,0.0,True,12.0
2018-11-24,Jacksonville Dolphins,65.0,away,0.0,0.0,False,-12.0
2018-11-24,Long Island University Sharks,70.0,home,0.0,0.0,False,-7.0
2018-11-24,NJIT Highlanders,77.0,away,0.0,0.0,True,7.0
2018-11-24,Rhode Island Rams,58.0,home,0.0,0.0,False,-10.0
2018-11-24,Stony Brook Seawolves,68.0,away,0.0,0.0,True,10.0
2018-11-24,Nebraska Cornhuskers,73.0,home,0.0,0.0,True,24.0
2018-11-24,Western Illinois Leathernecks,49.0,away,0.0,0.0,False,-24.0
2018-11-24,Wagner Seahawks,65.0,home,0.0,0.0,False,-24.0
2018-11-24,Rider Broncs,89.0,away,0.0,0.0,True,24.0
2018-11-24,Siena Saints,79.0,home,0.0,0.0,False,-5.0
2018-11-24,Colgate Raiders,84.0,away,0.0,0.0,True,5.0
2018-11-24,IU Indianapolis Jaguars,80.0,home,0.0,0.0,True,11.0
2018-11-24,Grambling Tigers,69.0,away,0.0,0.0,False,-11.0
2018-11-24,Omaha Mavericks,89.0,home,0.0,0.0,True,24.0
2018-11-24,Montana State Bobcats,65.0,away,0.0,0.0,False,-24.0
2018-11-24,Hartford Hawks,93.0,home,0.0,0.0,True,40.0
2018-11-24,Western New England Golden Bears,53.0,away,0.0,0.0,False,-40.0
2018-11-24,Illinois State Redbirds,79.0,home,0.0,0.0,True,17.0
2018-11-24,Lindenwood Lions,62.0,away,0.0,0.0,False,-17.0
2018-11-24,Monmouth Hawks,57.0,home,0.0,0.0,False,-3.0
2018-11-24,Princeton Tigers,60.0,away,0.0,0.0,True,3.0
2018-11-24,Denver Pioneers,64.0,home,0.0,0.0,True,2.0
2018-11-24,Longwood Lancers,62.0,away,0.0,0.0,False,-2.0
2018-11-24,Ball State Cardinals,82.0,home,0.0,0.0,True,10.0
2018-11-24,Evansville Purple Aces,72.0,away,0.0,0.0,False,-10.0
2018-11-24,Bradley Braves,86.0,home,0.0,0.0,True,16.0
2018-11-24,Chicago State Cougars,70.0,away,0.0,0.0,False,-16.0
2018-11-24,Oakland Golden Grizzlies,87.0,home,0.0,0.0,True,11.0
2018-11-24,Oral Roberts Golden Eagles,76.0,away,0.0,0.0,False,-11.0
2018-11-24,Kansas City Roos,94.0,home,0.0,0.0,True,36.0
2018-11-24,Avila Eagles,58.0,away,0.0,0.0,False,-36.0
2018-11-24,West Virginia Mountaineers,88.0,home,0.0,0.0,True,12.0
2018-11-24,Valparaiso Beacons,76.0,away,0.0,0.0,False,-12.0
2018-11-24,Buffalo Bulls,76.0,home,0.0,0.0,True,27.0
2018-11-24,Marist Red Foxes,49.0,away,0.0,0.0,False,-27.0
2018-11-24,South Florida Bulls,81.0,home,0.0,0.0,False,-3.0
2018-11-24,The Citadel Bulldogs,84.0,away,0.0,0.0,True,3.0
2018-11-24,Kennesaw State Owls,53.0,home,0.0,0.0,False,-38.0
2018-11-24,Belmont Bruins,91.0,away,0.0,0.0,True,38.0
2018-11-24,East Tennessee State Buccaneers,79.0,home,0.0,0.0,True,18.0
2018-11-24,North Dakota State Bison,61.0,away,0.0,0.0,False,-18.0
2018-11-24,Maryland Eastern Shore Hawks,77.0,home,0.0,0.0,True,25.0
2018-11-24,Central Penn Knights,52.0,away,0.0,0.0,False,-25.0
2018-11-24,William & Mary Tribe,87.0,home,0.0,0.0,True,2.0
2018-11-24,Saint Joseph's Hawks,85.0,away,0.0,0.0,False,-2.0
2018-11-24,Baylor Bears,72.0,home,0.0,0.0,True,11.0
2018-11-24,George Mason Patriots,61.0,away,0.0,0.0,False,-11.0
2018-11-24,Providence Friars,91.0,home,0.0,0.0,True,12.0
2018-11-24,Iona Gaels,79.0,away,0.0,0.0,False,-12.0
2018-11-24,UIC Flames,94.0,home,0.0,0.0,True,20.0
2018-11-24,UW-Parkside Rangers,74.0,away,0.0,0.0,False,-20.0
2018-11-24,Saint Louis Billikens,73.0,home,0.0,0.0,True,12.0
2018-11-24,Central Arkansas Bears,61.0,away,0.0,0.0,False,-12.0
2018-11-24,Little Rock Trojans,66.0,home,0.0,0.0,False,-9.0
2018-11-24,Arkansas-Pine Bluff Golden Lions,75.0,away,0.0,0.0,True,9.0
2018-11-24,North Texas Mean Green,75.0,home,0.0,0.0,True,9.0
2018-11-24,Saint Peter's Peacocks,66.0,away,0.0,0.0,False,-9.0
2018-11-24,George Washington Revolutionaries,70.0,home,0.0,0.0,True,27.0
2018-11-24,Manhattan Jaspers,43.0,away,0.0,0.0,False,-27.0
2018-11-24,UNC Greensboro Spartans,80.0,home,0.0,0.0,True,7.0
2018-11-24,Louisiana Tech Bulldogs,73.0,away,0.0,0.0,False,-7.0
2018-11-24,East Carolina Pirates,52.0,home,0.0,0.0,False,-3.0
2018-11-24,High Point Panthers,55.0,away,0.0,0.0,True,3.0
2018-11-24,Cal Poly Mustangs,75.0,home,0.0,0.0,True,1.0
2018-11-24,South Carolina Upstate Spartans,74.0,away,0.0,0.0,False,-1.0
2018-11-24,Air Force Falcons,56.0,home,0.0,0.0,False,-37.0
2018-11-24,Colorado Buffaloes,93.0,away,0.0,0.0,True,37.0
2018-11-24,Texas Tech Red Raiders,93.0,home,0.0,0.0,True,31.0
2018-11-24,Northern Colorado Bears,62.0,away,0.0,0.0,False,-31.0
2018-11-24,NC State Wolfpack,78.0,home,0.0,0.0,True,4.0
2018-11-24,Mercer Bears,74.0,away,0.0,0.0,False,-4.0
2018-11-24,San Francisco Dons,84.0,home,0.0,0.0,True,19.0
2018-11-24,Dartmouth Big Green,65.0,away,0.0,0.0,False,-19.0
2018-11-24,Eastern Illinois Panthers,90.0,home,0.0,0.0,True,4.0
2018-11-24,Arkansas State Red Wolves,86.0,away,0.0,0.0,False,-4.0
2018-11-24,Utah Valley Wolverines,74.0,home,0.0,0.0,True,6.0
2018-11-24,North Dakota Fighting Hawks,68.0,away,0.0,0.0,False,-6.0
2018-11-25,Ole Miss Rebels,57.0,home,0.0,0.0,False,-14.0
2018-11-25,Cincinnati Bearcats,71.0,away,0.0,0.0,True,14.0
2018-11-25,Niagara Purple Eagles,63.0,home,0.0,0.0,False,-12.0
2018-11-25,St. Francis Brooklyn Terriers,75.0,away,0.0,0.0,True,12.0
2018-11-25,Murray State Racers,77.0,home,0.0,0.0,True,11.0
2018-11-25,Missouri State Bears,66.0,away,0.0,0.0,False,-11.0
2018-11-24,UCF Knights,66.0,home,0.0,0.0,True,13.0
2018-11-24,Northern Kentucky Norse,53.0,away,0.0,0.0,False,-13.0
2018-11-24,BYU Cougars,62.0,home,0.0,0.0,False,-14.0
2018-11-24,Houston Cougars,76.0,away,0.0,0.0,True,14.0
2018-11-25,VCU Rams,69.0,home,0.0,0.0,True,2.0
2018-11-25,Hofstra Pride,67.0,away,0.0,0.0,False,-2.0
2018-11-24,Seattle U Redhawks,83.0,home,0.0,0.0,True,3.0
2018-11-24,Fairfield Stags,80.0,away,0.0,0.0,False,-3.0
2018-11-25,New Mexico Lobos,84.0,home,0.0,0.0,True,6.0
2018-11-25,UTEP Miners,78.0,away,0.0,0.0,False,-6.0
2018-11-25,Portland State Vikings,91.0,home,0.0,0.0,True,16.0
2018-11-25,Northwest Nazarene Nw Nazarene,75.0,away,0.0,0.0,False,-16.0
2018-11-25,UNC Wilmington Seahawks,72.0,home,0.0,0.0,False,-9.0
2018-11-25,Gardner-Webb Runnin' Bulldogs,81.0,away,0.0,0.0,True,9.0
2018-11-24,San José State Spartans,63.0,home,0.0,0.0,False,-8.0
2018-11-24,Santa Clara Broncos,71.0,away,0.0,0.0,True,8.0
2018-11-25,Loyola Marymount Lions,71.0,home,0.0,0.0,True,8.0
2018-11-25,Florida A&M Rattlers,63.0,away,0.0,0.0,False,-8.0
2018-11-25,Portland Pilots,68.0,home,0.0,0.0,False,-23.0
2018-11-25,Texas State Bobcats,91.0,away,0.0,0.0,True,23.0
2018-11-25,Idaho Vandals,55.0,home,0.0,0.0,False,-11.0
2018-11-25,UC Santa Barbara Gauchos,66.0,away,0.0,0.0,True,11.0
2018-11-25,UC Riverside Highlanders,48.0,home,0.0,0.0,False,-12.0
2018-11-25,Abilene Christian Wildcats,60.0,away,0.0,0.0,True,12.0
2018-11-25,San Diego Toreros,76.0,home,0.0,0.0,True,18.0
2018-11-25,Jackson State Tigers,58.0,away,0.0,0.0,False,-18.0
2018-11-25,Saint Mary's Gaels,68.0,home,0.0,0.0,False,-6.0
2018-11-25,Harvard Crimson,74.0,away,0.0,0.0,True,6.0
2018-11-25,Pacific Tigers,65.0,home,0.0,0.0,True,8.0
2018-11-25,Elon Phoenix,57.0,away,0.0,0.0,False,-8.0
2018-11-25,Washington State Cougars,80.0,home,0.0,0.0,True,28.0
2018-11-25,Delaware State Hornets,52.0,away,0.0,0.0,False,-28.0
2018-11-25,Sacramento State Hornets,87.0,home,0.0,0.0,True,5.0
2018-11-25,Cal State Fullerton Titans,82.0,away,0.0,0.0,False,-5.0
2018-11-28,Tulane Green Wave,76.0,home,0.0,0.0,False,-4.0
2018-11-28,Georgia State Panthers,80.0,away,0.0,0.0,True,4.0
2018-11-28,Jacksonville State Gamecocks,101.0,home,0.0,0.0,True,40.0
2018-11-28,Carver College Cougars,61.0,away,0.0,0.0,False,-40.0
2018-11-28,Xavier Musketeers,82.0,home,0.0,0.0,True,27.0
2018-11-28,Miami (OH) RedHawks,55.0,away,0.0,0.0,False,-27.0
2018-11-28,West Virginia Mountaineers,92.0,home,0.0,0.0,True,14.0
2018-11-28,Rider Broncs,78.0,away,0.0,0.0,False,-14.0
2018-11-29,Presbyterian Blue Hose,86.0,home,0.0,0.0,False,-4.0
2018-11-29,St. Francis Brooklyn Terriers,90.0,away,0.0,0.0,True,4.0
2018-11-29,Bryant Bulldogs,61.0,home,0.0,0.0,False,-42.0
2018-11-29,Yale Bulldogs,103.0,away,0.0,0.0,True,42.0
2018-11-29,Auburn Tigers,99.0,home,0.0,0.0,True,50.0
2018-11-29,Saint Peter's Peacocks,49.0,away,0.0,0.0,False,-50.0
2018-11-29,IU Indianapolis Jaguars,85.0,home,0.0,0.0,True,12.0
2018-11-29,Bradley Braves,73.0,away,0.0,0.0,False,-12.0
2018-11-29,Navy Midshipmen,58.0,home,0.0,0.0,False,-18.0
2018-11-29,Liberty Flames,76.0,away,0.0,0.0,True,18.0
2018-11-29,Toledo Rockets,80.0,home,0.0,0.0,True,21.0
2018-11-29,North Alabama Lions,59.0,away,0.0,0.0,False,-21.0
2018-11-29,South Carolina Upstate Spartans,61.0,home,0.0,0.0,False,-13.0
2018-11-29,Gardner-Webb Runnin' Bulldogs,74.0,away,0.0,0.0,True,13.0
2018-11-29,Robert Morris Colonials,76.0,home,0.0,0.0,True,20.0
2018-11-29,Youngstown State Penguins,56.0,away,0.0,0.0,False,-20.0
2018-11-29,Kentucky Wildcats,90.0,home,0.0,0.0,True,46.0
2018-11-29,Monmouth Hawks,44.0,away,0.0,0.0,False,-46.0
2018-11-28,Tennessee Volunteers,95.0,home,0.0,0.0,True,28.0
2018-11-28,Eastern Kentucky Colonels,67.0,away,0.0,0.0,False,-28.0
2018-11-29,Evansville Purple Aces,86.0,home,0.0,0.0,True,8.0
2018-11-29,Wyoming Cowboys,78.0,away,0.0,0.0,False,-8.0
2018-11-29,Tennessee Tech Golden Eagles,70.0,home,0.0,0.0,False,-12.0
2018-11-29,Winthrop Eagles,82.0,away,0.0,0.0,True,12.0
2018-11-29,Detroit Mercy Titans,72.0,home,0.0,0.0,False,-4.0
2018-11-29,Kent State Golden Flashes,76.0,away,0.0,0.0,True,4.0
2018-11-29,Lafayette Leopards,58.0,home,0.0,0.0,False,-5.0
2018-11-29,Cornell Big Red,63.0,away,0.0,0.0,True,5.0
2018-11-29,North Carolina Central Eagles,110.0,home,0.0,0.0,True,59.0
2018-11-29,Christendom Crusaders,51.0,away,0.0,0.0,False,-59.0
2018-11-29,Harvard Crimson,73.0,home,0.0,0.0,True,11.0
2018-11-29,Holy Cross Crusaders,62.0,away,0.0,0.0,False,-11.0
2018-11-29,New Hampshire Wildcats,53.0,home,0.0,0.0,False,-29.0
2018-11-29,Boston University Terriers,82.0,away,0.0,0.0,True,29.0
2018-11-29,George Mason Patriots,82.0,home,0.0,0.0,True,7.0
2018-11-29,Morgan State Bears,75.0,away,0.0,0.0,False,-7.0
2018-11-29,George Washington Revolutionaries,53.0,home,0.0,0.0,False,-16.0
2018-11-29,Vermont Catamounts,69.0,away,0.0,0.0,True,16.0
2018-11-29,Rhode Island Rams,71.0,home,0.0,0.0,True,20.0
2018-11-29,Brown Bears,51.0,away,0.0,0.0,False,-20.0
2018-11-29,Bucknell Bison,78.0,home,0.0,0.0,False,-18.0
2018-11-29,Northeastern Huskies,96.0,away,0.0,0.0,True,18.0
2018-11-29,Marshall Thundering Herd,84.0,home,0.0,0.0,True,20.0
2018-11-29,William & Mary Tribe,64.0,away,0.0,0.0,False,-20.0
2018-11-29,Charleston Cougars,83.0,home,0.0,0.0,True,13.0
2018-11-29,South Carolina State Bulldogs,70.0,away,0.0,0.0,False,-13.0
2018-11-29,Old Dominion Monarchs,62.0,home,0.0,0.0,True,10.0
2018-11-29,VCU Rams,52.0,away,0.0,0.0,False,-10.0
2018-11-29,Maine Black Bears,59.0,home,0.0,0.0,False,-14.0
2018-11-29,Princeton Tigers,73.0,away,0.0,0.0,True,14.0
2018-11-29,Saint Joseph's Hawks,89.0,home,0.0,0.0,True,14.0
2018-11-29,UIC Flames,75.0,away,0.0,0.0,False,-14.0
2018-11-29,Massachusetts Minutemen,69.0,home,0.0,0.0,True,7.0
2018-11-29,Quinnipiac Bobcats,62.0,away,0.0,0.0,False,-7.0
2018-11-29,Drexel Dragons,67.0,home,0.0,0.0,False,-3.0
2018-11-29,NJIT Highlanders,70.0,away,0.0,0.0,True,3.0
2018-11-29,St. Bonaventure Bonnies,70.0,home,0.0,0.0,True,15.0
2018-11-29,Canisius Golden Griffins,55.0,away,0.0,0.0,False,-15.0
2018-11-29,South Florida Bulls,75.0,home,0.0,0.0,True,4.0
2018-11-29,Stetson Hatters,71.0,away,0.0,0.0,False,-4.0
2018-11-29,Akron Zips,86.0,home,0.0,0.0,True,32.0
2018-11-29,Alabama State Hornets,54.0,away,0.0,0.0,False,-32.0
2018-11-29,Hofstra Pride,94.0,home,0.0,0.0,True,8.0
2018-11-29,Siena Saints,86.0,away,0.0,0.0,False,-8.0
2018-11-29,Ohio State Buckeyes,62.0,home,0.0,0.0,False,-10.0
2018-11-29,Syracuse Orange,72.0,away,0.0,0.0,True,10.0
2018-11-29,Georgetown Hoyas,90.0,home,0.0,0.0,True,8.0
2018-11-29,Richmond Spiders,82.0,away,0.0,0.0,False,-8.0
2018-11-29,Miami Hurricanes,54.0,home,0.0,0.0,False,-3.0
2018-11-29,Rutgers Scarlet Knights,57.0,away,0.0,0.0,True,3.0
2018-11-29,Sam Houston Bearkats,65.0,home,0.0,0.0,False,-16.0
2018-11-29,Central Michigan Chippewas,81.0,away,0.0,0.0,True,16.0
2018-11-29,Florida Gulf Coast Eagles,80.0,home,0.0,0.0,False,-1.0
2018-11-29,Florida International Panthers,81.0,away,0.0,0.0,True,1.0
2018-11-29,Army Black Knights,67.0,home,0.0,0.0,True,11.0
2018-11-29,Binghamton Bearcats,56.0,away,0.0,0.0,False,-11.0
2018-11-29,Ole Miss Rebels,93.0,home,0.0,0.0,True,7.0
2018-11-29,San Diego Toreros,86.0,away,0.0,0.0,False,-7.0
2018-11-29,Nicholls Colonels,85.0,home,0.0,0.0,True,20.0
2018-11-29,Spring Hill Badgers,65.0,away,0.0,0.0,False,-20.0
2018-11-29,South Dakota State Jackrabbits,75.0,home,0.0,0.0,True,28.0
2018-11-29,Kansas City Roos,47.0,away,0.0,0.0,False,-28.0
2018-11-29,New Orleans Privateers,73.0,home,0.0,0.0,False,-4.0
2018-11-29,Louisiana Ragin' Cajuns,77.0,away,0.0,0.0,True,4.0
2018-11-29,Texas State Bobcats,74.0,home,0.0,0.0,True,14.0
2018-11-29,Rice Owls,60.0,away,0.0,0.0,False,-14.0
2018-11-29,Maryland Terrapins,71.0,home,0.0,0.0,False,-5.0
2018-11-29,Virginia Cavaliers,76.0,away,0.0,0.0,True,5.0
2018-11-29,Southern Miss Golden Eagles,71.0,home,0.0,0.0,True,4.0
2018-11-29,South Alabama Jaguars,67.0,away,0.0,0.0,False,-4.0
2018-11-29,Mississippi Valley State Delta Devils,102.0,home,0.0,0.0,True,40.0
2018-11-29,Rust Bearcats,62.0,away,0.0,0.0,False,-40.0
2018-11-29,Western Illinois Leathernecks,83.0,home,0.0,0.0,True,25.0
2018-11-29,SIU Edwardsville Cougars,58.0,away,0.0,0.0,False,-25.0
2018-11-29,Green Bay Phoenix,85.0,home,0.0,0.0,True,2.0
2018-11-29,Northern Illinois Huskies,83.0,away,0.0,0.0,False,-2.0
2018-11-29,Eastern Illinois Panthers,60.0,home,0.0,0.0,False,-44.0
2018-11-29,Purdue Fort Wayne Mastodons,104.0,away,0.0,0.0,True,44.0
2018-11-29,Central Arkansas Bears,78.0,home,0.0,0.0,True,13.0
2018-11-29,Little Rock Trojans,65.0,away,0.0,0.0,False,-13.0
2018-11-29,Houston Cougars,58.0,home,0.0,0.0,True,5.0
2018-11-29,UT Rio Grande Valley Vaqueros,53.0,away,0.0,0.0,False,-5.0
2018-11-29,Illinois State Redbirds,92.0,home,0.0,0.0,True,3.0
2018-11-29,BYU Cougars,89.0,away,0.0,0.0,False,-3.0
2018-11-29,Utah State Aggies,71.0,home,0.0,0.0,True,19.0
2018-11-29,Northern Iowa Panthers,52.0,away,0.0,0.0,False,-19.0
2018-11-29,Creighton Bluejays,98.0,home,0.0,0.0,True,26.0
2018-11-29,Montana Grizzlies,72.0,away,0.0,0.0,False,-26.0
2018-11-29,UCLA Bruins,80.0,home,0.0,0.0,True,19.0
2018-11-29,Hawai'i Rainbow Warriors,61.0,away,0.0,0.0,False,-19.0
2018-11-29,DePaul Blue Demons,83.0,home,0.0,0.0,True,10.0
2018-11-29,Cleveland State Vikings,73.0,away,0.0,0.0,False,-10.0
2018-11-29,Arizona State Sun Devils,89.0,home,0.0,0.0,True,18.0
2018-11-29,Omaha Mavericks,71.0,away,0.0,0.0,False,-18.0
2018-11-29,Denver Pioneers,72.0,home,0.0,0.0,False,-16.0
2018-11-29,Northern Colorado Bears,88.0,away,0.0,0.0,True,16.0
2018-11-29,UTEP Miners,58.0,home,0.0,0.0,False,-4.0
2018-11-29,New Mexico State Aggies,62.0,away,0.0,0.0,True,4.0
2018-11-29,Utah Valley Wolverines,82.0,home,0.0,0.0,True,23.0
2018-11-29,Western State Colorado University Mountaineers,59.0,away,0.0,0.0,False,-23.0
2018-11-29,Northwestern Wildcats,67.0,home,0.0,0.0,True,6.0
2018-11-29,Georgia Tech Yellow Jackets,61.0,away,0.0,0.0,False,-6.0
2018-11-29,Colorado Buffaloes,93.0,home,0.0,0.0,True,24.0
2018-11-29,Portland Pilots,69.0,away,0.0,0.0,False,-24.0
2018-11-29,Seattle U Redhawks,107.0,home,0.0,0.0,True,35.0
2018-11-29,Northwest University Eagles,72.0,away,0.0,0.0,False,-35.0
2018-11-29,UNLV Rebels,64.0,home,0.0,0.0,False,-8.0
2018-11-29,Valparaiso Beacons,72.0,away,0.0,0.0,True,8.0
2018-11-29,Fresno State Bulldogs,81.0,home,0.0,0.0,True,3.0
2018-11-29,Pacific Tigers,78.0,away,0.0,0.0,False,-3.0
2018-11-29,Michigan Wolverines,84.0,home,0.0,0.0,True,17.0
2018-11-29,North Carolina Tar Heels,67.0,away,0.0,0.0,False,-17.0
2018-11-29,Florida State Seminoles,73.0,home,0.0,0.0,True,1.0
2018-11-29,Purdue Boilermakers,72.0,away,0.0,0.0,False,-1.0
2018-11-29,Saint Mary's Gaels,75.0,home,0.0,0.0,False,-5.0
2018-11-29,UC Irvine Anteaters,80.0,away,0.0,0.0,True,5.0
2018-11-29,Air Force Falcons,88.0,home,0.0,0.0,True,19.0
2018-11-29,Missouri State Bears,69.0,away,0.0,0.0,False,-19.0
2018-11-29,Stanford Cardinal,79.0,home,0.0,0.0,True,12.0
2018-11-29,Portland State Vikings,67.0,away,0.0,0.0,False,-12.0
2018-11-29,USC Trojans,75.0,home,0.0,0.0,True,10.0
2018-11-29,Long Beach State Beach,65.0,away,0.0,0.0,False,-10.0
2018-11-29,San José State Spartans,57.0,home,0.0,0.0,False,-29.0
2018-11-29,Indiana State Sycamores,86.0,away,0.0,0.0,True,29.0
2018-12-02,Valparaiso Beacons,82.0,home,0.0,0.0,True,9.0
2018-12-02,UC Riverside Highlanders,73.0,away,0.0,0.0,False,-9.0
2018-12-02,Lafayette Leopards,62.0,home,0.0,0.0,False,-2.0
2018-12-02,Sacred Heart Pioneers,64.0,away,0.0,0.0,True,2.0
2018-12-02,Columbia Lions,86.0,home,0.0,0.0,False,-1.0
2018-12-02,Delaware Blue Hens,87.0,away,0.0,0.0,True,1.0
2018-12-02,East Carolina Pirates,70.0,home,0.0,0.0,True,23.0
2018-12-02,Maryland Eastern Shore Hawks,47.0,away,0.0,0.0,False,-23.0
2018-12-02,Missouri Tigers,64.0,home,0.0,0.0,True,2.0
2018-12-02,UCF Knights,62.0,away,0.0,0.0,False,-2.0
2018-12-03,Washington Huskies,67.0,home,0.0,0.0,True,4.0
2018-12-03,UC Santa Barbara Gauchos,63.0,away,0.0,0.0,False,-4.0
2018-12-02,SMU Mustangs,79.0,home,0.0,0.0,True,12.0
2018-12-02,Oral Roberts Golden Eagles,67.0,away,0.0,0.0,False,-12.0
2018-12-03,Ohio State Buckeyes,79.0,home,0.0,0.0,True,20.0
2018-12-03,Minnesota Golden Gophers,59.0,away,0.0,0.0,False,-20.0
2018-12-02,UConn Huskies,72.0,home,0.0,0.0,False,-4.0
2018-12-02,Arizona Wildcats,76.0,away,0.0,0.0,True,4.0
2018-12-02,Nebraska Cornhuskers,75.0,home,0.0,0.0,True,15.0
2018-12-02,Illinois Fighting Illini,60.0,away,0.0,0.0,False,-15.0
2018-12-02,Tennessee Volunteers,79.0,home,0.0,0.0,True,28.0
2018-12-02,Texas A&M-Corpus Christi Islanders,51.0,away,0.0,0.0,False,-28.0
2018-12-02,Florida Gulf Coast Eagles,56.0,home,0.0,0.0,False,-18.0
2018-12-02,Colgate Raiders,74.0,away,0.0,0.0,True,18.0
2018-12-03,UCLA Bruins,82.0,home,0.0,0.0,True,24.0
2018-12-03,Loyola Marymount Lions,58.0,away,0.0,0.0,False,-24.0
2018-12-02,Southern Miss Golden Eagles,106.0,home,0.0,0.0,True,60.0
2018-12-02,Rust Bearcats,46.0,away,0.0,0.0,False,-60.0
2018-12-03,Michigan State Spartans,90.0,home,0.0,0.0,True,22.0
2018-12-03,Iowa Hawkeyes,68.0,away,0.0,0.0,False,-22.0
2018-12-04,Florida State Seminoles,83.0,home,0.0,0.0,True,16.0
2018-12-04,Troy Trojans,67.0,away,0.0,0.0,False,-16.0
2018-12-04,DePaul Blue Demons,65.0,home,0.0,0.0,True,15.0
2018-12-04,Florida A&M Rattlers,50.0,away,0.0,0.0,False,-15.0
2018-12-04,Coppin State Eagles,60.0,home,0.0,0.0,False,-11.0
2018-12-04,UMBC Retrievers,71.0,away,0.0,0.0,True,11.0
2018-12-04,Montana Grizzlies,80.0,home,0.0,0.0,True,28.0
2018-12-04,College of Idaho Yotes,52.0,away,0.0,0.0,False,-28.0
2018-12-03,Georgetown Hoyas,88.0,home,0.0,0.0,True,10.0
2018-12-03,Liberty Flames,78.0,away,0.0,0.0,False,-10.0
2018-12-04,Delaware State Hornets,102.0,home,0.0,0.0,True,36.0
2018-12-04,Cairn University Highlanders,66.0,away,0.0,0.0,False,-36.0
2018-12-04,St. Francis Brooklyn Terriers,104.0,home,0.0,0.0,True,29.0
2018-12-04,St. Joseph's (NY) Bears,75.0,away,0.0,0.0,False,-29.0
2018-12-04,Pittsburgh Panthers,70.0,home,0.0,0.0,False,-1.0
2018-12-04,Niagara Purple Eagles,71.0,away,0.0,0.0,True,1.0
2018-12-04,Iowa State Cyclones,81.0,home,0.0,0.0,True,22.0
2018-12-04,North Dakota State Bison,59.0,away,0.0,0.0,False,-22.0
2018-12-04,George Mason Patriots,67.0,home,0.0,0.0,False,-5.0
2018-12-04,Vermont Catamounts,72.0,away,0.0,0.0,True,5.0
2018-12-04,Texas A&M Aggies,80.0,home,0.0,0.0,True,21.0
2018-12-04,Northwestern State Demons,59.0,away,0.0,0.0,False,-21.0
2018-12-04,Georgia Bulldogs,92.0,home,0.0,0.0,True,17.0
2018-12-04,Texas Southern Tigers,75.0,away,0.0,0.0,False,-17.0
2018-12-04,Virginia Cavaliers,83.0,home,0.0,0.0,True,38.0
2018-12-04,Morgan State Bears,45.0,away,0.0,0.0,False,-38.0
2018-12-04,Wisconsin Badgers,69.0,home,0.0,0.0,True,5.0
2018-12-04,Rutgers Scarlet Knights,64.0,away,0.0,0.0,False,-5.0
2018-12-04,East Tennessee State Buccaneers,107.0,home,0.0,0.0,True,47.0
2018-12-04,Reinhardt Eagles,60.0,away,0.0,0.0,False,-47.0
2018-12-04,Pepperdine Waves,83.0,home,0.0,0.0,False,-7.0
2018-12-04,Cal State Northridge Matadors,90.0,away,0.0,0.0,True,7.0
2018-12-08,South Dakota State Jackrabbits,101.0,home,0.0,0.0,True,9.0
2018-12-08,Southern Jaguars,92.0,away,0.0,0.0,False,-9.0
2018-12-08,Santa Clara Broncos,66.0,home,0.0,0.0,False,-2.0
2018-12-08,Idaho State Bengals,68.0,away,0.0,0.0,True,2.0
2018-12-08,Stephen F. Austin Lumberjacks,93.0,home,0.0,0.0,False,-3.0
2018-12-08,Louisiana Tech Bulldogs,96.0,away,0.0,0.0,True,3.0
2018-12-08,Providence Friars,78.0,home,0.0,0.0,False,-1.0
2018-12-08,Massachusetts Minutemen,79.0,away,0.0,0.0,True,1.0
2018-12-08,Columbia Lions,90.0,home,0.0,0.0,True,22.0
2018-12-08,Bryant Bulldogs,68.0,away,0.0,0.0,False,-22.0
2018-12-08,Longwood Lancers,68.0,home,0.0,0.0,True,3.0
2018-12-08,Frostburg State Bobcats,65.0,away,0.0,0.0,False,-3.0
2018-12-08,UMass Lowell River Hawks,110.0,home,0.0,0.0,True,47.0
2018-12-08,Maine-Fort Kent Bengals,63.0,away,0.0,0.0,False,-47.0
2018-12-08,Elon Phoenix,74.0,home,0.0,0.0,False,-1.0
2018-12-08,UNC Greensboro Spartans,75.0,away,0.0,0.0,True,1.0
2018-12-08,Missouri Tigers,80.0,home,0.0,0.0,True,16.0
2018-12-08,Oral Roberts Golden Eagles,64.0,away,0.0,0.0,False,-16.0
2018-12-08,Arizona State Sun Devils,66.0,home,0.0,0.0,False,-6.0
2018-12-08,Nevada Wolf Pack,72.0,away,0.0,0.0,True,6.0
2018-12-08,USC Trojans,61.0,home,0.0,0.0,False,-35.0
2018-12-08,TCU Horned Frogs,96.0,away,0.0,0.0,True,35.0
2018-12-08,George Mason Patriots,66.0,home,0.0,0.0,True,13.0
2018-12-08,James Madison Dukes,53.0,away,0.0,0.0,False,-13.0
2018-12-08,Saint Mary's Gaels,85.0,home,0.0,0.0,True,25.0
2018-12-08,New Mexico Lobos,60.0,away,0.0,0.0,False,-25.0
2018-12-07,Iowa Hawkeyes,98.0,home,0.0,0.0,True,14.0
2018-12-07,Iowa State Cyclones,84.0,away,0.0,0.0,False,-14.0
2018-12-07,San José State Spartans,67.0,home,0.0,0.0,True,2.0
2018-12-07,Bethune-Cookman Wildcats,65.0,away,0.0,0.0,False,-2.0
2018-12-07,Purdue Boilermakers,62.0,home,0.0,0.0,True,2.0
2018-12-07,Maryland Terrapins,60.0,away,0.0,0.0,False,-2.0
2018-12-07,Wake Forest Demon Deacons,80.0,home,0.0,0.0,True,24.0
2018-12-07,Charlotte 49ers,56.0,away,0.0,0.0,False,-24.0
2018-12-07,IU Indianapolis Jaguars,95.0,home,0.0,0.0,True,31.0
2018-12-07,Indiana-Kokomo Cougars,64.0,away,0.0,0.0,False,-31.0
2018-12-07,South Carolina State Bulldogs,90.0,home,0.0,0.0,True,21.0
2018-12-07,Voorhees Tigers,69.0,away,0.0,0.0,False,-21.0
2018-12-07,UC Riverside Highlanders,75.0,home,0.0,0.0,True,4.0
2018-12-07,Pepperdine Waves,71.0,away,0.0,0.0,False,-4.0
2018-12-07,Seattle U Redhawks,90.0,home,0.0,0.0,True,19.0
2018-12-07,Omaha Mavericks,71.0,away,0.0,0.0,False,-19.0
2018-12-06,Gardner-Webb Runnin' Bulldogs,105.0,home,0.0,0.0,True,68.0
2018-12-06,Bob Jones Bruins,37.0,away,0.0,0.0,False,-68.0
2018-12-07,Wofford Terriers,112.0,home,0.0,0.0,True,54.0
2018-12-07,Kentucky Christian Knights,58.0,away,0.0,0.0,False,-54.0
2018-12-07,Florida A&M Rattlers,80.0,home,0.0,0.0,True,22.0
2018-12-07,Fort Valley State Wildcats,58.0,away,0.0,0.0,False,-22.0
2018-12-07,Fairfield Stags,86.0,home,0.0,0.0,False,-1.0
2018-12-07,Oakland Golden Grizzlies,87.0,away,0.0,0.0,True,1.0
2018-12-07,Milwaukee Panthers,61.0,home,0.0,0.0,False,-14.0
2018-12-07,Drake Bulldogs,75.0,away,0.0,0.0,True,14.0
2018-12-07,Chicago State Cougars,84.0,home,0.0,0.0,True,2.0
2018-12-07,Trinity Christian (IL) Trolls,82.0,away,0.0,0.0,False,-2.0
2018-12-07,Arizona Wildcats,80.0,home,0.0,0.0,True,11.0
2018-12-07,Utah Valley Wolverines,69.0,away,0.0,0.0,False,-11.0
2018-12-07,Tennessee Tech Golden Eagles,118.0,home,0.0,0.0,True,58.0
2018-12-07,Warren Wilson Owls,60.0,away,0.0,0.0,False,-58.0
2018-12-11,Manhattan Jaspers,50.0,home,0.0,0.0,False,-30.0
2018-12-11,Hofstra Pride,80.0,away,0.0,0.0,True,30.0
2018-12-11,Maine Black Bears,98.0,home,0.0,0.0,True,55.0
2018-12-11,Maine-Machias Clippers,43.0,away,0.0,0.0,False,-55.0
2018-12-11,Saint Mary's Gaels,81.0,home,0.0,0.0,True,15.0
2018-12-11,Cal State Fullerton Titans,66.0,away,0.0,0.0,False,-15.0
2018-12-10,Dartmouth Big Green,82.0,home,0.0,0.0,True,9.0
2018-12-10,Sacred Heart Pioneers,73.0,away,0.0,0.0,False,-9.0
2018-12-11,Pacific Tigers,74.0,home,0.0,0.0,True,6.0
2018-12-11,Long Beach State Beach,68.0,away,0.0,0.0,False,-6.0
2018-12-11,Arkansas-Pine Bluff Golden Lions,84.0,home,0.0,0.0,True,33.0
2018-12-11,Champion Christian Tigers,51.0,away,0.0,0.0,False,-33.0
2018-12-11,Marshall Thundering Herd,76.0,home,0.0,0.0,True,12.0
2018-12-11,Morehead State Eagles,64.0,away,0.0,0.0,False,-12.0
2018-12-05,Mississippi State Bulldogs,90.0,home,0.0,0.0,True,13.0
2018-12-05,McNeese Cowboys,77.0,away,0.0,0.0,False,-13.0
2018-12-05,Auburn Tigers,67.0,home,0.0,0.0,True,26.0
2018-12-05,UNC Asheville Bulldogs,41.0,away,0.0,0.0,False,-26.0
2018-12-05,Kansas Jayhawks,72.0,home,0.0,0.0,True,25.0
2018-12-05,Wofford Terriers,47.0,away,0.0,0.0,False,-25.0
2018-12-05,Presbyterian Blue Hose,88.0,home,0.0,0.0,False,-6.0
2018-12-05,Jacksonville Dolphins,94.0,away,0.0,0.0,True,6.0
2018-12-05,Massachusetts Minutemen,78.0,home,0.0,0.0,False,-4.0
2018-12-05,Holy Cross Crusaders,82.0,away,0.0,0.0,True,4.0
2018-12-05,La Salle Explorers,79.0,home,0.0,0.0,False,-13.0
2018-12-05,Bucknell Bison,92.0,away,0.0,0.0,True,13.0
2018-12-05,Elon Phoenix,77.0,home,0.0,0.0,False,-21.0
2018-12-05,Furman Paladins,98.0,away,0.0,0.0,True,21.0
2018-12-05,Youngstown State Penguins,94.0,home,0.0,0.0,False,-6.0
2018-12-05,Central Michigan Chippewas,100.0,away,0.0,0.0,True,6.0
2018-12-05,Davidson Wildcats,99.0,home,0.0,0.0,True,18.0
2018-12-05,Winthrop Eagles,81.0,away,0.0,0.0,False,-18.0
2018-12-05,Cincinnati Bearcats,78.0,home,0.0,0.0,True,13.0
2018-12-05,Northern Kentucky Norse,65.0,away,0.0,0.0,False,-13.0
2018-12-05,Maine Black Bears,75.0,home,0.0,0.0,True,7.0
2018-12-05,Fordham Rams,68.0,away,0.0,0.0,False,-7.0
2018-12-05,NJIT Highlanders,77.0,home,0.0,0.0,True,5.0
2018-12-05,Army Black Knights,72.0,away,0.0,0.0,False,-5.0
2018-12-05,American University Eagles,95.0,home,0.0,0.0,True,13.0
2018-12-05,Saint Francis Red Flash,82.0,away,0.0,0.0,False,-13.0
2018-12-05,Pennsylvania Quakers,89.0,home,0.0,0.0,True,14.0
2018-12-05,Miami Hurricanes,75.0,away,0.0,0.0,False,-14.0
2018-12-04,Seton Hall Pirates,77.0,home,0.0,0.0,True,20.0
2018-12-04,New Hampshire Wildcats,57.0,away,0.0,0.0,False,-20.0
2018-12-05,Northwestern Wildcats,60.0,home,0.0,0.0,False,-2.0
2018-12-05,Michigan Wolverines,62.0,away,0.0,0.0,True,2.0
2018-12-05,App State Mountaineers,100.0,home,0.0,0.0,True,14.0
2018-12-05,Howard Bison,86.0,away,0.0,0.0,False,-14.0
2018-12-05,James Madison Dukes,73.0,home,0.0,0.0,True,7.0
2018-12-05,Radford Highlanders,66.0,away,0.0,0.0,False,-7.0
2018-12-05,Boston University Terriers,79.0,home,0.0,0.0,True,19.0
2018-12-05,UMass Lowell River Hawks,60.0,away,0.0,0.0,False,-19.0
2018-12-05,Dayton Flyers,98.0,home,0.0,0.0,True,39.0
2018-12-05,Detroit Mercy Titans,59.0,away,0.0,0.0,False,-39.0
2018-12-05,Valparaiso Beacons,53.0,home,0.0,0.0,False,-2.0
2018-12-05,High Point Panthers,55.0,away,0.0,0.0,True,2.0
2018-12-05,Louisiana Tech Bulldogs,82.0,home,0.0,0.0,True,14.0
2018-12-05,Prairie View A&M Panthers,68.0,away,0.0,0.0,False,-14.0
2018-12-05,Abilene Christian Wildcats,83.0,home,0.0,0.0,True,15.0
2018-12-05,Campbell Fighting Camels,68.0,away,0.0,0.0,False,-15.0
2018-12-05,Arkansas State Red Wolves,87.0,home,0.0,0.0,True,10.0
2018-12-05,Evansville Purple Aces,77.0,away,0.0,0.0,False,-10.0
2018-12-05,Notre Dame Fighting Irish,80.0,home,0.0,0.0,False,-5.0
2018-12-05,Oklahoma Sooners,85.0,away,0.0,0.0,True,5.0
2018-12-05,Belmont Bruins,76.0,home,0.0,0.0,True,2.0
2018-12-05,Lipscomb Bisons,74.0,away,0.0,0.0,False,-2.0
2018-12-05,Syracuse Orange,72.0,home,0.0,0.0,True,23.0
2018-12-05,Northeastern Huskies,49.0,away,0.0,0.0,False,-23.0
2018-12-05,Little Rock Trojans,62.0,home,0.0,0.0,False,-6.0
2018-12-05,Bradley Braves,68.0,away,0.0,0.0,True,6.0
2018-12-05,Boston College Eagles,95.0,home,0.0,0.0,False,-5.0
2018-12-05,Providence Friars,100.0,away,0.0,0.0,True,5.0
2018-12-05,Penn State Nittany Lions,62.0,home,0.0,0.0,False,-2.0
2018-12-05,Indiana Hoosiers,64.0,away,0.0,0.0,True,2.0
2018-12-05,Clemson Tigers,65.0,home,0.0,0.0,True,5.0
2018-12-05,Saint Peter's Peacocks,60.0,away,0.0,0.0,False,-5.0
2018-12-05,Houston Cougars,79.0,home,0.0,0.0,True,23.0
2018-12-05,Lamar Cardinals,56.0,away,0.0,0.0,False,-23.0
2018-12-05,Incarnate Word Cardinals,82.0,home,0.0,0.0,True,25.0
2018-12-05,Trinity (TX) Tigers,57.0,away,0.0,0.0,False,-25.0
2018-12-05,Mississippi Valley State Delta Devils,57.0,home,0.0,0.0,False,-20.0
2018-12-05,Southeast Missouri State Redhawks,77.0,away,0.0,0.0,True,20.0
2018-12-05,Eastern Illinois Panthers,90.0,home,0.0,0.0,True,53.0
2018-12-05,Fontbonne Griffins,37.0,away,0.0,0.0,False,-53.0
2018-12-05,UAB Blazers,73.0,home,0.0,0.0,True,6.0
2018-12-05,North Alabama Lions,67.0,away,0.0,0.0,False,-6.0
2018-12-05,Marquette Golden Eagles,76.0,home,0.0,0.0,True,7.0
2018-12-05,UTEP Miners,69.0,away,0.0,0.0,False,-7.0
2018-12-05,Grambling Tigers,81.0,home,0.0,0.0,True,24.0
2018-12-05,Centenary (LA) Gentlemen,57.0,away,0.0,0.0,False,-24.0
2018-12-05,Alabama Crimson Tide,80.0,home,0.0,0.0,False,-3.0
2018-12-05,Georgia State Panthers,83.0,away,0.0,0.0,True,3.0
2018-12-05,Missouri Tigers,65.0,home,0.0,0.0,True,20.0
2018-12-05,UT Arlington Mavericks,45.0,away,0.0,0.0,False,-20.0
2018-12-05,New Mexico State Aggies,100.0,home,0.0,0.0,True,35.0
2018-12-05,New Mexico Lobos,65.0,away,0.0,0.0,False,-35.0
2018-12-05,West Virginia Mountaineers,56.0,home,0.0,0.0,False,-10.0
2018-12-05,Florida Gators,66.0,away,0.0,0.0,True,10.0
2018-12-05,Cal State Bakersfield Roadrunners,67.0,home,0.0,0.0,True,14.0
2018-12-05,UC Merced Bobcats,53.0,away,0.0,0.0,False,-14.0
2018-12-05,Memphis Tigers,88.0,home,0.0,0.0,True,8.0
2018-12-05,South Dakota State Jackrabbits,80.0,away,0.0,0.0,False,-8.0
2018-12-05,Saint Mary's Gaels,93.0,home,0.0,0.0,True,32.0
2018-12-05,Bethune-Cookman Wildcats,61.0,away,0.0,0.0,False,-32.0
2018-12-05,Colorado Buffaloes,82.0,home,0.0,0.0,True,24.0
2018-12-05,South Dakota Coyotes,58.0,away,0.0,0.0,False,-24.0
2018-12-09,Niagara Purple Eagles,71.0,home,0.0,0.0,True,4.0
2018-12-09,New Hampshire Wildcats,67.0,away,0.0,0.0,False,-4.0
2018-12-09,Cleveland State Vikings,77.0,home,0.0,0.0,True,21.0
2018-12-09,Notre Dame College (OH) Blue Falcons,56.0,away,0.0,0.0,False,-21.0
2018-12-09,Georgia Tech Yellow Jackets,73.0,home,0.0,0.0,True,33.0
2018-12-09,Florida A&M Rattlers,40.0,away,0.0,0.0,False,-33.0
2018-12-09,Wagner Seahawks,105.0,home,0.0,0.0,True,48.0
2018-12-09,College Of New Rochelle New Roch,57.0,away,0.0,0.0,False,-48.0
2018-12-09,Lipscomb Bisons,107.0,home,0.0,0.0,True,26.0
2018-12-09,Navy Midshipmen,81.0,away,0.0,0.0,False,-26.0
2018-12-09,Evansville Purple Aces,89.0,home,0.0,0.0,True,12.0
2018-12-09,Ball State Cardinals,77.0,away,0.0,0.0,False,-12.0
2018-12-09,LSU Tigers,91.0,home,0.0,0.0,True,41.0
2018-12-09,Incarnate Word Cardinals,50.0,away,0.0,0.0,False,-41.0
2018-12-09,Chattanooga Mocs,83.0,home,0.0,0.0,True,18.0
2018-12-09,VMI Keydets,65.0,away,0.0,0.0,False,-18.0
2018-12-09,Alabama Crimson Tide,76.0,home,0.0,0.0,True,3.0
2018-12-09,Arizona Wildcats,73.0,away,0.0,0.0,False,-3.0
2018-12-09,Tennessee Tech Golden Eagles,97.0,home,0.0,0.0,True,37.0
2018-12-09,Hiwassee Tigers,60.0,away,0.0,0.0,False,-37.0
2018-12-09,Delaware Blue Hens,88.0,home,0.0,0.0,True,5.0
2018-12-09,Saint Francis Red Flash,83.0,away,0.0,0.0,False,-5.0
2018-12-09,Duquesne Dukes,80.0,home,0.0,0.0,True,9.0
2018-12-09,Longwood Lancers,71.0,away,0.0,0.0,False,-9.0
2018-12-09,Columbia Lions,74.0,home,0.0,0.0,True,3.0
2018-12-09,Iona Gaels,71.0,away,0.0,0.0,False,-3.0
2018-12-09,Virginia Tech Hokies,81.0,home,0.0,0.0,True,37.0
2018-12-09,South Carolina State Bulldogs,44.0,away,0.0,0.0,False,-37.0
2018-12-09,Old Dominion Monarchs,79.0,home,0.0,0.0,True,10.0
2018-12-09,Fairfield Stags,69.0,away,0.0,0.0,False,-10.0
2018-12-09,Virginia Cavaliers,57.0,home,0.0,0.0,True,8.0
2018-12-09,VCU Rams,49.0,away,0.0,0.0,False,-8.0
2018-12-09,St. John's Red Storm,89.0,home,0.0,0.0,True,15.0
2018-12-09,Princeton Tigers,74.0,away,0.0,0.0,False,-15.0
2018-12-09,Wofford Terriers,82.0,home,0.0,0.0,True,11.0
2018-12-09,Coastal Carolina Chanticleers,71.0,away,0.0,0.0,False,-11.0
2018-12-09,Coppin State Eagles,55.0,home,0.0,0.0,False,-9.0
2018-12-09,Tennessee State Tigers,64.0,away,0.0,0.0,True,9.0
2018-12-09,Charleston Cougars,87.0,home,0.0,0.0,True,18.0
2018-12-09,Georgia College Bobcats,69.0,away,0.0,0.0,False,-18.0
2018-12-09,Alcorn State Braves,75.0,home,0.0,0.0,True,30.0
2018-12-09,Fisk Bulldogs,45.0,away,0.0,0.0,False,-30.0
2018-12-09,Iowa State Cyclones,101.0,home,0.0,0.0,True,36.0
2018-12-09,Southern Jaguars,65.0,away,0.0,0.0,False,-36.0
2018-12-09,Gonzaga Bulldogs,73.0,home,0.0,0.0,False,-3.0
2018-12-09,Tennessee Volunteers,76.0,away,0.0,0.0,True,3.0
2018-12-10,Washington State Cougars,90.0,home,0.0,0.0,False,-5.0
2018-12-10,Montana State Bobcats,95.0,away,0.0,0.0,True,5.0
2018-12-09,Alabama A&M Bulldogs,59.0,home,0.0,0.0,False,-18.0
2018-12-09,Samford Bulldogs,77.0,away,0.0,0.0,True,18.0
2018-12-09,Denver Pioneers,93.0,home,0.0,0.0,True,24.0
2018-12-09,Western State Colorado University Mountaineers,69.0,away,0.0,0.0,False,-24.0
2018-12-10,Washington Huskies,70.0,home,0.0,0.0,True,8.0
2018-12-10,Seattle U Redhawks,62.0,away,0.0,0.0,False,-8.0
2018-12-09,Saint Louis Billikens,65.0,home,0.0,0.0,True,4.0
2018-12-09,Oregon State Beavers,61.0,away,0.0,0.0,False,-4.0
2018-12-09,North Dakota Fighting Hawks,83.0,home,0.0,0.0,True,11.0
2018-12-09,Milwaukee Panthers,72.0,away,0.0,0.0,False,-11.0
2018-12-09,Grand Canyon Lopes,66.0,home,0.0,0.0,False,-8.0
2018-12-09,Nevada Wolf Pack,74.0,away,0.0,0.0,True,8.0
2018-12-09,Texas Longhorns,72.0,home,0.0,0.0,True,4.0
2018-12-09,Purdue Boilermakers,68.0,away,0.0,0.0,False,-4.0
2018-12-09,Santa Clara Broncos,82.0,home,0.0,0.0,True,28.0
2018-12-09,Sonoma State Seawolves,54.0,away,0.0,0.0,False,-28.0
2018-12-09,San Diego Toreros,82.0,home,0.0,0.0,True,14.0
2018-12-09,Cal State Northridge Matadors,68.0,away,0.0,0.0,False,-14.0
2018-12-06,Texas Tech Red Raiders,65.0,home,0.0,0.0,True,18.0
2018-12-06,Arkansas-Pine Bluff Golden Lions,47.0,away,0.0,0.0,False,-18.0
2018-12-06,Duke Blue Devils,84.0,home,0.0,0.0,True,30.0
2018-12-06,Hartford Hawks,54.0,away,0.0,0.0,False,-30.0
2018-12-06,Buffalo Bulls,89.0,home,0.0,0.0,True,34.0
2018-12-06,Le Moyne Dolphins,55.0,away,0.0,0.0,False,-34.0
2018-12-05,UConn Huskies,90.0,home,0.0,0.0,True,27.0
2018-12-05,Lafayette Leopards,63.0,away,0.0,0.0,False,-27.0
2018-12-05,Xavier Musketeers,82.0,home,0.0,0.0,True,21.0
2018-12-05,Ohio Bobcats,61.0,away,0.0,0.0,False,-21.0
2018-12-05,St. John's Red Storm,85.0,home,0.0,0.0,True,14.0
2018-12-05,Mount St. Mary's Mountaineers,71.0,away,0.0,0.0,False,-14.0
2018-12-06,Florida Atlantic Owls,68.0,home,0.0,0.0,True,4.0
2018-12-06,Mercer Bears,64.0,away,0.0,0.0,False,-4.0
2018-12-06,Wright State Raiders,62.0,home,0.0,0.0,False,-3.0
2018-12-06,Miami (OH) RedHawks,65.0,away,0.0,0.0,True,3.0
2018-12-06,UIC Flames,94.0,home,0.0,0.0,True,19.0
2018-12-06,Illinois State Redbirds,75.0,away,0.0,0.0,False,-19.0
2018-12-06,Toledo Rockets,101.0,home,0.0,0.0,True,44.0
2018-12-06,Detroit Mercy Titans,57.0,away,0.0,0.0,False,-44.0
2018-12-06,Illinois Fighting Illini,67.0,home,0.0,0.0,False,-10.0
2018-12-06,Ohio State Buckeyes,77.0,away,0.0,0.0,True,10.0
2018-12-06,Minnesota Golden Gophers,85.0,home,0.0,0.0,True,7.0
2018-12-06,Nebraska Cornhuskers,78.0,away,0.0,0.0,False,-7.0
2018-12-06,Gonzaga Bulldogs,81.0,home,0.0,0.0,True,2.0
2018-12-06,Washington Huskies,79.0,away,0.0,0.0,False,-2.0
2018-12-06,North Carolina Tar Heels,97.0,home,0.0,0.0,True,28.0
2018-12-06,UNC Wilmington Seahawks,69.0,away,0.0,0.0,False,-28.0
2018-12-06,Villanova Wildcats,69.0,home,0.0,0.0,True,10.0
2018-12-06,Temple Owls,59.0,away,0.0,0.0,False,-10.0
2018-12-06,Virginia Tech Hokies,89.0,home,0.0,0.0,True,21.0
2018-12-06,VMI Keydets,68.0,away,0.0,0.0,False,-21.0
2018-12-06,Yale Bulldogs,97.0,home,0.0,0.0,True,10.0
2018-12-06,Lehigh Mountain Hawks,87.0,away,0.0,0.0,False,-10.0
2018-12-06,Indiana State Sycamores,69.0,home,0.0,0.0,False,-11.0
2018-12-06,North Texas Mean Green,80.0,away,0.0,0.0,True,11.0
2018-12-06,The Citadel Bulldogs,127.0,home,0.0,0.0,True,34.0
2018-12-06,Johnson & Wales (NC) JOHNSON & WALES-CHARLOTTE,93.0,away,0.0,0.0,False,-34.0
2018-12-06,Columbia Lions,62.0,home,0.0,0.0,False,-2.0
2018-12-06,Colgate Raiders,64.0,away,0.0,0.0,True,2.0
2018-12-06,Canisius Golden Griffins,68.0,home,0.0,0.0,True,6.0
2018-12-06,Robert Morris Colonials,62.0,away,0.0,0.0,False,-6.0
2018-12-06,Stetson Hatters,68.0,home,0.0,0.0,True,4.0
2018-12-06,Western Illinois Leathernecks,64.0,away,0.0,0.0,False,-4.0
2018-12-06,Dartmouth Big Green,59.0,home,0.0,0.0,False,-5.0
2018-12-06,Quinnipiac Bobcats,64.0,away,0.0,0.0,True,5.0
2018-12-06,George Washington Revolutionaries,68.0,home,0.0,0.0,True,4.0
2018-12-06,Towson Tigers,64.0,away,0.0,0.0,False,-4.0
2018-12-06,Hofstra Pride,75.0,home,0.0,0.0,True,2.0
2018-12-06,Monmouth Hawks,73.0,away,0.0,0.0,False,-2.0
2018-12-06,Morgan State Bears,74.0,home,0.0,0.0,True,6.0
2018-12-06,Binghamton Bearcats,68.0,away,0.0,0.0,False,-6.0
2018-12-06,Drexel Dragons,95.0,home,0.0,0.0,True,9.0
2018-12-06,Loyola Maryland Greyhounds,86.0,away,0.0,0.0,False,-9.0
2018-12-06,Old Dominion Monarchs,71.0,home,0.0,0.0,True,18.0
2018-12-06,William & Mary Tribe,53.0,away,0.0,0.0,False,-18.0
2018-12-06,Butler Bulldogs,70.0,home,0.0,0.0,True,15.0
2018-12-06,Brown Bears,55.0,away,0.0,0.0,False,-15.0
2018-12-06,Louisville Cardinals,86.0,home,0.0,0.0,True,45.0
2018-12-06,Central Arkansas Bears,41.0,away,0.0,0.0,False,-45.0
2018-12-06,Delaware Blue Hens,65.0,home,0.0,0.0,False,-15.0
2018-12-06,Navy Midshipmen,80.0,away,0.0,0.0,True,15.0
2018-12-06,Purdue Fort Wayne Mastodons,68.0,home,0.0,0.0,True,3.0
2018-12-06,Akron Zips,65.0,away,0.0,0.0,False,-3.0
2018-12-06,Manhattan Jaspers,62.0,home,0.0,0.0,False,-7.0
2018-12-06,Stony Brook Seawolves,69.0,away,0.0,0.0,True,7.0
2018-12-06,NC State Wolfpack,100.0,home,0.0,0.0,True,33.0
2018-12-06,Western Carolina Catamounts,67.0,away,0.0,0.0,False,-33.0
2018-12-06,Richmond Spiders,82.0,home,0.0,0.0,True,35.0
2018-12-06,Coppin State Eagles,47.0,away,0.0,0.0,False,-35.0
2018-12-06,Princeton Tigers,82.0,home,0.0,0.0,False,-10.0
2018-12-06,Saint Joseph's Hawks,92.0,away,0.0,0.0,True,10.0
2018-12-06,St. Bonaventure Bonnies,82.0,home,0.0,0.0,True,42.0
2018-12-06,Siena Saints,40.0,away,0.0,0.0,False,-42.0
2018-12-06,Eastern Kentucky Colonels,79.0,home,0.0,0.0,True,2.0
2018-12-06,South Carolina Upstate Spartans,77.0,away,0.0,0.0,False,-2.0
2018-12-06,Duquesne Dukes,93.0,home,0.0,0.0,True,11.0
2018-12-06,Marshall Thundering Herd,82.0,away,0.0,0.0,False,-11.0
2018-12-06,Cleveland State Vikings,82.0,home,0.0,0.0,True,18.0
2018-12-06,Bowling Green Falcons,64.0,away,0.0,0.0,False,-18.0
2018-12-06,Louisiana Ragin' Cajuns,97.0,home,0.0,0.0,True,13.0
2018-12-06,Loyola New Orleans Wolfpack,84.0,away,0.0,0.0,False,-13.0
2018-12-06,Missouri State Bears,84.0,home,0.0,0.0,True,6.0
2018-12-06,Western Kentucky Hilltoppers,78.0,away,0.0,0.0,False,-6.0
2018-12-06,Vanderbilt Commodores,79.0,home,0.0,0.0,True,28.0
2018-12-06,Middle Tennessee Blue Raiders,51.0,away,0.0,0.0,False,-28.0
2018-12-06,Tulsa Golden Hurricane,74.0,home,0.0,0.0,True,3.0
2018-12-06,Oklahoma State Cowboys,71.0,away,0.0,0.0,False,-3.0
2018-12-06,BYU Cougars,95.0,home,0.0,0.0,True,15.0
2018-12-06,Utah State Aggies,80.0,away,0.0,0.0,False,-15.0
2018-12-06,Cal State Northridge Matadors,76.0,home,0.0,0.0,True,4.0
2018-12-06,CSU San Marcos Cougars,72.0,away,0.0,0.0,False,-4.0
2018-12-06,Southern Illinois Salukis,61.0,home,0.0,0.0,True,5.0
2018-12-06,Saint Louis Billikens,56.0,away,0.0,0.0,False,-5.0
2018-12-06,Texas Longhorns,53.0,home,0.0,0.0,False,-1.0
2018-12-06,VCU Rams,54.0,away,0.0,0.0,True,1.0
2018-12-06,Texas A&M-Corpus Christi Islanders,55.0,home,0.0,0.0,False,-6.0
2018-12-06,Texas State Bobcats,61.0,away,0.0,0.0,True,6.0
2018-12-06,Wyoming Cowboys,73.0,home,0.0,0.0,True,9.0
2018-12-06,South Carolina Gamecocks,64.0,away,0.0,0.0,False,-9.0
2018-12-06,Loyola Chicago Ramblers,69.0,home,0.0,0.0,False,-6.0
2018-12-06,Ball State Cardinals,75.0,away,0.0,0.0,True,6.0
2018-12-06,Washington State Cougars,90.0,home,0.0,0.0,True,20.0
2018-12-06,Idaho Vandals,70.0,away,0.0,0.0,False,-20.0
2018-12-06,San Diego State Aztecs,61.0,home,0.0,0.0,False,-12.0
2018-12-06,San Diego Toreros,73.0,away,0.0,0.0,True,12.0
2018-12-06,Oral Roberts Golden Eagles,76.0,home,0.0,0.0,False,-20.0
2018-12-06,Florida Gulf Coast Eagles,96.0,away,0.0,0.0,True,20.0
2018-12-06,Coastal Carolina Chanticleers,75.0,home,0.0,0.0,True,9.0
2018-12-06,Hampton Pirates,66.0,away,0.0,0.0,False,-9.0
2018-12-06,Tulane Green Wave,87.0,home,0.0,0.0,True,13.0
2018-12-06,UT Martin Skyhawks,74.0,away,0.0,0.0,False,-13.0
2018-12-06,Air Force Falcons,73.0,home,0.0,0.0,True,8.0
2018-12-06,Denver Pioneers,65.0,away,0.0,0.0,False,-8.0
2018-12-06,UT Rio Grande Valley Vaqueros,70.0,home,0.0,0.0,True,14.0
2018-12-06,North Dakota Fighting Hawks,56.0,away,0.0,0.0,False,-14.0
2018-12-06,Northern Illinois Huskies,71.0,home,0.0,0.0,True,9.0
2018-12-06,UC Davis Aggies,62.0,away,0.0,0.0,False,-9.0
2018-12-06,New Orleans Privateers,71.0,home,0.0,0.0,True,11.0
2018-12-06,South Alabama Jaguars,60.0,away,0.0,0.0,False,-11.0
2018-12-06,Cal State Fullerton Titans,49.0,home,0.0,0.0,False,-10.0
2018-12-06,Loyola Marymount Lions,59.0,away,0.0,0.0,True,10.0
2018-12-06,Long Beach State Beach,82.0,home,0.0,0.0,True,11.0
2018-12-06,Southern Utah Thunderbirds,71.0,away,0.0,0.0,False,-11.0
2018-12-06,Fresno State Bulldogs,71.0,home,0.0,0.0,True,19.0
2018-12-06,Weber State Wildcats,52.0,away,0.0,0.0,False,-19.0
2018-12-06,SMU Mustangs,59.0,home,0.0,0.0,False,-8.0
2018-12-06,TCU Horned Frogs,67.0,away,0.0,0.0,True,8.0
2018-12-06,Colorado State Rams,74.0,home,0.0,0.0,False,-24.0
2018-12-06,Arkansas Razorbacks,98.0,away,0.0,0.0,True,24.0
2018-12-06,California Golden Bears,60.0,home,0.0,0.0,False,-19.0
2018-12-06,San Francisco Dons,79.0,away,0.0,0.0,True,19.0
2018-12-06,Portland State Vikings,87.0,home,0.0,0.0,True,9.0
2018-12-06,Portland Pilots,78.0,away,0.0,0.0,False,-9.0
2018-12-06,California Baptist Lancers,66.0,home,0.0,0.0,False,-3.0
2018-12-06,UC Irvine Anteaters,69.0,away,0.0,0.0,True,3.0
2018-12-06,Pacific Tigers,74.0,home,0.0,0.0,True,5.0
2018-12-06,Texas Permian Basin Falcons,69.0,away,0.0,0.0,False,-5.0
2018-12-12,Louisiana Tech Bulldogs,96.0,home,0.0,0.0,True,16.0
2018-12-12,Mississippi Valley State Delta Devils,80.0,away,0.0,0.0,False,-16.0
2018-12-12,Little Rock Trojans,67.0,home,0.0,0.0,True,20.0
2018-12-12,Miles Golden Bears,47.0,away,0.0,0.0,False,-20.0
2018-12-12,Yale Bulldogs,71.0,home,0.0,0.0,True,8.0
2018-12-12,UAlbany Great Danes,63.0,away,0.0,0.0,False,-8.0
2018-12-12,Fordham Rams,50.0,home,0.0,0.0,False,-3.0
2018-12-12,NJIT Highlanders,53.0,away,0.0,0.0,True,3.0
2018-12-12,Wyoming Cowboys,87.0,home,0.0,0.0,False,-3.0
2018-12-12,Denver Pioneers,90.0,away,0.0,0.0,True,3.0
2018-12-12,Green Bay Phoenix,112.0,home,0.0,0.0,True,66.0
2018-12-12,Wisconsin-Stout Blue Devils,46.0,away,0.0,0.0,False,-66.0
2018-12-12,Furman Paladins,77.0,home,0.0,0.0,True,8.0
2018-12-12,Charleston Southern Buccaneers,69.0,away,0.0,0.0,False,-8.0
2018-12-12,Pennsylvania Quakers,78.0,home,0.0,0.0,True,3.0
2018-12-12,Villanova Wildcats,75.0,away,0.0,0.0,False,-3.0
2018-12-11,Liberty Flames,79.0,home,0.0,0.0,True,24.0
2018-12-11,South Carolina State Bulldogs,55.0,away,0.0,0.0,False,-24.0
2018-12-12,Louisiana Ragin' Cajuns,122.0,home,0.0,0.0,True,32.0
2018-12-12,Prairie View A&M Panthers,90.0,away,0.0,0.0,False,-32.0
2018-12-12,Jackson State Tigers,77.0,home,0.0,0.0,True,21.0
2018-12-12,Fisk Bulldogs,56.0,away,0.0,0.0,False,-21.0
2018-12-12,Maryland Terrapins,94.0,home,0.0,0.0,True,23.0
2018-12-12,Loyola Maryland Greyhounds,71.0,away,0.0,0.0,False,-23.0
2018-12-12,New Mexico Lobos,75.0,home,0.0,0.0,False,-3.0
2018-12-12,Colorado Buffaloes,78.0,away,0.0,0.0,True,3.0
2018-12-12,UMBC Retrievers,76.0,home,0.0,0.0,False,-4.0
2018-12-12,Towson Tigers,80.0,away,0.0,0.0,True,4.0
2018-12-11,Southern Miss Golden Eagles,81.0,home,0.0,0.0,True,34.0
2018-12-11,Millsaps Majors,47.0,away,0.0,0.0,False,-34.0
2018-12-12,St. Francis Brooklyn Terriers,75.0,home,0.0,0.0,True,6.0
2018-12-12,UMass Lowell River Hawks,69.0,away,0.0,0.0,False,-6.0
2018-12-12,UCF Knights,95.0,home,0.0,0.0,True,7.0
2018-12-12,Georgia Southern Eagles,88.0,away,0.0,0.0,False,-7.0
2018-12-12,South Dakota State Jackrabbits,139.0,home,0.0,0.0,True,67.0
2018-12-12,Savannah State Tigers,72.0,away,0.0,0.0,False,-67.0
2018-12-12,Northern Colorado Bears,118.0,home,0.0,0.0,True,66.0
2018-12-12,Johnson & Wales (CO) Wildcats,52.0,away,0.0,0.0,False,-66.0
2018-12-12,UL Monroe Warhawks,72.0,home,0.0,0.0,True,5.0
2018-12-12,Grambling Tigers,67.0,away,0.0,0.0,False,-5.0
2018-12-12,Minnesota Golden Gophers,80.0,home,0.0,0.0,True,9.0
2018-12-12,North Florida Ospreys,71.0,away,0.0,0.0,False,-9.0
2018-12-12,Sacramento State Hornets,81.0,home,0.0,0.0,True,25.0
2018-12-12,Holy Names University Hawks,56.0,away,0.0,0.0,False,-25.0
2018-12-01,USC Trojans,61.0,home,0.0,0.0,False,-12.0
2018-12-01,Nevada Wolf Pack,73.0,away,0.0,0.0,True,12.0
2018-12-02,Houston Cougars,65.0,home,0.0,0.0,True,4.0
2018-12-02,Oregon Ducks,61.0,away,0.0,0.0,False,-4.0
2018-12-01,Michigan Wolverines,76.0,home,0.0,0.0,True,19.0
2018-12-01,Purdue Boilermakers,57.0,away,0.0,0.0,False,-19.0
2018-12-01,North Alabama Lions,65.0,home,0.0,0.0,False,-11.0
2018-12-01,Jacksonville State Gamecocks,76.0,away,0.0,0.0,True,11.0
2018-12-01,La Salle Explorers,78.0,home,0.0,0.0,False,-7.0
2018-12-01,Villanova Wildcats,85.0,away,0.0,0.0,True,7.0
2018-12-01,The Citadel Bulldogs,79.0,home,0.0,0.0,True,10.0
2018-12-01,Mercer Bears,69.0,away,0.0,0.0,False,-10.0
2018-12-01,Seton Hall Pirates,65.0,home,0.0,0.0,False,-5.0
2018-12-01,Louisville Cardinals,70.0,away,0.0,0.0,True,5.0
2018-12-01,Buffalo Bulls,85.0,home,0.0,0.0,True,4.0
2018-12-01,San Francisco Dons,81.0,away,0.0,0.0,False,-4.0
2018-12-02,Duke Blue Devils,113.0,home,0.0,0.0,True,64.0
2018-12-02,Stetson Hatters,49.0,away,0.0,0.0,False,-64.0
2018-12-01,Marquette Golden Eagles,83.0,home,0.0,0.0,True,12.0
2018-12-01,Kansas State Wildcats,71.0,away,0.0,0.0,False,-12.0
2018-12-01,Virginia Tech Hokies,94.0,home,0.0,0.0,True,54.0
2018-12-01,Central Connecticut Blue Devils,40.0,away,0.0,0.0,False,-54.0
2018-12-01,Creighton Bluejays,92.0,home,0.0,0.0,False,-11.0
2018-12-01,Gonzaga Bulldogs,103.0,away,0.0,0.0,True,11.0
2018-12-01,Kentucky Wildcats,78.0,home,0.0,0.0,True,17.0
2018-12-01,UNC Greensboro Spartans,61.0,away,0.0,0.0,False,-17.0
2018-12-01,Maryland Terrapins,66.0,home,0.0,0.0,True,7.0
2018-12-01,Penn State Nittany Lions,59.0,away,0.0,0.0,False,-7.0
2018-12-01,Loyola Maryland Greyhounds,75.0,home,0.0,0.0,True,10.0
2018-12-01,Mount St. Mary's Mountaineers,65.0,away,0.0,0.0,False,-10.0
2018-12-01,Alcorn State Braves,103.0,home,0.0,0.0,True,37.0
2018-12-01,Rust Bearcats,66.0,away,0.0,0.0,False,-37.0
2018-12-01,Milwaukee Panthers,51.0,home,0.0,0.0,False,-15.0
2018-12-01,Stephen F. Austin Lumberjacks,66.0,away,0.0,0.0,True,15.0
2018-12-01,Kansas Jayhawks,90.0,home,0.0,0.0,True,6.0
2018-12-01,Stanford Cardinal,84.0,away,0.0,0.0,False,-6.0
2018-12-01,Georgia Tech Yellow Jackets,73.0,home,0.0,0.0,False,-3.0
2018-12-01,St. John's Red Storm,76.0,away,0.0,0.0,True,3.0
2018-12-01,Xavier Musketeers,73.0,home,0.0,0.0,True,10.0
2018-12-01,Oakland Golden Grizzlies,63.0,away,0.0,0.0,False,-10.0
2018-12-01,Miami (OH) RedHawks,88.0,home,0.0,0.0,True,31.0
2018-12-01,Wilberforce Bulldogs,57.0,away,0.0,0.0,False,-31.0
2018-12-01,Green Bay Phoenix,100.0,home,0.0,0.0,True,8.0
2018-12-01,Belmont Bruins,92.0,away,0.0,0.0,False,-8.0
2018-12-01,Chattanooga Mocs,71.0,home,0.0,0.0,True,11.0
2018-12-01,Tennessee Tech Golden Eagles,60.0,away,0.0,0.0,False,-11.0
2018-12-01,Indiana Hoosiers,68.0,home,0.0,0.0,True,2.0
2018-12-01,Northwestern Wildcats,66.0,away,0.0,0.0,False,-2.0
2018-12-01,IU Indianapolis Jaguars,75.0,home,0.0,0.0,False,-10.0
2018-12-01,Ball State Cardinals,85.0,away,0.0,0.0,True,10.0
2018-12-01,Evansville Purple Aces,65.0,home,0.0,0.0,True,16.0
2018-12-01,Albion Britons,49.0,away,0.0,0.0,False,-16.0
2018-12-01,Indiana State Sycamores,69.0,home,0.0,0.0,True,6.0
2018-12-01,Wright State Raiders,63.0,away,0.0,0.0,False,-6.0
2018-12-01,Western Michigan Broncos,66.0,home,0.0,0.0,False,-5.0
2018-12-01,South Carolina Upstate Spartans,71.0,away,0.0,0.0,True,5.0
2018-12-01,UMass Lowell River Hawks,94.0,home,0.0,0.0,True,23.0
2018-12-01,NJIT Highlanders,71.0,away,0.0,0.0,False,-23.0
2018-12-01,Bryant Bulldogs,75.0,home,0.0,0.0,True,10.0
2018-12-01,New Hampshire Wildcats,65.0,away,0.0,0.0,False,-10.0
2018-12-01,Toledo Rockets,80.0,home,0.0,0.0,True,13.0
2018-12-01,Cleveland State Vikings,67.0,away,0.0,0.0,False,-13.0
2018-12-01,Lehigh Mountain Hawks,82.0,home,0.0,0.0,True,12.0
2018-12-01,Arkansas State Red Wolves,70.0,away,0.0,0.0,False,-12.0
2018-12-01,Hartford Hawks,76.0,home,0.0,0.0,True,13.0
2018-12-01,Bowling Green Falcons,63.0,away,0.0,0.0,False,-13.0
2018-12-01,Army Black Knights,63.0,home,0.0,0.0,True,3.0
2018-12-01,Fairfield Stags,60.0,away,0.0,0.0,False,-3.0
2018-12-01,Holy Cross Crusaders,67.0,home,0.0,0.0,True,18.0
2018-12-01,Fairleigh Dickinson Knights,49.0,away,0.0,0.0,False,-18.0
2018-12-01,High Point Panthers,69.0,home,0.0,0.0,False,-1.0
2018-12-01,Eastern Kentucky Colonels,70.0,away,0.0,0.0,True,1.0
2018-12-01,Elon Phoenix,58.0,home,0.0,0.0,False,-7.0
2018-12-01,Boston University Terriers,65.0,away,0.0,0.0,True,7.0
2018-12-01,Purdue Fort Wayne Mastodons,73.0,home,0.0,0.0,False,-17.0
2018-12-01,Kansas City Roos,90.0,away,0.0,0.0,True,17.0
2018-12-01,Binghamton Bearcats,89.0,home,0.0,0.0,True,19.0
2018-12-01,Hartwick Hawks,70.0,away,0.0,0.0,False,-19.0
2018-12-01,Bucknell Bison,65.0,home,0.0,0.0,True,22.0
2018-12-01,Monmouth Hawks,43.0,away,0.0,0.0,False,-22.0
2018-12-01,Drexel Dragons,82.0,home,0.0,0.0,True,13.0
2018-12-01,Robert Morris Colonials,69.0,away,0.0,0.0,False,-13.0
2018-12-01,SIU Edwardsville Cougars,61.0,home,0.0,0.0,False,-21.0
2018-12-01,Southern Illinois Salukis,82.0,away,0.0,0.0,True,21.0
2018-12-01,Kennesaw State Owls,52.0,home,0.0,0.0,False,-26.0
2018-12-01,Hofstra Pride,78.0,away,0.0,0.0,True,26.0
2018-12-01,Saint Peter's Peacocks,63.0,home,0.0,0.0,True,4.0
2018-12-01,Maine Black Bears,59.0,away,0.0,0.0,False,-4.0
2018-12-01,Ole Miss Rebels,83.0,home,0.0,0.0,True,23.0
2018-12-01,UL Monroe Warhawks,60.0,away,0.0,0.0,False,-23.0
2018-12-01,Memphis Tigers,67.0,home,0.0,0.0,False,-11.0
2018-12-01,Texas Tech Red Raiders,78.0,away,0.0,0.0,True,11.0
2018-12-01,Illinois State Redbirds,65.0,home,0.0,0.0,False,-10.0
2018-12-01,San Diego State Aztecs,75.0,away,0.0,0.0,True,10.0
2018-12-01,Gardner-Webb Runnin' Bulldogs,97.0,home,0.0,0.0,True,37.0
2018-12-01,Savannah State Tigers,60.0,away,0.0,0.0,False,-37.0
2018-12-01,Northeastern Huskies,81.0,home,0.0,0.0,True,14.0
2018-12-01,Eastern Michigan Eagles,67.0,away,0.0,0.0,False,-14.0
2018-12-01,Longwood Lancers,65.0,home,0.0,0.0,True,20.0
2018-12-01,VMI Keydets,45.0,away,0.0,0.0,False,-20.0
2018-12-01,UT Arlington Mavericks,65.0,home,0.0,0.0,False,-11.0
2018-12-01,UT Rio Grande Valley Vaqueros,76.0,away,0.0,0.0,True,11.0
2018-12-01,Colorado Buffaloes,86.0,home,0.0,0.0,True,6.0
2018-12-01,Colorado State Rams,80.0,away,0.0,0.0,False,-6.0
2018-12-01,Siena Saints,67.0,home,0.0,0.0,True,3.0
2018-12-01,Harvard Crimson,64.0,away,0.0,0.0,False,-3.0
2018-12-01,Chicago State Cougars,80.0,home,0.0,0.0,True,8.0
2018-12-01,Eastern Illinois Panthers,72.0,away,0.0,0.0,False,-8.0
2018-12-01,Kent State Golden Flashes,78.0,home,0.0,0.0,True,11.0
2018-12-01,Norfolk State Spartans,67.0,away,0.0,0.0,False,-11.0
2018-12-01,Fresno State Bulldogs,76.0,home,0.0,0.0,True,9.0
2018-12-01,Cal Poly Mustangs,67.0,away,0.0,0.0,False,-9.0
2018-12-01,Ohio Bobcats,101.0,home,0.0,0.0,True,17.0
2018-12-01,Marshall Thundering Herd,84.0,away,0.0,0.0,False,-17.0
2018-12-01,North Carolina Central Eagles,67.0,home,0.0,0.0,True,1.0
2018-12-01,McNeese Cowboys,66.0,away,0.0,0.0,False,-1.0
2018-12-01,Hampton Pirates,114.0,home,0.0,0.0,True,59.0
2018-12-01,Regent Royals,55.0,away,0.0,0.0,False,-59.0
2018-12-01,UIC Flames,64.0,home,0.0,0.0,False,-9.0
2018-12-01,Loyola Chicago Ramblers,73.0,away,0.0,0.0,True,9.0
2018-12-01,Furman Paladins,90.0,home,0.0,0.0,True,2.0
2018-12-01,Western Carolina Catamounts,88.0,away,0.0,0.0,False,-2.0
2018-12-01,North Dakota Fighting Hawks,54.0,home,0.0,0.0,False,-13.0
2018-12-01,Idaho Vandals,67.0,away,0.0,0.0,True,13.0
2018-12-01,Princeton Tigers,73.0,home,0.0,0.0,True,21.0
2018-12-01,George Washington Revolutionaries,52.0,away,0.0,0.0,False,-21.0
2018-12-01,Navy Midshipmen,50.0,home,0.0,0.0,False,-17.0
2018-12-01,Brown Bears,67.0,away,0.0,0.0,True,17.0
2018-12-01,William & Mary Tribe,84.0,home,0.0,0.0,False,-3.0
2018-12-01,George Mason Patriots,87.0,away,0.0,0.0,True,3.0
2018-12-01,North Carolina A&T Aggies,70.0,home,0.0,0.0,False,-5.0
2018-12-01,Presbyterian Blue Hose,75.0,away,0.0,0.0,True,5.0
2018-12-01,West Virginia Mountaineers,106.0,home,0.0,0.0,True,34.0
2018-12-01,Youngstown State Penguins,72.0,away,0.0,0.0,False,-34.0
2018-12-01,Tulane Green Wave,61.0,home,0.0,0.0,False,-1.0
2018-12-01,SE Louisiana Lions,62.0,away,0.0,0.0,True,1.0
2018-12-01,South Dakota Coyotes,68.0,home,0.0,0.0,True,12.0
2018-12-01,Cal State Bakersfield Roadrunners,56.0,away,0.0,0.0,False,-12.0
2018-12-01,UTSA Roadrunners,68.0,home,0.0,0.0,False,-1.0
2018-12-01,Texas State Bobcats,69.0,away,0.0,0.0,True,1.0
2018-12-01,Little Rock Trojans,79.0,home,0.0,0.0,True,27.0
2018-12-01,Sam Houston Bearkats,52.0,away,0.0,0.0,False,-27.0
2018-12-01,Bethune-Cookman Wildcats,72.0,home,0.0,0.0,True,2.0
2018-12-01,Florida Atlantic Owls,70.0,away,0.0,0.0,False,-2.0
2018-12-01,Providence Friars,59.0,home,0.0,0.0,True,9.0
2018-12-01,Rhode Island Rams,50.0,away,0.0,0.0,False,-9.0
2018-12-01,St. Bonaventure Bonnies,90.0,home,0.0,0.0,True,29.0
2018-12-01,Delaware State Hornets,61.0,away,0.0,0.0,False,-29.0
2018-12-01,Charleston Cougars,72.0,home,0.0,0.0,True,8.0
2018-12-01,Charlotte 49ers,64.0,away,0.0,0.0,False,-8.0
2018-12-01,Akron Zips,71.0,home,0.0,0.0,True,12.0
2018-12-01,Detroit Mercy Titans,59.0,away,0.0,0.0,False,-12.0
2018-12-01,Saint Louis Billikens,64.0,home,0.0,0.0,True,12.0
2018-12-01,Butler Bulldogs,52.0,away,0.0,0.0,False,-12.0
2018-12-01,LSU Tigers,78.0,home,0.0,0.0,True,21.0
2018-12-01,Grambling Tigers,57.0,away,0.0,0.0,False,-21.0
2018-12-01,Louisiana Tech Bulldogs,85.0,home,0.0,0.0,True,7.0
2018-12-01,Houston Christian Huskies,78.0,away,0.0,0.0,False,-7.0
2018-12-01,Utah Utes,69.0,home,0.0,0.0,True,5.0
2018-12-01,Tulsa Golden Hurricane,64.0,away,0.0,0.0,False,-5.0
2018-12-01,Saint Joseph's Hawks,70.0,home,0.0,0.0,False,-7.0
2018-12-01,Temple Owls,77.0,away,0.0,0.0,True,7.0
2018-12-01,NC State Wolfpack,80.0,home,0.0,0.0,True,15.0
2018-12-01,Vanderbilt Commodores,65.0,away,0.0,0.0,False,-15.0
2018-12-01,Rice Owls,68.0,home,0.0,0.0,False,-7.0
2018-12-01,Lamar Cardinals,75.0,away,0.0,0.0,True,7.0
2018-12-01,Charleston Southern Buccaneers,70.0,home,0.0,0.0,False,-6.0
2018-12-01,North Florida Ospreys,76.0,away,0.0,0.0,True,6.0
2018-12-01,Jacksonville Dolphins,71.0,home,0.0,0.0,True,2.0
2018-12-01,South Carolina State Bulldogs,69.0,away,0.0,0.0,False,-2.0
2018-12-02,UNC Wilmington Seahawks,85.0,home,0.0,0.0,False,-6.0
2018-12-02,Davidson Wildcats,91.0,away,0.0,0.0,True,6.0
2018-12-02,Oregon State Beavers,101.0,home,0.0,0.0,True,24.0
2018-12-02,Missouri State Bears,77.0,away,0.0,0.0,False,-24.0
2018-12-01,Drake Bulldogs,95.0,home,0.0,0.0,True,7.0
2018-12-01,North Dakota State Bison,88.0,away,0.0,0.0,False,-7.0
2018-12-02,Alabama A&M Bulldogs,61.0,home,0.0,0.0,False,-12.0
2018-12-02,Austin Peay Governors,73.0,away,0.0,0.0,True,12.0
2018-12-02,Old Dominion Monarchs,67.0,home,0.0,0.0,True,25.0
2018-12-02,James Madison Dukes,42.0,away,0.0,0.0,False,-25.0
2018-12-02,Wofford Terriers,79.0,home,0.0,0.0,True,17.0
2018-12-02,East Tennessee State Buccaneers,62.0,away,0.0,0.0,False,-17.0
2018-12-02,Manhattan Jaspers,56.0,home,0.0,0.0,False,-1.0
2018-12-02,Fordham Rams,57.0,away,0.0,0.0,True,1.0
2018-12-02,Stony Brook Seawolves,71.0,home,0.0,0.0,True,10.0
2018-12-02,Quinnipiac Bobcats,61.0,away,0.0,0.0,False,-10.0
2018-12-02,VCU Rams,88.0,home,0.0,0.0,True,29.0
2018-12-02,Iona Gaels,59.0,away,0.0,0.0,False,-29.0
2018-12-01,Wyoming Cowboys,80.0,home,0.0,0.0,False,-5.0
2018-12-01,Northern Colorado Bears,85.0,away,0.0,0.0,True,5.0
2018-12-01,Liberty Flames,78.0,home,0.0,0.0,True,26.0
2018-12-01,Georgia State Panthers,52.0,away,0.0,0.0,False,-26.0
2018-12-01,UNLV Rebels,61.0,home,0.0,0.0,False,-4.0
2018-12-01,Cincinnati Bearcats,65.0,away,0.0,0.0,True,4.0
2018-12-02,Santa Clara Broncos,81.0,home,0.0,0.0,True,7.0
2018-12-02,Northern Arizona Lumberjacks,74.0,away,0.0,0.0,False,-7.0
2018-12-02,Western Kentucky Hilltoppers,88.0,home,0.0,0.0,True,14.0
2018-12-02,Tennessee State Tigers,74.0,away,0.0,0.0,False,-14.0
2018-12-01,Middle Tennessee Blue Raiders,74.0,home,0.0,0.0,False,-10.0
2018-12-01,Lipscomb Bisons,84.0,away,0.0,0.0,True,10.0
2018-12-02,Bradley Braves,75.0,home,0.0,0.0,False,-10.0
2018-12-02,New Mexico Lobos,85.0,away,0.0,0.0,True,10.0
2018-12-02,Southeast Missouri State Redhawks,63.0,home,0.0,0.0,False,-7.0
2018-12-02,Western Illinois Leathernecks,70.0,away,0.0,0.0,True,7.0
2018-12-02,Richmond Spiders,84.0,home,0.0,0.0,True,10.0
2018-12-02,Wake Forest Demon Deacons,74.0,away,0.0,0.0,False,-10.0
2018-12-02,Miami Hurricanes,73.0,home,0.0,0.0,False,-4.0
2018-12-02,Yale Bulldogs,77.0,away,0.0,0.0,True,4.0
2018-12-02,Louisiana Ragin' Cajuns,88.0,home,0.0,0.0,True,10.0
2018-12-02,Southern Jaguars,78.0,away,0.0,0.0,False,-10.0
2018-12-02,South Alabama Jaguars,66.0,home,0.0,0.0,True,9.0
2018-12-02,Florida A&M Rattlers,57.0,away,0.0,0.0,False,-9.0
2018-12-02,Syracuse Orange,63.0,home,0.0,0.0,True,8.0
2018-12-02,Cornell Big Red,55.0,away,0.0,0.0,False,-8.0
2018-12-02,Wichita State Shockers,71.0,home,0.0,0.0,True,8.0
2018-12-02,Baylor Bears,63.0,away,0.0,0.0,False,-8.0
2018-12-02,Murray State Racers,83.0,home,0.0,0.0,True,16.0
2018-12-02,Prairie View A&M Panthers,67.0,away,0.0,0.0,False,-16.0
2018-12-02,South Dakota State Jackrabbits,82.0,home,0.0,0.0,True,32.0
2018-12-02,Northern Iowa Panthers,50.0,away,0.0,0.0,False,-32.0
2018-12-02,UTEP Miners,77.0,home,0.0,0.0,True,30.0
2018-12-02,Northwestern State Demons,47.0,away,0.0,0.0,False,-30.0
2018-12-02,Arkansas Razorbacks,121.0,home,0.0,0.0,True,32.0
2018-12-02,Florida International Panthers,89.0,away,0.0,0.0,False,-32.0
2018-12-02,UT Martin Skyhawks,87.0,home,0.0,0.0,True,17.0
2018-12-02,UNC Asheville Bulldogs,70.0,away,0.0,0.0,False,-17.0
2018-12-02,New Mexico State Aggies,69.0,home,0.0,0.0,True,6.0
2018-12-02,Washington State Cougars,63.0,away,0.0,0.0,False,-6.0
2018-12-02,Cal State Fullerton Titans,99.0,home,0.0,0.0,True,39.0
2018-12-02,Cal Lutheran Kingsmen,60.0,away,0.0,0.0,False,-39.0
2018-12-02,Seattle U Redhawks,88.0,home,0.0,0.0,True,20.0
2018-12-02,Eastern Washington Eagles,68.0,away,0.0,0.0,False,-20.0
2018-12-02,Utah Valley Wolverines,98.0,home,0.0,0.0,True,23.0
2018-12-02,Denver Pioneers,75.0,away,0.0,0.0,False,-23.0
2018-12-02,Pepperdine Waves,77.0,home,0.0,0.0,True,15.0
2018-12-02,Abilene Christian Wildcats,62.0,away,0.0,0.0,False,-15.0
2018-12-02,Grand Canyon Lopes,69.0,home,0.0,0.0,True,2.0
2018-12-02,Boise State Broncos,67.0,away,0.0,0.0,False,-2.0
2018-12-02,Weber State Wildcats,113.0,home,0.0,0.0,True,10.0
2018-12-02,BYU Cougars,103.0,away,0.0,0.0,False,-10.0
2018-12-02,UC Irvine Anteaters,65.0,home,0.0,0.0,False,-24.0
2018-12-02,Utah State Aggies,89.0,away,0.0,0.0,True,24.0
2018-12-02,Arizona State Sun Devils,83.0,home,0.0,0.0,True,12.0
2018-12-02,Texas Southern Tigers,71.0,away,0.0,0.0,False,-12.0
2018-12-02,San Diego Toreros,74.0,home,0.0,0.0,True,4.0
2018-12-02,Long Beach State Beach,70.0,away,0.0,0.0,False,-4.0
2018-12-02,California Baptist Lancers,107.0,home,0.0,0.0,True,36.0
2018-12-02,Mississippi Valley State Delta Devils,71.0,away,0.0,0.0,False,-36.0
2018-12-02,Saint Mary's Gaels,84.0,home,0.0,0.0,True,13.0
2018-12-02,California Golden Bears,71.0,away,0.0,0.0,False,-13.0
2018-12-02,Cal State Northridge Matadors,68.0,home,0.0,0.0,False,-20.0
2018-12-02,Sacramento State Hornets,88.0,away,0.0,0.0,True,20.0
2018-12-02,Pacific Tigers,82.0,home,0.0,0.0,True,13.0
2018-12-02,Air Force Falcons,69.0,away,0.0,0.0,False,-13.0
2018-12-02,Portland State Vikings,123.0,home,0.0,0.0,True,83.0
2018-12-02,Portland Bible Arrows,40.0,away,0.0,0.0,False,-83.0
2018-12-15,North Dakota Fighting Hawks,83.0,home,0.0,0.0,True,17.0
2018-12-15,Mayville St Comets,66.0,away,0.0,0.0,False,-17.0
2018-12-15,DePaul Blue Demons,90.0,home,0.0,0.0,True,20.0
2018-12-15,UIC Flames,70.0,away,0.0,0.0,False,-20.0
2018-12-15,Georgia Southern Eagles,101.0,home,0.0,0.0,True,37.0
2018-12-15,Brewton-Parker Wildcats,64.0,away,0.0,0.0,False,-37.0
2018-12-15,George Washington Revolutionaries,70.0,home,0.0,0.0,True,6.0
2018-12-15,Howard Bison,64.0,away,0.0,0.0,False,-6.0
2018-12-15,Houston Christian Huskies,107.0,home,0.0,0.0,True,37.0
2018-12-15,Arlington Baptist Patriots,70.0,away,0.0,0.0,False,-37.0
2018-12-15,Arkansas State Red Wolves,75.0,home,0.0,0.0,True,4.0
2018-12-15,Florida Atlantic Owls,71.0,away,0.0,0.0,False,-4.0
2018-12-15,Creighton Bluejays,86.0,home,0.0,0.0,True,21.0
2018-12-15,Green Bay Phoenix,65.0,away,0.0,0.0,False,-21.0
2018-12-13,Bryant Bulldogs,74.0,home,0.0,0.0,False,-17.0
2018-12-13,Hartford Hawks,91.0,away,0.0,0.0,True,17.0
2018-12-13,Louisville Cardinals,72.0,home,0.0,0.0,True,4.0
2018-12-13,Lipscomb Bisons,68.0,away,0.0,0.0,False,-4.0
2018-12-13,Fairleigh Dickinson Knights,93.0,home,0.0,0.0,True,9.0
2018-12-13,Army Black Knights,84.0,away,0.0,0.0,False,-9.0
2018-12-13,Georgia State Panthers,95.0,home,0.0,0.0,True,7.0
2018-12-13,Chattanooga Mocs,88.0,away,0.0,0.0,False,-7.0
2018-12-13,Boise State Broncos,67.0,home,0.0,0.0,True,10.0
2018-12-13,Alabama State Hornets,57.0,away,0.0,0.0,False,-10.0
2018-12-13,Boston College Eagles,82.0,home,0.0,0.0,True,9.0
2018-12-13,Columbia Lions,73.0,away,0.0,0.0,False,-9.0
2018-12-13,Wichita State Shockers,69.0,home,0.0,0.0,True,4.0
2018-12-13,Jacksonville State Gamecocks,65.0,away,0.0,0.0,False,-4.0
2018-12-13,South Dakota Coyotes,78.0,home,0.0,0.0,True,26.0
2018-12-13,Bellevue University Bruins,52.0,away,0.0,0.0,False,-26.0
2018-12-13,Ole Miss Rebels,69.0,home,0.0,0.0,True,22.0
2018-12-13,SE Louisiana Lions,47.0,away,0.0,0.0,False,-22.0
2018-12-13,DePaul Blue Demons,104.0,home,0.0,0.0,True,34.0
2018-12-13,Chicago State Cougars,70.0,away,0.0,0.0,False,-34.0
2018-12-13,Rider Broncs,81.0,home,0.0,0.0,True,10.0
2018-12-13,Norfolk State Spartans,71.0,away,0.0,0.0,False,-10.0
2018-12-13,Stony Brook Seawolves,83.0,home,0.0,0.0,True,4.0
2018-12-13,Long Island University Sharks,79.0,away,0.0,0.0,False,-4.0
2018-12-13,UNC Greensboro Spartans,77.0,home,0.0,0.0,True,23.0
2018-12-13,Coppin State Eagles,54.0,away,0.0,0.0,False,-23.0
2018-12-13,Texas Tech Red Raiders,79.0,home,0.0,0.0,True,35.0
2018-12-13,Northwestern State Demons,44.0,away,0.0,0.0,False,-35.0
2018-12-12,Troy Trojans,88.0,home,0.0,0.0,True,45.0
2018-12-12,Carver College Cougars,43.0,away,0.0,0.0,False,-45.0
2018-12-13,Houston Cougars,82.0,home,0.0,0.0,True,6.0
2018-12-13,LSU Tigers,76.0,away,0.0,0.0,False,-6.0
2018-12-13,IU Indianapolis Jaguars,116.0,home,0.0,0.0,True,37.0
2018-12-13,Indiana University Northwest Indiana-Northwest,79.0,away,0.0,0.0,False,-37.0
2018-12-13,Presbyterian Blue Hose,103.0,home,0.0,0.0,True,33.0
2018-12-13,VMI Keydets,70.0,away,0.0,0.0,False,-33.0
2018-12-13,Southern Illinois Salukis,52.0,home,0.0,0.0,False,-28.0
2018-12-13,Murray State Racers,80.0,away,0.0,0.0,True,28.0
2018-12-13,Temple Owls,65.0,home,0.0,0.0,True,2.0
2018-12-13,Massachusetts Minutemen,63.0,away,0.0,0.0,False,-2.0
2018-12-13,San Diego State Aztecs,99.0,home,0.0,0.0,True,53.0
2018-12-13,CS Dominguez Hills Toros,46.0,away,0.0,0.0,False,-53.0
2018-12-13,Oregon Ducks,65.0,home,0.0,0.0,True,10.0
2018-12-13,San Diego Toreros,55.0,away,0.0,0.0,False,-10.0
2018-12-13,BYU Cougars,85.0,home,0.0,0.0,True,19.0
2018-12-13,Portland State Vikings,66.0,away,0.0,0.0,False,-19.0
2018-12-13,Gardner-Webb Runnin' Bulldogs,81.0,home,0.0,0.0,True,4.0
2018-12-13,Kennesaw State Owls,77.0,away,0.0,0.0,False,-4.0
2018-12-13,North Alabama Lions,90.0,home,0.0,0.0,True,32.0
2018-12-13,Huntingdon College (AL) Hawks,58.0,away,0.0,0.0,False,-32.0
2018-12-14,McNeese Cowboys,77.0,home,0.0,0.0,True,16.0
2018-12-14,North Carolina Central Eagles,61.0,away,0.0,0.0,False,-16.0
2018-12-13,Rice Owls,78.0,home,0.0,0.0,True,5.0
2018-12-13,St. Edward's Hilltoppers,73.0,away,0.0,0.0,False,-5.0
2018-12-14,Campbell Fighting Camels,100.0,home,0.0,0.0,True,47.0
2018-12-14,Central Penn Knights,53.0,away,0.0,0.0,False,-47.0
2018-12-14,Longwood Lancers,81.0,home,0.0,0.0,True,24.0
2018-12-14,Averett Cougars,57.0,away,0.0,0.0,False,-24.0
2018-12-14,Cal State Bakersfield Roadrunners,86.0,home,0.0,0.0,True,21.0
2018-12-14,Lamar Cardinals,65.0,away,0.0,0.0,False,-21.0
2018-12-14,Wisconsin Badgers,101.0,home,0.0,0.0,True,41.0
2018-12-14,Savannah State Tigers,60.0,away,0.0,0.0,False,-41.0
2018-12-14,Florida International Panthers,102.0,home,0.0,0.0,True,13.0
2018-12-14,North Florida Ospreys,89.0,away,0.0,0.0,False,-13.0
2018-12-14,Dartmouth Big Green,78.0,home,0.0,0.0,True,10.0
2018-12-14,Boston University Terriers,68.0,away,0.0,0.0,False,-10.0
2018-12-14,Kansas City Roos,66.0,home,0.0,0.0,False,-3.0
2018-12-14,Milwaukee Panthers,69.0,away,0.0,0.0,True,3.0
2018-12-14,Wright State Raiders,91.0,home,0.0,0.0,True,39.0
2018-12-14,Northwestern Ohio Racers,52.0,away,0.0,0.0,False,-39.0
2018-12-14,Duquesne Dukes,72.0,home,0.0,0.0,True,15.0
2018-12-14,Maryland Eastern Shore Hawks,57.0,away,0.0,0.0,False,-15.0
2018-12-14,Tulsa Golden Hurricane,70.0,home,0.0,0.0,True,10.0
2018-12-14,New Orleans Privateers,60.0,away,0.0,0.0,False,-10.0
2018-12-14,Sacramento State Hornets,89.0,home,0.0,0.0,True,49.0
2018-12-14,Westcliff Warriors,40.0,away,0.0,0.0,False,-49.0
2018-12-14,Samford Bulldogs,77.0,home,0.0,0.0,True,5.0
2018-12-14,Morehead State Eagles,72.0,away,0.0,0.0,False,-5.0
2018-12-14,Santa Clara Broncos,82.0,home,0.0,0.0,True,28.0
2018-12-14,Mississippi Valley State Delta Devils,54.0,away,0.0,0.0,False,-28.0
2018-12-14,San Francisco Dons,85.0,home,0.0,0.0,True,22.0
2018-12-14,Eastern Washington Eagles,63.0,away,0.0,0.0,False,-22.0
2018-12-08,St. Bonaventure Bonnies,62.0,home,0.0,0.0,False,-18.0
2018-12-08,Buffalo Bulls,80.0,away,0.0,0.0,True,18.0
2018-12-09,Auburn Tigers,82.0,home,0.0,0.0,True,10.0
2018-12-09,Dayton Flyers,72.0,away,0.0,0.0,False,-10.0
2018-12-08,Villanova Wildcats,70.0,home,0.0,0.0,True,12.0
2018-12-08,Saint Joseph's Hawks,58.0,away,0.0,0.0,False,-12.0
2018-12-08,Florida Gators,59.0,home,0.0,0.0,False,-4.0
2018-12-08,Michigan State Spartans,63.0,away,0.0,0.0,True,4.0
2018-12-08,Michigan Wolverines,89.0,home,0.0,0.0,True,11.0
2018-12-08,South Carolina Gamecocks,78.0,away,0.0,0.0,False,-11.0
2018-12-08,South Carolina Upstate Spartans,60.0,home,0.0,0.0,False,-14.0
2018-12-08,Furman Paladins,74.0,away,0.0,0.0,True,14.0
2018-12-08,Maryland Terrapins,55.0,home,0.0,0.0,True,14.0
2018-12-08,Loyola Chicago Ramblers,41.0,away,0.0,0.0,False,-14.0
2018-12-08,Kentucky Wildcats,83.0,home,0.0,0.0,False,-1.0
2018-12-08,Seton Hall Pirates,84.0,away,0.0,0.0,True,1.0
2018-12-08,Marquette Golden Eagles,74.0,home,0.0,0.0,True,5.0
2018-12-08,Wisconsin Badgers,69.0,away,0.0,0.0,False,-5.0
2018-12-08,Central Connecticut Blue Devils,79.0,home,0.0,0.0,True,21.0
2018-12-08,Penn State - Wilkes-Barre Mountain Lions,58.0,away,0.0,0.0,False,-21.0
2018-12-08,West Virginia Mountaineers,69.0,home,0.0,0.0,True,10.0
2018-12-08,Pittsburgh Panthers,59.0,away,0.0,0.0,False,-10.0
2018-12-08,Eastern Michigan Eagles,105.0,home,0.0,0.0,True,52.0
2018-12-08,Central State (OH) Marauders,53.0,away,0.0,0.0,False,-52.0
2018-12-08,Nebraska Cornhuskers,94.0,home,0.0,0.0,True,19.0
2018-12-08,Creighton Bluejays,75.0,away,0.0,0.0,False,-19.0
2018-12-08,Tulsa Golden Hurricane,47.0,home,0.0,0.0,True,1.0
2018-12-08,Kansas State Wildcats,46.0,away,0.0,0.0,False,-1.0
2018-12-08,Northwestern Wildcats,75.0,home,0.0,0.0,True,7.0
2018-12-08,DePaul Blue Demons,68.0,away,0.0,0.0,False,-7.0
2018-12-08,Indiana State Sycamores,77.0,home,0.0,0.0,True,8.0
2018-12-08,Truman State Bulldogs,69.0,away,0.0,0.0,False,-8.0
2018-12-08,Oklahoma Sooners,80.0,home,0.0,0.0,True,32.0
2018-12-08,Wichita State Shockers,48.0,away,0.0,0.0,False,-32.0
2018-12-08,UNC Asheville Bulldogs,59.0,home,0.0,0.0,False,-12.0
2018-12-08,Western Carolina Catamounts,71.0,away,0.0,0.0,True,12.0
2018-12-08,Duke Blue Devils,91.0,home,0.0,0.0,True,33.0
2018-12-08,Yale Bulldogs,58.0,away,0.0,0.0,False,-33.0
2018-12-08,Abilene Christian Wildcats,93.0,home,0.0,0.0,True,40.0
2018-12-08,Schreiner Mountaineers,53.0,away,0.0,0.0,False,-40.0
2018-12-08,Stetson Hatters,75.0,home,0.0,0.0,False,-4.0
2018-12-08,Marist Red Foxes,79.0,away,0.0,0.0,True,4.0
2018-12-08,Saint Peter's Peacocks,58.0,home,0.0,0.0,False,-16.0
2018-12-08,Long Island University Sharks,74.0,away,0.0,0.0,True,16.0
2018-12-08,Holy Cross Crusaders,63.0,home,0.0,0.0,False,-16.0
2018-12-08,Rhode Island Rams,79.0,away,0.0,0.0,True,16.0
2018-12-08,Miami (OH) RedHawks,85.0,home,0.0,0.0,True,6.0
2018-12-08,Purdue Fort Wayne Mastodons,79.0,away,0.0,0.0,False,-6.0
2018-12-08,App State Mountaineers,82.0,home,0.0,0.0,True,9.0
2018-12-08,North Carolina Central Eagles,73.0,away,0.0,0.0,False,-9.0
2018-12-08,UCF Knights,70.0,home,0.0,0.0,True,25.0
2018-12-08,Grambling Tigers,45.0,away,0.0,0.0,False,-25.0
2018-12-08,Dartmouth Big Green,78.0,home,0.0,0.0,True,26.0
2018-12-08,Maine Black Bears,52.0,away,0.0,0.0,False,-26.0
2018-12-08,Brown Bears,71.0,home,0.0,0.0,True,2.0
2018-12-08,Stony Brook Seawolves,69.0,away,0.0,0.0,False,-2.0
2018-12-08,Memphis Tigers,94.0,home,0.0,0.0,True,18.0
2018-12-08,UAB Blazers,76.0,away,0.0,0.0,False,-18.0
2018-12-08,Towson Tigers,69.0,home,0.0,0.0,False,-5.0
2018-12-08,Morgan State Bears,74.0,away,0.0,0.0,True,5.0
2018-12-08,Quinnipiac Bobcats,88.0,home,0.0,0.0,True,11.0
2018-12-08,Lafayette Leopards,77.0,away,0.0,0.0,False,-11.0
2018-12-08,Northern Iowa Panthers,75.0,home,0.0,0.0,True,8.0
2018-12-08,Dubuque Spartans,67.0,away,0.0,0.0,False,-8.0
2018-12-08,Youngstown State Penguins,77.0,home,0.0,0.0,False,-11.0
2018-12-08,Western Michigan Broncos,88.0,away,0.0,0.0,True,11.0
2018-12-08,Cincinnati Bearcats,62.0,home,0.0,0.0,True,15.0
2018-12-08,Xavier Musketeers,47.0,away,0.0,0.0,False,-15.0
2018-12-08,Illinois Fighting Illini,77.0,home,0.0,0.0,True,3.0
2018-12-08,UNLV Rebels,74.0,away,0.0,0.0,False,-3.0
2018-12-08,Penn State Nittany Lions,76.0,home,0.0,0.0,True,11.0
2018-12-08,Colgate Raiders,65.0,away,0.0,0.0,False,-11.0
2018-12-08,South Dakota Coyotes,63.0,home,0.0,0.0,False,-2.0
2018-12-08,Kansas City Roos,65.0,away,0.0,0.0,True,2.0
2018-12-08,Drexel Dragons,76.0,home,0.0,0.0,False,-15.0
2018-12-08,UMBC Retrievers,91.0,away,0.0,0.0,True,15.0
2018-12-08,Utah Utes,59.0,home,0.0,0.0,False,-15.0
2018-12-08,BYU Cougars,74.0,away,0.0,0.0,True,15.0
2018-12-08,Marshall Thundering Herd,74.0,home,0.0,0.0,False,-1.0
2018-12-08,Toledo Rockets,75.0,away,0.0,0.0,True,1.0
2018-12-08,Fordham Rams,78.0,home,0.0,0.0,True,8.0
2018-12-08,Rutgers Scarlet Knights,70.0,away,0.0,0.0,False,-8.0
2018-12-08,Binghamton Bearcats,65.0,home,0.0,0.0,False,-18.0
2018-12-08,Loyola Maryland Greyhounds,83.0,away,0.0,0.0,True,18.0
2018-12-08,Syracuse Orange,72.0,home,0.0,0.0,True,1.0
2018-12-08,Georgetown Hoyas,71.0,away,0.0,0.0,False,-1.0
2018-12-08,Gardner-Webb Runnin' Bulldogs,102.0,home,0.0,0.0,True,47.0
2018-12-08,Johnson & Wales (NC) JOHNSON & WALES-CHARLOTTE,55.0,away,0.0,0.0,False,-47.0
2018-12-08,UTSA Roadrunners,104.0,home,0.0,0.0,True,30.0
2018-12-08,Mid-America Christian Evangels,74.0,away,0.0,0.0,False,-30.0
2018-12-08,Indiana Hoosiers,68.0,home,0.0,0.0,True,1.0
2018-12-08,Louisville Cardinals,67.0,away,0.0,0.0,False,-1.0
2018-12-08,North Carolina A&T Aggies,92.0,home,0.0,0.0,True,25.0
2018-12-08,Greensboro College Pride,67.0,away,0.0,0.0,False,-25.0
2018-12-08,Ohio Bobcats,78.0,home,0.0,0.0,True,9.0
2018-12-08,Radford Highlanders,69.0,away,0.0,0.0,False,-9.0
2018-12-08,Mount St. Mary's Mountaineers,78.0,home,0.0,0.0,False,-7.0
2018-12-08,Lehigh Mountain Hawks,85.0,away,0.0,0.0,True,7.0
2018-12-08,Air Force Falcons,61.0,home,0.0,0.0,False,-5.0
2018-12-08,Army Black Knights,66.0,away,0.0,0.0,True,5.0
2018-12-08,Colorado State Rams,71.0,home,0.0,0.0,True,6.0
2018-12-08,Sam Houston Bearkats,65.0,away,0.0,0.0,False,-6.0
2018-12-08,Howard Bison,85.0,home,0.0,0.0,True,2.0
2018-12-08,American University Eagles,83.0,away,0.0,0.0,False,-2.0
2018-12-08,SIU Edwardsville Cougars,92.0,home,0.0,0.0,True,5.0
2018-12-08,Harris-Stowe State Hornets,87.0,away,0.0,0.0,False,-5.0
2018-12-08,Kent State Golden Flashes,83.0,home,0.0,0.0,True,7.0
2018-12-08,Wright State Raiders,76.0,away,0.0,0.0,False,-7.0
2018-12-08,Boise State Broncos,82.0,home,0.0,0.0,True,20.0
2018-12-08,Central Washington Wildcats,62.0,away,0.0,0.0,False,-20.0
2018-12-08,Mercer Bears,74.0,home,0.0,0.0,False,-15.0
2018-12-08,Georgia Southern Eagles,89.0,away,0.0,0.0,True,15.0
2018-12-08,East Tennessee State Buccaneers,80.0,home,0.0,0.0,True,18.0
2018-12-08,UT Martin Skyhawks,62.0,away,0.0,0.0,False,-18.0
2018-12-08,NJIT Highlanders,82.0,home,0.0,0.0,True,22.0
2018-12-08,St. Francis Brooklyn Terriers,60.0,away,0.0,0.0,False,-22.0
2018-12-08,Arkansas Razorbacks,77.0,home,0.0,0.0,False,-1.0
2018-12-08,Western Kentucky Hilltoppers,78.0,away,0.0,0.0,True,1.0
2018-12-08,La Salle Explorers,65.0,home,0.0,0.0,False,-18.0
2018-12-08,Pennsylvania Quakers,83.0,away,0.0,0.0,True,18.0
2018-12-08,Austin Peay Governors,116.0,home,0.0,0.0,True,83.0
2018-12-08,Calvary Warriors,33.0,away,0.0,0.0,False,-83.0
2018-12-08,Utah State Aggies,76.0,home,0.0,0.0,True,9.0
2018-12-08,Weber State Wildcats,67.0,away,0.0,0.0,False,-9.0
2018-12-08,Butler Bulldogs,95.0,home,0.0,0.0,True,27.0
2018-12-08,Northern Illinois Huskies,68.0,away,0.0,0.0,False,-27.0
2018-12-08,George Washington Revolutionaries,79.0,home,0.0,0.0,False,-3.0
2018-12-08,Valparaiso Beacons,82.0,away,0.0,0.0,True,3.0
2018-12-08,Mississippi State Bulldogs,82.0,home,0.0,0.0,True,11.0
2018-12-08,Clemson Tigers,71.0,away,0.0,0.0,False,-11.0
2018-12-08,Hampton Pirates,71.0,home,0.0,0.0,False,-5.0
2018-12-08,William & Mary Tribe,76.0,away,0.0,0.0,True,5.0
2018-12-08,Robert Morris Colonials,71.0,home,0.0,0.0,False,-3.0
2018-12-08,Siena Saints,74.0,away,0.0,0.0,True,3.0
2018-12-08,South Alabama Jaguars,81.0,home,0.0,0.0,True,21.0
2018-12-08,Tulane Green Wave,60.0,away,0.0,0.0,False,-21.0
2018-12-08,Texas State Bobcats,90.0,home,0.0,0.0,True,10.0
2018-12-08,Houston Christian Huskies,80.0,away,0.0,0.0,False,-10.0
2018-12-08,Alcorn State Braves,109.0,home,0.0,0.0,True,64.0
2018-12-08,Champion Christian Tigers,45.0,away,0.0,0.0,False,-64.0
2018-12-08,Hofstra Pride,89.0,home,0.0,0.0,True,16.0
2018-12-08,Rider Broncs,73.0,away,0.0,0.0,False,-16.0
2018-12-08,Central Michigan Chippewas,95.0,home,0.0,0.0,True,9.0
2018-12-08,Southern Utah Thunderbirds,86.0,away,0.0,0.0,False,-9.0
2018-12-08,Bowling Green Falcons,97.0,home,0.0,0.0,True,29.0
2018-12-08,Green Bay Phoenix,68.0,away,0.0,0.0,False,-29.0
2018-12-08,Oklahoma State Cowboys,53.0,home,0.0,0.0,False,-10.0
2018-12-08,Houston Cougars,63.0,away,0.0,0.0,True,10.0
2018-12-08,Minnesota Golden Gophers,72.0,home,0.0,0.0,True,16.0
2018-12-08,Arkansas State Red Wolves,56.0,away,0.0,0.0,False,-16.0
2018-12-08,Northeastern Huskies,92.0,home,0.0,0.0,True,9.0
2018-12-08,Oakland Golden Grizzlies,83.0,away,0.0,0.0,False,-9.0
2018-12-08,North Texas Mean Green,63.0,home,0.0,0.0,True,2.0
2018-12-08,UT Arlington Mavericks,61.0,away,0.0,0.0,False,-2.0
2018-12-08,Delaware State Hornets,54.0,home,0.0,0.0,False,-27.0
2018-12-08,Jacksonville State Gamecocks,81.0,away,0.0,0.0,True,27.0
2018-12-08,Eastern Kentucky Colonels,76.0,home,0.0,0.0,True,2.0
2018-12-08,Northern Kentucky Norse,74.0,away,0.0,0.0,False,-2.0
2018-12-08,Colorado Buffaloes,84.0,home,0.0,0.0,True,12.0
2018-12-08,UIC Flames,72.0,away,0.0,0.0,False,-12.0
2018-12-09,Fresno State Bulldogs,92.0,home,0.0,0.0,True,21.0
2018-12-09,Long Beach State Beach,71.0,away,0.0,0.0,False,-21.0
2018-12-09,Vermont Catamounts,71.0,home,0.0,0.0,True,6.0
2018-12-09,Harvard Crimson,65.0,away,0.0,0.0,False,-6.0
2018-12-09,Western Illinois Leathernecks,67.0,home,0.0,0.0,False,-7.0
2018-12-09,Eastern Illinois Panthers,74.0,away,0.0,0.0,True,7.0
2018-12-08,UConn Huskies,71.0,home,0.0,0.0,False,-8.0
2018-12-08,Florida State Seminoles,79.0,away,0.0,0.0,True,8.0
2018-12-08,Little Rock Trojans,82.0,home,0.0,0.0,False,-3.0
2018-12-08,Central Arkansas Bears,85.0,away,0.0,0.0,True,3.0
2018-12-09,UAlbany Great Danes,82.0,home,0.0,0.0,True,19.0
2018-12-09,Monmouth Hawks,63.0,away,0.0,0.0,False,-19.0
2018-12-09,Illinois State Redbirds,74.0,home,0.0,0.0,False,-7.0
2018-12-09,Ole Miss Rebels,81.0,away,0.0,0.0,True,7.0
2018-12-08,Jacksonville Dolphins,100.0,home,0.0,0.0,True,43.0
2018-12-08,Middle Georgia State Knights,57.0,away,0.0,0.0,False,-43.0
2018-12-09,Southeast Missouri State Redhawks,73.0,home,0.0,0.0,False,-10.0
2018-12-09,Southern Illinois Salukis,83.0,away,0.0,0.0,True,10.0
2018-12-09,UC Irvine Anteaters,60.0,home,0.0,0.0,True,9.0
2018-12-09,Montana Grizzlies,51.0,away,0.0,0.0,False,-9.0
2018-12-09,UC Santa Barbara Gauchos,55.0,home,0.0,0.0,True,10.0
2018-12-09,Arkansas-Pine Bluff Golden Lions,45.0,away,0.0,0.0,False,-10.0
2018-12-09,Oregon Ducks,84.0,home,0.0,0.0,True,23.0
2018-12-09,Omaha Mavericks,61.0,away,0.0,0.0,False,-23.0
2018-12-09,Texas Southern Tigers,107.0,home,0.0,0.0,True,37.0
2018-12-09,Concordia-Texas Tornados,70.0,away,0.0,0.0,False,-37.0
2018-12-09,Middle Tennessee Blue Raiders,42.0,home,0.0,0.0,False,-22.0
2018-12-09,Murray State Racers,64.0,away,0.0,0.0,True,22.0
2018-12-09,Kansas Jayhawks,63.0,home,0.0,0.0,True,3.0
2018-12-09,New Mexico State Aggies,60.0,away,0.0,0.0,False,-3.0
2018-12-09,Northern Arizona Lumberjacks,78.0,home,0.0,0.0,False,-20.0
2018-12-09,Utah Valley Wolverines,98.0,away,0.0,0.0,True,20.0
2018-12-09,North Dakota State Bison,74.0,home,0.0,0.0,True,7.0
2018-12-09,Eastern Washington Eagles,67.0,away,0.0,0.0,False,-7.0
2018-12-09,California Baptist Lancers,87.0,home,0.0,0.0,True,39.0
2018-12-09,Caltech CALTECH,48.0,away,0.0,0.0,False,-39.0
2018-12-09,Idaho Vandals,67.0,home,0.0,0.0,False,-6.0
2018-12-09,Cal State Bakersfield Roadrunners,73.0,away,0.0,0.0,True,6.0
2018-12-09,Cal Poly Mustangs,80.0,home,0.0,0.0,True,2.0
2018-12-09,Bethune-Cookman Wildcats,78.0,away,0.0,0.0,False,-2.0
2018-12-09,Portland Pilots,76.0,home,0.0,0.0,True,9.0
2018-12-09,Sacramento State Hornets,67.0,away,0.0,0.0,False,-9.0
2018-12-09,California Golden Bears,89.0,home,0.0,0.0,True,6.0
2018-12-09,San Diego State Aztecs,83.0,away,0.0,0.0,False,-6.0
2018-12-09,Pepperdine Waves,69.0,home,0.0,0.0,True,3.0
2018-12-09,Jackson State Tigers,66.0,away,0.0,0.0,False,-3.0
2018-12-09,Hawai'i Rainbow Warriors,82.0,home,0.0,0.0,True,7.0
2018-12-09,Hawai'i Hilo Vulcans,75.0,away,0.0,0.0,False,-7.0
2018-12-09,UCLA Bruins,65.0,home,0.0,0.0,True,3.0
2018-12-09,Notre Dame Fighting Irish,62.0,away,0.0,0.0,False,-3.0
2018-12-18,Cornell Big Red,70.0,home,0.0,0.0,True,6.0
2018-12-18,Longwood Lancers,64.0,away,0.0,0.0,False,-6.0
2018-12-18,UTSA Roadrunners,101.0,home,0.0,0.0,True,24.0
2018-12-18,Bethany (KS) BETHANY (KS),77.0,away,0.0,0.0,False,-24.0
2018-12-18,Lipscomb Bisons,119.0,home,0.0,0.0,True,71.0
2018-12-18,Covenant Fighting Scots,48.0,away,0.0,0.0,False,-71.0
2018-12-18,Valparaiso Beacons,61.0,home,0.0,0.0,False,-16.0
2018-12-18,Ball State Cardinals,77.0,away,0.0,0.0,True,16.0
2018-12-18,Montana Grizzlies,60.0,home,0.0,0.0,True,7.0
2018-12-18,North Dakota State Bison,53.0,away,0.0,0.0,False,-7.0
2018-12-18,Wake Forest Demon Deacons,67.0,home,0.0,0.0,True,4.0
2018-12-18,Davidson Wildcats,63.0,away,0.0,0.0,False,-4.0
2018-12-18,Tulane Green Wave,77.0,home,0.0,0.0,True,7.0
2018-12-18,Texas Southern Tigers,70.0,away,0.0,0.0,False,-7.0
2018-12-18,Drake Bulldogs,79.0,home,0.0,0.0,True,13.0
2018-12-18,SIU Edwardsville Cougars,66.0,away,0.0,0.0,False,-13.0
2018-12-18,SE Louisiana Lions,52.0,home,0.0,0.0,False,-21.0
2018-12-18,California Baptist Lancers,73.0,away,0.0,0.0,True,21.0
2018-12-18,Utah Utes,93.0,home,0.0,0.0,True,29.0
2018-12-18,Florida A&M Rattlers,64.0,away,0.0,0.0,False,-29.0
2018-12-18,Morgan State Bears,85.0,home,0.0,0.0,True,7.0
2018-12-18,Wilmington (DE) Wildcats,78.0,away,0.0,0.0,False,-7.0
2018-12-18,Florida State Seminoles,85.0,home,0.0,0.0,True,17.0
2018-12-18,Southeast Missouri State Redhawks,68.0,away,0.0,0.0,False,-17.0
2018-12-18,High Point Panthers,90.0,home,0.0,0.0,True,5.0
2018-12-18,NC Wesleyan Battling Bishops,85.0,away,0.0,0.0,False,-5.0
2018-12-18,Samford Bulldogs,85.0,home,0.0,0.0,True,24.0
2018-12-18,Houston Christian Huskies,61.0,away,0.0,0.0,False,-24.0
2018-12-18,Vanderbilt Commodores,81.0,home,0.0,0.0,True,16.0
2018-12-18,Arizona State Sun Devils,65.0,away,0.0,0.0,False,-16.0
2018-12-18,UIC Flames,63.0,home,0.0,0.0,True,6.0
2018-12-18,Incarnate Word Cardinals,57.0,away,0.0,0.0,False,-6.0
2018-12-18,Georgia Tech Yellow Jackets,69.0,home,0.0,0.0,False,-10.0
2018-12-18,Gardner-Webb Runnin' Bulldogs,79.0,away,0.0,0.0,True,10.0
2018-12-18,Northern Illinois Huskies,91.0,home,0.0,0.0,True,15.0
2018-12-18,Western Illinois Leathernecks,76.0,away,0.0,0.0,False,-15.0
2018-12-18,Northwestern Wildcats,88.0,home,0.0,0.0,True,42.0
2018-12-18,Chicago State Cougars,46.0,away,0.0,0.0,False,-42.0
2018-12-18,New Mexico State Aggies,74.0,home,0.0,0.0,True,12.0
2018-12-18,Northern Colorado Bears,62.0,away,0.0,0.0,False,-12.0
2018-12-18,Oregon State Beavers,82.0,home,0.0,0.0,True,15.0
2018-12-18,Pepperdine Waves,67.0,away,0.0,0.0,False,-15.0
2018-12-18,Washington State Cougars,94.0,home,0.0,0.0,True,14.0
2018-12-18,Rider Broncs,80.0,away,0.0,0.0,False,-14.0
2018-12-18,Portland Pilots,56.0,home,0.0,0.0,False,-11.0
2018-12-18,Seattle U Redhawks,67.0,away,0.0,0.0,True,11.0
2018-12-21,App State Mountaineers,99.0,home,0.0,0.0,True,39.0
2018-12-21,Milligan Buffaloes,60.0,away,0.0,0.0,False,-39.0
2018-12-20,Kennesaw State Owls,90.0,home,0.0,0.0,True,18.0
2018-12-20,Southeastern Fires,72.0,away,0.0,0.0,False,-18.0
2018-12-21,Houston Cougars,60.0,home,0.0,0.0,True,10.0
2018-12-21,Utah State Aggies,50.0,away,0.0,0.0,False,-10.0
2018-12-21,Monmouth Hawks,58.0,home,0.0,0.0,False,-8.0
2018-12-21,Yale Bulldogs,66.0,away,0.0,0.0,True,8.0
2018-12-21,North Texas Mean Green,77.0,home,0.0,0.0,True,11.0
2018-12-21,Arkansas-Pine Bluff Golden Lions,66.0,away,0.0,0.0,False,-11.0
2018-12-20,Holy Cross Crusaders,65.0,home,0.0,0.0,True,2.0
2018-12-20,Canisius Golden Griffins,63.0,away,0.0,0.0,False,-2.0
2018-12-21,Purdue Boilermakers,95.0,home,0.0,0.0,True,28.0
2018-12-21,Ohio Bobcats,67.0,away,0.0,0.0,False,-28.0
2018-12-21,Fordham Rams,75.0,home,0.0,0.0,True,27.0
2018-12-21,James Madison Dukes,48.0,away,0.0,0.0,False,-27.0
2018-12-21,Notre Dame Fighting Irish,100.0,home,0.0,0.0,True,26.0
2018-12-21,Jacksonville Dolphins,74.0,away,0.0,0.0,False,-26.0
2018-12-20,Western Illinois Leathernecks,81.0,home,0.0,0.0,True,29.0
2018-12-20,Chicago State Cougars,52.0,away,0.0,0.0,False,-29.0
2018-12-20,Winthrop Eagles,88.0,home,0.0,0.0,True,14.0
2018-12-20,Maryland Eastern Shore Hawks,74.0,away,0.0,0.0,False,-14.0
2018-12-21,Florida International Panthers,108.0,home,0.0,0.0,True,41.0
2018-12-21,Florida Memorial FLORIDA MEMORIAL,67.0,away,0.0,0.0,False,-41.0
2018-12-21,UAlbany Great Danes,77.0,home,0.0,0.0,True,10.0
2018-12-21,Manhattan Jaspers,67.0,away,0.0,0.0,False,-10.0
2018-12-21,Duke Blue Devils,69.0,home,0.0,0.0,True,11.0
2018-12-21,Texas Tech Red Raiders,58.0,away,0.0,0.0,False,-11.0
2018-12-21,Purdue Fort Wayne Mastodons,106.0,home,0.0,0.0,True,61.0
2018-12-21,Siena Heights Saints,45.0,away,0.0,0.0,False,-61.0
2018-12-21,Pittsburgh Panthers,99.0,home,0.0,0.0,True,42.0
2018-12-21,New Orleans Privateers,57.0,away,0.0,0.0,False,-42.0
2018-12-21,Tennessee Tech Golden Eagles,91.0,home,0.0,0.0,True,11.0
2018-12-21,Savannah State Tigers,80.0,away,0.0,0.0,False,-11.0
2018-12-21,Northern Kentucky Norse,65.0,home,0.0,0.0,True,3.0
2018-12-21,Northern Illinois Huskies,62.0,away,0.0,0.0,False,-3.0
2018-12-21,Miami (OH) RedHawks,79.0,home,0.0,0.0,True,24.0
2018-12-21,South Carolina State Bulldogs,55.0,away,0.0,0.0,False,-24.0
2018-12-21,Ball State Cardinals,98.0,home,0.0,0.0,True,27.0
2018-12-21,Howard Bison,71.0,away,0.0,0.0,False,-27.0
2018-12-21,Texas A&M-Corpus Christi Islanders,50.0,home,0.0,0.0,False,-14.0
2018-12-21,UTSA Roadrunners,64.0,away,0.0,0.0,True,14.0
2018-12-21,South Alabama Jaguars,86.0,home,0.0,0.0,True,39.0
2018-12-21,Mobile Rams,47.0,away,0.0,0.0,False,-39.0
2018-12-21,Creighton Bluejays,110.0,home,0.0,0.0,True,50.0
2018-12-21,Coe Kohawks,60.0,away,0.0,0.0,False,-50.0
2018-12-21,Seattle U Redhawks,102.0,home,0.0,0.0,True,38.0
2018-12-21,Prairie View A&M Panthers,64.0,away,0.0,0.0,False,-38.0
2018-12-21,Long Beach State Beach,67.0,home,0.0,0.0,True,1.0
2018-12-21,Pepperdine Waves,66.0,away,0.0,0.0,False,-1.0
2018-12-21,Portland State Vikings,71.0,home,0.0,0.0,False,-5.0
2018-12-21,Cal State Bakersfield Roadrunners,76.0,away,0.0,0.0,True,5.0
2018-12-16,Michigan State Spartans,104.0,home,0.0,0.0,True,21.0
2018-12-16,Green Bay Phoenix,83.0,away,0.0,0.0,False,-21.0
2018-12-16,Niagara Purple Eagles,77.0,home,0.0,0.0,True,3.0
2018-12-16,Cornell Big Red,74.0,away,0.0,0.0,False,-3.0
2018-12-16,Elon Phoenix,91.0,home,0.0,0.0,False,-1.0
2018-12-16,Canisius Golden Griffins,92.0,away,0.0,0.0,True,1.0
2018-12-16,Houston Cougars,68.0,home,0.0,0.0,True,4.0
2018-12-16,Saint Louis Billikens,64.0,away,0.0,0.0,False,-4.0
2018-12-16,Coastal Carolina Chanticleers,69.0,home,0.0,0.0,True,4.0
2018-12-16,North Carolina Central Eagles,65.0,away,0.0,0.0,False,-4.0
2018-12-16,Providence Friars,87.0,home,0.0,0.0,True,24.0
2018-12-16,Central Connecticut Blue Devils,63.0,away,0.0,0.0,False,-24.0
2018-12-16,Duquesne Dukes,72.0,home,0.0,0.0,True,26.0
2018-12-16,Maine Black Bears,46.0,away,0.0,0.0,False,-26.0
2018-12-16,Rhode Island Rams,83.0,home,0.0,0.0,True,13.0
2018-12-16,West Virginia Mountaineers,70.0,away,0.0,0.0,False,-13.0
2018-12-16,Boston College Eagles,77.0,home,0.0,0.0,True,10.0
2018-12-16,Fairfield Stags,67.0,away,0.0,0.0,False,-10.0
2018-12-16,Winthrop Eagles,109.0,home,0.0,0.0,True,43.0
2018-12-16,Hiwassee Tigers,66.0,away,0.0,0.0,False,-43.0
2018-12-16,Illinois State Redbirds,88.0,home,0.0,0.0,True,11.0
2018-12-16,Cleveland State Vikings,77.0,away,0.0,0.0,False,-11.0
2018-12-16,Stony Brook Seawolves,74.0,home,0.0,0.0,True,6.0
2018-12-16,Delaware Blue Hens,68.0,away,0.0,0.0,False,-6.0
2018-12-16,Dayton Flyers,67.0,home,0.0,0.0,False,-5.0
2018-12-16,Tulsa Golden Hurricane,72.0,away,0.0,0.0,True,5.0
2018-12-16,Fordham Rams,74.0,home,0.0,0.0,True,7.0
2018-12-16,Howard Bison,67.0,away,0.0,0.0,False,-7.0
2018-12-16,Colorado State Rams,63.0,home,0.0,0.0,False,-5.0
2018-12-16,South Dakota Coyotes,68.0,away,0.0,0.0,True,5.0
2018-12-16,UTEP Miners,68.0,home,0.0,0.0,True,12.0
2018-12-16,UC Riverside Highlanders,56.0,away,0.0,0.0,False,-12.0
2018-12-16,Western Kentucky Hilltoppers,81.0,home,0.0,0.0,False,-6.0
2018-12-16,Troy Trojans,87.0,away,0.0,0.0,True,6.0
2018-12-16,Vermont Catamounts,75.0,home,0.0,0.0,True,5.0
2018-12-16,Northeastern Huskies,70.0,away,0.0,0.0,False,-5.0
2018-12-16,New Mexico Lobos,82.0,home,0.0,0.0,True,12.0
2018-12-16,Central Arkansas Bears,70.0,away,0.0,0.0,False,-12.0
2018-12-16,UCF Knights,90.0,home,0.0,0.0,True,25.0
2018-12-16,Stetson Hatters,65.0,away,0.0,0.0,False,-25.0
2018-12-16,Loyola Chicago Ramblers,80.0,home,0.0,0.0,True,31.0
2018-12-16,Norfolk State Spartans,49.0,away,0.0,0.0,False,-31.0
2018-12-16,Hartford Hawks,87.0,home,0.0,0.0,True,5.0
2018-12-16,Oakland Golden Grizzlies,82.0,away,0.0,0.0,False,-5.0
2018-12-16,San Francisco Dons,68.0,home,0.0,0.0,True,14.0
2018-12-16,Cal State Fullerton Titans,54.0,away,0.0,0.0,False,-14.0
2018-12-16,William & Mary Tribe,106.0,home,0.0,0.0,True,17.0
2018-12-16,William Peace Pacers,89.0,away,0.0,0.0,False,-17.0
2018-12-16,St. John's Red Storm,73.0,home,0.0,0.0,True,15.0
2018-12-16,Wagner Seahawks,58.0,away,0.0,0.0,False,-15.0
2018-12-16,Bowling Green Falcons,82.0,home,0.0,0.0,True,25.0
2018-12-16,Findlay Oilers,57.0,away,0.0,0.0,False,-25.0
2018-12-17,Hawai'i Rainbow Warriors,76.0,home,0.0,0.0,True,25.0
2018-12-17,Mississippi Valley State Delta Devils,51.0,away,0.0,0.0,False,-25.0
2018-12-16,Quinnipiac Bobcats,83.0,home,0.0,0.0,False,-9.0
2018-12-16,Drexel Dragons,92.0,away,0.0,0.0,True,9.0
2018-12-16,Cal State Northridge Matadors,77.0,home,0.0,0.0,False,-2.0
2018-12-16,Pacific Tigers,79.0,away,0.0,0.0,True,2.0
2018-12-16,UC Davis Aggies,83.0,home,0.0,0.0,True,18.0
2018-12-16,Jessup University Warriors,65.0,away,0.0,0.0,False,-18.0
2018-12-17,UMBC Retrievers,53.0,home,0.0,0.0,False,-23.0
2018-12-17,Florida Gulf Coast Eagles,76.0,away,0.0,0.0,True,23.0
2018-12-17,Northern Kentucky Norse,72.0,home,0.0,0.0,True,6.0
2018-12-17,Miami (OH) RedHawks,66.0,away,0.0,0.0,False,-6.0
2018-12-17,Nebraska Cornhuskers,79.0,home,0.0,0.0,True,23.0
2018-12-17,Oklahoma State Cowboys,56.0,away,0.0,0.0,False,-23.0
2018-12-16,Milwaukee Panthers,87.0,home,0.0,0.0,True,23.0
2018-12-16,Wisconsin-Lutheran Warriors,64.0,away,0.0,0.0,False,-23.0
2018-12-16,TCU Horned Frogs,90.0,home,0.0,0.0,True,20.0
2018-12-16,Indiana State Sycamores,70.0,away,0.0,0.0,False,-20.0
2018-12-16,Ole Miss Rebels,90.0,home,0.0,0.0,True,20.0
2018-12-16,Chattanooga Mocs,70.0,away,0.0,0.0,False,-20.0
2018-12-19,Kansas Jayhawks,89.0,home,0.0,0.0,True,36.0
2018-12-19,South Dakota Coyotes,53.0,away,0.0,0.0,False,-36.0
2018-12-18,Duke Blue Devils,101.0,home,0.0,0.0,True,51.0
2018-12-18,Princeton Tigers,50.0,away,0.0,0.0,False,-51.0
2018-12-19,Syracuse Orange,59.0,home,0.0,0.0,False,-12.0
2018-12-19,Buffalo Bulls,71.0,away,0.0,0.0,True,12.0
2018-12-19,Gonzaga Bulldogs,89.0,home,0.0,0.0,True,34.0
2018-12-19,UT Arlington Mavericks,55.0,away,0.0,0.0,False,-34.0
2018-12-18,UAB Blazers,76.0,home,0.0,0.0,True,27.0
2018-12-18,Alcorn State Braves,49.0,away,0.0,0.0,False,-27.0
2018-12-18,Oregon Ducks,71.0,home,0.0,0.0,True,7.0
2018-12-18,Florida A&M Rattlers,64.0,away,0.0,0.0,False,-7.0
2018-12-18,Georgetown Hoyas,83.0,home,0.0,0.0,True,10.0
2018-12-18,App State Mountaineers,73.0,away,0.0,0.0,False,-10.0
2018-12-19,UNC Greensboro Spartans,65.0,home,0.0,0.0,True,7.0
2018-12-19,Radford Highlanders,58.0,away,0.0,0.0,False,-7.0
2018-12-19,Stetson Hatters,80.0,home,0.0,0.0,True,6.0
2018-12-19,UNC Asheville Bulldogs,74.0,away,0.0,0.0,False,-6.0
2018-12-19,Saint Francis Red Flash,96.0,home,0.0,0.0,True,33.0
2018-12-19,Franciscan University Barons,63.0,away,0.0,0.0,False,-33.0
2018-12-19,American University Eagles,55.0,home,0.0,0.0,False,-1.0
2018-12-19,Mount St. Mary's Mountaineers,56.0,away,0.0,0.0,True,1.0
2018-12-19,Ohio State Buckeyes,75.0,home,0.0,0.0,True,19.0
2018-12-19,Youngstown State Penguins,56.0,away,0.0,0.0,False,-19.0
2018-12-19,Iowa Hawkeyes,78.0,home,0.0,0.0,True,18.0
2018-12-19,Western Carolina Catamounts,60.0,away,0.0,0.0,False,-18.0
2018-12-19,Marquette Golden Eagles,92.0,home,0.0,0.0,True,26.0
2018-12-19,North Dakota Fighting Hawks,66.0,away,0.0,0.0,False,-26.0
2018-12-19,Kennesaw State Owls,67.0,home,0.0,0.0,False,-9.0
2018-12-19,Elon Phoenix,76.0,away,0.0,0.0,True,9.0
2018-12-19,Campbell Fighting Camels,76.0,home,0.0,0.0,False,-6.0
2018-12-19,The Citadel Bulldogs,82.0,away,0.0,0.0,True,6.0
2018-12-19,Wright State Raiders,78.0,home,0.0,0.0,True,11.0
2018-12-19,Morehead State Eagles,67.0,away,0.0,0.0,False,-11.0
2018-12-19,Purdue Fort Wayne Mastodons,87.0,home,0.0,0.0,True,10.0
2018-12-19,IU Indianapolis Jaguars,77.0,away,0.0,0.0,False,-10.0
2018-12-19,Florida International Panthers,73.0,home,0.0,0.0,False,-9.0
2018-12-19,South Florida Bulls,82.0,away,0.0,0.0,True,9.0
2018-12-19,Vermont Catamounts,83.0,home,0.0,0.0,True,7.0
2018-12-19,St. Bonaventure Bonnies,76.0,away,0.0,0.0,False,-7.0
2018-12-19,Akron Zips,82.0,home,0.0,0.0,True,22.0
2018-12-19,Tennessee State Tigers,60.0,away,0.0,0.0,False,-22.0
2018-12-19,Siena Saints,58.0,home,0.0,0.0,False,-25.0
2018-12-19,Charleston Cougars,83.0,away,0.0,0.0,True,25.0
2018-12-19,Missouri Tigers,71.0,home,0.0,0.0,True,15.0
2018-12-19,Xavier Musketeers,56.0,away,0.0,0.0,False,-15.0
2018-12-19,Georgia Bulldogs,81.0,home,0.0,0.0,True,12.0
2018-12-19,Oakland Golden Grizzlies,69.0,away,0.0,0.0,False,-12.0
2018-12-19,Notre Dame Fighting Irish,69.0,home,0.0,0.0,True,13.0
2018-12-19,Binghamton Bearcats,56.0,away,0.0,0.0,False,-13.0
2018-12-19,Georgia Southern Eagles,79.0,home,0.0,0.0,True,5.0
2018-12-19,Bradley Braves,74.0,away,0.0,0.0,False,-5.0
2018-12-19,UConn Huskies,97.0,home,0.0,0.0,True,32.0
2018-12-19,Drexel Dragons,65.0,away,0.0,0.0,False,-32.0
2018-12-19,Providence Friars,73.0,home,0.0,0.0,True,30.0
2018-12-19,UAlbany Great Danes,43.0,away,0.0,0.0,False,-30.0
2018-12-19,Loyola Chicago Ramblers,75.0,home,0.0,0.0,True,28.0
2018-12-19,Benedictine University (IL) Eagles,47.0,away,0.0,0.0,False,-28.0
2018-12-19,Sam Houston Bearkats,78.0,home,0.0,0.0,True,21.0
2018-12-19,Alabama State Hornets,57.0,away,0.0,0.0,False,-21.0
2018-12-19,Northwestern State Demons,84.0,home,0.0,0.0,True,20.0
2018-12-19,Louisiana Christian Wildcats,64.0,away,0.0,0.0,False,-20.0
2018-12-19,Clemson Tigers,78.0,home,0.0,0.0,True,27.0
2018-12-19,Charleston Southern Buccaneers,51.0,away,0.0,0.0,False,-27.0
2018-12-19,Charlotte 49ers,55.0,home,0.0,0.0,True,6.0
2018-12-19,East Carolina Pirates,49.0,away,0.0,0.0,False,-6.0
2018-12-19,McNeese Cowboys,67.0,home,0.0,0.0,False,-13.0
2018-12-19,Louisiana Ragin' Cajuns,80.0,away,0.0,0.0,True,13.0
2018-12-19,New Orleans Privateers,90.0,home,0.0,0.0,True,28.0
2018-12-19,Williams Baptist Eagles,62.0,away,0.0,0.0,False,-28.0
2018-12-19,UT Rio Grande Valley Vaqueros,67.0,home,0.0,0.0,False,-8.0
2018-12-19,Rice Owls,75.0,away,0.0,0.0,True,8.0
2018-12-19,Florida Gators,71.0,home,0.0,0.0,True,8.0
2018-12-19,Mercer Bears,63.0,away,0.0,0.0,False,-8.0
2018-12-19,Arkansas State Red Wolves,71.0,home,0.0,0.0,True,8.0
2018-12-19,Missouri State Bears,63.0,away,0.0,0.0,False,-8.0
2018-12-19,Murray State Racers,66.0,home,0.0,0.0,True,2.0
2018-12-19,Evansville Purple Aces,64.0,away,0.0,0.0,False,-2.0
2018-12-19,UL Monroe Warhawks,95.0,home,0.0,0.0,True,27.0
2018-12-19,Nicholls Colonels,68.0,away,0.0,0.0,False,-27.0
2018-12-19,Baylor Bears,58.0,home,0.0,0.0,False,-1.0
2018-12-19,Stephen F. Austin Lumberjacks,59.0,away,0.0,0.0,True,1.0
2018-12-19,Jacksonville State Gamecocks,64.0,home,0.0,0.0,True,14.0
2018-12-19,North Alabama Lions,50.0,away,0.0,0.0,False,-14.0
2018-12-19,Texas A&M-Corpus Christi Islanders,81.0,home,0.0,0.0,True,18.0
2018-12-19,Huston-Tillotson Rams,63.0,away,0.0,0.0,False,-18.0
2018-12-19,Alabama Crimson Tide,84.0,home,0.0,0.0,True,9.0
2018-12-19,Liberty Flames,75.0,away,0.0,0.0,False,-9.0
2018-12-19,Butler Bulldogs,76.0,home,0.0,0.0,True,9.0
2018-12-19,Presbyterian Blue Hose,67.0,away,0.0,0.0,False,-9.0
2018-12-19,Oklahoma Sooners,83.0,home,0.0,0.0,True,13.0
2018-12-19,Creighton Bluejays,70.0,away,0.0,0.0,False,-13.0
2018-12-19,New Mexico Lobos,65.0,home,0.0,0.0,False,-9.0
2018-12-19,North Texas Mean Green,74.0,away,0.0,0.0,True,9.0
2018-12-19,UT Martin Skyhawks,75.0,home,0.0,0.0,True,3.0
2018-12-19,Chattanooga Mocs,72.0,away,0.0,0.0,False,-3.0
2018-12-19,Denver Pioneers,76.0,home,0.0,0.0,True,12.0
2018-12-19,Montana State Bobcats,64.0,away,0.0,0.0,False,-12.0
2018-12-19,Stanford Cardinal,78.0,home,0.0,0.0,True,5.0
2018-12-19,San José State Spartans,73.0,away,0.0,0.0,False,-5.0
2018-12-19,Cal State Bakersfield Roadrunners,74.0,home,0.0,0.0,True,13.0
2018-12-19,Cal Poly Mustangs,61.0,away,0.0,0.0,False,-13.0
2018-12-19,Eastern Washington Eagles,64.0,home,0.0,0.0,False,-10.0
2018-12-19,South Dakota State Jackrabbits,74.0,away,0.0,0.0,True,10.0
2018-12-19,Santa Clara Broncos,102.0,home,0.0,0.0,True,10.0
2018-12-19,USC Trojans,92.0,away,0.0,0.0,False,-10.0
2018-12-19,New Hampshire Wildcats,49.0,home,0.0,0.0,False,-9.0
2018-12-19,Marist Red Foxes,58.0,away,0.0,0.0,True,9.0
2018-12-19,Gardner-Webb Runnin' Bulldogs,106.0,home,0.0,0.0,True,77.0
2018-12-19,Brevard Tornados,29.0,away,0.0,0.0,False,-77.0
2018-12-19,Southern Jaguars,76.0,home,0.0,0.0,False,-3.0
2018-12-19,California Baptist Lancers,79.0,away,0.0,0.0,True,3.0
2018-12-20,Mississippi State Bulldogs,98.0,home,0.0,0.0,True,11.0
2018-12-20,Wofford Terriers,87.0,away,0.0,0.0,False,-11.0
2018-12-20,NC State Wolfpack,78.0,home,0.0,0.0,True,7.0
2018-12-20,Auburn Tigers,71.0,away,0.0,0.0,False,-7.0
2018-12-19,Seton Hall Pirates,90.0,home,0.0,0.0,True,14.0
2018-12-19,Sacred Heart Pioneers,76.0,away,0.0,0.0,False,-14.0
2018-12-20,Florida State Seminoles,95.0,home,0.0,0.0,True,14.0
2018-12-20,North Florida Ospreys,81.0,away,0.0,0.0,False,-14.0
2018-12-20,Indiana Hoosiers,86.0,home,0.0,0.0,True,33.0
2018-12-20,Central Arkansas Bears,53.0,away,0.0,0.0,False,-33.0
2018-12-20,Central Michigan Chippewas,81.0,home,0.0,0.0,True,9.0
2018-12-20,Kansas City Roos,72.0,away,0.0,0.0,False,-9.0
2018-12-19,Florida Atlantic Owls,76.0,home,0.0,0.0,True,12.0
2018-12-19,Florida College Falcons,64.0,away,0.0,0.0,False,-12.0
2018-12-20,Tennessee Volunteers,83.0,home,0.0,0.0,True,13.0
2018-12-20,Samford Bulldogs,70.0,away,0.0,0.0,False,-13.0
2018-12-20,Fairleigh Dickinson Knights,83.0,home,0.0,0.0,True,9.0
2018-12-20,Saint Peter's Peacocks,74.0,away,0.0,0.0,False,-9.0
2018-12-20,Toledo Rockets,86.0,home,0.0,0.0,True,16.0
2018-12-20,Cornell Big Red,70.0,away,0.0,0.0,False,-16.0
2018-12-20,Virginia Tech Hokies,82.0,home,0.0,0.0,True,22.0
2018-12-20,North Carolina A&T Aggies,60.0,away,0.0,0.0,False,-22.0
2018-12-20,South Carolina Gamecocks,52.0,home,0.0,0.0,False,-17.0
2018-12-20,Virginia Cavaliers,69.0,away,0.0,0.0,True,17.0
2018-12-20,Lafayette Leopards,95.0,home,0.0,0.0,True,41.0
2018-12-20,Rosemont Ravens,54.0,away,0.0,0.0,False,-41.0
2018-12-20,Eastern Michigan Eagles,48.0,home,0.0,0.0,False,-4.0
2018-12-20,UC Irvine Anteaters,52.0,away,0.0,0.0,True,4.0
2018-12-20,Grambling Tigers,69.0,home,0.0,0.0,True,1.0
2018-12-20,SE Louisiana Lions,68.0,away,0.0,0.0,False,-1.0
2018-12-19,St. John's Red Storm,86.0,home,0.0,0.0,True,34.0
2018-12-19,St. Francis Brooklyn Terriers,52.0,away,0.0,0.0,False,-34.0
2018-12-19,South Carolina Upstate Spartans,85.0,home,0.0,0.0,True,31.0
2018-12-19,Truett-McConnell Bears,54.0,away,0.0,0.0,False,-31.0
2018-12-20,Duquesne Dukes,67.0,home,0.0,0.0,False,-6.0
2018-12-20,Penn State Nittany Lions,73.0,away,0.0,0.0,True,6.0
2018-12-20,Georgia State Panthers,86.0,home,0.0,0.0,True,15.0
2018-12-20,UNC Wilmington Seahawks,71.0,away,0.0,0.0,False,-15.0
2018-12-20,Belmont Bruins,80.0,home,0.0,0.0,True,6.0
2018-12-20,Western Kentucky Hilltoppers,74.0,away,0.0,0.0,False,-6.0
2018-12-20,Dayton Flyers,85.0,home,0.0,0.0,True,13.0
2018-12-20,Western Michigan Broncos,72.0,away,0.0,0.0,False,-13.0
2018-12-20,Richmond Spiders,54.0,home,0.0,0.0,False,-9.0
2018-12-20,Old Dominion Monarchs,63.0,away,0.0,0.0,True,9.0
2018-12-20,North Dakota State Bison,90.0,home,0.0,0.0,True,47.0
2018-12-20,Northland Lumberjacks,43.0,away,0.0,0.0,False,-47.0
2018-12-20,Lamar Cardinals,80.0,home,0.0,0.0,True,8.0
2018-12-20,Texas Southern Tigers,72.0,away,0.0,0.0,False,-8.0
2018-12-20,Wichita State Shockers,84.0,home,0.0,0.0,True,21.0
2018-12-20,Oral Roberts Golden Eagles,63.0,away,0.0,0.0,False,-21.0
2018-12-20,Delaware Blue Hens,71.0,home,0.0,0.0,False,-2.0
2018-12-20,Delaware State Hornets,73.0,away,0.0,0.0,True,2.0
2018-12-20,Stony Brook Seawolves,64.0,home,0.0,0.0,False,-7.0
2018-12-20,Hofstra Pride,71.0,away,0.0,0.0,True,7.0
2018-12-20,Cleveland State Vikings,82.0,home,0.0,0.0,True,22.0
2018-12-20,Niagara Purple Eagles,60.0,away,0.0,0.0,False,-22.0
2018-12-20,Miami Hurricanes,80.0,home,0.0,0.0,True,7.0
2018-12-20,Houston Christian Huskies,73.0,away,0.0,0.0,False,-7.0
2018-12-20,Florida Gulf Coast Eagles,87.0,home,0.0,0.0,True,2.0
2018-12-20,Keiser Seahawks,85.0,away,0.0,0.0,False,-2.0
2018-12-20,Omaha Mavericks,85.0,home,0.0,0.0,True,11.0
2018-12-20,UC Santa Barbara Gauchos,74.0,away,0.0,0.0,False,-11.0
2018-12-20,Memphis Tigers,99.0,home,0.0,0.0,True,10.0
2018-12-20,Little Rock Trojans,89.0,away,0.0,0.0,False,-10.0
2018-12-20,Quinnipiac Bobcats,87.0,home,0.0,0.0,True,24.0
2018-12-20,Bethune-Cookman Wildcats,63.0,away,0.0,0.0,False,-24.0
2018-12-20,Kansas State Wildcats,55.0,home,0.0,0.0,True,4.0
2018-12-20,Southern Miss Golden Eagles,51.0,away,0.0,0.0,False,-4.0
2018-12-20,Saint Louis Billikens,74.0,home,0.0,0.0,True,9.0
2018-12-20,North Carolina Central Eagles,65.0,away,0.0,0.0,False,-9.0
2018-12-20,Drake Bulldogs,76.0,home,0.0,0.0,True,18.0
2018-12-20,Rider Broncs,58.0,away,0.0,0.0,False,-18.0
2018-12-20,South Alabama Jaguars,79.0,home,0.0,0.0,True,12.0
2018-12-20,Alabama A&M Bulldogs,67.0,away,0.0,0.0,False,-12.0
2018-12-20,Northern Iowa Panthers,62.0,home,0.0,0.0,False,-11.0
2018-12-20,Grand Canyon Lopes,73.0,away,0.0,0.0,True,11.0
2018-12-20,Texas A&M Aggies,71.0,home,0.0,0.0,True,22.0
2018-12-20,Valparaiso Beacons,49.0,away,0.0,0.0,False,-22.0
2018-12-20,DePaul Blue Demons,81.0,home,0.0,0.0,True,10.0
2018-12-20,Incarnate Word Cardinals,71.0,away,0.0,0.0,False,-10.0
2018-12-20,Cincinnati Bearcats,93.0,home,0.0,0.0,True,29.0
2018-12-20,UCLA Bruins,64.0,away,0.0,0.0,False,-29.0
2018-12-20,Fresno State Bulldogs,95.0,home,0.0,0.0,True,22.0
2018-12-20,California Golden Bears,73.0,away,0.0,0.0,False,-22.0
2018-12-20,Arizona Wildcats,61.0,home,0.0,0.0,True,19.0
2018-12-20,Montana Grizzlies,42.0,away,0.0,0.0,False,-19.0
2018-12-20,New Mexico State Aggies,92.0,home,0.0,0.0,True,35.0
2018-12-20,Cal State Northridge Matadors,57.0,away,0.0,0.0,False,-35.0
2018-12-20,Utah Valley Wolverines,88.0,home,0.0,0.0,True,11.0
2018-12-20,Idaho State Bengals,77.0,away,0.0,0.0,False,-11.0
2018-12-20,Washington State Cougars,89.0,home,0.0,0.0,True,16.0
2018-12-20,SIU Edwardsville Cougars,73.0,away,0.0,0.0,False,-16.0
2018-12-20,Arkansas Razorbacks,65.0,home,0.0,0.0,False,-4.0
2018-12-20,Georgia Tech Yellow Jackets,69.0,away,0.0,0.0,True,4.0
2018-12-20,UC Riverside Highlanders,87.0,home,0.0,0.0,True,37.0
2018-12-20,Life Pacific Warriors,50.0,away,0.0,0.0,False,-37.0
2018-12-20,Saint Mary's Gaels,85.0,home,0.0,0.0,True,29.0
2018-12-20,Bucknell Bison,56.0,away,0.0,0.0,False,-29.0
2018-12-20,Loyola Marymount Lions,70.0,home,0.0,0.0,True,1.0
2018-12-20,Boise State Broncos,69.0,away,0.0,0.0,False,-1.0
2018-12-20,San Francisco Dons,76.0,home,0.0,0.0,True,16.0
2018-12-20,Northern Arizona Lumberjacks,60.0,away,0.0,0.0,False,-16.0
2018-12-23,UNLV Rebels,79.0,home,0.0,0.0,False,-5.0
2018-12-23,Indiana State Sycamores,84.0,away,0.0,0.0,True,5.0
2018-12-23,St. Francis Brooklyn Terriers,72.0,home,0.0,0.0,True,16.0
2018-12-23,Manhattan Jaspers,56.0,away,0.0,0.0,False,-16.0
2018-12-24,Charlotte 49ers,61.0,home,0.0,0.0,False,-14.0
2018-12-24,Rhode Island Rams,75.0,away,0.0,0.0,True,14.0
2018-12-24,Washington State Cougars,72.0,home,0.0,0.0,False,-3.0
2018-12-24,New Mexico State Aggies,75.0,away,0.0,0.0,True,3.0
2018-12-23,Houston Cougars,75.0,home,0.0,0.0,True,31.0
2018-12-23,Coppin State Eagles,44.0,away,0.0,0.0,False,-31.0
2018-12-23,Cal State Northridge Matadors,81.0,home,0.0,0.0,True,1.0
2018-12-23,Rider Broncs,80.0,away,0.0,0.0,False,-1.0
2018-12-24,Hawai'i Rainbow Warriors,70.0,home,0.0,0.0,True,8.0
2018-12-24,Colorado Buffaloes,62.0,away,0.0,0.0,False,-8.0
2018-12-23,SIU Edwardsville Cougars,82.0,home,0.0,0.0,True,10.0
2018-12-23,Northern Colorado Bears,72.0,away,0.0,0.0,False,-10.0
2018-12-24,San Diego Toreros,103.0,home,0.0,0.0,False,-7.0
2018-12-24,Drake Bulldogs,110.0,away,0.0,0.0,True,7.0
2018-12-24,TCU Horned Frogs,82.0,home,0.0,0.0,True,17.0
2018-12-24,Bucknell Bison,65.0,away,0.0,0.0,False,-17.0
2018-12-21,Liberty Flames,73.0,home,0.0,0.0,True,18.0
2018-12-21,Alabama State Hornets,55.0,away,0.0,0.0,False,-18.0
2018-12-21,Chattanooga Mocs,79.0,home,0.0,0.0,True,34.0
2018-12-21,Bryan (TN) Lions,45.0,away,0.0,0.0,False,-34.0
2018-12-21,Morehead State Eagles,74.0,home,0.0,0.0,True,4.0
2018-12-21,IU Indianapolis Jaguars,70.0,away,0.0,0.0,False,-4.0
2018-12-21,Northeastern Huskies,64.0,home,0.0,0.0,True,5.0
2018-12-21,St. Bonaventure Bonnies,59.0,away,0.0,0.0,False,-5.0
2018-12-21,Bryant Bulldogs,68.0,home,0.0,0.0,True,1.0
2018-12-21,Dartmouth Big Green,67.0,away,0.0,0.0,False,-1.0
2018-12-22,LSU Tigers,75.0,home,0.0,0.0,True,18.0
2018-12-22,Furman Paladins,57.0,away,0.0,0.0,False,-18.0
2018-12-21,Radford Highlanders,80.0,home,0.0,0.0,True,12.0
2018-12-21,Georgia Southern Eagles,68.0,away,0.0,0.0,False,-12.0
2018-12-22,Marquette Golden Eagles,103.0,home,0.0,0.0,True,18.0
2018-12-22,Buffalo Bulls,85.0,away,0.0,0.0,False,-18.0
2018-12-21,Massachusetts Minutemen,85.0,home,0.0,0.0,True,1.0
2018-12-21,Fairleigh Dickinson Knights,84.0,away,0.0,0.0,False,-1.0
2018-12-21,Eastern Washington Eagles,92.0,home,0.0,0.0,True,19.0
2018-12-21,Corban College Warriors,73.0,away,0.0,0.0,False,-19.0
2018-12-21,UNC Asheville Bulldogs,86.0,home,0.0,0.0,True,10.0
2018-12-21,Milligan Buffaloes,76.0,away,0.0,0.0,False,-10.0
2018-12-22,Michigan State Spartans,99.0,home,0.0,0.0,True,30.0
2018-12-22,Oakland Golden Grizzlies,69.0,away,0.0,0.0,False,-30.0
2018-12-22,Gonzaga Bulldogs,101.0,home,0.0,0.0,True,61.0
2018-12-22,Denver Pioneers,40.0,away,0.0,0.0,False,-61.0
2018-12-21,Oklahoma State Cowboys,82.0,home,0.0,0.0,True,9.0
2018-12-21,Central Arkansas Bears,73.0,away,0.0,0.0,False,-9.0
2018-12-21,Long Island University Sharks,67.0,home,0.0,0.0,False,-1.0
2018-12-21,Binghamton Bearcats,68.0,away,0.0,0.0,True,1.0
2018-12-21,Bowling Green Falcons,73.0,home,0.0,0.0,True,21.0
2018-12-21,Western Carolina Catamounts,52.0,away,0.0,0.0,False,-21.0
2018-12-21,Austin Peay Governors,88.0,home,0.0,0.0,True,13.0
2018-12-21,Campbell Fighting Camels,75.0,away,0.0,0.0,False,-13.0
2018-12-21,UMBC Retrievers,86.0,home,0.0,0.0,True,21.0
2018-12-21,Hood College Blazers,65.0,away,0.0,0.0,False,-21.0
2018-12-21,Oregon State Beavers,63.0,home,0.0,0.0,False,-3.0
2018-12-21,Kent State Golden Flashes,66.0,away,0.0,0.0,True,3.0
2018-12-21,Towson Tigers,73.0,home,0.0,0.0,True,18.0
2018-12-21,Tulane Green Wave,55.0,away,0.0,0.0,False,-18.0
2018-12-22,George Mason Patriots,84.0,home,0.0,0.0,True,21.0
2018-12-22,Navy Midshipmen,63.0,away,0.0,0.0,False,-21.0
2018-12-22,UCF Knights,77.0,home,0.0,0.0,True,21.0
2018-12-22,Illinois State Redbirds,56.0,away,0.0,0.0,False,-21.0
2018-12-22,UMass Lowell River Hawks,97.0,home,0.0,0.0,True,18.0
2018-12-22,Loyola Maryland Greyhounds,79.0,away,0.0,0.0,False,-18.0
2018-12-21,Butler Bulldogs,71.0,home,0.0,0.0,True,17.0
2018-12-21,UC Irvine Anteaters,54.0,away,0.0,0.0,False,-17.0
2018-12-22,Lafayette Leopards,79.0,home,0.0,0.0,False,-2.0
2018-12-22,Princeton Tigers,81.0,away,0.0,0.0,True,2.0
2018-12-22,East Tennessee State Buccaneers,76.0,home,0.0,0.0,True,23.0
2018-12-22,Wyoming Cowboys,53.0,away,0.0,0.0,False,-23.0
2018-12-22,South Florida Bulls,83.0,home,0.0,0.0,True,39.0
2018-12-22,Alcorn State Braves,44.0,away,0.0,0.0,False,-39.0
2018-12-22,Longwood Lancers,77.0,home,0.0,0.0,True,14.0
2018-12-22,Stetson Hatters,63.0,away,0.0,0.0,False,-14.0
2018-12-22,Charleston Southern Buccaneers,86.0,home,0.0,0.0,True,25.0
2018-12-22,Johnson & Wales (NC) JOHNSON & WALES-CHARLOTTE,61.0,away,0.0,0.0,False,-25.0
2018-12-22,VMI Keydets,89.0,home,0.0,0.0,True,21.0
2018-12-22,North Alabama Lions,68.0,away,0.0,0.0,False,-21.0
2018-12-22,Boston University Terriers,66.0,home,0.0,0.0,False,-8.0
2018-12-22,Bethune-Cookman Wildcats,74.0,away,0.0,0.0,True,8.0
2018-12-22,Mercer Bears,77.0,home,0.0,0.0,True,4.0
2018-12-22,UNC Wilmington Seahawks,73.0,away,0.0,0.0,False,-4.0
2018-12-22,Charleston Cougars,73.0,home,0.0,0.0,True,2.0
2018-12-22,Coastal Carolina Chanticleers,71.0,away,0.0,0.0,False,-2.0
2018-12-22,Xavier Musketeers,69.0,home,0.0,0.0,True,14.0
2018-12-22,Detroit Mercy Titans,55.0,away,0.0,0.0,False,-14.0
2018-12-22,Louisville Cardinals,73.0,home,0.0,0.0,True,14.0
2018-12-22,Robert Morris Colonials,59.0,away,0.0,0.0,False,-14.0
2018-12-22,Baylor Bears,57.0,home,0.0,0.0,True,10.0
2018-12-22,Oregon Ducks,47.0,away,0.0,0.0,False,-10.0
2018-12-22,Iowa State Cyclones,101.0,home,0.0,0.0,True,48.0
2018-12-22,Eastern Illinois Panthers,53.0,away,0.0,0.0,False,-48.0
2018-12-22,Stephen F. Austin Lumberjacks,97.0,home,0.0,0.0,True,50.0
2018-12-22,Arlington Baptist Patriots,47.0,away,0.0,0.0,False,-50.0
2018-12-22,Southeast Missouri State Redhawks,68.0,home,0.0,0.0,False,-2.0
2018-12-22,Abilene Christian Wildcats,70.0,away,0.0,0.0,True,2.0
2018-12-22,La Salle Explorers,80.0,home,0.0,0.0,True,23.0
2018-12-22,Alabama A&M Bulldogs,57.0,away,0.0,0.0,False,-23.0
2018-12-22,South Dakota Coyotes,60.0,home,0.0,0.0,False,-6.0
2018-12-22,Southern Miss Golden Eagles,66.0,away,0.0,0.0,True,6.0
2018-12-22,Minnesota Golden Gophers,86.0,home,0.0,0.0,True,19.0
2018-12-22,North Carolina A&T Aggies,67.0,away,0.0,0.0,False,-19.0
2018-12-22,UAB Blazers,73.0,home,0.0,0.0,False,-1.0
2018-12-22,Troy Trojans,74.0,away,0.0,0.0,True,1.0
2018-12-22,UIC Flames,76.0,home,0.0,0.0,True,21.0
2018-12-22,St. Francis (IL) Fighting Saints,55.0,away,0.0,0.0,False,-21.0
2018-12-22,UTEP Miners,62.0,home,0.0,0.0,False,-13.0
2018-12-22,Norfolk State Spartans,75.0,away,0.0,0.0,True,13.0
2018-12-22,Lamar Cardinals,121.0,home,0.0,0.0,True,89.0
2018-12-22,Howard Payne Yellow Jackets,32.0,away,0.0,0.0,False,-89.0
2018-12-22,Lipscomb Bisons,91.0,home,0.0,0.0,True,25.0
2018-12-22,Vermont Catamounts,66.0,away,0.0,0.0,False,-25.0
2018-12-22,Washington Huskies,57.0,home,0.0,0.0,True,16.0
2018-12-22,Sacramento State Hornets,41.0,away,0.0,0.0,False,-16.0
2018-12-22,UL Monroe Warhawks,80.0,home,0.0,0.0,True,17.0
2018-12-22,Coppin State Eagles,63.0,away,0.0,0.0,False,-17.0
2018-12-22,Rice Owls,66.0,home,0.0,0.0,False,-17.0
2018-12-22,Omaha Mavericks,83.0,away,0.0,0.0,True,17.0
2018-12-22,Portland Pilots,54.0,home,0.0,0.0,True,15.0
2018-12-22,Florida A&M Rattlers,39.0,away,0.0,0.0,False,-15.0
2018-12-22,California Golden Bears,88.0,home,0.0,0.0,True,8.0
2018-12-22,San José State Spartans,80.0,away,0.0,0.0,False,-8.0
2018-12-22,Cal Poly Mustangs,70.0,home,0.0,0.0,False,-5.0
2018-12-22,UT Arlington Mavericks,75.0,away,0.0,0.0,True,5.0
2018-12-22,Utah Utes,76.0,home,0.0,0.0,True,14.0
2018-12-22,Northern Arizona Lumberjacks,62.0,away,0.0,0.0,False,-14.0
2018-12-22,Middle Tennessee Blue Raiders,56.0,home,0.0,0.0,False,-18.0
2018-12-22,Ole Miss Rebels,74.0,away,0.0,0.0,True,18.0
2018-12-22,Alabama Crimson Tide,73.0,home,0.0,0.0,True,9.0
2018-12-22,Penn State Nittany Lions,64.0,away,0.0,0.0,False,-9.0
2018-12-22,Texas Longhorns,65.0,home,0.0,0.0,False,-6.0
2018-12-22,Providence Friars,71.0,away,0.0,0.0,True,6.0
2018-12-22,Northwestern Wildcats,69.0,home,0.0,0.0,False,-7.0
2018-12-22,Oklahoma Sooners,76.0,away,0.0,0.0,True,7.0
2018-12-22,Santa Clara Broncos,77.0,home,0.0,0.0,True,21.0
2018-12-22,Idaho Vandals,56.0,away,0.0,0.0,False,-21.0
2018-12-22,USC Trojans,91.0,home,0.0,0.0,True,42.0
2018-12-22,Southern Utah Thunderbirds,49.0,away,0.0,0.0,False,-42.0
2018-12-16,UAB Blazers,71.0,home,0.0,0.0,False,-4.0
2018-12-16,Auburn Tigers,75.0,away,0.0,0.0,True,4.0
2018-12-15,Kansas Jayhawks,74.0,home,0.0,0.0,True,3.0
2018-12-15,Villanova Wildcats,71.0,away,0.0,0.0,False,-3.0
2018-12-15,Furman Paladins,93.0,home,0.0,0.0,True,43.0
2018-12-15,UNC Wilmington Seahawks,50.0,away,0.0,0.0,False,-43.0
2018-12-15,Princeton Tigers,85.0,home,0.0,0.0,True,4.0
2018-12-15,Iona Gaels,81.0,away,0.0,0.0,False,-4.0
2018-12-15,Georgetown Hoyas,73.0,home,0.0,0.0,False,-8.0
2018-12-15,SMU Mustangs,81.0,away,0.0,0.0,True,8.0
2018-12-16,Nevada Wolf Pack,72.0,home,0.0,0.0,True,4.0
2018-12-16,South Dakota State Jackrabbits,68.0,away,0.0,0.0,False,-4.0
2018-12-15,Ohio State Buckeyes,73.0,home,0.0,0.0,True,2.0
2018-12-15,Bucknell Bison,71.0,away,0.0,0.0,False,-2.0
2018-12-16,Texas Tech Red Raiders,82.0,home,0.0,0.0,True,34.0
2018-12-16,Abilene Christian Wildcats,48.0,away,0.0,0.0,False,-34.0
2018-12-15,Michigan Wolverines,70.0,home,0.0,0.0,True,8.0
2018-12-15,Western Michigan Broncos,62.0,away,0.0,0.0,False,-8.0
2018-12-15,IU Indianapolis Jaguars,82.0,home,0.0,0.0,True,14.0
2018-12-15,Western Illinois Leathernecks,68.0,away,0.0,0.0,False,-14.0
2018-12-16,Mississippi State Bulldogs,70.0,home,0.0,0.0,True,11.0
2018-12-16,Cincinnati Bearcats,59.0,away,0.0,0.0,False,-11.0
2018-12-15,Memphis Tigers,92.0,home,0.0,0.0,False,-10.0
2018-12-15,Tennessee Volunteers,102.0,away,0.0,0.0,True,10.0
2018-12-16,Kansas State Wildcats,71.0,home,0.0,0.0,True,12.0
2018-12-16,Georgia State Panthers,59.0,away,0.0,0.0,False,-12.0
2018-12-15,Syracuse Orange,62.0,home,0.0,0.0,False,-6.0
2018-12-15,Old Dominion Monarchs,68.0,away,0.0,0.0,True,6.0
2018-12-16,North Carolina Tar Heels,103.0,home,0.0,0.0,True,13.0
2018-12-16,Gonzaga Bulldogs,90.0,away,0.0,0.0,False,-13.0
2018-12-15,Georgia Bulldogs,74.0,home,0.0,0.0,False,-2.0
2018-12-15,Arizona State Sun Devils,76.0,away,0.0,0.0,True,2.0
2018-12-15,Kentucky Wildcats,88.0,home,0.0,0.0,True,27.0
2018-12-15,Utah Utes,61.0,away,0.0,0.0,False,-27.0
2018-12-15,The Citadel Bulldogs,86.0,home,0.0,0.0,True,12.0
2018-12-15,Southeast Missouri State Redhawks,74.0,away,0.0,0.0,False,-12.0
2018-12-15,Boston University Terriers,75.0,home,0.0,0.0,True,12.0
2018-12-15,Nicholls Colonels,63.0,away,0.0,0.0,False,-12.0
2018-12-15,Detroit Mercy Titans,61.0,home,0.0,0.0,False,-2.0
2018-12-15,Ohio Bobcats,63.0,away,0.0,0.0,True,2.0
2018-12-15,Presbyterian Blue Hose,87.0,home,0.0,0.0,True,43.0
2018-12-15,Trinity College of Jacksonville Eagles,44.0,away,0.0,0.0,False,-43.0
2018-12-15,Buffalo Bulls,73.0,home,0.0,0.0,True,8.0
2018-12-15,Southern Illinois Salukis,65.0,away,0.0,0.0,False,-8.0
2018-12-15,South Florida Bulls,76.0,home,0.0,0.0,True,7.0
2018-12-15,App State Mountaineers,69.0,away,0.0,0.0,False,-7.0
2018-12-15,Penn State Nittany Lions,78.0,home,0.0,0.0,False,-11.0
2018-12-15,NC State Wolfpack,89.0,away,0.0,0.0,True,11.0
2018-12-15,Binghamton Bearcats,48.0,home,0.0,0.0,False,-10.0
2018-12-15,Youngstown State Penguins,58.0,away,0.0,0.0,True,10.0
2018-12-15,Evansville Purple Aces,50.0,home,0.0,0.0,False,-5.0
2018-12-15,Jacksonville State Gamecocks,55.0,away,0.0,0.0,True,5.0
2018-12-15,Colgate Raiders,82.0,home,0.0,0.0,True,16.0
2018-12-15,Marist Red Foxes,66.0,away,0.0,0.0,False,-16.0
2018-12-15,UAlbany Great Danes,52.0,home,0.0,0.0,False,-9.0
2018-12-15,Dartmouth Big Green,61.0,away,0.0,0.0,True,9.0
2018-12-15,Notre Dame Fighting Irish,88.0,home,0.0,0.0,True,8.0
2018-12-15,Purdue Boilermakers,80.0,away,0.0,0.0,False,-8.0
2018-12-15,Liberty Flames,96.0,home,0.0,0.0,True,41.0
2018-12-15,Kentucky Christian Knights,55.0,away,0.0,0.0,False,-41.0
2018-12-15,Akron Zips,74.0,home,0.0,0.0,False,-1.0
2018-12-15,Marshall Thundering Herd,75.0,away,0.0,0.0,True,1.0
2018-12-15,Pittsburgh Panthers,78.0,home,0.0,0.0,True,35.0
2018-12-15,Maryland Eastern Shore Hawks,43.0,away,0.0,0.0,False,-35.0
2018-12-15,Illinois Fighting Illini,73.0,home,0.0,0.0,True,18.0
2018-12-15,East Tennessee State Buccaneers,55.0,away,0.0,0.0,False,-18.0
2018-12-15,Seton Hall Pirates,72.0,home,0.0,0.0,True,6.0
2018-12-15,Rutgers Scarlet Knights,66.0,away,0.0,0.0,False,-6.0
2018-12-15,Rider Broncs,69.0,home,0.0,0.0,True,19.0
2018-12-15,Robert Morris Colonials,50.0,away,0.0,0.0,False,-19.0
2018-12-15,Southern Utah Thunderbirds,78.0,home,0.0,0.0,True,9.0
2018-12-15,Pepperdine Waves,69.0,away,0.0,0.0,False,-9.0
2018-12-15,Rice Owls,89.0,home,0.0,0.0,False,-10.0
2018-12-15,UC Santa Barbara Gauchos,99.0,away,0.0,0.0,True,10.0
2018-12-15,Clemson Tigers,74.0,home,0.0,0.0,True,8.0
2018-12-15,Radford Highlanders,66.0,away,0.0,0.0,False,-8.0
2018-12-15,UL Monroe Warhawks,74.0,home,0.0,0.0,True,16.0
2018-12-15,Stephen F. Austin Lumberjacks,58.0,away,0.0,0.0,False,-16.0
2018-12-15,Butler Bulldogs,68.0,home,0.0,0.0,False,-3.0
2018-12-15,Indiana Hoosiers,71.0,away,0.0,0.0,True,3.0
2018-12-15,Kennesaw State Owls,73.0,home,0.0,0.0,True,5.0
2018-12-15,Tennessee Tech Golden Eagles,68.0,away,0.0,0.0,False,-5.0
2018-12-15,Mount St. Mary's Mountaineers,74.0,home,0.0,0.0,True,15.0
2018-12-15,Wilson College WILSON,59.0,away,0.0,0.0,False,-15.0
2018-12-15,South Carolina Upstate Spartans,88.0,home,0.0,0.0,True,4.0
2018-12-15,South Carolina State Bulldogs,84.0,away,0.0,0.0,False,-4.0
2018-12-15,Temple Owls,77.0,home,0.0,0.0,True,2.0
2018-12-15,Davidson Wildcats,75.0,away,0.0,0.0,False,-2.0
2018-12-15,Louisville Cardinals,83.0,home,0.0,0.0,True,13.0
2018-12-15,Kent State Golden Flashes,70.0,away,0.0,0.0,False,-13.0
2018-12-15,Drake Bulldogs,68.0,home,0.0,0.0,False,-9.0
2018-12-15,Iowa State Cyclones,77.0,away,0.0,0.0,True,9.0
2018-12-15,St. Francis Brooklyn Terriers,56.0,home,0.0,0.0,True,3.0
2018-12-15,Saint Peter's Peacocks,53.0,away,0.0,0.0,False,-3.0
2018-12-15,North Florida Ospreys,68.0,home,0.0,0.0,True,7.0
2018-12-15,Charleston Southern Buccaneers,61.0,away,0.0,0.0,False,-7.0
2018-12-15,UNC Greensboro Spartans,53.0,home,0.0,0.0,True,5.0
2018-12-15,North Alabama Lions,48.0,away,0.0,0.0,False,-5.0
2018-12-15,Wichita State Shockers,63.0,home,0.0,0.0,True,3.0
2018-12-15,Southern Miss Golden Eagles,60.0,away,0.0,0.0,False,-3.0
2018-12-15,VCU Rams,79.0,home,0.0,0.0,False,-4.0
2018-12-15,Charleston Cougars,83.0,away,0.0,0.0,True,4.0
2018-12-15,Austin Peay Governors,95.0,home,0.0,0.0,True,27.0
2018-12-15,Purdue Fort Wayne Mastodons,68.0,away,0.0,0.0,False,-27.0
2018-12-15,Richmond Spiders,52.0,home,0.0,0.0,False,-7.0
2018-12-15,Oral Roberts Golden Eagles,59.0,away,0.0,0.0,True,7.0
2018-12-16,Wofford Terriers,92.0,home,0.0,0.0,True,43.0
2018-12-16,UNC Asheville Bulldogs,49.0,away,0.0,0.0,False,-43.0
2018-12-15,Tennessee State Tigers,76.0,home,0.0,0.0,False,-2.0
2018-12-15,North Carolina A&T Aggies,78.0,away,0.0,0.0,True,2.0
2018-12-15,Hampton Pirates,72.0,home,0.0,0.0,True,12.0
2018-12-15,Saint Leo Monarchs,60.0,away,0.0,0.0,False,-12.0
2018-12-15,Idaho Vandals,80.0,home,0.0,0.0,False,-9.0
2018-12-15,Omaha Mavericks,89.0,away,0.0,0.0,True,9.0
2018-12-15,UCLA Bruins,72.0,home,0.0,0.0,False,-2.0
2018-12-15,Belmont Bruins,74.0,away,0.0,0.0,True,2.0
2018-12-15,Bethune-Cookman Wildcats,71.0,home,0.0,0.0,False,-8.0
2018-12-15,Jacksonville Dolphins,79.0,away,0.0,0.0,True,8.0
2018-12-15,Texas Longhorns,98.0,home,0.0,0.0,True,38.0
2018-12-15,Grand Canyon Lopes,60.0,away,0.0,0.0,False,-38.0
2018-12-16,Kansas City Roos,80.0,home,0.0,0.0,True,13.0
2018-12-16,McNeese Cowboys,67.0,away,0.0,0.0,False,-13.0
2018-12-16,High Point Panthers,86.0,home,0.0,0.0,True,27.0
2018-12-16,Western Carolina Catamounts,59.0,away,0.0,0.0,False,-27.0
2018-12-16,Stanford Cardinal,78.0,home,0.0,0.0,True,16.0
2018-12-16,Eastern Washington Eagles,62.0,away,0.0,0.0,False,-16.0
2018-12-16,Northern Iowa Panthers,54.0,home,0.0,0.0,False,-23.0
2018-12-16,Iowa Hawkeyes,77.0,away,0.0,0.0,True,23.0
2018-12-16,Fairleigh Dickinson Knights,80.0,home,0.0,0.0,False,-10.0
2018-12-16,NJIT Highlanders,90.0,away,0.0,0.0,True,10.0
2018-12-16,Washington Huskies,61.0,home,0.0,0.0,False,-12.0
2018-12-16,Virginia Tech Hokies,73.0,away,0.0,0.0,True,12.0
2018-12-16,Toledo Rockets,84.0,home,0.0,0.0,True,22.0
2018-12-16,Middle Tennessee Blue Raiders,62.0,away,0.0,0.0,False,-22.0
2018-12-16,Murray State Racers,74.0,home,0.0,0.0,True,17.0
2018-12-16,Jackson State Tigers,57.0,away,0.0,0.0,False,-17.0
2018-12-16,Xavier Musketeers,95.0,home,0.0,0.0,True,18.0
2018-12-16,Eastern Kentucky Colonels,77.0,away,0.0,0.0,False,-18.0
2018-12-16,Arkansas Razorbacks,79.0,home,0.0,0.0,True,12.0
2018-12-16,UTSA Roadrunners,67.0,away,0.0,0.0,False,-12.0
2018-12-16,Northwestern State Demons,69.0,home,0.0,0.0,True,3.0
2018-12-16,Southern Jaguars,66.0,away,0.0,0.0,False,-3.0
2018-12-16,Bradley Braves,66.0,home,0.0,0.0,False,-7.0
2018-12-16,Eastern Illinois Panthers,73.0,away,0.0,0.0,True,7.0
2018-12-16,Utah State Aggies,86.0,home,0.0,0.0,True,38.0
2018-12-16,Alabama State Hornets,48.0,away,0.0,0.0,False,-38.0
2018-12-16,Oregon Ducks,66.0,home,0.0,0.0,True,12.0
2018-12-16,Boise State Broncos,54.0,away,0.0,0.0,False,-12.0
2018-12-16,UT Martin Skyhawks,108.0,home,0.0,0.0,True,29.0
2018-12-16,Brescia Bearcats,79.0,away,0.0,0.0,False,-29.0
2018-12-16,UNLV Rebels,92.0,home,0.0,0.0,True,2.0
2018-12-16,BYU Cougars,90.0,away,0.0,0.0,False,-2.0
2018-12-16,UT Rio Grande Valley Vaqueros,68.0,home,0.0,0.0,False,-9.0
2018-12-16,Texas State Bobcats,77.0,away,0.0,0.0,True,9.0
2018-12-16,North Dakota State Bison,74.0,home,0.0,0.0,True,7.0
2018-12-16,Missouri State Bears,67.0,away,0.0,0.0,False,-7.0
2018-12-16,UConn Huskies,61.0,home,0.0,0.0,True,15.0
2018-12-16,Manhattan Jaspers,46.0,away,0.0,0.0,False,-15.0
2018-12-16,Louisiana Ragin' Cajuns,62.0,home,0.0,0.0,False,-21.0
2018-12-16,Louisiana Tech Bulldogs,83.0,away,0.0,0.0,True,21.0
2018-12-16,Oklahoma Sooners,81.0,home,0.0,0.0,True,11.0
2018-12-16,USC Trojans,70.0,away,0.0,0.0,False,-11.0
2018-12-16,UC Irvine Anteaters,86.0,home,0.0,0.0,True,34.0
2018-12-16,Denver Pioneers,52.0,away,0.0,0.0,False,-34.0
2018-12-16,San Diego Toreros,85.0,home,0.0,0.0,True,20.0
2018-12-16,Northern Colorado Bears,65.0,away,0.0,0.0,False,-20.0
2018-12-16,Weber State Wildcats,63.0,home,0.0,0.0,False,-12.0
2018-12-16,Utah Valley Wolverines,75.0,away,0.0,0.0,True,12.0
2018-12-16,San José State Spartans,79.0,home,0.0,0.0,True,5.0
2018-12-16,Northern Arizona Lumberjacks,74.0,away,0.0,0.0,False,-5.0
2018-12-16,Portland Pilots,58.0,home,0.0,0.0,False,-12.0
2018-12-16,Grambling Tigers,70.0,away,0.0,0.0,True,12.0
2018-12-16,Saint Mary's Gaels,74.0,home,0.0,0.0,False,-4.0
2018-12-16,LSU Tigers,78.0,away,0.0,0.0,True,4.0
2018-12-16,Arizona Wildcats,49.0,home,0.0,0.0,False,-9.0
2018-12-16,Baylor Bears,58.0,away,0.0,0.0,True,9.0
2018-12-16,Portland State Vikings,58.0,home,0.0,0.0,False,-27.0
2018-12-16,Loyola Marymount Lions,85.0,away,0.0,0.0,True,27.0
2018-12-16,California Golden Bears,67.0,home,0.0,0.0,True,1.0
2018-12-16,Cal Poly Mustangs,66.0,away,0.0,0.0,False,-1.0
2018-12-16,Oregon State Beavers,64.0,home,0.0,0.0,False,-3.0
2018-12-16,Texas A&M Aggies,67.0,away,0.0,0.0,True,3.0
2018-12-25,Bucknell Bison,97.0,home,0.0,0.0,True,25.0
2018-12-25,UNLV Rebels,72.0,away,0.0,0.0,False,-25.0
2018-12-25,Charlotte 49ers,53.0,home,0.0,0.0,False,-15.0
2018-12-25,Colorado Buffaloes,68.0,away,0.0,0.0,True,15.0
2018-12-26,TCU Horned Frogs,83.0,home,0.0,0.0,True,14.0
2018-12-26,Indiana State Sycamores,69.0,away,0.0,0.0,False,-14.0
2018-12-25,Hawai'i Rainbow Warriors,68.0,home,0.0,0.0,True,8.0
2018-12-25,Rhode Island Rams,60.0,away,0.0,0.0,False,-8.0
2018-12-28,Creighton Bluejays,89.0,home,0.0,0.0,True,36.0
2018-12-28,Kansas City Roos,53.0,away,0.0,0.0,False,-36.0
2018-12-29,Cleveland State Vikings,77.0,home,0.0,0.0,False,-12.0
2018-12-29,Oakland Golden Grizzlies,89.0,away,0.0,0.0,True,12.0
2018-12-28,Western Illinois Leathernecks,58.0,home,0.0,0.0,False,-42.0
2018-12-28,South Dakota State Jackrabbits,100.0,away,0.0,0.0,True,42.0
2018-12-29,Kent State Golden Flashes,70.0,home,0.0,0.0,True,2.0
2018-12-29,UAlbany Great Danes,68.0,away,0.0,0.0,False,-2.0
2018-12-29,William & Mary Tribe,79.0,home,0.0,0.0,True,5.0
2018-12-29,James Madison Dukes,74.0,away,0.0,0.0,False,-5.0
2018-12-29,Texas Longhorns,76.0,home,0.0,0.0,True,20.0
2018-12-29,UT Arlington Mavericks,56.0,away,0.0,0.0,False,-20.0
2018-12-29,Texas Tech Red Raiders,71.0,home,0.0,0.0,True,25.0
2018-12-29,UT Rio Grande Valley Vaqueros,46.0,away,0.0,0.0,False,-25.0
2018-12-29,Air Force Falcons,72.0,home,0.0,0.0,True,12.0
2018-12-29,UC Riverside Highlanders,60.0,away,0.0,0.0,False,-12.0
2018-12-29,East Carolina Pirates,77.0,home,0.0,0.0,True,20.0
2018-12-29,North Carolina A&T Aggies,57.0,away,0.0,0.0,False,-20.0
2018-12-29,Northern Kentucky Norse,92.0,home,0.0,0.0,True,15.0
2018-12-29,IU Indianapolis Jaguars,77.0,away,0.0,0.0,False,-15.0
2018-12-29,Marquette Golden Eagles,84.0,home,0.0,0.0,True,43.0
2018-12-29,Southern Jaguars,41.0,away,0.0,0.0,False,-43.0
2018-12-29,Gonzaga Bulldogs,96.0,home,0.0,0.0,True,45.0
2018-12-29,North Alabama Lions,51.0,away,0.0,0.0,False,-45.0
2018-12-29,Wright State Raiders,72.0,home,0.0,0.0,False,-3.0
2018-12-29,UIC Flames,75.0,away,0.0,0.0,True,3.0
2018-12-28,Georgia Tech Yellow Jackets,87.0,home,0.0,0.0,True,30.0
2018-12-28,Kennesaw State Owls,57.0,away,0.0,0.0,False,-30.0
2018-12-28,Youngstown State Penguins,66.0,home,0.0,0.0,False,-12.0
2018-12-28,Detroit Mercy Titans,78.0,away,0.0,0.0,True,12.0
2018-12-29,Virginia Tech Hokies,85.0,home,0.0,0.0,True,45.0
2018-12-29,Maryland Eastern Shore Hawks,40.0,away,0.0,0.0,False,-45.0
2018-12-29,NC State Wolfpack,97.0,home,0.0,0.0,True,33.0
2018-12-29,Loyola Maryland Greyhounds,64.0,away,0.0,0.0,False,-33.0
2018-12-29,Elon Phoenix,60.0,home,0.0,0.0,False,-17.0
2018-12-29,Towson Tigers,77.0,away,0.0,0.0,True,17.0
2018-12-29,Hofstra Pride,91.0,home,0.0,0.0,True,45.0
2018-12-29,Delaware Blue Hens,46.0,away,0.0,0.0,False,-45.0
2018-12-29,Northeastern Huskies,93.0,home,0.0,0.0,True,10.0
2018-12-29,Drexel Dragons,83.0,away,0.0,0.0,False,-10.0
2018-12-29,LSU Tigers,81.0,home,0.0,0.0,True,12.0
2018-12-29,UL Monroe Warhawks,69.0,away,0.0,0.0,False,-12.0
2018-12-29,Arkansas Razorbacks,76.0,home,0.0,0.0,True,11.0
2018-12-29,Austin Peay Governors,65.0,away,0.0,0.0,False,-11.0
2018-12-29,Loyola Marymount Lions,77.0,home,0.0,0.0,True,18.0
2018-12-29,UC Davis Aggies,59.0,away,0.0,0.0,False,-18.0
2018-12-29,Omaha Mavericks,91.0,home,0.0,0.0,True,7.0
2018-12-29,Denver Pioneers,84.0,away,0.0,0.0,False,-7.0
2018-12-29,Utah State Aggies,84.0,home,0.0,0.0,True,27.0
2018-12-29,Eastern Oregon Mountaineers,57.0,away,0.0,0.0,False,-27.0
2019-01-01,Radford Highlanders,80.0,home,0.0,0.0,True,29.0
2019-01-01,Mars Hill Mountain Lions,51.0,away,0.0,0.0,False,-29.0
2019-01-02,Washington Huskies,84.0,home,0.0,0.0,True,8.0
2019-01-02,Cal State Fullerton Titans,76.0,away,0.0,0.0,False,-8.0
2019-01-01,Virginia Tech Hokies,81.0,home,0.0,0.0,True,15.0
2019-01-01,Notre Dame Fighting Irish,66.0,away,0.0,0.0,False,-15.0
2019-01-02,St. John's Red Storm,89.0,home,0.0,0.0,True,20.0
2019-01-02,Marquette Golden Eagles,69.0,away,0.0,0.0,False,-20.0
2019-01-01,Florida State Seminoles,87.0,home,0.0,0.0,True,11.0
2019-01-01,Winthrop Eagles,76.0,away,0.0,0.0,False,-11.0
2019-01-01,San Diego State Aztecs,65.0,home,0.0,0.0,True,5.0
2019-01-01,Cal State Northridge Matadors,60.0,away,0.0,0.0,False,-5.0
2018-12-31,Kent State Golden Flashes,71.0,home,0.0,0.0,True,23.0
2018-12-31,Oberlin Yeomen,48.0,away,0.0,0.0,False,-23.0
2018-12-31,UMBC Retrievers,98.0,home,0.0,0.0,True,50.0
2018-12-31,Centenary (NJ) Cyclones,48.0,away,0.0,0.0,False,-50.0
2018-12-31,Providence Friars,68.0,home,0.0,0.0,False,-11.0
2018-12-31,Creighton Bluejays,79.0,away,0.0,0.0,True,11.0
2019-01-01,Gonzaga Bulldogs,89.0,home,0.0,0.0,True,35.0
2019-01-01,Cal State Bakersfield Roadrunners,54.0,away,0.0,0.0,False,-35.0
2018-12-31,Pennsylvania Quakers,74.0,home,0.0,0.0,False,-2.0
2018-12-31,Monmouth Hawks,76.0,away,0.0,0.0,True,2.0
2018-12-31,Niagara Purple Eagles,74.0,home,0.0,0.0,False,-5.0
2018-12-31,UAlbany Great Danes,79.0,away,0.0,0.0,True,5.0
2018-12-31,Northern Arizona Lumberjacks,74.0,home,0.0,0.0,True,6.0
2018-12-31,Montana State Bobcats,68.0,away,0.0,0.0,False,-6.0
2018-12-31,Virginia Cavaliers,100.0,home,0.0,0.0,True,36.0
2018-12-31,Marshall Thundering Herd,64.0,away,0.0,0.0,False,-36.0
2019-01-01,Southern Utah Thunderbirds,76.0,home,0.0,0.0,False,-13.0
2019-01-01,Montana Grizzlies,89.0,away,0.0,0.0,True,13.0
2018-12-31,Sam Houston Bearkats,84.0,home,0.0,0.0,True,30.0
2018-12-31,Texas Lutheran Bulldogs,54.0,away,0.0,0.0,False,-30.0
2018-12-31,South Carolina Gamecocks,97.0,home,0.0,0.0,True,51.0
2018-12-31,North Greenville Crusaders,46.0,away,0.0,0.0,False,-51.0
2018-12-31,Idaho Vandals,87.0,home,0.0,0.0,False,-6.0
2018-12-31,Weber State Wildcats,93.0,away,0.0,0.0,True,6.0
2018-12-31,Portland State Vikings,60.0,home,0.0,0.0,False,-13.0
2018-12-31,Northern Colorado Bears,73.0,away,0.0,0.0,True,13.0
2018-12-31,Eastern Washington Eagles,65.0,home,0.0,0.0,True,10.0
2018-12-31,Idaho State Bengals,55.0,away,0.0,0.0,False,-10.0
2018-12-31,Pepperdine Waves,100.0,home,0.0,0.0,True,36.0
2018-12-31,Alabama A&M Bulldogs,64.0,away,0.0,0.0,False,-36.0
2018-12-31,Maryland Eastern Shore Hawks,68.0,home,0.0,0.0,True,6.0
2018-12-31,Chestnut Hill College Griffins,62.0,away,0.0,0.0,False,-6.0
2018-12-31,Vanderbilt Commodores,90.0,home,0.0,0.0,True,31.0
2018-12-31,UNC Asheville Bulldogs,59.0,away,0.0,0.0,False,-31.0
2018-12-31,Duquesne Dukes,67.0,home,0.0,0.0,False,-11.0
2018-12-31,NJIT Highlanders,78.0,away,0.0,0.0,True,11.0
2018-12-31,Boston College Eagles,78.0,home,0.0,0.0,False,-1.0
2018-12-31,Hartford Hawks,79.0,away,0.0,0.0,True,1.0
2018-12-22,Michigan Wolverines,71.0,home,0.0,0.0,True,21.0
2018-12-22,Air Force Falcons,50.0,away,0.0,0.0,False,-21.0
2018-12-22,Tennessee Volunteers,83.0,home,0.0,0.0,True,19.0
2018-12-22,Wake Forest Demon Deacons,64.0,away,0.0,0.0,False,-19.0
2018-12-23,Mississippi State Bulldogs,67.0,home,0.0,0.0,True,4.0
2018-12-23,Wright State Raiders,63.0,away,0.0,0.0,False,-4.0
2018-12-22,Davidson Wildcats,88.0,home,0.0,0.0,True,34.0
2018-12-22,Central Penn Knights,54.0,away,0.0,0.0,False,-34.0
2018-12-22,Tulane Green Wave,59.0,home,0.0,0.0,False,-8.0
2018-12-22,Alabama A&M Bulldogs,67.0,away,0.0,0.0,True,8.0
2018-12-22,Virginia Cavaliers,72.0,home,0.0,0.0,True,32.0
2018-12-22,William & Mary Tribe,40.0,away,0.0,0.0,False,-32.0
2018-12-22,Alabama State Hornets,69.0,home,0.0,0.0,False,-1.0
2018-12-22,Campbell Fighting Camels,70.0,away,0.0,0.0,True,1.0
2018-12-22,Nebraska Cornhuskers,86.0,home,0.0,0.0,True,24.0
2018-12-22,Cal State Fullerton Titans,62.0,away,0.0,0.0,False,-24.0
2018-12-22,Lehigh Mountain Hawks,88.0,home,0.0,0.0,True,12.0
2018-12-22,Saint Francis Red Flash,76.0,away,0.0,0.0,False,-12.0
2018-12-23,Nevada Wolf Pack,68.0,home,0.0,0.0,True,6.0
2018-12-23,Akron Zips,62.0,away,0.0,0.0,False,-6.0
2018-12-23,Arizona State Sun Devils,80.0,home,0.0,0.0,True,4.0
2018-12-23,Kansas Jayhawks,76.0,away,0.0,0.0,False,-4.0
2018-12-22,Georgia Tech Yellow Jackets,59.0,home,0.0,0.0,False,-11.0
2018-12-22,Georgia Bulldogs,70.0,away,0.0,0.0,True,11.0
2018-12-22,Holy Cross Crusaders,60.0,home,0.0,0.0,True,3.0
2018-12-22,Siena Saints,57.0,away,0.0,0.0,False,-3.0
2018-12-22,West Virginia Mountaineers,74.0,home,0.0,0.0,True,2.0
2018-12-22,Jacksonville State Gamecocks,72.0,away,0.0,0.0,False,-2.0
2018-12-22,Auburn Tigers,93.0,home,0.0,0.0,True,5.0
2018-12-22,Murray State Racers,88.0,away,0.0,0.0,False,-5.0
2018-12-22,Iowa Hawkeyes,110.0,home,0.0,0.0,True,46.0
2018-12-22,Savannah State Tigers,64.0,away,0.0,0.0,False,-46.0
2018-12-22,Wisconsin Badgers,84.0,home,0.0,0.0,True,31.0
2018-12-22,Grambling Tigers,53.0,away,0.0,0.0,False,-31.0
2018-12-22,Georgetown Hoyas,102.0,home,0.0,0.0,True,8.0
2018-12-22,Little Rock Trojans,94.0,away,0.0,0.0,False,-8.0
2018-12-22,Indiana Hoosiers,94.0,home,0.0,0.0,True,30.0
2018-12-22,Jacksonville Dolphins,64.0,away,0.0,0.0,False,-30.0
2018-12-22,American University Eagles,82.0,home,0.0,0.0,True,24.0
2018-12-22,Maryland Eastern Shore Hawks,58.0,away,0.0,0.0,False,-24.0
2018-12-22,Villanova Wildcats,81.0,home,0.0,0.0,True,23.0
2018-12-22,UConn Huskies,58.0,away,0.0,0.0,False,-23.0
2018-12-22,Marist Red Foxes,53.0,home,0.0,0.0,False,-25.0
2018-12-22,Brown Bears,78.0,away,0.0,0.0,True,25.0
2018-12-22,Drexel Dragons,64.0,home,0.0,0.0,False,-18.0
2018-12-22,Temple Owls,82.0,away,0.0,0.0,True,18.0
2018-12-22,Army Black Knights,66.0,home,0.0,0.0,False,-12.0
2018-12-22,Niagara Purple Eagles,78.0,away,0.0,0.0,True,12.0
2018-12-22,NC State Wolfpack,98.0,home,0.0,0.0,True,27.0
2018-12-22,South Carolina Upstate Spartans,71.0,away,0.0,0.0,False,-27.0
2018-12-22,Wagner Seahawks,77.0,home,0.0,0.0,True,9.0
2018-12-22,Hartford Hawks,68.0,away,0.0,0.0,False,-9.0
2018-12-22,Missouri State Bears,93.0,home,0.0,0.0,True,21.0
2018-12-22,Arkansas-Pine Bluff Golden Lions,72.0,away,0.0,0.0,False,-21.0
2018-12-22,Northern Illinois Huskies,100.0,home,0.0,0.0,True,41.0
2018-12-22,Chicago State Cougars,59.0,away,0.0,0.0,False,-41.0
2018-12-22,Old Dominion Monarchs,76.0,home,0.0,0.0,True,23.0
2018-12-22,Morgan State Bears,53.0,away,0.0,0.0,False,-23.0
2018-12-22,Northern Iowa Panthers,64.0,home,0.0,0.0,True,2.0
2018-12-22,North Dakota Fighting Hawks,62.0,away,0.0,0.0,False,-2.0
2018-12-22,Harvard Crimson,75.0,home,0.0,0.0,True,14.0
2018-12-22,George Washington Revolutionaries,61.0,away,0.0,0.0,False,-14.0
2018-12-22,New Hampshire Wildcats,57.0,home,0.0,0.0,False,-6.0
2018-12-22,Fairfield Stags,63.0,away,0.0,0.0,True,6.0
2018-12-22,Central Michigan Chippewas,81.0,home,0.0,0.0,True,9.0
2018-12-22,Jackson State Tigers,72.0,away,0.0,0.0,False,-9.0
2018-12-22,Maine Black Bears,90.0,home,0.0,0.0,False,-3.0
2018-12-22,Central Connecticut Blue Devils,93.0,away,0.0,0.0,True,3.0
2018-12-22,Bradley Braves,63.0,home,0.0,0.0,True,3.0
2018-12-22,SE Louisiana Lions,60.0,away,0.0,0.0,False,-3.0
2018-12-22,Cincinnati Bearcats,77.0,home,0.0,0.0,True,21.0
2018-12-22,South Carolina State Bulldogs,56.0,away,0.0,0.0,False,-21.0
2018-12-22,Hofstra Pride,107.0,home,0.0,0.0,True,53.0
2018-12-22,Rosemont Ravens,54.0,away,0.0,0.0,False,-53.0
2018-12-22,Rutgers Scarlet Knights,68.0,home,0.0,0.0,True,3.0
2018-12-22,Columbia Lions,65.0,away,0.0,0.0,False,-3.0
2018-12-22,Eastern Michigan Eagles,90.0,home,0.0,0.0,True,18.0
2018-12-22,Siena Heights Saints,72.0,away,0.0,0.0,False,-18.0
2018-12-22,Yale Bulldogs,99.0,home,0.0,0.0,True,15.0
2018-12-22,Iona Gaels,84.0,away,0.0,0.0,False,-15.0
2018-12-22,SIU Edwardsville Cougars,79.0,home,0.0,0.0,False,-6.0
2018-12-22,Cal State Northridge Matadors,85.0,away,0.0,0.0,True,6.0
2018-12-22,Quinnipiac Bobcats,73.0,home,0.0,0.0,False,-3.0
2018-12-22,Stony Brook Seawolves,76.0,away,0.0,0.0,True,3.0
2018-12-22,Dayton Flyers,81.0,home,0.0,0.0,True,12.0
2018-12-22,Presbyterian Blue Hose,69.0,away,0.0,0.0,False,-12.0
2018-12-22,Texas A&M Aggies,92.0,home,0.0,0.0,True,24.0
2018-12-22,Marshall Thundering Herd,68.0,away,0.0,0.0,False,-24.0
2018-12-22,Duquesne Dukes,85.0,home,0.0,0.0,True,1.0
2018-12-22,Eastern Kentucky Colonels,84.0,away,0.0,0.0,False,-1.0
2018-12-22,Arkansas Razorbacks,73.0,home,0.0,0.0,True,3.0
2018-12-22,Texas State Bobcats,70.0,away,0.0,0.0,False,-3.0
2018-12-22,Syracuse Orange,82.0,home,0.0,0.0,True,30.0
2018-12-22,Arkansas State Red Wolves,52.0,away,0.0,0.0,False,-30.0
2018-12-22,La Salle Explorers,57.0,home,0.0,0.0,True,6.0
2018-12-22,Towson Tigers,51.0,away,0.0,0.0,False,-6.0
2018-12-22,Richmond Spiders,74.0,home,0.0,0.0,True,15.0
2018-12-22,High Point Panthers,59.0,away,0.0,0.0,False,-15.0
2018-12-22,Samford Bulldogs,75.0,home,0.0,0.0,False,-8.0
2018-12-22,UNC Greensboro Spartans,83.0,away,0.0,0.0,True,8.0
2018-12-22,Austin Peay Governors,75.0,home,0.0,0.0,True,9.0
2018-12-22,Liberty Flames,66.0,away,0.0,0.0,False,-9.0
2018-12-22,Kansas City Roos,95.0,home,0.0,0.0,True,36.0
2018-12-22,Elon Phoenix,59.0,away,0.0,0.0,False,-36.0
2018-12-22,Colorado Buffaloes,67.0,home,0.0,0.0,False,-5.0
2018-12-22,Indiana State Sycamores,72.0,away,0.0,0.0,True,5.0
2018-12-22,Florida State Seminoles,81.0,home,0.0,0.0,True,22.0
2018-12-22,Saint Louis Billikens,59.0,away,0.0,0.0,False,-22.0
2018-12-22,Nicholls Colonels,84.0,home,0.0,0.0,True,17.0
2018-12-22,Mobile Rams,67.0,away,0.0,0.0,False,-17.0
2018-12-22,Miami Hurricanes,75.0,home,0.0,0.0,True,20.0
2018-12-22,Florida Atlantic Owls,55.0,away,0.0,0.0,False,-20.0
2018-12-22,South Carolina Gamecocks,68.0,home,0.0,0.0,False,-10.0
2018-12-22,Clemson Tigers,78.0,away,0.0,0.0,True,10.0
2018-12-22,Western Michigan Broncos,66.0,home,0.0,0.0,False,-1.0
2018-12-22,Milwaukee Panthers,67.0,away,0.0,0.0,True,1.0
2018-12-22,Western Kentucky Hilltoppers,71.0,home,0.0,0.0,True,3.0
2018-12-22,Saint Mary's Gaels,68.0,away,0.0,0.0,False,-3.0
2018-12-22,Memphis Tigers,99.0,home,0.0,0.0,True,58.0
2018-12-22,Tennessee State Tigers,41.0,away,0.0,0.0,False,-58.0
2018-12-22,UCLA Bruins,66.0,home,0.0,0.0,False,-14.0
2018-12-22,Ohio State Buckeyes,80.0,away,0.0,0.0,True,14.0
2018-12-22,DePaul Blue Demons,62.0,home,0.0,0.0,False,-3.0
2018-12-22,Boston College Eagles,65.0,away,0.0,0.0,True,3.0
2018-12-22,Boise State Broncos,83.0,home,0.0,0.0,True,12.0
2018-12-22,Pacific Tigers,71.0,away,0.0,0.0,False,-12.0
2018-12-22,Mount St. Mary's Mountaineers,83.0,home,0.0,0.0,True,39.0
2018-12-22,St. Mary's (MD) Seahawks,44.0,away,0.0,0.0,False,-39.0
2018-12-22,Weber State Wildcats,83.0,home,0.0,0.0,True,14.0
2018-12-22,Delaware State Hornets,69.0,away,0.0,0.0,False,-14.0
2018-12-22,Northern Colorado Bears,67.0,home,0.0,0.0,False,-7.0
2018-12-22,Rider Broncs,74.0,away,0.0,0.0,True,7.0
2018-12-22,Southern Illinois Salukis,71.0,home,0.0,0.0,False,-8.0
2018-12-22,Winthrop Eagles,79.0,away,0.0,0.0,True,8.0
2018-12-22,New Mexico Lobos,65.0,home,0.0,0.0,False,-10.0
2018-12-22,Pennsylvania Quakers,75.0,away,0.0,0.0,True,10.0
2018-12-22,Utah Valley Wolverines,85.0,home,0.0,0.0,True,6.0
2018-12-22,Sam Houston Bearkats,79.0,away,0.0,0.0,False,-6.0
2018-12-22,Howard Bison,82.0,home,0.0,0.0,False,-7.0
2018-12-22,Hampton Pirates,89.0,away,0.0,0.0,True,7.0
2018-12-22,VCU Rams,70.0,home,0.0,0.0,True,16.0
2018-12-22,Wichita State Shockers,54.0,away,0.0,0.0,False,-16.0
2018-12-22,Louisiana Tech Bulldogs,73.0,home,0.0,0.0,True,5.0
2018-12-22,Texas A&M-Corpus Christi Islanders,68.0,away,0.0,0.0,False,-5.0
2018-12-22,Evansville Purple Aces,80.0,home,0.0,0.0,True,5.0
2018-12-22,Green Bay Phoenix,75.0,away,0.0,0.0,False,-5.0
2018-12-22,UC Riverside Highlanders,60.0,home,0.0,0.0,True,7.0
2018-12-22,Loyola Marymount Lions,53.0,away,0.0,0.0,False,-7.0
2018-12-22,Hawai'i Rainbow Warriors,59.0,home,0.0,0.0,False,-14.0
2018-12-22,UNLV Rebels,73.0,away,0.0,0.0,True,14.0
2018-12-22,UC Santa Barbara Gauchos,84.0,home,0.0,0.0,True,19.0
2018-12-22,Idaho State Bengals,65.0,away,0.0,0.0,False,-19.0
2018-12-22,Long Beach State Beach,64.0,home,0.0,0.0,True,3.0
2018-12-22,Colorado State Rams,61.0,away,0.0,0.0,False,-3.0
2018-12-22,Florida Gators,77.0,home,0.0,0.0,True,21.0
2018-12-22,Florida Gulf Coast Eagles,56.0,away,0.0,0.0,False,-21.0
2018-12-22,San Francisco Dons,74.0,home,0.0,0.0,True,9.0
2018-12-22,Stanford Cardinal,65.0,away,0.0,0.0,False,-9.0
2018-12-22,Saint Joseph's Hawks,45.0,home,0.0,0.0,True,3.0
2018-12-22,Loyola Chicago Ramblers,42.0,away,0.0,0.0,False,-3.0
2018-12-22,North Carolina Tar Heels,72.0,home,0.0,0.0,False,-8.0
2018-12-22,Kentucky Wildcats,80.0,away,0.0,0.0,True,8.0
2018-12-23,Arizona Wildcats,70.0,home,0.0,0.0,True,2.0
2018-12-23,UC Davis Aggies,68.0,away,0.0,0.0,False,-2.0
2018-12-23,UTEP Miners,76.0,home,0.0,0.0,True,11.0
2018-12-23,Wyoming Cowboys,65.0,away,0.0,0.0,False,-11.0
2018-12-23,New Mexico State Aggies,63.0,home,0.0,0.0,False,-3.0
2018-12-23,Drake Bulldogs,66.0,away,0.0,0.0,True,3.0
2018-12-23,Fresno State Bulldogs,93.0,home,0.0,0.0,True,40.0
2018-12-23,UT Martin Skyhawks,53.0,away,0.0,0.0,False,-40.0
2018-12-22,Maryland Terrapins,74.0,home,0.0,0.0,False,-4.0
2018-12-22,Seton Hall Pirates,78.0,away,0.0,0.0,True,4.0
2018-12-23,South Dakota State Jackrabbits,74.0,home,0.0,0.0,False,-11.0
2018-12-23,Montana Grizzlies,85.0,away,0.0,0.0,True,11.0
2018-12-23,SMU Mustangs,81.0,home,0.0,0.0,True,28.0
2018-12-23,Cornell Big Red,53.0,away,0.0,0.0,False,-28.0
2018-12-23,San Diego State Aztecs,90.0,home,0.0,0.0,True,9.0
2018-12-23,BYU Cougars,81.0,away,0.0,0.0,False,-9.0
2018-12-23,Kansas State Wildcats,69.0,home,0.0,0.0,True,11.0
2018-12-23,Vanderbilt Commodores,58.0,away,0.0,0.0,False,-11.0
2018-12-23,Grand Canyon Lopes,85.0,home,0.0,0.0,True,21.0
2018-12-23,Mississippi Valley State Delta Devils,64.0,away,0.0,0.0,False,-21.0
2018-12-23,St. John's Red Storm,104.0,home,0.0,0.0,True,22.0
2018-12-23,Sacred Heart Pioneers,82.0,away,0.0,0.0,False,-22.0
2018-12-23,Oral Roberts Golden Eagles,59.0,home,0.0,0.0,False,-10.0
2018-12-23,Tulsa Golden Hurricane,69.0,away,0.0,0.0,True,10.0
2018-12-23,Norfolk State Spartans,61.0,home,0.0,0.0,False,-28.0
2018-12-23,East Tennessee State Buccaneers,89.0,away,0.0,0.0,True,28.0
2018-12-23,UT Rio Grande Valley Vaqueros,68.0,home,0.0,0.0,True,4.0
2018-12-23,McNeese Cowboys,64.0,away,0.0,0.0,False,-4.0
2018-12-23,Bucknell Bison,84.0,home,0.0,0.0,True,2.0
2018-12-23,Rhode Island Rams,82.0,away,0.0,0.0,False,-2.0
2018-12-23,Illinois Fighting Illini,63.0,home,0.0,0.0,False,-16.0
2018-12-23,Missouri Tigers,79.0,away,0.0,0.0,True,16.0
2018-12-23,Washington State Cougars,75.0,home,0.0,0.0,False,-7.0
2018-12-23,San Diego Toreros,82.0,away,0.0,0.0,True,7.0
2018-12-23,TCU Horned Frogs,82.0,home,0.0,0.0,True,25.0
2018-12-23,Charlotte 49ers,57.0,away,0.0,0.0,False,-25.0
2019-01-05,Eastern Michigan Eagles,58.0,home,0.0,0.0,False,-16.0
2019-01-05,Buffalo Bulls,74.0,away,0.0,0.0,True,16.0
2019-01-05,Toledo Rockets,64.0,home,0.0,0.0,False,-15.0
2019-01-05,Ball State Cardinals,79.0,away,0.0,0.0,True,15.0
2019-01-05,Cal Poly Mustangs,68.0,home,0.0,0.0,True,21.0
2019-01-05,Holy Names University Hawks,47.0,away,0.0,0.0,False,-21.0
2019-01-05,UIC Flames,64.0,home,0.0,0.0,False,-2.0
2019-01-05,IU Indianapolis Jaguars,66.0,away,0.0,0.0,True,2.0
2019-01-05,Tulane Green Wave,65.0,home,0.0,0.0,False,-9.0
2019-01-05,SMU Mustangs,74.0,away,0.0,0.0,True,9.0
2019-01-05,Cornell Big Red,76.0,home,0.0,0.0,True,15.0
2019-01-05,Johnson & Wales (RI) Griffins,61.0,away,0.0,0.0,False,-15.0
2019-01-05,UC Riverside Highlanders,112.0,home,0.0,0.0,True,65.0
2019-01-05,Bethesda University Flames,47.0,away,0.0,0.0,False,-65.0
2018-12-30,Michigan Wolverines,74.0,home,0.0,0.0,True,22.0
2018-12-30,Binghamton Bearcats,52.0,away,0.0,0.0,False,-22.0
2018-12-30,Central Michigan Chippewas,123.0,home,0.0,0.0,True,47.0
2018-12-30,Indiana-South Bend Titans,76.0,away,0.0,0.0,False,-47.0
2018-12-30,Dartmouth Big Green,76.0,home,0.0,0.0,True,8.0
2018-12-30,New Hampshire Wildcats,68.0,away,0.0,0.0,False,-8.0
2018-12-30,Ohio Bobcats,68.0,home,0.0,0.0,True,2.0
2018-12-30,Florida International Panthers,66.0,away,0.0,0.0,False,-2.0
2018-12-30,Youngstown State Penguins,74.0,home,0.0,0.0,False,-2.0
2018-12-30,Oakland Golden Grizzlies,76.0,away,0.0,0.0,True,2.0
2018-12-30,VCU Rams,90.0,home,0.0,0.0,True,11.0
2018-12-30,Rider Broncs,79.0,away,0.0,0.0,False,-11.0
2018-12-30,Jacksonville Dolphins,67.0,home,0.0,0.0,False,-5.0
2018-12-30,Presbyterian Blue Hose,72.0,away,0.0,0.0,True,5.0
2018-12-30,Miami (OH) RedHawks,70.0,home,0.0,0.0,True,3.0
2018-12-30,Evansville Purple Aces,67.0,away,0.0,0.0,False,-3.0
2018-12-30,Wright State Raiders,72.0,home,0.0,0.0,True,8.0
2018-12-30,IU Indianapolis Jaguars,64.0,away,0.0,0.0,False,-8.0
2018-12-30,Eastern Illinois Panthers,81.0,home,0.0,0.0,True,11.0
2018-12-30,North Alabama Lions,70.0,away,0.0,0.0,False,-11.0
2018-12-30,Saint Louis Billikens,83.0,home,0.0,0.0,True,28.0
2018-12-30,App State Mountaineers,55.0,away,0.0,0.0,False,-28.0
2018-12-30,Akron Zips,82.0,home,0.0,0.0,True,27.0
2018-12-30,Carnegie Mellon Tartans,55.0,away,0.0,0.0,False,-27.0
2018-12-30,Bowling Green Falcons,94.0,home,0.0,0.0,True,14.0
2018-12-30,UT Martin Skyhawks,80.0,away,0.0,0.0,False,-14.0
2018-12-30,University of The Southwest Mustangs,47.0,home,0.0,0.0,False,-56.0
2018-12-30,New Mexico Lobos,103.0,away,0.0,0.0,True,56.0
2018-12-30,Iona Gaels,71.0,home,0.0,0.0,False,-7.0
2018-12-30,Holy Cross Crusaders,78.0,away,0.0,0.0,True,7.0
2018-12-30,North Carolina Central Eagles,91.0,home,0.0,0.0,True,47.0
2018-12-30,Wilberforce Bulldogs,44.0,away,0.0,0.0,False,-47.0
2018-12-30,West Virginia Mountaineers,78.0,home,0.0,0.0,True,10.0
2018-12-30,Lehigh Mountain Hawks,68.0,away,0.0,0.0,False,-10.0
2018-12-30,Western Michigan Broncos,73.0,home,0.0,0.0,True,9.0
2018-12-30,UC Riverside Highlanders,64.0,away,0.0,0.0,False,-9.0
2018-12-30,Clemson Tigers,84.0,home,0.0,0.0,True,17.0
2018-12-30,Lipscomb Bisons,67.0,away,0.0,0.0,False,-17.0
2018-12-30,Cornell Big Red,61.0,home,0.0,0.0,True,11.0
2018-12-30,Navy Midshipmen,50.0,away,0.0,0.0,False,-11.0
2018-12-30,William & Mary Tribe,71.0,home,0.0,0.0,True,10.0
2018-12-30,Towson Tigers,61.0,away,0.0,0.0,False,-10.0
2018-12-30,Central Arkansas Bears,62.0,home,0.0,0.0,True,15.0
2018-12-30,Lyon Scots,47.0,away,0.0,0.0,False,-15.0
2018-12-30,Colorado State Rams,68.0,home,0.0,0.0,False,-20.0
2018-12-30,New Mexico State Aggies,88.0,away,0.0,0.0,True,20.0
2018-12-30,Minnesota Golden Gophers,71.0,home,0.0,0.0,True,18.0
2018-12-30,Mount St. Mary's Mountaineers,53.0,away,0.0,0.0,False,-18.0
2018-12-30,Elon Phoenix,68.0,home,0.0,0.0,True,3.0
2018-12-30,James Madison Dukes,65.0,away,0.0,0.0,False,-3.0
2018-12-30,North Dakota State Bison,87.0,home,0.0,0.0,False,-3.0
2018-12-30,Purdue Fort Wayne Mastodons,90.0,away,0.0,0.0,True,3.0
2018-12-30,Rhode Island Rams,72.0,home,0.0,0.0,True,12.0
2018-12-30,Middle Tennessee Blue Raiders,60.0,away,0.0,0.0,False,-12.0
2018-12-30,Northeastern Huskies,80.0,home,0.0,0.0,False,-2.0
2018-12-30,Delaware Blue Hens,82.0,away,0.0,0.0,True,2.0
2018-12-30,Northwestern State Demons,86.0,home,0.0,0.0,True,21.0
2018-12-30,Champion Christian Tigers,65.0,away,0.0,0.0,False,-21.0
2018-12-30,Stephen F. Austin Lumberjacks,69.0,home,0.0,0.0,False,-10.0
2018-12-30,Alabama Crimson Tide,79.0,away,0.0,0.0,True,10.0
2018-12-30,Hofstra Pride,89.0,home,0.0,0.0,True,14.0
2018-12-30,Drexel Dragons,75.0,away,0.0,0.0,False,-14.0
2018-12-30,Northern Kentucky Norse,73.0,home,0.0,0.0,True,15.0
2018-12-30,UIC Flames,58.0,away,0.0,0.0,False,-15.0
2018-12-30,McNeese Cowboys,91.0,home,0.0,0.0,True,18.0
2018-12-30,Campbellsville-Harrodsburg Pioneers,73.0,away,0.0,0.0,False,-18.0
2018-12-30,SIU Edwardsville Cougars,79.0,home,0.0,0.0,True,13.0
2018-12-30,Missouri S&T Miners,66.0,away,0.0,0.0,False,-13.0
2018-12-30,Missouri State Bears,110.0,home,0.0,0.0,True,54.0
2018-12-30,William Woods Owls,56.0,away,0.0,0.0,False,-54.0
2018-12-30,Western Illinois Leathernecks,78.0,home,0.0,0.0,True,18.0
2018-12-30,Denver Pioneers,60.0,away,0.0,0.0,False,-18.0
2018-12-30,Northwestern Wildcats,75.0,home,0.0,0.0,True,21.0
2018-12-30,Columbia Lions,54.0,away,0.0,0.0,False,-21.0
2018-12-30,Omaha Mavericks,84.0,home,0.0,0.0,False,-3.0
2018-12-30,Oral Roberts Golden Eagles,87.0,away,0.0,0.0,True,3.0
2018-12-30,Georgia Bulldogs,91.0,home,0.0,0.0,True,19.0
2018-12-30,Massachusetts Minutemen,72.0,away,0.0,0.0,False,-19.0
2018-12-30,Charleston Southern Buccaneers,111.0,home,0.0,0.0,True,46.0
2018-12-30,Carolina University Bruins,65.0,away,0.0,0.0,False,-46.0
2018-12-31,USC Trojans,73.0,home,0.0,0.0,True,18.0
2018-12-31,UC Davis Aggies,55.0,away,0.0,0.0,False,-18.0
2018-12-31,Cleveland State Vikings,61.0,home,0.0,0.0,False,-12.0
2018-12-31,Detroit Mercy Titans,73.0,away,0.0,0.0,True,12.0
2018-12-31,Fordham Rams,57.0,home,0.0,0.0,False,-3.0
2018-12-31,Long Island University Sharks,60.0,away,0.0,0.0,True,3.0
2019-01-03,Nevada Wolf Pack,72.0,home,0.0,0.0,True,23.0
2019-01-03,Utah State Aggies,49.0,away,0.0,0.0,False,-23.0
2019-01-03,Houston Cougars,74.0,home,0.0,0.0,True,18.0
2019-01-03,Tulsa Golden Hurricane,56.0,away,0.0,0.0,False,-18.0
2019-01-03,Evansville Purple Aces,82.0,home,0.0,0.0,True,5.0
2019-01-03,Drake Bulldogs,77.0,away,0.0,0.0,False,-5.0
2019-01-02,Xavier Musketeers,70.0,home,0.0,0.0,False,-10.0
2019-01-02,Seton Hall Pirates,80.0,away,0.0,0.0,True,10.0
2019-01-03,American University Eagles,86.0,home,0.0,0.0,True,12.0
2019-01-03,Boston University Terriers,74.0,away,0.0,0.0,False,-12.0
2019-01-03,Army Black Knights,63.0,home,0.0,0.0,False,-1.0
2019-01-03,Bucknell Bison,64.0,away,0.0,0.0,True,1.0
2019-01-03,Michigan State Spartans,81.0,home,0.0,0.0,True,26.0
2019-01-03,Northwestern Wildcats,55.0,away,0.0,0.0,False,-26.0
2019-01-03,Yale Bulldogs,92.0,home,0.0,0.0,True,27.0
2019-01-03,Kennesaw State Owls,65.0,away,0.0,0.0,False,-27.0
2019-01-03,Kansas Jayhawks,70.0,home,0.0,0.0,True,7.0
2019-01-03,Oklahoma Sooners,63.0,away,0.0,0.0,False,-7.0
2019-01-03,Campbell Fighting Camels,95.0,home,0.0,0.0,True,47.0
2019-01-03,Allen University Yellow Jackets,48.0,away,0.0,0.0,False,-47.0
2019-01-03,West Virginia Mountaineers,59.0,home,0.0,0.0,False,-3.0
2019-01-03,Texas Tech Red Raiders,62.0,away,0.0,0.0,True,3.0
2019-01-03,North Florida Ospreys,104.0,home,0.0,0.0,True,28.0
2019-01-03,Florida National Conquistadors,76.0,away,0.0,0.0,False,-28.0
2019-01-02,South Carolina State Bulldogs,70.0,home,0.0,0.0,False,-2.0
2019-01-02,Presbyterian Blue Hose,72.0,away,0.0,0.0,True,2.0
2019-01-03,High Point Panthers,101.0,home,0.0,0.0,True,41.0
2019-01-03,Washington College (MD) Shoremen,60.0,away,0.0,0.0,False,-41.0
2019-01-02,Maryland Terrapins,74.0,home,0.0,0.0,True,2.0
2019-01-02,Nebraska Cornhuskers,72.0,away,0.0,0.0,False,-2.0
2019-01-03,North Carolina Tar Heels,77.0,home,0.0,0.0,True,20.0
2019-01-03,Harvard Crimson,57.0,away,0.0,0.0,False,-20.0
2019-01-03,Vermont Catamounts,73.0,home,0.0,0.0,True,14.0
2019-01-03,Dartmouth Big Green,59.0,away,0.0,0.0,False,-14.0
2019-01-03,Lehigh Mountain Hawks,86.0,home,0.0,0.0,True,3.0
2019-01-03,Lafayette Leopards,83.0,away,0.0,0.0,False,-3.0
2019-01-02,Cincinnati Bearcats,93.0,home,0.0,0.0,True,32.0
2019-01-02,Tulane Green Wave,61.0,away,0.0,0.0,False,-32.0
2019-01-02,Prairie View A&M Panthers,81.0,home,0.0,0.0,True,16.0
2019-01-02,Huston-Tillotson Rams,65.0,away,0.0,0.0,False,-16.0
2019-01-03,Binghamton Bearcats,63.0,home,0.0,0.0,False,-2.0
2019-01-03,Columbia Lions,65.0,away,0.0,0.0,True,2.0
2019-01-03,Brown Bears,75.0,home,0.0,0.0,True,8.0
2019-01-03,Maine Black Bears,67.0,away,0.0,0.0,False,-8.0
2019-01-03,Wake Forest Demon Deacons,83.0,home,0.0,0.0,True,22.0
2019-01-03,Cornell Big Red,61.0,away,0.0,0.0,False,-22.0
2019-01-03,Northwestern State Demons,72.0,home,0.0,0.0,False,-6.0
2019-01-03,Nicholls Colonels,78.0,away,0.0,0.0,True,6.0
2019-01-03,Stephen F. Austin Lumberjacks,65.0,home,0.0,0.0,True,5.0
2019-01-03,SE Louisiana Lions,60.0,away,0.0,0.0,False,-5.0
2019-01-03,Abilene Christian Wildcats,68.0,home,0.0,0.0,True,10.0
2019-01-03,New Orleans Privateers,58.0,away,0.0,0.0,False,-10.0
2019-01-03,Butler Bulldogs,76.0,home,0.0,0.0,False,-8.0
2019-01-03,Georgetown Hoyas,84.0,away,0.0,0.0,True,8.0
2019-01-03,UCF Knights,78.0,home,0.0,0.0,True,5.0
2019-01-03,Temple Owls,73.0,away,0.0,0.0,False,-5.0
2019-01-03,South Florida Bulls,76.0,home,0.0,0.0,True,8.0
2019-01-03,UConn Huskies,68.0,away,0.0,0.0,False,-8.0
2019-01-03,SMU Mustangs,82.0,home,0.0,0.0,True,28.0
2019-01-03,East Carolina Pirates,54.0,away,0.0,0.0,False,-28.0
2019-01-03,Villanova Wildcats,73.0,home,0.0,0.0,True,5.0
2019-01-03,DePaul Blue Demons,68.0,away,0.0,0.0,False,-5.0
2019-01-03,Wyoming Cowboys,55.0,home,0.0,0.0,False,-14.0
2019-01-03,Boise State Broncos,69.0,away,0.0,0.0,True,14.0
2019-01-03,Houston Christian Huskies,88.0,home,0.0,0.0,True,6.0
2019-01-03,Lamar Cardinals,82.0,away,0.0,0.0,False,-6.0
2019-01-03,Valparaiso Beacons,58.0,home,0.0,0.0,True,2.0
2019-01-03,Illinois State Redbirds,56.0,away,0.0,0.0,False,-2.0
2019-01-03,Omaha Mavericks,90.0,home,0.0,0.0,True,13.0
2019-01-03,North Dakota State Bison,77.0,away,0.0,0.0,False,-13.0
2019-01-03,Bradley Braves,47.0,home,0.0,0.0,False,-18.0
2019-01-03,Northern Iowa Panthers,65.0,away,0.0,0.0,True,18.0
2019-01-03,Incarnate Word Cardinals,77.0,home,0.0,0.0,False,-11.0
2019-01-03,McNeese Cowboys,88.0,away,0.0,0.0,True,11.0
2019-01-03,Georgia Tech Yellow Jackets,79.0,home,0.0,0.0,True,16.0
2019-01-03,South Carolina Upstate Spartans,63.0,away,0.0,0.0,False,-16.0
2019-01-03,Texas A&M-Corpus Christi Islanders,87.0,home,0.0,0.0,True,12.0
2019-01-03,Central Arkansas Bears,75.0,away,0.0,0.0,False,-12.0
2019-01-03,Southern Illinois Salukis,75.0,home,0.0,0.0,True,5.0
2019-01-03,Missouri State Bears,70.0,away,0.0,0.0,False,-5.0
2019-01-03,Loyola Chicago Ramblers,79.0,home,0.0,0.0,True,35.0
2019-01-03,Indiana State Sycamores,44.0,away,0.0,0.0,False,-35.0
2019-01-03,Denver Pioneers,70.0,home,0.0,0.0,False,-1.0
2019-01-03,South Dakota Coyotes,71.0,away,0.0,0.0,True,1.0
2019-01-03,Oklahoma State Cowboys,63.0,home,0.0,0.0,False,-6.0
2019-01-03,Iowa State Cyclones,69.0,away,0.0,0.0,True,6.0
2019-01-03,Kansas State Wildcats,47.0,home,0.0,0.0,False,-20.0
2019-01-03,Texas Longhorns,67.0,away,0.0,0.0,True,20.0
2019-01-03,Air Force Falcons,58.0,home,0.0,0.0,False,-7.0
2019-01-03,New Mexico Lobos,65.0,away,0.0,0.0,True,7.0
2019-01-03,UNLV Rebels,78.0,home,0.0,0.0,True,2.0
2019-01-03,Colorado State Rams,76.0,away,0.0,0.0,False,-2.0
2019-01-03,San José State Spartans,53.0,home,0.0,0.0,False,-20.0
2019-01-03,Fresno State Bulldogs,73.0,away,0.0,0.0,True,20.0
2019-01-03,UC Santa Barbara Gauchos,109.0,home,0.0,0.0,True,62.0
2019-01-03,Bethesda University Flames,47.0,away,0.0,0.0,False,-62.0
2019-01-08,Fairfield Stags,77.0,home,0.0,0.0,True,18.0
2019-01-08,Niagara Purple Eagles,59.0,away,0.0,0.0,False,-18.0
2019-01-08,Maryland Eastern Shore Hawks,39.0,home,0.0,0.0,False,-40.0
2019-01-08,Howard Bison,79.0,away,0.0,0.0,True,40.0
2019-01-08,Norfolk State Spartans,72.0,home,0.0,0.0,True,10.0
2019-01-08,Florida A&M Rattlers,62.0,away,0.0,0.0,False,-10.0
2019-01-08,Alabama State Hornets,59.0,home,0.0,0.0,True,2.0
2019-01-08,Jackson State Tigers,57.0,away,0.0,0.0,False,-2.0
2019-01-08,Southern Jaguars,67.0,home,0.0,0.0,False,-10.0
2019-01-08,Texas Southern Tigers,77.0,away,0.0,0.0,True,10.0
2019-01-08,Alcorn State Braves,54.0,home,0.0,0.0,False,-3.0
2019-01-08,Prairie View A&M Panthers,57.0,away,0.0,0.0,True,3.0
2019-01-08,Northern Colorado Bears,75.0,home,0.0,0.0,True,12.0
2019-01-08,Eastern Washington Eagles,63.0,away,0.0,0.0,False,-12.0
2019-01-08,Morgan State Bears,87.0,home,0.0,0.0,False,-1.0
2019-01-08,Savannah State Tigers,88.0,away,0.0,0.0,True,1.0
2019-01-08,Alabama A&M Bulldogs,65.0,home,0.0,0.0,True,5.0
2019-01-08,Grambling Tigers,60.0,away,0.0,0.0,False,-5.0
2019-01-08,Delaware State Hornets,60.0,home,0.0,0.0,False,-4.0
2019-01-08,Coppin State Eagles,64.0,away,0.0,0.0,True,4.0
2019-01-06,DePaul Blue Demons,75.0,home,0.0,0.0,True,1.0
2019-01-06,Seton Hall Pirates,74.0,away,0.0,0.0,False,-1.0
2019-01-07,Penn State Nittany Lions,52.0,home,0.0,0.0,False,-19.0
2019-01-07,Wisconsin Badgers,71.0,away,0.0,0.0,True,19.0
2019-01-06,Navy Midshipmen,50.0,home,0.0,0.0,True,2.0
2019-01-06,Holy Cross Crusaders,48.0,away,0.0,0.0,False,-2.0
2019-01-06,Saint Louis Billikens,60.0,home,0.0,0.0,True,7.0
2019-01-06,Rhode Island Rams,53.0,away,0.0,0.0,False,-7.0
2019-01-06,Iowa Hawkeyes,93.0,home,0.0,0.0,True,9.0
2019-01-06,Nebraska Cornhuskers,84.0,away,0.0,0.0,False,-9.0
2019-01-06,North Dakota State Bison,85.0,home,0.0,0.0,True,32.0
2019-01-06,Dickinson State (ND) Blue Hawks,53.0,away,0.0,0.0,False,-32.0
2019-01-06,South Dakota Coyotes,61.0,home,0.0,0.0,False,-18.0
2019-01-06,South Dakota State Jackrabbits,79.0,away,0.0,0.0,True,18.0
2019-01-06,Marquette Golden Eagles,70.0,home,0.0,0.0,True,18.0
2019-01-06,Xavier Musketeers,52.0,away,0.0,0.0,False,-18.0
2019-01-07,USC Trojans,77.0,home,0.0,0.0,True,11.0
2019-01-07,Stanford Cardinal,66.0,away,0.0,0.0,False,-11.0
2019-01-06,George Mason Patriots,68.0,home,0.0,0.0,True,15.0
2019-01-06,St. Bonaventure Bonnies,53.0,away,0.0,0.0,False,-15.0
2019-01-06,Houston Cougars,90.0,home,0.0,0.0,True,13.0
2019-01-06,Memphis Tigers,77.0,away,0.0,0.0,False,-13.0
2019-01-06,Louisville Cardinals,90.0,home,0.0,0.0,True,17.0
2019-01-06,Miami Hurricanes,73.0,away,0.0,0.0,False,-17.0
2019-01-06,Dayton Flyers,72.0,home,0.0,0.0,True,24.0
2019-01-06,Richmond Spiders,48.0,away,0.0,0.0,False,-24.0
2019-01-06,Lehigh Mountain Hawks,89.0,home,0.0,0.0,True,17.0
2019-01-06,Loyola Maryland Greyhounds,72.0,away,0.0,0.0,False,-17.0
2019-01-06,Michigan Wolverines,74.0,home,0.0,0.0,True,11.0
2019-01-06,Indiana Hoosiers,63.0,away,0.0,0.0,False,-11.0
2019-01-06,Saint Joseph's Hawks,56.0,home,0.0,0.0,False,-14.0
2019-01-06,George Washington Revolutionaries,70.0,away,0.0,0.0,True,14.0
2019-01-06,Wichita State Shockers,81.0,home,0.0,0.0,False,-4.0
2019-01-06,Temple Owls,85.0,away,0.0,0.0,True,4.0
2019-01-06,Northwestern Wildcats,68.0,home,0.0,0.0,True,2.0
2019-01-06,Illinois Fighting Illini,66.0,away,0.0,0.0,False,-2.0
2019-01-06,Colgate Raiders,73.0,home,0.0,0.0,True,4.0
2019-01-06,American University Eagles,69.0,away,0.0,0.0,False,-4.0
2019-01-04,Michigan Wolverines,68.0,home,0.0,0.0,True,13.0
2019-01-04,Penn State Nittany Lions,55.0,away,0.0,0.0,False,-13.0
2019-01-04,Miami Hurricanes,82.0,home,0.0,0.0,False,-5.0
2019-01-04,NC State Wolfpack,87.0,away,0.0,0.0,True,5.0
2019-01-04,Purdue Boilermakers,86.0,home,0.0,0.0,True,16.0
2019-01-04,Iowa Hawkeyes,70.0,away,0.0,0.0,False,-16.0
2019-01-04,Western Carolina Catamounts,62.0,home,0.0,0.0,False,-11.0
2019-01-04,Chattanooga Mocs,73.0,away,0.0,0.0,True,11.0
2019-01-04,Wofford Terriers,112.0,home,0.0,0.0,True,31.0
2019-01-04,The Citadel Bulldogs,81.0,away,0.0,0.0,False,-31.0
2019-01-04,Detroit Mercy Titans,79.0,home,0.0,0.0,True,21.0
2019-01-04,Wright State Raiders,58.0,away,0.0,0.0,False,-21.0
2019-01-04,Oakland Golden Grizzlies,76.0,home,0.0,0.0,True,2.0
2019-01-04,Northern Kentucky Norse,74.0,away,0.0,0.0,False,-2.0
2019-01-04,Saint Francis Red Flash,80.0,home,0.0,0.0,True,11.0
2019-01-04,Mount St. Mary's Mountaineers,69.0,away,0.0,0.0,False,-11.0
2019-01-04,Troy Trojans,75.0,home,0.0,0.0,False,-13.0
2019-01-04,Coastal Carolina Chanticleers,88.0,away,0.0,0.0,True,13.0
2019-01-04,Old Dominion Monarchs,67.0,home,0.0,0.0,False,-3.0
2019-01-04,Marshall Thundering Herd,70.0,away,0.0,0.0,True,3.0
2019-01-04,Loyola Maryland Greyhounds,73.0,home,0.0,0.0,False,-7.0
2019-01-04,Holy Cross Crusaders,80.0,away,0.0,0.0,True,7.0
2019-01-04,Wisconsin Badgers,52.0,home,0.0,0.0,False,-7.0
2019-01-04,Minnesota Golden Gophers,59.0,away,0.0,0.0,True,7.0
2019-01-04,Indiana Hoosiers,73.0,home,0.0,0.0,True,8.0
2019-01-04,Illinois Fighting Illini,65.0,away,0.0,0.0,False,-8.0
2019-01-03,Saint Peter's Peacocks,65.0,home,0.0,0.0,True,5.0
2019-01-03,Siena Saints,60.0,away,0.0,0.0,False,-5.0
2019-01-03,Morgan State Bears,75.0,home,0.0,0.0,False,-2.0
2019-01-03,Lincoln (PA) Lions,77.0,away,0.0,0.0,True,2.0
2019-01-03,Rice Owls,73.0,home,0.0,0.0,True,8.0
2019-01-03,Southern Miss Golden Eagles,65.0,away,0.0,0.0,False,-8.0
2019-01-04,Navy Midshipmen,72.0,home,0.0,0.0,True,6.0
2019-01-04,Colgate Raiders,66.0,away,0.0,0.0,False,-6.0
2019-01-03,Sacred Heart Pioneers,79.0,home,0.0,0.0,True,4.0
2019-01-03,Long Island University Sharks,75.0,away,0.0,0.0,False,-4.0
2019-01-04,East Tennessee State Buccaneers,81.0,home,0.0,0.0,True,9.0
2019-01-04,Samford Bulldogs,72.0,away,0.0,0.0,False,-9.0
2019-01-04,Furman Paladins,71.0,home,0.0,0.0,True,13.0
2019-01-04,Mercer Bears,58.0,away,0.0,0.0,False,-13.0
2019-01-04,Robert Morris Colonials,69.0,home,0.0,0.0,True,7.0
2019-01-04,Fairleigh Dickinson Knights,62.0,away,0.0,0.0,False,-7.0
2019-01-04,Towson Tigers,55.0,home,0.0,0.0,False,-12.0
2019-01-04,Charleston Cougars,67.0,away,0.0,0.0,True,12.0
2019-01-04,James Madison Dukes,83.0,home,0.0,0.0,False,-3.0
2019-01-04,UNC Wilmington Seahawks,86.0,away,0.0,0.0,True,3.0
2019-01-04,Central Connecticut Blue Devils,58.0,home,0.0,0.0,False,-22.0
2019-01-04,Wagner Seahawks,80.0,away,0.0,0.0,True,22.0
2019-01-04,Stetson Hatters,72.0,home,0.0,0.0,True,7.0
2019-01-04,Edward Waters Tigers,65.0,away,0.0,0.0,False,-7.0
2019-01-04,Iona Gaels,103.0,home,0.0,0.0,True,19.0
2019-01-04,Monmouth Hawks,84.0,away,0.0,0.0,False,-19.0
2019-01-04,Delaware Blue Hens,58.0,home,0.0,0.0,True,2.0
2019-01-04,William & Mary Tribe,56.0,away,0.0,0.0,False,-2.0
2019-01-04,Marist Red Foxes,72.0,home,0.0,0.0,False,-3.0
2019-01-04,Canisius Golden Griffins,75.0,away,0.0,0.0,True,3.0
2019-01-04,Fairfield Stags,82.0,home,0.0,0.0,False,-1.0
2019-01-04,Rider Broncs,83.0,away,0.0,0.0,True,1.0
2019-01-04,Bryant Bulldogs,76.0,home,0.0,0.0,True,10.0
2019-01-04,St. Francis Brooklyn Terriers,66.0,away,0.0,0.0,False,-10.0
2019-01-04,Middle Tennessee Blue Raiders,76.0,home,0.0,0.0,False,-7.0
2019-01-04,Florida International Panthers,83.0,away,0.0,0.0,True,7.0
2019-01-04,Oral Roberts Golden Eagles,83.0,home,0.0,0.0,True,11.0
2019-01-04,North Dakota Fighting Hawks,72.0,away,0.0,0.0,False,-11.0
2019-01-04,Murray State Racers,90.0,home,0.0,0.0,True,21.0
2019-01-04,Morehead State Eagles,69.0,away,0.0,0.0,False,-21.0
2019-01-04,Charlotte 49ers,50.0,home,0.0,0.0,False,-18.0
2019-01-04,Western Kentucky Hilltoppers,68.0,away,0.0,0.0,True,18.0
2019-01-04,Manhattan Jaspers,59.0,home,0.0,0.0,False,-4.0
2019-01-04,Quinnipiac Bobcats,63.0,away,0.0,0.0,True,4.0
2019-01-04,Drexel Dragons,79.0,home,0.0,0.0,True,14.0
2019-01-04,Elon Phoenix,65.0,away,0.0,0.0,False,-14.0
2019-01-04,UTSA Roadrunners,75.0,home,0.0,0.0,True,15.0
2019-01-04,UTEP Miners,60.0,away,0.0,0.0,False,-15.0
2019-01-04,Purdue Fort Wayne Mastodons,104.0,home,0.0,0.0,True,16.0
2019-01-04,South Dakota State Jackrabbits,88.0,away,0.0,0.0,False,-16.0
2019-01-04,Green Bay Phoenix,99.0,home,0.0,0.0,True,6.0
2019-01-04,Youngstown State Penguins,93.0,away,0.0,0.0,False,-6.0
2019-01-04,Saint Joseph's Hawks,60.0,home,0.0,0.0,False,-25.0
2019-01-04,George Mason Patriots,85.0,away,0.0,0.0,True,25.0
2019-01-04,South Alabama Jaguars,79.0,home,0.0,0.0,True,6.0
2019-01-04,App State Mountaineers,73.0,away,0.0,0.0,False,-6.0
2019-01-04,Milwaukee Panthers,83.0,home,0.0,0.0,True,7.0
2019-01-04,Cleveland State Vikings,76.0,away,0.0,0.0,False,-7.0
2019-01-04,UAB Blazers,67.0,home,0.0,0.0,True,17.0
2019-01-04,Florida Atlantic Owls,50.0,away,0.0,0.0,False,-17.0
2019-01-04,UL Monroe Warhawks,97.0,home,0.0,0.0,True,13.0
2019-01-04,Little Rock Trojans,84.0,away,0.0,0.0,False,-13.0
2019-01-04,Texas State Bobcats,73.0,home,0.0,0.0,True,3.0
2019-01-04,Georgia Southern Eagles,70.0,away,0.0,0.0,False,-3.0
2019-01-04,UT Arlington Mavericks,58.0,home,0.0,0.0,False,-5.0
2019-01-04,Georgia State Panthers,63.0,away,0.0,0.0,True,5.0
2019-01-04,Tennessee State Tigers,64.0,home,0.0,0.0,False,-2.0
2019-01-04,Tennessee Tech Golden Eagles,66.0,away,0.0,0.0,True,2.0
2019-01-04,Belmont Bruins,73.0,home,0.0,0.0,False,-10.0
2019-01-04,Jacksonville State Gamecocks,83.0,away,0.0,0.0,True,10.0
2019-01-04,Louisiana Ragin' Cajuns,83.0,home,0.0,0.0,False,-11.0
2019-01-04,Arkansas State Red Wolves,94.0,away,0.0,0.0,True,11.0
2019-01-04,North Texas Mean Green,63.0,home,0.0,0.0,True,4.0
2019-01-04,Louisiana Tech Bulldogs,59.0,away,0.0,0.0,False,-4.0
2019-01-04,Arizona State Sun Devils,86.0,home,0.0,0.0,False,-10.0
2019-01-04,Utah Utes,96.0,away,0.0,0.0,True,10.0
2019-01-04,Weber State Wildcats,77.0,home,0.0,0.0,True,25.0
2019-01-04,Northern Arizona Lumberjacks,52.0,away,0.0,0.0,False,-25.0
2019-01-04,San Francisco Dons,76.0,home,0.0,0.0,True,4.0
2019-01-04,Saint Mary's Gaels,72.0,away,0.0,0.0,False,-4.0
2019-01-04,Grand Canyon Lopes,71.0,home,0.0,0.0,True,11.0
2019-01-04,Utah Valley Wolverines,60.0,away,0.0,0.0,False,-11.0
2019-01-04,Eastern Illinois Panthers,92.0,home,0.0,0.0,True,5.0
2019-01-04,UT Martin Skyhawks,87.0,away,0.0,0.0,False,-5.0
2019-01-04,Arizona Wildcats,64.0,home,0.0,0.0,True,8.0
2019-01-04,Colorado Buffaloes,56.0,away,0.0,0.0,False,-8.0
2019-01-04,Austin Peay Governors,93.0,home,0.0,0.0,True,18.0
2019-01-04,Eastern Kentucky Colonels,75.0,away,0.0,0.0,False,-18.0
2019-01-04,Montana Grizzlies,87.0,home,0.0,0.0,True,31.0
2019-01-04,Sacramento State Hornets,56.0,away,0.0,0.0,False,-31.0
2019-01-04,Idaho State Bengals,88.0,home,0.0,0.0,True,20.0
2019-01-04,Southern Utah Thunderbirds,68.0,away,0.0,0.0,False,-20.0
2019-01-04,Montana State Bobcats,98.0,home,0.0,0.0,True,10.0
2019-01-04,Portland State Vikings,88.0,away,0.0,0.0,False,-10.0
2019-01-04,California Baptist Lancers,82.0,home,0.0,0.0,True,6.0
2019-01-04,New Mexico State Aggies,76.0,away,0.0,0.0,False,-6.0
2019-01-04,SIU Edwardsville Cougars,94.0,home,0.0,0.0,True,6.0
2019-01-04,Southeast Missouri State Redhawks,88.0,away,0.0,0.0,False,-6.0
2019-01-04,Pepperdine Waves,77.0,home,0.0,0.0,True,15.0
2019-01-04,Loyola Marymount Lions,62.0,away,0.0,0.0,False,-15.0
2019-01-04,Santa Clara Broncos,68.0,home,0.0,0.0,True,12.0
2019-01-04,San Diego Toreros,56.0,away,0.0,0.0,False,-12.0
2019-01-04,Memphis Tigers,85.0,home,0.0,0.0,True,11.0
2019-01-04,Wichita State Shockers,74.0,away,0.0,0.0,False,-11.0
2019-01-04,Idaho Vandals,74.0,home,0.0,0.0,True,3.0
2019-01-04,Eastern Washington Eagles,71.0,away,0.0,0.0,False,-3.0
2019-01-04,UCLA Bruins,92.0,home,0.0,0.0,True,22.0
2019-01-04,Stanford Cardinal,70.0,away,0.0,0.0,False,-22.0
2019-01-04,USC Trojans,82.0,home,0.0,0.0,True,9.0
2019-01-04,California Golden Bears,73.0,away,0.0,0.0,False,-9.0
2019-01-04,UC Irvine Anteaters,85.0,home,0.0,0.0,True,11.0
2019-01-04,UT Rio Grande Valley Vaqueros,74.0,away,0.0,0.0,False,-11.0
2019-01-04,Cal State Bakersfield Roadrunners,83.0,home,0.0,0.0,True,12.0
2019-01-04,Seattle U Redhawks,71.0,away,0.0,0.0,False,-12.0
2019-01-04,Pacific Tigers,87.0,home,0.0,0.0,False,-3.0
2019-01-04,BYU Cougars,90.0,away,0.0,0.0,True,3.0
2019-01-12,Marist Red Foxes,66.0,home,0.0,0.0,False,-5.0
2019-01-12,Siena Saints,71.0,away,0.0,0.0,True,5.0
2019-01-12,Northern Kentucky Norse,68.0,home,0.0,0.0,True,4.0
2019-01-12,Wright State Raiders,64.0,away,0.0,0.0,False,-4.0
2019-01-12,Maryland Terrapins,78.0,home,0.0,0.0,True,3.0
2019-01-12,Indiana Hoosiers,75.0,away,0.0,0.0,False,-3.0
2019-01-12,Canisius Golden Griffins,73.0,home,0.0,0.0,False,-9.0
2019-01-12,Rider Broncs,82.0,away,0.0,0.0,True,9.0
2019-01-12,Niagara Purple Eagles,95.0,home,0.0,0.0,True,5.0
2019-01-12,Iona Gaels,90.0,away,0.0,0.0,False,-5.0
2019-01-12,Wisconsin Badgers,80.0,home,0.0,0.0,False,-4.0
2019-01-12,Purdue Boilermakers,84.0,away,0.0,0.0,True,4.0
2019-01-09,Kentucky Wildcats,85.0,home,0.0,0.0,True,11.0
2019-01-09,Texas A&M Aggies,74.0,away,0.0,0.0,False,-11.0
2019-01-09,Michigan State Spartans,77.0,home,0.0,0.0,True,18.0
2019-01-09,Purdue Boilermakers,59.0,away,0.0,0.0,False,-18.0
2019-01-09,Wake Forest Demon Deacons,65.0,home,0.0,0.0,False,-22.0
2019-01-09,Duke Blue Devils,87.0,away,0.0,0.0,True,22.0
2019-01-09,Indiana State Sycamores,57.0,home,0.0,0.0,False,-15.0
2019-01-09,Missouri State Bears,72.0,away,0.0,0.0,True,15.0
2019-01-09,Ball State Cardinals,82.0,home,0.0,0.0,False,-2.0
2019-01-09,Eastern Michigan Eagles,84.0,away,0.0,0.0,True,2.0
2019-01-09,Canisius Golden Griffins,90.0,home,0.0,0.0,False,-7.0
2019-01-09,Brown Bears,97.0,away,0.0,0.0,True,7.0
2019-01-09,Kent State Golden Flashes,88.0,home,0.0,0.0,True,15.0
2019-01-09,Western Michigan Broncos,73.0,away,0.0,0.0,False,-15.0
2019-01-09,Miami (OH) RedHawks,70.0,home,0.0,0.0,False,-13.0
2019-01-09,Northern Illinois Huskies,83.0,away,0.0,0.0,True,13.0
2019-01-09,Yale Bulldogs,88.0,home,0.0,0.0,True,29.0
2019-01-09,Skidmore Thoroughbreds,59.0,away,0.0,0.0,False,-29.0
2019-01-09,Central Michigan Chippewas,88.0,home,0.0,0.0,True,2.0
2019-01-09,Akron Zips,86.0,away,0.0,0.0,False,-2.0
2019-01-09,Oklahoma State Cowboys,61.0,home,0.0,0.0,True,3.0
2019-01-09,Texas Longhorns,58.0,away,0.0,0.0,False,-3.0
2019-01-09,South Carolina Gamecocks,87.0,home,0.0,0.0,True,5.0
2019-01-09,Mississippi State Bulldogs,82.0,away,0.0,0.0,False,-5.0
2019-01-09,Texas Tech Red Raiders,66.0,home,0.0,0.0,True,7.0
2019-01-09,Oklahoma Sooners,59.0,away,0.0,0.0,False,-7.0
2019-01-09,NC State Wolfpack,82.0,home,0.0,0.0,False,-8.0
2019-01-09,North Carolina Tar Heels,90.0,away,0.0,0.0,True,8.0
2019-01-09,Missouri Tigers,63.0,home,0.0,0.0,False,-24.0
2019-01-09,Tennessee Volunteers,87.0,away,0.0,0.0,True,24.0
2019-01-09,Bowling Green Falcons,82.0,home,0.0,0.0,True,19.0
2019-01-09,Ohio Bobcats,63.0,away,0.0,0.0,False,-19.0
2019-01-09,Baylor Bears,73.0,home,0.0,0.0,True,3.0
2019-01-09,Iowa State Cyclones,70.0,away,0.0,0.0,False,-3.0
2019-01-09,Villanova Wildcats,76.0,home,0.0,0.0,True,5.0
2019-01-09,St. John's Red Storm,71.0,away,0.0,0.0,False,-5.0
2019-01-09,Buffalo Bulls,110.0,home,0.0,0.0,True,30.0
2019-01-09,Toledo Rockets,80.0,away,0.0,0.0,False,-30.0
2019-01-09,Marist Red Foxes,78.0,home,0.0,0.0,True,15.0
2019-01-09,Manhattan Jaspers,63.0,away,0.0,0.0,False,-15.0
2019-01-09,San Diego State Aztecs,84.0,home,0.0,0.0,True,30.0
2019-01-09,Wyoming Cowboys,54.0,away,0.0,0.0,False,-30.0
2019-01-09,New Mexico Lobos,69.0,home,0.0,0.0,False,-11.0
2019-01-09,UNLV Rebels,80.0,away,0.0,0.0,True,11.0
2019-01-09,Evansville Purple Aces,67.0,home,0.0,0.0,True,19.0
2019-01-09,Loyola Chicago Ramblers,48.0,away,0.0,0.0,False,-19.0
2019-01-09,Illinois State Redbirds,70.0,home,0.0,0.0,True,1.0
2019-01-09,Northern Iowa Panthers,69.0,away,0.0,0.0,False,-1.0
2019-01-09,Colorado State Rams,87.0,home,0.0,0.0,True,23.0
2019-01-09,Air Force Falcons,64.0,away,0.0,0.0,False,-23.0
2019-01-09,Minnesota Golden Gophers,67.0,home,0.0,0.0,False,-15.0
2019-01-09,Maryland Terrapins,82.0,away,0.0,0.0,True,15.0
2019-01-09,Valparaiso Beacons,61.0,home,0.0,0.0,True,11.0
2019-01-09,Bradley Braves,50.0,away,0.0,0.0,False,-11.0
2019-01-09,Drake Bulldogs,82.0,home,0.0,0.0,True,12.0
2019-01-09,Southern Illinois Salukis,70.0,away,0.0,0.0,False,-12.0
2019-01-09,LSU Tigers,88.0,home,0.0,0.0,True,9.0
2019-01-09,Alabama Crimson Tide,79.0,away,0.0,0.0,False,-9.0
2019-01-09,North Alabama Lions,61.0,home,0.0,0.0,True,5.0
2019-01-09,Florida Gulf Coast Eagles,56.0,away,0.0,0.0,False,-5.0
2019-01-09,North Carolina A&T Aggies,104.0,home,0.0,0.0,True,48.0
2019-01-09,Mid-Atlantic Christian Mustangs,56.0,away,0.0,0.0,False,-48.0
2018-12-29,Notre Dame Fighting Irish,63.0,home,0.0,0.0,True,7.0
2018-12-29,Coppin State Eagles,56.0,away,0.0,0.0,False,-7.0
2018-12-29,Georgetown Hoyas,102.0,home,0.0,0.0,True,35.0
2018-12-29,Howard Bison,67.0,away,0.0,0.0,False,-35.0
2018-12-29,Kansas Jayhawks,87.0,home,0.0,0.0,True,24.0
2018-12-29,Eastern Michigan Eagles,63.0,away,0.0,0.0,False,-24.0
2018-12-30,Canisius Golden Griffins,72.0,home,0.0,0.0,False,-15.0
2018-12-30,Buffalo Bulls,87.0,away,0.0,0.0,True,15.0
2018-12-29,North Carolina Tar Heels,82.0,home,0.0,0.0,True,22.0
2018-12-29,Davidson Wildcats,60.0,away,0.0,0.0,False,-22.0
2018-12-29,Western Carolina Catamounts,54.0,home,0.0,0.0,False,-20.0
2018-12-29,Wofford Terriers,74.0,away,0.0,0.0,True,20.0
2018-12-29,Western Kentucky Hilltoppers,83.0,home,0.0,0.0,True,7.0
2018-12-29,Wisconsin Badgers,76.0,away,0.0,0.0,False,-7.0
2018-12-29,Houston Cougars,80.0,home,0.0,0.0,True,21.0
2018-12-29,NJIT Highlanders,59.0,away,0.0,0.0,False,-21.0
2018-12-29,Tennessee Volunteers,96.0,home,0.0,0.0,True,43.0
2018-12-29,Tennessee Tech Golden Eagles,53.0,away,0.0,0.0,False,-43.0
2018-12-29,Louisville Cardinals,58.0,home,0.0,0.0,False,-13.0
2018-12-29,Kentucky Wildcats,71.0,away,0.0,0.0,True,13.0
2018-12-29,Utah Utes,71.0,home,0.0,0.0,False,-15.0
2018-12-29,Nevada Wolf Pack,86.0,away,0.0,0.0,True,15.0
2018-12-29,North Dakota Fighting Hawks,73.0,home,0.0,0.0,False,-11.0
2018-12-29,Purdue Fort Wayne Mastodons,84.0,away,0.0,0.0,True,11.0
2018-12-29,Ohio State Buckeyes,82.0,home,0.0,0.0,True,18.0
2018-12-29,High Point Panthers,64.0,away,0.0,0.0,False,-18.0
2018-12-29,Arizona State Sun Devils,66.0,home,0.0,0.0,False,-1.0
2018-12-29,Princeton Tigers,67.0,away,0.0,0.0,True,1.0
2018-12-29,Mississippi State Bulldogs,103.0,home,0.0,0.0,True,22.0
2018-12-29,BYU Cougars,81.0,away,0.0,0.0,False,-22.0
2018-12-29,Michigan State Spartans,88.0,home,0.0,0.0,True,28.0
2018-12-29,Northern Illinois Huskies,60.0,away,0.0,0.0,False,-28.0
2018-12-30,Iowa Hawkeyes,72.0,home,0.0,0.0,True,5.0
2018-12-30,Bryant Bulldogs,67.0,away,0.0,0.0,False,-5.0
2018-12-29,Winthrop Eagles,76.0,home,0.0,0.0,True,14.0
2018-12-29,Prairie View A&M Panthers,62.0,away,0.0,0.0,False,-14.0
2018-12-29,North Dakota State Bison,71.0,home,0.0,0.0,True,6.0
2018-12-29,South Dakota Coyotes,65.0,away,0.0,0.0,False,-6.0
2018-12-29,Auburn Tigers,95.0,home,0.0,0.0,True,46.0
2018-12-29,North Florida Ospreys,49.0,away,0.0,0.0,False,-46.0
2018-12-29,Troy Trojans,71.0,home,0.0,0.0,True,8.0
2018-12-29,Arkansas-Pine Bluff Golden Lions,63.0,away,0.0,0.0,False,-8.0
2018-12-29,Memphis Tigers,96.0,home,0.0,0.0,True,31.0
2018-12-29,Florida A&M Rattlers,65.0,away,0.0,0.0,False,-31.0
2018-12-29,Georgia State Panthers,117.0,home,0.0,0.0,True,48.0
2018-12-29,Middle Georgia State Knights,69.0,away,0.0,0.0,False,-48.0
2018-12-29,South Florida Bulls,60.0,home,0.0,0.0,True,6.0
2018-12-29,Fairleigh Dickinson Knights,54.0,away,0.0,0.0,False,-6.0
2018-12-29,Saint Peter's Peacocks,83.0,home,0.0,0.0,True,3.0
2018-12-29,Hampton Pirates,80.0,away,0.0,0.0,False,-3.0
2018-12-29,Vanderbilt Commodores,95.0,home,0.0,0.0,True,19.0
2018-12-29,Tennessee State Tigers,76.0,away,0.0,0.0,False,-19.0
2018-12-29,UAB Blazers,75.0,home,0.0,0.0,True,8.0
2018-12-29,Arkansas-Monticello Boll Weevils,67.0,away,0.0,0.0,False,-8.0
2018-12-29,The Citadel Bulldogs,94.0,home,0.0,0.0,False,-16.0
2018-12-29,Longwood Lancers,110.0,away,0.0,0.0,True,16.0
2018-12-29,George Washington Revolutionaries,71.0,home,0.0,0.0,True,4.0
2018-12-29,American University Eagles,67.0,away,0.0,0.0,False,-4.0
2018-12-29,Mercer Bears,67.0,home,0.0,0.0,False,-4.0
2018-12-29,Harvard Crimson,71.0,away,0.0,0.0,True,4.0
2018-12-29,Penn State Nittany Lions,74.0,home,0.0,0.0,True,22.0
2018-12-29,UMBC Retrievers,52.0,away,0.0,0.0,False,-22.0
2018-12-29,Ball State Cardinals,116.0,home,0.0,0.0,True,59.0
2018-12-29,Delaware State Hornets,57.0,away,0.0,0.0,False,-59.0
2018-12-29,Hartford Hawks,65.0,home,0.0,0.0,True,9.0
2018-12-29,Marist Red Foxes,56.0,away,0.0,0.0,False,-9.0
2018-12-29,Abilene Christian Wildcats,88.0,home,0.0,0.0,True,48.0
2018-12-29,McMurry War Hawks,40.0,away,0.0,0.0,False,-48.0
2018-12-29,Nicholls Colonels,88.0,home,0.0,0.0,True,25.0
2018-12-29,Campbellsville-Harrodsburg Pioneers,63.0,away,0.0,0.0,False,-25.0
2018-12-29,Toledo Rockets,77.0,home,0.0,0.0,True,32.0
2018-12-29,Pennsylvania Quakers,45.0,away,0.0,0.0,False,-32.0
2018-12-29,UNC Asheville Bulldogs,63.0,home,0.0,0.0,False,-17.0
2018-12-29,Fayetteville St Broncos,80.0,away,0.0,0.0,True,17.0
2018-12-29,Houston Christian Huskies,143.0,home,0.0,0.0,True,51.0
2018-12-29,Dallas Christian Crusaders,92.0,away,0.0,0.0,False,-51.0
2018-12-29,Sacred Heart Pioneers,91.0,home,0.0,0.0,False,-9.0
2018-12-29,UMass Lowell River Hawks,100.0,away,0.0,0.0,True,9.0
2018-12-29,Valparaiso Beacons,97.0,home,0.0,0.0,True,36.0
2018-12-29,Purdue Northwest Pride,61.0,away,0.0,0.0,False,-36.0
2018-12-29,Saint Joseph's Hawks,59.0,home,0.0,0.0,True,2.0
2018-12-29,Wagner Seahawks,57.0,away,0.0,0.0,False,-2.0
2018-12-29,Ole Miss Rebels,87.0,home,0.0,0.0,True,30.0
2018-12-29,Florida Gulf Coast Eagles,57.0,away,0.0,0.0,False,-30.0
2018-12-29,Oklahoma State Cowboys,69.0,home,0.0,0.0,True,10.0
2018-12-29,Texas A&M-Corpus Christi Islanders,59.0,away,0.0,0.0,False,-10.0
2018-12-29,Siena Saints,75.0,home,0.0,0.0,True,21.0
2018-12-29,Cal Poly Mustangs,54.0,away,0.0,0.0,False,-21.0
2018-12-29,Washington State Cougars,71.0,home,0.0,0.0,False,-8.0
2018-12-29,Santa Clara Broncos,79.0,away,0.0,0.0,True,8.0
2018-12-29,DePaul Blue Demons,65.0,home,0.0,0.0,False,-9.0
2018-12-29,Xavier Musketeers,74.0,away,0.0,0.0,True,9.0
2018-12-29,Drake Bulldogs,98.0,home,0.0,0.0,True,28.0
2018-12-29,McKendree Bearcats,70.0,away,0.0,0.0,False,-28.0
2018-12-29,Syracuse Orange,81.0,home,0.0,0.0,True,33.0
2018-12-29,St. Bonaventure Bonnies,48.0,away,0.0,0.0,False,-33.0
2018-12-29,Niagara Purple Eagles,83.0,home,0.0,0.0,True,8.0
2018-12-29,Norfolk State Spartans,75.0,away,0.0,0.0,False,-8.0
2018-12-29,Lamar Cardinals,122.0,home,0.0,0.0,True,64.0
2018-12-29,Champion Christian Tigers,58.0,away,0.0,0.0,False,-64.0
2018-12-29,Rice Owls,87.0,home,0.0,0.0,False,-16.0
2018-12-29,North Texas Mean Green,103.0,away,0.0,0.0,True,16.0
2018-12-29,Illinois Fighting Illini,71.0,home,0.0,0.0,False,-2.0
2018-12-29,Florida Atlantic Owls,73.0,away,0.0,0.0,True,2.0
2018-12-29,Missouri Tigers,75.0,home,0.0,0.0,True,14.0
2018-12-29,Morehead State Eagles,61.0,away,0.0,0.0,False,-14.0
2018-12-29,Wake Forest Demon Deacons,69.0,home,0.0,0.0,False,-4.0
2018-12-29,Gardner-Webb Runnin' Bulldogs,73.0,away,0.0,0.0,True,4.0
2018-12-29,Dayton Flyers,94.0,home,0.0,0.0,True,4.0
2018-12-29,Georgia Southern Eagles,90.0,away,0.0,0.0,False,-4.0
2018-12-29,Nebraska Cornhuskers,79.0,home,0.0,0.0,True,41.0
2018-12-29,Southwest Minnesota State Mustangs,38.0,away,0.0,0.0,False,-41.0
2018-12-29,Samford Bulldogs,96.0,home,0.0,0.0,True,28.0
2018-12-29,VMI Keydets,68.0,away,0.0,0.0,False,-28.0
2018-12-29,Rutgers Scarlet Knights,70.0,home,0.0,0.0,True,15.0
2018-12-29,Maine Black Bears,55.0,away,0.0,0.0,False,-15.0
2018-12-29,Texas A&M Aggies,73.0,home,0.0,0.0,False,-15.0
2018-12-29,Texas Southern Tigers,88.0,away,0.0,0.0,True,15.0
2018-12-29,UTSA Roadrunners,70.0,home,0.0,0.0,True,3.0
2018-12-29,Southeastern Oklahoma State Savage Storm,67.0,away,0.0,0.0,False,-3.0
2018-12-29,East Tennessee State Buccaneers,79.0,home,0.0,0.0,True,23.0
2018-12-29,Furman Paladins,56.0,away,0.0,0.0,False,-23.0
2018-12-29,South Carolina Upstate Spartans,89.0,home,0.0,0.0,True,20.0
2018-12-29,Coker Cobras,69.0,away,0.0,0.0,False,-20.0
2018-12-29,Miami Hurricanes,73.0,home,0.0,0.0,True,11.0
2018-12-29,Campbell Fighting Camels,62.0,away,0.0,0.0,False,-11.0
2018-12-29,Northern Arizona Lumberjacks,73.0,home,0.0,0.0,False,-13.0
2018-12-29,Montana Grizzlies,86.0,away,0.0,0.0,True,13.0
2018-12-29,Pittsburgh Panthers,68.0,home,0.0,0.0,True,14.0
2018-12-29,Colgate Raiders,54.0,away,0.0,0.0,False,-14.0
2018-12-29,Southern Utah Thunderbirds,62.0,home,0.0,0.0,False,-30.0
2018-12-29,Montana State Bobcats,92.0,away,0.0,0.0,True,30.0
2018-12-29,South Alabama Jaguars,82.0,home,0.0,0.0,False,-9.0
2018-12-29,Richmond Spiders,91.0,away,0.0,0.0,True,9.0
2018-12-29,UNC Greensboro Spartans,85.0,home,0.0,0.0,True,13.0
2018-12-29,Chattanooga Mocs,72.0,away,0.0,0.0,False,-13.0
2018-12-29,Robert Morris Colonials,108.0,home,0.0,0.0,True,57.0
2018-12-29,Hood College Blazers,51.0,away,0.0,0.0,False,-57.0
2018-12-29,Florida Gators,77.0,home,0.0,0.0,True,34.0
2018-12-29,Butler Bulldogs,43.0,away,0.0,0.0,False,-34.0
2018-12-29,Purdue Boilermakers,73.0,home,0.0,0.0,True,11.0
2018-12-29,Belmont Bruins,62.0,away,0.0,0.0,False,-11.0
2018-12-29,SE Louisiana Lions,72.0,home,0.0,0.0,False,-1.0
2018-12-29,Louisiana Ragin' Cajuns,73.0,away,0.0,0.0,True,1.0
2018-12-29,Louisiana Tech Bulldogs,71.0,home,0.0,0.0,True,15.0
2018-12-29,Southern Miss Golden Eagles,56.0,away,0.0,0.0,False,-15.0
2018-12-29,Eastern Washington Eagles,72.0,home,0.0,0.0,False,-12.0
2018-12-29,Weber State Wildcats,84.0,away,0.0,0.0,True,12.0
2018-12-29,Texas State Bobcats,105.0,home,0.0,0.0,True,76.0
2018-12-29,Howard Payne Yellow Jackets,29.0,away,0.0,0.0,False,-76.0
2018-12-29,Wyoming Cowboys,65.0,home,0.0,0.0,True,2.0
2018-12-29,Utah Tech Trailblazers,63.0,away,0.0,0.0,False,-2.0
2018-12-29,Eastern Kentucky Colonels,145.0,home,0.0,0.0,True,73.0
2018-12-29,Brescia Bearcats,72.0,away,0.0,0.0,False,-73.0
2018-12-29,Jacksonville State Gamecocks,109.0,home,0.0,0.0,True,32.0
2018-12-29,Reinhardt Eagles,77.0,away,0.0,0.0,False,-32.0
2018-12-29,UCLA Bruins,58.0,home,0.0,0.0,False,-15.0
2018-12-29,Liberty Flames,73.0,away,0.0,0.0,True,15.0
2018-12-29,Baylor Bears,84.0,home,0.0,0.0,True,40.0
2018-12-29,New Orleans Privateers,44.0,away,0.0,0.0,False,-40.0
2018-12-29,Maryland Terrapins,78.0,home,0.0,0.0,True,14.0
2018-12-29,Radford Highlanders,64.0,away,0.0,0.0,False,-14.0
2018-12-30,Jackson State Tigers,61.0,home,0.0,0.0,True,4.0
2018-12-30,Miles Golden Bears,57.0,away,0.0,0.0,False,-4.0
2018-12-30,Milwaukee Panthers,82.0,home,0.0,0.0,False,-10.0
2018-12-30,Green Bay Phoenix,92.0,away,0.0,0.0,True,10.0
2018-12-30,Arkansas State Red Wolves,87.0,home,0.0,0.0,True,25.0
2018-12-30,Harding Bisons,62.0,away,0.0,0.0,False,-25.0
2018-12-30,Fresno State Bulldogs,60.0,home,0.0,0.0,False,-4.0
2018-12-30,Utah Valley Wolverines,64.0,away,0.0,0.0,True,4.0
2018-12-30,Boise State Broncos,50.0,home,0.0,0.0,False,-12.0
2018-12-30,Oregon Ducks,62.0,away,0.0,0.0,True,12.0
2018-12-30,UNC Wilmington Seahawks,66.0,home,0.0,0.0,False,-7.0
2018-12-30,Charleston Cougars,73.0,away,0.0,0.0,True,7.0
2018-12-30,Murray State Racers,110.0,home,0.0,0.0,True,28.0
2018-12-30,Bethel (TN) Wildcats,82.0,away,0.0,0.0,False,-28.0
2018-12-30,San Diego State Aztecs,61.0,home,0.0,0.0,False,-21.0
2018-12-30,Brown Bears,82.0,away,0.0,0.0,True,21.0
2018-12-30,California Golden Bears,73.0,home,0.0,0.0,False,-9.0
2018-12-30,Seattle U Redhawks,82.0,away,0.0,0.0,True,9.0
2018-12-30,Northern Iowa Panthers,63.0,home,0.0,0.0,False,-10.0
2018-12-30,Stony Brook Seawolves,73.0,away,0.0,0.0,True,10.0
2018-12-30,Saint Mary's Gaels,75.0,home,0.0,0.0,True,30.0
2018-12-30,San José State Spartans,45.0,away,0.0,0.0,False,-30.0
2018-12-30,Seton Hall Pirates,76.0,home,0.0,0.0,True,2.0
2018-12-30,St. John's Red Storm,74.0,away,0.0,0.0,False,-2.0
2018-12-30,Oregon State Beavers,80.0,home,0.0,0.0,True,21.0
2018-12-30,Central Connecticut Blue Devils,59.0,away,0.0,0.0,False,-21.0
2018-12-30,Cal State Fullerton Titans,79.0,home,0.0,0.0,True,15.0
2018-12-30,Portland Pilots,64.0,away,0.0,0.0,False,-15.0
2018-12-30,California Baptist Lancers,97.0,home,0.0,0.0,True,51.0
2018-12-30,La Verne Leopards,46.0,away,0.0,0.0,False,-51.0
2018-12-30,Cal State Northridge Matadors,94.0,home,0.0,0.0,True,8.0
2018-12-30,Morgan State Bears,86.0,away,0.0,0.0,False,-8.0
2018-12-30,Kansas State Wildcats,59.0,home,0.0,0.0,True,1.0
2018-12-30,George Mason Patriots,58.0,away,0.0,0.0,False,-1.0
2018-12-30,Idaho Vandals,55.0,home,0.0,0.0,False,-17.0
2018-12-30,Idaho State Bengals,72.0,away,0.0,0.0,True,17.0
2018-12-30,San Diego Toreros,61.0,home,0.0,0.0,True,3.0
2018-12-30,Grand Canyon Lopes,58.0,away,0.0,0.0,False,-3.0
2018-12-30,UC Santa Barbara Gauchos,73.0,home,0.0,0.0,True,2.0
2018-12-30,San Francisco Dons,71.0,away,0.0,0.0,False,-2.0
2018-12-30,Pacific Tigers,84.0,home,0.0,0.0,True,9.0
2018-12-30,UC Irvine Anteaters,75.0,away,0.0,0.0,False,-9.0
2018-12-30,Sacramento State Hornets,65.0,home,0.0,0.0,False,-5.0
2018-12-30,Northern Colorado Bears,70.0,away,0.0,0.0,True,5.0
2018-12-30,Stanford Cardinal,93.0,home,0.0,0.0,True,7.0
2018-12-30,Long Beach State Beach,86.0,away,0.0,0.0,False,-7.0
2018-12-30,Hawai'i Rainbow Warriors,71.0,home,0.0,0.0,True,8.0
2018-12-30,Alabama A&M Bulldogs,63.0,away,0.0,0.0,False,-8.0
2019-01-14,Michigan Wolverines,80.0,home,0.0,0.0,True,20.0
2019-01-14,Northwestern Wildcats,60.0,away,0.0,0.0,False,-20.0
2019-01-13,Creighton Bluejays,78.0,home,0.0,0.0,False,-12.0
2019-01-13,Villanova Wildcats,90.0,away,0.0,0.0,True,12.0
2019-01-13,Tulane Green Wave,79.0,home,0.0,0.0,False,-4.0
2019-01-13,Memphis Tigers,83.0,away,0.0,0.0,True,4.0
2019-01-13,Niagara Purple Eagles,84.0,home,0.0,0.0,False,-20.0
2019-01-13,Rider Broncs,104.0,away,0.0,0.0,True,20.0
2019-01-13,Quinnipiac Bobcats,80.0,home,0.0,0.0,True,2.0
2019-01-13,Fairfield Stags,78.0,away,0.0,0.0,False,-2.0
2019-01-13,South Dakota Coyotes,87.0,home,0.0,0.0,True,14.0
2019-01-13,Purdue Fort Wayne Mastodons,73.0,away,0.0,0.0,False,-14.0
2019-01-13,Dayton Flyers,72.0,home,0.0,0.0,True,5.0
2019-01-13,Massachusetts Minutemen,67.0,away,0.0,0.0,False,-5.0
2019-01-13,Penn State Nittany Lions,56.0,home,0.0,0.0,False,-15.0
2019-01-13,Michigan State Spartans,71.0,away,0.0,0.0,True,15.0
2019-01-13,Xavier Musketeers,70.0,home,0.0,0.0,True,1.0
2019-01-13,Butler Bulldogs,69.0,away,0.0,0.0,False,-1.0
2019-01-13,Saint Peter's Peacocks,72.0,home,0.0,0.0,True,9.0
2019-01-13,Marist Red Foxes,63.0,away,0.0,0.0,False,-9.0
2019-01-13,UCF Knights,76.0,home,0.0,0.0,True,11.0
2019-01-13,East Carolina Pirates,65.0,away,0.0,0.0,False,-11.0
2019-01-13,Canisius Golden Griffins,70.0,home,0.0,0.0,False,-18.0
2019-01-13,Iona Gaels,88.0,away,0.0,0.0,True,18.0
2019-01-14,Oregon State Beavers,79.0,home,0.0,0.0,True,13.0
2019-01-14,UCLA Bruins,66.0,away,0.0,0.0,False,-13.0
2019-01-13,Rhode Island Rams,67.0,home,0.0,0.0,False,-17.0
2019-01-13,George Mason Patriots,84.0,away,0.0,0.0,True,17.0
2019-01-13,Northern Iowa Panthers,57.0,home,0.0,0.0,True,3.0
2019-01-13,Drake Bulldogs,54.0,away,0.0,0.0,False,-3.0
2019-01-14,Oregon Ducks,81.0,home,0.0,0.0,True,21.0
2019-01-14,USC Trojans,60.0,away,0.0,0.0,False,-21.0
2019-01-13,South Carolina Gamecocks,85.0,home,0.0,0.0,True,10.0
2019-01-13,Missouri Tigers,75.0,away,0.0,0.0,False,-10.0
2019-01-10,Temple Owls,73.0,home,0.0,0.0,True,4.0
2019-01-10,Houston Cougars,69.0,away,0.0,0.0,False,-4.0
2019-01-09,Xavier Musketeers,81.0,home,0.0,0.0,True,6.0
2019-01-09,Georgetown Hoyas,75.0,away,0.0,0.0,False,-6.0
2019-01-10,Nevada Wolf Pack,92.0,home,0.0,0.0,True,39.0
2019-01-10,San José State Spartans,53.0,away,0.0,0.0,False,-39.0
2019-01-10,Boston University Terriers,82.0,home,0.0,0.0,False,-4.0
2019-01-10,Army Black Knights,86.0,away,0.0,0.0,True,4.0
2019-01-10,Bucknell Bison,84.0,home,0.0,0.0,True,3.0
2019-01-10,Colgate Raiders,81.0,away,0.0,0.0,False,-3.0
2019-01-10,Boston College Eagles,56.0,home,0.0,0.0,False,-27.0
2019-01-10,Virginia Cavaliers,83.0,away,0.0,0.0,True,27.0
2019-01-10,Lafayette Leopards,85.0,home,0.0,0.0,True,15.0
2019-01-10,Loyola Maryland Greyhounds,70.0,away,0.0,0.0,False,-15.0
2019-01-10,Kansas Jayhawks,77.0,home,0.0,0.0,True,9.0
2019-01-10,TCU Horned Frogs,68.0,away,0.0,0.0,False,-9.0
2019-01-10,Florida State Seminoles,68.0,home,0.0,0.0,True,6.0
2019-01-10,Miami Hurricanes,62.0,away,0.0,0.0,False,-6.0
2019-01-09,Georgia Bulldogs,82.0,home,0.0,0.0,True,19.0
2019-01-09,Vanderbilt Commodores,63.0,away,0.0,0.0,False,-19.0
2019-01-10,American University Eagles,71.0,home,0.0,0.0,True,8.0
2019-01-10,Navy Midshipmen,63.0,away,0.0,0.0,False,-8.0
2019-01-10,Stetson Hatters,53.0,home,0.0,0.0,False,-18.0
2019-01-10,Liberty Flames,71.0,away,0.0,0.0,True,18.0
2019-01-10,New Hampshire Wildcats,68.0,home,0.0,0.0,True,4.0
2019-01-10,UMass Lowell River Hawks,64.0,away,0.0,0.0,False,-4.0
2019-01-10,Georgia Tech Yellow Jackets,49.0,home,0.0,0.0,False,-3.0
2019-01-10,Virginia Tech Hokies,52.0,away,0.0,0.0,True,3.0
2019-01-10,Rutgers Scarlet Knights,64.0,home,0.0,0.0,True,3.0
2019-01-10,Ohio State Buckeyes,61.0,away,0.0,0.0,False,-3.0
2019-01-10,Creighton Bluejays,104.0,home,0.0,0.0,False,-2.0
2019-01-10,Marquette Golden Eagles,106.0,away,0.0,0.0,True,2.0
2019-01-10,Hartford Hawks,66.0,home,0.0,0.0,True,2.0
2019-01-10,UMBC Retrievers,64.0,away,0.0,0.0,False,-2.0
2019-01-10,Maine Black Bears,49.0,home,0.0,0.0,False,-24.0
2019-01-10,Vermont Catamounts,73.0,away,0.0,0.0,True,24.0
2019-01-10,Kennesaw State Owls,70.0,home,0.0,0.0,False,-20.0
2019-01-10,Jacksonville Dolphins,90.0,away,0.0,0.0,True,20.0
2019-01-10,Stony Brook Seawolves,59.0,home,0.0,0.0,True,13.0
2019-01-10,Binghamton Bearcats,46.0,away,0.0,0.0,False,-13.0
2019-01-10,St. Bonaventure Bonnies,73.0,home,0.0,0.0,True,26.0
2019-01-10,Saint Joseph's Hawks,47.0,away,0.0,0.0,False,-26.0
2019-01-10,Richmond Spiders,67.0,home,0.0,0.0,False,-11.0
2019-01-10,Rhode Island Rams,78.0,away,0.0,0.0,True,11.0
2019-01-10,McNeese Cowboys,72.0,home,0.0,0.0,False,-1.0
2019-01-10,Abilene Christian Wildcats,73.0,away,0.0,0.0,True,1.0
2019-01-10,Lipscomb Bisons,81.0,home,0.0,0.0,True,15.0
2019-01-10,North Florida Ospreys,66.0,away,0.0,0.0,False,-15.0
2019-01-10,Towson Tigers,74.0,home,0.0,0.0,False,-12.0
2019-01-10,Cornell Big Red,86.0,away,0.0,0.0,True,12.0
2019-01-10,Pittsburgh Panthers,89.0,home,0.0,0.0,True,3.0
2019-01-10,Louisville Cardinals,86.0,away,0.0,0.0,False,-3.0
2019-01-10,Northwestern State Demons,61.0,home,0.0,0.0,False,-1.0
2019-01-10,Texas A&M-Corpus Christi Islanders,62.0,away,0.0,0.0,True,1.0
2019-01-10,Holy Cross Crusaders,94.0,home,0.0,0.0,False,-5.0
2019-01-10,Lehigh Mountain Hawks,99.0,away,0.0,0.0,True,5.0
2019-01-10,George Washington Revolutionaries,66.0,home,0.0,0.0,False,-6.0
2019-01-10,Dayton Flyers,72.0,away,0.0,0.0,True,6.0
2019-01-10,Central Arkansas Bears,69.0,home,0.0,0.0,False,-9.0
2019-01-10,Sam Houston Bearkats,78.0,away,0.0,0.0,True,9.0
2019-01-10,South Florida Bulls,66.0,home,0.0,0.0,True,18.0
2019-01-10,Tulane Green Wave,48.0,away,0.0,0.0,False,-18.0
2019-01-10,George Mason Patriots,56.0,home,0.0,0.0,False,-5.0
2019-01-10,Davidson Wildcats,61.0,away,0.0,0.0,True,5.0
2019-01-10,VCU Rams,69.0,home,0.0,0.0,True,6.0
2019-01-10,La Salle Explorers,63.0,away,0.0,0.0,False,-6.0
2019-01-10,Kansas State Wildcats,71.0,home,0.0,0.0,True,2.0
2019-01-10,West Virginia Mountaineers,69.0,away,0.0,0.0,False,-2.0
2019-01-10,Syracuse Orange,61.0,home,0.0,0.0,True,8.0
2019-01-10,Clemson Tigers,53.0,away,0.0,0.0,False,-8.0
2019-01-10,Seton Hall Pirates,76.0,home,0.0,0.0,True,1.0
2019-01-10,Butler Bulldogs,75.0,away,0.0,0.0,False,-1.0
2019-01-10,Ole Miss Rebels,82.0,home,0.0,0.0,True,15.0
2019-01-10,Auburn Tigers,67.0,away,0.0,0.0,False,-15.0
2019-01-10,Nicholls Colonels,78.0,home,0.0,0.0,True,5.0
2019-01-10,Stephen F. Austin Lumberjacks,73.0,away,0.0,0.0,False,-5.0
2019-01-10,Lamar Cardinals,71.0,home,0.0,0.0,False,-7.0
2019-01-10,New Orleans Privateers,78.0,away,0.0,0.0,True,7.0
2019-01-10,Duquesne Dukes,66.0,home,0.0,0.0,True,5.0
2019-01-10,Fordham Rams,61.0,away,0.0,0.0,False,-5.0
2019-01-10,California Golden Bears,66.0,home,0.0,0.0,False,-14.0
2019-01-10,Arizona State Sun Devils,80.0,away,0.0,0.0,True,14.0
2019-01-10,Saint Louis Billikens,65.0,home,0.0,0.0,True,3.0
2019-01-10,Massachusetts Minutemen,62.0,away,0.0,0.0,False,-3.0
2019-01-10,UC Riverside Highlanders,83.0,home,0.0,0.0,False,-1.0
2019-01-10,Cal State Northridge Matadors,84.0,away,0.0,0.0,True,1.0
2019-01-10,UC Santa Barbara Gauchos,65.0,home,0.0,0.0,True,9.0
2019-01-10,Cal Poly Mustangs,56.0,away,0.0,0.0,False,-9.0
2019-01-10,Arkansas Razorbacks,51.0,home,0.0,0.0,False,-6.0
2019-01-10,Florida Gators,57.0,away,0.0,0.0,True,6.0
2019-01-10,Stanford Cardinal,70.0,home,0.0,0.0,False,-5.0
2019-01-10,Arizona Wildcats,75.0,away,0.0,0.0,True,5.0
2019-01-10,Northwestern Wildcats,63.0,home,0.0,0.0,False,-10.0
2019-01-10,Iowa Hawkeyes,73.0,away,0.0,0.0,True,10.0
2019-01-10,Utah State Aggies,77.0,home,0.0,0.0,False,-1.0
2019-01-10,Fresno State Bulldogs,78.0,away,0.0,0.0,True,1.0
2019-01-10,Hawai'i Rainbow Warriors,79.0,home,0.0,0.0,True,11.0
2019-01-10,Cal State Fullerton Titans,68.0,away,0.0,0.0,False,-11.0
2019-01-15,Duke Blue Devils,91.0,home,0.0,0.0,False,-4.0
2019-01-15,Syracuse Orange,95.0,away,0.0,0.0,True,4.0
2019-01-15,Delaware State Hornets,70.0,home,0.0,0.0,False,-1.0
2019-01-15,North Carolina Central Eagles,71.0,away,0.0,0.0,True,1.0
2019-01-15,Mississippi Valley State Delta Devils,79.0,home,0.0,0.0,False,-2.0
2019-01-15,Alabama State Hornets,81.0,away,0.0,0.0,True,2.0
2019-01-15,Jackson State Tigers,64.0,home,0.0,0.0,True,6.0
2019-01-15,Southern Jaguars,58.0,away,0.0,0.0,False,-6.0
2019-01-14,Indiana Hoosiers,51.0,home,0.0,0.0,False,-15.0
2019-01-14,Nebraska Cornhuskers,66.0,away,0.0,0.0,True,15.0
2019-01-15,Coppin State Eagles,68.0,home,0.0,0.0,False,-2.0
2019-01-15,South Carolina State Bulldogs,70.0,away,0.0,0.0,True,2.0
2019-01-15,Grambling Tigers,77.0,home,0.0,0.0,True,35.0
2019-01-15,Alcorn State Braves,42.0,away,0.0,0.0,False,-35.0
2019-01-15,Montana State Bobcats,70.0,home,0.0,0.0,False,-3.0
2019-01-15,Northern Colorado Bears,73.0,away,0.0,0.0,True,3.0
2019-01-15,Pittsburgh Panthers,75.0,home,0.0,0.0,True,13.0
2019-01-15,Florida State Seminoles,62.0,away,0.0,0.0,False,-13.0
2019-01-15,Bucknell Bison,93.0,home,0.0,0.0,True,15.0
2019-01-15,Holy Cross Crusaders,78.0,away,0.0,0.0,False,-15.0
2019-01-15,Siena Saints,60.0,home,0.0,0.0,False,-3.0
2019-01-15,Monmouth Hawks,63.0,away,0.0,0.0,True,3.0
2019-01-15,Kansas Jayhawks,80.0,home,0.0,0.0,True,2.0
2019-01-15,Texas Longhorns,78.0,away,0.0,0.0,False,-2.0
2019-01-15,Brown Bears,100.0,home,0.0,0.0,True,39.0
2019-01-15,Johnson & Wales (RI) Griffins,61.0,away,0.0,0.0,False,-39.0
2019-01-15,Oklahoma State Cowboys,69.0,home,0.0,0.0,False,-4.0
2019-01-15,Baylor Bears,73.0,away,0.0,0.0,True,4.0
2019-01-15,Maryland Terrapins,64.0,home,0.0,0.0,True,4.0
2019-01-15,Wisconsin Badgers,60.0,away,0.0,0.0,False,-4.0
2019-01-15,Maryland Eastern Shore Hawks,58.0,home,0.0,0.0,False,-9.0
2019-01-15,North Carolina A&T Aggies,67.0,away,0.0,0.0,True,9.0
2019-01-15,Arkansas-Pine Bluff Golden Lions,50.0,home,0.0,0.0,True,1.0
2019-01-15,Alabama A&M Bulldogs,49.0,away,0.0,0.0,False,-1.0
2019-01-15,Norfolk State Spartans,75.0,home,0.0,0.0,True,7.0
2019-01-15,Bethune-Cookman Wildcats,68.0,away,0.0,0.0,False,-7.0
2019-01-11,Florida International Panthers,69.0,home,0.0,0.0,True,3.0
2019-01-11,Charlotte 49ers,66.0,away,0.0,0.0,False,-3.0
2019-01-11,Oakland Golden Grizzlies,64.0,home,0.0,0.0,False,-3.0
2019-01-11,Milwaukee Panthers,67.0,away,0.0,0.0,True,3.0
2019-01-11,Mount St. Mary's Mountaineers,59.0,home,0.0,0.0,False,-7.0
2019-01-11,Bryant Bulldogs,66.0,away,0.0,0.0,True,7.0
2019-01-11,VMI Keydets,57.0,home,0.0,0.0,False,-32.0
2019-01-11,Furman Paladins,89.0,away,0.0,0.0,True,32.0
2019-01-11,The Citadel Bulldogs,73.0,home,0.0,0.0,False,-25.0
2019-01-11,East Tennessee State Buccaneers,98.0,away,0.0,0.0,True,25.0
2019-01-11,South Carolina Upstate Spartans,72.0,home,0.0,0.0,False,-7.0
2019-01-11,Radford Highlanders,79.0,away,0.0,0.0,True,7.0
2019-01-11,Detroit Mercy Titans,101.0,home,0.0,0.0,True,18.0
2019-01-11,Green Bay Phoenix,83.0,away,0.0,0.0,False,-18.0
2019-01-11,Campbell Fighting Camels,86.0,home,0.0,0.0,False,-4.0
2019-01-11,Winthrop Eagles,90.0,away,0.0,0.0,True,4.0
2019-01-11,High Point Panthers,74.0,home,0.0,0.0,True,16.0
2019-01-11,Presbyterian Blue Hose,58.0,away,0.0,0.0,False,-16.0
2019-01-11,Gonzaga Bulldogs,67.0,home,0.0,0.0,True,31.0
2019-01-11,Pacific Tigers,36.0,away,0.0,0.0,False,-31.0
2019-01-11,Mercer Bears,84.0,home,0.0,0.0,True,4.0
2019-01-11,Western Carolina Catamounts,80.0,away,0.0,0.0,False,-4.0
2019-01-11,Illinois Fighting Illini,69.0,home,0.0,0.0,False,-10.0
2019-01-11,Michigan Wolverines,79.0,away,0.0,0.0,True,10.0
2019-01-11,App State Mountaineers,72.0,home,0.0,0.0,False,-10.0
2019-01-11,UT Arlington Mavericks,82.0,away,0.0,0.0,True,10.0
2019-01-11,Hampton Pirates,94.0,home,0.0,0.0,True,12.0
2019-01-11,Charleston Southern Buccaneers,82.0,away,0.0,0.0,False,-12.0
2019-01-11,UNC Greensboro Spartans,43.0,home,0.0,0.0,False,-29.0
2019-01-11,Wofford Terriers,72.0,away,0.0,0.0,True,29.0
2019-01-11,Georgia State Panthers,89.0,home,0.0,0.0,True,13.0
2019-01-11,Louisiana Ragin' Cajuns,76.0,away,0.0,0.0,False,-13.0
2019-01-11,Purdue Fort Wayne Mastodons,94.0,home,0.0,0.0,True,25.0
2019-01-11,Oral Roberts Golden Eagles,69.0,away,0.0,0.0,False,-25.0
2019-01-11,IU Indianapolis Jaguars,90.0,home,0.0,0.0,True,16.0
2019-01-11,Cleveland State Vikings,74.0,away,0.0,0.0,False,-16.0
2019-01-11,Georgia Southern Eagles,79.0,home,0.0,0.0,True,1.0
2019-01-11,UL Monroe Warhawks,78.0,away,0.0,0.0,False,-1.0
2019-01-11,Longwood Lancers,67.0,home,0.0,0.0,True,5.0
2019-01-11,UNC Asheville Bulldogs,62.0,away,0.0,0.0,False,-5.0
2019-01-11,Coastal Carolina Chanticleers,61.0,home,0.0,0.0,False,-4.0
2019-01-11,Texas State Bobcats,65.0,away,0.0,0.0,True,4.0
2019-01-11,UNC Wilmington Seahawks,69.0,home,0.0,0.0,False,-13.0
2019-01-11,Delaware Blue Hens,82.0,away,0.0,0.0,True,13.0
2019-01-11,Charleston Cougars,78.0,home,0.0,0.0,False,-1.0
2019-01-11,Drexel Dragons,79.0,away,0.0,0.0,True,1.0
2019-01-11,Quinnipiac Bobcats,89.0,home,0.0,0.0,True,6.0
2019-01-11,Monmouth Hawks,83.0,away,0.0,0.0,False,-6.0
2019-01-11,William & Mary Tribe,90.0,home,0.0,0.0,False,-3.0
2019-01-11,Hofstra Pride,93.0,away,0.0,0.0,True,3.0
2019-01-11,Kansas City Roos,84.0,home,0.0,0.0,True,16.0
2019-01-11,California Baptist Lancers,68.0,away,0.0,0.0,False,-16.0
2019-01-11,Wagner Seahawks,76.0,home,0.0,0.0,True,3.0
2019-01-11,Sacred Heart Pioneers,73.0,away,0.0,0.0,False,-3.0
2019-01-11,UConn Huskies,76.0,home,0.0,0.0,True,12.0
2019-01-11,SMU Mustangs,64.0,away,0.0,0.0,False,-12.0
2019-01-11,Long Island University Sharks,67.0,home,0.0,0.0,False,-7.0
2019-01-11,Saint Francis Red Flash,74.0,away,0.0,0.0,True,7.0
2019-01-11,Fairfield Stags,60.0,home,0.0,0.0,True,3.0
2019-01-11,Saint Peter's Peacocks,57.0,away,0.0,0.0,False,-3.0
2019-01-11,Little Rock Trojans,73.0,home,0.0,0.0,True,14.0
2019-01-11,Troy Trojans,59.0,away,0.0,0.0,False,-14.0
2019-01-11,Louisiana Tech Bulldogs,64.0,home,0.0,0.0,True,11.0
2019-01-11,UAB Blazers,53.0,away,0.0,0.0,False,-11.0
2019-01-11,Florida Atlantic Owls,80.0,home,0.0,0.0,True,7.0
2019-01-11,Old Dominion Monarchs,73.0,away,0.0,0.0,False,-7.0
2019-01-11,Fairleigh Dickinson Knights,96.0,home,0.0,0.0,False,-7.0
2019-01-11,Central Connecticut Blue Devils,103.0,away,0.0,0.0,True,7.0
2019-01-11,Elon Phoenix,70.0,home,0.0,0.0,False,-11.0
2019-01-11,Northeastern Huskies,81.0,away,0.0,0.0,True,11.0
2019-01-11,Tulsa Golden Hurricane,65.0,home,0.0,0.0,False,-5.0
2019-01-11,Cincinnati Bearcats,70.0,away,0.0,0.0,True,5.0
2019-01-11,Belmont Bruins,77.0,home,0.0,0.0,True,17.0
2019-01-11,Morehead State Eagles,60.0,away,0.0,0.0,False,-17.0
2019-01-11,North Dakota State Bison,85.0,home,0.0,0.0,True,16.0
2019-01-11,Western Illinois Leathernecks,69.0,away,0.0,0.0,False,-16.0
2019-01-11,UTSA Roadrunners,95.0,home,0.0,0.0,True,16.0
2019-01-11,Rice Owls,79.0,away,0.0,0.0,False,-16.0
2019-01-11,UIC Flames,78.0,home,0.0,0.0,True,15.0
2019-01-11,Youngstown State Penguins,63.0,away,0.0,0.0,False,-15.0
2019-01-11,UTEP Miners,51.0,home,0.0,0.0,False,-7.0
2019-01-11,North Texas Mean Green,58.0,away,0.0,0.0,True,7.0
2019-01-11,UT Martin Skyhawks,77.0,home,0.0,0.0,False,-21.0
2019-01-11,Murray State Racers,98.0,away,0.0,0.0,True,21.0
2019-01-11,Southern Miss Golden Eagles,77.0,home,0.0,0.0,True,7.0
2019-01-11,Middle Tennessee Blue Raiders,70.0,away,0.0,0.0,False,-7.0
2019-01-11,BYU Cougars,79.0,home,0.0,0.0,True,23.0
2019-01-11,Portland Pilots,56.0,away,0.0,0.0,False,-23.0
2019-01-11,Colorado Buffaloes,92.0,home,0.0,0.0,True,32.0
2019-01-11,Washington State Cougars,60.0,away,0.0,0.0,False,-32.0
2019-01-11,Tennessee Tech Golden Eagles,78.0,home,0.0,0.0,True,9.0
2019-01-11,SIU Edwardsville Cougars,69.0,away,0.0,0.0,False,-9.0
2019-01-11,St. Francis Brooklyn Terriers,49.0,home,0.0,0.0,False,-3.0
2019-01-11,Robert Morris Colonials,52.0,away,0.0,0.0,True,3.0
2019-01-11,Southeast Missouri State Redhawks,60.0,home,0.0,0.0,False,-18.0
2019-01-11,Austin Peay Governors,78.0,away,0.0,0.0,True,18.0
2019-01-11,Tennessee State Tigers,82.0,home,0.0,0.0,True,1.0
2019-01-11,Eastern Kentucky Colonels,81.0,away,0.0,0.0,False,-1.0
2019-01-11,Arkansas State Red Wolves,66.0,home,0.0,0.0,True,1.0
2019-01-11,South Alabama Jaguars,65.0,away,0.0,0.0,False,-1.0
2019-01-11,North Dakota Fighting Hawks,91.0,home,0.0,0.0,False,-1.0
2019-01-11,Omaha Mavericks,92.0,away,0.0,0.0,True,1.0
2019-01-11,Jacksonville State Gamecocks,69.0,home,0.0,0.0,True,7.0
2019-01-11,Eastern Illinois Panthers,62.0,away,0.0,0.0,False,-7.0
2019-01-11,UT Rio Grande Valley Vaqueros,69.0,home,0.0,0.0,False,-6.0
2019-01-11,Cal State Bakersfield Roadrunners,75.0,away,0.0,0.0,True,6.0
2019-01-11,Nebraska Cornhuskers,70.0,home,0.0,0.0,True,6.0
2019-01-11,Penn State Nittany Lions,64.0,away,0.0,0.0,False,-6.0
2019-01-11,Eastern Washington Eagles,78.0,home,0.0,0.0,True,7.0
2019-01-11,Montana Grizzlies,71.0,away,0.0,0.0,False,-7.0
2019-01-11,Memphis Tigers,78.0,home,0.0,0.0,True,6.0
2019-01-11,East Carolina Pirates,72.0,away,0.0,0.0,False,-6.0
2019-01-11,UC Irvine Anteaters,71.0,home,0.0,0.0,True,2.0
2019-01-11,UC Davis Aggies,69.0,away,0.0,0.0,False,-2.0
2019-01-11,South Dakota State Jackrabbits,78.0,home,0.0,0.0,True,12.0
2019-01-11,Denver Pioneers,66.0,away,0.0,0.0,False,-12.0
2019-01-11,Oregon Ducks,84.0,home,0.0,0.0,False,-3.0
2019-01-11,UCLA Bruins,87.0,away,0.0,0.0,True,3.0
2019-01-11,New Mexico State Aggies,77.0,home,0.0,0.0,True,2.0
2019-01-11,Grand Canyon Lopes,75.0,away,0.0,0.0,False,-2.0
2019-01-11,Utah Utes,53.0,home,0.0,0.0,False,-16.0
2019-01-11,Washington Huskies,69.0,away,0.0,0.0,True,16.0
2019-01-11,Oregon State Beavers,79.0,home,0.0,0.0,True,5.0
2019-01-11,USC Trojans,74.0,away,0.0,0.0,False,-5.0
2019-01-11,Idaho Vandals,67.0,home,0.0,0.0,False,-10.0
2019-01-11,Montana State Bobcats,77.0,away,0.0,0.0,True,10.0
2019-01-11,Santa Clara Broncos,67.0,home,0.0,0.0,True,3.0
2019-01-11,Pepperdine Waves,64.0,away,0.0,0.0,False,-3.0
2019-01-16,Ohio Bobcats,52.0,home,0.0,0.0,False,-14.0
2019-01-16,Kent State Golden Flashes,66.0,away,0.0,0.0,True,14.0
2019-01-15,Providence Friars,72.0,home,0.0,0.0,True,9.0
2019-01-15,Seton Hall Pirates,63.0,away,0.0,0.0,False,-9.0
2019-01-16,Georgetown Hoyas,71.0,home,0.0,0.0,False,-3.0
2019-01-16,Marquette Golden Eagles,74.0,away,0.0,0.0,True,3.0
2019-01-16,Ole Miss Rebels,69.0,home,0.0,0.0,False,-14.0
2019-01-16,LSU Tigers,83.0,away,0.0,0.0,True,14.0
2019-01-16,Purdue Boilermakers,89.0,home,0.0,0.0,True,35.0
2019-01-16,Rutgers Scarlet Knights,54.0,away,0.0,0.0,False,-35.0
2019-01-16,Toledo Rockets,71.0,home,0.0,0.0,True,12.0
2019-01-16,Miami (OH) RedHawks,59.0,away,0.0,0.0,False,-12.0
2019-01-16,Tennessee Volunteers,106.0,home,0.0,0.0,True,19.0
2019-01-16,Arkansas Razorbacks,87.0,away,0.0,0.0,False,-19.0
2019-01-16,Western Michigan Broncos,79.0,home,0.0,0.0,False,-9.0
2019-01-16,Buffalo Bulls,88.0,away,0.0,0.0,True,9.0
2019-01-16,TCU Horned Frogs,98.0,home,0.0,0.0,True,31.0
2019-01-16,West Virginia Mountaineers,67.0,away,0.0,0.0,False,-31.0
2019-01-16,Bowling Green Falcons,79.0,home,0.0,0.0,True,1.0
2019-01-16,Ball State Cardinals,78.0,away,0.0,0.0,False,-1.0
2019-01-16,Cincinnati Bearcats,82.0,home,0.0,0.0,True,8.0
2019-01-16,South Florida Bulls,74.0,away,0.0,0.0,False,-8.0
2019-01-16,Boise State Broncos,71.0,home,0.0,0.0,False,-1.0
2019-01-16,Nevada Wolf Pack,72.0,away,0.0,0.0,True,1.0
2019-01-16,Akron Zips,51.0,home,0.0,0.0,True,2.0
2019-01-16,Eastern Michigan Eagles,49.0,away,0.0,0.0,False,-2.0
2019-01-16,Illinois State Redbirds,59.0,home,0.0,0.0,True,1.0
2019-01-16,Southern Illinois Salukis,58.0,away,0.0,0.0,False,-1.0
2019-01-16,Virginia Cavaliers,81.0,home,0.0,0.0,True,22.0
2019-01-16,Virginia Tech Hokies,59.0,away,0.0,0.0,False,-22.0
2019-01-16,North Carolina Tar Heels,75.0,home,0.0,0.0,True,6.0
2019-01-16,Notre Dame Fighting Irish,69.0,away,0.0,0.0,False,-6.0
2019-01-16,Mississippi State Bulldogs,71.0,home,0.0,0.0,True,3.0
2019-01-16,Florida Gators,68.0,away,0.0,0.0,False,-3.0
2019-01-16,Fordham Rams,60.0,home,0.0,0.0,False,-3.0
2019-01-16,Saint Louis Billikens,63.0,away,0.0,0.0,True,3.0
2019-01-16,Wake Forest Demon Deacons,71.0,home,0.0,0.0,True,4.0
2019-01-16,NC State Wolfpack,67.0,away,0.0,0.0,False,-4.0
2019-01-16,Georgia Bulldogs,49.0,home,0.0,0.0,False,-20.0
2019-01-16,Kentucky Wildcats,69.0,away,0.0,0.0,True,20.0
2019-01-16,San Diego State Aztecs,97.0,home,0.0,0.0,True,20.0
2019-01-16,New Mexico Lobos,77.0,away,0.0,0.0,False,-20.0
2019-01-16,Loyola Chicago Ramblers,71.0,home,0.0,0.0,True,17.0
2019-01-16,Valparaiso Beacons,54.0,away,0.0,0.0,False,-17.0
2019-01-16,Saint Joseph's Hawks,61.0,home,0.0,0.0,True,1.0
2019-01-16,Davidson Wildcats,60.0,away,0.0,0.0,False,-1.0
2019-01-16,Howard Bison,86.0,home,0.0,0.0,False,-3.0
2019-01-16,Morgan State Bears,89.0,away,0.0,0.0,True,3.0
2019-01-16,Northern Illinois Huskies,69.0,home,0.0,0.0,False,-9.0
2019-01-16,Central Michigan Chippewas,78.0,away,0.0,0.0,True,9.0
2019-01-19,Toledo Rockets,75.0,home,0.0,0.0,True,23.0
2019-01-19,Ohio Bobcats,52.0,away,0.0,0.0,False,-23.0
2019-01-19,Villanova Wildcats,85.0,home,0.0,0.0,True,10.0
2019-01-19,Xavier Musketeers,75.0,away,0.0,0.0,False,-10.0
2019-01-19,Rutgers Scarlet Knights,57.0,home,0.0,0.0,False,-8.0
2019-01-19,Northwestern Wildcats,65.0,away,0.0,0.0,True,8.0
2019-01-18,Ohio State Buckeyes,61.0,home,0.0,0.0,False,-14.0
2019-01-18,Maryland Terrapins,75.0,away,0.0,0.0,True,14.0
2019-01-19,Buffalo Bulls,77.0,home,0.0,0.0,True,12.0
2019-01-19,Eastern Michigan Eagles,65.0,away,0.0,0.0,False,-12.0
2019-01-19,Iona Gaels,90.0,home,0.0,0.0,True,13.0
2019-01-19,Marist Red Foxes,77.0,away,0.0,0.0,False,-13.0
2019-01-19,Saint Louis Billikens,68.0,home,0.0,0.0,True,11.0
2019-01-19,Saint Joseph's Hawks,57.0,away,0.0,0.0,False,-11.0
2019-01-05,Butler Bulldogs,84.0,home,0.0,0.0,True,15.0
2019-01-05,Creighton Bluejays,69.0,away,0.0,0.0,False,-15.0
2019-01-05,Texas Tech Red Raiders,63.0,home,0.0,0.0,True,6.0
2019-01-05,Kansas State Wildcats,57.0,away,0.0,0.0,False,-6.0
2019-01-05,VMI Keydets,68.0,home,0.0,0.0,False,-3.0
2019-01-05,UNC Greensboro Spartans,71.0,away,0.0,0.0,True,3.0
2019-01-05,Tennessee Volunteers,96.0,home,0.0,0.0,True,46.0
2019-01-05,Georgia Bulldogs,50.0,away,0.0,0.0,False,-46.0
2019-01-05,Boston University Terriers,87.0,home,0.0,0.0,True,7.0
2019-01-05,Bucknell Bison,80.0,away,0.0,0.0,False,-7.0
2019-01-05,Green Bay Phoenix,90.0,home,0.0,0.0,True,1.0
2019-01-05,Cleveland State Vikings,89.0,away,0.0,0.0,False,-1.0
2019-01-05,Notre Dame Fighting Irish,62.0,home,0.0,0.0,False,-10.0
2019-01-05,Syracuse Orange,72.0,away,0.0,0.0,True,10.0
2019-01-05,Alabama Crimson Tide,77.0,home,0.0,0.0,True,2.0
2019-01-05,Kentucky Wildcats,75.0,away,0.0,0.0,False,-2.0
2019-01-05,Pittsburgh Panthers,60.0,home,0.0,0.0,False,-25.0
2019-01-05,North Carolina Tar Heels,85.0,away,0.0,0.0,True,25.0
2019-01-06,Gonzaga Bulldogs,91.0,home,0.0,0.0,True,43.0
2019-01-06,Santa Clara Broncos,48.0,away,0.0,0.0,False,-43.0
2019-01-05,Army Black Knights,77.0,home,0.0,0.0,True,8.0
2019-01-05,Lafayette Leopards,69.0,away,0.0,0.0,False,-8.0
2019-01-05,Virginia Tech Hokies,77.0,home,0.0,0.0,True,11.0
2019-01-05,Boston College Eagles,66.0,away,0.0,0.0,False,-11.0
2019-01-05,UConn Huskies,53.0,home,0.0,0.0,False,-12.0
2019-01-05,UCF Knights,65.0,away,0.0,0.0,True,12.0
2019-01-05,Ohio State Buckeyes,77.0,home,0.0,0.0,False,-9.0
2019-01-05,Michigan State Spartans,86.0,away,0.0,0.0,True,9.0
2019-01-05,Detroit Mercy Titans,73.0,home,0.0,0.0,False,-22.0
2019-01-05,Northern Kentucky Norse,95.0,away,0.0,0.0,True,22.0
2019-01-05,Virginia Cavaliers,65.0,home,0.0,0.0,True,13.0
2019-01-05,Florida State Seminoles,52.0,away,0.0,0.0,False,-13.0
2019-01-05,UMass Lowell River Hawks,63.0,home,0.0,0.0,False,-12.0
2019-01-05,Stony Brook Seawolves,75.0,away,0.0,0.0,True,12.0
2019-01-05,Iowa State Cyclones,77.0,home,0.0,0.0,True,17.0
2019-01-05,Kansas Jayhawks,60.0,away,0.0,0.0,False,-17.0
2019-01-06,New Mexico Lobos,85.0,home,0.0,0.0,True,27.0
2019-01-06,Nevada Wolf Pack,58.0,away,0.0,0.0,False,-27.0
2019-01-05,Oklahoma Sooners,74.0,home,0.0,0.0,True,10.0
2019-01-05,Oklahoma State Cowboys,64.0,away,0.0,0.0,False,-10.0
2019-01-05,East Carolina Pirates,73.0,home,0.0,0.0,True,2.0
2019-01-05,Cincinnati Bearcats,71.0,away,0.0,0.0,False,-2.0
2019-01-05,Georgetown Hoyas,94.0,home,0.0,0.0,False,-3.0
2019-01-05,St. John's Red Storm,97.0,away,0.0,0.0,True,3.0
2019-01-05,Massachusetts Minutemen,60.0,home,0.0,0.0,False,-9.0
2019-01-05,La Salle Explorers,69.0,away,0.0,0.0,True,9.0
2019-01-05,Ohio Bobcats,66.0,home,0.0,0.0,False,-6.0
2019-01-05,Northern Illinois Huskies,72.0,away,0.0,0.0,True,6.0
2019-01-05,UNC Asheville Bulldogs,65.0,home,0.0,0.0,False,-15.0
2019-01-05,Winthrop Eagles,80.0,away,0.0,0.0,True,15.0
2019-01-05,Monmouth Hawks,61.0,home,0.0,0.0,True,17.0
2019-01-05,Saint Peter's Peacocks,44.0,away,0.0,0.0,False,-17.0
2019-01-05,Fordham Rams,51.0,home,0.0,0.0,False,-25.0
2019-01-05,VCU Rams,76.0,away,0.0,0.0,True,25.0
2019-01-05,Binghamton Bearcats,69.0,home,0.0,0.0,True,11.0
2019-01-05,New Hampshire Wildcats,58.0,away,0.0,0.0,False,-11.0
2019-01-05,Iona Gaels,94.0,home,0.0,0.0,True,7.0
2019-01-05,Fairfield Stags,87.0,away,0.0,0.0,False,-7.0
2019-01-05,UMBC Retrievers,61.0,home,0.0,0.0,True,9.0
2019-01-05,Maine Black Bears,52.0,away,0.0,0.0,False,-9.0
2019-01-05,Towson Tigers,61.0,home,0.0,0.0,False,-6.0
2019-01-05,UNC Wilmington Seahawks,67.0,away,0.0,0.0,True,6.0
2019-01-05,Indiana State Sycamores,65.0,home,0.0,0.0,True,5.0
2019-01-05,Bradley Braves,60.0,away,0.0,0.0,False,-5.0
2019-01-05,Missouri State Bears,66.0,home,0.0,0.0,False,-16.0
2019-01-05,Valparaiso Beacons,82.0,away,0.0,0.0,True,16.0
2019-01-05,Western Carolina Catamounts,76.0,home,0.0,0.0,True,7.0
2019-01-05,Samford Bulldogs,69.0,away,0.0,0.0,False,-7.0
2019-01-05,Miami (OH) RedHawks,77.0,home,0.0,0.0,False,-7.0
2019-01-05,Central Michigan Chippewas,84.0,away,0.0,0.0,True,7.0
2019-01-05,Arizona Wildcats,84.0,home,0.0,0.0,True,3.0
2019-01-05,Utah Utes,81.0,away,0.0,0.0,False,-3.0
2019-01-05,Akron Zips,56.0,home,0.0,0.0,True,8.0
2019-01-05,Western Michigan Broncos,48.0,away,0.0,0.0,False,-8.0
2019-01-05,Providence Friars,59.0,home,0.0,0.0,False,-6.0
2019-01-05,Villanova Wildcats,65.0,away,0.0,0.0,True,6.0
2019-01-05,Georgia Tech Yellow Jackets,92.0,home,0.0,0.0,True,13.0
2019-01-05,Wake Forest Demon Deacons,79.0,away,0.0,0.0,False,-13.0
2019-01-05,Rutgers Scarlet Knights,63.0,home,0.0,0.0,False,-14.0
2019-01-05,Maryland Terrapins,77.0,away,0.0,0.0,True,14.0
2019-01-05,Drake Bulldogs,74.0,home,0.0,0.0,False,-11.0
2019-01-05,Loyola Chicago Ramblers,85.0,away,0.0,0.0,True,11.0
2019-01-05,Denver Pioneers,59.0,home,0.0,0.0,False,-21.0
2019-01-05,North Dakota Fighting Hawks,80.0,away,0.0,0.0,True,21.0
2019-01-05,UL Monroe Warhawks,85.0,home,0.0,0.0,True,10.0
2019-01-05,Arkansas State Red Wolves,75.0,away,0.0,0.0,False,-10.0
2019-01-05,UT Arlington Mavericks,64.0,home,0.0,0.0,False,-13.0
2019-01-05,Georgia Southern Eagles,77.0,away,0.0,0.0,True,13.0
2019-01-05,Troy Trojans,89.0,home,0.0,0.0,True,4.0
2019-01-05,App State Mountaineers,85.0,away,0.0,0.0,False,-4.0
2019-01-05,Oakland Golden Grizzlies,73.0,home,0.0,0.0,False,-16.0
2019-01-05,Wright State Raiders,89.0,away,0.0,0.0,True,16.0
2019-01-05,Morgan State Bears,66.0,home,0.0,0.0,True,13.0
2019-01-05,Maryland Eastern Shore Hawks,53.0,away,0.0,0.0,False,-13.0
2019-01-05,New Orleans Privateers,81.0,home,0.0,0.0,True,5.0
2019-01-05,Houston Christian Huskies,76.0,away,0.0,0.0,False,-5.0
2019-01-05,North Carolina Central Eagles,68.0,home,0.0,0.0,True,9.0
2019-01-05,Bethune-Cookman Wildcats,59.0,away,0.0,0.0,False,-9.0
2019-01-05,Northwestern State Demons,66.0,home,0.0,0.0,True,5.0
2019-01-05,McNeese Cowboys,61.0,away,0.0,0.0,False,-5.0
2019-01-05,Coppin State Eagles,73.0,home,0.0,0.0,True,6.0
2019-01-05,Savannah State Tigers,67.0,away,0.0,0.0,False,-6.0
2019-01-05,Rice Owls,78.0,home,0.0,0.0,True,12.0
2019-01-05,Louisiana Tech Bulldogs,66.0,away,0.0,0.0,False,-12.0
2019-01-05,Kansas City Roos,80.0,home,0.0,0.0,True,8.0
2019-01-05,Chicago State Cougars,72.0,away,0.0,0.0,False,-8.0
2019-01-05,Howard Bison,72.0,home,0.0,0.0,False,-10.0
2019-01-05,Florida A&M Rattlers,82.0,away,0.0,0.0,True,10.0
2019-01-05,Sacred Heart Pioneers,73.0,home,0.0,0.0,True,12.0
2019-01-05,Central Connecticut Blue Devils,61.0,away,0.0,0.0,False,-12.0
2019-01-05,South Carolina State Bulldogs,77.0,home,0.0,0.0,False,-3.0
2019-01-05,North Carolina A&T Aggies,80.0,away,0.0,0.0,True,3.0
2019-01-05,Illinois State Redbirds,58.0,home,0.0,0.0,True,12.0
2019-01-05,Evansville Purple Aces,46.0,away,0.0,0.0,False,-12.0
2019-01-05,Furman Paladins,101.0,home,0.0,0.0,True,16.0
2019-01-05,The Citadel Bulldogs,85.0,away,0.0,0.0,False,-16.0
2019-01-05,Bryant Bulldogs,70.0,home,0.0,0.0,False,-9.0
2019-01-05,Long Island University Sharks,79.0,away,0.0,0.0,True,9.0
2019-01-05,East Tennessee State Buccaneers,96.0,home,0.0,0.0,True,26.0
2019-01-05,Chattanooga Mocs,70.0,away,0.0,0.0,False,-26.0
2019-01-05,Presbyterian Blue Hose,64.0,home,0.0,0.0,True,3.0
2019-01-05,South Carolina Upstate Spartans,61.0,away,0.0,0.0,False,-3.0
2019-01-05,Charlotte 49ers,84.0,home,0.0,0.0,False,-1.0
2019-01-05,Marshall Thundering Herd,85.0,away,0.0,0.0,True,1.0
2019-01-05,NJIT Highlanders,72.0,home,0.0,0.0,True,20.0
2019-01-05,Kennesaw State Owls,52.0,away,0.0,0.0,False,-20.0
2019-01-05,Hofstra Pride,75.0,home,0.0,0.0,True,3.0
2019-01-05,Northeastern Huskies,72.0,away,0.0,0.0,False,-3.0
2019-01-05,Austin Peay Governors,81.0,home,0.0,0.0,True,14.0
2019-01-05,Morehead State Eagles,67.0,away,0.0,0.0,False,-14.0
2019-01-05,Radford Highlanders,71.0,home,0.0,0.0,True,7.0
2019-01-05,Longwood Lancers,64.0,away,0.0,0.0,False,-7.0
2019-01-05,Campbell Fighting Camels,72.0,home,0.0,0.0,True,11.0
2019-01-05,Gardner-Webb Runnin' Bulldogs,61.0,away,0.0,0.0,False,-11.0
2019-01-05,Wagner Seahawks,59.0,home,0.0,0.0,False,-7.0
2019-01-05,St. Francis Brooklyn Terriers,66.0,away,0.0,0.0,True,7.0
2019-01-05,South Alabama Jaguars,84.0,home,0.0,0.0,True,7.0
2019-01-05,Coastal Carolina Chanticleers,77.0,away,0.0,0.0,False,-7.0
2019-01-05,Montana State Bobcats,84.0,home,0.0,0.0,True,14.0
2019-01-05,Sacramento State Hornets,70.0,away,0.0,0.0,False,-14.0
2019-01-05,Drexel Dragons,66.0,home,0.0,0.0,False,-18.0
2019-01-05,William & Mary Tribe,84.0,away,0.0,0.0,True,18.0
2019-01-05,UCLA Bruins,98.0,home,0.0,0.0,True,15.0
2019-01-05,California Golden Bears,83.0,away,0.0,0.0,False,-15.0
2019-01-05,James Madison Dukes,69.0,home,0.0,0.0,True,11.0
2019-01-05,Charleston Cougars,58.0,away,0.0,0.0,False,-11.0
2019-01-05,Eastern Illinois Panthers,84.0,home,0.0,0.0,True,3.0
2019-01-05,SIU Edwardsville Cougars,81.0,away,0.0,0.0,False,-3.0
2019-01-05,TCU Horned Frogs,85.0,home,0.0,0.0,True,4.0
2019-01-05,Baylor Bears,81.0,away,0.0,0.0,False,-4.0
2019-01-05,Princeton Tigers,68.0,home,0.0,0.0,True,3.0
2019-01-05,Pennsylvania Quakers,65.0,away,0.0,0.0,False,-3.0
2019-01-05,Milwaukee Panthers,51.0,home,0.0,0.0,False,-25.0
2019-01-05,Youngstown State Penguins,76.0,away,0.0,0.0,True,25.0
2019-01-05,SE Louisiana Lions,71.0,home,0.0,0.0,False,-2.0
2019-01-05,Central Arkansas Bears,73.0,away,0.0,0.0,True,2.0
2019-01-05,Robert Morris Colonials,62.0,home,0.0,0.0,True,3.0
2019-01-05,Mount St. Mary's Mountaineers,59.0,away,0.0,0.0,False,-3.0
2019-01-05,Texas State Bobcats,69.0,home,0.0,0.0,False,-4.0
2019-01-05,Georgia State Panthers,73.0,away,0.0,0.0,True,4.0
2019-01-05,Southeast Missouri State Redhawks,74.0,home,0.0,0.0,True,5.0
2019-01-05,UT Martin Skyhawks,69.0,away,0.0,0.0,False,-5.0
2019-01-05,Tennessee State Tigers,62.0,home,0.0,0.0,False,-7.0
2019-01-05,Jacksonville State Gamecocks,69.0,away,0.0,0.0,True,7.0
2019-01-05,North Florida Ospreys,96.0,home,0.0,0.0,True,29.0
2019-01-05,North Alabama Lions,67.0,away,0.0,0.0,False,-29.0
2019-01-05,Middle Tennessee Blue Raiders,56.0,home,0.0,0.0,False,-7.0
2019-01-05,Florida Atlantic Owls,63.0,away,0.0,0.0,True,7.0
2019-01-05,Lamar Cardinals,61.0,home,0.0,0.0,True,6.0
2019-01-05,Texas A&M-Corpus Christi Islanders,55.0,away,0.0,0.0,False,-6.0
2019-01-05,Charleston Southern Buccaneers,50.0,home,0.0,0.0,False,-1.0
2019-01-05,High Point Panthers,51.0,away,0.0,0.0,True,1.0
2019-01-05,Norfolk State Spartans,77.0,home,0.0,0.0,True,14.0
2019-01-05,Delaware State Hornets,63.0,away,0.0,0.0,False,-14.0
2019-01-05,Northern Colorado Bears,83.0,home,0.0,0.0,True,4.0
2019-01-05,Idaho Vandals,79.0,away,0.0,0.0,False,-4.0
2019-01-05,Davidson Wildcats,65.0,home,0.0,0.0,True,4.0
2019-01-05,Duquesne Dukes,61.0,away,0.0,0.0,False,-4.0
2019-01-05,Tulsa Golden Hurricane,78.0,home,0.0,0.0,True,3.0
2019-01-05,South Florida Bulls,75.0,away,0.0,0.0,False,-3.0
2019-01-05,Texas A&M Aggies,71.0,home,0.0,0.0,False,-2.0
2019-01-05,Arkansas Razorbacks,73.0,away,0.0,0.0,True,2.0
2019-01-05,Belmont Bruins,79.0,home,0.0,0.0,True,12.0
2019-01-05,Tennessee Tech Golden Eagles,67.0,away,0.0,0.0,False,-12.0
2019-01-05,Loyola Marymount Lions,76.0,home,0.0,0.0,True,12.0
2019-01-05,Portland Pilots,64.0,away,0.0,0.0,False,-12.0
2019-01-05,Sam Houston Bearkats,71.0,home,0.0,0.0,True,3.0
2019-01-05,Abilene Christian Wildcats,68.0,away,0.0,0.0,False,-3.0
2019-01-05,North Texas Mean Green,65.0,home,0.0,0.0,True,3.0
2019-01-05,Southern Miss Golden Eagles,62.0,away,0.0,0.0,False,-3.0
2019-01-05,Arizona State Sun Devils,83.0,home,0.0,0.0,True,22.0
2019-01-05,Colorado Buffaloes,61.0,away,0.0,0.0,False,-22.0
2019-01-05,Southern Jaguars,73.0,home,0.0,0.0,False,-9.0
2019-01-05,Prairie View A&M Panthers,82.0,away,0.0,0.0,True,9.0
2019-01-05,Jacksonville Dolphins,74.0,home,0.0,0.0,False,-3.0
2019-01-05,Lipscomb Bisons,77.0,away,0.0,0.0,True,3.0
2019-01-05,Alcorn State Braves,70.0,home,0.0,0.0,False,-17.0
2019-01-05,Texas Southern Tigers,87.0,away,0.0,0.0,True,17.0
2019-01-05,Alabama State Hornets,74.0,home,0.0,0.0,True,21.0
2019-01-05,Grambling Tigers,53.0,away,0.0,0.0,False,-21.0
2019-01-06,Wofford Terriers,78.0,home,0.0,0.0,True,4.0
2019-01-06,Mercer Bears,74.0,away,0.0,0.0,False,-4.0
2019-01-06,Saint Francis Red Flash,61.0,home,0.0,0.0,False,-18.0
2019-01-06,Fairleigh Dickinson Knights,79.0,away,0.0,0.0,True,18.0
2019-01-06,Alabama A&M Bulldogs,51.0,home,0.0,0.0,False,-3.0
2019-01-06,Jackson State Tigers,54.0,away,0.0,0.0,True,3.0
2019-01-06,Kent State Golden Flashes,64.0,home,0.0,0.0,False,-22.0
2019-01-06,Bowling Green Falcons,86.0,away,0.0,0.0,True,22.0
2019-01-06,Florida Gators,69.0,home,0.0,0.0,False,-2.0
2019-01-06,South Carolina Gamecocks,71.0,away,0.0,0.0,True,2.0
2019-01-06,Oral Roberts Golden Eagles,82.0,home,0.0,0.0,True,19.0
2019-01-06,Western Illinois Leathernecks,63.0,away,0.0,0.0,False,-19.0
2019-01-06,Delaware Blue Hens,77.0,home,0.0,0.0,True,12.0
2019-01-06,Elon Phoenix,65.0,away,0.0,0.0,False,-12.0
2019-01-06,Northern Iowa Panthers,51.0,home,0.0,0.0,False,-7.0
2019-01-06,Southern Illinois Salukis,58.0,away,0.0,0.0,True,7.0
2019-01-06,Louisiana Ragin' Cajuns,75.0,home,0.0,0.0,True,14.0
2019-01-06,Little Rock Trojans,61.0,away,0.0,0.0,False,-14.0
2019-01-06,UC Davis Aggies,90.0,home,0.0,0.0,True,30.0
2019-01-06,Holy Names University Hawks,60.0,away,0.0,0.0,False,-30.0
2019-01-06,Florida Gulf Coast Eagles,63.0,home,0.0,0.0,False,-18.0
2019-01-06,Liberty Flames,81.0,away,0.0,0.0,True,18.0
2019-01-06,Incarnate Word Cardinals,65.0,home,0.0,0.0,True,7.0
2019-01-06,Nicholls Colonels,58.0,away,0.0,0.0,False,-7.0
2019-01-06,UAlbany Great Danes,51.0,home,0.0,0.0,False,-29.0
2019-01-06,Vermont Catamounts,80.0,away,0.0,0.0,True,29.0
2019-01-06,Rider Broncs,72.0,home,0.0,0.0,True,5.0
2019-01-06,Quinnipiac Bobcats,67.0,away,0.0,0.0,False,-5.0
2019-01-06,Manhattan Jaspers,90.0,home,0.0,0.0,True,10.0
2019-01-06,Niagara Purple Eagles,80.0,away,0.0,0.0,False,-10.0
2019-01-06,UAB Blazers,84.0,home,0.0,0.0,True,19.0
2019-01-06,Florida International Panthers,65.0,away,0.0,0.0,False,-19.0
2019-01-06,Old Dominion Monarchs,69.0,home,0.0,0.0,True,3.0
2019-01-06,Western Kentucky Hilltoppers,66.0,away,0.0,0.0,False,-3.0
2019-01-06,Siena Saints,66.0,home,0.0,0.0,False,-4.0
2019-01-06,Canisius Golden Griffins,70.0,away,0.0,0.0,True,4.0
2019-01-06,Murray State Racers,97.0,home,0.0,0.0,True,12.0
2019-01-06,Eastern Kentucky Colonels,85.0,away,0.0,0.0,False,-12.0
2019-01-06,Oregon Ducks,72.0,home,0.0,0.0,False,-5.0
2019-01-06,Oregon State Beavers,77.0,away,0.0,0.0,True,5.0
2019-01-06,Grand Canyon Lopes,71.0,home,0.0,0.0,True,14.0
2019-01-06,Seattle U Redhawks,57.0,away,0.0,0.0,False,-14.0
2019-01-06,Pepperdine Waves,69.0,home,0.0,0.0,False,-3.0
2019-01-06,San Francisco Dons,72.0,away,0.0,0.0,True,3.0
2019-01-06,Duke Blue Devils,87.0,home,0.0,0.0,True,19.0
2019-01-06,Clemson Tigers,68.0,away,0.0,0.0,False,-19.0
2019-01-06,Arkansas-Pine Bluff Golden Lions,64.0,home,0.0,0.0,True,12.0
2019-01-06,Mississippi Valley State Delta Devils,52.0,away,0.0,0.0,False,-12.0
2019-01-06,Weber State Wildcats,82.0,home,0.0,0.0,False,-8.0
2019-01-06,Southern Utah Thunderbirds,90.0,away,0.0,0.0,True,8.0
2019-01-06,Montana Grizzlies,74.0,home,0.0,0.0,False,-3.0
2019-01-06,Portland State Vikings,77.0,away,0.0,0.0,True,3.0
2019-01-06,Utah State Aggies,79.0,home,0.0,0.0,True,17.0
2019-01-06,Air Force Falcons,62.0,away,0.0,0.0,False,-17.0
2019-01-06,Texas Longhorns,61.0,home,0.0,0.0,True,7.0
2019-01-06,West Virginia Mountaineers,54.0,away,0.0,0.0,False,-7.0
2019-01-06,Vanderbilt Commodores,71.0,home,0.0,0.0,False,-10.0
2019-01-06,Ole Miss Rebels,81.0,away,0.0,0.0,True,10.0
2019-01-06,UTEP Miners,63.0,home,0.0,0.0,False,-4.0
2019-01-06,UTSA Roadrunners,67.0,away,0.0,0.0,True,4.0
2019-01-06,Fresno State Bulldogs,78.0,home,0.0,0.0,True,11.0
2019-01-06,Colorado State Rams,67.0,away,0.0,0.0,False,-11.0
2019-01-06,Idaho State Bengals,69.0,home,0.0,0.0,False,-12.0
2019-01-06,Northern Arizona Lumberjacks,81.0,away,0.0,0.0,True,12.0
2019-01-06,Cal State Northridge Matadors,90.0,home,0.0,0.0,False,-4.0
2019-01-06,Yale Bulldogs,94.0,away,0.0,0.0,True,4.0
2019-01-06,UNLV Rebels,68.0,home,0.0,0.0,True,12.0
2019-01-06,Wyoming Cowboys,56.0,away,0.0,0.0,False,-12.0
2019-01-06,Long Beach State Beach,124.0,home,0.0,0.0,True,72.0
2019-01-06,Bethesda University Flames,52.0,away,0.0,0.0,False,-72.0
2019-01-06,Boise State Broncos,88.0,home,0.0,0.0,True,24.0
2019-01-06,San Diego State Aztecs,64.0,away,0.0,0.0,False,-24.0
2019-01-06,Washington Huskies,85.0,home,0.0,0.0,True,18.0
2019-01-06,Washington State Cougars,67.0,away,0.0,0.0,False,-18.0
2019-01-06,California Baptist Lancers,74.0,home,0.0,0.0,False,-7.0
2019-01-06,UT Rio Grande Valley Vaqueros,81.0,away,0.0,0.0,True,7.0
2019-01-06,Cal State Bakersfield Roadrunners,73.0,home,0.0,0.0,True,2.0
2019-01-06,Utah Valley Wolverines,71.0,away,0.0,0.0,False,-2.0
2019-01-06,San Diego Toreros,73.0,home,0.0,0.0,True,9.0
2019-01-06,Pacific Tigers,64.0,away,0.0,0.0,False,-9.0
2019-01-06,Saint Mary's Gaels,88.0,home,0.0,0.0,True,22.0
2019-01-06,BYU Cougars,66.0,away,0.0,0.0,False,-22.0
2019-01-17,Texas Tech Red Raiders,64.0,home,0.0,0.0,False,-4.0
2019-01-17,Iowa State Cyclones,68.0,away,0.0,0.0,True,4.0
2019-01-17,Loyola Maryland Greyhounds,81.0,home,0.0,0.0,True,8.0
2019-01-17,Boston University Terriers,73.0,away,0.0,0.0,False,-8.0
2019-01-16,St. John's Red Storm,81.0,home,0.0,0.0,True,15.0
2019-01-16,Creighton Bluejays,66.0,away,0.0,0.0,False,-15.0
2019-01-17,Oklahoma Sooners,61.0,home,0.0,0.0,False,-13.0
2019-01-17,Kansas State Wildcats,74.0,away,0.0,0.0,True,13.0
2019-01-17,New Hampshire Wildcats,59.0,home,0.0,0.0,False,-14.0
2019-01-17,Vermont Catamounts,73.0,away,0.0,0.0,True,14.0
2019-01-17,Presbyterian Blue Hose,85.0,home,0.0,0.0,True,15.0
2019-01-17,Hampton Pirates,70.0,away,0.0,0.0,False,-15.0
2019-01-17,UNC Asheville Bulldogs,53.0,home,0.0,0.0,False,-17.0
2019-01-17,Campbell Fighting Camels,70.0,away,0.0,0.0,True,17.0
2019-01-17,High Point Panthers,71.0,home,0.0,0.0,True,17.0
2019-01-17,South Carolina Upstate Spartans,54.0,away,0.0,0.0,False,-17.0
2019-01-17,NJIT Highlanders,52.0,home,0.0,0.0,False,-18.0
2019-01-17,Lipscomb Bisons,70.0,away,0.0,0.0,True,18.0
2019-01-17,Texas A&M Aggies,66.0,home,0.0,0.0,False,-19.0
2019-01-17,Auburn Tigers,85.0,away,0.0,0.0,True,19.0
2019-01-17,Kennesaw State Owls,41.0,home,0.0,0.0,False,-21.0
2019-01-17,Liberty Flames,62.0,away,0.0,0.0,True,21.0
2019-01-17,Stetson Hatters,77.0,home,0.0,0.0,False,-10.0
2019-01-17,North Florida Ospreys,87.0,away,0.0,0.0,True,10.0
2019-01-17,Winthrop Eagles,61.0,home,0.0,0.0,False,-14.0
2019-01-17,Longwood Lancers,75.0,away,0.0,0.0,True,14.0
2019-01-17,Lehigh Mountain Hawks,83.0,home,0.0,0.0,True,7.0
2019-01-17,American University Eagles,76.0,away,0.0,0.0,False,-7.0
2019-01-16,Rhode Island Rams,75.0,home,0.0,0.0,True,12.0
2019-01-16,St. Bonaventure Bonnies,63.0,away,0.0,0.0,False,-12.0
2019-01-17,Penn State Nittany Lions,82.0,home,0.0,0.0,False,-7.0
2019-01-17,Iowa Hawkeyes,89.0,away,0.0,0.0,True,7.0
2019-01-17,Jacksonville Dolphins,88.0,home,0.0,0.0,False,-3.0
2019-01-17,North Alabama Lions,91.0,away,0.0,0.0,True,3.0
2019-01-17,Lafayette Leopards,77.0,home,0.0,0.0,False,-8.0
2019-01-17,Navy Midshipmen,85.0,away,0.0,0.0,True,8.0
2019-01-17,SMU Mustangs,58.0,home,0.0,0.0,False,-11.0
2019-01-17,Houston Cougars,69.0,away,0.0,0.0,True,11.0
2019-01-17,Army Black Knights,91.0,home,0.0,0.0,True,10.0
2019-01-17,Colgate Raiders,81.0,away,0.0,0.0,False,-10.0
2019-01-17,Massachusetts Minutemen,63.0,home,0.0,0.0,False,-5.0
2019-01-17,George Mason Patriots,68.0,away,0.0,0.0,True,5.0
2019-01-17,UMBC Retrievers,68.0,home,0.0,0.0,True,19.0
2019-01-17,Binghamton Bearcats,49.0,away,0.0,0.0,False,-19.0
2019-01-17,Tulsa Golden Hurricane,89.0,home,0.0,0.0,True,6.0
2019-01-17,UConn Huskies,83.0,away,0.0,0.0,False,-6.0
2019-01-17,East Carolina Pirates,74.0,home,0.0,0.0,False,-11.0
2019-01-17,Temple Owls,85.0,away,0.0,0.0,True,11.0
2019-01-17,Vanderbilt Commodores,71.0,home,0.0,0.0,False,-3.0
2019-01-17,South Carolina Gamecocks,74.0,away,0.0,0.0,True,3.0
2019-01-17,Maine Black Bears,76.0,home,0.0,0.0,False,-1.0
2019-01-17,Hartford Hawks,77.0,away,0.0,0.0,True,1.0
2019-01-17,Abilene Christian Wildcats,75.0,home,0.0,0.0,True,7.0
2019-01-17,Houston Christian Huskies,68.0,away,0.0,0.0,False,-7.0
2019-01-17,Sam Houston Bearkats,72.0,home,0.0,0.0,True,22.0
2019-01-17,Texas A&M-Corpus Christi Islanders,50.0,away,0.0,0.0,False,-22.0
2019-01-17,Incarnate Word Cardinals,60.0,home,0.0,0.0,False,-17.0
2019-01-17,Central Arkansas Bears,77.0,away,0.0,0.0,True,17.0
2019-01-17,SE Louisiana Lions,76.0,home,0.0,0.0,True,7.0
2019-01-17,Lamar Cardinals,69.0,away,0.0,0.0,False,-7.0
2019-01-17,UMass Lowell River Hawks,84.0,home,0.0,0.0,True,12.0
2019-01-17,UAlbany Great Danes,72.0,away,0.0,0.0,False,-12.0
2019-01-17,Northern Iowa Panthers,69.0,home,0.0,0.0,True,5.0
2019-01-17,Indiana State Sycamores,64.0,away,0.0,0.0,False,-5.0
2019-01-17,Richmond Spiders,68.0,home,0.0,0.0,False,-6.0
2019-01-17,Duquesne Dukes,74.0,away,0.0,0.0,True,6.0
2019-01-17,Missouri State Bears,64.0,home,0.0,0.0,False,-6.0
2019-01-17,Evansville Purple Aces,70.0,away,0.0,0.0,True,6.0
2019-01-17,La Salle Explorers,56.0,home,0.0,0.0,False,-3.0
2019-01-17,George Washington Revolutionaries,59.0,away,0.0,0.0,True,3.0
2019-01-17,Louisville Cardinals,80.0,home,0.0,0.0,True,10.0
2019-01-17,Boston College Eagles,70.0,away,0.0,0.0,False,-10.0
2019-01-17,McNeese Cowboys,86.0,home,0.0,0.0,True,11.0
2019-01-17,Nicholls Colonels,75.0,away,0.0,0.0,False,-11.0
2019-01-17,Bradley Braves,52.0,home,0.0,0.0,False,-17.0
2019-01-17,Drake Bulldogs,69.0,away,0.0,0.0,True,17.0
2019-01-17,North Dakota Fighting Hawks,74.0,home,0.0,0.0,False,-4.0
2019-01-17,South Dakota State Jackrabbits,78.0,away,0.0,0.0,True,4.0
2019-01-17,New Orleans Privateers,68.0,home,0.0,0.0,True,7.0
2019-01-17,Stephen F. Austin Lumberjacks,61.0,away,0.0,0.0,False,-7.0
2019-01-17,Clemson Tigers,72.0,home,0.0,0.0,True,12.0
2019-01-17,Georgia Tech Yellow Jackets,60.0,away,0.0,0.0,False,-12.0
2019-01-17,Denver Pioneers,80.0,home,0.0,0.0,True,15.0
2019-01-17,North Dakota State Bison,65.0,away,0.0,0.0,False,-15.0
2019-01-17,San José State Spartans,63.0,home,0.0,0.0,False,-18.0
2019-01-17,Utah State Aggies,81.0,away,0.0,0.0,True,18.0
2019-01-17,Air Force Falcons,106.0,home,0.0,0.0,True,18.0
2019-01-17,UNLV Rebels,88.0,away,0.0,0.0,False,-18.0
2019-01-17,DePaul Blue Demons,69.0,home,0.0,0.0,False,-18.0
2019-01-17,Butler Bulldogs,87.0,away,0.0,0.0,True,18.0
2019-01-17,VCU Rams,76.0,home,0.0,0.0,True,5.0
2019-01-17,Dayton Flyers,71.0,away,0.0,0.0,False,-5.0
2019-01-17,Missouri Tigers,60.0,home,0.0,0.0,False,-10.0
2019-01-17,Alabama Crimson Tide,70.0,away,0.0,0.0,True,10.0
2019-01-17,Illinois Fighting Illini,95.0,home,0.0,0.0,True,27.0
2019-01-17,Minnesota Golden Gophers,68.0,away,0.0,0.0,False,-27.0
2019-01-17,UC Irvine Anteaters,70.0,home,0.0,0.0,False,-10.0
2019-01-17,Long Beach State Beach,80.0,away,0.0,0.0,True,10.0
2019-01-17,Wichita State Shockers,75.0,home,0.0,0.0,True,8.0
2019-01-17,UCF Knights,67.0,away,0.0,0.0,False,-8.0
2019-01-20,Southern Illinois Salukis,54.0,home,0.0,0.0,False,-3.0
2019-01-20,Bradley Braves,57.0,away,0.0,0.0,True,3.0
2019-01-20,Boston College Eagles,87.0,home,0.0,0.0,True,5.0
2019-01-20,Florida State Seminoles,82.0,away,0.0,0.0,False,-5.0
2019-01-20,Marquette Golden Eagles,79.0,home,0.0,0.0,True,11.0
2019-01-20,Providence Friars,68.0,away,0.0,0.0,False,-11.0
2019-01-20,Monmouth Hawks,83.0,home,0.0,0.0,True,2.0
2019-01-20,Iona Gaels,81.0,away,0.0,0.0,False,-2.0
2019-01-20,Utah Utes,78.0,home,0.0,0.0,True,9.0
2019-01-20,Colorado Buffaloes,69.0,away,0.0,0.0,False,-9.0
2019-01-20,Iowa Hawkeyes,95.0,home,0.0,0.0,True,24.0
2019-01-20,Illinois Fighting Illini,71.0,away,0.0,0.0,False,-24.0
2019-01-20,George Washington Revolutionaries,85.0,home,0.0,0.0,False,-6.0
2019-01-20,Duquesne Dukes,91.0,away,0.0,0.0,True,6.0
2019-01-20,Drake Bulldogs,74.0,home,0.0,0.0,True,11.0
2019-01-20,Missouri State Bears,63.0,away,0.0,0.0,False,-11.0
2019-01-21,Omaha Mavericks,75.0,home,0.0,0.0,True,7.0
2019-01-21,South Dakota Coyotes,68.0,away,0.0,0.0,False,-7.0
2019-01-20,Denver Pioneers,74.0,home,0.0,0.0,True,16.0
2019-01-20,Oral Roberts Golden Eagles,58.0,away,0.0,0.0,False,-16.0
2019-01-23,Pittsburgh Panthers,64.0,home,0.0,0.0,False,-15.0
2019-01-23,Duke Blue Devils,79.0,away,0.0,0.0,True,15.0
2019-01-23,Kent State Golden Flashes,87.0,home,0.0,0.0,True,2.0
2019-01-23,Toledo Rockets,85.0,away,0.0,0.0,False,-2.0
2019-01-23,Alabama Crimson Tide,74.0,home,0.0,0.0,True,21.0
2019-01-23,Ole Miss Rebels,53.0,away,0.0,0.0,False,-21.0
2019-01-23,Kentucky Wildcats,76.0,home,0.0,0.0,True,21.0
2019-01-23,Mississippi State Bulldogs,55.0,away,0.0,0.0,False,-21.0
2019-01-23,Air Force Falcons,74.0,home,0.0,0.0,True,14.0
2019-01-23,Boise State Broncos,60.0,away,0.0,0.0,False,-14.0
2019-01-23,Ohio Bobcats,81.0,home,0.0,0.0,True,5.0
2019-01-23,Western Michigan Broncos,76.0,away,0.0,0.0,False,-5.0
2019-01-23,Kansas State Wildcats,58.0,home,0.0,0.0,True,13.0
2019-01-23,Texas Tech Red Raiders,45.0,away,0.0,0.0,False,-13.0
2019-01-23,Ball State Cardinals,65.0,home,0.0,0.0,False,-6.0
2019-01-23,Miami (OH) RedHawks,71.0,away,0.0,0.0,True,6.0
2019-01-22,South Carolina Gamecocks,80.0,home,0.0,0.0,True,3.0
2019-01-22,Auburn Tigers,77.0,away,0.0,0.0,False,-3.0
2019-01-23,Eastern Michigan Eagles,67.0,home,0.0,0.0,False,-13.0
2019-01-23,Bowling Green Falcons,80.0,away,0.0,0.0,True,13.0
2019-01-23,Akron Zips,70.0,home,0.0,0.0,True,3.0
2019-01-23,Central Michigan Chippewas,67.0,away,0.0,0.0,False,-3.0
2019-01-23,Florida Gators,81.0,home,0.0,0.0,True,9.0
2019-01-23,Texas A&M Aggies,72.0,away,0.0,0.0,False,-9.0
2019-01-23,Butler Bulldogs,72.0,home,0.0,0.0,False,-8.0
2019-01-23,Villanova Wildcats,80.0,away,0.0,0.0,True,8.0
2019-01-23,Virginia Cavaliers,68.0,home,0.0,0.0,True,23.0
2019-01-23,Wake Forest Demon Deacons,45.0,away,0.0,0.0,False,-23.0
2019-01-23,Northern Illinois Huskies,77.0,home,0.0,0.0,True,2.0
2019-01-23,Buffalo Bulls,75.0,away,0.0,0.0,False,-2.0
2019-01-23,Georgia Tech Yellow Jackets,63.0,home,0.0,0.0,True,2.0
2019-01-23,Notre Dame Fighting Irish,61.0,away,0.0,0.0,False,-2.0
2019-01-23,Michigan Wolverines,59.0,home,0.0,0.0,True,2.0
2019-01-23,Minnesota Golden Gophers,57.0,away,0.0,0.0,False,-2.0
2019-01-23,Florida State Seminoles,77.0,home,0.0,0.0,True,9.0
2019-01-23,Clemson Tigers,68.0,away,0.0,0.0,False,-9.0
2019-01-23,South Florida Bulls,54.0,home,0.0,0.0,True,13.0
2019-01-23,Wichita State Shockers,41.0,away,0.0,0.0,False,-13.0
2019-01-23,Niagara Purple Eagles,72.0,home,0.0,0.0,False,-2.0
2019-01-23,Saint Peter's Peacocks,74.0,away,0.0,0.0,True,2.0
2019-01-23,UNLV Rebels,74.0,home,0.0,0.0,True,16.0
2019-01-23,New Mexico Lobos,58.0,away,0.0,0.0,False,-16.0
2019-01-23,Fresno State Bulldogs,66.0,home,0.0,0.0,True,4.0
2019-01-23,San Diego State Aztecs,62.0,away,0.0,0.0,False,-4.0
2019-01-23,Northwestern Wildcats,73.0,home,0.0,0.0,True,7.0
2019-01-23,Indiana Hoosiers,66.0,away,0.0,0.0,False,-7.0
2019-01-26,Creighton Bluejays,75.0,home,0.0,0.0,True,14.0
2019-01-26,Butler Bulldogs,61.0,away,0.0,0.0,False,-14.0
2019-01-25,Kent State Golden Flashes,79.0,home,0.0,0.0,False,-9.0
2019-01-25,Buffalo Bulls,88.0,away,0.0,0.0,True,9.0
2019-01-25,Indiana Hoosiers,46.0,home,0.0,0.0,False,-23.0
2019-01-25,Michigan Wolverines,69.0,away,0.0,0.0,True,23.0
2019-01-26,Yale Bulldogs,79.0,home,0.0,0.0,True,8.0
2019-01-26,Brown Bears,71.0,away,0.0,0.0,False,-8.0
2019-01-26,Iona Gaels,77.0,home,0.0,0.0,True,6.0
2019-01-26,Rider Broncs,71.0,away,0.0,0.0,False,-6.0
2019-01-26,Marist Red Foxes,78.0,home,0.0,0.0,False,-14.0
2019-01-26,Quinnipiac Bobcats,92.0,away,0.0,0.0,True,14.0
2019-01-21,Sacred Heart Pioneers,62.0,home,0.0,0.0,True,24.0
2019-01-21,Wagner Seahawks,38.0,away,0.0,0.0,False,-24.0
2019-01-21,Howard Bison,71.0,home,0.0,0.0,False,-13.0
2019-01-21,Harvard Crimson,84.0,away,0.0,0.0,True,13.0
2019-01-21,Charlotte 49ers,70.0,home,0.0,0.0,False,-6.0
2019-01-21,Old Dominion Monarchs,76.0,away,0.0,0.0,True,6.0
2019-01-22,North Carolina Tar Heels,103.0,home,0.0,0.0,True,21.0
2019-01-22,Virginia Tech Hokies,82.0,away,0.0,0.0,False,-21.0
2019-01-22,North Florida Ospreys,72.0,home,0.0,0.0,False,-4.0
2019-01-22,NJIT Highlanders,76.0,away,0.0,0.0,True,4.0
2019-01-22,Prairie View A&M Panthers,83.0,home,0.0,0.0,True,17.0
2019-01-22,Grambling Tigers,66.0,away,0.0,0.0,False,-17.0
2019-01-21,Long Island University Sharks,70.0,home,0.0,0.0,False,-9.0
2019-01-21,St. Francis Brooklyn Terriers,79.0,away,0.0,0.0,True,9.0
2019-01-21,Bryant Bulldogs,76.0,home,0.0,0.0,True,9.0
2019-01-21,Saint Francis Red Flash,67.0,away,0.0,0.0,False,-9.0
2019-01-22,Liberty Flames,72.0,home,0.0,0.0,True,25.0
2019-01-22,North Alabama Lions,47.0,away,0.0,0.0,False,-25.0
2019-01-21,Bethune-Cookman Wildcats,89.0,home,0.0,0.0,True,21.0
2019-01-21,Maryland Eastern Shore Hawks,68.0,away,0.0,0.0,False,-21.0
2019-01-21,Fairleigh Dickinson Knights,87.0,home,0.0,0.0,True,18.0
2019-01-21,Mount St. Mary's Mountaineers,69.0,away,0.0,0.0,False,-18.0
2019-01-21,Florida A&M Rattlers,60.0,home,0.0,0.0,True,13.0
2019-01-21,Delaware State Hornets,47.0,away,0.0,0.0,False,-13.0
2019-01-21,Michigan State Spartans,69.0,home,0.0,0.0,True,14.0
2019-01-21,Maryland Terrapins,55.0,away,0.0,0.0,False,-14.0
2019-01-22,Texas Southern Tigers,75.0,home,0.0,0.0,True,10.0
2019-01-22,Jackson State Tigers,65.0,away,0.0,0.0,False,-10.0
2019-01-21,North Carolina Central Eagles,92.0,home,0.0,0.0,True,28.0
2019-01-21,Morgan State Bears,64.0,away,0.0,0.0,False,-28.0
2019-01-21,South Carolina Upstate Spartans,59.0,home,0.0,0.0,False,-9.0
2019-01-21,Presbyterian Blue Hose,68.0,away,0.0,0.0,True,9.0
2019-01-21,Winthrop Eagles,66.0,home,0.0,0.0,True,21.0
2019-01-21,UNC Asheville Bulldogs,45.0,away,0.0,0.0,False,-21.0
2019-01-21,Central Connecticut Blue Devils,59.0,home,0.0,0.0,False,-11.0
2019-01-21,Robert Morris Colonials,70.0,away,0.0,0.0,True,11.0
2019-01-22,Longwood Lancers,59.0,home,0.0,0.0,False,-13.0
2019-01-22,Radford Highlanders,72.0,away,0.0,0.0,True,13.0
2019-01-22,Kansas Jayhawks,80.0,home,0.0,0.0,True,4.0
2019-01-22,Iowa State Cyclones,76.0,away,0.0,0.0,False,-4.0
2019-01-22,North Carolina A&T Aggies,80.0,home,0.0,0.0,True,9.0
2019-01-22,Coppin State Eagles,71.0,away,0.0,0.0,False,-9.0
2019-01-22,South Carolina State Bulldogs,69.0,home,0.0,0.0,False,-5.0
2019-01-22,Norfolk State Spartans,74.0,away,0.0,0.0,True,5.0
2019-01-22,Lipscomb Bisons,86.0,home,0.0,0.0,True,29.0
2019-01-22,Kennesaw State Owls,57.0,away,0.0,0.0,False,-29.0
2019-01-22,Florida Gulf Coast Eagles,87.0,home,0.0,0.0,True,22.0
2019-01-22,Stetson Hatters,65.0,away,0.0,0.0,False,-22.0
2019-01-22,Rutgers Scarlet Knights,76.0,home,0.0,0.0,True,7.0
2019-01-22,Nebraska Cornhuskers,69.0,away,0.0,0.0,False,-7.0
2019-01-22,Georgetown Hoyas,87.0,home,0.0,0.0,False,-4.0
2019-01-22,Creighton Bluejays,91.0,away,0.0,0.0,True,4.0
2019-01-22,Manhattan Jaspers,46.0,home,0.0,0.0,False,-16.0
2019-01-22,Marist Red Foxes,62.0,away,0.0,0.0,True,16.0
2019-01-22,Alcorn State Braves,74.0,home,0.0,0.0,True,5.0
2019-01-22,Arkansas-Pine Bluff Golden Lions,69.0,away,0.0,0.0,False,-5.0
2019-01-22,Western Kentucky Hilltoppers,68.0,home,0.0,0.0,True,9.0
2019-01-22,Marshall Thundering Herd,59.0,away,0.0,0.0,False,-9.0
2019-01-22,Southern Jaguars,80.0,home,0.0,0.0,True,24.0
2019-01-22,Mississippi Valley State Delta Devils,56.0,away,0.0,0.0,False,-24.0
2019-01-22,West Virginia Mountaineers,73.0,home,0.0,0.0,False,-12.0
2019-01-22,Baylor Bears,85.0,away,0.0,0.0,True,12.0
2019-01-22,Idaho State Bengals,53.0,home,0.0,0.0,False,-24.0
2019-01-22,Northern Colorado Bears,77.0,away,0.0,0.0,True,24.0
2019-01-12,Florida Gators,67.0,home,0.0,0.0,False,-11.0
2019-01-12,Tennessee Volunteers,78.0,away,0.0,0.0,True,11.0
2019-01-12,Florida State Seminoles,78.0,home,0.0,0.0,False,-2.0
2019-01-12,Duke Blue Devils,80.0,away,0.0,0.0,True,2.0
2019-01-13,San Francisco Dons,83.0,home,0.0,0.0,False,-13.0
2019-01-13,Gonzaga Bulldogs,96.0,away,0.0,0.0,True,13.0
2019-01-12,Oklahoma Sooners,76.0,home,0.0,0.0,True,2.0
2019-01-12,TCU Horned Frogs,74.0,away,0.0,0.0,False,-2.0
2019-01-12,Baylor Bears,68.0,home,0.0,0.0,False,-5.0
2019-01-12,Kansas Jayhawks,73.0,away,0.0,0.0,True,5.0
2019-01-12,Mississippi State Bulldogs,77.0,home,0.0,0.0,False,-4.0
2019-01-12,Ole Miss Rebels,81.0,away,0.0,0.0,True,4.0
2019-01-12,Iowa State Cyclones,57.0,home,0.0,0.0,False,-1.0
2019-01-12,Kansas State Wildcats,58.0,away,0.0,0.0,True,1.0
2019-01-13,Houston Cougars,79.0,home,0.0,0.0,True,9.0
2019-01-13,Wichita State Shockers,70.0,away,0.0,0.0,False,-9.0
2019-01-13,Kentucky Wildcats,56.0,home,0.0,0.0,True,9.0
2019-01-13,Vanderbilt Commodores,47.0,away,0.0,0.0,False,-9.0
2019-01-12,St. John's Red Storm,71.0,home,0.0,0.0,False,-8.0
2019-01-12,DePaul Blue Demons,79.0,away,0.0,0.0,True,8.0
2019-01-12,Marquette Golden Eagles,70.0,home,0.0,0.0,True,4.0
2019-01-12,Seton Hall Pirates,66.0,away,0.0,0.0,False,-4.0
2019-01-12,Eastern Michigan Eagles,95.0,home,0.0,0.0,True,34.0
2019-01-12,Kent State Golden Flashes,61.0,away,0.0,0.0,False,-34.0
2019-01-12,Auburn Tigers,93.0,home,0.0,0.0,True,15.0
2019-01-12,Georgia Bulldogs,78.0,away,0.0,0.0,False,-15.0
2019-01-12,NC State Wolfpack,86.0,home,0.0,0.0,True,6.0
2019-01-12,Pittsburgh Panthers,80.0,away,0.0,0.0,False,-6.0
2019-01-13,Fresno State Bulldogs,64.0,home,0.0,0.0,False,-10.0
2019-01-13,Nevada Wolf Pack,74.0,away,0.0,0.0,True,10.0
2019-01-12,North Carolina Tar Heels,62.0,home,0.0,0.0,False,-21.0
2019-01-12,Louisville Cardinals,83.0,away,0.0,0.0,True,21.0
2019-01-12,Iowa Hawkeyes,72.0,home,0.0,0.0,True,10.0
2019-01-12,Ohio State Buckeyes,62.0,away,0.0,0.0,False,-10.0
2019-01-12,Clemson Tigers,43.0,home,0.0,0.0,False,-20.0
2019-01-12,Virginia Cavaliers,63.0,away,0.0,0.0,True,20.0
2019-01-12,Texas Longhorns,62.0,home,0.0,0.0,False,-6.0
2019-01-12,Texas Tech Red Raiders,68.0,away,0.0,0.0,True,6.0
2019-01-12,Buffalo Bulls,88.0,home,0.0,0.0,True,24.0
2019-01-12,Miami (OH) RedHawks,64.0,away,0.0,0.0,False,-24.0
2019-01-12,West Virginia Mountaineers,77.0,home,0.0,0.0,False,-8.0
2019-01-12,Oklahoma State Cowboys,85.0,away,0.0,0.0,True,8.0
2019-01-12,Ball State Cardinals,52.0,home,0.0,0.0,False,-18.0
2019-01-12,Ohio Bobcats,70.0,away,0.0,0.0,True,18.0
2019-01-12,The Citadel Bulldogs,82.0,home,0.0,0.0,False,-12.0
2019-01-12,Western Carolina Catamounts,94.0,away,0.0,0.0,True,12.0
2019-01-12,Georgia State Panthers,74.0,home,0.0,0.0,True,1.0
2019-01-12,UL Monroe Warhawks,73.0,away,0.0,0.0,False,-1.0
2019-01-12,Georgetown Hoyas,96.0,home,0.0,0.0,True,6.0
2019-01-12,Providence Friars,90.0,away,0.0,0.0,False,-6.0
2019-01-12,VMI Keydets,76.0,home,0.0,0.0,False,-14.0
2019-01-12,Wofford Terriers,90.0,away,0.0,0.0,True,14.0
2019-01-12,IU Indianapolis Jaguars,76.0,home,0.0,0.0,False,-6.0
2019-01-12,Youngstown State Penguins,82.0,away,0.0,0.0,True,6.0
2019-01-12,Evansville Purple Aces,66.0,home,0.0,0.0,False,-6.0
2019-01-12,Indiana State Sycamores,72.0,away,0.0,0.0,True,6.0
2019-01-12,Detroit Mercy Titans,93.0,home,0.0,0.0,True,9.0
2019-01-12,Milwaukee Panthers,84.0,away,0.0,0.0,False,-9.0
2019-01-12,Loyola Chicago Ramblers,67.0,home,0.0,0.0,True,3.0
2019-01-12,Illinois State Redbirds,64.0,away,0.0,0.0,False,-3.0
2019-01-12,Bucknell Bison,55.0,home,0.0,0.0,True,1.0
2019-01-12,American University Eagles,54.0,away,0.0,0.0,False,-1.0
2019-01-12,Notre Dame Fighting Irish,69.0,home,0.0,0.0,True,3.0
2019-01-12,Boston College Eagles,66.0,away,0.0,0.0,False,-3.0
2019-01-12,Minnesota Golden Gophers,88.0,home,0.0,0.0,True,18.0
2019-01-12,Rutgers Scarlet Knights,70.0,away,0.0,0.0,False,-18.0
2019-01-12,Coastal Carolina Chanticleers,58.0,home,0.0,0.0,False,-3.0
2019-01-12,UT Arlington Mavericks,61.0,away,0.0,0.0,True,3.0
2019-01-12,Navy Midshipmen,69.0,home,0.0,0.0,False,-6.0
2019-01-12,Boston University Terriers,75.0,away,0.0,0.0,True,6.0
2019-01-12,Columbia Lions,102.0,home,0.0,0.0,True,39.0
2019-01-12,Elmira Soaring Eagles,63.0,away,0.0,0.0,False,-39.0
2019-01-12,Winthrop Eagles,80.0,home,0.0,0.0,True,17.0
2019-01-12,High Point Panthers,63.0,away,0.0,0.0,False,-17.0
2019-01-12,Loyola Maryland Greyhounds,66.0,home,0.0,0.0,True,2.0
2019-01-12,Army Black Knights,64.0,away,0.0,0.0,False,-2.0
2019-01-12,Pennsylvania Quakers,53.0,home,0.0,0.0,False,-9.0
2019-01-12,Princeton Tigers,62.0,away,0.0,0.0,True,9.0
2019-01-12,App State Mountaineers,69.0,home,0.0,0.0,False,-1.0
2019-01-12,Texas State Bobcats,70.0,away,0.0,0.0,True,1.0
2019-01-12,Liberty Flames,69.0,home,0.0,0.0,True,16.0
2019-01-12,Jacksonville Dolphins,53.0,away,0.0,0.0,False,-16.0
2019-01-12,Temple Owls,82.0,home,0.0,0.0,True,2.0
2019-01-12,South Florida Bulls,80.0,away,0.0,0.0,False,-2.0
2019-01-12,Monmouth Hawks,65.0,home,0.0,0.0,True,16.0
2019-01-12,Manhattan Jaspers,49.0,away,0.0,0.0,False,-16.0
2019-01-12,Western Michigan Broncos,77.0,home,0.0,0.0,False,-8.0
2019-01-12,Toledo Rockets,85.0,away,0.0,0.0,True,8.0
2019-01-12,UNC Wilmington Seahawks,97.0,home,0.0,0.0,True,14.0
2019-01-12,Drexel Dragons,83.0,away,0.0,0.0,False,-14.0
2019-01-12,Davidson Wildcats,64.0,home,0.0,0.0,True,7.0
2019-01-12,VCU Rams,57.0,away,0.0,0.0,False,-7.0
2019-01-12,Sacred Heart Pioneers,98.0,home,0.0,0.0,True,28.0
2019-01-12,Bryant Bulldogs,70.0,away,0.0,0.0,False,-28.0
2019-01-12,Miami Hurricanes,76.0,home,0.0,0.0,True,11.0
2019-01-12,Wake Forest Demon Deacons,65.0,away,0.0,0.0,False,-11.0
2019-01-12,Oakland Golden Grizzlies,90.0,home,0.0,0.0,True,12.0
2019-01-12,Green Bay Phoenix,78.0,away,0.0,0.0,False,-12.0
2019-01-12,San José State Spartans,64.0,home,0.0,0.0,False,-23.0
2019-01-12,Boise State Broncos,87.0,away,0.0,0.0,True,23.0
2019-01-12,Chicago State Cougars,75.0,home,0.0,0.0,False,-2.0
2019-01-12,California Baptist Lancers,77.0,away,0.0,0.0,True,2.0
2019-01-12,UTSA Roadrunners,76.0,home,0.0,0.0,True,2.0
2019-01-12,North Texas Mean Green,74.0,away,0.0,0.0,False,-2.0
2019-01-12,Delaware State Hornets,70.0,home,0.0,0.0,False,-23.0
2019-01-12,North Carolina A&T Aggies,93.0,away,0.0,0.0,True,23.0
2019-01-12,Morgan State Bears,68.0,home,0.0,0.0,False,-4.0
2019-01-12,South Carolina State Bulldogs,72.0,away,0.0,0.0,True,4.0
2019-01-12,Florida A&M Rattlers,69.0,home,0.0,0.0,True,5.0
2019-01-12,Savannah State Tigers,64.0,away,0.0,0.0,False,-5.0
2019-01-12,North Dakota Fighting Hawks,71.0,home,0.0,0.0,True,6.0
2019-01-12,Western Illinois Leathernecks,65.0,away,0.0,0.0,False,-6.0
2019-01-12,Longwood Lancers,91.0,home,0.0,0.0,False,-10.0
2019-01-12,Charleston Southern Buccaneers,101.0,away,0.0,0.0,True,10.0
2019-01-12,Holy Cross Crusaders,77.0,home,0.0,0.0,True,7.0
2019-01-12,Lafayette Leopards,70.0,away,0.0,0.0,False,-7.0
2019-01-12,Alabama Crimson Tide,80.0,home,0.0,0.0,False,-1.0
2019-01-12,Texas A&M Aggies,81.0,away,0.0,0.0,True,1.0
2019-01-12,UAlbany Great Danes,62.0,home,0.0,0.0,False,-4.0
2019-01-12,Maine Black Bears,66.0,away,0.0,0.0,True,4.0
2019-01-12,Howard Bison,63.0,home,0.0,0.0,False,-8.0
2019-01-12,Bethune-Cookman Wildcats,71.0,away,0.0,0.0,True,8.0
2019-01-12,Coppin State Eagles,66.0,home,0.0,0.0,False,-14.0
2019-01-12,Norfolk State Spartans,80.0,away,0.0,0.0,True,14.0
2019-01-12,Maryland Eastern Shore Hawks,48.0,home,0.0,0.0,False,-13.0
2019-01-12,North Carolina Central Eagles,61.0,away,0.0,0.0,True,13.0
2019-01-12,Central Arkansas Bears,75.0,home,0.0,0.0,True,7.0
2019-01-12,Lamar Cardinals,68.0,away,0.0,0.0,False,-7.0
2019-01-12,Air Force Falcons,62.0,home,0.0,0.0,True,14.0
2019-01-12,San Diego State Aztecs,48.0,away,0.0,0.0,False,-14.0
2019-01-12,Colorado State Rams,91.0,home,0.0,0.0,True,15.0
2019-01-12,New Mexico Lobos,76.0,away,0.0,0.0,False,-15.0
2019-01-12,Southern Illinois Salukis,61.0,home,0.0,0.0,False,-4.0
2019-01-12,Valparaiso Beacons,65.0,away,0.0,0.0,True,4.0
2019-01-12,UIC Flames,73.0,home,0.0,0.0,True,17.0
2019-01-12,Cleveland State Vikings,56.0,away,0.0,0.0,False,-17.0
2019-01-12,Wagner Seahawks,66.0,home,0.0,0.0,True,6.0
2019-01-12,Fairleigh Dickinson Knights,60.0,away,0.0,0.0,False,-6.0
2019-01-12,Florida Atlantic Owls,60.0,home,0.0,0.0,False,-5.0
2019-01-12,Charlotte 49ers,65.0,away,0.0,0.0,True,5.0
2019-01-12,Hampton Pirates,83.0,home,0.0,0.0,True,22.0
2019-01-12,UNC Asheville Bulldogs,61.0,away,0.0,0.0,False,-22.0
2019-01-12,Southern Utah Thunderbirds,84.0,home,0.0,0.0,True,2.0
2019-01-12,Northern Arizona Lumberjacks,82.0,away,0.0,0.0,False,-2.0
2019-01-12,Northern Colorado Bears,64.0,home,0.0,0.0,False,-24.0
2019-01-12,Montana Grizzlies,88.0,away,0.0,0.0,True,24.0
2019-01-12,Colgate Raiders,91.0,home,0.0,0.0,True,13.0
2019-01-12,Lehigh Mountain Hawks,78.0,away,0.0,0.0,False,-13.0
2019-01-12,Duquesne Dukes,85.0,home,0.0,0.0,True,1.0
2019-01-12,Saint Joseph's Hawks,84.0,away,0.0,0.0,False,-1.0
2019-01-12,St. Francis Brooklyn Terriers,72.0,home,0.0,0.0,True,4.0
2019-01-12,Saint Francis Red Flash,68.0,away,0.0,0.0,False,-4.0
2019-01-12,Mount St. Mary's Mountaineers,68.0,home,0.0,0.0,False,-9.0
2019-01-12,Central Connecticut Blue Devils,77.0,away,0.0,0.0,True,9.0
2019-01-12,George Washington Revolutionaries,56.0,home,0.0,0.0,False,-20.0
2019-01-12,Richmond Spiders,76.0,away,0.0,0.0,True,20.0
2019-01-12,William & Mary Tribe,70.0,home,0.0,0.0,False,-20.0
2019-01-12,Northeastern Huskies,90.0,away,0.0,0.0,True,20.0
2019-01-12,Little Rock Trojans,91.0,home,0.0,0.0,True,29.0
2019-01-12,South Alabama Jaguars,62.0,away,0.0,0.0,False,-29.0
2019-01-12,James Madison Dukes,74.0,home,0.0,0.0,True,9.0
2019-01-12,Towson Tigers,65.0,away,0.0,0.0,False,-9.0
2019-01-12,Nicholls Colonels,77.0,home,0.0,0.0,True,1.0
2019-01-12,Houston Christian Huskies,76.0,away,0.0,0.0,False,-1.0
2019-01-12,UT Martin Skyhawks,70.0,home,0.0,0.0,False,-2.0
2019-01-12,Austin Peay Governors,72.0,away,0.0,0.0,True,2.0
2019-01-12,San Diego Toreros,71.0,home,0.0,0.0,False,-5.0
2019-01-12,Pepperdine Waves,76.0,away,0.0,0.0,True,5.0
2019-01-12,Charleston Cougars,71.0,home,0.0,0.0,True,13.0
2019-01-12,Delaware Blue Hens,58.0,away,0.0,0.0,False,-13.0
2019-01-12,Chattanooga Mocs,80.0,home,0.0,0.0,True,5.0
2019-01-12,Samford Bulldogs,75.0,away,0.0,0.0,False,-5.0
2019-01-12,Radford Highlanders,79.0,home,0.0,0.0,True,2.0
2019-01-12,Presbyterian Blue Hose,77.0,away,0.0,0.0,False,-2.0
2019-01-12,Central Michigan Chippewas,87.0,home,0.0,0.0,False,-10.0
2019-01-12,Bowling Green Falcons,97.0,away,0.0,0.0,True,10.0
2019-01-12,Mercer Bears,68.0,home,0.0,0.0,False,-4.0
2019-01-12,East Tennessee State Buccaneers,72.0,away,0.0,0.0,True,4.0
2019-01-12,St. Bonaventure Bonnies,71.0,home,0.0,0.0,True,7.0
2019-01-12,Fordham Rams,64.0,away,0.0,0.0,False,-7.0
2019-01-12,Long Island University Sharks,80.0,home,0.0,0.0,True,7.0
2019-01-12,Robert Morris Colonials,73.0,away,0.0,0.0,False,-7.0
2019-01-12,Northern Illinois Huskies,73.0,home,0.0,0.0,True,17.0
2019-01-12,Akron Zips,56.0,away,0.0,0.0,False,-17.0
2019-01-12,Southern Miss Golden Eagles,73.0,home,0.0,0.0,True,5.0
2019-01-12,UAB Blazers,68.0,away,0.0,0.0,False,-5.0
2019-01-12,Gardner-Webb Runnin' Bulldogs,64.0,home,0.0,0.0,True,5.0
2019-01-12,South Carolina Upstate Spartans,59.0,away,0.0,0.0,False,-5.0
2019-01-12,Arkansas State Red Wolves,85.0,home,0.0,0.0,False,-5.0
2019-01-12,Troy Trojans,90.0,away,0.0,0.0,True,5.0
2019-01-12,North Alabama Lions,61.0,home,0.0,0.0,True,6.0
2019-01-12,NJIT Highlanders,55.0,away,0.0,0.0,False,-6.0
2019-01-12,SE Louisiana Lions,72.0,home,0.0,0.0,False,-3.0
2019-01-12,Abilene Christian Wildcats,75.0,away,0.0,0.0,True,3.0
2019-01-12,Jacksonville State Gamecocks,90.0,home,0.0,0.0,True,36.0
2019-01-12,SIU Edwardsville Cougars,54.0,away,0.0,0.0,False,-36.0
2019-01-12,UNC Greensboro Spartans,89.0,home,0.0,0.0,True,10.0
2019-01-12,Furman Paladins,79.0,away,0.0,0.0,False,-10.0
2019-01-12,Louisiana Tech Bulldogs,73.0,home,0.0,0.0,True,17.0
2019-01-12,Middle Tennessee Blue Raiders,56.0,away,0.0,0.0,False,-17.0
2019-01-12,Georgia Southern Eagles,85.0,home,0.0,0.0,False,-2.0
2019-01-12,Louisiana Ragin' Cajuns,87.0,away,0.0,0.0,True,2.0
2019-01-12,Lipscomb Bisons,95.0,home,0.0,0.0,True,24.0
2019-01-12,Stetson Hatters,71.0,away,0.0,0.0,False,-24.0
2019-01-12,Southeast Missouri State Redhawks,67.0,home,0.0,0.0,False,-18.0
2019-01-12,Murray State Racers,85.0,away,0.0,0.0,True,18.0
2019-01-12,North Florida Ospreys,87.0,home,0.0,0.0,True,21.0
2019-01-12,Florida Gulf Coast Eagles,66.0,away,0.0,0.0,False,-21.0
2019-01-12,New Orleans Privateers,79.0,home,0.0,0.0,True,13.0
2019-01-12,McNeese Cowboys,66.0,away,0.0,0.0,False,-13.0
2019-01-12,South Dakota State Jackrabbits,84.0,home,0.0,0.0,True,19.0
2019-01-12,Oral Roberts Golden Eagles,65.0,away,0.0,0.0,False,-19.0
2019-01-12,Wyoming Cowboys,55.0,home,0.0,0.0,False,-16.0
2019-01-12,Utah State Aggies,71.0,away,0.0,0.0,True,16.0
2019-01-12,Stephen F. Austin Lumberjacks,59.0,home,0.0,0.0,False,-2.0
2019-01-12,Northwestern State Demons,61.0,away,0.0,0.0,True,2.0
2019-01-12,Belmont Bruins,109.0,home,0.0,0.0,True,16.0
2019-01-12,Eastern Kentucky Colonels,93.0,away,0.0,0.0,False,-16.0
2019-01-12,Mississippi Valley State Delta Devils,72.0,home,0.0,0.0,True,9.0
2019-01-12,Alabama A&M Bulldogs,63.0,away,0.0,0.0,False,-9.0
2019-01-12,Prairie View A&M Panthers,79.0,home,0.0,0.0,True,6.0
2019-01-12,Texas Southern Tigers,73.0,away,0.0,0.0,False,-6.0
2019-01-12,Grambling Tigers,69.0,home,0.0,0.0,True,6.0
2019-01-12,Southern Jaguars,63.0,away,0.0,0.0,False,-6.0
2019-01-12,UMass Lowell River Hawks,74.0,home,0.0,0.0,True,11.0
2019-01-12,UMBC Retrievers,63.0,away,0.0,0.0,False,-11.0
2019-01-12,Stanford Cardinal,85.0,home,0.0,0.0,True,14.0
2019-01-12,Arizona State Sun Devils,71.0,away,0.0,0.0,False,-14.0
2019-01-12,Jackson State Tigers,59.0,home,0.0,0.0,True,7.0
2019-01-12,Alcorn State Braves,52.0,away,0.0,0.0,False,-7.0
2019-01-12,Syracuse Orange,59.0,home,0.0,0.0,False,-14.0
2019-01-12,Georgia Tech Yellow Jackets,73.0,away,0.0,0.0,True,14.0
2019-01-12,New Mexico State Aggies,73.0,home,0.0,0.0,True,11.0
2019-01-12,Cal State Bakersfield Roadrunners,62.0,away,0.0,0.0,False,-11.0
2019-01-12,La Salle Explorers,64.0,home,0.0,0.0,False,-7.0
2019-01-12,Saint Louis Billikens,71.0,away,0.0,0.0,True,7.0
2019-01-12,SMU Mustangs,77.0,home,0.0,0.0,True,20.0
2019-01-12,Tulsa Golden Hurricane,57.0,away,0.0,0.0,False,-20.0
2019-01-12,Arkansas Razorbacks,88.0,home,0.0,0.0,False,-6.0
2019-01-12,LSU Tigers,94.0,away,0.0,0.0,True,6.0
2019-01-12,Sam Houston Bearkats,66.0,home,0.0,0.0,True,14.0
2019-01-12,Incarnate Word Cardinals,52.0,away,0.0,0.0,False,-14.0
2019-01-13,Dartmouth Big Green,81.0,home,0.0,0.0,True,18.0
2019-01-13,Harvard Crimson,63.0,away,0.0,0.0,False,-18.0
2019-01-13,Florida International Panthers,74.0,home,0.0,0.0,False,-1.0
2019-01-13,Old Dominion Monarchs,75.0,away,0.0,0.0,True,1.0
2019-01-13,Marshall Thundering Herd,70.0,home,0.0,0.0,True,1.0
2019-01-13,Western Kentucky Hilltoppers,69.0,away,0.0,0.0,False,-1.0
2019-01-13,Long Beach State Beach,82.0,home,0.0,0.0,True,5.0
2019-01-13,UC Davis Aggies,77.0,away,0.0,0.0,False,-5.0
2019-01-13,Stony Brook Seawolves,62.0,home,0.0,0.0,True,18.0
2019-01-13,New Hampshire Wildcats,44.0,away,0.0,0.0,False,-18.0
2019-01-13,Vermont Catamounts,81.0,home,0.0,0.0,True,19.0
2019-01-13,Hartford Hawks,62.0,away,0.0,0.0,False,-19.0
2019-01-13,Bradley Braves,64.0,home,0.0,0.0,False,-5.0
2019-01-13,Missouri State Bears,69.0,away,0.0,0.0,True,5.0
2019-01-13,Elon Phoenix,71.0,home,0.0,0.0,False,-3.0
2019-01-13,Hofstra Pride,74.0,away,0.0,0.0,True,3.0
2019-01-13,Utah Utes,88.0,home,0.0,0.0,True,18.0
2019-01-13,Washington State Cougars,70.0,away,0.0,0.0,False,-18.0
2019-01-13,UT Rio Grande Valley Vaqueros,65.0,home,0.0,0.0,False,-4.0
2019-01-13,Grand Canyon Lopes,69.0,away,0.0,0.0,True,4.0
2019-01-13,Tennessee State Tigers,61.0,home,0.0,0.0,False,-13.0
2019-01-13,Morehead State Eagles,74.0,away,0.0,0.0,True,13.0
2019-01-13,Cincinnati Bearcats,74.0,home,0.0,0.0,True,2.0
2019-01-13,UConn Huskies,72.0,away,0.0,0.0,False,-2.0
2019-01-13,Tennessee Tech Golden Eagles,60.0,home,0.0,0.0,False,-7.0
2019-01-13,Eastern Illinois Panthers,67.0,away,0.0,0.0,True,7.0
2019-01-13,BYU Cougars,80.0,home,0.0,0.0,True,6.0
2019-01-13,Santa Clara Broncos,74.0,away,0.0,0.0,False,-6.0
2019-01-13,Utah Valley Wolverines,88.0,home,0.0,0.0,True,10.0
2019-01-13,Seattle U Redhawks,78.0,away,0.0,0.0,False,-10.0
2019-01-13,UTEP Miners,65.0,home,0.0,0.0,True,1.0
2019-01-13,Rice Owls,64.0,away,0.0,0.0,False,-1.0
2019-01-13,Arkansas-Pine Bluff Golden Lions,82.0,home,0.0,0.0,True,11.0
2019-01-13,Alabama State Hornets,71.0,away,0.0,0.0,False,-11.0
2019-01-13,Cal State Fullerton Titans,46.0,home,0.0,0.0,False,-17.0
2019-01-13,UC Irvine Anteaters,63.0,away,0.0,0.0,True,17.0
2019-01-13,UC Santa Barbara Gauchos,72.0,home,0.0,0.0,True,8.0
2019-01-13,UC Riverside Highlanders,64.0,away,0.0,0.0,False,-8.0
2019-01-13,Portland Pilots,57.0,home,0.0,0.0,False,-8.0
2019-01-13,Pacific Tigers,65.0,away,0.0,0.0,True,8.0
2019-01-13,Colorado Buffaloes,70.0,home,0.0,0.0,False,-7.0
2019-01-13,Washington Huskies,77.0,away,0.0,0.0,True,7.0
2019-01-13,Cal Poly Mustangs,74.0,home,0.0,0.0,False,-4.0
2019-01-13,Cal State Northridge Matadors,78.0,away,0.0,0.0,True,4.0
2019-01-13,Sacramento State Hornets,70.0,home,0.0,0.0,False,-2.0
2019-01-13,Idaho State Bengals,72.0,away,0.0,0.0,True,2.0
2019-01-13,Loyola Marymount Lions,60.0,home,0.0,0.0,False,-11.0
2019-01-13,Saint Mary's Gaels,71.0,away,0.0,0.0,True,11.0
2019-01-13,Portland State Vikings,88.0,home,0.0,0.0,False,-7.0
2019-01-13,Weber State Wildcats,95.0,away,0.0,0.0,True,7.0
2019-01-13,California Golden Bears,65.0,home,0.0,0.0,False,-22.0
2019-01-13,Arizona Wildcats,87.0,away,0.0,0.0,True,22.0
2019-01-24,Houston Cougars,94.0,home,0.0,0.0,True,44.0
2019-01-24,East Carolina Pirates,50.0,away,0.0,0.0,False,-44.0
2019-01-24,Bradley Braves,85.0,home,0.0,0.0,True,17.0
2019-01-24,Illinois State Redbirds,68.0,away,0.0,0.0,False,-17.0
2019-01-24,LSU Tigers,92.0,home,0.0,0.0,True,10.0
2019-01-24,Georgia Bulldogs,82.0,away,0.0,0.0,False,-10.0
2019-01-24,Nevada Wolf Pack,100.0,home,0.0,0.0,True,40.0
2019-01-24,Colorado State Rams,60.0,away,0.0,0.0,False,-40.0
2019-01-23,Xavier Musketeers,62.0,home,0.0,0.0,False,-2.0
2019-01-23,Providence Friars,64.0,away,0.0,0.0,True,2.0
2019-01-24,Indiana State Sycamores,70.0,home,0.0,0.0,True,17.0
2019-01-24,Valparaiso Beacons,53.0,away,0.0,0.0,False,-17.0
2019-01-24,Florida Atlantic Owls,74.0,home,0.0,0.0,False,-4.0
2019-01-24,Florida International Panthers,78.0,away,0.0,0.0,True,4.0
2019-01-24,Fordham Rams,71.0,home,0.0,0.0,False,-2.0
2019-01-24,La Salle Explorers,73.0,away,0.0,0.0,True,2.0
2019-01-24,Binghamton Bearcats,79.0,home,0.0,0.0,False,-6.0
2019-01-24,UMass Lowell River Hawks,85.0,away,0.0,0.0,True,6.0
2019-01-24,Vermont Catamounts,61.0,home,0.0,0.0,False,-13.0
2019-01-24,UMBC Retrievers,74.0,away,0.0,0.0,True,13.0
2019-01-24,Hartford Hawks,74.0,home,0.0,0.0,True,35.0
2019-01-24,New Hampshire Wildcats,39.0,away,0.0,0.0,False,-35.0
2019-01-24,Bucknell Bison,71.0,home,0.0,0.0,True,3.0
2019-01-24,Loyola Maryland Greyhounds,68.0,away,0.0,0.0,False,-3.0
2019-01-24,Marquette Golden Eagles,79.0,home,0.0,0.0,True,10.0
2019-01-24,DePaul Blue Demons,69.0,away,0.0,0.0,False,-10.0
2019-01-23,Boston University Terriers,66.0,home,0.0,0.0,False,-4.0
2019-01-23,American University Eagles,70.0,away,0.0,0.0,True,4.0
2019-01-24,Vanderbilt Commodores,83.0,home,0.0,0.0,False,-5.0
2019-01-24,Tennessee Volunteers,88.0,away,0.0,0.0,True,5.0
2019-01-24,Army Black Knights,76.0,home,0.0,0.0,True,19.0
2019-01-24,Holy Cross Crusaders,57.0,away,0.0,0.0,False,-19.0
2019-01-24,Navy Midshipmen,74.0,home,0.0,0.0,False,-11.0
2019-01-24,Lehigh Mountain Hawks,85.0,away,0.0,0.0,True,11.0
2019-01-24,UAlbany Great Danes,66.0,home,0.0,0.0,False,-1.0
2019-01-24,Stony Brook Seawolves,67.0,away,0.0,0.0,True,1.0
2019-01-24,Rhode Island Rams,71.0,home,0.0,0.0,True,6.0
2019-01-24,VCU Rams,65.0,away,0.0,0.0,False,-6.0
2019-01-24,Colgate Raiders,57.0,home,0.0,0.0,True,10.0
2019-01-24,Lafayette Leopards,47.0,away,0.0,0.0,False,-10.0
2019-01-24,Saint Joseph's Hawks,74.0,home,0.0,0.0,True,4.0
2019-01-24,Richmond Spiders,70.0,away,0.0,0.0,False,-4.0
2019-01-24,Massachusetts Minutemen,51.0,home,0.0,0.0,False,-14.0
2019-01-24,St. Bonaventure Bonnies,65.0,away,0.0,0.0,True,14.0
2019-01-24,Lamar Cardinals,87.0,home,0.0,0.0,True,6.0
2019-01-24,Incarnate Word Cardinals,81.0,away,0.0,0.0,False,-6.0
2019-01-24,Dayton Flyers,63.0,home,0.0,0.0,False,-4.0
2019-01-24,George Mason Patriots,67.0,away,0.0,0.0,True,4.0
2019-01-24,Southern Illinois Salukis,70.0,home,0.0,0.0,True,8.0
2019-01-24,Northern Iowa Panthers,62.0,away,0.0,0.0,False,-8.0
2019-01-24,Stephen F. Austin Lumberjacks,61.0,home,0.0,0.0,True,1.0
2019-01-24,Abilene Christian Wildcats,60.0,away,0.0,0.0,False,-1.0
2019-01-24,TCU Horned Frogs,65.0,home,0.0,0.0,True,4.0
2019-01-24,Texas Longhorns,61.0,away,0.0,0.0,False,-4.0
2019-01-24,Duquesne Dukes,77.0,home,0.0,0.0,True,4.0
2019-01-24,Saint Louis Billikens,73.0,away,0.0,0.0,False,-4.0
2019-01-24,Ohio State Buckeyes,67.0,home,0.0,0.0,False,-12.0
2019-01-24,Purdue Boilermakers,79.0,away,0.0,0.0,True,12.0
2019-01-24,Davidson Wildcats,73.0,home,0.0,0.0,True,11.0
2019-01-24,George Washington Revolutionaries,62.0,away,0.0,0.0,False,-11.0
2019-01-24,Wyoming Cowboys,59.0,home,0.0,0.0,True,13.0
2019-01-24,San José State Spartans,46.0,away,0.0,0.0,False,-13.0
2019-01-24,Houston Christian Huskies,67.0,home,0.0,0.0,False,-3.0
2019-01-24,SE Louisiana Lions,70.0,away,0.0,0.0,True,3.0
2019-01-24,Northwestern State Demons,64.0,home,0.0,0.0,False,-14.0
2019-01-24,Sam Houston Bearkats,78.0,away,0.0,0.0,True,14.0
2019-01-24,North Dakota Fighting Hawks,56.0,home,0.0,0.0,False,-14.0
2019-01-24,South Dakota Coyotes,70.0,away,0.0,0.0,True,14.0
2019-01-24,Texas A&M-Corpus Christi Islanders,75.0,home,0.0,0.0,True,2.0
2019-01-24,Nicholls Colonels,73.0,away,0.0,0.0,False,-2.0
2019-01-24,Oklahoma State Cowboys,61.0,home,0.0,0.0,False,-9.0
2019-01-24,Oklahoma Sooners,70.0,away,0.0,0.0,True,9.0
2019-01-24,Missouri State Bears,70.0,home,0.0,0.0,True,35.0
2019-01-24,Loyola Chicago Ramblers,35.0,away,0.0,0.0,False,-35.0
2019-01-24,Drake Bulldogs,78.0,home,0.0,0.0,True,12.0
2019-01-24,Evansville Purple Aces,66.0,away,0.0,0.0,False,-12.0
2019-01-24,Central Arkansas Bears,76.0,home,0.0,0.0,True,5.0
2019-01-24,New Orleans Privateers,71.0,away,0.0,0.0,False,-5.0
2019-01-24,Tulane Green Wave,50.0,home,0.0,0.0,False,-25.0
2019-01-24,UCF Knights,75.0,away,0.0,0.0,True,25.0
2019-01-24,Illinois Fighting Illini,60.0,home,0.0,0.0,False,-12.0
2019-01-24,Wisconsin Badgers,72.0,away,0.0,0.0,True,12.0
2019-01-24,Arkansas Razorbacks,72.0,home,0.0,0.0,True,12.0
2019-01-24,Missouri Tigers,60.0,away,0.0,0.0,False,-12.0
2019-01-24,Cal State Northridge Matadors,86.0,home,0.0,0.0,True,15.0
2019-01-24,Long Beach State Beach,71.0,away,0.0,0.0,False,-15.0
2019-01-24,Hawai'i Rainbow Warriors,74.0,home,0.0,0.0,False,-1.0
2019-01-24,UC Irvine Anteaters,75.0,away,0.0,0.0,True,1.0
2019-01-24,Cal Poly Mustangs,51.0,home,0.0,0.0,False,-23.0
2019-01-24,UC Riverside Highlanders,74.0,away,0.0,0.0,True,23.0
2019-01-29,Howard Bison,72.0,home,0.0,0.0,True,15.0
2019-01-29,Maryland Eastern Shore Hawks,57.0,away,0.0,0.0,False,-15.0
2019-01-29,Texas Tech Red Raiders,84.0,home,0.0,0.0,True,19.0
2019-01-29,TCU Horned Frogs,65.0,away,0.0,0.0,False,-19.0
2019-01-29,Savannah State Tigers,78.0,home,0.0,0.0,False,-4.0
2019-01-29,North Carolina Central Eagles,82.0,away,0.0,0.0,True,4.0
2019-01-29,Mississippi Valley State Delta Devils,62.0,home,0.0,0.0,False,-3.0
2019-01-29,Texas Southern Tigers,65.0,away,0.0,0.0,True,3.0
2019-01-28,Northern Arizona Lumberjacks,80.0,home,0.0,0.0,True,3.0
2019-01-28,Southern Utah Thunderbirds,77.0,away,0.0,0.0,False,-3.0
2019-01-29,Notre Dame Fighting Irish,61.0,home,0.0,0.0,False,-22.0
2019-01-29,Duke Blue Devils,83.0,away,0.0,0.0,True,22.0
2019-01-29,Alabama A&M Bulldogs,71.0,home,0.0,0.0,True,9.0
2019-01-29,Alcorn State Braves,62.0,away,0.0,0.0,False,-9.0
2019-01-29,Oklahoma Sooners,47.0,home,0.0,0.0,False,-30.0
2019-01-29,Baylor Bears,77.0,away,0.0,0.0,True,30.0
2019-01-29,Coppin State Eagles,95.0,home,0.0,0.0,True,4.0
2019-01-29,Bethune-Cookman Wildcats,91.0,away,0.0,0.0,False,-4.0
2019-01-29,Arkansas-Pine Bluff Golden Lions,63.0,home,0.0,0.0,False,-16.0
2019-01-29,Prairie View A&M Panthers,79.0,away,0.0,0.0,True,16.0
2019-01-29,Morgan State Bears,66.0,home,0.0,0.0,False,-6.0
2019-01-29,Florida A&M Rattlers,72.0,away,0.0,0.0,True,6.0
2019-01-29,Alabama State Hornets,69.0,home,0.0,0.0,True,4.0
2019-01-29,Southern Jaguars,65.0,away,0.0,0.0,False,-4.0
2019-01-25,Northern Kentucky Norse,87.0,home,0.0,0.0,True,22.0
2019-01-25,Green Bay Phoenix,65.0,away,0.0,0.0,False,-22.0
2019-01-25,Wofford Terriers,107.0,home,0.0,0.0,True,1.0
2019-01-25,Samford Bulldogs,106.0,away,0.0,0.0,False,-1.0
2019-01-25,Mount St. Mary's Mountaineers,74.0,home,0.0,0.0,True,2.0
2019-01-25,Long Island University Sharks,72.0,away,0.0,0.0,False,-2.0
2019-01-25,Santa Clara Broncos,39.0,home,0.0,0.0,False,-59.0
2019-01-25,Gonzaga Bulldogs,98.0,away,0.0,0.0,True,59.0
2019-01-25,Radford Highlanders,86.0,home,0.0,0.0,True,8.0
2019-01-25,Charleston Southern Buccaneers,78.0,away,0.0,0.0,False,-8.0
2019-01-24,IU Indianapolis Jaguars,73.0,home,0.0,0.0,True,2.0
2019-01-24,Oakland Golden Grizzlies,71.0,away,0.0,0.0,False,-2.0
2019-01-25,Robert Morris Colonials,72.0,home,0.0,0.0,True,8.0
2019-01-25,Sacred Heart Pioneers,64.0,away,0.0,0.0,False,-8.0
2019-01-25,Furman Paladins,73.0,home,0.0,0.0,True,15.0
2019-01-25,Chattanooga Mocs,58.0,away,0.0,0.0,False,-15.0
2019-01-25,Saint Francis Red Flash,79.0,home,0.0,0.0,False,-4.0
2019-01-25,Wagner Seahawks,83.0,away,0.0,0.0,True,4.0
2019-01-25,Iowa Hawkeyes,67.0,home,0.0,0.0,False,-15.0
2019-01-25,Michigan State Spartans,82.0,away,0.0,0.0,True,15.0
2019-01-25,Georgia Southern Eagles,67.0,home,0.0,0.0,False,-5.0
2019-01-25,UT Arlington Mavericks,72.0,away,0.0,0.0,True,5.0
2019-01-25,Campbell Fighting Camels,77.0,home,0.0,0.0,True,4.0
2019-01-25,Presbyterian Blue Hose,73.0,away,0.0,0.0,False,-4.0
2019-01-25,UNC Greensboro Spartans,83.0,home,0.0,0.0,True,23.0
2019-01-25,The Citadel Bulldogs,60.0,away,0.0,0.0,False,-23.0
2019-01-25,Georgia State Panthers,68.0,home,0.0,0.0,False,-13.0
2019-01-25,Texas State Bobcats,81.0,away,0.0,0.0,True,13.0
2019-01-25,Wright State Raiders,56.0,home,0.0,0.0,True,2.0
2019-01-25,Milwaukee Panthers,54.0,away,0.0,0.0,False,-2.0
2019-01-25,Winthrop Eagles,97.0,home,0.0,0.0,True,9.0
2019-01-25,Gardner-Webb Runnin' Bulldogs,88.0,away,0.0,0.0,False,-9.0
2019-01-25,Fairleigh Dickinson Knights,60.0,home,0.0,0.0,True,2.0
2019-01-25,St. Francis Brooklyn Terriers,58.0,away,0.0,0.0,False,-2.0
2019-01-25,Longwood Lancers,55.0,home,0.0,0.0,True,4.0
2019-01-25,High Point Panthers,51.0,away,0.0,0.0,False,-4.0
2019-01-25,Louisville Cardinals,84.0,home,0.0,0.0,True,7.0
2019-01-25,NC State Wolfpack,77.0,away,0.0,0.0,False,-7.0
2019-01-25,Hampton Pirates,88.0,home,0.0,0.0,True,18.0
2019-01-25,South Carolina Upstate Spartans,70.0,away,0.0,0.0,False,-18.0
2019-01-25,Bryant Bulldogs,63.0,home,0.0,0.0,True,3.0
2019-01-25,Central Connecticut Blue Devils,60.0,away,0.0,0.0,False,-3.0
2019-01-25,North Florida Ospreys,81.0,home,0.0,0.0,False,-5.0
2019-01-25,Jacksonville Dolphins,86.0,away,0.0,0.0,True,5.0
2019-01-25,Canisius Golden Griffins,80.0,home,0.0,0.0,True,14.0
2019-01-25,Monmouth Hawks,66.0,away,0.0,0.0,False,-14.0
2019-01-25,North Alabama Lions,76.0,home,0.0,0.0,True,5.0
2019-01-25,Kennesaw State Owls,71.0,away,0.0,0.0,False,-5.0
2019-01-25,Stetson Hatters,59.0,home,0.0,0.0,False,-23.0
2019-01-25,NJIT Highlanders,82.0,away,0.0,0.0,True,23.0
2019-01-25,Kansas City Roos,67.0,home,0.0,0.0,False,-8.0
2019-01-25,Utah Valley Wolverines,75.0,away,0.0,0.0,True,8.0
2019-01-25,Fairfield Stags,48.0,home,0.0,0.0,False,-9.0
2019-01-25,Siena Saints,57.0,away,0.0,0.0,True,9.0
2019-01-25,UNC Wilmington Seahawks,93.0,home,0.0,0.0,True,5.0
2019-01-25,William & Mary Tribe,88.0,away,0.0,0.0,False,-5.0
2019-01-25,Little Rock Trojans,71.0,home,0.0,0.0,False,-1.0
2019-01-25,Coastal Carolina Chanticleers,72.0,away,0.0,0.0,True,1.0
2019-01-25,Morehead State Eagles,67.0,home,0.0,0.0,True,6.0
2019-01-25,Tennessee Tech Golden Eagles,61.0,away,0.0,0.0,False,-6.0
2019-01-25,Eastern Kentucky Colonels,88.0,home,0.0,0.0,True,18.0
2019-01-25,Jacksonville State Gamecocks,70.0,away,0.0,0.0,False,-18.0
2019-01-25,Towson Tigers,75.0,home,0.0,0.0,True,3.0
2019-01-25,Northeastern Huskies,72.0,away,0.0,0.0,False,-3.0
2019-01-25,Cincinnati Bearcats,88.0,home,0.0,0.0,True,24.0
2019-01-25,Tulsa Golden Hurricane,64.0,away,0.0,0.0,False,-24.0
2019-01-25,Lipscomb Bisons,89.0,home,0.0,0.0,True,8.0
2019-01-25,Florida Gulf Coast Eagles,81.0,away,0.0,0.0,False,-8.0
2019-01-25,Mercer Bears,88.0,home,0.0,0.0,True,20.0
2019-01-25,VMI Keydets,68.0,away,0.0,0.0,False,-20.0
2019-01-25,North Texas Mean Green,49.0,home,0.0,0.0,False,-3.0
2019-01-25,UAB Blazers,52.0,away,0.0,0.0,True,3.0
2019-01-25,James Madison Dukes,68.0,home,0.0,0.0,False,-17.0
2019-01-25,Hofstra Pride,85.0,away,0.0,0.0,True,17.0
2019-01-25,Charleston Cougars,72.0,home,0.0,0.0,True,19.0
2019-01-25,Elon Phoenix,53.0,away,0.0,0.0,False,-19.0
2019-01-25,Temple Owls,85.0,home,0.0,0.0,True,9.0
2019-01-25,Memphis Tigers,76.0,away,0.0,0.0,False,-9.0
2019-01-25,Purdue Fort Wayne Mastodons,79.0,home,0.0,0.0,False,-6.0
2019-01-25,Omaha Mavericks,85.0,away,0.0,0.0,True,6.0
2019-01-25,Arkansas State Red Wolves,82.0,home,0.0,0.0,True,1.0
2019-01-25,App State Mountaineers,81.0,away,0.0,0.0,False,-1.0
2019-01-25,UIC Flames,79.0,home,0.0,0.0,True,12.0
2019-01-25,Detroit Mercy Titans,67.0,away,0.0,0.0,False,-12.0
2019-01-25,South Dakota State Jackrabbits,87.0,home,0.0,0.0,True,18.0
2019-01-25,North Dakota State Bison,69.0,away,0.0,0.0,False,-18.0
2019-01-25,Southern Miss Golden Eagles,63.0,home,0.0,0.0,False,-3.0
2019-01-25,Western Kentucky Hilltoppers,66.0,away,0.0,0.0,True,3.0
2019-01-25,UL Monroe Warhawks,75.0,home,0.0,0.0,True,6.0
2019-01-25,Troy Trojans,69.0,away,0.0,0.0,False,-6.0
2019-01-25,Rice Owls,79.0,home,0.0,0.0,True,11.0
2019-01-25,Middle Tennessee Blue Raiders,68.0,away,0.0,0.0,False,-11.0
2019-01-25,Louisiana Ragin' Cajuns,88.0,home,0.0,0.0,True,4.0
2019-01-25,South Alabama Jaguars,84.0,away,0.0,0.0,False,-4.0
2019-01-25,Syracuse Orange,73.0,home,0.0,0.0,True,20.0
2019-01-25,Miami Hurricanes,53.0,away,0.0,0.0,False,-20.0
2019-01-25,UT Martin Skyhawks,64.0,home,0.0,0.0,False,-2.0
2019-01-25,Eastern Illinois Panthers,66.0,away,0.0,0.0,True,2.0
2019-01-25,Louisiana Tech Bulldogs,89.0,home,0.0,0.0,True,9.0
2019-01-25,Marshall Thundering Herd,80.0,away,0.0,0.0,False,-9.0
2019-01-25,Austin Peay Governors,89.0,home,0.0,0.0,True,15.0
2019-01-25,Tennessee State Tigers,74.0,away,0.0,0.0,False,-15.0
2019-01-25,USC Trojans,80.0,home,0.0,0.0,True,23.0
2019-01-25,Arizona Wildcats,57.0,away,0.0,0.0,False,-23.0
2019-01-25,UTEP Miners,48.0,home,0.0,0.0,False,-2.0
2019-01-25,Old Dominion Monarchs,50.0,away,0.0,0.0,True,2.0
2019-01-25,Southeast Missouri State Redhawks,86.0,home,0.0,0.0,False,-1.0
2019-01-25,SIU Edwardsville Cougars,87.0,away,0.0,0.0,True,1.0
2019-01-25,Chicago State Cougars,47.0,home,0.0,0.0,False,-28.0
2019-01-25,Seattle U Redhawks,75.0,away,0.0,0.0,True,28.0
2019-01-25,UTSA Roadrunners,88.0,home,0.0,0.0,True,45.0
2019-01-25,Charlotte 49ers,43.0,away,0.0,0.0,False,-45.0
2019-01-25,Murray State Racers,66.0,home,0.0,0.0,False,-13.0
2019-01-25,Belmont Bruins,79.0,away,0.0,0.0,True,13.0
2019-01-25,Stanford Cardinal,66.0,home,0.0,0.0,False,-4.0
2019-01-25,Utah Utes,70.0,away,0.0,0.0,True,4.0
2019-01-25,Oregon Ducks,56.0,home,0.0,0.0,False,-5.0
2019-01-25,Washington Huskies,61.0,away,0.0,0.0,True,5.0
2019-01-25,Northern Colorado Bears,79.0,home,0.0,0.0,True,11.0
2019-01-25,Southern Utah Thunderbirds,68.0,away,0.0,0.0,False,-11.0
2019-01-25,Montana State Bobcats,84.0,home,0.0,0.0,False,-9.0
2019-01-25,Weber State Wildcats,93.0,away,0.0,0.0,True,9.0
2019-01-25,California Baptist Lancers,84.0,home,0.0,0.0,False,-4.0
2019-01-25,Cal State Bakersfield Roadrunners,88.0,away,0.0,0.0,True,4.0
2019-01-25,San Diego Toreros,71.0,home,0.0,0.0,True,13.0
2019-01-25,Loyola Marymount Lions,58.0,away,0.0,0.0,False,-13.0
2019-01-25,San Francisco Dons,83.0,home,0.0,0.0,True,22.0
2019-01-25,Portland Pilots,61.0,away,0.0,0.0,False,-22.0
2019-01-25,Montana Grizzlies,80.0,home,0.0,0.0,True,11.0
2019-01-25,Idaho State Bengals,69.0,away,0.0,0.0,False,-11.0
2019-01-25,BYU Cougars,71.0,home,0.0,0.0,True,5.0
2019-01-25,Saint Mary's Gaels,66.0,away,0.0,0.0,False,-5.0
2019-01-25,Oregon State Beavers,90.0,home,0.0,0.0,True,13.0
2019-01-25,Washington State Cougars,77.0,away,0.0,0.0,False,-13.0
2019-01-25,Sacramento State Hornets,69.0,home,0.0,0.0,True,21.0
2019-01-25,Idaho Vandals,48.0,away,0.0,0.0,False,-21.0
2019-01-25,Cal State Fullerton Titans,81.0,home,0.0,0.0,True,21.0
2019-01-25,UC Santa Barbara Gauchos,60.0,away,0.0,0.0,False,-21.0
2019-01-25,Portland State Vikings,78.0,home,0.0,0.0,True,13.0
2019-01-25,Eastern Washington Eagles,65.0,away,0.0,0.0,False,-13.0
2019-01-25,California Golden Bears,59.0,home,0.0,0.0,False,-9.0
2019-01-25,Colorado Buffaloes,68.0,away,0.0,0.0,True,9.0
2019-01-25,UCLA Bruins,73.0,home,0.0,0.0,False,-11.0
2019-01-25,Arizona State Sun Devils,84.0,away,0.0,0.0,True,11.0
2019-01-27,Tulsa Golden Hurricane,65.0,home,0.0,0.0,False,-12.0
2019-01-27,Houston Cougars,77.0,away,0.0,0.0,True,12.0
2019-01-27,Memphis Tigers,77.0,home,0.0,0.0,True,20.0
2019-01-27,UCF Knights,57.0,away,0.0,0.0,False,-20.0
2019-01-27,Purdue Boilermakers,73.0,home,0.0,0.0,True,10.0
2019-01-27,Michigan State Spartans,63.0,away,0.0,0.0,False,-10.0
2019-01-27,Rider Broncs,86.0,home,0.0,0.0,True,1.0
2019-01-27,Marist Red Foxes,85.0,away,0.0,0.0,False,-1.0
2019-01-27,NJIT Highlanders,76.0,home,0.0,0.0,True,6.0
2019-01-27,North Alabama Lions,70.0,away,0.0,0.0,False,-6.0
2019-01-27,Quinnipiac Bobcats,77.0,home,0.0,0.0,True,19.0
2019-01-27,Saint Peter's Peacocks,58.0,away,0.0,0.0,False,-19.0
2019-01-27,Fairfield Stags,80.0,home,0.0,0.0,True,12.0
2019-01-27,Iona Gaels,68.0,away,0.0,0.0,False,-12.0
2019-01-27,Illinois State Redbirds,76.0,home,0.0,0.0,True,14.0
2019-01-27,Indiana State Sycamores,62.0,away,0.0,0.0,False,-14.0
2019-01-27,Villanova Wildcats,80.0,home,0.0,0.0,True,28.0
2019-01-27,Seton Hall Pirates,52.0,away,0.0,0.0,False,-28.0
2019-01-27,Stetson Hatters,65.0,home,0.0,0.0,False,-23.0
2019-01-27,Lipscomb Bisons,88.0,away,0.0,0.0,True,23.0
2019-01-27,Princeton Tigers,91.0,home,0.0,0.0,True,29.0
2019-01-27,Wesley Wolverines,62.0,away,0.0,0.0,False,-29.0
2019-01-27,Minnesota Golden Gophers,92.0,home,0.0,0.0,True,5.0
2019-01-27,Iowa Hawkeyes,87.0,away,0.0,0.0,False,-5.0
2019-01-27,Massachusetts Minutemen,77.0,home,0.0,0.0,True,7.0
2019-01-27,Rhode Island Rams,70.0,away,0.0,0.0,False,-7.0
2019-01-27,Providence Friars,70.0,home,0.0,0.0,True,3.0
2019-01-27,DePaul Blue Demons,67.0,away,0.0,0.0,False,-3.0
2019-01-27,Temple Owls,68.0,home,0.0,0.0,False,-4.0
2019-01-27,Cincinnati Bearcats,72.0,away,0.0,0.0,True,4.0
2019-01-27,Loyola Chicago Ramblers,75.0,home,0.0,0.0,True,25.0
2019-01-27,Southern Illinois Salukis,50.0,away,0.0,0.0,False,-25.0
2019-01-27,Florida Gulf Coast Eagles,88.0,home,0.0,0.0,True,8.0
2019-01-27,North Florida Ospreys,80.0,away,0.0,0.0,False,-8.0
2019-01-27,St. John's Red Storm,78.0,home,0.0,0.0,False,-11.0
2019-01-27,Georgetown Hoyas,89.0,away,0.0,0.0,True,11.0
2019-01-27,Miami Hurricanes,66.0,home,0.0,0.0,False,-12.0
2019-01-27,Florida State Seminoles,78.0,away,0.0,0.0,True,12.0
2019-01-27,Jacksonville Dolphins,59.0,home,0.0,0.0,False,-10.0
2019-01-27,Liberty Flames,69.0,away,0.0,0.0,True,10.0
2019-01-28,Oregon Ducks,78.0,home,0.0,0.0,True,20.0
2019-01-28,Washington State Cougars,58.0,away,0.0,0.0,False,-20.0
2019-01-30,NC State Wolfpack,65.0,home,0.0,0.0,False,-1.0
2019-01-30,Virginia Cavaliers,66.0,away,0.0,0.0,True,1.0
2019-01-30,Nebraska Cornhuskers,51.0,home,0.0,0.0,False,-11.0
2019-01-30,Wisconsin Badgers,62.0,away,0.0,0.0,True,11.0
2019-01-30,Colorado State Rams,68.0,home,0.0,0.0,False,-2.0
2019-01-30,Boise State Broncos,70.0,away,0.0,0.0,True,2.0
2019-01-30,Alabama Crimson Tide,83.0,home,0.0,0.0,True,4.0
2019-01-30,Mississippi State Bulldogs,79.0,away,0.0,0.0,False,-4.0
2019-01-30,Miami (OH) RedHawks,63.0,home,0.0,0.0,False,-3.0
2019-01-30,Toledo Rockets,66.0,away,0.0,0.0,True,3.0
2019-01-30,Texas Longhorns,73.0,home,0.0,0.0,True,10.0
2019-01-30,Kansas Jayhawks,63.0,away,0.0,0.0,False,-10.0
2019-01-30,UNLV Rebels,70.0,home,0.0,0.0,False,-17.0
2019-01-30,Nevada Wolf Pack,87.0,away,0.0,0.0,True,17.0
2019-01-30,Michigan Wolverines,65.0,home,0.0,0.0,True,16.0
2019-01-30,Ohio State Buckeyes,49.0,away,0.0,0.0,False,-16.0
2019-01-30,Valparaiso Beacons,54.0,home,0.0,0.0,False,-1.0
2019-01-30,Missouri State Bears,55.0,away,0.0,0.0,True,1.0
2019-01-30,Arkansas Razorbacks,70.0,home,0.0,0.0,True,10.0
2019-01-30,Georgia Bulldogs,60.0,away,0.0,0.0,False,-10.0
2019-01-30,Liberty Flames,59.0,home,0.0,0.0,False,-20.0
2019-01-30,Lipscomb Bisons,79.0,away,0.0,0.0,True,20.0
2019-01-30,Clemson Tigers,82.0,home,0.0,0.0,True,13.0
2019-01-30,Pittsburgh Panthers,69.0,away,0.0,0.0,False,-13.0
2019-01-30,Buffalo Bulls,83.0,home,0.0,0.0,True,24.0
2019-01-30,Ball State Cardinals,59.0,away,0.0,0.0,False,-24.0
2019-01-30,Georgia Tech Yellow Jackets,54.0,home,0.0,0.0,False,-23.0
2019-01-30,North Carolina Tar Heels,77.0,away,0.0,0.0,True,23.0
2019-01-30,Central Michigan Chippewas,86.0,home,0.0,0.0,True,4.0
2019-01-30,Eastern Michigan Eagles,82.0,away,0.0,0.0,False,-4.0
2019-01-29,Northern Illinois Huskies,71.0,home,0.0,0.0,True,11.0
2019-01-29,Ohio Bobcats,60.0,away,0.0,0.0,False,-11.0
2019-01-30,Dayton Flyers,75.0,home,0.0,0.0,True,11.0
2019-01-30,Saint Joseph's Hawks,64.0,away,0.0,0.0,False,-11.0
2019-01-29,South Carolina Gamecocks,70.0,home,0.0,0.0,False,-22.0
2019-01-29,Tennessee Volunteers,92.0,away,0.0,0.0,True,22.0
2019-01-30,Vanderbilt Commodores,52.0,home,0.0,0.0,False,-35.0
2019-01-30,Kentucky Wildcats,87.0,away,0.0,0.0,True,35.0
2019-01-30,Maryland Terrapins,70.0,home,0.0,0.0,True,18.0
2019-01-30,Northwestern Wildcats,52.0,away,0.0,0.0,False,-18.0
2019-01-30,Cal State Bakersfield Roadrunners,81.0,home,0.0,0.0,True,27.0
2019-01-30,UC Santa Cruz Banana Slugs,54.0,away,0.0,0.0,False,-27.0
2019-02-02,St. Bonaventure Bonnies,66.0,home,0.0,0.0,False,-9.0
2019-02-02,Davidson Wildcats,75.0,away,0.0,0.0,True,9.0
2019-02-01,Cornell Big Red,80.0,home,0.0,0.0,True,9.0
2019-02-01,Pennsylvania Quakers,71.0,away,0.0,0.0,False,-9.0
2019-02-02,Harvard Crimson,65.0,home,0.0,0.0,True,16.0
2019-02-02,Yale Bulldogs,49.0,away,0.0,0.0,False,-16.0
2019-02-02,Green Bay Phoenix,90.0,home,0.0,0.0,True,16.0
2019-02-02,Milwaukee Panthers,74.0,away,0.0,0.0,False,-16.0
2019-02-02,Wisconsin Badgers,69.0,home,0.0,0.0,True,8.0
2019-02-02,Maryland Terrapins,61.0,away,0.0,0.0,False,-8.0
2019-02-02,Bowling Green Falcons,92.0,home,0.0,0.0,True,4.0
2019-02-02,Buffalo Bulls,88.0,away,0.0,0.0,False,-4.0
2019-02-01,Western Illinois Leathernecks,73.0,home,0.0,0.0,False,-1.0
2019-02-01,North Dakota Fighting Hawks,74.0,away,0.0,0.0,True,1.0
2019-02-02,Dartmouth Big Green,58.0,home,0.0,0.0,False,-2.0
2019-02-02,Brown Bears,60.0,away,0.0,0.0,True,2.0
2019-02-02,Columbia Lions,43.0,home,0.0,0.0,False,-12.0
2019-02-02,Princeton Tigers,55.0,away,0.0,0.0,True,12.0
2019-02-02,UIC Flames,67.0,home,0.0,0.0,True,14.0
2019-02-02,Wright State Raiders,53.0,away,0.0,0.0,False,-14.0
2019-02-02,Canisius Golden Griffins,75.0,home,0.0,0.0,True,5.0
2019-02-02,Quinnipiac Bobcats,70.0,away,0.0,0.0,False,-5.0
2019-02-02,Iowa Hawkeyes,74.0,home,0.0,0.0,True,15.0
2019-02-02,Michigan Wolverines,59.0,away,0.0,0.0,False,-15.0
2019-02-02,IU Indianapolis Jaguars,83.0,home,0.0,0.0,True,6.0
2019-02-02,Northern Kentucky Norse,77.0,away,0.0,0.0,False,-6.0
2019-01-19,Lehigh Mountain Hawks,83.0,home,0.0,0.0,False,-2.0
2019-01-19,Bucknell Bison,85.0,away,0.0,0.0,True,2.0
2019-01-19,Wisconsin Badgers,64.0,home,0.0,0.0,True,10.0
2019-01-19,Michigan Wolverines,54.0,away,0.0,0.0,False,-10.0
2019-01-19,West Virginia Mountaineers,65.0,home,0.0,0.0,True,1.0
2019-01-19,Kansas Jayhawks,64.0,away,0.0,0.0,False,-1.0
2019-01-19,Tennessee Volunteers,71.0,home,0.0,0.0,True,3.0
2019-01-19,Alabama Crimson Tide,68.0,away,0.0,0.0,False,-3.0
2019-01-19,Duke Blue Devils,72.0,home,0.0,0.0,True,2.0
2019-01-19,Virginia Cavaliers,70.0,away,0.0,0.0,False,-2.0
2019-01-19,Notre Dame Fighting Irish,73.0,home,0.0,0.0,False,-4.0
2019-01-19,NC State Wolfpack,77.0,away,0.0,0.0,True,4.0
2019-01-19,Miami Hurricanes,76.0,home,0.0,0.0,False,-9.0
2019-01-19,North Carolina Tar Heels,85.0,away,0.0,0.0,True,9.0
2019-01-19,Georgia Bulldogs,52.0,home,0.0,0.0,False,-10.0
2019-01-19,Florida Gators,62.0,away,0.0,0.0,True,10.0
2019-01-19,Purdue Boilermakers,70.0,home,0.0,0.0,True,15.0
2019-01-19,Indiana Hoosiers,55.0,away,0.0,0.0,False,-15.0
2019-01-19,Baylor Bears,73.0,home,0.0,0.0,True,11.0
2019-01-19,Texas Tech Red Raiders,62.0,away,0.0,0.0,False,-11.0
2019-01-20,Portland Pilots,66.0,home,0.0,0.0,False,-23.0
2019-01-20,Gonzaga Bulldogs,89.0,away,0.0,0.0,True,23.0
2019-01-20,Texas Longhorns,75.0,home,0.0,0.0,True,3.0
2019-01-20,Oklahoma Sooners,72.0,away,0.0,0.0,False,-3.0
2019-01-20,Nevada Wolf Pack,67.0,home,0.0,0.0,True,15.0
2019-01-20,Air Force Falcons,52.0,away,0.0,0.0,False,-15.0
2019-01-19,Virginia Tech Hokies,87.0,home,0.0,0.0,True,16.0
2019-01-19,Wake Forest Demon Deacons,71.0,away,0.0,0.0,False,-16.0
2019-01-19,Ole Miss Rebels,84.0,home,0.0,0.0,True,17.0
2019-01-19,Arkansas Razorbacks,67.0,away,0.0,0.0,False,-17.0
2019-01-19,UCF Knights,64.0,home,0.0,0.0,True,2.0
2019-01-19,Tulsa Golden Hurricane,62.0,away,0.0,0.0,False,-2.0
2019-01-20,Vanderbilt Commodores,55.0,home,0.0,0.0,False,-16.0
2019-01-20,Mississippi State Bulldogs,71.0,away,0.0,0.0,True,16.0
2019-01-20,South Florida Bulls,60.0,home,0.0,0.0,False,-9.0
2019-01-20,Houston Cougars,69.0,away,0.0,0.0,True,9.0
2019-01-19,Auburn Tigers,80.0,home,0.0,0.0,False,-2.0
2019-01-19,Kentucky Wildcats,82.0,away,0.0,0.0,True,2.0
2019-01-19,Northeastern Huskies,88.0,home,0.0,0.0,True,17.0
2019-01-19,UNC Wilmington Seahawks,71.0,away,0.0,0.0,False,-17.0
2019-01-19,Holy Cross Crusaders,65.0,home,0.0,0.0,False,-2.0
2019-01-19,Loyola Maryland Greyhounds,67.0,away,0.0,0.0,True,2.0
2019-01-19,Green Bay Phoenix,90.0,home,0.0,0.0,True,5.0
2019-01-19,UIC Flames,85.0,away,0.0,0.0,False,-5.0
2019-01-19,Davidson Wildcats,75.0,home,0.0,0.0,True,13.0
2019-01-19,Richmond Spiders,62.0,away,0.0,0.0,False,-13.0
2019-01-19,Youngstown State Penguins,74.0,home,0.0,0.0,False,-8.0
2019-01-19,Northern Kentucky Norse,82.0,away,0.0,0.0,True,8.0
2019-01-19,Boston University Terriers,56.0,home,0.0,0.0,False,-21.0
2019-01-19,Colgate Raiders,77.0,away,0.0,0.0,True,21.0
2019-01-19,Cleveland State Vikings,66.0,home,0.0,0.0,False,-23.0
2019-01-19,Wright State Raiders,89.0,away,0.0,0.0,True,23.0
2019-01-19,Fairfield Stags,68.0,home,0.0,0.0,False,-5.0
2019-01-19,Canisius Golden Griffins,73.0,away,0.0,0.0,True,5.0
2019-01-19,UMBC Retrievers,65.0,home,0.0,0.0,True,1.0
2019-01-19,UAlbany Great Danes,64.0,away,0.0,0.0,False,-1.0
2019-01-19,Vermont Catamounts,78.0,home,0.0,0.0,True,28.0
2019-01-19,Binghamton Bearcats,50.0,away,0.0,0.0,False,-28.0
2019-01-19,Detroit Mercy Titans,73.0,home,0.0,0.0,False,-6.0
2019-01-19,Oakland Golden Grizzlies,79.0,away,0.0,0.0,True,6.0
2019-01-19,Hartford Hawks,73.0,home,0.0,0.0,False,-3.0
2019-01-19,UMass Lowell River Hawks,76.0,away,0.0,0.0,True,3.0
2019-01-19,VMI Keydets,91.0,home,0.0,0.0,True,8.0
2019-01-19,Western Carolina Catamounts,83.0,away,0.0,0.0,False,-8.0
2019-01-19,Maine Black Bears,61.0,home,0.0,0.0,False,-3.0
2019-01-19,Stony Brook Seawolves,64.0,away,0.0,0.0,True,3.0
2019-01-19,American University Eagles,79.0,home,0.0,0.0,False,-5.0
2019-01-19,Lafayette Leopards,84.0,away,0.0,0.0,True,5.0
2019-01-19,Coastal Carolina Chanticleers,89.0,home,0.0,0.0,True,17.0
2019-01-19,App State Mountaineers,72.0,away,0.0,0.0,False,-17.0
2019-01-19,Wichita State Shockers,55.0,home,0.0,0.0,False,-11.0
2019-01-19,Cincinnati Bearcats,66.0,away,0.0,0.0,True,11.0
2019-01-19,Indiana State Sycamores,67.0,home,0.0,0.0,False,-8.0
2019-01-19,Loyola Chicago Ramblers,75.0,away,0.0,0.0,True,8.0
2019-01-19,Quinnipiac Bobcats,72.0,home,0.0,0.0,False,-3.0
2019-01-19,Niagara Purple Eagles,75.0,away,0.0,0.0,True,3.0
2019-01-19,Evansville Purple Aces,70.0,home,0.0,0.0,False,-8.0
2019-01-19,Illinois State Redbirds,78.0,away,0.0,0.0,True,8.0
2019-01-19,Cornell Big Red,60.0,home,0.0,0.0,True,1.0
2019-01-19,Columbia Lions,59.0,away,0.0,0.0,False,-1.0
2019-01-19,Syracuse Orange,74.0,home,0.0,0.0,True,11.0
2019-01-19,Pittsburgh Panthers,63.0,away,0.0,0.0,False,-11.0
2019-01-19,UConn Huskies,87.0,home,0.0,0.0,True,16.0
2019-01-19,Tulane Green Wave,71.0,away,0.0,0.0,False,-16.0
2019-01-19,McNeese Cowboys,71.0,home,0.0,0.0,False,-3.0
2019-01-19,SE Louisiana Lions,74.0,away,0.0,0.0,True,3.0
2019-01-19,Drexel Dragons,73.0,home,0.0,0.0,True,5.0
2019-01-19,James Madison Dukes,68.0,away,0.0,0.0,False,-5.0
2019-01-19,Samford Bulldogs,87.0,home,0.0,0.0,False,-6.0
2019-01-19,Mercer Bears,93.0,away,0.0,0.0,True,6.0
2019-01-19,La Salle Explorers,67.0,home,0.0,0.0,False,-11.0
2019-01-19,Rhode Island Rams,78.0,away,0.0,0.0,True,11.0
2019-01-19,Kent State Golden Flashes,78.0,home,0.0,0.0,True,10.0
2019-01-19,Northern Illinois Huskies,68.0,away,0.0,0.0,False,-10.0
2019-01-19,Western Kentucky Hilltoppers,72.0,home,0.0,0.0,True,6.0
2019-01-19,Florida Atlantic Owls,66.0,away,0.0,0.0,False,-6.0
2019-01-19,Bowling Green Falcons,79.0,home,0.0,0.0,True,31.0
2019-01-19,Western Michigan Broncos,48.0,away,0.0,0.0,False,-31.0
2019-01-19,Army Black Knights,72.0,home,0.0,0.0,True,11.0
2019-01-19,Navy Midshipmen,61.0,away,0.0,0.0,False,-11.0
2019-01-19,UL Monroe Warhawks,99.0,home,0.0,0.0,True,4.0
2019-01-19,Louisiana Ragin' Cajuns,95.0,away,0.0,0.0,False,-4.0
2019-01-19,Troy Trojans,77.0,home,0.0,0.0,True,2.0
2019-01-19,Georgia State Panthers,75.0,away,0.0,0.0,False,-2.0
2019-01-19,North Dakota State Bison,67.0,home,0.0,0.0,True,2.0
2019-01-19,North Dakota Fighting Hawks,65.0,away,0.0,0.0,False,-2.0
2019-01-19,UT Arlington Mavericks,82.0,home,0.0,0.0,True,9.0
2019-01-19,Little Rock Trojans,73.0,away,0.0,0.0,False,-9.0
2019-01-19,Washington State Cougars,66.0,home,0.0,0.0,False,-12.0
2019-01-19,Stanford Cardinal,78.0,away,0.0,0.0,True,12.0
2019-01-19,Texas A&M Aggies,43.0,home,0.0,0.0,False,-23.0
2019-01-19,Missouri Tigers,66.0,away,0.0,0.0,True,23.0
2019-01-19,Southern Utah Thunderbirds,76.0,home,0.0,0.0,True,5.0
2019-01-19,Sacramento State Hornets,71.0,away,0.0,0.0,False,-5.0
2019-01-19,Brown Bears,67.0,home,0.0,0.0,False,-3.0
2019-01-19,Yale Bulldogs,70.0,away,0.0,0.0,True,3.0
2019-01-19,Central Connecticut Blue Devils,69.0,home,0.0,0.0,False,-11.0
2019-01-19,Saint Francis Red Flash,80.0,away,0.0,0.0,True,11.0
2019-01-19,Miami (OH) RedHawks,68.0,home,0.0,0.0,True,7.0
2019-01-19,Akron Zips,61.0,away,0.0,0.0,False,-7.0
2019-01-19,South Carolina State Bulldogs,67.0,home,0.0,0.0,False,-4.0
2019-01-19,Howard Bison,71.0,away,0.0,0.0,True,4.0
2019-01-19,North Carolina A&T Aggies,57.0,home,0.0,0.0,True,4.0
2019-01-19,Morgan State Bears,53.0,away,0.0,0.0,False,-4.0
2019-01-19,Wagner Seahawks,56.0,home,0.0,0.0,False,-14.0
2019-01-19,Mount St. Mary's Mountaineers,70.0,away,0.0,0.0,True,14.0
2019-01-19,Florida A&M Rattlers,58.0,home,0.0,0.0,False,-2.0
2019-01-19,Maryland Eastern Shore Hawks,60.0,away,0.0,0.0,True,2.0
2019-01-19,Bethune-Cookman Wildcats,69.0,home,0.0,0.0,True,20.0
2019-01-19,Delaware State Hornets,49.0,away,0.0,0.0,False,-20.0
2019-01-19,North Carolina Central Eagles,60.0,home,0.0,0.0,False,-4.0
2019-01-19,Coppin State Eagles,64.0,away,0.0,0.0,True,4.0
2019-01-19,St. Francis Brooklyn Terriers,92.0,home,0.0,0.0,True,7.0
2019-01-19,Sacred Heart Pioneers,85.0,away,0.0,0.0,False,-7.0
2019-01-19,South Alabama Jaguars,86.0,home,0.0,0.0,False,-2.0
2019-01-19,Georgia Southern Eagles,88.0,away,0.0,0.0,True,2.0
2019-01-19,Presbyterian Blue Hose,71.0,home,0.0,0.0,True,7.0
2019-01-19,Longwood Lancers,64.0,away,0.0,0.0,False,-7.0
2019-01-19,Valparaiso Beacons,75.0,home,0.0,0.0,True,9.0
2019-01-19,Northern Iowa Panthers,66.0,away,0.0,0.0,False,-9.0
2019-01-19,Northern Arizona Lumberjacks,82.0,home,0.0,0.0,True,7.0
2019-01-19,Portland State Vikings,75.0,away,0.0,0.0,False,-7.0
2019-01-19,Old Dominion Monarchs,78.0,home,0.0,0.0,True,18.0
2019-01-19,Southern Miss Golden Eagles,60.0,away,0.0,0.0,False,-18.0
2019-01-19,Bryant Bulldogs,65.0,home,0.0,0.0,False,-14.0
2019-01-19,Robert Morris Colonials,79.0,away,0.0,0.0,True,14.0
2019-01-19,East Tennessee State Buccaneers,68.0,home,0.0,0.0,False,-7.0
2019-01-19,UNC Greensboro Spartans,75.0,away,0.0,0.0,True,7.0
2019-01-19,USC Trojans,80.0,home,0.0,0.0,True,13.0
2019-01-19,UCLA Bruins,67.0,away,0.0,0.0,False,-13.0
2019-01-19,William & Mary Tribe,71.0,home,0.0,0.0,False,-5.0
2019-01-19,Elon Phoenix,76.0,away,0.0,0.0,True,5.0
2019-01-19,Charlotte 49ers,55.0,home,0.0,0.0,True,15.0
2019-01-19,Louisiana Tech Bulldogs,40.0,away,0.0,0.0,False,-15.0
2019-01-19,Memphis Tigers,83.0,home,0.0,0.0,True,22.0
2019-01-19,SMU Mustangs,61.0,away,0.0,0.0,False,-22.0
2019-01-19,NJIT Highlanders,77.0,home,0.0,0.0,True,3.0
2019-01-19,Jacksonville Dolphins,74.0,away,0.0,0.0,False,-3.0
2019-01-19,Hofstra Pride,86.0,home,0.0,0.0,True,14.0
2019-01-19,Charleston Cougars,72.0,away,0.0,0.0,False,-14.0
2019-01-19,Loyola Marymount Lions,74.0,home,0.0,0.0,True,4.0
2019-01-19,Pepperdine Waves,70.0,away,0.0,0.0,False,-4.0
2019-01-19,Georgia Tech Yellow Jackets,51.0,home,0.0,0.0,False,-28.0
2019-01-19,Louisville Cardinals,79.0,away,0.0,0.0,True,28.0
2019-01-19,Incarnate Word Cardinals,71.0,home,0.0,0.0,False,-3.0
2019-01-19,Stephen F. Austin Lumberjacks,74.0,away,0.0,0.0,True,3.0
2019-01-19,Kennesaw State Owls,59.0,home,0.0,0.0,False,-13.0
2019-01-19,Florida Gulf Coast Eagles,72.0,away,0.0,0.0,True,13.0
2019-01-19,Kansas State Wildcats,65.0,home,0.0,0.0,True,10.0
2019-01-19,TCU Horned Frogs,55.0,away,0.0,0.0,False,-10.0
2019-01-19,Chattanooga Mocs,73.0,home,0.0,0.0,True,2.0
2019-01-19,The Citadel Bulldogs,71.0,away,0.0,0.0,False,-2.0
2019-01-19,Butler Bulldogs,80.0,home,0.0,0.0,True,9.0
2019-01-19,St. John's Red Storm,71.0,away,0.0,0.0,False,-9.0
2019-01-19,South Carolina Upstate Spartans,72.0,home,0.0,0.0,False,-10.0
2019-01-19,Winthrop Eagles,82.0,away,0.0,0.0,True,10.0
2019-01-19,Central Michigan Chippewas,72.0,home,0.0,0.0,False,-11.0
2019-01-19,Ball State Cardinals,83.0,away,0.0,0.0,True,11.0
2019-01-19,Eastern Illinois Panthers,85.0,home,0.0,0.0,True,2.0
2019-01-19,Austin Peay Governors,83.0,away,0.0,0.0,False,-2.0
2019-01-19,UNC Asheville Bulldogs,63.0,home,0.0,0.0,False,-8.0
2019-01-19,Radford Highlanders,71.0,away,0.0,0.0,True,8.0
2019-01-19,Long Island University Sharks,79.0,home,0.0,0.0,True,2.0
2019-01-19,Fairleigh Dickinson Knights,77.0,away,0.0,0.0,False,-2.0
2019-01-19,Central Arkansas Bears,74.0,home,0.0,0.0,True,6.0
2019-01-19,Nicholls Colonels,68.0,away,0.0,0.0,False,-6.0
2019-01-19,North Alabama Lions,63.0,home,0.0,0.0,True,1.0
2019-01-19,Stetson Hatters,62.0,away,0.0,0.0,False,-1.0
2019-01-19,St. Bonaventure Bonnies,86.0,home,0.0,0.0,False,-3.0
2019-01-19,Dayton Flyers,89.0,away,0.0,0.0,True,3.0
2019-01-19,Eastern Washington Eagles,85.0,home,0.0,0.0,True,4.0
2019-01-19,Montana State Bobcats,81.0,away,0.0,0.0,False,-4.0
2019-01-19,Washington Huskies,71.0,home,0.0,0.0,True,19.0
2019-01-19,California Golden Bears,52.0,away,0.0,0.0,False,-19.0
2019-01-19,Texas State Bobcats,77.0,home,0.0,0.0,True,13.0
2019-01-19,Arkansas State Red Wolves,64.0,away,0.0,0.0,False,-13.0
2019-01-19,Temple Owls,70.0,home,0.0,0.0,False,-7.0
2019-01-19,Pennsylvania Quakers,77.0,away,0.0,0.0,True,7.0
2019-01-19,Boise State Broncos,53.0,home,0.0,0.0,False,-10.0
2019-01-19,Fresno State Bulldogs,63.0,away,0.0,0.0,True,10.0
2019-01-19,Savannah State Tigers,76.0,home,0.0,0.0,False,-6.0
2019-01-19,Norfolk State Spartans,82.0,away,0.0,0.0,True,6.0
2019-01-19,Charleston Southern Buccaneers,72.0,home,0.0,0.0,False,-1.0
2019-01-19,Campbell Fighting Camels,73.0,away,0.0,0.0,True,1.0
2019-01-19,North Texas Mean Green,76.0,home,0.0,0.0,True,1.0
2019-01-19,Rice Owls,75.0,away,0.0,0.0,False,-1.0
2019-01-19,Iowa State Cyclones,72.0,home,0.0,0.0,True,13.0
2019-01-19,Oklahoma State Cowboys,59.0,away,0.0,0.0,False,-13.0
2019-01-19,LSU Tigers,89.0,home,0.0,0.0,True,22.0
2019-01-19,South Carolina Gamecocks,67.0,away,0.0,0.0,False,-22.0
2019-01-19,Prairie View A&M Panthers,55.0,home,0.0,0.0,True,4.0
2019-01-19,Jackson State Tigers,51.0,away,0.0,0.0,False,-4.0
2019-01-19,New Mexico Lobos,83.0,home,0.0,0.0,True,30.0
2019-01-19,Wyoming Cowboys,53.0,away,0.0,0.0,False,-30.0
2019-01-19,Cal State Northridge Matadors,68.0,home,0.0,0.0,False,-6.0
2019-01-19,UC Irvine Anteaters,74.0,away,0.0,0.0,True,6.0
2019-01-19,Texas A&M-Corpus Christi Islanders,76.0,home,0.0,0.0,True,15.0
2019-01-19,New Orleans Privateers,61.0,away,0.0,0.0,False,-15.0
2019-01-19,Belmont Bruins,92.0,home,0.0,0.0,True,18.0
2019-01-19,Tennessee State Tigers,74.0,away,0.0,0.0,False,-18.0
2019-01-19,Alabama A&M Bulldogs,54.0,home,0.0,0.0,False,-18.0
2019-01-19,Alabama State Hornets,72.0,away,0.0,0.0,True,18.0
2019-01-19,Middle Tennessee Blue Raiders,75.0,home,0.0,0.0,True,3.0
2019-01-19,UTEP Miners,72.0,away,0.0,0.0,False,-3.0
2019-01-19,Alcorn State Braves,63.0,home,0.0,0.0,True,6.0
2019-01-19,Mississippi Valley State Delta Devils,57.0,away,0.0,0.0,False,-6.0
2019-01-19,Southern Jaguars,69.0,home,0.0,0.0,True,2.0
2019-01-19,Arkansas-Pine Bluff Golden Lions,67.0,away,0.0,0.0,False,-2.0
2019-01-20,Milwaukee Panthers,64.0,home,0.0,0.0,True,7.0
2019-01-20,IU Indianapolis Jaguars,57.0,away,0.0,0.0,False,-7.0
2019-01-20,Abilene Christian Wildcats,78.0,home,0.0,0.0,True,9.0
2019-01-20,Northwestern State Demons,69.0,away,0.0,0.0,False,-9.0
2019-01-19,VCU Rams,68.0,home,0.0,0.0,True,18.0
2019-01-19,Massachusetts Minutemen,50.0,away,0.0,0.0,False,-18.0
2019-01-19,Morehead State Eagles,85.0,home,0.0,0.0,True,8.0
2019-01-19,UT Martin Skyhawks,77.0,away,0.0,0.0,False,-8.0
2019-01-20,Eastern Kentucky Colonels,85.0,home,0.0,0.0,True,2.0
2019-01-20,Southeast Missouri State Redhawks,83.0,away,0.0,0.0,False,-2.0
2019-01-20,Wofford Terriers,59.0,home,0.0,0.0,True,5.0
2019-01-20,Furman Paladins,54.0,away,0.0,0.0,False,-5.0
2019-01-20,Gardner-Webb Runnin' Bulldogs,87.0,home,0.0,0.0,True,13.0
2019-01-20,Hampton Pirates,74.0,away,0.0,0.0,False,-13.0
2019-01-20,Marshall Thundering Herd,105.0,home,0.0,0.0,True,8.0
2019-01-20,Florida International Panthers,97.0,away,0.0,0.0,False,-8.0
2019-01-20,Liberty Flames,70.0,home,0.0,0.0,True,6.0
2019-01-20,North Florida Ospreys,64.0,away,0.0,0.0,False,-6.0
2019-01-20,George Mason Patriots,71.0,home,0.0,0.0,True,3.0
2019-01-20,Fordham Rams,68.0,away,0.0,0.0,False,-3.0
2019-01-20,Arizona Wildcats,82.0,home,0.0,0.0,True,11.0
2019-01-20,Oregon State Beavers,71.0,away,0.0,0.0,False,-11.0
2019-01-20,UAB Blazers,83.0,home,0.0,0.0,True,10.0
2019-01-20,UTSA Roadrunners,73.0,away,0.0,0.0,False,-10.0
2019-01-20,Rider Broncs,60.0,home,0.0,0.0,True,13.0
2019-01-20,Manhattan Jaspers,47.0,away,0.0,0.0,False,-13.0
2019-01-20,UNLV Rebels,94.0,home,0.0,0.0,True,38.0
2019-01-20,San José State Spartans,56.0,away,0.0,0.0,False,-38.0
2019-01-20,Delaware Blue Hens,63.0,home,0.0,0.0,False,-1.0
2019-01-20,Towson Tigers,64.0,away,0.0,0.0,True,1.0
2019-01-20,Western Illinois Leathernecks,87.0,home,0.0,0.0,True,29.0
2019-01-20,Purdue Fort Wayne Mastodons,58.0,away,0.0,0.0,False,-29.0
2019-01-20,SIU Edwardsville Cougars,72.0,home,0.0,0.0,False,-10.0
2019-01-20,Murray State Racers,82.0,away,0.0,0.0,True,10.0
2019-01-20,Minnesota Golden Gophers,65.0,home,0.0,0.0,True,1.0
2019-01-20,Penn State Nittany Lions,64.0,away,0.0,0.0,False,-1.0
2019-01-20,Jacksonville State Gamecocks,65.0,home,0.0,0.0,True,17.0
2019-01-20,Tennessee Tech Golden Eagles,48.0,away,0.0,0.0,False,-17.0
2019-01-20,UC Riverside Highlanders,75.0,home,0.0,0.0,True,4.0
2019-01-20,Hawai'i Rainbow Warriors,71.0,away,0.0,0.0,False,-4.0
2019-01-20,Houston Christian Huskies,65.0,home,0.0,0.0,False,-6.0
2019-01-20,Sam Houston Bearkats,71.0,away,0.0,0.0,True,6.0
2019-01-20,Seton Hall Pirates,93.0,home,0.0,0.0,False,-4.0
2019-01-20,DePaul Blue Demons,97.0,away,0.0,0.0,True,4.0
2019-01-20,Texas Southern Tigers,87.0,home,0.0,0.0,False,-1.0
2019-01-20,Grambling Tigers,88.0,away,0.0,0.0,True,1.0
2019-01-20,UC Davis Aggies,75.0,home,0.0,0.0,True,12.0
2019-01-20,Cal Poly Mustangs,63.0,away,0.0,0.0,False,-12.0
2019-01-20,Utah State Aggies,87.0,home,0.0,0.0,True,15.0
2019-01-20,Colorado State Rams,72.0,away,0.0,0.0,False,-15.0
2019-01-20,Weber State Wildcats,78.0,home,0.0,0.0,True,14.0
2019-01-20,Northern Colorado Bears,64.0,away,0.0,0.0,False,-14.0
2019-01-20,Grand Canyon Lopes,78.0,home,0.0,0.0,True,28.0
2019-01-20,Kansas City Roos,50.0,away,0.0,0.0,False,-28.0
2019-01-20,Utah Valley Wolverines,78.0,home,0.0,0.0,False,-5.0
2019-01-20,New Mexico State Aggies,83.0,away,0.0,0.0,True,5.0
2019-01-20,Saint Mary's Gaels,76.0,home,0.0,0.0,True,17.0
2019-01-20,San Diego Toreros,59.0,away,0.0,0.0,False,-17.0
2019-01-20,Long Beach State Beach,90.0,home,0.0,0.0,False,-2.0
2019-01-20,Cal State Fullerton Titans,92.0,away,0.0,0.0,True,2.0
2019-01-20,Idaho Vandals,51.0,home,0.0,0.0,False,-18.0
2019-01-20,Montana Grizzlies,69.0,away,0.0,0.0,True,18.0
2019-01-20,Arizona State Sun Devils,78.0,home,0.0,0.0,True,14.0
2019-01-20,Oregon Ducks,64.0,away,0.0,0.0,False,-14.0
2019-01-20,Cal State Bakersfield Roadrunners,86.0,home,0.0,0.0,True,13.0
2019-01-20,Chicago State Cougars,73.0,away,0.0,0.0,False,-13.0
2019-01-20,San Francisco Dons,82.0,home,0.0,0.0,True,19.0
2019-01-20,BYU Cougars,63.0,away,0.0,0.0,False,-19.0
2019-01-20,Seattle U Redhawks,62.0,home,0.0,0.0,False,-5.0
2019-01-20,UT Rio Grande Valley Vaqueros,67.0,away,0.0,0.0,True,5.0
2019-01-20,Pacific Tigers,57.0,home,0.0,0.0,False,-12.0
2019-01-20,Santa Clara Broncos,69.0,away,0.0,0.0,True,12.0
2019-02-03,Villanova Wildcats,77.0,home,0.0,0.0,True,12.0
2019-02-03,Georgetown Hoyas,65.0,away,0.0,0.0,False,-12.0
2019-02-03,Purdue Boilermakers,73.0,home,0.0,0.0,True,10.0
2019-02-03,Minnesota Golden Gophers,63.0,away,0.0,0.0,False,-10.0
2019-02-03,IU Indianapolis Jaguars,74.0,home,0.0,0.0,False,-5.0
2019-02-03,Wright State Raiders,79.0,away,0.0,0.0,True,5.0
2019-02-03,Creighton Bluejays,76.0,home,0.0,0.0,True,22.0
2019-02-03,Xavier Musketeers,54.0,away,0.0,0.0,False,-22.0
2019-02-03,Niagara Purple Eagles,73.0,home,0.0,0.0,False,-11.0
2019-02-03,Quinnipiac Bobcats,84.0,away,0.0,0.0,True,11.0
2019-02-03,UConn Huskies,76.0,home,0.0,0.0,True,24.0
2019-02-03,East Carolina Pirates,52.0,away,0.0,0.0,False,-24.0
2019-02-03,Maine Black Bears,62.0,home,0.0,0.0,True,9.0
2019-02-03,New Hampshire Wildcats,53.0,away,0.0,0.0,False,-9.0
2019-02-03,UIC Flames,69.0,home,0.0,0.0,True,2.0
2019-02-03,Northern Kentucky Norse,67.0,away,0.0,0.0,False,-2.0
2019-02-03,California Golden Bears,81.0,home,0.0,0.0,False,-3.0
2019-02-03,Stanford Cardinal,84.0,away,0.0,0.0,True,3.0
2019-02-03,Denver Pioneers,82.0,home,0.0,0.0,False,-10.0
2019-02-03,South Dakota State Jackrabbits,92.0,away,0.0,0.0,True,10.0
2019-02-03,Clemson Tigers,64.0,home,0.0,0.0,True,27.0
2019-02-03,Wake Forest Demon Deacons,37.0,away,0.0,0.0,False,-27.0
2019-02-03,Omaha Mavericks,90.0,home,0.0,0.0,True,18.0
2019-02-03,North Dakota Fighting Hawks,72.0,away,0.0,0.0,False,-18.0
2019-01-31,Fairleigh Dickinson Knights,80.0,home,0.0,0.0,True,3.0
2019-01-31,Long Island University Sharks,77.0,away,0.0,0.0,False,-3.0
2019-02-01,UNC Greensboro Spartans,93.0,home,0.0,0.0,True,27.0
2019-02-01,VMI Keydets,66.0,away,0.0,0.0,False,-27.0
2019-02-01,Old Dominion Monarchs,72.0,home,0.0,0.0,True,11.0
2019-02-01,North Texas Mean Green,61.0,away,0.0,0.0,False,-11.0
2019-02-01,The Citadel Bulldogs,61.0,home,0.0,0.0,False,-10.0
2019-02-01,Furman Paladins,71.0,away,0.0,0.0,True,10.0
2019-02-01,Oakland Golden Grizzlies,74.0,home,0.0,0.0,False,-1.0
2019-02-01,Youngstown State Penguins,75.0,away,0.0,0.0,True,1.0
2019-02-01,Penn State Nittany Lions,90.0,home,0.0,0.0,False,-9.0
2019-02-01,Purdue Boilermakers,99.0,away,0.0,0.0,True,9.0
2019-02-01,Robert Morris Colonials,73.0,home,0.0,0.0,False,-3.0
2019-02-01,Saint Francis Red Flash,76.0,away,0.0,0.0,True,3.0
2019-02-01,Wagner Seahawks,64.0,home,0.0,0.0,False,-7.0
2019-02-01,Bryant Bulldogs,71.0,away,0.0,0.0,True,7.0
2019-02-01,Rider Broncs,59.0,home,0.0,0.0,True,8.0
2019-02-01,Saint Peter's Peacocks,51.0,away,0.0,0.0,False,-8.0
2019-02-01,Florida International Panthers,73.0,home,0.0,0.0,False,-16.0
2019-02-01,Southern Miss Golden Eagles,89.0,away,0.0,0.0,True,16.0
2019-02-01,Detroit Mercy Titans,78.0,home,0.0,0.0,True,14.0
2019-02-01,Cleveland State Vikings,64.0,away,0.0,0.0,False,-14.0
2019-02-01,Mount St. Mary's Mountaineers,79.0,home,0.0,0.0,False,-8.0
2019-02-01,Sacred Heart Pioneers,87.0,away,0.0,0.0,True,8.0
2019-02-01,Florida Atlantic Owls,69.0,home,0.0,0.0,True,8.0
2019-02-01,Louisiana Tech Bulldogs,61.0,away,0.0,0.0,False,-8.0
2019-02-01,Charlotte 49ers,61.0,home,0.0,0.0,False,-4.0
2019-02-01,Rice Owls,65.0,away,0.0,0.0,True,4.0
2019-02-01,Tennessee Tech Golden Eagles,66.0,home,0.0,0.0,False,-11.0
2019-02-01,Austin Peay Governors,77.0,away,0.0,0.0,True,11.0
2019-02-01,Coastal Carolina Chanticleers,92.0,home,0.0,0.0,True,11.0
2019-02-01,UL Monroe Warhawks,81.0,away,0.0,0.0,False,-11.0
2019-02-01,App State Mountaineers,104.0,home,0.0,0.0,True,27.0
2019-02-01,Louisiana Ragin' Cajuns,77.0,away,0.0,0.0,False,-27.0
2019-02-01,Central Connecticut Blue Devils,78.0,home,0.0,0.0,True,6.0
2019-02-01,St. Francis Brooklyn Terriers,72.0,away,0.0,0.0,False,-6.0
2019-02-01,Houston Cougars,73.0,home,0.0,0.0,True,7.0
2019-02-01,Temple Owls,66.0,away,0.0,0.0,False,-7.0
2019-02-01,Mercer Bears,67.0,home,0.0,0.0,False,-9.0
2019-02-01,Wofford Terriers,76.0,away,0.0,0.0,True,9.0
2019-02-01,Monmouth Hawks,66.0,home,0.0,0.0,True,11.0
2019-02-01,Siena Saints,55.0,away,0.0,0.0,False,-11.0
2019-02-01,William & Mary Tribe,75.0,home,0.0,0.0,True,6.0
2019-02-01,Drexel Dragons,69.0,away,0.0,0.0,False,-6.0
2019-02-01,Oral Roberts Golden Eagles,80.0,home,0.0,0.0,False,-6.0
2019-02-01,South Dakota State Jackrabbits,86.0,away,0.0,0.0,True,6.0
2019-02-01,Charleston Cougars,70.0,home,0.0,0.0,True,17.0
2019-02-01,James Madison Dukes,53.0,away,0.0,0.0,False,-17.0
2019-02-01,Marshall Thundering Herd,91.0,home,0.0,0.0,True,5.0
2019-02-01,UTEP Miners,86.0,away,0.0,0.0,False,-5.0
2019-02-01,East Carolina Pirates,66.0,home,0.0,0.0,True,1.0
2019-02-01,Tulane Green Wave,65.0,away,0.0,0.0,False,-1.0
2019-02-01,UNC Wilmington Seahawks,76.0,home,0.0,0.0,False,-1.0
2019-02-01,Towson Tigers,77.0,away,0.0,0.0,True,1.0
2019-02-01,Marist Red Foxes,78.0,home,0.0,0.0,True,4.0
2019-02-01,Iona Gaels,74.0,away,0.0,0.0,False,-4.0
2019-02-01,Western Kentucky Hilltoppers,96.0,home,0.0,0.0,True,8.0
2019-02-01,UTSA Roadrunners,88.0,away,0.0,0.0,False,-8.0
2019-02-01,Georgetown Hoyas,80.0,home,0.0,0.0,True,7.0
2019-02-01,Xavier Musketeers,73.0,away,0.0,0.0,False,-7.0
2019-02-01,Tennessee State Tigers,68.0,home,0.0,0.0,True,1.0
2019-02-01,UT Martin Skyhawks,67.0,away,0.0,0.0,False,-1.0
2019-02-01,Manhattan Jaspers,62.0,home,0.0,0.0,True,13.0
2019-02-01,Fairfield Stags,49.0,away,0.0,0.0,False,-13.0
2019-02-01,SIU Edwardsville Cougars,83.0,home,0.0,0.0,True,7.0
2019-02-01,Morehead State Eagles,76.0,away,0.0,0.0,False,-7.0
2019-02-01,Chattanooga Mocs,96.0,home,0.0,0.0,False,-9.0
2019-02-01,Western Carolina Catamounts,105.0,away,0.0,0.0,True,9.0
2019-02-01,Samford Bulldogs,66.0,home,0.0,0.0,False,-8.0
2019-02-01,East Tennessee State Buccaneers,74.0,away,0.0,0.0,True,8.0
2019-02-01,Belmont Bruins,97.0,home,0.0,0.0,True,26.0
2019-02-01,Southeast Missouri State Redhawks,71.0,away,0.0,0.0,False,-26.0
2019-02-01,Elon Phoenix,57.0,home,0.0,0.0,True,1.0
2019-02-01,Delaware Blue Hens,56.0,away,0.0,0.0,False,-1.0
2019-02-01,Eastern Illinois Panthers,67.0,home,0.0,0.0,True,1.0
2019-02-01,Eastern Kentucky Colonels,66.0,away,0.0,0.0,False,-1.0
2019-02-01,UT Rio Grande Valley Vaqueros,77.0,home,0.0,0.0,True,31.0
2019-02-01,Chicago State Cougars,46.0,away,0.0,0.0,False,-31.0
2019-02-01,Jacksonville State Gamecocks,88.0,home,0.0,0.0,True,20.0
2019-02-01,Murray State Racers,68.0,away,0.0,0.0,False,-20.0
2019-02-01,Arizona State Sun Devils,95.0,home,0.0,0.0,True,7.0
2019-02-01,Arizona Wildcats,88.0,away,0.0,0.0,False,-7.0
2019-02-01,Weber State Wildcats,75.0,home,0.0,0.0,False,-1.0
2019-02-01,Portland State Vikings,76.0,away,0.0,0.0,True,1.0
2019-02-01,New Mexico State Aggies,70.0,home,0.0,0.0,True,16.0
2019-02-01,Kansas City Roos,54.0,away,0.0,0.0,False,-16.0
2019-02-01,Hawai'i Rainbow Warriors,74.0,home,0.0,0.0,True,17.0
2019-02-01,Long Beach State Beach,57.0,away,0.0,0.0,False,-17.0
2019-02-01,Utah Utes,72.0,home,0.0,0.0,False,-6.0
2019-02-01,Oregon Ducks,78.0,away,0.0,0.0,True,6.0
2019-02-01,UC Riverside Highlanders,45.0,home,0.0,0.0,False,-26.0
2019-02-01,Cal Poly Mustangs,71.0,away,0.0,0.0,True,26.0
2019-02-01,UC Santa Barbara Gauchos,62.0,home,0.0,0.0,False,-4.0
2019-02-01,UC Irvine Anteaters,66.0,away,0.0,0.0,True,4.0
2019-02-01,Portland Pilots,58.0,home,0.0,0.0,False,-25.0
2019-02-01,Pepperdine Waves,83.0,away,0.0,0.0,True,25.0
2019-02-01,BYU Cougars,63.0,home,0.0,0.0,False,-30.0
2019-02-01,Gonzaga Bulldogs,93.0,away,0.0,0.0,True,30.0
2019-02-01,Colorado Buffaloes,74.0,home,0.0,0.0,False,-2.0
2019-02-01,Oregon State Beavers,76.0,away,0.0,0.0,True,2.0
2019-02-01,Idaho State Bengals,58.0,home,0.0,0.0,False,-16.0
2019-02-01,Sacramento State Hornets,74.0,away,0.0,0.0,True,16.0
2019-02-01,Loyola Marymount Lions,60.0,home,0.0,0.0,True,18.0
2019-02-01,Pacific Tigers,42.0,away,0.0,0.0,False,-18.0
2019-02-01,UCF Knights,73.0,home,0.0,0.0,True,6.0
2019-02-01,UConn Huskies,67.0,away,0.0,0.0,False,-6.0
2019-02-05,Oklahoma Sooners,74.0,home,0.0,0.0,False,-1.0
2019-02-05,Iowa State Cyclones,75.0,away,0.0,0.0,True,1.0
2019-02-05,Texas Tech Red Raiders,81.0,home,0.0,0.0,True,31.0
2019-02-05,West Virginia Mountaineers,50.0,away,0.0,0.0,False,-31.0
2019-02-05,Virginia Tech Hokies,64.0,home,0.0,0.0,False,-8.0
2019-02-05,Louisville Cardinals,72.0,away,0.0,0.0,True,8.0
2019-02-05,Siena Saints,61.0,home,0.0,0.0,True,11.0
2019-02-05,Fairfield Stags,50.0,away,0.0,0.0,False,-11.0
2019-02-05,Jackson State Tigers,65.0,home,0.0,0.0,True,13.0
2019-02-05,Arkansas-Pine Bluff Golden Lions,52.0,away,0.0,0.0,False,-13.0
2019-02-05,Canisius Golden Griffins,71.0,home,0.0,0.0,False,-7.0
2019-02-05,Marist Red Foxes,78.0,away,0.0,0.0,True,7.0
2019-02-05,Grambling Tigers,79.0,home,0.0,0.0,True,22.0
2019-02-05,Mississippi Valley State Delta Devils,57.0,away,0.0,0.0,False,-22.0
2019-02-05,Bethune-Cookman Wildcats,69.0,home,0.0,0.0,True,16.0
2019-02-05,North Carolina A&T Aggies,53.0,away,0.0,0.0,False,-16.0
2019-02-05,Lehigh Mountain Hawks,62.0,home,0.0,0.0,False,-22.0
2019-02-05,Colgate Raiders,84.0,away,0.0,0.0,True,22.0
2019-02-05,Maryland Eastern Shore Hawks,63.0,home,0.0,0.0,False,-5.0
2019-02-05,Savannah State Tigers,68.0,away,0.0,0.0,True,5.0
2019-02-05,Idaho Vandals,64.0,home,0.0,0.0,False,-11.0
2019-02-05,Southern Utah Thunderbirds,75.0,away,0.0,0.0,True,11.0
2019-02-05,Florida A&M Rattlers,73.0,home,0.0,0.0,True,16.0
2019-02-05,North Carolina Central Eagles,57.0,away,0.0,0.0,False,-16.0
2019-02-05,Delaware State Hornets,70.0,home,0.0,0.0,True,2.0
2019-02-05,South Carolina State Bulldogs,68.0,away,0.0,0.0,False,-2.0
2019-02-05,Northwestern Wildcats,52.0,home,0.0,0.0,False,-7.0
2019-02-05,Penn State Nittany Lions,59.0,away,0.0,0.0,True,7.0
2019-02-05,Northern Colorado Bears,66.0,home,0.0,0.0,False,-3.0
2019-02-05,Montana State Bobcats,69.0,away,0.0,0.0,True,3.0
2019-02-05,Texas Southern Tigers,84.0,home,0.0,0.0,True,10.0
2019-02-05,Alabama A&M Bulldogs,74.0,away,0.0,0.0,False,-10.0
2019-02-05,Prairie View A&M Panthers,69.0,home,0.0,0.0,True,2.0
2019-02-05,Alabama State Hornets,67.0,away,0.0,0.0,False,-2.0
2019-02-05,Eastern Washington Eagles,82.0,home,0.0,0.0,True,18.0
2019-02-05,Northern Arizona Lumberjacks,64.0,away,0.0,0.0,False,-18.0
2019-01-31,Evansville Purple Aces,73.0,home,0.0,0.0,False,-8.0
2019-01-31,Bradley Braves,81.0,away,0.0,0.0,True,8.0
2019-01-31,Wake Forest Demon Deacons,54.0,home,0.0,0.0,False,-28.0
2019-01-31,Louisville Cardinals,82.0,away,0.0,0.0,True,28.0
2019-01-31,Loyola Chicago Ramblers,61.0,home,0.0,0.0,True,1.0
2019-01-31,Northern Iowa Panthers,60.0,away,0.0,0.0,False,-1.0
2019-01-31,UNC Asheville Bulldogs,71.0,home,0.0,0.0,True,9.0
2019-01-31,South Carolina Upstate Spartans,62.0,away,0.0,0.0,False,-9.0
2019-01-30,Florida Gators,90.0,home,0.0,0.0,True,4.0
2019-01-30,Ole Miss Rebels,86.0,away,0.0,0.0,False,-4.0
2019-01-31,Iowa State Cyclones,93.0,home,0.0,0.0,True,25.0
2019-01-31,West Virginia Mountaineers,68.0,away,0.0,0.0,False,-25.0
2019-01-31,UMBC Retrievers,57.0,home,0.0,0.0,True,8.0
2019-01-31,Stony Brook Seawolves,49.0,away,0.0,0.0,False,-8.0
2019-01-31,Gardner-Webb Runnin' Bulldogs,69.0,home,0.0,0.0,True,2.0
2019-01-31,High Point Panthers,67.0,away,0.0,0.0,False,-2.0
2019-01-31,Bucknell Bison,69.0,home,0.0,0.0,True,12.0
2019-01-31,Navy Midshipmen,57.0,away,0.0,0.0,False,-12.0
2019-01-31,Radford Highlanders,67.0,home,0.0,0.0,False,-1.0
2019-01-31,Campbell Fighting Camels,68.0,away,0.0,0.0,True,1.0
2019-01-31,Jacksonville Dolphins,72.0,home,0.0,0.0,True,15.0
2019-01-31,Stetson Hatters,57.0,away,0.0,0.0,False,-15.0
2019-01-30,Butler Bulldogs,58.0,home,0.0,0.0,False,-18.0
2019-01-30,Marquette Golden Eagles,76.0,away,0.0,0.0,True,18.0
2019-01-31,DePaul Blue Demons,74.0,home,0.0,0.0,False,-12.0
2019-01-31,Villanova Wildcats,86.0,away,0.0,0.0,True,12.0
2019-01-31,Longwood Lancers,83.0,home,0.0,0.0,False,-13.0
2019-01-31,Hampton Pirates,96.0,away,0.0,0.0,True,13.0
2019-01-31,Kennesaw State Owls,81.0,home,0.0,0.0,True,17.0
2019-01-31,North Florida Ospreys,64.0,away,0.0,0.0,False,-17.0
2019-01-31,Purdue Fort Wayne Mastodons,102.0,home,0.0,0.0,True,31.0
2019-01-31,South Dakota Coyotes,71.0,away,0.0,0.0,False,-31.0
2019-01-31,Boston University Terriers,68.0,home,0.0,0.0,True,14.0
2019-01-31,Holy Cross Crusaders,54.0,away,0.0,0.0,False,-14.0
2019-01-31,Loyola Maryland Greyhounds,68.0,home,0.0,0.0,False,-6.0
2019-01-31,American University Eagles,74.0,away,0.0,0.0,True,6.0
2019-01-31,Texas A&M Aggies,57.0,home,0.0,0.0,False,-15.0
2019-01-31,LSU Tigers,72.0,away,0.0,0.0,True,15.0
2019-01-31,Colgate Raiders,76.0,home,0.0,0.0,True,20.0
2019-01-31,Army Black Knights,56.0,away,0.0,0.0,False,-20.0
2019-01-31,UMass Lowell River Hawks,59.0,home,0.0,0.0,False,-19.0
2019-01-31,Maine Black Bears,78.0,away,0.0,0.0,True,19.0
2019-01-31,NJIT Highlanders,66.0,home,0.0,0.0,True,12.0
2019-01-31,Florida Gulf Coast Eagles,54.0,away,0.0,0.0,False,-12.0
2019-01-31,Saint Louis Billikens,81.0,home,0.0,0.0,False,-3.0
2019-01-31,Richmond Spiders,84.0,away,0.0,0.0,True,3.0
2019-01-31,Duquesne Dukes,75.0,home,0.0,0.0,True,3.0
2019-01-31,Rhode Island Rams,72.0,away,0.0,0.0,False,-3.0
2019-01-31,New Hampshire Wildcats,42.0,home,0.0,0.0,False,-20.0
2019-01-31,UAlbany Great Danes,62.0,away,0.0,0.0,True,20.0
2019-01-31,Miami Hurricanes,70.0,home,0.0,0.0,False,-12.0
2019-01-31,Virginia Tech Hokies,82.0,away,0.0,0.0,True,12.0
2019-01-31,Niagara Purple Eagles,78.0,home,0.0,0.0,True,8.0
2019-01-31,Canisius Golden Griffins,70.0,away,0.0,0.0,False,-8.0
2019-01-31,Hartford Hawks,86.0,home,0.0,0.0,True,26.0
2019-01-31,Binghamton Bearcats,60.0,away,0.0,0.0,False,-26.0
2019-01-31,George Washington Revolutionaries,79.0,home,0.0,0.0,True,18.0
2019-01-31,Fordham Rams,61.0,away,0.0,0.0,False,-18.0
2019-01-31,Stephen F. Austin Lumberjacks,105.0,home,0.0,0.0,True,6.0
2019-01-31,Central Arkansas Bears,99.0,away,0.0,0.0,False,-6.0
2019-01-31,Seton Hall Pirates,65.0,home,0.0,0.0,True,2.0
2019-01-31,Providence Friars,63.0,away,0.0,0.0,False,-2.0
2019-01-31,Incarnate Word Cardinals,92.0,home,0.0,0.0,False,-4.0
2019-01-31,Houston Christian Huskies,96.0,away,0.0,0.0,True,4.0
2019-01-31,New Orleans Privateers,72.0,home,0.0,0.0,True,8.0
2019-01-31,Northwestern State Demons,64.0,away,0.0,0.0,False,-8.0
2019-01-31,SE Louisiana Lions,52.0,home,0.0,0.0,False,-10.0
2019-01-31,Sam Houston Bearkats,62.0,away,0.0,0.0,True,10.0
2019-01-31,La Salle Explorers,60.0,home,0.0,0.0,True,9.0
2019-01-31,Massachusetts Minutemen,51.0,away,0.0,0.0,False,-9.0
2019-01-31,Middle Tennessee Blue Raiders,71.0,home,0.0,0.0,True,6.0
2019-01-31,UAB Blazers,65.0,away,0.0,0.0,False,-6.0
2019-01-31,Rutgers Scarlet Knights,66.0,home,0.0,0.0,True,8.0
2019-01-31,Indiana Hoosiers,58.0,away,0.0,0.0,False,-8.0
2019-01-31,Charleston Southern Buccaneers,85.0,home,0.0,0.0,True,1.0
2019-01-31,Presbyterian Blue Hose,84.0,away,0.0,0.0,False,-1.0
2019-01-31,Nicholls Colonels,69.0,home,0.0,0.0,False,-21.0
2019-01-31,Lamar Cardinals,90.0,away,0.0,0.0,True,21.0
2019-01-31,Drake Bulldogs,55.0,home,0.0,0.0,False,-14.0
2019-01-31,Illinois State Redbirds,69.0,away,0.0,0.0,True,14.0
2019-01-31,Tulsa Golden Hurricane,95.0,home,0.0,0.0,True,16.0
2019-01-31,Memphis Tigers,79.0,away,0.0,0.0,False,-16.0
2019-01-31,Lafayette Leopards,86.0,home,0.0,0.0,False,-7.0
2019-01-31,Lehigh Mountain Hawks,93.0,away,0.0,0.0,True,7.0
2019-01-31,Auburn Tigers,92.0,home,0.0,0.0,True,34.0
2019-01-31,Missouri Tigers,58.0,away,0.0,0.0,False,-34.0
2019-01-31,Utah State Aggies,103.0,home,0.0,0.0,True,30.0
2019-01-31,San José State Spartans,73.0,away,0.0,0.0,False,-30.0
2019-01-31,Boston College Eagles,71.0,home,0.0,0.0,False,-6.0
2019-01-31,Syracuse Orange,77.0,away,0.0,0.0,True,6.0
2019-01-31,Creighton Bluejays,67.0,home,0.0,0.0,False,-16.0
2019-01-31,St. John's Red Storm,83.0,away,0.0,0.0,True,16.0
2019-01-31,Minnesota Golden Gophers,86.0,home,0.0,0.0,True,11.0
2019-01-31,Illinois Fighting Illini,75.0,away,0.0,0.0,False,-11.0
2019-01-31,Abilene Christian Wildcats,78.0,home,0.0,0.0,True,7.0
2019-01-31,Texas A&M-Corpus Christi Islanders,71.0,away,0.0,0.0,False,-7.0
2019-01-31,San Diego State Aztecs,66.0,home,0.0,0.0,True,15.0
2019-01-31,Air Force Falcons,51.0,away,0.0,0.0,False,-15.0
2019-01-31,Cal State Fullerton Titans,78.0,home,0.0,0.0,True,7.0
2019-01-31,Cal State Northridge Matadors,71.0,away,0.0,0.0,False,-7.0
2019-01-31,Southern Illinois Salukis,88.0,home,0.0,0.0,True,15.0
2019-01-31,Indiana State Sycamores,73.0,away,0.0,0.0,False,-15.0
2019-01-31,Utah Valley Wolverines,79.0,home,0.0,0.0,True,17.0
2019-01-31,California Baptist Lancers,62.0,away,0.0,0.0,False,-17.0
2019-01-31,Wichita State Shockers,85.0,home,0.0,0.0,True,2.0
2019-01-31,SMU Mustangs,83.0,away,0.0,0.0,False,-2.0
2019-01-31,Wyoming Cowboys,62.0,home,0.0,0.0,False,-13.0
2019-01-31,Fresno State Bulldogs,75.0,away,0.0,0.0,True,13.0
2019-01-31,Washington State Cougars,67.0,home,0.0,0.0,False,-20.0
2019-01-31,UCLA Bruins,87.0,away,0.0,0.0,True,20.0
2019-01-31,Washington Huskies,75.0,home,0.0,0.0,True,13.0
2019-01-31,USC Trojans,62.0,away,0.0,0.0,False,-13.0
2019-02-06,Rutgers Scarlet Knights,65.0,home,0.0,0.0,False,-12.0
2019-02-06,Michigan Wolverines,77.0,away,0.0,0.0,True,12.0
2019-02-06,Western Michigan Broncos,72.0,home,0.0,0.0,False,-13.0
2019-02-06,Bowling Green Falcons,85.0,away,0.0,0.0,True,13.0
2019-02-06,Toledo Rockets,63.0,home,0.0,0.0,True,11.0
2019-02-06,Akron Zips,52.0,away,0.0,0.0,False,-11.0
2019-02-06,Syracuse Orange,62.0,home,0.0,0.0,False,-18.0
2019-02-06,Florida State Seminoles,80.0,away,0.0,0.0,True,18.0
2019-02-06,Marquette Golden Eagles,69.0,home,0.0,0.0,False,-1.0
2019-02-06,St. John's Red Storm,70.0,away,0.0,0.0,True,1.0
2019-02-06,Duke Blue Devils,80.0,home,0.0,0.0,True,25.0
2019-02-06,Boston College Eagles,55.0,away,0.0,0.0,False,-25.0
2019-02-06,North Carolina Tar Heels,113.0,home,0.0,0.0,True,17.0
2019-02-06,NC State Wolfpack,96.0,away,0.0,0.0,False,-17.0
2019-02-06,Illinois Fighting Illini,79.0,home,0.0,0.0,True,5.0
2019-02-06,Michigan State Spartans,74.0,away,0.0,0.0,False,-5.0
2019-02-06,Saint Louis Billikens,73.0,home,0.0,0.0,True,13.0
2019-02-06,Dayton Flyers,60.0,away,0.0,0.0,False,-13.0
2019-02-06,Tennessee Volunteers,72.0,home,0.0,0.0,True,12.0
2019-02-06,Missouri Tigers,60.0,away,0.0,0.0,False,-12.0
2019-02-06,Kansas State Wildcats,74.0,home,0.0,0.0,True,7.0
2019-02-06,Kansas Jayhawks,67.0,away,0.0,0.0,False,-7.0
2019-02-06,Liberty Flames,57.0,home,0.0,0.0,True,3.0
2019-02-06,Stetson Hatters,54.0,away,0.0,0.0,False,-3.0
2019-02-06,Kent State Golden Flashes,70.0,home,0.0,0.0,True,3.0
2019-02-06,Miami (OH) RedHawks,67.0,away,0.0,0.0,False,-3.0
2019-02-06,Northern Illinois Huskies,71.0,home,0.0,0.0,False,-1.0
2019-02-06,Ball State Cardinals,72.0,away,0.0,0.0,True,1.0
2019-02-06,Illinois State Redbirds,53.0,home,0.0,0.0,False,-16.0
2019-02-06,Valparaiso Beacons,69.0,away,0.0,0.0,True,16.0
2019-02-06,Kentucky Wildcats,76.0,home,0.0,0.0,True,28.0
2019-02-06,South Carolina Gamecocks,48.0,away,0.0,0.0,False,-28.0
2019-02-06,Manhattan Jaspers,73.0,home,0.0,0.0,True,7.0
2019-02-06,Rider Broncs,66.0,away,0.0,0.0,False,-7.0
2019-02-06,Wake Forest Demon Deacons,78.0,home,0.0,0.0,True,2.0
2019-02-06,Pittsburgh Panthers,76.0,away,0.0,0.0,False,-2.0
2019-02-06,La Salle Explorers,83.0,home,0.0,0.0,True,14.0
2019-02-06,Saint Joseph's Hawks,69.0,away,0.0,0.0,False,-14.0
2019-02-06,Loyola Chicago Ramblers,86.0,home,0.0,0.0,True,22.0
2019-02-06,Drake Bulldogs,64.0,away,0.0,0.0,False,-22.0
2019-02-06,Arkansas Razorbacks,69.0,home,0.0,0.0,True,3.0
2019-02-06,Vanderbilt Commodores,66.0,away,0.0,0.0,False,-3.0
2019-02-06,New Mexico Lobos,83.0,home,0.0,0.0,True,13.0
2019-02-06,San Diego State Aztecs,70.0,away,0.0,0.0,False,-13.0
2019-02-06,Fresno State Bulldogs,81.0,home,0.0,0.0,False,-1.0
2019-02-06,Utah State Aggies,82.0,away,0.0,0.0,True,1.0
2019-02-06,Auburn Tigers,76.0,home,0.0,0.0,True,14.0
2019-02-06,Florida Gators,62.0,away,0.0,0.0,False,-14.0
2019-01-26,Xavier Musketeers,82.0,home,0.0,0.0,False,-5.0
2019-01-26,Marquette Golden Eagles,87.0,away,0.0,0.0,True,5.0
2019-01-26,Duke Blue Devils,66.0,home,0.0,0.0,True,13.0
2019-01-26,Georgia Tech Yellow Jackets,53.0,away,0.0,0.0,False,-13.0
2019-01-26,The Citadel Bulldogs,84.0,home,0.0,0.0,True,2.0
2019-01-26,VMI Keydets,82.0,away,0.0,0.0,False,-2.0
2019-01-26,Loyola Maryland Greyhounds,79.0,home,0.0,0.0,True,7.0
2019-01-26,Colgate Raiders,72.0,away,0.0,0.0,False,-7.0
2019-01-26,Binghamton Bearcats,78.0,home,0.0,0.0,True,12.0
2019-01-26,Maine Black Bears,66.0,away,0.0,0.0,False,-12.0
2019-01-26,Missouri Tigers,80.0,home,0.0,0.0,False,-6.0
2019-01-26,LSU Tigers,86.0,away,0.0,0.0,True,6.0
2019-01-27,Virginia Tech Hokies,78.0,home,0.0,0.0,True,22.0
2019-01-27,Syracuse Orange,56.0,away,0.0,0.0,False,-22.0
2019-01-26,Maryland Terrapins,67.0,home,0.0,0.0,False,-11.0
2019-01-26,Illinois Fighting Illini,78.0,away,0.0,0.0,True,11.0
2019-01-26,Ole Miss Rebels,73.0,home,0.0,0.0,False,-14.0
2019-01-26,Iowa State Cyclones,87.0,away,0.0,0.0,True,14.0
2019-01-26,NC State Wolfpack,69.0,home,0.0,0.0,True,2.0
2019-01-26,Clemson Tigers,67.0,away,0.0,0.0,False,-2.0
2019-01-26,Baylor Bears,73.0,home,0.0,0.0,True,5.0
2019-01-26,Alabama Crimson Tide,68.0,away,0.0,0.0,False,-5.0
2019-01-27,Mississippi State Bulldogs,92.0,home,0.0,0.0,True,8.0
2019-01-27,Auburn Tigers,84.0,away,0.0,0.0,False,-8.0
2019-01-26,Nebraska Cornhuskers,60.0,home,0.0,0.0,False,-10.0
2019-01-26,Ohio State Buckeyes,70.0,away,0.0,0.0,True,10.0
2019-01-26,TCU Horned Frogs,55.0,home,0.0,0.0,True,5.0
2019-01-26,Florida Gators,50.0,away,0.0,0.0,False,-5.0
2019-01-26,Notre Dame Fighting Irish,55.0,home,0.0,0.0,False,-27.0
2019-01-26,Virginia Cavaliers,82.0,away,0.0,0.0,True,27.0
2019-01-26,New Hampshire Wildcats,51.0,home,0.0,0.0,False,-8.0
2019-01-26,UMBC Retrievers,59.0,away,0.0,0.0,True,8.0
2019-01-26,Louisville Cardinals,66.0,home,0.0,0.0,True,15.0
2019-01-26,Pittsburgh Panthers,51.0,away,0.0,0.0,False,-15.0
2019-01-26,Central Connecticut Blue Devils,71.0,home,0.0,0.0,False,-13.0
2019-01-26,Long Island University Sharks,84.0,away,0.0,0.0,True,13.0
2019-01-26,IU Indianapolis Jaguars,80.0,home,0.0,0.0,True,15.0
2019-01-26,Detroit Mercy Titans,65.0,away,0.0,0.0,False,-15.0
2019-01-26,Georgia State Panthers,77.0,home,0.0,0.0,True,6.0
2019-01-26,UT Arlington Mavericks,71.0,away,0.0,0.0,False,-6.0
2019-01-26,Harvard Crimson,64.0,home,0.0,0.0,True,5.0
2019-01-26,Dartmouth Big Green,59.0,away,0.0,0.0,False,-5.0
2019-01-26,Duquesne Dukes,74.0,home,0.0,0.0,False,-6.0
2019-01-26,VCU Rams,80.0,away,0.0,0.0,True,6.0
2019-01-26,Lafayette Leopards,63.0,home,0.0,0.0,False,-6.0
2019-01-26,Army Black Knights,69.0,away,0.0,0.0,True,6.0
2019-01-26,Western Michigan Broncos,67.0,home,0.0,0.0,False,-26.0
2019-01-26,Eastern Michigan Eagles,93.0,away,0.0,0.0,True,26.0
2019-01-26,Ohio Bobcats,78.0,home,0.0,0.0,True,4.0
2019-01-26,Ball State Cardinals,74.0,away,0.0,0.0,False,-4.0
2019-01-26,Texas A&M Aggies,65.0,home,0.0,0.0,True,12.0
2019-01-26,Kansas State Wildcats,53.0,away,0.0,0.0,False,-12.0
2019-01-26,Lehigh Mountain Hawks,94.0,home,0.0,0.0,True,16.0
2019-01-26,Boston University Terriers,78.0,away,0.0,0.0,False,-16.0
2019-01-26,Towson Tigers,61.0,home,0.0,0.0,False,-23.0
2019-01-26,Hofstra Pride,84.0,away,0.0,0.0,True,23.0
2019-01-26,Saint Louis Billikens,53.0,home,0.0,0.0,False,-1.0
2019-01-26,Davidson Wildcats,54.0,away,0.0,0.0,True,1.0
2019-01-26,UL Monroe Warhawks,72.0,home,0.0,0.0,False,-6.0
2019-01-26,South Alabama Jaguars,78.0,away,0.0,0.0,True,6.0
2019-01-26,Fordham Rams,52.0,home,0.0,0.0,False,-23.0
2019-01-26,Dayton Flyers,75.0,away,0.0,0.0,True,23.0
2019-01-26,Niagara Purple Eagles,75.0,home,0.0,0.0,True,27.0
2019-01-26,Monmouth Hawks,48.0,away,0.0,0.0,False,-27.0
2019-01-26,Oklahoma State Cowboys,74.0,home,0.0,0.0,True,4.0
2019-01-26,South Carolina Gamecocks,70.0,away,0.0,0.0,False,-4.0
2019-01-26,Chicago State Cougars,60.0,home,0.0,0.0,False,-14.0
2019-01-26,Utah Valley Wolverines,74.0,away,0.0,0.0,True,14.0
2019-01-26,Holy Cross Crusaders,69.0,home,0.0,0.0,True,5.0
2019-01-26,Navy Midshipmen,64.0,away,0.0,0.0,False,-5.0
2019-01-26,Delaware Blue Hens,76.0,home,0.0,0.0,True,1.0
2019-01-26,Drexel Dragons,75.0,away,0.0,0.0,False,-1.0
2019-01-26,Miami (OH) RedHawks,67.0,home,0.0,0.0,True,14.0
2019-01-26,Bowling Green Falcons,53.0,away,0.0,0.0,False,-14.0
2019-01-26,UAlbany Great Danes,84.0,home,0.0,0.0,True,7.0
2019-01-26,Hartford Hawks,77.0,away,0.0,0.0,False,-7.0
2019-01-26,Wisconsin Badgers,62.0,home,0.0,0.0,True,16.0
2019-01-26,Northwestern Wildcats,46.0,away,0.0,0.0,False,-16.0
2019-01-26,Georgia Bulldogs,98.0,home,0.0,0.0,True,10.0
2019-01-26,Texas Longhorns,88.0,away,0.0,0.0,False,-10.0
2019-01-26,North Carolina Central Eagles,48.0,home,0.0,0.0,False,-3.0
2019-01-26,North Carolina A&T Aggies,51.0,away,0.0,0.0,True,3.0
2019-01-26,Howard Bison,80.0,home,0.0,0.0,True,6.0
2019-01-26,Delaware State Hornets,74.0,away,0.0,0.0,False,-6.0
2019-01-26,Morehead State Eagles,71.0,home,0.0,0.0,False,-6.0
2019-01-26,Jacksonville State Gamecocks,77.0,away,0.0,0.0,True,6.0
2019-01-26,Morgan State Bears,77.0,home,0.0,0.0,True,6.0
2019-01-26,Bethune-Cookman Wildcats,71.0,away,0.0,0.0,False,-6.0
2019-01-26,Coppin State Eagles,70.0,home,0.0,0.0,False,-2.0
2019-01-26,Florida A&M Rattlers,72.0,away,0.0,0.0,True,2.0
2019-01-26,New Mexico Lobos,66.0,home,0.0,0.0,False,-2.0
2019-01-26,Utah State Aggies,68.0,away,0.0,0.0,True,2.0
2019-01-26,Boise State Broncos,77.0,home,0.0,0.0,True,25.0
2019-01-26,Wyoming Cowboys,52.0,away,0.0,0.0,False,-25.0
2019-01-26,Colorado State Rams,74.0,home,0.0,0.0,True,9.0
2019-01-26,Fresno State Bulldogs,65.0,away,0.0,0.0,False,-9.0
2019-01-26,McNeese Cowboys,79.0,home,0.0,0.0,True,6.0
2019-01-26,Houston Christian Huskies,73.0,away,0.0,0.0,False,-6.0
2019-01-26,Incarnate Word Cardinals,52.0,home,0.0,0.0,False,-9.0
2019-01-26,New Orleans Privateers,61.0,away,0.0,0.0,True,9.0
2019-01-26,Northwestern State Demons,53.0,home,0.0,0.0,False,-16.0
2019-01-26,SE Louisiana Lions,69.0,away,0.0,0.0,True,16.0
2019-01-26,Missouri State Bears,55.0,home,0.0,0.0,True,18.0
2019-01-26,Bradley Braves,37.0,away,0.0,0.0,False,-18.0
2019-01-26,UIC Flames,67.0,home,0.0,0.0,False,-13.0
2019-01-26,Oakland Golden Grizzlies,80.0,away,0.0,0.0,True,13.0
2019-01-26,Little Rock Trojans,73.0,home,0.0,0.0,False,-4.0
2019-01-26,App State Mountaineers,77.0,away,0.0,0.0,True,4.0
2019-01-26,UTSA Roadrunners,74.0,home,0.0,0.0,True,1.0
2019-01-26,Old Dominion Monarchs,73.0,away,0.0,0.0,False,-1.0
2019-01-26,Presbyterian Blue Hose,99.0,home,0.0,0.0,True,8.0
2019-01-26,Winthrop Eagles,91.0,away,0.0,0.0,False,-8.0
2019-01-26,Oregon State Beavers,69.0,home,0.0,0.0,False,-10.0
2019-01-26,Washington Huskies,79.0,away,0.0,0.0,True,10.0
2019-01-26,Bryant Bulldogs,63.0,home,0.0,0.0,False,-15.0
2019-01-26,Fairleigh Dickinson Knights,78.0,away,0.0,0.0,True,15.0
2019-01-26,American University Eagles,76.0,home,0.0,0.0,True,8.0
2019-01-26,Bucknell Bison,68.0,away,0.0,0.0,False,-8.0
2019-01-26,Montana State Bobcats,104.0,home,0.0,0.0,True,20.0
2019-01-26,Idaho State Bengals,84.0,away,0.0,0.0,False,-20.0
2019-01-26,East Carolina Pirates,57.0,home,0.0,0.0,False,-20.0
2019-01-26,South Florida Bulls,77.0,away,0.0,0.0,True,20.0
2019-01-26,James Madison Dukes,68.0,home,0.0,0.0,False,-10.0
2019-01-26,Northeastern Huskies,78.0,away,0.0,0.0,True,10.0
2019-01-26,UNC Wilmington Seahawks,82.0,home,0.0,0.0,False,-7.0
2019-01-26,Elon Phoenix,89.0,away,0.0,0.0,True,7.0
2019-01-26,Oklahoma Sooners,86.0,home,0.0,0.0,True,31.0
2019-01-26,Vanderbilt Commodores,55.0,away,0.0,0.0,False,-31.0
2019-01-26,Charleston Cougars,74.0,home,0.0,0.0,True,15.0
2019-01-26,William & Mary Tribe,59.0,away,0.0,0.0,False,-15.0
2019-01-26,Tennessee Volunteers,83.0,home,0.0,0.0,True,17.0
2019-01-26,West Virginia Mountaineers,66.0,away,0.0,0.0,False,-17.0
2019-01-26,South Dakota Coyotes,59.0,home,0.0,0.0,False,-6.0
2019-01-26,Western Illinois Leathernecks,65.0,away,0.0,0.0,True,6.0
2019-01-26,Pacific Tigers,74.0,home,0.0,0.0,True,4.0
2019-01-26,Portland Pilots,70.0,away,0.0,0.0,False,-4.0
2019-01-26,UT Martin Skyhawks,85.0,home,0.0,0.0,True,16.0
2019-01-26,SIU Edwardsville Cougars,69.0,away,0.0,0.0,False,-16.0
2019-01-26,Austin Peay Governors,92.0,home,0.0,0.0,False,-4.0
2019-01-26,Belmont Bruins,96.0,away,0.0,0.0,True,4.0
2019-01-26,Wake Forest Demon Deacons,61.0,home,0.0,0.0,False,-4.0
2019-01-26,Boston College Eagles,65.0,away,0.0,0.0,True,4.0
2019-01-26,Furman Paladins,73.0,home,0.0,0.0,False,-2.0
2019-01-26,Samford Bulldogs,75.0,away,0.0,0.0,True,2.0
2019-01-26,Abilene Christian Wildcats,79.0,home,0.0,0.0,True,23.0
2019-01-26,Central Arkansas Bears,56.0,away,0.0,0.0,False,-23.0
2019-01-26,UNC Greensboro Spartans,88.0,home,0.0,0.0,True,7.0
2019-01-26,Mercer Bears,81.0,away,0.0,0.0,False,-7.0
2019-01-26,Louisiana Tech Bulldogs,62.0,home,0.0,0.0,True,12.0
2019-01-26,Western Kentucky Hilltoppers,50.0,away,0.0,0.0,False,-12.0
2019-01-26,South Carolina Upstate Spartans,80.0,home,0.0,0.0,True,17.0
2019-01-26,Longwood Lancers,63.0,away,0.0,0.0,False,-17.0
2019-01-26,Southern Miss Golden Eagles,101.0,home,0.0,0.0,True,50.0
2019-01-26,Marshall Thundering Herd,51.0,away,0.0,0.0,False,-50.0
2019-01-26,Penn State Nittany Lions,60.0,home,0.0,0.0,False,-4.0
2019-01-26,Rutgers Scarlet Knights,64.0,away,0.0,0.0,True,4.0
2019-01-26,Arkansas State Red Wolves,64.0,home,0.0,0.0,False,-13.0
2019-01-26,Coastal Carolina Chanticleers,77.0,away,0.0,0.0,True,13.0
2019-01-26,Georgia Southern Eagles,74.0,home,0.0,0.0,True,16.0
2019-01-26,Texas State Bobcats,58.0,away,0.0,0.0,False,-16.0
2019-01-26,Mount St. Mary's Mountaineers,67.0,home,0.0,0.0,False,-7.0
2019-01-26,St. Francis Brooklyn Terriers,74.0,away,0.0,0.0,True,7.0
2019-01-26,Robert Morris Colonials,57.0,home,0.0,0.0,True,6.0
2019-01-26,Wagner Seahawks,51.0,away,0.0,0.0,False,-6.0
2019-01-26,Akron Zips,67.0,home,0.0,0.0,True,2.0
2019-01-26,Northern Illinois Huskies,65.0,away,0.0,0.0,False,-2.0
2019-01-26,Southeast Missouri State Redhawks,64.0,home,0.0,0.0,True,5.0
2019-01-26,Eastern Illinois Panthers,59.0,away,0.0,0.0,False,-5.0
2019-01-26,Grambling Tigers,63.0,home,0.0,0.0,False,-2.0
2019-01-26,Jackson State Tigers,65.0,away,0.0,0.0,True,2.0
2019-01-26,Charleston Southern Buccaneers,74.0,home,0.0,0.0,True,14.0
2019-01-26,Gardner-Webb Runnin' Bulldogs,60.0,away,0.0,0.0,False,-14.0
2019-01-26,Savannah State Tigers,92.0,home,0.0,0.0,True,4.0
2019-01-26,South Carolina State Bulldogs,88.0,away,0.0,0.0,False,-4.0
2019-01-26,Richmond Spiders,57.0,home,0.0,0.0,False,-9.0
2019-01-26,St. Bonaventure Bonnies,66.0,away,0.0,0.0,True,9.0
2019-01-26,SMU Mustangs,85.0,home,0.0,0.0,True,10.0
2019-01-26,Tulane Green Wave,75.0,away,0.0,0.0,False,-10.0
2019-01-26,South Dakota State Jackrabbits,83.0,home,0.0,0.0,True,10.0
2019-01-26,Omaha Mavericks,73.0,away,0.0,0.0,False,-10.0
2019-01-26,Alabama State Hornets,74.0,home,0.0,0.0,True,15.0
2019-01-26,Alcorn State Braves,59.0,away,0.0,0.0,False,-15.0
2019-01-26,Mississippi Valley State Delta Devils,78.0,home,0.0,0.0,False,-11.0
2019-01-26,Prairie View A&M Panthers,89.0,away,0.0,0.0,True,11.0
2019-01-26,North Texas Mean Green,70.0,home,0.0,0.0,True,17.0
2019-01-26,Middle Tennessee Blue Raiders,53.0,away,0.0,0.0,False,-17.0
2019-01-26,Hampton Pirates,64.0,home,0.0,0.0,True,6.0
2019-01-26,Campbell Fighting Camels,58.0,away,0.0,0.0,False,-6.0
2019-01-26,Kentucky Wildcats,71.0,home,0.0,0.0,True,8.0
2019-01-26,Kansas Jayhawks,63.0,away,0.0,0.0,False,-8.0
2019-01-26,UConn Huskies,80.0,home,0.0,0.0,True,20.0
2019-01-26,Wichita State Shockers,60.0,away,0.0,0.0,False,-20.0
2019-01-26,Texas Tech Red Raiders,67.0,home,0.0,0.0,True,3.0
2019-01-26,Arkansas Razorbacks,64.0,away,0.0,0.0,False,-3.0
2019-01-27,Eastern Kentucky Colonels,85.0,home,0.0,0.0,False,-6.0
2019-01-27,Tennessee Tech Golden Eagles,91.0,away,0.0,0.0,True,6.0
2019-01-26,Sam Houston Bearkats,69.0,home,0.0,0.0,True,10.0
2019-01-26,Lamar Cardinals,59.0,away,0.0,0.0,False,-10.0
2019-01-26,Norfolk State Spartans,88.0,home,0.0,0.0,True,28.0
2019-01-26,Maryland Eastern Shore Hawks,60.0,away,0.0,0.0,False,-28.0
2019-01-27,Northern Kentucky Norse,73.0,home,0.0,0.0,True,13.0
2019-01-27,Milwaukee Panthers,60.0,away,0.0,0.0,False,-13.0
2019-01-27,Purdue Fort Wayne Mastodons,91.0,home,0.0,0.0,True,10.0
2019-01-27,Denver Pioneers,81.0,away,0.0,0.0,False,-10.0
2019-01-27,Wright State Raiders,87.0,home,0.0,0.0,True,12.0
2019-01-27,Green Bay Phoenix,75.0,away,0.0,0.0,False,-12.0
2019-01-27,Wofford Terriers,80.0,home,0.0,0.0,True,11.0
2019-01-27,Chattanooga Mocs,69.0,away,0.0,0.0,False,-11.0
2019-01-27,Western Carolina Catamounts,69.0,home,0.0,0.0,False,-22.0
2019-01-27,East Tennessee State Buccaneers,91.0,away,0.0,0.0,True,22.0
2019-01-27,Cleveland State Vikings,72.0,home,0.0,0.0,True,10.0
2019-01-27,Youngstown State Penguins,62.0,away,0.0,0.0,False,-10.0
2019-01-27,Alabama A&M Bulldogs,68.0,home,0.0,0.0,True,6.0
2019-01-27,Southern Jaguars,62.0,away,0.0,0.0,False,-6.0
2019-01-27,Stony Brook Seawolves,52.0,home,0.0,0.0,False,-21.0
2019-01-27,Vermont Catamounts,73.0,away,0.0,0.0,True,21.0
2019-01-27,Toledo Rockets,76.0,home,0.0,0.0,True,4.0
2019-01-27,Central Michigan Chippewas,72.0,away,0.0,0.0,False,-4.0
2019-01-27,Siena Saints,53.0,home,0.0,0.0,True,13.0
2019-01-27,Manhattan Jaspers,40.0,away,0.0,0.0,False,-13.0
2019-01-27,Columbia Lions,73.0,home,0.0,0.0,True,3.0
2019-01-27,Cornell Big Red,70.0,away,0.0,0.0,False,-3.0
2019-01-27,Florida International Panthers,72.0,home,0.0,0.0,False,-17.0
2019-01-27,Florida Atlantic Owls,89.0,away,0.0,0.0,True,17.0
2019-01-27,Kansas City Roos,63.0,home,0.0,0.0,True,9.0
2019-01-27,Seattle U Redhawks,54.0,away,0.0,0.0,False,-9.0
2019-01-27,High Point Panthers,65.0,home,0.0,0.0,True,4.0
2019-01-27,UNC Asheville Bulldogs,61.0,away,0.0,0.0,False,-4.0
2019-01-27,Saint Francis Red Flash,79.0,home,0.0,0.0,True,1.0
2019-01-27,Sacred Heart Pioneers,78.0,away,0.0,0.0,False,-1.0
2019-01-27,George Mason Patriots,62.0,home,0.0,0.0,True,7.0
2019-01-27,George Washington Revolutionaries,55.0,away,0.0,0.0,False,-7.0
2019-01-27,Rice Owls,86.0,home,0.0,0.0,False,-3.0
2019-01-27,UAB Blazers,89.0,away,0.0,0.0,True,3.0
2019-01-27,Murray State Racers,100.0,home,0.0,0.0,True,38.0
2019-01-27,Tennessee State Tigers,62.0,away,0.0,0.0,False,-38.0
2019-01-27,San Diego State Aztecs,94.0,home,0.0,0.0,True,17.0
2019-01-27,UNLV Rebels,77.0,away,0.0,0.0,False,-17.0
2019-01-27,Valparaiso Beacons,59.0,home,0.0,0.0,False,-11.0
2019-01-27,Drake Bulldogs,70.0,away,0.0,0.0,True,11.0
2019-01-27,Northern Iowa Panthers,81.0,home,0.0,0.0,True,7.0
2019-01-27,Evansville Purple Aces,74.0,away,0.0,0.0,False,-7.0
2019-01-27,Oral Roberts Golden Eagles,57.0,home,0.0,0.0,False,-10.0
2019-01-27,North Dakota State Bison,67.0,away,0.0,0.0,True,10.0
2019-01-27,Louisiana Ragin' Cajuns,86.0,home,0.0,0.0,True,5.0
2019-01-27,Troy Trojans,81.0,away,0.0,0.0,False,-5.0
2019-01-27,California Golden Bears,64.0,home,0.0,0.0,False,-18.0
2019-01-27,Utah Utes,82.0,away,0.0,0.0,True,18.0
2019-01-27,USC Trojans,69.0,home,0.0,0.0,True,2.0
2019-01-27,Arizona State Sun Devils,67.0,away,0.0,0.0,False,-2.0
2019-01-27,UTEP Miners,57.0,home,0.0,0.0,True,4.0
2019-01-27,Charlotte 49ers,53.0,away,0.0,0.0,False,-4.0
2019-01-27,Arkansas-Pine Bluff Golden Lions,90.0,home,0.0,0.0,True,4.0
2019-01-27,Texas Southern Tigers,86.0,away,0.0,0.0,False,-4.0
2019-01-27,UT Rio Grande Valley Vaqueros,61.0,home,0.0,0.0,False,-2.0
2019-01-27,New Mexico State Aggies,63.0,away,0.0,0.0,True,2.0
2019-01-27,Stanford Cardinal,75.0,home,0.0,0.0,True,13.0
2019-01-27,Colorado Buffaloes,62.0,away,0.0,0.0,False,-13.0
2019-01-27,Long Beach State Beach,71.0,home,0.0,0.0,False,-11.0
2019-01-27,UC Santa Barbara Gauchos,82.0,away,0.0,0.0,True,11.0
2019-01-27,Pepperdine Waves,84.0,home,0.0,0.0,True,7.0
2019-01-27,Saint Mary's Gaels,77.0,away,0.0,0.0,False,-7.0
2019-01-27,Northern Arizona Lumberjacks,48.0,home,0.0,0.0,False,-15.0
2019-01-27,Northern Colorado Bears,63.0,away,0.0,0.0,True,15.0
2019-01-27,Montana Grizzlies,75.0,home,0.0,0.0,True,7.0
2019-01-27,Weber State Wildcats,68.0,away,0.0,0.0,False,-7.0
2019-01-27,San José State Spartans,71.0,home,0.0,0.0,False,-2.0
2019-01-27,Air Force Falcons,73.0,away,0.0,0.0,True,2.0
2019-01-27,UC Irvine Anteaters,82.0,home,0.0,0.0,True,18.0
2019-01-27,UC Riverside Highlanders,64.0,away,0.0,0.0,False,-18.0
2019-01-27,Santa Clara Broncos,61.0,home,0.0,0.0,False,-8.0
2019-01-27,Loyola Marymount Lions,69.0,away,0.0,0.0,True,8.0
2019-01-27,UCLA Bruins,90.0,home,0.0,0.0,True,21.0
2019-01-27,Arizona Wildcats,69.0,away,0.0,0.0,False,-21.0
2019-01-27,Cal Poly Mustangs,63.0,home,0.0,0.0,False,-17.0
2019-01-27,Cal State Fullerton Titans,80.0,away,0.0,0.0,True,17.0
2019-01-27,California Baptist Lancers,73.0,home,0.0,0.0,False,-17.0
2019-01-27,Grand Canyon Lopes,90.0,away,0.0,0.0,True,17.0
2019-01-27,San Diego Toreros,67.0,home,0.0,0.0,True,4.0
2019-01-27,San Francisco Dons,63.0,away,0.0,0.0,False,-4.0
2019-01-27,Portland State Vikings,69.0,home,0.0,0.0,True,16.0
2019-01-27,Idaho Vandals,53.0,away,0.0,0.0,False,-16.0
2019-01-27,Sacramento State Hornets,92.0,home,0.0,0.0,False,-2.0
2019-01-27,Eastern Washington Eagles,94.0,away,0.0,0.0,True,2.0
2019-01-27,Hawai'i Rainbow Warriors,80.0,home,0.0,0.0,True,20.0
2019-01-27,UC Davis Aggies,60.0,away,0.0,0.0,False,-20.0
2019-01-27,Saint Joseph's Hawks,70.0,home,0.0,0.0,False,-8.0
2019-01-27,Pennsylvania Quakers,78.0,away,0.0,0.0,True,8.0
2019-02-09,Saint Joseph's Hawks,91.0,home,0.0,0.0,True,30.0
2019-02-09,Saint Louis Billikens,61.0,away,0.0,0.0,False,-30.0
2019-02-09,Dartmouth Big Green,80.0,home,0.0,0.0,False,-3.0
2019-02-09,Cornell Big Red,83.0,away,0.0,0.0,True,3.0
2019-02-09,Akron Zips,72.0,home,0.0,0.0,True,19.0
2019-02-09,Kent State Golden Flashes,53.0,away,0.0,0.0,False,-19.0
2019-02-09,UL Monroe Warhawks,88.0,home,0.0,0.0,True,9.0
2019-02-09,Georgia Southern Eagles,79.0,away,0.0,0.0,False,-9.0
2019-02-09,Harvard Crimson,98.0,home,0.0,0.0,True,2.0
2019-02-09,Columbia Lions,96.0,away,0.0,0.0,False,-2.0
2019-02-09,Rider Broncs,80.0,home,0.0,0.0,False,-1.0
2019-02-09,Canisius Golden Griffins,81.0,away,0.0,0.0,True,1.0
2019-02-09,Yale Bulldogs,74.0,home,0.0,0.0,True,14.0
2019-02-09,Princeton Tigers,60.0,away,0.0,0.0,False,-14.0
2019-02-09,Iona Gaels,65.0,home,0.0,0.0,False,-1.0
2019-02-09,Quinnipiac Bobcats,66.0,away,0.0,0.0,True,1.0
2019-02-09,Brown Bears,82.0,home,0.0,0.0,False,-10.0
2019-02-09,Pennsylvania Quakers,92.0,away,0.0,0.0,True,10.0
2019-02-09,Marist Red Foxes,79.0,home,0.0,0.0,True,21.0
2019-02-09,Niagara Purple Eagles,58.0,away,0.0,0.0,False,-21.0
2019-02-09,Manhattan Jaspers,49.0,home,0.0,0.0,False,-2.0
2019-02-09,Siena Saints,51.0,away,0.0,0.0,True,2.0
2019-02-09,Louisiana Ragin' Cajuns,76.0,home,0.0,0.0,True,4.0
2019-02-09,Georgia State Panthers,72.0,away,0.0,0.0,False,-4.0
2019-02-10,Lafayette Leopards,69.0,home,0.0,0.0,True,2.0
2019-02-10,Holy Cross Crusaders,67.0,away,0.0,0.0,False,-2.0
2019-02-10,SMU Mustangs,65.0,home,0.0,0.0,False,-6.0
2019-02-10,UCF Knights,71.0,away,0.0,0.0,True,6.0
2019-02-10,Iowa Hawkeyes,80.0,home,0.0,0.0,True,1.0
2019-02-10,Northwestern Wildcats,79.0,away,0.0,0.0,False,-1.0
2019-02-10,Saint Peter's Peacocks,60.0,home,0.0,0.0,False,-4.0
2019-02-10,Canisius Golden Griffins,64.0,away,0.0,0.0,True,4.0
2019-02-10,Rider Broncs,57.0,home,0.0,0.0,False,-2.0
2019-02-10,Siena Saints,59.0,away,0.0,0.0,True,2.0
2019-02-10,Maine Black Bears,66.0,home,0.0,0.0,False,-1.0
2019-02-10,UMBC Retrievers,67.0,away,0.0,0.0,True,1.0
2019-02-10,Indiana Hoosiers,52.0,home,0.0,0.0,False,-3.0
2019-02-10,Ohio State Buckeyes,55.0,away,0.0,0.0,True,3.0
2019-02-10,Iona Gaels,79.0,home,0.0,0.0,True,3.0
2019-02-10,Niagara Purple Eagles,76.0,away,0.0,0.0,False,-3.0
2019-02-10,Notre Dame Fighting Irish,69.0,home,0.0,0.0,True,10.0
2019-02-10,Georgia Tech Yellow Jackets,59.0,away,0.0,0.0,False,-10.0
2019-02-10,South Dakota Coyotes,72.0,home,0.0,0.0,False,-14.0
2019-02-10,Oral Roberts Golden Eagles,86.0,away,0.0,0.0,True,14.0
2019-02-11,Oregon Ducks,69.0,home,0.0,0.0,True,23.0
2019-02-11,Stanford Cardinal,46.0,away,0.0,0.0,False,-23.0
2019-02-10,Memphis Tigers,78.0,home,0.0,0.0,True,7.0
2019-02-10,UConn Huskies,71.0,away,0.0,0.0,False,-7.0
2019-02-10,Missouri State Bears,66.0,home,0.0,0.0,True,1.0
2019-02-10,Illinois State Redbirds,65.0,away,0.0,0.0,False,-1.0
2019-02-10,George Mason Patriots,84.0,home,0.0,0.0,True,8.0
2019-02-10,La Salle Explorers,76.0,away,0.0,0.0,False,-8.0
2019-02-10,Houston Cougars,65.0,home,0.0,0.0,True,7.0
2019-02-10,Cincinnati Bearcats,58.0,away,0.0,0.0,False,-7.0
2019-02-10,South Florida Bulls,72.0,home,0.0,0.0,True,4.0
2019-02-10,East Carolina Pirates,68.0,away,0.0,0.0,False,-4.0
2019-02-10,Valparaiso Beacons,51.0,home,0.0,0.0,False,-5.0
2019-02-10,Loyola Chicago Ramblers,56.0,away,0.0,0.0,True,5.0
2019-02-07,Florida Gulf Coast Eagles,71.0,home,0.0,0.0,True,7.0
2019-02-07,North Alabama Lions,64.0,away,0.0,0.0,False,-7.0
2019-02-07,Villanova Wildcats,66.0,home,0.0,0.0,True,7.0
2019-02-07,Creighton Bluejays,59.0,away,0.0,0.0,False,-7.0
2019-02-07,Massachusetts Minutemen,67.0,home,0.0,0.0,False,-18.0
2019-02-07,Fordham Rams,85.0,away,0.0,0.0,True,18.0
2019-02-07,Jacksonville Dolphins,82.0,home,0.0,0.0,True,9.0
2019-02-07,Kennesaw State Owls,73.0,away,0.0,0.0,False,-9.0
2019-02-07,Richmond Spiders,81.0,home,0.0,0.0,True,14.0
2019-02-07,George Mason Patriots,67.0,away,0.0,0.0,False,-14.0
2019-02-07,Boston University Terriers,72.0,home,0.0,0.0,False,-7.0
2019-02-07,Lafayette Leopards,79.0,away,0.0,0.0,True,7.0
2019-02-07,Mississippi State Bulldogs,88.0,home,0.0,0.0,False,-4.0
2019-02-07,LSU Tigers,92.0,away,0.0,0.0,True,4.0
2019-02-07,Colorado State Rams,82.0,home,0.0,0.0,False,-16.0
2019-02-07,Nevada Wolf Pack,98.0,away,0.0,0.0,True,16.0
2019-02-06,Temple Owls,81.0,home,0.0,0.0,True,18.0
2019-02-06,UConn Huskies,63.0,away,0.0,0.0,False,-18.0
2019-02-07,Loyola Maryland Greyhounds,72.0,home,0.0,0.0,False,-12.0
2019-02-07,Bucknell Bison,84.0,away,0.0,0.0,True,12.0
2019-02-07,Indiana State Sycamores,85.0,home,0.0,0.0,True,23.0
2019-02-07,Evansville Purple Aces,62.0,away,0.0,0.0,False,-23.0
2019-02-07,Nebraska Cornhuskers,45.0,home,0.0,0.0,False,-15.0
2019-02-07,Maryland Terrapins,60.0,away,0.0,0.0,True,15.0
2019-02-07,Binghamton Bearcats,59.0,home,0.0,0.0,False,-26.0
2019-02-07,Stony Brook Seawolves,85.0,away,0.0,0.0,True,26.0
2019-02-07,UMBC Retrievers,61.0,home,0.0,0.0,False,-9.0
2019-02-07,Hartford Hawks,70.0,away,0.0,0.0,True,9.0
2019-02-07,North Florida Ospreys,55.0,home,0.0,0.0,False,-37.0
2019-02-07,Lipscomb Bisons,92.0,away,0.0,0.0,True,37.0
2019-02-07,Navy Midshipmen,77.0,home,0.0,0.0,True,10.0
2019-02-07,American University Eagles,67.0,away,0.0,0.0,False,-10.0
2019-02-07,Vermont Catamounts,86.0,home,0.0,0.0,True,23.0
2019-02-07,Maine Black Bears,63.0,away,0.0,0.0,False,-23.0
2019-02-07,UMass Lowell River Hawks,72.0,home,0.0,0.0,True,10.0
2019-02-07,New Hampshire Wildcats,62.0,away,0.0,0.0,False,-10.0
2019-02-07,George Washington Revolutionaries,50.0,home,0.0,0.0,False,-10.0
2019-02-07,VCU Rams,60.0,away,0.0,0.0,True,10.0
2019-02-07,Minnesota Golden Gophers,51.0,home,0.0,0.0,False,-5.0
2019-02-07,Wisconsin Badgers,56.0,away,0.0,0.0,True,5.0
2019-02-07,Davidson Wildcats,68.0,home,0.0,0.0,True,15.0
2019-02-07,Rhode Island Rams,53.0,away,0.0,0.0,False,-15.0
2019-02-07,Ole Miss Rebels,75.0,home,0.0,0.0,True,4.0
2019-02-07,Texas A&M Aggies,71.0,away,0.0,0.0,False,-4.0
2019-02-07,Providence Friars,67.0,home,0.0,0.0,False,-9.0
2019-02-07,Georgetown Hoyas,76.0,away,0.0,0.0,True,9.0
2019-02-07,Northwestern State Demons,73.0,home,0.0,0.0,False,-8.0
2019-02-07,New Orleans Privateers,81.0,away,0.0,0.0,True,8.0
2019-02-07,East Carolina Pirates,49.0,home,0.0,0.0,False,-16.0
2019-02-07,Wichita State Shockers,65.0,away,0.0,0.0,True,16.0
2019-02-07,Duquesne Dukes,49.0,home,0.0,0.0,False,-2.0
2019-02-07,St. Bonaventure Bonnies,51.0,away,0.0,0.0,True,2.0
2019-02-07,Northern Iowa Panthers,71.0,home,0.0,0.0,False,-8.0
2019-02-07,Bradley Braves,79.0,away,0.0,0.0,True,8.0
2019-02-07,Texas A&M-Corpus Christi Islanders,58.0,home,0.0,0.0,False,-6.0
2019-02-07,SE Louisiana Lions,64.0,away,0.0,0.0,True,6.0
2019-02-07,Sam Houston Bearkats,77.0,home,0.0,0.0,True,15.0
2019-02-07,McNeese Cowboys,62.0,away,0.0,0.0,False,-15.0
2019-02-07,Missouri State Bears,65.0,home,0.0,0.0,True,6.0
2019-02-07,Southern Illinois Salukis,59.0,away,0.0,0.0,False,-6.0
2019-02-07,Lamar Cardinals,64.0,home,0.0,0.0,False,-11.0
2019-02-07,Abilene Christian Wildcats,75.0,away,0.0,0.0,True,11.0
2019-02-07,Georgia Tech Yellow Jackets,42.0,home,0.0,0.0,False,-23.0
2019-02-07,Clemson Tigers,65.0,away,0.0,0.0,True,23.0
2019-02-07,Houston Christian Huskies,77.0,home,0.0,0.0,False,-2.0
2019-02-07,Stephen F. Austin Lumberjacks,79.0,away,0.0,0.0,True,2.0
2019-02-07,Miami Hurricanes,62.0,home,0.0,0.0,True,15.0
2019-02-07,Notre Dame Fighting Irish,47.0,away,0.0,0.0,False,-15.0
2019-02-07,Holy Cross Crusaders,56.0,home,0.0,0.0,True,14.0
2019-02-07,Army Black Knights,42.0,away,0.0,0.0,False,-14.0
2019-02-07,North Dakota Fighting Hawks,70.0,home,0.0,0.0,False,-4.0
2019-02-07,North Dakota State Bison,74.0,away,0.0,0.0,True,4.0
2019-02-07,Air Force Falcons,81.0,home,0.0,0.0,True,5.0
2019-02-07,Wyoming Cowboys,76.0,away,0.0,0.0,False,-5.0
2019-02-07,Louisiana Ragin' Cajuns,86.0,home,0.0,0.0,False,-17.0
2019-02-07,Georgia Southern Eagles,103.0,away,0.0,0.0,True,17.0
2019-02-07,UL Monroe Warhawks,82.0,home,0.0,0.0,True,6.0
2019-02-07,Georgia State Panthers,76.0,away,0.0,0.0,False,-6.0
2019-02-07,Texas Longhorns,84.0,home,0.0,0.0,True,12.0
2019-02-07,Baylor Bears,72.0,away,0.0,0.0,False,-12.0
2019-02-07,UCLA Bruins,73.0,home,0.0,0.0,False,-11.0
2019-02-07,Colorado Buffaloes,84.0,away,0.0,0.0,True,11.0
2019-02-07,TCU Horned Frogs,70.0,home,0.0,0.0,True,2.0
2019-02-07,Oklahoma State Cowboys,68.0,away,0.0,0.0,False,-2.0
2019-02-07,Alabama Crimson Tide,89.0,home,0.0,0.0,True,15.0
2019-02-07,Georgia Bulldogs,74.0,away,0.0,0.0,False,-15.0
2019-02-07,UC Irvine Anteaters,60.0,home,0.0,0.0,True,7.0
2019-02-07,Cal State Fullerton Titans,53.0,away,0.0,0.0,False,-7.0
2019-02-07,UC Santa Barbara Gauchos,70.0,home,0.0,0.0,True,6.0
2019-02-07,Cal State Northridge Matadors,64.0,away,0.0,0.0,False,-6.0
2019-02-07,Oregon Ducks,73.0,home,0.0,0.0,True,11.0
2019-02-07,California Golden Bears,62.0,away,0.0,0.0,False,-11.0
2019-02-07,USC Trojans,70.0,home,0.0,0.0,False,-7.0
2019-02-07,Utah Utes,77.0,away,0.0,0.0,True,7.0
2019-02-07,Boise State Broncos,72.0,home,0.0,0.0,False,-11.0
2019-02-07,UNLV Rebels,83.0,away,0.0,0.0,True,11.0
2019-02-12,Florida A&M Rattlers,54.0,home,0.0,0.0,False,-12.0
2019-02-12,Norfolk State Spartans,66.0,away,0.0,0.0,True,12.0
2019-02-12,North Carolina Central Eagles,87.0,home,0.0,0.0,True,35.0
2019-02-12,Delaware State Hornets,52.0,away,0.0,0.0,False,-35.0
2019-02-12,Baylor Bears,59.0,home,0.0,0.0,True,6.0
2019-02-12,Oklahoma Sooners,53.0,away,0.0,0.0,False,-6.0
2019-02-12,Southern Jaguars,76.0,home,0.0,0.0,True,9.0
2019-02-12,Jackson State Tigers,67.0,away,0.0,0.0,False,-9.0
2019-02-12,Bucknell Bison,87.0,home,0.0,0.0,True,12.0
2019-02-12,Lehigh Mountain Hawks,75.0,away,0.0,0.0,False,-12.0
2019-02-12,Alabama State Hornets,82.0,home,0.0,0.0,True,23.0
2019-02-12,Mississippi Valley State Delta Devils,59.0,away,0.0,0.0,False,-23.0
2019-02-12,Alcorn State Braves,53.0,home,0.0,0.0,False,-12.0
2019-02-12,Grambling Tigers,65.0,away,0.0,0.0,True,12.0
2019-02-12,Bethune-Cookman Wildcats,73.0,home,0.0,0.0,False,-6.0
2019-02-12,Howard Bison,79.0,away,0.0,0.0,True,6.0
2019-02-12,North Carolina Tar Heels,61.0,home,0.0,0.0,False,-8.0
2019-02-12,Virginia Cavaliers,69.0,away,0.0,0.0,True,8.0
2019-02-12,TCU Horned Frogs,77.0,home,0.0,0.0,False,-5.0
2019-02-12,Kansas Jayhawks,82.0,away,0.0,0.0,True,5.0
2019-02-12,Savannah State Tigers,88.0,home,0.0,0.0,True,3.0
2019-02-12,Morgan State Bears,85.0,away,0.0,0.0,False,-3.0
2019-02-12,Sacramento State Hornets,78.0,home,0.0,0.0,True,11.0
2019-02-12,Portland State Vikings,67.0,away,0.0,0.0,False,-11.0
2019-02-12,Alabama A&M Bulldogs,60.0,home,0.0,0.0,False,-9.0
2019-02-12,Arkansas-Pine Bluff Golden Lions,69.0,away,0.0,0.0,True,9.0
2019-02-12,South Carolina State Bulldogs,85.0,home,0.0,0.0,True,1.0
2019-02-12,Coppin State Eagles,84.0,away,0.0,0.0,False,-1.0
2019-02-12,North Carolina A&T Aggies,68.0,home,0.0,0.0,True,7.0
2019-02-12,Maryland Eastern Shore Hawks,61.0,away,0.0,0.0,False,-7.0
2019-02-13,Kentucky Wildcats,71.0,home,0.0,0.0,False,-2.0
2019-02-13,LSU Tigers,73.0,away,0.0,0.0,True,2.0
2019-02-13,Louisville Cardinals,69.0,home,0.0,0.0,False,-2.0
2019-02-13,Duke Blue Devils,71.0,away,0.0,0.0,True,2.0
2019-02-13,DePaul Blue Demons,73.0,home,0.0,0.0,False,-19.0
2019-02-13,Marquette Golden Eagles,92.0,away,0.0,0.0,True,19.0
2019-02-13,Western Michigan Broncos,76.0,home,0.0,0.0,True,2.0
2019-02-13,Northern Illinois Huskies,74.0,away,0.0,0.0,False,-2.0
2019-02-13,Quinnipiac Bobcats,98.0,home,0.0,0.0,True,10.0
2019-02-13,Rider Broncs,88.0,away,0.0,0.0,False,-10.0
2019-02-13,Ohio Bobcats,57.0,home,0.0,0.0,False,-9.0
2019-02-13,Eastern Michigan Eagles,66.0,away,0.0,0.0,True,9.0
2019-02-13,Southern Illinois Salukis,69.0,home,0.0,0.0,False,-3.0
2019-02-13,Drake Bulldogs,72.0,away,0.0,0.0,True,3.0
2019-02-13,Boston College Eagles,66.0,home,0.0,0.0,True,9.0
2019-02-13,Pittsburgh Panthers,57.0,away,0.0,0.0,False,-9.0
2019-02-13,Missouri Tigers,79.0,home,0.0,0.0,True,1.0
2019-02-13,Arkansas Razorbacks,78.0,away,0.0,0.0,False,-1.0
2019-02-13,St. John's Red Storm,77.0,home,0.0,0.0,True,4.0
2019-02-13,Butler Bulldogs,73.0,away,0.0,0.0,False,-4.0
2019-02-13,Texas A&M Aggies,73.0,home,0.0,0.0,True,17.0
2019-02-13,Georgia Bulldogs,56.0,away,0.0,0.0,False,-17.0
2019-02-12,Maryland Terrapins,70.0,home,0.0,0.0,True,14.0
2019-02-12,Purdue Boilermakers,56.0,away,0.0,0.0,False,-14.0
2019-02-13,Wisconsin Badgers,59.0,home,0.0,0.0,False,-8.0
2019-02-13,Michigan State Spartans,67.0,away,0.0,0.0,True,8.0
2019-02-13,Akron Zips,70.0,home,0.0,0.0,False,-6.0
2019-02-13,Buffalo Bulls,76.0,away,0.0,0.0,True,6.0
2019-02-13,Penn State Nittany Lions,75.0,home,0.0,0.0,True,6.0
2019-02-13,Michigan Wolverines,69.0,away,0.0,0.0,False,-6.0
2019-02-13,Texas Longhorns,64.0,home,0.0,0.0,False,-7.0
2019-02-13,Kansas State Wildcats,71.0,away,0.0,0.0,True,7.0
2019-02-12,Saint Joseph's Hawks,51.0,home,0.0,0.0,False,-25.0
2019-02-12,St. Bonaventure Bonnies,76.0,away,0.0,0.0,True,25.0
2019-02-13,Fordham Rams,69.0,home,0.0,0.0,False,-10.0
2019-02-13,Davidson Wildcats,79.0,away,0.0,0.0,True,10.0
2019-02-13,Mississippi State Bulldogs,81.0,home,0.0,0.0,True,19.0
2019-02-13,Alabama Crimson Tide,62.0,away,0.0,0.0,False,-19.0
2019-02-13,Bowling Green Falcons,79.0,home,0.0,0.0,True,7.0
2019-02-13,Central Michigan Chippewas,72.0,away,0.0,0.0,False,-7.0
2019-02-13,UNLV Rebels,77.0,home,0.0,0.0,True,5.0
2019-02-13,Air Force Falcons,72.0,away,0.0,0.0,False,-5.0
2019-02-13,Colorado State Rams,60.0,home,0.0,0.0,False,-11.0
2019-02-13,San Diego State Aztecs,71.0,away,0.0,0.0,True,11.0
2019-02-13,California Baptist Lancers,115.0,home,0.0,0.0,True,50.0
2019-02-13,Bethesda University Flames,65.0,away,0.0,0.0,False,-50.0
2019-02-07,Saint Francis Red Flash,90.0,home,0.0,0.0,True,5.0
2019-02-07,Central Connecticut Blue Devils,85.0,away,0.0,0.0,False,-5.0
2019-02-08,Indiana Hoosiers,72.0,home,0.0,0.0,False,-5.0
2019-02-08,Iowa Hawkeyes,77.0,away,0.0,0.0,True,5.0
2019-02-07,Sacred Heart Pioneers,69.0,home,0.0,0.0,True,6.0
2019-02-07,Fairleigh Dickinson Knights,63.0,away,0.0,0.0,False,-6.0
2019-02-08,Wright State Raiders,76.0,home,0.0,0.0,True,14.0
2019-02-08,Oakland Golden Grizzlies,62.0,away,0.0,0.0,False,-14.0
2019-02-08,Long Island University Sharks,77.0,home,0.0,0.0,True,15.0
2019-02-08,Mount St. Mary's Mountaineers,62.0,away,0.0,0.0,False,-15.0
2019-02-08,UCF Knights,68.0,home,0.0,0.0,False,-9.0
2019-02-08,Houston Cougars,77.0,away,0.0,0.0,True,9.0
2019-02-08,Youngstown State Penguins,72.0,home,0.0,0.0,True,1.0
2019-02-08,Milwaukee Panthers,71.0,away,0.0,0.0,False,-1.0
2019-02-08,High Point Panthers,57.0,home,0.0,0.0,True,1.0
2019-02-08,Campbell Fighting Camels,56.0,away,0.0,0.0,False,-1.0
2019-02-08,Troy Trojans,70.0,home,0.0,0.0,False,-14.0
2019-02-08,Little Rock Trojans,84.0,away,0.0,0.0,True,14.0
2019-02-08,Longwood Lancers,88.0,home,0.0,0.0,False,-1.0
2019-02-08,Gardner-Webb Runnin' Bulldogs,89.0,away,0.0,0.0,True,1.0
2019-02-08,Northern Kentucky Norse,97.0,home,0.0,0.0,True,32.0
2019-02-08,Detroit Mercy Titans,65.0,away,0.0,0.0,False,-32.0
2019-02-08,Gonzaga Bulldogs,92.0,home,0.0,0.0,True,30.0
2019-02-08,San Francisco Dons,62.0,away,0.0,0.0,False,-30.0
2019-02-08,Presbyterian Blue Hose,67.0,home,0.0,0.0,True,23.0
2019-02-08,UNC Asheville Bulldogs,44.0,away,0.0,0.0,False,-23.0
2019-02-08,Memphis Tigers,64.0,home,0.0,0.0,False,-5.0
2019-02-08,Cincinnati Bearcats,69.0,away,0.0,0.0,True,5.0
2019-02-08,UNC Greensboro Spartans,75.0,home,0.0,0.0,True,8.0
2019-02-08,Samford Bulldogs,67.0,away,0.0,0.0,False,-8.0
2019-02-08,East Tennessee State Buccaneers,76.0,home,0.0,0.0,False,-2.0
2019-02-08,Wofford Terriers,78.0,away,0.0,0.0,True,2.0
2019-02-08,Purdue Fort Wayne Mastodons,79.0,home,0.0,0.0,True,15.0
2019-02-08,Western Illinois Leathernecks,64.0,away,0.0,0.0,False,-15.0
2019-02-08,VMI Keydets,70.0,home,0.0,0.0,False,-1.0
2019-02-08,Chattanooga Mocs,71.0,away,0.0,0.0,True,1.0
2019-02-08,Hampton Pirates,98.0,home,0.0,0.0,False,-3.0
2019-02-08,Radford Highlanders,101.0,away,0.0,0.0,True,3.0
2019-02-08,Cleveland State Vikings,65.0,home,0.0,0.0,False,-17.0
2019-02-08,Green Bay Phoenix,82.0,away,0.0,0.0,True,17.0
2019-02-08,Saint Peter's Peacocks,51.0,home,0.0,0.0,False,-2.0
2019-02-08,Monmouth Hawks,53.0,away,0.0,0.0,True,2.0
2019-02-08,Northeastern Huskies,72.0,home,0.0,0.0,True,12.0
2019-02-08,William & Mary Tribe,60.0,away,0.0,0.0,False,-12.0
2019-02-08,Robert Morris Colonials,72.0,home,0.0,0.0,True,13.0
2019-02-08,Bryant Bulldogs,59.0,away,0.0,0.0,False,-13.0
2019-02-08,Middle Tennessee Blue Raiders,71.0,home,0.0,0.0,True,18.0
2019-02-08,Charlotte 49ers,53.0,away,0.0,0.0,False,-18.0
2019-02-08,Oral Roberts Golden Eagles,78.0,home,0.0,0.0,True,13.0
2019-02-08,Denver Pioneers,65.0,away,0.0,0.0,False,-13.0
2019-02-08,Western Carolina Catamounts,45.0,home,0.0,0.0,False,-19.0
2019-02-08,Furman Paladins,64.0,away,0.0,0.0,True,19.0
2019-02-08,St. Francis Brooklyn Terriers,51.0,home,0.0,0.0,True,7.0
2019-02-08,Wagner Seahawks,44.0,away,0.0,0.0,False,-7.0
2019-02-08,South Alabama Jaguars,70.0,home,0.0,0.0,True,8.0
2019-02-08,Arkansas State Red Wolves,62.0,away,0.0,0.0,False,-8.0
2019-02-08,Hofstra Pride,102.0,home,0.0,0.0,True,41.0
2019-02-08,Elon Phoenix,61.0,away,0.0,0.0,False,-41.0
2019-02-08,Delaware Blue Hens,75.0,home,0.0,0.0,False,-8.0
2019-02-08,Charleston Cougars,83.0,away,0.0,0.0,True,8.0
2019-02-08,Drexel Dragons,69.0,home,0.0,0.0,True,12.0
2019-02-08,UNC Wilmington Seahawks,57.0,away,0.0,0.0,False,-12.0
2019-02-08,Morehead State Eagles,80.0,home,0.0,0.0,False,-1.0
2019-02-08,Tennessee State Tigers,81.0,away,0.0,0.0,True,1.0
2019-02-08,Ohio State Buckeyes,74.0,home,0.0,0.0,True,4.0
2019-02-08,Penn State Nittany Lions,70.0,away,0.0,0.0,False,-4.0
2019-02-08,Eastern Kentucky Colonels,65.0,home,0.0,0.0,False,-18.0
2019-02-08,Belmont Bruins,83.0,away,0.0,0.0,True,18.0
2019-02-08,North Texas Mean Green,78.0,home,0.0,0.0,True,27.0
2019-02-08,Marshall Thundering Herd,51.0,away,0.0,0.0,False,-27.0
2019-02-08,UT Arlington Mavericks,74.0,home,0.0,0.0,True,20.0
2019-02-08,Coastal Carolina Chanticleers,54.0,away,0.0,0.0,False,-20.0
2019-02-08,Murray State Racers,86.0,home,0.0,0.0,True,11.0
2019-02-08,Eastern Illinois Panthers,75.0,away,0.0,0.0,False,-11.0
2019-02-08,Charleston Southern Buccaneers,72.0,home,0.0,0.0,False,-4.0
2019-02-08,Winthrop Eagles,76.0,away,0.0,0.0,True,4.0
2019-02-08,UAB Blazers,59.0,home,0.0,0.0,False,-11.0
2019-02-08,Old Dominion Monarchs,70.0,away,0.0,0.0,True,11.0
2019-02-08,South Dakota Coyotes,102.0,home,0.0,0.0,False,-5.0
2019-02-08,Omaha Mavericks,107.0,away,0.0,0.0,True,5.0
2019-02-08,Texas State Bobcats,74.0,home,0.0,0.0,True,3.0
2019-02-08,App State Mountaineers,71.0,away,0.0,0.0,False,-3.0
2019-02-08,Arizona State Sun Devils,70.0,home,0.0,0.0,False,-21.0
2019-02-08,Washington State Cougars,91.0,away,0.0,0.0,True,21.0
2019-02-08,UTEP Miners,48.0,home,0.0,0.0,False,-13.0
2019-02-08,Florida Atlantic Owls,61.0,away,0.0,0.0,True,13.0
2019-02-08,Austin Peay Governors,80.0,home,0.0,0.0,True,35.0
2019-02-08,SIU Edwardsville Cougars,45.0,away,0.0,0.0,False,-35.0
2019-02-08,Northern Arizona Lumberjacks,79.0,home,0.0,0.0,False,-2.0
2019-02-08,Idaho State Bengals,81.0,away,0.0,0.0,True,2.0
2019-02-08,Grand Canyon Lopes,69.0,home,0.0,0.0,False,-3.0
2019-02-08,UT Rio Grande Valley Vaqueros,72.0,away,0.0,0.0,True,3.0
2019-02-08,Montana Grizzlies,100.0,home,0.0,0.0,True,41.0
2019-02-08,Idaho Vandals,59.0,away,0.0,0.0,False,-41.0
2019-02-08,Montana State Bobcats,74.0,home,0.0,0.0,True,8.0
2019-02-08,Eastern Washington Eagles,66.0,away,0.0,0.0,False,-8.0
2019-02-08,UTSA Roadrunners,100.0,home,0.0,0.0,True,33.0
2019-02-08,Florida International Panthers,67.0,away,0.0,0.0,False,-33.0
2019-02-08,UT Martin Skyhawks,66.0,home,0.0,0.0,True,2.0
2019-02-08,Jacksonville State Gamecocks,64.0,away,0.0,0.0,False,-2.0
2019-02-08,Southern Utah Thunderbirds,65.0,home,0.0,0.0,True,12.0
2019-02-08,Weber State Wildcats,53.0,away,0.0,0.0,False,-12.0
2019-02-08,Long Beach State Beach,70.0,home,0.0,0.0,False,-7.0
2019-02-08,Hawai'i Rainbow Warriors,77.0,away,0.0,0.0,True,7.0
2019-02-08,Arizona Wildcats,60.0,home,0.0,0.0,False,-7.0
2019-02-08,Washington Huskies,67.0,away,0.0,0.0,True,7.0
2019-02-08,Oregon State Beavers,60.0,home,0.0,0.0,False,-23.0
2019-02-08,Stanford Cardinal,83.0,away,0.0,0.0,True,23.0
2019-02-08,Rice Owls,85.0,home,0.0,0.0,False,-7.0
2019-02-08,Western Kentucky Hilltoppers,92.0,away,0.0,0.0,True,7.0
2019-02-08,Southeast Missouri State Redhawks,71.0,home,0.0,0.0,True,5.0
2019-02-08,Tennessee Tech Golden Eagles,66.0,away,0.0,0.0,False,-5.0
2019-02-08,Cal State Bakersfield Roadrunners,70.0,home,0.0,0.0,False,-1.0
2019-02-08,New Mexico State Aggies,71.0,away,0.0,0.0,True,1.0
2019-02-08,Northern Colorado Bears,80.0,home,0.0,0.0,True,18.0
2019-02-08,Portland State Vikings,62.0,away,0.0,0.0,False,-18.0
2019-02-08,SMU Mustangs,66.0,home,0.0,0.0,False,-1.0
2019-02-08,South Florida Bulls,67.0,away,0.0,0.0,True,1.0
2019-02-08,California Baptist Lancers,94.0,home,0.0,0.0,True,50.0
2019-02-08,Chicago State Cougars,44.0,away,0.0,0.0,False,-50.0
2019-02-08,Loyola Marymount Lions,63.0,home,0.0,0.0,False,-2.0
2019-02-08,San Diego Toreros,65.0,away,0.0,0.0,True,2.0
2019-02-08,Saint Mary's Gaels,78.0,home,0.0,0.0,True,12.0
2019-02-08,Pacific Tigers,66.0,away,0.0,0.0,False,-12.0
2019-02-08,Cal Poly Mustangs,53.0,home,0.0,0.0,False,-10.0
2019-02-08,UC Davis Aggies,63.0,away,0.0,0.0,True,10.0
2019-02-08,Pepperdine Waves,71.0,home,0.0,0.0,False,-8.0
2019-02-08,Santa Clara Broncos,79.0,away,0.0,0.0,True,8.0
2019-02-08,Portland Pilots,48.0,home,0.0,0.0,False,-35.0
2019-02-08,BYU Cougars,83.0,away,0.0,0.0,True,35.0
2019-02-16,Rider Broncs,81.0,home,0.0,0.0,True,9.0
2019-02-16,Monmouth Hawks,72.0,away,0.0,0.0,False,-9.0
2019-02-16,Toledo Rockets,82.0,home,0.0,0.0,False,-6.0
2019-02-16,Buffalo Bulls,88.0,away,0.0,0.0,True,6.0
2019-02-16,Iona Gaels,62.0,home,0.0,0.0,True,16.0
2019-02-16,Saint Peter's Peacocks,46.0,away,0.0,0.0,False,-16.0
2019-02-16,Pennsylvania Quakers,82.0,home,0.0,0.0,True,3.0
2019-02-16,Dartmouth Big Green,79.0,away,0.0,0.0,False,-3.0
2019-02-16,Canisius Golden Griffins,72.0,home,0.0,0.0,True,4.0
2019-02-16,Fairfield Stags,68.0,away,0.0,0.0,False,-4.0
2019-02-16,Georgia Southern Eagles,76.0,home,0.0,0.0,True,25.0
2019-02-16,Troy Trojans,51.0,away,0.0,0.0,False,-25.0
2019-02-16,Cornell Big Red,70.0,home,0.0,0.0,True,4.0
2019-02-16,Brown Bears,66.0,away,0.0,0.0,False,-4.0
2019-02-16,Columbia Lions,64.0,home,0.0,0.0,False,-6.0
2019-02-16,Yale Bulldogs,70.0,away,0.0,0.0,True,6.0
2019-02-16,Davidson Wildcats,80.0,home,0.0,0.0,True,8.0
2019-02-16,Saint Joseph's Hawks,72.0,away,0.0,0.0,False,-8.0
2019-02-16,Princeton Tigers,69.0,home,0.0,0.0,False,-9.0
2019-02-16,Harvard Crimson,78.0,away,0.0,0.0,True,9.0
2019-02-16,Georgia State Panthers,90.0,home,0.0,0.0,True,9.0
2019-02-16,South Alabama Jaguars,81.0,away,0.0,0.0,False,-9.0
2019-02-16,Quinnipiac Bobcats,61.0,home,0.0,0.0,False,-2.0
2019-02-16,Marist Red Foxes,63.0,away,0.0,0.0,True,2.0
2019-02-16,Niagara Purple Eagles,60.0,home,0.0,0.0,False,-4.0
2019-02-16,Manhattan Jaspers,64.0,away,0.0,0.0,True,4.0
2019-02-16,Wright State Raiders,81.0,home,0.0,0.0,True,4.0
2019-02-16,Northern Kentucky Norse,77.0,away,0.0,0.0,False,-4.0
2019-02-02,Butler Bulldogs,70.0,home,0.0,0.0,True,2.0
2019-02-02,Seton Hall Pirates,68.0,away,0.0,0.0,False,-2.0
2019-02-02,Louisville Cardinals,69.0,home,0.0,0.0,False,-10.0
2019-02-02,North Carolina Tar Heels,79.0,away,0.0,0.0,True,10.0
2019-02-03,Texas A&M Aggies,76.0,home,0.0,0.0,False,-17.0
2019-02-03,Tennessee Volunteers,93.0,away,0.0,0.0,True,17.0
2019-02-02,Nevada Wolf Pack,93.0,home,0.0,0.0,True,20.0
2019-02-02,Boise State Broncos,73.0,away,0.0,0.0,False,-20.0
2019-02-02,Eastern Michigan Eagles,48.0,home,0.0,0.0,False,-11.0
2019-02-02,Miami (OH) RedHawks,59.0,away,0.0,0.0,True,11.0
2019-02-03,Gonzaga Bulldogs,85.0,home,0.0,0.0,True,16.0
2019-02-03,San Diego Toreros,69.0,away,0.0,0.0,False,-16.0
2019-02-02,Ohio State Buckeyes,76.0,home,0.0,0.0,True,14.0
2019-02-02,Rutgers Scarlet Knights,62.0,away,0.0,0.0,False,-14.0
2019-02-02,Virginia Cavaliers,56.0,home,0.0,0.0,True,10.0
2019-02-02,Miami Hurricanes,46.0,away,0.0,0.0,False,-10.0
2019-02-02,Kansas Jayhawks,79.0,home,0.0,0.0,True,16.0
2019-02-02,Texas Tech Red Raiders,63.0,away,0.0,0.0,False,-16.0
2019-02-02,NC State Wolfpack,24.0,home,0.0,0.0,False,-23.0
2019-02-02,Virginia Tech Hokies,47.0,away,0.0,0.0,True,23.0
2019-02-02,Ball State Cardinals,80.0,home,0.0,0.0,False,-3.0
2019-02-02,Kent State Golden Flashes,83.0,away,0.0,0.0,True,3.0
2019-02-02,Duke Blue Devils,91.0,home,0.0,0.0,True,30.0
2019-02-02,St. John's Red Storm,61.0,away,0.0,0.0,False,-30.0
2019-02-02,Florida State Seminoles,59.0,home,0.0,0.0,True,10.0
2019-02-02,Georgia Tech Yellow Jackets,49.0,away,0.0,0.0,False,-10.0
2019-02-02,Florida Gators,54.0,home,0.0,0.0,False,-11.0
2019-02-02,Kentucky Wildcats,65.0,away,0.0,0.0,True,11.0
2019-02-02,Ole Miss Rebels,75.0,home,0.0,0.0,False,-6.0
2019-02-02,Mississippi State Bulldogs,81.0,away,0.0,0.0,True,6.0
2019-02-02,South Florida Bulls,84.0,home,0.0,0.0,True,6.0
2019-02-02,Memphis Tigers,78.0,away,0.0,0.0,False,-6.0
2019-02-02,West Virginia Mountaineers,79.0,home,0.0,0.0,True,8.0
2019-02-02,Oklahoma Sooners,71.0,away,0.0,0.0,False,-8.0
2019-02-02,LSU Tigers,89.0,home,0.0,0.0,False,-1.0
2019-02-02,Arkansas Razorbacks,90.0,away,0.0,0.0,True,1.0
2019-02-02,Michigan State Spartans,75.0,home,0.0,0.0,False,-4.0
2019-02-02,Indiana Hoosiers,79.0,away,0.0,0.0,True,4.0
2019-02-02,Iowa State Cyclones,65.0,home,0.0,0.0,True,5.0
2019-02-02,Texas Longhorns,60.0,away,0.0,0.0,False,-5.0
2019-02-02,Colgate Raiders,68.0,home,0.0,0.0,False,-8.0
2019-02-02,Boston University Terriers,76.0,away,0.0,0.0,True,8.0
2019-02-02,Army Black Knights,70.0,home,0.0,0.0,False,-5.0
2019-02-02,Lehigh Mountain Hawks,75.0,away,0.0,0.0,True,5.0
2019-02-02,Iona Gaels,54.0,home,0.0,0.0,False,-2.0
2019-02-02,Siena Saints,56.0,away,0.0,0.0,True,2.0
2019-02-02,Detroit Mercy Titans,70.0,home,0.0,0.0,False,-2.0
2019-02-02,Youngstown State Penguins,72.0,away,0.0,0.0,True,2.0
2019-02-02,The Citadel Bulldogs,61.0,home,0.0,0.0,False,-38.0
2019-02-02,Wofford Terriers,99.0,away,0.0,0.0,True,38.0
2019-02-02,Georgia State Panthers,81.0,home,0.0,0.0,True,9.0
2019-02-02,Georgia Southern Eagles,72.0,away,0.0,0.0,False,-9.0
2019-02-02,Indiana State Sycamores,62.0,home,0.0,0.0,False,-6.0
2019-02-02,Drake Bulldogs,68.0,away,0.0,0.0,True,6.0
2019-02-02,Bradley Braves,68.0,home,0.0,0.0,False,-4.0
2019-02-02,Southern Illinois Salukis,72.0,away,0.0,0.0,True,4.0
2019-02-02,Dayton Flyers,68.0,home,0.0,0.0,True,4.0
2019-02-02,Duquesne Dukes,64.0,away,0.0,0.0,False,-4.0
2019-02-02,App State Mountaineers,85.0,home,0.0,0.0,True,1.0
2019-02-02,UL Monroe Warhawks,84.0,away,0.0,0.0,False,-1.0
2019-02-02,Lafayette Leopards,66.0,home,0.0,0.0,False,-28.0
2019-02-02,Bucknell Bison,94.0,away,0.0,0.0,True,28.0
2019-02-02,Georgia Bulldogs,80.0,home,0.0,0.0,False,-6.0
2019-02-02,South Carolina Gamecocks,86.0,away,0.0,0.0,True,6.0
2019-02-02,Evansville Purple Aces,64.0,home,0.0,0.0,True,11.0
2019-02-02,Valparaiso Beacons,53.0,away,0.0,0.0,False,-11.0
2019-02-02,Navy Midshipmen,71.0,home,0.0,0.0,True,3.0
2019-02-02,Loyola Maryland Greyhounds,68.0,away,0.0,0.0,False,-3.0
2019-02-02,Monmouth Hawks,75.0,home,0.0,0.0,True,4.0
2019-02-02,Rider Broncs,71.0,away,0.0,0.0,False,-4.0
2019-02-02,Wichita State Shockers,79.0,home,0.0,0.0,True,11.0
2019-02-02,Tulsa Golden Hurricane,68.0,away,0.0,0.0,False,-11.0
2019-02-02,Campbell Fighting Camels,83.0,home,0.0,0.0,True,21.0
2019-02-02,Longwood Lancers,62.0,away,0.0,0.0,False,-21.0
2019-02-02,Coastal Carolina Chanticleers,96.0,home,0.0,0.0,True,17.0
2019-02-02,Louisiana Ragin' Cajuns,79.0,away,0.0,0.0,False,-17.0
2019-02-02,American University Eagles,66.0,home,0.0,0.0,True,17.0
2019-02-02,Holy Cross Crusaders,49.0,away,0.0,0.0,False,-17.0
2019-02-02,Winthrop Eagles,61.0,home,0.0,0.0,False,-19.0
2019-02-02,Radford Highlanders,80.0,away,0.0,0.0,True,19.0
2019-02-02,DePaul Blue Demons,67.0,home,0.0,0.0,True,12.0
2019-02-02,Providence Friars,55.0,away,0.0,0.0,False,-12.0
2019-02-02,Boston College Eagles,73.0,home,0.0,0.0,False,-6.0
2019-02-02,Notre Dame Fighting Irish,79.0,away,0.0,0.0,True,6.0
2019-02-02,Illinois Fighting Illini,71.0,home,0.0,0.0,True,7.0
2019-02-02,Nebraska Cornhuskers,64.0,away,0.0,0.0,False,-7.0
2019-02-02,Gardner-Webb Runnin' Bulldogs,82.0,home,0.0,0.0,True,1.0
2019-02-02,UNC Asheville Bulldogs,81.0,away,0.0,0.0,False,-1.0
2019-02-02,Northern Illinois Huskies,55.0,home,0.0,0.0,False,-14.0
2019-02-02,Toledo Rockets,69.0,away,0.0,0.0,True,14.0
2019-02-02,Howard Bison,78.0,home,0.0,0.0,False,-2.0
2019-02-02,Norfolk State Spartans,80.0,away,0.0,0.0,True,2.0
2019-02-02,Ohio Bobcats,53.0,home,0.0,0.0,False,-12.0
2019-02-02,Akron Zips,65.0,away,0.0,0.0,True,12.0
2019-02-02,Central Connecticut Blue Devils,64.0,home,0.0,0.0,True,5.0
2019-02-02,Bryant Bulldogs,59.0,away,0.0,0.0,False,-5.0
2019-02-02,Samford Bulldogs,92.0,home,0.0,0.0,True,11.0
2019-02-02,Western Carolina Catamounts,81.0,away,0.0,0.0,False,-11.0
2019-02-02,Oakland Golden Grizzlies,83.0,home,0.0,0.0,True,15.0
2019-02-02,Cleveland State Vikings,68.0,away,0.0,0.0,False,-15.0
2019-02-02,Sacred Heart Pioneers,71.0,home,0.0,0.0,True,9.0
2019-02-02,St. Francis Brooklyn Terriers,62.0,away,0.0,0.0,False,-9.0
2019-02-02,Air Force Falcons,53.0,home,0.0,0.0,False,-32.0
2019-02-02,Colorado State Rams,85.0,away,0.0,0.0,True,32.0
2019-02-02,Maryland Eastern Shore Hawks,63.0,home,0.0,0.0,True,2.0
2019-02-02,South Carolina State Bulldogs,61.0,away,0.0,0.0,False,-2.0
2019-02-02,Coppin State Eagles,73.0,home,0.0,0.0,True,2.0
2019-02-02,Morgan State Bears,71.0,away,0.0,0.0,False,-2.0
2019-02-02,Delaware State Hornets,73.0,home,0.0,0.0,False,-3.0
2019-02-02,Savannah State Tigers,76.0,away,0.0,0.0,True,3.0
2019-02-02,Mercer Bears,63.0,home,0.0,0.0,False,-11.0
2019-02-02,Furman Paladins,74.0,away,0.0,0.0,True,11.0
2019-02-02,Florida A&M Rattlers,63.0,home,0.0,0.0,True,24.0
2019-02-02,North Carolina A&T Aggies,39.0,away,0.0,0.0,False,-24.0
2019-02-02,Bethune-Cookman Wildcats,74.0,home,0.0,0.0,True,10.0
2019-02-02,North Carolina Central Eagles,64.0,away,0.0,0.0,False,-10.0
2019-02-02,McNeese Cowboys,75.0,home,0.0,0.0,False,-9.0
2019-02-02,Lamar Cardinals,84.0,away,0.0,0.0,True,9.0
2019-02-02,Mount St. Mary's Mountaineers,63.0,home,0.0,0.0,False,-9.0
2019-02-02,Saint Francis Red Flash,72.0,away,0.0,0.0,True,9.0
2019-02-02,Wagner Seahawks,71.0,home,0.0,0.0,True,12.0
2019-02-02,Long Island University Sharks,59.0,away,0.0,0.0,False,-12.0
2019-02-02,Stetson Hatters,92.0,home,0.0,0.0,True,17.0
2019-02-02,Kennesaw State Owls,75.0,away,0.0,0.0,False,-17.0
2019-02-02,Washington Huskies,69.0,home,0.0,0.0,True,14.0
2019-02-02,UCLA Bruins,55.0,away,0.0,0.0,False,-14.0
2019-02-02,Saint Mary's Gaels,86.0,home,0.0,0.0,True,6.0
2019-02-02,San Francisco Dons,80.0,away,0.0,0.0,False,-6.0
2019-02-02,Charlotte 49ers,66.0,home,0.0,0.0,False,-7.0
2019-02-02,North Texas Mean Green,73.0,away,0.0,0.0,True,7.0
2019-02-02,Florida Atlantic Owls,72.0,home,0.0,0.0,False,-2.0
2019-02-02,Southern Miss Golden Eagles,74.0,away,0.0,0.0,True,2.0
2019-02-02,Rhode Island Rams,65.0,home,0.0,0.0,True,11.0
2019-02-02,Saint Louis Billikens,54.0,away,0.0,0.0,False,-11.0
2019-02-02,William & Mary Tribe,84.0,home,0.0,0.0,True,21.0
2019-02-02,Delaware Blue Hens,63.0,away,0.0,0.0,False,-21.0
2019-02-02,South Carolina Upstate Spartans,71.0,home,0.0,0.0,False,-19.0
2019-02-02,Charleston Southern Buccaneers,90.0,away,0.0,0.0,True,19.0
2019-02-02,Eastern Illinois Panthers,78.0,home,0.0,0.0,False,-6.0
2019-02-02,Morehead State Eagles,84.0,away,0.0,0.0,True,6.0
2019-02-02,Charleston Cougars,54.0,home,0.0,0.0,True,1.0
2019-02-02,Towson Tigers,53.0,away,0.0,0.0,False,-1.0
2019-02-02,Northeastern Huskies,75.0,home,0.0,0.0,True,14.0
2019-02-02,Hofstra Pride,61.0,away,0.0,0.0,False,-14.0
2019-02-02,SE Louisiana Lions,91.0,home,0.0,0.0,True,21.0
2019-02-02,Nicholls Colonels,70.0,away,0.0,0.0,False,-21.0
2019-02-02,Central Arkansas Bears,75.0,home,0.0,0.0,False,-5.0
2019-02-02,Northwestern State Demons,80.0,away,0.0,0.0,True,5.0
2019-02-02,Chattanooga Mocs,64.0,home,0.0,0.0,False,-13.0
2019-02-02,East Tennessee State Buccaneers,77.0,away,0.0,0.0,True,13.0
2019-02-02,Utah State Aggies,82.0,home,0.0,0.0,True,17.0
2019-02-02,UNLV Rebels,65.0,away,0.0,0.0,False,-17.0
2019-02-02,Fairleigh Dickinson Knights,97.0,home,0.0,0.0,True,3.0
2019-02-02,Robert Morris Colonials,94.0,away,0.0,0.0,False,-3.0
2019-02-02,Jacksonville State Gamecocks,71.0,home,0.0,0.0,False,-3.0
2019-02-02,Austin Peay Governors,74.0,away,0.0,0.0,True,3.0
2019-02-02,Saint Joseph's Hawks,64.0,home,0.0,0.0,True,2.0
2019-02-02,Massachusetts Minutemen,62.0,away,0.0,0.0,False,-2.0
2019-02-02,Central Michigan Chippewas,85.0,home,0.0,0.0,True,21.0
2019-02-02,Western Michigan Broncos,64.0,away,0.0,0.0,False,-21.0
2019-02-02,Utah Utes,72.0,home,0.0,0.0,False,-9.0
2019-02-02,Oregon State Beavers,81.0,away,0.0,0.0,True,9.0
2019-02-02,Eastern Washington Eagles,82.0,home,0.0,0.0,True,3.0
2019-02-02,Southern Utah Thunderbirds,79.0,away,0.0,0.0,False,-3.0
2019-02-02,UMass Lowell River Hawks,65.0,home,0.0,0.0,False,-9.0
2019-02-02,Vermont Catamounts,74.0,away,0.0,0.0,True,9.0
2019-02-02,Belmont Bruins,82.0,home,0.0,0.0,True,15.0
2019-02-02,UT Martin Skyhawks,67.0,away,0.0,0.0,False,-15.0
2019-02-02,Lipscomb Bisons,102.0,home,0.0,0.0,True,22.0
2019-02-02,North Alabama Lions,80.0,away,0.0,0.0,False,-22.0
2019-02-02,New Mexico State Aggies,83.0,home,0.0,0.0,True,44.0
2019-02-02,Chicago State Cougars,39.0,away,0.0,0.0,False,-44.0
2019-02-02,Grambling Tigers,79.0,home,0.0,0.0,True,24.0
2019-02-02,Arkansas-Pine Bluff Golden Lions,55.0,away,0.0,0.0,False,-24.0
2019-02-02,Texas State Bobcats,77.0,home,0.0,0.0,False,-7.0
2019-02-02,UT Arlington Mavericks,84.0,away,0.0,0.0,True,7.0
2019-02-02,New Orleans Privateers,89.0,home,0.0,0.0,True,17.0
2019-02-02,Incarnate Word Cardinals,72.0,away,0.0,0.0,False,-17.0
2019-02-02,Prairie View A&M Panthers,81.0,home,0.0,0.0,True,16.0
2019-02-02,Alabama A&M Bulldogs,65.0,away,0.0,0.0,False,-16.0
2019-02-02,Richmond Spiders,58.0,home,0.0,0.0,False,-8.0
2019-02-02,La Salle Explorers,66.0,away,0.0,0.0,True,8.0
2019-02-02,South Alabama Jaguars,81.0,home,0.0,0.0,True,6.0
2019-02-02,Troy Trojans,75.0,away,0.0,0.0,False,-6.0
2019-02-02,Alcorn State Braves,76.0,home,0.0,0.0,True,12.0
2019-02-02,Southern Jaguars,64.0,away,0.0,0.0,False,-12.0
2019-02-02,Jackson State Tigers,61.0,home,0.0,0.0,True,4.0
2019-02-02,Mississippi Valley State Delta Devils,57.0,away,0.0,0.0,False,-4.0
2019-02-02,Pittsburgh Panthers,56.0,home,0.0,0.0,False,-9.0
2019-02-02,Syracuse Orange,65.0,away,0.0,0.0,True,9.0
2019-02-02,Oklahoma State Cowboys,57.0,home,0.0,0.0,False,-18.0
2019-02-02,Kansas State Wildcats,75.0,away,0.0,0.0,True,18.0
2019-02-02,Tulane Green Wave,67.0,home,0.0,0.0,False,-8.0
2019-02-02,Temple Owls,75.0,away,0.0,0.0,True,8.0
2019-02-02,Little Rock Trojans,83.0,home,0.0,0.0,False,-1.0
2019-02-02,Arkansas State Red Wolves,84.0,away,0.0,0.0,True,1.0
2019-02-02,VCU Rams,79.0,home,0.0,0.0,True,16.0
2019-02-02,George Mason Patriots,63.0,away,0.0,0.0,False,-16.0
2019-02-03,Western Kentucky Hilltoppers,76.0,home,0.0,0.0,True,17.0
2019-02-03,UTEP Miners,59.0,away,0.0,0.0,False,-17.0
2019-02-03,Old Dominion Monarchs,80.0,home,0.0,0.0,True,4.0
2019-02-03,Rice Owls,76.0,away,0.0,0.0,False,-4.0
2019-02-03,Harvard Crimson,68.0,home,0.0,0.0,True,21.0
2019-02-03,Brown Bears,47.0,away,0.0,0.0,False,-21.0
2019-02-03,Florida International Panthers,75.0,home,0.0,0.0,True,6.0
2019-02-03,Louisiana Tech Bulldogs,69.0,away,0.0,0.0,False,-6.0
2019-02-03,Liberty Flames,77.0,home,0.0,0.0,True,20.0
2019-02-03,NJIT Highlanders,57.0,away,0.0,0.0,False,-20.0
2019-02-03,Marshall Thundering Herd,106.0,home,0.0,0.0,False,-10.0
2019-02-03,UTSA Roadrunners,116.0,away,0.0,0.0,True,10.0
2019-02-03,Dartmouth Big Green,68.0,home,0.0,0.0,False,-21.0
2019-02-03,Yale Bulldogs,89.0,away,0.0,0.0,True,21.0
2019-02-03,High Point Panthers,85.0,home,0.0,0.0,True,16.0
2019-02-03,Hampton Pirates,69.0,away,0.0,0.0,False,-16.0
2019-02-03,UAlbany Great Danes,64.0,home,0.0,0.0,True,14.0
2019-02-03,Binghamton Bearcats,50.0,away,0.0,0.0,False,-14.0
2019-02-03,Washington State Cougars,84.0,home,0.0,0.0,False,-9.0
2019-02-03,USC Trojans,93.0,away,0.0,0.0,True,9.0
2019-02-03,Florida Gulf Coast Eagles,73.0,home,0.0,0.0,True,13.0
2019-02-03,Jacksonville Dolphins,60.0,away,0.0,0.0,False,-13.0
2019-02-03,Stony Brook Seawolves,86.0,home,0.0,0.0,True,9.0
2019-02-03,Hartford Hawks,77.0,away,0.0,0.0,False,-9.0
2019-02-03,Marist Red Foxes,52.0,home,0.0,0.0,False,-5.0
2019-02-03,Fairfield Stags,57.0,away,0.0,0.0,True,5.0
2019-02-03,Elon Phoenix,63.0,home,0.0,0.0,False,-4.0
2019-02-03,Drexel Dragons,67.0,away,0.0,0.0,True,4.0
2019-02-03,SIU Edwardsville Cougars,88.0,home,0.0,0.0,True,6.0
2019-02-03,Eastern Kentucky Colonels,82.0,away,0.0,0.0,False,-6.0
2019-02-03,UNC Wilmington Seahawks,95.0,home,0.0,0.0,False,-9.0
2019-02-03,James Madison Dukes,104.0,away,0.0,0.0,True,9.0
2019-02-03,Manhattan Jaspers,64.0,home,0.0,0.0,True,14.0
2019-02-03,Saint Peter's Peacocks,50.0,away,0.0,0.0,False,-14.0
2019-02-03,Cornell Big Red,61.0,home,0.0,0.0,False,-9.0
2019-02-03,Princeton Tigers,70.0,away,0.0,0.0,True,9.0
2019-02-03,Western Illinois Leathernecks,76.0,home,0.0,0.0,False,-2.0
2019-02-03,North Dakota State Bison,78.0,away,0.0,0.0,True,2.0
2019-02-03,Northern Iowa Panthers,64.0,home,0.0,0.0,True,5.0
2019-02-03,Missouri State Bears,59.0,away,0.0,0.0,False,-5.0
2019-02-03,Sam Houston Bearkats,94.0,home,0.0,0.0,True,22.0
2019-02-03,Stephen F. Austin Lumberjacks,72.0,away,0.0,0.0,False,-22.0
2019-02-03,Houston Christian Huskies,73.0,home,0.0,0.0,True,1.0
2019-02-03,Texas A&M-Corpus Christi Islanders,72.0,away,0.0,0.0,False,-1.0
2019-02-03,Oral Roberts Golden Eagles,81.0,home,0.0,0.0,False,-1.0
2019-02-03,Purdue Fort Wayne Mastodons,82.0,away,0.0,0.0,True,1.0
2019-02-03,UAB Blazers,78.0,home,0.0,0.0,False,-1.0
2019-02-03,Middle Tennessee Blue Raiders,79.0,away,0.0,0.0,True,1.0
2019-02-03,Baylor Bears,90.0,home,0.0,0.0,True,26.0
2019-02-03,TCU Horned Frogs,64.0,away,0.0,0.0,False,-26.0
2019-02-03,Cincinnati Bearcats,73.0,home,0.0,0.0,True,5.0
2019-02-03,SMU Mustangs,68.0,away,0.0,0.0,False,-5.0
2019-02-03,UT Rio Grande Valley Vaqueros,75.0,home,0.0,0.0,True,12.0
2019-02-03,Kansas City Roos,63.0,away,0.0,0.0,False,-12.0
2019-02-03,Columbia Lions,70.0,home,0.0,0.0,False,-2.0
2019-02-03,Pennsylvania Quakers,72.0,away,0.0,0.0,True,2.0
2019-02-03,Auburn Tigers,84.0,home,0.0,0.0,True,21.0
2019-02-03,Alabama Crimson Tide,63.0,away,0.0,0.0,False,-21.0
2019-02-03,Tennessee State Tigers,79.0,home,0.0,0.0,True,29.0
2019-02-03,Southeast Missouri State Redhawks,50.0,away,0.0,0.0,False,-29.0
2019-02-03,San José State Spartans,56.0,home,0.0,0.0,False,-11.0
2019-02-03,San Diego State Aztecs,67.0,away,0.0,0.0,True,11.0
2019-02-03,Texas Southern Tigers,83.0,home,0.0,0.0,True,24.0
2019-02-03,Alabama State Hornets,59.0,away,0.0,0.0,False,-24.0
2019-02-03,Tennessee Tech Golden Eagles,63.0,home,0.0,0.0,False,-4.0
2019-02-03,Murray State Racers,67.0,away,0.0,0.0,True,4.0
2019-02-03,UC Riverside Highlanders,71.0,home,0.0,0.0,False,-13.0
2019-02-03,UC Davis Aggies,84.0,away,0.0,0.0,True,13.0
2019-02-03,Missouri Tigers,77.0,home,0.0,0.0,True,10.0
2019-02-03,Vanderbilt Commodores,67.0,away,0.0,0.0,False,-10.0
2019-02-03,Santa Clara Broncos,69.0,home,0.0,0.0,True,6.0
2019-02-03,Portland Pilots,63.0,away,0.0,0.0,False,-6.0
2019-02-03,Montana State Bobcats,78.0,home,0.0,0.0,False,-5.0
2019-02-03,Montana Grizzlies,83.0,away,0.0,0.0,True,5.0
2019-02-03,Weber State Wildcats,75.0,home,0.0,0.0,True,10.0
2019-02-03,Sacramento State Hornets,65.0,away,0.0,0.0,False,-10.0
2019-02-03,BYU Cougars,67.0,home,0.0,0.0,True,18.0
2019-02-03,Loyola Marymount Lions,49.0,away,0.0,0.0,False,-18.0
2019-02-03,Idaho State Bengals,69.0,home,0.0,0.0,True,2.0
2019-02-03,Portland State Vikings,67.0,away,0.0,0.0,False,-2.0
2019-02-03,Colorado Buffaloes,73.0,home,0.0,0.0,True,22.0
2019-02-03,Oregon Ducks,51.0,away,0.0,0.0,False,-22.0
2019-02-03,Long Beach State Beach,80.0,home,0.0,0.0,False,-2.0
2019-02-03,UC Irvine Anteaters,82.0,away,0.0,0.0,True,2.0
2019-02-03,Fresno State Bulldogs,82.0,home,0.0,0.0,True,12.0
2019-02-03,New Mexico Lobos,70.0,away,0.0,0.0,False,-12.0
2019-02-03,Idaho Vandals,73.0,home,0.0,0.0,False,-13.0
2019-02-03,Northern Arizona Lumberjacks,86.0,away,0.0,0.0,True,13.0
2019-02-03,Illinois State Redbirds,65.0,home,0.0,0.0,True,8.0
2019-02-03,Loyola Chicago Ramblers,57.0,away,0.0,0.0,False,-8.0
2019-02-03,Cal State Northridge Matadors,83.0,home,0.0,0.0,True,18.0
2019-02-03,Cal Poly Mustangs,65.0,away,0.0,0.0,False,-18.0
2019-02-03,Cal State Bakersfield Roadrunners,59.0,home,0.0,0.0,False,-13.0
2019-02-03,Grand Canyon Lopes,72.0,away,0.0,0.0,True,13.0
2019-02-03,Hawai'i Rainbow Warriors,54.0,home,0.0,0.0,False,-21.0
2019-02-03,UC Santa Barbara Gauchos,75.0,away,0.0,0.0,True,21.0
2019-02-03,Pacific Tigers,66.0,home,0.0,0.0,True,7.0
2019-02-03,Pepperdine Waves,59.0,away,0.0,0.0,False,-7.0
2019-02-03,Seattle U Redhawks,64.0,home,0.0,0.0,False,-11.0
2019-02-03,California Baptist Lancers,75.0,away,0.0,0.0,True,11.0
2019-02-13,Tennessee Volunteers,85.0,home,0.0,0.0,True,12.0
2019-02-13,South Carolina Gamecocks,73.0,away,0.0,0.0,False,-12.0
2019-02-13,Army Black Knights,71.0,home,0.0,0.0,True,10.0
2019-02-13,Boston University Terriers,61.0,away,0.0,0.0,False,-10.0
2019-02-14,North Florida Ospreys,80.0,home,0.0,0.0,True,23.0
2019-02-14,Kennesaw State Owls,57.0,away,0.0,0.0,False,-23.0
2019-02-14,High Point Panthers,59.0,home,0.0,0.0,False,-3.0
2019-02-14,Longwood Lancers,62.0,away,0.0,0.0,True,3.0
2019-02-14,American University Eagles,84.0,home,0.0,0.0,False,-2.0
2019-02-14,Loyola Maryland Greyhounds,86.0,away,0.0,0.0,True,2.0
2019-02-14,Georgia State Panthers,77.0,home,0.0,0.0,True,14.0
2019-02-14,Troy Trojans,63.0,away,0.0,0.0,False,-14.0
2019-02-14,Winthrop Eagles,93.0,home,0.0,0.0,True,8.0
2019-02-14,Presbyterian Blue Hose,85.0,away,0.0,0.0,False,-8.0
2019-02-14,Gardner-Webb Runnin' Bulldogs,77.0,home,0.0,0.0,True,3.0
2019-02-14,Charleston Southern Buccaneers,74.0,away,0.0,0.0,False,-3.0
2019-02-14,Florida Gulf Coast Eagles,57.0,home,0.0,0.0,True,2.0
2019-02-14,NJIT Highlanders,55.0,away,0.0,0.0,False,-2.0
2019-02-13,George Washington Revolutionaries,58.0,home,0.0,0.0,False,-15.0
2019-02-13,Saint Louis Billikens,73.0,away,0.0,0.0,True,15.0
2019-02-14,Virginia Tech Hokies,76.0,home,0.0,0.0,True,8.0
2019-02-14,Georgia Tech Yellow Jackets,68.0,away,0.0,0.0,False,-8.0
2019-02-14,Oklahoma State Cowboys,50.0,home,0.0,0.0,False,-28.0
2019-02-14,Texas Tech Red Raiders,78.0,away,0.0,0.0,True,28.0
2019-02-14,Campbell Fighting Camels,87.0,home,0.0,0.0,True,3.0
2019-02-14,Hampton Pirates,84.0,away,0.0,0.0,False,-3.0
2019-02-14,Georgia Southern Eagles,75.0,home,0.0,0.0,True,10.0
2019-02-14,South Alabama Jaguars,65.0,away,0.0,0.0,False,-10.0
2019-02-14,Stetson Hatters,70.0,home,0.0,0.0,False,-23.0
2019-02-14,Jacksonville Dolphins,93.0,away,0.0,0.0,True,23.0
2019-02-14,Evansville Purple Aces,56.0,home,0.0,0.0,False,-12.0
2019-02-14,Missouri State Bears,68.0,away,0.0,0.0,True,12.0
2019-02-14,South Carolina Upstate Spartans,53.0,home,0.0,0.0,False,-4.0
2019-02-14,UNC Asheville Bulldogs,57.0,away,0.0,0.0,True,4.0
2019-02-14,Navy Midshipmen,74.0,home,0.0,0.0,False,-6.0
2019-02-14,Lafayette Leopards,80.0,away,0.0,0.0,True,6.0
2019-02-14,Florida State Seminoles,88.0,home,0.0,0.0,True,22.0
2019-02-14,Wake Forest Demon Deacons,66.0,away,0.0,0.0,False,-22.0
2019-02-13,Villanova Wildcats,85.0,home,0.0,0.0,True,18.0
2019-02-13,Providence Friars,67.0,away,0.0,0.0,False,-18.0
2019-02-14,Siena Saints,52.0,home,0.0,0.0,False,-5.0
2019-02-14,Iona Gaels,57.0,away,0.0,0.0,True,5.0
2019-02-14,George Mason Patriots,80.0,home,0.0,0.0,True,5.0
2019-02-14,Massachusetts Minutemen,75.0,away,0.0,0.0,False,-5.0
2019-02-14,UAlbany Great Danes,54.0,home,0.0,0.0,False,-32.0
2019-02-14,UMass Lowell River Hawks,86.0,away,0.0,0.0,True,32.0
2019-02-14,Binghamton Bearcats,50.0,home,0.0,0.0,False,-14.0
2019-02-14,UMBC Retrievers,64.0,away,0.0,0.0,True,14.0
2019-02-14,Vermont Catamounts,73.0,home,0.0,0.0,True,29.0
2019-02-14,New Hampshire Wildcats,44.0,away,0.0,0.0,False,-29.0
2019-02-14,East Carolina Pirates,69.0,home,0.0,0.0,False,-10.0
2019-02-14,Memphis Tigers,79.0,away,0.0,0.0,True,10.0
2019-02-14,VCU Rams,81.0,home,0.0,0.0,True,21.0
2019-02-14,Richmond Spiders,60.0,away,0.0,0.0,False,-21.0
2019-02-14,UCF Knights,78.0,home,0.0,0.0,True,13.0
2019-02-14,South Florida Bulls,65.0,away,0.0,0.0,False,-13.0
2019-02-14,Temple Owls,82.0,home,0.0,0.0,True,8.0
2019-02-14,SMU Mustangs,74.0,away,0.0,0.0,False,-8.0
2019-02-14,La Salle Explorers,73.0,home,0.0,0.0,True,1.0
2019-02-14,Duquesne Dukes,72.0,away,0.0,0.0,False,-1.0
2019-02-14,Miami Hurricanes,65.0,home,0.0,0.0,True,1.0
2019-02-14,Clemson Tigers,64.0,away,0.0,0.0,False,-1.0
2019-02-14,Lipscomb Bisons,66.0,home,0.0,0.0,False,-8.0
2019-02-14,Liberty Flames,74.0,away,0.0,0.0,True,8.0
2019-02-14,Hartford Hawks,81.0,home,0.0,0.0,True,8.0
2019-02-14,Maine Black Bears,73.0,away,0.0,0.0,False,-8.0
2019-02-14,Northwestern Wildcats,56.0,home,0.0,0.0,False,-3.0
2019-02-14,Rutgers Scarlet Knights,59.0,away,0.0,0.0,True,3.0
2019-02-14,Nicholls Colonels,48.0,home,0.0,0.0,False,-16.0
2019-02-14,Abilene Christian Wildcats,64.0,away,0.0,0.0,True,16.0
2019-02-14,Central Arkansas Bears,71.0,home,0.0,0.0,False,-4.0
2019-02-14,Houston Christian Huskies,75.0,away,0.0,0.0,True,4.0
2019-02-14,Stephen F. Austin Lumberjacks,67.0,home,0.0,0.0,True,10.0
2019-02-14,McNeese Cowboys,57.0,away,0.0,0.0,False,-10.0
2019-02-14,Holy Cross Crusaders,70.0,home,0.0,0.0,False,-4.0
2019-02-14,Colgate Raiders,74.0,away,0.0,0.0,True,4.0
2019-02-14,Valparaiso Beacons,82.0,home,0.0,0.0,False,-5.0
2019-02-14,Indiana State Sycamores,87.0,away,0.0,0.0,True,5.0
2019-02-14,Lamar Cardinals,75.0,home,0.0,0.0,True,5.0
2019-02-14,Northwestern State Demons,70.0,away,0.0,0.0,False,-5.0
2019-02-14,Northern Iowa Panthers,77.0,home,0.0,0.0,True,13.0
2019-02-14,Illinois State Redbirds,64.0,away,0.0,0.0,False,-13.0
2019-02-14,Bradley Braves,61.0,home,0.0,0.0,True,7.0
2019-02-14,Loyola Chicago Ramblers,54.0,away,0.0,0.0,False,-7.0
2019-02-14,Seton Hall Pirates,90.0,home,0.0,0.0,True,15.0
2019-02-14,Georgetown Hoyas,75.0,away,0.0,0.0,False,-15.0
2019-02-14,New Mexico Lobos,92.0,home,0.0,0.0,True,32.0
2019-02-14,San José State Spartans,60.0,away,0.0,0.0,False,-32.0
2019-02-14,NC State Wolfpack,73.0,home,0.0,0.0,True,15.0
2019-02-14,Syracuse Orange,58.0,away,0.0,0.0,False,-15.0
2019-02-14,Auburn Tigers,55.0,home,0.0,0.0,False,-5.0
2019-02-14,Ole Miss Rebels,60.0,away,0.0,0.0,True,5.0
2019-02-14,Xavier Musketeers,64.0,home,0.0,0.0,True,3.0
2019-02-14,Creighton Bluejays,61.0,away,0.0,0.0,False,-3.0
2019-02-14,Cal State Fullerton Titans,85.0,home,0.0,0.0,True,3.0
2019-02-14,Long Beach State Beach,82.0,away,0.0,0.0,False,-3.0
2019-02-14,Florida Gators,66.0,home,0.0,0.0,True,9.0
2019-02-14,Vanderbilt Commodores,57.0,away,0.0,0.0,False,-9.0
2019-02-14,UC Davis Aggies,76.0,home,0.0,0.0,True,17.0
2019-02-14,Cal State Northridge Matadors,59.0,away,0.0,0.0,False,-17.0
2019-02-14,Texas A&M-Corpus Christi Islanders,69.0,home,0.0,0.0,False,-1.0
2019-02-14,Sam Houston Bearkats,70.0,away,0.0,0.0,True,1.0
2019-02-14,SE Louisiana Lions,70.0,home,0.0,0.0,True,6.0
2019-02-14,Incarnate Word Cardinals,64.0,away,0.0,0.0,False,-6.0
2019-02-14,Nebraska Cornhuskers,62.0,home,0.0,0.0,True,1.0
2019-02-14,Minnesota Golden Gophers,61.0,away,0.0,0.0,False,-1.0
2019-02-14,Utah State Aggies,76.0,home,0.0,0.0,True,17.0
2019-02-14,Wyoming Cowboys,59.0,away,0.0,0.0,False,-17.0
2019-02-14,Fresno State Bulldogs,65.0,home,0.0,0.0,True,2.0
2019-02-14,Boise State Broncos,63.0,away,0.0,0.0,False,-2.0
2019-02-14,Stanford Cardinal,79.0,home,0.0,0.0,True,3.0
2019-02-14,USC Trojans,76.0,away,0.0,0.0,False,-3.0
2019-02-14,California Golden Bears,67.0,home,0.0,0.0,False,-8.0
2019-02-14,UCLA Bruins,75.0,away,0.0,0.0,True,8.0
2019-02-14,Colorado Buffaloes,77.0,home,0.0,0.0,True,4.0
2019-02-14,Arizona State Sun Devils,73.0,away,0.0,0.0,False,-4.0
2019-02-19,South Carolina State Bulldogs,57.0,home,0.0,0.0,True,3.0
2019-02-19,Florida A&M Rattlers,54.0,away,0.0,0.0,False,-3.0
2019-02-19,Oklahoma State Cowboys,68.0,home,0.0,0.0,True,7.0
2019-02-19,TCU Horned Frogs,61.0,away,0.0,0.0,False,-7.0
2019-02-19,Norfolk State Spartans,76.0,home,0.0,0.0,True,18.0
2019-02-19,North Carolina A&T Aggies,58.0,away,0.0,0.0,False,-18.0
2019-02-19,Wisconsin Badgers,64.0,home,0.0,0.0,True,6.0
2019-02-19,Illinois Fighting Illini,58.0,away,0.0,0.0,False,-6.0
2019-02-19,Eastern Washington Eagles,82.0,home,0.0,0.0,True,25.0
2019-02-19,Idaho Vandals,57.0,away,0.0,0.0,False,-25.0
2019-02-19,West Virginia Mountaineers,51.0,home,0.0,0.0,False,-14.0
2019-02-19,Kansas State Wildcats,65.0,away,0.0,0.0,True,14.0
2019-02-19,Arkansas-Pine Bluff Golden Lions,73.0,home,0.0,0.0,True,11.0
2019-02-19,Alcorn State Braves,62.0,away,0.0,0.0,False,-11.0
2019-02-19,Mississippi Valley State Delta Devils,70.0,home,0.0,0.0,True,11.0
2019-02-19,Southern Jaguars,59.0,away,0.0,0.0,False,-11.0
2019-02-19,Holy Cross Crusaders,60.0,home,0.0,0.0,False,-10.0
2019-02-19,Boston University Terriers,70.0,away,0.0,0.0,True,10.0
2019-02-19,Howard Bison,90.0,home,0.0,0.0,False,-8.0
2019-02-19,North Carolina Central Eagles,98.0,away,0.0,0.0,True,8.0
2019-02-19,Jackson State Tigers,65.0,home,0.0,0.0,False,-12.0
2019-02-19,Texas Southern Tigers,77.0,away,0.0,0.0,True,12.0
2019-02-19,Grambling Tigers,87.0,home,0.0,0.0,False,-5.0
2019-02-19,Prairie View A&M Panthers,92.0,away,0.0,0.0,True,5.0
2019-02-19,Virginia Tech Hokies,58.0,home,0.0,0.0,False,-6.0
2019-02-19,Virginia Cavaliers,64.0,away,0.0,0.0,True,6.0
2019-02-19,Savannah State Tigers,79.0,home,0.0,0.0,True,9.0
2019-02-19,Bethune-Cookman Wildcats,70.0,away,0.0,0.0,False,-9.0
2019-02-17,Maine Black Bears,54.0,home,0.0,0.0,False,-9.0
2019-02-17,UAlbany Great Danes,63.0,away,0.0,0.0,True,9.0
2019-02-17,Cincinnati Bearcats,72.0,home,0.0,0.0,True,10.0
2019-02-17,Wichita State Shockers,62.0,away,0.0,0.0,False,-10.0
2019-02-17,St. John's Red Storm,71.0,home,0.0,0.0,True,6.0
2019-02-17,Villanova Wildcats,65.0,away,0.0,0.0,False,-6.0
2019-02-17,Loyola Maryland Greyhounds,64.0,home,0.0,0.0,False,-5.0
2019-02-17,Lafayette Leopards,69.0,away,0.0,0.0,True,5.0
2019-02-17,Tulane Green Wave,50.0,home,0.0,0.0,False,-35.0
2019-02-17,Houston Cougars,85.0,away,0.0,0.0,True,35.0
2019-02-17,Michigan State Spartans,62.0,home,0.0,0.0,True,18.0
2019-02-17,Ohio State Buckeyes,44.0,away,0.0,0.0,False,-18.0
2019-02-17,Saint Peter's Peacocks,65.0,home,0.0,0.0,False,-6.0
2019-02-17,Rider Broncs,71.0,away,0.0,0.0,True,6.0
2019-02-17,Evansville Purple Aces,58.0,home,0.0,0.0,False,-15.0
2019-02-17,Northern Iowa Panthers,73.0,away,0.0,0.0,True,15.0
2019-02-18,Colorado Buffaloes,67.0,home,0.0,0.0,True,7.0
2019-02-18,Arizona Wildcats,60.0,away,0.0,0.0,False,-7.0
2019-02-17,Siena Saints,100.0,home,0.0,0.0,False,-7.0
2019-02-17,Quinnipiac Bobcats,107.0,away,0.0,0.0,True,7.0
2019-02-17,Loyola Chicago Ramblers,61.0,home,0.0,0.0,False,-4.0
2019-02-17,Missouri State Bears,65.0,away,0.0,0.0,True,4.0
2019-02-17,St. Bonaventure Bonnies,79.0,home,0.0,0.0,True,23.0
2019-02-17,George Mason Patriots,56.0,away,0.0,0.0,False,-23.0
2019-02-17,Canisius Golden Griffins,65.0,home,0.0,0.0,False,-5.0
2019-02-17,Manhattan Jaspers,70.0,away,0.0,0.0,True,5.0
2019-02-17,Niagara Purple Eagles,78.0,home,0.0,0.0,True,5.0
2019-02-17,Fairfield Stags,73.0,away,0.0,0.0,False,-5.0
2019-02-17,Boston College Eagles,64.0,home,0.0,0.0,True,7.0
2019-02-17,Miami Hurricanes,57.0,away,0.0,0.0,False,-7.0
2019-02-17,Monmouth Hawks,67.0,home,0.0,0.0,False,-8.0
2019-02-17,Marist Red Foxes,75.0,away,0.0,0.0,True,8.0
2019-02-17,Creighton Bluejays,75.0,home,0.0,0.0,False,-6.0
2019-02-17,Seton Hall Pirates,81.0,away,0.0,0.0,True,6.0
2019-02-17,East Carolina Pirates,73.0,home,0.0,0.0,False,-4.0
2019-02-17,Tulsa Golden Hurricane,77.0,away,0.0,0.0,True,4.0
2019-02-14,SIU Edwardsville Cougars,65.0,home,0.0,0.0,False,-14.0
2019-02-14,Eastern Illinois Panthers,79.0,away,0.0,0.0,True,14.0
2019-02-15,UConn Huskies,63.0,home,0.0,0.0,False,-8.0
2019-02-15,Houston Cougars,71.0,away,0.0,0.0,True,8.0
2019-02-15,Mount St. Mary's Mountaineers,76.0,home,0.0,0.0,True,14.0
2019-02-15,Robert Morris Colonials,62.0,away,0.0,0.0,False,-14.0
2019-02-14,Western Michigan Broncos,63.0,home,0.0,0.0,False,-19.0
2019-02-14,Kent State Golden Flashes,82.0,away,0.0,0.0,True,19.0
2019-02-14,Fairleigh Dickinson Knights,62.0,home,0.0,0.0,False,-25.0
2019-02-14,Saint Francis Red Flash,87.0,away,0.0,0.0,True,25.0
2019-02-15,St. Francis Brooklyn Terriers,83.0,home,0.0,0.0,True,7.0
2019-02-15,Long Island University Sharks,76.0,away,0.0,0.0,False,-7.0
2019-02-15,East Tennessee State Buccaneers,91.0,home,0.0,0.0,True,8.0
2019-02-15,The Citadel Bulldogs,83.0,away,0.0,0.0,False,-8.0
2019-02-15,Bryant Bulldogs,104.0,home,0.0,0.0,False,-1.0
2019-02-15,Sacred Heart Pioneers,105.0,away,0.0,0.0,True,1.0
2019-02-15,Cleveland State Vikings,77.0,home,0.0,0.0,False,-4.0
2019-02-15,UIC Flames,81.0,away,0.0,0.0,True,4.0
2019-02-15,Wagner Seahawks,63.0,home,0.0,0.0,True,6.0
2019-02-15,Central Connecticut Blue Devils,57.0,away,0.0,0.0,False,-6.0
2019-02-15,Kansas City Roos,87.0,home,0.0,0.0,True,12.0
2019-02-15,Grand Canyon Lopes,75.0,away,0.0,0.0,False,-12.0
2019-02-15,Florida Atlantic Owls,57.0,home,0.0,0.0,True,10.0
2019-02-15,North Texas Mean Green,47.0,away,0.0,0.0,False,-10.0
2019-02-15,UNC Wilmington Seahawks,77.0,home,0.0,0.0,False,-4.0
2019-02-15,Northeastern Huskies,81.0,away,0.0,0.0,True,4.0
2019-02-15,Loyola Marymount Lions,60.0,home,0.0,0.0,False,-13.0
2019-02-15,Gonzaga Bulldogs,73.0,away,0.0,0.0,True,13.0
2019-02-15,Youngstown State Penguins,75.0,home,0.0,0.0,True,2.0
2019-02-15,IU Indianapolis Jaguars,73.0,away,0.0,0.0,False,-2.0
2019-02-15,Wofford Terriers,95.0,home,0.0,0.0,True,11.0
2019-02-15,VMI Keydets,84.0,away,0.0,0.0,False,-11.0
2019-02-15,Western Carolina Catamounts,65.0,home,0.0,0.0,False,-9.0
2019-02-15,Mercer Bears,74.0,away,0.0,0.0,True,9.0
2019-02-15,James Madison Dukes,71.0,home,0.0,0.0,True,2.0
2019-02-15,Drexel Dragons,69.0,away,0.0,0.0,False,-2.0
2019-02-15,Florida International Panthers,86.0,home,0.0,0.0,True,21.0
2019-02-15,Rice Owls,65.0,away,0.0,0.0,False,-21.0
2019-02-15,Tulane Green Wave,57.0,home,0.0,0.0,False,-23.0
2019-02-15,Tulsa Golden Hurricane,80.0,away,0.0,0.0,True,23.0
2019-02-15,Green Bay Phoenix,66.0,home,0.0,0.0,True,12.0
2019-02-15,Oakland Golden Grizzlies,54.0,away,0.0,0.0,False,-12.0
2019-02-15,Southern Miss Golden Eagles,78.0,home,0.0,0.0,True,7.0
2019-02-15,UTSA Roadrunners,71.0,away,0.0,0.0,False,-7.0
2019-02-15,Omaha Mavericks,85.0,home,0.0,0.0,True,1.0
2019-02-15,South Dakota State Jackrabbits,84.0,away,0.0,0.0,False,-1.0
2019-02-15,North Dakota State Bison,85.0,home,0.0,0.0,True,12.0
2019-02-15,Oral Roberts Golden Eagles,73.0,away,0.0,0.0,False,-12.0
2019-02-15,Morehead State Eagles,78.0,home,0.0,0.0,True,6.0
2019-02-15,Eastern Kentucky Colonels,72.0,away,0.0,0.0,False,-6.0
2019-02-15,UT Rio Grande Valley Vaqueros,59.0,home,0.0,0.0,True,15.0
2019-02-15,Seattle U Redhawks,44.0,away,0.0,0.0,False,-15.0
2019-02-15,Arkansas State Red Wolves,74.0,home,0.0,0.0,False,-10.0
2019-02-15,Texas State Bobcats,84.0,away,0.0,0.0,True,10.0
2019-02-15,Milwaukee Panthers,84.0,home,0.0,0.0,False,-6.0
2019-02-15,Detroit Mercy Titans,90.0,away,0.0,0.0,True,6.0
2019-02-15,Charleston Cougars,95.0,home,0.0,0.0,False,-4.0
2019-02-15,Hofstra Pride,99.0,away,0.0,0.0,True,4.0
2019-02-15,Tennessee State Tigers,66.0,home,0.0,0.0,False,-11.0
2019-02-15,Belmont Bruins,77.0,away,0.0,0.0,True,11.0
2019-02-15,Louisiana Tech Bulldogs,71.0,home,0.0,0.0,True,14.0
2019-02-15,UTEP Miners,57.0,away,0.0,0.0,False,-14.0
2019-02-15,Chicago State Cougars,62.0,home,0.0,0.0,False,-13.0
2019-02-15,Cal State Bakersfield Roadrunners,75.0,away,0.0,0.0,True,13.0
2019-02-15,Little Rock Trojans,56.0,home,0.0,0.0,True,4.0
2019-02-15,UT Arlington Mavericks,52.0,away,0.0,0.0,False,-4.0
2019-02-15,Towson Tigers,71.0,home,0.0,0.0,False,-7.0
2019-02-15,Delaware Blue Hens,78.0,away,0.0,0.0,True,7.0
2019-02-15,Furman Paladins,67.0,home,0.0,0.0,True,10.0
2019-02-15,UNC Greensboro Spartans,57.0,away,0.0,0.0,False,-10.0
2019-02-15,Ohio State Buckeyes,56.0,home,0.0,0.0,False,-7.0
2019-02-15,Illinois Fighting Illini,63.0,away,0.0,0.0,True,7.0
2019-02-15,Tennessee Tech Golden Eagles,57.0,home,0.0,0.0,False,-10.0
2019-02-15,Jacksonville State Gamecocks,67.0,away,0.0,0.0,True,10.0
2019-02-15,Western Kentucky Hilltoppers,71.0,home,0.0,0.0,True,8.0
2019-02-15,Middle Tennessee Blue Raiders,63.0,away,0.0,0.0,False,-8.0
2019-02-15,Marshall Thundering Herd,68.0,home,0.0,0.0,False,-9.0
2019-02-15,UAB Blazers,77.0,away,0.0,0.0,True,9.0
2019-02-15,UT Martin Skyhawks,81.0,home,0.0,0.0,True,9.0
2019-02-15,Southeast Missouri State Redhawks,72.0,away,0.0,0.0,False,-9.0
2019-02-15,Utah Utes,83.0,home,0.0,0.0,True,7.0
2019-02-15,Arizona Wildcats,76.0,away,0.0,0.0,False,-7.0
2019-02-15,Weber State Wildcats,80.0,home,0.0,0.0,False,-3.0
2019-02-15,Montana Grizzlies,83.0,away,0.0,0.0,True,3.0
2019-02-15,Santa Clara Broncos,55.0,home,0.0,0.0,False,-11.0
2019-02-15,Saint Mary's Gaels,66.0,away,0.0,0.0,True,11.0
2019-02-15,UC Riverside Highlanders,71.0,home,0.0,0.0,True,14.0
2019-02-15,UC Santa Barbara Gauchos,57.0,away,0.0,0.0,False,-14.0
2019-02-15,New Mexico State Aggies,84.0,home,0.0,0.0,True,7.0
2019-02-15,Utah Valley Wolverines,77.0,away,0.0,0.0,False,-7.0
2019-02-15,Idaho State Bengals,76.0,home,0.0,0.0,False,-8.0
2019-02-15,Montana State Bobcats,84.0,away,0.0,0.0,True,8.0
2019-02-15,San Diego Toreros,82.0,home,0.0,0.0,False,-6.0
2019-02-15,BYU Cougars,88.0,away,0.0,0.0,True,6.0
2019-02-15,San Francisco Dons,89.0,home,0.0,0.0,True,12.0
2019-02-15,Pepperdine Waves,77.0,away,0.0,0.0,False,-12.0
2019-02-15,Idaho Vandals,47.0,home,0.0,0.0,False,-28.0
2019-02-15,Northern Colorado Bears,75.0,away,0.0,0.0,True,28.0
2019-02-15,Denver Pioneers,81.0,home,0.0,0.0,False,-13.0
2019-02-15,Purdue Fort Wayne Mastodons,94.0,away,0.0,0.0,True,13.0
2019-02-15,Portland State Vikings,103.0,home,0.0,0.0,True,9.0
2019-02-15,Northern Arizona Lumberjacks,94.0,away,0.0,0.0,False,-9.0
2019-02-15,Austin Peay Governors,71.0,home,0.0,0.0,False,-2.0
2019-02-15,Murray State Racers,73.0,away,0.0,0.0,True,2.0
2019-02-15,Sacramento State Hornets,84.0,home,0.0,0.0,True,11.0
2019-02-15,Southern Utah Thunderbirds,73.0,away,0.0,0.0,False,-11.0
2019-02-15,Hawai'i Rainbow Warriors,75.0,home,0.0,0.0,True,21.0
2019-02-15,Cal Poly Mustangs,54.0,away,0.0,0.0,False,-21.0
2019-02-20,Colgate Raiders,75.0,home,0.0,0.0,True,11.0
2019-02-20,Bucknell Bison,64.0,away,0.0,0.0,False,-11.0
2019-02-20,Tennessee Volunteers,58.0,home,0.0,0.0,True,12.0
2019-02-20,Vanderbilt Commodores,46.0,away,0.0,0.0,False,-12.0
2019-02-20,Quinnipiac Bobcats,77.0,home,0.0,0.0,False,-4.0
2019-02-20,Iona Gaels,81.0,away,0.0,0.0,True,4.0
2019-02-20,New Mexico State Aggies,80.0,home,0.0,0.0,True,38.0
2019-02-20,Texas A&M-International Dustdevils,42.0,away,0.0,0.0,False,-38.0
2019-02-20,Central Michigan Chippewas,84.0,home,0.0,0.0,True,10.0
2019-02-20,Kent State Golden Flashes,74.0,away,0.0,0.0,False,-10.0
2019-02-20,South Carolina Gamecocks,79.0,home,0.0,0.0,True,15.0
2019-02-20,Ole Miss Rebels,64.0,away,0.0,0.0,False,-15.0
2019-02-20,UT Rio Grande Valley Vaqueros,85.0,home,0.0,0.0,True,19.0
2019-02-20,Wayland Baptist Pioneers,66.0,away,0.0,0.0,False,-19.0
2019-02-20,Indiana Hoosiers,46.0,home,0.0,0.0,False,-2.0
2019-02-20,Purdue Boilermakers,48.0,away,0.0,0.0,True,2.0
2019-02-20,Siena Saints,72.0,home,0.0,0.0,True,10.0
2019-02-20,Saint Peter's Peacocks,62.0,away,0.0,0.0,False,-10.0
2019-02-20,Bowling Green Falcons,73.0,home,0.0,0.0,True,4.0
2019-02-20,Akron Zips,69.0,away,0.0,0.0,False,-4.0
2019-02-20,Drake Bulldogs,77.0,home,0.0,0.0,True,9.0
2019-02-20,Bradley Braves,68.0,away,0.0,0.0,False,-9.0
2019-02-20,Iowa Hawkeyes,65.0,home,0.0,0.0,False,-1.0
2019-02-20,Maryland Terrapins,66.0,away,0.0,0.0,True,1.0
2019-02-20,Eastern Michigan Eagles,76.0,home,0.0,0.0,True,7.0
2019-02-20,Toledo Rockets,69.0,away,0.0,0.0,False,-7.0
2019-02-20,South Florida Bulls,95.0,home,0.0,0.0,True,41.0
2019-02-20,Florida College Falcons,54.0,away,0.0,0.0,False,-41.0
2019-02-20,Notre Dame Fighting Irish,68.0,home,0.0,0.0,False,-7.0
2019-02-20,Wake Forest Demon Deacons,75.0,away,0.0,0.0,True,7.0
2019-02-20,VCU Rams,76.0,home,0.0,0.0,True,34.0
2019-02-20,Rhode Island Rams,42.0,away,0.0,0.0,False,-34.0
2019-02-20,Miami (OH) RedHawks,69.0,home,0.0,0.0,True,3.0
2019-02-20,Ball State Cardinals,66.0,away,0.0,0.0,False,-3.0
2019-02-20,Penn State Nittany Lions,95.0,home,0.0,0.0,True,24.0
2019-02-20,Nebraska Cornhuskers,71.0,away,0.0,0.0,False,-24.0
2019-02-19,Davidson Wildcats,73.0,home,0.0,0.0,False,-1.0
2019-02-19,Dayton Flyers,74.0,away,0.0,0.0,True,1.0
2019-02-20,Buffalo Bulls,114.0,home,0.0,0.0,True,47.0
2019-02-20,Ohio Bobcats,67.0,away,0.0,0.0,False,-47.0
2019-02-20,Iowa State Cyclones,69.0,home,0.0,0.0,False,-4.0
2019-02-20,Baylor Bears,73.0,away,0.0,0.0,True,4.0
2019-02-20,Wyoming Cowboys,56.0,home,0.0,0.0,False,-10.0
2019-02-20,UNLV Rebels,66.0,away,0.0,0.0,True,10.0
2019-02-20,Missouri Tigers,58.0,home,0.0,0.0,False,-8.0
2019-02-20,Kentucky Wildcats,66.0,away,0.0,0.0,True,8.0
2019-02-20,Texas A&M Aggies,65.0,home,0.0,0.0,True,9.0
2019-02-20,Alabama Crimson Tide,56.0,away,0.0,0.0,False,-9.0
2019-02-20,Clemson Tigers,64.0,home,0.0,0.0,False,-13.0
2019-02-20,Florida State Seminoles,77.0,away,0.0,0.0,True,13.0
2019-02-09,North Carolina Tar Heels,88.0,home,0.0,0.0,True,3.0
2019-02-09,Miami Hurricanes,85.0,away,0.0,0.0,False,-3.0
2019-02-09,Michigan Wolverines,61.0,home,0.0,0.0,True,9.0
2019-02-09,Wisconsin Badgers,52.0,away,0.0,0.0,False,-9.0
2019-02-09,Nevada Wolf Pack,91.0,home,0.0,0.0,True,29.0
2019-02-09,New Mexico Lobos,62.0,away,0.0,0.0,False,-29.0
2019-02-09,Virginia Cavaliers,71.0,home,0.0,0.0,False,-10.0
2019-02-09,Duke Blue Devils,81.0,away,0.0,0.0,True,10.0
2019-02-09,Kansas Jayhawks,84.0,home,0.0,0.0,True,12.0
2019-02-09,Oklahoma State Cowboys,72.0,away,0.0,0.0,False,-12.0
2019-02-09,Florida State Seminoles,80.0,home,0.0,0.0,True,5.0
2019-02-09,Louisville Cardinals,75.0,away,0.0,0.0,False,-5.0
2019-02-09,Iowa State Cyclones,83.0,home,0.0,0.0,False,-9.0
2019-02-09,TCU Horned Frogs,92.0,away,0.0,0.0,True,9.0
2019-02-09,Oklahoma Sooners,54.0,home,0.0,0.0,False,-12.0
2019-02-09,Texas Tech Red Raiders,66.0,away,0.0,0.0,True,12.0
2019-02-09,Clemson Tigers,59.0,home,0.0,0.0,True,8.0
2019-02-09,Virginia Tech Hokies,51.0,away,0.0,0.0,False,-8.0
2019-02-10,Purdue Boilermakers,81.0,home,0.0,0.0,True,19.0
2019-02-10,Nebraska Cornhuskers,62.0,away,0.0,0.0,False,-19.0
2019-02-09,Georgetown Hoyas,69.0,home,0.0,0.0,False,-4.0
2019-02-09,Butler Bulldogs,73.0,away,0.0,0.0,True,4.0
2019-02-09,St. John's Red Storm,56.0,home,0.0,0.0,False,-14.0
2019-02-09,Providence Friars,70.0,away,0.0,0.0,True,14.0
2019-02-09,IU Indianapolis Jaguars,75.0,home,0.0,0.0,False,-1.0
2019-02-09,UIC Flames,76.0,away,0.0,0.0,True,1.0
2019-02-10,Gonzaga Bulldogs,94.0,home,0.0,0.0,True,48.0
2019-02-10,Saint Mary's Gaels,46.0,away,0.0,0.0,False,-48.0
2019-02-09,Michigan State Spartans,79.0,home,0.0,0.0,True,24.0
2019-02-09,Minnesota Golden Gophers,55.0,away,0.0,0.0,False,-24.0
2019-02-09,Marquette Golden Eagles,66.0,home,0.0,0.0,True,1.0
2019-02-09,Villanova Wildcats,65.0,away,0.0,0.0,False,-1.0
2019-02-09,Mississippi State Bulldogs,67.0,home,0.0,0.0,False,-4.0
2019-02-09,Kentucky Wildcats,71.0,away,0.0,0.0,True,4.0
2019-02-09,Bucknell Bison,82.0,home,0.0,0.0,True,6.0
2019-02-09,Boston University Terriers,76.0,away,0.0,0.0,False,-6.0
2019-02-09,Tulsa Golden Hurricane,76.0,home,0.0,0.0,True,18.0
2019-02-09,Temple Owls,58.0,away,0.0,0.0,False,-18.0
2019-02-09,Buffalo Bulls,90.0,home,0.0,0.0,True,14.0
2019-02-09,Central Michigan Chippewas,76.0,away,0.0,0.0,False,-14.0
2019-02-09,VMI Keydets,77.0,home,0.0,0.0,False,-7.0
2019-02-09,Samford Bulldogs,84.0,away,0.0,0.0,True,7.0
2019-02-09,Massachusetts Minutemen,54.0,home,0.0,0.0,True,3.0
2019-02-09,Davidson Wildcats,51.0,away,0.0,0.0,False,-3.0
2019-02-09,Wyoming Cowboys,74.0,home,0.0,0.0,True,8.0
2019-02-09,Colorado State Rams,66.0,away,0.0,0.0,False,-8.0
2019-02-09,Fairfield Stags,49.0,home,0.0,0.0,False,-12.0
2019-02-09,Monmouth Hawks,61.0,away,0.0,0.0,True,12.0
2019-02-09,Georgia Bulldogs,64.0,home,0.0,0.0,False,-16.0
2019-02-09,Ole Miss Rebels,80.0,away,0.0,0.0,True,16.0
2019-02-09,Colgate Raiders,75.0,home,0.0,0.0,True,3.0
2019-02-09,Loyola Maryland Greyhounds,72.0,away,0.0,0.0,False,-3.0
2019-02-09,Miami (OH) RedHawks,79.0,home,0.0,0.0,True,20.0
2019-02-09,Ohio Bobcats,59.0,away,0.0,0.0,False,-20.0
2019-02-09,American University Eagles,71.0,home,0.0,0.0,True,3.0
2019-02-09,Army Black Knights,68.0,away,0.0,0.0,False,-3.0
2019-02-09,New Hampshire Wildcats,61.0,home,0.0,0.0,False,-7.0
2019-02-09,Binghamton Bearcats,68.0,away,0.0,0.0,True,7.0
2019-02-09,Eastern Michigan Eagles,57.0,home,0.0,0.0,True,8.0
2019-02-09,Northern Illinois Huskies,49.0,away,0.0,0.0,False,-8.0
2019-02-09,Boise State Broncos,105.0,home,0.0,0.0,True,48.0
2019-02-09,San José State Spartans,57.0,away,0.0,0.0,False,-48.0
2019-02-09,Winthrop Eagles,101.0,home,0.0,0.0,True,10.0
2019-02-09,Hampton Pirates,91.0,away,0.0,0.0,False,-10.0
2019-02-09,UNC Asheville Bulldogs,75.0,home,0.0,0.0,False,-10.0
2019-02-09,Charleston Southern Buccaneers,85.0,away,0.0,0.0,True,10.0
2019-02-09,LSU Tigers,83.0,home,0.0,0.0,True,5.0
2019-02-09,Auburn Tigers,78.0,away,0.0,0.0,False,-5.0
2019-02-09,Syracuse Orange,67.0,home,0.0,0.0,True,11.0
2019-02-09,Boston College Eagles,56.0,away,0.0,0.0,False,-11.0
2019-02-09,Ball State Cardinals,79.0,home,0.0,0.0,True,20.0
2019-02-09,Western Michigan Broncos,59.0,away,0.0,0.0,False,-20.0
2019-02-09,Vermont Catamounts,67.0,home,0.0,0.0,True,18.0
2019-02-09,UAlbany Great Danes,49.0,away,0.0,0.0,False,-18.0
2019-02-09,Fordham Rams,66.0,home,0.0,0.0,False,-8.0
2019-02-09,Duquesne Dukes,74.0,away,0.0,0.0,True,8.0
2019-02-09,St. Bonaventure Bonnies,55.0,home,0.0,0.0,False,-30.0
2019-02-09,VCU Rams,85.0,away,0.0,0.0,True,30.0
2019-02-09,Pittsburgh Panthers,76.0,home,0.0,0.0,False,-3.0
2019-02-09,NC State Wolfpack,79.0,away,0.0,0.0,True,3.0
2019-02-09,Sacred Heart Pioneers,73.0,home,0.0,0.0,False,-3.0
2019-02-09,Mount St. Mary's Mountaineers,76.0,away,0.0,0.0,True,3.0
2019-02-09,South Carolina Gamecocks,77.0,home,0.0,0.0,True,12.0
2019-02-09,Arkansas Razorbacks,65.0,away,0.0,0.0,False,-12.0
2019-02-09,Cleveland State Vikings,78.0,home,0.0,0.0,True,10.0
2019-02-09,Milwaukee Panthers,68.0,away,0.0,0.0,False,-10.0
2019-02-09,South Carolina State Bulldogs,85.0,home,0.0,0.0,True,4.0
2019-02-09,Morgan State Bears,81.0,away,0.0,0.0,False,-4.0
2019-02-09,UT Arlington Mavericks,78.0,home,0.0,0.0,True,10.0
2019-02-09,App State Mountaineers,68.0,away,0.0,0.0,False,-10.0
2019-02-09,Florida A&M Rattlers,66.0,home,0.0,0.0,False,-4.0
2019-02-09,Howard Bison,70.0,away,0.0,0.0,True,4.0
2019-02-09,Troy Trojans,84.0,home,0.0,0.0,True,5.0
2019-02-09,Arkansas State Red Wolves,79.0,away,0.0,0.0,False,-5.0
2019-02-09,North Carolina A&T Aggies,82.0,home,0.0,0.0,True,30.0
2019-02-09,Delaware State Hornets,52.0,away,0.0,0.0,False,-30.0
2019-02-09,North Carolina Central Eagles,78.0,home,0.0,0.0,True,25.0
2019-02-09,Maryland Eastern Shore Hawks,53.0,away,0.0,0.0,False,-25.0
2019-02-09,Bethune-Cookman Wildcats,84.0,home,0.0,0.0,True,8.0
2019-02-09,Norfolk State Spartans,76.0,away,0.0,0.0,False,-8.0
2019-02-09,McNeese Cowboys,72.0,home,0.0,0.0,False,-2.0
2019-02-09,Northwestern State Demons,74.0,away,0.0,0.0,True,2.0
2019-02-09,Furman Paladins,91.0,home,0.0,0.0,True,30.0
2019-02-09,East Tennessee State Buccaneers,61.0,away,0.0,0.0,False,-30.0
2019-02-09,Mercer Bears,61.0,home,0.0,0.0,False,-6.0
2019-02-09,The Citadel Bulldogs,67.0,away,0.0,0.0,True,6.0
2019-02-09,Southern Utah Thunderbirds,78.0,home,0.0,0.0,True,6.0
2019-02-09,Idaho State Bengals,72.0,away,0.0,0.0,False,-6.0
2019-02-09,Radford Highlanders,69.0,home,0.0,0.0,True,3.0
2019-02-09,High Point Panthers,66.0,away,0.0,0.0,False,-3.0
2019-02-09,South Alabama Jaguars,68.0,home,0.0,0.0,False,-5.0
2019-02-09,Little Rock Trojans,73.0,away,0.0,0.0,True,5.0
2019-02-09,Robert Morris Colonials,68.0,home,0.0,0.0,False,-9.0
2019-02-09,Central Connecticut Blue Devils,77.0,away,0.0,0.0,True,9.0
2019-02-09,St. Francis Brooklyn Terriers,73.0,home,0.0,0.0,False,-11.0
2019-02-09,Fairleigh Dickinson Knights,84.0,away,0.0,0.0,True,11.0
2019-02-09,UTSA Roadrunners,86.0,home,0.0,0.0,True,12.0
2019-02-09,Florida Atlantic Owls,74.0,away,0.0,0.0,False,-12.0
2019-02-09,Northern Arizona Lumberjacks,71.0,home,0.0,0.0,False,-15.0
2019-02-09,Weber State Wildcats,86.0,away,0.0,0.0,True,15.0
2019-02-09,Rhode Island Rams,48.0,home,0.0,0.0,False,-29.0
2019-02-09,Dayton Flyers,77.0,away,0.0,0.0,True,29.0
2019-02-09,Drexel Dragons,84.0,home,0.0,0.0,False,-2.0
2019-02-09,Charleston Cougars,86.0,away,0.0,0.0,True,2.0
2019-02-09,Northeastern Huskies,72.0,home,0.0,0.0,True,12.0
2019-02-09,Elon Phoenix,60.0,away,0.0,0.0,False,-12.0
2019-02-09,Towson Tigers,66.0,home,0.0,0.0,True,7.0
2019-02-09,James Madison Dukes,59.0,away,0.0,0.0,False,-7.0
2019-02-09,Montana State Bobcats,86.0,home,0.0,0.0,True,14.0
2019-02-09,Idaho Vandals,72.0,away,0.0,0.0,False,-14.0
2019-02-09,Hofstra Pride,93.0,home,0.0,0.0,True,6.0
2019-02-09,William & Mary Tribe,87.0,away,0.0,0.0,False,-6.0
2019-02-09,UT Martin Skyhawks,77.0,home,0.0,0.0,True,19.0
2019-02-09,Tennessee Tech Golden Eagles,58.0,away,0.0,0.0,False,-19.0
2019-02-09,Tennessee Volunteers,73.0,home,0.0,0.0,True,12.0
2019-02-09,Florida Gators,61.0,away,0.0,0.0,False,-12.0
2019-02-09,Pepperdine Waves,70.0,home,0.0,0.0,True,3.0
2019-02-09,San Diego Toreros,67.0,away,0.0,0.0,False,-3.0
2019-02-09,Northern Colorado Bears,65.0,home,0.0,0.0,True,6.0
2019-02-09,Sacramento State Hornets,59.0,away,0.0,0.0,False,-6.0
2019-02-09,North Alabama Lions,73.0,home,0.0,0.0,False,-9.0
2019-02-09,North Florida Ospreys,82.0,away,0.0,0.0,True,9.0
2019-02-09,Kennesaw State Owls,63.0,home,0.0,0.0,True,1.0
2019-02-09,NJIT Highlanders,62.0,away,0.0,0.0,False,-1.0
2019-02-09,Campbell Fighting Camels,82.0,home,0.0,0.0,True,16.0
2019-02-09,South Carolina Upstate Spartans,66.0,away,0.0,0.0,False,-16.0
2019-02-09,Illinois Fighting Illini,99.0,home,0.0,0.0,True,5.0
2019-02-09,Rutgers Scarlet Knights,94.0,away,0.0,0.0,False,-5.0
2019-02-09,Long Island University Sharks,65.0,home,0.0,0.0,False,-3.0
2019-02-09,Wagner Seahawks,68.0,away,0.0,0.0,True,3.0
2019-02-09,Morehead State Eagles,86.0,home,0.0,0.0,False,-10.0
2019-02-09,Belmont Bruins,96.0,away,0.0,0.0,True,10.0
2019-02-09,Lehigh Mountain Hawks,83.0,home,0.0,0.0,True,26.0
2019-02-09,Navy Midshipmen,57.0,away,0.0,0.0,False,-26.0
2019-02-09,Presbyterian Blue Hose,103.0,home,0.0,0.0,True,2.0
2019-02-09,Gardner-Webb Runnin' Bulldogs,101.0,away,0.0,0.0,False,-2.0
2019-02-09,Austin Peay Governors,94.0,home,0.0,0.0,True,8.0
2019-02-09,Eastern Illinois Panthers,86.0,away,0.0,0.0,False,-8.0
2019-02-09,UNLV Rebels,65.0,home,0.0,0.0,False,-18.0
2019-02-09,Fresno State Bulldogs,83.0,away,0.0,0.0,True,18.0
2019-02-09,UCLA Bruins,92.0,home,0.0,0.0,False,-1.0
2019-02-09,Utah Utes,93.0,away,0.0,0.0,True,1.0
2019-02-09,Central Arkansas Bears,67.0,home,0.0,0.0,False,-8.0
2019-02-09,SE Louisiana Lions,75.0,away,0.0,0.0,True,8.0
2019-02-09,Texas State Bobcats,65.0,home,0.0,0.0,True,8.0
2019-02-09,Coastal Carolina Chanticleers,57.0,away,0.0,0.0,False,-8.0
2019-02-09,North Dakota State Bison,81.0,home,0.0,0.0,True,10.0
2019-02-09,Denver Pioneers,71.0,away,0.0,0.0,False,-10.0
2019-02-09,Southern Miss Golden Eagles,73.0,home,0.0,0.0,True,2.0
2019-02-09,Louisiana Tech Bulldogs,71.0,away,0.0,0.0,False,-2.0
2019-02-09,Stephen F. Austin Lumberjacks,67.0,home,0.0,0.0,False,-15.0
2019-02-09,Lamar Cardinals,82.0,away,0.0,0.0,True,15.0
2019-02-09,New Orleans Privateers,63.0,home,0.0,0.0,False,-1.0
2019-02-09,Nicholls Colonels,64.0,away,0.0,0.0,True,1.0
2019-02-09,South Dakota State Jackrabbits,80.0,home,0.0,0.0,True,25.0
2019-02-09,North Dakota Fighting Hawks,55.0,away,0.0,0.0,False,-25.0
2019-02-09,North Texas Mean Green,59.0,home,0.0,0.0,False,-3.0
2019-02-09,Western Kentucky Hilltoppers,62.0,away,0.0,0.0,True,3.0
2019-02-09,Lipscomb Bisons,86.0,home,0.0,0.0,True,9.0
2019-02-09,Jacksonville Dolphins,77.0,away,0.0,0.0,False,-9.0
2019-02-09,Southeast Missouri State Redhawks,64.0,home,0.0,0.0,False,-17.0
2019-02-09,Jacksonville State Gamecocks,81.0,away,0.0,0.0,True,17.0
2019-02-09,Oregon State Beavers,79.0,home,0.0,0.0,True,8.0
2019-02-09,California Golden Bears,71.0,away,0.0,0.0,False,-8.0
2019-02-09,Youngstown State Penguins,96.0,home,0.0,0.0,True,19.0
2019-02-09,Green Bay Phoenix,77.0,away,0.0,0.0,False,-19.0
2019-02-09,Savannah State Tigers,71.0,home,0.0,0.0,True,9.0
2019-02-09,Coppin State Eagles,62.0,away,0.0,0.0,False,-9.0
2019-02-09,Alabama State Hornets,69.0,home,0.0,0.0,False,-6.0
2019-02-09,Arkansas-Pine Bluff Golden Lions,75.0,away,0.0,0.0,True,6.0
2019-02-09,Brown Bears,78.0,home,0.0,0.0,True,8.0
2019-02-09,Princeton Tigers,70.0,away,0.0,0.0,False,-8.0
2019-02-09,Drake Bulldogs,83.0,home,0.0,0.0,True,6.0
2019-02-09,Northern Iowa Panthers,77.0,away,0.0,0.0,False,-6.0
2019-02-09,Baylor Bears,63.0,home,0.0,0.0,False,-7.0
2019-02-09,Kansas State Wildcats,70.0,away,0.0,0.0,True,7.0
2019-02-09,Richmond Spiders,89.0,home,0.0,0.0,True,26.0
2019-02-09,George Washington Revolutionaries,63.0,away,0.0,0.0,False,-26.0
2019-02-09,Bowling Green Falcons,71.0,home,0.0,0.0,False,-7.0
2019-02-09,Toledo Rockets,78.0,away,0.0,0.0,True,7.0
2019-02-10,Northern Kentucky Norse,79.0,home,0.0,0.0,True,15.0
2019-02-10,Oakland Golden Grizzlies,64.0,away,0.0,0.0,False,-15.0
2019-02-09,Southern Jaguars,40.0,home,0.0,0.0,False,-19.0
2019-02-09,Grambling Tigers,59.0,away,0.0,0.0,True,19.0
2019-02-10,Eastern Kentucky Colonels,75.0,home,0.0,0.0,True,10.0
2019-02-10,Tennessee State Tigers,65.0,away,0.0,0.0,False,-10.0
2019-02-09,Missouri Tigers,59.0,home,0.0,0.0,False,-9.0
2019-02-09,Texas A&M Aggies,68.0,away,0.0,0.0,True,9.0
2019-02-09,Alcorn State Braves,66.0,home,0.0,0.0,True,14.0
2019-02-09,Jackson State Tigers,52.0,away,0.0,0.0,False,-14.0
2019-02-10,Saint Francis Red Flash,84.0,home,0.0,0.0,True,9.0
2019-02-10,Bryant Bulldogs,75.0,away,0.0,0.0,False,-9.0
2019-02-10,Abilene Christian Wildcats,85.0,home,0.0,0.0,False,-5.0
2019-02-10,Sam Houston Bearkats,90.0,away,0.0,0.0,True,5.0
2019-02-10,Harvard Crimson,61.0,home,0.0,0.0,False,-6.0
2019-02-10,Cornell Big Red,67.0,away,0.0,0.0,True,6.0
2019-02-10,Chattanooga Mocs,63.0,home,0.0,0.0,False,-15.0
2019-02-10,UNC Greensboro Spartans,78.0,away,0.0,0.0,True,15.0
2019-02-10,Alabama A&M Bulldogs,78.0,home,0.0,0.0,True,15.0
2019-02-10,Mississippi Valley State Delta Devils,63.0,away,0.0,0.0,False,-15.0
2019-02-10,Liberty Flames,74.0,home,0.0,0.0,True,7.0
2019-02-10,Florida Gulf Coast Eagles,67.0,away,0.0,0.0,False,-7.0
2019-02-10,Stony Brook Seawolves,76.0,home,0.0,0.0,True,11.0
2019-02-10,UMass Lowell River Hawks,65.0,away,0.0,0.0,False,-11.0
2019-02-10,Wright State Raiders,83.0,home,0.0,0.0,True,23.0
2019-02-10,Detroit Mercy Titans,60.0,away,0.0,0.0,False,-23.0
2019-02-10,Wofford Terriers,83.0,home,0.0,0.0,True,27.0
2019-02-10,Western Carolina Catamounts,56.0,away,0.0,0.0,False,-27.0
2019-02-10,Yale Bulldogs,78.0,home,0.0,0.0,True,13.0
2019-02-10,Pennsylvania Quakers,65.0,away,0.0,0.0,False,-13.0
2019-02-10,Dartmouth Big Green,82.0,home,0.0,0.0,True,16.0
2019-02-10,Columbia Lions,66.0,away,0.0,0.0,False,-16.0
2019-02-10,Middle Tennessee Blue Raiders,50.0,home,0.0,0.0,False,-5.0
2019-02-10,Old Dominion Monarchs,55.0,away,0.0,0.0,True,5.0
2019-02-10,Delaware Blue Hens,70.0,home,0.0,0.0,True,4.0
2019-02-10,UNC Wilmington Seahawks,66.0,away,0.0,0.0,False,-4.0
2019-02-10,Murray State Racers,86.0,home,0.0,0.0,True,31.0
2019-02-10,SIU Edwardsville Cougars,55.0,away,0.0,0.0,False,-31.0
2019-02-10,Arizona Wildcats,55.0,home,0.0,0.0,False,-14.0
2019-02-10,Washington State Cougars,69.0,away,0.0,0.0,True,14.0
2019-02-10,Southern Illinois Salukis,78.0,home,0.0,0.0,True,5.0
2019-02-10,Evansville Purple Aces,73.0,away,0.0,0.0,False,-5.0
2019-02-10,Rice Owls,74.0,home,0.0,0.0,True,5.0
2019-02-10,Marshall Thundering Herd,69.0,away,0.0,0.0,False,-5.0
2019-02-10,Bradley Braves,96.0,home,0.0,0.0,True,29.0
2019-02-10,Indiana State Sycamores,67.0,away,0.0,0.0,False,-29.0
2019-02-10,UAB Blazers,62.0,home,0.0,0.0,False,-7.0
2019-02-10,Charlotte 49ers,69.0,away,0.0,0.0,True,7.0
2019-02-10,Wichita State Shockers,77.0,home,0.0,0.0,True,15.0
2019-02-10,Tulane Green Wave,62.0,away,0.0,0.0,False,-15.0
2019-02-10,Texas A&M-Corpus Christi Islanders,70.0,home,0.0,0.0,True,9.0
2019-02-10,Incarnate Word Cardinals,61.0,away,0.0,0.0,False,-9.0
2019-02-10,Seton Hall Pirates,63.0,home,0.0,0.0,True,5.0
2019-02-10,Creighton Bluejays,58.0,away,0.0,0.0,False,-5.0
2019-02-10,UC Riverside Highlanders,54.0,home,0.0,0.0,False,-23.0
2019-02-10,Cal State Fullerton Titans,77.0,away,0.0,0.0,True,23.0
2019-02-10,BYU Cougars,69.0,home,0.0,0.0,True,10.0
2019-02-10,Pacific Tigers,59.0,away,0.0,0.0,False,-10.0
2019-02-10,West Virginia Mountaineers,53.0,home,0.0,0.0,False,-22.0
2019-02-10,Texas Longhorns,75.0,away,0.0,0.0,True,22.0
2019-02-10,Xavier Musketeers,62.0,home,0.0,0.0,False,-12.0
2019-02-10,DePaul Blue Demons,74.0,away,0.0,0.0,True,12.0
2019-02-10,Vanderbilt Commodores,67.0,home,0.0,0.0,False,-10.0
2019-02-10,Alabama Crimson Tide,77.0,away,0.0,0.0,True,10.0
2019-02-10,Grand Canyon Lopes,64.0,home,0.0,0.0,False,-3.0
2019-02-10,New Mexico State Aggies,67.0,away,0.0,0.0,True,3.0
2019-02-10,Montana Grizzlies,75.0,home,0.0,0.0,True,1.0
2019-02-10,Eastern Washington Eagles,74.0,away,0.0,0.0,False,-1.0
2019-02-10,Texas Southern Tigers,95.0,home,0.0,0.0,True,5.0
2019-02-10,Prairie View A&M Panthers,90.0,away,0.0,0.0,False,-5.0
2019-02-10,San Diego State Aztecs,68.0,home,0.0,0.0,True,5.0
2019-02-10,Utah State Aggies,63.0,away,0.0,0.0,False,-5.0
2019-02-10,UTEP Miners,85.0,home,0.0,0.0,True,10.0
2019-02-10,Florida International Panthers,75.0,away,0.0,0.0,False,-10.0
2019-02-10,UC Irvine Anteaters,67.0,home,0.0,0.0,True,11.0
2019-02-10,Hawai'i Rainbow Warriors,56.0,away,0.0,0.0,False,-11.0
2019-02-10,USC Trojans,65.0,home,0.0,0.0,False,-4.0
2019-02-10,Colorado Buffaloes,69.0,away,0.0,0.0,True,4.0
2019-02-10,Arizona State Sun Devils,75.0,home,0.0,0.0,True,12.0
2019-02-10,Washington Huskies,63.0,away,0.0,0.0,False,-12.0
2019-02-10,California Baptist Lancers,70.0,home,0.0,0.0,True,10.0
2019-02-10,Kansas City Roos,60.0,away,0.0,0.0,False,-10.0
2019-02-10,Cal State Bakersfield Roadrunners,74.0,home,0.0,0.0,False,-5.0
2019-02-10,UT Rio Grande Valley Vaqueros,79.0,away,0.0,0.0,True,5.0
2019-02-10,Cal Poly Mustangs,68.0,home,0.0,0.0,False,-8.0
2019-02-10,Long Beach State Beach,76.0,away,0.0,0.0,True,8.0
2019-02-10,Portland Pilots,55.0,home,0.0,0.0,False,-17.0
2019-02-10,Loyola Marymount Lions,72.0,away,0.0,0.0,True,17.0
2019-02-10,San Francisco Dons,78.0,home,0.0,0.0,True,6.0
2019-02-10,Santa Clara Broncos,72.0,away,0.0,0.0,False,-6.0
2019-02-10,UC Santa Barbara Gauchos,57.0,home,0.0,0.0,False,-4.0
2019-02-10,UC Davis Aggies,61.0,away,0.0,0.0,True,4.0
2019-02-23,Yale Bulldogs,77.0,home,0.0,0.0,True,18.0
2019-02-23,Dartmouth Big Green,59.0,away,0.0,0.0,False,-18.0
2019-02-23,Monmouth Hawks,59.0,home,0.0,0.0,False,-1.0
2019-02-23,Canisius Golden Griffins,60.0,away,0.0,0.0,True,1.0
2019-02-23,Brown Bears,88.0,home,0.0,0.0,True,9.0
2019-02-23,Harvard Crimson,79.0,away,0.0,0.0,False,-9.0
2019-02-22,Ohio Bobcats,92.0,home,0.0,0.0,True,5.0
2019-02-22,Bowling Green Falcons,87.0,away,0.0,0.0,False,-5.0
2019-02-23,IU Indianapolis Jaguars,67.0,home,0.0,0.0,True,7.0
2019-02-23,Milwaukee Panthers,60.0,away,0.0,0.0,False,-7.0
2019-02-23,Rhode Island Rams,66.0,home,0.0,0.0,False,-9.0
2019-02-23,Davidson Wildcats,75.0,away,0.0,0.0,True,9.0
2019-02-23,UIC Flames,62.0,home,0.0,0.0,False,-1.0
2019-02-23,Green Bay Phoenix,63.0,away,0.0,0.0,True,1.0
2019-02-23,Marist Red Foxes,59.0,home,0.0,0.0,False,-6.0
2019-02-23,Saint Peter's Peacocks,65.0,away,0.0,0.0,True,6.0
2019-02-23,Princeton Tigers,68.0,home,0.0,0.0,True,9.0
2019-02-23,Cornell Big Red,59.0,away,0.0,0.0,False,-9.0
2019-02-23,Buffalo Bulls,80.0,home,0.0,0.0,True,23.0
2019-02-23,Kent State Golden Flashes,57.0,away,0.0,0.0,False,-23.0
2019-02-23,Pennsylvania Quakers,77.0,home,0.0,0.0,False,-2.0
2019-02-23,Columbia Lions,79.0,away,0.0,0.0,True,2.0
2019-02-23,Rider Broncs,97.0,home,0.0,0.0,True,16.0
2019-02-23,Niagara Purple Eagles,81.0,away,0.0,0.0,False,-16.0
2019-02-23,Manhattan Jaspers,52.0,home,0.0,0.0,False,-14.0
2019-02-23,Iona Gaels,66.0,away,0.0,0.0,True,14.0
2019-02-23,Iowa Hawkeyes,76.0,home,0.0,0.0,True,6.0
2019-02-23,Indiana Hoosiers,70.0,away,0.0,0.0,False,-6.0
2019-02-26,Texas Southern Tigers,92.0,home,0.0,0.0,True,12.0
2019-02-26,Mississippi Valley State Delta Devils,80.0,away,0.0,0.0,False,-12.0
2019-02-26,Florida State Seminoles,68.0,home,0.0,0.0,True,7.0
2019-02-26,Notre Dame Fighting Irish,61.0,away,0.0,0.0,False,-7.0
2019-02-26,North Carolina A&T Aggies,63.0,home,0.0,0.0,True,5.0
2019-02-26,Savannah State Tigers,58.0,away,0.0,0.0,False,-5.0
2019-02-26,Coppin State Eagles,60.0,home,0.0,0.0,False,-10.0
2019-02-26,Delaware State Hornets,70.0,away,0.0,0.0,True,10.0
2019-02-26,Morgan State Bears,69.0,home,0.0,0.0,False,-6.0
2019-02-26,Howard Bison,75.0,away,0.0,0.0,True,6.0
2019-02-26,Southern Jaguars,57.0,home,0.0,0.0,False,-3.0
2019-02-26,Alabama State Hornets,60.0,away,0.0,0.0,True,3.0
2019-02-26,Montana Grizzlies,72.0,home,0.0,0.0,False,-2.0
2019-02-26,Northern Colorado Bears,74.0,away,0.0,0.0,True,2.0
2019-02-26,Iowa State Cyclones,78.0,home,0.0,0.0,True,17.0
2019-02-26,Oklahoma Sooners,61.0,away,0.0,0.0,False,-17.0
2019-02-26,Lipscomb Bisons,81.0,home,0.0,0.0,True,4.0
2019-02-26,NJIT Highlanders,77.0,away,0.0,0.0,False,-4.0
2019-02-26,Prairie View A&M Panthers,48.0,home,0.0,0.0,True,4.0
2019-02-26,Arkansas-Pine Bluff Golden Lions,44.0,away,0.0,0.0,False,-4.0
2019-02-26,Kansas Jayhawks,64.0,home,0.0,0.0,True,15.0
2019-02-26,Kansas State Wildcats,49.0,away,0.0,0.0,False,-15.0
2019-02-26,North Carolina Central Eagles,72.0,home,0.0,0.0,True,10.0
2019-02-26,South Carolina State Bulldogs,62.0,away,0.0,0.0,False,-10.0
2019-02-26,Alcorn State Braves,61.0,home,0.0,0.0,True,6.0
2019-02-26,Alabama A&M Bulldogs,55.0,away,0.0,0.0,False,-6.0
2019-02-22,Gonzaga Bulldogs,92.0,home,0.0,0.0,True,28.0
2019-02-22,Pepperdine Waves,64.0,away,0.0,0.0,False,-28.0
2019-02-22,Wright State Raiders,87.0,home,0.0,0.0,True,26.0
2019-02-22,Cleveland State Vikings,61.0,away,0.0,0.0,False,-26.0
2019-02-22,Mercer Bears,65.0,home,0.0,0.0,True,3.0
2019-02-22,Samford Bulldogs,62.0,away,0.0,0.0,False,-3.0
2019-02-22,Fairleigh Dickinson Knights,81.0,home,0.0,0.0,True,18.0
2019-02-22,Sacred Heart Pioneers,63.0,away,0.0,0.0,False,-18.0
2019-02-22,UMBC Retrievers,65.0,home,0.0,0.0,True,9.0
2019-02-22,Vermont Catamounts,56.0,away,0.0,0.0,False,-9.0
2019-02-22,Saint Francis Red Flash,81.0,home,0.0,0.0,True,10.0
2019-02-22,St. Francis Brooklyn Terriers,71.0,away,0.0,0.0,False,-10.0
2019-02-22,App State Mountaineers,75.0,home,0.0,0.0,False,-5.0
2019-02-22,Georgia State Panthers,80.0,away,0.0,0.0,True,5.0
2019-02-22,Northern Kentucky Norse,76.0,home,0.0,0.0,True,7.0
2019-02-22,Youngstown State Penguins,69.0,away,0.0,0.0,False,-7.0
2019-02-22,The Citadel Bulldogs,65.0,home,0.0,0.0,False,-3.0
2019-02-22,Chattanooga Mocs,68.0,away,0.0,0.0,True,3.0
2019-02-22,UNC Greensboro Spartans,79.0,home,0.0,0.0,True,3.0
2019-02-22,Western Carolina Catamounts,76.0,away,0.0,0.0,False,-3.0
2019-02-22,Minnesota Golden Gophers,60.0,home,0.0,0.0,False,-9.0
2019-02-22,Michigan Wolverines,69.0,away,0.0,0.0,True,9.0
2019-02-22,Coastal Carolina Chanticleers,74.0,home,0.0,0.0,False,-5.0
2019-02-22,Georgia Southern Eagles,79.0,away,0.0,0.0,True,5.0
2019-02-21,Loyola Maryland Greyhounds,79.0,home,0.0,0.0,True,9.0
2019-02-21,Navy Midshipmen,70.0,away,0.0,0.0,False,-9.0
2019-02-22,VMI Keydets,70.0,home,0.0,0.0,False,-24.0
2019-02-22,East Tennessee State Buccaneers,94.0,away,0.0,0.0,True,24.0
2019-02-22,UNC Asheville Bulldogs,55.0,home,0.0,0.0,False,-10.0
2019-02-22,Gardner-Webb Runnin' Bulldogs,65.0,away,0.0,0.0,True,10.0
2019-02-22,Robert Morris Colonials,62.0,home,0.0,0.0,True,13.0
2019-02-22,Long Island University Sharks,49.0,away,0.0,0.0,False,-13.0
2019-02-22,Bryant Bulldogs,67.0,home,0.0,0.0,True,2.0
2019-02-22,Wagner Seahawks,65.0,away,0.0,0.0,False,-2.0
2019-02-22,Radford Highlanders,87.0,home,0.0,0.0,True,6.0
2019-02-22,Winthrop Eagles,81.0,away,0.0,0.0,False,-6.0
2019-02-22,Hampton Pirates,86.0,home,0.0,0.0,True,20.0
2019-02-22,Longwood Lancers,66.0,away,0.0,0.0,False,-20.0
2019-02-22,Central Connecticut Blue Devils,66.0,home,0.0,0.0,False,-13.0
2019-02-22,Mount St. Mary's Mountaineers,79.0,away,0.0,0.0,True,13.0
2019-02-22,Northeastern Huskies,76.0,home,0.0,0.0,True,16.0
2019-02-22,James Madison Dukes,60.0,away,0.0,0.0,False,-16.0
2019-02-22,Elon Phoenix,84.0,home,0.0,0.0,True,7.0
2019-02-22,UNC Wilmington Seahawks,77.0,away,0.0,0.0,False,-7.0
2019-02-22,William & Mary Tribe,86.0,home,0.0,0.0,True,2.0
2019-02-22,Charleston Cougars,84.0,away,0.0,0.0,False,-2.0
2019-02-22,New Hampshire Wildcats,50.0,home,0.0,0.0,False,-20.0
2019-02-22,Hartford Hawks,70.0,away,0.0,0.0,True,20.0
2019-02-22,Hofstra Pride,91.0,home,0.0,0.0,True,9.0
2019-02-22,Towson Tigers,82.0,away,0.0,0.0,False,-9.0
2019-02-22,UMass Lowell River Hawks,66.0,home,0.0,0.0,False,-15.0
2019-02-22,Binghamton Bearcats,81.0,away,0.0,0.0,True,15.0
2019-02-22,Stony Brook Seawolves,70.0,home,0.0,0.0,False,-4.0
2019-02-22,UAlbany Great Danes,74.0,away,0.0,0.0,True,4.0
2019-02-22,Charleston Southern Buccaneers,92.0,home,0.0,0.0,True,32.0
2019-02-22,South Carolina Upstate Spartans,60.0,away,0.0,0.0,False,-32.0
2019-02-22,Cincinnati Bearcats,60.0,home,0.0,0.0,True,5.0
2019-02-22,UCF Knights,55.0,away,0.0,0.0,False,-5.0
2019-02-22,Jacksonville State Gamecocks,65.0,home,0.0,0.0,True,1.0
2019-02-22,Morehead State Eagles,64.0,away,0.0,0.0,False,-1.0
2019-02-22,South Dakota State Jackrabbits,92.0,home,0.0,0.0,True,9.0
2019-02-22,Purdue Fort Wayne Mastodons,83.0,away,0.0,0.0,False,-9.0
2019-02-22,Austin Peay Governors,83.0,home,0.0,0.0,True,13.0
2019-02-22,Southeast Missouri State Redhawks,70.0,away,0.0,0.0,False,-13.0
2019-02-22,Murray State Racers,85.0,home,0.0,0.0,True,10.0
2019-02-22,UT Martin Skyhawks,75.0,away,0.0,0.0,False,-10.0
2019-02-22,Texas State Bobcats,60.0,home,0.0,0.0,False,-3.0
2019-02-22,UL Monroe Warhawks,63.0,away,0.0,0.0,True,3.0
2019-02-22,Tennessee Tech Golden Eagles,66.0,home,0.0,0.0,False,-1.0
2019-02-22,Eastern Kentucky Colonels,67.0,away,0.0,0.0,True,1.0
2019-02-22,Southern Utah Thunderbirds,76.0,home,0.0,0.0,True,14.0
2019-02-22,Eastern Washington Eagles,62.0,away,0.0,0.0,False,-14.0
2019-02-22,Belmont Bruins,99.0,home,0.0,0.0,True,41.0
2019-02-22,Eastern Illinois Panthers,58.0,away,0.0,0.0,False,-41.0
2019-02-22,Northern Arizona Lumberjacks,75.0,home,0.0,0.0,True,21.0
2019-02-22,Idaho Vandals,54.0,away,0.0,0.0,False,-21.0
2019-02-22,UT Arlington Mavericks,64.0,home,0.0,0.0,False,-12.0
2019-02-22,Louisiana Ragin' Cajuns,76.0,away,0.0,0.0,True,12.0
2019-02-22,Tennessee State Tigers,84.0,home,0.0,0.0,False,-1.0
2019-02-22,SIU Edwardsville Cougars,85.0,away,0.0,0.0,True,1.0
2019-02-22,Campbell Fighting Camels,61.0,home,0.0,0.0,True,13.0
2019-02-22,High Point Panthers,48.0,away,0.0,0.0,False,-13.0
2019-02-22,USC Trojans,66.0,home,0.0,0.0,True,17.0
2019-02-22,Oregon Ducks,49.0,away,0.0,0.0,False,-17.0
2019-02-22,Grand Canyon Lopes,91.0,home,0.0,0.0,True,33.0
2019-02-22,California Baptist Lancers,58.0,away,0.0,0.0,False,-33.0
2019-02-22,Utah Valley Wolverines,103.0,home,0.0,0.0,True,32.0
2019-02-22,Chicago State Cougars,71.0,away,0.0,0.0,False,-32.0
2019-02-22,BYU Cougars,71.0,home,0.0,0.0,False,-6.0
2019-02-22,San Francisco Dons,77.0,away,0.0,0.0,True,6.0
2019-02-22,Arizona Wildcats,76.0,home,0.0,0.0,True,25.0
2019-02-22,California Golden Bears,51.0,away,0.0,0.0,False,-25.0
2019-02-22,Cal State Fullerton Titans,62.0,home,0.0,0.0,True,4.0
2019-02-22,UC Davis Aggies,58.0,away,0.0,0.0,False,-4.0
2019-02-22,San Diego Toreros,63.0,home,0.0,0.0,True,11.0
2019-02-22,Portland Pilots,52.0,away,0.0,0.0,False,-11.0
2019-02-22,Seattle U Redhawks,69.0,home,0.0,0.0,True,5.0
2019-02-22,Kansas City Roos,64.0,away,0.0,0.0,False,-5.0
2019-02-22,UC Irvine Anteaters,74.0,home,0.0,0.0,True,27.0
2019-02-22,Cal Poly Mustangs,47.0,away,0.0,0.0,False,-27.0
2019-02-22,UC Santa Barbara Gauchos,79.0,home,0.0,0.0,True,18.0
2019-02-22,Hawai'i Rainbow Warriors,61.0,away,0.0,0.0,False,-18.0
2019-02-22,SMU Mustangs,77.0,home,0.0,0.0,True,18.0
2019-02-22,UConn Huskies,59.0,away,0.0,0.0,False,-18.0
2019-02-22,UCLA Bruins,68.0,home,0.0,0.0,True,1.0
2019-02-22,Oregon State Beavers,67.0,away,0.0,0.0,False,-1.0
2019-02-22,Pacific Tigers,32.0,home,0.0,0.0,False,-26.0
2019-02-22,Saint Mary's Gaels,58.0,away,0.0,0.0,True,26.0
2019-02-22,Portland State Vikings,99.0,home,0.0,0.0,True,6.0
2019-02-22,Idaho State Bengals,93.0,away,0.0,0.0,False,-6.0
2019-02-22,Sacramento State Hornets,78.0,home,0.0,0.0,True,2.0
2019-02-22,Weber State Wildcats,76.0,away,0.0,0.0,False,-2.0
2019-02-24,UCF Knights,95.0,home,0.0,0.0,True,47.0
2019-02-24,SMU Mustangs,48.0,away,0.0,0.0,False,-47.0
2019-02-24,Saint Peter's Peacocks,78.0,home,0.0,0.0,True,18.0
2019-02-24,Niagara Purple Eagles,60.0,away,0.0,0.0,False,-18.0
2019-02-24,Fairfield Stags,72.0,home,0.0,0.0,True,13.0
2019-02-24,Manhattan Jaspers,59.0,away,0.0,0.0,False,-13.0
2019-02-24,Army Black Knights,66.0,home,0.0,0.0,False,-11.0
2019-02-24,American University Eagles,77.0,away,0.0,0.0,True,11.0
2019-02-24,Monmouth Hawks,56.0,home,0.0,0.0,False,-12.0
2019-02-24,Quinnipiac Bobcats,68.0,away,0.0,0.0,True,12.0
2019-02-24,IU Indianapolis Jaguars,79.0,home,0.0,0.0,True,11.0
2019-02-24,Green Bay Phoenix,68.0,away,0.0,0.0,False,-11.0
2019-02-24,Siena Saints,67.0,home,0.0,0.0,True,12.0
2019-02-24,Marist Red Foxes,55.0,away,0.0,0.0,False,-12.0
2019-02-24,Southern Illinois Salukis,63.0,home,0.0,0.0,True,10.0
2019-02-24,Loyola Chicago Ramblers,53.0,away,0.0,0.0,False,-10.0
2019-02-24,Xavier Musketeers,66.0,home,0.0,0.0,True,12.0
2019-02-24,Villanova Wildcats,54.0,away,0.0,0.0,False,-12.0
2019-02-24,Iona Gaels,87.0,home,0.0,0.0,True,7.0
2019-02-24,Canisius Golden Griffins,80.0,away,0.0,0.0,False,-7.0
2019-02-24,Rutgers Scarlet Knights,68.0,home,0.0,0.0,True,4.0
2019-02-24,Minnesota Golden Gophers,64.0,away,0.0,0.0,False,-4.0
2019-02-24,Lehigh Mountain Hawks,71.0,home,0.0,0.0,False,-2.0
2019-02-24,Holy Cross Crusaders,73.0,away,0.0,0.0,True,2.0
2019-02-24,Illinois State Redbirds,67.0,home,0.0,0.0,True,7.0
2019-02-24,Drake Bulldogs,60.0,away,0.0,0.0,False,-7.0
2019-02-24,Bucknell Bison,118.0,home,0.0,0.0,True,42.0
2019-02-24,Lafayette Leopards,76.0,away,0.0,0.0,False,-42.0
2019-02-24,Michigan Wolverines,70.0,home,0.0,0.0,False,-7.0
2019-02-24,Michigan State Spartans,77.0,away,0.0,0.0,True,7.0
2019-02-24,NC State Wolfpack,94.0,home,0.0,0.0,True,20.0
2019-02-24,Wake Forest Demon Deacons,74.0,away,0.0,0.0,False,-20.0
2019-02-24,Arizona State Sun Devils,69.0,home,0.0,0.0,True,10.0
2019-02-24,California Golden Bears,59.0,away,0.0,0.0,False,-10.0
2019-02-24,UIC Flames,74.0,home,0.0,0.0,True,15.0
2019-02-24,Milwaukee Panthers,59.0,away,0.0,0.0,False,-15.0
2019-02-24,UNC Greensboro Spartans,60.0,home,0.0,0.0,True,1.0
2019-02-24,East Tennessee State Buccaneers,59.0,away,0.0,0.0,False,-1.0
2019-02-24,UConn Huskies,60.0,home,0.0,0.0,False,-4.0
2019-02-24,Cincinnati Bearcats,64.0,away,0.0,0.0,True,4.0
2019-02-25,Arizona Wildcats,70.0,home,0.0,0.0,True,16.0
2019-02-25,Stanford Cardinal,54.0,away,0.0,0.0,False,-16.0
2019-02-27,West Virginia Mountaineers,104.0,home,0.0,0.0,True,8.0
2019-02-27,TCU Horned Frogs,96.0,away,0.0,0.0,False,-8.0
2019-02-27,LSU Tigers,66.0,home,0.0,0.0,True,11.0
2019-02-27,Texas A&M Aggies,55.0,away,0.0,0.0,False,-11.0
2019-02-27,Indiana Hoosiers,75.0,home,0.0,0.0,True,2.0
2019-02-27,Wisconsin Badgers,73.0,away,0.0,0.0,False,-2.0
2019-02-27,Ohio State Buckeyes,90.0,home,0.0,0.0,True,20.0
2019-02-27,Iowa Hawkeyes,70.0,away,0.0,0.0,False,-20.0
2019-02-27,Bowling Green Falcons,69.0,home,0.0,0.0,False,-13.0
2019-02-27,Miami (OH) RedHawks,82.0,away,0.0,0.0,True,13.0
2019-02-27,Virginia Tech Hokies,77.0,home,0.0,0.0,True,5.0
2019-02-27,Duke Blue Devils,72.0,away,0.0,0.0,False,-5.0
2019-02-27,Eastern Michigan Eagles,66.0,home,0.0,0.0,False,-11.0
2019-02-27,Central Michigan Chippewas,77.0,away,0.0,0.0,True,11.0
2019-02-27,Buffalo Bulls,77.0,home,0.0,0.0,True,13.0
2019-02-27,Akron Zips,64.0,away,0.0,0.0,False,-13.0
2019-02-27,Wake Forest Demon Deacons,76.0,home,0.0,0.0,True,1.0
2019-02-27,Miami Hurricanes,75.0,away,0.0,0.0,False,-1.0
2019-02-27,North Carolina Tar Heels,93.0,home,0.0,0.0,True,8.0
2019-02-27,Syracuse Orange,85.0,away,0.0,0.0,False,-8.0
2019-02-27,Ball State Cardinals,72.0,home,0.0,0.0,False,-8.0
2019-02-27,Toledo Rockets,80.0,away,0.0,0.0,True,8.0
2019-02-27,Rhode Island Rams,80.0,home,0.0,0.0,True,27.0
2019-02-27,George Washington Revolutionaries,53.0,away,0.0,0.0,False,-27.0
2019-02-27,North Florida Ospreys,77.0,home,0.0,0.0,True,10.0
2019-02-27,Stetson Hatters,67.0,away,0.0,0.0,False,-10.0
2019-02-27,Massachusetts Minutemen,48.0,home,0.0,0.0,False,-24.0
2019-02-27,Dayton Flyers,72.0,away,0.0,0.0,True,24.0
2019-02-27,Butler Bulldogs,67.0,home,0.0,0.0,False,-6.0
2019-02-27,Providence Friars,73.0,away,0.0,0.0,True,6.0
2019-02-27,Kent State Golden Flashes,78.0,home,0.0,0.0,True,5.0
2019-02-27,Ohio Bobcats,73.0,away,0.0,0.0,False,-5.0
2019-02-27,South Carolina Gamecocks,62.0,home,0.0,0.0,False,-6.0
2019-02-27,Alabama Crimson Tide,68.0,away,0.0,0.0,True,6.0
2019-02-27,Kentucky Wildcats,70.0,home,0.0,0.0,True,4.0
2019-02-27,Arkansas Razorbacks,66.0,away,0.0,0.0,False,-4.0
2019-02-27,North Alabama Lions,69.0,home,0.0,0.0,True,14.0
2019-02-27,Jacksonville Dolphins,55.0,away,0.0,0.0,False,-14.0
2019-02-27,Mississippi State Bulldogs,68.0,home,0.0,0.0,True,19.0
2019-02-27,Missouri Tigers,49.0,away,0.0,0.0,False,-19.0
2019-02-27,Liberty Flames,76.0,home,0.0,0.0,True,17.0
2019-02-27,Kennesaw State Owls,59.0,away,0.0,0.0,False,-17.0
2019-02-27,VCU Rams,71.0,home,0.0,0.0,True,6.0
2019-02-27,Saint Louis Billikens,65.0,away,0.0,0.0,False,-6.0
2019-02-27,Utah State Aggies,70.0,home,0.0,0.0,True,16.0
2019-02-27,San Diego State Aztecs,54.0,away,0.0,0.0,False,-16.0
2019-02-27,Seattle U Redhawks,68.0,home,0.0,0.0,False,-9.0
2019-02-27,Utah Valley Wolverines,77.0,away,0.0,0.0,True,9.0
2019-02-27,Northern Illinois Huskies,70.0,home,0.0,0.0,True,5.0
2019-02-27,Western Michigan Broncos,65.0,away,0.0,0.0,False,-5.0
2019-02-27,Memphis Tigers,81.0,home,0.0,0.0,True,8.0
2019-02-27,Temple Owls,73.0,away,0.0,0.0,False,-8.0
2019-02-27,San José State Spartans,89.0,home,0.0,0.0,True,7.0
2019-02-27,New Mexico Lobos,82.0,away,0.0,0.0,False,-7.0
2019-03-02,Miami (OH) RedHawks,69.0,home,0.0,0.0,False,-8.0
2019-03-02,Buffalo Bulls,77.0,away,0.0,0.0,True,8.0
2019-03-02,Dartmouth Big Green,76.0,home,0.0,0.0,False,-1.0
2019-03-02,Princeton Tigers,77.0,away,0.0,0.0,True,1.0
2019-03-01,Bowling Green Falcons,77.0,home,0.0,0.0,True,5.0
2019-03-01,Kent State Golden Flashes,72.0,away,0.0,0.0,False,-5.0
2019-03-01,Brown Bears,77.0,home,0.0,0.0,False,-3.0
2019-03-01,Columbia Lions,80.0,away,0.0,0.0,True,3.0
2019-03-02,Harvard Crimson,59.0,home,0.0,0.0,True,6.0
2019-03-02,Pennsylvania Quakers,53.0,away,0.0,0.0,False,-6.0
2019-03-02,Fairfield Stags,59.0,home,0.0,0.0,True,15.0
2019-03-02,Marist Red Foxes,44.0,away,0.0,0.0,False,-15.0
2019-03-02,Kennesaw State Owls,83.0,home,0.0,0.0,True,1.0
2019-03-02,Stetson Hatters,82.0,away,0.0,0.0,False,-1.0
2019-03-02,Jacksonville Dolphins,74.0,home,0.0,0.0,False,-3.0
2019-03-02,Florida Gulf Coast Eagles,77.0,away,0.0,0.0,True,3.0
2019-03-02,Saint Peter's Peacocks,60.0,home,0.0,0.0,False,-17.0
2019-03-02,Quinnipiac Bobcats,77.0,away,0.0,0.0,True,17.0
2019-03-02,Yale Bulldogs,88.0,home,0.0,0.0,True,23.0
2019-03-02,Cornell Big Red,65.0,away,0.0,0.0,False,-23.0
2019-03-02,North Alabama Lions,75.0,home,0.0,0.0,False,-12.0
2019-03-02,Lipscomb Bisons,87.0,away,0.0,0.0,True,12.0
2019-03-02,Rider Broncs,79.0,home,0.0,0.0,False,-7.0
2019-03-02,Iona Gaels,86.0,away,0.0,0.0,True,7.0
2019-03-02,Canisius Golden Griffins,68.0,home,0.0,0.0,True,6.0
2019-03-02,Siena Saints,62.0,away,0.0,0.0,False,-6.0
2019-03-02,Dayton Flyers,70.0,home,0.0,0.0,False,-2.0
2019-03-02,Rhode Island Rams,72.0,away,0.0,0.0,True,2.0
2019-03-02,NJIT Highlanders,51.0,home,0.0,0.0,False,-6.0
2019-03-02,Liberty Flames,57.0,away,0.0,0.0,True,6.0
2019-03-02,Manhattan Jaspers,54.0,home,0.0,0.0,False,-8.0
2019-03-02,Monmouth Hawks,62.0,away,0.0,0.0,True,8.0
2019-03-05,TCU Horned Frogs,52.0,home,0.0,0.0,False,-12.0
2019-03-05,Kansas State Wildcats,64.0,away,0.0,0.0,True,12.0
2019-03-05,Lipscomb Bisons,86.0,home,0.0,0.0,True,15.0
2019-03-05,Kennesaw State Owls,71.0,away,0.0,0.0,False,-15.0
2019-03-05,North Florida Ospreys,76.0,home,0.0,0.0,True,10.0
2019-03-05,North Alabama Lions,66.0,away,0.0,0.0,False,-10.0
2019-03-05,Texas Tech Red Raiders,70.0,home,0.0,0.0,True,19.0
2019-03-05,Texas Longhorns,51.0,away,0.0,0.0,False,-19.0
2019-03-05,Syracuse Orange,53.0,home,0.0,0.0,False,-26.0
2019-03-05,Virginia Cavaliers,79.0,away,0.0,0.0,True,26.0
2019-03-05,Liberty Flames,72.0,home,0.0,0.0,True,14.0
2019-03-05,Jacksonville Dolphins,58.0,away,0.0,0.0,False,-14.0
2019-03-05,Mississippi Valley State Delta Devils,75.0,home,0.0,0.0,False,-2.0
2019-03-05,Grambling Tigers,77.0,away,0.0,0.0,True,2.0
2019-03-05,Arkansas-Pine Bluff Golden Lions,56.0,home,0.0,0.0,False,-1.0
2019-03-05,Jackson State Tigers,57.0,away,0.0,0.0,True,1.0
2019-03-05,Montana Grizzlies,66.0,home,0.0,0.0,True,2.0
2019-03-05,Northern Arizona Lumberjacks,64.0,away,0.0,0.0,False,-2.0
2019-03-05,Alabama State Hornets,69.0,home,0.0,0.0,False,-27.0
2019-03-05,Prairie View A&M Panthers,96.0,away,0.0,0.0,True,27.0
2019-03-05,Alabama A&M Bulldogs,61.0,home,0.0,0.0,False,-5.0
2019-03-05,Texas Southern Tigers,66.0,away,0.0,0.0,True,5.0
2019-03-05,Montana State Bobcats,90.0,home,0.0,0.0,True,7.0
2019-03-05,Southern Utah Thunderbirds,83.0,away,0.0,0.0,False,-7.0
2019-03-05,Idaho State Bengals,78.0,home,0.0,0.0,True,4.0
2019-03-05,Weber State Wildcats,74.0,away,0.0,0.0,False,-4.0
2019-03-05,Delaware State Hornets,66.0,home,0.0,0.0,False,-8.0
2019-03-05,Norfolk State Spartans,74.0,away,0.0,0.0,True,8.0
2019-03-05,Maryland Eastern Shore Hawks,78.0,home,0.0,0.0,True,5.0
2019-03-05,Morgan State Bears,73.0,away,0.0,0.0,False,-5.0
2019-03-05,Florida Gulf Coast Eagles,78.0,home,0.0,0.0,False,-5.0
2019-03-05,NJIT Highlanders,83.0,away,0.0,0.0,True,5.0
2019-02-17,Kentucky Wildcats,86.0,home,0.0,0.0,True,17.0
2019-02-17,Tennessee Volunteers,69.0,away,0.0,0.0,False,-17.0
2019-02-16,Purdue Boilermakers,76.0,home,0.0,0.0,True,12.0
2019-02-16,Penn State Nittany Lions,64.0,away,0.0,0.0,False,-12.0
2019-02-16,Georgia Bulldogs,79.0,home,0.0,0.0,False,-4.0
2019-02-16,LSU Tigers,83.0,away,0.0,0.0,True,4.0
2019-02-16,Rutgers Scarlet Knights,69.0,home,0.0,0.0,False,-2.0
2019-02-16,Iowa Hawkeyes,71.0,away,0.0,0.0,True,2.0
2019-02-16,Duquesne Dukes,85.0,home,0.0,0.0,True,16.0
2019-02-16,George Washington Revolutionaries,69.0,away,0.0,0.0,False,-16.0
2019-02-17,San Diego Toreros,67.0,home,0.0,0.0,False,-12.0
2019-02-17,Gonzaga Bulldogs,79.0,away,0.0,0.0,True,12.0
2019-02-16,Indiana State Sycamores,57.0,home,0.0,0.0,False,-22.0
2019-02-16,Southern Illinois Salukis,79.0,away,0.0,0.0,True,22.0
2019-02-16,Wake Forest Demon Deacons,57.0,home,0.0,0.0,False,-38.0
2019-02-16,North Carolina Tar Heels,95.0,away,0.0,0.0,True,38.0
2019-02-16,TCU Horned Frogs,62.0,home,0.0,0.0,False,-9.0
2019-02-16,Oklahoma Sooners,71.0,away,0.0,0.0,True,9.0
2019-02-16,Vanderbilt Commodores,53.0,home,0.0,0.0,False,-11.0
2019-02-16,Auburn Tigers,64.0,away,0.0,0.0,True,11.0
2019-02-16,Michigan Wolverines,65.0,home,0.0,0.0,True,13.0
2019-02-16,Maryland Terrapins,52.0,away,0.0,0.0,False,-13.0
2019-02-16,Kansas Jayhawks,78.0,home,0.0,0.0,True,25.0
2019-02-16,West Virginia Mountaineers,53.0,away,0.0,0.0,False,-25.0
2019-02-16,Duke Blue Devils,94.0,home,0.0,0.0,True,16.0
2019-02-16,NC State Wolfpack,78.0,away,0.0,0.0,False,-16.0
2019-02-16,Texas Tech Red Raiders,86.0,home,0.0,0.0,True,25.0
2019-02-16,Baylor Bears,61.0,away,0.0,0.0,False,-25.0
2019-02-16,Pittsburgh Panthers,64.0,home,0.0,0.0,False,-6.0
2019-02-16,Virginia Tech Hokies,70.0,away,0.0,0.0,True,6.0
2019-02-17,Wyoming Cowboys,49.0,home,0.0,0.0,False,-33.0
2019-02-17,Nevada Wolf Pack,82.0,away,0.0,0.0,True,33.0
2019-02-16,Georgia Tech Yellow Jackets,47.0,home,0.0,0.0,False,-22.0
2019-02-16,Florida State Seminoles,69.0,away,0.0,0.0,True,22.0
2019-02-16,Louisville Cardinals,56.0,home,0.0,0.0,True,1.0
2019-02-16,Clemson Tigers,55.0,away,0.0,0.0,False,-1.0
2019-02-16,Kansas State Wildcats,64.0,home,0.0,0.0,False,-14.0
2019-02-16,Iowa State Cyclones,78.0,away,0.0,0.0,True,14.0
2019-02-16,Virginia Cavaliers,60.0,home,0.0,0.0,True,6.0
2019-02-16,Notre Dame Fighting Irish,54.0,away,0.0,0.0,False,-6.0
2019-02-16,Green Bay Phoenix,82.0,home,0.0,0.0,True,9.0
2019-02-16,Detroit Mercy Titans,73.0,away,0.0,0.0,False,-9.0
2019-02-16,New Hampshire Wildcats,64.0,home,0.0,0.0,False,-2.0
2019-02-16,Stony Brook Seawolves,66.0,away,0.0,0.0,True,2.0
2019-02-16,Marshall Thundering Herd,98.0,home,0.0,0.0,True,5.0
2019-02-16,Middle Tennessee Blue Raiders,93.0,away,0.0,0.0,False,-5.0
2019-02-16,Holy Cross Crusaders,72.0,home,0.0,0.0,True,1.0
2019-02-16,Bucknell Bison,71.0,away,0.0,0.0,False,-1.0
2019-02-16,Florida International Panthers,69.0,home,0.0,0.0,True,10.0
2019-02-16,North Texas Mean Green,59.0,away,0.0,0.0,False,-10.0
2019-02-16,Long Island University Sharks,92.0,home,0.0,0.0,True,8.0
2019-02-16,Sacred Heart Pioneers,84.0,away,0.0,0.0,False,-8.0
2019-02-16,Ball State Cardinals,57.0,home,0.0,0.0,True,1.0
2019-02-16,Akron Zips,56.0,away,0.0,0.0,False,-1.0
2019-02-16,Providence Friars,61.0,home,0.0,0.0,False,-14.0
2019-02-16,Xavier Musketeers,75.0,away,0.0,0.0,True,14.0
2019-02-16,Old Dominion Monarchs,73.0,home,0.0,0.0,True,13.0
2019-02-16,Charlotte 49ers,60.0,away,0.0,0.0,False,-13.0
2019-02-16,Towson Tigers,92.0,home,0.0,0.0,True,15.0
2019-02-16,Drexel Dragons,77.0,away,0.0,0.0,False,-15.0
2019-02-16,Alabama Crimson Tide,53.0,home,0.0,0.0,False,-18.0
2019-02-16,Florida Gators,71.0,away,0.0,0.0,True,18.0
2019-02-16,UMBC Retrievers,70.0,home,0.0,0.0,True,4.0
2019-02-16,UMass Lowell River Hawks,66.0,away,0.0,0.0,False,-4.0
2019-02-16,App State Mountaineers,88.0,home,0.0,0.0,True,9.0
2019-02-16,Coastal Carolina Chanticleers,79.0,away,0.0,0.0,False,-9.0
2019-02-16,South Carolina Gamecocks,84.0,home,0.0,0.0,True,7.0
2019-02-16,Texas A&M Aggies,77.0,away,0.0,0.0,False,-7.0
2019-02-16,Western Michigan Broncos,84.0,home,0.0,0.0,True,5.0
2019-02-16,Miami (OH) RedHawks,79.0,away,0.0,0.0,False,-5.0
2019-02-16,Rhode Island Rams,63.0,home,0.0,0.0,False,-3.0
2019-02-16,Fordham Rams,66.0,away,0.0,0.0,True,3.0
2019-02-16,Western Carolina Catamounts,103.0,home,0.0,0.0,True,21.0
2019-02-16,The Citadel Bulldogs,82.0,away,0.0,0.0,False,-21.0
2019-02-16,Florida Atlantic Owls,60.0,home,0.0,0.0,True,19.0
2019-02-16,Rice Owls,41.0,away,0.0,0.0,False,-19.0
2019-02-16,Texas Longhorns,69.0,home,0.0,0.0,True,12.0
2019-02-16,Oklahoma State Cowboys,57.0,away,0.0,0.0,False,-12.0
2019-02-16,Minnesota Golden Gophers,84.0,home,0.0,0.0,True,21.0
2019-02-16,Indiana Hoosiers,63.0,away,0.0,0.0,False,-21.0
2019-02-16,Drake Bulldogs,84.0,home,0.0,0.0,True,5.0
2019-02-16,Valparaiso Beacons,79.0,away,0.0,0.0,False,-5.0
2019-02-16,SIU Edwardsville Cougars,69.0,home,0.0,0.0,False,-4.0
2019-02-16,UT Martin Skyhawks,73.0,away,0.0,0.0,True,4.0
2019-02-16,Ole Miss Rebels,75.0,home,0.0,0.0,True,10.0
2019-02-16,Missouri Tigers,65.0,away,0.0,0.0,False,-10.0
2019-02-16,Western Kentucky Hilltoppers,60.0,home,0.0,0.0,False,-8.0
2019-02-16,UAB Blazers,68.0,away,0.0,0.0,True,8.0
2019-02-16,Southern Miss Golden Eagles,77.0,home,0.0,0.0,True,30.0
2019-02-16,UTEP Miners,47.0,away,0.0,0.0,False,-30.0
2019-02-16,Navy Midshipmen,79.0,home,0.0,0.0,True,11.0
2019-02-16,Army Black Knights,68.0,away,0.0,0.0,False,-11.0
2019-02-16,Western Illinois Leathernecks,67.0,home,0.0,0.0,False,-13.0
2019-02-16,South Dakota Coyotes,80.0,away,0.0,0.0,True,13.0
2019-02-16,Air Force Falcons,62.0,home,0.0,0.0,False,-14.0
2019-02-16,Utah State Aggies,76.0,away,0.0,0.0,True,14.0
2019-02-16,Chicago State Cougars,59.0,home,0.0,0.0,False,-31.0
2019-02-16,Grand Canyon Lopes,90.0,away,0.0,0.0,True,31.0
2019-02-16,Louisiana Tech Bulldogs,72.0,home,0.0,0.0,True,5.0
2019-02-16,UTSA Roadrunners,67.0,away,0.0,0.0,False,-5.0
2019-02-16,Howard Bison,81.0,home,0.0,0.0,False,-4.0
2019-02-16,North Carolina A&T Aggies,85.0,away,0.0,0.0,True,4.0
2019-02-16,Mount St. Mary's Mountaineers,56.0,home,0.0,0.0,False,-2.0
2019-02-16,Wagner Seahawks,58.0,away,0.0,0.0,True,2.0
2019-02-16,Longwood Lancers,83.0,home,0.0,0.0,True,4.0
2019-02-16,South Carolina Upstate Spartans,79.0,away,0.0,0.0,False,-4.0
2019-02-16,Maryland Eastern Shore Hawks,55.0,home,0.0,0.0,False,-3.0
2019-02-16,Coppin State Eagles,58.0,away,0.0,0.0,True,3.0
2019-02-16,South Carolina State Bulldogs,73.0,home,0.0,0.0,False,-25.0
2019-02-16,Bethune-Cookman Wildcats,98.0,away,0.0,0.0,True,25.0
2019-02-16,Incarnate Word Cardinals,48.0,home,0.0,0.0,False,-20.0
2019-02-16,Abilene Christian Wildcats,68.0,away,0.0,0.0,True,20.0
2019-02-16,East Tennessee State Buccaneers,88.0,home,0.0,0.0,True,19.0
2019-02-16,Mercer Bears,69.0,away,0.0,0.0,False,-19.0
2019-02-16,St. Francis Brooklyn Terriers,90.0,home,0.0,0.0,True,11.0
2019-02-16,Central Connecticut Blue Devils,79.0,away,0.0,0.0,False,-11.0
2019-02-16,Little Rock Trojans,60.0,home,0.0,0.0,False,-7.0
2019-02-16,Texas State Bobcats,67.0,away,0.0,0.0,True,7.0
2019-02-16,American University Eagles,81.0,home,0.0,0.0,False,-2.0
2019-02-16,Colgate Raiders,83.0,away,0.0,0.0,True,2.0
2019-02-16,Stetson Hatters,67.0,home,0.0,0.0,True,12.0
2019-02-16,Florida Gulf Coast Eagles,55.0,away,0.0,0.0,False,-12.0
2019-02-16,Eastern Illinois Panthers,79.0,home,0.0,0.0,False,-9.0
2019-02-16,Southeast Missouri State Redhawks,88.0,away,0.0,0.0,True,9.0
2019-02-16,Loyola Marymount Lions,62.0,home,0.0,0.0,False,-8.0
2019-02-16,BYU Cougars,70.0,away,0.0,0.0,True,8.0
2019-02-16,Furman Paladins,96.0,home,0.0,0.0,True,34.0
2019-02-16,VMI Keydets,62.0,away,0.0,0.0,False,-34.0
2019-02-16,Charleston Cougars,88.0,home,0.0,0.0,True,9.0
2019-02-16,Northeastern Huskies,79.0,away,0.0,0.0,False,-9.0
2019-02-16,Boston University Terriers,79.0,home,0.0,0.0,False,-5.0
2019-02-16,Lehigh Mountain Hawks,84.0,away,0.0,0.0,True,5.0
2019-02-16,Morehead State Eagles,70.0,home,0.0,0.0,False,-3.0
2019-02-16,Austin Peay Governors,73.0,away,0.0,0.0,True,3.0
2019-02-16,NJIT Highlanders,63.0,home,0.0,0.0,False,-1.0
2019-02-16,North Florida Ospreys,64.0,away,0.0,0.0,True,1.0
2019-02-16,Northern Illinois Huskies,67.0,home,0.0,0.0,False,-20.0
2019-02-16,Bowling Green Falcons,87.0,away,0.0,0.0,True,20.0
2019-02-16,Dayton Flyers,68.0,home,0.0,0.0,False,-1.0
2019-02-16,VCU Rams,69.0,away,0.0,0.0,True,1.0
2019-02-16,Northwestern State Demons,87.0,home,0.0,0.0,True,15.0
2019-02-16,Stephen F. Austin Lumberjacks,72.0,away,0.0,0.0,False,-15.0
2019-02-16,Kennesaw State Owls,67.0,home,0.0,0.0,False,-16.0
2019-02-16,Lipscomb Bisons,83.0,away,0.0,0.0,True,16.0
2019-02-16,Fairleigh Dickinson Knights,97.0,home,0.0,0.0,True,13.0
2019-02-16,Bryant Bulldogs,84.0,away,0.0,0.0,False,-13.0
2019-02-16,Central Michigan Chippewas,87.0,home,0.0,0.0,True,7.0
2019-02-16,Ohio Bobcats,80.0,away,0.0,0.0,False,-7.0
2019-02-16,North Dakota State Bison,77.0,home,0.0,0.0,False,-1.0
2019-02-16,South Dakota State Jackrabbits,78.0,away,0.0,0.0,True,1.0
2019-02-16,North Alabama Lions,70.0,home,0.0,0.0,False,-10.0
2019-02-16,Liberty Flames,80.0,away,0.0,0.0,True,10.0
2019-02-16,Samford Bulldogs,80.0,home,0.0,0.0,True,4.0
2019-02-16,Chattanooga Mocs,76.0,away,0.0,0.0,False,-4.0
2019-02-16,SE Louisiana Lions,88.0,home,0.0,0.0,True,36.0
2019-02-16,McNeese Cowboys,52.0,away,0.0,0.0,False,-36.0
2019-02-16,Presbyterian Blue Hose,76.0,home,0.0,0.0,True,5.0
2019-02-16,Campbell Fighting Camels,71.0,away,0.0,0.0,False,-5.0
2019-02-16,San José State Spartans,64.0,home,0.0,0.0,False,-7.0
2019-02-16,UNLV Rebels,71.0,away,0.0,0.0,True,7.0
2019-02-16,Eastern Washington Eagles,88.0,home,0.0,0.0,True,10.0
2019-02-16,Northern Colorado Bears,78.0,away,0.0,0.0,False,-10.0
2019-02-16,Lamar Cardinals,75.0,home,0.0,0.0,True,3.0
2019-02-16,Sam Houston Bearkats,72.0,away,0.0,0.0,False,-3.0
2019-02-16,Charleston Southern Buccaneers,53.0,home,0.0,0.0,True,1.0
2019-02-16,Radford Highlanders,52.0,away,0.0,0.0,False,-1.0
2019-02-16,Savannah State Tigers,74.0,home,0.0,0.0,False,-4.0
2019-02-16,Florida A&M Rattlers,78.0,away,0.0,0.0,True,4.0
2019-02-16,Omaha Mavericks,74.0,home,0.0,0.0,True,3.0
2019-02-16,Purdue Fort Wayne Mastodons,71.0,away,0.0,0.0,False,-3.0
2019-02-16,Mississippi Valley State Delta Devils,76.0,home,0.0,0.0,True,8.0
2019-02-16,Alcorn State Braves,68.0,away,0.0,0.0,False,-8.0
2019-02-16,Youngstown State Penguins,81.0,home,0.0,0.0,True,8.0
2019-02-16,UIC Flames,73.0,away,0.0,0.0,False,-8.0
2019-02-16,New Orleans Privateers,68.0,home,0.0,0.0,True,10.0
2019-02-16,Texas A&M-Corpus Christi Islanders,58.0,away,0.0,0.0,False,-10.0
2019-02-16,Hartford Hawks,75.0,home,0.0,0.0,False,-2.0
2019-02-16,Vermont Catamounts,77.0,away,0.0,0.0,True,2.0
2019-02-16,Alabama State Hornets,68.0,home,0.0,0.0,True,6.0
2019-02-16,Alabama A&M Bulldogs,62.0,away,0.0,0.0,False,-6.0
2019-02-16,South Florida Bulls,69.0,home,0.0,0.0,False,-1.0
2019-02-16,Temple Owls,70.0,away,0.0,0.0,True,1.0
2019-02-16,Arkansas State Red Wolves,83.0,home,0.0,0.0,True,4.0
2019-02-16,UT Arlington Mavericks,79.0,away,0.0,0.0,False,-4.0
2019-02-16,Gardner-Webb Runnin' Bulldogs,64.0,home,0.0,0.0,True,4.0
2019-02-16,Winthrop Eagles,60.0,away,0.0,0.0,False,-4.0
2019-02-16,Hampton Pirates,81.0,home,0.0,0.0,False,-5.0
2019-02-16,High Point Panthers,86.0,away,0.0,0.0,True,5.0
2019-02-16,Saint Louis Billikens,62.0,home,0.0,0.0,True,13.0
2019-02-16,La Salle Explorers,49.0,away,0.0,0.0,False,-13.0
2019-02-16,Jackson State Tigers,66.0,home,0.0,0.0,False,-13.0
2019-02-16,Prairie View A&M Panthers,79.0,away,0.0,0.0,True,13.0
2019-02-16,UCF Knights,79.0,home,0.0,0.0,True,7.0
2019-02-16,Memphis Tigers,72.0,away,0.0,0.0,False,-7.0
2019-02-17,Eastern Kentucky Colonels,70.0,home,0.0,0.0,False,-32.0
2019-02-17,Murray State Racers,102.0,away,0.0,0.0,True,32.0
2019-02-16,Grambling Tigers,85.0,home,0.0,0.0,False,-1.0
2019-02-16,Texas Southern Tigers,86.0,away,0.0,0.0,True,1.0
2019-02-16,Norfolk State Spartans,75.0,home,0.0,0.0,True,4.0
2019-02-16,North Carolina Central Eagles,71.0,away,0.0,0.0,False,-4.0
2019-02-17,Milwaukee Panthers,73.0,home,0.0,0.0,False,-16.0
2019-02-17,Oakland Golden Grizzlies,89.0,away,0.0,0.0,True,16.0
2019-02-17,Pennsylvania Quakers,68.0,home,0.0,0.0,False,-7.0
2019-02-17,Harvard Crimson,75.0,away,0.0,0.0,True,7.0
2019-02-17,Columbia Lions,63.0,home,0.0,0.0,False,-2.0
2019-02-17,Brown Bears,65.0,away,0.0,0.0,True,2.0
2019-02-17,Wofford Terriers,80.0,home,0.0,0.0,True,30.0
2019-02-17,UNC Greensboro Spartans,50.0,away,0.0,0.0,False,-30.0
2019-02-17,Princeton Tigers,69.0,home,0.0,0.0,True,1.0
2019-02-17,Dartmouth Big Green,68.0,away,0.0,0.0,False,-1.0
2019-02-17,Elon Phoenix,74.0,home,0.0,0.0,False,-10.0
2019-02-17,William & Mary Tribe,84.0,away,0.0,0.0,True,10.0
2019-02-17,Cleveland State Vikings,89.0,home,0.0,0.0,True,3.0
2019-02-17,IU Indianapolis Jaguars,86.0,away,0.0,0.0,False,-3.0
2019-02-17,Houston Christian Huskies,88.0,home,0.0,0.0,True,6.0
2019-02-17,Nicholls Colonels,82.0,away,0.0,0.0,False,-6.0
2019-02-17,Kansas City Roos,75.0,home,0.0,0.0,True,8.0
2019-02-17,Cal State Bakersfield Roadrunners,67.0,away,0.0,0.0,False,-8.0
2019-02-17,Kent State Golden Flashes,71.0,home,0.0,0.0,True,13.0
2019-02-17,Eastern Michigan Eagles,58.0,away,0.0,0.0,False,-13.0
2019-02-17,New Mexico Lobos,73.0,home,0.0,0.0,False,-8.0
2019-02-17,Fresno State Bulldogs,81.0,away,0.0,0.0,True,8.0
2019-02-17,San Diego State Aztecs,71.0,home,0.0,0.0,True,6.0
2019-02-17,Boise State Broncos,65.0,away,0.0,0.0,False,-6.0
2019-02-17,Cornell Big Red,92.0,home,0.0,0.0,False,-6.0
2019-02-17,Yale Bulldogs,98.0,away,0.0,0.0,True,6.0
2019-02-17,Saint Francis Red Flash,72.0,home,0.0,0.0,True,3.0
2019-02-17,Robert Morris Colonials,69.0,away,0.0,0.0,False,-3.0
2019-02-17,UNC Wilmington Seahawks,87.0,home,0.0,0.0,True,8.0
2019-02-17,Hofstra Pride,79.0,away,0.0,0.0,False,-8.0
2019-02-17,Jacksonville State Gamecocks,84.0,home,0.0,0.0,True,19.0
2019-02-17,Tennessee State Tigers,65.0,away,0.0,0.0,False,-19.0
2019-02-17,Washington State Cougars,70.0,home,0.0,0.0,False,-2.0
2019-02-17,Washington Huskies,72.0,away,0.0,0.0,True,2.0
2019-02-17,Illinois State Redbirds,59.0,home,0.0,0.0,False,-6.0
2019-02-17,Bradley Braves,65.0,away,0.0,0.0,True,6.0
2019-02-17,Louisiana Ragin' Cajuns,83.0,home,0.0,0.0,True,7.0
2019-02-17,UL Monroe Warhawks,76.0,away,0.0,0.0,False,-7.0
2019-02-17,North Dakota Fighting Hawks,85.0,home,0.0,0.0,True,12.0
2019-02-17,Oral Roberts Golden Eagles,73.0,away,0.0,0.0,False,-12.0
2019-02-17,California Golden Bears,66.0,home,0.0,0.0,False,-23.0
2019-02-17,USC Trojans,89.0,away,0.0,0.0,True,23.0
2019-02-17,UT Rio Grande Valley Vaqueros,64.0,home,0.0,0.0,False,-12.0
2019-02-17,Utah Valley Wolverines,76.0,away,0.0,0.0,True,12.0
2019-02-17,Tennessee Tech Golden Eagles,65.0,home,0.0,0.0,False,-28.0
2019-02-17,Belmont Bruins,93.0,away,0.0,0.0,True,28.0
2019-02-17,Arkansas-Pine Bluff Golden Lions,61.0,home,0.0,0.0,True,16.0
2019-02-17,Southern Jaguars,45.0,away,0.0,0.0,False,-16.0
2019-02-17,Weber State Wildcats,94.0,home,0.0,0.0,True,12.0
2019-02-17,Montana State Bobcats,82.0,away,0.0,0.0,False,-12.0
2019-02-17,Arkansas Razorbacks,67.0,home,0.0,0.0,False,-10.0
2019-02-17,Mississippi State Bulldogs,77.0,away,0.0,0.0,True,10.0
2019-02-17,Nebraska Cornhuskers,59.0,home,0.0,0.0,True,9.0
2019-02-17,Northwestern Wildcats,50.0,away,0.0,0.0,False,-9.0
2019-02-17,Butler Bulldogs,91.0,home,0.0,0.0,True,13.0
2019-02-17,DePaul Blue Demons,78.0,away,0.0,0.0,False,-13.0
2019-02-17,James Madison Dukes,68.0,home,0.0,0.0,True,7.0
2019-02-17,Delaware Blue Hens,61.0,away,0.0,0.0,False,-7.0
2019-02-17,New Mexico State Aggies,59.0,home,0.0,0.0,True,6.0
2019-02-17,Seattle U Redhawks,53.0,away,0.0,0.0,False,-6.0
2019-02-17,Santa Clara Broncos,64.0,home,0.0,0.0,True,5.0
2019-02-17,Pacific Tigers,59.0,away,0.0,0.0,False,-5.0
2019-02-17,UC Davis Aggies,77.0,home,0.0,0.0,True,4.0
2019-02-17,Long Beach State Beach,73.0,away,0.0,0.0,False,-4.0
2019-02-17,Portland Pilots,63.0,home,0.0,0.0,False,-5.0
2019-02-17,San Francisco Dons,68.0,away,0.0,0.0,True,5.0
2019-02-17,Utah Utes,87.0,home,0.0,0.0,False,-11.0
2019-02-17,Arizona State Sun Devils,98.0,away,0.0,0.0,True,11.0
2019-02-17,Stanford Cardinal,104.0,home,0.0,0.0,True,24.0
2019-02-17,UCLA Bruins,80.0,away,0.0,0.0,False,-24.0
2019-02-17,Idaho State Bengals,68.0,home,0.0,0.0,False,-12.0
2019-02-17,Montana Grizzlies,80.0,away,0.0,0.0,True,12.0
2019-02-17,Cal State Northridge Matadors,71.0,home,0.0,0.0,False,-7.0
2019-02-17,Cal State Fullerton Titans,78.0,away,0.0,0.0,True,7.0
2019-02-17,Sacramento State Hornets,66.0,home,0.0,0.0,False,-12.0
2019-02-17,Northern Arizona Lumberjacks,78.0,away,0.0,0.0,True,12.0
2019-02-17,Oregon State Beavers,72.0,home,0.0,0.0,True,15.0
2019-02-17,Oregon Ducks,57.0,away,0.0,0.0,False,-15.0
2019-02-17,Portland State Vikings,78.0,home,0.0,0.0,True,9.0
2019-02-17,Southern Utah Thunderbirds,69.0,away,0.0,0.0,False,-9.0
2019-02-17,Saint Mary's Gaels,72.0,home,0.0,0.0,True,7.0
2019-02-17,Pepperdine Waves,65.0,away,0.0,0.0,False,-7.0
2019-02-17,Hawai'i Rainbow Warriors,87.0,home,0.0,0.0,True,23.0
2019-02-17,UC Riverside Highlanders,64.0,away,0.0,0.0,False,-23.0
2019-02-17,UC Irvine Anteaters,83.0,home,0.0,0.0,True,13.0
2019-02-17,UC Santa Barbara Gauchos,70.0,away,0.0,0.0,False,-13.0
2019-02-28,South Carolina Upstate Spartans,73.0,home,0.0,0.0,False,-12.0
2019-02-28,Campbell Fighting Camels,85.0,away,0.0,0.0,True,12.0
2019-02-28,Purdue Boilermakers,73.0,home,0.0,0.0,True,17.0
2019-02-28,Illinois Fighting Illini,56.0,away,0.0,0.0,False,-17.0
2019-02-28,Virginia Cavaliers,81.0,home,0.0,0.0,True,30.0
2019-02-28,Georgia Tech Yellow Jackets,51.0,away,0.0,0.0,False,-30.0
2019-02-28,Stony Brook Seawolves,78.0,home,0.0,0.0,True,15.0
2019-02-28,UMBC Retrievers,63.0,away,0.0,0.0,False,-15.0
2019-02-28,Evansville Purple Aces,91.0,home,0.0,0.0,False,-7.0
2019-02-28,Southern Illinois Salukis,98.0,away,0.0,0.0,True,7.0
2019-02-28,Army Black Knights,79.0,home,0.0,0.0,True,10.0
2019-02-28,Loyola Maryland Greyhounds,69.0,away,0.0,0.0,False,-10.0
2019-02-28,High Point Panthers,54.0,home,0.0,0.0,False,-18.0
2019-02-28,Radford Highlanders,72.0,away,0.0,0.0,True,18.0
2019-02-28,Lafayette Leopards,82.0,home,0.0,0.0,False,-2.0
2019-02-28,Boston University Terriers,84.0,away,0.0,0.0,True,2.0
2019-02-28,Illinois State Redbirds,65.0,home,0.0,0.0,True,8.0
2019-02-28,Missouri State Bears,57.0,away,0.0,0.0,False,-8.0
2019-02-28,Ole Miss Rebels,71.0,home,0.0,0.0,False,-2.0
2019-02-28,Tennessee Volunteers,73.0,away,0.0,0.0,True,2.0
2019-02-28,Villanova Wildcats,67.0,home,0.0,0.0,True,6.0
2019-02-28,Marquette Golden Eagles,61.0,away,0.0,0.0,False,-6.0
2019-02-28,East Carolina Pirates,65.0,home,0.0,0.0,False,-34.0
2019-02-28,Houston Cougars,99.0,away,0.0,0.0,True,34.0
2019-02-28,Nevada Wolf Pack,89.0,home,0.0,0.0,True,16.0
2019-02-28,UNLV Rebels,73.0,away,0.0,0.0,False,-16.0
2019-02-28,Texas Tech Red Raiders,84.0,home,0.0,0.0,True,4.0
2019-02-28,Oklahoma State Cowboys,80.0,away,0.0,0.0,False,-4.0
2019-02-27,Colgate Raiders,79.0,home,0.0,0.0,True,20.0
2019-02-27,Holy Cross Crusaders,59.0,away,0.0,0.0,False,-20.0
2019-02-28,Gardner-Webb Runnin' Bulldogs,78.0,home,0.0,0.0,True,8.0
2019-02-28,Presbyterian Blue Hose,70.0,away,0.0,0.0,False,-8.0
2019-02-27,Penn State Nittany Lions,78.0,home,0.0,0.0,True,17.0
2019-02-27,Maryland Terrapins,61.0,away,0.0,0.0,False,-17.0
2019-02-28,American University Eagles,66.0,home,0.0,0.0,False,-14.0
2019-02-28,Lehigh Mountain Hawks,80.0,away,0.0,0.0,True,14.0
2019-02-28,Navy Midshipmen,64.0,home,0.0,0.0,True,11.0
2019-02-28,Bucknell Bison,53.0,away,0.0,0.0,False,-11.0
2019-02-28,SMU Mustangs,49.0,home,0.0,0.0,False,-3.0
2019-02-28,Cincinnati Bearcats,52.0,away,0.0,0.0,True,3.0
2019-02-28,Georgetown Hoyas,82.0,home,0.0,0.0,True,9.0
2019-02-28,DePaul Blue Demons,73.0,away,0.0,0.0,False,-9.0
2019-02-28,UAlbany Great Danes,58.0,home,0.0,0.0,False,-4.0
2019-02-28,New Hampshire Wildcats,62.0,away,0.0,0.0,True,4.0
2019-02-28,Maine Black Bears,61.0,home,0.0,0.0,False,-9.0
2019-02-28,UMass Lowell River Hawks,70.0,away,0.0,0.0,True,9.0
2019-02-28,Binghamton Bearcats,76.0,home,0.0,0.0,False,-20.0
2019-02-28,Hartford Hawks,96.0,away,0.0,0.0,True,20.0
2019-02-28,La Salle Explorers,79.0,home,0.0,0.0,True,10.0
2019-02-28,Davidson Wildcats,69.0,away,0.0,0.0,False,-10.0
2019-02-28,South Florida Bulls,63.0,home,0.0,0.0,False,-12.0
2019-02-28,UCF Knights,75.0,away,0.0,0.0,True,12.0
2019-02-28,Pittsburgh Panthers,48.0,home,0.0,0.0,False,-14.0
2019-02-28,Clemson Tigers,62.0,away,0.0,0.0,True,14.0
2019-02-28,Northwestern State Demons,68.0,home,0.0,0.0,True,8.0
2019-02-28,Incarnate Word Cardinals,60.0,away,0.0,0.0,False,-8.0
2019-02-28,George Mason Patriots,77.0,home,0.0,0.0,True,14.0
2019-02-28,Richmond Spiders,63.0,away,0.0,0.0,False,-14.0
2019-02-28,Lamar Cardinals,110.0,home,0.0,0.0,True,35.0
2019-02-28,Houston Christian Huskies,75.0,away,0.0,0.0,False,-35.0
2019-02-28,Central Arkansas Bears,92.0,home,0.0,0.0,True,18.0
2019-02-28,Stephen F. Austin Lumberjacks,74.0,away,0.0,0.0,False,-18.0
2019-02-28,New Orleans Privateers,60.0,home,0.0,0.0,False,-11.0
2019-02-28,Sam Houston Bearkats,71.0,away,0.0,0.0,True,11.0
2019-02-28,St. Bonaventure Bonnies,68.0,home,0.0,0.0,True,21.0
2019-02-28,Duquesne Dukes,47.0,away,0.0,0.0,False,-21.0
2019-02-28,Drake Bulldogs,80.0,home,0.0,0.0,True,12.0
2019-02-28,Indiana State Sycamores,68.0,away,0.0,0.0,False,-12.0
2019-02-28,Bradley Braves,67.0,home,0.0,0.0,True,25.0
2019-02-28,Valparaiso Beacons,42.0,away,0.0,0.0,False,-25.0
2019-02-28,Nicholls Colonels,75.0,home,0.0,0.0,False,-9.0
2019-02-28,McNeese Cowboys,84.0,away,0.0,0.0,True,9.0
2019-02-28,Texas A&M-Corpus Christi Islanders,64.0,home,0.0,0.0,False,-9.0
2019-02-28,Abilene Christian Wildcats,73.0,away,0.0,0.0,True,9.0
2019-02-28,Charleston Southern Buccaneers,77.0,home,0.0,0.0,True,29.0
2019-02-28,UNC Asheville Bulldogs,48.0,away,0.0,0.0,False,-29.0
2019-02-28,Northern Iowa Panthers,55.0,home,0.0,0.0,False,-1.0
2019-02-28,Loyola Chicago Ramblers,56.0,away,0.0,0.0,True,1.0
2019-02-28,Canisius Golden Griffins,84.0,home,0.0,0.0,False,-2.0
2019-02-28,Niagara Purple Eagles,86.0,away,0.0,0.0,True,2.0
2019-02-28,Grand Canyon Lopes,95.0,home,0.0,0.0,True,31.0
2019-02-28,E. New Mexico Greyhounds,64.0,away,0.0,0.0,False,-31.0
2019-02-28,Boise State Broncos,62.0,home,0.0,0.0,False,-14.0
2019-02-28,Colorado State Rams,76.0,away,0.0,0.0,True,14.0
2019-02-28,Fordham Rams,52.0,home,0.0,0.0,False,-14.0
2019-02-28,Saint Joseph's Hawks,66.0,away,0.0,0.0,True,14.0
2019-02-28,Fresno State Bulldogs,71.0,home,0.0,0.0,True,11.0
2019-02-28,Wyoming Cowboys,60.0,away,0.0,0.0,False,-11.0
2019-02-28,Georgia Bulldogs,75.0,home,0.0,0.0,False,-3.0
2019-02-28,Auburn Tigers,78.0,away,0.0,0.0,True,3.0
2019-02-28,Cal State Northridge Matadors,70.0,home,0.0,0.0,True,2.0
2019-02-28,UC Riverside Highlanders,68.0,away,0.0,0.0,False,-2.0
2019-02-28,Vanderbilt Commodores,55.0,home,0.0,0.0,False,-16.0
2019-02-28,Florida Gators,71.0,away,0.0,0.0,True,16.0
2019-02-28,Baylor Bears,84.0,home,0.0,0.0,True,1.0
2019-02-28,Texas Longhorns,83.0,away,0.0,0.0,False,-1.0
2019-02-28,Boston College Eagles,66.0,home,0.0,0.0,True,7.0
2019-02-28,Louisville Cardinals,59.0,away,0.0,0.0,False,-7.0
2019-03-01,Georgia Southern Eagles,81.0,home,0.0,0.0,True,15.0
2019-03-01,Little Rock Trojans,66.0,away,0.0,0.0,False,-15.0
2019-03-01,Troy Trojans,44.0,home,0.0,0.0,False,-14.0
2019-03-01,Texas State Bobcats,58.0,away,0.0,0.0,True,14.0
2019-03-01,Long Island University Sharks,84.0,home,0.0,0.0,True,29.0
2019-03-01,Central Connecticut Blue Devils,55.0,away,0.0,0.0,False,-29.0
2019-03-01,Georgia State Panthers,76.0,home,0.0,0.0,True,16.0
2019-03-01,Arkansas State Red Wolves,60.0,away,0.0,0.0,False,-16.0
2019-03-01,Oakland Golden Grizzlies,86.0,home,0.0,0.0,True,14.0
2019-03-01,UIC Flames,72.0,away,0.0,0.0,False,-14.0
2019-03-01,Kansas City Roos,55.0,home,0.0,0.0,False,-20.0
2019-03-01,New Mexico State Aggies,75.0,away,0.0,0.0,True,20.0
2019-03-01,California Golden Bears,76.0,home,0.0,0.0,True,3.0
2019-03-01,Washington Huskies,73.0,away,0.0,0.0,False,-3.0
2019-03-01,St. Francis Brooklyn Terriers,74.0,home,0.0,0.0,True,8.0
2019-03-01,Bryant Bulldogs,66.0,away,0.0,0.0,False,-8.0
2019-03-01,Chattanooga Mocs,54.0,home,0.0,0.0,False,-26.0
2019-03-01,Wofford Terriers,80.0,away,0.0,0.0,True,26.0
2019-03-01,Michigan Wolverines,82.0,home,0.0,0.0,True,29.0
2019-03-01,Nebraska Cornhuskers,53.0,away,0.0,0.0,False,-29.0
2019-03-01,Wichita State Shockers,65.0,home,0.0,0.0,True,2.0
2019-03-01,UConn Huskies,63.0,away,0.0,0.0,False,-2.0
2019-03-01,Towson Tigers,65.0,home,0.0,0.0,False,-2.0
2019-03-01,William & Mary Tribe,67.0,away,0.0,0.0,True,2.0
2019-03-01,James Madison Dukes,58.0,home,0.0,0.0,False,-15.0
2019-03-01,Elon Phoenix,73.0,away,0.0,0.0,True,15.0
2019-02-28,Sacred Heart Pioneers,87.0,home,0.0,0.0,True,24.0
2019-02-28,Robert Morris Colonials,63.0,away,0.0,0.0,False,-24.0
2019-03-01,Hampton Pirates,90.0,home,0.0,0.0,True,15.0
2019-03-01,Winthrop Eagles,75.0,away,0.0,0.0,False,-15.0
2019-02-28,St. John's Red Storm,73.0,home,0.0,0.0,False,-11.0
2019-02-28,Xavier Musketeers,84.0,away,0.0,0.0,True,11.0
2019-02-28,Wagner Seahawks,72.0,home,0.0,0.0,False,-11.0
2019-02-28,Saint Francis Red Flash,83.0,away,0.0,0.0,True,11.0
2019-03-01,Mount St. Mary's Mountaineers,59.0,home,0.0,0.0,False,-6.0
2019-03-01,Fairleigh Dickinson Knights,65.0,away,0.0,0.0,True,6.0
2019-03-01,VMI Keydets,84.0,home,0.0,0.0,True,13.0
2019-03-01,Mercer Bears,71.0,away,0.0,0.0,False,-13.0
2019-03-01,The Citadel Bulldogs,96.0,home,0.0,0.0,False,-4.0
2019-03-01,UNC Greensboro Spartans,100.0,away,0.0,0.0,True,4.0
2019-03-01,Delaware Blue Hens,64.0,home,0.0,0.0,False,-11.0
2019-03-01,Northeastern Huskies,75.0,away,0.0,0.0,True,11.0
2019-03-01,Drexel Dragons,77.0,home,0.0,0.0,False,-3.0
2019-03-01,Hofstra Pride,80.0,away,0.0,0.0,True,3.0
2019-03-01,Louisiana Tech Bulldogs,79.0,home,0.0,0.0,False,-11.0
2019-03-01,Marshall Thundering Herd,90.0,away,0.0,0.0,True,11.0
2019-03-01,Samford Bulldogs,81.0,home,0.0,0.0,False,-9.0
2019-03-01,Furman Paladins,90.0,away,0.0,0.0,True,9.0
2019-03-01,Eastern Kentucky Colonels,82.0,home,0.0,0.0,True,2.0
2019-03-01,Austin Peay Governors,80.0,away,0.0,0.0,False,-2.0
2019-03-01,Detroit Mercy Titans,87.0,home,0.0,0.0,True,2.0
2019-03-01,IU Indianapolis Jaguars,85.0,away,0.0,0.0,False,-2.0
2019-03-01,Morehead State Eagles,52.0,home,0.0,0.0,False,-19.0
2019-03-01,Murray State Racers,71.0,away,0.0,0.0,True,19.0
2019-03-01,Green Bay Phoenix,70.0,home,0.0,0.0,True,3.0
2019-03-01,Wright State Raiders,67.0,away,0.0,0.0,False,-3.0
2019-03-01,Louisiana Ragin' Cajuns,83.0,home,0.0,0.0,True,13.0
2019-03-01,Coastal Carolina Chanticleers,70.0,away,0.0,0.0,False,-13.0
2019-03-01,Purdue Fort Wayne Mastodons,82.0,home,0.0,0.0,False,-6.0
2019-03-01,North Dakota Fighting Hawks,88.0,away,0.0,0.0,True,6.0
2019-03-01,Milwaukee Panthers,55.0,home,0.0,0.0,False,-10.0
2019-03-01,Northern Kentucky Norse,65.0,away,0.0,0.0,True,10.0
2019-03-01,UT Martin Skyhawks,67.0,home,0.0,0.0,False,-45.0
2019-03-01,Belmont Bruins,112.0,away,0.0,0.0,True,45.0
2019-03-01,Oral Roberts Golden Eagles,84.0,home,0.0,0.0,True,4.0
2019-03-01,Omaha Mavericks,80.0,away,0.0,0.0,False,-4.0
2019-03-01,Chicago State Cougars,77.0,home,0.0,0.0,False,-5.0
2019-03-01,UT Rio Grande Valley Vaqueros,82.0,away,0.0,0.0,True,5.0
2019-03-01,UAB Blazers,67.0,home,0.0,0.0,False,-6.0
2019-03-01,Western Kentucky Hilltoppers,73.0,away,0.0,0.0,True,6.0
2019-03-01,SIU Edwardsville Cougars,76.0,home,0.0,0.0,True,8.0
2019-03-01,Tennessee Tech Golden Eagles,68.0,away,0.0,0.0,False,-8.0
2019-03-01,North Texas Mean Green,54.0,home,0.0,0.0,False,-6.0
2019-03-01,Florida Atlantic Owls,60.0,away,0.0,0.0,True,6.0
2019-03-01,UL Monroe Warhawks,81.0,home,0.0,0.0,True,6.0
2019-03-01,App State Mountaineers,75.0,away,0.0,0.0,False,-6.0
2019-03-01,South Alabama Jaguars,57.0,home,0.0,0.0,False,-18.0
2019-03-01,UT Arlington Mavericks,75.0,away,0.0,0.0,True,18.0
2019-03-01,UTSA Roadrunners,64.0,home,0.0,0.0,False,-1.0
2019-03-01,Old Dominion Monarchs,65.0,away,0.0,0.0,True,1.0
2019-03-01,UCLA Bruins,93.0,home,0.0,0.0,True,5.0
2019-03-01,USC Trojans,88.0,away,0.0,0.0,False,-5.0
2019-03-01,Southeast Missouri State Redhawks,89.0,home,0.0,0.0,True,15.0
2019-03-01,Tennessee State Tigers,74.0,away,0.0,0.0,False,-15.0
2019-03-01,Northern Colorado Bears,85.0,home,0.0,0.0,True,24.0
2019-03-01,Weber State Wildcats,61.0,away,0.0,0.0,False,-24.0
2019-03-01,Eastern Washington Eagles,56.0,home,0.0,0.0,False,-3.0
2019-03-01,Sacramento State Hornets,59.0,away,0.0,0.0,True,3.0
2019-03-01,Northwestern Wildcats,50.0,home,0.0,0.0,False,-12.0
2019-03-01,Minnesota Golden Gophers,62.0,away,0.0,0.0,True,12.0
2019-03-01,Eastern Illinois Panthers,84.0,home,0.0,0.0,False,-5.0
2019-03-01,Jacksonville State Gamecocks,89.0,away,0.0,0.0,True,5.0
2019-03-01,Tulsa Golden Hurricane,72.0,home,0.0,0.0,True,8.0
2019-03-01,Tulane Green Wave,64.0,away,0.0,0.0,False,-8.0
2019-03-01,UC Santa Barbara Gauchos,64.0,home,0.0,0.0,False,-5.0
2019-03-01,Long Beach State Beach,69.0,away,0.0,0.0,True,5.0
2019-03-01,Denver Pioneers,74.0,home,0.0,0.0,True,28.0
2019-03-01,Western Illinois Leathernecks,46.0,away,0.0,0.0,False,-28.0
2019-03-01,Stanford Cardinal,98.0,home,0.0,0.0,True,48.0
2019-03-01,Washington State Cougars,50.0,away,0.0,0.0,False,-48.0
2019-03-01,South Dakota Coyotes,75.0,home,0.0,0.0,True,10.0
2019-03-01,North Dakota State Bison,65.0,away,0.0,0.0,False,-10.0
2019-03-01,Oregon State Beavers,72.0,home,0.0,0.0,False,-2.0
2019-03-01,Arizona Wildcats,74.0,away,0.0,0.0,True,2.0
2019-03-01,Idaho Vandals,65.0,home,0.0,0.0,False,-2.0
2019-03-01,Portland State Vikings,67.0,away,0.0,0.0,True,2.0
2019-03-01,California Baptist Lancers,65.0,home,0.0,0.0,False,-2.0
2019-03-01,Seattle U Redhawks,67.0,away,0.0,0.0,True,2.0
2019-03-01,Loyola Marymount Lions,72.0,home,0.0,0.0,True,2.0
2019-03-01,Santa Clara Broncos,70.0,away,0.0,0.0,False,-2.0
2019-03-01,San Francisco Dons,90.0,home,0.0,0.0,False,-1.0
2019-03-01,San Diego Toreros,91.0,away,0.0,0.0,True,1.0
2019-03-01,Oregon Ducks,79.0,home,0.0,0.0,True,28.0
2019-03-01,Arizona State Sun Devils,51.0,away,0.0,0.0,False,-28.0
2019-03-01,Cal State Fullerton Titans,86.0,home,0.0,0.0,True,11.0
2019-03-01,Cal Poly Mustangs,75.0,away,0.0,0.0,False,-11.0
2019-03-01,Saint Mary's Gaels,65.0,home,0.0,0.0,True,17.0
2019-03-01,Portland Pilots,48.0,away,0.0,0.0,False,-17.0
2019-03-01,UC Davis Aggies,48.0,home,0.0,0.0,False,-16.0
2019-03-01,UC Irvine Anteaters,64.0,away,0.0,0.0,True,16.0
2019-03-01,Pacific Tigers,66.0,home,0.0,0.0,False,-20.0
2019-03-01,Gonzaga Bulldogs,86.0,away,0.0,0.0,True,20.0
2019-03-03,Stanford Cardinal,61.0,home,0.0,0.0,False,-1.0
2019-03-03,Washington Huskies,62.0,away,0.0,0.0,True,1.0
2019-03-03,Florida International Panthers,83.0,home,0.0,0.0,True,7.0
2019-03-03,Louisiana Tech Bulldogs,76.0,away,0.0,0.0,False,-7.0
2019-03-03,Rice Owls,67.0,home,0.0,0.0,True,6.0
2019-03-03,Middle Tennessee Blue Raiders,61.0,away,0.0,0.0,False,-6.0
2019-03-03,Niagara Purple Eagles,65.0,home,0.0,0.0,False,-7.0
2019-03-03,Siena Saints,72.0,away,0.0,0.0,True,7.0
2019-03-03,DePaul Blue Demons,92.0,home,0.0,0.0,True,9.0
2019-03-03,St. John's Red Storm,83.0,away,0.0,0.0,False,-9.0
2019-03-03,Western Kentucky Hilltoppers,76.0,home,0.0,0.0,True,5.0
2019-03-03,Southern Miss Golden Eagles,71.0,away,0.0,0.0,False,-5.0
2019-03-03,Marquette Golden Eagles,60.0,home,0.0,0.0,False,-6.0
2019-03-03,Creighton Bluejays,66.0,away,0.0,0.0,True,6.0
2019-03-03,UConn Huskies,60.0,home,0.0,0.0,True,2.0
2019-03-03,South Florida Bulls,58.0,away,0.0,0.0,False,-2.0
2019-03-03,Saint Peter's Peacocks,62.0,home,0.0,0.0,True,10.0
2019-03-03,Fairfield Stags,52.0,away,0.0,0.0,False,-10.0
2019-03-03,Quinnipiac Bobcats,58.0,home,0.0,0.0,False,-4.0
2019-03-03,Manhattan Jaspers,62.0,away,0.0,0.0,True,4.0
2019-03-03,Maryland Terrapins,62.0,home,0.0,0.0,False,-7.0
2019-03-03,Michigan Wolverines,69.0,away,0.0,0.0,True,7.0
2019-03-03,Marist Red Foxes,64.0,home,0.0,0.0,False,-11.0
2019-03-03,Rider Broncs,75.0,away,0.0,0.0,True,11.0
2019-03-03,Louisville Cardinals,75.0,home,0.0,0.0,True,14.0
2019-03-03,Notre Dame Fighting Irish,61.0,away,0.0,0.0,False,-14.0
2019-03-03,Charlotte 49ers,68.0,home,0.0,0.0,True,10.0
2019-03-03,UTEP Miners,58.0,away,0.0,0.0,False,-10.0
2019-03-03,UTSA Roadrunners,76.0,home,0.0,0.0,True,6.0
2019-03-03,UAB Blazers,70.0,away,0.0,0.0,False,-6.0
2019-03-03,North Texas Mean Green,82.0,home,0.0,0.0,False,-3.0
2019-03-03,Marshall Thundering Herd,85.0,away,0.0,0.0,True,3.0
2019-03-03,SMU Mustangs,55.0,home,0.0,0.0,False,-12.0
2019-03-03,Wichita State Shockers,67.0,away,0.0,0.0,True,12.0
2019-03-03,Temple Owls,80.0,home,0.0,0.0,True,11.0
2019-03-03,Tulane Green Wave,69.0,away,0.0,0.0,False,-11.0
2019-03-03,Louisiana Ragin' Cajuns,80.0,home,0.0,0.0,False,-10.0
2019-03-03,App State Mountaineers,90.0,away,0.0,0.0,True,10.0
2019-03-03,Tulsa Golden Hurricane,91.0,home,0.0,0.0,True,13.0
2019-03-03,East Carolina Pirates,78.0,away,0.0,0.0,False,-13.0
2019-03-03,Georgia Tech Yellow Jackets,81.0,home,0.0,0.0,True,3.0
2019-03-03,Boston College Eagles,78.0,away,0.0,0.0,False,-3.0
2019-03-03,Illinois Fighting Illini,81.0,home,0.0,0.0,True,5.0
2019-03-03,Northwestern Wildcats,76.0,away,0.0,0.0,False,-5.0
2019-03-04,Oregon State Beavers,71.0,home,0.0,0.0,False,-3.0
2019-03-04,Arizona State Sun Devils,74.0,away,0.0,0.0,True,3.0
2019-03-06,Florida State Seminoles,73.0,home,0.0,0.0,True,9.0
2019-03-06,Virginia Tech Hokies,64.0,away,0.0,0.0,False,-9.0
2019-03-05,Butler Bulldogs,71.0,home,0.0,0.0,True,5.0
2019-03-05,Xavier Musketeers,66.0,away,0.0,0.0,False,-5.0
2019-03-06,Boston College Eagles,66.0,home,0.0,0.0,False,-13.0
2019-03-06,North Carolina Tar Heels,79.0,away,0.0,0.0,True,13.0
2019-03-06,Miami (OH) RedHawks,66.0,home,0.0,0.0,False,-9.0
2019-03-06,Kent State Golden Flashes,75.0,away,0.0,0.0,True,9.0
2019-03-06,Toledo Rockets,76.0,home,0.0,0.0,True,19.0
2019-03-06,Western Michigan Broncos,57.0,away,0.0,0.0,False,-19.0
2019-03-06,Tennessee Volunteers,71.0,home,0.0,0.0,True,17.0
2019-03-06,Mississippi State Bulldogs,54.0,away,0.0,0.0,False,-17.0
2019-03-06,Presbyterian Blue Hose,106.0,home,0.0,0.0,True,47.0
2019-03-06,UNC Asheville Bulldogs,59.0,away,0.0,0.0,False,-47.0
2019-03-06,Minnesota Golden Gophers,73.0,home,0.0,0.0,True,4.0
2019-03-06,Purdue Boilermakers,69.0,away,0.0,0.0,False,-4.0
2019-03-06,Ohio Bobcats,79.0,home,0.0,0.0,False,-3.0
2019-03-06,Buffalo Bulls,82.0,away,0.0,0.0,True,3.0
2019-03-06,Central Michigan Chippewas,86.0,home,0.0,0.0,False,-3.0
2019-03-06,Northern Illinois Huskies,89.0,away,0.0,0.0,True,3.0
2019-03-06,New Hampshire Wildcats,60.0,home,0.0,0.0,True,7.0
2019-03-06,Maine Black Bears,53.0,away,0.0,0.0,False,-7.0
2019-03-06,Ole Miss Rebels,76.0,home,0.0,0.0,False,-4.0
2019-03-06,Kentucky Wildcats,80.0,away,0.0,0.0,True,4.0
2019-03-06,Oklahoma Sooners,81.0,home,0.0,0.0,True,13.0
2019-03-06,Kansas Jayhawks,68.0,away,0.0,0.0,False,-13.0
2019-03-06,Boston University Terriers,71.0,home,0.0,0.0,True,8.0
2019-03-06,Loyola Maryland Greyhounds,63.0,away,0.0,0.0,False,-8.0
2019-03-06,Duke Blue Devils,71.0,home,0.0,0.0,True,1.0
2019-03-06,Wake Forest Demon Deacons,70.0,away,0.0,0.0,False,-1.0
2019-03-06,Michigan State Spartans,91.0,home,0.0,0.0,True,15.0
2019-03-06,Nebraska Cornhuskers,76.0,away,0.0,0.0,False,-15.0
2019-03-06,Lafayette Leopards,74.0,home,0.0,0.0,False,-5.0
2019-03-06,Holy Cross Crusaders,79.0,away,0.0,0.0,True,5.0
2019-03-06,Hampton Pirates,77.0,home,0.0,0.0,True,6.0
2019-03-06,Longwood Lancers,71.0,away,0.0,0.0,False,-6.0
2019-03-06,Charleston Southern Buccaneers,71.0,home,0.0,0.0,True,19.0
2019-03-06,South Carolina Upstate Spartans,52.0,away,0.0,0.0,False,-19.0
2019-03-06,Air Force Falcons,79.0,home,0.0,0.0,False,-11.0
2019-03-06,Nevada Wolf Pack,90.0,away,0.0,0.0,True,11.0
2019-03-06,Green Bay Phoenix,82.0,home,0.0,0.0,True,5.0
2019-03-06,UIC Flames,77.0,away,0.0,0.0,False,-5.0
2019-03-06,Saint Joseph's Hawks,85.0,home,0.0,0.0,False,-1.0
2019-03-06,Rhode Island Rams,86.0,away,0.0,0.0,True,1.0
2019-03-06,Miami Hurricanes,76.0,home,0.0,0.0,True,13.0
2019-03-06,Pittsburgh Panthers,63.0,away,0.0,0.0,False,-13.0
2019-03-06,George Mason Patriots,36.0,home,0.0,0.0,False,-35.0
2019-03-06,VCU Rams,71.0,away,0.0,0.0,True,35.0
2019-03-06,Akron Zips,91.0,home,0.0,0.0,True,24.0
2019-03-06,Bowling Green Falcons,67.0,away,0.0,0.0,False,-24.0
2019-03-06,Wright State Raiders,71.0,home,0.0,0.0,True,15.0
2019-03-06,IU Indianapolis Jaguars,56.0,away,0.0,0.0,False,-15.0
2019-03-06,Abilene Christian Wildcats,72.0,home,0.0,0.0,True,14.0
2019-03-06,Stephen F. Austin Lumberjacks,58.0,away,0.0,0.0,False,-14.0
2019-03-06,Texas A&M Aggies,54.0,home,0.0,0.0,False,-17.0
2019-03-06,South Carolina Gamecocks,71.0,away,0.0,0.0,True,17.0
2019-03-06,Hartford Hawks,63.0,home,0.0,0.0,False,-5.0
2019-03-06,Stony Brook Seawolves,68.0,away,0.0,0.0,True,5.0
2019-03-06,Eastern Michigan Eagles,68.0,home,0.0,0.0,True,7.0
2019-03-06,Ball State Cardinals,61.0,away,0.0,0.0,False,-7.0
2019-03-06,Vermont Catamounts,74.0,home,0.0,0.0,True,17.0
2019-03-06,UMass Lowell River Hawks,57.0,away,0.0,0.0,False,-17.0
2019-03-06,Binghamton Bearcats,58.0,home,0.0,0.0,False,-15.0
2019-03-06,UAlbany Great Danes,73.0,away,0.0,0.0,True,15.0
2019-03-06,Colorado State Rams,96.0,home,0.0,0.0,False,-4.0
2019-03-06,Utah State Aggies,100.0,away,0.0,0.0,True,4.0
2019-03-06,Alabama Crimson Tide,60.0,home,0.0,0.0,False,-6.0
2019-03-06,Auburn Tigers,66.0,away,0.0,0.0,True,6.0
2019-03-06,Wichita State Shockers,72.0,home,0.0,0.0,True,17.0
2019-03-06,East Carolina Pirates,55.0,away,0.0,0.0,False,-17.0
2019-02-23,Louisville Cardinals,52.0,home,0.0,0.0,False,-12.0
2019-02-23,Virginia Cavaliers,64.0,away,0.0,0.0,True,12.0
2019-02-23,LSU Tigers,82.0,home,0.0,0.0,True,2.0
2019-02-23,Tennessee Volunteers,80.0,away,0.0,0.0,False,-2.0
2019-02-23,Syracuse Orange,65.0,home,0.0,0.0,False,-10.0
2019-02-23,Duke Blue Devils,75.0,away,0.0,0.0,True,10.0
2019-02-23,Clemson Tigers,76.0,home,0.0,0.0,True,10.0
2019-02-23,Boston College Eagles,66.0,away,0.0,0.0,False,-10.0
2019-02-24,Texas Tech Red Raiders,91.0,home,0.0,0.0,True,29.0
2019-02-24,Kansas Jayhawks,62.0,away,0.0,0.0,False,-29.0
2019-02-23,Nebraska Cornhuskers,72.0,home,0.0,0.0,False,-3.0
2019-02-23,Purdue Boilermakers,75.0,away,0.0,0.0,True,3.0
2019-02-23,Oklahoma Sooners,69.0,home,0.0,0.0,True,2.0
2019-02-23,Texas Longhorns,67.0,away,0.0,0.0,False,-2.0
2019-02-24,Northwestern Wildcats,64.0,home,0.0,0.0,False,-5.0
2019-02-24,Wisconsin Badgers,69.0,away,0.0,0.0,True,5.0
2019-02-23,Notre Dame Fighting Irish,59.0,home,0.0,0.0,False,-8.0
2019-02-23,Virginia Tech Hokies,67.0,away,0.0,0.0,True,8.0
2019-02-23,Houston Cougars,71.0,home,0.0,0.0,True,12.0
2019-02-23,South Florida Bulls,59.0,away,0.0,0.0,False,-12.0
2019-02-23,Temple Owls,84.0,home,0.0,0.0,True,11.0
2019-02-23,Tulsa Golden Hurricane,73.0,away,0.0,0.0,False,-11.0
2019-02-23,Maryland Terrapins,72.0,home,0.0,0.0,True,10.0
2019-02-23,Ohio State Buckeyes,62.0,away,0.0,0.0,False,-10.0
2019-02-23,Kentucky Wildcats,80.0,home,0.0,0.0,True,27.0
2019-02-23,Auburn Tigers,53.0,away,0.0,0.0,False,-27.0
2019-02-23,TCU Horned Frogs,75.0,home,0.0,0.0,True,3.0
2019-02-23,Iowa State Cyclones,72.0,away,0.0,0.0,False,-3.0
2019-02-24,Gonzaga Bulldogs,102.0,home,0.0,0.0,True,34.0
2019-02-24,BYU Cougars,68.0,away,0.0,0.0,False,-34.0
2019-02-23,North Carolina Tar Heels,77.0,home,0.0,0.0,True,18.0
2019-02-23,Florida State Seminoles,59.0,away,0.0,0.0,False,-18.0
2019-02-23,Providence Friars,58.0,home,0.0,0.0,False,-18.0
2019-02-23,Marquette Golden Eagles,76.0,away,0.0,0.0,True,18.0
2019-02-23,Illinois Fighting Illini,76.0,home,0.0,0.0,False,-7.0
2019-02-23,Penn State Nittany Lions,83.0,away,0.0,0.0,True,7.0
2019-02-23,Kansas State Wildcats,85.0,home,0.0,0.0,True,39.0
2019-02-23,Oklahoma State Cowboys,46.0,away,0.0,0.0,False,-39.0
2019-02-24,Nevada Wolf Pack,74.0,home,0.0,0.0,True,6.0
2019-02-24,Fresno State Bulldogs,68.0,away,0.0,0.0,False,-6.0
2019-02-23,Northeastern Huskies,73.0,home,0.0,0.0,True,15.0
2019-02-23,Towson Tigers,58.0,away,0.0,0.0,False,-15.0
2019-02-23,Colgate Raiders,93.0,home,0.0,0.0,True,22.0
2019-02-23,Navy Midshipmen,71.0,away,0.0,0.0,False,-22.0
2019-02-23,The Citadel Bulldogs,87.0,home,0.0,0.0,True,4.0
2019-02-23,Samford Bulldogs,83.0,away,0.0,0.0,False,-4.0
2019-02-23,Bradley Braves,63.0,home,0.0,0.0,True,2.0
2019-02-23,Evansville Purple Aces,61.0,away,0.0,0.0,False,-2.0
2019-02-23,Ball State Cardinals,57.0,home,0.0,0.0,False,-7.0
2019-02-23,Central Michigan Chippewas,64.0,away,0.0,0.0,True,7.0
2019-02-23,Coastal Carolina Chanticleers,95.0,home,0.0,0.0,True,13.0
2019-02-23,Georgia State Panthers,82.0,away,0.0,0.0,False,-13.0
2019-02-23,Old Dominion Monarchs,67.0,home,0.0,0.0,True,4.0
2019-02-23,Western Kentucky Hilltoppers,63.0,away,0.0,0.0,False,-4.0
2019-02-23,Akron Zips,70.0,home,0.0,0.0,True,12.0
2019-02-23,Miami (OH) RedHawks,58.0,away,0.0,0.0,False,-12.0
2019-02-23,Massachusetts Minutemen,80.0,home,0.0,0.0,True,1.0
2019-02-23,Saint Joseph's Hawks,79.0,away,0.0,0.0,False,-1.0
2019-02-23,Colorado State Rams,83.0,home,0.0,0.0,True,35.0
2019-02-23,Wyoming Cowboys,48.0,away,0.0,0.0,False,-35.0
2019-02-23,App State Mountaineers,69.0,home,0.0,0.0,False,-23.0
2019-02-23,Georgia Southern Eagles,92.0,away,0.0,0.0,True,23.0
2019-02-23,Binghamton Bearcats,63.0,home,0.0,0.0,False,-6.0
2019-02-23,Vermont Catamounts,69.0,away,0.0,0.0,True,6.0
2019-02-23,Saint Francis Red Flash,66.0,home,0.0,0.0,False,-3.0
2019-02-23,Long Island University Sharks,69.0,away,0.0,0.0,True,3.0
2019-02-23,Winthrop Eagles,80.0,home,0.0,0.0,True,2.0
2019-02-23,Charleston Southern Buccaneers,78.0,away,0.0,0.0,False,-2.0
2019-02-23,VCU Rams,85.0,home,0.0,0.0,True,28.0
2019-02-23,George Washington Revolutionaries,57.0,away,0.0,0.0,False,-28.0
2019-02-23,Missouri State Bears,67.0,home,0.0,0.0,True,6.0
2019-02-23,Indiana State Sycamores,61.0,away,0.0,0.0,False,-6.0
2019-02-23,Eastern Michigan Eagles,77.0,home,0.0,0.0,True,1.0
2019-02-23,Western Michigan Broncos,76.0,away,0.0,0.0,False,-1.0
2019-02-23,Baylor Bears,82.0,home,0.0,0.0,True,7.0
2019-02-23,West Virginia Mountaineers,75.0,away,0.0,0.0,False,-7.0
2019-02-23,La Salle Explorers,75.0,home,0.0,0.0,False,-9.0
2019-02-23,Richmond Spiders,84.0,away,0.0,0.0,True,9.0
2019-02-23,Miami Hurricanes,80.0,home,0.0,0.0,True,15.0
2019-02-23,Georgia Tech Yellow Jackets,65.0,away,0.0,0.0,False,-15.0
2019-02-23,Southern Miss Golden Eagles,72.0,home,0.0,0.0,False,-4.0
2019-02-23,UAB Blazers,76.0,away,0.0,0.0,True,4.0
2019-02-23,Creighton Bluejays,82.0,home,0.0,0.0,True,13.0
2019-02-23,Georgetown Hoyas,69.0,away,0.0,0.0,False,-13.0
2019-02-23,Longwood Lancers,72.0,home,0.0,0.0,False,-2.0
2019-02-23,Campbell Fighting Camels,74.0,away,0.0,0.0,True,2.0
2019-02-23,Oakland Golden Grizzlies,95.0,home,0.0,0.0,True,20.0
2019-02-23,Detroit Mercy Titans,75.0,away,0.0,0.0,False,-20.0
2019-02-23,Wright State Raiders,82.0,home,0.0,0.0,True,28.0
2019-02-23,Youngstown State Penguins,54.0,away,0.0,0.0,False,-28.0
2019-02-23,Pacific Tigers,56.0,home,0.0,0.0,False,-7.0
2019-02-23,Loyola Marymount Lions,63.0,away,0.0,0.0,True,7.0
2019-02-23,Central Connecticut Blue Devils,66.0,home,0.0,0.0,False,-14.0
2019-02-23,Sacred Heart Pioneers,80.0,away,0.0,0.0,True,14.0
2019-02-23,Coppin State Eagles,73.0,home,0.0,0.0,False,-1.0
2019-02-23,Howard Bison,74.0,away,0.0,0.0,True,1.0
2019-02-23,North Carolina A&T Aggies,63.0,home,0.0,0.0,True,1.0
2019-02-23,South Carolina State Bulldogs,62.0,away,0.0,0.0,False,-1.0
2019-02-23,Air Force Falcons,82.0,home,0.0,0.0,True,14.0
2019-02-23,San José State Spartans,68.0,away,0.0,0.0,False,-14.0
2019-02-23,Delaware State Hornets,56.0,home,0.0,0.0,False,-6.0
2019-02-23,Maryland Eastern Shore Hawks,62.0,away,0.0,0.0,True,6.0
2019-02-23,UT Arlington Mavericks,91.0,home,0.0,0.0,True,5.0
2019-02-23,UL Monroe Warhawks,86.0,away,0.0,0.0,False,-5.0
2019-02-23,Furman Paladins,64.0,home,0.0,0.0,False,-8.0
2019-02-23,Wofford Terriers,72.0,away,0.0,0.0,True,8.0
2019-02-23,North Carolina Central Eagles,78.0,home,0.0,0.0,True,9.0
2019-02-23,Savannah State Tigers,69.0,away,0.0,0.0,False,-9.0
2019-02-23,Ole Miss Rebels,72.0,home,0.0,0.0,True,1.0
2019-02-23,Georgia Bulldogs,71.0,away,0.0,0.0,False,-1.0
2019-02-23,Florida Atlantic Owls,76.0,home,0.0,0.0,False,-3.0
2019-02-23,Florida International Panthers,79.0,away,0.0,0.0,True,3.0
2019-02-23,McNeese Cowboys,51.0,home,0.0,0.0,False,-9.0
2019-02-23,New Orleans Privateers,60.0,away,0.0,0.0,True,9.0
2019-02-23,North Dakota Fighting Hawks,81.0,home,0.0,0.0,True,18.0
2019-02-23,Denver Pioneers,63.0,away,0.0,0.0,False,-18.0
2019-02-23,Morgan State Bears,74.0,home,0.0,0.0,False,-1.0
2019-02-23,Norfolk State Spartans,75.0,away,0.0,0.0,True,1.0
2019-02-23,Boise State Broncos,71.0,home,0.0,0.0,False,-7.0
2019-02-23,Utah State Aggies,78.0,away,0.0,0.0,True,7.0
2019-02-23,Bryant Bulldogs,81.0,home,0.0,0.0,True,23.0
2019-02-23,Mount St. Mary's Mountaineers,58.0,away,0.0,0.0,False,-23.0
2019-02-23,Mercer Bears,74.0,home,0.0,0.0,True,5.0
2019-02-23,Chattanooga Mocs,69.0,away,0.0,0.0,False,-5.0
2019-02-23,Southern Utah Thunderbirds,85.0,home,0.0,0.0,True,9.0
2019-02-23,Idaho Vandals,76.0,away,0.0,0.0,False,-9.0
2019-02-23,Northern Arizona Lumberjacks,73.0,home,0.0,0.0,False,-13.0
2019-02-23,Eastern Washington Eagles,86.0,away,0.0,0.0,True,13.0
2019-02-23,Seattle U Redhawks,77.0,home,0.0,0.0,True,20.0
2019-02-23,Chicago State Cougars,57.0,away,0.0,0.0,False,-20.0
2019-02-23,George Mason Patriots,78.0,home,0.0,0.0,False,-1.0
2019-02-23,Duquesne Dukes,79.0,away,0.0,0.0,True,1.0
2019-02-23,Stetson Hatters,63.0,home,0.0,0.0,True,3.0
2019-02-23,North Alabama Lions,60.0,away,0.0,0.0,False,-3.0
2019-02-23,Florida Gators,64.0,home,0.0,0.0,True,4.0
2019-02-23,Missouri Tigers,60.0,away,0.0,0.0,False,-4.0
2019-02-23,Hofstra Pride,99.0,home,0.0,0.0,False,-5.0
2019-02-23,James Madison Dukes,104.0,away,0.0,0.0,True,5.0
2019-02-23,William & Mary Tribe,71.0,home,0.0,0.0,True,8.0
2019-02-23,UNC Wilmington Seahawks,63.0,away,0.0,0.0,False,-8.0
2019-02-23,Dayton Flyers,70.0,home,0.0,0.0,True,8.0
2019-02-23,Saint Louis Billikens,62.0,away,0.0,0.0,False,-8.0
2019-02-23,Abilene Christian Wildcats,66.0,home,0.0,0.0,False,-9.0
2019-02-23,SE Louisiana Lions,75.0,away,0.0,0.0,True,9.0
2019-02-23,Jacksonville State Gamecocks,104.0,home,0.0,0.0,True,3.0
2019-02-23,Eastern Kentucky Colonels,101.0,away,0.0,0.0,False,-3.0
2019-02-23,UNC Asheville Bulldogs,55.0,home,0.0,0.0,False,-16.0
2019-02-23,Presbyterian Blue Hose,71.0,away,0.0,0.0,True,16.0
2019-02-23,Nicholls Colonels,100.0,home,0.0,0.0,True,43.0
2019-02-23,Central Arkansas Bears,57.0,away,0.0,0.0,False,-43.0
2019-02-23,Austin Peay Governors,92.0,home,0.0,0.0,True,14.0
2019-02-23,UT Martin Skyhawks,78.0,away,0.0,0.0,False,-14.0
2019-02-23,Boston University Terriers,72.0,home,0.0,0.0,True,7.0
2019-02-23,Loyola Maryland Greyhounds,65.0,away,0.0,0.0,False,-7.0
2019-02-23,Fairleigh Dickinson Knights,74.0,home,0.0,0.0,True,8.0
2019-02-23,Wagner Seahawks,66.0,away,0.0,0.0,False,-8.0
2019-02-23,Texas A&M-Corpus Christi Islanders,58.0,home,0.0,0.0,False,-5.0
2019-02-23,Lamar Cardinals,63.0,away,0.0,0.0,True,5.0
2019-02-23,Fordham Rams,53.0,home,0.0,0.0,False,-21.0
2019-02-23,St. Bonaventure Bonnies,74.0,away,0.0,0.0,True,21.0
2019-02-23,North Dakota State Bison,50.0,home,0.0,0.0,False,-8.0
2019-02-23,Omaha Mavericks,58.0,away,0.0,0.0,True,8.0
2019-02-23,South Dakota State Jackrabbits,94.0,home,0.0,0.0,True,5.0
2019-02-23,South Dakota Coyotes,89.0,away,0.0,0.0,False,-5.0
2019-02-23,Radford Highlanders,71.0,home,0.0,0.0,False,-3.0
2019-02-23,Hampton Pirates,74.0,away,0.0,0.0,True,3.0
2019-02-23,Texas State Bobcats,64.0,home,0.0,0.0,True,2.0
2019-02-23,Louisiana Ragin' Cajuns,62.0,away,0.0,0.0,False,-2.0
2019-02-23,Arkansas State Red Wolves,72.0,home,0.0,0.0,True,7.0
2019-02-23,Little Rock Trojans,65.0,away,0.0,0.0,False,-7.0
2019-02-23,Stephen F. Austin Lumberjacks,81.0,home,0.0,0.0,True,27.0
2019-02-23,Incarnate Word Cardinals,54.0,away,0.0,0.0,False,-27.0
2019-02-23,North Florida Ospreys,75.0,home,0.0,0.0,True,5.0
2019-02-23,Liberty Flames,70.0,away,0.0,0.0,False,-5.0
2019-02-23,Belmont Bruins,97.0,home,0.0,0.0,True,22.0
2019-02-23,SIU Edwardsville Cougars,75.0,away,0.0,0.0,False,-22.0
2019-02-23,Brown Bears,68.0,home,0.0,0.0,True,3.0
2019-02-23,Dartmouth Big Green,65.0,away,0.0,0.0,False,-3.0
2019-02-23,Troy Trojans,52.0,home,0.0,0.0,False,-16.0
2019-02-23,South Alabama Jaguars,68.0,away,0.0,0.0,True,16.0
2019-02-23,Toledo Rockets,57.0,home,0.0,0.0,True,3.0
2019-02-23,Northern Illinois Huskies,54.0,away,0.0,0.0,False,-3.0
2019-02-23,Prairie View A&M Panthers,69.0,home,0.0,0.0,True,6.0
2019-02-23,Mississippi Valley State Delta Devils,63.0,away,0.0,0.0,False,-6.0
2019-02-23,Robert Morris Colonials,67.0,home,0.0,0.0,True,5.0
2019-02-23,St. Francis Brooklyn Terriers,62.0,away,0.0,0.0,False,-5.0
2019-02-23,UMass Lowell River Hawks,73.0,home,0.0,0.0,False,-2.0
2019-02-23,Hartford Hawks,75.0,away,0.0,0.0,True,2.0
2019-02-23,USC Trojans,62.0,home,0.0,0.0,False,-5.0
2019-02-23,Oregon State Beavers,67.0,away,0.0,0.0,True,5.0
2019-02-23,Middle Tennessee Blue Raiders,86.0,home,0.0,0.0,True,19.0
2019-02-23,Charlotte 49ers,67.0,away,0.0,0.0,False,-19.0
2019-02-23,Drexel Dragons,68.0,home,0.0,0.0,True,8.0
2019-02-23,Delaware Blue Hens,60.0,away,0.0,0.0,False,-8.0
2019-02-23,New Mexico State Aggies,88.0,home,0.0,0.0,True,9.0
2019-02-23,UT Rio Grande Valley Vaqueros,79.0,away,0.0,0.0,False,-9.0
2019-02-23,Mississippi State Bulldogs,76.0,home,0.0,0.0,True,15.0
2019-02-23,South Carolina Gamecocks,61.0,away,0.0,0.0,False,-15.0
2019-02-23,Jacksonville Dolphins,73.0,home,0.0,0.0,False,-4.0
2019-02-23,NJIT Highlanders,77.0,away,0.0,0.0,True,4.0
2019-02-23,Jackson State Tigers,71.0,home,0.0,0.0,True,11.0
2019-02-23,Grambling Tigers,60.0,away,0.0,0.0,False,-11.0
2019-02-24,Northern Kentucky Norse,77.0,home,0.0,0.0,False,-6.0
2019-02-24,Cleveland State Vikings,83.0,away,0.0,0.0,True,6.0
2019-02-23,Alabama Crimson Tide,68.0,home,0.0,0.0,True,7.0
2019-02-23,Vanderbilt Commodores,61.0,away,0.0,0.0,False,-7.0
2019-02-23,Alcorn State Braves,74.0,home,0.0,0.0,True,5.0
2019-02-23,Alabama State Hornets,69.0,away,0.0,0.0,False,-5.0
2019-02-24,Pennsylvania Quakers,68.0,home,0.0,0.0,True,18.0
2019-02-24,Cornell Big Red,50.0,away,0.0,0.0,False,-18.0
2019-02-24,High Point Panthers,87.0,home,0.0,0.0,True,8.0
2019-02-24,Gardner-Webb Runnin' Bulldogs,79.0,away,0.0,0.0,False,-8.0
2019-02-24,Yale Bulldogs,86.0,home,0.0,0.0,False,-2.0
2019-02-24,Harvard Crimson,88.0,away,0.0,0.0,True,2.0
2019-02-24,Florida Gulf Coast Eagles,78.0,home,0.0,0.0,True,22.0
2019-02-24,Kennesaw State Owls,56.0,away,0.0,0.0,False,-22.0
2019-02-24,Murray State Racers,103.0,home,0.0,0.0,True,36.0
2019-02-24,Southeast Missouri State Redhawks,67.0,away,0.0,0.0,False,-36.0
2019-02-24,Louisiana Tech Bulldogs,66.0,home,0.0,0.0,True,13.0
2019-02-24,North Texas Mean Green,53.0,away,0.0,0.0,False,-13.0
2019-02-24,Elon Phoenix,74.0,home,0.0,0.0,False,-10.0
2019-02-24,Charleston Cougars,84.0,away,0.0,0.0,True,10.0
2019-02-24,UC Riverside Highlanders,67.0,home,0.0,0.0,False,-4.0
2019-02-24,Long Beach State Beach,71.0,away,0.0,0.0,True,4.0
2019-02-24,Princeton Tigers,79.0,home,0.0,0.0,True,18.0
2019-02-24,Columbia Lions,61.0,away,0.0,0.0,False,-18.0
2019-02-24,Western Illinois Leathernecks,75.0,home,0.0,0.0,True,9.0
2019-02-24,Oral Roberts Golden Eagles,66.0,away,0.0,0.0,False,-9.0
2019-02-24,Western Carolina Catamounts,78.0,home,0.0,0.0,False,-5.0
2019-02-24,VMI Keydets,83.0,away,0.0,0.0,True,5.0
2019-02-24,Stony Brook Seawolves,81.0,home,0.0,0.0,True,28.0
2019-02-24,Maine Black Bears,53.0,away,0.0,0.0,False,-28.0
2019-02-24,Washington State Cougars,79.0,home,0.0,0.0,False,-13.0
2019-02-24,Utah Utes,92.0,away,0.0,0.0,True,13.0
2019-02-24,Northern Iowa Panthers,64.0,home,0.0,0.0,True,11.0
2019-02-24,Valparaiso Beacons,53.0,away,0.0,0.0,False,-11.0
2019-02-24,Sam Houston Bearkats,119.0,home,0.0,0.0,True,6.0
2019-02-24,Houston Christian Huskies,113.0,away,0.0,0.0,False,-6.0
2019-02-24,UAlbany Great Danes,84.0,home,0.0,0.0,True,9.0
2019-02-24,UMBC Retrievers,75.0,away,0.0,0.0,False,-9.0
2019-02-24,Wichita State Shockers,85.0,home,0.0,0.0,False,-3.0
2019-02-24,Memphis Tigers,88.0,away,0.0,0.0,True,3.0
2019-02-24,Tulane Green Wave,81.0,home,0.0,0.0,False,-4.0
2019-02-24,East Carolina Pirates,85.0,away,0.0,0.0,True,4.0
2019-02-24,Pepperdine Waves,86.0,home,0.0,0.0,True,6.0
2019-02-24,Portland Pilots,80.0,away,0.0,0.0,False,-6.0
2019-02-24,Tennessee Tech Golden Eagles,63.0,home,0.0,0.0,False,-3.0
2019-02-24,Morehead State Eagles,66.0,away,0.0,0.0,True,3.0
2019-02-24,Southern Jaguars,59.0,home,0.0,0.0,True,10.0
2019-02-24,Alabama A&M Bulldogs,49.0,away,0.0,0.0,False,-10.0
2019-02-24,Texas Southern Tigers,94.0,home,0.0,0.0,True,20.0
2019-02-24,Arkansas-Pine Bluff Golden Lions,74.0,away,0.0,0.0,False,-20.0
2019-02-24,St. John's Red Storm,78.0,home,0.0,0.0,True,8.0
2019-02-24,Seton Hall Pirates,70.0,away,0.0,0.0,False,-8.0
2019-02-24,Tennessee State Tigers,75.0,home,0.0,0.0,True,15.0
2019-02-24,Eastern Illinois Panthers,60.0,away,0.0,0.0,False,-15.0
2019-02-24,Arkansas Razorbacks,80.0,home,0.0,0.0,False,-7.0
2019-02-24,Texas A&M Aggies,87.0,away,0.0,0.0,True,7.0
2019-02-24,Utah Valley Wolverines,79.0,home,0.0,0.0,True,12.0
2019-02-24,Kansas City Roos,67.0,away,0.0,0.0,False,-12.0
2019-02-24,UTEP Miners,81.0,home,0.0,0.0,False,-4.0
2019-02-24,Rice Owls,85.0,away,0.0,0.0,True,4.0
2019-02-24,Montana Grizzlies,89.0,home,0.0,0.0,True,6.0
2019-02-24,Montana State Bobcats,83.0,away,0.0,0.0,False,-6.0
2019-02-24,Cal State Bakersfield Roadrunners,58.0,home,0.0,0.0,False,-14.0
2019-02-24,California Baptist Lancers,72.0,away,0.0,0.0,True,14.0
2019-02-24,UNLV Rebels,59.0,home,0.0,0.0,False,-1.0
2019-02-24,San Diego State Aztecs,60.0,away,0.0,0.0,True,1.0
2019-02-24,UC Santa Barbara Gauchos,82.0,home,0.0,0.0,True,15.0
2019-02-24,Cal State Fullerton Titans,67.0,away,0.0,0.0,False,-15.0
2019-02-24,UCLA Bruins,90.0,home,0.0,0.0,True,7.0
2019-02-24,Oregon Ducks,83.0,away,0.0,0.0,False,-7.0
2019-02-24,San Diego Toreros,46.0,home,0.0,0.0,False,-20.0
2019-02-24,Saint Mary's Gaels,66.0,away,0.0,0.0,True,20.0
2019-02-24,Cal State Northridge Matadors,81.0,home,0.0,0.0,True,5.0
2019-02-24,UC Davis Aggies,76.0,away,0.0,0.0,False,-5.0
2019-02-24,Cal Poly Mustangs,88.0,home,0.0,0.0,True,8.0
2019-02-24,Hawai'i Rainbow Warriors,80.0,away,0.0,0.0,False,-8.0
2019-02-24,Portland State Vikings,65.0,home,0.0,0.0,True,8.0
2019-02-24,Sacramento State Hornets,57.0,away,0.0,0.0,False,-8.0
2019-02-24,Washington Huskies,64.0,home,0.0,0.0,True,9.0
2019-02-24,Colorado Buffaloes,55.0,away,0.0,0.0,False,-9.0
2019-02-23,Florida A&M Rattlers,54.0,home,0.0,0.0,False,-13.0
2019-02-23,Bethune-Cookman Wildcats,67.0,away,0.0,0.0,True,13.0
2019-02-24,Santa Clara Broncos,68.0,home,0.0,0.0,True,3.0
2019-02-24,San Francisco Dons,65.0,away,0.0,0.0,False,-3.0
2019-03-08,Missouri State Bears,58.0,home,0.0,0.0,False,-3.0
2019-03-08,Bradley Braves,61.0,away,0.0,0.0,True,3.0
2019-03-09,Virginia Tech Hokies,84.0,home,0.0,0.0,True,14.0
2019-03-09,Miami Hurricanes,70.0,away,0.0,0.0,False,-14.0
2019-03-08,Radford Highlanders,63.0,home,0.0,0.0,True,9.0
2019-03-08,Charleston Southern Buccaneers,54.0,away,0.0,0.0,False,-9.0
2019-03-09,Ohio Bobcats,66.0,home,0.0,0.0,True,9.0
2019-03-09,Miami (OH) RedHawks,57.0,away,0.0,0.0,False,-9.0
2019-03-09,Pennsylvania Quakers,77.0,home,0.0,0.0,True,11.0
2019-03-09,Yale Bulldogs,66.0,away,0.0,0.0,False,-11.0
2019-03-09,Cornell Big Red,72.0,home,0.0,0.0,True,13.0
2019-03-09,Harvard Crimson,59.0,away,0.0,0.0,False,-13.0
2019-03-08,Princeton Tigers,63.0,home,0.0,0.0,False,-4.0
2019-03-08,Brown Bears,67.0,away,0.0,0.0,True,4.0
2019-03-09,Campbell Fighting Camels,74.0,home,0.0,0.0,False,-5.0
2019-03-09,Gardner-Webb Runnin' Bulldogs,79.0,away,0.0,0.0,True,5.0
2019-03-09,Samford Bulldogs,100.0,home,0.0,0.0,True,29.0
2019-03-09,The Citadel Bulldogs,71.0,away,0.0,0.0,False,-29.0
2019-03-09,Maryland Terrapins,69.0,home,0.0,0.0,True,9.0
2019-03-09,Minnesota Golden Gophers,60.0,away,0.0,0.0,False,-9.0
2019-03-08,Loyola Chicago Ramblers,67.0,home,0.0,0.0,True,13.0
2019-03-08,Valparaiso Beacons,54.0,away,0.0,0.0,False,-13.0
2019-03-09,Drake Bulldogs,78.0,home,0.0,0.0,True,16.0
2019-03-09,Illinois State Redbirds,62.0,away,0.0,0.0,False,-16.0
2019-03-08,Buffalo Bulls,84.0,home,0.0,0.0,True,11.0
2019-03-08,Bowling Green Falcons,73.0,away,0.0,0.0,False,-11.0
2019-03-09,Toledo Rockets,64.0,home,0.0,0.0,True,6.0
2019-03-09,Eastern Michigan Eagles,58.0,away,0.0,0.0,False,-6.0
2019-03-08,VMI Keydets,96.0,home,0.0,0.0,True,13.0
2019-03-08,Western Carolina Catamounts,83.0,away,0.0,0.0,False,-13.0
2019-03-08,Kent State Golden Flashes,68.0,home,0.0,0.0,True,3.0
2019-03-08,Akron Zips,65.0,away,0.0,0.0,False,-3.0
2019-03-09,Iona Gaels,73.0,home,0.0,0.0,True,2.0
2019-03-09,Saint Peter's Peacocks,71.0,away,0.0,0.0,False,-2.0
2019-03-09,Ball State Cardinals,57.0,home,0.0,0.0,False,-7.0
2019-03-09,Northern Illinois Huskies,64.0,away,0.0,0.0,True,7.0
2019-03-09,Columbia Lions,70.0,home,0.0,0.0,True,4.0
2019-03-09,Dartmouth Big Green,66.0,away,0.0,0.0,False,-4.0
2019-03-09,Western Michigan Broncos,75.0,home,0.0,0.0,False,-7.0
2019-03-09,Central Michigan Chippewas,82.0,away,0.0,0.0,True,7.0
2019-03-09,Canisius Golden Griffins,69.0,home,0.0,0.0,True,4.0
2019-03-09,Manhattan Jaspers,65.0,away,0.0,0.0,False,-4.0
2019-03-09,Southern Illinois Salukis,58.0,home,0.0,0.0,False,-3.0
2019-03-09,Northern Iowa Panthers,61.0,away,0.0,0.0,True,3.0
2019-03-09,Belmont Bruins,83.0,home,0.0,0.0,True,16.0
2019-03-09,Austin Peay Governors,67.0,away,0.0,0.0,False,-16.0
2019-03-09,Loyola Marymount Lions,65.0,home,0.0,0.0,False,-3.0
2019-03-09,Pepperdine Waves,68.0,away,0.0,0.0,True,3.0
2019-03-09,Murray State Racers,76.0,home,0.0,0.0,True,2.0
2019-03-09,Jacksonville State Gamecocks,74.0,away,0.0,0.0,False,-2.0
2019-03-09,Santa Clara Broncos,45.0,home,0.0,0.0,False,-17.0
2019-03-09,San Diego Toreros,62.0,away,0.0,0.0,True,17.0
2019-03-09,VCU Rams,75.0,home,0.0,0.0,True,12.0
2019-03-09,Saint Joseph's Hawks,63.0,away,0.0,0.0,False,-12.0
2019-03-07,Florida Gators,78.0,home,0.0,0.0,False,-1.0
2019-03-07,LSU Tigers,79.0,away,0.0,0.0,True,1.0
2019-03-07,Northern Kentucky Norse,99.0,home,0.0,0.0,True,11.0
2019-03-07,Detroit Mercy Titans,88.0,away,0.0,0.0,False,-11.0
2019-03-06,Georgia Bulldogs,39.0,home,0.0,0.0,False,-25.0
2019-03-06,Missouri Tigers,64.0,away,0.0,0.0,True,25.0
2019-03-07,Oakland Golden Grizzlies,88.0,home,0.0,0.0,True,4.0
2019-03-07,Youngstown State Penguins,84.0,away,0.0,0.0,False,-4.0
2019-03-06,Sacred Heart Pioneers,62.0,home,0.0,0.0,False,-9.0
2019-03-06,LIU Brooklyn Liu Brooklyn,71.0,away,0.0,0.0,True,9.0
2019-03-07,Charlotte 49ers,70.0,home,0.0,0.0,False,-9.0
2019-03-07,Rice Owls,79.0,away,0.0,0.0,True,9.0
2019-03-07,Dayton Flyers,70.0,home,0.0,0.0,True,31.0
2019-03-07,La Salle Explorers,39.0,away,0.0,0.0,False,-31.0
2019-03-07,Florida Atlantic Owls,69.0,home,0.0,0.0,False,-3.0
2019-03-07,Louisiana Tech Bulldogs,72.0,away,0.0,0.0,True,3.0
2019-03-07,Morehead State Eagles,72.0,home,0.0,0.0,True,4.0
2019-03-07,SIU Edwardsville Cougars,68.0,away,0.0,0.0,False,-4.0
2019-03-06,Seton Hall Pirates,73.0,home,0.0,0.0,True,9.0
2019-03-06,Marquette Golden Eagles,64.0,away,0.0,0.0,False,-9.0
2019-03-07,West Virginia Mountaineers,90.0,home,0.0,0.0,True,15.0
2019-03-07,Iowa State Cyclones,75.0,away,0.0,0.0,False,-15.0
2019-03-07,Marshall Thundering Herd,94.0,home,0.0,0.0,True,16.0
2019-03-07,Florida International Panthers,78.0,away,0.0,0.0,False,-16.0
2019-03-07,Massachusetts Minutemen,87.0,home,0.0,0.0,True,8.0
2019-03-07,Richmond Spiders,79.0,away,0.0,0.0,False,-8.0
2019-03-07,Fairleigh Dickinson Knights,84.0,home,0.0,0.0,True,38.0
2019-03-07,Wagner Seahawks,46.0,away,0.0,0.0,False,-38.0
2019-03-07,Rutgers Scarlet Knights,65.0,home,0.0,0.0,False,-1.0
2019-03-07,Penn State Nittany Lions,66.0,away,0.0,0.0,True,1.0
2019-03-07,Old Dominion Monarchs,52.0,home,0.0,0.0,False,-7.0
2019-03-07,Southern Miss Golden Eagles,59.0,away,0.0,0.0,True,7.0
2019-03-07,Davidson Wildcats,64.0,home,0.0,0.0,True,18.0
2019-03-07,St. Bonaventure Bonnies,46.0,away,0.0,0.0,False,-18.0
2019-03-07,Saint Francis Red Flash,67.0,home,0.0,0.0,True,4.0
2019-03-07,Bryant Bulldogs,63.0,away,0.0,0.0,False,-4.0
2019-03-07,Fordham Rams,67.0,home,0.0,0.0,True,11.0
2019-03-07,George Washington Revolutionaries,56.0,away,0.0,0.0,False,-11.0
2019-03-07,Robert Morris Colonials,69.0,home,0.0,0.0,True,4.0
2019-03-07,St. Francis Brooklyn Terriers,65.0,away,0.0,0.0,False,-4.0
2019-03-07,Western Kentucky Hilltoppers,76.0,home,0.0,0.0,False,-5.0
2019-03-07,UTSA Roadrunners,81.0,away,0.0,0.0,True,5.0
2019-03-07,Houston Christian Huskies,118.0,home,0.0,0.0,True,7.0
2019-03-07,Incarnate Word Cardinals,111.0,away,0.0,0.0,False,-7.0
2019-03-07,Saint Louis Billikens,85.0,home,0.0,0.0,True,10.0
2019-03-07,Duquesne Dukes,75.0,away,0.0,0.0,False,-10.0
2019-03-07,Tulane Green Wave,70.0,home,0.0,0.0,False,-5.0
2019-03-07,South Florida Bulls,75.0,away,0.0,0.0,True,5.0
2019-03-07,Sam Houston Bearkats,87.0,home,0.0,0.0,False,-4.0
2019-03-07,Central Arkansas Bears,91.0,away,0.0,0.0,True,4.0
2019-03-07,Creighton Bluejays,76.0,home,0.0,0.0,True,6.0
2019-03-07,Providence Friars,70.0,away,0.0,0.0,False,-6.0
2019-03-07,Nicholls Colonels,83.0,home,0.0,0.0,True,23.0
2019-03-07,Northwestern State Demons,60.0,away,0.0,0.0,False,-23.0
2019-03-07,SE Louisiana Lions,81.0,home,0.0,0.0,True,14.0
2019-03-07,New Orleans Privateers,67.0,away,0.0,0.0,False,-14.0
2019-03-07,McNeese Cowboys,50.0,home,0.0,0.0,False,-9.0
2019-03-07,Texas A&M-Corpus Christi Islanders,59.0,away,0.0,0.0,True,9.0
2019-03-07,Vanderbilt Commodores,48.0,home,0.0,0.0,False,-36.0
2019-03-07,Arkansas Razorbacks,84.0,away,0.0,0.0,True,36.0
2019-03-07,Northwestern Wildcats,68.0,home,0.0,0.0,True,18.0
2019-03-07,Ohio State Buckeyes,50.0,away,0.0,0.0,False,-18.0
2019-03-07,UTEP Miners,53.0,home,0.0,0.0,False,-16.0
2019-03-07,Middle Tennessee Blue Raiders,69.0,away,0.0,0.0,True,16.0
2019-03-07,San José State Spartans,71.0,home,0.0,0.0,False,-10.0
2019-03-07,Wyoming Cowboys,81.0,away,0.0,0.0,True,10.0
2019-03-07,Eastern Illinois Panthers,71.0,home,0.0,0.0,False,-7.0
2019-03-07,UT Martin Skyhawks,78.0,away,0.0,0.0,True,7.0
2019-03-07,Baylor Bears,64.0,home,0.0,0.0,False,-3.0
2019-03-07,Oklahoma State Cowboys,67.0,away,0.0,0.0,True,3.0
2019-03-07,Notre Dame Fighting Irish,62.0,home,0.0,0.0,False,-2.0
2019-03-07,Clemson Tigers,64.0,away,0.0,0.0,True,2.0
2019-03-07,DePaul Blue Demons,101.0,home,0.0,0.0,True,32.0
2019-03-07,Georgetown Hoyas,69.0,away,0.0,0.0,False,-32.0
2019-03-07,New Mexico Lobos,73.0,home,0.0,0.0,True,1.0
2019-03-07,Boise State Broncos,72.0,away,0.0,0.0,False,-1.0
2019-03-07,San Diego State Aztecs,74.0,home,0.0,0.0,False,-2.0
2019-03-07,Fresno State Bulldogs,76.0,away,0.0,0.0,True,2.0
2019-03-07,Long Beach State Beach,70.0,home,0.0,0.0,True,13.0
2019-03-07,UC Riverside Highlanders,57.0,away,0.0,0.0,False,-13.0
2019-03-07,Washington Huskies,81.0,home,0.0,0.0,True,5.0
2019-03-07,Oregon State Beavers,76.0,away,0.0,0.0,False,-5.0
2019-03-07,Washington State Cougars,61.0,home,0.0,0.0,False,-11.0
2019-03-07,Oregon Ducks,72.0,away,0.0,0.0,True,11.0
2019-03-07,NC State Wolfpack,61.0,home,0.0,0.0,False,-2.0
2019-03-07,Georgia Tech Yellow Jackets,63.0,away,0.0,0.0,True,2.0
2019-03-11,Savannah State Tigers,67.0,home,0.0,0.0,False,-4.0
2019-03-11,Delaware State Hornets,71.0,away,0.0,0.0,True,4.0
2019-03-12,Omaha Mavericks,61.0,home,0.0,0.0,True,1.0
2019-03-12,Purdue Fort Wayne Mastodons,60.0,away,0.0,0.0,False,-1.0
2019-03-11,Wright State Raiders,66.0,home,0.0,0.0,True,12.0
2019-03-11,Green Bay Phoenix,54.0,away,0.0,0.0,False,-12.0
2019-03-12,Akron Zips,80.0,home,0.0,0.0,True,29.0
2019-03-12,Miami (OH) RedHawks,51.0,away,0.0,0.0,False,-29.0
2019-03-11,Wofford Terriers,70.0,home,0.0,0.0,True,12.0
2019-03-11,UNC Greensboro Spartans,58.0,away,0.0,0.0,False,-12.0
2019-03-11,Central Michigan Chippewas,81.0,home,0.0,0.0,True,14.0
2019-03-11,Western Michigan Broncos,67.0,away,0.0,0.0,False,-14.0
2019-03-12,Northern Kentucky Norse,64.0,home,0.0,0.0,True,1.0
2019-03-12,Oakland Golden Grizzlies,63.0,away,0.0,0.0,False,-1.0
2019-03-12,Gonzaga Bulldogs,100.0,home,0.0,0.0,True,26.0
2019-03-12,Pepperdine Waves,74.0,away,0.0,0.0,False,-26.0
2019-03-11,Eastern Michigan Eagles,43.0,home,0.0,0.0,False,-18.0
2019-03-11,Ball State Cardinals,61.0,away,0.0,0.0,True,18.0
2019-03-12,Northeastern Huskies,70.0,home,0.0,0.0,True,3.0
2019-03-12,Charleston Cougars,67.0,away,0.0,0.0,False,-3.0
2019-03-11,Hofstra Pride,78.0,home,0.0,0.0,True,4.0
2019-03-11,Delaware Blue Hens,74.0,away,0.0,0.0,False,-4.0
2019-03-11,North Dakota State Bison,76.0,home,0.0,0.0,True,3.0
2019-03-11,Western Illinois Leathernecks,73.0,away,0.0,0.0,False,-3.0
2019-03-12,Northern Illinois Huskies,80.0,home,0.0,0.0,True,19.0
2019-03-12,Ohio Bobcats,61.0,away,0.0,0.0,False,-19.0
2019-03-12,Iona Gaels,81.0,home,0.0,0.0,True,21.0
2019-03-12,Monmouth Hawks,60.0,away,0.0,0.0,False,-21.0
2019-03-12,Saint Mary's Gaels,69.0,home,0.0,0.0,True,7.0
2019-03-12,San Diego Toreros,62.0,away,0.0,0.0,False,-7.0
2019-03-08,Houston Cougars,90.0,home,0.0,0.0,True,11.0
2019-03-08,SMU Mustangs,79.0,away,0.0,0.0,False,-11.0
2019-03-08,UCF Knights,58.0,home,0.0,0.0,True,3.0
2019-03-08,Cincinnati Bearcats,55.0,away,0.0,0.0,False,-3.0
2019-03-08,App State Mountaineers,72.0,home,0.0,0.0,True,8.0
2019-03-08,Troy Trojans,64.0,away,0.0,0.0,False,-8.0
2019-03-08,Liberty Flames,71.0,home,0.0,0.0,True,8.0
2019-03-08,North Florida Ospreys,63.0,away,0.0,0.0,False,-8.0
2019-03-08,Lehigh Mountain Hawks,75.0,home,0.0,0.0,True,5.0
2019-03-08,Army Black Knights,70.0,away,0.0,0.0,False,-5.0
2019-03-07,Radford Highlanders,84.0,home,0.0,0.0,True,8.0
2019-03-07,Presbyterian Blue Hose,76.0,away,0.0,0.0,False,-8.0
2019-03-08,Bethune-Cookman Wildcats,56.0,home,0.0,0.0,False,-8.0
2019-03-08,Florida A&M Rattlers,64.0,away,0.0,0.0,True,8.0
2019-03-08,Little Rock Trojans,72.0,home,0.0,0.0,False,-5.0
2019-03-08,Louisiana Ragin' Cajuns,77.0,away,0.0,0.0,True,5.0
2019-03-08,UConn Huskies,71.0,home,0.0,0.0,False,-7.0
2019-03-08,Temple Owls,78.0,away,0.0,0.0,True,7.0
2019-03-08,Indiana State Sycamores,55.0,home,0.0,0.0,False,-22.0
2019-03-08,Valparaiso Beacons,77.0,away,0.0,0.0,True,22.0
2019-03-08,Manhattan Jaspers,57.0,home,0.0,0.0,True,4.0
2019-03-08,Fairfield Stags,53.0,away,0.0,0.0,False,-4.0
2019-03-07,Winthrop Eagles,63.0,home,0.0,0.0,False,-14.0
2019-03-07,Charleston Southern Buccaneers,77.0,away,0.0,0.0,True,14.0
2019-03-07,Campbell Fighting Camels,86.0,home,0.0,0.0,True,9.0
2019-03-07,Hampton Pirates,77.0,away,0.0,0.0,False,-9.0
2019-03-07,Marist Red Foxes,68.0,home,0.0,0.0,False,-3.0
2019-03-07,Saint Peter's Peacocks,71.0,away,0.0,0.0,True,3.0
2019-03-08,Bucknell Bison,77.0,home,0.0,0.0,True,12.0
2019-03-08,Holy Cross Crusaders,65.0,away,0.0,0.0,False,-12.0
2019-03-08,Austin Peay Governors,95.0,home,0.0,0.0,True,14.0
2019-03-08,Morehead State Eagles,81.0,away,0.0,0.0,False,-14.0
2019-03-08,American University Eagles,56.0,home,0.0,0.0,False,-4.0
2019-03-08,Navy Midshipmen,60.0,away,0.0,0.0,True,4.0
2019-03-08,Wisconsin Badgers,65.0,home,0.0,0.0,True,20.0
2019-03-08,Iowa Hawkeyes,45.0,away,0.0,0.0,False,-20.0
2019-03-08,Colgate Raiders,81.0,home,0.0,0.0,True,12.0
2019-03-08,Boston University Terriers,69.0,away,0.0,0.0,False,-12.0
2019-03-08,Coastal Carolina Chanticleers,92.0,home,0.0,0.0,True,22.0
2019-03-08,South Alabama Jaguars,70.0,away,0.0,0.0,False,-22.0
2019-03-08,Lipscomb Bisons,78.0,home,0.0,0.0,True,23.0
2019-03-08,NJIT Highlanders,55.0,away,0.0,0.0,False,-23.0
2019-03-08,Illinois Fighting Illini,74.0,home,0.0,0.0,False,-18.0
2019-03-08,Indiana Hoosiers,92.0,away,0.0,0.0,True,18.0
2019-03-08,Maryland Eastern Shore Hawks,70.0,home,0.0,0.0,True,6.0
2019-03-08,Delaware State Hornets,64.0,away,0.0,0.0,False,-6.0
2019-03-08,Morgan State Bears,69.0,home,0.0,0.0,False,-14.0
2019-03-08,Coppin State Eagles,83.0,away,0.0,0.0,True,14.0
2019-03-08,UT Rio Grande Valley Vaqueros,79.0,home,0.0,0.0,False,-3.0
2019-03-08,California Baptist Lancers,82.0,away,0.0,0.0,True,3.0
2019-03-08,Jackson State Tigers,66.0,home,0.0,0.0,True,19.0
2019-03-08,Alabama A&M Bulldogs,47.0,away,0.0,0.0,False,-19.0
2019-03-08,Prairie View A&M Panthers,73.0,home,0.0,0.0,True,18.0
2019-03-08,Southern Jaguars,55.0,away,0.0,0.0,False,-18.0
2019-03-08,Norfolk State Spartans,95.0,home,0.0,0.0,False,-3.0
2019-03-08,Howard Bison,98.0,away,0.0,0.0,True,3.0
2019-03-08,South Carolina State Bulldogs,87.0,home,0.0,0.0,False,-3.0
2019-03-08,Savannah State Tigers,90.0,away,0.0,0.0,True,3.0
2019-03-08,Arkansas State Red Wolves,73.0,home,0.0,0.0,True,1.0
2019-03-08,UL Monroe Warhawks,72.0,away,0.0,0.0,False,-1.0
2019-03-08,Southern Utah Thunderbirds,53.0,home,0.0,0.0,False,-17.0
2019-03-08,Northern Colorado Bears,70.0,away,0.0,0.0,True,17.0
2019-03-08,Gardner-Webb Runnin' Bulldogs,75.0,home,0.0,0.0,True,6.0
2019-03-08,High Point Panthers,69.0,away,0.0,0.0,False,-6.0
2019-03-08,Grambling Tigers,93.0,home,0.0,0.0,True,27.0
2019-03-08,Alabama State Hornets,66.0,away,0.0,0.0,False,-27.0
2019-03-08,Weber State Wildcats,93.0,home,0.0,0.0,True,34.0
2019-03-08,Idaho Vandals,59.0,away,0.0,0.0,False,-34.0
2019-03-08,Texas Southern Tigers,99.0,home,0.0,0.0,True,27.0
2019-03-08,Alcorn State Braves,72.0,away,0.0,0.0,False,-27.0
2019-03-08,Utah Valley Wolverines,82.0,home,0.0,0.0,True,12.0
2019-03-08,Grand Canyon Lopes,70.0,away,0.0,0.0,False,-12.0
2019-03-08,Colorado Buffaloes,93.0,home,0.0,0.0,True,25.0
2019-03-08,UCLA Bruins,68.0,away,0.0,0.0,False,-25.0
2019-03-08,Pepperdine Waves,61.0,home,0.0,0.0,True,8.0
2019-03-08,Pacific Tigers,53.0,away,0.0,0.0,False,-8.0
2019-03-08,Monmouth Hawks,76.0,home,0.0,0.0,True,4.0
2019-03-08,Niagara Purple Eagles,72.0,away,0.0,0.0,False,-4.0
2019-03-08,Jacksonville State Gamecocks,88.0,home,0.0,0.0,True,7.0
2019-03-08,UT Martin Skyhawks,81.0,away,0.0,0.0,False,-7.0
2019-03-08,Illinois State Redbirds,65.0,home,0.0,0.0,True,5.0
2019-03-08,Evansville Purple Aces,60.0,away,0.0,0.0,False,-5.0
2019-03-08,UC Davis Aggies,69.0,home,0.0,0.0,False,-7.0
2019-03-08,Hawai'i Rainbow Warriors,76.0,away,0.0,0.0,True,7.0
2019-03-08,Utah Utes,83.0,home,0.0,0.0,True,9.0
2019-03-08,USC Trojans,74.0,away,0.0,0.0,False,-9.0
2019-03-08,North Carolina A&T Aggies,74.0,home,0.0,0.0,True,22.0
2019-03-08,North Carolina Central Eagles,52.0,away,0.0,0.0,False,-22.0
2019-03-08,Idaho State Bengals,62.0,home,0.0,0.0,False,-29.0
2019-03-08,Eastern Washington Eagles,91.0,away,0.0,0.0,True,29.0
2019-03-08,Stanford Cardinal,59.0,home,0.0,0.0,False,-5.0
2019-03-08,California Golden Bears,64.0,away,0.0,0.0,True,5.0
2019-03-08,Seattle U Redhawks,63.0,home,0.0,0.0,True,6.0
2019-03-08,Cal State Bakersfield Roadrunners,57.0,away,0.0,0.0,False,-6.0
2019-03-08,Sacramento State Hornets,70.0,home,0.0,0.0,True,3.0
2019-03-08,Montana State Bobcats,67.0,away,0.0,0.0,False,-3.0
2019-03-08,Cal State Northridge Matadors,74.0,home,0.0,0.0,False,-2.0
2019-03-08,UC Santa Barbara Gauchos,76.0,away,0.0,0.0,True,2.0
2019-03-08,Cal Poly Mustangs,72.0,home,0.0,0.0,False,-38.0
2019-03-08,UC Irvine Anteaters,110.0,away,0.0,0.0,True,38.0
2019-03-08,Portland State Vikings,81.0,home,0.0,0.0,True,12.0
2019-03-08,Montana Grizzlies,69.0,away,0.0,0.0,False,-12.0
2019-03-08,San Diego Toreros,67.0,home,0.0,0.0,True,20.0
2019-03-08,Portland Pilots,47.0,away,0.0,0.0,False,-20.0
2019-03-10,Bradley Braves,57.0,home,0.0,0.0,True,3.0
2019-03-10,Northern Iowa Panthers,54.0,away,0.0,0.0,False,-3.0
2019-03-10,William & Mary Tribe,79.0,home,0.0,0.0,False,-6.0
2019-03-10,Delaware Blue Hens,85.0,away,0.0,0.0,True,6.0
2019-03-10,South Florida Bulls,71.0,home,0.0,0.0,False,-6.0
2019-03-10,SMU Mustangs,77.0,away,0.0,0.0,True,6.0
2019-03-10,Cincinnati Bearcats,69.0,home,0.0,0.0,False,-16.0
2019-03-10,Houston Cougars,85.0,away,0.0,0.0,True,16.0
2019-03-10,North Dakota State Bison,86.0,home,0.0,0.0,True,13.0
2019-03-10,Oral Roberts Golden Eagles,73.0,away,0.0,0.0,False,-13.0
2019-03-11,Canisius Golden Griffins,59.0,home,0.0,0.0,False,-14.0
2019-03-11,Monmouth Hawks,73.0,away,0.0,0.0,True,14.0
2019-03-10,Lipscomb Bisons,68.0,home,0.0,0.0,False,-6.0
2019-03-10,Liberty Flames,74.0,away,0.0,0.0,True,6.0
2019-03-10,Wofford Terriers,81.0,home,0.0,0.0,True,9.0
2019-03-10,East Tennessee State Buccaneers,72.0,away,0.0,0.0,False,-9.0
2019-03-10,Penn State Nittany Lions,72.0,home,0.0,0.0,True,16.0
2019-03-10,Illinois Fighting Illini,56.0,away,0.0,0.0,False,-16.0
2019-03-10,Radford Highlanders,65.0,home,0.0,0.0,False,-11.0
2019-03-10,Gardner-Webb Runnin' Bulldogs,76.0,away,0.0,0.0,True,11.0
2019-03-10,Bucknell Bison,97.0,home,0.0,0.0,True,22.0
2019-03-10,Lehigh Mountain Hawks,75.0,away,0.0,0.0,False,-22.0
2019-03-10,Indiana Hoosiers,89.0,home,0.0,0.0,True,16.0
2019-03-10,Rutgers Scarlet Knights,73.0,away,0.0,0.0,False,-16.0
2019-03-10,Nebraska Cornhuskers,93.0,home,0.0,0.0,True,2.0
2019-03-10,Iowa Hawkeyes,91.0,away,0.0,0.0,False,-2.0
2019-03-10,Iona Gaels,73.0,home,0.0,0.0,True,16.0
2019-03-10,Siena Saints,57.0,away,0.0,0.0,False,-16.0
2019-03-10,Colgate Raiders,80.0,home,0.0,0.0,True,10.0
2019-03-10,Navy Midshipmen,70.0,away,0.0,0.0,False,-10.0
2019-03-10,Hofstra Pride,76.0,home,0.0,0.0,True,9.0
2019-03-10,James Madison Dukes,67.0,away,0.0,0.0,False,-9.0
2019-03-10,Ohio State Buckeyes,67.0,home,0.0,0.0,False,-6.0
2019-03-10,Wisconsin Badgers,73.0,away,0.0,0.0,True,6.0
2019-03-10,Northeastern Huskies,80.0,home,0.0,0.0,True,21.0
2019-03-10,UNC Wilmington Seahawks,59.0,away,0.0,0.0,False,-21.0
2019-03-10,UNC Greensboro Spartans,66.0,home,0.0,0.0,True,4.0
2019-03-10,Furman Paladins,62.0,away,0.0,0.0,False,-4.0
2019-03-11,Purdue Fort Wayne Mastodons,96.0,home,0.0,0.0,True,26.0
2019-03-11,South Dakota Coyotes,70.0,away,0.0,0.0,False,-26.0
2019-03-11,Charleston Cougars,73.0,home,0.0,0.0,True,12.0
2019-03-11,Drexel Dragons,61.0,away,0.0,0.0,False,-12.0
2019-03-10,East Carolina Pirates,73.0,home,0.0,0.0,False,-9.0
2019-03-10,UConn Huskies,82.0,away,0.0,0.0,True,9.0
2019-03-13,UL Monroe Warhawks,89.0,home,0.0,0.0,True,9.0
2019-03-13,App State Mountaineers,80.0,away,0.0,0.0,False,-9.0
2019-03-13,Grambling Tigers,59.0,home,0.0,0.0,True,7.0
2019-03-13,Arkansas-Pine Bluff Golden Lions,52.0,away,0.0,0.0,False,-7.0
2019-03-12,UMBC Retrievers,90.0,home,0.0,0.0,True,5.0
2019-03-12,Hartford Hawks,85.0,away,0.0,0.0,False,-5.0
2019-03-12,Hofstra Pride,74.0,home,0.0,0.0,False,-8.0
2019-03-12,Northeastern Huskies,82.0,away,0.0,0.0,True,8.0
2019-03-12,Saint Francis Red Flash,76.0,home,0.0,0.0,False,-9.0
2019-03-12,Fairleigh Dickinson Knights,85.0,away,0.0,0.0,True,9.0
2019-03-13,South Alabama Jaguars,75.0,home,0.0,0.0,True,8.0
2019-03-13,Arkansas State Red Wolves,67.0,away,0.0,0.0,False,-8.0
2019-03-13,Prairie View A&M Panthers,86.0,home,0.0,0.0,True,20.0
2019-03-13,Alcorn State Braves,66.0,away,0.0,0.0,False,-20.0
2019-03-12,Miami Hurricanes,79.0,home,0.0,0.0,True,8.0
2019-03-12,Wake Forest Demon Deacons,71.0,away,0.0,0.0,False,-8.0
2019-03-12,Boston College Eagles,70.0,home,0.0,0.0,False,-10.0
2019-03-12,Pittsburgh Panthers,80.0,away,0.0,0.0,True,10.0
2019-03-12,Maryland Eastern Shore Hawks,54.0,home,0.0,0.0,False,-9.0
2019-03-12,South Carolina State Bulldogs,63.0,away,0.0,0.0,True,9.0
2019-03-12,Wright State Raiders,66.0,home,0.0,0.0,False,-11.0
2019-03-12,Northern Kentucky Norse,77.0,away,0.0,0.0,True,11.0
2019-03-12,Georgia Tech Yellow Jackets,71.0,home,0.0,0.0,False,-7.0
2019-03-12,Notre Dame Fighting Irish,78.0,away,0.0,0.0,True,7.0
2019-03-13,Gonzaga Bulldogs,47.0,home,0.0,0.0,False,-13.0
2019-03-13,Saint Mary's Gaels,60.0,away,0.0,0.0,True,13.0
2019-03-13,Coppin State Eagles,81.0,home,0.0,0.0,True,10.0
2019-03-13,Morgan State Bears,71.0,away,0.0,0.0,False,-10.0
2019-03-13,Jackson State Tigers,49.0,home,0.0,0.0,False,-9.0
2019-03-13,Alabama State Hornets,58.0,away,0.0,0.0,True,9.0
2019-03-12,Vermont Catamounts,84.0,home,0.0,0.0,True,33.0
2019-03-12,Binghamton Bearcats,51.0,away,0.0,0.0,False,-33.0
2019-03-13,Texas Southern Tigers,80.0,home,0.0,0.0,True,10.0
2019-03-13,Southern Jaguars,70.0,away,0.0,0.0,False,-10.0
2019-03-13,Omaha Mavericks,63.0,home,0.0,0.0,False,-10.0
2019-03-13,North Dakota State Bison,73.0,away,0.0,0.0,True,10.0
2019-03-02,Virginia Cavaliers,73.0,home,0.0,0.0,True,24.0
2019-03-02,Pittsburgh Panthers,49.0,away,0.0,0.0,False,-24.0
2019-03-02,Tennessee Volunteers,71.0,home,0.0,0.0,True,19.0
2019-03-02,Kentucky Wildcats,52.0,away,0.0,0.0,False,-19.0
2019-03-02,Wisconsin Badgers,61.0,home,0.0,0.0,True,4.0
2019-03-02,Penn State Nittany Lions,57.0,away,0.0,0.0,False,-4.0
2019-03-02,Duke Blue Devils,87.0,home,0.0,0.0,True,30.0
2019-03-02,Miami Hurricanes,57.0,away,0.0,0.0,False,-30.0
2019-03-02,Oklahoma State Cowboys,67.0,home,0.0,0.0,False,-5.0
2019-03-02,Kansas Jayhawks,72.0,away,0.0,0.0,True,5.0
2019-03-02,Indiana Hoosiers,63.0,home,0.0,0.0,True,1.0
2019-03-02,Michigan State Spartans,62.0,away,0.0,0.0,False,-1.0
2019-03-02,Florida State Seminoles,78.0,home,0.0,0.0,True,5.0
2019-03-02,NC State Wolfpack,73.0,away,0.0,0.0,False,-5.0
2019-03-03,Utah State Aggies,81.0,home,0.0,0.0,True,5.0
2019-03-03,Nevada Wolf Pack,76.0,away,0.0,0.0,False,-5.0
2019-03-02,Iowa Hawkeyes,72.0,home,0.0,0.0,False,-14.0
2019-03-02,Rutgers Scarlet Knights,86.0,away,0.0,0.0,True,14.0
2019-03-03,Saint Mary's Gaels,55.0,home,0.0,0.0,False,-14.0
2019-03-03,Gonzaga Bulldogs,69.0,away,0.0,0.0,True,14.0
2019-03-02,Purdue Boilermakers,86.0,home,0.0,0.0,True,35.0
2019-03-02,Ohio State Buckeyes,51.0,away,0.0,0.0,False,-35.0
2019-03-02,Alabama Crimson Tide,69.0,home,0.0,0.0,False,-5.0
2019-03-02,LSU Tigers,74.0,away,0.0,0.0,True,5.0
2019-03-03,Cincinnati Bearcats,71.0,home,0.0,0.0,True,2.0
2019-03-03,Memphis Tigers,69.0,away,0.0,0.0,False,-2.0
2019-03-02,Samford Bulldogs,64.0,home,0.0,0.0,False,-21.0
2019-03-02,Wofford Terriers,85.0,away,0.0,0.0,True,21.0
2019-03-02,Clemson Tigers,79.0,home,0.0,0.0,False,-2.0
2019-03-02,North Carolina Tar Heels,81.0,away,0.0,0.0,True,2.0
2019-03-02,Maine Black Bears,60.0,home,0.0,0.0,False,-23.0
2019-03-02,Binghamton Bearcats,83.0,away,0.0,0.0,True,23.0
2019-03-02,Houston Cougars,64.0,home,0.0,0.0,False,-5.0
2019-03-02,UCF Knights,69.0,away,0.0,0.0,True,5.0
2019-03-03,Kansas State Wildcats,66.0,home,0.0,0.0,True,6.0
2019-03-03,Baylor Bears,60.0,away,0.0,0.0,False,-6.0
2019-03-02,TCU Horned Frogs,66.0,home,0.0,0.0,False,-15.0
2019-03-02,Texas Tech Red Raiders,81.0,away,0.0,0.0,True,15.0
2019-03-02,Lafayette Leopards,70.0,home,0.0,0.0,False,-6.0
2019-03-02,Colgate Raiders,76.0,away,0.0,0.0,True,6.0
2019-03-02,Boston University Terriers,74.0,home,0.0,0.0,False,-5.0
2019-03-02,Navy Midshipmen,79.0,away,0.0,0.0,True,5.0
2019-03-02,Bucknell Bison,62.0,home,0.0,0.0,True,1.0
2019-03-02,Army Black Knights,61.0,away,0.0,0.0,False,-1.0
2019-03-02,Holy Cross Crusaders,66.0,home,0.0,0.0,False,-20.0
2019-03-02,American University Eagles,86.0,away,0.0,0.0,True,20.0
2019-03-02,Georgia State Panthers,83.0,home,0.0,0.0,True,13.0
2019-03-02,Little Rock Trojans,70.0,away,0.0,0.0,False,-13.0
2019-03-02,Southern Illinois Salukis,72.0,home,0.0,0.0,True,9.0
2019-03-02,Illinois State Redbirds,63.0,away,0.0,0.0,False,-9.0
2019-03-02,Wake Forest Demon Deacons,54.0,home,0.0,0.0,False,-25.0
2019-03-02,Syracuse Orange,79.0,away,0.0,0.0,True,25.0
2019-03-02,Chattanooga Mocs,50.0,home,0.0,0.0,False,-21.0
2019-03-02,Furman Paladins,71.0,away,0.0,0.0,True,21.0
2019-03-02,VMI Keydets,81.0,home,0.0,0.0,True,3.0
2019-03-02,The Citadel Bulldogs,78.0,away,0.0,0.0,False,-3.0
2019-03-02,Green Bay Phoenix,82.0,home,0.0,0.0,False,-4.0
2019-03-02,Northern Kentucky Norse,86.0,away,0.0,0.0,True,4.0
2019-03-02,Oklahoma Sooners,92.0,home,0.0,0.0,True,12.0
2019-03-02,West Virginia Mountaineers,80.0,away,0.0,0.0,False,-12.0
2019-03-02,Davidson Wildcats,77.0,home,0.0,0.0,True,25.0
2019-03-02,Fordham Rams,52.0,away,0.0,0.0,False,-25.0
2019-03-02,Valparaiso Beacons,63.0,home,0.0,0.0,False,-2.0
2019-03-02,Evansville Purple Aces,65.0,away,0.0,0.0,True,2.0
2019-03-02,UMBC Retrievers,56.0,home,0.0,0.0,True,3.0
2019-03-02,New Hampshire Wildcats,53.0,away,0.0,0.0,False,-3.0
2019-03-02,Campbell Fighting Camels,64.0,home,0.0,0.0,True,2.0
2019-03-02,Radford Highlanders,62.0,away,0.0,0.0,False,-2.0
2019-03-02,Indiana State Sycamores,71.0,home,0.0,0.0,True,17.0
2019-03-02,Northern Iowa Panthers,54.0,away,0.0,0.0,False,-17.0
2019-03-02,Arkansas Razorbacks,74.0,home,0.0,0.0,True,1.0
2019-03-02,Ole Miss Rebels,73.0,away,0.0,0.0,False,-1.0
2019-03-02,Central Connecticut Blue Devils,58.0,home,0.0,0.0,False,-12.0
2019-03-02,Fairleigh Dickinson Knights,70.0,away,0.0,0.0,True,12.0
2019-03-02,Duquesne Dukes,80.0,home,0.0,0.0,True,7.0
2019-03-02,Massachusetts Minutemen,73.0,away,0.0,0.0,False,-7.0
2019-03-02,Towson Tigers,66.0,home,0.0,0.0,False,-20.0
2019-03-02,Elon Phoenix,86.0,away,0.0,0.0,True,20.0
2019-03-02,Akron Zips,49.0,home,0.0,0.0,False,-24.0
2019-03-02,Ohio Bobcats,73.0,away,0.0,0.0,True,24.0
2019-03-02,Denver Pioneers,76.0,home,0.0,0.0,False,-10.0
2019-03-02,Omaha Mavericks,86.0,away,0.0,0.0,True,10.0
2019-03-02,Villanova Wildcats,75.0,home,0.0,0.0,True,21.0
2019-03-02,Butler Bulldogs,54.0,away,0.0,0.0,False,-21.0
2019-03-02,Texas Longhorns,86.0,home,0.0,0.0,True,17.0
2019-03-02,Iowa State Cyclones,69.0,away,0.0,0.0,False,-17.0
2019-03-02,Northern Illinois Huskies,69.0,home,0.0,0.0,False,-6.0
2019-03-02,Eastern Michigan Eagles,75.0,away,0.0,0.0,True,6.0
2019-03-02,Gardner-Webb Runnin' Bulldogs,66.0,home,0.0,0.0,True,19.0
2019-03-02,Longwood Lancers,47.0,away,0.0,0.0,False,-19.0
2019-03-02,UL Monroe Warhawks,91.0,home,0.0,0.0,False,-6.0
2019-03-02,Coastal Carolina Chanticleers,97.0,away,0.0,0.0,True,6.0
2019-03-02,Chicago State Cougars,58.0,home,0.0,0.0,False,-34.0
2019-03-02,New Mexico State Aggies,92.0,away,0.0,0.0,True,34.0
2019-03-02,Saint Louis Billikens,81.0,home,0.0,0.0,True,10.0
2019-03-02,George Mason Patriots,71.0,away,0.0,0.0,False,-10.0
2019-03-02,Troy Trojans,66.0,home,0.0,0.0,False,-13.0
2019-03-02,UT Arlington Mavericks,79.0,away,0.0,0.0,True,13.0
2019-03-02,Bethune-Cookman Wildcats,98.0,home,0.0,0.0,True,3.0
2019-03-02,South Carolina State Bulldogs,95.0,away,0.0,0.0,False,-3.0
2019-03-02,Presbyterian Blue Hose,65.0,home,0.0,0.0,False,-7.0
2019-03-02,Charleston Southern Buccaneers,72.0,away,0.0,0.0,True,7.0
2019-03-02,Detroit Mercy Titans,71.0,home,0.0,0.0,False,-9.0
2019-03-02,UIC Flames,80.0,away,0.0,0.0,True,9.0
2019-03-02,Delaware State Hornets,58.0,home,0.0,0.0,False,-18.0
2019-03-02,Morgan State Bears,76.0,away,0.0,0.0,True,18.0
2019-03-02,Missouri Tigers,78.0,home,0.0,0.0,True,15.0
2019-03-02,South Carolina Gamecocks,63.0,away,0.0,0.0,False,-15.0
2019-03-02,North Carolina A&T Aggies,63.0,home,0.0,0.0,True,21.0
2019-03-02,Florida A&M Rattlers,42.0,away,0.0,0.0,False,-21.0
2019-03-02,Sacred Heart Pioneers,94.0,home,0.0,0.0,True,10.0
2019-03-02,Saint Francis Red Flash,84.0,away,0.0,0.0,False,-10.0
2019-03-02,East Tennessee State Buccaneers,81.0,home,0.0,0.0,True,7.0
2019-03-02,Western Carolina Catamounts,74.0,away,0.0,0.0,False,-7.0
2019-03-02,Oakland Golden Grizzlies,74.0,home,0.0,0.0,True,11.0
2019-03-02,IU Indianapolis Jaguars,63.0,away,0.0,0.0,False,-11.0
2019-03-02,Missouri State Bears,62.0,home,0.0,0.0,False,-11.0
2019-03-02,Drake Bulldogs,73.0,away,0.0,0.0,True,11.0
2019-03-02,South Carolina Upstate Spartans,71.0,home,0.0,0.0,False,-21.0
2019-03-02,Hampton Pirates,92.0,away,0.0,0.0,True,21.0
2019-03-02,George Washington Revolutionaries,58.0,home,0.0,0.0,False,-6.0
2019-03-02,St. Bonaventure Bonnies,64.0,away,0.0,0.0,True,6.0
2019-03-02,James Madison Dukes,66.0,home,0.0,0.0,False,-4.0
2019-03-02,William & Mary Tribe,70.0,away,0.0,0.0,True,4.0
2019-03-02,Richmond Spiders,66.0,home,0.0,0.0,False,-3.0
2019-03-02,VCU Rams,69.0,away,0.0,0.0,True,3.0
2019-03-02,Wagner Seahawks,60.0,home,0.0,0.0,False,-9.0
2019-03-02,Robert Morris Colonials,69.0,away,0.0,0.0,True,9.0
2019-03-02,St. Francis Brooklyn Terriers,71.0,home,0.0,0.0,False,-2.0
2019-03-02,Mount St. Mary's Mountaineers,73.0,away,0.0,0.0,True,2.0
2019-03-02,Montana State Bobcats,84.0,home,0.0,0.0,True,11.0
2019-03-02,Northern Arizona Lumberjacks,73.0,away,0.0,0.0,False,-11.0
2019-03-02,Charleston Cougars,70.0,home,0.0,0.0,True,9.0
2019-03-02,UNC Wilmington Seahawks,61.0,away,0.0,0.0,False,-9.0
2019-03-02,San Francisco Dons,69.0,home,0.0,0.0,False,-5.0
2019-03-02,Loyola Marymount Lions,74.0,away,0.0,0.0,True,5.0
2019-03-02,Drexel Dragons,66.0,home,0.0,0.0,False,-24.0
2019-03-02,Northeastern Huskies,90.0,away,0.0,0.0,True,24.0
2019-03-02,Eastern Illinois Panthers,57.0,home,0.0,0.0,False,-6.0
2019-03-02,Tennessee Tech Golden Eagles,63.0,away,0.0,0.0,True,6.0
2019-03-02,Auburn Tigers,80.0,home,0.0,0.0,True,5.0
2019-03-02,Mississippi State Bulldogs,75.0,away,0.0,0.0,False,-5.0
2019-03-02,Delaware Blue Hens,70.0,home,0.0,0.0,False,-22.0
2019-03-02,Hofstra Pride,92.0,away,0.0,0.0,True,22.0
2019-03-02,Central Michigan Chippewas,68.0,home,0.0,0.0,False,-12.0
2019-03-02,Toledo Rockets,80.0,away,0.0,0.0,True,12.0
2019-03-02,Long Island University Sharks,81.0,home,0.0,0.0,True,16.0
2019-03-02,Bryant Bulldogs,65.0,away,0.0,0.0,False,-16.0
2019-03-02,Nicholls Colonels,70.0,home,0.0,0.0,False,-10.0
2019-03-02,New Orleans Privateers,80.0,away,0.0,0.0,True,10.0
2019-03-02,South Dakota Coyotes,78.0,home,0.0,0.0,True,15.0
2019-03-02,North Dakota Fighting Hawks,63.0,away,0.0,0.0,False,-15.0
2019-03-02,UT Martin Skyhawks,91.0,home,0.0,0.0,True,5.0
2019-03-02,Tennessee State Tigers,86.0,away,0.0,0.0,False,-5.0
2019-03-02,Western Michigan Broncos,58.0,home,0.0,0.0,False,-2.0
2019-03-02,Ball State Cardinals,60.0,away,0.0,0.0,True,2.0
2019-03-02,UNC Asheville Bulldogs,74.0,home,0.0,0.0,False,-5.0
2019-03-02,High Point Panthers,79.0,away,0.0,0.0,True,5.0
2019-03-02,Mercer Bears,47.0,home,0.0,0.0,False,-27.0
2019-03-02,UNC Greensboro Spartans,74.0,away,0.0,0.0,True,27.0
2019-03-02,Central Arkansas Bears,55.0,home,0.0,0.0,False,-12.0
2019-03-02,Abilene Christian Wildcats,67.0,away,0.0,0.0,True,12.0
2019-03-02,Purdue Fort Wayne Mastodons,66.0,home,0.0,0.0,False,-3.0
2019-03-02,North Dakota State Bison,69.0,away,0.0,0.0,True,3.0
2019-03-02,Hartford Hawks,82.0,home,0.0,0.0,True,2.0
2019-03-02,UAlbany Great Danes,80.0,away,0.0,0.0,False,-2.0
2019-03-02,Eastern Washington Eagles,68.0,home,0.0,0.0,True,2.0
2019-03-02,Portland State Vikings,66.0,away,0.0,0.0,False,-2.0
2019-03-02,Georgia Southern Eagles,81.0,home,0.0,0.0,True,11.0
2019-03-02,Arkansas State Red Wolves,70.0,away,0.0,0.0,False,-11.0
2019-03-02,Saint Joseph's Hawks,72.0,home,0.0,0.0,True,10.0
2019-03-02,La Salle Explorers,62.0,away,0.0,0.0,False,-10.0
2019-03-02,SE Louisiana Lions,69.0,home,0.0,0.0,True,14.0
2019-03-02,Northwestern State Demons,55.0,away,0.0,0.0,False,-14.0
2019-03-02,Lamar Cardinals,81.0,home,0.0,0.0,True,2.0
2019-03-02,Stephen F. Austin Lumberjacks,79.0,away,0.0,0.0,False,-2.0
2019-03-02,SIU Edwardsville Cougars,72.0,home,0.0,0.0,False,-25.0
2019-03-02,Jacksonville State Gamecocks,97.0,away,0.0,0.0,True,25.0
2019-03-02,Mississippi Valley State Delta Devils,60.0,home,0.0,0.0,True,3.0
2019-03-02,Jackson State Tigers,57.0,away,0.0,0.0,False,-3.0
2019-03-02,Savannah State Tigers,76.0,home,0.0,0.0,False,-5.0
2019-03-02,Howard Bison,81.0,away,0.0,0.0,True,5.0
2019-03-02,South Dakota State Jackrabbits,86.0,home,0.0,0.0,True,20.0
2019-03-02,Western Illinois Leathernecks,66.0,away,0.0,0.0,False,-20.0
2019-03-02,Alabama State Hornets,68.0,home,0.0,0.0,False,-10.0
2019-03-02,Texas Southern Tigers,78.0,away,0.0,0.0,True,10.0
2019-03-02,Brown Bears,75.0,home,0.0,0.0,True,24.0
2019-03-02,Cornell Big Red,51.0,away,0.0,0.0,False,-24.0
2019-03-02,Wyoming Cowboys,72.0,home,0.0,0.0,False,-8.0
2019-03-02,Air Force Falcons,80.0,away,0.0,0.0,True,8.0
2019-03-02,Norfolk State Spartans,72.0,home,0.0,0.0,True,34.0
2019-03-02,Coppin State Eagles,38.0,away,0.0,0.0,False,-34.0
2019-03-02,Texas A&M Aggies,64.0,home,0.0,0.0,True,7.0
2019-03-02,Vanderbilt Commodores,57.0,away,0.0,0.0,False,-7.0
2019-03-02,Youngstown State Penguins,80.0,home,0.0,0.0,False,-9.0
2019-03-02,Cleveland State Vikings,89.0,away,0.0,0.0,True,9.0
2019-03-02,Colorado Buffaloes,71.0,home,0.0,0.0,True,8.0
2019-03-02,Utah Utes,63.0,away,0.0,0.0,False,-8.0
2019-03-03,Eastern Kentucky Colonels,77.0,home,0.0,0.0,False,-1.0
2019-03-03,Morehead State Eagles,78.0,away,0.0,0.0,True,1.0
2019-03-02,Southern Jaguars,61.0,home,0.0,0.0,True,15.0
2019-03-02,Alcorn State Braves,46.0,away,0.0,0.0,False,-15.0
2019-03-02,Georgetown Hoyas,77.0,home,0.0,0.0,True,6.0
2019-03-02,Seton Hall Pirates,71.0,away,0.0,0.0,False,-6.0
2019-03-03,Dartmouth Big Green,51.0,home,0.0,0.0,False,-14.0
2019-03-03,Pennsylvania Quakers,65.0,away,0.0,0.0,True,14.0
2019-03-03,Yale Bulldogs,75.0,home,0.0,0.0,False,-8.0
2019-03-03,Columbia Lions,83.0,away,0.0,0.0,True,8.0
2019-03-03,Milwaukee Panthers,62.0,home,0.0,0.0,False,-3.0
2019-03-03,Wright State Raiders,65.0,away,0.0,0.0,True,3.0
2019-03-03,Harvard Crimson,66.0,home,0.0,0.0,True,8.0
2019-03-03,Princeton Tigers,58.0,away,0.0,0.0,False,-8.0
2019-03-03,Alabama A&M Bulldogs,65.0,home,0.0,0.0,False,-7.0
2019-03-03,Prairie View A&M Panthers,72.0,away,0.0,0.0,True,7.0
2019-03-03,Loyola Maryland Greyhounds,92.0,home,0.0,0.0,True,19.0
2019-03-03,Lehigh Mountain Hawks,73.0,away,0.0,0.0,False,-19.0
2019-03-03,Southeast Missouri State Redhawks,66.0,home,0.0,0.0,False,-18.0
2019-03-03,Belmont Bruins,84.0,away,0.0,0.0,True,18.0
2019-03-03,Kansas City Roos,70.0,home,0.0,0.0,False,-5.0
2019-03-03,UT Rio Grande Valley Vaqueros,75.0,away,0.0,0.0,True,5.0
2019-03-03,California Golden Bears,76.0,home,0.0,0.0,True,7.0
2019-03-03,Washington State Cougars,69.0,away,0.0,0.0,False,-7.0
2019-03-03,Vermont Catamounts,56.0,home,0.0,0.0,True,6.0
2019-03-03,Stony Brook Seawolves,50.0,away,0.0,0.0,False,-6.0
2019-03-03,Incarnate Word Cardinals,72.0,home,0.0,0.0,False,-2.0
2019-03-03,Texas A&M-Corpus Christi Islanders,74.0,away,0.0,0.0,True,2.0
2019-03-03,Houston Christian Huskies,86.0,home,0.0,0.0,True,21.0
2019-03-03,McNeese Cowboys,65.0,away,0.0,0.0,False,-21.0
2019-03-03,Murray State Racers,94.0,home,0.0,0.0,True,11.0
2019-03-03,Austin Peay Governors,83.0,away,0.0,0.0,False,-11.0
2019-03-03,UC Riverside Highlanders,47.0,home,0.0,0.0,False,-21.0
2019-03-03,UC Irvine Anteaters,68.0,away,0.0,0.0,True,21.0
2019-03-03,South Alabama Jaguars,77.0,home,0.0,0.0,True,14.0
2019-03-03,Texas State Bobcats,63.0,away,0.0,0.0,False,-14.0
2019-03-03,Pepperdine Waves,72.0,home,0.0,0.0,False,-1.0
2019-03-03,Pacific Tigers,73.0,away,0.0,0.0,True,1.0
2019-03-03,Florida Gators,55.0,home,0.0,0.0,False,-6.0
2019-03-03,Georgia Bulldogs,61.0,away,0.0,0.0,True,6.0
2019-03-03,Arkansas-Pine Bluff Golden Lions,70.0,home,0.0,0.0,True,4.0
2019-03-03,Grambling Tigers,66.0,away,0.0,0.0,False,-4.0
2019-03-03,Northern Colorado Bears,71.0,home,0.0,0.0,True,9.0
2019-03-03,Idaho State Bengals,62.0,away,0.0,0.0,False,-9.0
2019-03-02,Loyola Chicago Ramblers,81.0,home,0.0,0.0,True,13.0
2019-03-02,Bradley Braves,68.0,away,0.0,0.0,False,-13.0
2019-03-03,Montana Grizzlies,70.0,home,0.0,0.0,True,16.0
2019-03-03,Southern Utah Thunderbirds,54.0,away,0.0,0.0,False,-16.0
2019-03-03,BYU Cougars,87.0,home,0.0,0.0,True,14.0
2019-03-03,San Diego Toreros,73.0,away,0.0,0.0,False,-14.0
2019-03-03,UC Davis Aggies,66.0,home,0.0,0.0,True,7.0
2019-03-03,Cal State Fullerton Titans,59.0,away,0.0,0.0,False,-7.0
2019-03-03,Grand Canyon Lopes,73.0,home,0.0,0.0,True,4.0
2019-03-03,Cal State Bakersfield Roadrunners,69.0,away,0.0,0.0,False,-4.0
2019-03-03,San Diego State Aztecs,84.0,home,0.0,0.0,True,28.0
2019-03-03,San José State Spartans,56.0,away,0.0,0.0,False,-28.0
2019-03-03,Oregon Ducks,73.0,home,0.0,0.0,True,26.0
2019-03-03,Arizona Wildcats,47.0,away,0.0,0.0,False,-26.0
2019-03-03,New Mexico Lobos,77.0,home,0.0,0.0,True,12.0
2019-03-03,Colorado State Rams,65.0,away,0.0,0.0,False,-12.0
2019-03-03,Portland Pilots,62.0,home,0.0,0.0,False,-16.0
2019-03-03,Santa Clara Broncos,78.0,away,0.0,0.0,True,16.0
2019-03-03,Idaho Vandals,94.0,home,0.0,0.0,True,4.0
2019-03-03,Sacramento State Hornets,90.0,away,0.0,0.0,False,-4.0
2019-03-03,California Baptist Lancers,63.0,home,0.0,0.0,False,-1.0
2019-03-03,Utah Valley Wolverines,64.0,away,0.0,0.0,True,1.0
2019-03-03,Long Beach State Beach,94.0,home,0.0,0.0,True,9.0
2019-03-03,Cal Poly Mustangs,85.0,away,0.0,0.0,False,-9.0
2019-03-03,UNLV Rebels,85.0,home,0.0,0.0,True,4.0
2019-03-03,Boise State Broncos,81.0,away,0.0,0.0,False,-4.0
2019-03-03,Hawai'i Rainbow Warriors,73.0,home,0.0,0.0,False,-11.0
2019-03-03,Cal State Northridge Matadors,84.0,away,0.0,0.0,True,11.0
2019-03-17,Tennessee Volunteers,64.0,home,0.0,0.0,False,-20.0
2019-03-17,Auburn Tigers,84.0,away,0.0,0.0,True,20.0
2019-03-17,St. Bonaventure Bonnies,53.0,home,0.0,0.0,False,-2.0
2019-03-17,Saint Louis Billikens,55.0,away,0.0,0.0,True,2.0
2019-03-17,Houston Cougars,57.0,home,0.0,0.0,False,-12.0
2019-03-17,Cincinnati Bearcats,69.0,away,0.0,0.0,True,12.0
2019-03-17,Michigan State Spartans,65.0,home,0.0,0.0,True,5.0
2019-03-17,Michigan Wolverines,60.0,away,0.0,0.0,False,-5.0
2019-03-17,Harvard Crimson,85.0,home,0.0,0.0,False,-12.0
2019-03-17,Yale Bulldogs,97.0,away,0.0,0.0,True,12.0
2019-03-17,Georgia State Panthers,73.0,home,0.0,0.0,True,9.0
2019-03-17,UT Arlington Mavericks,64.0,away,0.0,0.0,False,-9.0
2019-03-18,NJIT Highlanders,92.0,home,0.0,0.0,True,11.0
2019-03-18,Quinnipiac Bobcats,81.0,away,0.0,0.0,False,-11.0
2019-03-13,Rutgers Scarlet Knights,61.0,home,0.0,0.0,False,-7.0
2019-03-13,Nebraska Cornhuskers,68.0,away,0.0,0.0,True,7.0
2019-03-13,Air Force Falcons,87.0,home,0.0,0.0,True,31.0
2019-03-13,San José State Spartans,56.0,away,0.0,0.0,False,-31.0
2019-03-13,Lamar Cardinals,81.0,home,0.0,0.0,True,2.0
2019-03-13,Houston Christian Huskies,79.0,away,0.0,0.0,False,-2.0
2019-03-13,Norfolk State Spartans,78.0,home,0.0,0.0,True,5.0
2019-03-13,South Carolina State Bulldogs,73.0,away,0.0,0.0,False,-5.0
2019-03-13,Louisiana Tech Bulldogs,57.0,home,0.0,0.0,True,1.0
2019-03-13,Florida Atlantic Owls,56.0,away,0.0,0.0,False,-1.0
2019-03-13,New Mexico Lobos,78.0,home,0.0,0.0,True,10.0
2019-03-13,Wyoming Cowboys,68.0,away,0.0,0.0,False,-10.0
2019-03-13,Colorado Buffaloes,56.0,home,0.0,0.0,True,5.0
2019-03-13,California Golden Bears,51.0,away,0.0,0.0,False,-5.0
2019-03-13,Boise State Broncos,66.0,home,0.0,0.0,True,9.0
2019-03-13,Colorado State Rams,57.0,away,0.0,0.0,False,-9.0
2019-03-13,Northern Arizona Lumberjacks,60.0,home,0.0,0.0,False,-12.0
2019-03-13,Sacramento State Hornets,72.0,away,0.0,0.0,True,12.0
2019-03-13,Richmond Spiders,52.0,home,0.0,0.0,True,2.0
2019-03-13,Fordham Rams,50.0,away,0.0,0.0,False,-2.0
2019-03-13,Southern Utah Thunderbirds,94.0,home,0.0,0.0,True,14.0
2019-03-13,Idaho State Bengals,80.0,away,0.0,0.0,False,-14.0
2019-03-13,Providence Friars,80.0,home,0.0,0.0,True,23.0
2019-03-13,Butler Bulldogs,57.0,away,0.0,0.0,False,-23.0
2019-03-13,Montana State Bobcats,75.0,home,0.0,0.0,True,4.0
2019-03-13,Idaho Vandals,71.0,away,0.0,0.0,False,-4.0
2019-03-13,NC State Wolfpack,59.0,home,0.0,0.0,True,1.0
2019-03-13,Clemson Tigers,58.0,away,0.0,0.0,False,-1.0
2019-03-13,George Washington Revolutionaries,68.0,home,0.0,0.0,True,4.0
2019-03-13,Massachusetts Minutemen,64.0,away,0.0,0.0,False,-4.0
2019-03-13,Missouri Tigers,71.0,home,0.0,0.0,True,10.0
2019-03-13,Georgia Bulldogs,61.0,away,0.0,0.0,False,-10.0
2019-03-13,Louisville Cardinals,75.0,home,0.0,0.0,True,22.0
2019-03-13,Notre Dame Fighting Irish,53.0,away,0.0,0.0,False,-22.0
2019-03-13,TCU Horned Frogs,73.0,home,0.0,0.0,True,3.0
2019-03-13,Oklahoma State Cowboys,70.0,away,0.0,0.0,False,-3.0
2019-03-13,Virginia Tech Hokies,71.0,home,0.0,0.0,True,15.0
2019-03-13,Miami Hurricanes,56.0,away,0.0,0.0,False,-15.0
2019-03-13,USC Trojans,78.0,home,0.0,0.0,True,13.0
2019-03-13,Arizona Wildcats,65.0,away,0.0,0.0,False,-13.0
2019-03-13,UAB Blazers,70.0,home,0.0,0.0,True,9.0
2019-03-13,Middle Tennessee Blue Raiders,61.0,away,0.0,0.0,False,-9.0
2019-03-14,UCLA Bruins,79.0,home,0.0,0.0,True,7.0
2019-03-14,Stanford Cardinal,72.0,away,0.0,0.0,False,-7.0
2019-03-14,Syracuse Orange,73.0,home,0.0,0.0,True,14.0
2019-03-14,Pittsburgh Panthers,59.0,away,0.0,0.0,False,-14.0
2019-03-14,Texas A&M-Corpus Christi Islanders,53.0,home,0.0,0.0,False,-20.0
2019-03-14,Central Arkansas Bears,73.0,away,0.0,0.0,True,20.0
2019-03-14,Illinois Fighting Illini,74.0,home,0.0,0.0,True,5.0
2019-03-14,Northwestern Wildcats,69.0,away,0.0,0.0,False,-5.0
2019-03-14,North Carolina A&T Aggies,82.0,home,0.0,0.0,True,3.0
2019-03-14,Coppin State Eagles,79.0,away,0.0,0.0,False,-3.0
2019-03-13,Colgate Raiders,94.0,home,0.0,0.0,True,14.0
2019-03-13,Bucknell Bison,80.0,away,0.0,0.0,False,-14.0
2019-03-14,Florida International Panthers,57.0,home,0.0,0.0,False,-14.0
2019-03-14,North Texas Mean Green,71.0,away,0.0,0.0,True,14.0
2019-03-14,Texas A&M Aggies,69.0,home,0.0,0.0,True,17.0
2019-03-14,Vanderbilt Commodores,52.0,away,0.0,0.0,False,-17.0
2019-03-14,Oklahoma Sooners,71.0,home,0.0,0.0,False,-1.0
2019-03-14,West Virginia Mountaineers,72.0,away,0.0,0.0,True,1.0
2019-03-14,Marshall Thundering Herd,82.0,home,0.0,0.0,True,17.0
2019-03-14,Rice Owls,65.0,away,0.0,0.0,False,-17.0
2019-03-14,Oregon Ducks,84.0,home,0.0,0.0,True,33.0
2019-03-14,Washington State Cougars,51.0,away,0.0,0.0,False,-33.0
2019-03-14,St. John's Red Storm,82.0,home,0.0,0.0,True,8.0
2019-03-14,DePaul Blue Demons,74.0,away,0.0,0.0,False,-8.0
2019-03-09,Wake Forest Demon Deacons,57.0,home,0.0,0.0,False,-8.0
2019-03-09,Florida State Seminoles,65.0,away,0.0,0.0,True,8.0
2019-03-09,North Carolina Tar Heels,79.0,home,0.0,0.0,True,9.0
2019-03-09,Duke Blue Devils,70.0,away,0.0,0.0,False,-9.0
2019-03-09,Iowa State Cyclones,73.0,home,0.0,0.0,False,-7.0
2019-03-09,Texas Tech Red Raiders,80.0,away,0.0,0.0,True,7.0
2019-03-09,Kentucky Wildcats,66.0,home,0.0,0.0,True,9.0
2019-03-09,Florida Gators,57.0,away,0.0,0.0,False,-9.0
2019-03-09,Auburn Tigers,84.0,home,0.0,0.0,True,4.0
2019-03-09,Tennessee Volunteers,80.0,away,0.0,0.0,False,-4.0
2019-03-09,Seton Hall Pirates,79.0,home,0.0,0.0,True,4.0
2019-03-09,Villanova Wildcats,75.0,away,0.0,0.0,False,-4.0
2019-03-09,Providence Friars,83.0,home,0.0,0.0,True,13.0
2019-03-09,Butler Bulldogs,70.0,away,0.0,0.0,False,-13.0
2019-03-09,Wofford Terriers,99.0,home,0.0,0.0,True,27.0
2019-03-09,VMI Keydets,72.0,away,0.0,0.0,False,-27.0
2019-03-09,Northwestern Wildcats,57.0,home,0.0,0.0,False,-13.0
2019-03-09,Purdue Boilermakers,70.0,away,0.0,0.0,True,13.0
2019-03-09,Kansas State Wildcats,68.0,home,0.0,0.0,True,15.0
2019-03-09,Oklahoma Sooners,53.0,away,0.0,0.0,False,-15.0
2019-03-09,Texas Longhorns,56.0,home,0.0,0.0,False,-13.0
2019-03-09,TCU Horned Frogs,69.0,away,0.0,0.0,True,13.0
2019-03-09,Virginia Cavaliers,73.0,home,0.0,0.0,True,5.0
2019-03-09,Louisville Cardinals,68.0,away,0.0,0.0,False,-5.0
2019-03-09,Kansas Jayhawks,78.0,home,0.0,0.0,True,8.0
2019-03-09,Baylor Bears,70.0,away,0.0,0.0,False,-8.0
2019-03-09,Temple Owls,67.0,home,0.0,0.0,True,5.0
2019-03-09,UCF Knights,62.0,away,0.0,0.0,False,-5.0
2019-03-10,Michigan State Spartans,75.0,home,0.0,0.0,True,12.0
2019-03-10,Michigan Wolverines,63.0,away,0.0,0.0,False,-12.0
2019-03-10,LSU Tigers,80.0,home,0.0,0.0,True,21.0
2019-03-10,Vanderbilt Commodores,59.0,away,0.0,0.0,False,-21.0
2019-03-10,Nevada Wolf Pack,81.0,home,0.0,0.0,True,28.0
2019-03-10,San Diego State Aztecs,53.0,away,0.0,0.0,False,-28.0
2019-03-09,Marshall Thundering Herd,76.0,home,0.0,0.0,True,15.0
2019-03-09,Florida Atlantic Owls,61.0,away,0.0,0.0,False,-15.0
2019-03-09,Mississippi State Bulldogs,92.0,home,0.0,0.0,True,11.0
2019-03-09,Texas A&M Aggies,81.0,away,0.0,0.0,False,-11.0
2019-03-09,Coastal Carolina Chanticleers,67.0,home,0.0,0.0,False,-7.0
2019-03-09,Troy Trojans,74.0,away,0.0,0.0,True,7.0
2019-03-09,App State Mountaineers,71.0,home,0.0,0.0,False,-7.0
2019-03-09,South Alabama Jaguars,78.0,away,0.0,0.0,True,7.0
2019-03-09,UMBC Retrievers,62.0,home,0.0,0.0,True,8.0
2019-03-09,UAlbany Great Danes,54.0,away,0.0,0.0,False,-8.0
2019-03-09,UT Arlington Mavericks,81.0,home,0.0,0.0,True,8.0
2019-03-09,Texas State Bobcats,73.0,away,0.0,0.0,False,-8.0
2019-03-09,Clemson Tigers,67.0,home,0.0,0.0,True,12.0
2019-03-09,Syracuse Orange,55.0,away,0.0,0.0,False,-12.0
2019-03-09,Washington State Cougars,77.0,home,0.0,0.0,False,-8.0
2019-03-09,Oregon State Beavers,85.0,away,0.0,0.0,True,8.0
2019-03-09,East Tennessee State Buccaneers,68.0,home,0.0,0.0,True,4.0
2019-03-09,Chattanooga Mocs,64.0,away,0.0,0.0,False,-4.0
2019-03-09,St. Bonaventure Bonnies,66.0,home,0.0,0.0,True,9.0
2019-03-09,Saint Louis Billikens,57.0,away,0.0,0.0,False,-9.0
2019-03-09,Pittsburgh Panthers,56.0,home,0.0,0.0,True,3.0
2019-03-09,Notre Dame Fighting Irish,53.0,away,0.0,0.0,False,-3.0
2019-03-09,South Carolina Gamecocks,66.0,home,0.0,0.0,True,20.0
2019-03-09,Georgia Bulldogs,46.0,away,0.0,0.0,False,-20.0
2019-03-09,George Washington Revolutionaries,65.0,home,0.0,0.0,False,-16.0
2019-03-09,George Mason Patriots,81.0,away,0.0,0.0,True,16.0
2019-03-09,Saint Francis Red Flash,72.0,home,0.0,0.0,True,8.0
2019-03-09,LIU Brooklyn Liu Brooklyn,64.0,away,0.0,0.0,False,-8.0
2019-03-09,Boston College Eagles,47.0,home,0.0,0.0,False,-26.0
2019-03-09,NC State Wolfpack,73.0,away,0.0,0.0,True,26.0
2019-03-09,Missouri Tigers,68.0,home,0.0,0.0,False,-5.0
2019-03-09,Ole Miss Rebels,73.0,away,0.0,0.0,True,5.0
2019-03-09,UAB Blazers,64.0,home,0.0,0.0,True,14.0
2019-03-09,Old Dominion Monarchs,50.0,away,0.0,0.0,False,-14.0
2019-03-09,Southern Miss Golden Eagles,81.0,home,0.0,0.0,True,33.0
2019-03-09,UTSA Roadrunners,48.0,away,0.0,0.0,False,-33.0
2019-03-09,Chicago State Cougars,61.0,home,0.0,0.0,False,-15.0
2019-03-09,Kansas City Roos,76.0,away,0.0,0.0,True,15.0
2019-03-09,Fairleigh Dickinson Knights,66.0,home,0.0,0.0,True,4.0
2019-03-09,Robert Morris Colonials,62.0,away,0.0,0.0,False,-4.0
2019-03-09,Marquette Golden Eagles,84.0,home,0.0,0.0,False,-2.0
2019-03-09,Georgetown Hoyas,86.0,away,0.0,0.0,True,2.0
2019-03-09,Colorado State Rams,60.0,home,0.0,0.0,False,-5.0
2019-03-09,UNLV Rebels,65.0,away,0.0,0.0,True,5.0
2019-03-09,James Madison Dukes,74.0,home,0.0,0.0,True,1.0
2019-03-09,Towson Tigers,73.0,away,0.0,0.0,False,-1.0
2019-03-09,Loyola Chicago Ramblers,51.0,home,0.0,0.0,False,-2.0
2019-03-09,Bradley Braves,53.0,away,0.0,0.0,True,2.0
2019-03-09,Seattle U Redhawks,83.0,home,0.0,0.0,True,7.0
2019-03-09,Grand Canyon Lopes,76.0,away,0.0,0.0,False,-7.0
2019-03-09,Oklahoma State Cowboys,85.0,home,0.0,0.0,True,8.0
2019-03-09,West Virginia Mountaineers,77.0,away,0.0,0.0,False,-8.0
2019-03-09,Northwestern State Demons,63.0,home,0.0,0.0,False,-7.0
2019-03-09,Central Arkansas Bears,70.0,away,0.0,0.0,True,7.0
2019-03-09,Hartford Hawks,78.0,home,0.0,0.0,True,8.0
2019-03-09,UMass Lowell River Hawks,70.0,away,0.0,0.0,False,-8.0
2019-03-09,Little Rock Trojans,62.0,home,0.0,0.0,False,-17.0
2019-03-09,UL Monroe Warhawks,79.0,away,0.0,0.0,True,17.0
2019-03-09,Rhode Island Rams,94.0,home,0.0,0.0,True,19.0
2019-03-09,Massachusetts Minutemen,75.0,away,0.0,0.0,False,-19.0
2019-03-09,La Salle Explorers,72.0,home,0.0,0.0,True,15.0
2019-03-09,Fordham Rams,57.0,away,0.0,0.0,False,-15.0
2019-03-09,Arizona Wildcats,64.0,home,0.0,0.0,False,-8.0
2019-03-09,Arizona State Sun Devils,72.0,away,0.0,0.0,True,8.0
2019-03-09,Colorado Buffaloes,78.0,home,0.0,0.0,True,11.0
2019-03-09,USC Trojans,67.0,away,0.0,0.0,False,-11.0
2019-03-09,Abilene Christian Wildcats,81.0,home,0.0,0.0,True,29.0
2019-03-09,Incarnate Word Cardinals,52.0,away,0.0,0.0,False,-29.0
2019-03-09,Nicholls Colonels,69.0,home,0.0,0.0,True,6.0
2019-03-09,SE Louisiana Lions,63.0,away,0.0,0.0,False,-6.0
2019-03-09,Lamar Cardinals,83.0,home,0.0,0.0,True,25.0
2019-03-09,McNeese Cowboys,58.0,away,0.0,0.0,False,-25.0
2019-03-09,Georgia Southern Eagles,85.0,home,0.0,0.0,False,-5.0
2019-03-09,Georgia State Panthers,90.0,away,0.0,0.0,True,5.0
2019-03-09,Arkansas State Red Wolves,87.0,home,0.0,0.0,False,-3.0
2019-03-09,Louisiana Ragin' Cajuns,90.0,away,0.0,0.0,True,3.0
2019-03-09,Xavier Musketeers,81.0,home,0.0,0.0,True,13.0
2019-03-09,St. John's Red Storm,68.0,away,0.0,0.0,False,-13.0
2019-03-09,Stephen F. Austin Lumberjacks,57.0,home,0.0,0.0,False,-11.0
2019-03-09,Sam Houston Bearkats,68.0,away,0.0,0.0,True,11.0
2019-03-09,Mississippi Valley State Delta Devils,57.0,home,0.0,0.0,False,-34.0
2019-03-09,Arkansas-Pine Bluff Golden Lions,91.0,away,0.0,0.0,True,34.0
2019-03-09,UNC Greensboro Spartans,77.0,home,0.0,0.0,True,7.0
2019-03-09,Samford Bulldogs,70.0,away,0.0,0.0,False,-7.0
2019-03-09,Wyoming Cowboys,88.0,home,0.0,0.0,True,7.0
2019-03-09,New Mexico Lobos,81.0,away,0.0,0.0,False,-7.0
2019-03-09,Elon Phoenix,86.0,home,0.0,0.0,False,-7.0
2019-03-09,UNC Wilmington Seahawks,93.0,away,0.0,0.0,True,7.0
2019-03-09,Pennsylvania Quakers,58.0,home,0.0,0.0,True,7.0
2019-03-09,Brown Bears,51.0,away,0.0,0.0,False,-7.0
2019-03-09,Texas A&M-Corpus Christi Islanders,76.0,home,0.0,0.0,True,7.0
2019-03-09,Houston Christian Huskies,69.0,away,0.0,0.0,False,-7.0
2019-03-09,Arkansas Razorbacks,82.0,home,0.0,0.0,True,12.0
2019-03-09,Alabama Crimson Tide,70.0,away,0.0,0.0,False,-12.0
2019-03-09,Grambling Tigers,66.0,home,0.0,0.0,True,8.0
2019-03-09,Alabama A&M Bulldogs,58.0,away,0.0,0.0,False,-8.0
2019-03-09,Jackson State Tigers,82.0,home,0.0,0.0,True,12.0
2019-03-09,Alabama State Hornets,70.0,away,0.0,0.0,False,-12.0
2019-03-10,Quinnipiac Bobcats,92.0,home,0.0,0.0,False,-6.0
2019-03-10,Monmouth Hawks,98.0,away,0.0,0.0,True,6.0
2019-03-09,Princeton Tigers,59.0,home,0.0,0.0,False,-22.0
2019-03-09,Yale Bulldogs,81.0,away,0.0,0.0,True,22.0
2019-03-09,Prairie View A&M Panthers,98.0,home,0.0,0.0,True,34.0
2019-03-09,Alcorn State Braves,64.0,away,0.0,0.0,False,-34.0
2019-03-09,Richmond Spiders,69.0,home,0.0,0.0,False,-4.0
2019-03-09,Davidson Wildcats,73.0,away,0.0,0.0,True,4.0
2019-03-09,Drake Bulldogs,58.0,home,0.0,0.0,False,-2.0
2019-03-09,Northern Iowa Panthers,60.0,away,0.0,0.0,True,2.0
2019-03-10,Florida International Panthers,73.0,home,0.0,0.0,True,15.0
2019-03-10,North Texas Mean Green,58.0,away,0.0,0.0,False,-15.0
2019-03-10,Vermont Catamounts,73.0,home,0.0,0.0,True,16.0
2019-03-10,Maine Black Bears,57.0,away,0.0,0.0,False,-16.0
2019-03-10,Stony Brook Seawolves,72.0,home,0.0,0.0,False,-6.0
2019-03-10,Binghamton Bearcats,78.0,away,0.0,0.0,True,6.0
2019-03-10,South Dakota State Jackrabbits,76.0,home,0.0,0.0,False,-3.0
2019-03-10,Western Illinois Leathernecks,79.0,away,0.0,0.0,True,3.0
2019-03-10,Fresno State Bulldogs,121.0,home,0.0,0.0,True,40.0
2019-03-10,San José State Spartans,81.0,away,0.0,0.0,False,-40.0
2019-03-10,Boise State Broncos,80.0,home,0.0,0.0,True,28.0
2019-03-10,Air Force Falcons,52.0,away,0.0,0.0,False,-28.0
2019-03-10,Cornell Big Red,66.0,home,0.0,0.0,True,15.0
2019-03-10,Dartmouth Big Green,51.0,away,0.0,0.0,False,-15.0
2019-03-10,Columbia Lions,81.0,home,0.0,0.0,False,-2.0
2019-03-10,Harvard Crimson,83.0,away,0.0,0.0,True,2.0
2019-03-10,Utah Utes,92.0,home,0.0,0.0,True,11.0
2019-03-10,UCLA Bruins,81.0,away,0.0,0.0,False,-11.0
2019-03-10,Northern Colorado Bears,78.0,home,0.0,0.0,False,-11.0
2019-03-10,Northern Arizona Lumberjacks,89.0,away,0.0,0.0,True,11.0
2019-03-10,Rice Owls,70.0,home,0.0,0.0,False,-8.0
2019-03-10,Charlotte 49ers,78.0,away,0.0,0.0,True,8.0
2019-03-10,Duquesne Dukes,67.0,home,0.0,0.0,False,-11.0
2019-03-10,Dayton Flyers,78.0,away,0.0,0.0,True,11.0
2019-03-10,UC Davis Aggies,70.0,home,0.0,0.0,False,-1.0
2019-03-10,UC Riverside Highlanders,71.0,away,0.0,0.0,True,1.0
2019-03-10,Creighton Bluejays,91.0,home,0.0,0.0,True,13.0
2019-03-10,DePaul Blue Demons,78.0,away,0.0,0.0,False,-13.0
2019-03-10,Furman Paladins,85.0,home,0.0,0.0,True,11.0
2019-03-10,Mercer Bears,74.0,away,0.0,0.0,False,-11.0
2019-03-10,Belmont Bruins,65.0,home,0.0,0.0,False,-12.0
2019-03-10,Murray State Racers,77.0,away,0.0,0.0,True,12.0
2019-03-10,New Mexico State Aggies,75.0,home,0.0,0.0,True,12.0
2019-03-10,California Baptist Lancers,63.0,away,0.0,0.0,False,-12.0
2019-03-10,Tulane Green Wave,79.0,home,0.0,0.0,False,-3.0
2019-03-10,Wichita State Shockers,82.0,away,0.0,0.0,True,3.0
2019-03-10,Weber State Wildcats,77.0,home,0.0,0.0,False,-3.0
2019-03-10,Eastern Washington Eagles,80.0,away,0.0,0.0,True,3.0
2019-03-10,Middle Tennessee Blue Raiders,48.0,home,0.0,0.0,True,1.0
2019-03-10,UTEP Miners,47.0,away,0.0,0.0,False,-1.0
2019-03-10,Texas Southern Tigers,77.0,home,0.0,0.0,False,-10.0
2019-03-10,Southern Jaguars,87.0,away,0.0,0.0,True,10.0
2019-03-10,Rider Broncs,81.0,home,0.0,0.0,False,-6.0
2019-03-10,Siena Saints,87.0,away,0.0,0.0,True,6.0
2019-03-10,Utah Valley Wolverines,76.0,home,0.0,0.0,True,15.0
2019-03-10,Cal State Bakersfield Roadrunners,61.0,away,0.0,0.0,False,-15.0
2019-03-10,Idaho State Bengals,70.0,home,0.0,0.0,True,2.0
2019-03-10,Idaho Vandals,68.0,away,0.0,0.0,False,-2.0
2019-03-10,Omaha Mavericks,81.0,home,0.0,0.0,True,5.0
2019-03-10,North Dakota Fighting Hawks,76.0,away,0.0,0.0,False,-5.0
2019-03-10,Memphis Tigers,66.0,home,0.0,0.0,True,3.0
2019-03-10,Tulsa Golden Hurricane,63.0,away,0.0,0.0,False,-3.0
2019-03-10,Washington Huskies,47.0,home,0.0,0.0,False,-8.0
2019-03-10,Oregon Ducks,55.0,away,0.0,0.0,True,8.0
2019-03-10,San Francisco Dons,72.0,home,0.0,0.0,False,-17.0
2019-03-10,Pepperdine Waves,89.0,away,0.0,0.0,True,17.0
2019-03-10,Cal State Fullerton Titans,59.0,home,0.0,0.0,False,-12.0
2019-03-10,Hawai'i Rainbow Warriors,71.0,away,0.0,0.0,True,12.0
2019-03-10,UC Irvine Anteaters,86.0,home,0.0,0.0,True,12.0
2019-03-10,Cal State Northridge Matadors,74.0,away,0.0,0.0,False,-12.0
2019-03-10,Portland State Vikings,84.0,home,0.0,0.0,True,4.0
2019-03-10,Montana State Bobcats,80.0,away,0.0,0.0,False,-4.0
2019-03-10,Cal Poly Mustangs,82.0,home,0.0,0.0,False,-10.0
2019-03-10,UC Santa Barbara Gauchos,92.0,away,0.0,0.0,True,10.0
2019-03-10,Sacramento State Hornets,68.0,home,0.0,0.0,False,-18.0
2019-03-10,Montana Grizzlies,86.0,away,0.0,0.0,True,18.0
2019-03-10,BYU Cougars,57.0,home,0.0,0.0,False,-23.0
2019-03-10,San Diego Toreros,80.0,away,0.0,0.0,True,23.0
2019-03-16,Kentucky Wildcats,78.0,home,0.0,0.0,False,-4.0
2019-03-16,Tennessee Volunteers,82.0,away,0.0,0.0,True,4.0
2019-03-16,Utah State Aggies,64.0,home,0.0,0.0,True,7.0
2019-03-16,San Diego State Aztecs,57.0,away,0.0,0.0,False,-7.0
2019-03-16,Kansas Jayhawks,66.0,home,0.0,0.0,False,-12.0
2019-03-16,Iowa State Cyclones,78.0,away,0.0,0.0,True,12.0
2019-03-16,Prairie View A&M Panthers,92.0,home,0.0,0.0,True,6.0
2019-03-16,Texas Southern Tigers,86.0,away,0.0,0.0,False,-6.0
2019-03-16,Houston Cougars,61.0,home,0.0,0.0,True,3.0
2019-03-16,Memphis Tigers,58.0,away,0.0,0.0,False,-3.0
2019-03-16,St. Bonaventure Bonnies,68.0,home,0.0,0.0,True,17.0
2019-03-16,Rhode Island Rams,51.0,away,0.0,0.0,False,-17.0
2019-03-16,Vermont Catamounts,66.0,home,0.0,0.0,True,17.0
2019-03-16,UMBC Retrievers,49.0,away,0.0,0.0,False,-17.0
2019-03-16,Villanova Wildcats,74.0,home,0.0,0.0,True,2.0
2019-03-16,Seton Hall Pirates,72.0,away,0.0,0.0,False,-2.0
2019-03-16,Davidson Wildcats,44.0,home,0.0,0.0,False,-23.0
2019-03-16,Saint Louis Billikens,67.0,away,0.0,0.0,True,23.0
2019-03-16,Michigan Wolverines,76.0,home,0.0,0.0,True,27.0
2019-03-16,Minnesota Golden Gophers,49.0,away,0.0,0.0,False,-27.0
2019-03-16,Harvard Crimson,66.0,home,0.0,0.0,True,8.0
2019-03-16,Pennsylvania Quakers,58.0,away,0.0,0.0,False,-8.0
2019-03-16,Norfolk State Spartans,47.0,home,0.0,0.0,False,-3.0
2019-03-16,North Carolina Central Eagles,50.0,away,0.0,0.0,True,3.0
2019-03-16,UT Arlington Mavericks,67.0,home,0.0,0.0,True,9.0
2019-03-16,Georgia Southern Eagles,58.0,away,0.0,0.0,False,-9.0
2019-03-16,Buffalo Bulls,87.0,home,0.0,0.0,True,14.0
2019-03-16,Bowling Green Falcons,73.0,away,0.0,0.0,False,-14.0
2019-03-16,Yale Bulldogs,83.0,home,0.0,0.0,True,6.0
2019-03-16,Princeton Tigers,77.0,away,0.0,0.0,False,-6.0
2019-03-17,Montana Grizzlies,68.0,home,0.0,0.0,True,6.0
2019-03-17,Eastern Washington Eagles,62.0,away,0.0,0.0,False,-6.0
2019-03-16,Auburn Tigers,65.0,home,0.0,0.0,True,3.0
2019-03-16,Florida Gators,62.0,away,0.0,0.0,False,-3.0
2019-03-16,Cincinnati Bearcats,66.0,home,0.0,0.0,True,3.0
2019-03-16,Wichita State Shockers,63.0,away,0.0,0.0,False,-3.0
2019-03-16,Michigan State Spartans,67.0,home,0.0,0.0,True,12.0
2019-03-16,Wisconsin Badgers,55.0,away,0.0,0.0,False,-12.0
2019-03-16,Georgia State Panthers,59.0,home,0.0,0.0,True,13.0
2019-03-16,Texas State Bobcats,46.0,away,0.0,0.0,False,-13.0
2019-03-17,Duke Blue Devils,73.0,home,0.0,0.0,True,10.0
2019-03-17,Florida State Seminoles,63.0,away,0.0,0.0,False,-10.0
2019-03-17,Washington Huskies,48.0,home,0.0,0.0,False,-20.0
2019-03-17,Oregon Ducks,68.0,away,0.0,0.0,True,20.0
2019-03-17,Old Dominion Monarchs,62.0,home,0.0,0.0,True,6.0
2019-03-17,Western Kentucky Hilltoppers,56.0,away,0.0,0.0,False,-6.0
2019-03-17,Abilene Christian Wildcats,77.0,home,0.0,0.0,True,17.0
2019-03-17,New Orleans Privateers,60.0,away,0.0,0.0,False,-17.0
2019-03-17,UC Irvine Anteaters,92.0,home,0.0,0.0,True,28.0
2019-03-17,Cal State Fullerton Titans,64.0,away,0.0,0.0,False,-28.0
2019-03-17,New Mexico State Aggies,89.0,home,0.0,0.0,True,32.0
2019-03-17,Grand Canyon Lopes,57.0,away,0.0,0.0,False,-32.0
2019-03-15,Michigan State Spartans,77.0,home,0.0,0.0,True,7.0
2019-03-15,Ohio State Buckeyes,70.0,away,0.0,0.0,False,-7.0
2019-03-15,LSU Tigers,73.0,home,0.0,0.0,False,-3.0
2019-03-15,Florida Gators,76.0,away,0.0,0.0,True,3.0
2019-03-15,Wisconsin Badgers,66.0,home,0.0,0.0,True,4.0
2019-03-15,Nebraska Cornhuskers,62.0,away,0.0,0.0,False,-4.0
2019-03-15,Old Dominion Monarchs,61.0,home,0.0,0.0,True,2.0
2019-03-15,UAB Blazers,59.0,away,0.0,0.0,False,-2.0
2019-03-15,Western Kentucky Hilltoppers,70.0,home,0.0,0.0,True,11.0
2019-03-15,Southern Miss Golden Eagles,59.0,away,0.0,0.0,False,-11.0
2019-03-15,Purdue Boilermakers,73.0,home,0.0,0.0,False,-2.0
2019-03-15,Minnesota Golden Gophers,75.0,away,0.0,0.0,True,2.0
2019-03-15,Kansas State Wildcats,59.0,home,0.0,0.0,False,-4.0
2019-03-15,Iowa State Cyclones,63.0,away,0.0,0.0,True,4.0
2019-03-15,Villanova Wildcats,71.0,home,0.0,0.0,True,4.0
2019-03-15,Xavier Musketeers,67.0,away,0.0,0.0,False,-4.0
2019-03-15,Texas State Bobcats,79.0,home,0.0,0.0,True,12.0
2019-03-15,South Alabama Jaguars,67.0,away,0.0,0.0,False,-12.0
2019-03-15,Houston Cougars,84.0,home,0.0,0.0,True,39.0
2019-03-15,UConn Huskies,45.0,away,0.0,0.0,False,-39.0
2019-03-15,South Carolina Gamecocks,64.0,home,0.0,0.0,False,-9.0
2019-03-15,Auburn Tigers,73.0,away,0.0,0.0,True,9.0
2019-03-15,VCU Rams,70.0,home,0.0,0.0,False,-5.0
2019-03-15,Rhode Island Rams,75.0,away,0.0,0.0,True,5.0
2019-03-15,Norfolk State Spartans,75.0,home,0.0,0.0,True,6.0
2019-03-15,Howard Bison,69.0,away,0.0,0.0,False,-6.0
2019-03-15,Buffalo Bulls,85.0,home,0.0,0.0,True,4.0
2019-03-15,Central Michigan Chippewas,81.0,away,0.0,0.0,False,-4.0
2019-03-15,UCF Knights,55.0,home,0.0,0.0,False,-24.0
2019-03-15,Memphis Tigers,79.0,away,0.0,0.0,True,24.0
2019-03-15,Cincinnati Bearcats,82.0,home,0.0,0.0,True,8.0
2019-03-15,SMU Mustangs,74.0,away,0.0,0.0,False,-8.0
2019-03-15,Sam Houston Bearkats,76.0,home,0.0,0.0,False,-3.0
2019-03-15,New Orleans Privateers,79.0,away,0.0,0.0,True,3.0
2019-03-15,St. Bonaventure Bonnies,68.0,home,0.0,0.0,True,11.0
2019-03-15,George Mason Patriots,57.0,away,0.0,0.0,False,-11.0
2019-03-15,Prairie View A&M Panthers,81.0,home,0.0,0.0,True,10.0
2019-03-15,Grambling Tigers,71.0,away,0.0,0.0,False,-10.0
2019-03-15,Davidson Wildcats,70.0,home,0.0,0.0,True,10.0
2019-03-15,Saint Joseph's Hawks,60.0,away,0.0,0.0,False,-10.0
2019-03-16,North Carolina A&T Aggies,63.0,home,0.0,0.0,False,-2.0
2019-03-16,North Carolina Central Eagles,65.0,away,0.0,0.0,True,2.0
2019-03-16,Georgia Southern Eagles,81.0,home,0.0,0.0,True,14.0
2019-03-16,UL Monroe Warhawks,67.0,away,0.0,0.0,False,-14.0
2019-03-16,New Mexico State Aggies,79.0,home,0.0,0.0,True,7.0
2019-03-16,UT Rio Grande Valley Vaqueros,72.0,away,0.0,0.0,False,-7.0
2019-03-16,Abilene Christian Wildcats,69.0,home,0.0,0.0,True,3.0
2019-03-16,SE Louisiana Lions,66.0,away,0.0,0.0,False,-3.0
2019-03-16,Nevada Wolf Pack,56.0,home,0.0,0.0,False,-9.0
2019-03-16,San Diego State Aztecs,65.0,away,0.0,0.0,True,9.0
2019-03-15,Virginia Cavaliers,59.0,home,0.0,0.0,False,-10.0
2019-03-15,Florida State Seminoles,69.0,away,0.0,0.0,True,10.0
2019-03-16,Texas Southern Tigers,80.0,home,0.0,0.0,True,14.0
2019-03-16,Alabama State Hornets,66.0,away,0.0,0.0,False,-14.0
2019-03-16,Temple Owls,74.0,home,0.0,0.0,False,-6.0
2019-03-16,Wichita State Shockers,80.0,away,0.0,0.0,True,6.0
2019-03-15,Kentucky Wildcats,73.0,home,0.0,0.0,True,18.0
2019-03-15,Alabama Crimson Tide,55.0,away,0.0,0.0,False,-18.0
2019-03-16,Bowling Green Falcons,71.0,home,0.0,0.0,True,4.0
2019-03-16,Northern Illinois Huskies,67.0,away,0.0,0.0,False,-4.0
2019-03-16,Dayton Flyers,55.0,home,0.0,0.0,False,-9.0
2019-03-16,Saint Louis Billikens,64.0,away,0.0,0.0,True,9.0
2019-03-15,Montana Grizzlies,78.0,home,0.0,0.0,True,29.0
2019-03-15,Weber State Wildcats,49.0,away,0.0,0.0,False,-29.0
2019-03-16,Washington Huskies,66.0,home,0.0,0.0,True,5.0
2019-03-16,Colorado Buffaloes,61.0,away,0.0,0.0,False,-5.0
2019-03-16,Eastern Washington Eagles,77.0,home,0.0,0.0,True,16.0
2019-03-16,Southern Utah Thunderbirds,61.0,away,0.0,0.0,False,-16.0
2019-03-16,Kansas Jayhawks,88.0,home,0.0,0.0,True,14.0
2019-03-16,West Virginia Mountaineers,74.0,away,0.0,0.0,False,-14.0
2019-03-16,Michigan Wolverines,74.0,home,0.0,0.0,True,21.0
2019-03-16,Iowa Hawkeyes,53.0,away,0.0,0.0,False,-21.0
2019-03-16,Marquette Golden Eagles,79.0,home,0.0,0.0,False,-2.0
2019-03-16,Seton Hall Pirates,81.0,away,0.0,0.0,True,2.0
2019-03-16,UC Irvine Anteaters,75.0,home,0.0,0.0,True,8.0
2019-03-16,Long Beach State Beach,67.0,away,0.0,0.0,False,-8.0
2019-03-16,North Carolina Tar Heels,73.0,home,0.0,0.0,False,-1.0
2019-03-16,Duke Blue Devils,74.0,away,0.0,0.0,True,1.0
2019-03-16,Tennessee Volunteers,83.0,home,0.0,0.0,True,7.0
2019-03-16,Mississippi State Bulldogs,76.0,away,0.0,0.0,False,-7.0
2019-03-16,Utah State Aggies,85.0,home,0.0,0.0,True,25.0
2019-03-16,Fresno State Bulldogs,60.0,away,0.0,0.0,False,-25.0
2019-03-16,Arizona State Sun Devils,75.0,home,0.0,0.0,False,-4.0
2019-03-16,Oregon Ducks,79.0,away,0.0,0.0,True,4.0
2019-03-16,Utah Valley Wolverines,74.0,home,0.0,0.0,False,-4.0
2019-03-16,Grand Canyon Lopes,78.0,away,0.0,0.0,True,4.0
2019-03-16,UC Santa Barbara Gauchos,58.0,home,0.0,0.0,False,-6.0
2019-03-16,Cal State Fullerton Titans,64.0,away,0.0,0.0,True,6.0
2019-03-19,Prairie View A&M Panthers,76.0,home,0.0,0.0,False,-6.0
2019-03-19,Fairleigh Dickinson Knights,82.0,away,0.0,0.0,True,6.0
2019-03-19,Indiana Hoosiers,89.0,home,0.0,0.0,True,17.0
2019-03-19,Saint Francis Red Flash,72.0,away,0.0,0.0,False,-17.0
2019-03-19,UNC Greensboro Spartans,84.0,home,0.0,0.0,True,15.0
2019-03-19,Campbell Fighting Camels,69.0,away,0.0,0.0,False,-15.0
2019-03-20,Memphis Tigers,74.0,home,0.0,0.0,True,14.0
2019-03-20,San Diego Toreros,60.0,away,0.0,0.0,False,-14.0
2019-03-20,Texas Longhorns,79.0,home,0.0,0.0,True,6.0
2019-03-20,South Dakota State Jackrabbits,73.0,away,0.0,0.0,False,-6.0
2019-03-20,Colorado Buffaloes,78.0,home,0.0,0.0,True,5.0
2019-03-20,Dayton Flyers,73.0,away,0.0,0.0,False,-5.0
2019-03-19,NC State Wolfpack,84.0,home,0.0,0.0,True,6.0
2019-03-19,Hofstra Pride,78.0,away,0.0,0.0,False,-6.0
2019-03-20,Utah Valley Wolverines,92.0,home,0.0,0.0,True,8.0
2019-03-20,Cal State Northridge Matadors,84.0,away,0.0,0.0,False,-8.0
2019-03-20,Creighton Bluejays,70.0,home,0.0,0.0,True,9.0
2019-03-20,Loyola Chicago Ramblers,61.0,away,0.0,0.0,False,-9.0
2019-03-20,Belmont Bruins,81.0,home,0.0,0.0,True,11.0
2019-03-20,Temple Owls,70.0,away,0.0,0.0,False,-11.0
2019-03-19,Clemson Tigers,75.0,home,0.0,0.0,True,6.0
2019-03-19,Wright State Raiders,69.0,away,0.0,0.0,False,-6.0
2019-03-19,Marshall Thundering Herd,78.0,home,0.0,0.0,True,5.0
2019-03-19,IU Indianapolis Jaguars,73.0,away,0.0,0.0,False,-5.0
2019-03-19,Davidson Wildcats,81.0,home,0.0,0.0,False,-8.0
2019-03-19,Lipscomb Bisons,89.0,away,0.0,0.0,True,8.0
2019-03-20,Providence Friars,72.0,home,0.0,0.0,False,-12.0
2019-03-20,Arkansas Razorbacks,84.0,away,0.0,0.0,True,12.0
2019-03-19,Robert Morris Colonials,98.0,home,0.0,0.0,True,9.0
2019-03-19,Cornell Big Red,89.0,away,0.0,0.0,False,-9.0
2019-03-21,Auburn Tigers,78.0,home,0.0,0.0,True,1.0
2019-03-21,New Mexico State Aggies,77.0,away,0.0,0.0,False,-1.0
2019-03-21,Florida State Seminoles,76.0,home,0.0,0.0,True,7.0
2019-03-21,Vermont Catamounts,69.0,away,0.0,0.0,False,-7.0
2019-03-21,Villanova Wildcats,61.0,home,0.0,0.0,True,4.0
2019-03-21,Saint Mary's Gaels,57.0,away,0.0,0.0,False,-4.0
2019-03-21,Charleston Southern Buccaneers,68.0,home,0.0,0.0,True,2.0
2019-03-21,Florida Atlantic Owls,66.0,away,0.0,0.0,False,-2.0
2019-03-22,Michigan Wolverines,74.0,home,0.0,0.0,True,19.0
2019-03-22,Montana Grizzlies,55.0,away,0.0,0.0,False,-19.0
2019-03-21,Kentucky Wildcats,79.0,home,0.0,0.0,True,35.0
2019-03-21,Abilene Christian Wildcats,44.0,away,0.0,0.0,False,-35.0
2019-03-21,Nevada Wolf Pack,61.0,home,0.0,0.0,False,-9.0
2019-03-21,Florida Gators,70.0,away,0.0,0.0,True,9.0
2019-03-21,Marquette Golden Eagles,64.0,home,0.0,0.0,False,-19.0
2019-03-21,Murray State Racers,83.0,away,0.0,0.0,True,19.0
2019-03-22,Cal State Fullerton Titans,58.0,home,0.0,0.0,False,-8.0
2019-03-22,Cal State Bakersfield Roadrunners,66.0,away,0.0,0.0,True,8.0
2019-03-22,UL Monroe Warhawks,87.0,home,0.0,0.0,True,10.0
2019-03-22,Kent State Golden Flashes,77.0,away,0.0,0.0,False,-10.0
2019-03-21,Louisville Cardinals,76.0,home,0.0,0.0,False,-10.0
2019-03-21,Minnesota Golden Gophers,86.0,away,0.0,0.0,True,10.0
2019-03-21,Kansas Jayhawks,87.0,home,0.0,0.0,True,34.0
2019-03-21,Northeastern Huskies,53.0,away,0.0,0.0,False,-34.0
2019-03-21,Maryland Terrapins,79.0,home,0.0,0.0,True,2.0
2019-03-21,Belmont Bruins,77.0,away,0.0,0.0,False,-2.0
2019-03-21,LSU Tigers,79.0,home,0.0,0.0,True,5.0
2019-03-21,Yale Bulldogs,74.0,away,0.0,0.0,False,-5.0
2019-03-22,Syracuse Orange,69.0,home,0.0,0.0,False,-9.0
2019-03-22,Baylor Bears,78.0,away,0.0,0.0,True,9.0
2019-03-21,Michigan State Spartans,76.0,home,0.0,0.0,True,11.0
2019-03-21,Bradley Braves,65.0,away,0.0,0.0,False,-11.0
2019-03-22,Purdue Boilermakers,61.0,home,0.0,0.0,True,13.0
2019-03-22,Old Dominion Monarchs,48.0,away,0.0,0.0,False,-13.0
2019-03-22,Wofford Terriers,84.0,home,0.0,0.0,True,16.0
2019-03-22,Seton Hall Pirates,68.0,away,0.0,0.0,False,-16.0
2019-03-21,Gonzaga Bulldogs,87.0,home,0.0,0.0,True,38.0
2019-03-21,Fairleigh Dickinson Knights,49.0,away,0.0,0.0,False,-38.0
2019-03-21,Hampton Pirates,81.0,home,0.0,0.0,True,9.0
2019-03-21,St. Francis Brooklyn Terriers,72.0,away,0.0,0.0,False,-9.0
2019-03-22,Texas Tech Red Raiders,72.0,home,0.0,0.0,True,15.0
2019-03-22,Northern Kentucky Norse,57.0,away,0.0,0.0,False,-15.0
2019-03-22,Cincinnati Bearcats,72.0,home,0.0,0.0,False,-7.0
2019-03-22,Iowa Hawkeyes,79.0,away,0.0,0.0,True,7.0
2019-03-22,Houston Cougars,84.0,home,0.0,0.0,True,29.0
2019-03-22,Georgia State Panthers,55.0,away,0.0,0.0,False,-29.0
2019-03-22,Ole Miss Rebels,72.0,home,0.0,0.0,False,-23.0
2019-03-22,Oklahoma Sooners,95.0,away,0.0,0.0,True,23.0
2019-03-22,Kansas State Wildcats,64.0,home,0.0,0.0,False,-6.0
2019-03-22,UC Irvine Anteaters,70.0,away,0.0,0.0,True,6.0
2019-03-22,Utah State Aggies,61.0,home,0.0,0.0,False,-17.0
2019-03-22,Washington Huskies,78.0,away,0.0,0.0,True,17.0
2019-03-22,Wisconsin Badgers,54.0,home,0.0,0.0,False,-18.0
2019-03-22,Oregon Ducks,72.0,away,0.0,0.0,True,18.0
2019-03-23,North Carolina Tar Heels,88.0,home,0.0,0.0,True,15.0
2019-03-23,Iona Gaels,73.0,away,0.0,0.0,False,-15.0
2019-03-22,Tennessee Volunteers,77.0,home,0.0,0.0,True,7.0
2019-03-22,Colgate Raiders,70.0,away,0.0,0.0,False,-7.0
2019-03-22,Mississippi State Bulldogs,76.0,home,0.0,0.0,False,-4.0
2019-03-22,Liberty Flames,80.0,away,0.0,0.0,True,4.0
2019-03-22,Buffalo Bulls,91.0,home,0.0,0.0,True,17.0
2019-03-22,Arizona State Sun Devils,74.0,away,0.0,0.0,False,-17.0
2019-03-22,Virginia Cavaliers,71.0,home,0.0,0.0,True,15.0
2019-03-22,Gardner-Webb Runnin' Bulldogs,56.0,away,0.0,0.0,False,-15.0
2019-03-22,Duke Blue Devils,85.0,home,0.0,0.0,True,23.0
2019-03-22,North Dakota State Bison,62.0,away,0.0,0.0,False,-23.0
2019-03-23,Creighton Bluejays,79.0,home,0.0,0.0,True,12.0
2019-03-23,Memphis Tigers,67.0,away,0.0,0.0,False,-12.0
2019-03-23,Virginia Tech Hokies,66.0,home,0.0,0.0,True,14.0
2019-03-23,Saint Louis Billikens,52.0,away,0.0,0.0,False,-14.0
2019-03-23,Iowa State Cyclones,59.0,home,0.0,0.0,False,-3.0
2019-03-23,Ohio State Buckeyes,62.0,away,0.0,0.0,True,3.0
2019-03-23,VCU Rams,58.0,home,0.0,0.0,False,-15.0
2019-03-23,UCF Knights,73.0,away,0.0,0.0,True,15.0
2019-03-23,Southern Utah Thunderbirds,80.0,home,0.0,0.0,True,7.0
2019-03-23,Drake Bulldogs,73.0,away,0.0,0.0,False,-7.0
2019-03-20,Georgetown Hoyas,68.0,home,0.0,0.0,False,-3.0
2019-03-20,Harvard Crimson,71.0,away,0.0,0.0,True,3.0
2019-03-20,East Tennessee State Buccaneers,94.0,home,0.0,0.0,False,-8.0
2019-03-20,Green Bay Phoenix,102.0,away,0.0,0.0,True,8.0
2019-03-20,Furman Paladins,70.0,home,0.0,0.0,False,-6.0
2019-03-20,Wichita State Shockers,76.0,away,0.0,0.0,True,6.0
2019-03-20,Brown Bears,83.0,home,0.0,0.0,True,5.0
2019-03-20,UAB Blazers,78.0,away,0.0,0.0,False,-5.0
2019-03-21,TCU Horned Frogs,82.0,home,0.0,0.0,True,13.0
2019-03-21,Sam Houston Bearkats,69.0,away,0.0,0.0,False,-13.0
2019-03-20,Coastal Carolina Chanticleers,81.0,home,0.0,0.0,True,9.0
2019-03-20,Howard Bison,72.0,away,0.0,0.0,False,-9.0
2019-03-20,Xavier Musketeers,78.0,home,0.0,0.0,True,14.0
2019-03-20,Toledo Rockets,64.0,away,0.0,0.0,False,-14.0
2019-03-21,Nebraska Cornhuskers,80.0,home,0.0,0.0,True,4.0
2019-03-21,Butler Bulldogs,76.0,away,0.0,0.0,False,-4.0
2019-03-20,Alabama Crimson Tide,79.0,home,0.0,0.0,False,-1.0
2019-03-20,Norfolk State Spartans,80.0,away,0.0,0.0,True,1.0
2019-03-21,Seattle U Redhawks,68.0,home,0.0,0.0,False,-5.0
2019-03-21,Presbyterian Blue Hose,73.0,away,0.0,0.0,True,5.0
2019-03-21,New Orleans Privateers,89.0,home,0.0,0.0,False,-6.0
2019-03-21,Texas Southern Tigers,95.0,away,0.0,0.0,True,6.0
2019-03-20,South Florida Bulls,82.0,home,0.0,0.0,True,3.0
2019-03-20,Stony Brook Seawolves,79.0,away,0.0,0.0,False,-3.0
2019-03-20,Longwood Lancers,90.0,home,0.0,0.0,True,22.0
2019-03-20,Southern Miss Golden Eagles,68.0,away,0.0,0.0,False,-22.0
2019-03-20,West Virginia Mountaineers,77.0,home,0.0,0.0,True,14.0
2019-03-20,Grand Canyon Lopes,63.0,away,0.0,0.0,False,-14.0
2019-03-21,California Baptist Lancers,55.0,home,0.0,0.0,False,-1.0
2019-03-21,Loyola Marymount Lions,56.0,away,0.0,0.0,True,1.0
2019-03-21,UT Rio Grande Valley Vaqueros,74.0,home,0.0,0.0,True,1.0
2019-03-21,Grambling Tigers,73.0,away,0.0,0.0,False,-1.0
2019-03-21,DePaul Blue Demons,100.0,home,0.0,0.0,True,14.0
2019-03-21,Central Michigan Chippewas,86.0,away,0.0,0.0,False,-14.0
2019-03-21,Arizona State Sun Devils,74.0,home,0.0,0.0,True,9.0
2019-03-21,St. John's Red Storm,65.0,away,0.0,0.0,False,-9.0
2019-03-20,North Dakota State Bison,78.0,home,0.0,0.0,True,4.0
2019-03-20,North Carolina Central Eagles,74.0,away,0.0,0.0,False,-4.0
2019-03-28,Gonzaga Bulldogs,72.0,home,0.0,0.0,True,14.0
2019-03-28,Florida State Seminoles,58.0,away,0.0,0.0,False,-14.0
2019-03-28,Tennessee Volunteers,94.0,home,0.0,0.0,False,-5.0
2019-03-28,Purdue Boilermakers,99.0,away,0.0,0.0,True,5.0
2019-03-28,South Florida Bulls,56.0,home,0.0,0.0,True,9.0
2019-03-28,Loyola Marymount Lions,47.0,away,0.0,0.0,False,-9.0
2019-03-29,UL Monroe Warhawks,102.0,home,0.0,0.0,False,-6.0
2019-03-29,Texas Southern Tigers,108.0,away,0.0,0.0,True,6.0
2019-03-28,NJIT Highlanders,70.0,home,0.0,0.0,False,-12.0
2019-03-28,Hampton Pirates,82.0,away,0.0,0.0,True,12.0
2019-03-29,Virginia Cavaliers,53.0,home,0.0,0.0,True,4.0
2019-03-29,Oregon Ducks,49.0,away,0.0,0.0,False,-4.0
2019-03-29,Michigan Wolverines,44.0,home,0.0,0.0,False,-19.0
2019-03-29,Texas Tech Red Raiders,63.0,away,0.0,0.0,True,19.0
2019-03-14,New Mexico State Aggies,86.0,home,0.0,0.0,True,37.0
2019-03-14,Chicago State Cougars,49.0,away,0.0,0.0,False,-37.0
2019-03-14,Maryland Terrapins,61.0,home,0.0,0.0,False,-8.0
2019-03-14,Nebraska Cornhuskers,69.0,away,0.0,0.0,True,8.0
2019-03-14,Florida State Seminoles,65.0,home,0.0,0.0,True,2.0
2019-03-14,Virginia Tech Hokies,63.0,away,0.0,0.0,False,-2.0
2019-03-14,Auburn Tigers,81.0,home,0.0,0.0,True,10.0
2019-03-14,Missouri Tigers,71.0,away,0.0,0.0,False,-10.0
2019-03-14,Kansas State Wildcats,70.0,home,0.0,0.0,True,9.0
2019-03-14,TCU Horned Frogs,61.0,away,0.0,0.0,False,-9.0
2019-03-14,Baylor Bears,66.0,home,0.0,0.0,False,-17.0
2019-03-14,Iowa State Cyclones,83.0,away,0.0,0.0,True,17.0
2019-03-14,Florida Gators,66.0,home,0.0,0.0,True,16.0
2019-03-14,Arkansas Razorbacks,50.0,away,0.0,0.0,False,-16.0
2019-03-14,South Florida Bulls,73.0,home,0.0,0.0,False,-7.0
2019-03-14,UConn Huskies,80.0,away,0.0,0.0,True,7.0
2019-03-14,Ohio State Buckeyes,79.0,home,0.0,0.0,True,4.0
2019-03-14,Indiana Hoosiers,75.0,away,0.0,0.0,False,-4.0
2019-03-14,Washington Huskies,78.0,home,0.0,0.0,True,3.0
2019-03-14,USC Trojans,75.0,away,0.0,0.0,False,-3.0
2019-03-14,Xavier Musketeers,63.0,home,0.0,0.0,True,2.0
2019-03-14,Creighton Bluejays,61.0,away,0.0,0.0,False,-2.0
2019-03-14,Buffalo Bulls,82.0,home,0.0,0.0,True,36.0
2019-03-14,Akron Zips,46.0,away,0.0,0.0,False,-36.0
2019-03-14,Villanova Wildcats,73.0,home,0.0,0.0,True,11.0
2019-03-14,Providence Friars,62.0,away,0.0,0.0,False,-11.0
2019-03-14,Rhode Island Rams,76.0,home,0.0,0.0,True,19.0
2019-03-14,La Salle Explorers,57.0,away,0.0,0.0,False,-19.0
2019-03-14,UC Santa Barbara Gauchos,71.0,home,0.0,0.0,True,3.0
2019-03-14,Cal State Northridge Matadors,68.0,away,0.0,0.0,False,-3.0
2019-03-14,George Mason Patriots,61.0,home,0.0,0.0,True,4.0
2019-03-14,George Washington Revolutionaries,57.0,away,0.0,0.0,False,-4.0
2019-03-14,Kent State Golden Flashes,81.0,home,0.0,0.0,False,-8.0
2019-03-14,Central Michigan Chippewas,89.0,away,0.0,0.0,True,8.0
2019-03-14,Nevada Wolf Pack,77.0,home,0.0,0.0,True,8.0
2019-03-14,Boise State Broncos,69.0,away,0.0,0.0,False,-8.0
2019-03-14,Virginia Cavaliers,76.0,home,0.0,0.0,True,20.0
2019-03-14,NC State Wolfpack,56.0,away,0.0,0.0,False,-20.0
2019-03-14,Montana Grizzlies,79.0,home,0.0,0.0,True,6.0
2019-03-14,Sacramento State Hornets,73.0,away,0.0,0.0,False,-6.0
2019-03-14,Weber State Wildcats,81.0,home,0.0,0.0,True,10.0
2019-03-14,Portland State Vikings,71.0,away,0.0,0.0,False,-10.0
2019-03-14,Duquesne Dukes,86.0,home,0.0,0.0,False,-6.0
2019-03-14,Saint Joseph's Hawks,92.0,away,0.0,0.0,True,6.0
2019-03-14,San Diego State Aztecs,63.0,home,0.0,0.0,True,8.0
2019-03-14,UNLV Rebels,55.0,away,0.0,0.0,False,-8.0
2019-03-14,Toledo Rockets,76.0,home,0.0,0.0,False,-4.0
2019-03-14,Northern Illinois Huskies,80.0,away,0.0,0.0,True,4.0
2019-03-14,New Orleans Privateers,76.0,home,0.0,0.0,True,4.0
2019-03-14,Lamar Cardinals,72.0,away,0.0,0.0,False,-4.0
2019-03-14,Old Dominion Monarchs,57.0,home,0.0,0.0,True,1.0
2019-03-14,Louisiana Tech Bulldogs,56.0,away,0.0,0.0,False,-1.0
2019-03-14,Cal State Fullerton Titans,75.0,home,0.0,0.0,True,4.0
2019-03-14,UC Davis Aggies,71.0,away,0.0,0.0,False,-4.0
2019-03-14,Oregon State Beavers,58.0,home,0.0,0.0,False,-15.0
2019-03-14,Colorado Buffaloes,73.0,away,0.0,0.0,True,15.0
2019-03-14,Memphis Tigers,83.0,home,0.0,0.0,True,15.0
2019-03-14,Tulane Green Wave,68.0,away,0.0,0.0,False,-15.0
2019-03-14,UT Rio Grande Valley Vaqueros,85.0,home,0.0,0.0,True,15.0
2019-03-14,Cal State Bakersfield Roadrunners,70.0,away,0.0,0.0,False,-15.0
2019-03-14,North Carolina Central Eagles,75.0,home,0.0,0.0,True,18.0
2019-03-14,Delaware State Hornets,57.0,away,0.0,0.0,False,-18.0
2019-03-14,Louisiana Ragin' Cajuns,69.0,home,0.0,0.0,False,-1.0
2019-03-14,South Alabama Jaguars,70.0,away,0.0,0.0,True,1.0
2019-03-14,Minnesota Golden Gophers,77.0,home,0.0,0.0,True,5.0
2019-03-14,Penn State Nittany Lions,72.0,away,0.0,0.0,False,-5.0
2019-03-14,UTSA Roadrunners,76.0,home,0.0,0.0,False,-9.0
2019-03-14,UAB Blazers,85.0,away,0.0,0.0,True,9.0
2019-03-15,Howard Bison,80.0,home,0.0,0.0,True,9.0
2019-03-15,Bethune-Cookman Wildcats,71.0,away,0.0,0.0,False,-9.0
2019-03-14,Marquette Golden Eagles,86.0,home,0.0,0.0,True,32.0
2019-03-14,St. John's Red Storm,54.0,away,0.0,0.0,False,-32.0
2019-03-14,Texas Tech Red Raiders,74.0,home,0.0,0.0,False,-5.0
2019-03-14,West Virginia Mountaineers,79.0,away,0.0,0.0,True,5.0
2019-03-14,North Carolina Tar Heels,83.0,home,0.0,0.0,True,13.0
2019-03-14,Louisville Cardinals,70.0,away,0.0,0.0,False,-13.0
2019-03-14,Ole Miss Rebels,57.0,home,0.0,0.0,False,-5.0
2019-03-14,Alabama Crimson Tide,62.0,away,0.0,0.0,True,5.0
2019-03-14,Northern Colorado Bears,64.0,home,0.0,0.0,False,-19.0
2019-03-14,Southern Utah Thunderbirds,83.0,away,0.0,0.0,True,19.0
2019-03-15,Coastal Carolina Chanticleers,50.0,home,0.0,0.0,False,-30.0
2019-03-15,UL Monroe Warhawks,80.0,away,0.0,0.0,True,30.0
2019-03-15,Tulsa Golden Hurricane,65.0,home,0.0,0.0,False,-9.0
2019-03-15,SMU Mustangs,74.0,away,0.0,0.0,True,9.0
2019-03-15,UC Irvine Anteaters,63.0,home,0.0,0.0,True,19.0
2019-03-15,UC Riverside Highlanders,44.0,away,0.0,0.0,False,-19.0
2019-03-15,Utah State Aggies,91.0,home,0.0,0.0,True,8.0
2019-03-15,New Mexico Lobos,83.0,away,0.0,0.0,False,-8.0
2019-03-15,Mississippi State Bulldogs,80.0,home,0.0,0.0,True,26.0
2019-03-15,Texas A&M Aggies,54.0,away,0.0,0.0,False,-26.0
2019-03-15,Bowling Green Falcons,99.0,home,0.0,0.0,True,13.0
2019-03-15,Ball State Cardinals,86.0,away,0.0,0.0,False,-13.0
2019-03-15,Kansas Jayhawks,65.0,home,0.0,0.0,True,8.0
2019-03-15,Texas Longhorns,57.0,away,0.0,0.0,False,-8.0
2019-03-15,SE Louisiana Lions,79.0,home,0.0,0.0,True,14.0
2019-03-15,Central Arkansas Bears,65.0,away,0.0,0.0,False,-14.0
2019-03-15,Saint Louis Billikens,71.0,home,0.0,0.0,True,3.0
2019-03-15,Richmond Spiders,68.0,away,0.0,0.0,False,-3.0
2019-03-15,Duke Blue Devils,84.0,home,0.0,0.0,True,12.0
2019-03-15,Syracuse Orange,72.0,away,0.0,0.0,False,-12.0
2019-03-15,Utah Valley Wolverines,71.0,home,0.0,0.0,True,7.0
2019-03-15,Kansas City Roos,64.0,away,0.0,0.0,False,-7.0
2019-03-15,Iowa Hawkeyes,83.0,home,0.0,0.0,True,21.0
2019-03-15,Illinois Fighting Illini,62.0,away,0.0,0.0,False,-21.0
2019-03-15,Western Kentucky Hilltoppers,67.0,home,0.0,0.0,True,16.0
2019-03-15,North Texas Mean Green,51.0,away,0.0,0.0,False,-16.0
2019-03-15,Eastern Washington Eagles,90.0,home,0.0,0.0,True,6.0
2019-03-15,Montana State Bobcats,84.0,away,0.0,0.0,False,-6.0
2019-03-15,Arizona State Sun Devils,83.0,home,0.0,0.0,True,11.0
2019-03-15,UCLA Bruins,72.0,away,0.0,0.0,False,-11.0
2019-03-15,Seton Hall Pirates,73.0,home,0.0,0.0,True,16.0
2019-03-15,Georgetown Hoyas,57.0,away,0.0,0.0,False,-16.0
2019-03-15,Hawai'i Rainbow Warriors,66.0,home,0.0,0.0,False,-2.0
2019-03-15,Long Beach State Beach,68.0,away,0.0,0.0,True,2.0
2019-03-15,Southern Miss Golden Eagles,82.0,home,0.0,0.0,True,9.0
2019-03-15,Marshall Thundering Herd,73.0,away,0.0,0.0,False,-9.0
2019-03-15,Wichita State Shockers,73.0,home,0.0,0.0,True,16.0
2019-03-15,East Carolina Pirates,57.0,away,0.0,0.0,False,-16.0
2019-03-15,Grand Canyon Lopes,84.0,home,0.0,0.0,True,9.0
2019-03-15,Seattle U Redhawks,75.0,away,0.0,0.0,False,-9.0
2019-03-15,Utah Utes,54.0,home,0.0,0.0,False,-12.0
2019-03-15,Oregon Ducks,66.0,away,0.0,0.0,True,12.0
2019-03-15,Fresno State Bulldogs,76.0,home,0.0,0.0,True,26.0
2019-03-15,Air Force Falcons,50.0,away,0.0,0.0,False,-26.0
2019-03-23,Michigan Wolverines,64.0,home,0.0,0.0,True,15.0
2019-03-23,Florida Gators,49.0,away,0.0,0.0,False,-15.0
2019-03-23,Kentucky Wildcats,62.0,home,0.0,0.0,True,6.0
2019-03-23,Wofford Terriers,56.0,away,0.0,0.0,False,-6.0
2019-03-23,Texas State Bobcats,81.0,home,0.0,0.0,False,-6.0
2019-03-23,Florida International Panthers,87.0,away,0.0,0.0,True,6.0
2019-03-24,Kansas Jayhawks,75.0,home,0.0,0.0,False,-14.0
2019-03-24,Auburn Tigers,89.0,away,0.0,0.0,True,14.0
2019-03-24,Purdue Boilermakers,87.0,home,0.0,0.0,True,26.0
2019-03-24,Villanova Wildcats,61.0,away,0.0,0.0,False,-26.0
2019-03-24,Michigan State Spartans,70.0,home,0.0,0.0,True,20.0
2019-03-24,Minnesota Golden Gophers,50.0,away,0.0,0.0,False,-20.0
2019-03-23,Gonzaga Bulldogs,83.0,home,0.0,0.0,True,12.0
2019-03-23,Baylor Bears,71.0,away,0.0,0.0,False,-12.0
2019-03-23,LSU Tigers,69.0,home,0.0,0.0,True,2.0
2019-03-23,Maryland Terrapins,67.0,away,0.0,0.0,False,-2.0
2019-03-23,Indiana Hoosiers,63.0,home,0.0,0.0,True,3.0
2019-03-23,Arkansas Razorbacks,60.0,away,0.0,0.0,False,-3.0
2019-03-23,UNC Greensboro Spartans,69.0,home,0.0,0.0,False,-17.0
2019-03-23,Lipscomb Bisons,86.0,away,0.0,0.0,True,17.0
2019-03-23,Florida State Seminoles,90.0,home,0.0,0.0,True,28.0
2019-03-23,Murray State Racers,62.0,away,0.0,0.0,False,-28.0
2019-03-24,Tennessee Volunteers,83.0,home,0.0,0.0,True,6.0
2019-03-24,Iowa Hawkeyes,77.0,away,0.0,0.0,False,-6.0
2019-03-25,Houston Cougars,74.0,home,0.0,0.0,True,15.0
2019-03-25,Ohio State Buckeyes,59.0,away,0.0,0.0,False,-15.0
2019-03-24,Duke Blue Devils,77.0,home,0.0,0.0,True,1.0
2019-03-24,UCF Knights,76.0,away,0.0,0.0,False,-1.0
2019-03-24,North Carolina Tar Heels,81.0,home,0.0,0.0,True,22.0
2019-03-24,Washington Huskies,59.0,away,0.0,0.0,False,-22.0
2019-03-24,NC State Wolfpack,78.0,home,0.0,0.0,True,1.0
2019-03-24,Harvard Crimson,77.0,away,0.0,0.0,False,-1.0
2019-03-24,Virginia Tech Hokies,67.0,home,0.0,0.0,True,9.0
2019-03-24,Liberty Flames,58.0,away,0.0,0.0,False,-9.0
2019-03-24,Clemson Tigers,55.0,home,0.0,0.0,False,-8.0
2019-03-24,Wichita State Shockers,63.0,away,0.0,0.0,True,8.0
2019-03-24,Robert Morris Colonials,70.0,home,0.0,0.0,False,-7.0
2019-03-24,Presbyterian Blue Hose,77.0,away,0.0,0.0,True,7.0
2019-03-25,Virginia Cavaliers,63.0,home,0.0,0.0,True,12.0
2019-03-25,Oklahoma Sooners,51.0,away,0.0,0.0,False,-12.0
2019-03-25,TCU Horned Frogs,88.0,home,0.0,0.0,True,16.0
2019-03-25,Nebraska Cornhuskers,72.0,away,0.0,0.0,False,-16.0
2019-03-24,Texas Tech Red Raiders,78.0,home,0.0,0.0,True,20.0
2019-03-24,Buffalo Bulls,58.0,away,0.0,0.0,False,-20.0
2019-03-24,Texas Longhorns,78.0,home,0.0,0.0,True,2.0
2019-03-24,Xavier Musketeers,76.0,away,0.0,0.0,False,-2.0
2019-03-25,Oregon Ducks,73.0,home,0.0,0.0,True,19.0
2019-03-25,UC Irvine Anteaters,54.0,away,0.0,0.0,False,-19.0
2019-03-26,UT Rio Grande Valley Vaqueros,85.0,home,0.0,0.0,False,-9.0
2019-03-26,Texas Southern Tigers,94.0,away,0.0,0.0,True,9.0
2019-03-26,Southern Utah Thunderbirds,67.0,home,0.0,0.0,False,-3.0
2019-03-26,Cal State Bakersfield Roadrunners,70.0,away,0.0,0.0,True,3.0
2019-03-26,Colorado Buffaloes,76.0,home,0.0,0.0,True,16.0
2019-03-26,Norfolk State Spartans,60.0,away,0.0,0.0,False,-16.0
2019-03-26,DePaul Blue Demons,97.0,home,0.0,0.0,True,8.0
2019-03-26,Longwood Lancers,89.0,away,0.0,0.0,False,-8.0
2019-03-26,Loyola Marymount Lions,81.0,home,0.0,0.0,True,18.0
2019-03-26,Brown Bears,63.0,away,0.0,0.0,False,-18.0
2019-03-25,South Florida Bulls,66.0,home,0.0,0.0,True,9.0
2019-03-25,Utah Valley Wolverines,57.0,away,0.0,0.0,False,-9.0
2019-03-25,West Virginia Mountaineers,91.0,home,0.0,0.0,False,-18.0
2019-03-25,Coastal Carolina Chanticleers,109.0,away,0.0,0.0,True,18.0
2019-03-26,Hampton Pirates,73.0,home,0.0,0.0,True,6.0
2019-03-26,Charleston Southern Buccaneers,67.0,away,0.0,0.0,False,-6.0
2019-03-27,Green Bay Phoenix,98.0,home,0.0,0.0,True,30.0
2019-03-27,Florida International Panthers,68.0,away,0.0,0.0,False,-30.0
2019-03-26,Marshall Thundering Herd,83.0,home,0.0,0.0,True,17.0
2019-03-26,Presbyterian Blue Hose,66.0,away,0.0,0.0,False,-17.0
2019-03-27,TCU Horned Frogs,71.0,home,0.0,0.0,True,13.0
2019-03-27,Creighton Bluejays,58.0,away,0.0,0.0,False,-13.0
2019-03-26,Indiana Hoosiers,63.0,home,0.0,0.0,False,-10.0
2019-03-26,Wichita State Shockers,73.0,away,0.0,0.0,True,10.0
2019-03-28,Texas Longhorns,68.0,home,0.0,0.0,True,13.0
2019-03-28,Colorado Buffaloes,55.0,away,0.0,0.0,False,-13.0
2019-03-28,DePaul Blue Demons,92.0,home,0.0,0.0,True,5.0
2019-03-28,Coastal Carolina Chanticleers,87.0,away,0.0,0.0,False,-5.0
2019-03-28,NC State Wolfpack,93.0,home,0.0,0.0,False,-1.0
2019-03-28,Lipscomb Bisons,94.0,away,0.0,0.0,True,1.0
2019-03-29,Green Bay Phoenix,80.0,home,0.0,0.0,True,15.0
2019-03-29,Cal State Bakersfield Roadrunners,65.0,away,0.0,0.0,False,-15.0
2019-03-29,Michigan State Spartans,80.0,home,0.0,0.0,True,17.0
2019-03-29,LSU Tigers,63.0,away,0.0,0.0,False,-17.0
2019-03-29,North Carolina Tar Heels,80.0,home,0.0,0.0,False,-17.0
2019-03-29,Auburn Tigers,97.0,away,0.0,0.0,True,17.0
2019-03-30,Duke Blue Devils,75.0,home,0.0,0.0,True,2.0
2019-03-30,Virginia Tech Hokies,73.0,away,0.0,0.0,False,-2.0
2019-03-30,Kentucky Wildcats,62.0,home,0.0,0.0,True,4.0
2019-03-30,Houston Cougars,58.0,away,0.0,0.0,False,-4.0
2019-03-30,Gonzaga Bulldogs,69.0,home,0.0,0.0,False,-6.0
2019-03-30,Texas Tech Red Raiders,75.0,away,0.0,0.0,True,6.0
2019-03-31,Virginia Cavaliers,80.0,home,0.0,0.0,True,5.0
2019-03-31,Purdue Boilermakers,75.0,away,0.0,0.0,False,-5.0
2019-04-01,South Florida Bulls,63.0,home,0.0,0.0,True,2.0
2019-04-01,DePaul Blue Demons,61.0,away,0.0,0.0,False,-2.0
2019-04-04,DePaul Blue Demons,100.0,home,0.0,0.0,True,4.0
2019-04-04,South Florida Bulls,96.0,away,0.0,0.0,False,-4.0
2019-04-02,Marshall Thundering Herd,80.0,home,0.0,0.0,True,2.0
2019-04-02,Hampton Pirates,78.0,away,0.0,0.0,False,-2.0
2019-04-02,Lipscomb Bisons,71.0,home,0.0,0.0,True,7.0
2019-04-02,Wichita State Shockers,64.0,away,0.0,0.0,False,-7.0
2019-04-03,TCU Horned Frogs,44.0,home,0.0,0.0,False,-14.0
2019-04-03,Texas Longhorns,58.0,away,0.0,0.0,True,14.0
2019-04-03,Green Bay Phoenix,87.0,home,0.0,0.0,True,1.0
2019-04-03,Texas Southern Tigers,86.0,away,0.0,0.0,False,-1.0
2019-04-04,Marshall Thundering Herd,90.0,home,0.0,0.0,True,20.0
2019-04-04,Green Bay Phoenix,70.0,away,0.0,0.0,False,-20.0
2019-04-04,Texas Longhorns,81.0,home,0.0,0.0,True,15.0
2019-04-04,Lipscomb Bisons,66.0,away,0.0,0.0,False,-15.0
2019-04-07,Michigan State Spartans,51.0,home,0.0,0.0,False,-10.0
2019-04-07,Texas Tech Red Raiders,61.0,away,0.0,0.0,True,10.0
2019-04-06,Virginia Cavaliers,63.0,home,0.0,0.0,True,1.0
2019-04-06,Auburn Tigers,62.0,away,0.0,0.0,False,-1.0
2019-03-31,Kentucky Wildcats,71.0,home,0.0,0.0,False,-6.0
2019-03-31,Auburn Tigers,77.0,away,0.0,0.0,True,6.0
2019-03-31,Duke Blue Devils,67.0,home,0.0,0.0,False,-1.0
2019-03-31,Michigan State Spartans,68.0,away,0.0,0.0,True,1.0
2019-04-05,DePaul Blue Demons,65.0,home,0.0,0.0,False,-12.0
2019-04-05,South Florida Bulls,77.0,away,0.0,0.0,True,12.0
2019-04-09,Virginia Cavaliers,85.0,home,0.0,0.0,True,8.0
2019-04-09,Texas Tech Red Raiders,77.0,away,0.0,0.0,False,-8.0
